update_n,reason,edges_added,total_edges,pool_size,mean_bl_entry,bl_threshold,t_adapt_ms,t_rewire_ms,t_pool_ms,t_highway_ms,ef,strategy,dist_comps,threshold
1,bl_entry 43796.38 > 24234.95,220,220,20,43796.375,24234.950999999997,201.7,141.72,32.95,27.0,10,poolAndRewire,,
2,bl_entry 43159.24 > 24234.95,67,287,40,43159.235,24234.950999999997,185.33,122.27,31.61,31.44,10,poolAndRewire,,
3,bl_entry 41208.85 > 24234.95,53,340,50,41208.85,24234.950999999997,185.21,120.35,38.24,26.6,10,poolAndRewire,,
4,bl_entry 42191.22 > 24234.95,73,413,50,42191.225,24234.950999999997,191.93,121.23,44.98,25.7,10,poolAndRewire,,
5,bl_entry 41168.14 > 24234.95,58,471,50,41168.145,24234.950999999997,186.66,116.85,44.59,25.2,10,poolAndRewire,,
6,bl_entry 41945.98 > 24234.95,47,518,50,41945.98,24234.950999999997,191.33,120.66,45.16,25.49,10,poolAndRewire,,
7,bl_entry 42604.44 > 24234.95,55,573,50,42604.44,24234.950999999997,195.73,124.74,45.53,25.45,10,poolAndRewire,,
8,bl_entry 42413.47 > 24234.95,49,622,50,42413.47,24234.950999999997,187.97,117.77,45.4,24.78,10,poolAndRewire,,
9,bl_entry 42190.04 > 24234.95,48,670,50,42190.035,24234.950999999997,192.17,121.9,45.32,24.93,10,poolAndRewire,,
10,bl_entry 41393.83 > 24234.95,48,718,50,41393.83,24234.950999999997,192.1,120.75,45.91,25.42,10,poolAndRewire,,
11,bl_entry 41299.99 > 24234.95,49,767,50,41299.99,24234.950999999997,185.0,115.44,44.4,25.14,10,poolAndRewire,,
12,bl_entry 41502.59 > 24234.95,57,824,50,41502.59,24234.950999999997,190.2,119.88,45.43,24.87,10,poolAndRewire,,
13,bl_entry 42528.74 > 24234.95,49,873,50,42528.74,24234.950999999997,192.91,121.75,46.47,24.66,10,poolAndRewire,,
14,bl_entry 42625.43 > 24234.95,53,926,50,42625.43,24234.950999999997,219.03,145.46,48.26,25.29,10,poolAndRewire,,
15,bl_entry 42758.61 > 24234.95,48,974,50,42758.615,24234.950999999997,206.45,132.85,48.97,24.61,10,poolAndRewire,,
16,bl_entry 42742.80 > 24234.95,49,1023,50,42742.8,24234.950999999997,197.59,126.3,46.56,24.71,10,poolAndRewire,,
17,bl_entry 42110.47 > 24234.95,47,1070,50,42110.475,24234.950999999997,202.57,128.69,48.86,25.0,10,poolAndRewire,,
18,bl_entry 42996.83 > 24234.95,52,1122,50,42996.835,24234.950999999997,198.75,128.62,45.79,24.32,10,poolAndRewire,,
19,bl_entry 41354.64 > 24234.95,47,1169,50,41354.645,24234.950999999997,196.57,126.63,45.67,24.26,10,poolAndRewire,,
20,bl_entry 40648.58 > 24234.95,46,1215,50,40648.585,24234.950999999997,195.11,122.52,47.3,25.27,10,poolAndRewire,,
21,bl_entry 40819.86 > 24234.95,57,1272,50,40819.86,24234.950999999997,219.67,147.65,47.65,24.35,10,poolAndRewire,,
22,bl_entry 39517.42 > 24234.95,51,1323,50,39517.415,24234.950999999997,196.85,126.68,46.05,24.1,10,poolAndRewire,,
23,bl_entry 40751.90 > 24234.95,43,1366,50,40751.905,24234.950999999997,199.42,129.52,45.1,24.78,10,poolAndRewire,,
24,bl_entry 41648.99 > 24234.95,60,1426,50,41648.985,24234.950999999997,196.89,126.97,45.77,24.14,10,poolAndRewire,,
25,bl_entry 40936.76 > 24234.95,51,1477,50,40936.76,24234.950999999997,199.57,128.32,46.93,24.3,10,poolAndRewire,,
26,bl_entry 42086.69 > 24234.95,47,1524,50,42086.695,24234.950999999997,196.21,125.56,45.87,24.76,10,poolAndRewire,,
27,bl_entry 41815.78 > 24234.95,44,1568,50,41815.78,24234.950999999997,201.82,130.39,47.0,24.41,10,poolAndRewire,,
28,bl_entry 41351.98 > 24234.95,55,1623,50,41351.98,24234.950999999997,192.77,120.82,47.44,24.5,10,poolAndRewire,,
29,bl_entry 40892.71 > 24234.95,44,1667,50,40892.705,24234.950999999997,198.0,126.35,46.59,25.04,10,poolAndRewire,,
30,bl_entry 39427.51 > 24234.95,58,1725,50,39427.515,24234.950999999997,199.11,128.36,45.79,24.94,10,poolAndRewire,,
31,bl_entry 39269.22 > 24234.95,42,1767,50,39269.225,24234.950999999997,195.97,124.67,46.61,24.67,10,poolAndRewire,,
32,bl_entry 38567.20 > 24234.95,54,1821,50,38567.2,24234.950999999997,195.97,124.67,45.78,25.5,10,poolAndRewire,,
33,bl_entry 40048.60 > 24234.95,59,1880,50,40048.595,24234.950999999997,200.5,128.57,46.98,24.94,10,poolAndRewire,,
34,bl_entry 40526.17 > 24234.95,55,1935,50,40526.165,24234.950999999997,194.71,124.32,45.33,25.04,10,poolAndRewire,,
35,bl_entry 40694.57 > 24234.95,50,1985,50,40694.575,24234.950999999997,200.66,129.17,45.74,25.73,10,poolAndRewire,,
36,bl_entry 41967.65 > 24234.95,48,2033,50,41967.65,24234.950999999997,197.47,126.08,46.2,25.17,10,poolAndRewire,,
37,bl_entry 41170.61 > 24234.95,60,2093,50,41170.605,24234.950999999997,199.25,127.85,46.05,25.33,10,poolAndRewire,,
38,bl_entry 41825.14 > 24234.95,40,2133,50,41825.135,24234.950999999997,204.11,131.65,46.36,26.07,10,poolAndRewire,,
39,bl_entry 42818.44 > 24234.95,51,2184,50,42818.445,24234.950999999997,195.85,124.75,45.11,25.97,10,poolAndRewire,,
40,bl_entry 41185.05 > 24234.95,45,2229,50,41185.05,24234.950999999997,192.4,122.61,44.0,25.77,10,poolAndRewire,,
41,bl_entry 40667.36 > 24234.95,50,2279,50,40667.365,24234.950999999997,204.25,129.84,46.64,27.75,10,poolAndRewire,,
42,bl_entry 40929.55 > 24234.95,50,2329,50,40929.55,24234.950999999997,213.49,136.41,48.84,28.21,10,poolAndRewire,,
43,bl_entry 39879.42 > 24234.95,46,2375,50,39879.415,24234.950999999997,196.1,123.37,46.35,26.36,10,poolAndRewire,,
44,bl_entry 40676.27 > 24234.95,53,2428,50,40676.27,24234.950999999997,193.5,121.32,45.35,26.79,10,poolAndRewire,,
45,bl_entry 41688.86 > 24234.95,48,2476,50,41688.865,24234.950999999997,196.32,122.18,47.67,26.44,10,poolAndRewire,,
46,bl_entry 41438.94 > 24234.95,47,2523,50,41438.94,24234.950999999997,261.41,136.11,84.71,40.57,10,poolAndRewire,,
47,bl_entry 41972.54 > 24234.95,41,2564,50,41972.545,24234.950999999997,239.69,147.44,55.96,36.27,10,poolAndRewire,,
48,bl_entry 41866.84 > 24234.95,48,2612,50,41866.84,24234.950999999997,224.83,136.68,54.89,33.24,10,poolAndRewire,,
49,bl_entry 41186.74 > 24234.95,44,2656,50,41186.735,24234.950999999997,203.62,125.38,48.54,29.68,10,poolAndRewire,,
50,bl_entry 40627.92 > 24234.95,51,2707,50,40627.915,24234.950999999997,196.39,121.58,46.42,28.37,10,poolAndRewire,,
51,bl_entry 40382.22 > 24234.95,62,2769,50,40382.225,24234.950999999997,195.17,121.11,46.53,27.51,10,poolAndRewire,,
52,bl_entry 41083.33 > 24234.95,46,2815,50,41083.33,24234.950999999997,195.14,120.27,46.04,28.81,10,poolAndRewire,,
53,bl_entry 42129.22 > 24234.95,43,2858,50,42129.225,24234.950999999997,194.37,121.08,45.51,27.75,10,poolAndRewire,,
54,bl_entry 43581.68 > 24234.95,47,2905,50,43581.68,24234.950999999997,195.63,121.6,46.07,27.95,10,poolAndRewire,,
55,bl_entry 43329.11 > 24234.95,49,2954,50,43329.105,24234.950999999997,199.34,124.48,46.55,28.29,10,poolAndRewire,,
56,bl_entry 43380.75 > 24234.95,55,3009,50,43380.745,24234.950999999997,196.24,121.94,46.39,27.89,10,poolAndRewire,,
57,bl_entry 43575.11 > 24234.95,51,3060,50,43575.11,24234.950999999997,198.61,123.19,46.21,29.19,10,poolAndRewire,,
58,bl_entry 48891.56 > 24234.95,50,3110,50,48891.56,24234.950999999997,201.99,123.54,50.38,28.05,10,poolAndRewire,,
59,bl_entry 55194.83 > 24234.95,55,3165,50,55194.835,24234.950999999997,204.65,127.06,49.4,28.16,10,poolAndRewire,,
60,bl_entry 61007.00 > 24234.95,56,3221,50,61006.995,24234.950999999997,208.98,130.4,49.59,28.97,10,poolAndRewire,,
61,bl_entry 67357.86 > 24234.95,45,3266,50,67357.86,24234.950999999997,209.38,130.57,50.45,28.34,10,poolAndRewire,,
62,bl_entry 67420.65 > 24234.95,55,3321,50,67420.655,24234.950999999997,209.03,131.1,48.51,29.4,10,poolAndRewire,,
63,bl_entry 67539.30 > 24234.95,50,3371,50,67539.3,24234.950999999997,205.33,128.08,48.09,29.13,10,poolAndRewire,,
64,bl_entry 67505.66 > 24234.95,41,3412,50,67505.665,24234.950999999997,208.44,128.28,49.86,30.28,10,poolAndRewire,,
65,bl_entry 68011.20 > 24234.95,45,3457,50,68011.2,24234.950999999997,206.3,126.68,50.7,28.91,10,poolAndRewire,,
66,bl_entry 68570.06 > 24234.95,52,3509,50,68570.06,24234.950999999997,204.61,127.56,48.16,28.87,10,poolAndRewire,,
67,bl_entry 68258.97 > 24234.95,50,3559,50,68258.97,24234.950999999997,209.76,131.36,48.59,29.78,10,poolAndRewire,,
68,bl_entry 67862.76 > 24234.95,51,3610,50,67862.76,24234.950999999997,206.56,128.7,47.99,29.85,10,poolAndRewire,,
69,bl_entry 68150.81 > 24234.95,45,3655,50,68150.81,24234.950999999997,207.64,127.67,49.64,30.31,10,poolAndRewire,,
70,bl_entry 66619.70 > 24234.95,46,3701,50,66619.7,24234.950999999997,208.55,130.04,49.19,29.31,10,poolAndRewire,,
71,bl_entry 67401.65 > 24234.95,44,3745,50,67401.655,24234.950999999997,208.76,129.35,49.83,29.56,10,poolAndRewire,,
72,bl_entry 67067.53 > 24234.95,44,3789,50,67067.53,24234.950999999997,207.07,127.86,48.63,30.56,10,poolAndRewire,,
73,bl_entry 65259.76 > 24234.95,71,3860,50,65259.765,24234.950999999997,208.59,128.51,49.95,30.11,10,poolAndRewire,,
74,bl_entry 65950.82 > 24234.95,35,3895,50,65950.825,24234.950999999997,209.09,129.88,48.84,30.34,10,poolAndRewire,,
75,bl_entry 65552.95 > 24234.95,48,3943,50,65552.945,24234.950999999997,207.78,127.64,50.01,30.11,10,poolAndRewire,,
76,bl_entry 67411.04 > 24234.95,46,3989,50,67411.045,24234.950999999997,209.95,130.0,48.7,31.23,10,poolAndRewire,,
77,bl_entry 67544.76 > 24234.95,47,4036,50,67544.765,24234.950999999997,207.14,128.66,47.93,30.53,10,poolAndRewire,,
78,bl_entry 68476.35 > 24234.95,50,4086,50,68476.355,24234.950999999997,212.33,131.5,50.22,30.58,10,poolAndRewire,,
79,bl_entry 69646.23 > 24234.95,48,4134,50,69646.225,24234.950999999997,211.96,132.44,48.83,30.68,10,poolAndRewire,,
80,bl_entry 68911.07 > 24234.95,51,4185,50,68911.065,24234.950999999997,210.83,131.34,49.31,30.16,10,poolAndRewire,,
81,bl_entry 69961.26 > 24234.95,48,4233,50,69961.26,24234.950999999997,210.58,129.97,48.81,31.77,10,poolAndRewire,,
82,bl_entry 70032.90 > 24234.95,53,4286,50,70032.905,24234.950999999997,209.89,130.09,48.86,30.91,10,poolAndRewire,,
83,bl_entry 68828.01 > 24234.95,50,4336,50,68828.005,24234.950999999997,210.31,129.65,49.82,30.82,10,poolAndRewire,,
84,bl_entry 67098.95 > 24234.95,45,4381,50,67098.945,24234.950999999997,210.63,131.36,47.84,31.41,10,poolAndRewire,,
85,bl_entry 65545.57 > 24234.95,47,4428,50,65545.575,24234.950999999997,208.83,128.92,48.34,31.55,10,poolAndRewire,,
86,bl_entry 63970.49 > 24234.95,49,4477,50,63970.49,24234.950999999997,207.96,127.34,48.47,32.13,10,poolAndRewire,,
87,bl_entry 65564.03 > 24234.95,45,4522,50,65564.03,24234.950999999997,213.96,131.73,50.54,31.68,10,poolAndRewire,,
88,bl_entry 67388.54 > 24234.95,46,4568,50,67388.54,24234.950999999997,209.96,127.89,50.14,31.9,10,poolAndRewire,,
89,bl_entry 69230.58 > 24234.95,54,4622,50,69230.58,24234.950999999997,210.52,129.32,49.07,32.11,10,poolAndRewire,,
90,bl_entry 70534.46 > 24234.95,44,4666,50,70534.46,24234.950999999997,209.26,127.84,48.86,32.54,10,poolAndRewire,,
91,bl_entry 68531.64 > 24234.95,40,4706,50,68531.64,24234.950999999997,214.74,132.99,49.63,32.1,10,poolAndRewire,,
92,bl_entry 69920.33 > 24234.95,50,4756,50,69920.33,24234.950999999997,214.22,131.03,50.78,32.38,10,poolAndRewire,,
93,bl_entry 69923.06 > 24234.95,50,4806,50,69923.06,24234.950999999997,213.63,131.9,49.06,32.66,10,poolAndRewire,,
94,bl_entry 70147.66 > 24234.95,46,4852,50,70147.66,24234.950999999997,215.12,132.31,49.97,32.82,10,poolAndRewire,,
95,bl_entry 71474.18 > 24234.95,44,4896,50,71474.18,24234.950999999997,214.07,132.47,48.7,32.87,10,poolAndRewire,,
96,bl_entry 70662.79 > 24234.95,61,4957,50,70662.795,24234.950999999997,215.72,133.05,49.76,32.88,10,poolAndRewire,,
97,bl_entry 70004.76 > 24234.95,42,4999,50,70004.755,24234.950999999997,211.03,128.68,49.46,32.86,10,poolAndRewire,,
98,bl_entry 69585.13 > 24234.95,49,5048,50,69585.135,24234.950999999997,212.33,129.37,49.28,33.65,10,poolAndRewire,,
99,bl_entry 69643.81 > 24234.95,35,5083,50,69643.81,24234.950999999997,210.05,127.98,48.64,33.4,10,poolAndRewire,,
100,bl_entry 69202.62 > 24234.95,46,5129,50,69202.62,24234.950999999997,212.9,129.33,49.94,33.6,10,poolAndRewire,,
101,bl_entry 68392.77 > 24234.95,45,5174,50,68392.775,24234.950999999997,210.96,128.71,49.18,33.05,10,poolAndRewire,,
102,bl_entry 67299.38 > 24234.95,42,5216,50,67299.375,24234.950999999997,212.83,130.39,48.73,33.7,10,poolAndRewire,,
103,bl_entry 68129.70 > 24234.95,52,5268,50,68129.695,24234.950999999997,212.41,129.71,49.07,33.6,10,poolAndRewire,,
104,bl_entry 67785.47 > 24234.95,39,5307,50,67785.47,24234.950999999997,212.58,129.04,49.77,33.75,10,poolAndRewire,,
105,bl_entry 69767.85 > 24234.95,52,5359,50,69767.855,24234.950999999997,214.31,129.8,50.94,33.55,10,poolAndRewire,,
106,bl_entry 71596.66 > 24234.95,47,5406,50,71596.66,24234.950999999997,211.57,128.71,48.61,34.23,10,poolAndRewire,,
107,bl_entry 69987.23 > 24234.95,46,5452,50,69987.23,24234.950999999997,213.34,130.03,48.11,35.17,10,poolAndRewire,,
108,bl_entry 70407.46 > 24234.95,56,5508,50,70407.46,24234.950999999997,213.74,130.85,48.49,34.38,10,poolAndRewire,,
109,bl_entry 68877.48 > 24234.95,48,5556,50,68877.475,24234.950999999997,213.74,130.41,49.34,33.97,10,poolAndRewire,,
110,bl_entry 67703.84 > 24234.95,45,5601,50,67703.835,24234.950999999997,215.06,131.98,48.67,34.39,10,poolAndRewire,,
111,bl_entry 67725.40 > 24234.95,52,5653,50,67725.4,24234.950999999997,212.17,127.95,49.71,34.49,10,poolAndRewire,,
112,bl_entry 67007.11 > 24234.95,42,5695,50,67007.11,24234.950999999997,214.19,129.75,48.86,35.56,10,poolAndRewire,,
113,bl_entry 66360.96 > 24234.95,36,5731,50,66360.965,24234.950999999997,213.32,129.13,49.79,34.38,10,poolAndRewire,,
114,bl_entry 66221.48 > 24234.95,46,5777,50,66221.48,24234.950999999997,213.29,128.51,49.73,35.03,10,poolAndRewire,,
115,bl_entry 66992.71 > 24234.95,44,5821,50,66992.715,24234.950999999997,212.7,128.83,49.1,34.75,10,poolAndRewire,,
116,bl_entry 66218.32 > 24234.95,46,5867,50,66218.325,24234.950999999997,215.41,130.98,48.87,35.54,10,poolAndRewire,,
117,bl_entry 66782.35 > 24234.95,42,5909,50,66782.345,24234.950999999997,215.11,130.53,49.48,35.08,10,poolAndRewire,,
118,bl_entry 63068.33 > 24234.95,49,5958,50,63068.335,24234.950999999997,211.56,127.87,48.43,35.23,10,poolAndRewire,,
119,bl_entry 58372.01 > 24234.95,53,6011,50,58372.015,24234.950999999997,225.32,137.75,49.7,37.86,10,poolAndRewire,,
120,bl_entry 56260.21 > 24234.95,45,6056,50,56260.205,24234.950999999997,220.47,132.81,51.75,35.89,10,poolAndRewire,,
121,bl_entry 53810.64 > 24234.95,48,6104,50,53810.635,24234.950999999997,215.55,129.35,48.75,37.43,10,poolAndRewire,,
122,bl_entry 54562.09 > 24234.95,42,6146,50,54562.09,24234.950999999997,212.13,128.23,48.19,35.69,10,poolAndRewire,,
123,bl_entry 55252.98 > 24234.95,32,6178,50,55252.98,24234.950999999997,214.42,128.47,48.45,37.48,10,poolAndRewire,,
124,bl_entry 54852.31 > 24234.95,47,6225,50,54852.305,24234.950999999997,213.75,127.44,50.33,35.96,10,poolAndRewire,,
125,bl_entry 54072.94 > 24234.95,53,6278,50,54072.94,24234.950999999997,213.79,127.14,49.99,36.63,10,poolAndRewire,,
126,bl_entry 54335.97 > 24234.95,38,6316,50,54335.975,24234.950999999997,220.81,136.87,47.71,36.21,10,poolAndRewire,,
127,bl_entry 53966.86 > 24234.95,43,6359,50,53966.86,24234.950999999997,220.34,136.1,47.96,36.26,10,poolAndRewire,,
128,bl_entry 53527.75 > 24234.95,48,6407,50,53527.75,24234.950999999997,217.15,129.57,49.16,38.4,10,poolAndRewire,,
129,bl_entry 54483.46 > 24234.95,39,6446,50,54483.46,24234.950999999997,219.11,133.27,49.01,36.81,10,poolAndRewire,,
130,bl_entry 53950.60 > 24234.95,40,6486,50,53950.6,24234.950999999997,223.3,137.89,47.52,37.87,10,poolAndRewire,,
131,bl_entry 56390.38 > 24234.95,44,6530,50,56390.375,24234.950999999997,217.38,131.45,48.74,37.17,10,poolAndRewire,,
132,bl_entry 56978.24 > 24234.95,50,6580,50,56978.24,24234.950999999997,213.97,128.75,48.12,37.08,10,poolAndRewire,,
133,bl_entry 56963.18 > 24234.95,40,6620,50,56963.175,24234.950999999997,227.24,139.61,48.97,38.64,10,poolAndRewire,,
134,bl_entry 57785.75 > 24234.95,60,6680,50,57785.745,24234.950999999997,788.33,140.78,47.45,600.07,10,poolAndRewire,,
135,bl_entry 55686.32 > 24234.95,50,6730,50,55686.32,24234.950999999997,221.85,135.15,48.3,38.37,10,poolAndRewire,,
136,bl_entry 56630.00 > 24234.95,47,6777,50,56630.005,24234.950999999997,223.15,136.59,48.59,37.95,10,poolAndRewire,,
137,bl_entry 56019.50 > 24234.95,41,6818,50,56019.505,24234.950999999997,224.8,136.4,49.9,38.48,10,poolAndRewire,,
138,bl_entry 55165.43 > 24234.95,44,6862,50,55165.425,24234.950999999997,214.97,130.32,47.11,37.51,10,poolAndRewire,,
139,bl_entry 56302.89 > 24234.95,44,6906,50,56302.89,24234.950999999997,220.08,132.47,49.99,37.6,10,poolAndRewire,,
140,bl_entry 57257.80 > 24234.95,44,6950,50,57257.8,24234.950999999997,220.06,131.83,48.2,40.01,10,poolAndRewire,,
141,bl_entry 56535.50 > 24234.95,55,7005,50,56535.495,24234.950999999997,217.11,130.71,48.75,37.64,10,poolAndRewire,,
142,bl_entry 55768.94 > 24234.95,36,7041,50,55768.945,24234.950999999997,218.8,131.73,48.15,38.9,10,poolAndRewire,,
143,bl_entry 55562.33 > 24234.95,45,7086,50,55562.33,24234.950999999997,215.94,129.36,48.49,38.07,10,poolAndRewire,,
144,bl_entry 54329.36 > 24234.95,54,7140,50,54329.355,24234.950999999997,213.78,125.61,49.07,39.08,10,poolAndRewire,,
145,bl_entry 55394.43 > 24234.95,56,7196,50,55394.425,24234.950999999997,214.23,127.0,48.85,38.37,10,poolAndRewire,,
146,bl_entry 56334.30 > 24234.95,47,7243,50,56334.3,24234.950999999997,211.29,124.75,48.06,38.46,10,poolAndRewire,,
147,bl_entry 54682.45 > 24234.95,49,7292,50,54682.45,24234.950999999997,214.99,127.28,48.07,39.61,10,poolAndRewire,,
148,bl_entry 54759.75 > 24234.95,43,7335,50,54759.75,24234.950999999997,215.28,128.76,48.19,38.31,10,poolAndRewire,,
149,bl_entry 53790.67 > 24234.95,43,7378,50,53790.67,24234.950999999997,215.68,128.39,47.41,39.86,10,poolAndRewire,,
150,bl_entry 53914.75 > 24234.95,40,7418,50,53914.75,24234.950999999997,213.09,126.1,47.82,39.14,10,poolAndRewire,,
151,bl_entry 53790.40 > 24234.95,48,7466,50,53790.405,24234.950999999997,215.23,128.61,47.71,38.88,10,poolAndRewire,,
152,bl_entry 53145.94 > 24234.95,51,7517,50,53145.94,24234.950999999997,211.96,125.54,45.88,40.52,10,poolAndRewire,,
153,bl_entry 53855.31 > 24234.95,47,7564,50,53855.305,24234.950999999997,215.31,127.38,49.05,38.86,10,poolAndRewire,,
154,bl_entry 53199.00 > 24234.95,40,7604,50,53198.995,24234.950999999997,213.75,125.31,47.79,40.63,10,poolAndRewire,,
155,bl_entry 53250.05 > 24234.95,48,7652,50,53250.05,24234.950999999997,211.18,122.48,47.66,41.02,10,poolAndRewire,,
156,bl_entry 54241.04 > 24234.95,44,7696,50,54241.04,24234.950999999997,212.9,125.02,47.89,39.97,10,poolAndRewire,,
157,bl_entry 53664.67 > 24234.95,47,7743,50,53664.665,24234.950999999997,215.65,127.08,47.48,41.07,10,poolAndRewire,,
158,bl_entry 54429.03 > 24234.95,49,7792,50,54429.03,24234.950999999997,215.18,127.27,47.89,40.0,10,poolAndRewire,,
159,bl_entry 55081.93 > 24234.95,47,7839,50,55081.925,24234.950999999997,213.8,126.95,45.75,41.08,10,poolAndRewire,,
160,bl_entry 53343.43 > 24234.95,51,7890,50,53343.425,24234.950999999997,215.39,126.87,46.74,41.76,10,poolAndRewire,,
161,bl_entry 53860.52 > 24234.95,42,7932,50,53860.52,24234.950999999997,215.38,127.19,48.15,40.02,10,poolAndRewire,,
162,bl_entry 54875.79 > 24234.95,52,7984,50,54875.79,24234.950999999997,217.33,129.73,47.15,40.43,10,poolAndRewire,,
163,bl_entry 55466.07 > 24234.95,52,8036,50,55466.075,24234.950999999997,219.47,128.19,48.57,42.69,10,poolAndRewire,,
164,bl_entry 56691.50 > 24234.95,42,8078,50,56691.5,24234.950999999997,215.7,127.25,47.66,40.78,10,poolAndRewire,,
165,bl_entry 57327.44 > 24234.95,46,8124,50,57327.44,24234.950999999997,215.67,127.01,47.93,40.71,10,poolAndRewire,,
166,bl_entry 56145.08 > 24234.95,45,8169,50,56145.08,24234.950999999997,216.94,127.25,47.26,42.41,10,poolAndRewire,,
167,bl_entry 56218.59 > 24234.95,57,8226,50,56218.59,24234.950999999997,218.08,128.65,48.22,41.19,10,poolAndRewire,,
168,bl_entry 55218.41 > 24234.95,45,8271,50,55218.41,24234.950999999997,214.61,125.18,47.95,41.46,10,poolAndRewire,,
169,bl_entry 54409.78 > 24234.95,45,8316,50,54409.78,24234.950999999997,216.6,126.63,47.63,42.33,10,poolAndRewire,,
170,bl_entry 54557.34 > 24234.95,48,8364,50,54557.34,24234.950999999997,214.45,125.01,48.52,40.89,10,poolAndRewire,,
171,bl_entry 54101.49 > 24234.95,39,8403,50,54101.485,24234.950999999997,221.33,131.16,48.38,41.76,10,poolAndRewire,,
172,bl_entry 55761.75 > 24234.95,44,8447,50,55761.755,24234.950999999997,218.44,127.51,48.29,42.61,10,poolAndRewire,,
173,bl_entry 55904.96 > 24234.95,47,8494,50,55904.955,24234.950999999997,216.87,127.37,48.09,41.39,10,poolAndRewire,,
174,bl_entry 56612.33 > 24234.95,34,8528,50,56612.33,24234.950999999997,217.56,127.21,48.21,42.11,10,poolAndRewire,,
175,bl_entry 56396.10 > 24234.95,34,8562,50,56396.1,24234.950999999997,218.57,125.44,49.58,43.53,10,poolAndRewire,,
176,bl_entry 56117.88 > 24234.95,42,8604,50,56117.875,24234.950999999997,215.6,124.97,48.2,42.42,10,poolAndRewire,,
177,bl_entry 56145.24 > 24234.95,50,8654,50,56145.235,24234.950999999997,223.71,132.5,49.16,42.03,10,poolAndRewire,,
178,bl_entry 54551.95 > 24234.95,37,8691,50,54551.95,24234.950999999997,219.66,129.3,45.95,44.4,10,poolAndRewire,,
179,bl_entry 54338.19 > 24234.95,40,8731,50,54338.19,24234.950999999997,216.5,128.37,45.66,42.45,10,poolAndRewire,,
180,bl_entry 53478.75 > 24234.95,30,8761,50,53478.755,24234.950999999997,213.52,124.99,45.33,43.18,10,poolAndRewire,,
181,bl_entry 51933.51 > 24234.95,34,8795,50,51933.51,24234.950999999997,213.98,125.13,45.08,43.76,10,poolAndRewire,,
182,bl_entry 53401.62 > 24234.95,26,8821,50,53401.62,24234.950999999997,214.23,126.1,45.34,42.77,10,poolAndRewire,,
183,bl_entry 54248.75 > 24234.95,28,8849,50,54248.745,24234.950999999997,219.55,128.63,46.35,44.55,10,poolAndRewire,,
184,bl_entry 53098.25 > 24234.95,31,8880,50,53098.245,24234.950999999997,216.37,124.14,48.0,44.21,10,poolAndRewire,,
185,bl_entry 55164.59 > 24234.95,24,8904,50,55164.59,24234.950999999997,214.32,125.7,45.85,42.74,10,poolAndRewire,,
186,bl_entry 55327.81 > 24234.95,41,8945,50,55327.81,24234.950999999997,216.64,128.49,45.13,42.99,10,poolAndRewire,,
187,bl_entry 54656.25 > 24234.95,38,8983,50,54656.25,24234.950999999997,218.34,126.95,46.48,44.89,10,poolAndRewire,,
188,bl_entry 56057.32 > 24234.95,21,9004,50,56057.315,24234.950999999997,218.19,127.86,47.32,42.98,10,poolAndRewire,,
189,bl_entry 54330.21 > 24234.95,31,9035,50,54330.215,24234.950999999997,225.97,130.38,46.11,49.45,10,poolAndRewire,,
190,bl_entry 54202.00 > 24234.95,27,9062,50,54201.995,24234.950999999997,214.79,124.31,45.53,44.93,10,poolAndRewire,,
191,bl_entry 53456.11 > 24234.95,30,9092,50,53456.115,24234.950999999997,219.22,127.53,47.27,44.4,10,poolAndRewire,,
192,bl_entry 53065.19 > 24234.95,34,9126,50,53065.19,24234.950999999997,211.98,122.71,45.32,43.93,10,poolAndRewire,,
193,bl_entry 53901.92 > 24234.95,31,9157,50,53901.915,24234.950999999997,219.21,127.27,47.0,44.91,10,poolAndRewire,,
194,bl_entry 54144.90 > 24234.95,34,9191,50,54144.9,24234.950999999997,224.68,126.55,46.83,51.28,10,poolAndRewire,,
195,bl_entry 54978.49 > 24234.95,38,9229,50,54978.49,24234.950999999997,220.59,127.52,49.02,44.02,10,poolAndRewire,,
196,bl_entry 55115.17 > 24234.95,30,9259,50,55115.165,24234.950999999997,220.45,129.13,46.6,44.7,10,poolAndRewire,,
197,bl_entry 54676.93 > 24234.95,28,9287,50,54676.935,24234.950999999997,217.29,126.73,44.76,45.78,10,poolAndRewire,,
198,bl_entry 53285.00 > 24234.95,28,9315,50,53285.005,24234.950999999997,219.43,126.62,46.44,46.35,10,poolAndRewire,,
199,bl_entry 52769.01 > 24234.95,34,9349,50,52769.01,24234.950999999997,217.3,125.28,46.83,45.17,10,poolAndRewire,,
200,bl_entry 52705.43 > 24234.95,36,9385,50,52705.43,24234.950999999997,215.57,123.14,47.22,45.19,10,poolAndRewire,,
201,bl_entry 53119.42 > 24234.95,29,9414,50,53119.42,24234.950999999997,217.42,125.47,46.06,45.86,10,poolAndRewire,,
202,bl_entry 54596.30 > 24234.95,29,9443,50,54596.3,24234.950999999997,223.1,127.56,48.92,46.59,10,poolAndRewire,,
203,bl_entry 54751.92 > 24234.95,34,9477,50,54751.915,24234.950999999997,215.55,125.91,44.34,45.28,10,poolAndRewire,,
204,bl_entry 54799.39 > 24234.95,28,9505,50,54799.395,24234.950999999997,222.94,130.07,47.38,45.47,10,poolAndRewire,,
205,bl_entry 55343.49 > 24234.95,26,9531,50,55343.49,24234.950999999997,221.88,128.09,47.5,46.27,10,poolAndRewire,,
206,bl_entry 53232.47 > 24234.95,28,9559,50,53232.475,24234.950999999997,221.74,128.53,45.88,47.31,10,poolAndRewire,,
207,bl_entry 53727.53 > 24234.95,31,9590,50,53727.525,24234.950999999997,221.41,128.03,47.25,46.11,10,poolAndRewire,,
208,bl_entry 53743.74 > 24234.95,31,9621,50,53743.74,24234.950999999997,218.33,126.88,45.86,45.58,10,poolAndRewire,,
209,bl_entry 53068.11 > 24234.95,34,9655,50,53068.105,24234.950999999997,216.02,123.69,45.82,46.49,10,poolAndRewire,,
210,bl_entry 54050.71 > 24234.95,43,9698,50,54050.71,24234.950999999997,219.13,124.53,45.86,48.72,10,poolAndRewire,,
211,bl_entry 54767.42 > 24234.95,23,9721,50,54767.42,24234.950999999997,223.41,129.27,47.92,46.2,10,poolAndRewire,,
212,bl_entry 54088.06 > 24234.95,37,9758,50,54088.055,24234.950999999997,220.09,127.67,46.51,45.89,10,poolAndRewire,,
213,bl_entry 55167.14 > 24234.95,34,9792,50,55167.14,24234.950999999997,221.02,126.85,46.55,47.6,10,poolAndRewire,,
214,bl_entry 56658.82 > 24234.95,32,9824,50,56658.82,24234.950999999997,225.11,128.67,48.69,47.73,10,poolAndRewire,,
215,bl_entry 55904.75 > 24234.95,33,9857,50,55904.755,24234.950999999997,217.96,125.55,46.53,45.86,10,poolAndRewire,,
216,bl_entry 57351.22 > 24234.95,31,9888,50,57351.225,24234.950999999997,230.07,133.45,49.83,46.75,10,poolAndRewire,,
217,bl_entry 56868.82 > 24234.95,38,9926,50,56868.82,24234.950999999997,883.01,127.17,46.17,709.64,10,poolAndRewire,,
218,bl_entry 56580.34 > 24234.95,27,9953,50,56580.34,24234.950999999997,223.5,128.63,46.04,48.8,10,poolAndRewire,,
219,bl_entry 56846.25 > 24234.95,28,9981,50,56846.245,24234.950999999997,226.73,130.37,48.98,47.36,10,poolAndRewire,,
220,bl_entry 56296.28 > 24234.95,34,10015,50,56296.28,24234.950999999997,219.4,126.89,45.68,46.82,10,poolAndRewire,,
221,bl_entry 56258.07 > 24234.95,36,10051,50,56258.065,24234.950999999997,222.69,126.97,46.88,48.82,10,poolAndRewire,,
222,bl_entry 54892.33 > 24234.95,34,10085,50,54892.33,24234.950999999997,220.82,126.11,45.98,48.7,10,poolAndRewire,,
223,bl_entry 54289.72 > 24234.95,28,10113,50,54289.725,24234.950999999997,217.58,125.27,45.69,46.6,10,poolAndRewire,,
224,bl_entry 55470.43 > 24234.95,32,10145,50,55470.435,24234.950999999997,226.16,128.56,45.49,52.09,10,poolAndRewire,,
225,bl_entry 55914.75 > 24234.95,28,10173,50,55914.745,24234.950999999997,243.64,146.57,47.43,49.62,10,poolAndRewire,,
226,bl_entry 55915.46 > 24234.95,32,10205,50,55915.465,24234.950999999997,227.74,130.52,47.82,49.39,10,poolAndRewire,,
227,bl_entry 56708.56 > 24234.95,49,10254,50,56708.56,24234.950999999997,225.88,130.56,47.92,47.38,10,poolAndRewire,,
228,bl_entry 54811.57 > 24234.95,28,10282,50,54811.565,24234.950999999997,224.84,129.83,47.55,47.44,10,poolAndRewire,,
229,bl_entry 53325.62 > 24234.95,33,10315,50,53325.625,24234.950999999997,225.99,128.76,48.38,48.83,10,poolAndRewire,,
230,bl_entry 52877.64 > 24234.95,32,10347,50,52877.645,24234.950999999997,227.7,128.82,46.89,51.96,10,poolAndRewire,,
231,bl_entry 52011.29 > 24234.95,34,10381,50,52011.295,24234.950999999997,225.72,129.76,48.34,47.6,10,poolAndRewire,,
232,bl_entry 51444.31 > 24234.95,22,10403,50,51444.305,24234.950999999997,222.75,126.9,47.32,48.5,10,poolAndRewire,,
233,bl_entry 51614.01 > 24234.95,37,10440,50,51614.015,24234.950999999997,221.8,127.36,45.8,48.62,10,poolAndRewire,,
234,bl_entry 53369.61 > 24234.95,34,10474,50,53369.61,24234.950999999997,223.79,126.56,47.65,49.56,10,poolAndRewire,,
235,bl_entry 54448.10 > 24234.95,24,10498,50,54448.095,24234.950999999997,224.96,128.62,45.96,50.36,10,poolAndRewire,,
236,bl_entry 54060.95 > 24234.95,29,10527,50,54060.95,24234.950999999997,252.26,154.16,46.15,51.93,10,poolAndRewire,,
237,bl_entry 53708.07 > 24234.95,37,10564,50,53708.075,24234.950999999997,223.39,128.13,46.78,48.46,10,poolAndRewire,,
238,bl_entry 52557.54 > 24234.95,35,10599,50,52557.545,24234.950999999997,225.59,128.18,48.19,49.2,10,poolAndRewire,,
239,bl_entry 51427.75 > 24234.95,33,10632,50,51427.75,24234.950999999997,219.79,124.07,46.31,49.39,10,poolAndRewire,,
240,bl_entry 53056.13 > 24234.95,35,10667,50,53056.13,24234.950999999997,225.22,128.33,46.11,50.77,10,poolAndRewire,,
241,bl_entry 53749.61 > 24234.95,32,10699,50,53749.605,24234.950999999997,224.65,124.27,48.26,52.11,10,poolAndRewire,,
242,bl_entry 54549.94 > 24234.95,48,10747,50,54549.94,24234.950999999997,242.02,141.87,48.65,51.48,10,poolAndRewire,,
243,bl_entry 54445.09 > 24234.95,26,10773,50,54445.09,24234.950999999997,227.89,130.99,48.06,48.82,10,poolAndRewire,,
244,bl_entry 54476.38 > 24234.95,25,10798,50,54476.375,24234.950999999997,225.84,129.92,46.92,48.98,10,poolAndRewire,,
245,bl_entry 54264.04 > 24234.95,28,10826,50,54264.04,24234.950999999997,224.52,129.31,45.16,50.03,10,poolAndRewire,,
246,bl_entry 53293.18 > 24234.95,29,10855,50,53293.18,24234.950999999997,225.91,127.6,47.8,50.5,10,poolAndRewire,,
247,bl_entry 54047.13 > 24234.95,25,10880,50,54047.13,24234.950999999997,228.62,130.91,45.55,52.13,10,poolAndRewire,,
248,bl_entry 53300.51 > 24234.95,34,10914,50,53300.51,24234.950999999997,229.36,129.89,47.35,52.1,10,poolAndRewire,,
249,bl_entry 52683.29 > 24234.95,43,10957,50,52683.29,24234.950999999997,225.59,130.32,46.08,49.17,10,poolAndRewire,,
250,bl_entry 53015.49 > 24234.95,27,10984,50,53015.49,24234.950999999997,226.47,129.02,47.35,50.08,10,poolAndRewire,,
251,bl_entry 52742.63 > 24234.95,34,11018,50,52742.63,24234.950999999997,224.16,126.7,46.76,50.68,10,poolAndRewire,,
252,bl_entry 53380.66 > 24234.95,33,11051,50,53380.66,24234.950999999997,227.07,129.97,46.21,50.87,10,poolAndRewire,,
253,bl_entry 54231.50 > 24234.95,39,11090,50,54231.495,24234.950999999997,230.38,130.32,48.12,51.92,10,poolAndRewire,,
254,bl_entry 55377.32 > 24234.95,30,11120,50,55377.325,24234.950999999997,227.86,129.15,46.35,52.34,10,poolAndRewire,,
255,bl_entry 55748.93 > 24234.95,32,11152,50,55748.935,24234.950999999997,225.88,129.7,46.15,50.01,10,poolAndRewire,,
256,bl_entry 56282.53 > 24234.95,28,11180,50,56282.525,24234.950999999997,226.7,129.8,46.27,50.61,10,poolAndRewire,,
257,bl_entry 56865.84 > 24234.95,38,11218,50,56865.84,24234.950999999997,228.72,129.93,47.94,50.83,10,poolAndRewire,,
258,bl_entry 54373.93 > 24234.95,37,11255,50,54373.935,24234.950999999997,225.26,129.21,44.14,51.88,10,poolAndRewire,,
259,bl_entry 53439.71 > 24234.95,31,11286,50,53439.705,24234.950999999997,225.63,128.0,45.4,52.21,10,poolAndRewire,,
260,bl_entry 51621.90 > 24234.95,17,11303,50,51621.905,24234.950999999997,230.77,129.29,47.62,53.84,10,poolAndRewire,,
261,bl_entry 50660.68 > 24234.95,35,11338,50,50660.68,24234.950999999997,227.08,129.6,47.2,50.27,10,poolAndRewire,,
262,bl_entry 51647.58 > 24234.95,36,11374,50,51647.585,24234.950999999997,232.33,135.28,46.13,50.9,10,poolAndRewire,,
263,bl_entry 52718.04 > 24234.95,45,11419,50,52718.04,24234.950999999997,225.54,127.9,46.22,51.4,10,poolAndRewire,,
264,bl_entry 53528.42 > 24234.95,39,11458,50,53528.42,24234.950999999997,225.67,127.01,46.44,52.19,10,poolAndRewire,,
265,bl_entry 54073.86 > 24234.95,32,11490,50,54073.865,24234.950999999997,236.59,135.6,48.26,52.71,10,poolAndRewire,,
266,bl_entry 55121.61 > 24234.95,33,11523,50,55121.615,24234.950999999997,227.67,128.53,45.57,53.55,10,poolAndRewire,,
267,bl_entry 54072.17 > 24234.95,34,11557,50,54072.17,24234.950999999997,228.5,129.81,47.86,50.82,10,poolAndRewire,,
268,bl_entry 54998.22 > 24234.95,38,11595,50,54998.225,24234.950999999997,223.5,126.88,45.39,51.21,10,poolAndRewire,,
269,bl_entry 54561.50 > 24234.95,39,11634,50,54561.5,24234.950999999997,226.03,128.93,44.37,52.72,10,poolAndRewire,,
270,bl_entry 54306.77 > 24234.95,34,11668,50,54306.77,24234.950999999997,707.73,126.84,48.54,532.33,10,poolAndRewire,,
271,bl_entry 55399.74 > 24234.95,24,11692,50,55399.735,24234.950999999997,231.77,131.43,46.29,54.03,10,poolAndRewire,,
272,bl_entry 54724.71 > 24234.95,41,11733,50,54724.715,24234.950999999997,231.8,129.32,47.06,55.4,10,poolAndRewire,,
273,bl_entry 55275.92 > 24234.95,34,11767,50,55275.92,24234.950999999997,232.55,130.53,47.43,54.57,10,poolAndRewire,,
274,bl_entry 56674.17 > 24234.95,28,11795,50,56674.17,24234.950999999997,228.6,130.09,46.78,51.7,10,poolAndRewire,,
275,bl_entry 56433.96 > 24234.95,46,11841,50,56433.955,24234.950999999997,229.2,129.52,47.47,52.19,10,poolAndRewire,,
276,bl_entry 55800.69 > 24234.95,42,11883,50,55800.69,24234.950999999997,227.9,128.46,47.2,52.21,10,poolAndRewire,,
277,bl_entry 56418.93 > 24234.95,31,11914,50,56418.93,24234.950999999997,226.97,127.88,46.41,52.66,10,poolAndRewire,,
278,bl_entry 60900.24 > 24234.95,44,11958,50,60900.235,24234.950999999997,236.1,130.52,52.1,53.45,10,poolAndRewire,,
279,bl_entry 66414.79 > 24234.95,37,11995,50,66414.795,24234.950999999997,238.72,132.51,52.38,53.8,10,poolAndRewire,,
280,bl_entry 74035.82 > 24234.95,32,12027,50,74035.825,24234.950999999997,243.63,137.69,51.65,54.26,10,poolAndRewire,,
281,bl_entry 79531.73 > 24234.95,34,12061,50,79531.725,24234.950999999997,242.95,136.85,51.63,54.45,10,poolAndRewire,,
282,bl_entry 79310.91 > 24234.95,48,12109,50,79310.915,24234.950999999997,243.49,137.52,50.1,55.85,10,poolAndRewire,,
283,bl_entry 79612.92 > 24234.95,41,12150,50,79612.92,24234.950999999997,243.07,135.02,52.61,55.41,10,poolAndRewire,,
284,bl_entry 77667.86 > 24234.95,38,12188,50,77667.86,24234.950999999997,241.39,134.48,51.03,55.87,10,poolAndRewire,,
285,bl_entry 77605.84 > 24234.95,42,12230,50,77605.84,24234.950999999997,243.05,135.59,51.28,56.16,10,poolAndRewire,,
286,bl_entry 77564.65 > 24234.95,33,12263,50,77564.655,24234.950999999997,240.17,135.73,51.26,53.16,10,poolAndRewire,,
287,bl_entry 76985.88 > 24234.95,41,12304,50,76985.88,24234.950999999997,239.8,135.38,51.1,53.3,10,poolAndRewire,,
288,bl_entry 78796.88 > 24234.95,42,12346,50,78796.885,24234.950999999997,239.44,135.28,50.24,53.9,10,poolAndRewire,,
289,bl_entry 80378.57 > 24234.95,36,12382,50,80378.575,24234.950999999997,242.2,135.84,51.05,55.29,10,poolAndRewire,,
290,bl_entry 81882.74 > 24234.95,43,12425,50,81882.735,24234.950999999997,241.37,135.11,51.18,55.05,10,poolAndRewire,,
291,bl_entry 83143.16 > 24234.95,39,12464,50,83143.16,24234.950999999997,239.63,132.78,51.99,54.84,10,poolAndRewire,,
292,bl_entry 82361.76 > 24234.95,36,12500,50,82361.76,24234.950999999997,242.32,134.73,52.06,55.51,10,poolAndRewire,,
293,bl_entry 81730.18 > 24234.95,39,12539,50,81730.185,24234.950999999997,240.06,133.2,50.85,55.99,10,poolAndRewire,,
294,bl_entry 80058.72 > 24234.95,31,12570,50,80058.72,24234.950999999997,243.08,135.37,51.53,56.16,10,poolAndRewire,,
295,bl_entry 79356.13 > 24234.95,39,12609,50,79356.13,24234.950999999997,243.42,134.89,51.37,57.14,10,poolAndRewire,,
296,bl_entry 78603.65 > 24234.95,27,12636,50,78603.65,24234.950999999997,242.85,135.83,50.18,56.82,10,poolAndRewire,,
297,bl_entry 77482.68 > 24234.95,40,12676,50,77482.675,24234.950999999997,241.33,133.0,50.76,57.55,10,poolAndRewire,,
298,bl_entry 76933.05 > 24234.95,37,12713,50,76933.055,24234.950999999997,240.46,135.22,50.88,54.33,10,poolAndRewire,,
299,bl_entry 76712.40 > 24234.95,33,12746,50,76712.405,24234.950999999997,239.97,133.87,51.06,55.03,10,poolAndRewire,,
300,bl_entry 77856.37 > 24234.95,39,12785,50,77856.365,24234.950999999997,241.73,135.24,51.51,54.96,10,poolAndRewire,,
301,bl_entry 78006.02 > 24234.95,37,12822,50,78006.025,24234.950999999997,241.97,135.04,51.1,55.81,10,poolAndRewire,,
302,bl_entry 78028.76 > 24234.95,36,12858,50,78028.76,24234.950999999997,242.57,134.87,51.57,56.1,10,poolAndRewire,,
303,bl_entry 78070.10 > 24234.95,39,12897,50,78070.095,24234.950999999997,243.44,134.28,51.21,57.93,10,poolAndRewire,,
304,bl_entry 77510.71 > 24234.95,38,12935,50,77510.715,24234.950999999997,246.01,136.29,53.02,56.68,10,poolAndRewire,,
305,bl_entry 77512.02 > 24234.95,45,12980,50,77512.025,24234.950999999997,242.6,134.62,50.48,57.47,10,poolAndRewire,,
306,bl_entry 78959.62 > 24234.95,34,13014,50,78959.615,24234.950999999997,241.09,134.37,49.1,57.6,10,poolAndRewire,,
307,bl_entry 79904.26 > 24234.95,37,13051,50,79904.255,24234.950999999997,243.15,133.51,51.95,57.67,10,poolAndRewire,,
308,bl_entry 80597.66 > 24234.95,42,13093,50,80597.66,24234.950999999997,245.58,136.02,51.31,58.23,10,poolAndRewire,,
309,bl_entry 81196.84 > 24234.95,35,13128,50,81196.835,24234.950999999997,245.63,136.62,51.18,57.8,10,poolAndRewire,,
310,bl_entry 81177.60 > 24234.95,42,13170,50,81177.6,24234.950999999997,245.41,135.69,51.41,58.29,10,poolAndRewire,,
311,bl_entry 81182.59 > 24234.95,41,13211,50,81182.585,24234.950999999997,246.86,136.84,51.79,58.21,10,poolAndRewire,,
312,bl_entry 80906.54 > 24234.95,40,13251,50,80906.545,24234.950999999997,241.42,134.0,48.8,58.61,10,poolAndRewire,,
313,bl_entry 79966.12 > 24234.95,30,13281,50,79966.12,24234.950999999997,245.61,135.54,51.75,58.29,10,poolAndRewire,,
314,bl_entry 79556.63 > 24234.95,35,13316,50,79556.635,24234.950999999997,658.19,135.65,51.17,471.35,10,poolAndRewire,,
315,bl_entry 79295.62 > 24234.95,34,13350,50,79295.615,24234.950999999997,247.39,135.77,52.41,59.19,10,poolAndRewire,,
316,bl_entry 79288.47 > 24234.95,38,13388,50,79288.47,24234.950999999997,246.94,135.26,51.14,60.51,10,poolAndRewire,,
317,bl_entry 79453.35 > 24234.95,29,13417,50,79453.35,24234.950999999997,246.74,135.58,51.98,59.17,10,poolAndRewire,,
318,bl_entry 78708.40 > 24234.95,43,13460,50,78708.4,24234.950999999997,243.66,134.88,49.22,59.54,10,poolAndRewire,,
319,bl_entry 79068.49 > 24234.95,30,13490,50,79068.495,24234.950999999997,248.24,136.46,51.94,59.82,10,poolAndRewire,,
320,bl_entry 79216.64 > 24234.95,28,13518,50,79216.64,24234.950999999997,246.79,136.13,51.3,59.33,10,poolAndRewire,,
321,bl_entry 80671.74 > 24234.95,37,13555,50,80671.745,24234.950999999997,244.47,133.52,51.0,59.93,10,poolAndRewire,,
322,bl_entry 80842.65 > 24234.95,42,13597,50,80842.655,24234.950999999997,246.25,135.59,51.03,59.61,10,poolAndRewire,,
323,bl_entry 79783.62 > 24234.95,35,13632,50,79783.62,24234.950999999997,246.11,134.82,50.91,60.36,10,poolAndRewire,,
324,bl_entry 80213.42 > 24234.95,39,13671,50,80213.42,24234.950999999997,247.36,136.48,50.9,59.97,10,poolAndRewire,,
325,bl_entry 78706.29 > 24234.95,30,13701,50,78706.285,24234.950999999997,245.45,135.35,50.46,59.61,10,poolAndRewire,,
326,bl_entry 80739.88 > 24234.95,35,13736,50,80739.88,24234.950999999997,248.61,136.82,50.51,61.26,10,poolAndRewire,,
327,bl_entry 80562.07 > 24234.95,41,13777,50,80562.065,24234.950999999997,245.81,134.5,51.17,60.12,10,poolAndRewire,,
328,bl_entry 79283.68 > 24234.95,34,13811,50,79283.675,24234.950999999997,245.3,134.8,49.91,60.57,10,poolAndRewire,,
329,bl_entry 79152.74 > 24234.95,38,13849,50,79152.735,24234.950999999997,244.55,134.34,50.02,60.17,10,poolAndRewire,,
330,bl_entry 77964.07 > 24234.95,38,13887,50,77964.075,24234.950999999997,247.12,134.89,51.49,60.72,10,poolAndRewire,,
331,bl_entry 78251.16 > 24234.95,35,13922,50,78251.165,24234.950999999997,246.5,134.45,51.6,60.43,10,poolAndRewire,,
332,bl_entry 79235.65 > 24234.95,30,13952,50,79235.655,24234.950999999997,244.31,132.58,50.32,61.39,10,poolAndRewire,,
333,bl_entry 79991.79 > 24234.95,39,13991,50,79991.795,24234.950999999997,244.38,132.91,50.52,60.93,10,poolAndRewire,,
334,bl_entry 80338.74 > 24234.95,43,14034,50,80338.735,24234.950999999997,247.72,135.57,50.69,61.44,10,poolAndRewire,,
335,bl_entry 81721.54 > 24234.95,38,14072,50,81721.545,24234.950999999997,250.66,136.63,51.97,62.03,10,poolAndRewire,,
336,bl_entry 81138.51 > 24234.95,38,14110,50,81138.515,24234.950999999997,245.72,134.23,50.32,61.15,10,poolAndRewire,,
337,bl_entry 80033.66 > 24234.95,38,14148,50,80033.665,24234.950999999997,244.9,133.38,50.3,61.2,10,poolAndRewire,,
338,bl_entry 77382.82 > 24234.95,43,14191,50,77382.815,24234.950999999997,246.44,134.2,50.52,61.7,10,poolAndRewire,,
339,bl_entry 74721.38 > 24234.95,34,14225,50,74721.385,24234.950999999997,249.11,134.74,51.19,63.15,10,poolAndRewire,,
340,bl_entry 73043.58 > 24234.95,47,14272,50,73043.58,24234.950999999997,246.43,133.98,50.37,62.06,10,poolAndRewire,,
341,bl_entry 71428.96 > 24234.95,44,14316,50,71428.96,24234.950999999997,249.0,136.11,50.95,61.92,10,poolAndRewire,,
342,bl_entry 72387.96 > 24234.95,42,14358,50,72387.965,24234.950999999997,248.86,136.67,49.48,62.68,10,poolAndRewire,,
343,bl_entry 72344.01 > 24234.95,38,14396,50,72344.005,24234.950999999997,247.61,133.44,52.65,61.51,10,poolAndRewire,,
344,bl_entry 71406.57 > 24234.95,40,14436,50,71406.565,24234.950999999997,659.21,133.6,49.06,476.53,10,poolAndRewire,,
345,bl_entry 71864.42 > 24234.95,44,14480,50,71864.42,24234.950999999997,246.64,133.98,50.7,61.93,10,poolAndRewire,,
346,bl_entry 70047.11 > 24234.95,33,14513,50,70047.11,24234.950999999997,247.65,135.29,50.76,61.58,10,poolAndRewire,,
347,bl_entry 69835.22 > 24234.95,40,14553,50,69835.22,24234.950999999997,244.41,132.22,50.1,62.06,10,poolAndRewire,,
348,bl_entry 70368.12 > 24234.95,42,14595,50,70368.115,24234.950999999997,245.38,132.68,51.43,61.25,10,poolAndRewire,,
349,bl_entry 68910.24 > 24234.95,38,14633,50,68910.235,24234.950999999997,244.26,132.1,50.5,61.64,10,poolAndRewire,,
350,bl_entry 69914.13 > 24234.95,32,14665,50,69914.13,24234.950999999997,243.51,132.5,50.18,60.82,10,poolAndRewire,,
351,bl_entry 69233.45 > 24234.95,39,14704,50,69233.45,24234.950999999997,248.51,133.96,50.18,64.34,10,poolAndRewire,,
352,bl_entry 69312.38 > 24234.95,40,14744,50,69312.375,24234.950999999997,248.04,132.65,50.03,65.34,10,poolAndRewire,,
353,bl_entry 69027.77 > 24234.95,38,14782,50,69027.77,24234.950999999997,246.67,133.95,48.54,64.16,10,poolAndRewire,,
354,bl_entry 69172.44 > 24234.95,39,14821,50,69172.44,24234.950999999997,246.33,131.95,49.67,64.69,10,poolAndRewire,,
355,bl_entry 68579.61 > 24234.95,38,14859,50,68579.61,24234.950999999997,246.65,131.88,49.65,65.1,10,poolAndRewire,,
356,bl_entry 68415.87 > 24234.95,30,14889,50,68415.865,24234.950999999997,246.22,133.8,49.04,63.37,10,poolAndRewire,,
357,bl_entry 69637.91 > 24234.95,35,14924,50,69637.91,24234.950999999997,248.17,134.46,49.97,63.73,10,poolAndRewire,,
358,bl_entry 68974.55 > 24234.95,30,14954,50,68974.555,24234.950999999997,248.15,134.1,51.11,62.91,10,poolAndRewire,,
359,bl_entry 70108.38 > 24234.95,48,15002,50,70108.385,24234.950999999997,247.24,134.1,49.8,63.32,10,poolAndRewire,,
360,bl_entry 70602.45 > 24234.95,33,15035,50,70602.445,24234.950999999997,248.76,134.88,51.35,62.51,10,poolAndRewire,,
361,bl_entry 70728.40 > 24234.95,30,15065,50,70728.405,24234.950999999997,248.5,134.87,50.83,62.77,10,poolAndRewire,,
362,bl_entry 70373.26 > 24234.95,36,15101,50,70373.265,24234.950999999997,245.02,132.85,50.06,62.08,10,poolAndRewire,,
363,bl_entry 69260.73 > 24234.95,43,15144,50,69260.725,24234.950999999997,249.34,134.12,49.67,65.53,10,poolAndRewire,,
364,bl_entry 68586.18 > 24234.95,38,15182,50,68586.185,24234.950999999997,247.53,132.83,49.07,65.61,10,poolAndRewire,,
365,bl_entry 68639.70 > 24234.95,38,15220,50,68639.695,24234.950999999997,246.76,131.94,49.44,65.36,10,poolAndRewire,,
366,bl_entry 69048.30 > 24234.95,33,15253,50,69048.3,24234.950999999997,249.65,134.64,49.36,65.64,10,poolAndRewire,,
367,bl_entry 70611.52 > 24234.95,51,15304,50,70611.52,24234.950999999997,252.56,137.62,50.3,64.62,10,poolAndRewire,,
368,bl_entry 70824.14 > 24234.95,35,15339,50,70824.14,24234.950999999997,247.31,132.27,50.15,64.87,10,poolAndRewire,,
369,bl_entry 71993.29 > 24234.95,42,15381,50,71993.285,24234.950999999997,249.1,133.73,51.04,64.31,10,poolAndRewire,,
370,bl_entry 71205.99 > 24234.95,42,15423,50,71205.985,24234.950999999997,247.3,132.94,49.75,64.59,10,poolAndRewire,,
371,bl_entry 70077.63 > 24234.95,40,15463,50,70077.635,24234.950999999997,247.67,133.84,49.8,64.01,10,poolAndRewire,,
372,bl_entry 70854.73 > 24234.95,48,15511,50,70854.73,24234.950999999997,252.2,138.73,49.18,64.27,10,poolAndRewire,,
373,bl_entry 69446.37 > 24234.95,33,15544,50,69446.365,24234.950999999997,248.43,132.55,50.85,65.0,10,poolAndRewire,,
374,bl_entry 69013.44 > 24234.95,37,15581,50,69013.44,24234.950999999997,244.33,130.8,50.06,63.44,10,poolAndRewire,,
375,bl_entry 69202.97 > 24234.95,49,15630,50,69202.97,24234.950999999997,247.74,130.51,50.51,66.7,10,poolAndRewire,,
376,bl_entry 68559.52 > 24234.95,32,15662,50,68559.52,24234.950999999997,251.92,134.07,50.23,67.6,10,poolAndRewire,,
377,bl_entry 69090.85 > 24234.95,42,15704,50,69090.845,24234.950999999997,255.44,132.49,55.33,67.61,10,poolAndRewire,,
378,bl_entry 70911.62 > 24234.95,32,15736,50,70911.62,24234.950999999997,249.56,133.01,50.1,66.42,10,poolAndRewire,,
379,bl_entry 71852.32 > 24234.95,37,15773,50,71852.32,24234.950999999997,249.82,134.11,50.01,65.69,10,poolAndRewire,,
380,bl_entry 72252.88 > 24234.95,43,15816,50,72252.885,24234.950999999997,854.55,133.88,49.64,671.01,10,poolAndRewire,,
381,bl_entry 72146.42 > 24234.95,27,15843,50,72146.42,24234.950999999997,249.56,133.48,51.07,64.99,10,poolAndRewire,,
382,bl_entry 72254.35 > 24234.95,38,15881,50,72254.355,24234.950999999997,250.42,132.46,49.92,68.02,10,poolAndRewire,,
383,bl_entry 71975.18 > 24234.95,38,15919,50,71975.175,24234.950999999997,251.65,132.99,50.49,68.15,10,poolAndRewire,,
384,bl_entry 71831.62 > 24234.95,38,15957,50,71831.62,24234.950999999997,251.56,133.31,49.69,68.54,10,poolAndRewire,,
385,bl_entry 70427.25 > 24234.95,40,15997,50,70427.25,24234.950999999997,252.02,131.16,53.85,66.99,10,poolAndRewire,,
386,bl_entry 70850.47 > 24234.95,28,16025,50,70850.47,24234.950999999997,250.29,132.63,50.44,67.2,10,poolAndRewire,,
387,bl_entry 71438.62 > 24234.95,38,16063,50,71438.625,24234.950999999997,249.64,133.42,50.3,65.89,10,poolAndRewire,,
388,bl_entry 72247.24 > 24234.95,34,16097,50,72247.235,24234.950999999997,251.2,132.82,49.95,68.41,10,poolAndRewire,,
389,bl_entry 73627.11 > 24234.95,37,16134,50,73627.11,24234.950999999997,249.98,132.92,48.37,68.68,10,poolAndRewire,,
390,bl_entry 72794.71 > 24234.95,43,16177,50,72794.715,24234.950999999997,251.79,132.89,50.79,68.08,10,poolAndRewire,,
391,bl_entry 72742.88 > 24234.95,33,16210,50,72742.88,24234.950999999997,251.19,133.19,50.76,67.22,10,poolAndRewire,,
392,bl_entry 70954.38 > 24234.95,40,16250,50,70954.375,24234.950999999997,248.99,133.42,48.22,67.32,10,poolAndRewire,,
393,bl_entry 69971.40 > 24234.95,42,16292,50,69971.395,24234.950999999997,250.6,133.77,50.19,66.62,10,poolAndRewire,,
394,bl_entry 69902.60 > 24234.95,36,16328,50,69902.595,24234.950999999997,252.2,131.57,50.89,69.72,10,poolAndRewire,,
395,bl_entry 69271.13 > 24234.95,31,16359,50,69271.13,24234.950999999997,252.14,131.77,50.14,70.21,10,poolAndRewire,,
396,bl_entry 70643.90 > 24234.95,40,16399,50,70643.895,24234.950999999997,251.75,133.38,50.11,68.25,10,poolAndRewire,,
397,bl_entry 70288.23 > 24234.95,38,16437,50,70288.225,24234.950999999997,253.02,133.74,49.8,69.46,10,poolAndRewire,,
398,bl_entry 69292.27 > 24234.95,33,16470,50,69292.275,24234.950999999997,249.74,131.25,49.46,69.02,10,poolAndRewire,,
399,bl_entry 66606.35 > 24234.95,40,16510,50,66606.35,24234.950999999997,248.16,131.47,48.03,68.64,10,poolAndRewire,,
400,bl_entry 64320.25 > 24234.95,36,16546,50,64320.255,24234.950999999997,247.76,127.46,49.18,71.1,10,poolAndRewire,,
401,bl_entry 63660.68 > 24234.95,32,16578,50,63660.675,24234.950999999997,247.56,128.28,49.31,69.95,10,poolAndRewire,,
402,bl_entry 61421.43 > 24234.95,38,16616,50,61421.435,24234.950999999997,250.75,132.7,48.65,69.39,10,poolAndRewire,,
403,bl_entry 61755.72 > 24234.95,36,16652,50,61755.72,24234.950999999997,249.27,130.6,48.95,69.71,10,poolAndRewire,,
404,bl_entry 62226.60 > 24234.95,40,16692,50,62226.595,24234.950999999997,251.79,131.7,48.54,71.53,10,poolAndRewire,,
405,bl_entry 63146.79 > 24234.95,35,16727,50,63146.79,24234.950999999997,249.97,132.22,50.22,67.51,10,poolAndRewire,,
406,bl_entry 65231.65 > 24234.95,49,16776,50,65231.65,24234.950999999997,252.6,132.6,49.19,70.79,10,poolAndRewire,,
407,bl_entry 65605.26 > 24234.95,36,16812,50,65605.255,24234.950999999997,251.5,130.72,50.31,70.44,10,poolAndRewire,,
408,bl_entry 64625.65 > 24234.95,35,16847,50,64625.655,24234.950999999997,249.29,130.48,48.73,70.06,10,poolAndRewire,,
409,bl_entry 64107.43 > 24234.95,35,16882,50,64107.435,24234.950999999997,770.75,135.74,52.19,582.8,10,poolAndRewire,,
410,bl_entry 63822.11 > 24234.95,41,16923,50,63822.105,24234.950999999997,250.98,131.34,50.04,69.58,10,poolAndRewire,,
411,bl_entry 62357.98 > 24234.95,41,16964,50,62357.98,24234.950999999997,247.77,129.68,48.31,69.76,10,poolAndRewire,,
412,bl_entry 62891.93 > 24234.95,35,16999,50,62891.935,24234.950999999997,267.57,143.79,50.97,72.78,10,poolAndRewire,,
413,bl_entry 62860.62 > 24234.95,39,17038,50,62860.625,24234.950999999997,260.99,138.72,49.96,72.29,10,poolAndRewire,,
414,bl_entry 62779.47 > 24234.95,39,17077,50,62779.475,24234.950999999997,253.32,132.75,50.21,70.35,10,poolAndRewire,,
415,bl_entry 64337.07 > 24234.95,36,17113,50,64337.07,24234.950999999997,253.72,133.53,50.61,69.56,10,poolAndRewire,,
416,bl_entry 64112.90 > 24234.95,45,17158,50,64112.905,24234.950999999997,253.95,132.87,49.0,72.06,10,poolAndRewire,,
417,bl_entry 64840.17 > 24234.95,44,17202,50,64840.17,24234.950999999997,264.44,136.94,51.46,76.01,10,poolAndRewire,,
418,bl_entry 64039.86 > 24234.95,52,17254,50,64039.855,24234.950999999997,251.47,131.7,49.28,70.47,10,poolAndRewire,,
419,bl_entry 63758.54 > 24234.95,36,17290,50,63758.545,24234.950999999997,255.32,134.27,49.8,71.24,10,poolAndRewire,,
420,bl_entry 63498.44 > 24234.95,35,17325,50,63498.445,24234.950999999997,252.47,130.29,49.76,72.4,10,poolAndRewire,,
421,bl_entry 63259.53 > 24234.95,37,17362,50,63259.53,24234.950999999997,253.63,131.31,50.21,72.09,10,poolAndRewire,,
422,bl_entry 63886.04 > 24234.95,40,17402,50,63886.045,24234.950999999997,274.88,151.62,50.94,72.3,10,poolAndRewire,,
423,bl_entry 63271.75 > 24234.95,45,17447,50,63271.755,24234.950999999997,260.61,138.86,51.06,70.67,10,poolAndRewire,,
424,bl_entry 63141.01 > 24234.95,32,17479,50,63141.01,24234.950999999997,256.54,133.78,50.11,72.62,10,poolAndRewire,,
425,bl_entry 61985.28 > 24234.95,40,17519,50,61985.275,24234.950999999997,254.63,131.84,49.9,72.87,10,poolAndRewire,,
426,bl_entry 62155.73 > 24234.95,39,17558,50,62155.73,24234.950999999997,253.19,131.82,49.61,71.74,10,poolAndRewire,,
427,bl_entry 62223.39 > 24234.95,39,17597,50,62223.395,24234.950999999997,268.63,146.43,50.05,72.13,10,poolAndRewire,,
428,bl_entry 63279.46 > 24234.95,37,17634,50,63279.465,24234.950999999997,257.71,134.84,49.48,73.36,10,poolAndRewire,,
429,bl_entry 62879.43 > 24234.95,38,17672,50,62879.425,24234.950999999997,257.77,134.15,50.39,73.2,10,poolAndRewire,,
430,bl_entry 62744.32 > 24234.95,35,17707,50,62744.325,24234.950999999997,252.78,131.43,49.04,72.3,10,poolAndRewire,,
431,bl_entry 62880.43 > 24234.95,42,17749,50,62880.43,24234.950999999997,253.88,132.83,49.38,71.64,10,poolAndRewire,,
432,bl_entry 63160.26 > 24234.95,41,17790,50,63160.265,24234.950999999997,258.83,134.07,50.48,74.25,10,poolAndRewire,,
433,bl_entry 64910.36 > 24234.95,43,17833,50,64910.355,24234.950999999997,256.77,132.29,51.13,73.33,10,poolAndRewire,,
434,bl_entry 64011.11 > 24234.95,40,17873,50,64011.115,24234.950999999997,255.77,133.5,49.36,72.89,10,poolAndRewire,,
435,bl_entry 63663.36 > 24234.95,39,17912,50,63663.365,24234.950999999997,253.45,131.67,49.84,71.92,10,poolAndRewire,,
436,bl_entry 63937.43 > 24234.95,40,17952,50,63937.43,24234.950999999997,255.17,130.76,50.14,74.25,10,poolAndRewire,,
437,bl_entry 64280.68 > 24234.95,30,17982,50,64280.675,24234.950999999997,256.17,132.0,50.75,73.39,10,poolAndRewire,,
438,bl_entry 64851.32 > 24234.95,42,18024,50,64851.325,24234.950999999997,731.02,131.52,48.36,551.11,10,poolAndRewire,,
439,bl_entry 64417.85 > 24234.95,36,18060,50,64417.85,24234.950999999997,255.04,132.15,49.2,73.67,10,poolAndRewire,,
440,bl_entry 62493.01 > 24234.95,40,18100,50,62493.015,24234.950999999997,253.22,130.5,47.77,74.93,10,poolAndRewire,,
441,bl_entry 60478.50 > 24234.95,41,18141,50,60478.505,24234.950999999997,252.54,129.53,49.18,73.8,10,poolAndRewire,,
442,bl_entry 60809.45 > 24234.95,34,18175,50,60809.45,24234.950999999997,253.77,130.92,49.2,73.63,10,poolAndRewire,,
443,bl_entry 61942.44 > 24234.95,51,18226,50,61942.44,24234.950999999997,253.27,130.57,49.55,73.14,10,poolAndRewire,,
444,bl_entry 62803.32 > 24234.95,44,18270,50,62803.315,24234.950999999997,259.49,132.39,50.13,76.95,10,poolAndRewire,,
445,bl_entry 63589.39 > 24234.95,34,18304,50,63589.385,24234.950999999997,256.05,132.66,48.46,74.9,10,poolAndRewire,,
446,bl_entry 63401.60 > 24234.95,46,18350,50,63401.6,24234.950999999997,255.76,131.24,50.67,73.82,10,poolAndRewire,,
447,bl_entry 62711.85 > 24234.95,40,18390,50,62711.845,24234.950999999997,252.06,130.58,47.81,73.65,10,poolAndRewire,,
448,bl_entry 62196.50 > 24234.95,42,18432,50,62196.505,24234.950999999997,256.93,131.76,49.07,76.08,10,poolAndRewire,,
449,bl_entry 62888.97 > 24234.95,42,18474,50,62888.975,24234.950999999997,257.45,131.95,50.68,74.8,10,poolAndRewire,,
450,bl_entry 62867.82 > 24234.95,39,18513,50,62867.82,24234.950999999997,253.87,131.38,48.28,74.19,10,poolAndRewire,,
451,bl_entry 63630.85 > 24234.95,36,18549,50,63630.85,24234.950999999997,257.9,131.08,50.28,76.52,10,poolAndRewire,,
452,bl_entry 64350.68 > 24234.95,34,18583,50,64350.675,24234.950999999997,257.18,132.45,49.16,75.56,10,poolAndRewire,,
453,bl_entry 63228.58 > 24234.95,42,18625,50,63228.58,24234.950999999997,254.65,131.33,48.78,74.52,10,poolAndRewire,,
454,bl_entry 63663.14 > 24234.95,38,18663,50,63663.14,24234.950999999997,256.62,130.82,49.49,76.29,10,poolAndRewire,,
455,bl_entry 62650.24 > 24234.95,27,18690,50,62650.235,24234.950999999997,254.3,130.33,47.98,75.97,10,poolAndRewire,,
456,bl_entry 61666.42 > 24234.95,43,18733,50,61666.42,24234.950999999997,255.3,130.95,49.33,75.0,10,poolAndRewire,,
457,bl_entry 61663.16 > 24234.95,43,18776,50,61663.16,24234.950999999997,255.64,129.09,49.45,77.07,10,poolAndRewire,,
458,bl_entry 61033.57 > 24234.95,26,18802,50,61033.565,24234.950999999997,255.02,130.11,48.02,76.87,10,poolAndRewire,,
459,bl_entry 61883.61 > 24234.95,25,18827,50,61883.605,24234.950999999997,256.55,132.13,49.31,75.1,10,poolAndRewire,,
460,bl_entry 62106.21 > 24234.95,31,18858,50,62106.21,24234.950999999997,257.48,129.69,48.63,79.14,10,poolAndRewire,,
461,bl_entry 61986.76 > 24234.95,25,18883,50,61986.76,24234.950999999997,257.91,131.53,49.31,77.05,10,poolAndRewire,,
462,bl_entry 62410.32 > 24234.95,24,18907,50,62410.325,24234.950999999997,256.28,130.87,48.85,76.55,10,poolAndRewire,,
463,bl_entry 62024.26 > 24234.95,21,18928,50,62024.26,24234.950999999997,257.99,132.81,47.37,77.79,10,poolAndRewire,,
464,bl_entry 63226.11 > 24234.95,30,18958,50,63226.105,24234.950999999997,254.06,130.9,46.3,76.84,10,poolAndRewire,,
465,bl_entry 63653.18 > 24234.95,30,18988,50,63653.18,24234.950999999997,673.22,130.66,47.34,495.2,10,poolAndRewire,,
466,bl_entry 63022.19 > 24234.95,29,19017,50,63022.19,24234.950999999997,254.84,130.55,46.28,77.98,10,poolAndRewire,,
467,bl_entry 64093.21 > 24234.95,23,19040,50,64093.21,24234.950999999997,257.54,132.8,47.5,77.22,10,poolAndRewire,,
468,bl_entry 63857.00 > 24234.95,23,19063,50,63856.995,24234.950999999997,255.54,131.13,48.6,75.79,10,poolAndRewire,,
469,bl_entry 64545.39 > 24234.95,28,19091,50,64545.39,24234.950999999997,257.29,129.88,47.31,80.08,10,poolAndRewire,,
470,bl_entry 65742.41 > 24234.95,22,19113,50,65742.41,24234.950999999997,258.86,132.83,48.07,77.95,10,poolAndRewire,,
471,bl_entry 64677.66 > 24234.95,22,19135,50,64677.66,24234.950999999997,255.88,130.59,48.39,76.87,10,poolAndRewire,,
472,bl_entry 63015.18 > 24234.95,27,19162,50,63015.175,24234.950999999997,256.88,130.95,46.98,78.93,10,poolAndRewire,,
473,bl_entry 62440.29 > 24234.95,38,19200,50,62440.29,24234.950999999997,259.04,130.38,49.68,78.95,10,poolAndRewire,,
474,bl_entry 61542.83 > 24234.95,26,19226,50,61542.83,24234.950999999997,257.98,130.89,50.26,76.81,10,poolAndRewire,,
475,bl_entry 61563.61 > 24234.95,29,19255,50,61563.61,24234.950999999997,258.17,130.47,48.51,79.17,10,poolAndRewire,,
476,bl_entry 61657.31 > 24234.95,32,19287,50,61657.31,24234.950999999997,257.67,131.36,48.07,78.22,10,poolAndRewire,,
477,bl_entry 61483.99 > 24234.95,24,19311,50,61483.985,24234.950999999997,259.04,130.32,50.54,78.15,10,poolAndRewire,,
478,bl_entry 61942.93 > 24234.95,26,19337,50,61942.93,24234.950999999997,254.45,129.3,44.59,80.54,10,poolAndRewire,,
479,bl_entry 61594.25 > 24234.95,26,19363,50,61594.255,24234.950999999997,258.3,131.94,47.68,78.66,10,poolAndRewire,,
480,bl_entry 62743.33 > 24234.95,28,19391,50,62743.33,24234.950999999997,259.17,132.29,48.41,78.46,10,poolAndRewire,,
481,bl_entry 62336.46 > 24234.95,26,19417,50,62336.465,24234.950999999997,258.56,131.3,47.62,79.62,10,poolAndRewire,,
482,bl_entry 61920.29 > 24234.95,35,19452,50,61920.295,24234.950999999997,258.58,132.65,47.23,78.67,10,poolAndRewire,,
483,bl_entry 63164.63 > 24234.95,22,19474,50,63164.63,24234.950999999997,257.84,131.49,48.92,77.41,10,poolAndRewire,,
484,bl_entry 62444.96 > 24234.95,25,19499,50,62444.955,24234.950999999997,257.6,130.29,46.6,80.68,10,poolAndRewire,,
485,bl_entry 62846.30 > 24234.95,24,19523,50,62846.3,24234.950999999997,259.74,131.36,48.74,79.61,10,poolAndRewire,,
486,bl_entry 62683.21 > 24234.95,28,19551,50,62683.205,24234.950999999997,256.9,130.52,48.18,78.18,10,poolAndRewire,,
487,bl_entry 61292.33 > 24234.95,33,19584,50,61292.33,24234.950999999997,257.37,130.98,45.9,80.47,10,poolAndRewire,,
488,bl_entry 61731.48 > 24234.95,30,19614,50,61731.48,24234.950999999997,257.31,130.7,47.36,79.23,10,poolAndRewire,,
489,bl_entry 61554.56 > 24234.95,30,19644,50,61554.56,24234.950999999997,683.2,128.41,46.84,507.93,10,poolAndRewire,,
490,bl_entry 61453.20 > 24234.95,25,19669,50,61453.2,24234.950999999997,259.82,132.44,47.15,80.21,10,poolAndRewire,,
491,bl_entry 62047.60 > 24234.95,29,19698,50,62047.6,24234.950999999997,255.89,130.42,46.29,79.16,10,poolAndRewire,,
492,bl_entry 61657.64 > 24234.95,27,19725,50,61657.635,24234.950999999997,255.94,131.72,44.17,80.02,10,poolAndRewire,,
493,bl_entry 62491.55 > 24234.95,25,19750,50,62491.55,24234.950999999997,260.14,131.77,48.4,79.95,10,poolAndRewire,,
494,bl_entry 63392.07 > 24234.95,30,19780,50,63392.075,24234.950999999997,260.75,131.97,47.37,81.4,10,poolAndRewire,,
495,bl_entry 63469.49 > 24234.95,33,19813,50,63469.485,24234.950999999997,256.77,131.2,45.73,79.82,10,poolAndRewire,,
496,bl_entry 64357.76 > 24234.95,21,19834,50,64357.765,24234.950999999997,256.87,130.55,47.44,78.86,10,poolAndRewire,,
497,bl_entry 62888.39 > 24234.95,30,19864,50,62888.39,24234.950999999997,256.88,129.89,45.88,81.08,10,poolAndRewire,,
498,bl_entry 61886.05 > 24234.95,27,19891,50,61886.05,24234.950999999997,257.01,130.2,47.46,79.34,10,poolAndRewire,,
499,bl_entry 61865.50 > 24234.95,33,19924,50,61865.5,24234.950999999997,262.37,131.93,47.55,82.86,10,poolAndRewire,,
500,bl_entry 62046.26 > 24234.95,30,19954,50,62046.265,24234.950999999997,262.68,133.34,49.02,80.3,10,poolAndRewire,,
501,bl_entry 63030.96 > 24234.95,18,19972,50,63030.96,24234.950999999997,260.96,132.44,46.44,82.05,10,poolAndRewire,,
502,bl_entry 62627.61 > 24234.95,23,19995,50,62627.615,24234.950999999997,262.43,133.41,47.95,81.04,10,poolAndRewire,,
503,bl_entry 63565.91 > 24234.95,33,20028,50,63565.91,24234.950999999997,260.41,131.21,48.13,81.05,10,poolAndRewire,,
504,bl_entry 63515.85 > 24234.95,22,20050,50,63515.85,24234.950999999997,262.21,133.15,47.26,81.77,10,poolAndRewire,,
505,bl_entry 62506.44 > 24234.95,30,20080,50,62506.445,24234.950999999997,258.79,131.23,46.61,80.94,10,poolAndRewire,,
506,bl_entry 63614.69 > 24234.95,30,20110,50,63614.695,24234.950999999997,266.57,134.39,46.88,85.29,10,poolAndRewire,,
507,bl_entry 62569.85 > 24234.95,18,20128,50,62569.85,24234.950999999997,267.51,139.52,46.34,81.64,10,poolAndRewire,,
508,bl_entry 62346.79 > 24234.95,18,20146,50,62346.795,24234.950999999997,258.53,131.37,47.28,79.85,10,poolAndRewire,,
509,bl_entry 62957.07 > 24234.95,25,20171,50,62957.07,24234.950999999997,261.88,132.85,47.27,81.74,10,poolAndRewire,,
510,bl_entry 62628.85 > 24234.95,26,20197,50,62628.845,24234.950999999997,260.3,131.46,48.35,80.47,10,poolAndRewire,,
511,bl_entry 63085.23 > 24234.95,28,20225,50,63085.23,24234.950999999997,265.85,133.09,49.75,82.98,10,poolAndRewire,,
512,bl_entry 63373.97 > 24234.95,21,20246,50,63373.975,24234.950999999997,260.99,132.89,47.17,80.91,10,poolAndRewire,,
513,bl_entry 64375.88 > 24234.95,29,20275,50,64375.875,24234.950999999997,266.37,133.27,49.44,83.63,10,poolAndRewire,,
514,bl_entry 63512.14 > 24234.95,28,20303,50,63512.14,24234.950999999997,684.68,133.94,48.73,501.99,10,poolAndRewire,,
515,bl_entry 63685.46 > 24234.95,25,20328,50,63685.455,24234.950999999997,261.24,132.78,47.68,80.75,10,poolAndRewire,,
516,bl_entry 64238.07 > 24234.95,30,20358,50,64238.065,24234.950999999997,263.35,132.52,47.9,82.91,10,poolAndRewire,,
517,bl_entry 62499.82 > 24234.95,28,20386,50,62499.815,24234.950999999997,264.04,133.41,47.2,83.42,10,poolAndRewire,,
518,bl_entry 63536.15 > 24234.95,27,20413,50,63536.155,24234.950999999997,266.15,132.85,48.27,85.02,10,poolAndRewire,,
519,bl_entry 63561.66 > 24234.95,23,20436,50,63561.66,24234.950999999997,261.82,132.21,45.41,84.18,10,poolAndRewire,,
520,bl_entry 63050.43 > 24234.95,32,20468,50,63050.43,24234.950999999997,257.22,130.73,44.99,81.48,10,poolAndRewire,,
521,bl_entry 64447.38 > 24234.95,23,20491,50,64447.38,24234.950999999997,266.09,133.31,49.34,83.43,10,poolAndRewire,,
522,bl_entry 63804.18 > 24234.95,26,20517,50,63804.175,24234.950999999997,261.13,132.31,46.14,82.66,10,poolAndRewire,,
523,bl_entry 65754.53 > 24234.95,34,20551,50,65754.53,24234.950999999997,262.27,129.44,48.75,84.05,10,poolAndRewire,,
524,bl_entry 65081.43 > 24234.95,31,20582,50,65081.425,24234.950999999997,260.47,132.21,45.5,82.74,10,poolAndRewire,,
525,bl_entry 63210.99 > 24234.95,28,20610,50,63210.985,24234.950999999997,257.52,130.98,44.99,81.53,10,poolAndRewire,,
526,bl_entry 62182.46 > 24234.95,27,20637,50,62182.46,24234.950999999997,260.43,130.22,46.79,83.4,10,poolAndRewire,,
527,bl_entry 59476.46 > 24234.95,36,20673,50,59476.455,24234.950999999997,256.5,126.9,46.38,83.21,10,poolAndRewire,,
528,bl_entry 59162.40 > 24234.95,28,20701,50,59162.4,24234.950999999997,258.28,127.28,46.57,84.41,10,poolAndRewire,,
529,bl_entry 61057.13 > 24234.95,35,20736,50,61057.13,24234.950999999997,261.42,130.09,46.95,84.37,10,poolAndRewire,,
530,bl_entry 61426.14 > 24234.95,29,20765,50,61426.145,24234.950999999997,260.38,130.19,46.11,84.06,10,poolAndRewire,,
531,bl_entry 61675.14 > 24234.95,24,20789,50,61675.145,24234.950999999997,261.39,130.28,47.8,83.29,10,poolAndRewire,,
532,bl_entry 62548.18 > 24234.95,33,20822,50,62548.18,24234.950999999997,260.07,126.47,47.73,85.84,10,poolAndRewire,,
533,bl_entry 62228.32 > 24234.95,31,20853,50,62228.32,24234.950999999997,260.76,129.76,46.42,84.56,10,poolAndRewire,,
534,bl_entry 62979.10 > 24234.95,20,20873,50,62979.1,24234.950999999997,264.51,132.94,46.19,85.35,10,poolAndRewire,,
535,bl_entry 62838.50 > 24234.95,25,20898,50,62838.5,24234.950999999997,261.77,130.48,48.25,83.02,10,poolAndRewire,,
536,bl_entry 61491.94 > 24234.95,26,20924,50,61491.945,24234.950999999997,264.03,130.14,48.84,85.03,10,poolAndRewire,,
537,bl_entry 61510.22 > 24234.95,22,20946,50,61510.225,24234.950999999997,259.54,128.81,47.04,83.67,10,poolAndRewire,,
538,bl_entry 62542.65 > 24234.95,29,20975,50,62542.655,24234.950999999997,687.89,128.61,46.17,513.09,10,poolAndRewire,,
539,bl_entry 62198.94 > 24234.95,26,21001,50,62198.94,24234.950999999997,258.33,129.34,44.51,84.46,10,poolAndRewire,,
540,bl_entry 62606.12 > 24234.95,25,21026,50,62606.125,24234.950999999997,261.28,128.66,47.09,85.51,10,poolAndRewire,,
541,bl_entry 63448.07 > 24234.95,31,21057,50,63448.07,24234.950999999997,265.7,129.39,51.6,84.7,10,poolAndRewire,,
542,bl_entry 62977.28 > 24234.95,23,21080,50,62977.275,24234.950999999997,263.52,130.56,47.49,85.45,10,poolAndRewire,,
543,bl_entry 62839.18 > 24234.95,26,21106,50,62839.18,24234.950999999997,262.31,131.23,46.13,84.92,10,poolAndRewire,,
544,bl_entry 63825.76 > 24234.95,23,21129,50,63825.76,24234.950999999997,264.16,130.75,47.51,85.87,10,poolAndRewire,,
545,bl_entry 63045.93 > 24234.95,29,21158,50,63045.925,24234.950999999997,263.17,130.58,47.43,85.14,10,poolAndRewire,,
546,bl_entry 63037.46 > 24234.95,23,21181,50,63037.465,24234.950999999997,271.14,136.4,48.51,86.21,10,poolAndRewire,,
547,bl_entry 64885.86 > 24234.95,17,21198,50,64885.865,24234.950999999997,264.24,132.29,46.84,85.09,10,poolAndRewire,,
548,bl_entry 64633.90 > 24234.95,31,21229,50,64633.9,24234.950999999997,261.46,129.07,45.94,86.42,10,poolAndRewire,,
549,bl_entry 65222.40 > 24234.95,27,21256,50,65222.4,24234.950999999997,263.81,131.25,47.68,84.85,10,poolAndRewire,,
550,bl_entry 64556.53 > 24234.95,36,21292,50,64556.525,24234.950999999997,266.77,132.0,46.39,88.36,10,poolAndRewire,,
551,bl_entry 63709.78 > 24234.95,29,21321,50,63709.78,24234.950999999997,263.58,132.88,45.65,85.02,10,poolAndRewire,,
552,bl_entry 63177.93 > 24234.95,29,21350,50,63177.93,24234.950999999997,263.93,128.98,47.76,87.17,10,poolAndRewire,,
553,bl_entry 63703.49 > 24234.95,18,21368,50,63703.49,24234.950999999997,262.41,130.82,45.69,85.89,10,poolAndRewire,,
554,bl_entry 63649.64 > 24234.95,26,21394,50,63649.64,24234.950999999997,263.93,131.19,45.89,86.83,10,poolAndRewire,,
555,bl_entry 63024.43 > 24234.95,31,21425,50,63024.435,24234.950999999997,277.8,138.12,50.98,88.67,10,poolAndRewire,,
556,bl_entry 63446.54 > 24234.95,29,21454,50,63446.54,24234.950999999997,280.61,132.44,48.7,99.45,10,poolAndRewire,,
557,bl_entry 63450.28 > 24234.95,34,21488,50,63450.28,24234.950999999997,266.6,131.66,49.24,85.67,10,poolAndRewire,,
558,bl_entry 70458.50 > 24234.95,22,21510,50,70458.5,24234.950999999997,274.55,133.31,52.78,88.44,10,poolAndRewire,,
559,bl_entry 77678.21 > 24234.95,29,21539,50,77678.205,24234.950999999997,276.68,135.75,52.65,88.26,10,poolAndRewire,,
560,bl_entry 84607.87 > 24234.95,18,21557,50,84607.865,24234.950999999997,283.17,135.68,52.9,94.57,10,poolAndRewire,,
561,bl_entry 89663.73 > 24234.95,32,21589,50,89663.73,24234.950999999997,278.55,139.2,52.14,87.19,10,poolAndRewire,,
562,bl_entry 88941.72 > 24234.95,23,21612,50,88941.72,24234.950999999997,927.59,136.72,51.71,739.14,10,poolAndRewire,,
563,bl_entry 88982.29 > 24234.95,30,21642,50,88982.285,24234.950999999997,278.88,138.84,51.15,88.86,10,poolAndRewire,,
564,bl_entry 87516.45 > 24234.95,24,21666,50,87516.445,24234.950999999997,276.57,134.77,52.94,88.84,10,poolAndRewire,,
565,bl_entry 87007.18 > 24234.95,29,21695,50,87007.18,24234.950999999997,278.14,137.55,53.09,87.48,10,poolAndRewire,,
566,bl_entry 87531.58 > 24234.95,33,21728,50,87531.58,24234.950999999997,275.25,134.06,52.24,88.93,10,poolAndRewire,,
567,bl_entry 88064.53 > 24234.95,30,21758,50,88064.53,24234.950999999997,275.62,134.65,52.43,88.52,10,poolAndRewire,,
568,bl_entry 88952.76 > 24234.95,27,21785,50,88952.755,24234.950999999997,277.18,135.57,52.54,89.05,10,poolAndRewire,,
569,bl_entry 89956.29 > 24234.95,25,21810,50,89956.295,24234.950999999997,278.5,136.49,51.85,90.14,10,poolAndRewire,,
570,bl_entry 90284.99 > 24234.95,20,21830,50,90284.995,24234.950999999997,274.78,134.48,52.21,88.07,10,poolAndRewire,,
571,bl_entry 88817.38 > 24234.95,31,21861,50,88817.38,24234.950999999997,273.17,132.83,50.99,89.33,10,poolAndRewire,,
572,bl_entry 88327.02 > 24234.95,25,21886,50,88327.025,24234.950999999997,273.78,133.28,52.69,87.79,10,poolAndRewire,,
573,bl_entry 87954.88 > 24234.95,37,21923,50,87954.88,24234.950999999997,281.68,138.26,52.59,90.81,10,poolAndRewire,,
574,bl_entry 88660.30 > 24234.95,37,21960,50,88660.3,24234.950999999997,282.02,138.76,52.2,91.04,10,poolAndRewire,,
575,bl_entry 89587.93 > 24234.95,33,21993,50,89587.93,24234.950999999997,280.17,137.89,52.98,89.27,10,poolAndRewire,,
576,bl_entry 88541.15 > 24234.95,35,22028,50,88541.145,24234.950999999997,283.67,140.27,52.1,91.25,10,poolAndRewire,,
577,bl_entry 88403.12 > 24234.95,31,22059,50,88403.12,24234.950999999997,279.18,136.5,53.67,88.99,10,poolAndRewire,,
578,bl_entry 87265.86 > 24234.95,28,22087,50,87265.86,24234.950999999997,278.35,136.12,52.37,89.84,10,poolAndRewire,,
579,bl_entry 86766.60 > 24234.95,19,22106,50,86766.6,24234.950999999997,275.15,135.1,51.14,88.89,10,poolAndRewire,,
580,bl_entry 88483.51 > 24234.95,29,22135,50,88483.515,24234.950999999997,286.05,143.07,52.6,90.35,10,poolAndRewire,,
581,bl_entry 88957.40 > 24234.95,30,22165,50,88957.4,24234.950999999997,277.63,134.38,52.17,91.06,10,poolAndRewire,,
582,bl_entry 89013.86 > 24234.95,26,22191,50,89013.86,24234.950999999997,746.46,137.64,52.46,556.34,10,poolAndRewire,,
583,bl_entry 89097.51 > 24234.95,27,22218,50,89097.505,24234.950999999997,303.13,155.36,53.17,94.58,10,poolAndRewire,,
584,bl_entry 89312.40 > 24234.95,23,22241,50,89312.405,24234.950999999997,282.0,139.85,52.57,89.55,10,poolAndRewire,,
585,bl_entry 88188.42 > 24234.95,29,22270,50,88188.42,24234.950999999997,282.98,138.67,52.55,91.73,10,poolAndRewire,,
586,bl_entry 88492.67 > 24234.95,32,22302,50,88492.67,24234.950999999997,281.95,139.6,53.24,89.09,10,poolAndRewire,,
587,bl_entry 87480.51 > 24234.95,31,22333,50,87480.515,24234.950999999997,292.29,138.12,58.29,95.86,10,poolAndRewire,,
588,bl_entry 86316.03 > 24234.95,33,22366,50,86316.03,24234.950999999997,282.18,138.49,50.96,92.71,10,poolAndRewire,,
589,bl_entry 86851.93 > 24234.95,28,22394,50,86851.93,24234.950999999997,278.43,136.73,52.04,89.64,10,poolAndRewire,,
590,bl_entry 86585.79 > 24234.95,30,22424,50,86585.79,24234.950999999997,280.15,135.91,52.49,91.72,10,poolAndRewire,,
591,bl_entry 88196.49 > 24234.95,34,22458,50,88196.485,24234.950999999997,282.23,137.87,53.58,90.75,10,poolAndRewire,,
592,bl_entry 89292.97 > 24234.95,29,22487,50,89292.97,24234.950999999997,309.02,162.63,54.19,92.18,10,poolAndRewire,,
593,bl_entry 89612.38 > 24234.95,39,22526,50,89612.385,24234.950999999997,286.98,141.24,52.65,93.06,10,poolAndRewire,,
594,bl_entry 88704.55 > 24234.95,25,22551,50,88704.55,24234.950999999997,284.22,139.56,53.31,91.33,10,poolAndRewire,,
595,bl_entry 88680.30 > 24234.95,30,22581,50,88680.3,24234.950999999997,282.44,136.72,53.35,92.35,10,poolAndRewire,,
596,bl_entry 88719.74 > 24234.95,25,22606,50,88719.745,24234.950999999997,289.78,142.13,54.18,93.45,10,poolAndRewire,,
597,bl_entry 89327.79 > 24234.95,29,22635,50,89327.795,24234.950999999997,296.58,149.8,54.65,92.11,10,poolAndRewire,,
598,bl_entry 91314.91 > 24234.95,24,22659,50,91314.91,24234.950999999997,281.73,137.07,52.13,92.51,10,poolAndRewire,,
599,bl_entry 91041.74 > 24234.95,36,22695,50,91041.74,24234.950999999997,285.97,140.72,53.21,92.02,10,poolAndRewire,,
600,bl_entry 91081.69 > 24234.95,28,22723,50,91081.69,24234.950999999997,284.03,137.29,53.51,93.21,10,poolAndRewire,,
601,bl_entry 90570.13 > 24234.95,28,22751,50,90570.135,24234.950999999997,279.52,135.96,50.88,92.66,10,poolAndRewire,,
602,bl_entry 90180.66 > 24234.95,29,22780,50,90180.665,24234.950999999997,281.27,135.57,52.74,92.94,10,poolAndRewire,,
603,bl_entry 89860.93 > 24234.95,32,22812,50,89860.925,24234.950999999997,809.67,134.11,52.25,623.29,10,poolAndRewire,,
604,bl_entry 88290.58 > 24234.95,25,22837,50,88290.58,24234.950999999997,283.05,137.31,51.65,94.06,10,poolAndRewire,,
605,bl_entry 88621.23 > 24234.95,35,22872,50,88621.23,24234.950999999997,283.02,137.14,52.32,93.54,10,poolAndRewire,,
606,bl_entry 86505.91 > 24234.95,27,22899,50,86505.915,24234.950999999997,284.97,136.97,52.87,95.1,10,poolAndRewire,,
607,bl_entry 86731.20 > 24234.95,29,22928,50,86731.2,24234.950999999997,282.56,138.22,51.54,92.78,10,poolAndRewire,,
608,bl_entry 87284.12 > 24234.95,28,22956,50,87284.125,24234.950999999997,285.62,137.61,52.36,95.62,10,poolAndRewire,,
609,bl_entry 87808.38 > 24234.95,29,22985,50,87808.38,24234.950999999997,283.57,135.87,52.61,95.07,10,poolAndRewire,,
610,bl_entry 89128.04 > 24234.95,23,23008,50,89128.04,24234.950999999997,284.37,135.73,52.53,96.09,10,poolAndRewire,,
611,bl_entry 88404.35 > 24234.95,32,23040,50,88404.355,24234.950999999997,282.81,136.45,52.09,94.24,10,poolAndRewire,,
612,bl_entry 88631.13 > 24234.95,28,23068,50,88631.13,24234.950999999997,284.77,137.37,52.39,94.99,10,poolAndRewire,,
613,bl_entry 88390.26 > 24234.95,35,23103,50,88390.255,24234.950999999997,279.87,134.46,50.94,94.45,10,poolAndRewire,,
614,bl_entry 88576.91 > 24234.95,23,23126,50,88576.91,24234.950999999997,284.78,137.24,53.09,94.43,10,poolAndRewire,,
615,bl_entry 89414.88 > 24234.95,28,23154,50,89414.875,24234.950999999997,287.48,138.12,53.51,95.83,10,poolAndRewire,,
616,bl_entry 89392.63 > 24234.95,30,23184,50,89392.63,24234.950999999997,287.77,138.75,52.83,96.17,10,poolAndRewire,,
617,bl_entry 88425.71 > 24234.95,32,23216,50,88425.715,24234.950999999997,287.96,139.3,53.56,95.08,10,poolAndRewire,,
618,bl_entry 86809.65 > 24234.95,22,23238,50,86809.645,24234.950999999997,285.28,137.45,51.7,96.11,10,poolAndRewire,,
619,bl_entry 86740.23 > 24234.95,22,23260,50,86740.23,24234.950999999997,285.15,136.98,52.41,95.74,10,poolAndRewire,,
620,bl_entry 87107.87 > 24234.95,32,23292,50,87107.865,24234.950999999997,287.17,138.05,53.73,95.37,10,poolAndRewire,,
621,bl_entry 87692.97 > 24234.95,28,23320,50,87692.97,24234.950999999997,286.87,136.92,53.22,96.71,10,poolAndRewire,,
622,bl_entry 89197.65 > 24234.95,34,23354,50,89197.645,24234.950999999997,700.6,135.98,51.04,513.56,10,poolAndRewire,,
623,bl_entry 89622.93 > 24234.95,28,23382,50,89622.935,24234.950999999997,281.23,133.93,52.01,95.26,10,poolAndRewire,,
624,bl_entry 90733.25 > 24234.95,24,23406,50,90733.25,24234.950999999997,281.3,136.54,51.11,93.63,10,poolAndRewire,,
625,bl_entry 89927.88 > 24234.95,35,23441,50,89927.875,24234.950999999997,285.27,137.62,51.97,95.66,10,poolAndRewire,,
626,bl_entry 89750.20 > 24234.95,28,23469,50,89750.195,24234.950999999997,287.15,137.86,52.91,96.35,10,poolAndRewire,,
627,bl_entry 88848.58 > 24234.95,25,23494,50,88848.58,24234.950999999997,286.24,139.1,52.45,94.66,10,poolAndRewire,,
628,bl_entry 87671.04 > 24234.95,24,23518,50,87671.045,24234.950999999997,286.71,137.15,52.1,97.44,10,poolAndRewire,,
629,bl_entry 88421.44 > 24234.95,22,23540,50,88421.44,24234.950999999997,289.85,140.15,53.06,96.62,10,poolAndRewire,,
630,bl_entry 87996.31 > 24234.95,22,23562,50,87996.31,24234.950999999997,285.8,138.1,53.18,94.51,10,poolAndRewire,,
631,bl_entry 89068.71 > 24234.95,29,23591,50,89068.71,24234.950999999997,284.83,136.28,51.75,96.78,10,poolAndRewire,,
632,bl_entry 88271.87 > 24234.95,22,23613,50,88271.87,24234.950999999997,289.3,138.9,53.32,97.05,10,poolAndRewire,,
633,bl_entry 87355.92 > 24234.95,31,23644,50,87355.92,24234.950999999997,280.72,133.99,51.59,95.12,10,poolAndRewire,,
634,bl_entry 89075.71 > 24234.95,26,23670,50,89075.705,24234.950999999997,283.97,134.97,52.39,96.58,10,poolAndRewire,,
635,bl_entry 88875.43 > 24234.95,20,23690,50,88875.43,24234.950999999997,286.34,136.08,52.15,98.09,10,poolAndRewire,,
636,bl_entry 90230.86 > 24234.95,23,23713,50,90230.86,24234.950999999997,292.94,139.99,53.96,98.97,10,poolAndRewire,,
637,bl_entry 90657.52 > 24234.95,23,23736,50,90657.52,24234.950999999997,287.0,137.63,51.27,98.07,10,poolAndRewire,,
638,bl_entry 88919.03 > 24234.95,34,23770,50,88919.03,24234.950999999997,285.55,136.84,51.22,97.46,10,poolAndRewire,,
639,bl_entry 88527.18 > 24234.95,31,23801,50,88527.18,24234.950999999997,289.45,137.66,53.13,98.64,10,poolAndRewire,,
640,bl_entry 88513.43 > 24234.95,27,23828,50,88513.435,24234.950999999997,291.27,139.21,52.89,99.15,10,poolAndRewire,,
641,bl_entry 88570.84 > 24234.95,27,23855,50,88570.84,24234.950999999997,715.27,136.06,51.77,527.42,10,poolAndRewire,,
642,bl_entry 89213.52 > 24234.95,29,23884,50,89213.52,24234.950999999997,288.09,137.36,52.29,98.42,10,poolAndRewire,,
643,bl_entry 89493.48 > 24234.95,25,23909,50,89493.475,24234.950999999997,289.23,137.48,52.18,99.55,10,poolAndRewire,,
644,bl_entry 89060.32 > 24234.95,25,23934,50,89060.32,24234.950999999997,280.93,133.49,50.66,96.75,10,poolAndRewire,,
645,bl_entry 88904.32 > 24234.95,26,23960,50,88904.325,24234.950999999997,288.41,137.72,52.65,98.02,10,poolAndRewire,,
646,bl_entry 88200.52 > 24234.95,27,23987,50,88200.52,24234.950999999997,290.08,137.53,52.24,100.29,10,poolAndRewire,,
647,bl_entry 87423.88 > 24234.95,33,24020,50,87423.875,24234.950999999997,291.22,137.06,54.04,100.09,10,poolAndRewire,,
648,bl_entry 86498.41 > 24234.95,25,24045,50,86498.415,24234.950999999997,286.61,136.51,51.17,98.9,10,poolAndRewire,,
649,bl_entry 87086.20 > 24234.95,35,24080,50,87086.2,24234.950999999997,280.06,131.47,50.51,98.06,10,poolAndRewire,,
650,bl_entry 87427.26 > 24234.95,31,24111,50,87427.26,24234.950999999997,288.31,136.47,51.62,100.21,10,poolAndRewire,,
651,bl_entry 87031.06 > 24234.95,24,24135,50,87031.06,24234.950999999997,295.46,141.01,53.37,101.06,10,poolAndRewire,,
652,bl_entry 87567.11 > 24234.95,29,24164,50,87567.11,24234.950999999997,285.32,136.34,50.85,98.12,10,poolAndRewire,,
653,bl_entry 87920.65 > 24234.95,22,24186,50,87920.645,24234.950999999997,289.1,137.48,53.08,98.51,10,poolAndRewire,,
654,bl_entry 87579.34 > 24234.95,24,24210,50,87579.34,24234.950999999997,291.22,139.27,51.99,99.95,10,poolAndRewire,,
655,bl_entry 89084.80 > 24234.95,23,24233,50,89084.8,24234.950999999997,291.16,137.65,52.78,100.7,10,poolAndRewire,,
656,bl_entry 88397.62 > 24234.95,36,24269,50,88397.625,24234.950999999997,288.71,138.23,51.96,98.49,10,poolAndRewire,,
657,bl_entry 87270.62 > 24234.95,23,24292,50,87270.625,24234.950999999997,289.35,137.34,51.91,100.08,10,poolAndRewire,,
658,bl_entry 89656.00 > 24234.95,31,24323,50,89656.0,24234.950999999997,288.96,137.38,51.37,100.18,10,poolAndRewire,,
659,bl_entry 88696.48 > 24234.95,21,24344,50,88696.48,24234.950999999997,286.61,133.66,51.18,101.74,10,poolAndRewire,,
660,bl_entry 90313.71 > 24234.95,27,24371,50,90313.71,24234.950999999997,288.9,137.23,52.13,99.52,10,poolAndRewire,,
661,bl_entry 90899.09 > 24234.95,30,24401,50,90899.09,24234.950999999997,722.65,137.49,53.35,531.78,10,poolAndRewire,,
662,bl_entry 88969.64 > 24234.95,31,24432,50,88969.64,24234.950999999997,290.41,137.43,52.85,100.11,10,poolAndRewire,,
663,bl_entry 89467.88 > 24234.95,32,24464,50,89467.875,24234.950999999997,293.37,138.9,52.32,102.13,10,poolAndRewire,,
664,bl_entry 88560.99 > 24234.95,26,24490,50,88560.995,24234.950999999997,287.12,135.02,52.57,99.51,10,poolAndRewire,,
665,bl_entry 89155.68 > 24234.95,30,24520,50,89155.675,24234.950999999997,287.24,134.74,52.05,100.43,10,poolAndRewire,,
666,bl_entry 89727.40 > 24234.95,23,24543,50,89727.4,24234.950999999997,289.98,136.28,51.44,102.24,10,poolAndRewire,,
667,bl_entry 89550.70 > 24234.95,26,24569,50,89550.7,24234.950999999997,292.49,138.27,52.44,101.75,10,poolAndRewire,,
668,bl_entry 90188.82 > 24234.95,27,24596,50,90188.82,24234.950999999997,288.55,134.17,52.65,101.7,10,poolAndRewire,,
669,bl_entry 89372.46 > 24234.95,21,24617,50,89372.455,24234.950999999997,288.98,135.8,52.47,100.69,10,poolAndRewire,,
670,bl_entry 89382.85 > 24234.95,29,24646,50,89382.845,24234.950999999997,288.54,132.86,53.33,102.33,10,poolAndRewire,,
671,bl_entry 88887.27 > 24234.95,33,24679,50,88887.275,24234.950999999997,290.41,135.46,52.07,102.85,10,poolAndRewire,,
672,bl_entry 88722.42 > 24234.95,26,24705,50,88722.42,24234.950999999997,296.72,138.51,52.47,105.73,10,poolAndRewire,,
673,bl_entry 87614.21 > 24234.95,23,24728,50,87614.21,24234.950999999997,287.2,134.48,51.65,101.05,10,poolAndRewire,,
674,bl_entry 87768.37 > 24234.95,34,24762,50,87768.365,24234.950999999997,292.04,138.12,52.44,101.45,10,poolAndRewire,,
675,bl_entry 88011.75 > 24234.95,28,24790,50,88011.75,24234.950999999997,289.62,135.4,51.86,102.34,10,poolAndRewire,,
676,bl_entry 86028.05 > 24234.95,28,24818,50,86028.05,24234.950999999997,291.31,135.95,52.51,102.82,10,poolAndRewire,,
677,bl_entry 87426.03 > 24234.95,20,24838,50,87426.03,24234.950999999997,292.71,136.81,52.02,103.86,10,poolAndRewire,,
678,bl_entry 83853.69 > 24234.95,31,24869,50,83853.69,24234.950999999997,288.96,133.69,50.49,104.76,10,poolAndRewire,,
679,bl_entry 81577.54 > 24234.95,30,24899,50,81577.545,24234.950999999997,718.65,136.41,52.15,530.07,10,poolAndRewire,,
680,bl_entry 81759.19 > 24234.95,34,24933,50,81759.19,24234.950999999997,289.59,136.14,50.76,102.66,10,poolAndRewire,,
681,bl_entry 79361.45 > 24234.95,22,24955,50,79361.45,24234.950999999997,288.78,133.28,51.68,103.79,10,poolAndRewire,,
682,bl_entry 81410.41 > 24234.95,25,24980,50,81410.41,24234.950999999997,290.92,136.08,50.82,104.0,10,poolAndRewire,,
683,bl_entry 81972.46 > 24234.95,28,25008,50,81972.455,24234.950999999997,294.21,137.07,52.34,104.78,10,poolAndRewire,,
684,bl_entry 80496.57 > 24234.95,33,25041,50,80496.57,24234.950999999997,290.26,136.4,51.96,101.88,10,poolAndRewire,,
685,bl_entry 81737.02 > 24234.95,29,25070,50,81737.025,24234.950999999997,290.64,136.03,51.9,102.69,10,poolAndRewire,,
686,bl_entry 81016.60 > 24234.95,35,25105,50,81016.605,24234.950999999997,291.73,136.04,52.28,103.38,10,poolAndRewire,,
687,bl_entry 80912.95 > 24234.95,29,25134,50,80912.945,24234.950999999997,296.39,137.25,53.04,106.08,10,poolAndRewire,,
688,bl_entry 80851.74 > 24234.95,35,25169,50,80851.745,24234.950999999997,292.9,137.65,50.41,104.82,10,poolAndRewire,,
689,bl_entry 80478.37 > 24234.95,25,25194,50,80478.365,24234.950999999997,293.92,137.4,51.15,105.35,10,poolAndRewire,,
690,bl_entry 79542.98 > 24234.95,29,25223,50,79542.975,24234.950999999997,288.63,134.41,51.21,102.99,10,poolAndRewire,,
691,bl_entry 79820.12 > 24234.95,29,25252,50,79820.12,24234.950999999997,287.79,132.75,51.09,103.93,10,poolAndRewire,,
692,bl_entry 81042.95 > 24234.95,35,25287,50,81042.95,24234.950999999997,289.16,135.29,50.15,103.69,10,poolAndRewire,,
693,bl_entry 80643.71 > 24234.95,30,25317,50,80643.71,24234.950999999997,289.57,133.6,51.67,104.28,10,poolAndRewire,,
694,bl_entry 81343.23 > 24234.95,33,25350,50,81343.23,24234.950999999997,293.24,133.67,51.92,107.63,10,poolAndRewire,,
695,bl_entry 80370.21 > 24234.95,28,25378,50,80370.21,24234.950999999997,293.73,133.83,51.19,108.69,10,poolAndRewire,,
696,bl_entry 80886.76 > 24234.95,31,25409,50,80886.755,24234.950999999997,723.23,133.5,50.12,539.59,10,poolAndRewire,,
697,bl_entry 80905.91 > 24234.95,31,25440,50,80905.915,24234.950999999997,292.59,135.63,52.74,104.2,10,poolAndRewire,,
698,bl_entry 81836.39 > 24234.95,33,25473,50,81836.39,24234.950999999997,292.52,134.57,51.23,106.7,10,poolAndRewire,,
699,bl_entry 82224.52 > 24234.95,31,25504,50,82224.525,24234.950999999997,290.81,133.69,50.08,107.02,10,poolAndRewire,,
700,bl_entry 80885.04 > 24234.95,31,25535,50,80885.045,24234.950999999997,290.21,132.79,51.27,106.12,10,poolAndRewire,,
701,bl_entry 81820.30 > 24234.95,29,25564,50,81820.3,24234.950999999997,294.22,135.53,51.29,107.38,10,poolAndRewire,,
702,bl_entry 81068.15 > 24234.95,33,25597,50,81068.15,24234.950999999997,296.31,139.74,49.49,107.06,10,poolAndRewire,,
703,bl_entry 82461.05 > 24234.95,26,25623,50,82461.05,24234.950999999997,294.43,137.16,51.93,105.33,10,poolAndRewire,,
704,bl_entry 82913.82 > 24234.95,39,25662,50,82913.825,24234.950999999997,295.03,136.66,50.92,107.43,10,poolAndRewire,,
705,bl_entry 81882.03 > 24234.95,32,25694,50,81882.03,24234.950999999997,294.39,136.37,51.62,106.38,10,poolAndRewire,,
706,bl_entry 81599.76 > 24234.95,33,25727,50,81599.76,24234.950999999997,301.3,136.75,51.24,113.29,10,poolAndRewire,,
707,bl_entry 79836.52 > 24234.95,21,25748,50,79836.525,24234.950999999997,296.02,137.4,51.18,107.41,10,poolAndRewire,,
708,bl_entry 79430.79 > 24234.95,23,25771,50,79430.785,24234.950999999997,296.23,135.91,51.64,108.65,10,poolAndRewire,,
709,bl_entry 79819.98 > 24234.95,30,25801,50,79819.98,24234.950999999997,297.46,137.45,51.26,108.72,10,poolAndRewire,,
710,bl_entry 80933.96 > 24234.95,36,25837,50,80933.96,24234.950999999997,290.38,135.38,49.68,105.3,10,poolAndRewire,,
711,bl_entry 82122.83 > 24234.95,33,25870,50,82122.83,24234.950999999997,310.12,138.24,50.05,121.8,10,poolAndRewire,,
712,bl_entry 82667.85 > 24234.95,29,25899,50,82667.845,24234.950999999997,293.01,137.32,49.41,106.26,10,poolAndRewire,,
713,bl_entry 82973.30 > 24234.95,33,25932,50,82973.3,24234.950999999997,950.75,137.52,51.2,762.0,10,poolAndRewire,,
714,bl_entry 82703.30 > 24234.95,25,25957,50,82703.305,24234.950999999997,295.35,137.3,50.77,107.26,10,poolAndRewire,,
715,bl_entry 82232.63 > 24234.95,35,25992,50,82232.635,24234.950999999997,299.04,137.6,52.07,109.35,10,poolAndRewire,,
716,bl_entry 82993.16 > 24234.95,29,26021,50,82993.165,24234.950999999997,295.56,133.56,51.39,110.58,10,poolAndRewire,,
717,bl_entry 82714.99 > 24234.95,29,26050,50,82714.99,24234.950999999997,295.31,134.05,50.96,110.27,10,poolAndRewire,,
718,bl_entry 82229.96 > 24234.95,34,26084,50,82229.96,24234.950999999997,297.73,136.71,52.13,108.87,10,poolAndRewire,,
719,bl_entry 83468.47 > 24234.95,24,26108,50,83468.47,24234.950999999997,294.92,134.32,51.29,109.27,10,poolAndRewire,,
720,bl_entry 82699.19 > 24234.95,36,26144,50,82699.19,24234.950999999997,294.29,134.06,50.29,109.92,10,poolAndRewire,,
721,bl_entry 81888.20 > 24234.95,26,26170,50,81888.195,24234.950999999997,295.12,136.11,51.53,107.46,10,poolAndRewire,,
722,bl_entry 81869.70 > 24234.95,29,26199,50,81869.695,24234.950999999997,292.85,134.19,51.6,107.03,10,poolAndRewire,,
723,bl_entry 80505.93 > 24234.95,28,26227,50,80505.925,24234.950999999997,297.96,138.76,51.75,107.43,10,poolAndRewire,,
724,bl_entry 81688.51 > 24234.95,22,26249,50,81688.51,24234.950999999997,295.36,135.76,51.75,107.83,10,poolAndRewire,,
725,bl_entry 81858.75 > 24234.95,35,26284,50,81858.75,24234.950999999997,297.25,135.66,51.35,110.22,10,poolAndRewire,,
726,bl_entry 81650.78 > 24234.95,29,26313,50,81650.78,24234.950999999997,298.61,136.33,50.95,111.31,10,poolAndRewire,,
727,bl_entry 82782.21 > 24234.95,23,26336,50,82782.205,24234.950999999997,297.6,136.19,52.15,109.24,10,poolAndRewire,,
728,bl_entry 81985.38 > 24234.95,24,26360,50,81985.385,24234.950999999997,299.92,138.06,52.2,109.64,10,poolAndRewire,,
729,bl_entry 82406.45 > 24234.95,28,26388,50,82406.45,24234.950999999997,294.9,133.24,49.85,111.78,10,poolAndRewire,,
730,bl_entry 82831.04 > 24234.95,28,26416,50,82831.035,24234.950999999997,780.09,133.82,51.95,594.31,10,poolAndRewire,,
731,bl_entry 82028.40 > 24234.95,24,26440,50,82028.395,24234.950999999997,299.76,137.02,51.63,111.09,10,poolAndRewire,,
732,bl_entry 83634.39 > 24234.95,17,26457,50,83634.39,24234.950999999997,304.35,142.63,52.73,108.96,10,poolAndRewire,,
733,bl_entry 84658.66 > 24234.95,27,26484,50,84658.66,24234.950999999997,295.72,136.62,50.45,108.62,10,poolAndRewire,,
734,bl_entry 84465.04 > 24234.95,32,26516,50,84465.035,24234.950999999997,296.65,135.57,50.12,110.93,10,poolAndRewire,,
735,bl_entry 84597.48 > 24234.95,37,26553,50,84597.48,24234.950999999997,296.86,134.37,51.87,110.59,10,poolAndRewire,,
736,bl_entry 83184.99 > 24234.95,30,26583,50,83184.99,24234.950999999997,307.67,141.05,54.03,112.57,10,poolAndRewire,,
737,bl_entry 81504.22 > 24234.95,27,26610,50,81504.22,24234.950999999997,312.72,147.53,53.12,112.05,10,poolAndRewire,,
738,bl_entry 82081.83 > 24234.95,26,26636,50,82081.83,24234.950999999997,298.66,138.54,48.55,111.55,10,poolAndRewire,,
739,bl_entry 81375.72 > 24234.95,20,26656,50,81375.72,24234.950999999997,298.35,136.65,51.25,110.42,10,poolAndRewire,,
740,bl_entry 80539.18 > 24234.95,21,26677,50,80539.18,24234.950999999997,313.36,137.03,50.65,125.66,10,poolAndRewire,,
741,bl_entry 81330.97 > 24234.95,19,26696,50,81330.97,24234.950999999997,304.37,139.66,51.85,112.84,10,poolAndRewire,,
742,bl_entry 81022.56 > 24234.95,21,26717,50,81022.56,24234.950999999997,300.65,137.73,48.68,114.22,10,poolAndRewire,,
743,bl_entry 81515.90 > 24234.95,26,26743,50,81515.895,24234.950999999997,300.35,136.46,51.01,112.85,10,poolAndRewire,,
744,bl_entry 81177.57 > 24234.95,17,26760,50,81177.565,24234.950999999997,301.63,135.94,52.74,112.93,10,poolAndRewire,,
745,bl_entry 80658.18 > 24234.95,18,26778,50,80658.185,24234.950999999997,841.54,156.71,52.82,631.98,10,poolAndRewire,,
746,bl_entry 79651.15 > 24234.95,19,26797,50,79651.155,24234.950999999997,300.45,137.32,48.79,114.31,10,poolAndRewire,,
747,bl_entry 79920.13 > 24234.95,17,26814,50,79920.135,24234.950999999997,306.32,136.44,52.98,116.88,10,poolAndRewire,,
748,bl_entry 79963.10 > 24234.95,27,26841,50,79963.095,24234.950999999997,315.02,150.31,51.32,113.37,10,poolAndRewire,,
749,bl_entry 79921.13 > 24234.95,14,26855,50,79921.135,24234.950999999997,303.34,139.59,50.13,113.59,10,poolAndRewire,,
750,bl_entry 80781.27 > 24234.95,20,26875,50,80781.275,24234.950999999997,305.2,138.08,50.93,116.17,10,poolAndRewire,,
751,bl_entry 80369.38 > 24234.95,28,26903,50,80369.375,24234.950999999997,302.94,138.58,50.87,113.46,10,poolAndRewire,,
752,bl_entry 81305.99 > 24234.95,19,26922,50,81305.995,24234.950999999997,302.47,139.28,49.47,113.69,10,poolAndRewire,,
753,bl_entry 81979.49 > 24234.95,17,26939,50,81979.485,24234.950999999997,301.77,137.81,50.18,113.75,10,poolAndRewire,,
754,bl_entry 81316.27 > 24234.95,22,26961,50,81316.27,24234.950999999997,299.97,136.56,49.92,113.47,10,poolAndRewire,,
755,bl_entry 80946.24 > 24234.95,28,26989,50,80946.245,24234.950999999997,303.81,138.95,50.91,113.93,10,poolAndRewire,,
756,bl_entry 79812.82 > 24234.95,29,27018,50,79812.825,24234.950999999997,305.25,137.42,51.94,115.86,10,poolAndRewire,,
757,bl_entry 79959.90 > 24234.95,17,27035,50,79959.905,24234.950999999997,301.69,138.3,49.51,113.86,10,poolAndRewire,,
758,bl_entry 80136.61 > 24234.95,22,27057,50,80136.61,24234.950999999997,747.08,136.98,49.52,560.56,10,poolAndRewire,,
759,bl_entry 80403.27 > 24234.95,16,27073,50,80403.275,24234.950999999997,302.49,136.62,47.94,117.91,10,poolAndRewire,,
760,bl_entry 80570.55 > 24234.95,12,27085,50,80570.555,24234.950999999997,300.87,136.55,49.44,114.86,10,poolAndRewire,,
761,bl_entry 80549.07 > 24234.95,10,27095,50,80549.075,24234.950999999997,297.77,136.22,46.92,114.61,10,poolAndRewire,,
762,bl_entry 80302.10 > 24234.95,17,27112,50,80302.095,24234.950999999997,299.29,136.12,48.5,114.64,10,poolAndRewire,,
763,bl_entry 79378.34 > 24234.95,22,27134,50,79378.34,24234.950999999997,302.5,136.96,50.62,114.9,10,poolAndRewire,,
764,bl_entry 80106.32 > 24234.95,24,27158,50,80106.325,24234.950999999997,302.76,137.7,50.71,114.32,10,poolAndRewire,,
765,bl_entry 79651.65 > 24234.95,19,27177,50,79651.65,24234.950999999997,303.05,136.91,49.16,116.96,10,poolAndRewire,,
766,bl_entry 80630.88 > 24234.95,13,27190,50,80630.885,24234.950999999997,300.02,136.33,48.0,115.66,10,poolAndRewire,,
767,bl_entry 82251.35 > 24234.95,25,27215,50,82251.355,24234.950999999997,305.41,137.99,50.68,116.71,10,poolAndRewire,,
768,bl_entry 82395.21 > 24234.95,18,27233,50,82395.205,24234.950999999997,298.9,133.67,50.02,115.19,10,poolAndRewire,,
769,bl_entry 81716.55 > 24234.95,20,27253,50,81716.55,24234.950999999997,302.84,137.31,48.81,116.69,10,poolAndRewire,,
770,bl_entry 80918.65 > 24234.95,24,27277,50,80918.645,24234.950999999997,301.27,136.3,50.14,114.8,10,poolAndRewire,,
771,bl_entry 78974.70 > 24234.95,21,27298,50,78974.7,24234.950999999997,733.43,134.77,51.55,547.09,10,poolAndRewire,,
772,bl_entry 78290.91 > 24234.95,20,27318,50,78290.91,24234.950999999997,297.78,134.78,50.14,112.84,10,poolAndRewire,,
773,bl_entry 80514.40 > 24234.95,9,27327,50,80514.405,24234.950999999997,297.41,136.02,47.95,113.42,10,poolAndRewire,,
774,bl_entry 80488.73 > 24234.95,25,27352,50,80488.73,24234.950999999997,297.71,135.83,49.35,112.51,10,poolAndRewire,,
775,bl_entry 81904.76 > 24234.95,11,27363,50,81904.76,24234.950999999997,301.9,135.32,51.6,114.96,10,poolAndRewire,,
776,bl_entry 83299.90 > 24234.95,22,27385,50,83299.895,24234.950999999997,300.36,137.18,50.22,112.93,10,poolAndRewire,,
777,bl_entry 81227.63 > 24234.95,18,27403,50,81227.635,24234.950999999997,298.8,137.9,48.0,112.87,10,poolAndRewire,,
778,bl_entry 82301.90 > 24234.95,14,27417,50,82301.905,24234.950999999997,300.71,137.52,50.15,113.02,10,poolAndRewire,,
779,bl_entry 82259.34 > 24234.95,18,27435,50,82259.34,24234.950999999997,300.9,137.9,50.13,112.84,10,poolAndRewire,,
780,bl_entry 80272.60 > 24234.95,23,27458,50,80272.595,24234.950999999997,296.91,133.2,48.73,114.96,10,poolAndRewire,,
781,bl_entry 80223.07 > 24234.95,24,27482,50,80223.065,24234.950999999997,302.82,139.44,49.67,113.68,10,poolAndRewire,,
782,bl_entry 79090.85 > 24234.95,16,27498,50,79090.845,24234.950999999997,303.19,136.15,50.05,116.97,10,poolAndRewire,,
783,bl_entry 79167.16 > 24234.95,14,27512,50,79167.165,24234.950999999997,303.45,139.37,47.39,116.68,10,poolAndRewire,,
784,bl_entry 80540.10 > 24234.95,22,27534,50,80540.105,24234.950999999997,303.56,138.1,49.57,115.88,10,poolAndRewire,,
785,bl_entry 80408.14 > 24234.95,13,27547,50,80408.14,24234.950999999997,299.13,134.03,48.66,116.41,10,poolAndRewire,,
786,bl_entry 80416.29 > 24234.95,17,27564,50,80416.29,24234.950999999997,304.42,137.12,50.25,117.02,10,poolAndRewire,,
787,bl_entry 81484.74 > 24234.95,22,27586,50,81484.745,24234.950999999997,302.23,136.07,50.16,115.98,10,poolAndRewire,,
788,bl_entry 82175.46 > 24234.95,20,27606,50,82175.46,24234.950999999997,301.88,134.51,49.75,117.6,10,poolAndRewire,,
789,bl_entry 82134.26 > 24234.95,13,27619,50,82134.255,24234.950999999997,733.78,134.62,49.68,549.46,10,poolAndRewire,,
790,bl_entry 82191.71 > 24234.95,22,27641,50,82191.71,24234.950999999997,298.53,132.77,49.19,116.55,10,poolAndRewire,,
791,bl_entry 81260.28 > 24234.95,12,27653,50,81260.28,24234.950999999997,299.02,134.19,49.1,115.71,10,poolAndRewire,,
792,bl_entry 79717.24 > 24234.95,19,27672,50,79717.235,24234.950999999997,302.64,136.19,49.67,116.76,10,poolAndRewire,,
793,bl_entry 80543.52 > 24234.95,20,27692,50,80543.52,24234.950999999997,299.33,134.16,50.06,115.08,10,poolAndRewire,,
794,bl_entry 80474.71 > 24234.95,22,27714,50,80474.715,24234.950999999997,301.01,135.99,48.28,116.72,10,poolAndRewire,,
795,bl_entry 80019.78 > 24234.95,23,27737,50,80019.78,24234.950999999997,306.36,136.32,49.77,120.25,10,poolAndRewire,,
796,bl_entry 79566.46 > 24234.95,14,27751,50,79566.46,24234.950999999997,304.17,135.08,49.68,119.4,10,poolAndRewire,,
797,bl_entry 79701.01 > 24234.95,22,27773,50,79701.015,24234.950999999997,304.54,134.6,51.53,118.39,10,poolAndRewire,,
798,bl_entry 79025.51 > 24234.95,23,27796,50,79025.515,24234.950999999997,303.03,135.39,49.9,117.72,10,poolAndRewire,,
799,bl_entry 79133.12 > 24234.95,24,27820,50,79133.115,24234.950999999997,299.71,133.41,48.37,117.92,10,poolAndRewire,,
800,bl_entry 81047.33 > 24234.95,15,27835,50,81047.33,24234.950999999997,306.94,136.61,50.8,119.5,10,poolAndRewire,,
801,bl_entry 80916.21 > 24234.95,20,27855,50,80916.205,24234.950999999997,299.27,132.74,49.18,117.33,10,poolAndRewire,,
802,bl_entry 82498.01 > 24234.95,13,27868,50,82498.015,24234.950999999997,303.07,135.9,50.17,116.97,10,poolAndRewire,,
803,bl_entry 83491.34 > 24234.95,16,27884,50,83491.34,24234.950999999997,301.51,134.28,50.49,116.71,10,poolAndRewire,,
804,bl_entry 82857.02 > 24234.95,20,27904,50,82857.025,24234.950999999997,746.96,139.43,50.78,556.74,10,poolAndRewire,,
805,bl_entry 82212.46 > 24234.95,17,27921,50,82212.455,24234.950999999997,304.3,136.55,50.9,116.83,10,poolAndRewire,,
806,bl_entry 81876.21 > 24234.95,20,27941,50,81876.21,24234.950999999997,300.29,135.31,48.66,116.3,10,poolAndRewire,,
807,bl_entry 80214.02 > 24234.95,11,27952,50,80214.02,24234.950999999997,302.83,134.88,51.56,116.38,10,poolAndRewire,,
808,bl_entry 78822.38 > 24234.95,16,27968,50,78822.38,24234.950999999997,303.58,132.81,51.27,119.48,10,poolAndRewire,,
809,bl_entry 79710.26 > 24234.95,15,27983,50,79710.255,24234.950999999997,300.88,131.87,48.12,120.87,10,poolAndRewire,,
810,bl_entry 80494.29 > 24234.95,21,28004,50,80494.295,24234.950999999997,310.53,139.09,50.46,120.96,10,poolAndRewire,,
811,bl_entry 81315.26 > 24234.95,22,28026,50,81315.265,24234.950999999997,308.27,138.09,50.94,119.21,10,poolAndRewire,,
812,bl_entry 83331.24 > 24234.95,25,28051,50,83331.245,24234.950999999997,302.44,133.67,47.51,121.24,10,poolAndRewire,,
813,bl_entry 83032.74 > 24234.95,28,28079,50,83032.74,24234.950999999997,309.46,135.58,50.95,122.91,10,poolAndRewire,,
814,bl_entry 81531.09 > 24234.95,16,28095,50,81531.085,24234.950999999997,310.16,140.56,51.09,118.49,10,poolAndRewire,,
815,bl_entry 82226.76 > 24234.95,14,28109,50,82226.76,24234.950999999997,304.83,136.43,49.91,118.46,10,poolAndRewire,,
816,bl_entry 81582.34 > 24234.95,24,28133,50,81582.335,24234.950999999997,307.41,138.72,50.27,118.4,10,poolAndRewire,,
817,bl_entry 81087.76 > 24234.95,17,28150,50,81087.755,24234.950999999997,307.18,138.4,49.99,118.77,10,poolAndRewire,,
818,bl_entry 81550.01 > 24234.95,17,28167,50,81550.015,24234.950999999997,305.26,135.77,51.9,117.57,10,poolAndRewire,,
819,bl_entry 80202.07 > 24234.95,16,28183,50,80202.07,24234.950999999997,297.52,131.24,48.66,117.6,10,poolAndRewire,,
820,bl_entry 80129.46 > 24234.95,25,28208,50,80129.455,24234.950999999997,743.69,137.77,49.47,556.43,10,poolAndRewire,,
821,bl_entry 80008.45 > 24234.95,17,28225,50,80008.445,24234.950999999997,308.76,136.71,50.43,121.6,10,poolAndRewire,,
822,bl_entry 80246.15 > 24234.95,22,28247,50,80246.155,24234.950999999997,310.45,139.36,48.82,122.25,10,poolAndRewire,,
823,bl_entry 80711.70 > 24234.95,21,28268,50,80711.695,24234.950999999997,307.8,134.24,51.83,121.7,10,poolAndRewire,,
824,bl_entry 80354.63 > 24234.95,25,28293,50,80354.635,24234.950999999997,302.55,132.57,49.37,120.59,10,poolAndRewire,,
825,bl_entry 81088.38 > 24234.95,19,28312,50,81088.38,24234.950999999997,306.36,134.06,51.24,121.04,10,poolAndRewire,,
826,bl_entry 80308.81 > 24234.95,16,28328,50,80308.81,24234.950999999997,308.7,136.77,52.96,118.95,10,poolAndRewire,,
827,bl_entry 81462.43 > 24234.95,21,28349,50,81462.425,24234.950999999997,302.04,133.82,47.24,120.96,10,poolAndRewire,,
828,bl_entry 82244.36 > 24234.95,14,28363,50,82244.36,24234.950999999997,307.08,134.39,50.44,122.23,10,poolAndRewire,,
829,bl_entry 81627.70 > 24234.95,24,28387,50,81627.7,24234.950999999997,306.56,134.83,50.28,121.42,10,poolAndRewire,,
830,bl_entry 82172.68 > 24234.95,22,28409,50,82172.675,24234.950999999997,306.45,135.14,48.77,122.52,10,poolAndRewire,,
831,bl_entry 82407.44 > 24234.95,25,28434,50,82407.44,24234.950999999997,307.24,135.5,51.73,119.99,10,poolAndRewire,,
832,bl_entry 83227.00 > 24234.95,11,28445,50,83227.0,24234.950999999997,307.62,138.29,49.29,120.02,10,poolAndRewire,,
833,bl_entry 83922.85 > 24234.95,16,28461,50,83922.855,24234.950999999997,309.61,134.63,51.06,123.9,10,poolAndRewire,,
834,bl_entry 83829.74 > 24234.95,25,28486,50,83829.74,24234.950999999997,303.74,134.45,47.08,122.19,10,poolAndRewire,,
835,bl_entry 82856.29 > 24234.95,16,28502,50,82856.295,24234.950999999997,745.83,138.49,50.12,557.2,10,poolAndRewire,,
836,bl_entry 80071.02 > 24234.95,20,28522,50,80071.025,24234.950999999997,306.44,135.46,48.57,122.39,10,poolAndRewire,,
837,bl_entry 78847.13 > 24234.95,16,28538,50,78847.13,24234.950999999997,310.6,136.23,50.36,123.98,10,poolAndRewire,,
1,bl_entry 43796.38 > 24234.95,220,220,20,43796.375,24234.950999999997,177.18,120.91,30.74,25.51,50,poolAndRewire,,
2,bl_entry 43159.24 > 24234.95,67,287,40,43159.235,24234.950999999997,173.78,121.16,30.16,22.44,50,poolAndRewire,,
3,bl_entry 41208.85 > 24234.95,53,340,50,41208.85,24234.950999999997,176.6,117.2,37.02,22.36,50,poolAndRewire,,
4,bl_entry 42191.22 > 24234.95,73,413,50,42191.225,24234.950999999997,188.89,121.01,45.55,22.31,50,poolAndRewire,,
5,bl_entry 41168.14 > 24234.95,58,471,50,41168.145,24234.950999999997,187.53,118.56,45.91,23.04,50,poolAndRewire,,
6,bl_entry 41945.98 > 24234.95,47,518,50,41945.98,24234.950999999997,189.68,120.3,46.61,22.75,50,poolAndRewire,,
7,bl_entry 42604.44 > 24234.95,55,573,50,42604.44,24234.950999999997,189.69,120.24,46.57,22.85,50,poolAndRewire,,
8,bl_entry 42413.47 > 24234.95,49,622,50,42413.47,24234.950999999997,190.88,120.77,47.44,22.64,50,poolAndRewire,,
9,bl_entry 42190.04 > 24234.95,48,670,50,42190.035,24234.950999999997,189.84,120.48,45.88,23.47,50,poolAndRewire,,
10,bl_entry 41393.83 > 24234.95,48,718,50,41393.83,24234.950999999997,189.66,120.63,45.82,23.19,50,poolAndRewire,,
11,bl_entry 41299.99 > 24234.95,49,767,50,41299.99,24234.950999999997,189.48,120.33,45.87,23.26,50,poolAndRewire,,
12,bl_entry 41502.59 > 24234.95,57,824,50,41502.59,24234.950999999997,191.9,122.68,46.11,23.09,50,poolAndRewire,,
13,bl_entry 42528.74 > 24234.95,49,873,50,42528.74,24234.950999999997,193.04,122.56,46.57,23.88,50,poolAndRewire,,
14,bl_entry 42625.43 > 24234.95,53,926,50,42625.43,24234.950999999997,190.09,120.01,46.69,23.37,50,poolAndRewire,,
15,bl_entry 42758.61 > 24234.95,48,974,50,42758.615,24234.950999999997,188.86,119.01,45.82,24.02,50,poolAndRewire,,
16,bl_entry 42742.80 > 24234.95,49,1023,50,42742.8,24234.950999999997,191.13,121.13,45.74,24.25,50,poolAndRewire,,
17,bl_entry 42110.47 > 24234.95,47,1070,50,42110.475,24234.950999999997,191.39,119.91,46.9,24.55,50,poolAndRewire,,
18,bl_entry 42996.83 > 24234.95,52,1122,50,42996.835,24234.950999999997,191.22,120.45,46.55,24.19,50,poolAndRewire,,
19,bl_entry 41354.64 > 24234.95,47,1169,50,41354.645,24234.950999999997,189.79,119.25,45.82,24.7,50,poolAndRewire,,
20,bl_entry 40648.58 > 24234.95,46,1215,50,40648.585,24234.950999999997,212.34,139.46,47.47,25.37,50,poolAndRewire,,
21,bl_entry 40819.86 > 24234.95,57,1272,50,40819.86,24234.950999999997,196.42,125.66,46.37,24.36,50,poolAndRewire,,
22,bl_entry 39517.42 > 24234.95,51,1323,50,39517.415,24234.950999999997,192.68,121.26,46.98,24.41,50,poolAndRewire,,
23,bl_entry 40751.90 > 24234.95,43,1366,50,40751.905,24234.950999999997,191.27,121.23,45.42,24.6,50,poolAndRewire,,
24,bl_entry 41648.99 > 24234.95,60,1426,50,41648.985,24234.950999999997,193.82,121.97,46.99,24.84,50,poolAndRewire,,
25,bl_entry 40936.76 > 24234.95,51,1477,50,40936.76,24234.950999999997,193.57,121.23,47.19,25.14,50,poolAndRewire,,
26,bl_entry 42086.69 > 24234.95,47,1524,50,42086.695,24234.950999999997,198.18,120.77,51.51,25.87,50,poolAndRewire,,
27,bl_entry 41815.78 > 24234.95,44,1568,50,41815.78,24234.950999999997,211.52,136.95,49.59,24.96,50,poolAndRewire,,
28,bl_entry 41351.98 > 24234.95,55,1623,50,41351.98,24234.950999999997,197.79,124.71,47.71,25.35,50,poolAndRewire,,
29,bl_entry 40892.71 > 24234.95,44,1667,50,40892.705,24234.950999999997,198.98,125.34,48.03,25.59,50,poolAndRewire,,
30,bl_entry 39427.51 > 24234.95,58,1725,50,39427.515,24234.950999999997,193.08,122.11,45.66,25.28,50,poolAndRewire,,
31,bl_entry 39269.22 > 24234.95,42,1767,50,39269.225,24234.950999999997,193.98,121.68,46.89,25.38,50,poolAndRewire,,
32,bl_entry 38567.20 > 24234.95,54,1821,50,38567.2,24234.950999999997,193.15,120.34,46.68,26.11,50,poolAndRewire,,
33,bl_entry 40048.60 > 24234.95,59,1880,50,40048.595,24234.950999999997,201.98,124.56,51.15,26.24,50,poolAndRewire,,
34,bl_entry 40526.17 > 24234.95,55,1935,50,40526.165,24234.950999999997,192.94,120.17,46.62,26.13,50,poolAndRewire,,
35,bl_entry 40694.57 > 24234.95,50,1985,50,40694.575,24234.950999999997,193.18,121.28,45.77,26.11,50,poolAndRewire,,
36,bl_entry 41967.65 > 24234.95,48,2033,50,41967.65,24234.950999999997,193.71,120.98,46.43,26.28,50,poolAndRewire,,
37,bl_entry 41170.61 > 24234.95,60,2093,50,41170.605,24234.950999999997,191.36,118.86,46.42,26.07,50,poolAndRewire,,
38,bl_entry 41825.14 > 24234.95,40,2133,50,41825.135,24234.950999999997,197.67,122.75,48.66,26.24,50,poolAndRewire,,
39,bl_entry 42818.44 > 24234.95,51,2184,50,42818.445,24234.950999999997,208.64,134.24,47.56,26.82,50,poolAndRewire,,
40,bl_entry 41185.05 > 24234.95,45,2229,50,41185.05,24234.950999999997,195.44,122.83,46.18,26.41,50,poolAndRewire,,
41,bl_entry 40667.36 > 24234.95,50,2279,50,40667.365,24234.950999999997,193.68,120.33,46.73,26.6,50,poolAndRewire,,
42,bl_entry 40929.55 > 24234.95,50,2329,50,40929.55,24234.950999999997,192.74,119.8,46.27,26.64,50,poolAndRewire,,
43,bl_entry 39879.42 > 24234.95,46,2375,50,39879.415,24234.950999999997,195.65,121.96,46.86,26.82,50,poolAndRewire,,
44,bl_entry 40676.27 > 24234.95,53,2428,50,40676.27,24234.950999999997,191.87,119.36,45.51,26.97,50,poolAndRewire,,
45,bl_entry 41688.86 > 24234.95,48,2476,50,41688.865,24234.950999999997,212.31,135.28,49.56,27.44,50,poolAndRewire,,
46,bl_entry 41438.94 > 24234.95,47,2523,50,41438.94,24234.950999999997,202.26,127.08,47.89,27.27,50,poolAndRewire,,
47,bl_entry 41972.54 > 24234.95,41,2564,50,41972.545,24234.950999999997,193.62,120.1,46.17,27.32,50,poolAndRewire,,
48,bl_entry 41866.84 > 24234.95,48,2612,50,41866.84,24234.950999999997,198.16,122.69,48.19,27.27,50,poolAndRewire,,
49,bl_entry 41186.74 > 24234.95,44,2656,50,41186.735,24234.950999999997,192.76,120.08,45.29,27.38,50,poolAndRewire,,
50,bl_entry 40627.92 > 24234.95,51,2707,50,40627.915,24234.950999999997,195.41,119.92,47.34,28.12,50,poolAndRewire,,
51,bl_entry 40382.22 > 24234.95,62,2769,50,40382.225,24234.950999999997,204.67,123.14,52.74,28.77,50,poolAndRewire,,
52,bl_entry 41083.33 > 24234.95,46,2815,50,41083.33,24234.950999999997,200.98,124.44,47.81,28.71,50,poolAndRewire,,
53,bl_entry 42129.22 > 24234.95,43,2858,50,42129.225,24234.950999999997,199.89,124.92,46.84,28.11,50,poolAndRewire,,
54,bl_entry 43581.68 > 24234.95,47,2905,50,43581.68,24234.950999999997,197.87,121.1,46.91,29.83,50,poolAndRewire,,
55,bl_entry 43329.11 > 24234.95,49,2954,50,43329.105,24234.950999999997,196.36,120.86,46.84,28.63,50,poolAndRewire,,
56,bl_entry 43380.75 > 24234.95,55,3009,50,43380.745,24234.950999999997,199.09,123.08,47.04,28.95,50,poolAndRewire,,
57,bl_entry 43575.11 > 24234.95,51,3060,50,43575.11,24234.950999999997,198.73,122.41,47.34,28.96,50,poolAndRewire,,
58,bl_entry 48891.56 > 24234.95,50,3110,50,48891.56,24234.950999999997,204.2,124.4,50.97,28.81,50,poolAndRewire,,
59,bl_entry 55194.83 > 24234.95,55,3165,50,55194.835,24234.950999999997,218.55,132.21,54.15,32.18,50,poolAndRewire,,
60,bl_entry 61007.00 > 24234.95,56,3221,50,61006.995,24234.950999999997,215.37,131.1,53.06,31.19,50,poolAndRewire,,
61,bl_entry 67357.86 > 24234.95,45,3266,50,67357.86,24234.950999999997,218.64,136.83,52.81,28.97,50,poolAndRewire,,
62,bl_entry 67420.65 > 24234.95,55,3321,50,67420.655,24234.950999999997,211.06,131.97,49.93,29.14,50,poolAndRewire,,
63,bl_entry 67539.30 > 24234.95,50,3371,50,67539.3,24234.950999999997,213.26,133.0,50.34,29.9,50,poolAndRewire,,
64,bl_entry 67505.66 > 24234.95,41,3412,50,67505.665,24234.950999999997,213.33,132.06,51.28,29.97,50,poolAndRewire,,
65,bl_entry 68011.20 > 24234.95,45,3457,50,68011.2,24234.950999999997,214.02,132.47,51.93,29.6,50,poolAndRewire,,
66,bl_entry 68570.06 > 24234.95,52,3509,50,68570.06,24234.950999999997,214.27,132.74,50.57,30.94,50,poolAndRewire,,
67,bl_entry 68258.97 > 24234.95,50,3559,50,68258.97,24234.950999999997,211.65,132.42,49.61,29.6,50,poolAndRewire,,
68,bl_entry 67862.76 > 24234.95,51,3610,50,67862.76,24234.950999999997,210.94,131.38,49.42,30.12,50,poolAndRewire,,
69,bl_entry 68150.81 > 24234.95,45,3655,50,68150.81,24234.950999999997,214.03,133.29,50.5,30.22,50,poolAndRewire,,
70,bl_entry 66619.70 > 24234.95,46,3701,50,66619.7,24234.950999999997,211.97,131.41,50.57,29.96,50,poolAndRewire,,
71,bl_entry 67401.65 > 24234.95,44,3745,50,67401.655,24234.950999999997,216.98,133.42,52.48,31.05,50,poolAndRewire,,
72,bl_entry 67067.53 > 24234.95,44,3789,50,67067.53,24234.950999999997,212.0,131.63,49.8,30.55,50,poolAndRewire,,
73,bl_entry 65259.76 > 24234.95,71,3860,50,65259.765,24234.950999999997,213.5,131.39,51.37,30.72,50,poolAndRewire,,
74,bl_entry 65950.82 > 24234.95,35,3895,50,65950.825,24234.950999999997,212.53,132.04,49.67,30.8,50,poolAndRewire,,
75,bl_entry 65552.95 > 24234.95,48,3943,50,65552.945,24234.950999999997,211.95,130.52,51.01,30.4,50,poolAndRewire,,
76,bl_entry 67411.04 > 24234.95,46,3989,50,67411.045,24234.950999999997,213.34,130.83,50.69,31.8,50,poolAndRewire,,
77,bl_entry 67544.76 > 24234.95,47,4036,50,67544.765,24234.950999999997,211.51,131.13,49.66,30.7,50,poolAndRewire,,
78,bl_entry 68476.35 > 24234.95,50,4086,50,68476.355,24234.950999999997,216.94,132.71,51.98,32.22,50,poolAndRewire,,
79,bl_entry 69646.23 > 24234.95,48,4134,50,69646.225,24234.950999999997,212.38,131.6,49.85,30.9,50,poolAndRewire,,
80,bl_entry 68911.07 > 24234.95,51,4185,50,68911.065,24234.950999999997,212.65,130.89,50.03,31.71,50,poolAndRewire,,
81,bl_entry 69961.26 > 24234.95,48,4233,50,69961.26,24234.950999999997,213.14,131.35,49.62,32.15,50,poolAndRewire,,
82,bl_entry 70032.90 > 24234.95,53,4286,50,70032.905,24234.950999999997,214.54,132.69,50.52,31.31,50,poolAndRewire,,
83,bl_entry 68828.01 > 24234.95,50,4336,50,68828.005,24234.950999999997,214.44,130.86,50.71,32.85,50,poolAndRewire,,
84,bl_entry 67098.95 > 24234.95,45,4381,50,67098.945,24234.950999999997,214.31,132.86,49.2,32.23,50,poolAndRewire,,
85,bl_entry 65545.57 > 24234.95,47,4428,50,65545.575,24234.950999999997,213.01,130.06,49.72,33.21,50,poolAndRewire,,
86,bl_entry 63970.49 > 24234.95,49,4477,50,63970.49,24234.950999999997,213.83,131.07,50.83,31.91,50,poolAndRewire,,
87,bl_entry 65564.03 > 24234.95,45,4522,50,65564.03,24234.950999999997,216.27,131.6,51.06,33.58,50,poolAndRewire,,
88,bl_entry 67388.54 > 24234.95,46,4568,50,67388.54,24234.950999999997,214.61,130.61,51.13,32.84,50,poolAndRewire,,
89,bl_entry 69230.58 > 24234.95,54,4622,50,69230.58,24234.950999999997,216.39,131.86,50.69,33.82,50,poolAndRewire,,
90,bl_entry 70534.46 > 24234.95,44,4666,50,70534.46,24234.950999999997,216.85,133.77,50.67,32.39,50,poolAndRewire,,
91,bl_entry 68531.64 > 24234.95,40,4706,50,68531.64,24234.950999999997,215.42,130.64,50.51,34.25,50,poolAndRewire,,
92,bl_entry 69920.33 > 24234.95,50,4756,50,69920.33,24234.950999999997,217.69,132.19,51.97,33.51,50,poolAndRewire,,
93,bl_entry 69923.06 > 24234.95,50,4806,50,69923.06,24234.950999999997,217.45,132.32,50.9,34.2,50,poolAndRewire,,
94,bl_entry 70147.66 > 24234.95,46,4852,50,70147.66,24234.950999999997,216.46,132.63,50.8,33.02,50,poolAndRewire,,
95,bl_entry 71474.18 > 24234.95,44,4896,50,71474.18,24234.950999999997,216.33,131.79,49.73,34.8,50,poolAndRewire,,
96,bl_entry 70662.79 > 24234.95,61,4957,50,70662.795,24234.950999999997,216.43,132.94,50.5,32.98,50,poolAndRewire,,
97,bl_entry 70004.76 > 24234.95,42,4999,50,70004.755,24234.950999999997,218.26,132.63,50.83,34.78,50,poolAndRewire,,
98,bl_entry 69585.13 > 24234.95,49,5048,50,69585.135,24234.950999999997,215.16,130.94,50.56,33.64,50,poolAndRewire,,
99,bl_entry 69643.81 > 24234.95,35,5083,50,69643.81,24234.950999999997,217.07,131.75,50.07,35.23,50,poolAndRewire,,
100,bl_entry 69202.62 > 24234.95,46,5129,50,69202.62,24234.950999999997,216.68,132.18,51.04,33.44,50,poolAndRewire,,
101,bl_entry 68392.77 > 24234.95,45,5174,50,68392.775,24234.950999999997,215.32,130.0,50.27,35.03,50,poolAndRewire,,
102,bl_entry 67299.38 > 24234.95,42,5216,50,67299.375,24234.950999999997,213.63,129.7,49.77,34.14,50,poolAndRewire,,
103,bl_entry 68129.70 > 24234.95,52,5268,50,68129.695,24234.950999999997,217.87,130.6,51.11,36.13,50,poolAndRewire,,
104,bl_entry 67785.47 > 24234.95,39,5307,50,67785.47,24234.950999999997,214.83,129.79,50.77,34.25,50,poolAndRewire,,
105,bl_entry 69767.85 > 24234.95,52,5359,50,69767.855,24234.950999999997,218.49,131.37,51.03,36.06,50,poolAndRewire,,
106,bl_entry 71596.66 > 24234.95,47,5406,50,71596.66,24234.950999999997,217.18,133.23,49.66,34.26,50,poolAndRewire,,
107,bl_entry 69987.23 > 24234.95,46,5452,50,69987.23,24234.950999999997,217.68,132.13,49.43,36.1,50,poolAndRewire,,
108,bl_entry 70407.46 > 24234.95,56,5508,50,70407.46,24234.950999999997,215.8,131.65,49.85,34.28,50,poolAndRewire,,
109,bl_entry 68877.48 > 24234.95,48,5556,50,68877.475,24234.950999999997,217.21,131.0,50.18,36.0,50,poolAndRewire,,
110,bl_entry 67703.84 > 24234.95,45,5601,50,67703.835,24234.950999999997,214.54,130.26,49.53,34.72,50,poolAndRewire,,
111,bl_entry 67725.40 > 24234.95,52,5653,50,67725.4,24234.950999999997,219.72,131.09,51.2,37.41,50,poolAndRewire,,
112,bl_entry 67007.11 > 24234.95,42,5695,50,67007.11,24234.950999999997,216.6,131.37,50.5,34.71,50,poolAndRewire,,
113,bl_entry 66360.96 > 24234.95,36,5731,50,66360.965,24234.950999999997,218.28,130.76,50.99,36.51,50,poolAndRewire,,
114,bl_entry 66221.48 > 24234.95,46,5777,50,66221.48,24234.950999999997,219.58,133.86,50.68,35.02,50,poolAndRewire,,
115,bl_entry 66992.71 > 24234.95,44,5821,50,66992.715,24234.950999999997,219.61,131.1,51.92,36.57,50,poolAndRewire,,
116,bl_entry 66218.32 > 24234.95,46,5867,50,66218.325,24234.950999999997,217.22,131.22,50.79,35.18,50,poolAndRewire,,
117,bl_entry 66782.35 > 24234.95,42,5909,50,66782.345,24234.950999999997,218.89,132.43,49.79,36.65,50,poolAndRewire,,
118,bl_entry 63068.33 > 24234.95,49,5958,50,63068.335,24234.950999999997,216.38,131.38,49.04,35.94,50,poolAndRewire,,
119,bl_entry 58372.01 > 24234.95,53,6011,50,58372.015,24234.950999999997,217.43,130.22,48.9,38.29,50,poolAndRewire,,
120,bl_entry 56260.21 > 24234.95,45,6056,50,56260.205,24234.950999999997,215.28,128.26,51.06,35.94,50,poolAndRewire,,
121,bl_entry 53810.64 > 24234.95,48,6104,50,53810.635,24234.950999999997,213.03,125.11,49.46,38.43,50,poolAndRewire,,
122,bl_entry 54562.09 > 24234.95,42,6146,50,54562.09,24234.950999999997,213.33,127.84,49.37,36.1,50,poolAndRewire,,
123,bl_entry 55252.98 > 24234.95,32,6178,50,55252.98,24234.950999999997,214.99,127.76,50.14,37.06,50,poolAndRewire,,
124,bl_entry 54852.31 > 24234.95,47,6225,50,54852.305,24234.950999999997,214.89,128.82,49.59,36.46,50,poolAndRewire,,
125,bl_entry 54072.94 > 24234.95,53,6278,50,54072.94,24234.950999999997,213.93,127.44,49.57,36.9,50,poolAndRewire,,
126,bl_entry 54335.97 > 24234.95,38,6316,50,54335.975,24234.950999999997,209.0,123.32,47.2,38.45,50,poolAndRewire,,
127,bl_entry 53966.86 > 24234.95,43,6359,50,53966.86,24234.950999999997,212.61,126.48,49.33,36.78,50,poolAndRewire,,
128,bl_entry 53527.75 > 24234.95,48,6407,50,53527.75,24234.950999999997,214.22,126.92,48.77,38.51,50,poolAndRewire,,
129,bl_entry 54483.46 > 24234.95,39,6446,50,54483.46,24234.950999999997,212.51,126.02,49.2,37.27,50,poolAndRewire,,
130,bl_entry 53950.60 > 24234.95,40,6486,50,53950.6,24234.950999999997,212.2,126.22,48.57,37.4,50,poolAndRewire,,
131,bl_entry 56390.38 > 24234.95,44,6530,50,56390.375,24234.950999999997,217.44,127.25,51.16,39.01,50,poolAndRewire,,
132,bl_entry 56978.24 > 24234.95,50,6580,50,56978.24,24234.950999999997,213.74,127.62,48.52,37.58,50,poolAndRewire,,
133,bl_entry 56963.18 > 24234.95,40,6620,50,56963.175,24234.950999999997,214.93,126.81,48.75,39.35,50,poolAndRewire,,
134,bl_entry 57785.75 > 24234.95,60,6680,50,57785.745,24234.950999999997,214.33,127.94,48.25,38.12,50,poolAndRewire,,
135,bl_entry 55686.32 > 24234.95,50,6730,50,55686.32,24234.950999999997,216.61,126.9,51.37,38.31,50,poolAndRewire,,
136,bl_entry 56630.00 > 24234.95,47,6777,50,56630.005,24234.950999999997,215.75,128.35,49.58,37.8,50,poolAndRewire,,
137,bl_entry 56019.50 > 24234.95,41,6818,50,56019.505,24234.950999999997,215.78,128.21,49.74,37.81,50,poolAndRewire,,
138,bl_entry 55165.43 > 24234.95,44,6862,50,55165.425,24234.950999999997,991.4,130.56,48.72,812.09,50,poolAndRewire,,
139,bl_entry 56302.89 > 24234.95,44,6906,50,56302.89,24234.950999999997,215.44,126.71,50.33,38.38,50,poolAndRewire,,
140,bl_entry 57257.80 > 24234.95,44,6950,50,57257.8,24234.950999999997,216.07,127.24,49.04,39.77,50,poolAndRewire,,
141,bl_entry 56535.50 > 24234.95,55,7005,50,56535.495,24234.950999999997,216.53,128.64,49.44,38.43,50,poolAndRewire,,
142,bl_entry 55768.94 > 24234.95,36,7041,50,55768.945,24234.950999999997,211.28,124.27,47.57,39.42,50,poolAndRewire,,
143,bl_entry 55562.33 > 24234.95,45,7086,50,55562.33,24234.950999999997,214.9,126.83,49.65,38.4,50,poolAndRewire,,
144,bl_entry 54329.36 > 24234.95,54,7140,50,54329.355,24234.950999999997,216.46,127.93,49.94,38.57,50,poolAndRewire,,
145,bl_entry 55394.43 > 24234.95,56,7196,50,55394.425,24234.950999999997,217.64,127.48,49.08,41.06,50,poolAndRewire,,
146,bl_entry 56334.30 > 24234.95,47,7243,50,56334.3,24234.950999999997,214.89,126.58,48.57,39.72,50,poolAndRewire,,
147,bl_entry 54682.45 > 24234.95,49,7292,50,54682.45,24234.950999999997,215.47,126.89,48.62,39.94,50,poolAndRewire,,
148,bl_entry 54759.75 > 24234.95,43,7335,50,54759.75,24234.950999999997,215.54,126.61,49.77,39.14,50,poolAndRewire,,
149,bl_entry 53790.67 > 24234.95,43,7378,50,53790.67,24234.950999999997,214.04,125.78,48.06,40.17,50,poolAndRewire,,
150,bl_entry 53914.75 > 24234.95,40,7418,50,53914.75,24234.950999999997,219.09,129.53,48.34,41.2,50,poolAndRewire,,
151,bl_entry 53790.40 > 24234.95,48,7466,50,53790.405,24234.950999999997,215.68,126.73,48.48,40.46,50,poolAndRewire,,
152,bl_entry 53145.94 > 24234.95,51,7517,50,53145.94,24234.950999999997,212.53,124.82,47.08,40.6,50,poolAndRewire,,
153,bl_entry 53855.31 > 24234.95,47,7564,50,53855.305,24234.950999999997,216.35,127.15,49.21,39.96,50,poolAndRewire,,
154,bl_entry 53199.00 > 24234.95,40,7604,50,53198.995,24234.950999999997,215.47,126.25,48.74,40.46,50,poolAndRewire,,
155,bl_entry 53250.05 > 24234.95,48,7652,50,53250.05,24234.950999999997,217.15,125.89,48.77,42.47,50,poolAndRewire,,
156,bl_entry 54241.04 > 24234.95,44,7696,50,54241.04,24234.950999999997,216.75,127.62,48.78,40.32,50,poolAndRewire,,
157,bl_entry 53664.67 > 24234.95,47,7743,50,53664.665,24234.950999999997,217.62,126.98,48.73,41.89,50,poolAndRewire,,
158,bl_entry 54429.03 > 24234.95,49,7792,50,54429.03,24234.950999999997,219.1,127.29,48.98,42.8,50,poolAndRewire,,
159,bl_entry 55081.93 > 24234.95,47,7839,50,55081.925,24234.950999999997,215.41,126.26,47.72,41.42,50,poolAndRewire,,
160,bl_entry 53343.43 > 24234.95,51,7890,50,53343.425,24234.950999999997,217.86,127.36,48.16,42.32,50,poolAndRewire,,
161,bl_entry 53860.52 > 24234.95,42,7932,50,53860.52,24234.950999999997,218.72,126.43,48.5,43.76,50,poolAndRewire,,
162,bl_entry 54875.79 > 24234.95,52,7984,50,54875.79,24234.950999999997,217.16,127.14,49.18,40.81,50,poolAndRewire,,
163,bl_entry 55466.07 > 24234.95,52,8036,50,55466.075,24234.950999999997,221.39,129.26,50.13,41.98,50,poolAndRewire,,
164,bl_entry 56691.50 > 24234.95,42,8078,50,56691.5,24234.950999999997,217.99,126.55,48.19,43.23,50,poolAndRewire,,
165,bl_entry 57327.44 > 24234.95,46,8124,50,57327.44,24234.950999999997,220.65,130.33,48.54,41.76,50,poolAndRewire,,
166,bl_entry 56145.08 > 24234.95,45,8169,50,56145.08,24234.950999999997,217.1,126.73,47.53,42.82,50,poolAndRewire,,
167,bl_entry 56218.59 > 24234.95,57,8226,50,56218.59,24234.950999999997,219.36,126.53,49.39,43.43,50,poolAndRewire,,
168,bl_entry 55218.41 > 24234.95,45,8271,50,55218.41,24234.950999999997,217.22,126.84,48.83,41.53,50,poolAndRewire,,
169,bl_entry 54409.78 > 24234.95,45,8316,50,54409.78,24234.950999999997,218.24,127.04,48.49,42.69,50,poolAndRewire,,
170,bl_entry 54557.34 > 24234.95,48,8364,50,54557.34,24234.950999999997,219.29,126.09,48.4,44.78,50,poolAndRewire,,
171,bl_entry 54101.49 > 24234.95,39,8403,50,54101.485,24234.950999999997,223.8,131.92,49.38,42.47,50,poolAndRewire,,
172,bl_entry 55761.75 > 24234.95,44,8447,50,55761.755,24234.950999999997,219.95,127.17,49.76,43.0,50,poolAndRewire,,
173,bl_entry 55904.96 > 24234.95,47,8494,50,55904.955,24234.950999999997,222.08,128.97,49.01,44.07,50,poolAndRewire,,
174,bl_entry 56612.33 > 24234.95,34,8528,50,56612.33,24234.950999999997,219.33,127.2,49.21,42.9,50,poolAndRewire,,
175,bl_entry 56396.10 > 24234.95,34,8562,50,56396.1,24234.950999999997,221.09,127.44,50.3,43.34,50,poolAndRewire,,
176,bl_entry 56117.88 > 24234.95,42,8604,50,56117.875,24234.950999999997,222.51,127.89,49.48,45.12,50,poolAndRewire,,
177,bl_entry 56145.24 > 24234.95,50,8654,50,56145.235,24234.950999999997,221.6,128.19,50.25,43.14,50,poolAndRewire,,
178,bl_entry 54551.95 > 24234.95,37,8691,50,54551.95,24234.950999999997,219.98,128.77,47.09,44.1,50,poolAndRewire,,
179,bl_entry 54338.19 > 24234.95,40,8731,50,54338.19,24234.950999999997,223.03,130.53,46.61,45.88,50,poolAndRewire,,
180,bl_entry 53478.75 > 24234.95,30,8761,50,53478.755,24234.950999999997,216.67,126.17,47.59,42.9,50,poolAndRewire,,
181,bl_entry 51933.51 > 24234.95,34,8795,50,51933.51,24234.950999999997,216.72,125.96,46.35,44.39,50,poolAndRewire,,
182,bl_entry 53401.62 > 24234.95,26,8821,50,53401.62,24234.950999999997,218.49,127.37,46.01,45.09,50,poolAndRewire,,
183,bl_entry 54248.75 > 24234.95,28,8849,50,54248.745,24234.950999999997,218.07,127.14,47.22,43.68,50,poolAndRewire,,
184,bl_entry 53098.25 > 24234.95,31,8880,50,53098.245,24234.950999999997,224.78,126.04,54.08,44.64,50,poolAndRewire,,
185,bl_entry 55164.59 > 24234.95,24,8904,50,55164.59,24234.950999999997,217.91,126.34,46.14,45.41,50,poolAndRewire,,
186,bl_entry 55327.81 > 24234.95,41,8945,50,55327.81,24234.950999999997,216.62,127.05,45.9,43.64,50,poolAndRewire,,
187,bl_entry 54656.25 > 24234.95,38,8983,50,54656.25,24234.950999999997,221.12,129.3,47.4,44.41,50,poolAndRewire,,
188,bl_entry 56057.32 > 24234.95,21,9004,50,56057.315,24234.950999999997,221.96,127.9,47.94,46.11,50,poolAndRewire,,
189,bl_entry 54330.21 > 24234.95,31,9035,50,54330.215,24234.950999999997,217.31,126.52,47.25,43.53,50,poolAndRewire,,
190,bl_entry 54202.00 > 24234.95,27,9062,50,54201.995,24234.950999999997,223.46,131.79,46.76,44.9,50,poolAndRewire,,
191,bl_entry 53456.11 > 24234.95,30,9092,50,53456.115,24234.950999999997,222.62,127.14,48.62,46.84,50,poolAndRewire,,
192,bl_entry 53065.19 > 24234.95,34,9126,50,53065.19,24234.950999999997,215.79,125.35,46.19,44.23,50,poolAndRewire,,
193,bl_entry 53901.92 > 24234.95,31,9157,50,53901.915,24234.950999999997,220.61,126.77,48.97,44.85,50,poolAndRewire,,
194,bl_entry 54144.90 > 24234.95,34,9191,50,54144.9,24234.950999999997,220.97,127.44,47.51,46.0,50,poolAndRewire,,
195,bl_entry 54978.49 > 24234.95,38,9229,50,54978.49,24234.950999999997,227.81,127.39,49.56,50.84,50,poolAndRewire,,
196,bl_entry 55115.17 > 24234.95,30,9259,50,55115.165,24234.950999999997,219.83,127.66,47.36,44.79,50,poolAndRewire,,
197,bl_entry 54676.93 > 24234.95,28,9287,50,54676.935,24234.950999999997,219.36,127.47,46.74,45.12,50,poolAndRewire,,
198,bl_entry 53285.00 > 24234.95,28,9315,50,53285.005,24234.950999999997,217.63,124.96,46.23,46.41,50,poolAndRewire,,
199,bl_entry 52769.01 > 24234.95,34,9349,50,52769.01,24234.950999999997,220.83,126.02,47.4,47.39,50,poolAndRewire,,
200,bl_entry 52705.43 > 24234.95,36,9385,50,52705.43,24234.950999999997,218.77,125.39,48.36,45.01,50,poolAndRewire,,
201,bl_entry 53119.42 > 24234.95,29,9414,50,53119.42,24234.950999999997,219.19,126.46,46.71,45.99,50,poolAndRewire,,
202,bl_entry 54596.30 > 24234.95,29,9443,50,54596.3,24234.950999999997,224.44,127.62,49.52,47.27,50,poolAndRewire,,
203,bl_entry 54751.92 > 24234.95,34,9477,50,54751.915,24234.950999999997,221.29,127.82,45.05,48.41,50,poolAndRewire,,
204,bl_entry 54799.39 > 24234.95,28,9505,50,54799.395,24234.950999999997,220.85,126.68,49.01,45.14,50,poolAndRewire,,
205,bl_entry 55343.49 > 24234.95,26,9531,50,55343.49,24234.950999999997,221.82,128.01,47.58,46.21,50,poolAndRewire,,
206,bl_entry 53232.47 > 24234.95,28,9559,50,53232.475,24234.950999999997,231.4,130.34,46.81,54.23,50,poolAndRewire,,
207,bl_entry 53727.53 > 24234.95,31,9590,50,53727.525,24234.950999999997,223.05,126.48,48.63,47.92,50,poolAndRewire,,
208,bl_entry 53743.74 > 24234.95,31,9621,50,53743.74,24234.950999999997,219.3,127.14,46.24,45.89,50,poolAndRewire,,
209,bl_entry 53068.11 > 24234.95,34,9655,50,53068.105,24234.950999999997,220.95,126.0,47.35,47.58,50,poolAndRewire,,
210,bl_entry 54050.71 > 24234.95,43,9698,50,54050.71,24234.950999999997,221.52,126.92,46.97,47.6,50,poolAndRewire,,
211,bl_entry 54767.42 > 24234.95,23,9721,50,54767.42,24234.950999999997,227.32,126.27,52.43,48.6,50,poolAndRewire,,
212,bl_entry 54088.06 > 24234.95,37,9758,50,54088.055,24234.950999999997,220.68,127.55,47.18,45.93,50,poolAndRewire,,
213,bl_entry 55167.14 > 24234.95,34,9792,50,55167.14,24234.950999999997,220.75,126.36,47.16,47.2,50,poolAndRewire,,
214,bl_entry 56658.82 > 24234.95,32,9824,50,56658.82,24234.950999999997,225.41,128.37,49.65,47.37,50,poolAndRewire,,
215,bl_entry 55904.75 > 24234.95,33,9857,50,55904.755,24234.950999999997,226.65,130.77,47.2,48.66,50,poolAndRewire,,
216,bl_entry 57351.22 > 24234.95,31,9888,50,57351.225,24234.950999999997,927.73,128.68,49.6,749.42,50,poolAndRewire,,
217,bl_entry 56868.82 > 24234.95,38,9926,50,56868.82,24234.950999999997,224.1,129.18,46.47,48.43,50,poolAndRewire,,
218,bl_entry 56580.34 > 24234.95,27,9953,50,56580.34,24234.950999999997,224.83,129.07,47.45,48.3,50,poolAndRewire,,
219,bl_entry 56846.25 > 24234.95,28,9981,50,56846.245,24234.950999999997,225.95,129.75,49.52,46.65,50,poolAndRewire,,
220,bl_entry 56296.28 > 24234.95,34,10015,50,56296.28,24234.950999999997,222.08,127.37,47.38,47.3,50,poolAndRewire,,
221,bl_entry 56258.07 > 24234.95,36,10051,50,56258.065,24234.950999999997,222.92,127.08,47.6,48.22,50,poolAndRewire,,
222,bl_entry 54892.33 > 24234.95,34,10085,50,54892.33,24234.950999999997,222.48,126.61,47.23,48.62,50,poolAndRewire,,
223,bl_entry 54289.72 > 24234.95,28,10113,50,54289.725,24234.950999999997,221.29,126.22,46.13,48.92,50,poolAndRewire,,
224,bl_entry 55470.43 > 24234.95,32,10145,50,55470.435,24234.950999999997,221.32,127.28,46.95,47.07,50,poolAndRewire,,
225,bl_entry 55914.75 > 24234.95,28,10173,50,55914.745,24234.950999999997,222.3,127.32,46.48,48.47,50,poolAndRewire,,
226,bl_entry 55915.46 > 24234.95,32,10205,50,55915.465,24234.950999999997,225.26,128.03,47.93,49.28,50,poolAndRewire,,
227,bl_entry 56708.56 > 24234.95,49,10254,50,56708.56,24234.950999999997,225.23,128.86,48.98,47.37,50,poolAndRewire,,
228,bl_entry 54811.57 > 24234.95,28,10282,50,54811.565,24234.950999999997,223.32,127.72,47.7,47.89,50,poolAndRewire,,
229,bl_entry 53325.62 > 24234.95,33,10315,50,53325.625,24234.950999999997,234.23,126.71,48.85,58.64,50,poolAndRewire,,
230,bl_entry 52877.64 > 24234.95,32,10347,50,52877.645,24234.950999999997,244.89,147.93,46.84,50.11,50,poolAndRewire,,
231,bl_entry 52011.29 > 24234.95,34,10381,50,52011.295,24234.950999999997,228.73,128.53,48.36,51.81,50,poolAndRewire,,
232,bl_entry 51444.31 > 24234.95,22,10403,50,51444.305,24234.950999999997,223.94,127.31,48.39,48.22,50,poolAndRewire,,
233,bl_entry 51614.01 > 24234.95,37,10440,50,51614.015,24234.950999999997,222.62,127.5,46.07,49.04,50,poolAndRewire,,
234,bl_entry 53369.61 > 24234.95,34,10474,50,53369.61,24234.950999999997,224.72,126.51,48.29,49.91,50,poolAndRewire,,
235,bl_entry 54448.10 > 24234.95,24,10498,50,54448.095,24234.950999999997,242.8,143.29,48.45,51.03,50,poolAndRewire,,
236,bl_entry 54060.95 > 24234.95,29,10527,50,54060.95,24234.950999999997,230.56,132.77,46.12,51.65,50,poolAndRewire,,
237,bl_entry 53708.07 > 24234.95,37,10564,50,53708.075,24234.950999999997,226.85,127.51,47.92,51.4,50,poolAndRewire,,
238,bl_entry 52557.54 > 24234.95,35,10599,50,52557.545,24234.950999999997,230.04,130.38,49.13,50.51,50,poolAndRewire,,
239,bl_entry 51427.75 > 24234.95,33,10632,50,51427.75,24234.950999999997,224.63,127.98,47.25,49.39,50,poolAndRewire,,
240,bl_entry 53056.13 > 24234.95,35,10667,50,53056.13,24234.950999999997,231.48,127.64,53.0,50.82,50,poolAndRewire,,
241,bl_entry 53749.61 > 24234.95,32,10699,50,53749.605,24234.950999999997,224.87,130.04,44.33,50.49,50,poolAndRewire,,
242,bl_entry 54549.94 > 24234.95,48,10747,50,54549.94,24234.950999999997,227.85,128.79,47.76,51.27,50,poolAndRewire,,
243,bl_entry 54445.09 > 24234.95,26,10773,50,54445.09,24234.950999999997,228.28,128.33,47.97,51.96,50,poolAndRewire,,
244,bl_entry 54476.38 > 24234.95,25,10798,50,54476.375,24234.950999999997,221.69,125.44,46.07,50.16,50,poolAndRewire,,
245,bl_entry 54264.04 > 24234.95,28,10826,50,54264.04,24234.950999999997,229.33,127.62,46.79,54.89,50,poolAndRewire,,
246,bl_entry 53293.18 > 24234.95,29,10855,50,53293.18,24234.950999999997,233.1,132.98,49.36,50.74,50,poolAndRewire,,
247,bl_entry 54047.13 > 24234.95,25,10880,50,54047.13,24234.950999999997,226.8,128.89,46.38,51.51,50,poolAndRewire,,
248,bl_entry 53300.51 > 24234.95,34,10914,50,53300.51,24234.950999999997,230.25,129.42,49.1,51.7,50,poolAndRewire,,
249,bl_entry 52683.29 > 24234.95,43,10957,50,52683.29,24234.950999999997,228.23,129.33,46.49,52.38,50,poolAndRewire,,
250,bl_entry 53015.49 > 24234.95,27,10984,50,53015.49,24234.950999999997,226.2,126.59,48.73,50.86,50,poolAndRewire,,
251,bl_entry 52742.63 > 24234.95,34,11018,50,52742.63,24234.950999999997,247.92,147.28,49.78,50.84,50,poolAndRewire,,
252,bl_entry 53380.66 > 24234.95,33,11051,50,53380.66,24234.950999999997,226.03,128.05,46.6,51.36,50,poolAndRewire,,
253,bl_entry 54231.50 > 24234.95,39,11090,50,54231.495,24234.950999999997,228.89,127.92,48.39,52.55,50,poolAndRewire,,
254,bl_entry 55377.32 > 24234.95,30,11120,50,55377.325,24234.950999999997,226.74,126.94,47.5,52.28,50,poolAndRewire,,
255,bl_entry 55748.93 > 24234.95,32,11152,50,55748.935,24234.950999999997,226.67,126.4,47.06,53.19,50,poolAndRewire,,
256,bl_entry 56282.53 > 24234.95,28,11180,50,56282.525,24234.950999999997,238.97,136.62,50.41,51.92,50,poolAndRewire,,
257,bl_entry 56865.84 > 24234.95,38,11218,50,56865.84,24234.950999999997,227.94,129.05,47.53,51.34,50,poolAndRewire,,
258,bl_entry 54373.93 > 24234.95,37,11255,50,54373.935,24234.950999999997,227.08,129.25,46.13,51.67,50,poolAndRewire,,
259,bl_entry 53439.71 > 24234.95,31,11286,50,53439.705,24234.950999999997,225.55,127.3,45.46,52.77,50,poolAndRewire,,
260,bl_entry 51621.90 > 24234.95,17,11303,50,51621.905,24234.950999999997,227.42,125.33,48.77,53.29,50,poolAndRewire,,
261,bl_entry 50660.68 > 24234.95,35,11338,50,50660.68,24234.950999999997,229.22,127.77,47.84,53.59,50,poolAndRewire,,
262,bl_entry 51647.58 > 24234.95,36,11374,50,51647.585,24234.950999999997,226.27,126.26,47.81,52.18,50,poolAndRewire,,
263,bl_entry 52718.04 > 24234.95,45,11419,50,52718.04,24234.950999999997,228.33,129.52,46.63,52.16,50,poolAndRewire,,
264,bl_entry 53528.42 > 24234.95,39,11458,50,53528.42,24234.950999999997,232.03,131.56,48.26,52.18,50,poolAndRewire,,
265,bl_entry 54073.86 > 24234.95,32,11490,50,54073.865,24234.950999999997,230.47,127.97,49.18,53.3,50,poolAndRewire,,
266,bl_entry 55121.61 > 24234.95,33,11523,50,55121.615,24234.950999999997,227.94,127.16,46.12,54.64,50,poolAndRewire,,
267,bl_entry 54072.17 > 24234.95,34,11557,50,54072.17,24234.950999999997,230.6,127.82,48.58,54.17,50,poolAndRewire,,
268,bl_entry 54998.22 > 24234.95,38,11595,50,54998.225,24234.950999999997,224.87,126.27,46.84,51.74,50,poolAndRewire,,
269,bl_entry 54561.50 > 24234.95,39,11634,50,54561.5,24234.950999999997,225.15,127.94,44.97,52.21,50,poolAndRewire,,
270,bl_entry 54306.77 > 24234.95,34,11668,50,54306.77,24234.950999999997,229.81,126.87,49.81,53.11,50,poolAndRewire,,
271,bl_entry 55399.74 > 24234.95,24,11692,50,55399.735,24234.950999999997,233.2,132.4,46.69,54.09,50,poolAndRewire,,
272,bl_entry 54724.71 > 24234.95,41,11733,50,54724.715,24234.950999999997,231.43,127.9,48.64,54.87,50,poolAndRewire,,
273,bl_entry 55275.92 > 24234.95,34,11767,50,55275.92,24234.950999999997,232.01,127.74,48.44,55.81,50,poolAndRewire,,
274,bl_entry 56674.17 > 24234.95,28,11795,50,56674.17,24234.950999999997,232.2,128.77,48.82,54.59,50,poolAndRewire,,
275,bl_entry 56433.96 > 24234.95,46,11841,50,56433.955,24234.950999999997,233.04,129.03,48.26,55.73,50,poolAndRewire,,
276,bl_entry 55800.69 > 24234.95,42,11883,50,55800.69,24234.950999999997,233.58,127.78,48.55,57.23,50,poolAndRewire,,
277,bl_entry 56418.93 > 24234.95,31,11914,50,56418.93,24234.950999999997,229.23,128.09,47.67,53.45,50,poolAndRewire,,
278,bl_entry 60900.24 > 24234.95,44,11958,50,60900.235,24234.950999999997,774.83,131.44,53.47,589.9,50,poolAndRewire,,
279,bl_entry 66414.79 > 24234.95,37,11995,50,66414.795,24234.950999999997,237.63,131.18,52.89,53.54,50,poolAndRewire,,
280,bl_entry 74035.82 > 24234.95,32,12027,50,74035.825,24234.950999999997,241.48,134.06,53.1,54.3,50,poolAndRewire,,
281,bl_entry 79531.73 > 24234.95,34,12061,50,79531.725,24234.950999999997,244.62,135.54,53.89,55.16,50,poolAndRewire,,
282,bl_entry 79310.91 > 24234.95,48,12109,50,79310.915,24234.950999999997,246.45,139.22,52.36,54.84,50,poolAndRewire,,
283,bl_entry 79612.92 > 24234.95,41,12150,50,79612.92,24234.950999999997,244.85,136.94,51.95,55.94,50,poolAndRewire,,
284,bl_entry 77667.86 > 24234.95,38,12188,50,77667.86,24234.950999999997,243.16,135.06,52.33,55.75,50,poolAndRewire,,
285,bl_entry 77605.84 > 24234.95,42,12230,50,77605.84,24234.950999999997,245.44,135.47,52.77,57.18,50,poolAndRewire,,
286,bl_entry 77564.65 > 24234.95,33,12263,50,77564.655,24234.950999999997,244.46,134.99,52.83,56.62,50,poolAndRewire,,
287,bl_entry 76985.88 > 24234.95,41,12304,50,76985.88,24234.950999999997,244.9,134.86,52.14,57.89,50,poolAndRewire,,
288,bl_entry 78796.88 > 24234.95,42,12346,50,78796.885,24234.950999999997,240.62,135.21,51.24,54.15,50,poolAndRewire,,
289,bl_entry 80378.57 > 24234.95,36,12382,50,80378.575,24234.950999999997,241.75,135.43,52.17,54.13,50,poolAndRewire,,
290,bl_entry 81882.74 > 24234.95,43,12425,50,81882.735,24234.950999999997,242.28,135.77,52.13,54.35,50,poolAndRewire,,
291,bl_entry 83143.16 > 24234.95,39,12464,50,83143.16,24234.950999999997,244.93,137.44,52.7,54.76,50,poolAndRewire,,
292,bl_entry 82361.76 > 24234.95,36,12500,50,82361.76,24234.950999999997,245.68,135.79,54.24,55.62,50,poolAndRewire,,
293,bl_entry 81730.18 > 24234.95,39,12539,50,81730.185,24234.950999999997,244.53,136.14,52.48,55.89,50,poolAndRewire,,
294,bl_entry 80058.72 > 24234.95,31,12570,50,80058.72,24234.950999999997,247.09,138.23,52.63,56.21,50,poolAndRewire,,
295,bl_entry 79356.13 > 24234.95,39,12609,50,79356.13,24234.950999999997,245.89,136.62,52.45,56.8,50,poolAndRewire,,
296,bl_entry 78603.65 > 24234.95,27,12636,50,78603.65,24234.950999999997,245.47,136.02,51.64,57.79,50,poolAndRewire,,
297,bl_entry 77482.68 > 24234.95,40,12676,50,77482.675,24234.950999999997,246.3,136.47,52.37,57.44,50,poolAndRewire,,
298,bl_entry 76933.05 > 24234.95,37,12713,50,76933.055,24234.950999999997,246.6,136.17,51.93,58.48,50,poolAndRewire,,
299,bl_entry 76712.40 > 24234.95,33,12746,50,76712.405,24234.950999999997,241.43,131.83,51.52,58.06,50,poolAndRewire,,
300,bl_entry 77856.37 > 24234.95,39,12785,50,77856.365,24234.950999999997,242.68,134.6,51.66,56.4,50,poolAndRewire,,
301,bl_entry 78006.02 > 24234.95,37,12822,50,78006.025,24234.950999999997,243.07,135.18,52.51,55.35,50,poolAndRewire,,
302,bl_entry 78028.76 > 24234.95,36,12858,50,78028.76,24234.950999999997,243.59,135.32,52.13,56.12,50,poolAndRewire,,
303,bl_entry 78070.10 > 24234.95,39,12897,50,78070.095,24234.950999999997,245.22,136.61,52.28,56.31,50,poolAndRewire,,
304,bl_entry 77510.71 > 24234.95,38,12935,50,77510.715,24234.950999999997,241.49,132.92,51.45,57.11,50,poolAndRewire,,
305,bl_entry 77512.02 > 24234.95,45,12980,50,77512.025,24234.950999999997,245.38,135.84,52.36,57.16,50,poolAndRewire,,
306,bl_entry 78959.62 > 24234.95,34,13014,50,78959.615,24234.950999999997,243.38,135.23,50.51,57.62,50,poolAndRewire,,
307,bl_entry 79904.26 > 24234.95,37,13051,50,79904.255,24234.950999999997,246.79,136.57,52.33,57.87,50,poolAndRewire,,
308,bl_entry 80597.66 > 24234.95,42,13093,50,80597.66,24234.950999999997,247.96,136.98,52.72,58.24,50,poolAndRewire,,
309,bl_entry 81196.84 > 24234.95,35,13128,50,81196.835,24234.950999999997,242.75,133.58,51.03,58.12,50,poolAndRewire,,
310,bl_entry 81177.60 > 24234.95,42,13170,50,81177.6,24234.950999999997,246.91,135.99,52.45,58.44,50,poolAndRewire,,
311,bl_entry 81182.59 > 24234.95,41,13211,50,81182.585,24234.950999999997,246.63,135.1,53.41,58.1,50,poolAndRewire,,
312,bl_entry 80906.54 > 24234.95,40,13251,50,80906.545,24234.950999999997,245.71,136.3,50.78,58.61,50,poolAndRewire,,
313,bl_entry 79966.12 > 24234.95,30,13281,50,79966.12,24234.950999999997,247.18,135.63,52.96,58.58,50,poolAndRewire,,
314,bl_entry 79556.63 > 24234.95,35,13316,50,79556.635,24234.950999999997,246.89,136.33,51.78,58.75,50,poolAndRewire,,
315,bl_entry 79295.62 > 24234.95,34,13350,50,79295.615,24234.950999999997,247.43,135.92,52.89,58.59,50,poolAndRewire,,
316,bl_entry 79288.47 > 24234.95,38,13388,50,79288.47,24234.950999999997,246.8,135.09,52.15,59.53,50,poolAndRewire,,
317,bl_entry 79453.35 > 24234.95,29,13417,50,79453.35,24234.950999999997,248.34,135.19,53.36,59.78,50,poolAndRewire,,
318,bl_entry 78708.40 > 24234.95,43,13460,50,78708.4,24234.950999999997,248.12,135.29,51.87,60.93,50,poolAndRewire,,
319,bl_entry 79068.49 > 24234.95,30,13490,50,79068.495,24234.950999999997,244.96,133.15,52.83,58.96,50,poolAndRewire,,
320,bl_entry 79216.64 > 24234.95,28,13518,50,79216.64,24234.950999999997,246.65,135.09,52.46,59.08,50,poolAndRewire,,
321,bl_entry 80671.74 > 24234.95,37,13555,50,80671.745,24234.950999999997,247.65,135.58,52.64,59.41,50,poolAndRewire,,
322,bl_entry 80842.65 > 24234.95,42,13597,50,80842.655,24234.950999999997,244.72,133.54,51.91,59.25,50,poolAndRewire,,
323,bl_entry 79783.62 > 24234.95,35,13632,50,79783.62,24234.950999999997,246.55,135.39,51.33,59.8,50,poolAndRewire,,
324,bl_entry 80213.42 > 24234.95,39,13671,50,80213.42,24234.950999999997,251.02,138.03,53.11,59.85,50,poolAndRewire,,
325,bl_entry 78706.29 > 24234.95,30,13701,50,78706.285,24234.950999999997,251.03,137.12,52.29,61.6,50,poolAndRewire,,
326,bl_entry 80739.88 > 24234.95,35,13736,50,80739.88,24234.950999999997,250.54,138.78,51.57,60.16,50,poolAndRewire,,
327,bl_entry 80562.07 > 24234.95,41,13777,50,80562.065,24234.950999999997,247.18,135.38,51.68,60.11,50,poolAndRewire,,
328,bl_entry 79283.68 > 24234.95,34,13811,50,79283.675,24234.950999999997,244.97,133.21,51.6,60.14,50,poolAndRewire,,
329,bl_entry 79152.74 > 24234.95,38,13849,50,79152.735,24234.950999999997,245.16,133.65,51.06,60.42,50,poolAndRewire,,
330,bl_entry 77964.07 > 24234.95,38,13887,50,77964.075,24234.950999999997,248.39,134.9,53.05,60.42,50,poolAndRewire,,
331,bl_entry 78251.16 > 24234.95,35,13922,50,78251.165,24234.950999999997,706.28,134.7,52.61,518.95,50,poolAndRewire,,
332,bl_entry 79235.65 > 24234.95,30,13952,50,79235.655,24234.950999999997,247.08,134.59,52.17,60.3,50,poolAndRewire,,
333,bl_entry 79991.79 > 24234.95,39,13991,50,79991.795,24234.950999999997,248.51,135.02,52.23,61.23,50,poolAndRewire,,
334,bl_entry 80338.74 > 24234.95,43,14034,50,80338.735,24234.950999999997,248.43,134.66,52.93,60.82,50,poolAndRewire,,
335,bl_entry 81721.54 > 24234.95,38,14072,50,81721.545,24234.950999999997,250.03,136.5,52.41,61.1,50,poolAndRewire,,
336,bl_entry 81138.51 > 24234.95,38,14110,50,81138.515,24234.950999999997,247.88,133.91,51.81,62.13,50,poolAndRewire,,
337,bl_entry 80033.66 > 24234.95,38,14148,50,80033.665,24234.950999999997,250.22,136.4,52.2,61.61,50,poolAndRewire,,
338,bl_entry 77382.82 > 24234.95,43,14191,50,77382.815,24234.950999999997,245.08,133.6,50.14,61.32,50,poolAndRewire,,
339,bl_entry 74721.38 > 24234.95,34,14225,50,74721.385,24234.950999999997,247.29,133.42,52.25,61.6,50,poolAndRewire,,
340,bl_entry 73043.58 > 24234.95,47,14272,50,73043.58,24234.950999999997,246.74,133.52,50.4,62.79,50,poolAndRewire,,
341,bl_entry 71428.96 > 24234.95,44,14316,50,71428.96,24234.950999999997,247.01,132.96,52.09,61.94,50,poolAndRewire,,
342,bl_entry 72387.96 > 24234.95,42,14358,50,72387.965,24234.950999999997,245.77,132.59,50.86,62.31,50,poolAndRewire,,
343,bl_entry 72344.01 > 24234.95,38,14396,50,72344.005,24234.950999999997,249.51,134.61,53.25,61.64,50,poolAndRewire,,
344,bl_entry 71406.57 > 24234.95,40,14436,50,71406.565,24234.950999999997,247.96,135.07,51.09,61.77,50,poolAndRewire,,
345,bl_entry 71864.42 > 24234.95,44,14480,50,71864.42,24234.950999999997,248.27,134.17,52.58,61.5,50,poolAndRewire,,
346,bl_entry 70047.11 > 24234.95,33,14513,50,70047.11,24234.950999999997,246.48,133.48,51.17,61.81,50,poolAndRewire,,
347,bl_entry 69835.22 > 24234.95,40,14553,50,69835.22,24234.950999999997,246.55,133.75,51.58,61.2,50,poolAndRewire,,
348,bl_entry 70368.12 > 24234.95,42,14595,50,70368.115,24234.950999999997,248.78,133.54,50.98,64.24,50,poolAndRewire,,
349,bl_entry 68910.24 > 24234.95,38,14633,50,68910.235,24234.950999999997,248.25,131.54,52.46,64.23,50,poolAndRewire,,
350,bl_entry 69914.13 > 24234.95,32,14665,50,69914.13,24234.950999999997,248.93,133.04,51.53,64.34,50,poolAndRewire,,
351,bl_entry 69233.45 > 24234.95,39,14704,50,69233.45,24234.950999999997,247.33,131.99,51.61,63.71,50,poolAndRewire,,
352,bl_entry 69312.38 > 24234.95,40,14744,50,69312.375,24234.950999999997,247.97,132.3,51.07,64.57,50,poolAndRewire,,
353,bl_entry 69027.77 > 24234.95,38,14782,50,69027.77,24234.950999999997,243.96,130.76,49.72,63.46,50,poolAndRewire,,
354,bl_entry 69172.44 > 24234.95,39,14821,50,69172.44,24234.950999999997,246.43,132.14,50.89,63.38,50,poolAndRewire,,
355,bl_entry 68579.61 > 24234.95,38,14859,50,68579.61,24234.950999999997,247.21,133.34,50.73,63.11,50,poolAndRewire,,
356,bl_entry 68415.87 > 24234.95,30,14889,50,68415.865,24234.950999999997,245.81,132.36,50.3,63.13,50,poolAndRewire,,
357,bl_entry 69637.91 > 24234.95,35,14924,50,69637.91,24234.950999999997,248.33,133.44,52.0,62.86,50,poolAndRewire,,
358,bl_entry 68974.55 > 24234.95,30,14954,50,68974.555,24234.950999999997,247.51,132.78,51.94,62.77,50,poolAndRewire,,
359,bl_entry 70108.38 > 24234.95,48,15002,50,70108.385,24234.950999999997,246.54,133.54,50.86,62.13,50,poolAndRewire,,
360,bl_entry 70602.45 > 24234.95,33,15035,50,70602.445,24234.950999999997,249.21,131.48,51.88,65.82,50,poolAndRewire,,
361,bl_entry 70728.40 > 24234.95,30,15065,50,70728.405,24234.950999999997,254.51,137.11,52.12,65.25,50,poolAndRewire,,
362,bl_entry 70373.26 > 24234.95,36,15101,50,70373.265,24234.950999999997,248.26,132.08,50.14,66.03,50,poolAndRewire,,
363,bl_entry 69260.73 > 24234.95,43,15144,50,69260.725,24234.950999999997,248.04,132.2,50.91,64.92,50,poolAndRewire,,
364,bl_entry 68586.18 > 24234.95,38,15182,50,68586.185,24234.950999999997,248.9,132.99,50.37,65.5,50,poolAndRewire,,
365,bl_entry 68639.70 > 24234.95,38,15220,50,68639.695,24234.950999999997,249.46,133.67,50.82,64.96,50,poolAndRewire,,
366,bl_entry 69048.30 > 24234.95,33,15253,50,69048.3,24234.950999999997,248.59,133.08,50.37,65.12,50,poolAndRewire,,
367,bl_entry 70611.52 > 24234.95,51,15304,50,70611.52,24234.950999999997,247.69,132.97,50.26,64.43,50,poolAndRewire,,
368,bl_entry 70824.14 > 24234.95,35,15339,50,70824.14,24234.950999999997,252.25,132.68,50.84,68.72,50,poolAndRewire,,
369,bl_entry 71993.29 > 24234.95,42,15381,50,71993.285,24234.950999999997,249.43,133.18,52.26,63.97,50,poolAndRewire,,
370,bl_entry 71205.99 > 24234.95,42,15423,50,71205.985,24234.950999999997,247.47,132.16,51.3,63.99,50,poolAndRewire,,
371,bl_entry 70077.63 > 24234.95,40,15463,50,70077.635,24234.950999999997,246.44,132.02,50.6,63.8,50,poolAndRewire,,
372,bl_entry 70854.73 > 24234.95,48,15511,50,70854.73,24234.950999999997,249.68,132.33,50.88,66.45,50,poolAndRewire,,
373,bl_entry 69446.37 > 24234.95,33,15544,50,69446.365,24234.950999999997,254.5,131.35,51.31,71.82,50,poolAndRewire,,
374,bl_entry 69013.44 > 24234.95,37,15581,50,69013.44,24234.950999999997,803.37,132.16,51.15,620.03,50,poolAndRewire,,
375,bl_entry 69202.97 > 24234.95,49,15630,50,69202.97,24234.950999999997,252.01,132.94,52.53,66.52,50,poolAndRewire,,
376,bl_entry 68559.52 > 24234.95,32,15662,50,68559.52,24234.950999999997,255.6,133.11,50.37,72.09,50,poolAndRewire,,
377,bl_entry 69090.85 > 24234.95,42,15704,50,69090.845,24234.950999999997,250.33,131.86,51.59,66.85,50,poolAndRewire,,
378,bl_entry 70911.62 > 24234.95,32,15736,50,70911.62,24234.950999999997,252.37,134.82,51.51,66.02,50,poolAndRewire,,
379,bl_entry 71852.32 > 24234.95,37,15773,50,71852.32,24234.950999999997,249.51,132.94,50.65,65.9,50,poolAndRewire,,
380,bl_entry 72252.88 > 24234.95,43,15816,50,72252.885,24234.950999999997,247.64,131.16,51.05,65.4,50,poolAndRewire,,
381,bl_entry 72146.42 > 24234.95,27,15843,50,72146.42,24234.950999999997,257.44,132.2,51.55,73.66,50,poolAndRewire,,
382,bl_entry 72254.35 > 24234.95,38,15881,50,72254.355,24234.950999999997,250.33,131.62,50.51,68.17,50,poolAndRewire,,
383,bl_entry 71975.18 > 24234.95,38,15919,50,71975.175,24234.950999999997,249.22,130.93,51.16,67.12,50,poolAndRewire,,
384,bl_entry 71831.62 > 24234.95,38,15957,50,71831.62,24234.950999999997,251.3,132.59,50.52,68.17,50,poolAndRewire,,
385,bl_entry 70427.25 > 24234.95,40,15997,50,70427.25,24234.950999999997,250.49,133.06,51.1,66.31,50,poolAndRewire,,
386,bl_entry 70850.47 > 24234.95,28,16025,50,70850.47,24234.950999999997,252.26,134.91,51.37,65.96,50,poolAndRewire,,
387,bl_entry 71438.62 > 24234.95,38,16063,50,71438.625,24234.950999999997,253.66,132.69,51.09,69.85,50,poolAndRewire,,
388,bl_entry 72247.24 > 24234.95,34,16097,50,72247.235,24234.950999999997,252.33,132.78,50.88,68.65,50,poolAndRewire,,
389,bl_entry 73627.11 > 24234.95,37,16134,50,73627.11,24234.950999999997,249.92,132.34,49.54,68.01,50,poolAndRewire,,
390,bl_entry 72794.71 > 24234.95,43,16177,50,72794.715,24234.950999999997,252.83,134.14,51.08,67.58,50,poolAndRewire,,
391,bl_entry 72742.88 > 24234.95,33,16210,50,72742.88,24234.950999999997,260.78,135.58,52.04,73.13,50,poolAndRewire,,
392,bl_entry 70954.38 > 24234.95,40,16250,50,70954.375,24234.950999999997,248.65,132.37,49.36,66.9,50,poolAndRewire,,
393,bl_entry 69971.40 > 24234.95,42,16292,50,69971.395,24234.950999999997,252.51,132.13,50.87,69.49,50,poolAndRewire,,
394,bl_entry 69902.60 > 24234.95,36,16328,50,69902.595,24234.950999999997,253.51,133.12,51.17,69.2,50,poolAndRewire,,
395,bl_entry 69271.13 > 24234.95,31,16359,50,69271.13,24234.950999999997,252.46,132.0,50.17,70.27,50,poolAndRewire,,
396,bl_entry 70643.90 > 24234.95,40,16399,50,70643.895,24234.950999999997,251.39,132.81,50.32,68.24,50,poolAndRewire,,
397,bl_entry 70288.23 > 24234.95,38,16437,50,70288.225,24234.950999999997,250.77,132.68,50.69,67.37,50,poolAndRewire,,
398,bl_entry 69292.27 > 24234.95,33,16470,50,69292.275,24234.950999999997,251.57,132.22,50.14,69.19,50,poolAndRewire,,
399,bl_entry 66606.35 > 24234.95,40,16510,50,66606.35,24234.950999999997,251.28,131.7,49.69,69.86,50,poolAndRewire,,
400,bl_entry 64320.25 > 24234.95,36,16546,50,64320.255,24234.950999999997,252.8,130.67,50.12,72.0,50,poolAndRewire,,
401,bl_entry 63660.68 > 24234.95,32,16578,50,63660.675,24234.950999999997,251.72,131.86,50.27,69.57,50,poolAndRewire,,
402,bl_entry 61421.43 > 24234.95,38,16616,50,61421.435,24234.950999999997,249.45,130.43,50.5,68.5,50,poolAndRewire,,
403,bl_entry 61755.72 > 24234.95,36,16652,50,61755.72,24234.950999999997,246.85,129.01,49.25,68.56,50,poolAndRewire,,
404,bl_entry 62226.60 > 24234.95,40,16692,50,62226.595,24234.950999999997,247.48,130.61,49.38,67.47,50,poolAndRewire,,
405,bl_entry 63146.79 > 24234.95,35,16727,50,63146.79,24234.950999999997,251.17,130.01,50.33,70.81,50,poolAndRewire,,
406,bl_entry 65231.65 > 24234.95,49,16776,50,65231.65,24234.950999999997,248.92,128.79,49.67,70.44,50,poolAndRewire,,
407,bl_entry 65605.26 > 24234.95,36,16812,50,65605.255,24234.950999999997,251.34,129.81,50.41,71.09,50,poolAndRewire,,
408,bl_entry 64625.65 > 24234.95,35,16847,50,64625.655,24234.950999999997,250.19,131.03,49.74,69.41,50,poolAndRewire,,
409,bl_entry 64107.43 > 24234.95,35,16882,50,64107.435,24234.950999999997,251.95,131.71,51.41,68.8,50,poolAndRewire,,
410,bl_entry 63822.11 > 24234.95,41,16923,50,63822.105,24234.950999999997,250.88,130.65,51.83,68.38,50,poolAndRewire,,
411,bl_entry 62357.98 > 24234.95,41,16964,50,62357.98,24234.950999999997,252.81,130.72,49.59,72.47,50,poolAndRewire,,
412,bl_entry 62891.93 > 24234.95,35,16999,50,62891.935,24234.950999999997,889.09,129.31,49.21,710.56,50,poolAndRewire,,
413,bl_entry 62860.62 > 24234.95,39,17038,50,62860.625,24234.950999999997,249.58,129.07,48.96,71.53,50,poolAndRewire,,
414,bl_entry 62779.47 > 24234.95,39,17077,50,62779.475,24234.950999999997,252.53,131.33,51.06,70.11,50,poolAndRewire,,
415,bl_entry 64337.07 > 24234.95,36,17113,50,64337.07,24234.950999999997,253.66,129.25,50.17,74.22,50,poolAndRewire,,
416,bl_entry 64112.90 > 24234.95,45,17158,50,64112.905,24234.950999999997,250.19,128.28,49.4,72.48,50,poolAndRewire,,
417,bl_entry 64840.17 > 24234.95,44,17202,50,64840.17,24234.950999999997,278.17,153.8,51.54,72.8,50,poolAndRewire,,
418,bl_entry 64039.86 > 24234.95,52,17254,50,64039.855,24234.950999999997,254.0,131.61,50.74,71.63,50,poolAndRewire,,
419,bl_entry 63758.54 > 24234.95,36,17290,50,63758.545,24234.950999999997,256.04,132.23,50.7,73.09,50,poolAndRewire,,
420,bl_entry 63498.44 > 24234.95,35,17325,50,63498.445,24234.950999999997,257.17,133.01,50.27,73.88,50,poolAndRewire,,
421,bl_entry 63259.53 > 24234.95,37,17362,50,63259.53,24234.950999999997,261.21,133.0,50.86,77.33,50,poolAndRewire,,
422,bl_entry 63886.04 > 24234.95,40,17402,50,63886.045,24234.950999999997,273.09,149.61,50.8,72.66,50,poolAndRewire,,
423,bl_entry 63271.75 > 24234.95,45,17447,50,63271.755,24234.950999999997,257.66,132.09,51.58,73.97,50,poolAndRewire,,
424,bl_entry 63141.01 > 24234.95,32,17479,50,63141.01,24234.950999999997,254.02,130.32,50.92,72.75,50,poolAndRewire,,
425,bl_entry 61985.28 > 24234.95,40,17519,50,61985.275,24234.950999999997,256.13,132.61,50.99,72.51,50,poolAndRewire,,
426,bl_entry 62155.73 > 24234.95,39,17558,50,62155.73,24234.950999999997,263.49,133.18,56.57,73.71,50,poolAndRewire,,
427,bl_entry 62223.39 > 24234.95,39,17597,50,62223.395,24234.950999999997,257.32,131.75,49.56,75.98,50,poolAndRewire,,
428,bl_entry 63279.46 > 24234.95,37,17634,50,63279.465,24234.950999999997,257.23,132.83,50.48,73.89,50,poolAndRewire,,
429,bl_entry 62879.43 > 24234.95,38,17672,50,62879.425,24234.950999999997,257.91,133.8,51.09,72.99,50,poolAndRewire,,
430,bl_entry 62744.32 > 24234.95,35,17707,50,62744.325,24234.950999999997,252.24,130.91,49.5,71.8,50,poolAndRewire,,
431,bl_entry 62880.43 > 24234.95,42,17749,50,62880.43,24234.950999999997,264.89,139.8,49.48,75.59,50,poolAndRewire,,
432,bl_entry 63160.26 > 24234.95,41,17790,50,63160.265,24234.950999999997,258.6,133.41,51.85,73.32,50,poolAndRewire,,
433,bl_entry 64910.36 > 24234.95,43,17833,50,64910.355,24234.950999999997,258.29,132.54,52.09,73.64,50,poolAndRewire,,
434,bl_entry 64011.11 > 24234.95,40,17873,50,64011.115,24234.950999999997,254.4,131.78,50.08,72.52,50,poolAndRewire,,
435,bl_entry 63663.36 > 24234.95,39,17912,50,63663.365,24234.950999999997,259.0,132.06,51.07,75.85,50,poolAndRewire,,
436,bl_entry 63937.43 > 24234.95,40,17952,50,63937.43,24234.950999999997,280.43,152.35,53.02,75.04,50,poolAndRewire,,
437,bl_entry 64280.68 > 24234.95,30,17982,50,64280.675,24234.950999999997,257.56,132.49,51.29,73.76,50,poolAndRewire,,
438,bl_entry 64851.32 > 24234.95,42,18024,50,64851.325,24234.950999999997,257.15,134.33,50.4,72.4,50,poolAndRewire,,
439,bl_entry 64417.85 > 24234.95,36,18060,50,64417.85,24234.950999999997,258.11,132.25,50.53,75.31,50,poolAndRewire,,
440,bl_entry 62493.01 > 24234.95,40,18100,50,62493.015,24234.950999999997,256.2,129.58,48.9,77.71,50,poolAndRewire,,
441,bl_entry 60478.50 > 24234.95,41,18141,50,60478.505,24234.950999999997,258.63,133.75,50.58,74.28,50,poolAndRewire,,
442,bl_entry 60809.45 > 24234.95,34,18175,50,60809.45,24234.950999999997,254.72,131.16,50.42,73.13,50,poolAndRewire,,
443,bl_entry 61942.44 > 24234.95,51,18226,50,61942.44,24234.950999999997,802.09,129.42,50.41,622.24,50,poolAndRewire,,
444,bl_entry 62803.32 > 24234.95,44,18270,50,62803.315,24234.950999999997,257.9,131.37,51.4,75.11,50,poolAndRewire,,
445,bl_entry 63589.39 > 24234.95,34,18304,50,63589.385,24234.950999999997,256.14,131.89,49.8,74.43,50,poolAndRewire,,
446,bl_entry 63401.60 > 24234.95,46,18350,50,63401.6,24234.950999999997,259.07,133.57,51.48,73.99,50,poolAndRewire,,
447,bl_entry 62711.85 > 24234.95,40,18390,50,62711.845,24234.950999999997,257.61,131.46,49.45,76.68,50,poolAndRewire,,
448,bl_entry 62196.50 > 24234.95,42,18432,50,62196.505,24234.950999999997,257.2,131.12,50.47,75.59,50,poolAndRewire,,
449,bl_entry 62888.97 > 24234.95,42,18474,50,62888.975,24234.950999999997,255.71,129.72,51.11,74.86,50,poolAndRewire,,
450,bl_entry 62867.82 > 24234.95,39,18513,50,62867.82,24234.950999999997,256.78,130.24,49.56,76.96,50,poolAndRewire,,
451,bl_entry 63630.85 > 24234.95,36,18549,50,63630.85,24234.950999999997,257.93,131.02,50.84,76.04,50,poolAndRewire,,
452,bl_entry 64350.68 > 24234.95,34,18583,50,64350.675,24234.950999999997,257.75,132.72,49.79,75.2,50,poolAndRewire,,
453,bl_entry 63228.58 > 24234.95,42,18625,50,63228.58,24234.950999999997,258.55,131.78,49.67,77.08,50,poolAndRewire,,
454,bl_entry 63663.14 > 24234.95,38,18663,50,63663.14,24234.950999999997,257.29,129.94,50.78,76.54,50,poolAndRewire,,
455,bl_entry 62650.24 > 24234.95,27,18690,50,62650.235,24234.950999999997,253.93,129.63,48.54,75.74,50,poolAndRewire,,
456,bl_entry 61666.42 > 24234.95,43,18733,50,61666.42,24234.950999999997,258.73,131.39,49.48,77.84,50,poolAndRewire,,
457,bl_entry 61663.16 > 24234.95,43,18776,50,61663.16,24234.950999999997,255.66,128.75,50.04,76.85,50,poolAndRewire,,
458,bl_entry 61033.57 > 24234.95,26,18802,50,61033.565,24234.950999999997,255.91,130.08,49.59,76.22,50,poolAndRewire,,
459,bl_entry 61883.61 > 24234.95,25,18827,50,61883.605,24234.950999999997,257.92,129.53,50.44,77.93,50,poolAndRewire,,
460,bl_entry 62106.21 > 24234.95,31,18858,50,62106.21,24234.950999999997,258.42,130.65,50.22,77.53,50,poolAndRewire,,
461,bl_entry 61986.76 > 24234.95,25,18883,50,61986.76,24234.950999999997,256.3,130.3,49.25,76.73,50,poolAndRewire,,
462,bl_entry 62410.32 > 24234.95,24,18907,50,62410.325,24234.950999999997,262.34,133.76,50.57,77.99,50,poolAndRewire,,
463,bl_entry 62024.26 > 24234.95,21,18928,50,62024.26,24234.950999999997,257.53,131.47,48.44,77.6,50,poolAndRewire,,
464,bl_entry 63226.11 > 24234.95,30,18958,50,63226.105,24234.950999999997,254.27,129.93,48.25,76.05,50,poolAndRewire,,
465,bl_entry 63653.18 > 24234.95,30,18988,50,63653.18,24234.950999999997,258.99,131.33,49.12,78.52,50,poolAndRewire,,
466,bl_entry 63022.19 > 24234.95,29,19017,50,63022.19,24234.950999999997,257.55,131.25,47.29,78.98,50,poolAndRewire,,
467,bl_entry 64093.21 > 24234.95,23,19040,50,64093.21,24234.950999999997,257.01,131.3,49.11,76.57,50,poolAndRewire,,
468,bl_entry 63857.00 > 24234.95,23,19063,50,63856.995,24234.950999999997,260.19,130.3,49.64,80.23,50,poolAndRewire,,
469,bl_entry 64545.39 > 24234.95,28,19091,50,64545.39,24234.950999999997,257.22,130.79,48.22,78.2,50,poolAndRewire,,
470,bl_entry 65742.41 > 24234.95,22,19113,50,65742.41,24234.950999999997,725.86,131.63,49.36,544.84,50,poolAndRewire,,
471,bl_entry 64677.66 > 24234.95,22,19135,50,64677.66,24234.950999999997,256.63,131.39,49.41,75.8,50,poolAndRewire,,
472,bl_entry 63015.18 > 24234.95,27,19162,50,63015.175,24234.950999999997,256.0,129.56,47.97,78.45,50,poolAndRewire,,
473,bl_entry 62440.29 > 24234.95,38,19200,50,62440.29,24234.950999999997,257.81,129.25,50.92,77.63,50,poolAndRewire,,
474,bl_entry 61542.83 > 24234.95,26,19226,50,61542.83,24234.950999999997,257.95,130.53,51.28,76.12,50,poolAndRewire,,
475,bl_entry 61563.61 > 24234.95,29,19255,50,61563.61,24234.950999999997,260.98,132.3,49.65,79.0,50,poolAndRewire,,
476,bl_entry 61657.31 > 24234.95,32,19287,50,61657.31,24234.950999999997,257.76,130.53,49.24,77.97,50,poolAndRewire,,
477,bl_entry 61483.99 > 24234.95,24,19311,50,61483.985,24234.950999999997,260.14,131.38,50.6,78.14,50,poolAndRewire,,
478,bl_entry 61942.93 > 24234.95,26,19337,50,61942.93,24234.950999999997,256.21,130.19,46.77,79.03,50,poolAndRewire,,
479,bl_entry 61594.25 > 24234.95,26,19363,50,61594.255,24234.950999999997,257.64,129.56,49.08,78.98,50,poolAndRewire,,
480,bl_entry 62743.33 > 24234.95,28,19391,50,62743.33,24234.950999999997,255.99,129.97,48.25,77.74,50,poolAndRewire,,
481,bl_entry 62336.46 > 24234.95,26,19417,50,62336.465,24234.950999999997,258.79,130.48,48.73,79.56,50,poolAndRewire,,
482,bl_entry 61920.29 > 24234.95,35,19452,50,61920.295,24234.950999999997,257.11,130.46,48.22,78.4,50,poolAndRewire,,
483,bl_entry 63164.63 > 24234.95,22,19474,50,63164.63,24234.950999999997,258.97,131.89,49.67,77.38,50,poolAndRewire,,
484,bl_entry 62444.96 > 24234.95,25,19499,50,62444.955,24234.950999999997,261.39,133.73,48.63,79.01,50,poolAndRewire,,
485,bl_entry 62846.30 > 24234.95,24,19523,50,62846.3,24234.950999999997,261.13,132.72,49.54,78.84,50,poolAndRewire,,
486,bl_entry 62683.21 > 24234.95,28,19551,50,62683.205,24234.950999999997,262.48,131.2,48.84,82.42,50,poolAndRewire,,
487,bl_entry 61292.33 > 24234.95,33,19584,50,61292.33,24234.950999999997,258.07,130.72,46.78,80.55,50,poolAndRewire,,
488,bl_entry 61731.48 > 24234.95,30,19614,50,61731.48,24234.950999999997,259.35,132.05,48.41,78.86,50,poolAndRewire,,
489,bl_entry 61554.56 > 24234.95,30,19644,50,61554.56,24234.950999999997,257.88,129.94,47.46,80.46,50,poolAndRewire,,
490,bl_entry 61453.20 > 24234.95,25,19669,50,61453.2,24234.950999999997,258.74,131.02,48.07,79.62,50,poolAndRewire,,
491,bl_entry 62047.60 > 24234.95,29,19698,50,62047.6,24234.950999999997,261.65,132.22,48.04,81.37,50,poolAndRewire,,
492,bl_entry 61657.64 > 24234.95,27,19725,50,61657.635,24234.950999999997,256.28,130.84,44.94,80.48,50,poolAndRewire,,
493,bl_entry 62491.55 > 24234.95,25,19750,50,62491.55,24234.950999999997,258.84,130.54,48.92,79.36,50,poolAndRewire,,
494,bl_entry 63392.07 > 24234.95,30,19780,50,63392.075,24234.950999999997,260.8,130.81,49.24,80.73,50,poolAndRewire,,
495,bl_entry 63469.49 > 24234.95,33,19813,50,63469.485,24234.950999999997,256.29,130.34,46.44,79.48,50,poolAndRewire,,
496,bl_entry 64357.76 > 24234.95,21,19834,50,64357.765,24234.950999999997,261.39,131.0,48.53,81.84,50,poolAndRewire,,
497,bl_entry 62888.39 > 24234.95,30,19864,50,62888.39,24234.950999999997,280.14,143.92,49.06,87.14,50,poolAndRewire,,
498,bl_entry 61886.05 > 24234.95,27,19891,50,61886.05,24234.950999999997,260.18,129.82,47.77,82.57,50,poolAndRewire,,
499,bl_entry 61865.50 > 24234.95,33,19924,50,61865.5,24234.950999999997,259.51,130.45,47.94,81.1,50,poolAndRewire,,
500,bl_entry 62046.26 > 24234.95,30,19954,50,62046.265,24234.950999999997,260.76,130.98,50.3,79.46,50,poolAndRewire,,
501,bl_entry 63030.96 > 24234.95,18,19972,50,63030.96,24234.950999999997,735.09,131.26,46.74,557.06,50,poolAndRewire,,
502,bl_entry 62627.61 > 24234.95,23,19995,50,62627.615,24234.950999999997,260.21,130.98,48.2,81.01,50,poolAndRewire,,
503,bl_entry 63565.91 > 24234.95,33,20028,50,63565.91,24234.950999999997,265.25,132.78,49.52,82.92,50,poolAndRewire,,
504,bl_entry 63515.85 > 24234.95,22,20050,50,63515.85,24234.950999999997,261.98,132.45,47.67,81.83,50,poolAndRewire,,
505,bl_entry 62506.44 > 24234.95,30,20080,50,62506.445,24234.950999999997,259.86,131.53,48.05,80.26,50,poolAndRewire,,
506,bl_entry 63614.69 > 24234.95,30,20110,50,63614.695,24234.950999999997,260.35,129.35,47.18,83.8,50,poolAndRewire,,
507,bl_entry 62569.85 > 24234.95,18,20128,50,62569.85,24234.950999999997,257.97,129.46,47.55,80.94,50,poolAndRewire,,
508,bl_entry 62346.79 > 24234.95,18,20146,50,62346.795,24234.950999999997,260.49,129.22,48.68,82.56,50,poolAndRewire,,
509,bl_entry 62957.07 > 24234.95,25,20171,50,62957.07,24234.950999999997,258.87,130.3,47.09,81.47,50,poolAndRewire,,
510,bl_entry 62628.85 > 24234.95,26,20197,50,62628.845,24234.950999999997,263.19,131.15,50.09,81.93,50,poolAndRewire,,
511,bl_entry 63085.23 > 24234.95,28,20225,50,63085.23,24234.950999999997,267.37,131.91,51.66,83.77,50,poolAndRewire,,
512,bl_entry 63373.97 > 24234.95,21,20246,50,63373.975,24234.950999999997,262.85,131.93,48.85,82.04,50,poolAndRewire,,
513,bl_entry 64375.88 > 24234.95,29,20275,50,64375.875,24234.950999999997,263.08,131.34,48.48,83.23,50,poolAndRewire,,
514,bl_entry 63512.14 > 24234.95,28,20303,50,63512.14,24234.950999999997,262.38,129.96,50.09,82.31,50,poolAndRewire,,
515,bl_entry 63685.46 > 24234.95,25,20328,50,63685.455,24234.950999999997,264.16,131.38,48.95,83.8,50,poolAndRewire,,
516,bl_entry 64238.07 > 24234.95,30,20358,50,64238.065,24234.950999999997,264.88,132.9,49.26,82.7,50,poolAndRewire,,
517,bl_entry 62499.82 > 24234.95,28,20386,50,62499.815,24234.950999999997,261.33,131.63,47.79,81.89,50,poolAndRewire,,
518,bl_entry 63536.15 > 24234.95,27,20413,50,63536.155,24234.950999999997,264.23,130.8,49.24,84.16,50,poolAndRewire,,
519,bl_entry 63561.66 > 24234.95,23,20436,50,63561.66,24234.950999999997,261.13,131.73,47.2,82.18,50,poolAndRewire,,
520,bl_entry 63050.43 > 24234.95,32,20468,50,63050.43,24234.950999999997,259.77,130.01,45.15,84.6,50,poolAndRewire,,
521,bl_entry 64447.38 > 24234.95,23,20491,50,64447.38,24234.950999999997,265.92,132.57,49.8,83.53,50,poolAndRewire,,
522,bl_entry 63804.18 > 24234.95,26,20517,50,63804.175,24234.950999999997,260.2,130.86,46.44,82.89,50,poolAndRewire,,
523,bl_entry 65754.53 > 24234.95,34,20551,50,65754.53,24234.950999999997,267.28,132.88,51.16,83.21,50,poolAndRewire,,
524,bl_entry 65081.43 > 24234.95,31,20582,50,65081.425,24234.950999999997,266.1,137.19,46.32,82.57,50,poolAndRewire,,
525,bl_entry 63210.99 > 24234.95,28,20610,50,63210.985,24234.950999999997,264.79,132.7,46.74,85.32,50,poolAndRewire,,
526,bl_entry 62182.46 > 24234.95,27,20637,50,62182.46,24234.950999999997,260.87,130.46,47.5,82.89,50,poolAndRewire,,
527,bl_entry 59476.46 > 24234.95,36,20673,50,59476.455,24234.950999999997,263.82,129.6,48.85,85.35,50,poolAndRewire,,
528,bl_entry 59162.40 > 24234.95,28,20701,50,59162.4,24234.950999999997,262.61,129.52,49.08,83.99,50,poolAndRewire,,
529,bl_entry 61057.13 > 24234.95,35,20736,50,61057.13,24234.950999999997,732.9,130.7,47.95,554.22,50,poolAndRewire,,
530,bl_entry 61426.14 > 24234.95,29,20765,50,61426.145,24234.950999999997,267.51,134.0,48.13,85.36,50,poolAndRewire,,
531,bl_entry 61675.14 > 24234.95,24,20789,50,61675.145,24234.950999999997,268.65,131.55,49.92,87.16,50,poolAndRewire,,
532,bl_entry 62548.18 > 24234.95,33,20822,50,62548.18,24234.950999999997,264.89,130.21,49.17,85.48,50,poolAndRewire,,
533,bl_entry 62228.32 > 24234.95,31,20853,50,62228.32,24234.950999999997,262.67,129.94,46.44,86.27,50,poolAndRewire,,
534,bl_entry 62979.10 > 24234.95,20,20873,50,62979.1,24234.950999999997,264.34,131.27,47.57,85.48,50,poolAndRewire,,
535,bl_entry 62838.50 > 24234.95,25,20898,50,62838.5,24234.950999999997,266.09,130.73,49.27,86.06,50,poolAndRewire,,
536,bl_entry 61491.94 > 24234.95,26,20924,50,61491.945,24234.950999999997,266.39,130.27,50.62,85.47,50,poolAndRewire,,
537,bl_entry 61510.22 > 24234.95,22,20946,50,61510.225,24234.950999999997,266.99,132.26,47.98,86.71,50,poolAndRewire,,
538,bl_entry 62542.65 > 24234.95,29,20975,50,62542.655,24234.950999999997,264.77,130.66,47.4,86.69,50,poolAndRewire,,
539,bl_entry 62198.94 > 24234.95,26,21001,50,62198.94,24234.950999999997,261.86,127.72,46.9,87.2,50,poolAndRewire,,
540,bl_entry 62606.12 > 24234.95,25,21026,50,62606.125,24234.950999999997,266.23,132.1,48.8,85.31,50,poolAndRewire,,
541,bl_entry 63448.07 > 24234.95,31,21057,50,63448.07,24234.950999999997,265.97,130.28,49.15,86.51,50,poolAndRewire,,
542,bl_entry 62977.28 > 24234.95,23,21080,50,62977.275,24234.950999999997,263.06,129.24,47.59,86.21,50,poolAndRewire,,
543,bl_entry 62839.18 > 24234.95,26,21106,50,62839.18,24234.950999999997,272.07,134.96,47.99,89.1,50,poolAndRewire,,
544,bl_entry 63825.76 > 24234.95,23,21129,50,63825.76,24234.950999999997,266.57,131.44,49.6,85.5,50,poolAndRewire,,
545,bl_entry 63045.93 > 24234.95,29,21158,50,63045.925,24234.950999999997,266.24,130.39,48.62,87.21,50,poolAndRewire,,
546,bl_entry 63037.46 > 24234.95,23,21181,50,63037.465,24234.950999999997,266.25,130.55,49.61,86.07,50,poolAndRewire,,
547,bl_entry 64885.86 > 24234.95,17,21198,50,64885.865,24234.950999999997,274.85,132.2,48.61,94.02,50,poolAndRewire,,
548,bl_entry 64633.90 > 24234.95,31,21229,50,64633.9,24234.950999999997,264.54,131.06,47.66,85.8,50,poolAndRewire,,
549,bl_entry 65222.40 > 24234.95,27,21256,50,65222.4,24234.950999999997,265.94,129.49,48.84,87.59,50,poolAndRewire,,
550,bl_entry 64556.53 > 24234.95,36,21292,50,64556.525,24234.950999999997,891.86,129.54,47.77,714.53,50,poolAndRewire,,
551,bl_entry 63709.78 > 24234.95,29,21321,50,63709.78,24234.950999999997,265.81,132.88,46.67,86.24,50,poolAndRewire,,
552,bl_entry 63177.93 > 24234.95,29,21350,50,63177.93,24234.950999999997,265.99,129.35,50.0,86.61,50,poolAndRewire,,
553,bl_entry 63703.49 > 24234.95,18,21368,50,63703.49,24234.950999999997,263.59,130.18,46.43,86.96,50,poolAndRewire,,
554,bl_entry 63649.64 > 24234.95,26,21394,50,63649.64,24234.950999999997,265.55,132.28,46.43,86.82,50,poolAndRewire,,
555,bl_entry 63024.43 > 24234.95,31,21425,50,63024.435,24234.950999999997,281.3,134.44,50.28,96.56,50,poolAndRewire,,
556,bl_entry 63446.54 > 24234.95,29,21454,50,63446.54,24234.950999999997,266.97,129.65,49.97,87.33,50,poolAndRewire,,
557,bl_entry 63450.28 > 24234.95,34,21488,50,63450.28,24234.950999999997,266.56,131.03,49.95,85.56,50,poolAndRewire,,
558,bl_entry 70458.50 > 24234.95,22,21510,50,70458.5,24234.950999999997,275.07,133.11,53.53,88.41,50,poolAndRewire,,
559,bl_entry 77678.21 > 24234.95,29,21539,50,77678.205,24234.950999999997,272.3,133.32,53.31,85.64,50,poolAndRewire,,
560,bl_entry 84607.87 > 24234.95,18,21557,50,84607.865,24234.950999999997,278.61,136.06,53.62,88.91,50,poolAndRewire,,
561,bl_entry 89663.73 > 24234.95,32,21589,50,89663.73,24234.950999999997,281.15,138.69,54.81,87.62,50,poolAndRewire,,
562,bl_entry 88941.72 > 24234.95,23,21612,50,88941.72,24234.950999999997,277.17,135.77,53.99,87.39,50,poolAndRewire,,
563,bl_entry 88982.29 > 24234.95,30,21642,50,88982.285,24234.950999999997,278.78,136.73,53.52,88.5,50,poolAndRewire,,
564,bl_entry 87516.45 > 24234.95,24,21666,50,87516.445,24234.950999999997,281.48,137.95,54.8,88.7,50,poolAndRewire,,
565,bl_entry 87007.18 > 24234.95,29,21695,50,87007.18,24234.950999999997,280.31,135.99,54.52,89.78,50,poolAndRewire,,
566,bl_entry 87531.58 > 24234.95,33,21728,50,87531.58,24234.950999999997,279.61,136.8,54.07,88.72,50,poolAndRewire,,
567,bl_entry 88064.53 > 24234.95,30,21758,50,88064.53,24234.950999999997,281.18,137.53,54.17,89.46,50,poolAndRewire,,
568,bl_entry 88952.76 > 24234.95,27,21785,50,88952.755,24234.950999999997,284.63,142.74,54.32,87.55,50,poolAndRewire,,
569,bl_entry 89956.29 > 24234.95,25,21810,50,89956.295,24234.950999999997,281.66,137.62,53.67,90.35,50,poolAndRewire,,
570,bl_entry 90284.99 > 24234.95,20,21830,50,90284.995,24234.950999999997,279.34,138.16,53.03,88.13,50,poolAndRewire,,
571,bl_entry 88817.38 > 24234.95,31,21861,50,88817.38,24234.950999999997,279.95,137.32,53.41,89.2,50,poolAndRewire,,
572,bl_entry 88327.02 > 24234.95,25,21886,50,88327.025,24234.950999999997,286.31,137.52,57.47,91.29,50,poolAndRewire,,
573,bl_entry 87954.88 > 24234.95,37,21923,50,87954.88,24234.950999999997,278.69,136.6,53.43,88.64,50,poolAndRewire,,
574,bl_entry 88660.30 > 24234.95,37,21960,50,88660.3,24234.950999999997,280.99,137.6,53.55,89.81,50,poolAndRewire,,
575,bl_entry 89587.93 > 24234.95,33,21993,50,89587.93,24234.950999999997,280.43,137.79,54.05,88.57,50,poolAndRewire,,
576,bl_entry 88541.15 > 24234.95,35,22028,50,88541.145,24234.950999999997,280.91,137.87,53.28,89.74,50,poolAndRewire,,
577,bl_entry 88403.12 > 24234.95,31,22059,50,88403.12,24234.950999999997,283.18,138.15,53.4,91.6,50,poolAndRewire,,
578,bl_entry 87265.86 > 24234.95,28,22087,50,87265.86,24234.950999999997,908.39,138.25,54.22,715.89,50,poolAndRewire,,
579,bl_entry 86766.60 > 24234.95,19,22106,50,86766.6,24234.950999999997,309.75,162.42,54.14,93.15,50,poolAndRewire,,
580,bl_entry 88483.51 > 24234.95,29,22135,50,88483.515,24234.950999999997,282.25,138.25,54.44,89.54,50,poolAndRewire,,
581,bl_entry 88957.40 > 24234.95,30,22165,50,88957.4,24234.950999999997,282.26,136.69,53.82,91.72,50,poolAndRewire,,
582,bl_entry 89013.86 > 24234.95,26,22191,50,89013.86,24234.950999999997,282.77,139.19,54.3,89.26,50,poolAndRewire,,
583,bl_entry 89097.51 > 24234.95,27,22218,50,89097.505,24234.950999999997,299.11,148.91,55.8,94.37,50,poolAndRewire,,
584,bl_entry 89312.40 > 24234.95,23,22241,50,89312.405,24234.950999999997,291.56,145.38,54.16,92.0,50,poolAndRewire,,
585,bl_entry 88188.42 > 24234.95,29,22270,50,88188.42,24234.950999999997,283.11,138.89,53.96,90.24,50,poolAndRewire,,
586,bl_entry 88492.67 > 24234.95,32,22302,50,88492.67,24234.950999999997,285.92,139.13,55.3,91.47,50,poolAndRewire,,
587,bl_entry 87480.51 > 24234.95,31,22333,50,87480.515,24234.950999999997,287.44,137.9,57.41,92.11,50,poolAndRewire,,
588,bl_entry 86316.03 > 24234.95,33,22366,50,86316.03,24234.950999999997,286.25,138.47,56.55,91.21,50,poolAndRewire,,
589,bl_entry 86851.93 > 24234.95,28,22394,50,86851.93,24234.950999999997,281.04,138.33,53.65,89.03,50,poolAndRewire,,
590,bl_entry 86585.79 > 24234.95,30,22424,50,86585.79,24234.950999999997,282.5,138.35,53.11,91.02,50,poolAndRewire,,
591,bl_entry 88196.49 > 24234.95,34,22458,50,88196.485,24234.950999999997,292.72,140.57,54.51,97.61,50,poolAndRewire,,
592,bl_entry 89292.97 > 24234.95,29,22487,50,89292.97,24234.950999999997,289.52,143.0,54.32,92.18,50,poolAndRewire,,
593,bl_entry 89612.38 > 24234.95,39,22526,50,89612.385,24234.950999999997,285.14,137.79,53.59,93.73,50,poolAndRewire,,
594,bl_entry 88704.55 > 24234.95,25,22551,50,88704.55,24234.950999999997,284.17,137.62,55.05,91.47,50,poolAndRewire,,
595,bl_entry 88680.30 > 24234.95,30,22581,50,88680.3,24234.950999999997,284.77,138.61,54.46,91.67,50,poolAndRewire,,
596,bl_entry 88719.74 > 24234.95,25,22606,50,88719.745,24234.950999999997,308.28,157.09,56.13,95.04,50,poolAndRewire,,
597,bl_entry 89327.79 > 24234.95,29,22635,50,89327.795,24234.950999999997,285.52,138.94,54.6,91.95,50,poolAndRewire,,
598,bl_entry 91314.91 > 24234.95,24,22659,50,91314.91,24234.950999999997,285.23,138.61,53.28,93.31,50,poolAndRewire,,
599,bl_entry 91041.74 > 24234.95,36,22695,50,91041.74,24234.950999999997,285.25,139.87,53.6,91.74,50,poolAndRewire,,
600,bl_entry 91081.69 > 24234.95,28,22723,50,91081.69,24234.950999999997,291.89,139.91,55.7,96.25,50,poolAndRewire,,
601,bl_entry 90570.13 > 24234.95,28,22751,50,90570.135,24234.950999999997,849.68,140.56,52.91,656.18,50,poolAndRewire,,
602,bl_entry 90180.66 > 24234.95,29,22780,50,90180.665,24234.950999999997,284.67,137.0,53.59,94.05,50,poolAndRewire,,
603,bl_entry 89860.93 > 24234.95,32,22812,50,89860.925,24234.950999999997,287.52,139.15,54.23,94.11,50,poolAndRewire,,
604,bl_entry 88290.58 > 24234.95,25,22837,50,88290.58,24234.950999999997,281.33,135.99,53.05,92.26,50,poolAndRewire,,
605,bl_entry 88621.23 > 24234.95,35,22872,50,88621.23,24234.950999999997,284.9,138.24,53.74,92.9,50,poolAndRewire,,
606,bl_entry 86505.91 > 24234.95,27,22899,50,86505.915,24234.950999999997,286.84,138.03,54.34,94.45,50,poolAndRewire,,
607,bl_entry 86731.20 > 24234.95,29,22928,50,86731.2,24234.950999999997,286.07,138.79,54.6,92.65,50,poolAndRewire,,
608,bl_entry 87284.12 > 24234.95,28,22956,50,87284.125,24234.950999999997,283.3,136.23,53.99,93.06,50,poolAndRewire,,
609,bl_entry 87808.38 > 24234.95,29,22985,50,87808.38,24234.950999999997,285.93,135.93,54.72,95.26,50,poolAndRewire,,
610,bl_entry 89128.04 > 24234.95,23,23008,50,89128.04,24234.950999999997,286.35,136.7,54.15,95.47,50,poolAndRewire,,
611,bl_entry 88404.35 > 24234.95,32,23040,50,88404.355,24234.950999999997,282.95,136.26,53.12,93.54,50,poolAndRewire,,
612,bl_entry 88631.13 > 24234.95,28,23068,50,88631.13,24234.950999999997,286.11,136.89,54.42,94.78,50,poolAndRewire,,
613,bl_entry 88390.26 > 24234.95,35,23103,50,88390.255,24234.950999999997,283.61,138.11,53.11,92.38,50,poolAndRewire,,
614,bl_entry 88576.91 > 24234.95,23,23126,50,88576.91,24234.950999999997,287.53,138.62,54.44,94.44,50,poolAndRewire,,
615,bl_entry 89414.88 > 24234.95,28,23154,50,89414.875,24234.950999999997,288.19,139.41,53.67,95.08,50,poolAndRewire,,
616,bl_entry 89392.63 > 24234.95,30,23184,50,89392.63,24234.950999999997,289.99,140.84,54.36,94.77,50,poolAndRewire,,
617,bl_entry 88425.71 > 24234.95,32,23216,50,88425.715,24234.950999999997,282.14,134.92,53.04,94.16,50,poolAndRewire,,
618,bl_entry 86809.65 > 24234.95,22,23238,50,86809.645,24234.950999999997,286.56,137.57,53.14,95.83,50,poolAndRewire,,
619,bl_entry 86740.23 > 24234.95,22,23260,50,86740.23,24234.950999999997,284.82,136.31,53.23,95.25,50,poolAndRewire,,
620,bl_entry 87107.87 > 24234.95,32,23292,50,87107.865,24234.950999999997,286.17,137.57,53.85,94.73,50,poolAndRewire,,
621,bl_entry 87692.97 > 24234.95,28,23320,50,87692.97,24234.950999999997,288.24,138.28,53.6,96.34,50,poolAndRewire,,
622,bl_entry 89197.65 > 24234.95,34,23354,50,89197.645,24234.950999999997,280.81,134.0,53.11,93.68,50,poolAndRewire,,
623,bl_entry 89622.93 > 24234.95,28,23382,50,89622.935,24234.950999999997,288.56,137.64,52.97,97.93,50,poolAndRewire,,
624,bl_entry 90733.25 > 24234.95,24,23406,50,90733.25,24234.950999999997,287.53,137.55,53.52,96.43,50,poolAndRewire,,
625,bl_entry 89927.88 > 24234.95,35,23441,50,89927.875,24234.950999999997,284.7,137.61,53.32,93.75,50,poolAndRewire,,
626,bl_entry 89750.20 > 24234.95,28,23469,50,89750.195,24234.950999999997,786.46,139.64,54.14,592.66,50,poolAndRewire,,
627,bl_entry 88848.58 > 24234.95,25,23494,50,88848.58,24234.950999999997,291.07,139.65,53.94,97.44,50,poolAndRewire,,
628,bl_entry 87671.04 > 24234.95,24,23518,50,87671.045,24234.950999999997,287.59,138.97,53.11,95.48,50,poolAndRewire,,
629,bl_entry 88421.44 > 24234.95,22,23540,50,88421.44,24234.950999999997,289.23,138.12,54.98,96.11,50,poolAndRewire,,
630,bl_entry 87996.31 > 24234.95,22,23562,50,87996.31,24234.950999999997,288.8,137.29,54.24,97.24,50,poolAndRewire,,
631,bl_entry 89068.71 > 24234.95,29,23591,50,89068.71,24234.950999999997,287.2,136.51,52.63,98.04,50,poolAndRewire,,
632,bl_entry 88271.87 > 24234.95,22,23613,50,88271.87,24234.950999999997,290.82,140.3,54.04,96.45,50,poolAndRewire,,
633,bl_entry 87355.92 > 24234.95,31,23644,50,87355.92,24234.950999999997,291.62,140.24,53.93,97.44,50,poolAndRewire,,
634,bl_entry 89075.71 > 24234.95,26,23670,50,89075.705,24234.950999999997,286.82,136.74,54.29,95.77,50,poolAndRewire,,
635,bl_entry 88875.43 > 24234.95,20,23690,50,88875.43,24234.950999999997,287.61,136.94,54.0,96.65,50,poolAndRewire,,
636,bl_entry 90230.86 > 24234.95,23,23713,50,90230.86,24234.950999999997,292.26,137.98,54.39,99.86,50,poolAndRewire,,
637,bl_entry 90657.52 > 24234.95,23,23736,50,90657.52,24234.950999999997,292.63,139.66,53.51,99.43,50,poolAndRewire,,
638,bl_entry 88919.03 > 24234.95,34,23770,50,88919.03,24234.950999999997,297.4,138.36,52.65,106.36,50,poolAndRewire,,
639,bl_entry 88527.18 > 24234.95,31,23801,50,88527.18,24234.950999999997,290.9,138.77,54.0,98.11,50,poolAndRewire,,
640,bl_entry 88513.43 > 24234.95,27,23828,50,88513.435,24234.950999999997,290.56,137.53,54.36,98.64,50,poolAndRewire,,
641,bl_entry 88570.84 > 24234.95,27,23855,50,88570.84,24234.950999999997,293.67,138.41,53.7,101.54,50,poolAndRewire,,
642,bl_entry 89213.52 > 24234.95,29,23884,50,89213.52,24234.950999999997,289.56,138.2,53.76,97.58,50,poolAndRewire,,
643,bl_entry 89493.48 > 24234.95,25,23909,50,89493.475,24234.950999999997,291.26,138.95,53.71,98.57,50,poolAndRewire,,
644,bl_entry 89060.32 > 24234.95,25,23934,50,89060.32,24234.950999999997,289.97,137.25,53.78,98.92,50,poolAndRewire,,
645,bl_entry 88904.32 > 24234.95,26,23960,50,88904.325,24234.950999999997,289.89,136.35,53.82,99.7,50,poolAndRewire,,
646,bl_entry 88200.52 > 24234.95,27,23987,50,88200.52,24234.950999999997,288.72,137.34,54.24,97.12,50,poolAndRewire,,
647,bl_entry 87423.88 > 24234.95,33,24020,50,87423.875,24234.950999999997,291.15,136.9,55.74,98.48,50,poolAndRewire,,
648,bl_entry 86498.41 > 24234.95,25,24045,50,86498.415,24234.950999999997,835.56,136.66,53.69,645.19,50,poolAndRewire,,
649,bl_entry 87086.20 > 24234.95,35,24080,50,87086.2,24234.950999999997,330.3,155.14,59.98,115.15,50,poolAndRewire,,
650,bl_entry 87427.26 > 24234.95,31,24111,50,87427.26,24234.950999999997,296.99,142.04,54.02,100.91,50,poolAndRewire,,
651,bl_entry 87031.06 > 24234.95,24,24135,50,87031.06,24234.950999999997,292.63,138.94,54.35,99.32,50,poolAndRewire,,
652,bl_entry 87567.11 > 24234.95,29,24164,50,87567.11,24234.950999999997,290.82,137.1,53.06,100.64,50,poolAndRewire,,
653,bl_entry 87920.65 > 24234.95,22,24186,50,87920.645,24234.950999999997,292.33,137.56,54.83,99.91,50,poolAndRewire,,
654,bl_entry 87579.34 > 24234.95,24,24210,50,87579.34,24234.950999999997,289.38,137.33,53.12,98.9,50,poolAndRewire,,
655,bl_entry 89084.80 > 24234.95,23,24233,50,89084.8,24234.950999999997,292.02,137.79,54.5,99.7,50,poolAndRewire,,
656,bl_entry 88397.62 > 24234.95,36,24269,50,88397.625,24234.950999999997,295.0,140.37,53.35,101.26,50,poolAndRewire,,
657,bl_entry 87270.62 > 24234.95,23,24292,50,87270.625,24234.950999999997,291.02,137.26,53.89,99.85,50,poolAndRewire,,
658,bl_entry 89656.00 > 24234.95,31,24323,50,89656.0,24234.950999999997,290.39,137.88,53.85,98.63,50,poolAndRewire,,
659,bl_entry 88696.48 > 24234.95,21,24344,50,88696.48,24234.950999999997,291.61,138.55,53.27,99.78,50,poolAndRewire,,
660,bl_entry 90313.71 > 24234.95,27,24371,50,90313.71,24234.950999999997,293.58,138.64,53.73,101.19,50,poolAndRewire,,
661,bl_entry 90899.09 > 24234.95,30,24401,50,90899.09,24234.950999999997,288.58,136.87,53.56,98.12,50,poolAndRewire,,
662,bl_entry 88969.64 > 24234.95,31,24432,50,88969.64,24234.950999999997,289.93,136.23,54.41,99.26,50,poolAndRewire,,
663,bl_entry 89467.88 > 24234.95,32,24464,50,89467.875,24234.950999999997,293.59,138.92,54.0,100.65,50,poolAndRewire,,
664,bl_entry 88560.99 > 24234.95,26,24490,50,88560.995,24234.950999999997,292.9,137.56,53.77,101.55,50,poolAndRewire,,
665,bl_entry 89155.68 > 24234.95,30,24520,50,89155.675,24234.950999999997,292.67,139.6,53.98,99.07,50,poolAndRewire,,
666,bl_entry 89727.40 > 24234.95,23,24543,50,89727.4,24234.950999999997,290.87,136.21,53.12,101.5,50,poolAndRewire,,
667,bl_entry 89550.70 > 24234.95,26,24569,50,89550.7,24234.950999999997,292.57,137.37,53.66,101.51,50,poolAndRewire,,
668,bl_entry 90188.82 > 24234.95,27,24596,50,90188.82,24234.950999999997,293.75,137.46,54.21,102.06,50,poolAndRewire,,
669,bl_entry 89372.46 > 24234.95,21,24617,50,89372.455,24234.950999999997,290.08,135.94,54.43,99.68,50,poolAndRewire,,
670,bl_entry 89382.85 > 24234.95,29,24646,50,89382.845,24234.950999999997,773.48,134.17,53.38,585.9,50,poolAndRewire,,
671,bl_entry 88887.27 > 24234.95,33,24679,50,88887.275,24234.950999999997,293.09,137.28,53.84,101.95,50,poolAndRewire,,
672,bl_entry 88722.42 > 24234.95,26,24705,50,88722.42,24234.950999999997,295.13,139.58,53.31,102.23,50,poolAndRewire,,
673,bl_entry 87614.21 > 24234.95,23,24728,50,87614.21,24234.950999999997,294.94,137.25,54.15,103.52,50,poolAndRewire,,
674,bl_entry 87768.37 > 24234.95,34,24762,50,87768.365,24234.950999999997,291.84,136.74,53.95,101.13,50,poolAndRewire,,
675,bl_entry 88011.75 > 24234.95,28,24790,50,88011.75,24234.950999999997,291.48,137.72,52.85,100.89,50,poolAndRewire,,
676,bl_entry 86028.05 > 24234.95,28,24818,50,86028.05,24234.950999999997,295.15,138.34,53.86,102.93,50,poolAndRewire,,
677,bl_entry 87426.03 > 24234.95,20,24838,50,87426.03,24234.950999999997,294.06,137.89,53.49,102.66,50,poolAndRewire,,
678,bl_entry 83853.69 > 24234.95,31,24869,50,83853.69,24234.950999999997,292.66,136.42,52.81,103.4,50,poolAndRewire,,
679,bl_entry 81577.54 > 24234.95,30,24899,50,81577.545,24234.950999999997,292.84,136.45,52.56,103.81,50,poolAndRewire,,
680,bl_entry 81759.19 > 24234.95,34,24933,50,81759.19,24234.950999999997,289.96,135.73,52.63,101.57,50,poolAndRewire,,
681,bl_entry 79361.45 > 24234.95,22,24955,50,79361.45,24234.950999999997,294.14,137.36,54.57,102.19,50,poolAndRewire,,
682,bl_entry 81410.41 > 24234.95,25,24980,50,81410.41,24234.950999999997,294.01,136.57,53.04,104.38,50,poolAndRewire,,
683,bl_entry 81972.46 > 24234.95,28,25008,50,81972.455,24234.950999999997,294.46,137.57,53.17,103.7,50,poolAndRewire,,
684,bl_entry 80496.57 > 24234.95,33,25041,50,80496.57,24234.950999999997,292.79,133.8,53.27,105.69,50,poolAndRewire,,
685,bl_entry 81737.02 > 24234.95,29,25070,50,81737.025,24234.950999999997,294.65,136.19,53.63,104.79,50,poolAndRewire,,
686,bl_entry 81016.60 > 24234.95,35,25105,50,81016.605,24234.950999999997,293.95,137.02,53.97,102.93,50,poolAndRewire,,
687,bl_entry 80912.95 > 24234.95,29,25134,50,80912.945,24234.950999999997,293.21,135.47,53.58,104.13,50,poolAndRewire,,
688,bl_entry 80851.74 > 24234.95,35,25169,50,80851.745,24234.950999999997,294.84,138.66,51.94,104.21,50,poolAndRewire,,
689,bl_entry 80478.37 > 24234.95,25,25194,50,80478.365,24234.950999999997,293.68,136.27,52.99,104.41,50,poolAndRewire,,
690,bl_entry 79542.98 > 24234.95,29,25223,50,79542.975,24234.950999999997,293.85,136.12,51.57,106.13,50,poolAndRewire,,
691,bl_entry 79820.12 > 24234.95,29,25252,50,79820.12,24234.950999999997,780.37,135.75,54.16,590.44,50,poolAndRewire,,
692,bl_entry 81042.95 > 24234.95,35,25287,50,81042.95,24234.950999999997,294.21,135.84,55.33,103.01,50,poolAndRewire,,
693,bl_entry 80643.71 > 24234.95,30,25317,50,80643.71,24234.950999999997,291.39,135.49,53.19,102.69,50,poolAndRewire,,
694,bl_entry 81343.23 > 24234.95,33,25350,50,81343.23,24234.950999999997,292.5,135.52,52.65,104.31,50,poolAndRewire,,
695,bl_entry 80370.21 > 24234.95,28,25378,50,80370.21,24234.950999999997,293.17,135.67,53.05,104.43,50,poolAndRewire,,
696,bl_entry 80886.76 > 24234.95,31,25409,50,80886.755,24234.950999999997,299.06,135.98,52.84,110.22,50,poolAndRewire,,
697,bl_entry 80905.91 > 24234.95,31,25440,50,80905.915,24234.950999999997,296.91,136.46,53.92,106.5,50,poolAndRewire,,
698,bl_entry 81836.39 > 24234.95,33,25473,50,81836.39,24234.950999999997,293.88,135.01,53.22,105.63,50,poolAndRewire,,
699,bl_entry 82224.52 > 24234.95,31,25504,50,82224.525,24234.950999999997,293.53,136.49,52.52,104.49,50,poolAndRewire,,
700,bl_entry 80885.04 > 24234.95,31,25535,50,80885.045,24234.950999999997,298.13,135.75,52.23,110.13,50,poolAndRewire,,
701,bl_entry 81820.30 > 24234.95,29,25564,50,81820.3,24234.950999999997,293.92,136.11,52.0,105.79,50,poolAndRewire,,
702,bl_entry 81068.15 > 24234.95,33,25597,50,81068.15,24234.950999999997,294.63,136.66,51.25,106.69,50,poolAndRewire,,
703,bl_entry 82461.05 > 24234.95,26,25623,50,82461.05,24234.950999999997,298.66,138.32,53.02,107.3,50,poolAndRewire,,
704,bl_entry 82913.82 > 24234.95,39,25662,50,82913.825,24234.950999999997,291.95,135.96,51.68,104.29,50,poolAndRewire,,
705,bl_entry 81882.03 > 24234.95,32,25694,50,81882.03,24234.950999999997,317.64,143.23,52.49,121.9,50,poolAndRewire,,
706,bl_entry 81599.76 > 24234.95,33,25727,50,81599.76,24234.950999999997,294.9,136.31,52.91,105.66,50,poolAndRewire,,
707,bl_entry 79836.52 > 24234.95,21,25748,50,79836.525,24234.950999999997,292.81,135.4,51.17,106.22,50,poolAndRewire,,
708,bl_entry 79430.79 > 24234.95,23,25771,50,79430.785,24234.950999999997,296.98,136.5,52.72,107.74,50,poolAndRewire,,
709,bl_entry 79819.98 > 24234.95,30,25801,50,79819.98,24234.950999999997,296.96,137.11,52.98,106.85,50,poolAndRewire,,
710,bl_entry 80933.96 > 24234.95,36,25837,50,80933.96,24234.950999999997,961.18,137.16,51.23,772.76,50,poolAndRewire,,
711,bl_entry 82122.83 > 24234.95,33,25870,50,82122.83,24234.950999999997,298.73,137.04,51.31,110.36,50,poolAndRewire,,
712,bl_entry 82667.85 > 24234.95,29,25899,50,82667.845,24234.950999999997,296.62,137.15,50.22,109.23,50,poolAndRewire,,
713,bl_entry 82973.30 > 24234.95,33,25932,50,82973.3,24234.950999999997,296.53,137.05,53.27,106.19,50,poolAndRewire,,
714,bl_entry 82703.30 > 24234.95,25,25957,50,82703.305,24234.950999999997,299.5,136.93,51.69,110.86,50,poolAndRewire,,
715,bl_entry 82232.63 > 24234.95,35,25992,50,82232.635,24234.950999999997,296.68,137.48,53.07,106.11,50,poolAndRewire,,
716,bl_entry 82993.16 > 24234.95,29,26021,50,82993.165,24234.950999999997,297.13,135.99,52.66,108.46,50,poolAndRewire,,
717,bl_entry 82714.99 > 24234.95,29,26050,50,82714.99,24234.950999999997,296.8,136.07,54.09,106.63,50,poolAndRewire,,
718,bl_entry 82229.96 > 24234.95,34,26084,50,82229.96,24234.950999999997,296.67,135.56,53.4,107.69,50,poolAndRewire,,
719,bl_entry 83468.47 > 24234.95,24,26108,50,83468.47,24234.950999999997,297.81,136.34,53.58,107.86,50,poolAndRewire,,
720,bl_entry 82699.19 > 24234.95,36,26144,50,82699.19,24234.950999999997,298.88,135.98,53.2,109.68,50,poolAndRewire,,
721,bl_entry 81888.20 > 24234.95,26,26170,50,81888.195,24234.950999999997,302.28,137.75,53.08,111.43,50,poolAndRewire,,
722,bl_entry 81869.70 > 24234.95,29,26199,50,81869.695,24234.950999999997,301.58,137.46,52.69,111.4,50,poolAndRewire,,
723,bl_entry 80505.93 > 24234.95,28,26227,50,80505.925,24234.950999999997,298.31,135.71,53.13,109.45,50,poolAndRewire,,
724,bl_entry 81688.51 > 24234.95,22,26249,50,81688.51,24234.950999999997,297.8,134.32,53.26,110.19,50,poolAndRewire,,
725,bl_entry 81858.75 > 24234.95,35,26284,50,81858.75,24234.950999999997,298.87,136.83,53.77,108.24,50,poolAndRewire,,
726,bl_entry 81650.78 > 24234.95,29,26313,50,81650.78,24234.950999999997,294.83,134.13,52.93,107.74,50,poolAndRewire,,
727,bl_entry 82782.21 > 24234.95,23,26336,50,82782.205,24234.950999999997,296.51,135.52,52.67,108.3,50,poolAndRewire,,
728,bl_entry 81985.38 > 24234.95,24,26360,50,81985.385,24234.950999999997,297.99,135.96,53.82,108.18,50,poolAndRewire,,
729,bl_entry 82406.45 > 24234.95,28,26388,50,82406.45,24234.950999999997,297.19,136.27,51.88,109.01,50,poolAndRewire,,
730,bl_entry 82831.04 > 24234.95,28,26416,50,82831.035,24234.950999999997,913.62,136.8,53.21,723.59,50,poolAndRewire,,
731,bl_entry 82028.40 > 24234.95,24,26440,50,82028.395,24234.950999999997,320.96,158.27,52.97,109.7,50,poolAndRewire,,
732,bl_entry 83634.39 > 24234.95,17,26457,50,83634.39,24234.950999999997,310.3,138.53,53.74,118.01,50,poolAndRewire,,
733,bl_entry 84658.66 > 24234.95,27,26484,50,84658.66,24234.950999999997,326.04,154.39,55.69,115.94,50,poolAndRewire,,
734,bl_entry 84465.04 > 24234.95,32,26516,50,84465.035,24234.950999999997,303.15,138.52,53.57,111.03,50,poolAndRewire,,
735,bl_entry 84597.48 > 24234.95,37,26553,50,84597.48,24234.950999999997,304.08,139.77,53.69,110.6,50,poolAndRewire,,
736,bl_entry 83184.99 > 24234.95,30,26583,50,83184.99,24234.950999999997,296.66,135.62,52.58,108.43,50,poolAndRewire,,
737,bl_entry 81504.22 > 24234.95,27,26610,50,81504.22,24234.950999999997,308.37,137.78,58.11,112.46,50,poolAndRewire,,
738,bl_entry 82081.83 > 24234.95,26,26636,50,82081.83,24234.950999999997,295.55,137.29,50.39,107.84,50,poolAndRewire,,
739,bl_entry 81375.72 > 24234.95,20,26656,50,81375.72,24234.950999999997,298.2,136.28,52.27,109.63,50,poolAndRewire,,
740,bl_entry 80539.18 > 24234.95,21,26677,50,80539.18,24234.950999999997,305.07,137.35,52.6,115.09,50,poolAndRewire,,
741,bl_entry 81330.97 > 24234.95,19,26696,50,81330.97,24234.950999999997,307.93,143.14,54.75,110.02,50,poolAndRewire,,
742,bl_entry 81022.56 > 24234.95,21,26717,50,81022.56,24234.950999999997,298.02,136.61,50.44,110.95,50,poolAndRewire,,
743,bl_entry 81515.90 > 24234.95,26,26743,50,81515.895,24234.950999999997,299.46,135.91,52.48,111.05,50,poolAndRewire,,
744,bl_entry 81177.57 > 24234.95,17,26760,50,81177.565,24234.950999999997,302.51,137.08,54.01,111.39,50,poolAndRewire,,
745,bl_entry 80658.18 > 24234.95,18,26778,50,80658.185,24234.950999999997,327.15,158.66,55.68,112.8,50,poolAndRewire,,
746,bl_entry 79651.15 > 24234.95,19,26797,50,79651.155,24234.950999999997,298.53,137.03,50.07,111.41,50,poolAndRewire,,
747,bl_entry 79920.13 > 24234.95,17,26814,50,79920.135,24234.950999999997,300.49,138.16,50.73,111.57,50,poolAndRewire,,
748,bl_entry 79963.10 > 24234.95,27,26841,50,79963.095,24234.950999999997,302.25,136.86,52.19,113.18,50,poolAndRewire,,
749,bl_entry 79921.13 > 24234.95,14,26855,50,79921.135,24234.950999999997,879.72,142.3,53.86,683.54,50,poolAndRewire,,
750,bl_entry 80781.27 > 24234.95,20,26875,50,80781.275,24234.950999999997,302.85,138.15,53.15,111.53,50,poolAndRewire,,
751,bl_entry 80369.38 > 24234.95,28,26903,50,80369.375,24234.950999999997,299.89,137.35,50.93,111.59,50,poolAndRewire,,
752,bl_entry 81305.99 > 24234.95,19,26922,50,81305.995,24234.950999999997,300.44,137.66,50.41,112.34,50,poolAndRewire,,
753,bl_entry 81979.49 > 24234.95,17,26939,50,81979.485,24234.950999999997,299.85,136.16,51.47,112.19,50,poolAndRewire,,
754,bl_entry 81316.27 > 24234.95,22,26961,50,81316.27,24234.950999999997,302.07,136.7,51.78,113.56,50,poolAndRewire,,
755,bl_entry 80946.24 > 24234.95,28,26989,50,80946.245,24234.950999999997,300.68,136.62,51.81,112.22,50,poolAndRewire,,
756,bl_entry 79812.82 > 24234.95,29,27018,50,79812.825,24234.950999999997,303.67,135.86,55.2,112.6,50,poolAndRewire,,
757,bl_entry 79959.90 > 24234.95,17,27035,50,79959.905,24234.950999999997,298.69,135.95,50.38,112.33,50,poolAndRewire,,
758,bl_entry 80136.61 > 24234.95,22,27057,50,80136.61,24234.950999999997,303.18,137.63,51.53,113.99,50,poolAndRewire,,
759,bl_entry 80403.27 > 24234.95,16,27073,50,80403.275,24234.950999999997,296.35,134.01,48.16,114.16,50,poolAndRewire,,
760,bl_entry 80570.55 > 24234.95,12,27085,50,80570.555,24234.950999999997,299.82,136.31,50.77,112.72,50,poolAndRewire,,
761,bl_entry 80549.07 > 24234.95,10,27095,50,80549.075,24234.950999999997,296.7,135.45,48.65,112.58,50,poolAndRewire,,
762,bl_entry 80302.10 > 24234.95,17,27112,50,80302.095,24234.950999999997,297.85,134.69,50.12,113.01,50,poolAndRewire,,
763,bl_entry 79378.34 > 24234.95,22,27134,50,79378.34,24234.950999999997,300.36,134.91,52.46,112.97,50,poolAndRewire,,
764,bl_entry 80106.32 > 24234.95,24,27158,50,80106.325,24234.950999999997,302.44,136.83,52.78,112.8,50,poolAndRewire,,
765,bl_entry 79651.65 > 24234.95,19,27177,50,79651.65,24234.950999999997,300.39,136.31,50.75,113.32,50,poolAndRewire,,
766,bl_entry 80630.88 > 24234.95,13,27190,50,80630.885,24234.950999999997,298.2,134.21,49.03,114.94,50,poolAndRewire,,
767,bl_entry 82251.35 > 24234.95,25,27215,50,82251.355,24234.950999999997,798.48,136.83,52.55,609.08,50,poolAndRewire,,
768,bl_entry 82395.21 > 24234.95,18,27233,50,82395.205,24234.950999999997,302.24,135.79,51.51,114.9,50,poolAndRewire,,
769,bl_entry 81716.55 > 24234.95,20,27253,50,81716.55,24234.950999999997,298.08,133.46,50.0,114.59,50,poolAndRewire,,
770,bl_entry 80918.65 > 24234.95,24,27277,50,80918.645,24234.950999999997,301.75,136.12,51.81,113.81,50,poolAndRewire,,
771,bl_entry 78974.70 > 24234.95,21,27298,50,78974.7,24234.950999999997,302.88,135.7,52.81,114.35,50,poolAndRewire,,
772,bl_entry 78290.91 > 24234.95,20,27318,50,78290.91,24234.950999999997,301.39,134.9,52.41,114.06,50,poolAndRewire,,
773,bl_entry 80514.40 > 24234.95,9,27327,50,80514.405,24234.950999999997,301.53,136.53,49.74,115.24,50,poolAndRewire,,
774,bl_entry 80488.73 > 24234.95,25,27352,50,80488.73,24234.950999999997,300.69,135.63,50.51,114.52,50,poolAndRewire,,
775,bl_entry 81904.76 > 24234.95,11,27363,50,81904.76,24234.950999999997,302.57,134.79,53.47,114.3,50,poolAndRewire,,
776,bl_entry 83299.90 > 24234.95,22,27385,50,83299.895,24234.950999999997,302.7,135.65,52.35,114.69,50,poolAndRewire,,
777,bl_entry 81227.63 > 24234.95,18,27403,50,81227.635,24234.950999999997,300.91,136.43,49.59,114.86,50,poolAndRewire,,
778,bl_entry 82301.90 > 24234.95,14,27417,50,82301.905,24234.950999999997,303.56,136.32,52.42,114.79,50,poolAndRewire,,
779,bl_entry 82259.34 > 24234.95,18,27435,50,82259.34,24234.950999999997,300.23,134.53,50.27,115.41,50,poolAndRewire,,
780,bl_entry 80272.60 > 24234.95,23,27458,50,80272.595,24234.950999999997,304.45,137.12,52.0,115.31,50,poolAndRewire,,
781,bl_entry 80223.07 > 24234.95,24,27482,50,80223.065,24234.950999999997,303.17,137.0,51.03,115.12,50,poolAndRewire,,
782,bl_entry 79090.85 > 24234.95,16,27498,50,79090.845,24234.950999999997,302.11,135.81,51.2,115.08,50,poolAndRewire,,
783,bl_entry 79167.16 > 24234.95,14,27512,50,79167.165,24234.950999999997,301.62,137.54,49.0,115.06,50,poolAndRewire,,
784,bl_entry 80540.10 > 24234.95,22,27534,50,80540.105,24234.950999999997,796.28,136.27,51.09,608.9,50,poolAndRewire,,
785,bl_entry 80408.14 > 24234.95,13,27547,50,80408.14,24234.950999999997,302.83,137.0,50.09,115.71,50,poolAndRewire,,
786,bl_entry 80416.29 > 24234.95,17,27564,50,80416.29,24234.950999999997,303.1,136.07,52.13,114.87,50,poolAndRewire,,
787,bl_entry 81484.74 > 24234.95,22,27586,50,81484.745,24234.950999999997,302.12,135.85,52.07,114.17,50,poolAndRewire,,
788,bl_entry 82175.46 > 24234.95,20,27606,50,82175.46,24234.950999999997,304.96,136.69,51.73,116.51,50,poolAndRewire,,
789,bl_entry 82134.26 > 24234.95,13,27619,50,82134.255,24234.950999999997,302.33,136.52,51.48,114.31,50,poolAndRewire,,
790,bl_entry 82191.71 > 24234.95,22,27641,50,82191.71,24234.950999999997,303.97,136.38,50.06,117.5,50,poolAndRewire,,
791,bl_entry 81260.28 > 24234.95,12,27653,50,81260.28,24234.950999999997,303.34,136.42,49.94,116.96,50,poolAndRewire,,
792,bl_entry 79717.24 > 24234.95,19,27672,50,79717.235,24234.950999999997,305.2,136.22,51.57,117.39,50,poolAndRewire,,
793,bl_entry 80543.52 > 24234.95,20,27692,50,80543.52,24234.950999999997,306.29,137.08,51.83,117.35,50,poolAndRewire,,
794,bl_entry 80474.71 > 24234.95,22,27714,50,80474.715,24234.950999999997,303.95,135.4,49.66,118.87,50,poolAndRewire,,
795,bl_entry 80019.78 > 24234.95,23,27737,50,80019.78,24234.950999999997,306.39,135.74,50.91,119.71,50,poolAndRewire,,
796,bl_entry 79566.46 > 24234.95,14,27751,50,79566.46,24234.950999999997,305.5,135.53,51.23,118.72,50,poolAndRewire,,
797,bl_entry 79701.01 > 24234.95,22,27773,50,79701.015,24234.950999999997,306.46,135.65,52.77,118.01,50,poolAndRewire,,
798,bl_entry 79025.51 > 24234.95,23,27796,50,79025.515,24234.950999999997,305.33,137.78,50.78,116.75,50,poolAndRewire,,
799,bl_entry 79133.12 > 24234.95,24,27820,50,79133.115,24234.950999999997,304.1,137.17,49.66,117.24,50,poolAndRewire,,
800,bl_entry 81047.33 > 24234.95,15,27835,50,81047.33,24234.950999999997,306.18,137.65,51.41,117.09,50,poolAndRewire,,
801,bl_entry 80916.21 > 24234.95,20,27855,50,80916.205,24234.950999999997,302.94,135.22,50.45,117.24,50,poolAndRewire,,
802,bl_entry 82498.01 > 24234.95,13,27868,50,82498.015,24234.950999999997,307.68,135.71,51.38,120.58,50,poolAndRewire,,
803,bl_entry 83491.34 > 24234.95,16,27884,50,83491.34,24234.950999999997,789.71,136.48,53.0,600.2,50,poolAndRewire,,
804,bl_entry 82857.02 > 24234.95,20,27904,50,82857.025,24234.950999999997,309.76,137.42,51.9,120.42,50,poolAndRewire,,
805,bl_entry 82212.46 > 24234.95,17,27921,50,82212.455,24234.950999999997,309.47,138.9,52.09,118.45,50,poolAndRewire,,
806,bl_entry 81876.21 > 24234.95,20,27941,50,81876.21,24234.950999999997,303.14,133.4,49.35,120.36,50,poolAndRewire,,
807,bl_entry 80214.02 > 24234.95,11,27952,50,80214.02,24234.950999999997,307.57,135.37,52.46,119.71,50,poolAndRewire,,
808,bl_entry 78822.38 > 24234.95,16,27968,50,78822.38,24234.950999999997,317.43,145.59,53.03,118.79,50,poolAndRewire,,
809,bl_entry 79710.26 > 24234.95,15,27983,50,79710.255,24234.950999999997,304.15,135.21,50.99,117.92,50,poolAndRewire,,
810,bl_entry 80494.29 > 24234.95,21,28004,50,80494.295,24234.950999999997,305.16,135.04,52.4,117.7,50,poolAndRewire,,
811,bl_entry 81315.26 > 24234.95,22,28026,50,81315.265,24234.950999999997,306.93,135.89,53.15,117.88,50,poolAndRewire,,
812,bl_entry 83331.24 > 24234.95,25,28051,50,83331.245,24234.950999999997,306.78,136.91,50.36,119.49,50,poolAndRewire,,
813,bl_entry 83032.74 > 24234.95,28,28079,50,83032.74,24234.950999999997,306.61,137.49,51.91,117.19,50,poolAndRewire,,
814,bl_entry 81531.09 > 24234.95,16,28095,50,81531.085,24234.950999999997,304.21,136.13,51.3,116.76,50,poolAndRewire,,
815,bl_entry 82226.76 > 24234.95,14,28109,50,82226.76,24234.950999999997,303.85,132.8,50.56,120.46,50,poolAndRewire,,
816,bl_entry 81582.34 > 24234.95,24,28133,50,81582.335,24234.950999999997,308.94,135.21,51.44,122.27,50,poolAndRewire,,
817,bl_entry 81087.76 > 24234.95,17,28150,50,81087.755,24234.950999999997,308.72,135.85,51.42,121.43,50,poolAndRewire,,
818,bl_entry 81550.01 > 24234.95,17,28167,50,81550.015,24234.950999999997,309.26,135.92,53.62,119.69,50,poolAndRewire,,
819,bl_entry 80202.07 > 24234.95,16,28183,50,80202.07,24234.950999999997,795.3,136.5,51.01,607.76,50,poolAndRewire,,
820,bl_entry 80129.46 > 24234.95,25,28208,50,80129.455,24234.950999999997,304.16,133.22,50.46,120.46,50,poolAndRewire,,
821,bl_entry 80008.45 > 24234.95,17,28225,50,80008.445,24234.950999999997,307.88,136.5,51.59,119.76,50,poolAndRewire,,
822,bl_entry 80246.15 > 24234.95,22,28247,50,80246.155,24234.950999999997,302.21,133.96,49.77,118.46,50,poolAndRewire,,
823,bl_entry 80711.70 > 24234.95,21,28268,50,80711.695,24234.950999999997,308.0,136.17,53.55,118.26,50,poolAndRewire,,
824,bl_entry 80354.63 > 24234.95,25,28293,50,80354.635,24234.950999999997,308.82,136.24,51.86,120.7,50,poolAndRewire,,
825,bl_entry 81088.38 > 24234.95,19,28312,50,81088.38,24234.950999999997,306.43,134.34,51.45,120.62,50,poolAndRewire,,
826,bl_entry 80308.81 > 24234.95,16,28328,50,80308.81,24234.950999999997,310.16,134.96,54.35,120.83,50,poolAndRewire,,
827,bl_entry 81462.43 > 24234.95,21,28349,50,81462.425,24234.950999999997,305.0,134.89,49.54,120.54,50,poolAndRewire,,
828,bl_entry 82244.36 > 24234.95,14,28363,50,82244.36,24234.950999999997,310.98,135.33,52.59,123.04,50,poolAndRewire,,
829,bl_entry 81627.70 > 24234.95,24,28387,50,81627.7,24234.950999999997,306.57,135.51,52.17,118.87,50,poolAndRewire,,
830,bl_entry 82172.68 > 24234.95,22,28409,50,82172.675,24234.950999999997,309.44,136.84,51.32,121.25,50,poolAndRewire,,
831,bl_entry 82407.44 > 24234.95,25,28434,50,82407.44,24234.950999999997,312.88,136.51,52.93,123.42,50,poolAndRewire,,
832,bl_entry 83227.00 > 24234.95,11,28445,50,83227.0,24234.950999999997,309.69,137.6,50.51,121.56,50,poolAndRewire,,
833,bl_entry 83922.85 > 24234.95,16,28461,50,83922.855,24234.950999999997,310.63,136.42,52.44,121.74,50,poolAndRewire,,
834,bl_entry 83829.74 > 24234.95,25,28486,50,83829.74,24234.950999999997,311.91,139.47,49.1,123.31,50,poolAndRewire,,
835,bl_entry 82856.29 > 24234.95,16,28502,50,82856.295,24234.950999999997,308.1,137.67,50.97,119.43,50,poolAndRewire,,
836,bl_entry 80071.02 > 24234.95,20,28522,50,80071.025,24234.950999999997,855.46,135.72,50.06,669.65,50,poolAndRewire,,
837,bl_entry 78847.13 > 24234.95,16,28538,50,78847.13,24234.950999999997,308.88,135.15,51.12,122.58,50,poolAndRewire,,
1,bl_entry 43796.38 > 24234.95,220,220,20,43796.375,24234.950999999997,173.93,117.8,30.69,25.4,100,poolAndRewire,,
2,bl_entry 43159.24 > 24234.95,67,287,40,43159.235,24234.950999999997,170.39,117.88,30.23,22.26,100,poolAndRewire,,
3,bl_entry 41208.85 > 24234.95,53,340,50,41208.85,24234.950999999997,183.06,119.5,40.2,23.34,100,poolAndRewire,,
4,bl_entry 42191.22 > 24234.95,73,413,50,42191.225,24234.950999999997,186.43,118.92,45.18,22.31,100,poolAndRewire,,
5,bl_entry 41168.14 > 24234.95,58,471,50,41168.145,24234.950999999997,185.76,117.91,45.4,22.43,100,poolAndRewire,,
6,bl_entry 41945.98 > 24234.95,47,518,50,41945.98,24234.950999999997,186.05,118.0,45.0,23.04,100,poolAndRewire,,
7,bl_entry 42604.44 > 24234.95,55,573,50,42604.44,24234.950999999997,195.78,123.77,47.91,24.08,100,poolAndRewire,,
8,bl_entry 42413.47 > 24234.95,49,622,50,42413.47,24234.950999999997,188.18,119.12,46.16,22.88,100,poolAndRewire,,
9,bl_entry 42190.04 > 24234.95,48,670,50,42190.035,24234.950999999997,185.8,117.71,45.17,22.89,100,poolAndRewire,,
10,bl_entry 41393.83 > 24234.95,48,718,50,41393.83,24234.950999999997,187.41,118.42,45.6,23.36,100,poolAndRewire,,
11,bl_entry 41299.99 > 24234.95,49,767,50,41299.99,24234.950999999997,187.24,118.01,45.25,23.95,100,poolAndRewire,,
12,bl_entry 41502.59 > 24234.95,57,824,50,41502.59,24234.950999999997,185.65,117.07,45.56,23.0,100,poolAndRewire,,
13,bl_entry 42528.74 > 24234.95,49,873,50,42528.74,24234.950999999997,193.85,118.34,51.39,24.09,100,poolAndRewire,,
14,bl_entry 42625.43 > 24234.95,53,926,50,42625.43,24234.950999999997,204.87,134.12,47.21,23.51,100,poolAndRewire,,
15,bl_entry 42758.61 > 24234.95,48,974,50,42758.615,24234.950999999997,190.06,119.34,45.81,24.88,100,poolAndRewire,,
16,bl_entry 42742.80 > 24234.95,49,1023,50,42742.8,24234.950999999997,190.55,120.25,45.73,24.55,100,poolAndRewire,,
17,bl_entry 42110.47 > 24234.95,47,1070,50,42110.475,24234.950999999997,191.14,119.79,47.16,24.17,100,poolAndRewire,,
18,bl_entry 42996.83 > 24234.95,52,1122,50,42996.835,24234.950999999997,189.74,119.27,45.84,24.61,100,poolAndRewire,,
19,bl_entry 41354.64 > 24234.95,47,1169,50,41354.645,24234.950999999997,194.38,118.83,50.64,24.89,100,poolAndRewire,,
20,bl_entry 40648.58 > 24234.95,46,1215,50,40648.585,24234.950999999997,188.73,119.4,45.11,24.2,100,poolAndRewire,,
21,bl_entry 40819.86 > 24234.95,57,1272,50,40819.86,24234.950999999997,189.4,118.77,45.36,25.25,100,poolAndRewire,,
22,bl_entry 39517.42 > 24234.95,51,1323,50,39517.415,24234.950999999997,191.22,119.95,46.34,24.91,100,poolAndRewire,,
23,bl_entry 40751.90 > 24234.95,43,1366,50,40751.905,24234.950999999997,188.8,119.38,44.48,24.92,100,poolAndRewire,,
24,bl_entry 41648.99 > 24234.95,60,1426,50,41648.985,24234.950999999997,191.68,119.53,46.63,25.5,100,poolAndRewire,,
25,bl_entry 40936.76 > 24234.95,51,1477,50,40936.76,24234.950999999997,194.85,118.65,46.7,29.48,100,poolAndRewire,,
26,bl_entry 42086.69 > 24234.95,47,1524,50,42086.695,24234.950999999997,215.63,141.3,49.41,24.9,100,poolAndRewire,,
27,bl_entry 41815.78 > 24234.95,44,1568,50,41815.78,24234.950999999997,194.2,121.63,46.95,25.6,100,poolAndRewire,,
28,bl_entry 41351.98 > 24234.95,55,1623,50,41351.98,24234.950999999997,191.15,119.73,46.41,24.99,100,poolAndRewire,,
29,bl_entry 40892.71 > 24234.95,44,1667,50,40892.705,24234.950999999997,191.84,119.97,46.26,25.59,100,poolAndRewire,,
30,bl_entry 39427.51 > 24234.95,58,1725,50,39427.515,24234.950999999997,190.67,119.43,45.02,26.19,100,poolAndRewire,,
31,bl_entry 39269.22 > 24234.95,42,1767,50,39269.225,24234.950999999997,193.43,118.63,45.9,28.88,100,poolAndRewire,,
32,bl_entry 38567.20 > 24234.95,54,1821,50,38567.2,24234.950999999997,203.96,131.82,46.51,25.61,100,poolAndRewire,,
33,bl_entry 40048.60 > 24234.95,59,1880,50,40048.595,24234.950999999997,194.14,119.16,48.03,26.93,100,poolAndRewire,,
34,bl_entry 40526.17 > 24234.95,55,1935,50,40526.165,24234.950999999997,191.78,118.53,47.42,25.81,100,poolAndRewire,,
35,bl_entry 40694.57 > 24234.95,50,1985,50,40694.575,24234.950999999997,191.33,120.3,45.18,25.83,100,poolAndRewire,,
36,bl_entry 41967.65 > 24234.95,48,2033,50,41967.65,24234.950999999997,190.96,118.58,45.74,26.61,100,poolAndRewire,,
37,bl_entry 41170.61 > 24234.95,60,2093,50,41170.605,24234.950999999997,190.15,117.66,46.4,26.07,100,poolAndRewire,,
38,bl_entry 41825.14 > 24234.95,40,2133,50,41825.135,24234.950999999997,192.32,119.43,46.29,26.58,100,poolAndRewire,,
39,bl_entry 42818.44 > 24234.95,51,2184,50,42818.445,24234.950999999997,192.34,119.36,45.55,27.41,100,poolAndRewire,,
40,bl_entry 41185.05 > 24234.95,45,2229,50,41185.05,24234.950999999997,190.56,119.16,45.02,26.37,100,poolAndRewire,,
41,bl_entry 40667.36 > 24234.95,50,2279,50,40667.365,24234.950999999997,191.75,118.78,46.41,26.55,100,poolAndRewire,,
42,bl_entry 40929.55 > 24234.95,50,2329,50,40929.55,24234.950999999997,192.44,119.44,45.73,27.25,100,poolAndRewire,,
43,bl_entry 39879.42 > 24234.95,46,2375,50,39879.415,24234.950999999997,190.16,117.4,46.08,26.66,100,poolAndRewire,,
44,bl_entry 40676.27 > 24234.95,53,2428,50,40676.27,24234.950999999997,190.05,118.28,44.8,26.95,100,poolAndRewire,,
45,bl_entry 41688.86 > 24234.95,48,2476,50,41688.865,24234.950999999997,193.68,119.55,46.53,27.57,100,poolAndRewire,,
46,bl_entry 41438.94 > 24234.95,47,2523,50,41438.94,24234.950999999997,190.9,117.85,45.87,27.16,100,poolAndRewire,,
47,bl_entry 41972.54 > 24234.95,41,2564,50,41972.545,24234.950999999997,191.04,118.19,45.28,27.55,100,poolAndRewire,,
48,bl_entry 41866.84 > 24234.95,48,2612,50,41866.84,24234.950999999997,193.31,118.05,46.92,28.31,100,poolAndRewire,,
49,bl_entry 41186.74 > 24234.95,44,2656,50,41186.735,24234.950999999997,189.81,117.71,44.34,27.75,100,poolAndRewire,,
50,bl_entry 40627.92 > 24234.95,51,2707,50,40627.915,24234.950999999997,193.0,118.37,46.74,27.87,100,poolAndRewire,,
51,bl_entry 40382.22 > 24234.95,62,2769,50,40382.225,24234.950999999997,192.19,117.34,46.6,28.23,100,poolAndRewire,,
52,bl_entry 41083.33 > 24234.95,46,2815,50,41083.33,24234.950999999997,193.51,118.89,46.66,27.94,100,poolAndRewire,,
53,bl_entry 42129.22 > 24234.95,43,2858,50,42129.225,24234.950999999997,193.31,118.96,45.38,28.96,100,poolAndRewire,,
54,bl_entry 43581.68 > 24234.95,47,2905,50,43581.68,24234.950999999997,194.83,120.54,46.16,28.11,100,poolAndRewire,,
55,bl_entry 43329.11 > 24234.95,49,2954,50,43329.105,24234.950999999997,193.04,118.6,45.98,28.44,100,poolAndRewire,,
56,bl_entry 43380.75 > 24234.95,55,3009,50,43380.745,24234.950999999997,193.58,118.51,46.18,28.87,100,poolAndRewire,,
57,bl_entry 43575.11 > 24234.95,51,3060,50,43575.11,24234.950999999997,194.33,119.46,46.17,28.66,100,poolAndRewire,,
58,bl_entry 48891.56 > 24234.95,50,3110,50,48891.56,24234.950999999997,202.22,122.82,50.2,29.18,100,poolAndRewire,,
59,bl_entry 55194.83 > 24234.95,55,3165,50,55194.835,24234.950999999997,203.83,124.22,50.91,28.68,100,poolAndRewire,,
60,bl_entry 61007.00 > 24234.95,56,3221,50,61006.995,24234.950999999997,208.06,129.08,48.89,30.07,100,poolAndRewire,,
61,bl_entry 67357.86 > 24234.95,45,3266,50,67357.86,24234.950999999997,209.65,129.61,51.1,28.91,100,poolAndRewire,,
62,bl_entry 67420.65 > 24234.95,55,3321,50,67420.655,24234.950999999997,206.71,128.71,48.93,29.05,100,poolAndRewire,,
63,bl_entry 67539.30 > 24234.95,50,3371,50,67539.3,24234.950999999997,210.88,131.98,49.36,29.53,100,poolAndRewire,,
64,bl_entry 67505.66 > 24234.95,41,3412,50,67505.665,24234.950999999997,209.91,131.15,49.41,29.34,100,poolAndRewire,,
65,bl_entry 68011.20 > 24234.95,45,3457,50,68011.2,24234.950999999997,211.09,129.79,50.28,31.01,100,poolAndRewire,,
66,bl_entry 68570.06 > 24234.95,52,3509,50,68570.06,24234.950999999997,210.18,130.42,50.31,29.43,100,poolAndRewire,,
67,bl_entry 68258.97 > 24234.95,50,3559,50,68258.97,24234.950999999997,208.48,129.81,48.87,29.78,100,poolAndRewire,,
68,bl_entry 67862.76 > 24234.95,51,3610,50,67862.76,24234.950999999997,207.79,128.82,48.68,30.27,100,poolAndRewire,,
69,bl_entry 68150.81 > 24234.95,45,3655,50,68150.81,24234.950999999997,209.36,129.6,49.44,30.3,100,poolAndRewire,,
70,bl_entry 66619.70 > 24234.95,46,3701,50,66619.7,24234.950999999997,208.5,128.79,48.87,30.83,100,poolAndRewire,,
71,bl_entry 67401.65 > 24234.95,44,3745,50,67401.655,24234.950999999997,210.58,129.88,50.07,30.6,100,poolAndRewire,,
72,bl_entry 67067.53 > 24234.95,44,3789,50,67067.53,24234.950999999997,209.84,129.17,48.68,31.96,100,poolAndRewire,,
73,bl_entry 65259.76 > 24234.95,71,3860,50,65259.765,24234.950999999997,209.78,129.49,50.1,30.17,100,poolAndRewire,,
74,bl_entry 65950.82 > 24234.95,35,3895,50,65950.825,24234.950999999997,207.78,129.09,48.36,30.32,100,poolAndRewire,,
75,bl_entry 65552.95 > 24234.95,48,3943,50,65552.945,24234.950999999997,210.53,129.23,49.89,31.39,100,poolAndRewire,,
76,bl_entry 67411.04 > 24234.95,46,3989,50,67411.045,24234.950999999997,210.4,129.46,49.95,30.97,100,poolAndRewire,,
77,bl_entry 67544.76 > 24234.95,47,4036,50,67544.765,24234.950999999997,209.81,129.23,48.65,31.91,100,poolAndRewire,,
78,bl_entry 68476.35 > 24234.95,50,4086,50,68476.355,24234.950999999997,210.77,129.5,50.01,31.23,100,poolAndRewire,,
79,bl_entry 69646.23 > 24234.95,48,4134,50,69646.225,24234.950999999997,211.44,130.65,49.14,31.63,100,poolAndRewire,,
80,bl_entry 68911.07 > 24234.95,51,4185,50,68911.065,24234.950999999997,210.39,129.27,49.6,31.5,100,poolAndRewire,,
81,bl_entry 69961.26 > 24234.95,48,4233,50,69961.26,24234.950999999997,209.4,129.75,48.66,30.96,100,poolAndRewire,,
82,bl_entry 70032.90 > 24234.95,53,4286,50,70032.905,24234.950999999997,211.91,129.92,49.78,32.18,100,poolAndRewire,,
83,bl_entry 68828.01 > 24234.95,50,4336,50,68828.005,24234.950999999997,210.68,129.06,49.84,31.76,100,poolAndRewire,,
84,bl_entry 67098.95 > 24234.95,45,4381,50,67098.945,24234.950999999997,210.98,129.43,48.68,32.84,100,poolAndRewire,,
85,bl_entry 65545.57 > 24234.95,47,4428,50,65545.575,24234.950999999997,207.28,126.75,48.51,32.0,100,poolAndRewire,,
86,bl_entry 63970.49 > 24234.95,49,4477,50,63970.49,24234.950999999997,211.54,127.4,50.43,33.69,100,poolAndRewire,,
87,bl_entry 65564.03 > 24234.95,45,4522,50,65564.03,24234.950999999997,211.21,128.85,50.11,32.23,100,poolAndRewire,,
88,bl_entry 67388.54 > 24234.95,46,4568,50,67388.54,24234.950999999997,213.45,128.43,50.9,34.09,100,poolAndRewire,,
89,bl_entry 69230.58 > 24234.95,54,4622,50,69230.58,24234.950999999997,298.84,178.16,69.84,50.83,100,poolAndRewire,,
90,bl_entry 70534.46 > 24234.95,44,4666,50,70534.46,24234.950999999997,265.41,156.21,61.97,47.22,100,poolAndRewire,,
91,bl_entry 68531.64 > 24234.95,40,4706,50,68531.64,24234.950999999997,246.98,145.08,57.49,44.39,100,poolAndRewire,,
92,bl_entry 69920.33 > 24234.95,50,4756,50,69920.33,24234.950999999997,239.11,139.82,57.67,41.59,100,poolAndRewire,,
93,bl_entry 69923.06 > 24234.95,50,4806,50,69923.06,24234.950999999997,245.97,142.43,59.0,44.53,100,poolAndRewire,,
94,bl_entry 70147.66 > 24234.95,46,4852,50,70147.66,24234.950999999997,223.62,133.47,53.58,36.56,100,poolAndRewire,,
95,bl_entry 71474.18 > 24234.95,44,4896,50,71474.18,24234.950999999997,212.75,130.44,48.59,33.71,100,poolAndRewire,,
96,bl_entry 70662.79 > 24234.95,61,4957,50,70662.795,24234.950999999997,213.96,129.39,49.85,34.7,100,poolAndRewire,,
97,bl_entry 70004.76 > 24234.95,42,4999,50,70004.755,24234.950999999997,212.19,129.56,49.63,32.98,100,poolAndRewire,,
98,bl_entry 69585.13 > 24234.95,49,5048,50,69585.135,24234.950999999997,214.36,129.16,50.01,35.16,100,poolAndRewire,,
99,bl_entry 69643.81 > 24234.95,35,5083,50,69643.81,24234.950999999997,211.45,129.05,49.07,33.31,100,poolAndRewire,,
100,bl_entry 69202.62 > 24234.95,46,5129,50,69202.62,24234.950999999997,214.3,129.37,49.82,35.09,100,poolAndRewire,,
101,bl_entry 68392.77 > 24234.95,45,5174,50,68392.775,24234.950999999997,211.32,128.76,49.02,33.51,100,poolAndRewire,,
102,bl_entry 67299.38 > 24234.95,42,5216,50,67299.375,24234.950999999997,213.1,127.9,50.05,35.13,100,poolAndRewire,,
103,bl_entry 68129.70 > 24234.95,52,5268,50,68129.695,24234.950999999997,213.28,128.51,50.21,34.54,100,poolAndRewire,,
104,bl_entry 67785.47 > 24234.95,39,5307,50,67785.47,24234.950999999997,214.69,128.22,50.26,36.19,100,poolAndRewire,,
105,bl_entry 69767.85 > 24234.95,52,5359,50,69767.855,24234.950999999997,214.26,129.43,50.83,33.98,100,poolAndRewire,,
106,bl_entry 71596.66 > 24234.95,47,5406,50,71596.66,24234.950999999997,215.15,130.05,49.18,35.9,100,poolAndRewire,,
107,bl_entry 69987.23 > 24234.95,46,5452,50,69987.23,24234.950999999997,211.33,129.21,47.91,34.19,100,poolAndRewire,,
108,bl_entry 70407.46 > 24234.95,56,5508,50,70407.46,24234.950999999997,211.92,127.38,48.65,35.87,100,poolAndRewire,,
109,bl_entry 68877.48 > 24234.95,48,5556,50,68877.475,24234.950999999997,213.59,129.66,48.92,34.99,100,poolAndRewire,,
110,bl_entry 67703.84 > 24234.95,45,5601,50,67703.835,24234.950999999997,214.67,129.33,49.29,36.02,100,poolAndRewire,,
111,bl_entry 67725.40 > 24234.95,52,5653,50,67725.4,24234.950999999997,213.35,128.69,49.79,34.85,100,poolAndRewire,,
112,bl_entry 67007.11 > 24234.95,42,5695,50,67007.11,24234.950999999997,214.86,129.15,48.84,36.84,100,poolAndRewire,,
113,bl_entry 66360.96 > 24234.95,36,5731,50,66360.965,24234.950999999997,214.62,129.42,50.45,34.72,100,poolAndRewire,,
114,bl_entry 66221.48 > 24234.95,46,5777,50,66221.48,24234.950999999997,215.76,129.04,50.23,36.47,100,poolAndRewire,,
115,bl_entry 66992.71 > 24234.95,44,5821,50,66992.715,24234.950999999997,214.68,129.02,50.25,35.39,100,poolAndRewire,,
116,bl_entry 66218.32 > 24234.95,46,5867,50,66218.325,24234.950999999997,215.85,129.61,49.73,36.49,100,poolAndRewire,,
117,bl_entry 66782.35 > 24234.95,42,5909,50,66782.345,24234.950999999997,209.92,126.42,48.02,35.45,100,poolAndRewire,,
118,bl_entry 63068.33 > 24234.95,49,5958,50,63068.335,24234.950999999997,214.1,128.36,48.05,37.67,100,poolAndRewire,,
119,bl_entry 58372.01 > 24234.95,53,6011,50,58372.015,24234.950999999997,210.58,127.1,47.25,36.21,100,poolAndRewire,,
120,bl_entry 56260.21 > 24234.95,45,6056,50,56260.205,24234.950999999997,211.82,124.91,48.78,38.11,100,poolAndRewire,,
121,bl_entry 53810.64 > 24234.95,48,6104,50,53810.635,24234.950999999997,209.56,124.9,47.99,36.65,100,poolAndRewire,,
122,bl_entry 54562.09 > 24234.95,42,6146,50,54562.09,24234.950999999997,211.2,125.06,48.95,37.17,100,poolAndRewire,,
123,bl_entry 55252.98 > 24234.95,32,6178,50,55252.98,24234.950999999997,210.8,125.69,48.86,36.23,100,poolAndRewire,,
124,bl_entry 54852.31 > 24234.95,47,6225,50,54852.305,24234.950999999997,210.56,124.08,48.72,37.73,100,poolAndRewire,,
125,bl_entry 54072.94 > 24234.95,53,6278,50,54072.94,24234.950999999997,210.82,123.6,49.03,38.16,100,poolAndRewire,,
126,bl_entry 54335.97 > 24234.95,38,6316,50,54335.975,24234.950999999997,208.65,125.35,46.84,36.44,100,poolAndRewire,,
127,bl_entry 53966.86 > 24234.95,43,6359,50,53966.86,24234.950999999997,210.31,124.16,48.13,38.0,100,poolAndRewire,,
128,bl_entry 53527.75 > 24234.95,48,6407,50,53527.75,24234.950999999997,210.3,124.76,48.02,37.49,100,poolAndRewire,,
129,bl_entry 54483.46 > 24234.95,39,6446,50,54483.46,24234.950999999997,210.67,123.56,48.2,38.89,100,poolAndRewire,,
130,bl_entry 53950.60 > 24234.95,40,6486,50,53950.6,24234.950999999997,208.52,123.82,47.65,37.03,100,poolAndRewire,,
131,bl_entry 56390.38 > 24234.95,44,6530,50,56390.375,24234.950999999997,210.57,124.71,48.66,37.18,100,poolAndRewire,,
132,bl_entry 56978.24 > 24234.95,50,6580,50,56978.24,24234.950999999997,211.42,124.69,47.67,39.04,100,poolAndRewire,,
133,bl_entry 56963.18 > 24234.95,40,6620,50,56963.175,24234.950999999997,210.4,124.54,48.39,37.46,100,poolAndRewire,,
134,bl_entry 57785.75 > 24234.95,60,6680,50,57785.745,24234.950999999997,210.88,125.47,47.13,38.26,100,poolAndRewire,,
135,bl_entry 55686.32 > 24234.95,50,6730,50,55686.32,24234.950999999997,211.51,124.46,48.9,38.14,100,poolAndRewire,,
136,bl_entry 56630.00 > 24234.95,47,6777,50,56630.005,24234.950999999997,213.04,125.48,49.06,38.48,100,poolAndRewire,,
137,bl_entry 56019.50 > 24234.95,41,6818,50,56019.505,24234.950999999997,213.52,124.7,48.81,39.99,100,poolAndRewire,,
138,bl_entry 55165.43 > 24234.95,44,6862,50,55165.425,24234.950999999997,210.79,124.24,48.23,38.3,100,poolAndRewire,,
139,bl_entry 56302.89 > 24234.95,44,6906,50,56302.89,24234.950999999997,214.6,124.92,49.66,39.99,100,poolAndRewire,,
140,bl_entry 57257.80 > 24234.95,44,6950,50,57257.8,24234.950999999997,212.39,125.64,48.76,37.96,100,poolAndRewire,,
141,bl_entry 56535.50 > 24234.95,55,7005,50,56535.495,24234.950999999997,213.43,125.81,48.85,38.75,100,poolAndRewire,,
142,bl_entry 55768.94 > 24234.95,36,7041,50,55768.945,24234.950999999997,223.17,128.19,52.91,42.04,100,poolAndRewire,,
143,bl_entry 55562.33 > 24234.95,45,7086,50,55562.33,24234.950999999997,221.08,131.92,50.37,38.77,100,poolAndRewire,,
144,bl_entry 54329.36 > 24234.95,54,7140,50,54329.355,24234.950999999997,214.93,125.22,48.84,40.85,100,poolAndRewire,,
145,bl_entry 55394.43 > 24234.95,56,7196,50,55394.425,24234.950999999997,211.66,124.5,48.24,38.91,100,poolAndRewire,,
146,bl_entry 56334.30 > 24234.95,47,7243,50,56334.3,24234.950999999997,211.85,124.05,48.0,39.78,100,poolAndRewire,,
147,bl_entry 54682.45 > 24234.95,49,7292,50,54682.45,24234.950999999997,210.2,123.83,47.47,38.88,100,poolAndRewire,,
148,bl_entry 54759.75 > 24234.95,43,7335,50,54759.75,24234.950999999997,211.32,123.57,48.53,39.19,100,poolAndRewire,,
149,bl_entry 53790.67 > 24234.95,43,7378,50,53790.67,24234.950999999997,211.2,123.23,47.24,40.71,100,poolAndRewire,,
150,bl_entry 53914.75 > 24234.95,40,7418,50,53914.75,24234.950999999997,230.08,123.19,48.12,58.75,100,poolAndRewire,,
151,bl_entry 53790.40 > 24234.95,48,7466,50,53790.405,24234.950999999997,215.98,126.72,48.39,40.85,100,poolAndRewire,,
152,bl_entry 53145.94 > 24234.95,51,7517,50,53145.94,24234.950999999997,209.84,124.58,45.66,39.57,100,poolAndRewire,,
153,bl_entry 53855.31 > 24234.95,47,7564,50,53855.305,24234.950999999997,213.03,124.31,48.49,40.21,100,poolAndRewire,,
154,bl_entry 53199.00 > 24234.95,40,7604,50,53198.995,24234.950999999997,212.19,124.37,48.21,39.59,100,poolAndRewire,,
155,bl_entry 53250.05 > 24234.95,48,7652,50,53250.05,24234.950999999997,1028.02,124.01,47.73,856.26,100,poolAndRewire,,
156,bl_entry 54241.04 > 24234.95,44,7696,50,54241.04,24234.950999999997,216.03,126.69,47.39,41.93,100,poolAndRewire,,
157,bl_entry 53664.67 > 24234.95,47,7743,50,53664.665,24234.950999999997,212.43,124.47,47.34,40.6,100,poolAndRewire,,
158,bl_entry 54429.03 > 24234.95,49,7792,50,54429.03,24234.950999999997,212.99,123.91,47.61,41.45,100,poolAndRewire,,
159,bl_entry 55081.93 > 24234.95,47,7839,50,55081.925,24234.950999999997,213.08,124.35,46.94,41.76,100,poolAndRewire,,
160,bl_entry 53343.43 > 24234.95,51,7890,50,53343.425,24234.950999999997,213.26,125.85,46.86,40.53,100,poolAndRewire,,
161,bl_entry 53860.52 > 24234.95,42,7932,50,53860.52,24234.950999999997,220.68,131.2,47.97,41.48,100,poolAndRewire,,
162,bl_entry 54875.79 > 24234.95,52,7984,50,54875.79,24234.950999999997,228.07,124.57,59.54,43.95,100,poolAndRewire,,
163,bl_entry 55466.07 > 24234.95,52,8036,50,55466.075,24234.950999999997,217.65,127.71,49.16,40.75,100,poolAndRewire,,
164,bl_entry 56691.50 > 24234.95,42,8078,50,56691.5,24234.950999999997,214.89,125.17,47.77,41.94,100,poolAndRewire,,
165,bl_entry 57327.44 > 24234.95,46,8124,50,57327.44,24234.950999999997,214.51,123.95,47.8,42.75,100,poolAndRewire,,
166,bl_entry 56145.08 > 24234.95,45,8169,50,56145.08,24234.950999999997,218.66,130.21,46.78,41.65,100,poolAndRewire,,
167,bl_entry 56218.59 > 24234.95,57,8226,50,56218.59,24234.950999999997,213.68,123.95,48.06,41.65,100,poolAndRewire,,
168,bl_entry 55218.41 > 24234.95,45,8271,50,55218.41,24234.950999999997,215.62,125.01,47.87,42.72,100,poolAndRewire,,
169,bl_entry 54409.78 > 24234.95,45,8316,50,54409.78,24234.950999999997,213.64,123.47,48.42,41.73,100,poolAndRewire,,
170,bl_entry 54557.34 > 24234.95,48,8364,50,54557.34,24234.950999999997,230.72,136.89,50.51,43.31,100,poolAndRewire,,
171,bl_entry 54101.49 > 24234.95,39,8403,50,54101.485,24234.950999999997,220.23,124.81,49.14,46.26,100,poolAndRewire,,
172,bl_entry 55761.75 > 24234.95,44,8447,50,55761.755,24234.950999999997,214.02,124.18,47.61,42.21,100,poolAndRewire,,
173,bl_entry 55904.96 > 24234.95,47,8494,50,55904.955,24234.950999999997,215.13,125.04,47.67,42.4,100,poolAndRewire,,
174,bl_entry 56612.33 > 24234.95,34,8528,50,56612.33,24234.950999999997,218.73,125.69,49.52,43.51,100,poolAndRewire,,
175,bl_entry 56396.10 > 24234.95,34,8562,50,56396.1,24234.950999999997,216.98,124.99,49.76,42.21,100,poolAndRewire,,
176,bl_entry 56117.88 > 24234.95,42,8604,50,56117.875,24234.950999999997,217.44,126.25,48.19,42.98,100,poolAndRewire,,
177,bl_entry 56145.24 > 24234.95,50,8654,50,56145.235,24234.950999999997,221.23,128.32,48.92,43.97,100,poolAndRewire,,
178,bl_entry 54551.95 > 24234.95,37,8691,50,54551.95,24234.950999999997,227.71,137.52,46.59,43.59,100,poolAndRewire,,
179,bl_entry 54338.19 > 24234.95,40,8731,50,54338.19,24234.950999999997,213.41,124.07,46.39,42.92,100,poolAndRewire,,
180,bl_entry 53478.75 > 24234.95,30,8761,50,53478.755,24234.950999999997,215.0,123.84,46.5,44.64,100,poolAndRewire,,
181,bl_entry 51933.51 > 24234.95,34,8795,50,51933.51,24234.950999999997,211.61,123.48,44.9,43.22,100,poolAndRewire,,
182,bl_entry 53401.62 > 24234.95,26,8821,50,53401.62,24234.950999999997,220.51,126.25,44.96,49.28,100,poolAndRewire,,
183,bl_entry 54248.75 > 24234.95,28,8849,50,54248.745,24234.950999999997,215.59,124.47,46.56,44.54,100,poolAndRewire,,
184,bl_entry 53098.25 > 24234.95,31,8880,50,53098.245,24234.950999999997,214.94,124.68,47.27,42.97,100,poolAndRewire,,
185,bl_entry 55164.59 > 24234.95,24,8904,50,55164.59,24234.950999999997,214.99,124.84,46.08,44.05,100,poolAndRewire,,
186,bl_entry 55327.81 > 24234.95,41,8945,50,55327.81,24234.950999999997,218.68,128.26,45.06,45.35,100,poolAndRewire,,
187,bl_entry 54656.25 > 24234.95,38,8983,50,54656.25,24234.950999999997,219.48,130.0,46.4,43.06,100,poolAndRewire,,
188,bl_entry 56057.32 > 24234.95,21,9004,50,56057.315,24234.950999999997,216.1,125.12,46.86,44.11,100,poolAndRewire,,
189,bl_entry 54330.21 > 24234.95,31,9035,50,54330.215,24234.950999999997,215.92,124.74,46.01,45.15,100,poolAndRewire,,
190,bl_entry 54202.00 > 24234.95,27,9062,50,54201.995,24234.950999999997,215.59,125.94,45.94,43.69,100,poolAndRewire,,
191,bl_entry 53456.11 > 24234.95,30,9092,50,53456.115,24234.950999999997,216.97,125.01,47.86,44.08,100,poolAndRewire,,
192,bl_entry 53065.19 > 24234.95,34,9126,50,53065.19,24234.950999999997,220.7,125.01,49.7,45.98,100,poolAndRewire,,
193,bl_entry 53901.92 > 24234.95,31,9157,50,53901.915,24234.950999999997,232.89,124.26,58.59,50.03,100,poolAndRewire,,
194,bl_entry 54144.90 > 24234.95,34,9191,50,54144.9,24234.950999999997,216.43,124.34,47.9,44.18,100,poolAndRewire,,
195,bl_entry 54978.49 > 24234.95,38,9229,50,54978.49,24234.950999999997,220.13,125.83,48.38,45.9,100,poolAndRewire,,
196,bl_entry 55115.17 > 24234.95,30,9259,50,55115.165,24234.950999999997,218.99,126.64,46.52,45.8,100,poolAndRewire,,
197,bl_entry 54676.93 > 24234.95,28,9287,50,54676.935,24234.950999999997,217.91,124.66,46.16,47.08,100,poolAndRewire,,
198,bl_entry 53285.00 > 24234.95,28,9315,50,53285.005,24234.950999999997,214.79,123.48,46.57,44.72,100,poolAndRewire,,
199,bl_entry 52769.01 > 24234.95,34,9349,50,52769.01,24234.950999999997,216.08,123.82,46.37,45.87,100,poolAndRewire,,
200,bl_entry 52705.43 > 24234.95,36,9385,50,52705.43,24234.950999999997,217.62,124.57,46.74,46.3,100,poolAndRewire,,
201,bl_entry 53119.42 > 24234.95,29,9414,50,53119.42,24234.950999999997,232.8,137.21,47.76,47.8,100,poolAndRewire,,
202,bl_entry 54596.30 > 24234.95,29,9443,50,54596.3,24234.950999999997,218.82,125.02,48.79,44.99,100,poolAndRewire,,
203,bl_entry 54751.92 > 24234.95,34,9477,50,54751.915,24234.950999999997,215.86,125.39,44.48,45.97,100,poolAndRewire,,
204,bl_entry 54799.39 > 24234.95,28,9505,50,54799.395,24234.950999999997,219.94,124.65,47.49,47.77,100,poolAndRewire,,
205,bl_entry 55343.49 > 24234.95,26,9531,50,55343.49,24234.950999999997,221.11,126.04,47.19,47.86,100,poolAndRewire,,
206,bl_entry 53232.47 > 24234.95,28,9559,50,53232.475,24234.950999999997,230.67,125.05,46.19,59.42,100,poolAndRewire,,
207,bl_entry 53727.53 > 24234.95,31,9590,50,53727.525,24234.950999999997,225.41,131.35,47.88,46.17,100,poolAndRewire,,
208,bl_entry 53743.74 > 24234.95,31,9621,50,53743.74,24234.950999999997,218.25,125.29,45.63,47.31,100,poolAndRewire,,
209,bl_entry 53068.11 > 24234.95,34,9655,50,53068.105,24234.950999999997,220.54,123.82,46.82,49.88,100,poolAndRewire,,
210,bl_entry 54050.71 > 24234.95,43,9698,50,54050.71,24234.950999999997,216.76,124.11,46.81,45.82,100,poolAndRewire,,
211,bl_entry 54767.42 > 24234.95,23,9721,50,54767.42,24234.950999999997,218.31,125.13,46.64,46.52,100,poolAndRewire,,
212,bl_entry 54088.06 > 24234.95,37,9758,50,54088.055,24234.950999999997,226.61,124.95,53.09,48.54,100,poolAndRewire,,
213,bl_entry 55167.14 > 24234.95,34,9792,50,55167.14,24234.950999999997,218.37,123.33,46.54,48.47,100,poolAndRewire,,
214,bl_entry 56658.82 > 24234.95,32,9824,50,56658.82,24234.950999999997,219.83,125.06,48.49,46.26,100,poolAndRewire,,
215,bl_entry 55904.75 > 24234.95,33,9857,50,55904.755,24234.950999999997,217.94,124.31,45.75,47.87,100,poolAndRewire,,
216,bl_entry 57351.22 > 24234.95,31,9888,50,57351.225,24234.950999999997,224.71,126.44,50.39,47.86,100,poolAndRewire,,
217,bl_entry 56868.82 > 24234.95,38,9926,50,56868.82,24234.950999999997,227.22,126.66,50.51,50.03,100,poolAndRewire,,
218,bl_entry 56580.34 > 24234.95,27,9953,50,56580.34,24234.950999999997,248.94,150.65,50.49,47.78,100,poolAndRewire,,
219,bl_entry 56846.25 > 24234.95,28,9981,50,56846.245,24234.950999999997,222.25,127.01,47.69,47.52,100,poolAndRewire,,
220,bl_entry 56296.28 > 24234.95,34,10015,50,56296.28,24234.950999999997,221.45,125.16,46.8,49.48,100,poolAndRewire,,
221,bl_entry 56258.07 > 24234.95,36,10051,50,56258.065,24234.950999999997,221.13,124.57,47.26,49.28,100,poolAndRewire,,
222,bl_entry 54892.33 > 24234.95,34,10085,50,54892.33,24234.950999999997,226.88,130.0,47.3,49.56,100,poolAndRewire,,
223,bl_entry 54289.72 > 24234.95,28,10113,50,54289.725,24234.950999999997,230.2,135.38,46.58,48.23,100,poolAndRewire,,
224,bl_entry 55470.43 > 24234.95,32,10145,50,55470.435,24234.950999999997,220.99,126.04,46.07,48.87,100,poolAndRewire,,
225,bl_entry 55914.75 > 24234.95,28,10173,50,55914.745,24234.950999999997,223.91,127.29,46.9,49.69,100,poolAndRewire,,
226,bl_entry 55915.46 > 24234.95,32,10205,50,55915.465,24234.950999999997,221.18,126.54,47.31,47.3,100,poolAndRewire,,
227,bl_entry 56708.56 > 24234.95,49,10254,50,56708.56,24234.950999999997,227.79,127.47,47.31,53.0,100,poolAndRewire,,
228,bl_entry 54811.57 > 24234.95,28,10282,50,54811.565,24234.950999999997,224.8,127.85,47.32,49.61,100,poolAndRewire,,
229,bl_entry 53325.62 > 24234.95,33,10315,50,53325.625,24234.950999999997,251.23,146.69,53.26,51.27,100,poolAndRewire,,
230,bl_entry 52877.64 > 24234.95,32,10347,50,52877.645,24234.950999999997,219.83,125.5,45.3,49.02,100,poolAndRewire,,
231,bl_entry 52011.29 > 24234.95,34,10381,50,52011.295,24234.950999999997,224.5,126.04,48.17,50.27,100,poolAndRewire,,
232,bl_entry 51444.31 > 24234.95,22,10403,50,51444.305,24234.950999999997,220.88,123.08,47.04,50.73,100,poolAndRewire,,
233,bl_entry 51614.01 > 24234.95,37,10440,50,51614.015,24234.950999999997,247.46,150.06,45.93,51.47,100,poolAndRewire,,
234,bl_entry 53369.61 > 24234.95,34,10474,50,53369.61,24234.950999999997,224.68,125.69,47.29,51.68,100,poolAndRewire,,
235,bl_entry 54448.10 > 24234.95,24,10498,50,54448.095,24234.950999999997,221.03,125.75,45.82,49.44,100,poolAndRewire,,
236,bl_entry 54060.95 > 24234.95,29,10527,50,54060.95,24234.950999999997,217.34,124.01,44.37,48.94,100,poolAndRewire,,
237,bl_entry 53708.07 > 24234.95,37,10564,50,53708.075,24234.950999999997,220.59,124.69,46.55,49.33,100,poolAndRewire,,
238,bl_entry 52557.54 > 24234.95,35,10599,50,52557.545,24234.950999999997,242.59,142.37,48.9,51.3,100,poolAndRewire,,
239,bl_entry 51427.75 > 24234.95,33,10632,50,51427.75,24234.950999999997,223.62,125.87,46.61,51.13,100,poolAndRewire,,
240,bl_entry 53056.13 > 24234.95,35,10667,50,53056.13,24234.950999999997,252.0,148.2,50.67,53.11,100,poolAndRewire,,
241,bl_entry 53749.61 > 24234.95,32,10699,50,53749.605,24234.950999999997,220.65,126.88,44.54,49.21,100,poolAndRewire,,
242,bl_entry 54549.94 > 24234.95,48,10747,50,54549.94,24234.950999999997,223.06,125.84,47.67,49.53,100,poolAndRewire,,
243,bl_entry 54445.09 > 24234.95,26,10773,50,54445.09,24234.950999999997,223.21,125.53,47.45,50.21,100,poolAndRewire,,
244,bl_entry 54476.38 > 24234.95,25,10798,50,54476.375,24234.950999999997,223.31,125.76,46.29,51.23,100,poolAndRewire,,
245,bl_entry 54264.04 > 24234.95,28,10826,50,54264.04,24234.950999999997,1145.15,125.98,44.78,974.37,100,poolAndRewire,,
246,bl_entry 53293.18 > 24234.95,29,10855,50,53293.18,24234.950999999997,226.14,126.19,47.29,52.64,100,poolAndRewire,,
247,bl_entry 54047.13 > 24234.95,25,10880,50,54047.13,24234.950999999997,219.98,124.64,45.19,50.12,100,poolAndRewire,,
248,bl_entry 53300.51 > 24234.95,34,10914,50,53300.51,24234.950999999997,223.65,126.08,46.82,50.74,100,poolAndRewire,,
249,bl_entry 52683.29 > 24234.95,43,10957,50,52683.29,24234.950999999997,222.45,124.79,45.26,52.39,100,poolAndRewire,,
250,bl_entry 53015.49 > 24234.95,27,10984,50,53015.49,24234.950999999997,224.52,124.13,47.6,52.78,100,poolAndRewire,,
251,bl_entry 52742.63 > 24234.95,34,11018,50,52742.63,24234.950999999997,223.87,124.29,47.17,52.39,100,poolAndRewire,,
252,bl_entry 53380.66 > 24234.95,33,11051,50,53380.66,24234.950999999997,240.87,124.28,45.5,71.07,100,poolAndRewire,,
253,bl_entry 54231.50 > 24234.95,39,11090,50,54231.495,24234.950999999997,232.06,133.39,47.74,50.9,100,poolAndRewire,,
254,bl_entry 55377.32 > 24234.95,30,11120,50,55377.325,24234.950999999997,222.77,125.5,46.32,50.92,100,poolAndRewire,,
255,bl_entry 55748.93 > 24234.95,32,11152,50,55748.935,24234.950999999997,223.35,125.05,46.3,51.99,100,poolAndRewire,,
256,bl_entry 56282.53 > 24234.95,28,11180,50,56282.525,24234.950999999997,225.86,125.95,47.24,52.65,100,poolAndRewire,,
257,bl_entry 56865.84 > 24234.95,38,11218,50,56865.84,24234.950999999997,226.49,126.11,46.87,53.49,100,poolAndRewire,,
258,bl_entry 54373.93 > 24234.95,37,11255,50,54373.935,24234.950999999997,226.69,127.59,45.53,53.56,100,poolAndRewire,,
259,bl_entry 53439.71 > 24234.95,31,11286,50,53439.705,24234.950999999997,228.02,131.13,44.88,52.0,100,poolAndRewire,,
260,bl_entry 51621.90 > 24234.95,17,11303,50,51621.905,24234.950999999997,224.65,124.55,47.82,52.26,100,poolAndRewire,,
261,bl_entry 50660.68 > 24234.95,35,11338,50,50660.68,24234.950999999997,222.45,123.85,46.15,52.41,100,poolAndRewire,,
262,bl_entry 51647.58 > 24234.95,36,11374,50,51647.585,24234.950999999997,225.49,124.06,46.48,54.92,100,poolAndRewire,,
263,bl_entry 52718.04 > 24234.95,45,11419,50,52718.04,24234.950999999997,223.48,124.79,45.49,53.18,100,poolAndRewire,,
264,bl_entry 53528.42 > 24234.95,39,11458,50,53528.42,24234.950999999997,225.37,123.71,46.78,54.85,100,poolAndRewire,,
265,bl_entry 54073.86 > 24234.95,32,11490,50,54073.865,24234.950999999997,226.13,126.11,48.11,51.9,100,poolAndRewire,,
266,bl_entry 55121.61 > 24234.95,33,11523,50,55121.615,24234.950999999997,233.35,133.44,47.18,52.71,100,poolAndRewire,,
267,bl_entry 54072.17 > 24234.95,34,11557,50,54072.17,24234.950999999997,225.81,126.01,46.55,53.23,100,poolAndRewire,,
268,bl_entry 54998.22 > 24234.95,38,11595,50,54998.225,24234.950999999997,225.09,125.54,46.14,53.39,100,poolAndRewire,,
269,bl_entry 54561.50 > 24234.95,39,11634,50,54561.5,24234.950999999997,224.55,124.9,43.86,55.77,100,poolAndRewire,,
270,bl_entry 54306.77 > 24234.95,34,11668,50,54306.77,24234.950999999997,233.09,125.17,51.69,56.22,100,poolAndRewire,,
271,bl_entry 55399.74 > 24234.95,24,11692,50,55399.735,24234.950999999997,222.55,124.32,45.32,52.89,100,poolAndRewire,,
272,bl_entry 54724.71 > 24234.95,41,11733,50,54724.715,24234.950999999997,227.11,126.07,48.32,52.7,100,poolAndRewire,,
273,bl_entry 55275.92 > 24234.95,34,11767,50,55275.92,24234.950999999997,227.58,127.18,47.04,53.34,100,poolAndRewire,,
274,bl_entry 56674.17 > 24234.95,28,11795,50,56674.17,24234.950999999997,227.64,127.12,46.78,53.71,100,poolAndRewire,,
275,bl_entry 56433.96 > 24234.95,46,11841,50,56433.955,24234.950999999997,226.35,125.17,47.04,53.92,100,poolAndRewire,,
276,bl_entry 55800.69 > 24234.95,42,11883,50,55800.69,24234.950999999997,227.39,125.46,47.38,54.53,100,poolAndRewire,,
277,bl_entry 56418.93 > 24234.95,31,11914,50,56418.93,24234.950999999997,227.68,125.34,47.72,54.6,100,poolAndRewire,,
278,bl_entry 60900.24 > 24234.95,44,11958,50,60900.235,24234.950999999997,234.72,127.42,52.0,55.28,100,poolAndRewire,,
279,bl_entry 66414.79 > 24234.95,37,11995,50,66414.795,24234.950999999997,236.16,128.4,51.58,56.17,100,poolAndRewire,,
280,bl_entry 74035.82 > 24234.95,32,12027,50,74035.825,24234.950999999997,240.23,131.73,51.89,56.59,100,poolAndRewire,,
281,bl_entry 79531.73 > 24234.95,34,12061,50,79531.725,24234.950999999997,241.51,132.76,52.43,56.3,100,poolAndRewire,,
282,bl_entry 79310.91 > 24234.95,48,12109,50,79310.915,24234.950999999997,239.65,132.83,49.9,56.9,100,poolAndRewire,,
283,bl_entry 79612.92 > 24234.95,41,12150,50,79612.92,24234.950999999997,241.74,135.88,52.01,53.83,100,poolAndRewire,,
284,bl_entry 77667.86 > 24234.95,38,12188,50,77667.86,24234.950999999997,237.13,132.07,51.47,53.57,100,poolAndRewire,,
285,bl_entry 77605.84 > 24234.95,42,12230,50,77605.84,24234.950999999997,240.91,134.62,51.7,54.56,100,poolAndRewire,,
286,bl_entry 77564.65 > 24234.95,33,12263,50,77564.655,24234.950999999997,239.97,133.95,51.17,54.83,100,poolAndRewire,,
287,bl_entry 76985.88 > 24234.95,41,12304,50,76985.88,24234.950999999997,238.87,132.87,51.17,54.81,100,poolAndRewire,,
288,bl_entry 78796.88 > 24234.95,42,12346,50,78796.885,24234.950999999997,241.21,135.83,49.55,55.81,100,poolAndRewire,,
289,bl_entry 80378.57 > 24234.95,36,12382,50,80378.575,24234.950999999997,238.68,131.51,50.93,56.21,100,poolAndRewire,,
290,bl_entry 81882.74 > 24234.95,43,12425,50,81882.735,24234.950999999997,241.91,134.58,50.7,56.61,100,poolAndRewire,,
291,bl_entry 83143.16 > 24234.95,39,12464,50,83143.16,24234.950999999997,242.44,132.61,51.48,58.33,100,poolAndRewire,,
292,bl_entry 82361.76 > 24234.95,36,12500,50,82361.76,24234.950999999997,243.73,133.92,52.43,57.36,100,poolAndRewire,,
293,bl_entry 81730.18 > 24234.95,39,12539,50,81730.185,24234.950999999997,240.2,131.42,51.34,57.42,100,poolAndRewire,,
294,bl_entry 80058.72 > 24234.95,31,12570,50,80058.72,24234.950999999997,246.25,135.86,52.41,57.97,100,poolAndRewire,,
295,bl_entry 79356.13 > 24234.95,39,12609,50,79356.13,24234.950999999997,241.41,134.69,51.65,55.04,100,poolAndRewire,,
296,bl_entry 78603.65 > 24234.95,27,12636,50,78603.65,24234.950999999997,239.15,132.85,50.8,55.49,100,poolAndRewire,,
297,bl_entry 77482.68 > 24234.95,40,12676,50,77482.675,24234.950999999997,242.81,135.94,51.31,55.53,100,poolAndRewire,,
298,bl_entry 76933.05 > 24234.95,37,12713,50,76933.055,24234.950999999997,240.89,133.84,50.94,56.08,100,poolAndRewire,,
299,bl_entry 76712.40 > 24234.95,33,12746,50,76712.405,24234.950999999997,241.04,132.95,51.54,56.52,100,poolAndRewire,,
300,bl_entry 77856.37 > 24234.95,39,12785,50,77856.365,24234.950999999997,241.68,133.67,50.96,57.03,100,poolAndRewire,,
301,bl_entry 78006.02 > 24234.95,37,12822,50,78006.025,24234.950999999997,241.74,133.34,50.91,57.47,100,poolAndRewire,,
302,bl_entry 78028.76 > 24234.95,36,12858,50,78028.76,24234.950999999997,242.83,133.71,51.49,57.62,100,poolAndRewire,,
303,bl_entry 78070.10 > 24234.95,39,12897,50,78070.095,24234.950999999997,243.7,133.76,51.81,58.11,100,poolAndRewire,,
304,bl_entry 77510.71 > 24234.95,38,12935,50,77510.715,24234.950999999997,242.72,132.47,51.0,59.23,100,poolAndRewire,,
305,bl_entry 77512.02 > 24234.95,45,12980,50,77512.025,24234.950999999997,242.88,133.96,50.16,58.74,100,poolAndRewire,,
306,bl_entry 78959.62 > 24234.95,34,13014,50,78959.615,24234.950999999997,242.35,133.3,49.76,59.26,100,poolAndRewire,,
307,bl_entry 79904.26 > 24234.95,37,13051,50,79904.255,24234.950999999997,246.06,134.76,51.74,59.54,100,poolAndRewire,,
308,bl_entry 80597.66 > 24234.95,42,13093,50,80597.66,24234.950999999997,761.93,132.43,51.96,577.51,100,poolAndRewire,,
309,bl_entry 81196.84 > 24234.95,35,13128,50,81196.835,24234.950999999997,246.02,134.79,50.04,61.16,100,poolAndRewire,,
310,bl_entry 81177.60 > 24234.95,42,13170,50,81177.6,24234.950999999997,247.09,134.86,52.38,59.82,100,poolAndRewire,,
311,bl_entry 81182.59 > 24234.95,41,13211,50,81182.585,24234.950999999997,247.3,135.55,51.42,60.3,100,poolAndRewire,,
312,bl_entry 80906.54 > 24234.95,40,13251,50,80906.545,24234.950999999997,244.45,133.53,50.47,60.43,100,poolAndRewire,,
313,bl_entry 79966.12 > 24234.95,30,13281,50,79966.12,24234.950999999997,244.09,132.76,50.75,60.56,100,poolAndRewire,,
314,bl_entry 79556.63 > 24234.95,35,13316,50,79556.635,24234.950999999997,245.63,133.85,51.46,60.29,100,poolAndRewire,,
315,bl_entry 79295.62 > 24234.95,34,13350,50,79295.615,24234.950999999997,247.47,134.95,51.59,60.91,100,poolAndRewire,,
316,bl_entry 79288.47 > 24234.95,38,13388,50,79288.47,24234.950999999997,246.93,134.71,51.43,60.77,100,poolAndRewire,,
317,bl_entry 79453.35 > 24234.95,29,13417,50,79453.35,24234.950999999997,246.73,133.42,51.92,61.36,100,poolAndRewire,,
318,bl_entry 78708.40 > 24234.95,43,13460,50,78708.4,24234.950999999997,245.75,133.93,50.78,61.03,100,poolAndRewire,,
319,bl_entry 79068.49 > 24234.95,30,13490,50,79068.495,24234.950999999997,247.27,134.22,51.54,61.49,100,poolAndRewire,,
320,bl_entry 79216.64 > 24234.95,28,13518,50,79216.64,24234.950999999997,244.14,131.97,50.54,61.6,100,poolAndRewire,,
321,bl_entry 80671.74 > 24234.95,37,13555,50,80671.745,24234.950999999997,249.51,135.25,51.32,62.92,100,poolAndRewire,,
322,bl_entry 80842.65 > 24234.95,42,13597,50,80842.655,24234.950999999997,246.0,133.51,51.02,61.44,100,poolAndRewire,,
323,bl_entry 79783.62 > 24234.95,35,13632,50,79783.62,24234.950999999997,247.63,135.03,51.47,61.11,100,poolAndRewire,,
324,bl_entry 80213.42 > 24234.95,39,13671,50,80213.42,24234.950999999997,247.17,133.83,51.52,61.8,100,poolAndRewire,,
325,bl_entry 78706.29 > 24234.95,30,13701,50,78706.285,24234.950999999997,247.93,134.96,51.33,61.62,100,poolAndRewire,,
326,bl_entry 80739.88 > 24234.95,35,13736,50,80739.88,24234.950999999997,246.81,134.41,50.39,61.98,100,poolAndRewire,,
327,bl_entry 80562.07 > 24234.95,41,13777,50,80562.065,24234.950999999997,245.57,133.54,50.31,61.7,100,poolAndRewire,,
328,bl_entry 79283.68 > 24234.95,34,13811,50,79283.675,24234.950999999997,246.73,133.11,50.51,63.1,100,poolAndRewire,,
329,bl_entry 79152.74 > 24234.95,38,13849,50,79152.735,24234.950999999997,248.91,135.93,51.01,61.94,100,poolAndRewire,,
330,bl_entry 77964.07 > 24234.95,38,13887,50,77964.075,24234.950999999997,247.11,132.3,52.18,62.61,100,poolAndRewire,,
331,bl_entry 78251.16 > 24234.95,35,13922,50,78251.165,24234.950999999997,250.41,135.3,52.65,62.44,100,poolAndRewire,,
332,bl_entry 79235.65 > 24234.95,30,13952,50,79235.655,24234.950999999997,245.68,132.29,50.84,62.52,100,poolAndRewire,,
333,bl_entry 79991.79 > 24234.95,39,13991,50,79991.795,24234.950999999997,249.97,135.94,51.4,62.61,100,poolAndRewire,,
334,bl_entry 80338.74 > 24234.95,43,14034,50,80338.735,24234.950999999997,245.88,131.7,50.7,63.46,100,poolAndRewire,,
335,bl_entry 81721.54 > 24234.95,38,14072,50,81721.545,24234.950999999997,249.98,135.4,51.4,63.16,100,poolAndRewire,,
336,bl_entry 81138.51 > 24234.95,38,14110,50,81138.515,24234.950999999997,246.25,132.39,51.03,62.81,100,poolAndRewire,,
337,bl_entry 80033.66 > 24234.95,38,14148,50,80033.665,24234.950999999997,248.99,135.78,50.16,63.03,100,poolAndRewire,,
338,bl_entry 77382.82 > 24234.95,43,14191,50,77382.815,24234.950999999997,245.39,131.63,50.44,63.3,100,poolAndRewire,,
339,bl_entry 74721.38 > 24234.95,34,14225,50,74721.385,24234.950999999997,758.94,132.82,51.45,574.64,100,poolAndRewire,,
340,bl_entry 73043.58 > 24234.95,47,14272,50,73043.58,24234.950999999997,242.54,132.2,50.02,60.3,100,poolAndRewire,,
341,bl_entry 71428.96 > 24234.95,44,14316,50,71428.96,24234.950999999997,245.04,133.68,51.18,60.16,100,poolAndRewire,,
342,bl_entry 72387.96 > 24234.95,42,14358,50,72387.965,24234.950999999997,246.2,131.8,49.24,65.14,100,poolAndRewire,,
343,bl_entry 72344.01 > 24234.95,38,14396,50,72344.005,24234.950999999997,248.5,131.85,52.27,64.36,100,poolAndRewire,,
344,bl_entry 71406.57 > 24234.95,40,14436,50,71406.565,24234.950999999997,248.5,134.26,50.59,63.62,100,poolAndRewire,,
345,bl_entry 71864.42 > 24234.95,44,14480,50,71864.42,24234.950999999997,246.59,131.46,50.21,64.9,100,poolAndRewire,,
346,bl_entry 70047.11 > 24234.95,33,14513,50,70047.11,24234.950999999997,244.25,130.31,50.54,63.38,100,poolAndRewire,,
347,bl_entry 69835.22 > 24234.95,40,14553,50,69835.22,24234.950999999997,245.35,131.53,50.16,63.65,100,poolAndRewire,,
348,bl_entry 70368.12 > 24234.95,42,14595,50,70368.115,24234.950999999997,245.31,130.99,51.19,63.1,100,poolAndRewire,,
349,bl_entry 68910.24 > 24234.95,38,14633,50,68910.235,24234.950999999997,250.11,136.17,50.74,63.18,100,poolAndRewire,,
350,bl_entry 69914.13 > 24234.95,32,14665,50,69914.13,24234.950999999997,245.13,130.05,51.31,63.74,100,poolAndRewire,,
351,bl_entry 69233.45 > 24234.95,39,14704,50,69233.45,24234.950999999997,244.19,131.26,50.22,62.68,100,poolAndRewire,,
352,bl_entry 69312.38 > 24234.95,40,14744,50,69312.375,24234.950999999997,242.97,130.94,49.44,62.56,100,poolAndRewire,,
353,bl_entry 69027.77 > 24234.95,38,14782,50,69027.77,24234.950999999997,242.11,131.21,48.71,62.16,100,poolAndRewire,,
354,bl_entry 69172.44 > 24234.95,39,14821,50,69172.44,24234.950999999997,247.22,130.59,49.73,66.87,100,poolAndRewire,,
355,bl_entry 68579.61 > 24234.95,38,14859,50,68579.61,24234.950999999997,246.52,131.07,49.79,65.64,100,poolAndRewire,,
356,bl_entry 68415.87 > 24234.95,30,14889,50,68415.865,24234.950999999997,244.86,130.74,49.12,64.98,100,poolAndRewire,,
357,bl_entry 69637.91 > 24234.95,35,14924,50,69637.91,24234.950999999997,245.94,129.76,49.66,66.49,100,poolAndRewire,,
358,bl_entry 68974.55 > 24234.95,30,14954,50,68974.555,24234.950999999997,250.21,131.23,50.9,68.05,100,poolAndRewire,,
359,bl_entry 70108.38 > 24234.95,48,15002,50,70108.385,24234.950999999997,247.32,130.68,49.5,67.11,100,poolAndRewire,,
360,bl_entry 70602.45 > 24234.95,33,15035,50,70602.445,24234.950999999997,246.94,131.36,50.55,65.01,100,poolAndRewire,,
361,bl_entry 70728.40 > 24234.95,30,15065,50,70728.405,24234.950999999997,247.44,131.55,50.79,65.08,100,poolAndRewire,,
362,bl_entry 70373.26 > 24234.95,36,15101,50,70373.265,24234.950999999997,243.78,130.5,48.89,64.37,100,poolAndRewire,,
363,bl_entry 69260.73 > 24234.95,43,15144,50,69260.725,24234.950999999997,245.05,130.69,50.44,63.9,100,poolAndRewire,,
364,bl_entry 68586.18 > 24234.95,38,15182,50,68586.185,24234.950999999997,243.88,131.2,48.69,63.97,100,poolAndRewire,,
365,bl_entry 68639.70 > 24234.95,38,15220,50,68639.695,24234.950999999997,245.26,131.34,50.28,63.62,100,poolAndRewire,,
366,bl_entry 69048.30 > 24234.95,33,15253,50,69048.3,24234.950999999997,245.84,130.18,49.4,66.24,100,poolAndRewire,,
367,bl_entry 70611.52 > 24234.95,51,15304,50,70611.52,24234.950999999997,248.11,131.08,50.18,66.83,100,poolAndRewire,,
368,bl_entry 70824.14 > 24234.95,35,15339,50,70824.14,24234.950999999997,248.63,129.71,50.53,68.36,100,poolAndRewire,,
369,bl_entry 71993.29 > 24234.95,42,15381,50,71993.285,24234.950999999997,248.06,130.69,50.63,66.72,100,poolAndRewire,,
370,bl_entry 71205.99 > 24234.95,42,15423,50,71205.985,24234.950999999997,246.48,129.9,50.35,66.22,100,poolAndRewire,,
371,bl_entry 70077.63 > 24234.95,40,15463,50,70077.635,24234.950999999997,248.07,132.42,49.59,66.03,100,poolAndRewire,,
372,bl_entry 70854.73 > 24234.95,48,15511,50,70854.73,24234.950999999997,257.22,130.46,54.01,72.72,100,poolAndRewire,,
373,bl_entry 69446.37 > 24234.95,33,15544,50,69446.365,24234.950999999997,247.24,130.38,50.16,66.68,100,poolAndRewire,,
374,bl_entry 69013.44 > 24234.95,37,15581,50,69013.44,24234.950999999997,246.98,130.21,49.77,66.97,100,poolAndRewire,,
375,bl_entry 69202.97 > 24234.95,49,15630,50,69202.97,24234.950999999997,246.3,130.24,50.92,65.12,100,poolAndRewire,,
376,bl_entry 68559.52 > 24234.95,32,15662,50,68559.52,24234.950999999997,245.86,130.62,50.25,64.98,100,poolAndRewire,,
377,bl_entry 69090.85 > 24234.95,42,15704,50,69090.845,24234.950999999997,253.89,134.6,50.18,69.08,100,poolAndRewire,,
378,bl_entry 70911.62 > 24234.95,32,15736,50,70911.62,24234.950999999997,251.07,131.28,50.37,69.4,100,poolAndRewire,,
379,bl_entry 71852.32 > 24234.95,37,15773,50,71852.32,24234.950999999997,248.14,130.55,50.04,67.54,100,poolAndRewire,,
380,bl_entry 72252.88 > 24234.95,43,15816,50,72252.885,24234.950999999997,248.83,130.69,49.6,68.53,100,poolAndRewire,,
381,bl_entry 72146.42 > 24234.95,27,15843,50,72146.42,24234.950999999997,249.79,131.55,51.93,66.29,100,poolAndRewire,,
382,bl_entry 72254.35 > 24234.95,38,15881,50,72254.355,24234.950999999997,248.97,130.32,49.87,68.75,100,poolAndRewire,,
383,bl_entry 71975.18 > 24234.95,38,15919,50,71975.175,24234.950999999997,250.55,130.64,50.89,69.0,100,poolAndRewire,,
384,bl_entry 71831.62 > 24234.95,38,15957,50,71831.62,24234.950999999997,1064.44,130.61,49.86,883.94,100,poolAndRewire,,
385,bl_entry 70427.25 > 24234.95,40,15997,50,70427.25,24234.950999999997,248.32,130.08,49.23,68.98,100,poolAndRewire,,
386,bl_entry 70850.47 > 24234.95,28,16025,50,70850.47,24234.950999999997,247.14,129.53,49.41,68.17,100,poolAndRewire,,
387,bl_entry 71438.62 > 24234.95,38,16063,50,71438.625,24234.950999999997,253.41,131.94,50.37,71.07,100,poolAndRewire,,
388,bl_entry 72247.24 > 24234.95,34,16097,50,72247.235,24234.950999999997,252.73,129.98,54.17,68.56,100,poolAndRewire,,
389,bl_entry 73627.11 > 24234.95,37,16134,50,73627.11,24234.950999999997,246.57,130.91,48.49,67.15,100,poolAndRewire,,
390,bl_entry 72794.71 > 24234.95,43,16177,50,72794.715,24234.950999999997,250.73,130.88,49.99,69.83,100,poolAndRewire,,
391,bl_entry 72742.88 > 24234.95,33,16210,50,72742.88,24234.950999999997,251.4,131.57,50.29,69.51,100,poolAndRewire,,
392,bl_entry 70954.38 > 24234.95,40,16250,50,70954.375,24234.950999999997,256.17,134.37,51.26,70.52,100,poolAndRewire,,
393,bl_entry 69971.40 > 24234.95,42,16292,50,69971.395,24234.950999999997,251.58,132.44,49.39,69.73,100,poolAndRewire,,
394,bl_entry 69902.60 > 24234.95,36,16328,50,69902.595,24234.950999999997,251.99,132.75,50.8,68.42,100,poolAndRewire,,
395,bl_entry 69271.13 > 24234.95,31,16359,50,69271.13,24234.950999999997,248.57,130.5,50.7,67.35,100,poolAndRewire,,
396,bl_entry 70643.90 > 24234.95,40,16399,50,70643.895,24234.950999999997,251.89,131.31,50.05,70.5,100,poolAndRewire,,
397,bl_entry 70288.23 > 24234.95,38,16437,50,70288.225,24234.950999999997,273.51,149.91,51.95,71.63,100,poolAndRewire,,
398,bl_entry 69292.27 > 24234.95,33,16470,50,69292.275,24234.950999999997,252.57,133.03,50.19,69.33,100,poolAndRewire,,
399,bl_entry 66606.35 > 24234.95,40,16510,50,66606.35,24234.950999999997,250.89,132.79,48.63,69.45,100,poolAndRewire,,
400,bl_entry 64320.25 > 24234.95,36,16546,50,64320.255,24234.950999999997,247.6,129.41,49.29,68.88,100,poolAndRewire,,
401,bl_entry 63660.68 > 24234.95,32,16578,50,63660.675,24234.950999999997,253.82,129.58,54.65,69.56,100,poolAndRewire,,
402,bl_entry 61421.43 > 24234.95,38,16616,50,61421.435,24234.950999999997,250.26,130.07,48.91,71.26,100,poolAndRewire,,
403,bl_entry 61755.72 > 24234.95,36,16652,50,61755.72,24234.950999999997,249.7,129.29,49.74,70.65,100,poolAndRewire,,
404,bl_entry 62226.60 > 24234.95,40,16692,50,62226.595,24234.950999999997,248.15,128.26,49.51,70.35,100,poolAndRewire,,
405,bl_entry 63146.79 > 24234.95,35,16727,50,63146.79,24234.950999999997,248.91,128.79,50.0,70.1,100,poolAndRewire,,
406,bl_entry 65231.65 > 24234.95,49,16776,50,65231.65,24234.950999999997,264.12,138.4,53.35,72.36,100,poolAndRewire,,
407,bl_entry 65605.26 > 24234.95,36,16812,50,65605.255,24234.950999999997,261.62,142.82,50.12,68.66,100,poolAndRewire,,
408,bl_entry 64625.65 > 24234.95,35,16847,50,64625.655,24234.950999999997,252.95,130.88,49.29,72.76,100,poolAndRewire,,
409,bl_entry 64107.43 > 24234.95,35,16882,50,64107.435,24234.950999999997,255.77,133.0,51.35,71.4,100,poolAndRewire,,
410,bl_entry 63822.11 > 24234.95,41,16923,50,63822.105,24234.950999999997,251.62,129.45,51.63,70.52,100,poolAndRewire,,
411,bl_entry 62357.98 > 24234.95,41,16964,50,62357.98,24234.950999999997,265.46,143.83,49.36,72.24,100,poolAndRewire,,
412,bl_entry 62891.93 > 24234.95,35,16999,50,62891.935,24234.950999999997,252.39,131.72,49.12,71.52,100,poolAndRewire,,
413,bl_entry 62860.62 > 24234.95,39,17038,50,62860.625,24234.950999999997,254.12,131.17,49.84,73.06,100,poolAndRewire,,
414,bl_entry 62779.47 > 24234.95,39,17077,50,62779.475,24234.950999999997,251.59,128.91,50.69,71.97,100,poolAndRewire,,
415,bl_entry 64337.07 > 24234.95,36,17113,50,64337.07,24234.950999999997,251.77,129.89,50.27,71.59,100,poolAndRewire,,
416,bl_entry 64112.90 > 24234.95,45,17158,50,64112.905,24234.950999999997,252.22,131.42,49.97,70.81,100,poolAndRewire,,
417,bl_entry 64840.17 > 24234.95,44,17202,50,64840.17,24234.950999999997,253.09,130.28,50.18,72.62,100,poolAndRewire,,
418,bl_entry 64039.86 > 24234.95,52,17254,50,64039.855,24234.950999999997,252.17,129.81,49.23,73.11,100,poolAndRewire,,
419,bl_entry 63758.54 > 24234.95,36,17290,50,63758.545,24234.950999999997,255.13,133.65,49.6,71.85,100,poolAndRewire,,
420,bl_entry 63498.44 > 24234.95,35,17325,50,63498.445,24234.950999999997,256.1,129.71,49.13,77.23,100,poolAndRewire,,
421,bl_entry 63259.53 > 24234.95,37,17362,50,63259.53,24234.950999999997,268.42,137.02,52.09,79.29,100,poolAndRewire,,
422,bl_entry 63886.04 > 24234.95,40,17402,50,63886.045,24234.950999999997,252.83,131.06,48.25,73.49,100,poolAndRewire,,
423,bl_entry 63271.75 > 24234.95,45,17447,50,63271.755,24234.950999999997,249.87,127.7,49.69,72.46,100,poolAndRewire,,
424,bl_entry 63141.01 > 24234.95,32,17479,50,63141.01,24234.950999999997,250.0,128.5,48.37,73.11,100,poolAndRewire,,
425,bl_entry 61985.28 > 24234.95,40,17519,50,61985.275,24234.950999999997,253.71,129.58,49.92,74.19,100,poolAndRewire,,
426,bl_entry 62155.73 > 24234.95,39,17558,50,62155.73,24234.950999999997,879.94,130.04,48.82,701.05,100,poolAndRewire,,
427,bl_entry 62223.39 > 24234.95,39,17597,50,62223.395,24234.950999999997,251.92,130.06,48.31,73.53,100,poolAndRewire,,
428,bl_entry 63279.46 > 24234.95,37,17634,50,63279.465,24234.950999999997,251.32,129.76,49.1,72.44,100,poolAndRewire,,
429,bl_entry 62879.43 > 24234.95,38,17672,50,62879.425,24234.950999999997,252.36,128.84,48.58,74.92,100,poolAndRewire,,
430,bl_entry 62744.32 > 24234.95,35,17707,50,62744.325,24234.950999999997,251.13,128.6,48.23,74.27,100,poolAndRewire,,
431,bl_entry 62880.43 > 24234.95,42,17749,50,62880.43,24234.950999999997,251.7,129.16,49.24,73.27,100,poolAndRewire,,
432,bl_entry 63160.26 > 24234.95,41,17790,50,63160.265,24234.950999999997,252.82,129.98,50.09,72.72,100,poolAndRewire,,
433,bl_entry 64910.36 > 24234.95,43,17833,50,64910.355,24234.950999999997,254.4,128.36,51.05,74.97,100,poolAndRewire,,
434,bl_entry 64011.11 > 24234.95,40,17873,50,64011.115,24234.950999999997,253.06,128.65,49.32,75.07,100,poolAndRewire,,
435,bl_entry 63663.36 > 24234.95,39,17912,50,63663.365,24234.950999999997,251.13,128.24,49.25,73.62,100,poolAndRewire,,
436,bl_entry 63937.43 > 24234.95,40,17952,50,63937.43,24234.950999999997,252.27,129.75,48.77,73.73,100,poolAndRewire,,
437,bl_entry 64280.68 > 24234.95,30,17982,50,64280.675,24234.950999999997,254.76,129.27,49.93,75.53,100,poolAndRewire,,
438,bl_entry 64851.32 > 24234.95,42,18024,50,64851.325,24234.950999999997,255.73,130.95,49.39,75.36,100,poolAndRewire,,
439,bl_entry 64417.85 > 24234.95,36,18060,50,64417.85,24234.950999999997,254.01,130.02,49.63,74.34,100,poolAndRewire,,
440,bl_entry 62493.01 > 24234.95,40,18100,50,62493.015,24234.950999999997,251.25,129.7,47.85,73.67,100,poolAndRewire,,
441,bl_entry 60478.50 > 24234.95,41,18141,50,60478.505,24234.950999999997,252.69,126.78,48.77,77.12,100,poolAndRewire,,
442,bl_entry 60809.45 > 24234.95,34,18175,50,60809.45,24234.950999999997,253.96,128.75,49.4,75.78,100,poolAndRewire,,
443,bl_entry 61942.44 > 24234.95,51,18226,50,61942.44,24234.950999999997,251.68,127.89,48.84,74.93,100,poolAndRewire,,
444,bl_entry 62803.32 > 24234.95,44,18270,50,62803.315,24234.950999999997,254.64,130.19,49.89,74.54,100,poolAndRewire,,
445,bl_entry 63589.39 > 24234.95,34,18304,50,63589.385,24234.950999999997,253.91,128.78,48.62,76.49,100,poolAndRewire,,
446,bl_entry 63401.60 > 24234.95,46,18350,50,63401.6,24234.950999999997,256.13,129.46,50.61,76.03,100,poolAndRewire,,
447,bl_entry 62711.85 > 24234.95,40,18390,50,62711.845,24234.950999999997,252.8,128.59,48.14,76.05,100,poolAndRewire,,
448,bl_entry 62196.50 > 24234.95,42,18432,50,62196.505,24234.950999999997,253.66,129.51,49.11,75.02,100,poolAndRewire,,
449,bl_entry 62888.97 > 24234.95,42,18474,50,62888.975,24234.950999999997,259.78,131.23,50.28,78.24,100,poolAndRewire,,
450,bl_entry 62867.82 > 24234.95,39,18513,50,62867.82,24234.950999999997,250.77,127.64,47.3,75.8,100,poolAndRewire,,
451,bl_entry 63630.85 > 24234.95,36,18549,50,63630.85,24234.950999999997,255.04,130.64,49.83,74.55,100,poolAndRewire,,
452,bl_entry 64350.68 > 24234.95,34,18583,50,64350.675,24234.950999999997,256.25,130.14,48.78,77.31,100,poolAndRewire,,
453,bl_entry 63228.58 > 24234.95,42,18625,50,63228.58,24234.950999999997,253.93,129.14,48.42,76.35,100,poolAndRewire,,
454,bl_entry 63663.14 > 24234.95,38,18663,50,63663.14,24234.950999999997,252.75,127.77,49.81,75.15,100,poolAndRewire,,
455,bl_entry 62650.24 > 24234.95,27,18690,50,62650.235,24234.950999999997,256.37,129.72,48.33,78.3,100,poolAndRewire,,
456,bl_entry 61666.42 > 24234.95,43,18733,50,61666.42,24234.950999999997,254.22,127.73,48.32,78.14,100,poolAndRewire,,
457,bl_entry 61663.16 > 24234.95,43,18776,50,61663.16,24234.950999999997,251.09,127.12,48.42,75.53,100,poolAndRewire,,
458,bl_entry 61033.57 > 24234.95,26,18802,50,61033.565,24234.950999999997,257.27,131.06,48.74,77.45,100,poolAndRewire,,
459,bl_entry 61883.61 > 24234.95,25,18827,50,61883.605,24234.950999999997,253.92,128.13,48.68,77.09,100,poolAndRewire,,
460,bl_entry 62106.21 > 24234.95,31,18858,50,62106.21,24234.950999999997,252.39,127.97,48.44,75.96,100,poolAndRewire,,
461,bl_entry 61986.76 > 24234.95,25,18883,50,61986.76,24234.950999999997,254.84,128.68,47.83,78.31,100,poolAndRewire,,
462,bl_entry 62410.32 > 24234.95,24,18907,50,62410.325,24234.950999999997,254.52,128.02,49.01,77.48,100,poolAndRewire,,
463,bl_entry 62024.26 > 24234.95,21,18928,50,62024.26,24234.950999999997,780.93,130.25,48.06,602.59,100,poolAndRewire,,
464,bl_entry 63226.11 > 24234.95,30,18958,50,63226.105,24234.950999999997,255.96,131.41,46.03,78.5,100,poolAndRewire,,
465,bl_entry 63653.18 > 24234.95,30,18988,50,63653.18,24234.950999999997,255.13,129.06,48.7,77.34,100,poolAndRewire,,
466,bl_entry 63022.19 > 24234.95,29,19017,50,63022.19,24234.950999999997,252.7,129.21,46.49,76.98,100,poolAndRewire,,
467,bl_entry 64093.21 > 24234.95,23,19040,50,64093.21,24234.950999999997,255.76,128.94,47.88,78.92,100,poolAndRewire,,
468,bl_entry 63857.00 > 24234.95,23,19063,50,63856.995,24234.950999999997,256.41,129.27,49.1,78.02,100,poolAndRewire,,
469,bl_entry 64545.39 > 24234.95,28,19091,50,64545.39,24234.950999999997,252.28,127.77,47.21,77.28,100,poolAndRewire,,
470,bl_entry 65742.41 > 24234.95,22,19113,50,65742.41,24234.950999999997,259.3,130.81,49.45,79.01,100,poolAndRewire,,
471,bl_entry 64677.66 > 24234.95,22,19135,50,64677.66,24234.950999999997,255.05,128.93,47.91,78.18,100,poolAndRewire,,
472,bl_entry 63015.18 > 24234.95,27,19162,50,63015.175,24234.950999999997,253.45,129.21,46.81,77.41,100,poolAndRewire,,
473,bl_entry 62440.29 > 24234.95,38,19200,50,62440.29,24234.950999999997,257.13,128.8,49.2,79.1,100,poolAndRewire,,
474,bl_entry 61542.83 > 24234.95,26,19226,50,61542.83,24234.950999999997,257.96,128.47,49.98,79.48,100,poolAndRewire,,
475,bl_entry 61563.61 > 24234.95,29,19255,50,61563.61,24234.950999999997,254.43,127.96,48.66,77.78,100,poolAndRewire,,
476,bl_entry 61657.31 > 24234.95,32,19287,50,61657.31,24234.950999999997,258.59,129.18,48.1,81.29,100,poolAndRewire,,
477,bl_entry 61483.99 > 24234.95,24,19311,50,61483.985,24234.950999999997,259.52,129.74,50.69,79.06,100,poolAndRewire,,
478,bl_entry 61942.93 > 24234.95,26,19337,50,61942.93,24234.950999999997,251.66,128.22,45.86,77.55,100,poolAndRewire,,
479,bl_entry 61594.25 > 24234.95,26,19363,50,61594.255,24234.950999999997,256.46,128.56,47.66,80.21,100,poolAndRewire,,
480,bl_entry 62743.33 > 24234.95,28,19391,50,62743.33,24234.950999999997,259.15,131.24,48.43,79.45,100,poolAndRewire,,
481,bl_entry 62336.46 > 24234.95,26,19417,50,62336.465,24234.950999999997,254.55,128.7,47.65,78.17,100,poolAndRewire,,
482,bl_entry 61920.29 > 24234.95,35,19452,50,61920.295,24234.950999999997,256.17,128.07,47.48,80.61,100,poolAndRewire,,
483,bl_entry 63164.63 > 24234.95,22,19474,50,63164.63,24234.950999999997,256.51,128.39,48.61,79.48,100,poolAndRewire,,
484,bl_entry 62444.96 > 24234.95,25,19499,50,62444.955,24234.950999999997,254.53,128.42,47.58,78.49,100,poolAndRewire,,
485,bl_entry 62846.30 > 24234.95,24,19523,50,62846.3,24234.950999999997,257.96,128.44,48.57,80.92,100,poolAndRewire,,
486,bl_entry 62683.21 > 24234.95,28,19551,50,62683.205,24234.950999999997,255.37,128.36,46.82,80.17,100,poolAndRewire,,
487,bl_entry 61292.33 > 24234.95,33,19584,50,61292.33,24234.950999999997,257.83,128.8,46.32,82.69,100,poolAndRewire,,
488,bl_entry 61731.48 > 24234.95,30,19614,50,61731.48,24234.950999999997,259.14,128.94,47.68,82.49,100,poolAndRewire,,
489,bl_entry 61554.56 > 24234.95,30,19644,50,61554.56,24234.950999999997,254.56,128.16,46.37,80.0,100,poolAndRewire,,
490,bl_entry 61453.20 > 24234.95,25,19669,50,61453.2,24234.950999999997,256.44,128.18,46.93,81.3,100,poolAndRewire,,
491,bl_entry 62047.60 > 24234.95,29,19698,50,62047.6,24234.950999999997,257.85,129.33,48.35,80.14,100,poolAndRewire,,
492,bl_entry 61657.64 > 24234.95,27,19725,50,61657.635,24234.950999999997,254.35,128.17,43.94,82.22,100,poolAndRewire,,
493,bl_entry 62491.55 > 24234.95,25,19750,50,62491.55,24234.950999999997,256.17,127.09,47.94,81.11,100,poolAndRewire,,
494,bl_entry 63392.07 > 24234.95,30,19780,50,63392.075,24234.950999999997,258.63,130.42,48.53,79.66,100,poolAndRewire,,
495,bl_entry 63469.49 > 24234.95,33,19813,50,63469.485,24234.950999999997,253.47,126.74,45.18,81.54,100,poolAndRewire,,
496,bl_entry 64357.76 > 24234.95,21,19834,50,64357.765,24234.950999999997,257.75,129.08,48.33,80.32,100,poolAndRewire,,
497,bl_entry 62888.39 > 24234.95,30,19864,50,62888.39,24234.950999999997,811.9,127.25,45.54,639.08,100,poolAndRewire,,
498,bl_entry 61886.05 > 24234.95,27,19891,50,61886.05,24234.950999999997,255.31,127.22,46.38,81.67,100,poolAndRewire,,
499,bl_entry 61865.50 > 24234.95,33,19924,50,61865.5,24234.950999999997,256.08,128.83,46.98,80.25,100,poolAndRewire,,
500,bl_entry 62046.26 > 24234.95,30,19954,50,62046.265,24234.950999999997,260.96,128.43,50.36,82.15,100,poolAndRewire,,
501,bl_entry 63030.96 > 24234.95,18,19972,50,63030.96,24234.950999999997,254.49,127.49,46.01,80.96,100,poolAndRewire,,
502,bl_entry 62627.61 > 24234.95,23,19995,50,62627.615,24234.950999999997,258.31,128.7,46.89,82.69,100,poolAndRewire,,
503,bl_entry 63565.91 > 24234.95,33,20028,50,63565.91,24234.950999999997,259.98,130.01,48.23,81.71,100,poolAndRewire,,
504,bl_entry 63515.85 > 24234.95,22,20050,50,63515.85,24234.950999999997,261.33,130.21,46.38,84.72,100,poolAndRewire,,
505,bl_entry 62506.44 > 24234.95,30,20080,50,62506.445,24234.950999999997,259.32,128.57,47.03,83.69,100,poolAndRewire,,
506,bl_entry 63614.69 > 24234.95,30,20110,50,63614.695,24234.950999999997,256.59,128.84,46.76,80.96,100,poolAndRewire,,
507,bl_entry 62569.85 > 24234.95,18,20128,50,62569.85,24234.950999999997,256.14,127.3,46.21,82.6,100,poolAndRewire,,
508,bl_entry 62346.79 > 24234.95,18,20146,50,62346.795,24234.950999999997,257.55,128.16,47.47,81.9,100,poolAndRewire,,
509,bl_entry 62957.07 > 24234.95,25,20171,50,62957.07,24234.950999999997,259.33,129.87,46.37,83.06,100,poolAndRewire,,
510,bl_entry 62628.85 > 24234.95,26,20197,50,62628.845,24234.950999999997,260.58,128.83,48.91,82.81,100,poolAndRewire,,
511,bl_entry 63085.23 > 24234.95,28,20225,50,63085.23,24234.950999999997,260.06,129.16,49.63,81.25,100,poolAndRewire,,
512,bl_entry 63373.97 > 24234.95,21,20246,50,63373.975,24234.950999999997,261.07,130.5,47.27,83.27,100,poolAndRewire,,
513,bl_entry 64375.88 > 24234.95,29,20275,50,64375.875,24234.950999999997,262.15,130.3,49.86,81.97,100,poolAndRewire,,
514,bl_entry 63512.14 > 24234.95,28,20303,50,63512.14,24234.950999999997,261.7,128.98,48.57,84.13,100,poolAndRewire,,
515,bl_entry 63685.46 > 24234.95,25,20328,50,63685.455,24234.950999999997,258.87,129.01,47.12,82.73,100,poolAndRewire,,
516,bl_entry 64238.07 > 24234.95,30,20358,50,64238.065,24234.950999999997,269.34,134.76,48.48,86.08,100,poolAndRewire,,
517,bl_entry 62499.82 > 24234.95,28,20386,50,62499.815,24234.950999999997,261.88,130.75,47.62,83.48,100,poolAndRewire,,
518,bl_entry 63536.15 > 24234.95,27,20413,50,63536.155,24234.950999999997,261.78,130.45,48.52,82.78,100,poolAndRewire,,
519,bl_entry 63561.66 > 24234.95,23,20436,50,63561.66,24234.950999999997,258.42,128.53,45.56,84.31,100,poolAndRewire,,
520,bl_entry 63050.43 > 24234.95,32,20468,50,63050.43,24234.950999999997,257.8,129.23,46.01,82.53,100,poolAndRewire,,
521,bl_entry 64447.38 > 24234.95,23,20491,50,64447.38,24234.950999999997,267.52,134.03,48.93,84.54,100,poolAndRewire,,
522,bl_entry 63804.18 > 24234.95,26,20517,50,63804.175,24234.950999999997,255.61,126.99,44.48,84.12,100,poolAndRewire,,
523,bl_entry 65754.53 > 24234.95,34,20551,50,65754.53,24234.950999999997,263.09,130.78,49.94,82.35,100,poolAndRewire,,
524,bl_entry 65081.43 > 24234.95,31,20582,50,65081.425,24234.950999999997,261.65,131.64,45.74,84.25,100,poolAndRewire,,
525,bl_entry 63210.99 > 24234.95,28,20610,50,63210.985,24234.950999999997,261.61,129.18,46.26,86.14,100,poolAndRewire,,
526,bl_entry 62182.46 > 24234.95,27,20637,50,62182.46,24234.950999999997,260.7,129.2,46.4,85.08,100,poolAndRewire,,
527,bl_entry 59476.46 > 24234.95,36,20673,50,59476.455,24234.950999999997,259.4,127.01,47.74,84.62,100,poolAndRewire,,
528,bl_entry 59162.40 > 24234.95,28,20701,50,59162.4,24234.950999999997,261.09,127.65,47.5,85.91,100,poolAndRewire,,
529,bl_entry 61057.13 > 24234.95,35,20736,50,61057.13,24234.950999999997,963.92,127.68,48.29,787.92,100,poolAndRewire,,
530,bl_entry 61426.14 > 24234.95,29,20765,50,61426.145,24234.950999999997,261.31,128.04,46.53,86.72,100,poolAndRewire,,
531,bl_entry 61675.14 > 24234.95,24,20789,50,61675.145,24234.950999999997,264.05,131.07,48.32,84.64,100,poolAndRewire,,
532,bl_entry 62548.18 > 24234.95,33,20822,50,62548.18,24234.950999999997,262.89,128.92,47.96,85.99,100,poolAndRewire,,
533,bl_entry 62228.32 > 24234.95,31,20853,50,62228.32,24234.950999999997,259.15,128.84,45.04,85.26,100,poolAndRewire,,
534,bl_entry 62979.10 > 24234.95,20,20873,50,62979.1,24234.950999999997,261.67,129.05,46.13,86.46,100,poolAndRewire,,
535,bl_entry 62838.50 > 24234.95,25,20898,50,62838.5,24234.950999999997,263.65,130.15,48.15,85.33,100,poolAndRewire,,
536,bl_entry 61491.94 > 24234.95,26,20924,50,61491.945,24234.950999999997,283.49,133.26,50.08,100.12,100,poolAndRewire,,
537,bl_entry 61510.22 > 24234.95,22,20946,50,61510.225,24234.950999999997,260.79,128.73,46.93,85.12,100,poolAndRewire,,
538,bl_entry 62542.65 > 24234.95,29,20975,50,62542.655,24234.950999999997,264.97,128.85,46.69,89.41,100,poolAndRewire,,
539,bl_entry 62198.94 > 24234.95,26,21001,50,62198.94,24234.950999999997,262.04,131.36,45.23,85.43,100,poolAndRewire,,
540,bl_entry 62606.12 > 24234.95,25,21026,50,62606.125,24234.950999999997,268.82,128.4,48.13,92.27,100,poolAndRewire,,
541,bl_entry 63448.07 > 24234.95,31,21057,50,63448.07,24234.950999999997,262.33,127.86,48.28,86.17,100,poolAndRewire,,
542,bl_entry 62977.28 > 24234.95,23,21080,50,62977.275,24234.950999999997,263.28,128.47,47.65,87.14,100,poolAndRewire,,
543,bl_entry 62839.18 > 24234.95,26,21106,50,62839.18,24234.950999999997,261.62,127.42,46.75,87.42,100,poolAndRewire,,
544,bl_entry 63825.76 > 24234.95,23,21129,50,63825.76,24234.950999999997,264.77,128.74,48.12,87.89,100,poolAndRewire,,
545,bl_entry 63045.93 > 24234.95,29,21158,50,63045.925,24234.950999999997,264.91,130.45,47.88,86.55,100,poolAndRewire,,
546,bl_entry 63037.46 > 24234.95,23,21181,50,63037.465,24234.950999999997,265.05,128.32,49.12,87.59,100,poolAndRewire,,
547,bl_entry 64885.86 > 24234.95,17,21198,50,64885.865,24234.950999999997,263.6,129.54,47.25,86.78,100,poolAndRewire,,
548,bl_entry 64633.90 > 24234.95,31,21229,50,64633.9,24234.950999999997,263.08,128.19,46.56,88.3,100,poolAndRewire,,
549,bl_entry 65222.40 > 24234.95,27,21256,50,65222.4,24234.950999999997,263.63,128.83,48.12,86.66,100,poolAndRewire,,
550,bl_entry 64556.53 > 24234.95,36,21292,50,64556.525,24234.950999999997,261.37,125.91,47.07,88.37,100,poolAndRewire,,
551,bl_entry 63709.78 > 24234.95,29,21321,50,63709.78,24234.950999999997,260.51,127.97,45.68,86.84,100,poolAndRewire,,
552,bl_entry 63177.93 > 24234.95,29,21350,50,63177.93,24234.950999999997,264.96,127.92,48.33,88.69,100,poolAndRewire,,
553,bl_entry 63703.49 > 24234.95,18,21368,50,63703.49,24234.950999999997,264.64,128.27,45.46,90.88,100,poolAndRewire,,
554,bl_entry 63649.64 > 24234.95,26,21394,50,63649.64,24234.950999999997,267.8,128.44,49.19,90.15,100,poolAndRewire,,
555,bl_entry 63024.43 > 24234.95,31,21425,50,63024.435,24234.950999999997,950.91,129.44,48.79,772.66,100,poolAndRewire,,
556,bl_entry 63446.54 > 24234.95,29,21454,50,63446.54,24234.950999999997,272.5,130.78,51.92,89.78,100,poolAndRewire,,
557,bl_entry 63450.28 > 24234.95,34,21488,50,63450.28,24234.950999999997,268.21,129.35,49.4,89.43,100,poolAndRewire,,
558,bl_entry 70458.50 > 24234.95,22,21510,50,70458.5,24234.950999999997,274.0,130.82,53.84,89.32,100,poolAndRewire,,
559,bl_entry 77678.21 > 24234.95,29,21539,50,77678.205,24234.950999999997,274.21,133.15,53.24,87.79,100,poolAndRewire,,
560,bl_entry 84607.87 > 24234.95,18,21557,50,84607.865,24234.950999999997,298.9,151.65,55.26,91.97,100,poolAndRewire,,
561,bl_entry 89663.73 > 24234.95,32,21589,50,89663.73,24234.950999999997,279.45,136.91,53.86,88.66,100,poolAndRewire,,
562,bl_entry 88941.72 > 24234.95,23,21612,50,88941.72,24234.950999999997,279.73,137.09,52.94,89.67,100,poolAndRewire,,
563,bl_entry 88982.29 > 24234.95,30,21642,50,88982.285,24234.950999999997,278.98,137.36,53.13,88.47,100,poolAndRewire,,
564,bl_entry 87516.45 > 24234.95,24,21666,50,87516.445,24234.950999999997,285.5,140.43,54.49,90.56,100,poolAndRewire,,
565,bl_entry 87007.18 > 24234.95,29,21695,50,87007.18,24234.950999999997,278.89,136.57,53.83,88.47,100,poolAndRewire,,
566,bl_entry 87531.58 > 24234.95,33,21728,50,87531.58,24234.950999999997,283.16,136.74,53.53,92.87,100,poolAndRewire,,
567,bl_entry 88064.53 > 24234.95,30,21758,50,88064.53,24234.950999999997,276.52,135.41,52.36,88.73,100,poolAndRewire,,
568,bl_entry 88952.76 > 24234.95,27,21785,50,88952.755,24234.950999999997,291.36,134.83,62.99,93.51,100,poolAndRewire,,
569,bl_entry 89956.29 > 24234.95,25,21810,50,89956.295,24234.950999999997,296.37,152.45,53.79,90.11,100,poolAndRewire,,
570,bl_entry 90284.99 > 24234.95,20,21830,50,90284.995,24234.950999999997,280.01,136.52,54.14,89.33,100,poolAndRewire,,
571,bl_entry 88817.38 > 24234.95,31,21861,50,88817.38,24234.950999999997,281.58,137.2,53.36,90.99,100,poolAndRewire,,
572,bl_entry 88327.02 > 24234.95,25,21886,50,88327.025,24234.950999999997,284.47,135.6,56.37,92.48,100,poolAndRewire,,
573,bl_entry 87954.88 > 24234.95,37,21923,50,87954.88,24234.950999999997,292.75,149.35,53.0,90.38,100,poolAndRewire,,
574,bl_entry 88660.30 > 24234.95,37,21960,50,88660.3,24234.950999999997,280.63,138.12,53.37,89.12,100,poolAndRewire,,
575,bl_entry 89587.93 > 24234.95,33,21993,50,89587.93,24234.950999999997,282.49,139.1,53.61,89.76,100,poolAndRewire,,
576,bl_entry 88541.15 > 24234.95,35,22028,50,88541.145,24234.950999999997,281.24,137.2,52.37,91.65,100,poolAndRewire,,
577,bl_entry 88403.12 > 24234.95,31,22059,50,88403.12,24234.950999999997,279.85,136.78,53.15,89.89,100,poolAndRewire,,
578,bl_entry 87265.86 > 24234.95,28,22087,50,87265.86,24234.950999999997,281.37,136.4,53.72,91.23,100,poolAndRewire,,
579,bl_entry 86766.60 > 24234.95,19,22106,50,86766.6,24234.950999999997,277.99,136.66,51.77,89.54,100,poolAndRewire,,
580,bl_entry 88483.51 > 24234.95,29,22135,50,88483.515,24234.950999999997,281.61,137.4,53.0,91.19,100,poolAndRewire,,
581,bl_entry 88957.40 > 24234.95,30,22165,50,88957.4,24234.950999999997,280.04,136.9,53.49,89.62,100,poolAndRewire,,
582,bl_entry 89013.86 > 24234.95,26,22191,50,89013.86,24234.950999999997,905.09,136.06,53.49,715.52,100,poolAndRewire,,
583,bl_entry 89097.51 > 24234.95,27,22218,50,89097.505,24234.950999999997,281.23,134.5,52.1,94.61,100,poolAndRewire,,
584,bl_entry 89312.40 > 24234.95,23,22241,50,89312.405,24234.950999999997,280.76,136.98,52.94,90.82,100,poolAndRewire,,
585,bl_entry 88188.42 > 24234.95,29,22270,50,88188.42,24234.950999999997,282.5,135.72,53.3,93.45,100,poolAndRewire,,
586,bl_entry 88492.67 > 24234.95,32,22302,50,88492.67,24234.950999999997,277.62,134.33,52.82,90.45,100,poolAndRewire,,
587,bl_entry 87480.51 > 24234.95,31,22333,50,87480.515,24234.950999999997,281.15,134.55,52.89,93.69,100,poolAndRewire,,
588,bl_entry 86316.03 > 24234.95,33,22366,50,86316.03,24234.950999999997,277.41,135.31,52.02,90.06,100,poolAndRewire,,
589,bl_entry 86851.93 > 24234.95,28,22394,50,86851.93,24234.950999999997,279.34,136.02,52.6,90.7,100,poolAndRewire,,
590,bl_entry 86585.79 > 24234.95,30,22424,50,86585.79,24234.950999999997,281.89,135.7,52.88,93.29,100,poolAndRewire,,
591,bl_entry 88196.49 > 24234.95,34,22458,50,88196.485,24234.950999999997,280.29,135.27,53.43,91.55,100,poolAndRewire,,
592,bl_entry 89292.97 > 24234.95,29,22487,50,89292.97,24234.950999999997,281.8,134.92,52.97,93.88,100,poolAndRewire,,
593,bl_entry 89612.38 > 24234.95,39,22526,50,89612.385,24234.950999999997,278.3,134.17,51.83,92.28,100,poolAndRewire,,
594,bl_entry 88704.55 > 24234.95,25,22551,50,88704.55,24234.950999999997,282.53,135.32,53.38,93.8,100,poolAndRewire,,
595,bl_entry 88680.30 > 24234.95,30,22581,50,88680.3,24234.950999999997,283.06,135.51,53.74,93.79,100,poolAndRewire,,
596,bl_entry 88719.74 > 24234.95,25,22606,50,88719.745,24234.950999999997,284.79,139.21,52.48,93.07,100,poolAndRewire,,
597,bl_entry 89327.79 > 24234.95,29,22635,50,89327.795,24234.950999999997,282.9,136.69,52.73,93.46,100,poolAndRewire,,
598,bl_entry 91314.91 > 24234.95,24,22659,50,91314.91,24234.950999999997,279.74,136.31,51.36,92.05,100,poolAndRewire,,
599,bl_entry 91041.74 > 24234.95,36,22695,50,91041.74,24234.950999999997,283.89,136.96,53.12,93.78,100,poolAndRewire,,
600,bl_entry 91081.69 > 24234.95,28,22723,50,91081.69,24234.950999999997,279.58,135.23,53.02,91.31,100,poolAndRewire,,
601,bl_entry 90570.13 > 24234.95,28,22751,50,90570.135,24234.950999999997,279.72,135.02,51.65,93.02,100,poolAndRewire,,
602,bl_entry 90180.66 > 24234.95,29,22780,50,90180.665,24234.950999999997,282.44,134.89,52.37,95.15,100,poolAndRewire,,
603,bl_entry 89860.93 > 24234.95,32,22812,50,89860.925,24234.950999999997,281.28,136.07,53.04,92.14,100,poolAndRewire,,
604,bl_entry 88290.58 > 24234.95,25,22837,50,88290.58,24234.950999999997,282.34,135.66,52.53,94.12,100,poolAndRewire,,
605,bl_entry 88621.23 > 24234.95,35,22872,50,88621.23,24234.950999999997,283.26,136.1,52.74,94.4,100,poolAndRewire,,
606,bl_entry 86505.91 > 24234.95,27,22899,50,86505.915,24234.950999999997,282.78,135.58,54.28,92.89,100,poolAndRewire,,
607,bl_entry 86731.20 > 24234.95,29,22928,50,86731.2,24234.950999999997,281.22,134.93,52.4,93.87,100,poolAndRewire,,
608,bl_entry 87284.12 > 24234.95,28,22956,50,87284.125,24234.950999999997,283.72,135.61,52.95,95.14,100,poolAndRewire,,
609,bl_entry 87808.38 > 24234.95,29,22985,50,87808.38,24234.950999999997,280.0,133.32,53.52,93.13,100,poolAndRewire,,
610,bl_entry 89128.04 > 24234.95,23,23008,50,89128.04,24234.950999999997,827.83,134.37,53.14,640.31,100,poolAndRewire,,
611,bl_entry 88404.35 > 24234.95,32,23040,50,88404.355,24234.950999999997,282.92,135.07,52.09,95.74,100,poolAndRewire,,
612,bl_entry 88631.13 > 24234.95,28,23068,50,88631.13,24234.950999999997,281.73,135.17,53.1,93.44,100,poolAndRewire,,
613,bl_entry 88390.26 > 24234.95,35,23103,50,88390.255,24234.950999999997,282.16,135.48,52.28,94.38,100,poolAndRewire,,
614,bl_entry 88576.91 > 24234.95,23,23126,50,88576.91,24234.950999999997,285.1,135.32,53.58,96.18,100,poolAndRewire,,
615,bl_entry 89414.88 > 24234.95,28,23154,50,89414.875,24234.950999999997,286.52,139.45,52.71,94.34,100,poolAndRewire,,
616,bl_entry 89392.63 > 24234.95,30,23184,50,89392.63,24234.950999999997,283.86,135.74,53.32,94.79,100,poolAndRewire,,
617,bl_entry 88425.71 > 24234.95,32,23216,50,88425.715,24234.950999999997,285.37,136.85,52.06,96.45,100,poolAndRewire,,
618,bl_entry 86809.65 > 24234.95,22,23238,50,86809.645,24234.950999999997,282.1,134.63,51.59,95.85,100,poolAndRewire,,
619,bl_entry 86740.23 > 24234.95,22,23260,50,86740.23,24234.950999999997,283.07,134.74,52.93,95.38,100,poolAndRewire,,
620,bl_entry 87107.87 > 24234.95,32,23292,50,87107.865,24234.950999999997,285.82,134.7,54.33,96.77,100,poolAndRewire,,
621,bl_entry 87692.97 > 24234.95,28,23320,50,87692.97,24234.950999999997,283.25,135.87,52.97,94.39,100,poolAndRewire,,
622,bl_entry 89197.65 > 24234.95,34,23354,50,89197.645,24234.950999999997,282.77,134.53,52.65,95.57,100,poolAndRewire,,
623,bl_entry 89622.93 > 24234.95,28,23382,50,89622.935,24234.950999999997,286.99,136.87,53.44,96.66,100,poolAndRewire,,
624,bl_entry 90733.25 > 24234.95,24,23406,50,90733.25,24234.950999999997,284.97,135.83,53.88,95.23,100,poolAndRewire,,
625,bl_entry 89927.88 > 24234.95,35,23441,50,89927.875,24234.950999999997,283.77,134.57,52.75,96.42,100,poolAndRewire,,
626,bl_entry 89750.20 > 24234.95,28,23469,50,89750.195,24234.950999999997,284.79,133.94,53.19,97.63,100,poolAndRewire,,
627,bl_entry 88848.58 > 24234.95,25,23494,50,88848.58,24234.950999999997,285.81,135.57,52.89,97.33,100,poolAndRewire,,
628,bl_entry 87671.04 > 24234.95,24,23518,50,87671.045,24234.950999999997,282.9,133.57,52.06,97.24,100,poolAndRewire,,
629,bl_entry 88421.44 > 24234.95,22,23540,50,88421.44,24234.950999999997,285.39,135.22,52.63,97.52,100,poolAndRewire,,
630,bl_entry 87996.31 > 24234.95,22,23562,50,87996.31,24234.950999999997,284.1,135.48,52.97,95.62,100,poolAndRewire,,
631,bl_entry 89068.71 > 24234.95,29,23591,50,89068.71,24234.950999999997,284.76,135.61,52.7,96.42,100,poolAndRewire,,
632,bl_entry 88271.87 > 24234.95,22,23613,50,88271.87,24234.950999999997,286.72,134.55,53.47,98.66,100,poolAndRewire,,
633,bl_entry 87355.92 > 24234.95,31,23644,50,87355.92,24234.950999999997,285.57,137.2,52.3,96.04,100,poolAndRewire,,
634,bl_entry 89075.71 > 24234.95,26,23670,50,89075.705,24234.950999999997,287.53,136.54,53.3,97.67,100,poolAndRewire,,
635,bl_entry 88875.43 > 24234.95,20,23690,50,88875.43,24234.950999999997,286.62,136.11,52.03,98.46,100,poolAndRewire,,
636,bl_entry 90230.86 > 24234.95,23,23713,50,90230.86,24234.950999999997,288.31,137.07,54.04,97.18,100,poolAndRewire,,
637,bl_entry 90657.52 > 24234.95,23,23736,50,90657.52,24234.950999999997,835.22,137.17,53.28,644.74,100,poolAndRewire,,
638,bl_entry 88919.03 > 24234.95,34,23770,50,88919.03,24234.950999999997,285.73,135.35,51.8,98.56,100,poolAndRewire,,
639,bl_entry 88527.18 > 24234.95,31,23801,50,88527.18,24234.950999999997,289.36,136.37,53.27,99.7,100,poolAndRewire,,
640,bl_entry 88513.43 > 24234.95,27,23828,50,88513.435,24234.950999999997,286.05,136.08,52.92,97.03,100,poolAndRewire,,
641,bl_entry 88570.84 > 24234.95,27,23855,50,88570.84,24234.950999999997,286.83,135.61,52.8,98.41,100,poolAndRewire,,
642,bl_entry 89213.52 > 24234.95,29,23884,50,89213.52,24234.950999999997,288.47,136.09,53.54,98.81,100,poolAndRewire,,
643,bl_entry 89493.48 > 24234.95,25,23909,50,89493.475,24234.950999999997,286.73,132.94,51.95,101.82,100,poolAndRewire,,
644,bl_entry 89060.32 > 24234.95,25,23934,50,89060.32,24234.950999999997,287.16,135.56,54.04,97.54,100,poolAndRewire,,
645,bl_entry 88904.32 > 24234.95,26,23960,50,88904.325,24234.950999999997,286.76,135.23,53.31,98.2,100,poolAndRewire,,
646,bl_entry 88200.52 > 24234.95,27,23987,50,88200.52,24234.950999999997,289.07,135.25,54.15,99.65,100,poolAndRewire,,
647,bl_entry 87423.88 > 24234.95,33,24020,50,87423.875,24234.950999999997,289.83,134.87,54.3,100.64,100,poolAndRewire,,
648,bl_entry 86498.41 > 24234.95,25,24045,50,86498.415,24234.950999999997,286.71,134.95,53.02,98.71,100,poolAndRewire,,
649,bl_entry 87086.20 > 24234.95,35,24080,50,87086.2,24234.950999999997,284.2,133.53,51.28,99.36,100,poolAndRewire,,
650,bl_entry 87427.26 > 24234.95,31,24111,50,87427.26,24234.950999999997,288.73,135.69,52.5,100.51,100,poolAndRewire,,
651,bl_entry 87031.06 > 24234.95,24,24135,50,87031.06,24234.950999999997,294.25,139.78,53.13,101.32,100,poolAndRewire,,
652,bl_entry 87567.11 > 24234.95,29,24164,50,87567.11,24234.950999999997,285.19,135.19,51.16,98.82,100,poolAndRewire,,
653,bl_entry 87920.65 > 24234.95,22,24186,50,87920.645,24234.950999999997,290.68,135.88,53.65,101.13,100,poolAndRewire,,
654,bl_entry 87579.34 > 24234.95,24,24210,50,87579.34,24234.950999999997,288.26,135.2,52.98,100.06,100,poolAndRewire,,
655,bl_entry 89084.80 > 24234.95,23,24233,50,89084.8,24234.950999999997,288.65,134.26,53.08,101.29,100,poolAndRewire,,
656,bl_entry 88397.62 > 24234.95,36,24269,50,88397.625,24234.950999999997,288.31,135.92,53.06,99.31,100,poolAndRewire,,
657,bl_entry 87270.62 > 24234.95,23,24292,50,87270.625,24234.950999999997,288.61,135.78,52.63,100.17,100,poolAndRewire,,
658,bl_entry 89656.00 > 24234.95,31,24323,50,89656.0,24234.950999999997,288.26,135.54,52.0,100.7,100,poolAndRewire,,
659,bl_entry 88696.48 > 24234.95,21,24344,50,88696.48,24234.950999999997,289.26,135.33,51.97,101.94,100,poolAndRewire,,
660,bl_entry 90313.71 > 24234.95,27,24371,50,90313.71,24234.950999999997,286.96,135.5,52.26,99.17,100,poolAndRewire,,
661,bl_entry 90899.09 > 24234.95,30,24401,50,90899.09,24234.950999999997,842.06,134.72,51.66,655.65,100,poolAndRewire,,
662,bl_entry 88969.64 > 24234.95,31,24432,50,88969.64,24234.950999999997,291.86,136.59,53.97,101.27,100,poolAndRewire,,
663,bl_entry 89467.88 > 24234.95,32,24464,50,89467.875,24234.950999999997,292.52,136.83,53.09,102.57,100,poolAndRewire,,
664,bl_entry 88560.99 > 24234.95,26,24490,50,88560.995,24234.950999999997,288.57,136.11,52.19,100.25,100,poolAndRewire,,
665,bl_entry 89155.68 > 24234.95,30,24520,50,89155.675,24234.950999999997,290.02,135.66,53.24,101.1,100,poolAndRewire,,
666,bl_entry 89727.40 > 24234.95,23,24543,50,89727.4,24234.950999999997,291.95,135.37,52.85,103.7,100,poolAndRewire,,
667,bl_entry 89550.70 > 24234.95,26,24569,50,89550.7,24234.950999999997,290.0,134.64,52.46,102.88,100,poolAndRewire,,
668,bl_entry 90188.82 > 24234.95,27,24596,50,90188.82,24234.950999999997,288.97,134.61,53.69,100.65,100,poolAndRewire,,
669,bl_entry 89372.46 > 24234.95,21,24617,50,89372.455,24234.950999999997,289.34,133.64,53.78,101.89,100,poolAndRewire,,
670,bl_entry 89382.85 > 24234.95,29,24646,50,89382.845,24234.950999999997,298.23,141.21,54.14,102.86,100,poolAndRewire,,
671,bl_entry 88887.27 > 24234.95,33,24679,50,88887.275,24234.950999999997,295.74,138.07,52.64,105.0,100,poolAndRewire,,
672,bl_entry 88722.42 > 24234.95,26,24705,50,88722.42,24234.950999999997,291.1,135.96,52.33,102.78,100,poolAndRewire,,
673,bl_entry 87614.21 > 24234.95,23,24728,50,87614.21,24234.950999999997,292.04,135.75,53.11,103.16,100,poolAndRewire,,
674,bl_entry 87768.37 > 24234.95,34,24762,50,87768.365,24234.950999999997,295.74,138.82,53.05,103.85,100,poolAndRewire,,
675,bl_entry 88011.75 > 24234.95,28,24790,50,88011.75,24234.950999999997,287.43,132.45,52.05,102.92,100,poolAndRewire,,
676,bl_entry 86028.05 > 24234.95,28,24818,50,86028.05,24234.950999999997,291.99,135.66,53.32,102.97,100,poolAndRewire,,
677,bl_entry 87426.03 > 24234.95,20,24838,50,87426.03,24234.950999999997,293.58,134.77,52.32,106.46,100,poolAndRewire,,
678,bl_entry 83853.69 > 24234.95,31,24869,50,83853.69,24234.950999999997,287.55,134.51,50.94,102.08,100,poolAndRewire,,
679,bl_entry 81577.54 > 24234.95,30,24899,50,81577.545,24234.950999999997,290.32,136.02,52.2,102.07,100,poolAndRewire,,
680,bl_entry 81759.19 > 24234.95,34,24933,50,81759.19,24234.950999999997,289.87,134.33,52.13,103.39,100,poolAndRewire,,
681,bl_entry 79361.45 > 24234.95,22,24955,50,79361.45,24234.950999999997,289.99,133.16,52.58,104.23,100,poolAndRewire,,
682,bl_entry 81410.41 > 24234.95,25,24980,50,81410.41,24234.950999999997,290.64,134.89,51.62,104.1,100,poolAndRewire,,
683,bl_entry 81972.46 > 24234.95,28,25008,50,81972.455,24234.950999999997,293.47,134.42,51.37,107.66,100,poolAndRewire,,
684,bl_entry 80496.57 > 24234.95,33,25041,50,80496.57,24234.950999999997,1081.96,132.47,51.32,898.15,100,poolAndRewire,,
685,bl_entry 81737.02 > 24234.95,29,25070,50,81737.025,24234.950999999997,290.44,134.54,52.52,103.36,100,poolAndRewire,,
686,bl_entry 81016.60 > 24234.95,35,25105,50,81016.605,24234.950999999997,290.91,134.26,52.57,104.06,100,poolAndRewire,,
687,bl_entry 80912.95 > 24234.95,29,25134,50,80912.945,24234.950999999997,296.53,134.98,52.35,109.18,100,poolAndRewire,,
688,bl_entry 80851.74 > 24234.95,35,25169,50,80851.745,24234.950999999997,291.66,135.0,51.26,105.38,100,poolAndRewire,,
689,bl_entry 80478.37 > 24234.95,25,25194,50,80478.365,24234.950999999997,291.86,134.06,51.57,106.21,100,poolAndRewire,,
690,bl_entry 79542.98 > 24234.95,29,25223,50,79542.975,24234.950999999997,289.41,134.29,51.43,103.67,100,poolAndRewire,,
691,bl_entry 79820.12 > 24234.95,29,25252,50,79820.12,24234.950999999997,293.57,134.59,52.36,106.59,100,poolAndRewire,,
692,bl_entry 81042.95 > 24234.95,35,25287,50,81042.95,24234.950999999997,289.87,134.35,50.99,104.51,100,poolAndRewire,,
693,bl_entry 80643.71 > 24234.95,30,25317,50,80643.71,24234.950999999997,290.94,133.69,51.67,105.55,100,poolAndRewire,,
694,bl_entry 81343.23 > 24234.95,33,25350,50,81343.23,24234.950999999997,291.39,134.13,51.38,105.86,100,poolAndRewire,,
695,bl_entry 80370.21 > 24234.95,28,25378,50,80370.21,24234.950999999997,294.16,135.33,52.08,106.73,100,poolAndRewire,,
696,bl_entry 80886.76 > 24234.95,31,25409,50,80886.755,24234.950999999997,289.64,133.61,52.21,103.8,100,poolAndRewire,,
697,bl_entry 80905.91 > 24234.95,31,25440,50,80905.915,24234.950999999997,290.78,133.75,52.66,104.15,100,poolAndRewire,,
698,bl_entry 81836.39 > 24234.95,33,25473,50,81836.39,24234.950999999997,293.1,134.92,53.03,105.12,100,poolAndRewire,,
699,bl_entry 82224.52 > 24234.95,31,25504,50,82224.525,24234.950999999997,292.14,134.26,52.05,105.8,100,poolAndRewire,,
700,bl_entry 80885.04 > 24234.95,31,25535,50,80885.045,24234.950999999997,290.9,132.7,51.67,106.52,100,poolAndRewire,,
701,bl_entry 81820.30 > 24234.95,29,25564,50,81820.3,24234.950999999997,295.83,133.64,52.69,109.47,100,poolAndRewire,,
702,bl_entry 81068.15 > 24234.95,33,25597,50,81068.15,24234.950999999997,289.04,133.61,50.77,104.63,100,poolAndRewire,,
703,bl_entry 82461.05 > 24234.95,26,25623,50,82461.05,24234.950999999997,290.41,132.66,52.9,104.83,100,poolAndRewire,,
704,bl_entry 82913.82 > 24234.95,39,25662,50,82913.825,24234.950999999997,292.04,134.92,51.49,105.61,100,poolAndRewire,,
705,bl_entry 81882.03 > 24234.95,32,25694,50,81882.03,24234.950999999997,295.82,135.36,52.07,108.36,100,poolAndRewire,,
706,bl_entry 81599.76 > 24234.95,33,25727,50,81599.76,24234.950999999997,954.17,135.16,52.97,766.01,100,poolAndRewire,,
707,bl_entry 79836.52 > 24234.95,21,25748,50,79836.525,24234.950999999997,295.92,132.8,54.85,108.24,100,poolAndRewire,,
708,bl_entry 79430.79 > 24234.95,23,25771,50,79430.785,24234.950999999997,294.93,133.93,52.44,108.53,100,poolAndRewire,,
709,bl_entry 79819.98 > 24234.95,30,25801,50,79819.98,24234.950999999997,299.25,136.13,54.23,108.87,100,poolAndRewire,,
710,bl_entry 80933.96 > 24234.95,36,25837,50,80933.96,24234.950999999997,289.35,133.37,50.37,105.59,100,poolAndRewire,,
711,bl_entry 82122.83 > 24234.95,33,25870,50,82122.83,24234.950999999997,292.58,134.75,51.4,106.4,100,poolAndRewire,,
712,bl_entry 82667.85 > 24234.95,29,25899,50,82667.845,24234.950999999997,297.02,135.16,50.39,111.45,100,poolAndRewire,,
713,bl_entry 82973.30 > 24234.95,33,25932,50,82973.3,24234.950999999997,315.26,151.9,53.79,109.54,100,poolAndRewire,,
714,bl_entry 82703.30 > 24234.95,25,25957,50,82703.305,24234.950999999997,298.04,136.59,52.47,108.95,100,poolAndRewire,,
715,bl_entry 82232.63 > 24234.95,35,25992,50,82232.635,24234.950999999997,296.93,136.0,53.01,107.9,100,poolAndRewire,,
716,bl_entry 82993.16 > 24234.95,29,26021,50,82993.165,24234.950999999997,293.64,134.47,51.31,107.84,100,poolAndRewire,,
717,bl_entry 82714.99 > 24234.95,29,26050,50,82714.99,24234.950999999997,301.01,137.16,52.87,110.95,100,poolAndRewire,,
718,bl_entry 82229.96 > 24234.95,34,26084,50,82229.96,24234.950999999997,296.72,134.16,52.82,109.72,100,poolAndRewire,,
719,bl_entry 83468.47 > 24234.95,24,26108,50,83468.47,24234.950999999997,295.98,134.27,51.65,110.03,100,poolAndRewire,,
720,bl_entry 82699.19 > 24234.95,36,26144,50,82699.19,24234.950999999997,296.55,134.25,52.27,110.01,100,poolAndRewire,,
721,bl_entry 81888.20 > 24234.95,26,26170,50,81888.195,24234.950999999997,326.35,162.01,54.41,109.9,100,poolAndRewire,,
722,bl_entry 81869.70 > 24234.95,29,26199,50,81869.695,24234.950999999997,298.22,138.3,52.84,107.05,100,poolAndRewire,,
723,bl_entry 80505.93 > 24234.95,28,26227,50,80505.925,24234.950999999997,296.53,136.93,51.65,107.92,100,poolAndRewire,,
724,bl_entry 81688.51 > 24234.95,22,26249,50,81688.51,24234.950999999997,297.07,134.4,51.31,111.34,100,poolAndRewire,,
725,bl_entry 81858.75 > 24234.95,35,26284,50,81858.75,24234.950999999997,312.66,148.35,53.21,111.08,100,poolAndRewire,,
726,bl_entry 81650.78 > 24234.95,29,26313,50,81650.78,24234.950999999997,298.46,136.73,52.59,109.12,100,poolAndRewire,,
727,bl_entry 82782.21 > 24234.95,23,26336,50,82782.205,24234.950999999997,298.49,135.82,53.26,109.39,100,poolAndRewire,,
728,bl_entry 81985.38 > 24234.95,24,26360,50,81985.385,24234.950999999997,945.92,136.22,53.61,756.07,100,poolAndRewire,,
729,bl_entry 82406.45 > 24234.95,28,26388,50,82406.45,24234.950999999997,298.25,134.44,51.83,111.95,100,poolAndRewire,,
730,bl_entry 82831.04 > 24234.95,28,26416,50,82831.035,24234.950999999997,300.46,136.58,52.33,111.52,100,poolAndRewire,,
731,bl_entry 82028.40 > 24234.95,24,26440,50,82028.395,24234.950999999997,301.06,136.33,51.66,113.05,100,poolAndRewire,,
732,bl_entry 83634.39 > 24234.95,17,26457,50,83634.39,24234.950999999997,297.64,135.28,52.3,110.04,100,poolAndRewire,,
733,bl_entry 84658.66 > 24234.95,27,26484,50,84658.66,24234.950999999997,296.45,135.24,52.67,108.52,100,poolAndRewire,,
734,bl_entry 84465.04 > 24234.95,32,26516,50,84465.035,24234.950999999997,296.17,135.39,51.69,109.07,100,poolAndRewire,,
735,bl_entry 84597.48 > 24234.95,37,26553,50,84597.48,24234.950999999997,296.53,135.05,52.23,109.23,100,poolAndRewire,,
736,bl_entry 83184.99 > 24234.95,30,26583,50,83184.99,24234.950999999997,296.57,135.6,51.72,109.22,100,poolAndRewire,,
737,bl_entry 81504.22 > 24234.95,27,26610,50,81504.22,24234.950999999997,299.25,136.49,52.99,109.75,100,poolAndRewire,,
738,bl_entry 82081.83 > 24234.95,26,26636,50,82081.83,24234.950999999997,292.92,132.64,49.36,110.9,100,poolAndRewire,,
739,bl_entry 81375.72 > 24234.95,20,26656,50,81375.72,24234.950999999997,294.14,132.64,50.71,110.77,100,poolAndRewire,,
740,bl_entry 80539.18 > 24234.95,21,26677,50,80539.18,24234.950999999997,298.57,134.3,51.67,112.57,100,poolAndRewire,,
741,bl_entry 81330.97 > 24234.95,19,26696,50,81330.97,24234.950999999997,297.79,134.71,51.31,111.75,100,poolAndRewire,,
742,bl_entry 81022.56 > 24234.95,21,26717,50,81022.56,24234.950999999997,295.84,133.75,49.07,112.99,100,poolAndRewire,,
743,bl_entry 81515.90 > 24234.95,26,26743,50,81515.895,24234.950999999997,301.87,137.06,51.72,113.06,100,poolAndRewire,,
744,bl_entry 81177.57 > 24234.95,17,26760,50,81177.565,24234.950999999997,300.04,135.33,51.33,113.35,100,poolAndRewire,,
745,bl_entry 80658.18 > 24234.95,18,26778,50,80658.185,24234.950999999997,302.08,136.57,52.16,113.31,100,poolAndRewire,,
746,bl_entry 79651.15 > 24234.95,19,26797,50,79651.155,24234.950999999997,298.76,135.77,48.38,114.58,100,poolAndRewire,,
747,bl_entry 79920.13 > 24234.95,17,26814,50,79920.135,24234.950999999997,295.33,133.73,48.36,113.22,100,poolAndRewire,,
748,bl_entry 79963.10 > 24234.95,27,26841,50,79963.095,24234.950999999997,865.9,134.95,50.39,680.54,100,poolAndRewire,,
749,bl_entry 79921.13 > 24234.95,14,26855,50,79921.135,24234.950999999997,298.23,134.66,49.84,113.71,100,poolAndRewire,,
750,bl_entry 80781.27 > 24234.95,20,26875,50,80781.275,24234.950999999997,302.26,134.59,52.03,115.62,100,poolAndRewire,,
751,bl_entry 80369.38 > 24234.95,28,26903,50,80369.375,24234.950999999997,298.14,133.51,48.93,115.67,100,poolAndRewire,,
752,bl_entry 81305.99 > 24234.95,19,26922,50,81305.995,24234.950999999997,301.41,135.48,49.42,116.49,100,poolAndRewire,,
753,bl_entry 81979.49 > 24234.95,17,26939,50,81979.485,24234.950999999997,300.45,135.85,50.14,114.43,100,poolAndRewire,,
754,bl_entry 81316.27 > 24234.95,22,26961,50,81316.27,24234.950999999997,299.59,134.89,50.13,114.55,100,poolAndRewire,,
755,bl_entry 80946.24 > 24234.95,28,26989,50,80946.245,24234.950999999997,300.44,134.82,51.47,114.12,100,poolAndRewire,,
756,bl_entry 79812.82 > 24234.95,29,27018,50,79812.825,24234.950999999997,303.28,135.14,53.9,114.22,100,poolAndRewire,,
757,bl_entry 79959.90 > 24234.95,17,27035,50,79959.905,24234.950999999997,298.0,134.03,49.46,114.49,100,poolAndRewire,,
758,bl_entry 80136.61 > 24234.95,22,27057,50,80136.61,24234.950999999997,299.85,134.56,50.4,114.87,100,poolAndRewire,,
759,bl_entry 80403.27 > 24234.95,16,27073,50,80403.275,24234.950999999997,298.39,134.05,48.12,116.2,100,poolAndRewire,,
760,bl_entry 80570.55 > 24234.95,12,27085,50,80570.555,24234.950999999997,297.5,133.52,49.34,114.62,100,poolAndRewire,,
761,bl_entry 80549.07 > 24234.95,10,27095,50,80549.075,24234.950999999997,296.28,133.31,47.27,115.68,100,poolAndRewire,,
762,bl_entry 80302.10 > 24234.95,17,27112,50,80302.095,24234.950999999997,299.33,132.9,50.21,116.19,100,poolAndRewire,,
763,bl_entry 79378.34 > 24234.95,22,27134,50,79378.34,24234.950999999997,300.74,133.41,50.39,116.93,100,poolAndRewire,,
764,bl_entry 80106.32 > 24234.95,24,27158,50,80106.325,24234.950999999997,300.53,133.62,51.2,115.69,100,poolAndRewire,,
765,bl_entry 79651.65 > 24234.95,19,27177,50,79651.65,24234.950999999997,867.95,133.6,49.7,684.62,100,poolAndRewire,,
766,bl_entry 80630.88 > 24234.95,13,27190,50,80630.885,24234.950999999997,298.23,134.2,48.03,115.98,100,poolAndRewire,,
767,bl_entry 82251.35 > 24234.95,25,27215,50,82251.355,24234.950999999997,302.49,134.94,51.23,116.3,100,poolAndRewire,,
768,bl_entry 82395.21 > 24234.95,18,27233,50,82395.205,24234.950999999997,301.09,133.85,50.81,116.41,100,poolAndRewire,,
769,bl_entry 81716.55 > 24234.95,20,27253,50,81716.55,24234.950999999997,300.6,135.14,49.34,116.09,100,poolAndRewire,,
770,bl_entry 80918.65 > 24234.95,24,27277,50,80918.645,24234.950999999997,301.59,134.28,50.3,116.98,100,poolAndRewire,,
771,bl_entry 78974.70 > 24234.95,21,27298,50,78974.7,24234.950999999997,302.34,134.14,51.92,116.26,100,poolAndRewire,,
772,bl_entry 78290.91 > 24234.95,20,27318,50,78290.91,24234.950999999997,302.85,133.03,51.17,118.62,100,poolAndRewire,,
773,bl_entry 80514.40 > 24234.95,9,27327,50,80514.405,24234.950999999997,298.41,133.43,48.31,116.64,100,poolAndRewire,,
774,bl_entry 80488.73 > 24234.95,25,27352,50,80488.73,24234.950999999997,301.43,133.53,49.37,118.52,100,poolAndRewire,,
775,bl_entry 81904.76 > 24234.95,11,27363,50,81904.76,24234.950999999997,303.15,133.63,52.68,116.82,100,poolAndRewire,,
776,bl_entry 83299.90 > 24234.95,22,27385,50,83299.895,24234.950999999997,314.86,142.01,53.95,118.87,100,poolAndRewire,,
777,bl_entry 81227.63 > 24234.95,18,27403,50,81227.635,24234.950999999997,300.98,134.85,48.5,117.61,100,poolAndRewire,,
778,bl_entry 82301.90 > 24234.95,14,27417,50,82301.905,24234.950999999997,303.47,135.15,51.18,117.12,100,poolAndRewire,,
779,bl_entry 82259.34 > 24234.95,18,27435,50,82259.34,24234.950999999997,301.31,134.77,49.14,117.38,100,poolAndRewire,,
780,bl_entry 80272.60 > 24234.95,23,27458,50,80272.595,24234.950999999997,304.51,136.1,50.32,118.07,100,poolAndRewire,,
781,bl_entry 80223.07 > 24234.95,24,27482,50,80223.065,24234.950999999997,302.75,135.03,50.03,117.67,100,poolAndRewire,,
782,bl_entry 79090.85 > 24234.95,16,27498,50,79090.845,24234.950999999997,855.71,133.95,49.32,672.42,100,poolAndRewire,,
783,bl_entry 79167.16 > 24234.95,14,27512,50,79167.165,24234.950999999997,298.34,133.74,47.06,117.52,100,poolAndRewire,,
784,bl_entry 80540.10 > 24234.95,22,27534,50,80540.105,24234.950999999997,304.14,137.12,50.16,116.84,100,poolAndRewire,,
785,bl_entry 80408.14 > 24234.95,13,27547,50,80408.14,24234.950999999997,302.05,136.36,49.0,116.67,100,poolAndRewire,,
786,bl_entry 80416.29 > 24234.95,17,27564,50,80416.29,24234.950999999997,305.7,137.6,50.93,117.15,100,poolAndRewire,,
787,bl_entry 81484.74 > 24234.95,22,27586,50,81484.745,24234.950999999997,304.38,136.75,51.32,116.29,100,poolAndRewire,,
788,bl_entry 82175.46 > 24234.95,20,27606,50,82175.46,24234.950999999997,301.49,135.4,50.01,116.05,100,poolAndRewire,,
789,bl_entry 82134.26 > 24234.95,13,27619,50,82134.255,24234.950999999997,301.08,135.11,49.65,116.3,100,poolAndRewire,,
790,bl_entry 82191.71 > 24234.95,22,27641,50,82191.71,24234.950999999997,299.37,134.33,49.26,115.76,100,poolAndRewire,,
791,bl_entry 81260.28 > 24234.95,12,27653,50,81260.28,24234.950999999997,300.81,135.97,49.18,115.64,100,poolAndRewire,,
792,bl_entry 79717.24 > 24234.95,19,27672,50,79717.235,24234.950999999997,300.11,134.78,49.53,115.77,100,poolAndRewire,,
793,bl_entry 80543.52 > 24234.95,20,27692,50,80543.52,24234.950999999997,307.13,138.75,52.16,116.2,100,poolAndRewire,,
794,bl_entry 80474.71 > 24234.95,22,27714,50,80474.715,24234.950999999997,301.64,134.3,48.44,118.88,100,poolAndRewire,,
795,bl_entry 80019.78 > 24234.95,23,27737,50,80019.78,24234.950999999997,303.2,134.25,50.28,118.64,100,poolAndRewire,,
796,bl_entry 79566.46 > 24234.95,14,27751,50,79566.46,24234.950999999997,302.26,133.26,50.32,118.66,100,poolAndRewire,,
797,bl_entry 79701.01 > 24234.95,22,27773,50,79701.015,24234.950999999997,306.36,133.99,52.12,120.22,100,poolAndRewire,,
798,bl_entry 79025.51 > 24234.95,23,27796,50,79025.515,24234.950999999997,302.62,134.06,49.91,118.62,100,poolAndRewire,,
799,bl_entry 79133.12 > 24234.95,24,27820,50,79133.115,24234.950999999997,301.67,134.38,49.45,117.82,100,poolAndRewire,,
800,bl_entry 81047.33 > 24234.95,15,27835,50,81047.33,24234.950999999997,875.12,135.57,51.44,688.09,100,poolAndRewire,,
801,bl_entry 80916.21 > 24234.95,20,27855,50,80916.205,24234.950999999997,303.71,136.03,49.67,117.99,100,poolAndRewire,,
802,bl_entry 82498.01 > 24234.95,13,27868,50,82498.015,24234.950999999997,303.76,135.08,50.54,118.11,100,poolAndRewire,,
803,bl_entry 83491.34 > 24234.95,16,27884,50,83491.34,24234.950999999997,304.77,134.59,52.38,117.77,100,poolAndRewire,,
804,bl_entry 82857.02 > 24234.95,20,27904,50,82857.025,24234.950999999997,302.97,134.91,50.91,117.13,100,poolAndRewire,,
805,bl_entry 82212.46 > 24234.95,17,27921,50,82212.455,24234.950999999997,302.49,134.96,50.54,116.97,100,poolAndRewire,,
806,bl_entry 81876.21 > 24234.95,20,27941,50,81876.21,24234.950999999997,302.74,135.01,48.72,118.99,100,poolAndRewire,,
807,bl_entry 80214.02 > 24234.95,11,27952,50,80214.02,24234.950999999997,306.32,133.82,51.89,120.59,100,poolAndRewire,,
808,bl_entry 78822.38 > 24234.95,16,27968,50,78822.38,24234.950999999997,310.12,137.19,52.35,120.56,100,poolAndRewire,,
809,bl_entry 79710.26 > 24234.95,15,27983,50,79710.255,24234.950999999997,303.88,134.29,49.14,120.42,100,poolAndRewire,,
810,bl_entry 80494.29 > 24234.95,21,28004,50,80494.295,24234.950999999997,303.07,132.8,50.57,119.68,100,poolAndRewire,,
811,bl_entry 81315.26 > 24234.95,22,28026,50,81315.265,24234.950999999997,303.99,132.54,51.36,120.06,100,poolAndRewire,,
812,bl_entry 83331.24 > 24234.95,25,28051,50,83331.245,24234.950999999997,308.41,139.03,49.86,119.49,100,poolAndRewire,,
813,bl_entry 83032.74 > 24234.95,28,28079,50,83032.74,24234.950999999997,304.27,133.49,51.22,119.54,100,poolAndRewire,,
814,bl_entry 81531.09 > 24234.95,16,28095,50,81531.085,24234.950999999997,304.29,134.95,49.7,119.61,100,poolAndRewire,,
815,bl_entry 82226.76 > 24234.95,14,28109,50,82226.76,24234.950999999997,302.01,133.37,49.82,118.79,100,poolAndRewire,,
816,bl_entry 81582.34 > 24234.95,24,28133,50,81582.335,24234.950999999997,307.98,138.69,50.22,119.04,100,poolAndRewire,,
817,bl_entry 81087.76 > 24234.95,17,28150,50,81087.755,24234.950999999997,301.15,133.22,49.22,118.69,100,poolAndRewire,,
818,bl_entry 81550.01 > 24234.95,17,28167,50,81550.015,24234.950999999997,305.32,135.15,51.7,118.45,100,poolAndRewire,,
819,bl_entry 80202.07 > 24234.95,16,28183,50,80202.07,24234.950999999997,305.37,133.47,50.48,121.4,100,poolAndRewire,,
820,bl_entry 80129.46 > 24234.95,25,28208,50,80129.455,24234.950999999997,1050.23,138.06,49.19,862.95,100,poolAndRewire,,
821,bl_entry 80008.45 > 24234.95,17,28225,50,80008.445,24234.950999999997,311.17,136.38,51.04,123.73,100,poolAndRewire,,
822,bl_entry 80246.15 > 24234.95,22,28247,50,80246.155,24234.950999999997,304.89,134.58,48.92,121.37,100,poolAndRewire,,
823,bl_entry 80711.70 > 24234.95,21,28268,50,80711.695,24234.950999999997,308.43,134.59,53.21,120.61,100,poolAndRewire,,
824,bl_entry 80354.63 > 24234.95,25,28293,50,80354.635,24234.950999999997,307.07,134.93,50.83,121.28,100,poolAndRewire,,
825,bl_entry 81088.38 > 24234.95,19,28312,50,81088.38,24234.950999999997,309.58,135.32,51.81,122.43,100,poolAndRewire,,
826,bl_entry 80308.81 > 24234.95,16,28328,50,80308.81,24234.950999999997,310.51,133.88,53.64,122.95,100,poolAndRewire,,
827,bl_entry 81462.43 > 24234.95,21,28349,50,81462.425,24234.950999999997,304.7,133.41,48.67,122.59,100,poolAndRewire,,
828,bl_entry 82244.36 > 24234.95,14,28363,50,82244.36,24234.950999999997,308.58,134.66,51.62,122.28,100,poolAndRewire,,
829,bl_entry 81627.70 > 24234.95,24,28387,50,81627.7,24234.950999999997,323.13,133.14,50.46,139.48,100,poolAndRewire,,
830,bl_entry 82172.68 > 24234.95,22,28409,50,82172.675,24234.950999999997,304.12,133.87,49.98,120.24,100,poolAndRewire,,
831,bl_entry 82407.44 > 24234.95,25,28434,50,82407.44,24234.950999999997,306.41,134.36,51.9,120.13,100,poolAndRewire,,
832,bl_entry 83227.00 > 24234.95,11,28445,50,83227.0,24234.950999999997,307.49,134.99,50.22,122.26,100,poolAndRewire,,
833,bl_entry 83922.85 > 24234.95,16,28461,50,83922.855,24234.950999999997,308.97,135.0,51.09,122.86,100,poolAndRewire,,
834,bl_entry 83829.74 > 24234.95,25,28486,50,83829.74,24234.950999999997,308.19,135.07,47.79,125.31,100,poolAndRewire,,
835,bl_entry 82856.29 > 24234.95,16,28502,50,82856.295,24234.950999999997,306.06,134.14,49.72,122.17,100,poolAndRewire,,
836,bl_entry 80071.02 > 24234.95,20,28522,50,80071.025,24234.950999999997,308.06,133.79,49.41,124.84,100,poolAndRewire,,
837,bl_entry 78847.13 > 24234.95,16,28538,50,78847.13,24234.950999999997,304.28,134.14,49.49,120.62,100,poolAndRewire,,
1,bl_entry 43796.38 > 24234.95,220,220,20,43796.375,24234.950999999997,195.32,140.16,31.51,23.62,200,poolAndRewire,,
2,bl_entry 43159.24 > 24234.95,67,287,40,43159.235,24234.950999999997,175.98,122.78,31.12,22.06,200,poolAndRewire,,
3,bl_entry 41208.85 > 24234.95,53,340,50,41208.85,24234.950999999997,182.74,122.06,38.53,22.12,200,poolAndRewire,,
4,bl_entry 42191.22 > 24234.95,73,413,50,42191.225,24234.950999999997,188.08,121.88,43.75,22.42,200,poolAndRewire,,
5,bl_entry 41168.14 > 24234.95,58,471,50,41168.145,24234.950999999997,188.35,121.11,44.76,22.46,200,poolAndRewire,,
6,bl_entry 41945.98 > 24234.95,47,518,50,41945.98,24234.950999999997,192.92,123.63,46.97,22.3,200,poolAndRewire,,
7,bl_entry 42604.44 > 24234.95,55,573,50,42604.44,24234.950999999997,189.52,122.32,44.84,22.34,200,poolAndRewire,,
8,bl_entry 42413.47 > 24234.95,49,622,50,42413.47,24234.950999999997,192.18,123.16,46.17,22.82,200,poolAndRewire,,
9,bl_entry 42190.04 > 24234.95,48,670,50,42190.035,24234.950999999997,188.21,120.55,44.48,23.15,200,poolAndRewire,,
10,bl_entry 41393.83 > 24234.95,48,718,50,41393.83,24234.950999999997,186.42,119.3,44.35,22.74,200,poolAndRewire,,
11,bl_entry 41299.99 > 24234.95,49,767,50,41299.99,24234.950999999997,188.95,120.86,44.74,23.33,200,poolAndRewire,,
12,bl_entry 41502.59 > 24234.95,57,824,50,41502.59,24234.950999999997,189.05,120.58,45.18,23.27,200,poolAndRewire,,
13,bl_entry 42528.74 > 24234.95,49,873,50,42528.74,24234.950999999997,191.16,121.86,45.68,23.6,200,poolAndRewire,,
14,bl_entry 42625.43 > 24234.95,53,926,50,42625.43,24234.950999999997,189.75,121.26,45.27,23.2,200,poolAndRewire,,
15,bl_entry 42758.61 > 24234.95,48,974,50,42758.615,24234.950999999997,190.2,122.14,44.6,23.44,200,poolAndRewire,,
16,bl_entry 42742.80 > 24234.95,49,1023,50,42742.8,24234.950999999997,190.03,120.56,44.75,24.69,200,poolAndRewire,,
17,bl_entry 42110.47 > 24234.95,47,1070,50,42110.475,24234.950999999997,190.36,120.48,46.01,23.85,200,poolAndRewire,,
18,bl_entry 42996.83 > 24234.95,52,1122,50,42996.835,24234.950999999997,191.39,122.96,44.65,23.76,200,poolAndRewire,,
19,bl_entry 41354.64 > 24234.95,47,1169,50,41354.645,24234.950999999997,190.88,121.46,44.46,24.95,200,poolAndRewire,,
20,bl_entry 40648.58 > 24234.95,46,1215,50,40648.585,24234.950999999997,187.77,119.31,44.12,24.31,200,poolAndRewire,,
21,bl_entry 40819.86 > 24234.95,57,1272,50,40819.86,24234.950999999997,190.13,120.97,44.92,24.22,200,poolAndRewire,,
22,bl_entry 39517.42 > 24234.95,51,1323,50,39517.415,24234.950999999997,189.18,118.88,45.23,25.05,200,poolAndRewire,,
23,bl_entry 40751.90 > 24234.95,43,1366,50,40751.905,24234.950999999997,188.81,120.41,43.57,24.81,200,poolAndRewire,,
24,bl_entry 41648.99 > 24234.95,60,1426,50,41648.985,24234.950999999997,195.27,124.81,45.75,24.69,200,poolAndRewire,,
25,bl_entry 40936.76 > 24234.95,51,1477,50,40936.76,24234.950999999997,191.99,120.71,45.3,25.96,200,poolAndRewire,,
26,bl_entry 42086.69 > 24234.95,47,1524,50,42086.695,24234.950999999997,191.17,120.4,45.67,25.07,200,poolAndRewire,,
27,bl_entry 41815.78 > 24234.95,44,1568,50,41815.78,24234.950999999997,191.82,121.15,45.59,25.06,200,poolAndRewire,,
28,bl_entry 41351.98 > 24234.95,55,1623,50,41351.98,24234.950999999997,191.74,119.32,46.72,25.67,200,poolAndRewire,,
29,bl_entry 40892.71 > 24234.95,44,1667,50,40892.705,24234.950999999997,193.99,122.71,45.83,25.43,200,poolAndRewire,,
30,bl_entry 39427.51 > 24234.95,58,1725,50,39427.515,24234.950999999997,192.86,123.18,44.13,25.53,200,poolAndRewire,,
31,bl_entry 39269.22 > 24234.95,42,1767,50,39269.225,24234.950999999997,191.11,120.33,44.68,26.08,200,poolAndRewire,,
32,bl_entry 38567.20 > 24234.95,54,1821,50,38567.2,24234.950999999997,189.77,119.87,44.57,25.31,200,poolAndRewire,,
33,bl_entry 40048.60 > 24234.95,59,1880,50,40048.595,24234.950999999997,188.86,118.01,44.83,26.0,200,poolAndRewire,,
34,bl_entry 40526.17 > 24234.95,55,1935,50,40526.165,24234.950999999997,970.08,119.42,44.89,805.74,200,poolAndRewire,,
35,bl_entry 40694.57 > 24234.95,50,1985,50,40694.575,24234.950999999997,191.06,120.56,44.73,25.75,200,poolAndRewire,,
36,bl_entry 41967.65 > 24234.95,48,2033,50,41967.65,24234.950999999997,190.45,120.1,44.49,25.84,200,poolAndRewire,,
37,bl_entry 41170.61 > 24234.95,60,2093,50,41170.605,24234.950999999997,192.29,120.05,45.13,27.08,200,poolAndRewire,,
38,bl_entry 41825.14 > 24234.95,40,2133,50,41825.135,24234.950999999997,195.29,123.1,46.14,26.03,200,poolAndRewire,,
39,bl_entry 42818.44 > 24234.95,51,2184,50,42818.445,24234.950999999997,194.13,123.15,44.8,26.16,200,poolAndRewire,,
40,bl_entry 41185.05 > 24234.95,45,2229,50,41185.05,24234.950999999997,190.82,119.92,43.6,27.28,200,poolAndRewire,,
41,bl_entry 40667.36 > 24234.95,50,2279,50,40667.365,24234.950999999997,191.37,119.48,45.09,26.78,200,poolAndRewire,,
42,bl_entry 40929.55 > 24234.95,50,2329,50,40929.55,24234.950999999997,191.47,119.92,45.06,26.47,200,poolAndRewire,,
43,bl_entry 39879.42 > 24234.95,46,2375,50,39879.415,24234.950999999997,191.16,118.93,44.55,27.66,200,poolAndRewire,,
44,bl_entry 40676.27 > 24234.95,53,2428,50,40676.27,24234.950999999997,191.39,120.26,44.19,26.91,200,poolAndRewire,,
45,bl_entry 41688.86 > 24234.95,48,2476,50,41688.865,24234.950999999997,194.33,121.66,45.39,27.25,200,poolAndRewire,,
46,bl_entry 41438.94 > 24234.95,47,2523,50,41438.94,24234.950999999997,192.57,119.12,45.48,27.95,200,poolAndRewire,,
47,bl_entry 41972.54 > 24234.95,41,2564,50,41972.545,24234.950999999997,191.2,119.62,44.49,27.06,200,poolAndRewire,,
48,bl_entry 41866.84 > 24234.95,48,2612,50,41866.84,24234.950999999997,195.99,122.77,46.1,27.1,200,poolAndRewire,,
49,bl_entry 41186.74 > 24234.95,44,2656,50,41186.735,24234.950999999997,193.22,120.77,43.85,28.58,200,poolAndRewire,,
50,bl_entry 40627.92 > 24234.95,51,2707,50,40627.915,24234.950999999997,193.05,119.41,45.49,28.13,200,poolAndRewire,,
51,bl_entry 40382.22 > 24234.95,62,2769,50,40382.225,24234.950999999997,195.3,122.16,45.27,27.85,200,poolAndRewire,,
52,bl_entry 41083.33 > 24234.95,46,2815,50,41083.33,24234.950999999997,196.18,121.37,46.29,28.5,200,poolAndRewire,,
53,bl_entry 42129.22 > 24234.95,43,2858,50,42129.225,24234.950999999997,193.2,120.48,44.73,27.97,200,poolAndRewire,,
54,bl_entry 43581.68 > 24234.95,47,2905,50,43581.68,24234.950999999997,202.61,126.14,46.58,29.86,200,poolAndRewire,,
55,bl_entry 43329.11 > 24234.95,49,2954,50,43329.105,24234.950999999997,195.79,121.79,45.85,28.13,200,poolAndRewire,,
56,bl_entry 43380.75 > 24234.95,55,3009,50,43380.745,24234.950999999997,194.99,121.38,45.28,28.31,200,poolAndRewire,,
57,bl_entry 43575.11 > 24234.95,51,3060,50,43575.11,24234.950999999997,196.86,122.61,45.11,29.12,200,poolAndRewire,,
58,bl_entry 48891.56 > 24234.95,50,3110,50,48891.56,24234.950999999997,203.31,124.28,50.08,28.94,200,poolAndRewire,,
59,bl_entry 55194.83 > 24234.95,55,3165,50,55194.835,24234.950999999997,204.67,126.23,48.99,29.43,200,poolAndRewire,,
60,bl_entry 61007.00 > 24234.95,56,3221,50,61006.995,24234.950999999997,208.07,130.15,49.17,28.73,200,poolAndRewire,,
61,bl_entry 67357.86 > 24234.95,45,3266,50,67357.86,24234.950999999997,212.38,132.29,49.79,30.28,200,poolAndRewire,,
62,bl_entry 67420.65 > 24234.95,55,3321,50,67420.655,24234.950999999997,208.87,131.02,48.85,28.98,200,poolAndRewire,,
63,bl_entry 67539.30 > 24234.95,50,3371,50,67539.3,24234.950999999997,209.54,132.07,48.41,29.03,200,poolAndRewire,,
64,bl_entry 67505.66 > 24234.95,41,3412,50,67505.665,24234.950999999997,211.42,131.96,49.45,29.99,200,poolAndRewire,,
65,bl_entry 68011.20 > 24234.95,45,3457,50,68011.2,24234.950999999997,211.01,131.27,50.23,29.48,200,poolAndRewire,,
66,bl_entry 68570.06 > 24234.95,52,3509,50,68570.06,24234.950999999997,212.17,131.95,49.97,30.24,200,poolAndRewire,,
67,bl_entry 68258.97 > 24234.95,50,3559,50,68258.97,24234.950999999997,209.52,132.08,47.85,29.58,200,poolAndRewire,,
68,bl_entry 67862.76 > 24234.95,51,3610,50,67862.76,24234.950999999997,209.54,131.29,48.2,30.03,200,poolAndRewire,,
69,bl_entry 68150.81 > 24234.95,45,3655,50,68150.81,24234.950999999997,209.89,131.45,48.32,30.1,200,poolAndRewire,,
70,bl_entry 66619.70 > 24234.95,46,3701,50,66619.7,24234.950999999997,208.68,130.58,48.31,29.77,200,poolAndRewire,,
71,bl_entry 67401.65 > 24234.95,44,3745,50,67401.655,24234.950999999997,211.31,131.27,49.48,30.54,200,poolAndRewire,,
72,bl_entry 67067.53 > 24234.95,44,3789,50,67067.53,24234.950999999997,210.75,131.88,48.37,30.48,200,poolAndRewire,,
73,bl_entry 65259.76 > 24234.95,71,3860,50,65259.765,24234.950999999997,212.25,130.56,50.35,31.31,200,poolAndRewire,,
74,bl_entry 65950.82 > 24234.95,35,3895,50,65950.825,24234.950999999997,209.39,130.75,48.17,30.45,200,poolAndRewire,,
75,bl_entry 65552.95 > 24234.95,48,3943,50,65552.945,24234.950999999997,210.39,130.5,49.6,30.27,200,poolAndRewire,,
76,bl_entry 67411.04 > 24234.95,46,3989,50,67411.045,24234.950999999997,211.8,131.52,49.0,31.26,200,poolAndRewire,,
77,bl_entry 67544.76 > 24234.95,47,4036,50,67544.765,24234.950999999997,209.86,131.47,47.78,30.59,200,poolAndRewire,,
78,bl_entry 68476.35 > 24234.95,50,4086,50,68476.355,24234.950999999997,215.06,133.68,49.52,31.84,200,poolAndRewire,,
79,bl_entry 69646.23 > 24234.95,48,4134,50,69646.225,24234.950999999997,211.51,131.96,48.68,30.85,200,poolAndRewire,,
80,bl_entry 68911.07 > 24234.95,51,4185,50,68911.065,24234.950999999997,211.16,131.8,48.13,31.2,200,poolAndRewire,,
81,bl_entry 69961.26 > 24234.95,48,4233,50,69961.26,24234.950999999997,210.59,131.1,48.28,31.19,200,poolAndRewire,,
82,bl_entry 70032.90 > 24234.95,53,4286,50,70032.905,24234.950999999997,211.75,131.66,48.63,31.44,200,poolAndRewire,,
83,bl_entry 68828.01 > 24234.95,50,4336,50,68828.005,24234.950999999997,215.08,133.77,49.13,32.16,200,poolAndRewire,,
84,bl_entry 67098.95 > 24234.95,45,4381,50,67098.945,24234.950999999997,210.25,131.68,47.26,31.29,200,poolAndRewire,,
85,bl_entry 65545.57 > 24234.95,47,4428,50,65545.575,24234.950999999997,211.75,130.34,48.15,33.24,200,poolAndRewire,,
86,bl_entry 63970.49 > 24234.95,49,4477,50,63970.49,24234.950999999997,211.19,130.76,48.73,31.69,200,poolAndRewire,,
87,bl_entry 65564.03 > 24234.95,45,4522,50,65564.03,24234.950999999997,215.4,132.0,49.34,34.04,200,poolAndRewire,,
88,bl_entry 67388.54 > 24234.95,46,4568,50,67388.54,24234.950999999997,214.84,132.22,50.34,32.25,200,poolAndRewire,,
89,bl_entry 69230.58 > 24234.95,54,4622,50,69230.58,24234.950999999997,214.42,131.28,49.24,33.88,200,poolAndRewire,,
90,bl_entry 70534.46 > 24234.95,44,4666,50,70534.46,24234.950999999997,213.55,131.95,48.93,32.64,200,poolAndRewire,,
91,bl_entry 68531.64 > 24234.95,40,4706,50,68531.64,24234.950999999997,216.07,133.09,48.72,34.24,200,poolAndRewire,,
92,bl_entry 69920.33 > 24234.95,50,4756,50,69920.33,24234.950999999997,216.66,133.71,50.21,32.72,200,poolAndRewire,,
93,bl_entry 69923.06 > 24234.95,50,4806,50,69923.06,24234.950999999997,215.15,131.42,49.01,34.7,200,poolAndRewire,,
94,bl_entry 70147.66 > 24234.95,46,4852,50,70147.66,24234.950999999997,213.7,131.87,49.19,32.62,200,poolAndRewire,,
95,bl_entry 71474.18 > 24234.95,44,4896,50,71474.18,24234.950999999997,212.78,130.68,47.85,34.23,200,poolAndRewire,,
96,bl_entry 70662.79 > 24234.95,61,4957,50,70662.795,24234.950999999997,213.19,131.23,49.02,32.93,200,poolAndRewire,,
97,bl_entry 70004.76 > 24234.95,42,4999,50,70004.755,24234.950999999997,215.32,131.98,48.71,34.61,200,poolAndRewire,,
98,bl_entry 69585.13 > 24234.95,49,5048,50,69585.135,24234.950999999997,213.47,130.84,49.54,33.06,200,poolAndRewire,,
99,bl_entry 69643.81 > 24234.95,35,5083,50,69643.81,24234.950999999997,217.08,133.87,48.06,35.13,200,poolAndRewire,,
100,bl_entry 69202.62 > 24234.95,46,5129,50,69202.62,24234.950999999997,214.22,131.3,49.54,33.35,200,poolAndRewire,,
101,bl_entry 68392.77 > 24234.95,45,5174,50,68392.775,24234.950999999997,214.68,132.19,47.84,34.63,200,poolAndRewire,,
102,bl_entry 67299.38 > 24234.95,42,5216,50,67299.375,24234.950999999997,213.35,130.36,49.49,33.47,200,poolAndRewire,,
103,bl_entry 68129.70 > 24234.95,52,5268,50,68129.695,24234.950999999997,216.24,131.42,49.28,35.51,200,poolAndRewire,,
104,bl_entry 67785.47 > 24234.95,39,5307,50,67785.47,24234.950999999997,214.14,131.4,48.96,33.76,200,poolAndRewire,,
105,bl_entry 69767.85 > 24234.95,52,5359,50,69767.855,24234.950999999997,219.31,134.19,49.62,35.48,200,poolAndRewire,,
106,bl_entry 71596.66 > 24234.95,47,5406,50,71596.66,24234.950999999997,215.21,131.57,49.01,34.59,200,poolAndRewire,,
107,bl_entry 69987.23 > 24234.95,46,5452,50,69987.23,24234.950999999997,215.8,132.39,47.87,35.51,200,poolAndRewire,,
108,bl_entry 70407.46 > 24234.95,56,5508,50,70407.46,24234.950999999997,215.43,133.1,48.01,34.3,200,poolAndRewire,,
109,bl_entry 68877.48 > 24234.95,48,5556,50,68877.475,24234.950999999997,217.09,132.76,48.79,35.52,200,poolAndRewire,,
110,bl_entry 67703.84 > 24234.95,45,5601,50,67703.835,24234.950999999997,215.21,131.54,48.39,35.25,200,poolAndRewire,,
111,bl_entry 67725.40 > 24234.95,52,5653,50,67725.4,24234.950999999997,221.58,136.29,48.72,36.55,200,poolAndRewire,,
112,bl_entry 67007.11 > 24234.95,42,5695,50,67007.11,24234.950999999997,215.77,132.78,48.4,34.57,200,poolAndRewire,,
113,bl_entry 66360.96 > 24234.95,36,5731,50,66360.965,24234.950999999997,217.87,131.7,49.65,36.5,200,poolAndRewire,,
114,bl_entry 66221.48 > 24234.95,46,5777,50,66221.48,24234.950999999997,215.35,130.89,49.53,34.91,200,poolAndRewire,,
115,bl_entry 66992.71 > 24234.95,44,5821,50,66992.715,24234.950999999997,217.38,131.38,49.28,36.7,200,poolAndRewire,,
116,bl_entry 66218.32 > 24234.95,46,5867,50,66218.325,24234.950999999997,215.31,131.26,49.02,35.01,200,poolAndRewire,,
117,bl_entry 66782.35 > 24234.95,42,5909,50,66782.345,24234.950999999997,217.6,131.72,48.15,37.71,200,poolAndRewire,,
118,bl_entry 63068.33 > 24234.95,49,5958,50,63068.335,24234.950999999997,213.67,130.23,48.01,35.41,200,poolAndRewire,,
119,bl_entry 58372.01 > 24234.95,53,6011,50,58372.015,24234.950999999997,217.05,133.45,46.46,37.12,200,poolAndRewire,,
120,bl_entry 56260.21 > 24234.95,45,6056,50,56260.205,24234.950999999997,211.57,126.96,48.53,36.06,200,poolAndRewire,,
121,bl_entry 53810.64 > 24234.95,48,6104,50,53810.635,24234.950999999997,211.31,126.8,47.53,36.95,200,poolAndRewire,,
122,bl_entry 54562.09 > 24234.95,42,6146,50,54562.09,24234.950999999997,210.59,125.78,48.19,36.59,200,poolAndRewire,,
123,bl_entry 55252.98 > 24234.95,32,6178,50,55252.98,24234.950999999997,213.18,128.15,48.43,36.58,200,poolAndRewire,,
124,bl_entry 54852.31 > 24234.95,47,6225,50,54852.305,24234.950999999997,217.31,130.77,48.18,38.34,200,poolAndRewire,,
125,bl_entry 54072.94 > 24234.95,53,6278,50,54072.94,24234.950999999997,212.53,127.26,48.83,36.42,200,poolAndRewire,,
126,bl_entry 54335.97 > 24234.95,38,6316,50,54335.975,24234.950999999997,206.8,123.4,45.51,37.86,200,poolAndRewire,,
127,bl_entry 53966.86 > 24234.95,43,6359,50,53966.86,24234.950999999997,214.01,129.48,47.5,37.01,200,poolAndRewire,,
128,bl_entry 53527.75 > 24234.95,48,6407,50,53527.75,24234.950999999997,210.37,125.38,47.56,37.41,200,poolAndRewire,,
129,bl_entry 54483.46 > 24234.95,39,6446,50,54483.46,24234.950999999997,216.44,131.52,47.9,37.0,200,poolAndRewire,,
130,bl_entry 53950.60 > 24234.95,40,6486,50,53950.6,24234.950999999997,210.6,127.0,46.42,37.15,200,poolAndRewire,,
131,bl_entry 56390.38 > 24234.95,44,6530,50,56390.375,24234.950999999997,215.43,128.93,47.82,38.65,200,poolAndRewire,,
132,bl_entry 56978.24 > 24234.95,50,6580,50,56978.24,24234.950999999997,211.12,126.21,47.06,37.82,200,poolAndRewire,,
133,bl_entry 56963.18 > 24234.95,40,6620,50,56963.175,24234.950999999997,214.9,128.25,48.22,38.41,200,poolAndRewire,,
134,bl_entry 57785.75 > 24234.95,60,6680,50,57785.745,24234.950999999997,215.09,127.68,49.51,37.88,200,poolAndRewire,,
135,bl_entry 55686.32 > 24234.95,50,6730,50,55686.32,24234.950999999997,213.98,127.41,49.1,37.45,200,poolAndRewire,,
136,bl_entry 56630.00 > 24234.95,47,6777,50,56630.005,24234.950999999997,216.55,127.99,48.21,40.32,200,poolAndRewire,,
137,bl_entry 56019.50 > 24234.95,41,6818,50,56019.505,24234.950999999997,214.38,127.05,49.51,37.8,200,poolAndRewire,,
138,bl_entry 55165.43 > 24234.95,44,6862,50,55165.425,24234.950999999997,214.32,128.05,47.1,39.15,200,poolAndRewire,,
139,bl_entry 56302.89 > 24234.95,44,6906,50,56302.89,24234.950999999997,214.78,127.8,48.62,38.34,200,poolAndRewire,,
140,bl_entry 57257.80 > 24234.95,44,6950,50,57257.8,24234.950999999997,213.52,127.17,47.72,38.61,200,poolAndRewire,,
141,bl_entry 56535.50 > 24234.95,55,7005,50,56535.495,24234.950999999997,214.48,127.61,48.23,38.62,200,poolAndRewire,,
142,bl_entry 55768.94 > 24234.95,36,7041,50,55768.945,24234.950999999997,212.96,127.46,47.22,38.25,200,poolAndRewire,,
143,bl_entry 55562.33 > 24234.95,45,7086,50,55562.33,24234.950999999997,218.32,130.56,48.01,39.72,200,poolAndRewire,,
144,bl_entry 54329.36 > 24234.95,54,7140,50,54329.355,24234.950999999997,221.33,131.32,48.32,41.66,200,poolAndRewire,,
145,bl_entry 55394.43 > 24234.95,56,7196,50,55394.425,24234.950999999997,214.65,127.17,47.63,39.83,200,poolAndRewire,,
146,bl_entry 56334.30 > 24234.95,47,7243,50,56334.3,24234.950999999997,213.99,127.86,47.23,38.88,200,poolAndRewire,,
147,bl_entry 54682.45 > 24234.95,49,7292,50,54682.45,24234.950999999997,214.62,128.34,46.85,39.41,200,poolAndRewire,,
148,bl_entry 54759.75 > 24234.95,43,7335,50,54759.75,24234.950999999997,217.73,128.16,47.97,41.58,200,poolAndRewire,,
149,bl_entry 53790.67 > 24234.95,43,7378,50,53790.67,24234.950999999997,220.44,131.62,46.81,41.98,200,poolAndRewire,,
150,bl_entry 53914.75 > 24234.95,40,7418,50,53914.75,24234.950999999997,215.58,127.52,47.39,40.64,200,poolAndRewire,,
151,bl_entry 53790.40 > 24234.95,48,7466,50,53790.405,24234.950999999997,212.41,125.99,47.1,39.29,200,poolAndRewire,,
152,bl_entry 53145.94 > 24234.95,51,7517,50,53145.94,24234.950999999997,213.41,128.23,44.97,40.18,200,poolAndRewire,,
153,bl_entry 53855.31 > 24234.95,47,7564,50,53855.305,24234.950999999997,215.94,127.93,48.32,39.67,200,poolAndRewire,,
154,bl_entry 53199.00 > 24234.95,40,7604,50,53198.995,24234.950999999997,220.43,133.35,47.09,39.97,200,poolAndRewire,,
155,bl_entry 53250.05 > 24234.95,48,7652,50,53250.05,24234.950999999997,215.2,126.15,47.26,41.77,200,poolAndRewire,,
156,bl_entry 54241.04 > 24234.95,44,7696,50,54241.04,24234.950999999997,215.21,128.02,46.96,40.2,200,poolAndRewire,,
157,bl_entry 53664.67 > 24234.95,47,7743,50,53664.665,24234.950999999997,215.33,126.66,46.73,41.92,200,poolAndRewire,,
158,bl_entry 54429.03 > 24234.95,49,7792,50,54429.03,24234.950999999997,217.5,127.87,47.7,41.9,200,poolAndRewire,,
159,bl_entry 55081.93 > 24234.95,47,7839,50,55081.925,24234.950999999997,214.35,128.07,45.9,40.36,200,poolAndRewire,,
160,bl_entry 53343.43 > 24234.95,51,7890,50,53343.425,24234.950999999997,214.27,126.57,46.47,41.21,200,poolAndRewire,,
161,bl_entry 53860.52 > 24234.95,42,7932,50,53860.52,24234.950999999997,216.01,126.72,46.72,42.55,200,poolAndRewire,,
162,bl_entry 54875.79 > 24234.95,52,7984,50,54875.79,24234.950999999997,215.7,126.72,47.74,41.22,200,poolAndRewire,,
163,bl_entry 55466.07 > 24234.95,52,8036,50,55466.075,24234.950999999997,216.45,127.38,47.77,41.28,200,poolAndRewire,,
164,bl_entry 56691.50 > 24234.95,42,8078,50,56691.5,24234.950999999997,219.3,130.33,46.29,42.66,200,poolAndRewire,,
165,bl_entry 57327.44 > 24234.95,46,8124,50,57327.44,24234.950999999997,216.74,127.66,47.19,41.87,200,poolAndRewire,,
166,bl_entry 56145.08 > 24234.95,45,8169,50,56145.08,24234.950999999997,215.71,127.15,46.97,41.57,200,poolAndRewire,,
167,bl_entry 56218.59 > 24234.95,57,8226,50,56218.59,24234.950999999997,218.67,128.48,47.24,42.93,200,poolAndRewire,,
168,bl_entry 55218.41 > 24234.95,45,8271,50,55218.41,24234.950999999997,215.78,126.56,47.81,41.39,200,poolAndRewire,,
169,bl_entry 54409.78 > 24234.95,45,8316,50,54409.78,24234.950999999997,214.73,125.8,46.69,42.21,200,poolAndRewire,,
170,bl_entry 54557.34 > 24234.95,48,8364,50,54557.34,24234.950999999997,215.85,125.38,47.38,43.07,200,poolAndRewire,,
171,bl_entry 54101.49 > 24234.95,39,8403,50,54101.485,24234.950999999997,216.98,127.33,47.58,42.06,200,poolAndRewire,,
172,bl_entry 55761.75 > 24234.95,44,8447,50,55761.755,24234.950999999997,217.17,126.34,47.79,43.02,200,poolAndRewire,,
173,bl_entry 55904.96 > 24234.95,47,8494,50,55904.955,24234.950999999997,219.98,127.1,48.47,44.39,200,poolAndRewire,,
174,bl_entry 56612.33 > 24234.95,34,8528,50,56612.33,24234.950999999997,219.32,128.81,48.39,42.1,200,poolAndRewire,,
175,bl_entry 56396.10 > 24234.95,34,8562,50,56396.1,24234.950999999997,220.8,129.54,48.45,42.79,200,poolAndRewire,,
176,bl_entry 56117.88 > 24234.95,42,8604,50,56117.875,24234.950999999997,218.99,126.48,48.17,44.32,200,poolAndRewire,,
177,bl_entry 56145.24 > 24234.95,50,8654,50,56145.235,24234.950999999997,222.88,127.43,47.97,47.45,200,poolAndRewire,,
178,bl_entry 54551.95 > 24234.95,37,8691,50,54551.95,24234.950999999997,237.83,146.97,46.84,44.0,200,poolAndRewire,,
179,bl_entry 54338.19 > 24234.95,40,8731,50,54338.19,24234.950999999997,219.46,128.53,45.96,44.95,200,poolAndRewire,,
180,bl_entry 53478.75 > 24234.95,30,8761,50,53478.755,24234.950999999997,216.7,127.98,46.16,42.54,200,poolAndRewire,,
181,bl_entry 51933.51 > 24234.95,34,8795,50,51933.51,24234.950999999997,215.5,127.19,44.57,43.71,200,poolAndRewire,,
182,bl_entry 53401.62 > 24234.95,26,8821,50,53401.62,24234.950999999997,220.9,127.67,44.42,48.79,200,poolAndRewire,,
183,bl_entry 54248.75 > 24234.95,28,8849,50,54248.745,24234.950999999997,230.6,140.78,46.81,42.98,200,poolAndRewire,,
184,bl_entry 53098.25 > 24234.95,31,8880,50,53098.245,24234.950999999997,220.4,129.94,47.01,43.43,200,poolAndRewire,,
185,bl_entry 55164.59 > 24234.95,24,8904,50,55164.59,24234.950999999997,219.65,128.45,46.72,44.44,200,poolAndRewire,,
186,bl_entry 55327.81 > 24234.95,41,8945,50,55327.81,24234.950999999997,217.22,129.07,44.94,43.19,200,poolAndRewire,,
187,bl_entry 54656.25 > 24234.95,38,8983,50,54656.25,24234.950999999997,224.28,129.41,45.99,48.85,200,poolAndRewire,,
188,bl_entry 56057.32 > 24234.95,21,9004,50,56057.315,24234.950999999997,225.39,131.28,49.3,44.8,200,poolAndRewire,,
189,bl_entry 54330.21 > 24234.95,31,9035,50,54330.215,24234.950999999997,217.34,128.7,45.23,43.39,200,poolAndRewire,,
190,bl_entry 54202.00 > 24234.95,27,9062,50,54201.995,24234.950999999997,217.43,128.4,45.19,43.83,200,poolAndRewire,,
191,bl_entry 53456.11 > 24234.95,30,9092,50,53456.115,24234.950999999997,222.62,130.37,47.2,45.04,200,poolAndRewire,,
192,bl_entry 53065.19 > 24234.95,34,9126,50,53065.19,24234.950999999997,221.53,128.12,44.39,48.99,200,poolAndRewire,,
193,bl_entry 53901.92 > 24234.95,31,9157,50,53901.915,24234.950999999997,225.13,132.12,48.15,44.84,200,poolAndRewire,,
194,bl_entry 54144.90 > 24234.95,34,9191,50,54144.9,24234.950999999997,219.45,127.5,46.71,45.22,200,poolAndRewire,,
195,bl_entry 54978.49 > 24234.95,38,9229,50,54978.49,24234.950999999997,225.85,130.84,48.77,46.22,200,poolAndRewire,,
196,bl_entry 55115.17 > 24234.95,30,9259,50,55115.165,24234.950999999997,221.12,130.84,46.01,44.25,200,poolAndRewire,,
197,bl_entry 54676.93 > 24234.95,28,9287,50,54676.935,24234.950999999997,225.69,129.45,45.45,50.76,200,poolAndRewire,,
198,bl_entry 53285.00 > 24234.95,28,9315,50,53285.005,24234.950999999997,238.89,146.56,46.91,45.4,200,poolAndRewire,,
199,bl_entry 52769.01 > 24234.95,34,9349,50,52769.01,24234.950999999997,218.12,126.33,45.77,46.0,200,poolAndRewire,,
200,bl_entry 52705.43 > 24234.95,36,9385,50,52705.43,24234.950999999997,221.37,129.02,47.6,44.73,200,poolAndRewire,,
201,bl_entry 53119.42 > 24234.95,29,9414,50,53119.42,24234.950999999997,218.09,127.62,45.51,44.94,200,poolAndRewire,,
202,bl_entry 54596.30 > 24234.95,29,9443,50,54596.3,24234.950999999997,1221.94,128.92,48.95,1044.04,200,poolAndRewire,,
203,bl_entry 54751.92 > 24234.95,34,9477,50,54751.915,24234.950999999997,225.37,133.4,44.46,47.5,200,poolAndRewire,,
204,bl_entry 54799.39 > 24234.95,28,9505,50,54799.395,24234.950999999997,220.5,128.46,47.24,44.77,200,poolAndRewire,,
205,bl_entry 55343.49 > 24234.95,26,9531,50,55343.49,24234.950999999997,218.59,126.4,46.24,45.93,200,poolAndRewire,,
206,bl_entry 53232.47 > 24234.95,28,9559,50,53232.475,24234.950999999997,219.96,127.79,45.16,46.98,200,poolAndRewire,,
207,bl_entry 53727.53 > 24234.95,31,9590,50,53727.525,24234.950999999997,223.82,129.23,47.23,47.34,200,poolAndRewire,,
208,bl_entry 53743.74 > 24234.95,31,9621,50,53743.74,24234.950999999997,220.25,128.98,45.72,45.53,200,poolAndRewire,,
209,bl_entry 53068.11 > 24234.95,34,9655,50,53068.105,24234.950999999997,218.17,125.73,46.13,46.29,200,poolAndRewire,,
210,bl_entry 54050.71 > 24234.95,43,9698,50,54050.71,24234.950999999997,221.37,129.55,45.2,46.6,200,poolAndRewire,,
211,bl_entry 54767.42 > 24234.95,23,9721,50,54767.42,24234.950999999997,222.32,127.88,45.97,48.44,200,poolAndRewire,,
212,bl_entry 54088.06 > 24234.95,37,9758,50,54088.055,24234.950999999997,219.69,127.45,45.66,46.56,200,poolAndRewire,,
213,bl_entry 55167.14 > 24234.95,34,9792,50,55167.14,24234.950999999997,220.33,127.21,46.43,46.67,200,poolAndRewire,,
214,bl_entry 56658.82 > 24234.95,32,9824,50,56658.82,24234.950999999997,342.06,192.16,70.97,78.91,200,poolAndRewire,,
215,bl_entry 55904.75 > 24234.95,33,9857,50,55904.755,24234.950999999997,284.97,158.6,58.93,67.41,200,poolAndRewire,,
216,bl_entry 57351.22 > 24234.95,31,9888,50,57351.225,24234.950999999997,261.69,145.57,58.5,57.59,200,poolAndRewire,,
217,bl_entry 56868.82 > 24234.95,38,9926,50,56868.82,24234.950999999997,239.44,136.47,49.61,53.33,200,poolAndRewire,,
218,bl_entry 56580.34 > 24234.95,27,9953,50,56580.34,24234.950999999997,224.5,129.37,46.0,49.1,200,poolAndRewire,,
219,bl_entry 56846.25 > 24234.95,28,9981,50,56846.245,24234.950999999997,223.26,126.94,47.36,48.94,200,poolAndRewire,,
220,bl_entry 56296.28 > 24234.95,34,10015,50,56296.28,24234.950999999997,220.14,127.85,45.62,46.64,200,poolAndRewire,,
221,bl_entry 56258.07 > 24234.95,36,10051,50,56258.065,24234.950999999997,222.18,128.1,46.05,48.01,200,poolAndRewire,,
222,bl_entry 54892.33 > 24234.95,34,10085,50,54892.33,24234.950999999997,223.63,130.78,45.19,47.64,200,poolAndRewire,,
223,bl_entry 54289.72 > 24234.95,28,10113,50,54289.725,24234.950999999997,220.63,126.6,44.43,49.58,200,poolAndRewire,,
224,bl_entry 55470.43 > 24234.95,32,10145,50,55470.435,24234.950999999997,220.89,128.57,45.58,46.73,200,poolAndRewire,,
225,bl_entry 55914.75 > 24234.95,28,10173,50,55914.745,24234.950999999997,222.07,128.45,45.52,48.07,200,poolAndRewire,,
226,bl_entry 55915.46 > 24234.95,32,10205,50,55915.465,24234.950999999997,224.5,130.47,45.57,48.44,200,poolAndRewire,,
227,bl_entry 56708.56 > 24234.95,49,10254,50,56708.56,24234.950999999997,225.36,129.35,46.51,49.49,200,poolAndRewire,,
228,bl_entry 54811.57 > 24234.95,28,10282,50,54811.565,24234.950999999997,222.26,128.79,46.25,47.21,200,poolAndRewire,,
229,bl_entry 53325.62 > 24234.95,33,10315,50,53325.625,24234.950999999997,223.03,127.84,47.85,47.31,200,poolAndRewire,,
230,bl_entry 52877.64 > 24234.95,32,10347,50,52877.645,24234.950999999997,221.15,128.27,44.08,48.78,200,poolAndRewire,,
231,bl_entry 52011.29 > 24234.95,34,10381,50,52011.295,24234.950999999997,224.8,126.75,48.11,49.93,200,poolAndRewire,,
232,bl_entry 51444.31 > 24234.95,22,10403,50,51444.305,24234.950999999997,223.65,126.61,45.8,51.22,200,poolAndRewire,,
233,bl_entry 51614.01 > 24234.95,37,10440,50,51614.015,24234.950999999997,217.72,125.27,44.32,48.1,200,poolAndRewire,,
234,bl_entry 53369.61 > 24234.95,34,10474,50,53369.61,24234.950999999997,222.85,127.5,46.47,48.86,200,poolAndRewire,,
235,bl_entry 54448.10 > 24234.95,24,10498,50,54448.095,24234.950999999997,220.7,127.13,44.54,49.01,200,poolAndRewire,,
236,bl_entry 54060.95 > 24234.95,29,10527,50,54060.95,24234.950999999997,220.5,125.45,43.53,51.49,200,poolAndRewire,,
237,bl_entry 53708.07 > 24234.95,37,10564,50,53708.075,24234.950999999997,225.25,128.63,46.24,50.35,200,poolAndRewire,,
238,bl_entry 52557.54 > 24234.95,35,10599,50,52557.545,24234.950999999997,227.09,128.11,47.46,51.49,200,poolAndRewire,,
239,bl_entry 51427.75 > 24234.95,33,10632,50,51427.75,24234.950999999997,221.17,126.99,45.39,48.77,200,poolAndRewire,,
240,bl_entry 53056.13 > 24234.95,35,10667,50,53056.13,24234.950999999997,221.98,127.39,45.14,49.43,200,poolAndRewire,,
241,bl_entry 53749.61 > 24234.95,32,10699,50,53749.605,24234.950999999997,217.63,125.89,42.26,49.46,200,poolAndRewire,,
242,bl_entry 54549.94 > 24234.95,48,10747,50,54549.94,24234.950999999997,225.28,128.17,46.84,50.24,200,poolAndRewire,,
243,bl_entry 54445.09 > 24234.95,26,10773,50,54445.09,24234.950999999997,224.4,127.23,46.02,51.13,200,poolAndRewire,,
244,bl_entry 54476.38 > 24234.95,25,10798,50,54476.375,24234.950999999997,226.08,128.25,45.25,52.56,200,poolAndRewire,,
245,bl_entry 54264.04 > 24234.95,28,10826,50,54264.04,24234.950999999997,220.42,127.16,43.74,49.5,200,poolAndRewire,,
246,bl_entry 53293.18 > 24234.95,29,10855,50,53293.18,24234.950999999997,226.04,129.36,46.92,49.74,200,poolAndRewire,,
247,bl_entry 54047.13 > 24234.95,25,10880,50,54047.13,24234.950999999997,224.68,129.96,44.55,50.15,200,poolAndRewire,,
248,bl_entry 53300.51 > 24234.95,34,10914,50,53300.51,24234.950999999997,224.17,126.68,45.89,51.57,200,poolAndRewire,,
249,bl_entry 52683.29 > 24234.95,43,10957,50,52683.29,24234.950999999997,223.62,127.92,44.24,51.44,200,poolAndRewire,,
250,bl_entry 53015.49 > 24234.95,27,10984,50,53015.49,24234.950999999997,226.1,126.73,47.2,52.14,200,poolAndRewire,,
251,bl_entry 52742.63 > 24234.95,34,11018,50,52742.63,24234.950999999997,236.45,127.02,45.48,63.93,200,poolAndRewire,,
252,bl_entry 53380.66 > 24234.95,33,11051,50,53380.66,24234.950999999997,230.32,131.83,46.44,52.02,200,poolAndRewire,,
253,bl_entry 54231.50 > 24234.95,39,11090,50,54231.495,24234.950999999997,230.41,128.06,49.76,52.57,200,poolAndRewire,,
254,bl_entry 55377.32 > 24234.95,30,11120,50,55377.325,24234.950999999997,225.27,127.0,45.83,52.42,200,poolAndRewire,,
255,bl_entry 55748.93 > 24234.95,32,11152,50,55748.935,24234.950999999997,225.99,128.0,45.66,52.31,200,poolAndRewire,,
256,bl_entry 56282.53 > 24234.95,28,11180,50,56282.525,24234.950999999997,226.76,127.79,46.18,52.76,200,poolAndRewire,,
257,bl_entry 56865.84 > 24234.95,38,11218,50,56865.84,24234.950999999997,224.55,128.17,46.01,50.35,200,poolAndRewire,,
258,bl_entry 54373.93 > 24234.95,37,11255,50,54373.935,24234.950999999997,222.17,126.77,43.7,51.68,200,poolAndRewire,,
259,bl_entry 53439.71 > 24234.95,31,11286,50,53439.705,24234.950999999997,222.19,126.57,43.6,51.99,200,poolAndRewire,,
260,bl_entry 51621.90 > 24234.95,17,11303,50,51621.905,24234.950999999997,227.88,128.91,47.05,51.9,200,poolAndRewire,,
261,bl_entry 50660.68 > 24234.95,35,11338,50,50660.68,24234.950999999997,225.64,126.43,45.59,53.59,200,poolAndRewire,,
262,bl_entry 51647.58 > 24234.95,36,11374,50,51647.585,24234.950999999997,226.12,126.56,45.85,53.69,200,poolAndRewire,,
263,bl_entry 52718.04 > 24234.95,45,11419,50,52718.04,24234.950999999997,219.21,123.67,44.7,50.82,200,poolAndRewire,,
264,bl_entry 53528.42 > 24234.95,39,11458,50,53528.42,24234.950999999997,226.33,128.71,46.38,51.22,200,poolAndRewire,,
265,bl_entry 54073.86 > 24234.95,32,11490,50,54073.865,24234.950999999997,227.25,127.34,47.82,52.07,200,poolAndRewire,,
266,bl_entry 55121.61 > 24234.95,33,11523,50,55121.615,24234.950999999997,226.25,129.17,44.24,52.82,200,poolAndRewire,,
267,bl_entry 54072.17 > 24234.95,34,11557,50,54072.17,24234.950999999997,228.75,127.65,46.83,54.25,200,poolAndRewire,,
268,bl_entry 54998.22 > 24234.95,38,11595,50,54998.225,24234.950999999997,228.87,128.51,45.69,54.64,200,poolAndRewire,,
269,bl_entry 54561.50 > 24234.95,39,11634,50,54561.5,24234.950999999997,224.92,130.18,43.08,51.63,200,poolAndRewire,,
270,bl_entry 54306.77 > 24234.95,34,11668,50,54306.77,24234.950999999997,226.91,127.46,47.64,51.78,200,poolAndRewire,,
271,bl_entry 55399.74 > 24234.95,24,11692,50,55399.735,24234.950999999997,226.24,127.52,45.29,53.41,200,poolAndRewire,,
272,bl_entry 54724.71 > 24234.95,41,11733,50,54724.715,24234.950999999997,228.55,128.59,46.48,53.46,200,poolAndRewire,,
273,bl_entry 55275.92 > 24234.95,34,11767,50,55275.92,24234.950999999997,232.96,132.11,46.93,53.9,200,poolAndRewire,,
274,bl_entry 56674.17 > 24234.95,28,11795,50,56674.17,24234.950999999997,228.55,128.78,45.7,54.04,200,poolAndRewire,,
275,bl_entry 56433.96 > 24234.95,46,11841,50,56433.955,24234.950999999997,231.81,129.46,47.01,55.32,200,poolAndRewire,,
276,bl_entry 55800.69 > 24234.95,42,11883,50,55800.69,24234.950999999997,228.91,127.4,46.61,54.88,200,poolAndRewire,,
277,bl_entry 56418.93 > 24234.95,31,11914,50,56418.93,24234.950999999997,228.43,127.29,45.77,55.34,200,poolAndRewire,,
278,bl_entry 60900.24 > 24234.95,44,11958,50,60900.235,24234.950999999997,236.65,129.81,51.07,55.75,200,poolAndRewire,,
279,bl_entry 66414.79 > 24234.95,37,11995,50,66414.795,24234.950999999997,236.06,131.6,51.48,52.96,200,poolAndRewire,,
280,bl_entry 74035.82 > 24234.95,32,12027,50,74035.825,24234.950999999997,239.37,135.18,51.41,52.75,200,poolAndRewire,,
281,bl_entry 79531.73 > 24234.95,34,12061,50,79531.725,24234.950999999997,239.57,134.67,51.26,53.63,200,poolAndRewire,,
282,bl_entry 79310.91 > 24234.95,48,12109,50,79310.915,24234.950999999997,239.03,135.44,49.85,53.72,200,poolAndRewire,,
283,bl_entry 79612.92 > 24234.95,41,12150,50,79612.92,24234.950999999997,241.73,136.56,51.2,53.94,200,poolAndRewire,,
284,bl_entry 77667.86 > 24234.95,38,12188,50,77667.86,24234.950999999997,241.35,135.9,50.75,54.68,200,poolAndRewire,,
285,bl_entry 77605.84 > 24234.95,42,12230,50,77605.84,24234.950999999997,835.87,135.88,50.24,649.72,200,poolAndRewire,,
286,bl_entry 77564.65 > 24234.95,33,12263,50,77564.655,24234.950999999997,240.08,134.66,50.22,55.17,200,poolAndRewire,,
287,bl_entry 76985.88 > 24234.95,41,12304,50,76985.88,24234.950999999997,245.04,138.01,50.92,56.09,200,poolAndRewire,,
288,bl_entry 78796.88 > 24234.95,42,12346,50,78796.885,24234.950999999997,247.61,140.96,50.2,56.43,200,poolAndRewire,,
289,bl_entry 80378.57 > 24234.95,36,12382,50,80378.575,24234.950999999997,248.32,141.13,50.36,56.82,200,poolAndRewire,,
290,bl_entry 81882.74 > 24234.95,43,12425,50,81882.735,24234.950999999997,242.59,136.96,50.24,55.37,200,poolAndRewire,,
291,bl_entry 83143.16 > 24234.95,39,12464,50,83143.16,24234.950999999997,247.98,142.62,51.24,54.1,200,poolAndRewire,,
292,bl_entry 82361.76 > 24234.95,36,12500,50,82361.76,24234.950999999997,251.96,142.81,53.76,55.37,200,poolAndRewire,,
293,bl_entry 81730.18 > 24234.95,39,12539,50,81730.185,24234.950999999997,248.35,142.06,51.17,55.1,200,poolAndRewire,,
294,bl_entry 80058.72 > 24234.95,31,12570,50,80058.72,24234.950999999997,249.7,141.34,52.83,55.51,200,poolAndRewire,,
295,bl_entry 79356.13 > 24234.95,39,12609,50,79356.13,24234.950999999997,248.09,141.58,50.75,55.74,200,poolAndRewire,,
296,bl_entry 78603.65 > 24234.95,27,12636,50,78603.65,24234.950999999997,249.34,141.68,51.71,55.93,200,poolAndRewire,,
297,bl_entry 77482.68 > 24234.95,40,12676,50,77482.675,24234.950999999997,248.84,140.35,51.03,57.44,200,poolAndRewire,,
298,bl_entry 76933.05 > 24234.95,37,12713,50,76933.055,24234.950999999997,248.15,140.44,50.56,57.13,200,poolAndRewire,,
299,bl_entry 76712.40 > 24234.95,33,12746,50,76712.405,24234.950999999997,247.67,140.04,50.03,57.58,200,poolAndRewire,,
300,bl_entry 77856.37 > 24234.95,39,12785,50,77856.365,24234.950999999997,250.0,140.36,50.85,58.76,200,poolAndRewire,,
301,bl_entry 78006.02 > 24234.95,37,12822,50,78006.025,24234.950999999997,248.38,138.36,51.33,58.67,200,poolAndRewire,,
302,bl_entry 78028.76 > 24234.95,36,12858,50,78028.76,24234.950999999997,248.09,141.35,51.39,55.33,200,poolAndRewire,,
303,bl_entry 78070.10 > 24234.95,39,12897,50,78070.095,24234.950999999997,247.88,141.74,50.83,55.28,200,poolAndRewire,,
304,bl_entry 77510.71 > 24234.95,38,12935,50,77510.715,24234.950999999997,251.89,141.8,54.06,56.01,200,poolAndRewire,,
305,bl_entry 77512.02 > 24234.95,45,12980,50,77512.025,24234.950999999997,247.98,141.41,50.31,56.24,200,poolAndRewire,,
306,bl_entry 78959.62 > 24234.95,34,13014,50,78959.615,24234.950999999997,245.49,139.16,48.7,57.6,200,poolAndRewire,,
307,bl_entry 79904.26 > 24234.95,37,13051,50,79904.255,24234.950999999997,244.37,136.35,51.01,56.97,200,poolAndRewire,,
308,bl_entry 80597.66 > 24234.95,42,13093,50,80597.66,24234.950999999997,244.43,135.32,51.9,57.18,200,poolAndRewire,,
309,bl_entry 81196.84 > 24234.95,35,13128,50,81196.835,24234.950999999997,249.21,141.99,49.9,57.3,200,poolAndRewire,,
310,bl_entry 81177.60 > 24234.95,42,13170,50,81177.6,24234.950999999997,242.44,133.99,49.98,58.45,200,poolAndRewire,,
311,bl_entry 81182.59 > 24234.95,41,13211,50,81182.585,24234.950999999997,242.82,135.12,50.13,57.55,200,poolAndRewire,,
312,bl_entry 80906.54 > 24234.95,40,13251,50,80906.545,24234.950999999997,242.01,135.16,49.34,57.5,200,poolAndRewire,,
313,bl_entry 79966.12 > 24234.95,30,13281,50,79966.12,24234.950999999997,249.62,135.72,56.18,57.7,200,poolAndRewire,,
314,bl_entry 79556.63 > 24234.95,35,13316,50,79556.635,24234.950999999997,246.06,137.44,50.36,58.25,200,poolAndRewire,,
315,bl_entry 79295.62 > 24234.95,34,13350,50,79295.615,24234.950999999997,244.79,135.67,51.29,57.81,200,poolAndRewire,,
316,bl_entry 79288.47 > 24234.95,38,13388,50,79288.47,24234.950999999997,241.03,132.9,50.05,58.06,200,poolAndRewire,,
317,bl_entry 79453.35 > 24234.95,29,13417,50,79453.35,24234.950999999997,245.75,135.64,51.0,59.09,200,poolAndRewire,,
318,bl_entry 78708.40 > 24234.95,43,13460,50,78708.4,24234.950999999997,247.26,138.26,50.41,58.57,200,poolAndRewire,,
319,bl_entry 79068.49 > 24234.95,30,13490,50,79068.495,24234.950999999997,256.59,142.63,54.08,59.85,200,poolAndRewire,,
320,bl_entry 79216.64 > 24234.95,28,13518,50,79216.64,24234.950999999997,244.93,135.67,50.71,58.52,200,poolAndRewire,,
321,bl_entry 80671.74 > 24234.95,37,13555,50,80671.745,24234.950999999997,245.04,135.36,50.46,59.2,200,poolAndRewire,,
322,bl_entry 80842.65 > 24234.95,42,13597,50,80842.655,24234.950999999997,244.22,135.34,49.89,58.97,200,poolAndRewire,,
323,bl_entry 79783.62 > 24234.95,35,13632,50,79783.62,24234.950999999997,244.69,135.32,50.21,59.13,200,poolAndRewire,,
324,bl_entry 80213.42 > 24234.95,39,13671,50,80213.42,24234.950999999997,245.79,135.28,51.78,58.71,200,poolAndRewire,,
325,bl_entry 78706.29 > 24234.95,30,13701,50,78706.285,24234.950999999997,246.33,136.6,50.4,59.31,200,poolAndRewire,,
326,bl_entry 80739.88 > 24234.95,35,13736,50,80739.88,24234.950999999997,253.23,137.18,50.19,65.84,200,poolAndRewire,,
327,bl_entry 80562.07 > 24234.95,41,13777,50,80562.065,24234.950999999997,247.14,137.9,49.84,59.37,200,poolAndRewire,,
328,bl_entry 79283.68 > 24234.95,34,13811,50,79283.675,24234.950999999997,244.1,134.38,50.37,59.32,200,poolAndRewire,,
329,bl_entry 79152.74 > 24234.95,38,13849,50,79152.735,24234.950999999997,245.24,135.66,49.97,59.59,200,poolAndRewire,,
330,bl_entry 77964.07 > 24234.95,38,13887,50,77964.075,24234.950999999997,253.77,135.34,51.35,67.06,200,poolAndRewire,,
331,bl_entry 78251.16 > 24234.95,35,13922,50,78251.165,24234.950999999997,245.17,134.39,51.18,59.56,200,poolAndRewire,,
332,bl_entry 79235.65 > 24234.95,30,13952,50,79235.655,24234.950999999997,244.03,133.84,50.5,59.66,200,poolAndRewire,,
333,bl_entry 79991.79 > 24234.95,39,13991,50,79991.795,24234.950999999997,247.11,136.38,50.36,60.35,200,poolAndRewire,,
334,bl_entry 80338.74 > 24234.95,43,14034,50,80338.735,24234.950999999997,246.71,136.23,50.08,60.37,200,poolAndRewire,,
335,bl_entry 81721.54 > 24234.95,38,14072,50,81721.545,24234.950999999997,251.68,140.73,50.93,60.0,200,poolAndRewire,,
336,bl_entry 81138.51 > 24234.95,38,14110,50,81138.515,24234.950999999997,243.61,133.7,49.83,60.07,200,poolAndRewire,,
337,bl_entry 80033.66 > 24234.95,38,14148,50,80033.665,24234.950999999997,245.6,135.4,49.52,60.66,200,poolAndRewire,,
338,bl_entry 77382.82 > 24234.95,43,14191,50,77382.815,24234.950999999997,245.67,135.57,49.51,60.57,200,poolAndRewire,,
339,bl_entry 74721.38 > 24234.95,34,14225,50,74721.385,24234.950999999997,246.63,132.45,50.42,63.74,200,poolAndRewire,,
340,bl_entry 73043.58 > 24234.95,47,14272,50,73043.58,24234.950999999997,244.03,133.48,49.14,61.39,200,poolAndRewire,,
341,bl_entry 71428.96 > 24234.95,44,14316,50,71428.96,24234.950999999997,244.86,133.95,50.0,60.89,200,poolAndRewire,,
342,bl_entry 72387.96 > 24234.95,42,14358,50,72387.965,24234.950999999997,244.46,133.69,49.48,61.26,200,poolAndRewire,,
343,bl_entry 72344.01 > 24234.95,38,14396,50,72344.005,24234.950999999997,245.9,133.37,51.79,60.72,200,poolAndRewire,,
344,bl_entry 71406.57 > 24234.95,40,14436,50,71406.565,24234.950999999997,244.33,133.04,49.5,61.77,200,poolAndRewire,,
345,bl_entry 71864.42 > 24234.95,44,14480,50,71864.42,24234.950999999997,248.43,134.18,50.58,63.65,200,poolAndRewire,,
346,bl_entry 70047.11 > 24234.95,33,14513,50,70047.11,24234.950999999997,247.59,133.44,49.26,64.87,200,poolAndRewire,,
347,bl_entry 69835.22 > 24234.95,40,14553,50,69835.22,24234.950999999997,246.62,132.84,49.71,64.05,200,poolAndRewire,,
348,bl_entry 70368.12 > 24234.95,42,14595,50,70368.115,24234.950999999997,248.55,134.46,50.11,63.95,200,poolAndRewire,,
349,bl_entry 68910.24 > 24234.95,38,14633,50,68910.235,24234.950999999997,246.73,132.87,50.69,63.15,200,poolAndRewire,,
350,bl_entry 69914.13 > 24234.95,32,14665,50,69914.13,24234.950999999997,245.64,132.63,50.02,62.96,200,poolAndRewire,,
351,bl_entry 69233.45 > 24234.95,39,14704,50,69233.45,24234.950999999997,245.26,132.89,49.15,63.19,200,poolAndRewire,,
352,bl_entry 69312.38 > 24234.95,40,14744,50,69312.375,24234.950999999997,245.22,132.94,49.36,62.9,200,poolAndRewire,,
353,bl_entry 69027.77 > 24234.95,38,14782,50,69027.77,24234.950999999997,243.37,131.86,48.7,62.78,200,poolAndRewire,,
354,bl_entry 69172.44 > 24234.95,39,14821,50,69172.44,24234.950999999997,244.27,132.65,49.18,62.42,200,poolAndRewire,,
355,bl_entry 68579.61 > 24234.95,38,14859,50,68579.61,24234.950999999997,245.21,132.12,49.07,63.99,200,poolAndRewire,,
356,bl_entry 68415.87 > 24234.95,30,14889,50,68415.865,24234.950999999997,262.46,132.36,60.34,69.74,200,poolAndRewire,,
357,bl_entry 69637.91 > 24234.95,35,14924,50,69637.91,24234.950999999997,262.03,145.54,50.49,65.98,200,poolAndRewire,,
358,bl_entry 68974.55 > 24234.95,30,14954,50,68974.555,24234.950999999997,249.78,133.7,50.95,65.11,200,poolAndRewire,,
359,bl_entry 70108.38 > 24234.95,48,15002,50,70108.385,24234.950999999997,1216.6,133.94,49.42,1033.22,200,poolAndRewire,,
360,bl_entry 70602.45 > 24234.95,33,15035,50,70602.445,24234.950999999997,266.18,148.69,51.35,66.12,200,poolAndRewire,,
361,bl_entry 70728.40 > 24234.95,30,15065,50,70728.405,24234.950999999997,251.69,135.09,51.81,64.78,200,poolAndRewire,,
362,bl_entry 70373.26 > 24234.95,36,15101,50,70373.265,24234.950999999997,251.01,134.39,50.47,66.13,200,poolAndRewire,,
363,bl_entry 69260.73 > 24234.95,43,15144,50,69260.725,24234.950999999997,250.68,136.02,50.09,64.55,200,poolAndRewire,,
364,bl_entry 68586.18 > 24234.95,38,15182,50,68586.185,24234.950999999997,250.08,134.43,49.07,66.56,200,poolAndRewire,,
365,bl_entry 68639.70 > 24234.95,38,15220,50,68639.695,24234.950999999997,251.97,136.39,50.98,64.58,200,poolAndRewire,,
366,bl_entry 69048.30 > 24234.95,33,15253,50,69048.3,24234.950999999997,258.21,143.98,49.86,64.35,200,poolAndRewire,,
367,bl_entry 70611.52 > 24234.95,51,15304,50,70611.52,24234.950999999997,248.51,133.88,50.68,63.93,200,poolAndRewire,,
368,bl_entry 70824.14 > 24234.95,35,15339,50,70824.14,24234.950999999997,247.88,133.67,50.16,64.03,200,poolAndRewire,,
369,bl_entry 71993.29 > 24234.95,42,15381,50,71993.285,24234.950999999997,247.48,133.32,50.22,63.92,200,poolAndRewire,,
370,bl_entry 71205.99 > 24234.95,42,15423,50,71205.985,24234.950999999997,254.91,134.97,49.63,70.28,200,poolAndRewire,,
371,bl_entry 70077.63 > 24234.95,40,15463,50,70077.635,24234.950999999997,273.09,155.47,50.31,67.28,200,poolAndRewire,,
372,bl_entry 70854.73 > 24234.95,48,15511,50,70854.73,24234.950999999997,249.64,133.71,49.0,66.91,200,poolAndRewire,,
373,bl_entry 69446.37 > 24234.95,33,15544,50,69446.365,24234.950999999997,250.14,134.24,49.49,66.38,200,poolAndRewire,,
374,bl_entry 69013.44 > 24234.95,37,15581,50,69013.44,24234.950999999997,252.12,132.71,50.38,69.0,200,poolAndRewire,,
375,bl_entry 69202.97 > 24234.95,49,15630,50,69202.97,24234.950999999997,261.56,140.25,52.32,68.97,200,poolAndRewire,,
376,bl_entry 68559.52 > 24234.95,32,15662,50,68559.52,24234.950999999997,247.55,132.95,49.02,65.56,200,poolAndRewire,,
377,bl_entry 69090.85 > 24234.95,42,15704,50,69090.845,24234.950999999997,249.52,132.79,49.92,66.79,200,poolAndRewire,,
378,bl_entry 70911.62 > 24234.95,32,15736,50,70911.62,24234.950999999997,247.2,132.91,48.63,65.62,200,poolAndRewire,,
379,bl_entry 71852.32 > 24234.95,37,15773,50,71852.32,24234.950999999997,250.77,133.29,49.14,68.32,200,poolAndRewire,,
380,bl_entry 72252.88 > 24234.95,43,15816,50,72252.885,24234.950999999997,253.12,134.87,50.01,68.23,200,poolAndRewire,,
381,bl_entry 72146.42 > 24234.95,27,15843,50,72146.42,24234.950999999997,252.84,134.91,50.6,67.31,200,poolAndRewire,,
382,bl_entry 72254.35 > 24234.95,38,15881,50,72254.355,24234.950999999997,248.19,130.66,49.54,67.97,200,poolAndRewire,,
383,bl_entry 71975.18 > 24234.95,38,15919,50,71975.175,24234.950999999997,250.82,133.8,50.29,66.7,200,poolAndRewire,,
384,bl_entry 71831.62 > 24234.95,38,15957,50,71831.62,24234.950999999997,248.11,132.78,48.98,66.33,200,poolAndRewire,,
385,bl_entry 70427.25 > 24234.95,40,15997,50,70427.25,24234.950999999997,250.35,132.12,49.03,69.17,200,poolAndRewire,,
386,bl_entry 70850.47 > 24234.95,28,16025,50,70850.47,24234.950999999997,250.4,133.01,48.94,68.44,200,poolAndRewire,,
387,bl_entry 71438.62 > 24234.95,38,16063,50,71438.625,24234.950999999997,251.1,132.63,50.04,68.41,200,poolAndRewire,,
388,bl_entry 72247.24 > 24234.95,34,16097,50,72247.235,24234.950999999997,248.83,131.68,48.63,68.5,200,poolAndRewire,,
389,bl_entry 73627.11 > 24234.95,37,16134,50,73627.11,24234.950999999997,247.51,132.78,47.35,67.36,200,poolAndRewire,,
390,bl_entry 72794.71 > 24234.95,43,16177,50,72794.715,24234.950999999997,250.7,133.22,50.35,67.1,200,poolAndRewire,,
391,bl_entry 72742.88 > 24234.95,33,16210,50,72742.88,24234.950999999997,256.38,135.06,51.48,69.81,200,poolAndRewire,,
392,bl_entry 70954.38 > 24234.95,40,16250,50,70954.375,24234.950999999997,252.74,133.88,48.39,70.46,200,poolAndRewire,,
393,bl_entry 69971.40 > 24234.95,42,16292,50,69971.395,24234.950999999997,249.77,131.3,48.92,69.53,200,poolAndRewire,,
394,bl_entry 69902.60 > 24234.95,36,16328,50,69902.595,24234.950999999997,251.76,132.66,50.41,68.67,200,poolAndRewire,,
395,bl_entry 69271.13 > 24234.95,31,16359,50,69271.13,24234.950999999997,249.91,132.66,49.59,67.63,200,poolAndRewire,,
396,bl_entry 70643.90 > 24234.95,40,16399,50,70643.895,24234.950999999997,250.05,133.72,49.16,67.14,200,poolAndRewire,,
397,bl_entry 70288.23 > 24234.95,38,16437,50,70288.225,24234.950999999997,253.23,133.59,48.9,70.71,200,poolAndRewire,,
398,bl_entry 69292.27 > 24234.95,33,16470,50,69292.275,24234.950999999997,252.41,133.51,48.64,70.25,200,poolAndRewire,,
399,bl_entry 66606.35 > 24234.95,40,16510,50,66606.35,24234.950999999997,248.38,131.95,46.86,69.56,200,poolAndRewire,,
400,bl_entry 64320.25 > 24234.95,36,16546,50,64320.255,24234.950999999997,247.89,130.1,48.56,69.21,200,poolAndRewire,,
401,bl_entry 63660.68 > 24234.95,32,16578,50,63660.675,24234.950999999997,249.38,130.83,49.9,68.62,200,poolAndRewire,,
402,bl_entry 61421.43 > 24234.95,38,16616,50,61421.435,24234.950999999997,247.5,130.75,48.33,68.39,200,poolAndRewire,,
403,bl_entry 61755.72 > 24234.95,36,16652,50,61755.72,24234.950999999997,250.29,131.0,47.83,71.44,200,poolAndRewire,,
404,bl_entry 62226.60 > 24234.95,40,16692,50,62226.595,24234.950999999997,248.0,129.22,48.33,70.42,200,poolAndRewire,,
405,bl_entry 63146.79 > 24234.95,35,16727,50,63146.79,24234.950999999997,939.21,131.65,48.77,758.77,200,poolAndRewire,,
406,bl_entry 65231.65 > 24234.95,49,16776,50,65231.65,24234.950999999997,248.45,129.42,49.24,69.76,200,poolAndRewire,,
407,bl_entry 65605.26 > 24234.95,36,16812,50,65605.255,24234.950999999997,250.07,130.98,48.61,70.46,200,poolAndRewire,,
408,bl_entry 64625.65 > 24234.95,35,16847,50,64625.655,24234.950999999997,248.95,131.66,48.07,69.2,200,poolAndRewire,,
409,bl_entry 64107.43 > 24234.95,35,16882,50,64107.435,24234.950999999997,250.3,131.75,49.93,68.59,200,poolAndRewire,,
410,bl_entry 63822.11 > 24234.95,41,16923,50,63822.105,24234.950999999997,252.94,131.59,50.09,71.23,200,poolAndRewire,,
411,bl_entry 62357.98 > 24234.95,41,16964,50,62357.98,24234.950999999997,249.0,129.36,47.74,71.87,200,poolAndRewire,,
412,bl_entry 62891.93 > 24234.95,35,16999,50,62891.935,24234.950999999997,250.74,131.59,48.07,71.05,200,poolAndRewire,,
413,bl_entry 62860.62 > 24234.95,39,17038,50,62860.625,24234.950999999997,246.91,128.82,47.83,70.24,200,poolAndRewire,,
414,bl_entry 62779.47 > 24234.95,39,17077,50,62779.475,24234.950999999997,252.95,130.33,49.67,72.93,200,poolAndRewire,,
415,bl_entry 64337.07 > 24234.95,36,17113,50,64337.07,24234.950999999997,253.65,131.79,49.51,72.33,200,poolAndRewire,,
416,bl_entry 64112.90 > 24234.95,45,17158,50,64112.905,24234.950999999997,251.29,130.81,49.1,71.35,200,poolAndRewire,,
417,bl_entry 64840.17 > 24234.95,44,17202,50,64840.17,24234.950999999997,248.81,130.01,48.03,70.75,200,poolAndRewire,,
418,bl_entry 64039.86 > 24234.95,52,17254,50,64039.855,24234.950999999997,251.56,130.07,48.19,73.28,200,poolAndRewire,,
419,bl_entry 63758.54 > 24234.95,36,17290,50,63758.545,24234.950999999997,253.52,131.07,48.66,73.77,200,poolAndRewire,,
420,bl_entry 63498.44 > 24234.95,35,17325,50,63498.445,24234.950999999997,253.76,131.81,48.71,73.23,200,poolAndRewire,,
421,bl_entry 63259.53 > 24234.95,37,17362,50,63259.53,24234.950999999997,250.95,131.18,48.32,71.43,200,poolAndRewire,,
422,bl_entry 63886.04 > 24234.95,40,17402,50,63886.045,24234.950999999997,251.62,129.99,48.04,73.56,200,poolAndRewire,,
423,bl_entry 63271.75 > 24234.95,45,17447,50,63271.755,24234.950999999997,251.95,129.57,49.54,72.81,200,poolAndRewire,,
424,bl_entry 63141.01 > 24234.95,32,17479,50,63141.01,24234.950999999997,251.31,130.34,48.71,72.24,200,poolAndRewire,,
425,bl_entry 61985.28 > 24234.95,40,17519,50,61985.275,24234.950999999997,251.26,130.37,48.7,72.17,200,poolAndRewire,,
426,bl_entry 62155.73 > 24234.95,39,17558,50,62155.73,24234.950999999997,254.27,132.01,48.13,74.1,200,poolAndRewire,,
427,bl_entry 62223.39 > 24234.95,39,17597,50,62223.395,24234.950999999997,251.94,131.43,46.5,73.97,200,poolAndRewire,,
428,bl_entry 63279.46 > 24234.95,37,17634,50,63279.465,24234.950999999997,252.39,131.1,48.22,73.04,200,poolAndRewire,,
429,bl_entry 62879.43 > 24234.95,38,17672,50,62879.425,24234.950999999997,253.12,131.14,48.71,73.24,200,poolAndRewire,,
430,bl_entry 62744.32 > 24234.95,35,17707,50,62744.325,24234.950999999997,253.74,131.05,47.48,75.18,200,poolAndRewire,,
431,bl_entry 62880.43 > 24234.95,42,17749,50,62880.43,24234.950999999997,252.69,130.58,47.54,74.54,200,poolAndRewire,,
432,bl_entry 63160.26 > 24234.95,41,17790,50,63160.265,24234.950999999997,252.9,130.95,48.46,73.46,200,poolAndRewire,,
433,bl_entry 64910.36 > 24234.95,43,17833,50,64910.355,24234.950999999997,253.2,130.04,49.44,73.7,200,poolAndRewire,,
434,bl_entry 64011.11 > 24234.95,40,17873,50,64011.115,24234.950999999997,254.41,131.28,48.17,74.94,200,poolAndRewire,,
435,bl_entry 63663.36 > 24234.95,39,17912,50,63663.365,24234.950999999997,253.26,129.78,49.03,74.43,200,poolAndRewire,,
436,bl_entry 63937.43 > 24234.95,40,17952,50,63937.43,24234.950999999997,252.76,130.27,48.9,73.57,200,poolAndRewire,,
437,bl_entry 64280.68 > 24234.95,30,17982,50,64280.675,24234.950999999997,249.82,128.75,48.58,72.47,200,poolAndRewire,,
438,bl_entry 64851.32 > 24234.95,42,18024,50,64851.325,24234.950999999997,254.64,130.51,48.25,75.86,200,poolAndRewire,,
439,bl_entry 64417.85 > 24234.95,36,18060,50,64417.85,24234.950999999997,254.53,130.85,48.48,75.17,200,poolAndRewire,,
440,bl_entry 62493.01 > 24234.95,40,18100,50,62493.015,24234.950999999997,252.86,131.44,47.26,74.13,200,poolAndRewire,,
441,bl_entry 60478.50 > 24234.95,41,18141,50,60478.505,24234.950999999997,250.95,130.41,47.19,73.33,200,poolAndRewire,,
442,bl_entry 60809.45 > 24234.95,34,18175,50,60809.45,24234.950999999997,253.78,129.26,48.41,76.08,200,poolAndRewire,,
443,bl_entry 61942.44 > 24234.95,51,18226,50,61942.44,24234.950999999997,253.51,129.88,47.89,75.71,200,poolAndRewire,,
444,bl_entry 62803.32 > 24234.95,44,18270,50,62803.315,24234.950999999997,254.61,130.78,49.06,74.74,200,poolAndRewire,,
445,bl_entry 63589.39 > 24234.95,34,18304,50,63589.385,24234.950999999997,253.72,131.5,48.29,73.9,200,poolAndRewire,,
446,bl_entry 63401.60 > 24234.95,46,18350,50,63401.6,24234.950999999997,867.89,132.1,49.91,685.85,200,poolAndRewire,,
447,bl_entry 62711.85 > 24234.95,40,18390,50,62711.845,24234.950999999997,255.1,131.63,47.35,76.1,200,poolAndRewire,,
448,bl_entry 62196.50 > 24234.95,42,18432,50,62196.505,24234.950999999997,253.32,130.11,47.83,75.35,200,poolAndRewire,,
449,bl_entry 62888.97 > 24234.95,42,18474,50,62888.975,24234.950999999997,253.07,129.4,49.62,74.03,200,poolAndRewire,,
450,bl_entry 62867.82 > 24234.95,39,18513,50,62867.82,24234.950999999997,255.86,131.89,47.71,76.23,200,poolAndRewire,,
451,bl_entry 63630.85 > 24234.95,36,18549,50,63630.85,24234.950999999997,255.22,130.24,49.1,75.84,200,poolAndRewire,,
452,bl_entry 64350.68 > 24234.95,34,18583,50,64350.675,24234.950999999997,256.44,133.29,48.14,74.98,200,poolAndRewire,,
453,bl_entry 63228.58 > 24234.95,42,18625,50,63228.58,24234.950999999997,257.0,132.38,47.91,76.69,200,poolAndRewire,,
454,bl_entry 63663.14 > 24234.95,38,18663,50,63663.14,24234.950999999997,256.01,130.96,48.89,76.14,200,poolAndRewire,,
455,bl_entry 62650.24 > 24234.95,27,18690,50,62650.235,24234.950999999997,251.62,129.16,46.99,75.46,200,poolAndRewire,,
456,bl_entry 61666.42 > 24234.95,43,18733,50,61666.42,24234.950999999997,256.16,131.04,47.98,77.12,200,poolAndRewire,,
457,bl_entry 61663.16 > 24234.95,43,18776,50,61663.16,24234.950999999997,255.02,130.11,48.42,76.46,200,poolAndRewire,,
458,bl_entry 61033.57 > 24234.95,26,18802,50,61033.565,24234.950999999997,252.11,130.0,46.76,75.32,200,poolAndRewire,,
459,bl_entry 61883.61 > 24234.95,25,18827,50,61883.605,24234.950999999997,257.89,131.16,48.03,78.68,200,poolAndRewire,,
460,bl_entry 62106.21 > 24234.95,31,18858,50,62106.21,24234.950999999997,257.42,132.01,48.25,77.14,200,poolAndRewire,,
461,bl_entry 61986.76 > 24234.95,25,18883,50,61986.76,24234.950999999997,255.06,131.61,47.76,75.66,200,poolAndRewire,,
462,bl_entry 62410.32 > 24234.95,24,18907,50,62410.325,24234.950999999997,259.09,132.14,48.85,78.08,200,poolAndRewire,,
463,bl_entry 62024.26 > 24234.95,21,18928,50,62024.26,24234.950999999997,256.6,132.93,46.62,77.03,200,poolAndRewire,,
464,bl_entry 63226.11 > 24234.95,30,18958,50,63226.105,24234.950999999997,251.98,130.81,45.13,76.01,200,poolAndRewire,,
465,bl_entry 63653.18 > 24234.95,30,18988,50,63653.18,24234.950999999997,259.94,133.0,47.48,79.44,200,poolAndRewire,,
466,bl_entry 63022.19 > 24234.95,29,19017,50,63022.19,24234.950999999997,255.74,131.98,46.5,77.23,200,poolAndRewire,,
467,bl_entry 64093.21 > 24234.95,23,19040,50,64093.21,24234.950999999997,252.83,129.71,46.95,76.15,200,poolAndRewire,,
468,bl_entry 63857.00 > 24234.95,23,19063,50,63856.995,24234.950999999997,252.84,127.17,46.39,79.25,200,poolAndRewire,,
469,bl_entry 64545.39 > 24234.95,28,19091,50,64545.39,24234.950999999997,254.25,129.98,46.45,77.79,200,poolAndRewire,,
470,bl_entry 65742.41 > 24234.95,22,19113,50,65742.41,24234.950999999997,259.16,131.13,46.71,81.29,200,poolAndRewire,,
471,bl_entry 64677.66 > 24234.95,22,19135,50,64677.66,24234.950999999997,258.36,131.33,47.67,79.33,200,poolAndRewire,,
472,bl_entry 63015.18 > 24234.95,27,19162,50,63015.175,24234.950999999997,254.72,130.16,46.62,77.92,200,poolAndRewire,,
473,bl_entry 62440.29 > 24234.95,38,19200,50,62440.29,24234.950999999997,255.31,129.96,48.75,76.58,200,poolAndRewire,,
474,bl_entry 61542.83 > 24234.95,26,19226,50,61542.83,24234.950999999997,257.72,128.59,50.12,78.98,200,poolAndRewire,,
475,bl_entry 61563.61 > 24234.95,29,19255,50,61563.61,24234.950999999997,260.27,133.0,48.03,79.22,200,poolAndRewire,,
476,bl_entry 61657.31 > 24234.95,32,19287,50,61657.31,24234.950999999997,256.71,132.16,47.22,77.31,200,poolAndRewire,,
477,bl_entry 61483.99 > 24234.95,24,19311,50,61483.985,24234.950999999997,260.66,131.81,49.3,79.53,200,poolAndRewire,,
478,bl_entry 61942.93 > 24234.95,26,19337,50,61942.93,24234.950999999997,253.97,130.83,44.47,78.65,200,poolAndRewire,,
479,bl_entry 61594.25 > 24234.95,26,19363,50,61594.255,24234.950999999997,260.8,134.82,47.43,78.52,200,poolAndRewire,,
480,bl_entry 62743.33 > 24234.95,28,19391,50,62743.33,24234.950999999997,257.09,131.08,46.73,79.26,200,poolAndRewire,,
481,bl_entry 62336.46 > 24234.95,26,19417,50,62336.465,24234.950999999997,254.85,130.05,46.38,78.39,200,poolAndRewire,,
482,bl_entry 61920.29 > 24234.95,35,19452,50,61920.295,24234.950999999997,256.3,131.59,46.79,77.88,200,poolAndRewire,,
483,bl_entry 63164.63 > 24234.95,22,19474,50,63164.63,24234.950999999997,263.13,131.11,47.69,84.32,200,poolAndRewire,,
484,bl_entry 62444.96 > 24234.95,25,19499,50,62444.955,24234.950999999997,256.36,130.92,46.03,79.38,200,poolAndRewire,,
485,bl_entry 62846.30 > 24234.95,24,19523,50,62846.3,24234.950999999997,257.42,130.58,48.74,78.07,200,poolAndRewire,,
486,bl_entry 62683.21 > 24234.95,28,19551,50,62683.205,24234.950999999997,258.37,130.01,47.58,80.76,200,poolAndRewire,,
487,bl_entry 61292.33 > 24234.95,33,19584,50,61292.33,24234.950999999997,255.52,129.49,45.79,80.22,200,poolAndRewire,,
488,bl_entry 61731.48 > 24234.95,30,19614,50,61731.48,24234.950999999997,260.37,131.89,47.31,81.15,200,poolAndRewire,,
489,bl_entry 61554.56 > 24234.95,30,19644,50,61554.56,24234.950999999997,257.11,130.86,46.32,79.91,200,poolAndRewire,,
490,bl_entry 61453.20 > 24234.95,25,19669,50,61453.2,24234.950999999997,1089.6,131.4,47.01,911.16,200,poolAndRewire,,
491,bl_entry 62047.60 > 24234.95,29,19698,50,62047.6,24234.950999999997,259.23,132.59,45.84,80.78,200,poolAndRewire,,
492,bl_entry 61657.64 > 24234.95,27,19725,50,61657.635,24234.950999999997,254.96,132.04,43.45,79.45,200,poolAndRewire,,
493,bl_entry 62491.55 > 24234.95,25,19750,50,62491.55,24234.950999999997,263.91,130.65,51.74,81.49,200,poolAndRewire,,
494,bl_entry 63392.07 > 24234.95,30,19780,50,63392.075,24234.950999999997,259.44,131.33,47.11,80.97,200,poolAndRewire,,
495,bl_entry 63469.49 > 24234.95,33,19813,50,63469.485,24234.950999999997,259.17,131.78,44.49,82.87,200,poolAndRewire,,
496,bl_entry 64357.76 > 24234.95,21,19834,50,64357.765,24234.950999999997,259.98,131.34,47.3,81.31,200,poolAndRewire,,
497,bl_entry 62888.39 > 24234.95,30,19864,50,62888.39,24234.950999999997,254.86,130.43,44.65,79.76,200,poolAndRewire,,
498,bl_entry 61886.05 > 24234.95,27,19891,50,61886.05,24234.950999999997,259.81,130.1,46.57,83.1,200,poolAndRewire,,
499,bl_entry 61865.50 > 24234.95,33,19924,50,61865.5,24234.950999999997,257.3,130.29,46.03,80.96,200,poolAndRewire,,
500,bl_entry 62046.26 > 24234.95,30,19954,50,62046.265,24234.950999999997,262.33,131.88,48.25,82.18,200,poolAndRewire,,
501,bl_entry 63030.96 > 24234.95,18,19972,50,63030.96,24234.950999999997,255.77,129.29,44.86,81.58,200,poolAndRewire,,
502,bl_entry 62627.61 > 24234.95,23,19995,50,62627.615,24234.950999999997,262.53,135.94,46.91,79.65,200,poolAndRewire,,
503,bl_entry 63565.91 > 24234.95,33,20028,50,63565.91,24234.950999999997,260.03,130.75,47.39,81.86,200,poolAndRewire,,
504,bl_entry 63515.85 > 24234.95,22,20050,50,63515.85,24234.950999999997,258.08,131.77,45.37,80.91,200,poolAndRewire,,
505,bl_entry 62506.44 > 24234.95,30,20080,50,62506.445,24234.950999999997,260.61,130.27,45.98,84.34,200,poolAndRewire,,
506,bl_entry 63614.69 > 24234.95,30,20110,50,63614.695,24234.950999999997,260.34,131.1,46.28,82.94,200,poolAndRewire,,
507,bl_entry 62569.85 > 24234.95,18,20128,50,62569.85,24234.950999999997,258.98,129.57,45.55,83.84,200,poolAndRewire,,
508,bl_entry 62346.79 > 24234.95,18,20146,50,62346.795,24234.950999999997,258.97,128.96,47.28,82.72,200,poolAndRewire,,
509,bl_entry 62957.07 > 24234.95,25,20171,50,62957.07,24234.950999999997,258.8,131.11,46.31,81.35,200,poolAndRewire,,
510,bl_entry 62628.85 > 24234.95,26,20197,50,62628.845,24234.950999999997,281.44,130.8,59.98,90.64,200,poolAndRewire,,
511,bl_entry 63085.23 > 24234.95,28,20225,50,63085.23,24234.950999999997,276.1,143.65,50.72,81.7,200,poolAndRewire,,
512,bl_entry 63373.97 > 24234.95,21,20246,50,63373.975,24234.950999999997,263.57,132.55,47.33,83.67,200,poolAndRewire,,
513,bl_entry 64375.88 > 24234.95,29,20275,50,64375.875,24234.950999999997,263.62,132.92,48.19,82.48,200,poolAndRewire,,
514,bl_entry 63512.14 > 24234.95,28,20303,50,63512.14,24234.950999999997,265.48,131.28,48.11,86.06,200,poolAndRewire,,
515,bl_entry 63685.46 > 24234.95,25,20328,50,63685.455,24234.950999999997,279.77,146.81,48.7,84.24,200,poolAndRewire,,
516,bl_entry 64238.07 > 24234.95,30,20358,50,64238.065,24234.950999999997,263.15,132.58,48.76,81.78,200,poolAndRewire,,
517,bl_entry 62499.82 > 24234.95,28,20386,50,62499.815,24234.950999999997,261.43,130.85,46.26,84.3,200,poolAndRewire,,
518,bl_entry 63536.15 > 24234.95,27,20413,50,63536.155,24234.950999999997,268.28,132.55,48.06,87.65,200,poolAndRewire,,
519,bl_entry 63561.66 > 24234.95,23,20436,50,63561.66,24234.950999999997,264.19,133.14,45.37,85.66,200,poolAndRewire,,
520,bl_entry 63050.43 > 24234.95,32,20468,50,63050.43,24234.950999999997,259.15,131.53,43.95,83.65,200,poolAndRewire,,
521,bl_entry 64447.38 > 24234.95,23,20491,50,64447.38,24234.950999999997,263.35,132.08,48.25,83.0,200,poolAndRewire,,
522,bl_entry 63804.18 > 24234.95,26,20517,50,63804.175,24234.950999999997,262.48,132.44,45.13,84.88,200,poolAndRewire,,
523,bl_entry 65754.53 > 24234.95,34,20551,50,65754.53,24234.950999999997,274.31,139.15,51.32,83.82,200,poolAndRewire,,
524,bl_entry 65081.43 > 24234.95,31,20582,50,65081.425,24234.950999999997,263.82,133.55,45.38,84.86,200,poolAndRewire,,
525,bl_entry 63210.99 > 24234.95,28,20610,50,63210.985,24234.950999999997,1137.2,133.11,45.25,958.81,200,poolAndRewire,,
526,bl_entry 62182.46 > 24234.95,27,20637,50,62182.46,24234.950999999997,283.58,152.18,46.8,84.58,200,poolAndRewire,,
527,bl_entry 59476.46 > 24234.95,36,20673,50,59476.455,24234.950999999997,263.58,130.63,47.95,84.98,200,poolAndRewire,,
528,bl_entry 59162.40 > 24234.95,28,20701,50,59162.4,24234.950999999997,270.38,135.7,48.89,85.77,200,poolAndRewire,,
529,bl_entry 61057.13 > 24234.95,35,20736,50,61057.13,24234.950999999997,264.92,133.59,46.67,84.64,200,poolAndRewire,,
530,bl_entry 61426.14 > 24234.95,29,20765,50,61426.145,24234.950999999997,260.99,129.05,46.56,85.35,200,poolAndRewire,,
531,bl_entry 61675.14 > 24234.95,24,20789,50,61675.145,24234.950999999997,264.07,131.56,47.48,85.01,200,poolAndRewire,,
532,bl_entry 62548.18 > 24234.95,33,20822,50,62548.18,24234.950999999997,265.68,133.42,48.25,83.99,200,poolAndRewire,,
533,bl_entry 62228.32 > 24234.95,31,20853,50,62228.32,24234.950999999997,261.66,132.04,44.35,85.24,200,poolAndRewire,,
534,bl_entry 62979.10 > 24234.95,20,20873,50,62979.1,24234.950999999997,260.4,130.7,45.75,83.92,200,poolAndRewire,,
535,bl_entry 62838.50 > 24234.95,25,20898,50,62838.5,24234.950999999997,263.2,130.43,47.34,85.4,200,poolAndRewire,,
536,bl_entry 61491.94 > 24234.95,26,20924,50,61491.945,24234.950999999997,264.32,131.33,48.72,84.25,200,poolAndRewire,,
537,bl_entry 61510.22 > 24234.95,22,20946,50,61510.225,24234.950999999997,263.13,130.86,46.38,85.87,200,poolAndRewire,,
538,bl_entry 62542.65 > 24234.95,29,20975,50,62542.655,24234.950999999997,261.84,131.35,46.33,84.13,200,poolAndRewire,,
539,bl_entry 62198.94 > 24234.95,26,21001,50,62198.94,24234.950999999997,261.48,130.63,45.47,85.37,200,poolAndRewire,,
540,bl_entry 62606.12 > 24234.95,25,21026,50,62606.125,24234.950999999997,262.7,130.84,47.29,84.54,200,poolAndRewire,,
541,bl_entry 63448.07 > 24234.95,31,21057,50,63448.07,24234.950999999997,265.26,130.89,47.9,86.44,200,poolAndRewire,,
542,bl_entry 62977.28 > 24234.95,23,21080,50,62977.275,24234.950999999997,262.88,130.98,46.98,84.9,200,poolAndRewire,,
543,bl_entry 62839.18 > 24234.95,26,21106,50,62839.18,24234.950999999997,260.65,128.82,45.5,86.31,200,poolAndRewire,,
544,bl_entry 63825.76 > 24234.95,23,21129,50,63825.76,24234.950999999997,264.26,131.85,47.52,84.87,200,poolAndRewire,,
545,bl_entry 63045.93 > 24234.95,29,21158,50,63045.925,24234.950999999997,264.66,130.61,47.12,86.91,200,poolAndRewire,,
546,bl_entry 63037.46 > 24234.95,23,21181,50,63037.465,24234.950999999997,262.71,129.55,47.65,85.49,200,poolAndRewire,,
547,bl_entry 64885.86 > 24234.95,17,21198,50,64885.865,24234.950999999997,266.0,131.84,46.62,87.52,200,poolAndRewire,,
548,bl_entry 64633.90 > 24234.95,31,21229,50,64633.9,24234.950999999997,263.01,131.02,45.76,86.21,200,poolAndRewire,,
549,bl_entry 65222.40 > 24234.95,27,21256,50,65222.4,24234.950999999997,266.38,132.71,47.12,86.53,200,poolAndRewire,,
550,bl_entry 64556.53 > 24234.95,36,21292,50,64556.525,24234.950999999997,264.44,132.74,46.07,85.6,200,poolAndRewire,,
551,bl_entry 63709.78 > 24234.95,29,21321,50,63709.78,24234.950999999997,261.59,129.71,44.9,86.96,200,poolAndRewire,,
552,bl_entry 63177.93 > 24234.95,29,21350,50,63177.93,24234.950999999997,263.93,129.78,47.67,86.46,200,poolAndRewire,,
553,bl_entry 63703.49 > 24234.95,18,21368,50,63703.49,24234.950999999997,263.66,131.36,44.68,87.6,200,poolAndRewire,,
554,bl_entry 63649.64 > 24234.95,26,21394,50,63649.64,24234.950999999997,261.82,130.99,44.99,85.81,200,poolAndRewire,,
555,bl_entry 63024.43 > 24234.95,31,21425,50,63024.435,24234.950999999997,266.62,130.81,48.38,87.41,200,poolAndRewire,,
556,bl_entry 63446.54 > 24234.95,29,21454,50,63446.54,24234.950999999997,265.3,130.96,48.33,85.99,200,poolAndRewire,,
557,bl_entry 63450.28 > 24234.95,34,21488,50,63450.28,24234.950999999997,269.67,131.91,48.95,88.8,200,poolAndRewire,,
558,bl_entry 70458.50 > 24234.95,22,21510,50,70458.5,24234.950999999997,273.83,133.06,52.65,88.1,200,poolAndRewire,,
559,bl_entry 77678.21 > 24234.95,29,21539,50,77678.205,24234.950999999997,278.36,137.25,51.64,89.45,200,poolAndRewire,,
560,bl_entry 84607.87 > 24234.95,18,21557,50,84607.865,24234.950999999997,276.31,136.91,52.44,86.94,200,poolAndRewire,,
561,bl_entry 89663.73 > 24234.95,32,21589,50,89663.73,24234.950999999997,279.47,138.19,52.59,88.66,200,poolAndRewire,,
562,bl_entry 88941.72 > 24234.95,23,21612,50,88941.72,24234.950999999997,287.12,141.72,54.88,90.48,200,poolAndRewire,,
563,bl_entry 88982.29 > 24234.95,30,21642,50,88982.285,24234.950999999997,279.46,137.97,51.54,89.92,200,poolAndRewire,,
564,bl_entry 87516.45 > 24234.95,24,21666,50,87516.445,24234.950999999997,276.54,136.31,53.13,87.09,200,poolAndRewire,,
565,bl_entry 87007.18 > 24234.95,29,21695,50,87007.18,24234.950999999997,279.82,137.37,53.35,89.08,200,poolAndRewire,,
566,bl_entry 87531.58 > 24234.95,33,21728,50,87531.58,24234.950999999997,929.13,139.46,52.5,737.14,200,poolAndRewire,,
567,bl_entry 88064.53 > 24234.95,30,21758,50,88064.53,24234.950999999997,278.81,136.38,53.01,89.4,200,poolAndRewire,,
568,bl_entry 88952.76 > 24234.95,27,21785,50,88952.755,24234.950999999997,281.25,138.4,52.47,90.35,200,poolAndRewire,,
569,bl_entry 89956.29 > 24234.95,25,21810,50,89956.295,24234.950999999997,277.78,136.61,52.27,88.87,200,poolAndRewire,,
570,bl_entry 90284.99 > 24234.95,20,21830,50,90284.995,24234.950999999997,280.27,137.51,52.32,90.42,200,poolAndRewire,,
571,bl_entry 88817.38 > 24234.95,31,21861,50,88817.38,24234.950999999997,277.92,137.4,52.1,88.4,200,poolAndRewire,,
572,bl_entry 88327.02 > 24234.95,25,21886,50,88327.025,24234.950999999997,278.45,136.54,52.35,89.54,200,poolAndRewire,,
573,bl_entry 87954.88 > 24234.95,37,21923,50,87954.88,24234.950999999997,280.16,136.67,52.15,91.31,200,poolAndRewire,,
574,bl_entry 88660.30 > 24234.95,37,21960,50,88660.3,24234.950999999997,279.13,137.41,51.93,89.77,200,poolAndRewire,,
575,bl_entry 89587.93 > 24234.95,33,21993,50,89587.93,24234.950999999997,281.9,137.38,53.37,91.12,200,poolAndRewire,,
576,bl_entry 88541.15 > 24234.95,35,22028,50,88541.145,24234.950999999997,280.3,139.16,51.43,89.68,200,poolAndRewire,,
577,bl_entry 88403.12 > 24234.95,31,22059,50,88403.12,24234.950999999997,281.0,137.31,52.55,91.1,200,poolAndRewire,,
578,bl_entry 87265.86 > 24234.95,28,22087,50,87265.86,24234.950999999997,283.43,136.53,53.01,93.87,200,poolAndRewire,,
579,bl_entry 86766.60 > 24234.95,19,22106,50,86766.6,24234.950999999997,279.87,137.6,51.23,91.02,200,poolAndRewire,,
580,bl_entry 88483.51 > 24234.95,29,22135,50,88483.515,24234.950999999997,281.21,136.6,52.37,92.21,200,poolAndRewire,,
581,bl_entry 88957.40 > 24234.95,30,22165,50,88957.4,24234.950999999997,278.48,136.79,51.4,90.27,200,poolAndRewire,,
582,bl_entry 89013.86 > 24234.95,26,22191,50,89013.86,24234.950999999997,281.53,136.95,52.9,91.66,200,poolAndRewire,,
583,bl_entry 89097.51 > 24234.95,27,22218,50,89097.505,24234.950999999997,279.67,137.39,52.08,90.18,200,poolAndRewire,,
584,bl_entry 89312.40 > 24234.95,23,22241,50,89312.405,24234.950999999997,282.08,138.45,52.45,91.15,200,poolAndRewire,,
585,bl_entry 88188.42 > 24234.95,29,22270,50,88188.42,24234.950999999997,290.8,144.87,53.07,92.83,200,poolAndRewire,,
586,bl_entry 88492.67 > 24234.95,32,22302,50,88492.67,24234.950999999997,283.51,139.66,52.6,91.23,200,poolAndRewire,,
587,bl_entry 87480.51 > 24234.95,31,22333,50,87480.515,24234.950999999997,281.8,137.12,52.45,92.21,200,poolAndRewire,,
588,bl_entry 86316.03 > 24234.95,33,22366,50,86316.03,24234.950999999997,280.18,137.12,51.88,91.16,200,poolAndRewire,,
589,bl_entry 86851.93 > 24234.95,28,22394,50,86851.93,24234.950999999997,280.38,137.3,50.98,92.08,200,poolAndRewire,,
590,bl_entry 86585.79 > 24234.95,30,22424,50,86585.79,24234.950999999997,285.42,137.78,52.5,95.12,200,poolAndRewire,,
591,bl_entry 88196.49 > 24234.95,34,22458,50,88196.485,24234.950999999997,282.44,137.28,53.17,91.97,200,poolAndRewire,,
592,bl_entry 89292.97 > 24234.95,29,22487,50,89292.97,24234.950999999997,282.28,137.2,51.76,93.29,200,poolAndRewire,,
593,bl_entry 89612.38 > 24234.95,39,22526,50,89612.385,24234.950999999997,282.2,137.46,52.48,92.24,200,poolAndRewire,,
594,bl_entry 88704.55 > 24234.95,25,22551,50,88704.55,24234.950999999997,281.68,136.07,52.4,93.19,200,poolAndRewire,,
595,bl_entry 88680.30 > 24234.95,30,22581,50,88680.3,24234.950999999997,281.39,138.21,51.89,91.27,200,poolAndRewire,,
596,bl_entry 88719.74 > 24234.95,25,22606,50,88719.745,24234.950999999997,281.71,137.35,51.8,92.54,200,poolAndRewire,,
597,bl_entry 89327.79 > 24234.95,29,22635,50,89327.795,24234.950999999997,926.43,136.72,53.44,736.24,200,poolAndRewire,,
598,bl_entry 91314.91 > 24234.95,24,22659,50,91314.91,24234.950999999997,281.73,136.89,51.42,93.4,200,poolAndRewire,,
599,bl_entry 91041.74 > 24234.95,36,22695,50,91041.74,24234.950999999997,283.18,137.26,51.82,94.07,200,poolAndRewire,,
600,bl_entry 91081.69 > 24234.95,28,22723,50,91081.69,24234.950999999997,283.2,136.98,53.67,92.52,200,poolAndRewire,,
601,bl_entry 90570.13 > 24234.95,28,22751,50,90570.135,24234.950999999997,287.96,142.44,51.58,93.92,200,poolAndRewire,,
602,bl_entry 90180.66 > 24234.95,29,22780,50,90180.665,24234.950999999997,284.15,136.37,52.06,95.68,200,poolAndRewire,,
603,bl_entry 89860.93 > 24234.95,32,22812,50,89860.925,24234.950999999997,283.65,138.27,52.05,93.31,200,poolAndRewire,,
604,bl_entry 88290.58 > 24234.95,25,22837,50,88290.58,24234.950999999997,284.0,138.68,51.09,94.2,200,poolAndRewire,,
605,bl_entry 88621.23 > 24234.95,35,22872,50,88621.23,24234.950999999997,284.29,137.4,51.94,94.92,200,poolAndRewire,,
606,bl_entry 86505.91 > 24234.95,27,22899,50,86505.915,24234.950999999997,286.5,137.97,53.23,95.28,200,poolAndRewire,,
607,bl_entry 86731.20 > 24234.95,29,22928,50,86731.2,24234.950999999997,283.01,135.69,51.98,95.31,200,poolAndRewire,,
608,bl_entry 87284.12 > 24234.95,28,22956,50,87284.125,24234.950999999997,286.23,137.48,52.33,96.4,200,poolAndRewire,,
609,bl_entry 87808.38 > 24234.95,29,22985,50,87808.38,24234.950999999997,284.28,136.14,53.75,94.37,200,poolAndRewire,,
610,bl_entry 89128.04 > 24234.95,23,23008,50,89128.04,24234.950999999997,283.04,135.72,52.41,94.89,200,poolAndRewire,,
611,bl_entry 88404.35 > 24234.95,32,23040,50,88404.355,24234.950999999997,285.63,137.55,51.42,96.63,200,poolAndRewire,,
612,bl_entry 88631.13 > 24234.95,28,23068,50,88631.13,24234.950999999997,283.16,136.22,52.66,94.25,200,poolAndRewire,,
613,bl_entry 88390.26 > 24234.95,35,23103,50,88390.255,24234.950999999997,284.03,137.38,51.44,95.19,200,poolAndRewire,,
614,bl_entry 88576.91 > 24234.95,23,23126,50,88576.91,24234.950999999997,286.9,137.7,52.33,96.85,200,poolAndRewire,,
615,bl_entry 89414.88 > 24234.95,28,23154,50,89414.875,24234.950999999997,287.42,140.55,52.02,94.83,200,poolAndRewire,,
616,bl_entry 89392.63 > 24234.95,30,23184,50,89392.63,24234.950999999997,289.66,138.31,55.63,95.7,200,poolAndRewire,,
617,bl_entry 88425.71 > 24234.95,32,23216,50,88425.715,24234.950999999997,284.98,136.49,50.99,97.47,200,poolAndRewire,,
618,bl_entry 86809.65 > 24234.95,22,23238,50,86809.645,24234.950999999997,283.33,135.74,50.56,97.01,200,poolAndRewire,,
619,bl_entry 86740.23 > 24234.95,22,23260,50,86740.23,24234.950999999997,284.15,136.45,51.67,96.01,200,poolAndRewire,,
620,bl_entry 87107.87 > 24234.95,32,23292,50,87107.865,24234.950999999997,292.06,140.51,53.66,97.86,200,poolAndRewire,,
621,bl_entry 87692.97 > 24234.95,28,23320,50,87692.97,24234.950999999997,285.3,136.92,52.42,95.93,200,poolAndRewire,,
622,bl_entry 89197.65 > 24234.95,34,23354,50,89197.645,24234.950999999997,285.53,136.99,52.09,96.43,200,poolAndRewire,,
623,bl_entry 89622.93 > 24234.95,28,23382,50,89622.935,24234.950999999997,284.8,135.88,51.31,97.59,200,poolAndRewire,,
624,bl_entry 90733.25 > 24234.95,24,23406,50,90733.25,24234.950999999997,292.33,143.27,52.0,97.04,200,poolAndRewire,,
625,bl_entry 89927.88 > 24234.95,35,23441,50,89927.875,24234.950999999997,1067.5,136.86,52.33,878.28,200,poolAndRewire,,
626,bl_entry 89750.20 > 24234.95,28,23469,50,89750.195,24234.950999999997,289.16,137.39,53.07,98.67,200,poolAndRewire,,
627,bl_entry 88848.58 > 24234.95,25,23494,50,88848.58,24234.950999999997,289.5,140.29,52.53,96.65,200,poolAndRewire,,
628,bl_entry 87671.04 > 24234.95,24,23518,50,87671.045,24234.950999999997,287.27,137.04,52.81,97.4,200,poolAndRewire,,
629,bl_entry 88421.44 > 24234.95,22,23540,50,88421.44,24234.950999999997,289.72,137.9,53.23,98.57,200,poolAndRewire,,
630,bl_entry 87996.31 > 24234.95,22,23562,50,87996.31,24234.950999999997,290.03,139.46,52.03,98.53,200,poolAndRewire,,
631,bl_entry 89068.71 > 24234.95,29,23591,50,89068.71,24234.950999999997,285.28,136.55,51.24,97.47,200,poolAndRewire,,
632,bl_entry 88271.87 > 24234.95,22,23613,50,88271.87,24234.950999999997,288.08,136.91,52.24,98.9,200,poolAndRewire,,
633,bl_entry 87355.92 > 24234.95,31,23644,50,87355.92,24234.950999999997,304.26,142.08,51.97,110.18,200,poolAndRewire,,
634,bl_entry 89075.71 > 24234.95,26,23670,50,89075.705,24234.950999999997,287.79,137.08,52.52,98.17,200,poolAndRewire,,
635,bl_entry 88875.43 > 24234.95,20,23690,50,88875.43,24234.950999999997,289.68,138.42,52.1,99.14,200,poolAndRewire,,
636,bl_entry 90230.86 > 24234.95,23,23713,50,90230.86,24234.950999999997,285.31,135.43,52.04,97.82,200,poolAndRewire,,
637,bl_entry 90657.52 > 24234.95,23,23736,50,90657.52,24234.950999999997,293.72,142.42,52.6,98.68,200,poolAndRewire,,
638,bl_entry 88919.03 > 24234.95,34,23770,50,88919.03,24234.950999999997,287.29,136.7,51.46,99.11,200,poolAndRewire,,
639,bl_entry 88527.18 > 24234.95,31,23801,50,88527.18,24234.950999999997,290.07,137.38,52.63,100.04,200,poolAndRewire,,
640,bl_entry 88513.43 > 24234.95,27,23828,50,88513.435,24234.950999999997,290.93,139.31,53.64,97.96,200,poolAndRewire,,
641,bl_entry 88570.84 > 24234.95,27,23855,50,88570.84,24234.950999999997,288.61,137.7,52.26,98.61,200,poolAndRewire,,
642,bl_entry 89213.52 > 24234.95,29,23884,50,89213.52,24234.950999999997,292.98,139.56,53.35,100.05,200,poolAndRewire,,
643,bl_entry 89493.48 > 24234.95,25,23909,50,89493.475,24234.950999999997,290.81,137.68,52.18,100.93,200,poolAndRewire,,
644,bl_entry 89060.32 > 24234.95,25,23934,50,89060.32,24234.950999999997,293.23,136.83,52.42,103.95,200,poolAndRewire,,
645,bl_entry 88904.32 > 24234.95,26,23960,50,88904.325,24234.950999999997,287.39,135.36,52.33,99.68,200,poolAndRewire,,
646,bl_entry 88200.52 > 24234.95,27,23987,50,88200.52,24234.950999999997,289.93,136.78,52.59,100.52,200,poolAndRewire,,
647,bl_entry 87423.88 > 24234.95,33,24020,50,87423.875,24234.950999999997,291.12,138.0,52.16,100.93,200,poolAndRewire,,
648,bl_entry 86498.41 > 24234.95,25,24045,50,86498.415,24234.950999999997,289.89,137.44,52.13,100.29,200,poolAndRewire,,
649,bl_entry 87086.20 > 24234.95,35,24080,50,87086.2,24234.950999999997,290.09,139.99,50.7,99.38,200,poolAndRewire,,
650,bl_entry 87427.26 > 24234.95,31,24111,50,87427.26,24234.950999999997,290.55,138.15,51.33,101.04,200,poolAndRewire,,
651,bl_entry 87031.06 > 24234.95,24,24135,50,87031.06,24234.950999999997,1147.48,139.04,52.96,955.45,200,poolAndRewire,,
652,bl_entry 87567.11 > 24234.95,29,24164,50,87567.11,24234.950999999997,287.83,137.93,50.83,99.04,200,poolAndRewire,,
653,bl_entry 87920.65 > 24234.95,22,24186,50,87920.645,24234.950999999997,309.76,136.57,63.81,109.35,200,poolAndRewire,,
654,bl_entry 87579.34 > 24234.95,24,24210,50,87579.34,24234.950999999997,300.2,146.85,52.27,101.06,200,poolAndRewire,,
655,bl_entry 89084.80 > 24234.95,23,24233,50,89084.8,24234.950999999997,291.33,139.21,52.64,99.46,200,poolAndRewire,,
656,bl_entry 88397.62 > 24234.95,36,24269,50,88397.625,24234.950999999997,292.1,141.22,51.12,99.73,200,poolAndRewire,,
657,bl_entry 87270.62 > 24234.95,23,24292,50,87270.625,24234.950999999997,306.43,147.12,53.35,105.93,200,poolAndRewire,,
658,bl_entry 89656.00 > 24234.95,31,24323,50,89656.0,24234.950999999997,300.65,145.71,52.61,102.31,200,poolAndRewire,,
659,bl_entry 88696.48 > 24234.95,21,24344,50,88696.48,24234.950999999997,287.95,137.31,51.0,99.62,200,poolAndRewire,,
660,bl_entry 90313.71 > 24234.95,27,24371,50,90313.71,24234.950999999997,291.7,139.7,51.82,100.16,200,poolAndRewire,,
661,bl_entry 90899.09 > 24234.95,30,24401,50,90899.09,24234.950999999997,301.51,143.25,52.03,106.2,200,poolAndRewire,,
662,bl_entry 88969.64 > 24234.95,31,24432,50,88969.64,24234.950999999997,290.58,136.01,52.43,102.12,200,poolAndRewire,,
663,bl_entry 89467.88 > 24234.95,32,24464,50,89467.875,24234.950999999997,292.38,139.77,52.59,99.99,200,poolAndRewire,,
664,bl_entry 88560.99 > 24234.95,26,24490,50,88560.995,24234.950999999997,296.98,138.45,52.54,105.97,200,poolAndRewire,,
665,bl_entry 89155.68 > 24234.95,30,24520,50,89155.675,24234.950999999997,297.8,142.43,52.84,102.5,200,poolAndRewire,,
666,bl_entry 89727.40 > 24234.95,23,24543,50,89727.4,24234.950999999997,291.69,136.16,52.6,102.91,200,poolAndRewire,,
667,bl_entry 89550.70 > 24234.95,26,24569,50,89550.7,24234.950999999997,292.48,139.31,52.74,100.41,200,poolAndRewire,,
668,bl_entry 90188.82 > 24234.95,27,24596,50,90188.82,24234.950999999997,298.72,138.21,58.17,102.32,200,poolAndRewire,,
669,bl_entry 89372.46 > 24234.95,21,24617,50,89372.455,24234.950999999997,310.2,154.55,53.07,102.56,200,poolAndRewire,,
670,bl_entry 89382.85 > 24234.95,29,24646,50,89382.845,24234.950999999997,294.6,138.05,52.87,103.66,200,poolAndRewire,,
671,bl_entry 88887.27 > 24234.95,33,24679,50,88887.275,24234.950999999997,297.57,140.58,52.85,104.12,200,poolAndRewire,,
672,bl_entry 88722.42 > 24234.95,26,24705,50,88722.42,24234.950999999997,302.99,144.62,53.19,105.16,200,poolAndRewire,,
673,bl_entry 87614.21 > 24234.95,23,24728,50,87614.21,24234.950999999997,293.46,138.86,52.45,102.12,200,poolAndRewire,,
674,bl_entry 87768.37 > 24234.95,34,24762,50,87768.365,24234.950999999997,297.19,140.71,52.74,103.72,200,poolAndRewire,,
675,bl_entry 88011.75 > 24234.95,28,24790,50,88011.75,24234.950999999997,294.79,137.66,51.53,105.58,200,poolAndRewire,,
676,bl_entry 86028.05 > 24234.95,28,24818,50,86028.05,24234.950999999997,460.58,177.78,79.11,203.66,200,poolAndRewire,,
677,bl_entry 87426.03 > 24234.95,20,24838,50,87426.03,24234.950999999997,409.48,179.62,71.72,158.12,200,poolAndRewire,,
678,bl_entry 83853.69 > 24234.95,31,24869,50,83853.69,24234.950999999997,1099.11,152.21,60.01,886.87,200,poolAndRewire,,
679,bl_entry 81577.54 > 24234.95,30,24899,50,81577.545,24234.950999999997,292.07,136.99,51.39,103.67,200,poolAndRewire,,
680,bl_entry 81759.19 > 24234.95,34,24933,50,81759.19,24234.950999999997,292.22,136.81,51.31,104.07,200,poolAndRewire,,
681,bl_entry 79361.45 > 24234.95,22,24955,50,79361.45,24234.950999999997,292.79,136.06,52.26,104.45,200,poolAndRewire,,
682,bl_entry 81410.41 > 24234.95,25,24980,50,81410.41,24234.950999999997,293.26,136.8,50.4,106.03,200,poolAndRewire,,
683,bl_entry 81972.46 > 24234.95,28,25008,50,81972.455,24234.950999999997,292.73,137.24,52.61,102.85,200,poolAndRewire,,
684,bl_entry 80496.57 > 24234.95,33,25041,50,80496.57,24234.950999999997,291.66,136.71,51.86,103.07,200,poolAndRewire,,
685,bl_entry 81737.02 > 24234.95,29,25070,50,81737.025,24234.950999999997,291.07,135.76,51.25,104.03,200,poolAndRewire,,
686,bl_entry 81016.60 > 24234.95,35,25105,50,81016.605,24234.950999999997,293.74,136.38,52.04,105.3,200,poolAndRewire,,
687,bl_entry 80912.95 > 24234.95,29,25134,50,80912.945,24234.950999999997,293.98,136.02,51.61,106.32,200,poolAndRewire,,
688,bl_entry 80851.74 > 24234.95,35,25169,50,80851.745,24234.950999999997,293.87,137.17,50.57,106.1,200,poolAndRewire,,
689,bl_entry 80478.37 > 24234.95,25,25194,50,80478.365,24234.950999999997,292.98,137.51,51.51,103.94,200,poolAndRewire,,
690,bl_entry 79542.98 > 24234.95,29,25223,50,79542.975,24234.950999999997,292.39,136.04,49.76,106.57,200,poolAndRewire,,
691,bl_entry 79820.12 > 24234.95,29,25252,50,79820.12,24234.950999999997,299.17,139.47,52.55,107.12,200,poolAndRewire,,
692,bl_entry 81042.95 > 24234.95,35,25287,50,81042.95,24234.950999999997,294.66,137.7,49.62,107.32,200,poolAndRewire,,
693,bl_entry 80643.71 > 24234.95,30,25317,50,80643.71,24234.950999999997,290.54,134.23,49.88,106.4,200,poolAndRewire,,
694,bl_entry 81343.23 > 24234.95,33,25350,50,81343.23,24234.950999999997,294.76,136.74,51.25,106.74,200,poolAndRewire,,
695,bl_entry 80370.21 > 24234.95,28,25378,50,80370.21,24234.950999999997,291.43,136.35,50.77,104.3,200,poolAndRewire,,
696,bl_entry 80886.76 > 24234.95,31,25409,50,80886.755,24234.950999999997,290.95,135.0,50.96,104.97,200,poolAndRewire,,
697,bl_entry 80905.91 > 24234.95,31,25440,50,80905.915,24234.950999999997,296.5,137.74,51.21,107.53,200,poolAndRewire,,
698,bl_entry 81836.39 > 24234.95,33,25473,50,81836.39,24234.950999999997,295.84,136.06,52.11,107.65,200,poolAndRewire,,
699,bl_entry 82224.52 > 24234.95,31,25504,50,82224.525,24234.950999999997,294.16,136.32,51.16,106.65,200,poolAndRewire,,
700,bl_entry 80885.04 > 24234.95,31,25535,50,80885.045,24234.950999999997,294.15,136.64,50.35,107.14,200,poolAndRewire,,
701,bl_entry 81820.30 > 24234.95,29,25564,50,81820.3,24234.950999999997,295.24,137.49,52.02,105.7,200,poolAndRewire,,
702,bl_entry 81068.15 > 24234.95,33,25597,50,81068.15,24234.950999999997,291.29,135.87,50.12,105.26,200,poolAndRewire,,
703,bl_entry 82461.05 > 24234.95,26,25623,50,82461.05,24234.950999999997,298.28,139.21,52.41,106.63,200,poolAndRewire,,
704,bl_entry 82913.82 > 24234.95,39,25662,50,82913.825,24234.950999999997,295.93,138.1,51.12,106.69,200,poolAndRewire,,
705,bl_entry 81882.03 > 24234.95,32,25694,50,81882.03,24234.950999999997,945.28,137.27,51.34,756.64,200,poolAndRewire,,
706,bl_entry 81599.76 > 24234.95,33,25727,50,81599.76,24234.950999999997,301.04,140.58,51.21,109.23,200,poolAndRewire,,
707,bl_entry 79836.52 > 24234.95,21,25748,50,79836.525,24234.950999999997,297.16,137.02,50.96,109.16,200,poolAndRewire,,
708,bl_entry 79430.79 > 24234.95,23,25771,50,79430.785,24234.950999999997,295.29,137.1,51.78,106.39,200,poolAndRewire,,
709,bl_entry 79819.98 > 24234.95,30,25801,50,79819.98,24234.950999999997,295.28,137.04,52.05,106.17,200,poolAndRewire,,
710,bl_entry 80933.96 > 24234.95,36,25837,50,80933.96,24234.950999999997,296.98,137.45,50.67,108.83,200,poolAndRewire,,
711,bl_entry 82122.83 > 24234.95,33,25870,50,82122.83,24234.950999999997,293.99,135.96,50.53,107.47,200,poolAndRewire,,
712,bl_entry 82667.85 > 24234.95,29,25899,50,82667.845,24234.950999999997,295.61,137.22,50.23,108.14,200,poolAndRewire,,
713,bl_entry 82973.30 > 24234.95,33,25932,50,82973.3,24234.950999999997,295.28,135.81,51.54,107.92,200,poolAndRewire,,
714,bl_entry 82703.30 > 24234.95,25,25957,50,82703.305,24234.950999999997,298.27,139.45,49.91,108.88,200,poolAndRewire,,
715,bl_entry 82232.63 > 24234.95,35,25992,50,82232.635,24234.950999999997,297.81,136.72,52.42,108.65,200,poolAndRewire,,
716,bl_entry 82993.16 > 24234.95,29,26021,50,82993.165,24234.950999999997,296.91,136.23,51.52,109.14,200,poolAndRewire,,
717,bl_entry 82714.99 > 24234.95,29,26050,50,82714.99,24234.950999999997,296.85,136.22,50.46,110.14,200,poolAndRewire,,
718,bl_entry 82229.96 > 24234.95,34,26084,50,82229.96,24234.950999999997,301.29,138.5,51.73,111.03,200,poolAndRewire,,
719,bl_entry 83468.47 > 24234.95,24,26108,50,83468.47,24234.950999999997,299.77,136.57,51.82,111.36,200,poolAndRewire,,
720,bl_entry 82699.19 > 24234.95,36,26144,50,82699.19,24234.950999999997,294.5,135.34,51.54,107.6,200,poolAndRewire,,
721,bl_entry 81888.20 > 24234.95,26,26170,50,81888.195,24234.950999999997,296.66,137.04,51.47,108.12,200,poolAndRewire,,
722,bl_entry 81869.70 > 24234.95,29,26199,50,81869.695,24234.950999999997,297.72,137.67,51.46,108.56,200,poolAndRewire,,
723,bl_entry 80505.93 > 24234.95,28,26227,50,80505.925,24234.950999999997,300.47,140.47,51.08,108.9,200,poolAndRewire,,
724,bl_entry 81688.51 > 24234.95,22,26249,50,81688.51,24234.950999999997,298.02,136.8,51.16,110.03,200,poolAndRewire,,
725,bl_entry 81858.75 > 24234.95,35,26284,50,81858.75,24234.950999999997,298.75,136.74,52.2,109.78,200,poolAndRewire,,
726,bl_entry 81650.78 > 24234.95,29,26313,50,81650.78,24234.950999999997,298.54,136.64,51.85,110.02,200,poolAndRewire,,
727,bl_entry 82782.21 > 24234.95,23,26336,50,82782.205,24234.950999999997,300.5,137.59,52.25,110.63,200,poolAndRewire,,
728,bl_entry 81985.38 > 24234.95,24,26360,50,81985.385,24234.950999999997,301.23,137.25,52.88,111.08,200,poolAndRewire,,
729,bl_entry 82406.45 > 24234.95,28,26388,50,82406.45,24234.950999999997,954.09,142.66,50.84,760.55,200,poolAndRewire,,
730,bl_entry 82831.04 > 24234.95,28,26416,50,82831.035,24234.950999999997,301.44,136.72,51.63,113.06,200,poolAndRewire,,
731,bl_entry 82028.40 > 24234.95,24,26440,50,82028.395,24234.950999999997,297.31,137.72,50.63,108.93,200,poolAndRewire,,
732,bl_entry 83634.39 > 24234.95,17,26457,50,83634.39,24234.950999999997,298.42,137.5,51.22,109.69,200,poolAndRewire,,
733,bl_entry 84658.66 > 24234.95,27,26484,50,84658.66,24234.950999999997,303.2,140.28,52.28,110.61,200,poolAndRewire,,
734,bl_entry 84465.04 > 24234.95,32,26516,50,84465.035,24234.950999999997,297.32,136.45,51.1,109.75,200,poolAndRewire,,
735,bl_entry 84597.48 > 24234.95,37,26553,50,84597.48,24234.950999999997,296.52,135.11,51.02,110.36,200,poolAndRewire,,
736,bl_entry 83184.99 > 24234.95,30,26583,50,83184.99,24234.950999999997,299.27,136.84,50.57,111.82,200,poolAndRewire,,
737,bl_entry 81504.22 > 24234.95,27,26610,50,81504.22,24234.950999999997,300.07,136.14,52.37,111.54,200,poolAndRewire,,
738,bl_entry 82081.83 > 24234.95,26,26636,50,82081.83,24234.950999999997,298.86,138.79,48.25,111.79,200,poolAndRewire,,
739,bl_entry 81375.72 > 24234.95,20,26656,50,81375.72,24234.950999999997,299.72,136.4,50.96,112.34,200,poolAndRewire,,
740,bl_entry 80539.18 > 24234.95,21,26677,50,80539.18,24234.950999999997,299.3,136.16,50.37,112.74,200,poolAndRewire,,
741,bl_entry 81330.97 > 24234.95,19,26696,50,81330.97,24234.950999999997,302.16,137.36,51.14,113.64,200,poolAndRewire,,
742,bl_entry 81022.56 > 24234.95,21,26717,50,81022.56,24234.950999999997,299.92,138.6,47.79,113.51,200,poolAndRewire,,
743,bl_entry 81515.90 > 24234.95,26,26743,50,81515.895,24234.950999999997,300.13,136.45,50.15,113.51,200,poolAndRewire,,
744,bl_entry 81177.57 > 24234.95,17,26760,50,81177.565,24234.950999999997,302.43,136.4,51.81,114.2,200,poolAndRewire,,
745,bl_entry 80658.18 > 24234.95,18,26778,50,80658.185,24234.950999999997,302.81,135.79,51.06,115.94,200,poolAndRewire,,
746,bl_entry 79651.15 > 24234.95,19,26797,50,79651.155,24234.950999999997,298.28,136.6,47.56,114.09,200,poolAndRewire,,
747,bl_entry 79920.13 > 24234.95,17,26814,50,79920.135,24234.950999999997,300.35,137.14,48.87,114.32,200,poolAndRewire,,
748,bl_entry 79963.10 > 24234.95,27,26841,50,79963.095,24234.950999999997,301.12,136.11,50.66,114.33,200,poolAndRewire,,
749,bl_entry 79921.13 > 24234.95,14,26855,50,79921.135,24234.950999999997,299.27,135.96,48.8,114.48,200,poolAndRewire,,
750,bl_entry 80781.27 > 24234.95,20,26875,50,80781.275,24234.950999999997,1011.64,139.91,51.69,820.01,200,poolAndRewire,,
751,bl_entry 80369.38 > 24234.95,28,26903,50,80369.375,24234.950999999997,303.42,138.21,49.64,115.55,200,poolAndRewire,,
752,bl_entry 81305.99 > 24234.95,19,26922,50,81305.995,24234.950999999997,301.27,136.81,49.33,115.11,200,poolAndRewire,,
753,bl_entry 81979.49 > 24234.95,17,26939,50,81979.485,24234.950999999997,306.14,141.75,49.48,114.89,200,poolAndRewire,,
754,bl_entry 81316.27 > 24234.95,22,26961,50,81316.27,24234.950999999997,303.42,136.27,50.07,117.05,200,poolAndRewire,,
755,bl_entry 80946.24 > 24234.95,28,26989,50,80946.245,24234.950999999997,302.89,136.24,50.82,115.79,200,poolAndRewire,,
756,bl_entry 79812.82 > 24234.95,29,27018,50,79812.825,24234.950999999997,304.82,135.5,53.1,116.2,200,poolAndRewire,,
757,bl_entry 79959.90 > 24234.95,17,27035,50,79959.905,24234.950999999997,306.88,141.95,49.32,115.58,200,poolAndRewire,,
758,bl_entry 80136.61 > 24234.95,22,27057,50,80136.61,24234.950999999997,302.7,137.59,49.01,116.08,200,poolAndRewire,,
759,bl_entry 80403.27 > 24234.95,16,27073,50,80403.275,24234.950999999997,301.61,135.9,47.26,118.42,200,poolAndRewire,,
760,bl_entry 80570.55 > 24234.95,12,27085,50,80570.555,24234.950999999997,303.39,136.0,48.58,118.78,200,poolAndRewire,,
761,bl_entry 80549.07 > 24234.95,10,27095,50,80549.075,24234.950999999997,300.28,137.52,46.55,116.18,200,poolAndRewire,,
762,bl_entry 80302.10 > 24234.95,17,27112,50,80302.095,24234.950999999997,300.24,134.57,49.34,116.3,200,poolAndRewire,,
763,bl_entry 79378.34 > 24234.95,22,27134,50,79378.34,24234.950999999997,305.3,137.71,50.73,116.83,200,poolAndRewire,,
764,bl_entry 80106.32 > 24234.95,24,27158,50,80106.325,24234.950999999997,303.87,135.79,51.38,116.67,200,poolAndRewire,,
765,bl_entry 79651.65 > 24234.95,19,27177,50,79651.65,24234.950999999997,302.26,135.58,50.02,116.63,200,poolAndRewire,,
766,bl_entry 80630.88 > 24234.95,13,27190,50,80630.885,24234.950999999997,301.24,136.06,48.42,116.73,200,poolAndRewire,,
767,bl_entry 82251.35 > 24234.95,25,27215,50,82251.355,24234.950999999997,302.08,134.87,50.81,116.38,200,poolAndRewire,,
768,bl_entry 82395.21 > 24234.95,18,27233,50,82395.205,24234.950999999997,318.69,138.0,50.34,130.32,200,poolAndRewire,,
769,bl_entry 81716.55 > 24234.95,20,27253,50,81716.55,24234.950999999997,1144.27,136.77,48.77,958.71,200,poolAndRewire,,
770,bl_entry 80918.65 > 24234.95,24,27277,50,80918.645,24234.950999999997,299.08,136.18,49.37,113.51,200,poolAndRewire,,
771,bl_entry 78974.70 > 24234.95,21,27298,50,78974.7,24234.950999999997,301.99,135.26,50.77,115.93,200,poolAndRewire,,
772,bl_entry 78290.91 > 24234.95,20,27318,50,78290.91,24234.950999999997,300.08,134.36,50.33,115.36,200,poolAndRewire,,
773,bl_entry 80514.40 > 24234.95,9,27327,50,80514.405,24234.950999999997,298.01,136.87,47.45,113.65,200,poolAndRewire,,
774,bl_entry 80488.73 > 24234.95,25,27352,50,80488.73,24234.950999999997,298.13,136.12,48.17,113.82,200,poolAndRewire,,
775,bl_entry 81904.76 > 24234.95,11,27363,50,81904.76,24234.950999999997,300.97,134.83,51.54,114.57,200,poolAndRewire,,
776,bl_entry 83299.90 > 24234.95,22,27385,50,83299.895,24234.950999999997,308.1,137.59,50.53,119.96,200,poolAndRewire,,
777,bl_entry 81227.63 > 24234.95,18,27403,50,81227.635,24234.950999999997,297.73,136.4,47.41,113.89,200,poolAndRewire,,
778,bl_entry 82301.90 > 24234.95,14,27417,50,82301.905,24234.950999999997,301.13,136.1,50.23,114.77,200,poolAndRewire,,
779,bl_entry 82259.34 > 24234.95,18,27435,50,82259.34,24234.950999999997,301.9,137.35,49.9,114.63,200,poolAndRewire,,
780,bl_entry 80272.60 > 24234.95,23,27458,50,80272.595,24234.950999999997,304.22,136.57,50.59,117.04,200,poolAndRewire,,
781,bl_entry 80223.07 > 24234.95,24,27482,50,80223.065,24234.950999999997,303.26,136.99,49.61,116.64,200,poolAndRewire,,
782,bl_entry 79090.85 > 24234.95,16,27498,50,79090.845,24234.950999999997,306.89,138.57,50.62,117.67,200,poolAndRewire,,
783,bl_entry 79167.16 > 24234.95,14,27512,50,79167.165,24234.950999999997,303.77,136.42,47.48,119.84,200,poolAndRewire,,
784,bl_entry 80540.10 > 24234.95,22,27534,50,80540.105,24234.950999999997,303.31,137.58,48.26,117.45,200,poolAndRewire,,
785,bl_entry 80408.14 > 24234.95,13,27547,50,80408.14,24234.950999999997,302.66,136.45,47.42,118.76,200,poolAndRewire,,
786,bl_entry 80416.29 > 24234.95,17,27564,50,80416.29,24234.950999999997,307.93,140.36,49.78,117.77,200,poolAndRewire,,
787,bl_entry 81484.74 > 24234.95,22,27586,50,81484.745,24234.950999999997,308.96,134.98,49.28,124.67,200,poolAndRewire,,
788,bl_entry 82175.46 > 24234.95,20,27606,50,82175.46,24234.950999999997,328.45,157.9,50.93,119.59,200,poolAndRewire,,
789,bl_entry 82134.26 > 24234.95,13,27619,50,82134.255,24234.950999999997,307.66,139.61,50.73,117.29,200,poolAndRewire,,
790,bl_entry 82191.71 > 24234.95,22,27641,50,82191.71,24234.950999999997,305.21,138.9,49.38,116.91,200,poolAndRewire,,
791,bl_entry 81260.28 > 24234.95,12,27653,50,81260.28,24234.950999999997,317.82,146.28,50.19,121.32,200,poolAndRewire,,
792,bl_entry 79717.24 > 24234.95,19,27672,50,79717.235,24234.950999999997,313.78,144.08,51.18,118.49,200,poolAndRewire,,
793,bl_entry 80543.52 > 24234.95,20,27692,50,80543.52,24234.950999999997,309.25,140.96,51.78,116.48,200,poolAndRewire,,
794,bl_entry 80474.71 > 24234.95,22,27714,50,80474.715,24234.950999999997,309.11,139.8,47.67,121.61,200,poolAndRewire,,
795,bl_entry 80019.78 > 24234.95,23,27737,50,80019.78,24234.950999999997,1150.18,137.77,51.1,961.29,200,poolAndRewire,,
796,bl_entry 79566.46 > 24234.95,14,27751,50,79566.46,24234.950999999997,318.87,148.26,50.93,119.65,200,poolAndRewire,,
797,bl_entry 79701.01 > 24234.95,22,27773,50,79701.015,24234.950999999997,308.96,137.74,51.41,119.79,200,poolAndRewire,,
798,bl_entry 79025.51 > 24234.95,23,27796,50,79025.515,24234.950999999997,308.2,137.17,51.23,119.77,200,poolAndRewire,,
799,bl_entry 79133.12 > 24234.95,24,27820,50,79133.115,24234.950999999997,311.03,138.87,49.16,122.97,200,poolAndRewire,,
800,bl_entry 81047.33 > 24234.95,15,27835,50,81047.33,24234.950999999997,329.62,158.48,50.7,120.42,200,poolAndRewire,,
801,bl_entry 80916.21 > 24234.95,20,27855,50,80916.205,24234.950999999997,304.57,136.56,48.83,119.16,200,poolAndRewire,,
802,bl_entry 82498.01 > 24234.95,13,27868,50,82498.015,24234.950999999997,307.74,138.76,49.95,119.01,200,poolAndRewire,,
803,bl_entry 83491.34 > 24234.95,16,27884,50,83491.34,24234.950999999997,319.16,138.78,55.15,125.2,200,poolAndRewire,,
804,bl_entry 82857.02 > 24234.95,20,27904,50,82857.025,24234.950999999997,311.72,141.56,52.03,118.11,200,poolAndRewire,,
805,bl_entry 82212.46 > 24234.95,17,27921,50,82212.455,24234.950999999997,309.45,138.38,50.84,120.2,200,poolAndRewire,,
806,bl_entry 81876.21 > 24234.95,20,27941,50,81876.21,24234.950999999997,302.37,136.1,48.27,117.98,200,poolAndRewire,,
807,bl_entry 80214.02 > 24234.95,11,27952,50,80214.02,24234.950999999997,309.97,137.08,52.27,120.59,200,poolAndRewire,,
808,bl_entry 78822.38 > 24234.95,16,27968,50,78822.38,24234.950999999997,308.77,135.5,52.05,121.2,200,poolAndRewire,,
809,bl_entry 79710.26 > 24234.95,15,27983,50,79710.255,24234.950999999997,306.38,137.28,48.77,120.3,200,poolAndRewire,,
810,bl_entry 80494.29 > 24234.95,21,28004,50,80494.295,24234.950999999997,307.17,135.86,50.87,120.42,200,poolAndRewire,,
811,bl_entry 81315.26 > 24234.95,22,28026,50,81315.265,24234.950999999997,310.16,135.83,51.24,123.06,200,poolAndRewire,,
812,bl_entry 83331.24 > 24234.95,25,28051,50,83331.245,24234.950999999997,305.12,136.54,48.01,120.54,200,poolAndRewire,,
813,bl_entry 83032.74 > 24234.95,28,28079,50,83032.74,24234.950999999997,308.03,136.72,51.4,119.88,200,poolAndRewire,,
814,bl_entry 81531.09 > 24234.95,16,28095,50,81531.085,24234.950999999997,308.33,138.06,50.2,120.05,200,poolAndRewire,,
815,bl_entry 82226.76 > 24234.95,14,28109,50,82226.76,24234.950999999997,1033.12,137.01,49.05,847.03,200,poolAndRewire,,
816,bl_entry 81582.34 > 24234.95,24,28133,50,81582.335,24234.950999999997,306.63,136.45,49.83,120.32,200,poolAndRewire,,
817,bl_entry 81087.76 > 24234.95,17,28150,50,81087.755,24234.950999999997,306.93,137.85,49.82,119.24,200,poolAndRewire,,
818,bl_entry 81550.01 > 24234.95,17,28167,50,81550.015,24234.950999999997,306.86,136.25,51.02,119.56,200,poolAndRewire,,
819,bl_entry 80202.07 > 24234.95,16,28183,50,80202.07,24234.950999999997,307.38,137.38,50.05,119.91,200,poolAndRewire,,
820,bl_entry 80129.46 > 24234.95,25,28208,50,80129.455,24234.950999999997,308.03,136.66,49.74,121.61,200,poolAndRewire,,
821,bl_entry 80008.45 > 24234.95,17,28225,50,80008.445,24234.950999999997,307.96,136.87,48.74,122.32,200,poolAndRewire,,
822,bl_entry 80246.15 > 24234.95,22,28247,50,80246.155,24234.950999999997,306.56,135.43,48.73,122.38,200,poolAndRewire,,
823,bl_entry 80711.70 > 24234.95,21,28268,50,80711.695,24234.950999999997,309.1,136.06,51.66,121.36,200,poolAndRewire,,
824,bl_entry 80354.63 > 24234.95,25,28293,50,80354.635,24234.950999999997,306.04,135.4,49.08,121.54,200,poolAndRewire,,
825,bl_entry 81088.38 > 24234.95,19,28312,50,81088.38,24234.950999999997,307.68,136.03,50.76,120.86,200,poolAndRewire,,
826,bl_entry 80308.81 > 24234.95,16,28328,50,80308.81,24234.950999999997,311.05,135.66,52.1,123.26,200,poolAndRewire,,
827,bl_entry 81462.43 > 24234.95,21,28349,50,81462.425,24234.950999999997,306.21,134.89,48.58,122.71,200,poolAndRewire,,
828,bl_entry 82244.36 > 24234.95,14,28363,50,82244.36,24234.950999999997,309.26,136.2,50.18,122.85,200,poolAndRewire,,
829,bl_entry 81627.70 > 24234.95,24,28387,50,81627.7,24234.950999999997,308.8,135.83,50.17,122.77,200,poolAndRewire,,
830,bl_entry 82172.68 > 24234.95,22,28409,50,82172.675,24234.950999999997,308.14,137.71,48.96,121.44,200,poolAndRewire,,
831,bl_entry 82407.44 > 24234.95,25,28434,50,82407.44,24234.950999999997,308.82,136.71,51.05,121.03,200,poolAndRewire,,
832,bl_entry 83227.00 > 24234.95,11,28445,50,83227.0,24234.950999999997,310.53,138.53,48.54,123.43,200,poolAndRewire,,
833,bl_entry 83922.85 > 24234.95,16,28461,50,83922.855,24234.950999999997,313.94,136.73,51.61,125.57,200,poolAndRewire,,
834,bl_entry 83829.74 > 24234.95,25,28486,50,83829.74,24234.950999999997,312.82,138.75,47.96,126.08,200,poolAndRewire,,
835,bl_entry 82856.29 > 24234.95,16,28502,50,82856.295,24234.950999999997,307.12,135.35,48.58,123.17,200,poolAndRewire,,
836,bl_entry 80071.02 > 24234.95,20,28522,50,80071.025,24234.950999999997,308.93,135.73,48.67,124.5,200,poolAndRewire,,
837,bl_entry 78847.13 > 24234.95,16,28538,50,78847.13,24234.950999999997,965.44,135.62,49.65,780.14,200,poolAndRewire,,
1,bl_entry 43796.38 > 24234.95,220,220,20,43796.375,24234.950999999997,172.63,118.01,30.81,23.78,500,poolAndRewire,,
2,bl_entry 43159.24 > 24234.95,67,287,40,43159.235,24234.950999999997,170.31,118.59,29.37,22.32,500,poolAndRewire,,
3,bl_entry 41208.85 > 24234.95,53,340,50,41208.85,24234.950999999997,177.75,118.67,36.35,22.71,500,poolAndRewire,,
4,bl_entry 42191.22 > 24234.95,73,413,50,42191.225,24234.950999999997,186.11,119.44,44.24,22.41,500,poolAndRewire,,
5,bl_entry 41168.14 > 24234.95,58,471,50,41168.145,24234.950999999997,186.37,118.2,44.57,23.58,500,poolAndRewire,,
6,bl_entry 41945.98 > 24234.95,47,518,50,41945.98,24234.950999999997,188.5,121.36,44.18,22.94,500,poolAndRewire,,
7,bl_entry 42604.44 > 24234.95,55,573,50,42604.44,24234.950999999997,184.78,118.65,43.52,22.58,500,poolAndRewire,,
8,bl_entry 42413.47 > 24234.95,49,622,50,42413.47,24234.950999999997,189.03,120.96,44.86,23.18,500,poolAndRewire,,
9,bl_entry 42190.04 > 24234.95,48,670,50,42190.035,24234.950999999997,186.13,118.39,43.84,23.87,500,poolAndRewire,,
10,bl_entry 41393.83 > 24234.95,48,718,50,41393.83,24234.950999999997,185.21,118.09,43.78,23.32,500,poolAndRewire,,
11,bl_entry 41299.99 > 24234.95,49,767,50,41299.99,24234.950999999997,185.48,118.93,43.45,23.07,500,poolAndRewire,,
12,bl_entry 41502.59 > 24234.95,57,824,50,41502.59,24234.950999999997,185.59,118.18,44.14,23.24,500,poolAndRewire,,
13,bl_entry 42528.74 > 24234.95,49,873,50,42528.74,24234.950999999997,189.77,120.14,45.05,24.55,500,poolAndRewire,,
14,bl_entry 42625.43 > 24234.95,53,926,50,42625.43,24234.950999999997,186.35,118.38,44.6,23.35,500,poolAndRewire,,
15,bl_entry 42758.61 > 24234.95,48,974,50,42758.615,24234.950999999997,188.22,119.75,44.74,23.72,500,poolAndRewire,,
16,bl_entry 42742.80 > 24234.95,49,1023,50,42742.8,24234.950999999997,189.01,119.39,43.84,25.76,500,poolAndRewire,,
17,bl_entry 42110.47 > 24234.95,47,1070,50,42110.475,24234.950999999997,189.55,120.18,45.13,24.21,500,poolAndRewire,,
18,bl_entry 42996.83 > 24234.95,52,1122,50,42996.835,24234.950999999997,188.07,119.5,44.45,24.11,500,poolAndRewire,,
19,bl_entry 41354.64 > 24234.95,47,1169,50,41354.645,24234.950999999997,188.29,118.62,44.01,25.63,500,poolAndRewire,,
20,bl_entry 40648.58 > 24234.95,46,1215,50,40648.585,24234.950999999997,189.18,119.87,44.9,24.39,500,poolAndRewire,,
21,bl_entry 40819.86 > 24234.95,57,1272,50,40819.86,24234.950999999997,186.28,117.78,43.78,24.7,500,poolAndRewire,,
22,bl_entry 39517.42 > 24234.95,51,1323,50,39517.415,24234.950999999997,188.74,118.33,44.7,25.69,500,poolAndRewire,,
23,bl_entry 40751.90 > 24234.95,43,1366,50,40751.905,24234.950999999997,187.15,118.72,43.61,24.81,500,poolAndRewire,,
24,bl_entry 41648.99 > 24234.95,60,1426,50,41648.985,24234.950999999997,189.32,119.65,44.94,24.71,500,poolAndRewire,,
25,bl_entry 40936.76 > 24234.95,51,1477,50,40936.76,24234.950999999997,189.65,118.2,45.18,26.25,500,poolAndRewire,,
26,bl_entry 42086.69 > 24234.95,47,1524,50,42086.695,24234.950999999997,189.31,118.97,45.02,25.3,500,poolAndRewire,,
27,bl_entry 41815.78 > 24234.95,44,1568,50,41815.78,24234.950999999997,191.68,121.0,45.74,24.92,500,poolAndRewire,,
28,bl_entry 41351.98 > 24234.95,55,1623,50,41351.98,24234.950999999997,190.52,118.74,45.1,26.66,500,poolAndRewire,,
29,bl_entry 40892.71 > 24234.95,44,1667,50,40892.705,24234.950999999997,190.07,119.98,44.9,25.18,500,poolAndRewire,,
30,bl_entry 39427.51 > 24234.95,58,1725,50,39427.515,24234.950999999997,188.15,118.69,43.9,25.54,500,poolAndRewire,,
31,bl_entry 39269.22 > 24234.95,42,1767,50,39269.225,24234.950999999997,192.07,119.5,45.9,26.65,500,poolAndRewire,,
32,bl_entry 38567.20 > 24234.95,54,1821,50,38567.2,24234.950999999997,190.06,119.56,44.36,26.12,500,poolAndRewire,,
33,bl_entry 40048.60 > 24234.95,59,1880,50,40048.595,24234.950999999997,190.49,118.71,46.05,25.71,500,poolAndRewire,,
34,bl_entry 40526.17 > 24234.95,55,1935,50,40526.165,24234.950999999997,188.45,117.51,43.89,27.03,500,poolAndRewire,,
35,bl_entry 40694.57 > 24234.95,50,1985,50,40694.575,24234.950999999997,188.83,118.82,43.78,26.2,500,poolAndRewire,,
36,bl_entry 41967.65 > 24234.95,48,2033,50,41967.65,24234.950999999997,188.54,117.16,44.4,26.97,500,poolAndRewire,,
37,bl_entry 41170.61 > 24234.95,60,2093,50,41170.605,24234.950999999997,189.5,117.64,44.49,27.34,500,poolAndRewire,,
38,bl_entry 41825.14 > 24234.95,40,2133,50,41825.135,24234.950999999997,190.55,119.21,44.91,26.41,500,poolAndRewire,,
39,bl_entry 42818.44 > 24234.95,51,2184,50,42818.445,24234.950999999997,189.24,118.63,44.27,26.33,500,poolAndRewire,,
40,bl_entry 41185.05 > 24234.95,45,2229,50,41185.05,24234.950999999997,191.36,119.89,43.71,27.74,500,poolAndRewire,,
41,bl_entry 40667.36 > 24234.95,50,2279,50,40667.365,24234.950999999997,189.99,118.64,44.41,26.92,500,poolAndRewire,,
42,bl_entry 40929.55 > 24234.95,50,2329,50,40929.55,24234.950999999997,188.46,117.14,44.49,26.81,500,poolAndRewire,,
43,bl_entry 39879.42 > 24234.95,46,2375,50,39879.415,24234.950999999997,189.68,116.93,43.9,28.83,500,poolAndRewire,,
44,bl_entry 40676.27 > 24234.95,53,2428,50,40676.27,24234.950999999997,188.1,117.38,43.52,27.18,500,poolAndRewire,,
45,bl_entry 41688.86 > 24234.95,48,2476,50,41688.865,24234.950999999997,191.87,118.58,45.92,27.35,500,poolAndRewire,,
46,bl_entry 41438.94 > 24234.95,47,2523,50,41438.94,24234.950999999997,190.01,117.18,44.45,28.36,500,poolAndRewire,,
47,bl_entry 41972.54 > 24234.95,41,2564,50,41972.545,24234.950999999997,190.14,118.24,44.65,27.24,500,poolAndRewire,,
48,bl_entry 41866.84 > 24234.95,48,2612,50,41866.84,24234.950999999997,191.69,118.37,45.62,27.69,500,poolAndRewire,,
49,bl_entry 41186.74 > 24234.95,44,2656,50,41186.735,24234.950999999997,190.55,118.28,43.33,28.9,500,poolAndRewire,,
50,bl_entry 40627.92 > 24234.95,51,2707,50,40627.915,24234.950999999997,191.75,118.32,45.0,28.41,500,poolAndRewire,,
51,bl_entry 40382.22 > 24234.95,62,2769,50,40382.225,24234.950999999997,189.72,117.73,44.03,27.94,500,poolAndRewire,,
52,bl_entry 41083.33 > 24234.95,46,2815,50,41083.33,24234.950999999997,191.54,118.08,44.77,28.67,500,poolAndRewire,,
53,bl_entry 42129.22 > 24234.95,43,2858,50,42129.225,24234.950999999997,193.17,119.74,44.31,29.1,500,poolAndRewire,,
54,bl_entry 43581.68 > 24234.95,47,2905,50,43581.68,24234.950999999997,195.07,120.66,45.1,29.29,500,poolAndRewire,,
55,bl_entry 43329.11 > 24234.95,49,2954,50,43329.105,24234.950999999997,191.91,118.38,44.94,28.56,500,poolAndRewire,,
56,bl_entry 43380.75 > 24234.95,55,3009,50,43380.745,24234.950999999997,193.0,118.98,45.2,28.81,500,poolAndRewire,,
57,bl_entry 43575.11 > 24234.95,51,3060,50,43575.11,24234.950999999997,193.97,119.54,45.55,28.85,500,poolAndRewire,,
58,bl_entry 48891.56 > 24234.95,50,3110,50,48891.56,24234.950999999997,199.41,122.16,48.34,28.89,500,poolAndRewire,,
59,bl_entry 55194.83 > 24234.95,55,3165,50,55194.835,24234.950999999997,203.1,124.86,48.68,29.53,500,poolAndRewire,,
60,bl_entry 61007.00 > 24234.95,56,3221,50,61006.995,24234.950999999997,206.2,128.11,47.86,30.21,500,poolAndRewire,,
61,bl_entry 67357.86 > 24234.95,45,3266,50,67357.86,24234.950999999997,208.85,128.88,49.2,30.75,500,poolAndRewire,,
62,bl_entry 67420.65 > 24234.95,55,3321,50,67420.655,24234.950999999997,206.07,129.29,47.55,29.21,500,poolAndRewire,,
63,bl_entry 67539.30 > 24234.95,50,3371,50,67539.3,24234.950999999997,206.97,129.85,47.91,29.18,500,poolAndRewire,,
64,bl_entry 67505.66 > 24234.95,41,3412,50,67505.665,24234.950999999997,207.58,129.49,48.14,29.93,500,poolAndRewire,,
65,bl_entry 68011.20 > 24234.95,45,3457,50,68011.2,24234.950999999997,209.51,129.47,50.21,29.81,500,poolAndRewire,,
66,bl_entry 68570.06 > 24234.95,52,3509,50,68570.06,24234.950999999997,210.0,130.06,49.19,30.74,500,poolAndRewire,,
67,bl_entry 68258.97 > 24234.95,50,3559,50,68258.97,24234.950999999997,207.37,129.36,48.31,29.67,500,poolAndRewire,,
68,bl_entry 67862.76 > 24234.95,51,3610,50,67862.76,24234.950999999997,207.28,129.38,47.35,30.53,500,poolAndRewire,,
69,bl_entry 68150.81 > 24234.95,45,3655,50,68150.81,24234.950999999997,207.52,129.34,47.91,30.25,500,poolAndRewire,,
70,bl_entry 66619.70 > 24234.95,46,3701,50,66619.7,24234.950999999997,206.72,129.26,47.37,30.07,500,poolAndRewire,,
71,bl_entry 67401.65 > 24234.95,44,3745,50,67401.655,24234.950999999997,209.6,129.43,48.87,31.28,500,poolAndRewire,,
72,bl_entry 67067.53 > 24234.95,44,3789,50,67067.53,24234.950999999997,208.89,129.99,48.18,30.7,500,poolAndRewire,,
73,bl_entry 65259.76 > 24234.95,71,3860,50,65259.765,24234.950999999997,211.81,129.81,49.6,32.39,500,poolAndRewire,,
74,bl_entry 65950.82 > 24234.95,35,3895,50,65950.825,24234.950999999997,208.96,129.77,48.05,31.12,500,poolAndRewire,,
75,bl_entry 65552.95 > 24234.95,48,3943,50,65552.945,24234.950999999997,209.66,128.37,49.44,31.82,500,poolAndRewire,,
76,bl_entry 67411.04 > 24234.95,46,3989,50,67411.045,24234.950999999997,210.53,129.1,49.09,32.33,500,poolAndRewire,,
77,bl_entry 67544.76 > 24234.95,47,4036,50,67544.765,24234.950999999997,208.22,129.0,46.57,32.63,500,poolAndRewire,,
78,bl_entry 68476.35 > 24234.95,50,4086,50,68476.355,24234.950999999997,211.81,129.85,48.19,33.74,500,poolAndRewire,,
79,bl_entry 69646.23 > 24234.95,48,4134,50,69646.225,24234.950999999997,210.14,130.17,47.72,32.24,500,poolAndRewire,,
80,bl_entry 68911.07 > 24234.95,51,4185,50,68911.065,24234.950999999997,211.25,129.45,48.9,32.89,500,poolAndRewire,,
81,bl_entry 69961.26 > 24234.95,48,4233,50,69961.26,24234.950999999997,212.52,130.22,49.3,32.99,500,poolAndRewire,,
82,bl_entry 70032.90 > 24234.95,53,4286,50,70032.905,24234.950999999997,212.66,130.22,49.11,33.3,500,poolAndRewire,,
83,bl_entry 68828.01 > 24234.95,50,4336,50,68828.005,24234.950999999997,213.06,129.75,48.73,34.55,500,poolAndRewire,,
84,bl_entry 67098.95 > 24234.95,45,4381,50,67098.945,24234.950999999997,209.27,128.11,47.27,33.87,500,poolAndRewire,,
85,bl_entry 65545.57 > 24234.95,47,4428,50,65545.575,24234.950999999997,211.84,129.29,47.46,35.07,500,poolAndRewire,,
86,bl_entry 63970.49 > 24234.95,49,4477,50,63970.49,24234.950999999997,210.66,128.36,48.46,33.82,500,poolAndRewire,,
87,bl_entry 65564.03 > 24234.95,45,4522,50,65564.03,24234.950999999997,214.17,128.67,50.1,35.39,500,poolAndRewire,,
88,bl_entry 67388.54 > 24234.95,46,4568,50,67388.54,24234.950999999997,213.43,128.65,50.18,34.58,500,poolAndRewire,,
89,bl_entry 69230.58 > 24234.95,54,4622,50,69230.58,24234.950999999997,215.57,129.95,49.82,35.78,500,poolAndRewire,,
90,bl_entry 70534.46 > 24234.95,44,4666,50,70534.46,24234.950999999997,213.27,129.91,48.8,34.54,500,poolAndRewire,,
91,bl_entry 68531.64 > 24234.95,40,4706,50,68531.64,24234.950999999997,213.34,128.9,47.65,36.77,500,poolAndRewire,,
92,bl_entry 69920.33 > 24234.95,50,4756,50,69920.33,24234.950999999997,214.69,129.73,49.62,35.33,500,poolAndRewire,,
93,bl_entry 69923.06 > 24234.95,50,4806,50,69923.06,24234.950999999997,216.17,131.3,48.22,36.63,500,poolAndRewire,,
94,bl_entry 70147.66 > 24234.95,46,4852,50,70147.66,24234.950999999997,214.64,130.37,48.23,36.01,500,poolAndRewire,,
95,bl_entry 71474.18 > 24234.95,44,4896,50,71474.18,24234.950999999997,216.81,131.59,48.14,37.05,500,poolAndRewire,,
96,bl_entry 70662.79 > 24234.95,61,4957,50,70662.795,24234.950999999997,213.89,129.54,48.5,35.83,500,poolAndRewire,,
97,bl_entry 70004.76 > 24234.95,42,4999,50,70004.755,24234.950999999997,217.1,130.52,48.67,37.89,500,poolAndRewire,,
98,bl_entry 69585.13 > 24234.95,49,5048,50,69585.135,24234.950999999997,215.88,130.05,49.04,36.77,500,poolAndRewire,,
99,bl_entry 69643.81 > 24234.95,35,5083,50,69643.81,24234.950999999997,215.84,129.55,48.16,38.11,500,poolAndRewire,,
100,bl_entry 69202.62 > 24234.95,46,5129,50,69202.62,24234.950999999997,217.14,130.92,49.15,37.05,500,poolAndRewire,,
101,bl_entry 68392.77 > 24234.95,45,5174,50,68392.775,24234.950999999997,214.01,127.42,47.92,38.64,500,poolAndRewire,,
102,bl_entry 67299.38 > 24234.95,42,5216,50,67299.375,24234.950999999997,214.71,128.5,48.52,37.67,500,poolAndRewire,,
103,bl_entry 68129.70 > 24234.95,52,5268,50,68129.695,24234.950999999997,216.85,128.41,48.64,39.77,500,poolAndRewire,,
104,bl_entry 67785.47 > 24234.95,39,5307,50,67785.47,24234.950999999997,214.87,128.39,47.51,38.95,500,poolAndRewire,,
105,bl_entry 69767.85 > 24234.95,52,5359,50,69767.855,24234.950999999997,224.28,135.02,48.49,40.74,500,poolAndRewire,,
106,bl_entry 71596.66 > 24234.95,47,5406,50,71596.66,24234.950999999997,218.75,131.59,48.28,38.86,500,poolAndRewire,,
107,bl_entry 69987.23 > 24234.95,46,5452,50,69987.23,24234.950999999997,221.54,131.2,49.34,40.97,500,poolAndRewire,,
108,bl_entry 70407.46 > 24234.95,56,5508,50,70407.46,24234.950999999997,217.12,130.3,47.83,38.97,500,poolAndRewire,,
109,bl_entry 68877.48 > 24234.95,48,5556,50,68877.475,24234.950999999997,222.72,134.5,47.55,40.65,500,poolAndRewire,,
110,bl_entry 67703.84 > 24234.95,45,5601,50,67703.835,24234.950999999997,218.33,130.58,47.97,39.76,500,poolAndRewire,,
111,bl_entry 67725.40 > 24234.95,52,5653,50,67725.4,24234.950999999997,220.29,130.3,48.87,41.1,500,poolAndRewire,,
112,bl_entry 67007.11 > 24234.95,42,5695,50,67007.11,24234.950999999997,216.95,129.31,47.6,40.02,500,poolAndRewire,,
113,bl_entry 66360.96 > 24234.95,36,5731,50,66360.965,24234.950999999997,223.48,129.96,51.8,41.69,500,poolAndRewire,,
114,bl_entry 66221.48 > 24234.95,46,5777,50,66221.48,24234.950999999997,218.93,128.59,48.21,42.09,500,poolAndRewire,,
115,bl_entry 66992.71 > 24234.95,44,5821,50,66992.715,24234.950999999997,221.21,130.12,49.04,42.04,500,poolAndRewire,,
116,bl_entry 66218.32 > 24234.95,46,5867,50,66218.325,24234.950999999997,218.05,129.33,47.4,41.29,500,poolAndRewire,,
117,bl_entry 66782.35 > 24234.95,42,5909,50,66782.345,24234.950999999997,218.24,128.53,46.98,42.71,500,poolAndRewire,,
118,bl_entry 63068.33 > 24234.95,49,5958,50,63068.335,24234.950999999997,218.03,128.51,47.47,42.03,500,poolAndRewire,,
119,bl_entry 58372.01 > 24234.95,53,6011,50,58372.015,24234.950999999997,216.59,127.68,46.1,42.8,500,poolAndRewire,,
120,bl_entry 56260.21 > 24234.95,45,6056,50,56260.205,24234.950999999997,214.7,125.17,47.11,42.39,500,poolAndRewire,,
121,bl_entry 53810.64 > 24234.95,48,6104,50,53810.635,24234.950999999997,216.42,124.43,48.43,43.54,500,poolAndRewire,,
122,bl_entry 54562.09 > 24234.95,42,6146,50,54562.09,24234.950999999997,216.52,126.21,47.68,42.6,500,poolAndRewire,,
123,bl_entry 55252.98 > 24234.95,32,6178,50,55252.98,24234.950999999997,217.42,125.83,48.23,43.34,500,poolAndRewire,,
124,bl_entry 54852.31 > 24234.95,47,6225,50,54852.305,24234.950999999997,219.44,126.38,47.7,45.35,500,poolAndRewire,,
125,bl_entry 54072.94 > 24234.95,53,6278,50,54072.94,24234.950999999997,223.09,125.5,52.6,44.97,500,poolAndRewire,,
126,bl_entry 54335.97 > 24234.95,38,6316,50,54335.975,24234.950999999997,215.62,124.13,46.25,45.22,500,poolAndRewire,,
127,bl_entry 53966.86 > 24234.95,43,6359,50,53966.86,24234.950999999997,215.51,123.95,47.08,44.46,500,poolAndRewire,,
128,bl_entry 53527.75 > 24234.95,48,6407,50,53527.75,24234.950999999997,216.56,124.36,46.92,45.26,500,poolAndRewire,,
129,bl_entry 54483.46 > 24234.95,39,6446,50,54483.46,24234.950999999997,214.68,123.46,46.83,44.37,500,poolAndRewire,,
130,bl_entry 53950.60 > 24234.95,40,6486,50,53950.6,24234.950999999997,215.27,124.52,45.98,44.75,500,poolAndRewire,,
131,bl_entry 56390.38 > 24234.95,44,6530,50,56390.375,24234.950999999997,219.4,125.42,47.62,46.35,500,poolAndRewire,,
132,bl_entry 56978.24 > 24234.95,50,6580,50,56978.24,24234.950999999997,216.44,124.94,46.6,44.87,500,poolAndRewire,,
133,bl_entry 56963.18 > 24234.95,40,6620,50,56963.175,24234.950999999997,219.26,125.52,46.93,46.79,500,poolAndRewire,,
134,bl_entry 57785.75 > 24234.95,60,6680,50,57785.745,24234.950999999997,221.32,129.52,46.18,45.6,500,poolAndRewire,,
135,bl_entry 55686.32 > 24234.95,50,6730,50,55686.32,24234.950999999997,219.62,125.49,47.8,46.31,500,poolAndRewire,,
136,bl_entry 56630.00 > 24234.95,47,6777,50,56630.005,24234.950999999997,221.61,126.44,47.55,47.6,500,poolAndRewire,,
137,bl_entry 56019.50 > 24234.95,41,6818,50,56019.505,24234.950999999997,217.86,124.5,47.34,46.0,500,poolAndRewire,,
138,bl_entry 55165.43 > 24234.95,44,6862,50,55165.425,24234.950999999997,226.33,129.89,48.87,47.55,500,poolAndRewire,,
139,bl_entry 56302.89 > 24234.95,44,6906,50,56302.89,24234.950999999997,221.84,125.37,49.93,46.52,500,poolAndRewire,,
140,bl_entry 57257.80 > 24234.95,44,6950,50,57257.8,24234.950999999997,218.28,123.77,47.28,47.2,500,poolAndRewire,,
141,bl_entry 56535.50 > 24234.95,55,7005,50,56535.495,24234.950999999997,221.1,126.68,47.58,46.82,500,poolAndRewire,,
142,bl_entry 55768.94 > 24234.95,36,7041,50,55768.945,24234.950999999997,218.92,125.14,46.46,47.3,500,poolAndRewire,,
143,bl_entry 55562.33 > 24234.95,45,7086,50,55562.33,24234.950999999997,221.04,125.5,46.66,48.86,500,poolAndRewire,,
144,bl_entry 54329.36 > 24234.95,54,7140,50,54329.355,24234.950999999997,221.79,126.95,47.77,47.05,500,poolAndRewire,,
145,bl_entry 55394.43 > 24234.95,56,7196,50,55394.425,24234.950999999997,223.5,127.71,47.05,48.71,500,poolAndRewire,,
146,bl_entry 56334.30 > 24234.95,47,7243,50,56334.3,24234.950999999997,222.07,126.45,47.34,48.26,500,poolAndRewire,,
147,bl_entry 54682.45 > 24234.95,49,7292,50,54682.45,24234.950999999997,220.23,125.66,45.87,48.68,500,poolAndRewire,,
148,bl_entry 54759.75 > 24234.95,43,7335,50,54759.75,24234.950999999997,223.31,124.75,48.38,50.16,500,poolAndRewire,,
149,bl_entry 53790.67 > 24234.95,43,7378,50,53790.67,24234.950999999997,220.45,124.37,47.2,48.85,500,poolAndRewire,,
150,bl_entry 53914.75 > 24234.95,40,7418,50,53914.75,24234.950999999997,222.32,124.15,47.09,51.05,500,poolAndRewire,,
151,bl_entry 53790.40 > 24234.95,48,7466,50,53790.405,24234.950999999997,222.35,126.52,46.65,49.16,500,poolAndRewire,,
152,bl_entry 53145.94 > 24234.95,51,7517,50,53145.94,24234.950999999997,219.92,124.82,45.01,50.07,500,poolAndRewire,,
153,bl_entry 53855.31 > 24234.95,47,7564,50,53855.305,24234.950999999997,220.56,123.39,47.64,49.5,500,poolAndRewire,,
154,bl_entry 53199.00 > 24234.95,40,7604,50,53198.995,24234.950999999997,228.37,130.05,47.87,50.4,500,poolAndRewire,,
155,bl_entry 53250.05 > 24234.95,48,7652,50,53250.05,24234.950999999997,222.99,124.35,46.66,51.96,500,poolAndRewire,,
156,bl_entry 54241.04 > 24234.95,44,7696,50,54241.04,24234.950999999997,223.46,126.06,46.72,50.67,500,poolAndRewire,,
157,bl_entry 53664.67 > 24234.95,47,7743,50,53664.665,24234.950999999997,223.81,125.88,46.66,51.24,500,poolAndRewire,,
158,bl_entry 54429.03 > 24234.95,49,7792,50,54429.03,24234.950999999997,230.91,123.93,53.56,53.4,500,poolAndRewire,,
159,bl_entry 55081.93 > 24234.95,47,7839,50,55081.925,24234.950999999997,236.26,131.67,48.81,55.76,500,poolAndRewire,,
160,bl_entry 53343.43 > 24234.95,51,7890,50,53343.425,24234.950999999997,223.41,125.07,46.08,52.25,500,poolAndRewire,,
161,bl_entry 53860.52 > 24234.95,42,7932,50,53860.52,24234.950999999997,224.35,124.25,46.5,53.58,500,poolAndRewire,,
162,bl_entry 54875.79 > 24234.95,52,7984,50,54875.79,24234.950999999997,227.28,124.4,46.06,56.81,500,poolAndRewire,,
163,bl_entry 55466.07 > 24234.95,52,8036,50,55466.075,24234.950999999997,241.22,138.34,48.89,53.97,500,poolAndRewire,,
164,bl_entry 56691.50 > 24234.95,42,8078,50,56691.5,24234.950999999997,229.86,128.52,47.16,54.17,500,poolAndRewire,,
165,bl_entry 57327.44 > 24234.95,46,8124,50,57327.44,24234.950999999997,226.79,127.96,46.87,51.94,500,poolAndRewire,,
166,bl_entry 56145.08 > 24234.95,45,8169,50,56145.08,24234.950999999997,224.95,125.97,46.49,52.47,500,poolAndRewire,,
167,bl_entry 56218.59 > 24234.95,57,8226,50,56218.59,24234.950999999997,229.7,126.78,48.18,54.72,500,poolAndRewire,,
168,bl_entry 55218.41 > 24234.95,45,8271,50,55218.41,24234.950999999997,225.84,125.99,47.18,52.65,500,poolAndRewire,,
169,bl_entry 54409.78 > 24234.95,45,8316,50,54409.78,24234.950999999997,225.04,124.93,47.21,52.89,500,poolAndRewire,,
170,bl_entry 54557.34 > 24234.95,48,8364,50,54557.34,24234.950999999997,229.14,127.26,47.17,54.69,500,poolAndRewire,,
171,bl_entry 54101.49 > 24234.95,39,8403,50,54101.485,24234.950999999997,250.59,148.01,48.85,53.72,500,poolAndRewire,,
172,bl_entry 55761.75 > 24234.95,44,8447,50,55761.755,24234.950999999997,227.03,125.19,47.44,54.38,500,poolAndRewire,,
173,bl_entry 55904.96 > 24234.95,47,8494,50,55904.955,24234.950999999997,230.45,128.31,47.26,54.86,500,poolAndRewire,,
174,bl_entry 56612.33 > 24234.95,34,8528,50,56612.33,24234.950999999997,229.39,127.38,48.84,53.16,500,poolAndRewire,,
175,bl_entry 56396.10 > 24234.95,34,8562,50,56396.1,24234.950999999997,247.37,142.59,49.96,54.79,500,poolAndRewire,,
176,bl_entry 56117.88 > 24234.95,42,8604,50,56117.875,24234.950999999997,231.19,127.48,48.61,55.07,500,poolAndRewire,,
177,bl_entry 56145.24 > 24234.95,50,8654,50,56145.235,24234.950999999997,230.84,128.24,48.85,53.73,500,poolAndRewire,,
178,bl_entry 54551.95 > 24234.95,37,8691,50,54551.95,24234.950999999997,226.27,126.35,45.65,54.25,500,poolAndRewire,,
179,bl_entry 54338.19 > 24234.95,40,8731,50,54338.19,24234.950999999997,234.45,133.37,45.13,55.93,500,poolAndRewire,,
180,bl_entry 53478.75 > 24234.95,30,8761,50,53478.755,24234.950999999997,225.65,126.8,44.82,54.01,500,poolAndRewire,,
181,bl_entry 51933.51 > 24234.95,34,8795,50,51933.51,24234.950999999997,224.46,125.14,44.12,55.18,500,poolAndRewire,,
182,bl_entry 53401.62 > 24234.95,26,8821,50,53401.62,24234.950999999997,227.94,127.17,44.85,55.89,500,poolAndRewire,,
183,bl_entry 54248.75 > 24234.95,28,8849,50,54248.745,24234.950999999997,225.79,125.49,45.64,54.64,500,poolAndRewire,,
184,bl_entry 53098.25 > 24234.95,31,8880,50,53098.245,24234.950999999997,227.36,125.8,46.17,55.37,500,poolAndRewire,,
185,bl_entry 55164.59 > 24234.95,24,8904,50,55164.59,24234.950999999997,229.49,128.06,44.83,56.58,500,poolAndRewire,,
186,bl_entry 55327.81 > 24234.95,41,8945,50,55327.81,24234.950999999997,227.9,128.35,44.62,54.9,500,poolAndRewire,,
187,bl_entry 54656.25 > 24234.95,38,8983,50,54656.25,24234.950999999997,227.09,125.86,45.53,55.67,500,poolAndRewire,,
188,bl_entry 56057.32 > 24234.95,21,9004,50,56057.315,24234.950999999997,228.88,126.44,45.83,56.59,500,poolAndRewire,,
189,bl_entry 54330.21 > 24234.95,31,9035,50,54330.215,24234.950999999997,225.68,125.86,44.57,55.23,500,poolAndRewire,,
190,bl_entry 54202.00 > 24234.95,27,9062,50,54201.995,24234.950999999997,228.97,127.11,45.36,56.49,500,poolAndRewire,,
191,bl_entry 53456.11 > 24234.95,30,9092,50,53456.115,24234.950999999997,230.0,125.91,46.94,57.13,500,poolAndRewire,,
192,bl_entry 53065.19 > 24234.95,34,9126,50,53065.19,24234.950999999997,226.12,125.75,44.54,55.81,500,poolAndRewire,,
193,bl_entry 53901.92 > 24234.95,31,9157,50,53901.915,24234.950999999997,228.19,124.36,47.36,56.45,500,poolAndRewire,,
194,bl_entry 54144.90 > 24234.95,34,9191,50,54144.9,24234.950999999997,227.3,124.2,45.73,57.35,500,poolAndRewire,,
195,bl_entry 54978.49 > 24234.95,38,9229,50,54978.49,24234.950999999997,232.35,125.73,47.65,58.95,500,poolAndRewire,,
196,bl_entry 55115.17 > 24234.95,30,9259,50,55115.165,24234.950999999997,229.16,126.53,46.11,56.49,500,poolAndRewire,,
197,bl_entry 54676.93 > 24234.95,28,9287,50,54676.935,24234.950999999997,226.25,125.08,44.43,56.72,500,poolAndRewire,,
198,bl_entry 53285.00 > 24234.95,28,9315,50,53285.005,24234.950999999997,1429.14,125.66,45.19,1258.26,500,poolAndRewire,,
199,bl_entry 52769.01 > 24234.95,34,9349,50,52769.01,24234.950999999997,229.62,124.64,46.07,58.89,500,poolAndRewire,,
200,bl_entry 52705.43 > 24234.95,36,9385,50,52705.43,24234.950999999997,229.87,126.65,46.07,57.13,500,poolAndRewire,,
201,bl_entry 53119.42 > 24234.95,29,9414,50,53119.42,24234.950999999997,227.57,125.01,45.04,57.5,500,poolAndRewire,,
202,bl_entry 54596.30 > 24234.95,29,9443,50,54596.3,24234.950999999997,232.41,125.29,48.65,58.45,500,poolAndRewire,,
203,bl_entry 54751.92 > 24234.95,34,9477,50,54751.915,24234.950999999997,228.47,125.26,43.73,59.46,500,poolAndRewire,,
204,bl_entry 54799.39 > 24234.95,28,9505,50,54799.395,24234.950999999997,230.15,125.51,47.12,57.49,500,poolAndRewire,,
205,bl_entry 55343.49 > 24234.95,26,9531,50,55343.49,24234.950999999997,230.25,125.15,46.81,58.27,500,poolAndRewire,,
206,bl_entry 53232.47 > 24234.95,28,9559,50,53232.475,24234.950999999997,227.52,123.31,45.11,59.07,500,poolAndRewire,,
207,bl_entry 53727.53 > 24234.95,31,9590,50,53727.525,24234.950999999997,232.05,125.66,46.0,60.36,500,poolAndRewire,,
208,bl_entry 53743.74 > 24234.95,31,9621,50,53743.74,24234.950999999997,228.92,126.43,44.26,58.21,500,poolAndRewire,,
209,bl_entry 53068.11 > 24234.95,34,9655,50,53068.105,24234.950999999997,231.11,125.45,46.75,58.89,500,poolAndRewire,,
210,bl_entry 54050.71 > 24234.95,43,9698,50,54050.71,24234.950999999997,234.71,129.1,45.35,60.24,500,poolAndRewire,,
211,bl_entry 54767.42 > 24234.95,23,9721,50,54767.42,24234.950999999997,230.97,124.82,45.57,60.56,500,poolAndRewire,,
212,bl_entry 54088.06 > 24234.95,37,9758,50,54088.055,24234.950999999997,229.43,124.65,46.02,58.73,500,poolAndRewire,,
213,bl_entry 55167.14 > 24234.95,34,9792,50,55167.14,24234.950999999997,231.26,125.19,46.82,59.24,500,poolAndRewire,,
214,bl_entry 56658.82 > 24234.95,32,9824,50,56658.82,24234.950999999997,234.44,126.47,47.6,60.35,500,poolAndRewire,,
215,bl_entry 55904.75 > 24234.95,33,9857,50,55904.755,24234.950999999997,231.28,124.92,45.09,61.24,500,poolAndRewire,,
216,bl_entry 57351.22 > 24234.95,31,9888,50,57351.225,24234.950999999997,236.42,128.27,48.6,59.53,500,poolAndRewire,,
217,bl_entry 56868.82 > 24234.95,38,9926,50,56868.82,24234.950999999997,232.04,127.36,44.6,60.06,500,poolAndRewire,,
218,bl_entry 56580.34 > 24234.95,27,9953,50,56580.34,24234.950999999997,233.61,127.85,44.92,60.83,500,poolAndRewire,,
219,bl_entry 56846.25 > 24234.95,28,9981,50,56846.245,24234.950999999997,235.17,126.54,46.54,62.07,500,poolAndRewire,,
220,bl_entry 56296.28 > 24234.95,34,10015,50,56296.28,24234.950999999997,231.52,126.41,45.19,59.89,500,poolAndRewire,,
221,bl_entry 56258.07 > 24234.95,36,10051,50,56258.065,24234.950999999997,231.7,125.11,45.82,60.74,500,poolAndRewire,,
222,bl_entry 54892.33 > 24234.95,34,10085,50,54892.33,24234.950999999997,231.24,125.2,44.83,61.19,500,poolAndRewire,,
223,bl_entry 54289.72 > 24234.95,28,10113,50,54289.725,24234.950999999997,231.59,124.74,44.31,62.52,500,poolAndRewire,,
224,bl_entry 55470.43 > 24234.95,32,10145,50,55470.435,24234.950999999997,233.21,128.23,44.83,60.13,500,poolAndRewire,,
225,bl_entry 55914.75 > 24234.95,28,10173,50,55914.745,24234.950999999997,235.41,128.79,45.29,61.31,500,poolAndRewire,,
226,bl_entry 55915.46 > 24234.95,32,10205,50,55915.465,24234.950999999997,236.38,128.37,45.72,62.27,500,poolAndRewire,,
227,bl_entry 56708.56 > 24234.95,49,10254,50,56708.56,24234.950999999997,238.48,128.93,46.41,63.12,500,poolAndRewire,,
228,bl_entry 54811.57 > 24234.95,28,10282,50,54811.565,24234.950999999997,234.86,127.67,46.17,61.0,500,poolAndRewire,,
229,bl_entry 53325.62 > 24234.95,33,10315,50,53325.625,24234.950999999997,235.27,126.06,47.5,61.68,500,poolAndRewire,,
230,bl_entry 52877.64 > 24234.95,32,10347,50,52877.645,24234.950999999997,231.92,124.95,44.28,62.66,500,poolAndRewire,,
231,bl_entry 52011.29 > 24234.95,34,10381,50,52011.295,24234.950999999997,235.53,125.08,46.44,63.99,500,poolAndRewire,,
232,bl_entry 51444.31 > 24234.95,22,10403,50,51444.305,24234.950999999997,234.71,124.19,45.65,64.86,500,poolAndRewire,,
233,bl_entry 51614.01 > 24234.95,37,10440,50,51614.015,24234.950999999997,230.46,124.57,44.02,61.84,500,poolAndRewire,,
234,bl_entry 53369.61 > 24234.95,34,10474,50,53369.61,24234.950999999997,233.96,124.7,46.47,62.77,500,poolAndRewire,,
235,bl_entry 54448.10 > 24234.95,24,10498,50,54448.095,24234.950999999997,232.43,125.16,44.04,63.21,500,poolAndRewire,,
236,bl_entry 54060.95 > 24234.95,29,10527,50,54060.95,24234.950999999997,231.96,124.41,43.57,63.95,500,poolAndRewire,,
237,bl_entry 53708.07 > 24234.95,37,10564,50,53708.075,24234.950999999997,232.53,123.01,44.55,64.95,500,poolAndRewire,,
238,bl_entry 52557.54 > 24234.95,35,10599,50,52557.545,24234.950999999997,238.39,126.01,46.78,65.59,500,poolAndRewire,,
239,bl_entry 51427.75 > 24234.95,33,10632,50,51427.75,24234.950999999997,232.7,124.08,45.85,62.75,500,poolAndRewire,,
240,bl_entry 53056.13 > 24234.95,35,10667,50,53056.13,24234.950999999997,234.65,126.66,44.75,63.22,500,poolAndRewire,,
241,bl_entry 53749.61 > 24234.95,32,10699,50,53749.605,24234.950999999997,232.43,125.87,42.51,64.03,500,poolAndRewire,,
242,bl_entry 54549.94 > 24234.95,48,10747,50,54549.94,24234.950999999997,236.77,124.91,46.71,65.13,500,poolAndRewire,,
243,bl_entry 54445.09 > 24234.95,26,10773,50,54445.09,24234.950999999997,240.05,128.7,45.79,65.54,500,poolAndRewire,,
244,bl_entry 54476.38 > 24234.95,25,10798,50,54476.375,24234.950999999997,236.26,124.98,45.14,66.11,500,poolAndRewire,,
245,bl_entry 54264.04 > 24234.95,28,10826,50,54264.04,24234.950999999997,234.83,126.23,45.11,63.46,500,poolAndRewire,,
246,bl_entry 53293.18 > 24234.95,29,10855,50,53293.18,24234.950999999997,238.19,127.12,47.09,63.96,500,poolAndRewire,,
247,bl_entry 54047.13 > 24234.95,25,10880,50,54047.13,24234.950999999997,234.14,125.24,43.84,65.05,500,poolAndRewire,,
248,bl_entry 53300.51 > 24234.95,34,10914,50,53300.51,24234.950999999997,236.39,125.01,45.66,65.69,500,poolAndRewire,,
249,bl_entry 52683.29 > 24234.95,43,10957,50,52683.29,24234.950999999997,236.85,125.34,44.14,67.35,500,poolAndRewire,,
250,bl_entry 53015.49 > 24234.95,27,10984,50,53015.49,24234.950999999997,239.61,126.14,46.53,66.92,500,poolAndRewire,,
251,bl_entry 52742.63 > 24234.95,34,11018,50,52742.63,24234.950999999997,234.98,124.63,46.09,64.24,500,poolAndRewire,,
252,bl_entry 53380.66 > 24234.95,33,11051,50,53380.66,24234.950999999997,235.05,125.37,44.74,64.91,500,poolAndRewire,,
253,bl_entry 54231.50 > 24234.95,39,11090,50,54231.495,24234.950999999997,239.25,126.55,46.98,65.69,500,poolAndRewire,,
254,bl_entry 55377.32 > 24234.95,30,11120,50,55377.325,24234.950999999997,236.65,125.37,44.78,66.48,500,poolAndRewire,,
255,bl_entry 55748.93 > 24234.95,32,11152,50,55748.935,24234.950999999997,294.1,149.38,56.72,87.98,500,poolAndRewire,,
256,bl_entry 56282.53 > 24234.95,28,11180,50,56282.525,24234.950999999997,263.35,135.74,50.54,77.05,500,poolAndRewire,,
257,bl_entry 56865.84 > 24234.95,38,11218,50,56865.84,24234.950999999997,241.28,127.82,46.95,66.49,500,poolAndRewire,,
258,bl_entry 54373.93 > 24234.95,37,11255,50,54373.935,24234.950999999997,235.48,125.49,43.27,66.69,500,poolAndRewire,,
259,bl_entry 53439.71 > 24234.95,31,11286,50,53439.705,24234.950999999997,236.92,125.81,44.34,66.75,500,poolAndRewire,,
260,bl_entry 51621.90 > 24234.95,17,11303,50,51621.905,24234.950999999997,237.94,124.23,46.62,67.08,500,poolAndRewire,,
261,bl_entry 50660.68 > 24234.95,35,11338,50,50660.68,24234.950999999997,238.53,125.75,44.88,67.88,500,poolAndRewire,,
262,bl_entry 51647.58 > 24234.95,36,11374,50,51647.585,24234.950999999997,240.55,125.9,45.81,68.82,500,poolAndRewire,,
263,bl_entry 52718.04 > 24234.95,45,11419,50,52718.04,24234.950999999997,235.49,124.54,44.71,66.21,500,poolAndRewire,,
264,bl_entry 53528.42 > 24234.95,39,11458,50,53528.42,24234.950999999997,237.64,125.88,44.92,66.81,500,poolAndRewire,,
265,bl_entry 54073.86 > 24234.95,32,11490,50,54073.865,24234.950999999997,240.98,126.36,47.06,67.54,500,poolAndRewire,,
266,bl_entry 55121.61 > 24234.95,33,11523,50,55121.615,24234.950999999997,239.21,126.5,44.31,68.38,500,poolAndRewire,,
267,bl_entry 54072.17 > 24234.95,34,11557,50,54072.17,24234.950999999997,239.43,124.67,45.87,68.87,500,poolAndRewire,,
268,bl_entry 54998.22 > 24234.95,38,11595,50,54998.225,24234.950999999997,240.32,125.78,45.17,69.35,500,poolAndRewire,,
269,bl_entry 54561.50 > 24234.95,39,11634,50,54561.5,24234.950999999997,235.3,124.88,43.01,67.39,500,poolAndRewire,,
270,bl_entry 54306.77 > 24234.95,34,11668,50,54306.77,24234.950999999997,240.0,124.27,46.92,68.8,500,poolAndRewire,,
271,bl_entry 55399.74 > 24234.95,24,11692,50,55399.735,24234.950999999997,239.08,126.15,44.78,68.13,500,poolAndRewire,,
272,bl_entry 54724.71 > 24234.95,41,11733,50,54724.715,24234.950999999997,241.34,126.1,46.37,68.85,500,poolAndRewire,,
273,bl_entry 55275.92 > 24234.95,34,11767,50,55275.92,24234.950999999997,241.43,126.39,45.99,69.02,500,poolAndRewire,,
274,bl_entry 56674.17 > 24234.95,28,11795,50,56674.17,24234.950999999997,242.36,126.49,46.36,69.5,500,poolAndRewire,,
275,bl_entry 56433.96 > 24234.95,46,11841,50,56433.955,24234.950999999997,244.08,127.38,46.67,70.01,500,poolAndRewire,,
276,bl_entry 55800.69 > 24234.95,42,11883,50,55800.69,24234.950999999997,243.3,126.59,45.92,70.77,500,poolAndRewire,,
277,bl_entry 56418.93 > 24234.95,31,11914,50,56418.93,24234.950999999997,242.89,125.57,45.31,71.99,500,poolAndRewire,,
278,bl_entry 60900.24 > 24234.95,44,11958,50,60900.235,24234.950999999997,252.24,126.86,50.57,74.78,500,poolAndRewire,,
279,bl_entry 66414.79 > 24234.95,37,11995,50,66414.795,24234.950999999997,248.37,129.19,49.93,69.23,500,poolAndRewire,,
280,bl_entry 74035.82 > 24234.95,32,12027,50,74035.825,24234.950999999997,253.04,133.23,50.73,69.06,500,poolAndRewire,,
281,bl_entry 79531.73 > 24234.95,34,12061,50,79531.725,24234.950999999997,253.59,133.4,51.34,68.83,500,poolAndRewire,,
282,bl_entry 79310.91 > 24234.95,48,12109,50,79310.915,24234.950999999997,256.12,136.32,50.1,69.68,500,poolAndRewire,,
283,bl_entry 79612.92 > 24234.95,41,12150,50,79612.92,24234.950999999997,253.94,133.62,49.73,70.57,500,poolAndRewire,,
284,bl_entry 77667.86 > 24234.95,38,12188,50,77667.86,24234.950999999997,253.42,132.77,50.26,70.37,500,poolAndRewire,,
285,bl_entry 77605.84 > 24234.95,42,12230,50,77605.84,24234.950999999997,255.68,133.76,50.29,71.6,500,poolAndRewire,,
286,bl_entry 77564.65 > 24234.95,33,12263,50,77564.655,24234.950999999997,257.12,135.75,49.99,71.35,500,poolAndRewire,,
287,bl_entry 76985.88 > 24234.95,41,12304,50,76985.88,24234.950999999997,257.07,134.66,50.45,71.94,500,poolAndRewire,,
288,bl_entry 78796.88 > 24234.95,42,12346,50,78796.885,24234.950999999997,1226.46,134.22,50.02,1042.19,500,poolAndRewire,,
289,bl_entry 80378.57 > 24234.95,36,12382,50,80378.575,24234.950999999997,257.18,134.09,50.24,72.82,500,poolAndRewire,,
290,bl_entry 81882.74 > 24234.95,43,12425,50,81882.735,24234.950999999997,258.35,138.21,50.19,69.93,500,poolAndRewire,,
291,bl_entry 83143.16 > 24234.95,39,12464,50,83143.16,24234.950999999997,255.13,133.84,50.9,70.37,500,poolAndRewire,,
292,bl_entry 82361.76 > 24234.95,36,12500,50,82361.76,24234.950999999997,258.25,134.78,51.42,72.02,500,poolAndRewire,,
293,bl_entry 81730.18 > 24234.95,39,12539,50,81730.185,24234.950999999997,255.73,134.8,49.27,71.64,500,poolAndRewire,,
294,bl_entry 80058.72 > 24234.95,31,12570,50,80058.72,24234.950999999997,256.9,134.03,51.15,71.68,500,poolAndRewire,,
295,bl_entry 79356.13 > 24234.95,39,12609,50,79356.13,24234.950999999997,257.22,134.24,50.46,72.5,500,poolAndRewire,,
296,bl_entry 78603.65 > 24234.95,27,12636,50,78603.65,24234.950999999997,258.3,135.55,49.87,72.85,500,poolAndRewire,,
297,bl_entry 77482.68 > 24234.95,40,12676,50,77482.675,24234.950999999997,262.52,133.08,56.3,73.12,500,poolAndRewire,,
298,bl_entry 76933.05 > 24234.95,37,12713,50,76933.055,24234.950999999997,258.22,134.16,50.36,73.68,500,poolAndRewire,,
299,bl_entry 76712.40 > 24234.95,33,12746,50,76712.405,24234.950999999997,255.52,132.36,49.12,74.02,500,poolAndRewire,,
300,bl_entry 77856.37 > 24234.95,39,12785,50,77856.365,24234.950999999997,259.47,133.54,51.12,74.79,500,poolAndRewire,,
301,bl_entry 78006.02 > 24234.95,37,12822,50,78006.025,24234.950999999997,260.73,135.29,50.62,74.79,500,poolAndRewire,,
302,bl_entry 78028.76 > 24234.95,36,12858,50,78028.76,24234.950999999997,258.64,136.02,50.7,71.9,500,poolAndRewire,,
303,bl_entry 78070.10 > 24234.95,39,12897,50,78070.095,24234.950999999997,257.17,134.6,50.2,72.35,500,poolAndRewire,,
304,bl_entry 77510.71 > 24234.95,38,12935,50,77510.715,24234.950999999997,256.22,132.85,50.75,72.6,500,poolAndRewire,,
305,bl_entry 77512.02 > 24234.95,45,12980,50,77512.025,24234.950999999997,256.97,133.46,49.92,73.57,500,poolAndRewire,,
306,bl_entry 78959.62 > 24234.95,34,13014,50,78959.615,24234.950999999997,258.13,135.74,48.5,73.86,500,poolAndRewire,,
307,bl_entry 79904.26 > 24234.95,37,13051,50,79904.255,24234.950999999997,260.35,134.55,50.85,74.92,500,poolAndRewire,,
308,bl_entry 80597.66 > 24234.95,42,13093,50,80597.66,24234.950999999997,261.2,136.14,50.58,74.46,500,poolAndRewire,,
309,bl_entry 81196.84 > 24234.95,35,13128,50,81196.835,24234.950999999997,257.07,133.08,49.36,74.6,500,poolAndRewire,,
310,bl_entry 81177.60 > 24234.95,42,13170,50,81177.6,24234.950999999997,256.04,131.83,49.97,74.21,500,poolAndRewire,,
311,bl_entry 81182.59 > 24234.95,41,13211,50,81182.585,24234.950999999997,263.41,136.79,50.72,75.86,500,poolAndRewire,,
312,bl_entry 80906.54 > 24234.95,40,13251,50,80906.545,24234.950999999997,258.68,134.77,48.92,74.96,500,poolAndRewire,,
313,bl_entry 79966.12 > 24234.95,30,13281,50,79966.12,24234.950999999997,260.55,134.83,50.69,75.0,500,poolAndRewire,,
314,bl_entry 79556.63 > 24234.95,35,13316,50,79556.635,24234.950999999997,266.74,137.6,50.44,78.67,500,poolAndRewire,,
315,bl_entry 79295.62 > 24234.95,34,13350,50,79295.615,24234.950999999997,265.36,139.49,50.59,75.25,500,poolAndRewire,,
316,bl_entry 79288.47 > 24234.95,38,13388,50,79288.47,24234.950999999997,263.93,137.06,51.16,75.69,500,poolAndRewire,,
317,bl_entry 79453.35 > 24234.95,29,13417,50,79453.35,24234.950999999997,260.11,133.25,50.98,75.86,500,poolAndRewire,,
318,bl_entry 78708.40 > 24234.95,43,13460,50,78708.4,24234.950999999997,279.84,151.4,51.55,76.86,500,poolAndRewire,,
319,bl_entry 79068.49 > 24234.95,30,13490,50,79068.495,24234.950999999997,263.77,136.26,51.49,75.99,500,poolAndRewire,,
320,bl_entry 79216.64 > 24234.95,28,13518,50,79216.64,24234.950999999997,261.92,135.23,50.13,76.54,500,poolAndRewire,,
321,bl_entry 80671.74 > 24234.95,37,13555,50,80671.745,24234.950999999997,269.7,134.86,51.1,83.72,500,poolAndRewire,,
322,bl_entry 80842.65 > 24234.95,42,13597,50,80842.655,24234.950999999997,265.69,137.7,51.04,76.94,500,poolAndRewire,,
323,bl_entry 79783.62 > 24234.95,35,13632,50,79783.62,24234.950999999997,261.47,135.09,50.21,76.15,500,poolAndRewire,,
324,bl_entry 80213.42 > 24234.95,39,13671,50,80213.42,24234.950999999997,261.18,132.91,51.82,76.43,500,poolAndRewire,,
325,bl_entry 78706.29 > 24234.95,30,13701,50,78706.285,24234.950999999997,279.82,149.69,51.97,78.14,500,poolAndRewire,,
326,bl_entry 80739.88 > 24234.95,35,13736,50,80739.88,24234.950999999997,269.05,142.42,50.2,76.41,500,poolAndRewire,,
327,bl_entry 80562.07 > 24234.95,41,13777,50,80562.065,24234.950999999997,261.86,134.86,49.71,77.27,500,poolAndRewire,,
328,bl_entry 79283.68 > 24234.95,34,13811,50,79283.675,24234.950999999997,263.86,135.7,49.95,78.19,500,poolAndRewire,,
329,bl_entry 79152.74 > 24234.95,38,13849,50,79152.735,24234.950999999997,279.2,148.4,51.19,79.58,500,poolAndRewire,,
330,bl_entry 77964.07 > 24234.95,38,13887,50,77964.075,24234.950999999997,265.02,134.65,51.94,78.41,500,poolAndRewire,,
331,bl_entry 78251.16 > 24234.95,35,13922,50,78251.165,24234.950999999997,263.27,134.53,51.49,77.22,500,poolAndRewire,,
332,bl_entry 79235.65 > 24234.95,30,13952,50,79235.655,24234.950999999997,265.79,137.88,49.72,78.16,500,poolAndRewire,,
333,bl_entry 79991.79 > 24234.95,39,13991,50,79991.795,24234.950999999997,265.71,137.25,50.65,77.79,500,poolAndRewire,,
334,bl_entry 80338.74 > 24234.95,43,14034,50,80338.735,24234.950999999997,263.02,134.03,50.88,78.08,500,poolAndRewire,,
335,bl_entry 81721.54 > 24234.95,38,14072,50,81721.545,24234.950999999997,267.07,137.1,51.66,78.28,500,poolAndRewire,,
336,bl_entry 81138.51 > 24234.95,38,14110,50,81138.515,24234.950999999997,265.32,136.02,50.81,78.47,500,poolAndRewire,,
337,bl_entry 80033.66 > 24234.95,38,14148,50,80033.665,24234.950999999997,262.67,134.36,49.56,78.73,500,poolAndRewire,,
338,bl_entry 77382.82 > 24234.95,43,14191,50,77382.815,24234.950999999997,259.94,131.92,49.74,78.26,500,poolAndRewire,,
339,bl_entry 74721.38 > 24234.95,34,14225,50,74721.385,24234.950999999997,262.99,133.65,50.59,78.73,500,poolAndRewire,,
340,bl_entry 73043.58 > 24234.95,47,14272,50,73043.58,24234.950999999997,262.2,133.93,49.32,78.93,500,poolAndRewire,,
341,bl_entry 71428.96 > 24234.95,44,14316,50,71428.96,24234.950999999997,261.42,132.12,50.21,79.07,500,poolAndRewire,,
342,bl_entry 72387.96 > 24234.95,42,14358,50,72387.965,24234.950999999997,263.01,134.89,48.73,79.36,500,poolAndRewire,,
343,bl_entry 72344.01 > 24234.95,38,14396,50,72344.005,24234.950999999997,262.63,132.03,51.33,79.24,500,poolAndRewire,,
344,bl_entry 71406.57 > 24234.95,40,14436,50,71406.565,24234.950999999997,260.69,132.29,49.22,79.16,500,poolAndRewire,,
345,bl_entry 71864.42 > 24234.95,44,14480,50,71864.42,24234.950999999997,264.88,132.72,50.24,81.9,500,poolAndRewire,,
346,bl_entry 70047.11 > 24234.95,33,14513,50,70047.11,24234.950999999997,261.51,130.44,48.71,82.34,500,poolAndRewire,,
347,bl_entry 69835.22 > 24234.95,40,14553,50,69835.22,24234.950999999997,265.62,133.59,49.72,82.29,500,poolAndRewire,,
348,bl_entry 70368.12 > 24234.95,42,14595,50,70368.115,24234.950999999997,264.46,132.2,50.23,82.0,500,poolAndRewire,,
349,bl_entry 68910.24 > 24234.95,38,14633,50,68910.235,24234.950999999997,265.04,132.55,50.3,82.17,500,poolAndRewire,,
350,bl_entry 69914.13 > 24234.95,32,14665,50,69914.13,24234.950999999997,264.01,132.67,49.64,81.68,500,poolAndRewire,,
351,bl_entry 69233.45 > 24234.95,39,14704,50,69233.45,24234.950999999997,263.14,131.38,49.45,82.29,500,poolAndRewire,,
352,bl_entry 69312.38 > 24234.95,40,14744,50,69312.375,24234.950999999997,261.54,130.6,49.38,81.54,500,poolAndRewire,,
353,bl_entry 69027.77 > 24234.95,38,14782,50,69027.77,24234.950999999997,261.35,131.83,48.1,81.4,500,poolAndRewire,,
354,bl_entry 69172.44 > 24234.95,39,14821,50,69172.44,24234.950999999997,267.65,131.57,48.9,87.16,500,poolAndRewire,,
355,bl_entry 68579.61 > 24234.95,38,14859,50,68579.61,24234.950999999997,262.99,131.24,49.5,82.23,500,poolAndRewire,,
356,bl_entry 68415.87 > 24234.95,30,14889,50,68415.865,24234.950999999997,259.75,131.26,47.38,81.08,500,poolAndRewire,,
357,bl_entry 69637.91 > 24234.95,35,14924,50,69637.91,24234.950999999997,265.45,132.12,49.12,84.18,500,poolAndRewire,,
358,bl_entry 68974.55 > 24234.95,30,14954,50,68974.555,24234.950999999997,265.8,131.56,49.85,84.37,500,poolAndRewire,,
359,bl_entry 70108.38 > 24234.95,48,15002,50,70108.385,24234.950999999997,264.67,131.82,48.49,84.34,500,poolAndRewire,,
360,bl_entry 70602.45 > 24234.95,33,15035,50,70602.445,24234.950999999997,263.73,128.86,50.44,84.41,500,poolAndRewire,,
361,bl_entry 70728.40 > 24234.95,30,15065,50,70728.405,24234.950999999997,266.31,132.12,50.18,83.98,500,poolAndRewire,,
362,bl_entry 70373.26 > 24234.95,36,15101,50,70373.265,24234.950999999997,263.3,131.16,48.1,84.01,500,poolAndRewire,,
363,bl_entry 69260.73 > 24234.95,43,15144,50,69260.725,24234.950999999997,263.49,131.23,48.67,83.56,500,poolAndRewire,,
364,bl_entry 68586.18 > 24234.95,38,15182,50,68586.185,24234.950999999997,263.29,130.69,48.84,83.73,500,poolAndRewire,,
365,bl_entry 68639.70 > 24234.95,38,15220,50,68639.695,24234.950999999997,263.97,131.11,49.47,83.37,500,poolAndRewire,,
366,bl_entry 69048.30 > 24234.95,33,15253,50,69048.3,24234.950999999997,265.68,133.92,48.42,83.32,500,poolAndRewire,,
367,bl_entry 70611.52 > 24234.95,51,15304,50,70611.52,24234.950999999997,265.76,134.15,48.91,82.69,500,poolAndRewire,,
368,bl_entry 70824.14 > 24234.95,35,15339,50,70824.14,24234.950999999997,263.93,131.48,49.65,82.78,500,poolAndRewire,,
369,bl_entry 71993.29 > 24234.95,42,15381,50,71993.285,24234.950999999997,266.9,131.42,49.56,85.9,500,poolAndRewire,,
370,bl_entry 71205.99 > 24234.95,42,15423,50,71205.985,24234.950999999997,1309.39,130.3,49.57,1129.49,500,poolAndRewire,,
371,bl_entry 70077.63 > 24234.95,40,15463,50,70077.635,24234.950999999997,263.71,129.72,48.25,85.72,500,poolAndRewire,,
372,bl_entry 70854.73 > 24234.95,48,15511,50,70854.73,24234.950999999997,266.89,131.8,48.4,86.67,500,poolAndRewire,,
373,bl_entry 69446.37 > 24234.95,33,15544,50,69446.365,24234.950999999997,266.03,130.37,49.74,85.89,500,poolAndRewire,,
374,bl_entry 69013.44 > 24234.95,37,15581,50,69013.44,24234.950999999997,265.5,130.5,49.46,85.52,500,poolAndRewire,,
375,bl_entry 69202.97 > 24234.95,49,15630,50,69202.97,24234.950999999997,266.68,131.15,49.71,85.8,500,poolAndRewire,,
376,bl_entry 68559.52 > 24234.95,32,15662,50,68559.52,24234.950999999997,265.6,131.21,48.86,85.51,500,poolAndRewire,,
377,bl_entry 69090.85 > 24234.95,42,15704,50,69090.845,24234.950999999997,265.37,130.22,49.75,85.38,500,poolAndRewire,,
378,bl_entry 70911.62 > 24234.95,32,15736,50,70911.62,24234.950999999997,264.92,131.9,47.9,85.1,500,poolAndRewire,,
379,bl_entry 71852.32 > 24234.95,37,15773,50,71852.32,24234.950999999997,266.8,130.96,47.86,87.96,500,poolAndRewire,,
380,bl_entry 72252.88 > 24234.95,43,15816,50,72252.885,24234.950999999997,267.81,131.05,48.7,88.03,500,poolAndRewire,,
381,bl_entry 72146.42 > 24234.95,27,15843,50,72146.42,24234.950999999997,268.46,131.26,49.83,87.34,500,poolAndRewire,,
382,bl_entry 72254.35 > 24234.95,38,15881,50,72254.355,24234.950999999997,266.28,131.21,48.22,86.81,500,poolAndRewire,,
383,bl_entry 71975.18 > 24234.95,38,15919,50,71975.175,24234.950999999997,267.68,131.48,49.72,86.45,500,poolAndRewire,,
384,bl_entry 71831.62 > 24234.95,38,15957,50,71831.62,24234.950999999997,266.0,131.46,49.05,85.48,500,poolAndRewire,,
385,bl_entry 70427.25 > 24234.95,40,15997,50,70427.25,24234.950999999997,267.53,129.98,48.49,89.03,500,poolAndRewire,,
386,bl_entry 70850.47 > 24234.95,28,16025,50,70850.47,24234.950999999997,269.14,130.94,49.28,88.9,500,poolAndRewire,,
387,bl_entry 71438.62 > 24234.95,38,16063,50,71438.625,24234.950999999997,267.02,129.74,48.95,88.3,500,poolAndRewire,,
388,bl_entry 72247.24 > 24234.95,34,16097,50,72247.235,24234.950999999997,267.28,130.83,48.49,87.93,500,poolAndRewire,,
389,bl_entry 73627.11 > 24234.95,37,16134,50,73627.11,24234.950999999997,266.2,131.29,47.65,87.23,500,poolAndRewire,,
390,bl_entry 72794.71 > 24234.95,43,16177,50,72794.715,24234.950999999997,267.89,131.18,49.41,87.28,500,poolAndRewire,,
391,bl_entry 72742.88 > 24234.95,33,16210,50,72742.88,24234.950999999997,271.0,131.41,49.4,90.16,500,poolAndRewire,,
392,bl_entry 70954.38 > 24234.95,40,16250,50,70954.375,24234.950999999997,268.67,131.53,47.57,89.55,500,poolAndRewire,,
393,bl_entry 69971.40 > 24234.95,42,16292,50,69971.395,24234.950999999997,268.03,130.86,47.81,89.34,500,poolAndRewire,,
394,bl_entry 69902.60 > 24234.95,36,16328,50,69902.595,24234.950999999997,268.96,130.03,50.2,88.71,500,poolAndRewire,,
395,bl_entry 69271.13 > 24234.95,31,16359,50,69271.13,24234.950999999997,268.19,131.19,48.71,88.26,500,poolAndRewire,,
396,bl_entry 70643.90 > 24234.95,40,16399,50,70643.895,24234.950999999997,266.42,128.98,49.51,87.91,500,poolAndRewire,,
397,bl_entry 70288.23 > 24234.95,38,16437,50,70288.225,24234.950999999997,270.68,131.65,48.29,90.72,500,poolAndRewire,,
398,bl_entry 69292.27 > 24234.95,33,16470,50,69292.275,24234.950999999997,269.85,130.98,48.31,90.54,500,poolAndRewire,,
399,bl_entry 66606.35 > 24234.95,40,16510,50,66606.35,24234.950999999997,268.2,130.71,47.26,90.21,500,poolAndRewire,,
400,bl_entry 64320.25 > 24234.95,36,16546,50,64320.255,24234.950999999997,268.22,129.78,47.91,90.51,500,poolAndRewire,,
401,bl_entry 63660.68 > 24234.95,32,16578,50,63660.675,24234.950999999997,267.63,128.69,48.76,90.15,500,poolAndRewire,,
402,bl_entry 61421.43 > 24234.95,38,16616,50,61421.435,24234.950999999997,266.25,128.49,47.87,89.88,500,poolAndRewire,,
403,bl_entry 61755.72 > 24234.95,36,16652,50,61755.72,24234.950999999997,267.49,128.2,47.36,91.9,500,poolAndRewire,,
404,bl_entry 62226.60 > 24234.95,40,16692,50,62226.595,24234.950999999997,267.97,129.19,46.95,91.81,500,poolAndRewire,,
405,bl_entry 63146.79 > 24234.95,35,16727,50,63146.79,24234.950999999997,267.79,128.4,48.13,91.24,500,poolAndRewire,,
406,bl_entry 65231.65 > 24234.95,49,16776,50,65231.65,24234.950999999997,268.95,128.91,48.34,91.68,500,poolAndRewire,,
407,bl_entry 65605.26 > 24234.95,36,16812,50,65605.255,24234.950999999997,266.21,127.95,47.77,90.48,500,poolAndRewire,,
408,bl_entry 64625.65 > 24234.95,35,16847,50,64625.655,24234.950999999997,267.83,129.77,48.01,90.01,500,poolAndRewire,,
409,bl_entry 64107.43 > 24234.95,35,16882,50,64107.435,24234.950999999997,272.98,131.62,48.85,92.48,500,poolAndRewire,,
410,bl_entry 63822.11 > 24234.95,41,16923,50,63822.105,24234.950999999997,270.59,128.59,49.13,92.85,500,poolAndRewire,,
411,bl_entry 62357.98 > 24234.95,41,16964,50,62357.98,24234.950999999997,267.94,128.9,47.17,91.85,500,poolAndRewire,,
412,bl_entry 62891.93 > 24234.95,35,16999,50,62891.935,24234.950999999997,268.86,129.29,47.61,91.93,500,poolAndRewire,,
413,bl_entry 62860.62 > 24234.95,39,17038,50,62860.625,24234.950999999997,271.6,132.57,47.95,91.05,500,poolAndRewire,,
414,bl_entry 62779.47 > 24234.95,39,17077,50,62779.475,24234.950999999997,270.68,128.6,48.43,93.63,500,poolAndRewire,,
415,bl_entry 64337.07 > 24234.95,36,17113,50,64337.07,24234.950999999997,269.2,127.28,49.07,92.83,500,poolAndRewire,,
416,bl_entry 64112.90 > 24234.95,45,17158,50,64112.905,24234.950999999997,274.17,128.35,48.42,97.38,500,poolAndRewire,,
417,bl_entry 64840.17 > 24234.95,44,17202,50,64840.17,24234.950999999997,268.56,128.27,48.68,91.58,500,poolAndRewire,,
418,bl_entry 64039.86 > 24234.95,52,17254,50,64039.855,24234.950999999997,270.28,128.93,46.96,94.37,500,poolAndRewire,,
419,bl_entry 63758.54 > 24234.95,36,17290,50,63758.545,24234.950999999997,1171.15,130.37,48.62,992.13,500,poolAndRewire,,
420,bl_entry 63498.44 > 24234.95,35,17325,50,63498.445,24234.950999999997,271.13,128.75,48.53,93.83,500,poolAndRewire,,
421,bl_entry 63259.53 > 24234.95,37,17362,50,63259.53,24234.950999999997,272.46,130.73,49.05,92.66,500,poolAndRewire,,
422,bl_entry 63886.04 > 24234.95,40,17402,50,63886.045,24234.950999999997,272.51,130.3,47.18,95.02,500,poolAndRewire,,
423,bl_entry 63271.75 > 24234.95,45,17447,50,63271.755,24234.950999999997,272.28,128.91,48.69,94.67,500,poolAndRewire,,
424,bl_entry 63141.01 > 24234.95,32,17479,50,63141.01,24234.950999999997,272.01,129.84,48.71,93.44,500,poolAndRewire,,
425,bl_entry 61985.28 > 24234.95,40,17519,50,61985.275,24234.950999999997,272.51,130.3,49.13,93.06,500,poolAndRewire,,
426,bl_entry 62155.73 > 24234.95,39,17558,50,62155.73,24234.950999999997,271.9,128.63,47.72,95.52,500,poolAndRewire,,
427,bl_entry 62223.39 > 24234.95,39,17597,50,62223.395,24234.950999999997,270.48,128.3,47.27,94.88,500,poolAndRewire,,
428,bl_entry 63279.46 > 24234.95,37,17634,50,63279.465,24234.950999999997,272.51,130.24,48.14,94.09,500,poolAndRewire,,
429,bl_entry 62879.43 > 24234.95,38,17672,50,62879.425,24234.950999999997,270.62,129.34,47.67,93.59,500,poolAndRewire,,
430,bl_entry 62744.32 > 24234.95,35,17707,50,62744.325,24234.950999999997,270.97,127.86,47.2,95.9,500,poolAndRewire,,
431,bl_entry 62880.43 > 24234.95,42,17749,50,62880.43,24234.950999999997,275.21,129.49,50.19,95.5,500,poolAndRewire,,
432,bl_entry 63160.26 > 24234.95,41,17790,50,63160.265,24234.950999999997,271.88,128.36,48.41,95.09,500,poolAndRewire,,
433,bl_entry 64910.36 > 24234.95,43,17833,50,64910.355,24234.950999999997,272.12,128.51,49.42,94.17,500,poolAndRewire,,
434,bl_entry 64011.11 > 24234.95,40,17873,50,64011.115,24234.950999999997,274.17,128.59,48.82,96.74,500,poolAndRewire,,
435,bl_entry 63663.36 > 24234.95,39,17912,50,63663.365,24234.950999999997,274.39,129.16,48.75,96.45,500,poolAndRewire,,
436,bl_entry 63937.43 > 24234.95,40,17952,50,63937.43,24234.950999999997,274.14,129.95,48.76,95.4,500,poolAndRewire,,
437,bl_entry 64280.68 > 24234.95,30,17982,50,64280.675,24234.950999999997,272.87,129.2,49.2,94.44,500,poolAndRewire,,
438,bl_entry 64851.32 > 24234.95,42,18024,50,64851.325,24234.950999999997,278.98,129.09,53.06,96.8,500,poolAndRewire,,
439,bl_entry 64417.85 > 24234.95,36,18060,50,64417.85,24234.950999999997,274.58,128.63,49.03,96.89,500,poolAndRewire,,
440,bl_entry 62493.01 > 24234.95,40,18100,50,62493.015,24234.950999999997,272.32,129.41,46.79,96.1,500,poolAndRewire,,
441,bl_entry 60478.50 > 24234.95,41,18141,50,60478.505,24234.950999999997,271.77,128.16,48.28,95.3,500,poolAndRewire,,
442,bl_entry 60809.45 > 24234.95,34,18175,50,60809.45,24234.950999999997,275.02,129.19,48.22,97.58,500,poolAndRewire,,
443,bl_entry 61942.44 > 24234.95,51,18226,50,61942.44,24234.950999999997,274.65,129.31,47.8,97.51,500,poolAndRewire,,
444,bl_entry 62803.32 > 24234.95,44,18270,50,62803.315,24234.950999999997,275.43,128.79,49.75,96.86,500,poolAndRewire,,
445,bl_entry 63589.39 > 24234.95,34,18304,50,63589.385,24234.950999999997,277.83,130.63,51.3,95.88,500,poolAndRewire,,
446,bl_entry 63401.60 > 24234.95,46,18350,50,63401.6,24234.950999999997,281.1,133.53,49.39,98.16,500,poolAndRewire,,
447,bl_entry 62711.85 > 24234.95,40,18390,50,62711.845,24234.950999999997,279.0,133.16,47.0,98.82,500,poolAndRewire,,
448,bl_entry 62196.50 > 24234.95,42,18432,50,62196.505,24234.950999999997,278.18,132.67,47.9,97.6,500,poolAndRewire,,
449,bl_entry 62888.97 > 24234.95,42,18474,50,62888.975,24234.950999999997,279.97,130.97,49.39,99.59,500,poolAndRewire,,
450,bl_entry 62867.82 > 24234.95,39,18513,50,62867.82,24234.950999999997,276.58,130.01,47.57,98.97,500,poolAndRewire,,
451,bl_entry 63630.85 > 24234.95,36,18549,50,63630.85,24234.950999999997,275.82,129.34,48.97,97.48,500,poolAndRewire,,
452,bl_entry 64350.68 > 24234.95,34,18583,50,64350.675,24234.950999999997,278.74,130.12,47.86,100.73,500,poolAndRewire,,
453,bl_entry 63228.58 > 24234.95,42,18625,50,63228.58,24234.950999999997,279.38,131.86,48.27,99.23,500,poolAndRewire,,
454,bl_entry 63663.14 > 24234.95,38,18663,50,63663.14,24234.950999999997,274.76,128.03,48.42,98.28,500,poolAndRewire,,
455,bl_entry 62650.24 > 24234.95,27,18690,50,62650.235,24234.950999999997,283.12,132.54,48.43,102.11,500,poolAndRewire,,
456,bl_entry 61666.42 > 24234.95,43,18733,50,61666.42,24234.950999999997,276.45,129.0,47.61,99.81,500,poolAndRewire,,
457,bl_entry 61663.16 > 24234.95,43,18776,50,61663.16,24234.950999999997,277.88,130.37,48.62,98.87,500,poolAndRewire,,
458,bl_entry 61033.57 > 24234.95,26,18802,50,61033.565,24234.950999999997,280.93,127.36,50.58,102.97,500,poolAndRewire,,
459,bl_entry 61883.61 > 24234.95,25,18827,50,61883.605,24234.950999999997,278.75,131.15,47.35,100.23,500,poolAndRewire,,
460,bl_entry 62106.21 > 24234.95,31,18858,50,62106.21,24234.950999999997,1404.66,129.46,48.43,1226.74,500,poolAndRewire,,
461,bl_entry 61986.76 > 24234.95,25,18883,50,61986.76,24234.950999999997,290.28,141.68,48.55,100.03,500,poolAndRewire,,
462,bl_entry 62410.32 > 24234.95,24,18907,50,62410.325,24234.950999999997,286.83,133.93,50.45,102.41,500,poolAndRewire,,
463,bl_entry 62024.26 > 24234.95,21,18928,50,62024.26,24234.950999999997,277.99,131.42,46.4,100.15,500,poolAndRewire,,
464,bl_entry 63226.11 > 24234.95,30,18958,50,63226.105,24234.950999999997,274.54,130.73,44.6,99.18,500,poolAndRewire,,
465,bl_entry 63653.18 > 24234.95,30,18988,50,63653.18,24234.950999999997,283.22,130.57,47.63,105.0,500,poolAndRewire,,
466,bl_entry 63022.19 > 24234.95,29,19017,50,63022.19,24234.950999999997,301.01,153.3,46.52,101.17,500,poolAndRewire,,
467,bl_entry 64093.21 > 24234.95,23,19040,50,64093.21,24234.950999999997,277.44,130.18,47.0,100.25,500,poolAndRewire,,
468,bl_entry 63857.00 > 24234.95,23,19063,50,63856.995,24234.950999999997,280.51,129.98,47.97,102.53,500,poolAndRewire,,
469,bl_entry 64545.39 > 24234.95,28,19091,50,64545.39,24234.950999999997,291.46,141.62,47.95,101.87,500,poolAndRewire,,
470,bl_entry 65742.41 > 24234.95,22,19113,50,65742.41,24234.950999999997,280.71,132.65,47.73,100.31,500,poolAndRewire,,
471,bl_entry 64677.66 > 24234.95,22,19135,50,64677.66,24234.950999999997,282.53,131.93,48.78,101.8,500,poolAndRewire,,
472,bl_entry 63015.18 > 24234.95,27,19162,50,63015.175,24234.950999999997,281.99,134.63,45.88,101.46,500,poolAndRewire,,
473,bl_entry 62440.29 > 24234.95,38,19200,50,62440.29,24234.950999999997,280.21,131.65,49.26,99.27,500,poolAndRewire,,
474,bl_entry 61542.83 > 24234.95,26,19226,50,61542.83,24234.950999999997,282.51,130.52,49.63,102.35,500,poolAndRewire,,
475,bl_entry 61563.61 > 24234.95,29,19255,50,61563.61,24234.950999999997,280.6,129.82,48.48,102.28,500,poolAndRewire,,
476,bl_entry 61657.31 > 24234.95,32,19287,50,61657.31,24234.950999999997,278.67,130.25,48.17,100.23,500,poolAndRewire,,
477,bl_entry 61483.99 > 24234.95,24,19311,50,61483.985,24234.950999999997,282.96,130.0,49.89,103.05,500,poolAndRewire,,
478,bl_entry 61942.93 > 24234.95,26,19337,50,61942.93,24234.950999999997,277.77,130.09,45.42,102.24,500,poolAndRewire,,
479,bl_entry 61594.25 > 24234.95,26,19363,50,61594.255,24234.950999999997,279.01,130.18,47.17,101.63,500,poolAndRewire,,
480,bl_entry 62743.33 > 24234.95,28,19391,50,62743.33,24234.950999999997,281.43,132.38,46.36,102.67,500,poolAndRewire,,
481,bl_entry 62336.46 > 24234.95,26,19417,50,62336.465,24234.950999999997,280.61,130.44,47.07,103.07,500,poolAndRewire,,
482,bl_entry 61920.29 > 24234.95,35,19452,50,61920.295,24234.950999999997,278.43,130.76,46.67,100.97,500,poolAndRewire,,
483,bl_entry 63164.63 > 24234.95,22,19474,50,63164.63,24234.950999999997,283.06,132.32,47.7,103.02,500,poolAndRewire,,
484,bl_entry 62444.96 > 24234.95,25,19499,50,62444.955,24234.950999999997,281.74,132.03,46.9,102.79,500,poolAndRewire,,
485,bl_entry 62846.30 > 24234.95,24,19523,50,62846.3,24234.950999999997,280.11,130.6,47.79,101.7,500,poolAndRewire,,
486,bl_entry 62683.21 > 24234.95,28,19551,50,62683.205,24234.950999999997,282.3,131.23,47.26,103.79,500,poolAndRewire,,
487,bl_entry 61292.33 > 24234.95,33,19584,50,61292.33,24234.950999999997,278.55,130.54,45.14,102.85,500,poolAndRewire,,
488,bl_entry 61731.48 > 24234.95,30,19614,50,61731.48,24234.950999999997,310.33,141.07,51.2,118.04,500,poolAndRewire,,
489,bl_entry 61554.56 > 24234.95,30,19644,50,61554.56,24234.950999999997,283.8,129.77,46.72,107.28,500,poolAndRewire,,
490,bl_entry 61453.20 > 24234.95,25,19669,50,61453.2,24234.950999999997,284.65,130.77,46.59,107.27,500,poolAndRewire,,
491,bl_entry 62047.60 > 24234.95,29,19698,50,62047.6,24234.950999999997,281.75,129.17,46.97,105.59,500,poolAndRewire,,
492,bl_entry 61657.64 > 24234.95,27,19725,50,61657.635,24234.950999999997,277.91,129.85,43.12,104.91,500,poolAndRewire,,
493,bl_entry 62491.55 > 24234.95,25,19750,50,62491.55,24234.950999999997,282.7,130.46,46.28,105.93,500,poolAndRewire,,
494,bl_entry 63392.07 > 24234.95,30,19780,50,63392.075,24234.950999999997,284.15,131.96,47.16,105.0,500,poolAndRewire,,
495,bl_entry 63469.49 > 24234.95,33,19813,50,63469.485,24234.950999999997,280.85,129.18,44.92,106.72,500,poolAndRewire,,
496,bl_entry 64357.76 > 24234.95,21,19834,50,64357.765,24234.950999999997,280.08,128.26,46.5,105.29,500,poolAndRewire,,
497,bl_entry 62888.39 > 24234.95,30,19864,50,62888.39,24234.950999999997,278.74,129.66,44.39,104.66,500,poolAndRewire,,
498,bl_entry 61886.05 > 24234.95,27,19891,50,61886.05,24234.950999999997,280.21,127.97,46.23,106.0,500,poolAndRewire,,
499,bl_entry 61865.50 > 24234.95,33,19924,50,61865.5,24234.950999999997,281.15,129.54,46.67,104.91,500,poolAndRewire,,
500,bl_entry 62046.26 > 24234.95,30,19954,50,62046.265,24234.950999999997,282.52,127.78,47.87,106.85,500,poolAndRewire,,
501,bl_entry 63030.96 > 24234.95,18,19972,50,63030.96,24234.950999999997,280.43,129.7,44.92,105.78,500,poolAndRewire,,
502,bl_entry 62627.61 > 24234.95,23,19995,50,62627.615,24234.950999999997,284.48,129.92,46.38,108.15,500,poolAndRewire,,
503,bl_entry 63565.91 > 24234.95,33,20028,50,63565.91,24234.950999999997,285.51,131.32,47.48,106.69,500,poolAndRewire,,
504,bl_entry 63515.85 > 24234.95,22,20050,50,63515.85,24234.950999999997,280.29,129.32,45.72,105.23,500,poolAndRewire,,
505,bl_entry 62506.44 > 24234.95,30,20080,50,62506.445,24234.950999999997,1143.87,130.25,46.31,967.29,500,poolAndRewire,,
506,bl_entry 63614.69 > 24234.95,30,20110,50,63614.695,24234.950999999997,286.63,134.5,45.97,106.14,500,poolAndRewire,,
507,bl_entry 62569.85 > 24234.95,18,20128,50,62569.85,24234.950999999997,291.6,137.45,45.72,108.4,500,poolAndRewire,,
508,bl_entry 62346.79 > 24234.95,18,20146,50,62346.795,24234.950999999997,292.29,138.17,46.88,107.22,500,poolAndRewire,,
509,bl_entry 62957.07 > 24234.95,25,20171,50,62957.07,24234.950999999997,282.05,129.81,46.16,106.06,500,poolAndRewire,,
510,bl_entry 62628.85 > 24234.95,26,20197,50,62628.845,24234.950999999997,294.97,138.31,48.99,107.65,500,poolAndRewire,,
511,bl_entry 63085.23 > 24234.95,28,20225,50,63085.23,24234.950999999997,295.62,139.69,49.35,106.56,500,poolAndRewire,,
512,bl_entry 63373.97 > 24234.95,21,20246,50,63373.975,24234.950999999997,290.53,134.47,45.85,110.18,500,poolAndRewire,,
513,bl_entry 64375.88 > 24234.95,29,20275,50,64375.875,24234.950999999997,295.32,139.58,47.4,108.31,500,poolAndRewire,,
514,bl_entry 63512.14 > 24234.95,28,20303,50,63512.14,24234.950999999997,286.58,131.22,48.8,106.54,500,poolAndRewire,,
515,bl_entry 63685.46 > 24234.95,25,20328,50,63685.455,24234.950999999997,295.01,139.36,47.19,108.44,500,poolAndRewire,,
516,bl_entry 64238.07 > 24234.95,30,20358,50,64238.065,24234.950999999997,294.64,139.38,48.28,106.96,500,poolAndRewire,,
517,bl_entry 62499.82 > 24234.95,28,20386,50,62499.815,24234.950999999997,284.34,129.55,45.81,108.95,500,poolAndRewire,,
518,bl_entry 63536.15 > 24234.95,27,20413,50,63536.155,24234.950999999997,295.04,139.47,47.6,107.94,500,poolAndRewire,,
519,bl_entry 63561.66 > 24234.95,23,20436,50,63561.66,24234.950999999997,285.51,130.4,45.13,109.95,500,poolAndRewire,,
520,bl_entry 63050.43 > 24234.95,32,20468,50,63050.43,24234.950999999997,284.03,129.9,44.65,109.46,500,poolAndRewire,,
521,bl_entry 64447.38 > 24234.95,23,20491,50,64447.38,24234.950999999997,286.94,130.9,48.32,107.69,500,poolAndRewire,,
522,bl_entry 63804.18 > 24234.95,26,20517,50,63804.175,24234.950999999997,284.69,130.02,45.37,109.27,500,poolAndRewire,,
523,bl_entry 65754.53 > 24234.95,34,20551,50,65754.53,24234.950999999997,290.36,130.9,49.65,109.8,500,poolAndRewire,,
524,bl_entry 65081.43 > 24234.95,31,20582,50,65081.425,24234.950999999997,286.72,132.36,44.15,110.17,500,poolAndRewire,,
525,bl_entry 63210.99 > 24234.95,28,20610,50,63210.985,24234.950999999997,282.84,128.4,45.31,109.1,500,poolAndRewire,,
526,bl_entry 62182.46 > 24234.95,27,20637,50,62182.46,24234.950999999997,282.23,128.86,45.24,108.11,500,poolAndRewire,,
527,bl_entry 59476.46 > 24234.95,36,20673,50,59476.455,24234.950999999997,284.08,127.33,46.57,110.15,500,poolAndRewire,,
528,bl_entry 59162.40 > 24234.95,28,20701,50,59162.4,24234.950999999997,281.88,127.7,45.87,108.28,500,poolAndRewire,,
529,bl_entry 61057.13 > 24234.95,35,20736,50,61057.13,24234.950999999997,284.17,128.41,45.58,110.17,500,poolAndRewire,,
530,bl_entry 61426.14 > 24234.95,29,20765,50,61426.145,24234.950999999997,283.1,127.63,46.68,108.77,500,poolAndRewire,,
531,bl_entry 61675.14 > 24234.95,24,20789,50,61675.145,24234.950999999997,289.17,131.22,47.5,110.42,500,poolAndRewire,,
532,bl_entry 62548.18 > 24234.95,33,20822,50,62548.18,24234.950999999997,286.1,130.25,47.03,108.8,500,poolAndRewire,,
533,bl_entry 62228.32 > 24234.95,31,20853,50,62228.32,24234.950999999997,284.24,128.21,45.11,110.89,500,poolAndRewire,,
534,bl_entry 62979.10 > 24234.95,20,20873,50,62979.1,24234.950999999997,283.98,129.4,45.31,109.25,500,poolAndRewire,,
535,bl_entry 62838.50 > 24234.95,25,20898,50,62838.5,24234.950999999997,287.99,129.4,47.39,111.18,500,poolAndRewire,,
536,bl_entry 61491.94 > 24234.95,26,20924,50,61491.945,24234.950999999997,287.75,129.0,48.63,110.1,500,poolAndRewire,,
537,bl_entry 61510.22 > 24234.95,22,20946,50,61510.225,24234.950999999997,285.99,128.8,45.81,111.35,500,poolAndRewire,,
538,bl_entry 62542.65 > 24234.95,29,20975,50,62542.655,24234.950999999997,284.45,129.52,45.25,109.65,500,poolAndRewire,,
539,bl_entry 62198.94 > 24234.95,26,21001,50,62198.94,24234.950999999997,285.81,129.47,44.98,111.34,500,poolAndRewire,,
540,bl_entry 62606.12 > 24234.95,25,21026,50,62606.125,24234.950999999997,286.31,129.38,46.87,110.04,500,poolAndRewire,,
541,bl_entry 63448.07 > 24234.95,31,21057,50,63448.07,24234.950999999997,283.58,125.71,46.31,111.54,500,poolAndRewire,,
542,bl_entry 62977.28 > 24234.95,23,21080,50,62977.275,24234.950999999997,285.85,128.23,46.64,110.96,500,poolAndRewire,,
543,bl_entry 62839.18 > 24234.95,26,21106,50,62839.18,24234.950999999997,286.08,128.78,45.44,111.84,500,poolAndRewire,,
544,bl_entry 63825.76 > 24234.95,23,21129,50,63825.76,24234.950999999997,285.9,128.39,47.26,110.22,500,poolAndRewire,,
545,bl_entry 63045.93 > 24234.95,29,21158,50,63045.925,24234.950999999997,289.05,129.71,46.47,112.85,500,poolAndRewire,,
546,bl_entry 63037.46 > 24234.95,23,21181,50,63037.465,24234.950999999997,289.84,128.19,51.25,110.38,500,poolAndRewire,,
547,bl_entry 64885.86 > 24234.95,17,21198,50,64885.865,24234.950999999997,1114.06,129.83,46.15,938.06,500,poolAndRewire,,
548,bl_entry 64633.90 > 24234.95,31,21229,50,64633.9,24234.950999999997,286.83,129.8,45.66,111.35,500,poolAndRewire,,
549,bl_entry 65222.40 > 24234.95,27,21256,50,65222.4,24234.950999999997,288.71,128.87,46.89,112.93,500,poolAndRewire,,
550,bl_entry 64556.53 > 24234.95,36,21292,50,64556.525,24234.950999999997,284.66,127.87,45.86,110.91,500,poolAndRewire,,
551,bl_entry 63709.78 > 24234.95,29,21321,50,63709.78,24234.950999999997,286.8,127.56,45.58,113.63,500,poolAndRewire,,
552,bl_entry 63177.93 > 24234.95,29,21350,50,63177.93,24234.950999999997,286.88,127.41,47.14,112.3,500,poolAndRewire,,
553,bl_entry 63703.49 > 24234.95,18,21368,50,63703.49,24234.950999999997,289.02,130.61,44.54,113.85,500,poolAndRewire,,
554,bl_entry 63649.64 > 24234.95,26,21394,50,63649.64,24234.950999999997,290.3,133.35,44.9,112.02,500,poolAndRewire,,
555,bl_entry 63024.43 > 24234.95,31,21425,50,63024.435,24234.950999999997,292.04,130.35,47.82,113.85,500,poolAndRewire,,
556,bl_entry 63446.54 > 24234.95,29,21454,50,63446.54,24234.950999999997,290.21,129.45,48.17,112.56,500,poolAndRewire,,
557,bl_entry 63450.28 > 24234.95,34,21488,50,63450.28,24234.950999999997,298.23,129.79,47.97,120.44,500,poolAndRewire,,
558,bl_entry 70458.50 > 24234.95,22,21510,50,70458.5,24234.950999999997,297.54,131.23,52.39,113.89,500,poolAndRewire,,
559,bl_entry 77678.21 > 24234.95,29,21539,50,77678.205,24234.950999999997,299.58,132.49,52.12,114.95,500,poolAndRewire,,
560,bl_entry 84607.87 > 24234.95,18,21557,50,84607.865,24234.950999999997,303.86,135.18,53.32,115.34,500,poolAndRewire,,
561,bl_entry 89663.73 > 24234.95,32,21589,50,89663.73,24234.950999999997,303.08,136.41,51.13,115.52,500,poolAndRewire,,
562,bl_entry 88941.72 > 24234.95,23,21612,50,88941.72,24234.950999999997,301.72,136.01,52.64,113.05,500,poolAndRewire,,
563,bl_entry 88982.29 > 24234.95,30,21642,50,88982.285,24234.950999999997,303.83,136.49,51.52,115.8,500,poolAndRewire,,
564,bl_entry 87516.45 > 24234.95,24,21666,50,87516.445,24234.950999999997,300.69,135.24,52.2,113.22,500,poolAndRewire,,
565,bl_entry 87007.18 > 24234.95,29,21695,50,87007.18,24234.950999999997,304.47,135.86,52.5,116.09,500,poolAndRewire,,
566,bl_entry 87531.58 > 24234.95,33,21728,50,87531.58,24234.950999999997,310.55,135.8,51.95,122.78,500,poolAndRewire,,
567,bl_entry 88064.53 > 24234.95,30,21758,50,88064.53,24234.950999999997,300.83,133.98,51.6,115.22,500,poolAndRewire,,
568,bl_entry 88952.76 > 24234.95,27,21785,50,88952.755,24234.950999999997,304.34,135.5,51.81,117.01,500,poolAndRewire,,
569,bl_entry 89956.29 > 24234.95,25,21810,50,89956.295,24234.950999999997,306.92,136.04,50.82,120.03,500,poolAndRewire,,
570,bl_entry 90284.99 > 24234.95,20,21830,50,90284.995,24234.950999999997,305.59,136.75,51.92,116.9,500,poolAndRewire,,
571,bl_entry 88817.38 > 24234.95,31,21861,50,88817.38,24234.950999999997,301.24,134.84,52.01,114.37,500,poolAndRewire,,
572,bl_entry 88327.02 > 24234.95,25,21886,50,88327.025,24234.950999999997,304.03,134.95,52.4,116.66,500,poolAndRewire,,
573,bl_entry 87954.88 > 24234.95,37,21923,50,87954.88,24234.950999999997,304.89,134.42,51.66,118.77,500,poolAndRewire,,
574,bl_entry 88660.30 > 24234.95,37,21960,50,88660.3,24234.950999999997,303.91,136.22,50.84,116.83,500,poolAndRewire,,
575,bl_entry 89587.93 > 24234.95,33,21993,50,89587.93,24234.950999999997,307.34,137.01,52.0,118.3,500,poolAndRewire,,
576,bl_entry 88541.15 > 24234.95,35,22028,50,88541.145,24234.950999999997,308.36,141.0,51.87,115.47,500,poolAndRewire,,
577,bl_entry 88403.12 > 24234.95,31,22059,50,88403.12,24234.950999999997,307.13,136.51,52.19,118.41,500,poolAndRewire,,
578,bl_entry 87265.86 > 24234.95,28,22087,50,87265.86,24234.950999999997,308.46,135.98,52.31,120.15,500,poolAndRewire,,
579,bl_entry 86766.60 > 24234.95,19,22106,50,86766.6,24234.950999999997,305.23,136.51,50.53,118.16,500,poolAndRewire,,
580,bl_entry 88483.51 > 24234.95,29,22135,50,88483.515,24234.950999999997,305.07,134.33,51.62,119.09,500,poolAndRewire,,
581,bl_entry 88957.40 > 24234.95,30,22165,50,88957.4,24234.950999999997,303.96,135.93,51.13,116.88,500,poolAndRewire,,
582,bl_entry 89013.86 > 24234.95,26,22191,50,89013.86,24234.950999999997,306.52,135.91,52.11,118.49,500,poolAndRewire,,
583,bl_entry 89097.51 > 24234.95,27,22218,50,89097.505,24234.950999999997,305.67,136.9,51.79,116.96,500,poolAndRewire,,
584,bl_entry 89312.40 > 24234.95,23,22241,50,89312.405,24234.950999999997,1531.01,134.68,51.75,1344.56,500,poolAndRewire,,
585,bl_entry 88188.42 > 24234.95,29,22270,50,88188.42,24234.950999999997,323.01,147.55,52.64,122.79,500,poolAndRewire,,
586,bl_entry 88492.67 > 24234.95,32,22302,50,88492.67,24234.950999999997,307.81,136.53,52.65,118.61,500,poolAndRewire,,
587,bl_entry 87480.51 > 24234.95,31,22333,50,87480.515,24234.950999999997,307.55,135.28,52.41,119.84,500,poolAndRewire,,
588,bl_entry 86316.03 > 24234.95,33,22366,50,86316.03,24234.950999999997,324.65,152.63,51.82,120.16,500,poolAndRewire,,
589,bl_entry 86851.93 > 24234.95,28,22394,50,86851.93,24234.950999999997,307.84,137.1,51.62,119.09,500,poolAndRewire,,
590,bl_entry 86585.79 > 24234.95,30,22424,50,86585.79,24234.950999999997,307.11,136.69,52.21,118.19,500,poolAndRewire,,
591,bl_entry 88196.49 > 24234.95,34,22458,50,88196.485,24234.950999999997,319.09,142.48,53.77,122.82,500,poolAndRewire,,
592,bl_entry 89292.97 > 24234.95,29,22487,50,89292.97,24234.950999999997,308.69,136.37,51.34,120.96,500,poolAndRewire,,
593,bl_entry 89612.38 > 24234.95,39,22526,50,89612.385,24234.950999999997,307.85,135.68,52.72,119.43,500,poolAndRewire,,
594,bl_entry 88704.55 > 24234.95,25,22551,50,88704.55,24234.950999999997,328.05,152.08,54.67,121.27,500,poolAndRewire,,
595,bl_entry 88680.30 > 24234.95,30,22581,50,88680.3,24234.950999999997,315.64,143.72,52.89,119.01,500,poolAndRewire,,
596,bl_entry 88719.74 > 24234.95,25,22606,50,88719.745,24234.950999999997,309.59,137.44,52.04,120.09,500,poolAndRewire,,
597,bl_entry 89327.79 > 24234.95,29,22635,50,89327.795,24234.950999999997,324.46,145.38,54.17,124.88,500,poolAndRewire,,
598,bl_entry 91314.91 > 24234.95,24,22659,50,91314.91,24234.950999999997,313.8,141.14,52.09,120.55,500,poolAndRewire,,
599,bl_entry 91041.74 > 24234.95,36,22695,50,91041.74,24234.950999999997,312.62,138.42,52.45,121.73,500,poolAndRewire,,
600,bl_entry 91081.69 > 24234.95,28,22723,50,91081.69,24234.950999999997,319.83,143.66,52.57,123.58,500,poolAndRewire,,
601,bl_entry 90570.13 > 24234.95,28,22751,50,90570.135,24234.950999999997,311.71,138.02,52.11,121.55,500,poolAndRewire,,
602,bl_entry 90180.66 > 24234.95,29,22780,50,90180.665,24234.950999999997,312.24,136.76,52.57,122.89,500,poolAndRewire,,
603,bl_entry 89860.93 > 24234.95,32,22812,50,89860.925,24234.950999999997,310.24,136.97,52.65,120.59,500,poolAndRewire,,
604,bl_entry 88290.58 > 24234.95,25,22837,50,88290.58,24234.950999999997,311.61,137.92,51.49,122.18,500,poolAndRewire,,
605,bl_entry 88621.23 > 24234.95,35,22872,50,88621.23,24234.950999999997,313.67,136.52,52.24,124.89,500,poolAndRewire,,
606,bl_entry 86505.91 > 24234.95,27,22899,50,86505.915,24234.950999999997,311.32,136.53,52.96,121.8,500,poolAndRewire,,
607,bl_entry 86731.20 > 24234.95,29,22928,50,86731.2,24234.950999999997,309.18,136.12,51.0,122.04,500,poolAndRewire,,
608,bl_entry 87284.12 > 24234.95,28,22956,50,87284.125,24234.950999999997,311.0,135.83,51.29,123.85,500,poolAndRewire,,
609,bl_entry 87808.38 > 24234.95,29,22985,50,87808.38,24234.950999999997,312.09,136.41,52.26,123.41,500,poolAndRewire,,
610,bl_entry 89128.04 > 24234.95,23,23008,50,89128.04,24234.950999999997,311.35,134.97,52.84,123.52,500,poolAndRewire,,
611,bl_entry 88404.35 > 24234.95,32,23040,50,88404.355,24234.950999999997,312.43,135.86,51.85,124.69,500,poolAndRewire,,
612,bl_entry 88631.13 > 24234.95,28,23068,50,88631.13,24234.950999999997,309.29,135.49,50.9,122.86,500,poolAndRewire,,
613,bl_entry 88390.26 > 24234.95,35,23103,50,88390.255,24234.950999999997,312.35,137.2,50.89,124.23,500,poolAndRewire,,
614,bl_entry 88576.91 > 24234.95,23,23126,50,88576.91,24234.950999999997,315.23,137.18,52.19,125.84,500,poolAndRewire,,
615,bl_entry 89414.88 > 24234.95,28,23154,50,89414.875,24234.950999999997,312.96,137.84,51.7,123.4,500,poolAndRewire,,
616,bl_entry 89392.63 > 24234.95,30,23184,50,89392.63,24234.950999999997,1229.72,136.58,52.07,1041.04,500,poolAndRewire,,
617,bl_entry 88425.71 > 24234.95,32,23216,50,88425.715,24234.950999999997,314.84,137.7,51.37,125.74,500,poolAndRewire,,
618,bl_entry 86809.65 > 24234.95,22,23238,50,86809.645,24234.950999999997,309.75,134.41,50.47,124.84,500,poolAndRewire,,
619,bl_entry 86740.23 > 24234.95,22,23260,50,86740.23,24234.950999999997,311.91,134.69,51.41,125.79,500,poolAndRewire,,
620,bl_entry 87107.87 > 24234.95,32,23292,50,87107.865,24234.950999999997,314.34,135.89,52.14,126.28,500,poolAndRewire,,
621,bl_entry 87692.97 > 24234.95,28,23320,50,87692.97,24234.950999999997,313.18,136.54,52.61,124.01,500,poolAndRewire,,
622,bl_entry 89197.65 > 24234.95,34,23354,50,89197.645,24234.950999999997,310.58,133.21,51.75,125.59,500,poolAndRewire,,
623,bl_entry 89622.93 > 24234.95,28,23382,50,89622.935,24234.950999999997,313.52,134.96,51.37,127.17,500,poolAndRewire,,
624,bl_entry 90733.25 > 24234.95,24,23406,50,90733.25,24234.950999999997,311.93,136.38,50.65,124.88,500,poolAndRewire,,
625,bl_entry 89927.88 > 24234.95,35,23441,50,89927.875,24234.950999999997,313.05,135.24,52.05,125.74,500,poolAndRewire,,
626,bl_entry 89750.20 > 24234.95,28,23469,50,89750.195,24234.950999999997,315.31,135.2,52.21,127.88,500,poolAndRewire,,
627,bl_entry 88848.58 > 24234.95,25,23494,50,88848.58,24234.950999999997,314.27,136.86,52.48,124.91,500,poolAndRewire,,
628,bl_entry 87671.04 > 24234.95,24,23518,50,87671.045,24234.950999999997,315.93,137.26,52.34,126.3,500,poolAndRewire,,
629,bl_entry 88421.44 > 24234.95,22,23540,50,88421.44,24234.950999999997,315.52,136.39,52.23,126.88,500,poolAndRewire,,
630,bl_entry 87996.31 > 24234.95,22,23562,50,87996.31,24234.950999999997,314.55,136.19,52.52,125.8,500,poolAndRewire,,
631,bl_entry 89068.71 > 24234.95,29,23591,50,89068.71,24234.950999999997,313.42,136.03,51.24,126.13,500,poolAndRewire,,
632,bl_entry 88271.87 > 24234.95,22,23613,50,88271.87,24234.950999999997,315.06,135.23,51.82,127.98,500,poolAndRewire,,
633,bl_entry 87355.92 > 24234.95,31,23644,50,87355.92,24234.950999999997,314.33,136.65,51.72,125.94,500,poolAndRewire,,
634,bl_entry 89075.71 > 24234.95,26,23670,50,89075.705,24234.950999999997,316.46,135.43,52.65,128.36,500,poolAndRewire,,
635,bl_entry 88875.43 > 24234.95,20,23690,50,88875.43,24234.950999999997,317.09,135.9,51.41,129.77,500,poolAndRewire,,
636,bl_entry 90230.86 > 24234.95,23,23713,50,90230.86,24234.950999999997,315.76,137.21,51.38,127.14,500,poolAndRewire,,
637,bl_entry 90657.52 > 24234.95,23,23736,50,90657.52,24234.950999999997,314.58,135.93,51.39,127.24,500,poolAndRewire,,
638,bl_entry 88919.03 > 24234.95,34,23770,50,88919.03,24234.950999999997,315.16,136.05,50.56,128.53,500,poolAndRewire,,
639,bl_entry 88527.18 > 24234.95,31,23801,50,88527.18,24234.950999999997,317.86,136.36,51.6,129.88,500,poolAndRewire,,
640,bl_entry 88513.43 > 24234.95,27,23828,50,88513.435,24234.950999999997,316.65,136.3,51.97,128.35,500,poolAndRewire,,
641,bl_entry 88570.84 > 24234.95,27,23855,50,88570.84,24234.950999999997,313.34,133.85,51.29,128.18,500,poolAndRewire,,
642,bl_entry 89213.52 > 24234.95,29,23884,50,89213.52,24234.950999999997,317.04,135.78,52.7,128.54,500,poolAndRewire,,
643,bl_entry 89493.48 > 24234.95,25,23909,50,89493.475,24234.950999999997,316.9,134.61,51.72,130.54,500,poolAndRewire,,
644,bl_entry 89060.32 > 24234.95,25,23934,50,89060.32,24234.950999999997,317.48,136.5,51.85,129.11,500,poolAndRewire,,
645,bl_entry 88904.32 > 24234.95,26,23960,50,88904.325,24234.950999999997,1118.6,135.65,51.42,931.51,500,poolAndRewire,,
646,bl_entry 88200.52 > 24234.95,27,23987,50,88200.52,24234.950999999997,318.08,135.35,52.51,130.2,500,poolAndRewire,,
647,bl_entry 87423.88 > 24234.95,33,24020,50,87423.875,24234.950999999997,333.36,139.61,55.52,138.2,500,poolAndRewire,,
648,bl_entry 86498.41 > 24234.95,25,24045,50,86498.415,24234.950999999997,315.08,134.93,51.06,129.07,500,poolAndRewire,,
649,bl_entry 87086.20 > 24234.95,35,24080,50,87086.2,24234.950999999997,318.05,137.64,50.71,129.68,500,poolAndRewire,,
650,bl_entry 87427.26 > 24234.95,31,24111,50,87427.26,24234.950999999997,317.67,135.34,51.25,131.05,500,poolAndRewire,,
651,bl_entry 87031.06 > 24234.95,24,24135,50,87031.06,24234.950999999997,314.49,133.74,51.65,129.07,500,poolAndRewire,,
652,bl_entry 87567.11 > 24234.95,29,24164,50,87567.11,24234.950999999997,314.14,134.81,49.81,129.5,500,poolAndRewire,,
653,bl_entry 87920.65 > 24234.95,22,24186,50,87920.645,24234.950999999997,318.88,136.37,51.88,130.6,500,poolAndRewire,,
654,bl_entry 87579.34 > 24234.95,24,24210,50,87579.34,24234.950999999997,317.94,135.65,50.62,131.65,500,poolAndRewire,,
655,bl_entry 89084.80 > 24234.95,23,24233,50,89084.8,24234.950999999997,317.63,135.97,52.66,128.98,500,poolAndRewire,,
656,bl_entry 88397.62 > 24234.95,36,24269,50,88397.625,24234.950999999997,317.62,136.09,51.05,130.46,500,poolAndRewire,,
657,bl_entry 87270.62 > 24234.95,23,24292,50,87270.625,24234.950999999997,318.97,135.1,51.56,132.28,500,poolAndRewire,,
658,bl_entry 89656.00 > 24234.95,31,24323,50,89656.0,24234.950999999997,318.33,135.39,50.72,132.19,500,poolAndRewire,,
659,bl_entry 88696.48 > 24234.95,21,24344,50,88696.48,24234.950999999997,316.79,134.51,51.39,130.86,500,poolAndRewire,,
660,bl_entry 90313.71 > 24234.95,27,24371,50,90313.71,24234.950999999997,317.18,136.33,50.76,130.07,500,poolAndRewire,,
661,bl_entry 90899.09 > 24234.95,30,24401,50,90899.09,24234.950999999997,318.92,136.73,50.8,131.36,500,poolAndRewire,,
662,bl_entry 88969.64 > 24234.95,31,24432,50,88969.64,24234.950999999997,323.09,137.08,51.69,134.3,500,poolAndRewire,,
663,bl_entry 89467.88 > 24234.95,32,24464,50,89467.875,24234.950999999997,315.37,134.11,50.82,130.42,500,poolAndRewire,,
664,bl_entry 88560.99 > 24234.95,26,24490,50,88560.995,24234.950999999997,319.38,137.46,51.31,130.58,500,poolAndRewire,,
665,bl_entry 89155.68 > 24234.95,30,24520,50,89155.675,24234.950999999997,319.42,136.27,51.05,132.08,500,poolAndRewire,,
666,bl_entry 89727.40 > 24234.95,23,24543,50,89727.4,24234.950999999997,321.3,137.13,51.04,133.11,500,poolAndRewire,,
667,bl_entry 89550.70 > 24234.95,26,24569,50,89550.7,24234.950999999997,317.91,135.97,50.94,130.97,500,poolAndRewire,,
668,bl_entry 90188.82 > 24234.95,27,24596,50,90188.82,24234.950999999997,318.51,134.07,52.18,132.25,500,poolAndRewire,,
669,bl_entry 89372.46 > 24234.95,21,24617,50,89372.455,24234.950999999997,319.73,134.01,52.79,132.9,500,poolAndRewire,,
670,bl_entry 89382.85 > 24234.95,29,24646,50,89382.845,24234.950999999997,319.33,132.93,52.34,134.03,500,poolAndRewire,,
671,bl_entry 88887.27 > 24234.95,33,24679,50,88887.275,24234.950999999997,323.24,135.63,52.0,135.59,500,poolAndRewire,,
672,bl_entry 88722.42 > 24234.95,26,24705,50,88722.42,24234.950999999997,319.4,135.78,50.71,132.9,500,poolAndRewire,,
673,bl_entry 87614.21 > 24234.95,23,24728,50,87614.21,24234.950999999997,319.75,135.01,51.77,132.95,500,poolAndRewire,,
674,bl_entry 87768.37 > 24234.95,34,24762,50,87768.365,24234.950999999997,329.46,138.84,53.29,137.31,500,poolAndRewire,,
675,bl_entry 88011.75 > 24234.95,28,24790,50,88011.75,24234.950999999997,329.06,135.63,52.02,141.39,500,poolAndRewire,,
676,bl_entry 86028.05 > 24234.95,28,24818,50,86028.05,24234.950999999997,1366.74,137.17,51.81,1177.74,500,poolAndRewire,,
677,bl_entry 87426.03 > 24234.95,20,24838,50,87426.03,24234.950999999997,339.69,141.57,54.86,143.23,500,poolAndRewire,,
678,bl_entry 83853.69 > 24234.95,31,24869,50,83853.69,24234.950999999997,323.69,141.12,50.15,132.41,500,poolAndRewire,,
679,bl_entry 81577.54 > 24234.95,30,24899,50,81577.545,24234.950999999997,325.31,141.1,50.45,133.74,500,poolAndRewire,,
680,bl_entry 81759.19 > 24234.95,34,24933,50,81759.19,24234.950999999997,325.34,140.3,49.94,135.07,500,poolAndRewire,,
681,bl_entry 79361.45 > 24234.95,22,24955,50,79361.45,24234.950999999997,323.65,136.16,52.11,135.36,500,poolAndRewire,,
682,bl_entry 81410.41 > 24234.95,25,24980,50,81410.41,24234.950999999997,324.27,135.84,50.84,137.57,500,poolAndRewire,,
683,bl_entry 81972.46 > 24234.95,28,25008,50,81972.455,24234.950999999997,321.91,134.99,51.13,135.77,500,poolAndRewire,,
684,bl_entry 80496.57 > 24234.95,33,25041,50,80496.57,24234.950999999997,316.51,131.99,50.68,133.81,500,poolAndRewire,,
685,bl_entry 81737.02 > 24234.95,29,25070,50,81737.025,24234.950999999997,327.47,138.21,51.6,137.64,500,poolAndRewire,,
686,bl_entry 81016.60 > 24234.95,35,25105,50,81016.605,24234.950999999997,323.17,134.75,51.86,136.54,500,poolAndRewire,,
687,bl_entry 80912.95 > 24234.95,29,25134,50,80912.945,24234.950999999997,337.24,137.21,52.39,147.62,500,poolAndRewire,,
688,bl_entry 80851.74 > 24234.95,35,25169,50,80851.745,24234.950999999997,324.47,135.94,49.36,139.16,500,poolAndRewire,,
689,bl_entry 80478.37 > 24234.95,25,25194,50,80478.365,24234.950999999997,326.96,137.59,52.97,136.38,500,poolAndRewire,,
690,bl_entry 79542.98 > 24234.95,29,25223,50,79542.975,24234.950999999997,326.48,134.71,51.21,140.53,500,poolAndRewire,,
691,bl_entry 79820.12 > 24234.95,29,25252,50,79820.12,24234.950999999997,328.24,133.46,54.48,140.27,500,poolAndRewire,,
692,bl_entry 81042.95 > 24234.95,35,25287,50,81042.95,24234.950999999997,321.94,134.25,49.62,138.04,500,poolAndRewire,,
693,bl_entry 80643.71 > 24234.95,30,25317,50,80643.71,24234.950999999997,334.34,136.41,52.45,145.45,500,poolAndRewire,,
694,bl_entry 81343.23 > 24234.95,33,25350,50,81343.23,24234.950999999997,326.62,136.64,49.73,140.23,500,poolAndRewire,,
695,bl_entry 80370.21 > 24234.95,28,25378,50,80370.21,24234.950999999997,327.86,138.14,52.85,136.85,500,poolAndRewire,,
696,bl_entry 80886.76 > 24234.95,31,25409,50,80886.755,24234.950999999997,335.62,136.85,53.35,145.39,500,poolAndRewire,,
697,bl_entry 80905.91 > 24234.95,31,25440,50,80905.915,24234.950999999997,341.02,140.59,52.64,147.77,500,poolAndRewire,,
698,bl_entry 81836.39 > 24234.95,33,25473,50,81836.39,24234.950999999997,342.96,140.1,54.28,148.55,500,poolAndRewire,,
699,bl_entry 82224.52 > 24234.95,31,25504,50,82224.525,24234.950999999997,322.29,133.45,50.38,138.43,500,poolAndRewire,,
700,bl_entry 80885.04 > 24234.95,31,25535,50,80885.045,24234.950999999997,324.33,136.16,49.1,139.05,500,poolAndRewire,,
701,bl_entry 81820.30 > 24234.95,29,25564,50,81820.3,24234.950999999997,321.18,133.65,51.08,136.44,500,poolAndRewire,,
702,bl_entry 81068.15 > 24234.95,33,25597,50,81068.15,24234.950999999997,320.69,135.13,49.3,136.24,500,poolAndRewire,,
703,bl_entry 82461.05 > 24234.95,26,25623,50,82461.05,24234.950999999997,328.97,134.48,52.24,142.23,500,poolAndRewire,,
704,bl_entry 82913.82 > 24234.95,39,25662,50,82913.825,24234.950999999997,323.82,135.65,50.13,138.01,500,poolAndRewire,,
705,bl_entry 81882.03 > 24234.95,32,25694,50,81882.03,24234.950999999997,335.95,136.98,51.28,147.67,500,poolAndRewire,,
706,bl_entry 81599.76 > 24234.95,33,25727,50,81599.76,24234.950999999997,1462.11,135.69,51.02,1275.39,500,poolAndRewire,,
707,bl_entry 79836.52 > 24234.95,21,25748,50,79836.525,24234.950999999997,328.38,136.53,49.55,142.28,500,poolAndRewire,,
708,bl_entry 79430.79 > 24234.95,23,25771,50,79430.785,24234.950999999997,343.52,152.58,52.18,138.73,500,poolAndRewire,,
709,bl_entry 79819.98 > 24234.95,30,25801,50,79819.98,24234.950999999997,327.94,134.37,51.37,142.18,500,poolAndRewire,,
710,bl_entry 80933.96 > 24234.95,36,25837,50,80933.96,24234.950999999997,324.67,135.42,50.49,138.74,500,poolAndRewire,,
711,bl_entry 82122.83 > 24234.95,33,25870,50,82122.83,24234.950999999997,333.52,138.81,52.16,142.53,500,poolAndRewire,,
712,bl_entry 82667.85 > 24234.95,29,25899,50,82667.845,24234.950999999997,329.41,140.36,49.45,139.57,500,poolAndRewire,,
713,bl_entry 82973.30 > 24234.95,33,25932,50,82973.3,24234.950999999997,330.72,137.13,51.12,142.45,500,poolAndRewire,,
714,bl_entry 82703.30 > 24234.95,25,25957,50,82703.305,24234.950999999997,354.75,157.95,51.36,145.4,500,poolAndRewire,,
715,bl_entry 82232.63 > 24234.95,35,25992,50,82232.635,24234.950999999997,326.99,135.36,50.79,140.82,500,poolAndRewire,,
716,bl_entry 82993.16 > 24234.95,29,26021,50,82993.165,24234.950999999997,332.34,136.15,50.62,145.55,500,poolAndRewire,,
717,bl_entry 82714.99 > 24234.95,29,26050,50,82714.99,24234.950999999997,351.2,148.18,54.98,148.02,500,poolAndRewire,,
718,bl_entry 82229.96 > 24234.95,34,26084,50,82229.96,24234.950999999997,329.9,135.55,51.68,142.64,500,poolAndRewire,,
719,bl_entry 83468.47 > 24234.95,24,26108,50,83468.47,24234.950999999997,333.93,136.35,52.08,145.47,500,poolAndRewire,,
720,bl_entry 82699.19 > 24234.95,36,26144,50,82699.19,24234.950999999997,338.13,145.56,52.33,140.23,500,poolAndRewire,,
721,bl_entry 81888.20 > 24234.95,26,26170,50,81888.195,24234.950999999997,327.58,135.87,51.64,140.04,500,poolAndRewire,,
722,bl_entry 81869.70 > 24234.95,29,26199,50,81869.695,24234.950999999997,329.49,135.47,51.41,142.58,500,poolAndRewire,,
723,bl_entry 80505.93 > 24234.95,28,26227,50,80505.925,24234.950999999997,330.95,138.22,50.87,141.84,500,poolAndRewire,,
724,bl_entry 81688.51 > 24234.95,22,26249,50,81688.51,24234.950999999997,328.32,135.83,51.29,141.18,500,poolAndRewire,,
725,bl_entry 81858.75 > 24234.95,35,26284,50,81858.75,24234.950999999997,334.87,138.13,52.93,143.79,500,poolAndRewire,,
726,bl_entry 81650.78 > 24234.95,29,26313,50,81650.78,24234.950999999997,329.39,134.84,51.8,142.73,500,poolAndRewire,,
727,bl_entry 82782.21 > 24234.95,23,26336,50,82782.205,24234.950999999997,338.09,135.49,51.73,150.85,500,poolAndRewire,,
728,bl_entry 81985.38 > 24234.95,24,26360,50,81985.385,24234.950999999997,330.57,135.43,52.3,142.8,500,poolAndRewire,,
729,bl_entry 82406.45 > 24234.95,28,26388,50,82406.45,24234.950999999997,328.64,135.44,50.49,142.7,500,poolAndRewire,,
730,bl_entry 82831.04 > 24234.95,28,26416,50,82831.035,24234.950999999997,337.42,134.64,50.96,151.8,500,poolAndRewire,,
731,bl_entry 82028.40 > 24234.95,24,26440,50,82028.395,24234.950999999997,332.67,135.07,50.61,146.97,500,poolAndRewire,,
732,bl_entry 83634.39 > 24234.95,17,26457,50,83634.39,24234.950999999997,1281.5,141.7,52.67,1087.11,500,poolAndRewire,,
733,bl_entry 84658.66 > 24234.95,27,26484,50,84658.66,24234.950999999997,329.29,135.21,51.86,142.2,500,poolAndRewire,,
734,bl_entry 84465.04 > 24234.95,32,26516,50,84465.035,24234.950999999997,328.76,135.31,50.22,143.21,500,poolAndRewire,,
735,bl_entry 84597.48 > 24234.95,37,26553,50,84597.48,24234.950999999997,330.29,135.84,50.43,143.99,500,poolAndRewire,,
736,bl_entry 83184.99 > 24234.95,30,26583,50,83184.99,24234.950999999997,330.5,136.26,50.48,143.73,500,poolAndRewire,,
737,bl_entry 81504.22 > 24234.95,27,26610,50,81504.22,24234.950999999997,331.96,135.62,51.7,144.62,500,poolAndRewire,,
738,bl_entry 82081.83 > 24234.95,26,26636,50,82081.83,24234.950999999997,327.89,134.77,47.98,145.11,500,poolAndRewire,,
739,bl_entry 81375.72 > 24234.95,20,26656,50,81375.72,24234.950999999997,327.85,133.34,49.44,145.06,500,poolAndRewire,,
740,bl_entry 80539.18 > 24234.95,21,26677,50,80539.18,24234.950999999997,331.21,136.23,49.34,145.61,500,poolAndRewire,,
741,bl_entry 81330.97 > 24234.95,19,26696,50,81330.97,24234.950999999997,331.11,134.16,50.6,146.33,500,poolAndRewire,,
742,bl_entry 81022.56 > 24234.95,21,26717,50,81022.56,24234.950999999997,329.9,134.65,47.65,147.58,500,poolAndRewire,,
743,bl_entry 81515.90 > 24234.95,26,26743,50,81515.895,24234.950999999997,332.96,136.65,49.34,146.94,500,poolAndRewire,,
744,bl_entry 81177.57 > 24234.95,17,26760,50,81177.565,24234.950999999997,333.04,134.71,51.12,147.18,500,poolAndRewire,,
745,bl_entry 80658.18 > 24234.95,18,26778,50,80658.185,24234.950999999997,332.64,134.95,51.15,146.52,500,poolAndRewire,,
746,bl_entry 79651.15 > 24234.95,19,26797,50,79651.155,24234.950999999997,328.61,133.79,47.46,147.33,500,poolAndRewire,,
747,bl_entry 79920.13 > 24234.95,17,26814,50,79920.135,24234.950999999997,331.39,136.0,48.31,147.05,500,poolAndRewire,,
748,bl_entry 79963.10 > 24234.95,27,26841,50,79963.095,24234.950999999997,332.12,135.51,49.46,147.12,500,poolAndRewire,,
749,bl_entry 79921.13 > 24234.95,14,26855,50,79921.135,24234.950999999997,332.18,135.46,48.9,147.79,500,poolAndRewire,,
750,bl_entry 80781.27 > 24234.95,20,26875,50,80781.275,24234.950999999997,334.94,136.93,50.5,147.49,500,poolAndRewire,,
751,bl_entry 80369.38 > 24234.95,28,26903,50,80369.375,24234.950999999997,331.72,134.76,49.38,147.55,500,poolAndRewire,,
752,bl_entry 81305.99 > 24234.95,19,26922,50,81305.995,24234.950999999997,331.21,135.27,48.26,147.66,500,poolAndRewire,,
753,bl_entry 81979.49 > 24234.95,17,26939,50,81979.485,24234.950999999997,332.97,134.98,49.35,148.61,500,poolAndRewire,,
754,bl_entry 81316.27 > 24234.95,22,26961,50,81316.27,24234.950999999997,333.95,135.85,49.63,148.44,500,poolAndRewire,,
755,bl_entry 80946.24 > 24234.95,28,26989,50,80946.245,24234.950999999997,1214.38,134.75,48.54,1031.07,500,poolAndRewire,,
756,bl_entry 79812.82 > 24234.95,29,27018,50,79812.825,24234.950999999997,335.07,134.86,50.93,149.26,500,poolAndRewire,,
757,bl_entry 79959.90 > 24234.95,17,27035,50,79959.905,24234.950999999997,339.8,134.13,48.26,157.39,500,poolAndRewire,,
758,bl_entry 80136.61 > 24234.95,22,27057,50,80136.61,24234.950999999997,333.38,135.19,48.95,149.22,500,poolAndRewire,,
759,bl_entry 80403.27 > 24234.95,16,27073,50,80403.275,24234.950999999997,330.87,133.78,47.35,149.71,500,poolAndRewire,,
760,bl_entry 80570.55 > 24234.95,12,27085,50,80570.555,24234.950999999997,330.94,132.7,48.57,149.65,500,poolAndRewire,,
761,bl_entry 80549.07 > 24234.95,10,27095,50,80549.075,24234.950999999997,330.02,133.63,46.37,149.99,500,poolAndRewire,,
762,bl_entry 80302.10 > 24234.95,17,27112,50,80302.095,24234.950999999997,332.93,134.7,48.66,149.55,500,poolAndRewire,,
763,bl_entry 79378.34 > 24234.95,22,27134,50,79378.34,24234.950999999997,333.46,133.64,50.01,149.78,500,poolAndRewire,,
764,bl_entry 80106.32 > 24234.95,24,27158,50,80106.325,24234.950999999997,334.47,134.14,50.17,150.12,500,poolAndRewire,,
765,bl_entry 79651.65 > 24234.95,19,27177,50,79651.65,24234.950999999997,332.28,133.68,48.65,149.93,500,poolAndRewire,,
766,bl_entry 80630.88 > 24234.95,13,27190,50,80630.885,24234.950999999997,332.96,135.74,47.54,149.66,500,poolAndRewire,,
767,bl_entry 82251.35 > 24234.95,25,27215,50,82251.355,24234.950999999997,336.17,136.21,50.26,149.68,500,poolAndRewire,,
768,bl_entry 82395.21 > 24234.95,18,27233,50,82395.205,24234.950999999997,335.18,134.1,49.92,151.13,500,poolAndRewire,,
769,bl_entry 81716.55 > 24234.95,20,27253,50,81716.55,24234.950999999997,332.77,134.13,48.38,150.24,500,poolAndRewire,,
770,bl_entry 80918.65 > 24234.95,24,27277,50,80918.645,24234.950999999997,335.09,134.84,49.03,151.19,500,poolAndRewire,,
771,bl_entry 78974.70 > 24234.95,21,27298,50,78974.7,24234.950999999997,336.28,133.74,50.4,152.11,500,poolAndRewire,,
772,bl_entry 78290.91 > 24234.95,20,27318,50,78290.91,24234.950999999997,335.32,133.42,50.2,151.67,500,poolAndRewire,,
773,bl_entry 80514.40 > 24234.95,9,27327,50,80514.405,24234.950999999997,333.41,134.87,46.96,151.56,500,poolAndRewire,,
774,bl_entry 80488.73 > 24234.95,25,27352,50,80488.73,24234.950999999997,333.4,135.13,47.96,150.29,500,poolAndRewire,,
775,bl_entry 81904.76 > 24234.95,11,27363,50,81904.76,24234.950999999997,1149.9,135.23,51.42,963.21,500,poolAndRewire,,
776,bl_entry 83299.90 > 24234.95,22,27385,50,83299.895,24234.950999999997,334.27,136.49,50.22,147.54,500,poolAndRewire,,
777,bl_entry 81227.63 > 24234.95,18,27403,50,81227.635,24234.950999999997,329.16,134.52,47.39,147.22,500,poolAndRewire,,
778,bl_entry 82301.90 > 24234.95,14,27417,50,82301.905,24234.950999999997,335.86,135.24,49.89,150.71,500,poolAndRewire,,
779,bl_entry 82259.34 > 24234.95,18,27435,50,82259.34,24234.950999999997,332.12,135.63,49.1,147.37,500,poolAndRewire,,
780,bl_entry 80272.60 > 24234.95,23,27458,50,80272.595,24234.950999999997,332.39,134.86,48.8,148.71,500,poolAndRewire,,
781,bl_entry 80223.07 > 24234.95,24,27482,50,80223.065,24234.950999999997,334.43,133.94,48.03,152.44,500,poolAndRewire,,
782,bl_entry 79090.85 > 24234.95,16,27498,50,79090.845,24234.950999999997,334.17,134.13,48.85,151.17,500,poolAndRewire,,
783,bl_entry 79167.16 > 24234.95,14,27512,50,79167.165,24234.950999999997,333.51,134.48,47.12,151.89,500,poolAndRewire,,
784,bl_entry 80540.10 > 24234.95,22,27534,50,80540.105,24234.950999999997,341.27,135.22,49.69,156.35,500,poolAndRewire,,
785,bl_entry 80408.14 > 24234.95,13,27547,50,80408.14,24234.950999999997,333.47,133.77,47.86,151.82,500,poolAndRewire,,
786,bl_entry 80416.29 > 24234.95,17,27564,50,80416.29,24234.950999999997,336.81,135.74,49.55,151.49,500,poolAndRewire,,
787,bl_entry 81484.74 > 24234.95,22,27586,50,81484.745,24234.950999999997,341.35,134.63,53.99,152.71,500,poolAndRewire,,
788,bl_entry 82175.46 > 24234.95,20,27606,50,82175.46,24234.950999999997,334.55,133.58,50.05,150.9,500,poolAndRewire,,
789,bl_entry 82134.26 > 24234.95,13,27619,50,82134.255,24234.950999999997,334.75,135.32,48.48,150.93,500,poolAndRewire,,
790,bl_entry 82191.71 > 24234.95,22,27641,50,82191.71,24234.950999999997,336.05,137.91,47.08,151.04,500,poolAndRewire,,
791,bl_entry 81260.28 > 24234.95,12,27653,50,81260.28,24234.950999999997,334.91,134.44,47.8,152.65,500,poolAndRewire,,
792,bl_entry 79717.24 > 24234.95,19,27672,50,79717.235,24234.950999999997,335.84,134.96,49.28,151.58,500,poolAndRewire,,
793,bl_entry 80543.52 > 24234.95,20,27692,50,80543.52,24234.950999999997,341.58,140.06,50.23,151.27,500,poolAndRewire,,
794,bl_entry 80474.71 > 24234.95,22,27714,50,80474.715,24234.950999999997,336.88,134.03,47.6,155.23,500,poolAndRewire,,
795,bl_entry 80019.78 > 24234.95,23,27737,50,80019.78,24234.950999999997,336.86,133.25,49.06,154.53,500,poolAndRewire,,
796,bl_entry 79566.46 > 24234.95,14,27751,50,79566.46,24234.950999999997,340.01,136.77,49.03,154.2,500,poolAndRewire,,
797,bl_entry 79701.01 > 24234.95,22,27773,50,79701.015,24234.950999999997,334.21,131.25,49.39,153.54,500,poolAndRewire,,
798,bl_entry 79025.51 > 24234.95,23,27796,50,79025.515,24234.950999999997,337.97,135.13,48.27,154.55,500,poolAndRewire,,
799,bl_entry 79133.12 > 24234.95,24,27820,50,79133.115,24234.950999999997,335.71,134.92,48.2,152.56,500,poolAndRewire,,
800,bl_entry 81047.33 > 24234.95,15,27835,50,81047.33,24234.950999999997,1508.24,134.91,49.54,1323.77,500,poolAndRewire,,
801,bl_entry 80916.21 > 24234.95,20,27855,50,80916.205,24234.950999999997,340.84,133.34,47.92,159.55,500,poolAndRewire,,
802,bl_entry 82498.01 > 24234.95,13,27868,50,82498.015,24234.950999999997,337.62,135.58,49.26,152.76,500,poolAndRewire,,
803,bl_entry 83491.34 > 24234.95,16,27884,50,83491.34,24234.950999999997,338.16,134.53,51.09,152.51,500,poolAndRewire,,
804,bl_entry 82857.02 > 24234.95,20,27904,50,82857.025,24234.950999999997,342.05,135.11,54.35,152.57,500,poolAndRewire,,
805,bl_entry 82212.46 > 24234.95,17,27921,50,82212.455,24234.950999999997,338.14,134.98,50.06,153.08,500,poolAndRewire,,
806,bl_entry 81876.21 > 24234.95,20,27941,50,81876.21,24234.950999999997,334.26,133.98,47.4,152.85,500,poolAndRewire,,
807,bl_entry 80214.02 > 24234.95,11,27952,50,80214.02,24234.950999999997,345.39,139.19,50.67,155.51,500,poolAndRewire,,
808,bl_entry 78822.38 > 24234.95,16,27968,50,78822.38,24234.950999999997,341.65,135.59,50.14,155.89,500,poolAndRewire,,
809,bl_entry 79710.26 > 24234.95,15,27983,50,79710.255,24234.950999999997,338.36,133.7,48.42,156.22,500,poolAndRewire,,
810,bl_entry 80494.29 > 24234.95,21,28004,50,80494.295,24234.950999999997,338.71,133.47,49.45,155.77,500,poolAndRewire,,
811,bl_entry 81315.26 > 24234.95,22,28026,50,81315.265,24234.950999999997,338.51,133.74,49.94,154.81,500,poolAndRewire,,
812,bl_entry 83331.24 > 24234.95,25,28051,50,83331.245,24234.950999999997,337.89,133.88,48.56,155.42,500,poolAndRewire,,
813,bl_entry 83032.74 > 24234.95,28,28079,50,83032.74,24234.950999999997,340.35,136.54,50.16,153.62,500,poolAndRewire,,
814,bl_entry 81531.09 > 24234.95,16,28095,50,81531.085,24234.950999999997,337.89,134.36,49.14,154.36,500,poolAndRewire,,
815,bl_entry 82226.76 > 24234.95,14,28109,50,82226.76,24234.950999999997,345.74,139.07,50.31,156.32,500,poolAndRewire,,
816,bl_entry 81582.34 > 24234.95,24,28133,50,81582.335,24234.950999999997,336.8,134.09,49.21,153.48,500,poolAndRewire,,
817,bl_entry 81087.76 > 24234.95,17,28150,50,81087.755,24234.950999999997,336.45,134.67,48.63,153.12,500,poolAndRewire,,
818,bl_entry 81550.01 > 24234.95,17,28167,50,81550.015,24234.950999999997,349.13,141.65,51.36,156.09,500,poolAndRewire,,
819,bl_entry 80202.07 > 24234.95,16,28183,50,80202.07,24234.950999999997,341.46,136.55,47.95,156.93,500,poolAndRewire,,
820,bl_entry 80129.46 > 24234.95,25,28208,50,80129.455,24234.950999999997,343.21,134.54,49.08,159.56,500,poolAndRewire,,
821,bl_entry 80008.45 > 24234.95,17,28225,50,80008.445,24234.950999999997,359.26,149.09,49.69,160.46,500,poolAndRewire,,
822,bl_entry 80246.15 > 24234.95,22,28247,50,80246.155,24234.950999999997,341.88,135.23,48.05,158.58,500,poolAndRewire,,
823,bl_entry 80711.70 > 24234.95,21,28268,50,80711.695,24234.950999999997,355.34,136.66,51.38,167.28,500,poolAndRewire,,
824,bl_entry 80354.63 > 24234.95,25,28293,50,80354.635,24234.950999999997,1481.07,135.69,50.1,1295.25,500,poolAndRewire,,
825,bl_entry 81088.38 > 24234.95,19,28312,50,81088.38,24234.950999999997,364.19,157.55,50.71,155.91,500,poolAndRewire,,
826,bl_entry 80308.81 > 24234.95,16,28328,50,80308.81,24234.950999999997,350.92,136.03,52.65,162.23,500,poolAndRewire,,
827,bl_entry 81462.43 > 24234.95,21,28349,50,81462.425,24234.950999999997,358.27,149.54,48.4,160.31,500,poolAndRewire,,
828,bl_entry 82244.36 > 24234.95,14,28363,50,82244.36,24234.950999999997,345.88,137.35,50.12,158.38,500,poolAndRewire,,
829,bl_entry 81627.70 > 24234.95,24,28387,50,81627.7,24234.950999999997,343.06,134.9,49.9,158.23,500,poolAndRewire,,
830,bl_entry 82172.68 > 24234.95,22,28409,50,82172.675,24234.950999999997,345.77,139.8,48.41,157.54,500,poolAndRewire,,
831,bl_entry 82407.44 > 24234.95,25,28434,50,82407.44,24234.950999999997,342.69,135.81,50.77,156.08,500,poolAndRewire,,
832,bl_entry 83227.00 > 24234.95,11,28445,50,83227.0,24234.950999999997,345.33,136.92,49.43,158.95,500,poolAndRewire,,
833,bl_entry 83922.85 > 24234.95,16,28461,50,83922.855,24234.950999999997,345.47,135.49,51.57,158.39,500,poolAndRewire,,
834,bl_entry 83829.74 > 24234.95,25,28486,50,83829.74,24234.950999999997,343.55,136.6,48.15,158.78,500,poolAndRewire,,
835,bl_entry 82856.29 > 24234.95,16,28502,50,82856.295,24234.950999999997,343.57,135.44,49.01,159.09,500,poolAndRewire,,
836,bl_entry 80071.02 > 24234.95,20,28522,50,80071.025,24234.950999999997,341.32,133.93,49.4,157.97,500,poolAndRewire,,
837,bl_entry 78847.13 > 24234.95,16,28538,50,78847.13,24234.950999999997,341.83,135.63,48.86,157.31,500,poolAndRewire,,
1,,1,1,10,,,,0.664,0.906,,10,hardness_adaptive,275.0,263.25
2,,0,1,20,,,,0.524,0.883,,10,hardness_adaptive,283.0,265.0
3,,1,2,30,,,,0.652,0.85,,10,hardness_adaptive,610.0,267.5
4,,0,2,40,,,,0.583,0.75,,10,hardness_adaptive,521.0,274.25
5,,1,3,50,,,,0.412,0.72,,10,hardness_adaptive,548.0,278.5
6,,3,6,50,,,,0.467,1.011,,10,hardness_adaptive,545.0,297.5
7,,1,7,50,,,,0.415,1.083,,10,hardness_adaptive,536.0,341.75
8,,1,8,50,,,,0.421,1.013,,10,hardness_adaptive,531.0,530.25
9,,0,8,50,,,,0.48,1.025,,10,hardness_adaptive,586.0,539.0
10,,2,10,50,,,,0.668,1.0,,10,hardness_adaptive,559.0,545.0
11,,0,10,50,,,,0.635,1.194,,10,hardness_adaptive,576.0,550.0
12,,0,10,50,,,,0.685,1.068,,10,hardness_adaptive,620.0,557.0
13,,1,11,50,,,,0.434,1.065,,10,hardness_adaptive,598.0,563.25
14,,2,13,50,,,,0.625,1.179,,10,hardness_adaptive,576.0,567.25
15,,2,15,50,,,,0.435,1.04,,10,hardness_adaptive,267.0,253.25
16,,2,17,50,,,,0.848,1.035,,10,hardness_adaptive,534.0,253.25
17,,1,18,50,,,,0.708,0.933,,10,hardness_adaptive,657.0,256.0
18,,1,19,50,,,,0.5,0.92,,10,hardness_adaptive,550.0,262.5
19,,1,20,50,,,,0.562,1.144,,10,hardness_adaptive,584.0,270.5
20,,1,21,50,,,,0.446,1.054,,10,hardness_adaptive,578.0,282.75
21,,2,23,50,,,,0.476,1.093,,10,hardness_adaptive,575.0,459.75
22,,2,25,50,,,,0.624,1.064,,10,hardness_adaptive,584.0,524.0
23,,1,26,50,,,,0.409,1.031,,10,hardness_adaptive,558.0,539.0
24,,1,27,50,,,,0.619,1.108,,10,hardness_adaptive,584.0,549.0
25,,0,27,50,,,,0.593,1.114,,10,hardness_adaptive,586.0,559.25
26,,1,28,50,,,,0.61,1.053,,10,hardness_adaptive,575.0,568.0
27,,2,30,50,,,,0.543,1.265,,10,hardness_adaptive,451.0,306.75
28,,3,33,50,,,,0.501,1.119,,10,hardness_adaptive,342.0,256.75
29,,1,34,50,,,,0.607,0.797,,10,hardness_adaptive,523.0,260.0
30,,0,34,50,,,,0.417,1.016,,10,hardness_adaptive,517.0,264.25
31,,1,35,50,,,,0.432,1.006,,10,hardness_adaptive,489.0,270.5
32,,1,36,50,,,,0.397,1.022,,10,hardness_adaptive,520.0,285.25
33,,1,37,50,,,,0.451,1.016,,10,hardness_adaptive,507.0,311.0
34,,1,38,50,,,,0.405,0.987,,10,hardness_adaptive,562.0,506.25
35,,1,39,50,,,,0.661,1.148,,10,hardness_adaptive,583.0,529.0
36,,0,39,50,,,,0.48,1.093,,10,hardness_adaptive,564.0,541.75
37,,1,40,50,,,,0.478,1.108,,10,hardness_adaptive,571.0,553.0
38,,2,42,50,,,,0.581,1.02,,10,hardness_adaptive,581.0,559.0
39,,0,42,50,,,,0.496,1.118,,10,hardness_adaptive,568.0,566.25
40,,1,43,50,,,,0.595,1.111,,10,hardness_adaptive,616.0,571.0
41,,1,44,50,,,,0.511,1.235,,10,hardness_adaptive,602.0,578.0
42,,0,44,50,,,,0.602,1.238,,10,hardness_adaptive,306.0,259.0
43,,1,45,50,,,,0.403,1.078,,10,hardness_adaptive,283.0,249.0
44,,2,47,50,,,,0.608,1.306,,10,hardness_adaptive,254.0,249.0
45,,0,47,50,,,,0.555,1.267,,10,hardness_adaptive,583.0,252.0
46,,1,48,50,,,,0.398,1.051,,10,hardness_adaptive,525.0,254.5
47,,0,48,50,,,,0.522,1.109,,10,hardness_adaptive,561.0,261.25
48,,0,48,50,,,,0.424,0.961,,10,hardness_adaptive,575.0,273.0
49,,1,49,50,,,,0.486,1.117,,10,hardness_adaptive,558.0,297.0
50,,1,50,50,,,,0.331,0.928,,10,hardness_adaptive,522.0,511.25
51,,0,50,50,,,,0.984,1.064,,10,hardness_adaptive,572.0,530.25
52,,0,50,50,,,,0.638,1.131,,10,hardness_adaptive,556.0,547.0
53,,0,50,50,,,,0.721,1.112,,10,hardness_adaptive,620.0,553.0
54,,0,50,50,,,,0.48,1.104,,10,hardness_adaptive,574.0,560.25
55,,1,51,50,,,,0.622,0.817,,10,hardness_adaptive,599.0,564.0
56,,1,52,50,,,,0.727,1.159,,10,hardness_adaptive,313.0,258.25
57,,1,53,50,,,,0.576,1.157,,10,hardness_adaptive,257.0,256.0
58,,1,54,50,,,,0.469,1.094,,10,hardness_adaptive,574.0,257.0
59,,2,56,50,,,,0.554,1.19,,10,hardness_adaptive,487.0,265.25
60,,0,56,50,,,,0.566,0.955,,10,hardness_adaptive,599.0,271.5
61,,1,57,50,,,,0.43,0.972,,10,hardness_adaptive,527.0,280.5
62,,2,59,50,,,,0.668,1.14,,10,hardness_adaptive,553.0,313.5
63,,0,59,50,,,,0.459,1.074,,10,hardness_adaptive,544.0,516.5
64,,1,60,50,,,,0.646,1.034,,10,hardness_adaptive,576.0,532.5
65,,0,60,50,,,,0.627,1.009,,10,hardness_adaptive,575.0,542.25
66,,1,61,50,,,,0.492,1.121,,10,hardness_adaptive,606.0,554.0
67,,2,63,50,,,,0.439,1.039,,10,hardness_adaptive,580.0,568.25
68,,1,64,50,,,,0.565,1.163,,10,hardness_adaptive,300.0,255.25
69,,0,64,50,,,,0.55,0.753,,10,hardness_adaptive,527.0,261.5
70,,1,65,50,,,,0.461,1.085,,10,hardness_adaptive,583.0,267.0
71,,3,68,50,,,,0.515,1.106,,10,hardness_adaptive,534.0,272.0
72,,2,70,50,,,,0.426,1.051,,10,hardness_adaptive,516.0,280.0
73,,0,70,50,,,,0.64,1.226,,10,hardness_adaptive,564.0,303.5
74,,2,72,50,,,,0.652,1.197,,10,hardness_adaptive,571.0,503.0
75,,1,73,50,,,,0.501,1.146,,10,hardness_adaptive,600.0,531.0
76,,3,76,50,,,,0.559,1.182,,10,hardness_adaptive,549.0,544.0
77,,1,77,50,,,,0.662,1.18,,10,hardness_adaptive,563.0,553.25
78,,1,78,50,,,,0.614,1.135,,10,hardness_adaptive,569.0,561.0
79,,2,80,50,,,,0.594,1.034,,10,hardness_adaptive,590.0,566.25
80,,2,82,50,,,,0.497,1.018,,10,hardness_adaptive,580.0,571.25
81,,1,83,50,,,,0.434,1.068,,10,hardness_adaptive,295.0,260.25
82,,1,84,50,,,,0.562,1.184,,10,hardness_adaptive,269.0,262.0
83,,1,85,50,,,,0.523,1.046,,10,hardness_adaptive,553.0,266.0
84,,0,85,50,,,,0.451,1.065,,10,hardness_adaptive,523.0,270.0
85,,1,86,50,,,,0.548,1.026,,10,hardness_adaptive,571.0,274.0
86,,2,88,50,,,,0.529,1.08,,10,hardness_adaptive,588.0,279.5
87,,1,89,50,,,,0.412,1.004,,10,hardness_adaptive,507.0,302.5
88,,0,89,50,,,,0.498,1.035,,10,hardness_adaptive,545.0,515.0
89,,1,90,50,,,,0.392,1.019,,10,hardness_adaptive,549.0,529.25
90,,0,90,50,,,,0.659,1.181,,10,hardness_adaptive,595.0,544.25
91,,0,90,50,,,,0.668,1.078,,10,hardness_adaptive,569.0,549.25
92,,1,91,50,,,,0.626,1.2,,10,hardness_adaptive,598.0,557.0
93,,1,92,50,,,,0.651,1.136,,10,hardness_adaptive,592.0,563.0
94,,1,93,50,,,,0.642,1.013,,10,hardness_adaptive,601.0,569.0
95,,0,93,50,,,,0.555,1.223,,10,hardness_adaptive,419.0,380.25
96,,1,94,50,,,,0.603,1.198,,10,hardness_adaptive,397.0,366.25
97,,3,97,50,,,,0.605,0.842,,10,hardness_adaptive,395.0,364.25
98,,1,98,50,,,,0.556,1.175,,10,hardness_adaptive,393.0,363.5
99,,0,98,50,,,,0.593,1.176,,10,hardness_adaptive,689.0,369.25
100,,1,99,50,,,,0.472,1.079,,10,hardness_adaptive,653.0,376.25
101,,2,101,50,,,,0.539,1.123,,10,hardness_adaptive,754.0,395.5
102,,0,101,50,,,,0.72,1.09,,10,hardness_adaptive,725.0,411.75
103,,2,103,50,,,,0.523,1.073,,10,hardness_adaptive,725.0,470.5
104,,1,104,50,,,,0.535,1.076,,10,hardness_adaptive,730.0,645.25
105,,1,105,50,,,,0.548,1.206,,10,hardness_adaptive,707.0,664.25
106,,2,107,50,,,,0.752,1.143,,10,hardness_adaptive,734.0,689.0
107,,0,107,50,,,,0.68,1.143,,10,hardness_adaptive,728.0,706.0
108,,2,109,50,,,,0.59,1.146,,10,hardness_adaptive,749.0,716.0
109,,0,109,50,,,,0.706,1.237,,10,hardness_adaptive,732.0,727.0
110,,1,110,50,,,,0.47,1.148,,10,hardness_adaptive,400.0,368.0
111,,1,111,50,,,,0.522,1.08,,10,hardness_adaptive,432.0,368.25
112,,0,111,50,,,,0.502,1.098,,10,hardness_adaptive,700.0,381.0
113,,1,112,50,,,,0.611,0.777,,10,hardness_adaptive,605.0,386.0
114,,2,114,50,,,,0.666,1.139,,10,hardness_adaptive,740.0,395.25
115,,0,114,50,,,,0.72,1.268,,10,hardness_adaptive,779.0,421.25
116,,1,115,50,,,,0.688,1.08,,10,hardness_adaptive,625.0,450.25
117,,0,115,50,,,,0.58,1.187,,10,hardness_adaptive,678.0,619.0
118,,0,115,50,,,,0.551,1.13,,10,hardness_adaptive,721.0,655.0
119,,1,116,50,,,,0.682,0.98,,10,hardness_adaptive,746.0,676.5
120,,2,118,50,,,,0.475,1.024,,10,hardness_adaptive,699.0,689.25
121,,2,120,50,,,,0.671,1.091,,10,hardness_adaptive,771.0,701.0
122,,2,122,50,,,,0.543,1.153,,10,hardness_adaptive,739.0,709.25
123,,1,123,50,,,,0.518,1.095,,10,hardness_adaptive,749.0,720.25
124,,1,124,50,,,,0.575,1.136,,10,hardness_adaptive,747.0,731.0
125,,2,126,50,,,,0.62,1.286,,10,hardness_adaptive,446.0,367.0
126,,1,127,50,,,,0.604,1.056,,10,hardness_adaptive,664.0,370.5
127,,0,127,50,,,,0.589,1.332,,10,hardness_adaptive,682.0,376.25
128,,1,128,50,,,,0.621,1.151,,10,hardness_adaptive,710.0,393.25
129,,1,129,50,,,,0.715,1.112,,10,hardness_adaptive,627.0,414.0
130,,1,130,50,,,,0.517,1.173,,10,hardness_adaptive,682.0,437.25
131,,1,131,50,,,,0.575,1.132,,10,hardness_adaptive,655.0,599.75
132,,2,133,50,,,,0.552,1.153,,10,hardness_adaptive,750.0,646.0
133,,3,136,50,,,,0.581,0.764,,10,hardness_adaptive,704.0,669.0
134,,0,136,50,,,,0.701,1.12,,10,hardness_adaptive,735.0,682.25
135,,1,137,50,,,,0.563,1.116,,10,hardness_adaptive,718.0,694.0
136,,1,138,50,,,,0.487,1.062,,10,hardness_adaptive,723.0,707.0
137,,0,138,50,,,,0.47,1.117,,10,hardness_adaptive,421.0,376.0
138,,1,139,50,,,,0.671,1.055,,10,hardness_adaptive,393.0,366.0
139,,2,141,50,,,,0.492,1.14,,10,hardness_adaptive,451.0,365.25
140,,0,141,50,,,,0.648,1.111,,10,hardness_adaptive,599.0,376.75
141,,2,143,50,,,,0.517,1.097,,10,hardness_adaptive,661.0,388.0
142,,0,143,50,,,,0.675,1.388,,10,hardness_adaptive,695.0,403.0
143,,0,143,50,,,,0.554,1.121,,10,hardness_adaptive,653.0,417.5
144,,0,143,50,,,,0.458,1.058,,10,hardness_adaptive,678.0,444.25
145,,2,145,50,,,,0.491,1.079,,10,hardness_adaptive,755.0,638.5
146,,2,147,50,,,,0.512,1.097,,10,hardness_adaptive,732.0,668.0
147,,0,147,50,,,,0.683,1.093,,10,hardness_adaptive,713.0,679.0
148,,2,149,50,,,,0.523,1.09,,10,hardness_adaptive,706.0,685.0
149,,2,151,50,,,,0.489,1.087,,10,hardness_adaptive,737.0,695.25
150,,0,151,50,,,,0.571,1.179,,10,hardness_adaptive,813.0,707.0
151,,2,153,50,,,,0.722,1.176,,10,hardness_adaptive,733.0,717.5
152,,0,153,50,,,,0.69,1.136,,10,hardness_adaptive,746.0,723.25
153,,1,154,50,,,,0.524,1.162,,10,hardness_adaptive,735.0,729.0
154,,1,155,50,,,,0.764,1.222,,10,hardness_adaptive,416.0,388.0
155,,1,156,50,,,,0.753,1.214,,10,hardness_adaptive,419.0,365.0
156,,0,156,50,,,,0.526,1.136,,10,hardness_adaptive,386.0,365.0
157,,1,157,50,,,,0.634,1.181,,10,hardness_adaptive,657.0,371.5
158,,2,159,50,,,,0.57,1.159,,10,hardness_adaptive,708.0,386.5
159,,2,161,50,,,,0.511,1.152,,10,hardness_adaptive,689.0,396.0
160,,0,161,50,,,,0.617,1.144,,10,hardness_adaptive,617.0,419.0
161,,1,162,50,,,,0.502,1.128,,10,hardness_adaptive,708.0,463.75
162,,1,163,50,,,,0.507,1.068,,10,hardness_adaptive,736.0,622.0
163,,2,165,50,,,,0.708,1.058,,10,hardness_adaptive,702.0,652.75
164,,1,166,50,,,,0.485,1.285,,10,hardness_adaptive,727.0,673.0
165,,1,167,50,,,,0.543,1.113,,10,hardness_adaptive,724.0,689.0
166,,1,168,50,,,,0.703,1.259,,10,hardness_adaptive,711.0,698.25
167,,1,169,50,,,,0.73,1.141,,10,hardness_adaptive,779.0,708.75
168,,2,171,50,,,,0.57,1.16,,10,hardness_adaptive,747.0,716.25
169,,2,173,50,,,,0.529,1.305,,10,hardness_adaptive,400.0,399.25
170,,2,175,50,,,,0.628,1.219,,10,hardness_adaptive,387.0,377.25
171,,3,178,50,,,,0.45,1.107,,10,hardness_adaptive,445.0,370.5
172,,0,178,50,,,,0.473,1.087,,10,hardness_adaptive,407.0,368.5
173,,1,179,50,,,,0.737,1.226,,10,hardness_adaptive,371.0,364.0
174,,2,181,50,,,,0.478,1.117,,10,hardness_adaptive,417.0,361.0
175,,2,183,50,,,,0.597,1.151,,10,hardness_adaptive,496.0,361.75
176,,0,183,50,,,,0.683,1.008,,10,hardness_adaptive,713.0,372.25
177,,1,184,50,,,,0.541,1.134,,10,hardness_adaptive,743.0,389.5
178,,0,184,50,,,,0.55,1.163,,10,hardness_adaptive,725.0,406.25
179,,2,186,50,,,,0.614,0.716,,10,hardness_adaptive,646.0,430.75
180,,0,186,50,,,,0.629,1.05,,10,hardness_adaptive,691.0,487.0
181,,1,187,50,,,,0.527,1.114,,10,hardness_adaptive,732.0,630.25
182,,1,188,50,,,,0.514,1.068,,10,hardness_adaptive,698.0,667.25
183,,0,188,50,,,,0.57,1.095,,10,hardness_adaptive,712.0,688.0
184,,1,189,50,,,,0.639,1.155,,10,hardness_adaptive,725.0,705.25
185,,1,190,50,,,,0.498,1.159,,10,hardness_adaptive,365.0,305.0
186,,2,192,50,,,,0.477,1.102,,10,hardness_adaptive,306.0,292.25
187,,1,193,50,,,,0.675,1.143,,10,hardness_adaptive,645.0,295.5
188,,1,194,50,,,,0.664,0.993,,10,hardness_adaptive,576.0,306.0
189,,1,195,50,,,,0.51,1.081,,10,hardness_adaptive,613.0,318.0
190,,0,195,50,,,,0.609,1.08,,10,hardness_adaptive,530.0,325.25
191,,0,195,50,,,,0.689,1.095,,10,hardness_adaptive,630.0,359.0
192,,1,196,50,,,,0.507,1.132,,10,hardness_adaptive,609.0,550.75
193,,0,196,50,,,,0.49,1.052,,10,hardness_adaptive,626.0,593.25
194,,0,196,50,,,,0.64,1.008,,10,hardness_adaptive,623.0,601.25
195,,2,198,50,,,,0.678,0.964,,10,hardness_adaptive,645.0,613.0
196,,0,198,50,,,,0.65,1.095,,10,hardness_adaptive,662.0,622.25
197,,0,198,50,,,,0.708,1.059,,10,hardness_adaptive,641.0,627.0
198,,0,198,50,,,,0.697,1.07,,10,hardness_adaptive,671.0,634.0
199,,1,199,50,,,,0.681,0.505,,10,hardness_adaptive,653.0,641.0
200,,0,199,50,,,,0.446,0.984,,10,hardness_adaptive,681.0,644.25
201,,2,201,50,,,,0.486,1.15,,10,hardness_adaptive,334.0,291.25
202,,2,203,50,,,,0.481,1.054,,10,hardness_adaptive,643.0,290.25
203,,3,206,50,,,,0.507,1.107,,10,hardness_adaptive,579.0,303.0
204,,0,206,50,,,,0.605,1.223,,10,hardness_adaptive,689.0,312.5
205,,1,207,50,,,,0.519,1.136,,10,hardness_adaptive,624.0,327.5
206,,1,208,50,,,,0.544,1.108,,10,hardness_adaptive,774.0,349.75
207,,1,209,50,,,,0.545,1.128,,10,hardness_adaptive,614.0,525.75
208,,2,211,50,,,,0.508,1.115,,10,hardness_adaptive,593.0,585.25
209,,2,213,50,,,,0.668,1.103,,10,hardness_adaptive,681.0,602.0
210,,0,213,50,,,,0.664,1.031,,10,hardness_adaptive,641.0,621.75
211,,1,214,50,,,,0.671,0.791,,10,hardness_adaptive,637.0,632.0
212,,0,214,50,,,,0.535,1.097,,10,hardness_adaptive,672.0,638.0
213,,1,215,50,,,,0.64,1.038,,10,hardness_adaptive,667.0,647.0
214,,0,215,50,,,,0.463,1.075,,10,hardness_adaptive,322.0,297.0
215,,0,215,50,,,,0.543,1.161,,10,hardness_adaptive,639.0,296.25
216,,2,217,50,,,,0.507,1.049,,10,hardness_adaptive,638.0,301.25
217,,1,218,50,,,,0.462,1.066,,10,hardness_adaptive,661.0,307.0
218,,1,219,50,,,,0.61,1.204,,10,hardness_adaptive,633.0,317.0
219,,1,220,50,,,,0.5,1.018,,10,hardness_adaptive,563.0,331.0
220,,1,221,50,,,,0.727,1.152,,10,hardness_adaptive,624.0,558.5
221,,2,223,50,,,,0.514,1.112,,10,hardness_adaptive,605.0,602.0
222,,2,225,50,,,,0.509,1.094,,10,hardness_adaptive,623.0,619.25
223,,1,226,50,,,,0.647,1.057,,10,hardness_adaptive,659.0,623.25
224,,1,227,50,,,,0.701,1.19,,10,hardness_adaptive,652.0,629.0
225,,0,227,50,,,,0.747,1.163,,10,hardness_adaptive,653.0,634.0
226,,2,229,50,,,,0.687,1.386,,10,hardness_adaptive,698.0,641.0
227,,0,229,50,,,,0.482,1.181,,10,hardness_adaptive,341.0,327.25
228,,1,230,50,,,,0.676,1.196,,10,hardness_adaptive,480.0,300.0
229,,0,230,50,,,,0.551,1.126,,10,hardness_adaptive,304.0,300.0
230,,1,231,50,,,,0.63,1.313,,10,hardness_adaptive,608.0,301.0
231,,1,232,50,,,,0.455,1.05,,10,hardness_adaptive,597.0,309.0
232,,0,232,50,,,,0.521,1.045,,10,hardness_adaptive,645.0,319.5
233,,0,232,50,,,,0.609,0.765,,10,hardness_adaptive,667.0,335.75
234,,2,234,50,,,,0.508,1.14,,10,hardness_adaptive,621.0,360.75
235,,1,235,50,,,,0.688,1.155,,10,hardness_adaptive,607.0,563.5
236,,2,237,50,,,,0.512,1.026,,10,hardness_adaptive,599.0,598.25
237,,2,239,50,,,,0.601,1.101,,10,hardness_adaptive,627.0,609.0
238,,2,241,50,,,,0.618,1.132,,10,hardness_adaptive,663.0,626.0
239,,2,243,50,,,,0.504,1.096,,10,hardness_adaptive,663.0,633.0
240,,0,243,50,,,,0.493,1.11,,10,hardness_adaptive,667.0,640.25
241,,1,244,50,,,,0.952,1.183,,10,hardness_adaptive,661.0,648.0
242,,2,246,50,,,,0.646,1.247,,10,hardness_adaptive,692.0,656.0
243,,1,247,50,,,,0.497,1.403,,10,hardness_adaptive,317.0,307.75
244,,0,247,50,,,,0.622,0.795,,10,hardness_adaptive,332.0,295.5
245,,1,248,50,,,,0.622,1.089,,10,hardness_adaptive,580.0,298.0
246,,3,251,50,,,,0.59,1.175,,10,hardness_adaptive,540.0,303.0
247,,1,252,50,,,,0.561,1.151,,10,hardness_adaptive,634.0,316.0
248,,3,255,50,,,,0.547,1.08,,10,hardness_adaptive,632.0,332.25
249,,1,256,50,,,,0.616,1.076,,10,hardness_adaptive,638.0,359.5
250,,0,256,50,,,,0.651,0.501,,10,hardness_adaptive,613.0,540.75
251,,1,257,50,,,,0.541,0.978,,10,hardness_adaptive,606.0,601.5
252,,2,259,50,,,,0.596,0.789,,10,hardness_adaptive,614.0,611.25
253,,0,259,50,,,,0.712,1.053,,10,hardness_adaptive,779.0,624.25
254,,1,260,50,,,,0.538,1.084,,10,hardness_adaptive,643.0,632.0
255,,1,261,50,,,,0.549,1.085,,10,hardness_adaptive,646.0,638.25
256,,1,262,50,,,,0.644,1.19,,10,hardness_adaptive,377.0,339.5
257,,1,263,50,,,,0.693,1.1,,10,hardness_adaptive,301.0,295.75
258,,3,266,50,,,,0.457,1.046,,10,hardness_adaptive,351.0,296.5
259,,3,269,50,,,,0.486,1.122,,10,hardness_adaptive,350.0,296.5
260,,1,270,50,,,,0.542,1.051,,10,hardness_adaptive,334.0,296.0
261,,1,271,50,,,,0.679,1.222,,10,hardness_adaptive,294.0,292.25
262,,1,272,50,,,,0.627,1.099,,10,hardness_adaptive,564.0,297.5
263,,2,274,50,,,,0.484,1.091,,10,hardness_adaptive,567.0,303.25
264,,0,274,50,,,,0.631,1.064,,10,hardness_adaptive,652.0,319.0
265,,1,275,50,,,,0.507,1.107,,10,hardness_adaptive,608.0,341.25
266,,1,276,50,,,,0.623,1.23,,10,hardness_adaptive,589.0,358.25
267,,1,277,50,,,,0.482,1.118,,10,hardness_adaptive,607.0,564.75
268,,1,278,50,,,,0.708,1.153,,10,hardness_adaptive,706.0,600.25
269,,3,281,50,,,,0.485,1.063,,10,hardness_adaptive,622.0,617.25
270,,0,281,50,,,,0.537,1.099,,10,hardness_adaptive,633.0,628.0
271,,1,282,50,,,,0.56,1.174,,10,hardness_adaptive,665.0,634.25
272,,0,282,50,,,,0.652,0.951,,10,hardness_adaptive,683.0,641.0
273,,0,282,50,,,,0.674,1.104,,10,hardness_adaptive,293.0,292.25
274,,2,284,50,,,,0.421,1.05,,10,hardness_adaptive,306.0,290.0
275,,2,286,50,,,,0.651,1.022,,10,hardness_adaptive,325.0,289.0
276,,0,286,50,,,,0.526,1.057,,10,hardness_adaptive,654.0,289.0
277,,0,286,50,,,,0.567,1.143,,10,hardness_adaptive,718.0,292.25
278,,0,286,50,,,,0.515,0.952,,10,hardness_adaptive,650.0,303.25
279,,1,287,50,,,,0.665,1.128,,10,hardness_adaptive,667.0,318.25
280,,0,287,50,,,,0.523,1.071,,10,hardness_adaptive,574.0,348.5
281,,1,288,50,,,,0.471,1.03,,10,hardness_adaptive,575.0,560.5
282,,0,288,50,,,,0.482,1.016,,10,hardness_adaptive,611.0,598.0
283,,2,290,50,,,,0.493,1.121,,10,hardness_adaptive,614.0,609.5
284,,0,290,50,,,,0.535,1.126,,10,hardness_adaptive,640.0,622.0
285,,0,290,50,,,,0.51,1.083,,10,hardness_adaptive,639.0,632.0
286,,1,291,50,,,,0.517,1.126,,10,hardness_adaptive,643.0,637.25
287,,1,292,50,,,,0.751,1.199,,10,hardness_adaptive,323.0,311.25
288,,3,295,50,,,,0.524,1.152,,10,hardness_adaptive,332.0,291.0
289,,1,296,50,,,,0.687,0.352,,10,hardness_adaptive,294.0,290.25
290,,0,296,50,,,,0.636,1.106,,10,hardness_adaptive,681.0,294.75
291,,1,297,50,,,,0.645,1.039,,10,hardness_adaptive,645.0,305.5
292,,2,299,50,,,,0.559,0.762,,10,hardness_adaptive,574.0,313.25
293,,1,300,50,,,,0.568,1.144,,10,hardness_adaptive,674.0,335.25
294,,1,301,50,,,,0.481,1.063,,10,hardness_adaptive,603.0,403.75
295,,1,302,50,,,,0.667,1.101,,10,hardness_adaptive,610.0,594.0
296,,0,302,50,,,,0.559,1.131,,10,hardness_adaptive,675.0,610.5
297,,0,302,50,,,,0.683,0.349,,10,hardness_adaptive,644.0,626.0
298,,1,303,50,,,,0.595,1.074,,10,hardness_adaptive,670.0,635.0
299,,1,304,50,,,,0.467,1.043,,10,hardness_adaptive,320.0,294.25
300,,1,305,50,,,,0.657,1.02,,10,hardness_adaptive,311.0,295.0
301,,1,306,50,,,,0.727,1.165,,10,hardness_adaptive,755.0,297.0
302,,1,307,50,,,,0.554,1.133,,10,hardness_adaptive,698.0,304.25
303,,2,309,50,,,,0.504,1.075,,10,hardness_adaptive,647.0,313.75
304,,1,310,50,,,,0.435,0.983,,10,hardness_adaptive,565.0,326.25
305,,1,311,50,,,,0.526,1.034,,10,hardness_adaptive,648.0,347.5
306,,1,312,50,,,,0.657,1.105,,10,hardness_adaptive,634.0,584.25
307,,1,313,50,,,,0.666,1.071,,10,hardness_adaptive,623.0,608.25
308,,2,315,50,,,,0.603,1.097,,10,hardness_adaptive,642.0,620.5
309,,2,317,50,,,,0.632,1.221,,10,hardness_adaptive,638.0,628.5
310,,0,317,50,,,,0.629,1.088,,10,hardness_adaptive,671.0,637.25
311,,0,317,50,,,,0.712,1.174,,10,hardness_adaptive,330.0,305.75
312,,1,318,50,,,,0.475,1.148,,10,hardness_adaptive,332.0,302.0
313,,1,319,50,,,,0.43,1.038,,10,hardness_adaptive,605.0,305.25
314,,0,319,50,,,,0.618,1.083,,10,hardness_adaptive,648.0,318.5
315,,1,320,50,,,,0.689,1.122,,10,hardness_adaptive,600.0,328.0
316,,1,321,50,,,,0.685,0.355,,10,hardness_adaptive,622.0,344.0
317,,1,322,50,,,,0.332,0.881,,10,hardness_adaptive,544.0,389.25
318,,0,322,50,,,,0.468,1.087,,10,hardness_adaptive,651.0,580.0
319,,0,322,50,,,,0.576,0.762,,10,hardness_adaptive,640.0,603.5
320,,0,322,50,,,,0.63,0.963,,10,hardness_adaptive,631.0,617.5
321,,1,323,50,,,,0.557,1.111,,10,hardness_adaptive,640.0,627.25
322,,1,324,50,,,,0.545,1.164,,10,hardness_adaptive,661.0,636.0
323,,1,325,50,,,,0.529,1.095,,10,hardness_adaptive,646.0,642.5
324,,0,325,50,,,,0.559,1.109,,10,hardness_adaptive,696.0,648.25
325,,3,328,50,,,,0.502,1.155,,10,hardness_adaptive,315.0,299.25
326,,0,328,50,,,,0.75,1.067,,10,hardness_adaptive,382.0,305.0
327,,0,328,50,,,,0.479,1.12,,10,hardness_adaptive,304.0,300.0
328,,3,331,50,,,,0.663,1.143,,10,hardness_adaptive,368.0,295.0
329,,2,333,50,,,,0.56,1.099,,10,hardness_adaptive,332.0,295.5
330,,1,334,50,,,,0.463,1.138,,10,hardness_adaptive,584.0,302.0
331,,2,336,50,,,,0.616,0.989,,10,hardness_adaptive,613.0,304.25
332,,1,337,50,,,,0.519,1.113,,10,hardness_adaptive,594.0,319.0
333,,0,337,50,,,,0.687,1.066,,10,hardness_adaptive,712.0,333.25
334,,1,338,50,,,,0.469,1.138,,10,hardness_adaptive,611.0,369.0
335,,1,339,50,,,,0.719,1.144,,10,hardness_adaptive,641.0,589.5
336,,1,340,50,,,,0.597,0.794,,10,hardness_adaptive,626.0,600.5
337,,1,341,50,,,,0.675,1.104,,10,hardness_adaptive,626.0,616.5
338,,1,342,50,,,,0.624,1.2,,10,hardness_adaptive,691.0,626.0
339,,1,343,50,,,,0.612,1.126,,10,hardness_adaptive,638.0,637.25
340,,0,343,50,,,,0.51,1.066,,10,hardness_adaptive,647.0,641.0
341,,1,344,50,,,,0.615,1.099,,10,hardness_adaptive,307.0,304.5
342,,0,344,50,,,,0.719,0.345,,10,hardness_adaptive,331.0,294.0
343,,1,345,50,,,,0.643,0.353,,10,hardness_adaptive,326.0,292.0
344,,0,345,50,,,,0.563,1.193,,10,hardness_adaptive,350.0,294.0
345,,0,345,50,,,,0.527,1.117,,10,hardness_adaptive,675.0,298.0
346,,2,347,50,,,,0.499,1.06,,10,hardness_adaptive,591.0,308.25
347,,1,348,50,,,,0.683,1.132,,10,hardness_adaptive,630.0,320.25
348,,1,349,50,,,,0.518,0.964,,10,hardness_adaptive,660.0,352.75
349,,2,351,50,,,,0.597,1.076,,10,hardness_adaptive,714.0,410.75
350,,0,351,50,,,,0.681,1.014,,10,hardness_adaptive,621.0,592.0
351,,1,352,50,,,,0.566,1.241,,10,hardness_adaptive,727.0,610.0
352,,1,353,50,,,,0.646,1.055,,10,hardness_adaptive,630.0,620.25
353,,0,353,50,,,,0.619,1.109,,10,hardness_adaptive,631.0,630.0
354,,1,354,50,,,,0.474,1.071,,10,hardness_adaptive,663.0,639.25
355,,0,354,50,,,,0.689,1.186,,10,hardness_adaptive,344.0,295.25
356,,1,355,50,,,,0.658,0.364,,10,hardness_adaptive,327.0,297.25
357,,2,357,50,,,,0.522,0.734,,10,hardness_adaptive,605.0,301.5
358,,0,357,50,,,,0.535,1.084,,10,hardness_adaptive,605.0,312.0
359,,1,358,50,,,,0.499,1.061,,10,hardness_adaptive,619.0,325.5
360,,1,359,50,,,,0.564,1.156,,10,hardness_adaptive,624.0,334.75
361,,0,359,50,,,,0.502,1.077,,10,hardness_adaptive,641.0,474.75
362,,2,361,50,,,,0.581,1.176,,10,hardness_adaptive,600.0,574.25
363,,0,361,50,,,,0.627,1.13,,10,hardness_adaptive,606.0,605.0
364,,0,361,50,,,,0.555,1.091,,10,hardness_adaptive,622.0,616.5
365,,0,361,50,,,,0.58,1.156,,10,hardness_adaptive,640.0,624.25
366,,0,361,50,,,,0.519,1.126,,10,hardness_adaptive,665.0,635.25
367,,2,363,50,,,,0.567,1.092,,10,hardness_adaptive,675.0,640.0
368,,2,365,50,,,,0.721,1.22,,10,hardness_adaptive,680.0,644.25
369,,2,367,50,,,,0.671,0.358,,10,hardness_adaptive,336.0,297.0
370,,1,368,50,,,,0.485,1.072,,10,hardness_adaptive,333.0,296.25
371,,2,370,50,,,,0.62,1.184,,10,hardness_adaptive,680.0,299.25
372,,0,370,50,,,,0.648,1.114,,10,hardness_adaptive,592.0,304.5
373,,0,370,50,,,,0.576,1.118,,10,hardness_adaptive,641.0,314.25
374,,2,372,50,,,,0.548,1.124,,10,hardness_adaptive,623.0,324.25
375,,3,375,50,,,,0.652,1.076,,10,hardness_adaptive,616.0,371.25
376,,1,376,50,,,,0.666,1.023,,10,hardness_adaptive,658.0,590.5
377,,1,377,50,,,,0.6,0.344,,10,hardness_adaptive,631.0,614.25
378,,2,379,50,,,,0.583,1.092,,10,hardness_adaptive,636.0,623.25
379,,1,380,50,,,,0.683,0.788,,10,hardness_adaptive,699.0,630.25
380,,2,382,50,,,,0.564,1.114,,10,hardness_adaptive,685.0,638.0
381,,0,382,50,,,,0.464,1.061,,10,hardness_adaptive,648.0,644.25
382,,2,384,50,,,,0.641,1.149,,10,hardness_adaptive,661.0,648.0
383,,2,386,50,,,,0.527,1.183,,10,hardness_adaptive,325.0,314.25
384,,1,387,50,,,,0.786,1.251,,10,hardness_adaptive,345.0,292.0
385,,0,387,50,,,,0.586,1.062,,10,hardness_adaptive,353.0,291.0
386,,1,388,50,,,,0.765,1.127,,10,hardness_adaptive,362.0,291.0
387,,0,388,50,,,,0.496,1.113,,10,hardness_adaptive,638.0,296.25
388,,1,389,50,,,,0.557,1.112,,10,hardness_adaptive,656.0,306.0
389,,2,391,50,,,,0.641,0.354,,10,hardness_adaptive,556.0,318.25
390,,1,392,50,,,,0.597,1.112,,10,hardness_adaptive,599.0,344.25
391,,1,393,50,,,,0.725,0.346,,10,hardness_adaptive,659.0,376.75
392,,0,393,50,,,,0.595,0.766,,10,hardness_adaptive,590.0,584.0
393,,0,393,50,,,,0.551,1.077,,10,hardness_adaptive,626.0,600.5
394,,2,395,50,,,,0.586,1.443,,10,hardness_adaptive,662.0,610.0
395,,0,395,50,,,,0.704,1.094,,10,hardness_adaptive,659.0,625.0
396,,1,396,50,,,,0.48,1.099,,10,hardness_adaptive,661.0,632.0
397,,2,398,50,,,,0.72,1.263,,10,hardness_adaptive,680.0,638.0
398,,0,398,50,,,,0.578,0.353,,10,hardness_adaptive,669.0,644.75
399,,3,401,50,,,,0.795,1.233,,10,hardness_adaptive,355.0,330.5
400,,0,401,50,,,,0.768,0.367,,10,hardness_adaptive,302.0,289.0
401,,1,402,50,,,,0.535,0.764,,10,hardness_adaptive,297.0,283.0
402,,0,402,50,,,,0.436,0.966,,10,hardness_adaptive,580.0,284.75
403,,1,403,50,,,,0.481,1.089,,10,hardness_adaptive,580.0,288.25
404,,1,404,50,,,,0.557,1.105,,10,hardness_adaptive,676.0,297.75
405,,1,405,50,,,,0.536,1.145,,10,hardness_adaptive,638.0,315.75
406,,2,407,50,,,,0.64,1.112,,10,hardness_adaptive,593.0,345.25
407,,1,408,50,,,,0.494,1.042,,10,hardness_adaptive,629.0,581.25
408,,1,409,50,,,,0.567,1.166,,10,hardness_adaptive,660.0,601.5
409,,1,410,50,,,,0.453,1.02,,10,hardness_adaptive,666.0,612.0
410,,1,411,50,,,,0.588,1.117,,10,hardness_adaptive,700.0,623.25
411,,2,413,50,,,,0.612,0.98,,10,hardness_adaptive,663.0,630.25
412,,2,415,50,,,,0.588,1.049,,10,hardness_adaptive,646.0,637.25
413,,1,416,50,,,,0.669,0.344,,10,hardness_adaptive,651.0,646.0
414,,1,417,50,,,,0.534,1.146,,10,hardness_adaptive,323.0,303.0
415,,1,418,50,,,,0.489,1.03,,10,hardness_adaptive,313.0,288.25
416,,2,420,50,,,,0.751,0.374,,10,hardness_adaptive,290.0,288.0
417,,0,420,50,,,,0.604,0.788,,10,hardness_adaptive,692.0,291.5
418,,1,421,50,,,,0.485,1.128,,10,hardness_adaptive,628.0,305.0
419,,0,421,50,,,,0.689,1.172,,10,hardness_adaptive,584.0,310.25
420,,1,422,50,,,,0.534,1.113,,10,hardness_adaptive,660.0,322.25
421,,2,424,50,,,,0.564,0.363,,10,hardness_adaptive,588.0,335.25
422,,0,424,50,,,,0.502,1.105,,10,hardness_adaptive,592.0,565.25
423,,1,425,50,,,,0.466,1.097,,10,hardness_adaptive,608.0,585.75
424,,1,426,50,,,,0.614,0.664,,10,hardness_adaptive,624.0,596.25
425,,2,428,50,,,,0.659,1.112,,10,hardness_adaptive,707.0,612.25
426,,1,429,50,,,,0.716,1.135,,10,hardness_adaptive,651.0,619.25
427,,2,431,50,,,,0.675,1.048,,10,hardness_adaptive,745.0,629.5
428,,0,431,50,,,,0.662,1.197,,10,hardness_adaptive,858.0,642.0
429,,2,433,50,,,,0.763,1.122,,10,hardness_adaptive,693.0,653.0
430,,0,433,50,,,,0.612,1.132,,10,hardness_adaptive,765.0,665.25
431,,1,434,50,,,,0.72,1.147,,10,hardness_adaptive,721.0,693.75
432,,1,435,50,,,,0.662,1.098,,10,hardness_adaptive,789.0,728.25
433,,2,437,50,,,,0.893,0.796,,10,hardness_adaptive,835.0,754.0
434,,1,438,50,,,,0.608,1.124,,10,hardness_adaptive,817.0,773.0
435,,3,441,50,,,,0.745,1.143,,10,hardness_adaptive,791.0,787.0
436,,1,442,50,,,,0.707,1.099,,10,hardness_adaptive,852.0,807.25
437,,2,444,50,,,,0.703,1.251,,10,hardness_adaptive,822.0,818.25
438,,1,445,50,,,,0.693,0.819,,10,hardness_adaptive,530.0,431.25
439,,0,445,50,,,,0.695,0.849,,10,hardness_adaptive,580.0,432.75
440,,1,446,50,,,,0.501,1.148,,10,hardness_adaptive,559.0,416.25
441,,0,446,50,,,,0.658,0.825,,10,hardness_adaptive,507.0,414.0
442,,0,446,50,,,,0.706,1.111,,10,hardness_adaptive,722.0,413.25
443,,2,448,50,,,,0.556,1.127,,10,hardness_adaptive,772.0,430.25
444,,0,448,50,,,,0.696,1.129,,10,hardness_adaptive,886.0,457.25
445,,1,449,50,,,,0.539,1.099,,10,hardness_adaptive,774.0,482.25
446,,0,449,50,,,,0.601,1.1,,10,hardness_adaptive,794.0,511.75
447,,1,450,50,,,,0.66,1.123,,10,hardness_adaptive,869.0,691.75
448,,0,450,50,,,,0.659,0.794,,10,hardness_adaptive,826.0,733.25
449,,1,451,50,,,,0.523,1.117,,10,hardness_adaptive,936.0,766.75
450,,2,453,50,,,,0.555,1.13,,10,hardness_adaptive,795.0,787.0
451,,1,454,50,,,,0.497,1.091,,10,hardness_adaptive,833.0,795.75
452,,1,455,50,,,,0.589,1.262,,10,hardness_adaptive,562.0,473.75
453,,0,455,50,,,,0.74,1.212,,10,hardness_adaptive,496.0,454.25
454,,0,455,50,,,,0.692,1.147,,10,hardness_adaptive,936.0,460.5
455,,0,455,50,,,,0.573,1.161,,10,hardness_adaptive,924.0,479.5
456,,2,457,50,,,,0.653,1.144,,10,hardness_adaptive,693.0,499.5
457,,2,459,50,,,,0.527,1.077,,10,hardness_adaptive,775.0,516.75
458,,1,460,50,,,,0.651,1.18,,10,hardness_adaptive,749.0,552.0
459,,3,463,50,,,,0.508,1.129,,10,hardness_adaptive,858.0,740.0
460,,1,464,50,,,,0.596,1.16,,10,hardness_adaptive,977.0,754.0
461,,0,464,50,,,,0.604,1.237,,10,hardness_adaptive,887.0,777.0
462,,1,465,50,,,,0.609,1.143,,10,hardness_adaptive,844.0,788.25
463,,1,466,50,,,,0.599,1.157,,10,hardness_adaptive,915.0,799.75
464,,1,467,50,,,,0.693,1.181,,10,hardness_adaptive,830.0,814.75
465,,2,469,50,,,,0.587,1.159,,10,hardness_adaptive,849.0,831.75
466,,1,470,50,,,,0.565,1.143,,10,hardness_adaptive,886.0,843.0
467,,1,471,50,,,,0.566,1.169,,10,hardness_adaptive,626.0,455.0
468,,0,471,50,,,,0.75,1.173,,10,hardness_adaptive,452.0,446.0
469,,1,472,50,,,,0.66,1.198,,10,hardness_adaptive,495.0,443.25
470,,0,472,50,,,,0.622,1.167,,10,hardness_adaptive,659.0,452.5
471,,1,473,50,,,,0.565,1.141,,10,hardness_adaptive,847.0,477.75
472,,2,475,50,,,,0.505,1.063,,10,hardness_adaptive,768.0,512.75
473,,1,476,50,,,,0.57,1.138,,10,hardness_adaptive,876.0,544.5
474,,1,477,50,,,,0.598,1.064,,10,hardness_adaptive,745.0,589.0
475,,1,478,50,,,,0.613,1.112,,10,hardness_adaptive,751.0,675.75
476,,1,479,50,,,,0.599,0.794,,10,hardness_adaptive,818.0,741.25
477,,0,479,50,,,,0.729,1.164,,10,hardness_adaptive,881.0,760.5
478,,0,479,50,,,,0.491,1.066,,10,hardness_adaptive,890.0,785.75
479,,1,480,50,,,,0.729,1.135,,10,hardness_adaptive,818.0,802.25
480,,2,482,50,,,,0.59,1.086,,10,hardness_adaptive,917.0,819.5
481,,1,483,50,,,,0.654,1.125,,10,hardness_adaptive,893.0,829.25
482,,3,486,50,,,,0.596,1.201,,10,hardness_adaptive,501.0,448.0
483,,0,486,50,,,,0.669,1.152,,10,hardness_adaptive,473.0,448.25
484,,3,489,50,,,,0.551,1.123,,10,hardness_adaptive,731.0,454.25
485,,0,489,50,,,,0.667,1.124,,10,hardness_adaptive,850.0,459.25
486,,1,490,50,,,,0.542,1.104,,10,hardness_adaptive,859.0,473.25
487,,2,492,50,,,,0.5,1.095,,10,hardness_adaptive,797.0,490.25
488,,0,492,50,,,,0.56,1.117,,10,hardness_adaptive,745.0,508.25
489,,0,492,50,,,,0.709,1.126,,10,hardness_adaptive,790.0,636.25
490,,2,494,50,,,,0.594,1.112,,10,hardness_adaptive,766.0,742.0
491,,1,495,50,,,,0.542,1.15,,10,hardness_adaptive,853.0,772.75
492,,2,497,50,,,,0.584,1.153,,10,hardness_adaptive,795.0,793.0
493,,0,497,50,,,,0.603,1.091,,10,hardness_adaptive,829.0,798.75
494,,0,497,50,,,,0.614,1.126,,10,hardness_adaptive,917.0,817.25
495,,0,497,50,,,,0.612,1.161,,10,hardness_adaptive,853.0,830.0
496,,2,499,50,,,,0.763,1.17,,10,hardness_adaptive,459.0,451.0
497,,1,500,50,,,,0.563,1.194,,10,hardness_adaptive,532.0,436.75
498,,1,501,50,,,,0.719,1.198,,10,hardness_adaptive,825.0,453.0
499,,1,502,50,,,,0.584,1.129,,10,hardness_adaptive,890.0,468.75
500,,0,502,50,,,,0.558,1.082,,10,hardness_adaptive,697.0,481.5
501,,3,505,50,,,,0.603,1.196,,10,hardness_adaptive,746.0,517.75
502,,1,506,50,,,,0.698,1.173,,10,hardness_adaptive,807.0,550.25
503,,0,506,50,,,,0.652,1.083,,10,hardness_adaptive,678.0,670.5
504,,1,507,50,,,,0.695,1.119,,10,hardness_adaptive,821.0,728.5
505,,0,507,50,,,,0.571,1.117,,10,hardness_adaptive,777.0,763.75
506,,0,507,50,,,,0.708,1.149,,10,hardness_adaptive,848.0,795.0
507,,0,507,50,,,,0.589,1.169,,10,hardness_adaptive,869.0,808.25
508,,0,507,50,,,,0.593,1.21,,10,hardness_adaptive,483.0,466.0
509,,1,508,50,,,,0.643,1.302,,10,hardness_adaptive,428.0,422.5
510,,2,510,50,,,,0.557,1.077,,10,hardness_adaptive,511.0,432.25
511,,2,512,50,,,,0.508,1.116,,10,hardness_adaptive,748.0,455.0
512,,2,514,50,,,,0.565,1.154,,10,hardness_adaptive,651.0,475.25
513,,0,514,50,,,,0.564,1.164,,10,hardness_adaptive,930.0,493.25
514,,2,516,50,,,,0.522,1.103,,10,hardness_adaptive,684.0,522.75
515,,1,517,50,,,,0.574,1.279,,10,hardness_adaptive,797.0,577.25
516,,2,519,50,,,,0.596,1.17,,10,hardness_adaptive,699.0,695.25
517,,1,520,50,,,,0.719,1.133,,10,hardness_adaptive,783.0,749.25
518,,1,521,50,,,,0.531,1.096,,10,hardness_adaptive,782.0,773.0
519,,1,522,50,,,,0.654,1.135,,10,hardness_adaptive,843.0,787.25
520,,0,522,50,,,,0.694,1.13,,10,hardness_adaptive,849.0,796.0
521,,1,523,50,,,,0.592,1.181,,10,hardness_adaptive,835.0,812.0
522,,2,525,50,,,,0.608,1.195,,10,hardness_adaptive,868.0,824.25
523,,1,526,50,,,,0.623,1.268,,10,hardness_adaptive,352.0,348.25
524,,2,528,50,,,,0.578,1.148,,10,hardness_adaptive,693.0,349.25
525,,2,530,50,,,,0.577,1.072,,10,hardness_adaptive,712.0,354.75
526,,1,531,50,,,,0.73,1.161,,10,hardness_adaptive,690.0,370.5
527,,2,533,50,,,,0.533,1.105,,10,hardness_adaptive,703.0,384.5
528,,2,535,50,,,,0.683,1.183,,10,hardness_adaptive,768.0,431.25
529,,3,538,50,,,,0.595,1.13,,10,hardness_adaptive,790.0,651.5
530,,1,539,50,,,,0.551,1.126,,10,hardness_adaptive,699.0,679.25
531,,1,540,50,,,,0.732,1.22,,10,hardness_adaptive,706.0,691.5
532,,2,542,50,,,,0.63,0.771,,10,hardness_adaptive,734.0,703.0
533,,1,543,50,,,,0.703,1.148,,10,hardness_adaptive,725.0,719.0
534,,3,546,50,,,,0.575,1.12,,10,hardness_adaptive,803.0,725.25
535,,1,547,50,,,,0.555,1.174,,10,hardness_adaptive,439.0,349.25
536,,1,548,50,,,,0.578,1.116,,10,hardness_adaptive,355.0,347.25
537,,0,548,50,,,,0.662,1.007,,10,hardness_adaptive,352.0,348.25
538,,1,549,50,,,,0.536,1.116,,10,hardness_adaptive,717.0,350.0
539,,2,551,50,,,,0.485,1.05,,10,hardness_adaptive,700.0,360.0
540,,1,552,50,,,,0.681,1.138,,10,hardness_adaptive,695.0,378.5
541,,1,553,50,,,,0.507,1.092,,10,hardness_adaptive,670.0,406.0
542,,0,553,50,,,,0.474,1.055,,10,hardness_adaptive,659.0,501.25
543,,1,554,50,,,,0.545,1.101,,10,hardness_adaptive,733.0,655.25
544,,1,555,50,,,,0.51,1.129,,10,hardness_adaptive,745.0,684.25
545,,0,555,50,,,,0.598,1.1,,10,hardness_adaptive,796.0,695.5
546,,0,555,50,,,,0.557,1.124,,10,hardness_adaptive,813.0,702.5
547,,1,556,50,,,,0.547,1.379,,10,hardness_adaptive,740.0,717.25
548,,1,557,50,,,,0.535,1.25,,10,hardness_adaptive,413.0,395.0
549,,1,558,50,,,,0.486,1.1,,10,hardness_adaptive,383.0,362.0
550,,1,559,50,,,,0.539,1.169,,10,hardness_adaptive,387.0,358.25
551,,1,560,50,,,,0.663,1.177,,10,hardness_adaptive,398.0,352.0
552,,1,561,50,,,,0.596,1.166,,10,hardness_adaptive,376.0,345.25
553,,1,562,50,,,,0.562,1.13,,10,hardness_adaptive,355.0,346.25
554,,1,563,50,,,,0.625,1.133,,10,hardness_adaptive,632.0,353.25
555,,1,564,50,,,,0.625,1.21,,10,hardness_adaptive,741.0,363.75
556,,2,566,50,,,,0.474,1.072,,10,hardness_adaptive,702.0,380.5
557,,1,567,50,,,,0.609,1.186,,10,hardness_adaptive,705.0,398.5
558,,2,569,50,,,,0.591,1.161,,10,hardness_adaptive,679.0,490.5
559,,2,571,50,,,,0.67,1.202,,10,hardness_adaptive,681.0,634.75
560,,2,573,50,,,,0.768,1.104,,10,hardness_adaptive,766.0,668.75
561,,1,574,50,,,,0.651,1.15,,10,hardness_adaptive,844.0,685.5
562,,1,575,50,,,,0.689,1.131,,10,hardness_adaptive,723.0,698.5
563,,2,577,50,,,,0.646,1.123,,10,hardness_adaptive,735.0,705.0
564,,1,578,50,,,,0.604,1.273,,10,hardness_adaptive,399.0,386.75
565,,2,580,50,,,,0.601,1.149,,10,hardness_adaptive,364.0,362.25
566,,1,581,50,,,,0.563,1.105,,10,hardness_adaptive,395.0,357.25
567,,1,582,50,,,,0.434,1.095,,10,hardness_adaptive,572.0,362.25
568,,0,582,50,,,,0.663,1.184,,10,hardness_adaptive,668.0,365.75
569,,2,584,50,,,,0.492,1.109,,10,hardness_adaptive,797.0,374.0
570,,1,585,50,,,,0.605,1.099,,10,hardness_adaptive,848.0,393.5
571,,3,588,50,,,,0.68,1.131,,10,hardness_adaptive,704.0,411.25
572,,2,590,50,,,,0.499,1.127,,10,hardness_adaptive,663.0,553.25
573,,1,591,50,,,,0.794,0.772,,10,hardness_adaptive,699.0,638.25
574,,0,591,50,,,,0.682,1.163,,10,hardness_adaptive,713.0,670.0
575,,2,593,50,,,,0.534,1.135,,10,hardness_adaptive,719.0,694.0
576,,1,594,50,,,,0.697,1.21,,10,hardness_adaptive,743.0,699.75
577,,0,594,50,,,,0.569,1.193,,10,hardness_adaptive,729.0,708.0
578,,1,595,50,,,,0.524,1.11,,10,hardness_adaptive,796.0,717.25
579,,1,596,50,,,,0.755,1.194,,10,hardness_adaptive,760.0,725.25
580,,0,596,50,,,,0.521,1.122,,10,hardness_adaptive,366.0,353.5
581,,0,596,50,,,,0.573,1.118,,10,hardness_adaptive,431.0,349.0
582,,0,596,50,,,,0.563,1.074,,10,hardness_adaptive,696.0,358.0
583,,1,597,50,,,,0.518,1.131,,10,hardness_adaptive,671.0,371.5
584,,0,597,50,,,,0.57,1.104,,10,hardness_adaptive,698.0,388.0
585,,1,598,50,,,,0.517,1.046,,10,hardness_adaptive,606.0,416.75
586,,1,599,50,,,,0.548,1.114,,10,hardness_adaptive,682.0,464.25
587,,1,600,50,,,,0.604,1.116,,10,hardness_adaptive,675.0,645.0
588,,0,600,50,,,,0.775,1.144,,10,hardness_adaptive,749.0,672.0
589,,1,601,50,,,,0.682,1.104,,10,hardness_adaptive,730.0,699.0
590,,2,603,50,,,,0.575,1.204,,10,hardness_adaptive,760.0,711.75
591,,3,606,50,,,,0.545,1.073,,10,hardness_adaptive,740.0,727.0
592,,0,606,50,,,,0.726,1.285,,10,hardness_adaptive,366.0,357.0
593,,3,609,50,,,,0.572,1.052,,10,hardness_adaptive,394.0,357.0
594,,1,610,50,,,,0.556,1.141,,10,hardness_adaptive,391.0,357.0
595,,1,611,50,,,,0.608,1.16,,10,hardness_adaptive,583.0,361.0
596,,0,611,50,,,,0.74,1.044,,10,hardness_adaptive,792.0,385.0
597,,2,613,50,,,,0.606,1.138,,10,hardness_adaptive,668.0,391.75
598,,0,613,50,,,,0.674,1.2,,10,hardness_adaptive,643.0,421.5
599,,0,613,50,,,,0.691,1.114,,10,hardness_adaptive,658.0,458.75
600,,1,614,50,,,,0.651,1.144,,10,hardness_adaptive,712.0,638.5
601,,2,616,50,,,,0.621,1.115,,10,hardness_adaptive,735.0,660.25
602,,2,618,50,,,,0.571,1.129,,10,hardness_adaptive,716.0,686.0
603,,1,619,50,,,,0.707,1.06,,10,hardness_adaptive,776.0,701.0
604,,1,620,50,,,,0.748,1.145,,10,hardness_adaptive,743.0,713.0
605,,1,621,50,,,,0.664,1.158,,10,hardness_adaptive,726.0,717.0
606,,1,622,50,,,,0.571,1.233,,10,hardness_adaptive,384.0,368.75
607,,1,623,50,,,,0.777,1.138,,10,hardness_adaptive,376.0,330.25
608,,2,625,50,,,,0.649,1.177,,10,hardness_adaptive,327.0,316.0
609,,0,625,50,,,,0.516,1.009,,10,hardness_adaptive,327.0,308.25
610,,1,626,50,,,,0.485,1.009,,10,hardness_adaptive,639.0,310.25
611,,3,629,50,,,,0.633,1.102,,10,hardness_adaptive,724.0,315.0
612,,1,630,50,,,,0.6,1.105,,10,hardness_adaptive,766.0,326.25
613,,1,631,50,,,,0.546,1.174,,10,hardness_adaptive,626.0,337.25
614,,0,631,50,,,,0.515,1.011,,10,hardness_adaptive,828.0,372.25
615,,0,631,50,,,,0.616,1.122,,10,hardness_adaptive,689.0,557.0
616,,0,631,50,,,,0.512,1.141,,10,hardness_adaptive,689.0,627.25
617,,0,631,50,,,,0.604,1.113,,10,hardness_adaptive,660.0,655.0
618,,2,633,50,,,,0.548,1.116,,10,hardness_adaptive,664.0,662.25
619,,1,634,50,,,,0.507,1.106,,10,hardness_adaptive,688.0,668.25
620,,0,634,50,,,,0.538,1.155,,10,hardness_adaptive,706.0,676.25
621,,1,635,50,,,,0.556,1.243,,10,hardness_adaptive,414.0,339.25
622,,0,635,50,,,,0.568,1.114,,10,hardness_adaptive,311.0,305.0
623,,0,635,50,,,,0.57,0.773,,10,hardness_adaptive,338.0,305.0
624,,1,636,50,,,,0.539,1.097,,10,hardness_adaptive,650.0,307.25
625,,2,638,50,,,,0.519,1.089,,10,hardness_adaptive,612.0,312.25
626,,1,639,50,,,,0.631,1.165,,10,hardness_adaptive,650.0,325.25
627,,0,639,50,,,,0.689,1.093,,10,hardness_adaptive,680.0,339.0
628,,1,640,50,,,,0.593,0.767,,10,hardness_adaptive,727.0,390.0
629,,1,641,50,,,,0.551,1.077,,10,hardness_adaptive,689.0,630.25
630,,0,641,50,,,,0.532,1.098,,10,hardness_adaptive,721.0,650.0
631,,0,641,50,,,,0.569,1.086,,10,hardness_adaptive,674.0,660.0
632,,0,641,50,,,,0.645,1.123,,10,hardness_adaptive,680.0,672.5
633,,2,643,50,,,,0.873,1.192,,10,hardness_adaptive,768.0,680.25
634,,1,644,50,,,,0.578,1.305,,10,hardness_adaptive,391.0,346.25
635,,1,645,50,,,,0.65,1.123,,10,hardness_adaptive,354.0,315.25
636,,1,646,50,,,,0.577,1.101,,10,hardness_adaptive,625.0,321.0
637,,1,647,50,,,,0.552,1.099,,10,hardness_adaptive,690.0,327.25
638,,1,648,50,,,,0.603,1.073,,10,hardness_adaptive,635.0,340.0
639,,1,649,50,,,,0.656,1.049,,10,hardness_adaptive,647.0,356.0
640,,0,649,50,,,,0.619,1.074,,10,hardness_adaptive,665.0,399.75
641,,1,650,50,,,,0.732,1.098,,10,hardness_adaptive,667.0,571.0
642,,0,650,50,,,,0.611,1.113,,10,hardness_adaptive,632.0,631.25
643,,1,651,50,,,,0.597,1.116,,10,hardness_adaptive,687.0,651.25
644,,1,652,50,,,,0.694,1.116,,10,hardness_adaptive,679.0,661.5
645,,2,654,50,,,,0.537,1.112,,10,hardness_adaptive,734.0,668.25
646,,1,655,50,,,,0.563,1.135,,10,hardness_adaptive,683.0,673.0
647,,1,656,50,,,,0.618,1.154,,10,hardness_adaptive,690.0,679.0
648,,1,657,50,,,,0.715,1.169,,10,hardness_adaptive,306.0,299.5
649,,2,659,50,,,,0.534,1.085,,10,hardness_adaptive,669.0,299.0
650,,1,660,50,,,,0.634,1.162,,10,hardness_adaptive,694.0,303.25
651,,0,660,50,,,,0.536,1.067,,10,hardness_adaptive,688.0,312.25
652,,2,662,50,,,,0.513,1.036,,10,hardness_adaptive,629.0,329.5
653,,1,663,50,,,,0.495,1.02,,10,hardness_adaptive,620.0,343.0
654,,1,664,50,,,,0.509,1.121,,10,hardness_adaptive,595.0,567.5
655,,1,665,50,,,,0.717,1.158,,10,hardness_adaptive,897.0,620.0
656,,1,666,50,,,,0.646,1.049,,10,hardness_adaptive,702.0,650.0
657,,2,668,50,,,,0.531,1.217,,10,hardness_adaptive,687.0,662.25
658,,1,669,50,,,,0.545,1.132,,10,hardness_adaptive,769.0,671.0
659,,0,669,50,,,,0.504,1.15,,10,hardness_adaptive,346.0,336.5
660,,3,672,50,,,,0.635,1.268,,10,hardness_adaptive,317.0,306.0
661,,2,674,50,,,,0.828,1.261,,10,hardness_adaptive,314.0,304.0
662,,1,675,50,,,,0.473,0.986,,10,hardness_adaptive,573.0,306.5
663,,2,677,50,,,,0.542,1.11,,10,hardness_adaptive,730.0,315.25
664,,1,678,50,,,,0.523,1.122,,10,hardness_adaptive,679.0,321.0
665,,0,678,50,,,,0.572,1.119,,10,hardness_adaptive,665.0,338.5
666,,0,678,50,,,,0.529,1.115,,10,hardness_adaptive,701.0,372.0
667,,1,679,50,,,,0.54,1.02,,10,hardness_adaptive,680.0,584.75
668,,0,679,50,,,,0.697,1.094,,10,hardness_adaptive,703.0,629.75
669,,0,679,50,,,,0.573,1.113,,10,hardness_adaptive,690.0,650.25
670,,2,681,50,,,,0.51,1.059,,10,hardness_adaptive,674.0,662.0
671,,1,682,50,,,,0.685,1.045,,10,hardness_adaptive,695.0,672.0
672,,1,683,50,,,,0.895,1.128,,10,hardness_adaptive,721.0,680.0
673,,0,683,50,,,,0.654,1.2,,10,hardness_adaptive,323.0,313.0
674,,2,685,50,,,,0.743,1.013,,10,hardness_adaptive,337.0,307.0
675,,2,687,50,,,,0.598,1.117,,10,hardness_adaptive,634.0,309.5
676,,0,687,50,,,,0.661,0.791,,10,hardness_adaptive,822.0,316.5
677,,2,689,50,,,,0.532,1.018,,10,hardness_adaptive,675.0,331.75
678,,0,689,50,,,,0.631,1.183,,10,hardness_adaptive,621.0,354.25
679,,1,690,50,,,,0.602,1.127,,10,hardness_adaptive,664.0,390.75
680,,1,691,50,,,,0.437,1.059,,10,hardness_adaptive,620.0,596.25
681,,2,693,50,,,,0.709,1.162,,10,hardness_adaptive,651.0,631.0
682,,0,693,50,,,,0.554,1.1,,10,hardness_adaptive,669.0,653.5
683,,0,693,50,,,,0.69,1.171,,10,hardness_adaptive,666.0,663.25
684,,1,694,50,,,,0.631,1.181,,10,hardness_adaptive,674.0,669.0
685,,1,695,50,,,,0.715,1.193,,10,hardness_adaptive,688.0,675.0
686,,2,697,50,,,,0.793,1.318,,10,hardness_adaptive,344.0,324.5
687,,1,698,50,,,,0.581,1.149,,10,hardness_adaptive,386.0,308.0
688,,2,700,50,,,,0.591,1.128,,10,hardness_adaptive,706.0,313.0
689,,1,701,50,,,,0.465,1.022,,10,hardness_adaptive,637.0,322.25
690,,1,702,50,,,,0.582,1.171,,10,hardness_adaptive,625.0,335.0
691,,2,704,50,,,,0.705,1.005,,10,hardness_adaptive,685.0,348.25
692,,1,705,50,,,,0.539,1.074,,10,hardness_adaptive,747.0,382.25
693,,0,705,50,,,,0.535,1.091,,10,hardness_adaptive,621.0,613.0
694,,0,705,50,,,,0.569,1.149,,10,hardness_adaptive,732.0,630.0
695,,1,706,50,,,,0.512,0.999,,10,hardness_adaptive,720.0,648.25
696,,0,706,50,,,,0.522,1.04,,10,hardness_adaptive,666.0,660.25
697,,2,708,50,,,,0.623,1.182,,10,hardness_adaptive,720.0,666.25
698,,1,709,50,,,,0.561,0.744,,10,hardness_adaptive,680.0,672.0
699,,0,709,50,,,,0.694,1.081,,10,hardness_adaptive,688.0,680.5
700,,2,711,50,,,,0.531,1.193,,10,hardness_adaptive,339.0,333.5
701,,0,711,50,,,,0.549,1.193,,10,hardness_adaptive,328.0,316.25
702,,0,711,50,,,,0.541,1.13,,10,hardness_adaptive,385.0,312.0
703,,0,711,50,,,,0.52,0.355,,10,hardness_adaptive,340.0,316.25
704,,1,712,50,,,,0.632,0.969,,10,hardness_adaptive,447.0,308.25
705,,1,713,50,,,,0.707,1.15,,10,hardness_adaptive,329.0,303.25
706,,2,715,50,,,,0.574,1.232,,10,hardness_adaptive,314.0,301.5
707,,1,716,50,,,,0.651,0.5,,10,hardness_adaptive,674.0,304.0
708,,0,716,50,,,,0.701,0.347,,10,hardness_adaptive,643.0,310.5
709,,1,717,50,,,,0.751,0.36,,10,hardness_adaptive,688.0,317.0
710,,0,717,50,,,,0.569,1.108,,10,hardness_adaptive,667.0,331.0
711,,1,718,50,,,,0.547,1.015,,10,hardness_adaptive,711.0,359.0
712,,2,720,50,,,,0.71,0.352,,10,hardness_adaptive,648.0,546.0
713,,0,720,50,,,,0.525,1.096,,10,hardness_adaptive,737.0,618.0
714,,2,722,50,,,,0.619,1.114,,10,hardness_adaptive,649.0,643.0
715,,1,723,50,,,,0.729,1.023,,10,hardness_adaptive,686.0,657.5
716,,1,724,50,,,,0.707,0.346,,10,hardness_adaptive,684.0,671.0
717,,0,724,50,,,,0.57,1.095,,10,hardness_adaptive,695.0,677.25
718,,1,725,50,,,,0.615,1.306,,10,hardness_adaptive,481.0,313.5
719,,1,726,50,,,,0.709,1.185,,10,hardness_adaptive,394.0,308.0
720,,2,728,50,,,,0.575,1.113,,10,hardness_adaptive,682.0,308.0
721,,2,730,50,,,,0.658,1.078,,10,hardness_adaptive,715.0,316.0
722,,1,731,50,,,,0.593,0.774,,10,hardness_adaptive,644.0,324.25
723,,2,733,50,,,,0.63,1.096,,10,hardness_adaptive,673.0,335.25
724,,1,734,50,,,,0.644,1.026,,10,hardness_adaptive,683.0,401.25
725,,1,735,50,,,,0.481,0.946,,10,hardness_adaptive,960.0,583.5
726,,1,736,50,,,,0.708,1.1,,10,hardness_adaptive,679.0,638.0
727,,1,737,50,,,,0.516,1.108,,10,hardness_adaptive,686.0,660.75
728,,1,738,50,,,,1.072,1.615,,10,hardness_adaptive,683.0,672.0
729,,2,740,50,,,,0.998,1.407,,10,hardness_adaptive,687.0,679.5
730,,2,742,50,,,,0.584,1.258,,10,hardness_adaptive,694.0,686.0
731,,2,744,50,,,,0.625,0.853,,10,hardness_adaptive,430.0,307.0
732,,0,744,50,,,,0.694,1.345,,10,hardness_adaptive,334.0,307.0
733,,1,745,50,,,,0.584,1.207,,10,hardness_adaptive,653.0,314.75
734,,1,746,50,,,,0.467,1.09,,10,hardness_adaptive,605.0,328.25
735,,0,746,50,,,,0.591,1.154,,10,hardness_adaptive,661.0,340.25
736,,1,747,50,,,,0.581,1.157,,10,hardness_adaptive,700.0,357.25
737,,1,748,50,,,,0.496,1.085,,10,hardness_adaptive,710.0,409.75
738,,0,748,50,,,,0.796,1.18,,10,hardness_adaptive,669.0,612.25
739,,0,748,50,,,,0.566,1.176,,10,hardness_adaptive,685.0,632.5
740,,1,749,50,,,,0.62,1.182,,10,hardness_adaptive,699.0,650.25
741,,1,750,50,,,,0.717,1.1,,10,hardness_adaptive,717.0,661.25
742,,1,751,50,,,,0.694,1.162,,10,hardness_adaptive,864.0,668.25
743,,0,751,50,,,,0.769,1.15,,10,hardness_adaptive,714.0,681.5
744,,2,753,50,,,,0.671,1.125,,10,hardness_adaptive,716.0,689.0
745,,2,755,50,,,,0.777,1.31,,10,hardness_adaptive,322.0,313.0
746,,1,756,50,,,,0.78,1.26,,10,hardness_adaptive,372.0,305.5
747,,0,756,50,,,,0.779,0.35,,10,hardness_adaptive,372.0,301.0
748,,2,758,50,,,,0.651,1.14,,10,hardness_adaptive,331.0,298.75
749,,0,758,50,,,,0.588,1.177,,10,hardness_adaptive,327.0,294.25
750,,1,759,50,,,,0.75,1.143,,10,hardness_adaptive,714.0,308.25
751,,1,760,50,,,,0.619,1.147,,10,hardness_adaptive,631.0,321.0
752,,0,760,50,,,,0.628,0.748,,10,hardness_adaptive,648.0,331.0
753,,0,760,50,,,,0.706,0.352,,10,hardness_adaptive,626.0,358.75
754,,1,761,50,,,,0.563,1.128,,10,hardness_adaptive,656.0,437.75
755,,0,761,50,,,,0.552,1.125,,10,hardness_adaptive,643.0,614.0
756,,0,761,50,,,,0.513,1.071,,10,hardness_adaptive,641.0,633.0
757,,2,763,50,,,,0.719,1.187,,10,hardness_adaptive,718.0,643.25
758,,1,764,50,,,,0.627,1.139,,10,hardness_adaptive,760.0,657.25
759,,0,764,50,,,,0.596,0.744,,10,hardness_adaptive,750.0,669.0
760,,2,766,50,,,,0.506,1.052,,10,hardness_adaptive,701.0,674.25
761,,1,767,50,,,,0.766,1.191,,10,hardness_adaptive,735.0,683.0
762,,1,768,50,,,,0.576,1.244,,10,hardness_adaptive,351.0,309.25
763,,1,769,50,,,,0.479,1.121,,10,hardness_adaptive,310.0,306.0
764,,1,770,50,,,,0.529,1.143,,10,hardness_adaptive,315.0,306.5
765,,0,770,50,,,,0.536,1.156,,10,hardness_adaptive,573.0,314.25
766,,2,772,50,,,,0.596,1.2,,10,hardness_adaptive,609.0,316.25
767,,0,772,50,,,,0.714,0.359,,10,hardness_adaptive,675.0,326.5
768,,0,772,50,,,,0.706,1.215,,10,hardness_adaptive,663.0,351.5
769,,1,773,50,,,,0.51,0.994,,10,hardness_adaptive,638.0,415.25
770,,0,773,50,,,,0.65,1.145,,10,hardness_adaptive,652.0,616.5
771,,2,775,50,,,,0.542,1.121,,10,hardness_adaptive,734.0,630.5
772,,1,776,50,,,,0.745,0.351,,10,hardness_adaptive,675.0,650.25
773,,0,776,50,,,,0.6,1.183,,10,hardness_adaptive,702.0,659.5
774,,1,777,50,,,,0.631,1.238,,10,hardness_adaptive,681.0,671.5
775,,2,779,50,,,,0.797,1.216,,10,hardness_adaptive,680.0,676.25
776,,2,781,50,,,,0.911,1.104,,10,hardness_adaptive,695.0,683.0
777,,0,781,50,,,,0.81,1.277,,10,hardness_adaptive,317.0,316.25
778,,1,782,50,,,,0.609,1.203,,10,hardness_adaptive,434.0,295.0
779,,1,783,50,,,,0.762,1.244,,10,hardness_adaptive,694.0,298.0
780,,2,785,50,,,,0.583,1.167,,10,hardness_adaptive,721.0,303.75
781,,0,785,50,,,,0.752,1.035,,10,hardness_adaptive,668.0,316.25
782,,1,786,50,,,,0.612,1.067,,10,hardness_adaptive,714.0,336.5
783,,2,788,50,,,,0.467,1.106,,10,hardness_adaptive,627.0,356.25
784,,1,789,50,,,,0.665,1.178,,10,hardness_adaptive,700.0,598.75
785,,1,790,50,,,,0.538,1.175,,10,hardness_adaptive,655.0,639.0
786,,3,793,50,,,,0.583,1.057,,10,hardness_adaptive,675.0,652.0
787,,2,795,50,,,,0.522,1.155,,10,hardness_adaptive,670.0,662.0
788,,1,796,50,,,,0.457,1.029,,10,hardness_adaptive,678.0,671.0
789,,0,796,50,,,,0.604,1.255,,10,hardness_adaptive,722.0,686.0
790,,2,798,50,,,,0.605,1.119,,10,hardness_adaptive,312.0,311.25
791,,1,799,50,,,,0.628,1.171,,10,hardness_adaptive,337.0,314.0
792,,1,800,50,,,,0.762,0.858,,10,hardness_adaptive,657.0,314.25
793,,1,801,50,,,,0.688,0.8,,10,hardness_adaptive,769.0,322.0
794,,0,801,50,,,,0.488,1.088,,10,hardness_adaptive,593.0,335.0
795,,1,802,50,,,,0.565,1.119,,10,hardness_adaptive,739.0,338.0
796,,1,803,50,,,,0.56,1.117,,10,hardness_adaptive,834.0,370.75
797,,2,805,50,,,,0.527,1.084,,10,hardness_adaptive,652.0,606.0
798,,0,805,50,,,,0.591,1.119,,10,hardness_adaptive,684.0,641.0
799,,1,806,50,,,,0.609,1.211,,10,hardness_adaptive,654.0,653.25
800,,3,809,50,,,,0.576,1.141,,10,hardness_adaptive,681.0,662.75
801,,1,810,50,,,,0.792,1.207,,10,hardness_adaptive,702.0,673.25
802,,0,810,50,,,,0.781,1.288,,10,hardness_adaptive,353.0,337.0
803,,1,811,50,,,,0.513,1.105,,10,hardness_adaptive,320.0,310.25
804,,1,812,50,,,,0.491,1.102,,10,hardness_adaptive,312.0,311.0
805,,0,812,50,,,,0.585,1.193,,10,hardness_adaptive,360.0,313.0
806,,1,813,50,,,,0.625,1.085,,10,hardness_adaptive,631.0,314.5
807,,1,814,50,,,,0.612,1.218,,10,hardness_adaptive,781.0,327.5
808,,2,816,50,,,,0.722,0.804,,10,hardness_adaptive,676.0,344.5
809,,2,818,50,,,,0.501,1.131,,10,hardness_adaptive,563.0,357.25
810,,1,819,50,,,,0.569,1.19,,10,hardness_adaptive,712.0,413.0
811,,0,819,50,,,,0.507,1.152,,10,hardness_adaptive,655.0,615.5
812,,0,819,50,,,,0.683,0.352,,10,hardness_adaptive,673.0,634.5
813,,1,820,50,,,,0.64,1.208,,10,hardness_adaptive,669.0,653.5
814,,2,822,50,,,,0.802,1.169,,10,hardness_adaptive,670.0,664.25
815,,1,823,50,,,,0.613,1.212,,10,hardness_adaptive,687.0,672.25
816,,0,823,50,,,,0.683,1.155,,10,hardness_adaptive,721.0,680.5
817,,0,823,50,,,,0.566,1.21,,10,hardness_adaptive,347.0,310.5
818,,1,824,50,,,,0.464,1.184,,10,hardness_adaptive,346.0,303.25
819,,0,824,50,,,,0.788,0.858,,10,hardness_adaptive,783.0,307.0
820,,0,824,50,,,,0.635,1.21,,10,hardness_adaptive,700.0,318.0
821,,1,825,50,,,,0.589,1.135,,10,hardness_adaptive,732.0,330.0
822,,0,825,50,,,,0.772,1.185,,10,hardness_adaptive,686.0,346.25
823,,1,826,50,,,,0.579,1.106,,10,hardness_adaptive,712.0,378.5
824,,1,827,50,,,,0.663,1.213,,10,hardness_adaptive,696.0,624.0
825,,1,828,50,,,,0.535,1.151,,10,hardness_adaptive,678.0,644.5
826,,2,830,50,,,,0.526,1.199,,10,hardness_adaptive,690.0,669.5
827,,1,831,50,,,,0.631,1.164,,10,hardness_adaptive,729.0,680.0
828,,1,832,50,,,,0.664,1.211,,10,hardness_adaptive,693.0,689.25
829,,0,832,50,,,,0.67,1.256,,10,hardness_adaptive,749.0,695.25
830,,3,835,50,,,,0.729,0.361,,10,hardness_adaptive,710.0,700.0
831,,2,837,50,,,,0.587,1.105,,10,hardness_adaptive,333.0,308.0
832,,1,838,50,,,,0.555,1.157,,10,hardness_adaptive,317.0,307.25
833,,3,841,50,,,,0.522,1.091,,10,hardness_adaptive,656.0,308.0
834,,2,843,50,,,,0.752,1.112,,10,hardness_adaptive,700.0,316.0
835,,1,844,50,,,,0.499,1.09,,10,hardness_adaptive,813.0,320.25
836,,1,845,50,,,,0.39,0.895,,10,hardness_adaptive,604.0,333.5
837,,1,846,50,,,,0.54,1.063,,10,hardness_adaptive,662.0,367.25
838,,1,847,50,,,,0.753,1.092,,10,hardness_adaptive,838.0,553.75
839,,0,847,50,,,,0.94,1.332,,10,hardness_adaptive,669.0,613.25
840,,0,847,50,,,,0.585,1.113,,10,hardness_adaptive,698.0,633.5
841,,0,847,50,,,,0.739,1.185,,10,hardness_adaptive,740.0,656.25
842,,2,849,50,,,,0.696,0.349,,10,hardness_adaptive,705.0,667.25
843,,2,851,50,,,,0.72,1.135,,10,hardness_adaptive,681.0,679.25
844,,1,852,50,,,,0.841,1.163,,10,hardness_adaptive,726.0,684.25
845,,0,852,50,,,,0.731,1.089,,10,hardness_adaptive,707.0,695.25
846,,1,853,50,,,,0.623,1.24,,10,hardness_adaptive,535.0,529.75
847,,0,853,50,,,,0.64,1.186,,10,hardness_adaptive,559.0,399.0
848,,0,853,50,,,,0.607,1.215,,10,hardness_adaptive,905.0,361.0
849,,1,854,50,,,,0.602,1.217,,10,hardness_adaptive,875.0,371.0
850,,2,856,50,,,,0.835,1.254,,10,hardness_adaptive,741.0,429.5
851,,0,856,50,,,,0.613,1.158,,10,hardness_adaptive,764.0,525.75
852,,2,858,50,,,,0.571,1.128,,10,hardness_adaptive,906.0,663.25
853,,0,858,50,,,,0.663,1.202,,10,hardness_adaptive,893.0,749.5
854,,2,860,50,,,,0.757,0.856,,10,hardness_adaptive,1018.0,800.0
855,,2,862,50,,,,0.656,1.227,,10,hardness_adaptive,969.0,874.25
856,,0,862,50,,,,0.775,1.18,,10,hardness_adaptive,991.0,900.0
857,,2,864,50,,,,0.671,1.227,,10,hardness_adaptive,1001.0,923.25
858,,0,864,50,,,,0.779,1.177,,10,hardness_adaptive,1011.0,937.75
859,,1,865,50,,,,0.758,1.41,,10,hardness_adaptive,457.0,451.0
860,,2,867,50,,,,0.764,1.283,,10,hardness_adaptive,691.0,455.5
861,,0,867,50,,,,0.64,1.191,,10,hardness_adaptive,920.0,455.5
862,,1,868,50,,,,0.662,1.224,,10,hardness_adaptive,828.0,481.75
863,,1,869,50,,,,0.742,1.181,,10,hardness_adaptive,1113.0,528.0
864,,1,870,50,,,,0.595,1.159,,10,hardness_adaptive,865.0,553.5
865,,2,872,50,,,,0.588,1.171,,10,hardness_adaptive,908.0,620.5
866,,2,874,50,,,,0.731,1.163,,10,hardness_adaptive,899.0,723.75
867,,1,875,50,,,,0.636,1.137,,10,hardness_adaptive,900.0,848.0
868,,0,875,50,,,,0.694,1.161,,10,hardness_adaptive,1001.0,874.5
869,,0,875,50,,,,0.587,1.158,,10,hardness_adaptive,991.0,902.25
870,,1,876,50,,,,0.654,0.802,,10,hardness_adaptive,990.0,919.25
871,,1,877,50,,,,0.596,1.16,,10,hardness_adaptive,982.0,937.0
872,,0,877,50,,,,0.723,1.191,,10,hardness_adaptive,983.0,950.5
873,,1,878,50,,,,0.777,1.248,,10,hardness_adaptive,491.0,480.5
874,,0,878,50,,,,0.688,1.223,,10,hardness_adaptive,816.0,486.75
875,,2,880,50,,,,0.612,1.164,,10,hardness_adaptive,839.0,513.0
876,,1,881,50,,,,0.563,1.128,,10,hardness_adaptive,761.0,521.0
877,,2,883,50,,,,0.624,1.414,,10,hardness_adaptive,925.0,572.5
878,,2,885,50,,,,0.617,1.192,,10,hardness_adaptive,1033.0,653.0
879,,0,885,50,,,,0.771,1.155,,10,hardness_adaptive,836.0,689.0
880,,0,885,50,,,,0.616,1.116,,10,hardness_adaptive,817.0,765.25
881,,0,885,50,,,,0.584,1.122,,10,hardness_adaptive,967.0,824.0
882,,2,887,50,,,,0.754,1.215,,10,hardness_adaptive,920.0,879.0
883,,1,888,50,,,,0.738,1.253,,10,hardness_adaptive,949.0,906.25
884,,1,889,50,,,,0.54,1.057,,10,hardness_adaptive,938.0,916.0
885,,0,889,50,,,,0.721,1.119,,10,hardness_adaptive,1001.0,929.25
886,,0,889,50,,,,0.746,0.94,,10,hardness_adaptive,989.0,947.25
887,,0,889,50,,,,0.66,1.273,,10,hardness_adaptive,1045.0,954.5
888,,0,889,50,,,,0.777,1.147,,10,hardness_adaptive,988.0,958.25
889,,2,891,50,,,,0.67,1.259,,10,hardness_adaptive,637.0,486.5
890,,0,891,50,,,,0.645,1.189,,10,hardness_adaptive,507.0,456.25
891,,1,892,50,,,,0.681,0.819,,10,hardness_adaptive,827.0,478.0
892,,0,892,50,,,,0.642,1.088,,10,hardness_adaptive,1047.0,505.5
893,,0,892,50,,,,0.703,1.071,,10,hardness_adaptive,870.0,527.0
894,,3,895,50,,,,0.457,1.009,,10,hardness_adaptive,682.0,574.5
895,,1,896,50,,,,0.601,1.206,,10,hardness_adaptive,859.0,680.5
896,,0,896,50,,,,0.628,1.171,,10,hardness_adaptive,940.0,727.25
897,,1,897,50,,,,0.663,0.763,,10,hardness_adaptive,1073.0,819.5
898,,0,897,50,,,,0.552,1.139,,10,hardness_adaptive,990.0,865.25
899,,1,898,50,,,,0.68,1.162,,10,hardness_adaptive,943.0,902.75
900,,2,900,50,,,,0.782,1.396,,10,hardness_adaptive,948.0,921.0
901,,1,901,50,,,,0.818,1.405,,10,hardness_adaptive,1006.0,940.75
902,,1,902,50,,,,0.879,1.402,,10,hardness_adaptive,1019.0,955.25
903,,1,903,50,,,,0.953,1.46,,10,hardness_adaptive,690.0,537.75
904,,0,903,50,,,,0.865,1.313,,10,hardness_adaptive,494.0,460.25
905,,1,904,50,,,,0.583,1.297,,10,hardness_adaptive,602.0,459.0
906,,0,904,50,,,,0.774,1.175,,10,hardness_adaptive,882.0,465.25
907,,1,905,50,,,,0.716,1.167,,10,hardness_adaptive,960.0,482.5
908,,1,906,50,,,,0.743,0.833,,10,hardness_adaptive,952.0,526.25
909,,1,907,50,,,,0.786,1.291,,10,hardness_adaptive,895.0,550.75
910,,1,908,50,,,,0.619,1.155,,10,hardness_adaptive,794.0,616.25
911,,0,908,50,,,,0.673,1.236,,10,hardness_adaptive,951.0,715.25
912,,2,910,50,,,,0.77,1.174,,10,hardness_adaptive,916.0,832.0
913,,2,912,50,,,,0.696,1.198,,10,hardness_adaptive,1203.0,893.25
914,,1,913,50,,,,0.777,1.103,,10,hardness_adaptive,929.0,919.0
915,,0,913,50,,,,0.756,1.305,,10,hardness_adaptive,609.0,587.0
916,,3,916,50,,,,1.067,1.379,,10,hardness_adaptive,563.0,469.25
917,,1,917,50,,,,0.71,1.215,,10,hardness_adaptive,719.0,480.25
918,,1,918,50,,,,0.546,1.172,,10,hardness_adaptive,864.0,502.75
919,,2,920,50,,,,0.6,1.162,,10,hardness_adaptive,937.0,518.0
920,,0,920,50,,,,0.642,0.761,,10,hardness_adaptive,702.0,568.5
921,,0,920,50,,,,0.636,1.231,,10,hardness_adaptive,1012.0,610.0
922,,0,920,50,,,,0.639,1.124,,10,hardness_adaptive,776.0,722.75
923,,3,923,50,,,,0.672,0.782,,10,hardness_adaptive,1060.0,788.75
924,,0,923,50,,,,0.771,1.161,,10,hardness_adaptive,1021.0,841.5
925,,0,923,50,,,,0.602,1.138,,10,hardness_adaptive,1010.0,880.75
926,,0,923,50,,,,0.649,1.237,,10,hardness_adaptive,996.0,913.25
927,,0,923,50,,,,0.613,1.133,,10,hardness_adaptive,954.0,940.0
928,,0,923,50,,,,0.654,1.321,,10,hardness_adaptive,722.0,586.25
929,,0,923,50,,,,0.653,0.788,,10,hardness_adaptive,540.0,489.0
930,,1,924,50,,,,0.721,1.241,,10,hardness_adaptive,843.0,494.25
931,,1,925,50,,,,0.659,1.223,,10,hardness_adaptive,958.0,511.75
932,,0,925,50,,,,0.654,1.15,,10,hardness_adaptive,1064.0,540.75
933,,1,926,50,,,,0.744,1.137,,10,hardness_adaptive,928.0,585.5
934,,0,926,50,,,,0.778,1.131,,10,hardness_adaptive,776.0,639.5
935,,0,926,50,,,,0.699,1.176,,10,hardness_adaptive,988.0,760.25
936,,0,926,50,,,,0.761,1.145,,10,hardness_adaptive,918.0,837.25
937,,1,927,50,,,,0.628,1.17,,10,hardness_adaptive,917.0,870.5
938,,1,928,50,,,,0.783,1.154,,10,hardness_adaptive,918.0,914.75
939,,1,929,50,,,,0.618,1.186,,10,hardness_adaptive,1042.0,932.75
940,,1,930,50,,,,0.638,1.264,,10,hardness_adaptive,978.0,948.0
941,,0,930,50,,,,0.77,1.184,,10,hardness_adaptive,989.0,961.0
942,,0,930,50,,,,0.664,1.224,,10,hardness_adaptive,1266.0,978.25
943,,0,930,50,,,,0.785,1.368,,10,hardness_adaptive,471.0,452.25
944,,0,930,50,,,,0.681,1.269,,10,hardness_adaptive,512.0,452.0
945,,1,931,50,,,,0.72,1.133,,10,hardness_adaptive,580.0,445.5
946,,1,932,50,,,,0.931,1.062,,10,hardness_adaptive,481.0,439.5
947,,1,933,50,,,,0.716,1.156,,10,hardness_adaptive,841.0,456.0
948,,1,934,50,,,,0.52,1.144,,10,hardness_adaptive,900.0,473.75
949,,0,934,50,,,,0.692,0.778,,10,hardness_adaptive,855.0,512.0
950,,0,934,50,,,,0.727,1.126,,10,hardness_adaptive,1087.0,571.0
951,,0,934,50,,,,0.687,1.132,,10,hardness_adaptive,844.0,606.5
952,,2,936,50,,,,0.581,1.146,,10,hardness_adaptive,830.0,719.0
953,,1,937,50,,,,0.571,1.165,,10,hardness_adaptive,854.0,794.75
954,,0,937,50,,,,0.619,1.15,,10,hardness_adaptive,1003.0,841.5
955,,0,937,50,,,,0.593,1.12,,10,hardness_adaptive,891.0,869.5
956,,2,939,50,,,,0.754,0.87,,10,hardness_adaptive,997.0,889.5
957,,1,940,50,,,,0.711,1.146,,10,hardness_adaptive,1091.0,913.25
958,,2,942,50,,,,0.689,1.199,,10,hardness_adaptive,960.0,928.0
959,,0,942,50,,,,0.624,1.236,,10,hardness_adaptive,617.0,544.25
960,,2,944,50,,,,0.766,1.224,,10,hardness_adaptive,493.0,468.25
961,,1,945,50,,,,0.632,1.175,,10,hardness_adaptive,569.0,482.25
962,,0,945,50,,,,0.766,1.081,,10,hardness_adaptive,573.0,468.0
963,,1,946,50,,,,0.66,1.076,,10,hardness_adaptive,776.0,477.5
964,,1,947,50,,,,0.761,0.837,,10,hardness_adaptive,893.0,504.25
965,,1,948,50,,,,0.722,1.185,,10,hardness_adaptive,859.0,522.0
966,,1,949,50,,,,0.697,1.239,,10,hardness_adaptive,734.0,551.25
967,,0,949,50,,,,0.765,1.09,,10,hardness_adaptive,822.0,617.0
968,,1,950,50,,,,0.611,1.14,,10,hardness_adaptive,842.0,756.25
969,,1,951,50,,,,0.732,1.18,,10,hardness_adaptive,914.0,825.75
970,,1,952,50,,,,0.541,1.12,,10,hardness_adaptive,912.0,851.0
971,,0,952,50,,,,0.728,1.143,,10,hardness_adaptive,969.0,878.75
972,,1,953,50,,,,0.712,1.194,,10,hardness_adaptive,1008.0,914.5
973,,1,954,50,,,,0.689,1.228,,10,hardness_adaptive,936.0,934.25
974,,2,956,50,,,,0.834,1.408,,10,hardness_adaptive,625.0,551.5
975,,0,956,50,,,,0.704,1.325,,10,hardness_adaptive,597.0,478.25
976,,2,958,50,,,,0.717,0.847,,10,hardness_adaptive,823.0,482.25
977,,1,959,50,,,,0.883,1.339,,10,hardness_adaptive,1042.0,512.5
978,,1,960,50,,,,0.624,1.262,,10,hardness_adaptive,977.0,546.5
979,,2,962,50,,,,0.814,1.193,,10,hardness_adaptive,844.0,579.75
980,,1,963,50,,,,0.842,1.141,,10,hardness_adaptive,883.0,619.75
981,,1,964,50,,,,0.657,1.301,,10,hardness_adaptive,785.0,703.25
982,,1,965,50,,,,0.67,1.178,,10,hardness_adaptive,1052.0,826.75
983,,2,967,50,,,,0.677,1.251,,10,hardness_adaptive,937.0,858.25
984,,1,968,50,,,,0.681,1.22,,10,hardness_adaptive,920.0,884.5
985,,2,970,50,,,,0.747,1.285,,10,hardness_adaptive,1004.0,900.0
986,,1,971,50,,,,0.642,1.241,,10,hardness_adaptive,962.0,921.5
987,,3,974,50,,,,0.905,1.583,,10,hardness_adaptive,519.0,516.0
988,,1,975,50,,,,0.691,1.284,,10,hardness_adaptive,528.0,438.75
989,,1,976,50,,,,0.786,0.858,,10,hardness_adaptive,519.0,442.5
990,,2,978,50,,,,0.665,1.165,,10,hardness_adaptive,898.0,455.25
991,,2,980,50,,,,0.778,1.27,,10,hardness_adaptive,969.0,478.5
992,,1,981,50,,,,0.655,1.196,,10,hardness_adaptive,817.0,497.5
993,,2,983,50,,,,0.782,1.224,,10,hardness_adaptive,1046.0,540.0
994,,0,983,50,,,,0.649,1.154,,10,hardness_adaptive,836.0,604.25
995,,0,983,50,,,,0.707,1.242,,10,hardness_adaptive,882.0,761.25
996,,2,985,50,,,,0.618,1.186,,10,hardness_adaptive,1046.0,819.0
997,,1,986,50,,,,0.733,1.212,,10,hardness_adaptive,945.0,851.5
998,,0,986,50,,,,0.676,1.228,,10,hardness_adaptive,952.0,879.75
999,,1,987,50,,,,0.771,1.173,,10,hardness_adaptive,1001.0,906.25
1000,,2,989,50,,,,0.706,1.361,,10,hardness_adaptive,679.0,478.75
1001,,1,990,50,,,,0.732,1.134,,10,hardness_adaptive,1077.0,484.25
1002,,0,990,50,,,,0.65,1.242,,10,hardness_adaptive,929.0,500.75
1003,,0,990,50,,,,0.778,1.166,,10,hardness_adaptive,833.0,535.75
1004,,0,990,50,,,,0.627,1.142,,10,hardness_adaptive,839.0,565.75
1005,,2,992,50,,,,0.705,1.222,,10,hardness_adaptive,886.0,630.25
1006,,2,994,50,,,,0.627,1.447,,10,hardness_adaptive,858.0,718.25
1007,,1,995,50,,,,0.717,1.242,,10,hardness_adaptive,1338.0,831.25
1008,,0,995,50,,,,0.645,1.158,,10,hardness_adaptive,870.0,863.5
1009,,1,996,50,,,,0.589,1.163,,10,hardness_adaptive,1022.0,886.25
1010,,0,996,50,,,,0.715,1.212,,10,hardness_adaptive,986.0,908.25
1011,,1,997,50,,,,0.639,1.202,,10,hardness_adaptive,1001.0,925.0
1012,,1,998,50,,,,0.68,1.398,,10,hardness_adaptive,461.0,445.5
1013,,0,998,50,,,,0.639,1.237,,10,hardness_adaptive,579.0,445.5
1014,,2,1000,50,,,,0.598,1.193,,10,hardness_adaptive,885.0,443.25
1015,,1,1001,50,,,,0.654,1.106,,10,hardness_adaptive,965.0,455.5
1016,,0,1001,50,,,,0.748,1.241,,10,hardness_adaptive,946.0,492.25
1017,,0,1001,50,,,,0.753,1.182,,10,hardness_adaptive,874.0,518.0
1018,,1,1002,50,,,,0.621,1.199,,10,hardness_adaptive,797.0,582.0
1019,,1,1003,50,,,,0.585,1.201,,10,hardness_adaptive,1014.0,749.25
1020,,2,1005,50,,,,0.664,1.154,,10,hardness_adaptive,997.0,819.25
1021,,0,1005,50,,,,0.666,1.197,,10,hardness_adaptive,889.0,859.25
1022,,0,1005,50,,,,0.584,1.131,,10,hardness_adaptive,923.0,876.5
1023,,1,1006,50,,,,0.629,1.171,,10,hardness_adaptive,933.0,889.75
1024,,0,1006,50,,,,0.671,1.163,,10,hardness_adaptive,989.0,908.75
1025,,1,1007,50,,,,0.723,1.2,,10,hardness_adaptive,956.0,921.5
1026,,0,1007,50,,,,0.603,1.237,,10,hardness_adaptive,556.0,460.25
1027,,2,1009,50,,,,0.783,1.222,,10,hardness_adaptive,605.0,462.0
1028,,0,1009,50,,,,0.697,0.81,,10,hardness_adaptive,685.0,461.75
1029,,1,1010,50,,,,0.599,1.106,,10,hardness_adaptive,939.0,484.0
1030,,1,1011,50,,,,0.713,1.175,,10,hardness_adaptive,856.0,502.0
1031,,2,1013,50,,,,0.614,1.138,,10,hardness_adaptive,750.0,529.5
1032,,2,1015,50,,,,0.576,1.052,,10,hardness_adaptive,788.0,575.25
1033,,1,1016,50,,,,0.806,1.274,,10,hardness_adaptive,732.0,658.0
1034,,0,1016,50,,,,0.686,1.112,,10,hardness_adaptive,889.0,734.25
1035,,1,1017,50,,,,0.579,1.125,,10,hardness_adaptive,900.0,757.0
1036,,0,1017,50,,,,0.664,0.811,,10,hardness_adaptive,801.0,778.5
1037,,2,1019,50,,,,0.791,1.309,,10,hardness_adaptive,440.0,438.5
1038,,2,1021,50,,,,0.631,1.187,,10,hardness_adaptive,474.0,366.5
1039,,1,1022,50,,,,0.735,1.107,,10,hardness_adaptive,426.0,361.25
1040,,1,1023,50,,,,0.962,1.15,,10,hardness_adaptive,407.0,358.5
1041,,3,1026,50,,,,0.621,1.163,,10,hardness_adaptive,408.0,350.0
1042,,2,1028,50,,,,0.609,0.769,,10,hardness_adaptive,739.0,362.25
1043,,2,1030,50,,,,0.593,1.156,,10,hardness_adaptive,660.0,368.5
1044,,1,1031,50,,,,0.732,1.151,,10,hardness_adaptive,759.0,385.75
1045,,0,1031,50,,,,0.585,1.156,,10,hardness_adaptive,656.0,413.5
1046,,1,1032,50,,,,0.665,0.803,,10,hardness_adaptive,663.0,484.75
1047,,1,1033,50,,,,0.632,1.161,,10,hardness_adaptive,850.0,703.5
1048,,3,1036,50,,,,0.628,1.191,,10,hardness_adaptive,831.0,719.25
1049,,0,1036,50,,,,0.594,1.196,,10,hardness_adaptive,792.0,740.75
1050,,1,1037,50,,,,0.65,1.19,,10,hardness_adaptive,826.0,761.0
1051,,0,1037,50,,,,0.67,1.199,,10,hardness_adaptive,914.0,777.0
1052,,0,1037,50,,,,0.459,1.077,,10,hardness_adaptive,856.0,798.25
1053,,1,1038,50,,,,0.741,1.23,,10,hardness_adaptive,844.0,814.0
1054,,0,1038,50,,,,0.589,1.21,,10,hardness_adaptive,445.0,364.5
1055,,0,1038,50,,,,0.688,0.831,,10,hardness_adaptive,806.0,363.25
1056,,1,1039,50,,,,0.609,1.163,,10,hardness_adaptive,1020.0,376.75
1057,,1,1040,50,,,,0.697,1.135,,10,hardness_adaptive,803.0,395.75
1058,,1,1041,50,,,,0.729,1.134,,10,hardness_adaptive,734.0,410.0
1059,,0,1041,50,,,,0.761,1.292,,10,hardness_adaptive,715.0,449.25
1060,,1,1042,50,,,,0.551,1.108,,10,hardness_adaptive,771.0,666.75
1061,,1,1043,50,,,,0.611,1.12,,10,hardness_adaptive,819.0,711.25
1062,,1,1044,50,,,,0.727,0.801,,10,hardness_adaptive,755.0,734.0
1063,,1,1045,50,,,,0.633,1.148,,10,hardness_adaptive,802.0,748.25
1064,,0,1045,50,,,,0.612,1.185,,10,hardness_adaptive,886.0,768.75
1065,,2,1047,50,,,,0.76,1.239,,10,hardness_adaptive,818.0,797.25
1066,,0,1047,50,,,,0.644,1.129,,10,hardness_adaptive,819.0,807.5
1067,,2,1049,50,,,,0.702,0.805,,10,hardness_adaptive,991.0,819.0
1068,,0,1049,50,,,,0.589,1.057,,10,hardness_adaptive,854.0,835.25
1069,,1,1050,50,,,,0.774,1.272,,10,hardness_adaptive,405.0,351.0
1070,,1,1051,50,,,,0.585,1.049,,10,hardness_adaptive,793.0,354.0
1071,,0,1051,50,,,,0.68,1.155,,10,hardness_adaptive,598.0,363.25
1072,,1,1052,50,,,,0.681,1.137,,10,hardness_adaptive,984.0,381.25
1073,,1,1053,50,,,,0.514,1.061,,10,hardness_adaptive,700.0,402.75
1074,,1,1054,50,,,,0.645,1.098,,10,hardness_adaptive,748.0,446.0
1075,,1,1055,50,,,,0.582,1.033,,10,hardness_adaptive,768.0,677.5
1076,,0,1055,50,,,,0.636,1.149,,10,hardness_adaptive,799.0,731.75
1077,,0,1055,50,,,,0.717,1.081,,10,hardness_adaptive,883.0,750.0
1078,,1,1056,50,,,,0.539,1.11,,10,hardness_adaptive,805.0,765.75
1079,,1,1057,50,,,,0.664,1.156,,10,hardness_adaptive,986.0,779.5
1080,,1,1058,50,,,,0.71,1.108,,10,hardness_adaptive,821.0,796.75
1081,,0,1058,50,,,,0.645,1.144,,10,hardness_adaptive,857.0,809.0
1082,,0,1058,50,,,,0.64,1.167,,10,hardness_adaptive,917.0,836.0
1083,,1,1059,50,,,,0.651,1.244,,10,hardness_adaptive,449.0,388.0
1084,,0,1059,50,,,,0.869,0.794,,10,hardness_adaptive,446.0,380.0
1085,,0,1059,50,,,,0.565,1.083,,10,hardness_adaptive,791.0,380.5
1086,,1,1060,50,,,,0.571,1.111,,10,hardness_adaptive,752.0,388.0
1087,,0,1060,50,,,,0.559,1.149,,10,hardness_adaptive,809.0,403.75
1088,,0,1060,50,,,,0.773,1.221,,10,hardness_adaptive,777.0,423.25
1089,,0,1060,50,,,,0.68,1.146,,10,hardness_adaptive,704.0,451.75
1090,,1,1061,50,,,,0.779,1.161,,10,hardness_adaptive,739.0,677.25
1091,,1,1062,50,,,,0.614,1.133,,10,hardness_adaptive,746.0,736.0
1092,,1,1063,50,,,,0.64,1.158,,10,hardness_adaptive,867.0,752.75
1093,,1,1064,50,,,,0.495,1.12,,10,hardness_adaptive,795.0,770.25
1094,,1,1065,50,,,,0.563,1.062,,10,hardness_adaptive,854.0,791.0
1095,,0,1065,50,,,,0.609,1.149,,10,hardness_adaptive,962.0,814.5
1096,,0,1065,50,,,,0.818,1.265,,10,hardness_adaptive,482.0,373.75
1097,,1,1066,50,,,,0.703,1.052,,10,hardness_adaptive,409.0,372.25
1098,,1,1067,50,,,,0.615,1.123,,10,hardness_adaptive,462.0,372.25
1099,,0,1067,50,,,,0.502,1.074,,10,hardness_adaptive,647.0,373.25
1100,,1,1068,50,,,,0.608,1.08,,10,hardness_adaptive,762.0,379.5
1101,,1,1069,50,,,,0.624,1.385,,10,hardness_adaptive,756.0,394.25
1102,,2,1071,50,,,,0.6,1.138,,10,hardness_adaptive,745.0,404.25
1103,,1,1072,50,,,,0.702,1.088,,10,hardness_adaptive,755.0,444.5
1104,,0,1072,50,,,,0.626,1.132,,10,hardness_adaptive,746.0,648.75
1105,,0,1072,50,,,,0.675,0.792,,10,hardness_adaptive,828.0,720.25
1106,,1,1073,50,,,,0.744,1.178,,10,hardness_adaptive,749.0,746.5
1107,,0,1073,50,,,,0.574,1.086,,10,hardness_adaptive,890.0,758.0
1108,,1,1074,50,,,,0.748,1.194,,10,hardness_adaptive,778.0,777.25
1109,,0,1074,50,,,,0.621,1.211,,10,hardness_adaptive,820.0,796.25
1110,,0,1074,50,,,,0.756,1.273,,10,hardness_adaptive,848.0,826.5
1111,,0,1074,50,,,,0.661,1.195,,10,hardness_adaptive,915.0,862.25
1112,,1,1075,50,,,,0.568,1.188,,10,hardness_adaptive,420.0,375.25
1113,,1,1076,50,,,,0.645,1.181,,10,hardness_adaptive,744.0,376.25
1114,,0,1076,50,,,,0.697,1.192,,10,hardness_adaptive,768.0,384.5
1115,,1,1077,50,,,,0.587,1.116,,10,hardness_adaptive,762.0,397.0
1116,,0,1077,50,,,,0.714,1.129,,10,hardness_adaptive,718.0,409.0
1117,,0,1077,50,,,,0.752,1.164,,10,hardness_adaptive,680.0,425.25
1118,,1,1078,50,,,,0.666,1.071,,10,hardness_adaptive,769.0,673.25
1119,,3,1081,50,,,,0.542,1.051,,10,hardness_adaptive,905.0,716.25
1120,,1,1082,50,,,,0.63,1.175,,10,hardness_adaptive,772.0,738.0
1121,,0,1082,50,,,,0.668,0.797,,10,hardness_adaptive,755.0,754.25
1122,,1,1083,50,,,,0.824,1.355,,10,hardness_adaptive,790.0,769.5
1123,,1,1084,50,,,,0.626,1.172,,10,hardness_adaptive,956.0,787.5
1124,,1,1085,50,,,,0.598,1.125,,10,hardness_adaptive,930.0,803.0
1125,,2,1087,50,,,,0.631,0.76,,10,hardness_adaptive,838.0,820.0
1126,,2,1089,50,,,,0.502,1.421,,10,hardness_adaptive,857.0,830.75
1127,,0,1089,50,,,,0.724,0.803,,10,hardness_adaptive,378.0,350.0
1128,,0,1089,50,,,,0.612,1.143,,10,hardness_adaptive,1009.0,357.25
1129,,1,1090,50,,,,0.604,0.766,,10,hardness_adaptive,778.0,366.75
1130,,1,1091,50,,,,0.636,1.141,,10,hardness_adaptive,812.0,379.5
1131,,2,1093,50,,,,0.664,0.786,,10,hardness_adaptive,729.0,396.5
1132,,0,1093,50,,,,0.676,1.212,,10,hardness_adaptive,856.0,457.75
1133,,1,1094,50,,,,0.603,1.149,,10,hardness_adaptive,742.0,698.75
1134,,1,1095,50,,,,0.607,0.72,,10,hardness_adaptive,966.0,733.0
1135,,1,1096,50,,,,0.71,1.132,,10,hardness_adaptive,846.0,766.75
1136,,3,1099,50,,,,0.732,0.35,,10,hardness_adaptive,877.0,780.0
1137,,0,1099,50,,,,0.819,0.371,,10,hardness_adaptive,842.0,795.25
1138,,0,1099,50,,,,0.788,1.136,,10,hardness_adaptive,956.0,836.25
1139,,1,1100,50,,,,0.78,1.185,,10,hardness_adaptive,372.0,369.0
1140,,1,1101,50,,,,0.612,1.21,,10,hardness_adaptive,396.0,361.0
1141,,0,1101,50,,,,0.657,0.796,,10,hardness_adaptive,372.0,363.0
1142,,2,1103,50,,,,0.689,1.108,,10,hardness_adaptive,383.0,359.25
1143,,1,1104,50,,,,0.744,1.119,,10,hardness_adaptive,934.0,361.5
1144,,1,1105,50,,,,0.476,0.987,,10,hardness_adaptive,747.0,370.0
1145,,0,1105,50,,,,0.622,1.103,,10,hardness_adaptive,1004.0,383.0
1146,,0,1105,50,,,,0.714,1.15,,10,hardness_adaptive,889.0,399.5
1147,,2,1107,50,,,,0.656,1.164,,10,hardness_adaptive,694.0,446.75
1148,,1,1108,50,,,,0.729,1.127,,10,hardness_adaptive,755.0,670.25
1149,,1,1109,50,,,,0.687,0.349,,10,hardness_adaptive,904.0,726.0
1150,,1,1110,50,,,,0.629,1.156,,10,hardness_adaptive,794.0,748.25
1151,,1,1111,50,,,,0.77,0.363,,10,hardness_adaptive,796.0,767.5
1152,,1,1112,50,,,,0.658,1.135,,10,hardness_adaptive,1123.0,782.25
1153,,0,1112,50,,,,0.732,1.158,,10,hardness_adaptive,826.0,808.0
1154,,0,1112,50,,,,0.632,1.224,,10,hardness_adaptive,402.0,398.75
1155,,2,1114,50,,,,0.635,1.24,,10,hardness_adaptive,407.0,364.25
1156,,1,1115,50,,,,0.63,1.169,,10,hardness_adaptive,466.0,364.25
1157,,1,1116,50,,,,0.716,1.107,,10,hardness_adaptive,437.0,357.0
1158,,0,1116,50,,,,0.66,1.183,,10,hardness_adaptive,423.0,356.5
1159,,0,1116,50,,,,0.534,1.102,,10,hardness_adaptive,908.0,361.0
1160,,0,1116,50,,,,0.545,1.083,,10,hardness_adaptive,690.0,373.0
1161,,1,1117,50,,,,0.648,1.035,,10,hardness_adaptive,797.0,389.25
1162,,0,1117,50,,,,0.696,1.027,,10,hardness_adaptive,829.0,404.0
1163,,0,1117,50,,,,0.607,1.124,,10,hardness_adaptive,854.0,419.25
1164,,0,1117,50,,,,0.569,1.043,,10,hardness_adaptive,848.0,598.0
1165,,1,1118,50,,,,0.553,1.174,,10,hardness_adaptive,764.0,700.25
1166,,1,1119,50,,,,0.731,0.388,,10,hardness_adaptive,758.0,734.25
1167,,1,1120,50,,,,0.557,1.126,,10,hardness_adaptive,791.0,761.0
1168,,0,1120,50,,,,0.572,1.137,,10,hardness_adaptive,858.0,778.25
1169,,1,1121,50,,,,0.542,1.119,,10,hardness_adaptive,859.0,797.75
1170,,1,1122,50,,,,0.76,1.247,,10,hardness_adaptive,936.0,822.5
1171,,2,1124,50,,,,0.701,1.218,,10,hardness_adaptive,403.0,357.0
1172,,1,1125,50,,,,0.648,1.106,,10,hardness_adaptive,404.0,357.0
1173,,1,1126,50,,,,0.728,1.213,,10,hardness_adaptive,680.0,364.0
1174,,0,1126,50,,,,0.609,1.005,,10,hardness_adaptive,810.0,372.25
1175,,0,1126,50,,,,0.494,1.119,,10,hardness_adaptive,977.0,387.25
1176,,1,1127,50,,,,0.532,1.095,,10,hardness_adaptive,747.0,403.25
1177,,0,1127,50,,,,0.755,1.164,,10,hardness_adaptive,822.0,434.25
1178,,1,1128,50,,,,0.533,1.087,,10,hardness_adaptive,699.0,684.25
1179,,1,1129,50,,,,0.625,1.149,,10,hardness_adaptive,741.0,728.25
1180,,0,1129,50,,,,0.726,1.232,,10,hardness_adaptive,995.0,747.0
1181,,2,1131,50,,,,0.585,1.124,,10,hardness_adaptive,784.0,772.0
1182,,0,1131,50,,,,0.651,1.187,,10,hardness_adaptive,866.0,782.5
1183,,0,1131,50,,,,0.617,1.16,,10,hardness_adaptive,1172.0,801.75
1184,,0,1131,50,,,,0.745,1.182,,10,hardness_adaptive,830.0,814.25
1185,,0,1131,50,,,,0.585,1.218,,10,hardness_adaptive,913.0,830.0
1186,,0,1131,50,,,,0.692,1.184,,10,hardness_adaptive,427.0,379.0
1187,,3,1134,50,,,,0.617,1.21,,10,hardness_adaptive,377.0,374.25
1188,,0,1134,50,,,,0.604,1.05,,10,hardness_adaptive,387.0,371.5
1189,,2,1136,50,,,,0.692,1.219,,10,hardness_adaptive,680.0,376.0
1190,,2,1138,50,,,,0.604,1.153,,10,hardness_adaptive,708.0,387.75
1191,,0,1138,50,,,,0.766,0.358,,10,hardness_adaptive,882.0,406.0
1192,,0,1138,50,,,,0.622,1.193,,10,hardness_adaptive,732.0,422.75
1193,,1,1139,50,,,,0.542,1.071,,10,hardness_adaptive,736.0,456.75
1194,,1,1140,50,,,,0.602,1.154,,10,hardness_adaptive,734.0,604.0
1195,,0,1140,50,,,,0.68,0.782,,10,hardness_adaptive,900.0,708.5
1196,,1,1141,50,,,,0.524,1.148,,10,hardness_adaptive,773.0,733.25
1197,,0,1141,50,,,,0.565,1.179,,10,hardness_adaptive,750.0,743.5
1198,,0,1141,50,,,,0.704,1.131,,10,hardness_adaptive,848.0,759.25
1199,,2,1143,50,,,,0.712,1.158,,10,hardness_adaptive,830.0,791.0
1200,,1,1144,50,,,,0.74,1.048,,10,hardness_adaptive,816.0,805.25
1201,,0,1144,50,,,,0.599,1.226,,10,hardness_adaptive,376.0,371.0
1202,,1,1145,50,,,,0.699,0.343,,10,hardness_adaptive,739.0,376.0
1203,,1,1146,50,,,,0.675,0.347,,10,hardness_adaptive,751.0,387.5
1204,,1,1147,50,,,,0.706,1.136,,10,hardness_adaptive,764.0,404.25
1205,,0,1147,50,,,,0.558,1.131,,10,hardness_adaptive,782.0,419.75
1206,,1,1148,50,,,,0.639,1.173,,10,hardness_adaptive,745.0,485.25
1207,,0,1148,50,,,,0.713,0.348,,10,hardness_adaptive,800.0,686.25
1208,,0,1148,50,,,,0.671,0.353,,10,hardness_adaptive,924.0,739.25
1209,,0,1148,50,,,,0.64,1.099,,10,hardness_adaptive,785.0,756.25
1210,,2,1150,50,,,,0.539,1.125,,10,hardness_adaptive,1078.0,781.25
1211,,1,1151,50,,,,0.598,1.099,,10,hardness_adaptive,861.0,800.25
1212,,1,1152,50,,,,0.744,0.348,,10,hardness_adaptive,827.0,824.75
1213,,0,1152,50,,,,0.629,1.118,,10,hardness_adaptive,470.0,366.0
1214,,2,1154,50,,,,0.637,1.151,,10,hardness_adaptive,484.0,365.25
1215,,0,1154,50,,,,0.732,1.145,,10,hardness_adaptive,885.0,373.25
1216,,0,1154,50,,,,0.601,1.099,,10,hardness_adaptive,723.0,382.25
1217,,2,1156,50,,,,0.56,1.098,,10,hardness_adaptive,735.0,399.5
1218,,2,1158,50,,,,0.695,1.113,,10,hardness_adaptive,762.0,416.25
1219,,1,1159,50,,,,0.521,0.751,,10,hardness_adaptive,682.0,470.75
1220,,0,1159,50,,,,0.633,1.193,,10,hardness_adaptive,945.0,671.0
1221,,0,1159,50,,,,0.608,1.213,,10,hardness_adaptive,847.0,701.0
1222,,0,1159,50,,,,0.792,0.983,,10,hardness_adaptive,853.0,734.0
1223,,0,1159,50,,,,0.731,1.197,,10,hardness_adaptive,933.0,740.5
1224,,0,1159,50,,,,0.608,1.119,,10,hardness_adaptive,834.0,761.0
1225,,1,1160,50,,,,0.758,0.748,,10,hardness_adaptive,1042.0,791.0
1226,,1,1161,50,,,,0.564,1.136,,10,hardness_adaptive,925.0,812.5
1227,,1,1162,50,,,,0.696,1.276,,10,hardness_adaptive,523.0,386.25
1228,,0,1162,50,,,,0.643,0.362,,10,hardness_adaptive,418.0,355.25
1229,,0,1162,50,,,,0.743,1.227,,10,hardness_adaptive,415.0,355.25
1230,,0,1162,50,,,,0.538,1.091,,10,hardness_adaptive,655.0,364.25
1231,,2,1164,50,,,,0.544,1.124,,10,hardness_adaptive,743.0,386.25
1232,,0,1164,50,,,,0.598,1.161,,10,hardness_adaptive,855.0,403.75
1233,,1,1165,50,,,,0.63,1.157,,10,hardness_adaptive,832.0,427.75
1234,,2,1167,50,,,,0.739,0.345,,10,hardness_adaptive,739.0,562.5
1235,,2,1169,50,,,,0.518,1.122,,10,hardness_adaptive,718.0,703.25
1236,,0,1169,50,,,,0.55,1.026,,10,hardness_adaptive,741.0,740.0
1237,,0,1169,50,,,,0.663,1.059,,10,hardness_adaptive,787.0,755.25
1238,,1,1170,50,,,,0.712,1.278,,10,hardness_adaptive,799.0,766.25
1239,,0,1170,50,,,,0.539,1.164,,10,hardness_adaptive,792.0,790.25
1240,,1,1171,50,,,,0.62,1.204,,10,hardness_adaptive,898.0,807.75
1241,,0,1171,50,,,,0.853,0.377,,10,hardness_adaptive,403.0,374.0
1242,,1,1172,50,,,,0.76,0.956,,10,hardness_adaptive,370.0,366.0
1243,,1,1173,50,,,,0.539,1.103,,10,hardness_adaptive,396.0,365.25
1244,,1,1174,50,,,,0.586,1.167,,10,hardness_adaptive,415.0,359.25
1245,,1,1175,50,,,,0.609,1.151,,10,hardness_adaptive,597.0,365.25
1246,,1,1176,50,,,,0.655,1.142,,10,hardness_adaptive,906.0,373.25
1247,,1,1177,50,,,,0.597,0.752,,10,hardness_adaptive,675.0,389.25
1248,,0,1177,50,,,,0.581,1.131,,10,hardness_adaptive,758.0,402.25
1249,,2,1179,50,,,,0.665,1.062,,10,hardness_adaptive,731.0,439.25
1250,,1,1180,50,,,,0.656,1.089,,10,hardness_adaptive,789.0,661.0
1251,,2,1182,50,,,,0.539,1.052,,10,hardness_adaptive,894.0,722.0
1252,,1,1183,50,,,,0.724,0.346,,10,hardness_adaptive,869.0,744.0
1253,,0,1183,50,,,,0.565,1.13,,10,hardness_adaptive,764.0,758.75
1254,,1,1184,50,,,,0.754,0.348,,10,hardness_adaptive,800.0,786.25
1255,,0,1184,50,,,,0.727,1.174,,10,hardness_adaptive,809.0,796.25
1256,,0,1184,50,,,,0.798,0.357,,10,hardness_adaptive,827.0,823.25
1257,,2,1186,50,,,,0.638,1.123,,10,hardness_adaptive,1065.0,832.0
1258,,1,1187,50,,,,0.669,1.123,,10,hardness_adaptive,617.0,364.0
1259,,0,1187,50,,,,0.812,1.154,,10,hardness_adaptive,424.0,359.5
1260,,0,1187,50,,,,0.718,1.172,,10,hardness_adaptive,725.0,369.25
1261,,0,1187,50,,,,0.717,1.222,,10,hardness_adaptive,654.0,384.0
1262,,0,1187,50,,,,0.681,1.142,,10,hardness_adaptive,792.0,391.0
1263,,2,1189,50,,,,0.747,0.806,,10,hardness_adaptive,736.0,403.25
1264,,0,1189,50,,,,0.769,1.176,,10,hardness_adaptive,827.0,442.25
1265,,2,1191,50,,,,0.688,1.169,,10,hardness_adaptive,714.0,680.0
1266,,1,1192,50,,,,0.706,1.239,,10,hardness_adaptive,794.0,714.25
1267,,1,1193,50,,,,0.624,1.191,,10,hardness_adaptive,759.0,727.0
1268,,1,1194,50,,,,0.768,1.277,,10,hardness_adaptive,1032.0,747.5
1269,,0,1194,50,,,,0.656,1.238,,10,hardness_adaptive,790.0,761.75
1270,,1,1195,50,,,,0.573,1.114,,10,hardness_adaptive,908.0,790.25
1271,,1,1196,50,,,,0.673,1.166,,10,hardness_adaptive,935.0,808.75
1272,,0,1196,50,,,,0.715,1.174,,10,hardness_adaptive,959.0,832.25
1273,,1,1197,50,,,,0.824,0.35,,10,hardness_adaptive,423.0,372.25
1274,,1,1198,50,,,,0.858,1.217,,10,hardness_adaptive,463.0,369.25
1275,,1,1199,50,,,,0.614,1.163,,10,hardness_adaptive,405.0,363.75
1,,2,2,10,,,,0.717,0.882,,50,hardness_adaptive,2151.0,496.5
2,,1,3,20,,,,0.625,0.751,,50,hardness_adaptive,1942.0,507.25
3,,2,5,30,,,,0.589,0.733,,50,hardness_adaptive,1792.0,517.0
4,,1,6,40,,,,0.661,0.668,,50,hardness_adaptive,2156.0,540.25
5,,0,6,50,,,,0.477,0.753,,50,hardness_adaptive,2276.0,680.25
6,,1,7,50,,,,0.636,1.118,,50,hardness_adaptive,2043.0,1903.0
7,,0,7,50,,,,0.438,1.072,,50,hardness_adaptive,2282.0,1987.25
8,,1,8,50,,,,0.497,1.107,,50,hardness_adaptive,2206.0,2067.0
9,,1,9,50,,,,0.654,1.205,,50,hardness_adaptive,2285.0,2163.0
10,,2,11,50,,,,0.759,1.209,,50,hardness_adaptive,2259.0,2257.25
11,,1,12,50,,,,0.546,1.212,,50,hardness_adaptive,940.0,894.25
12,,0,12,50,,,,0.501,1.184,,50,hardness_adaptive,911.0,884.25
13,,1,13,50,,,,0.564,1.171,,50,hardness_adaptive,1583.0,886.0
14,,1,14,50,,,,0.524,1.118,,50,hardness_adaptive,2109.0,890.25
15,,2,16,50,,,,0.486,1.117,,50,hardness_adaptive,2547.0,899.5
16,,1,17,50,,,,0.701,1.03,,50,hardness_adaptive,2082.0,911.75
17,,0,17,50,,,,0.478,1.128,,50,hardness_adaptive,1954.0,947.0
18,,1,18,50,,,,0.587,1.218,,50,hardness_adaptive,1874.0,1604.25
19,,2,20,50,,,,0.628,0.997,,50,hardness_adaptive,2027.0,1966.5
20,,2,22,50,,,,0.516,1.132,,50,hardness_adaptive,2640.0,2041.5
21,,0,22,50,,,,0.562,0.844,,50,hardness_adaptive,2142.0,2108.25
22,,1,23,50,,,,0.464,1.105,,50,hardness_adaptive,2205.0,2168.0
23,,1,24,50,,,,0.595,1.106,,50,hardness_adaptive,2379.0,2226.25
24,,1,25,50,,,,0.665,1.24,,50,hardness_adaptive,2406.0,2250.25
25,,2,27,50,,,,0.819,1.456,,50,hardness_adaptive,1002.0,980.75
26,,1,28,50,,,,0.661,1.115,,50,hardness_adaptive,942.0,895.0
27,,0,28,50,,,,0.432,1.038,,50,hardness_adaptive,2203.0,904.5
28,,1,29,50,,,,0.42,0.998,,50,hardness_adaptive,2192.0,913.0
29,,1,30,50,,,,0.423,1.079,,50,hardness_adaptive,2133.0,929.25
30,,2,32,50,,,,0.819,1.056,,50,hardness_adaptive,2400.0,942.75
31,,2,34,50,,,,0.627,1.109,,50,hardness_adaptive,2096.0,965.0
32,,1,35,50,,,,0.521,1.143,,50,hardness_adaptive,2509.0,1791.5
33,,2,37,50,,,,0.561,1.159,,50,hardness_adaptive,2038.0,2028.75
34,,3,40,50,,,,0.5,1.168,,50,hardness_adaptive,2128.0,2100.25
35,,0,40,50,,,,0.494,1.142,,50,hardness_adaptive,2520.0,2158.5
36,,1,41,50,,,,0.43,1.064,,50,hardness_adaptive,2364.0,2204.5
37,,1,42,50,,,,0.887,1.354,,50,hardness_adaptive,958.0,924.0
38,,1,43,50,,,,0.723,1.13,,50,hardness_adaptive,934.0,899.25
39,,2,45,50,,,,0.608,1.086,,50,hardness_adaptive,2360.0,907.25
40,,3,48,50,,,,0.416,0.953,,50,hardness_adaptive,2083.0,918.0
41,,2,50,50,,,,0.549,1.103,,50,hardness_adaptive,2532.0,930.25
42,,1,51,50,,,,0.516,1.103,,50,hardness_adaptive,2390.0,940.25
43,,2,53,50,,,,0.607,1.087,,50,hardness_adaptive,2054.0,965.0
44,,1,54,50,,,,0.504,0.744,,50,hardness_adaptive,2448.0,1871.75
45,,1,55,50,,,,0.423,1.039,,50,hardness_adaptive,2238.0,2085.5
46,,2,57,50,,,,0.594,1.164,,50,hardness_adaptive,2463.0,2181.75
47,,1,58,50,,,,0.521,1.186,,50,hardness_adaptive,2388.0,2258.25
48,,0,58,50,,,,0.487,1.153,,50,hardness_adaptive,943.0,903.0
49,,1,59,50,,,,0.462,1.058,,50,hardness_adaptive,930.0,900.25
50,,2,61,50,,,,0.64,1.082,,50,hardness_adaptive,2065.0,903.0
51,,0,61,50,,,,0.376,0.978,,50,hardness_adaptive,1998.0,908.25
52,,1,62,50,,,,0.528,1.068,,50,hardness_adaptive,2473.0,922.5
53,,2,64,50,,,,0.569,1.213,,50,hardness_adaptive,2311.0,943.5
54,,1,65,50,,,,0.341,0.96,,50,hardness_adaptive,1519.0,1034.0
55,,1,66,50,,,,0.631,1.046,,50,hardness_adaptive,2450.0,2000.25
56,,2,68,50,,,,0.643,1.074,,50,hardness_adaptive,2371.0,2081.25
57,,2,70,50,,,,0.619,0.864,,50,hardness_adaptive,2226.0,2167.0
58,,0,70,50,,,,0.463,1.097,,50,hardness_adaptive,2326.0,2231.5
59,,1,71,50,,,,0.69,1.279,,50,hardness_adaptive,2306.0,2298.25
60,,0,71,50,,,,0.806,1.352,,50,hardness_adaptive,978.0,958.0
61,,0,71,50,,,,0.472,1.119,,50,hardness_adaptive,894.0,880.25
62,,2,73,50,,,,0.7,0.528,,50,hardness_adaptive,1778.0,886.5
63,,1,74,50,,,,0.511,1.155,,50,hardness_adaptive,2209.0,900.25
64,,1,75,50,,,,0.487,1.122,,50,hardness_adaptive,2173.0,917.0
65,,2,77,50,,,,0.446,1.018,,50,hardness_adaptive,2386.0,929.25
66,,2,79,50,,,,0.338,0.927,,50,hardness_adaptive,1578.0,955.75
67,,1,80,50,,,,0.415,1.039,,50,hardness_adaptive,2012.0,1786.0
68,,1,81,50,,,,0.691,1.065,,50,hardness_adaptive,2241.0,2009.75
69,,0,81,50,,,,0.432,0.973,,50,hardness_adaptive,2216.0,2151.75
70,,0,81,50,,,,0.452,1.104,,50,hardness_adaptive,2250.0,2204.0
71,,0,81,50,,,,0.585,1.234,,50,hardness_adaptive,2299.0,2248.5
72,,3,84,50,,,,0.538,1.221,,50,hardness_adaptive,2516.0,2286.0
73,,0,84,50,,,,0.547,1.248,,50,hardness_adaptive,2481.0,2354.25
74,,1,85,50,,,,0.502,1.193,,50,hardness_adaptive,916.0,883.75
75,,0,85,50,,,,0.534,1.123,,50,hardness_adaptive,885.0,883.5
76,,0,85,50,,,,0.588,1.192,,50,hardness_adaptive,2209.0,891.0
77,,2,87,50,,,,0.627,1.152,,50,hardness_adaptive,2528.0,896.0
78,,0,87,50,,,,0.581,0.748,,50,hardness_adaptive,2008.0,903.25
79,,1,88,50,,,,0.434,1.054,,50,hardness_adaptive,1924.0,916.25
80,,1,89,50,,,,0.404,1.045,,50,hardness_adaptive,1861.0,978.0
81,,2,91,50,,,,0.449,1.001,,50,hardness_adaptive,2249.0,1877.25
82,,2,93,50,,,,0.483,1.039,,50,hardness_adaptive,2112.0,2069.75
83,,2,95,50,,,,0.595,1.185,,50,hardness_adaptive,2234.0,2189.0
84,,1,96,50,,,,0.734,1.182,,50,hardness_adaptive,2628.0,2234.0
85,,1,97,50,,,,0.572,1.244,,50,hardness_adaptive,2424.0,2272.0
86,,1,98,50,,,,0.747,1.207,,50,hardness_adaptive,935.0,919.5
87,,2,100,50,,,,0.733,1.075,,50,hardness_adaptive,977.0,894.0
88,,1,101,50,,,,0.735,1.113,,50,hardness_adaptive,1110.0,890.25
89,,0,101,50,,,,0.741,1.241,,50,hardness_adaptive,965.0,896.75
90,,2,103,50,,,,0.461,1.087,,50,hardness_adaptive,2184.0,907.0
91,,2,105,50,,,,0.536,1.056,,50,hardness_adaptive,1780.0,922.0
92,,0,105,50,,,,0.588,1.044,,50,hardness_adaptive,1999.0,938.75
93,,0,105,50,,,,0.466,1.089,,50,hardness_adaptive,2290.0,957.0
94,,2,107,50,,,,0.552,0.962,,50,hardness_adaptive,2071.0,1031.25
95,,3,110,50,,,,0.397,0.977,,50,hardness_adaptive,2136.0,1896.75
96,,0,110,50,,,,0.428,0.997,,50,hardness_adaptive,2287.0,2053.75
97,,0,110,50,,,,0.555,1.001,,50,hardness_adaptive,2342.0,2134.5
98,,1,111,50,,,,0.735,1.228,,50,hardness_adaptive,2272.0,2188.0
99,,1,112,50,,,,0.454,1.118,,50,hardness_adaptive,2293.0,2241.25
100,,1,113,50,,,,0.534,1.158,,50,hardness_adaptive,2647.0,2290.75
101,,1,114,50,,,,0.71,0.963,,50,hardness_adaptive,2890.0,2358.5
102,,1,115,50,,,,0.511,1.18,,50,hardness_adaptive,2778.0,2414.75
103,,2,117,50,,,,0.781,1.233,,50,hardness_adaptive,3071.0,2506.75
104,,1,118,50,,,,0.545,1.139,,50,hardness_adaptive,2864.0,2599.0
105,,1,119,50,,,,0.722,1.161,,50,hardness_adaptive,2862.0,2670.5
106,,2,121,50,,,,0.608,1.233,,50,hardness_adaptive,2942.0,2756.25
107,,1,122,50,,,,0.633,1.464,,50,hardness_adaptive,2835.0,2805.75
108,,0,122,50,,,,0.557,1.208,,50,hardness_adaptive,2950.0,2861.25
109,,1,123,50,,,,0.682,1.267,,50,hardness_adaptive,3001.0,2889.25
110,,1,124,50,,,,0.562,1.163,,50,hardness_adaptive,1126.0,1101.25
111,,1,125,50,,,,0.594,1.134,,50,hardness_adaptive,2715.0,1106.75
112,,1,126,50,,,,0.676,0.799,,50,hardness_adaptive,3091.0,1115.75
113,,0,126,50,,,,0.549,1.155,,50,hardness_adaptive,2924.0,1122.0
114,,1,127,50,,,,0.637,1.215,,50,hardness_adaptive,3325.0,1137.75
115,,0,127,50,,,,0.52,1.134,,50,hardness_adaptive,2468.0,1160.25
116,,2,129,50,,,,0.558,1.192,,50,hardness_adaptive,2847.0,2333.5
117,,2,131,50,,,,0.495,1.094,,50,hardness_adaptive,2564.0,2465.75
118,,1,132,50,,,,0.761,1.216,,50,hardness_adaptive,2997.0,2588.75
119,,0,132,50,,,,0.615,1.24,,50,hardness_adaptive,2735.0,2697.5
120,,1,133,50,,,,0.686,1.094,,50,hardness_adaptive,2998.0,2765.0
121,,0,133,50,,,,0.565,1.188,,50,hardness_adaptive,3151.0,2841.75
122,,0,133,50,,,,0.61,1.243,,50,hardness_adaptive,1132.0,1122.0
123,,2,135,50,,,,0.756,1.202,,50,hardness_adaptive,1119.0,1103.0
124,,0,135,50,,,,0.57,1.207,,50,hardness_adaptive,1129.0,1113.5
125,,0,135,50,,,,0.513,1.123,,50,hardness_adaptive,1140.0,1108.25
126,,1,136,50,,,,0.599,1.176,,50,hardness_adaptive,1178.0,1112.5
127,,1,137,50,,,,0.581,1.146,,50,hardness_adaptive,2932.0,1121.0
128,,0,137,50,,,,0.555,1.117,,50,hardness_adaptive,2685.0,1131.25
129,,0,137,50,,,,0.665,1.165,,50,hardness_adaptive,2678.0,1143.0
130,,1,138,50,,,,0.528,1.309,,50,hardness_adaptive,2675.0,1178.5
131,,2,140,50,,,,0.681,1.231,,50,hardness_adaptive,2641.0,1292.25
132,,2,142,50,,,,0.579,1.121,,50,hardness_adaptive,3133.0,2525.75
133,,1,143,50,,,,0.649,0.826,,50,hardness_adaptive,2815.0,2632.0
134,,2,145,50,,,,1.041,1.315,,50,hardness_adaptive,2942.0,2679.0
135,,2,147,50,,,,0.65,0.866,,50,hardness_adaptive,2765.0,2738.0
136,,1,148,50,,,,0.583,1.199,,50,hardness_adaptive,3139.0,2811.5
137,,1,149,50,,,,0.556,1.18,,50,hardness_adaptive,2956.0,2847.0
138,,1,150,50,,,,0.651,1.231,,50,hardness_adaptive,3030.0,2886.5
139,,0,150,50,,,,0.625,1.271,,50,hardness_adaptive,1124.0,1114.0
140,,1,151,50,,,,0.61,1.237,,50,hardness_adaptive,1189.0,1097.5
141,,1,152,50,,,,0.531,1.2,,50,hardness_adaptive,1142.0,1091.5
142,,1,153,50,,,,0.731,1.196,,50,hardness_adaptive,1147.0,1090.0
143,,1,154,50,,,,0.737,1.158,,50,hardness_adaptive,3074.0,1097.0
144,,1,155,50,,,,0.554,1.155,,50,hardness_adaptive,2599.0,1108.25
145,,0,155,50,,,,0.515,1.136,,50,hardness_adaptive,2709.0,1120.25
146,,2,157,50,,,,0.534,1.148,,50,hardness_adaptive,2998.0,1130.75
147,,1,158,50,,,,0.586,1.193,,50,hardness_adaptive,3202.0,1179.5
148,,2,160,50,,,,0.559,1.126,,50,hardness_adaptive,2502.0,2301.5
149,,1,161,50,,,,0.633,1.141,,50,hardness_adaptive,2944.0,2566.5
150,,1,162,50,,,,0.687,1.155,,50,hardness_adaptive,3066.0,2699.0
151,,1,163,50,,,,0.588,1.165,,50,hardness_adaptive,2933.0,2771.75
152,,0,163,50,,,,0.767,1.299,,50,hardness_adaptive,3193.0,2846.0
153,,0,163,50,,,,0.561,1.253,,50,hardness_adaptive,2905.0,2881.25
154,,1,164,50,,,,0.624,1.226,,50,hardness_adaptive,3072.0,2915.75
155,,2,166,50,,,,0.559,1.231,,50,hardness_adaptive,1105.0,1104.0
156,,2,168,50,,,,0.569,1.122,,50,hardness_adaptive,1222.0,1099.25
157,,1,169,50,,,,0.515,1.124,,50,hardness_adaptive,2580.0,1105.75
158,,0,169,50,,,,0.59,0.814,,50,hardness_adaptive,2781.0,1123.25
159,,1,170,50,,,,0.697,1.141,,50,hardness_adaptive,2472.0,1155.25
160,,1,171,50,,,,0.481,1.103,,50,hardness_adaptive,2358.0,1192.25
161,,3,174,50,,,,0.519,1.08,,50,hardness_adaptive,2907.0,1244.0
162,,0,174,50,,,,0.51,1.16,,50,hardness_adaptive,2935.0,2460.5
163,,1,175,50,,,,0.51,1.383,,50,hardness_adaptive,3007.0,2581.75
164,,1,176,50,,,,0.548,1.118,,50,hardness_adaptive,2998.0,2652.5
165,,1,177,50,,,,0.574,1.154,,50,hardness_adaptive,2804.0,2713.0
166,,1,178,50,,,,0.636,1.197,,50,hardness_adaptive,2792.0,2777.25
167,,0,178,50,,,,0.569,1.171,,50,hardness_adaptive,2851.0,2801.25
168,,1,179,50,,,,0.536,1.225,,50,hardness_adaptive,2955.0,2830.0
169,,0,179,50,,,,0.562,1.171,,50,hardness_adaptive,3160.0,2886.5
170,,1,180,50,,,,0.8,1.316,,50,hardness_adaptive,3147.0,2928.25
171,,1,181,50,,,,0.555,1.158,,50,hardness_adaptive,1130.0,1105.0
172,,0,181,50,,,,0.701,1.091,,50,hardness_adaptive,1124.0,1095.0
173,,2,183,50,,,,0.705,1.078,,50,hardness_adaptive,2796.0,1113.0
174,,0,183,50,,,,0.683,1.16,,50,hardness_adaptive,2997.0,1117.0
175,,0,183,50,,,,0.488,1.132,,50,hardness_adaptive,2402.0,1129.25
176,,1,184,50,,,,0.656,1.049,,50,hardness_adaptive,3255.0,1144.25
177,,2,186,50,,,,0.631,1.308,,50,hardness_adaptive,2597.0,1191.25
178,,0,186,50,,,,0.604,1.151,,50,hardness_adaptive,3192.0,2308.75
179,,2,188,50,,,,0.54,1.184,,50,hardness_adaptive,2676.0,2542.5
180,,1,189,50,,,,0.556,1.166,,50,hardness_adaptive,2866.0,2710.5
181,,1,190,50,,,,0.572,1.178,,50,hardness_adaptive,2865.0,2756.25
182,,1,191,50,,,,0.557,1.194,,50,hardness_adaptive,3039.0,2817.25
183,,0,191,50,,,,0.794,1.197,,50,hardness_adaptive,3049.0,2859.0
184,,1,192,50,,,,0.667,1.366,,50,hardness_adaptive,3173.0,2877.75
185,,1,193,50,,,,0.773,1.113,,50,hardness_adaptive,1169.0,1111.75
186,,1,194,50,,,,0.613,0.791,,50,hardness_adaptive,2709.0,1105.25
187,,2,196,50,,,,0.51,1.121,,50,hardness_adaptive,2499.0,1121.25
188,,0,196,50,,,,0.536,1.245,,50,hardness_adaptive,2464.0,1136.5
189,,2,198,50,,,,0.716,1.047,,50,hardness_adaptive,2548.0,1161.0
190,,2,200,50,,,,0.516,1.116,,50,hardness_adaptive,2824.0,1187.25
191,,0,200,50,,,,0.531,1.131,,50,hardness_adaptive,2682.0,2430.25
192,,2,202,50,,,,0.596,1.145,,50,hardness_adaptive,2980.0,2604.75
193,,1,203,50,,,,0.64,1.243,,50,hardness_adaptive,2788.0,2688.75
194,,2,205,50,,,,0.809,1.257,,50,hardness_adaptive,3278.0,2767.75
195,,1,206,50,,,,0.6,1.201,,50,hardness_adaptive,2905.0,2835.25
196,,0,206,50,,,,0.561,1.281,,50,hardness_adaptive,3112.0,2876.0
197,,0,206,50,,,,0.589,1.212,,50,hardness_adaptive,1077.0,1030.25
198,,1,207,50,,,,0.579,0.838,,50,hardness_adaptive,1035.0,1017.25
199,,1,208,50,,,,0.698,1.159,,50,hardness_adaptive,1042.0,1016.0
200,,0,208,50,,,,0.561,1.225,,50,hardness_adaptive,1059.0,1014.0
201,,0,208,50,,,,0.801,1.109,,50,hardness_adaptive,1109.0,1007.25
202,,0,208,50,,,,0.516,1.159,,50,hardness_adaptive,2158.0,1009.0
203,,0,208,50,,,,0.685,1.157,,50,hardness_adaptive,2626.0,1018.0
204,,2,210,50,,,,0.452,1.082,,50,hardness_adaptive,2436.0,1031.25
205,,1,211,50,,,,0.739,1.197,,50,hardness_adaptive,2566.0,1042.25
206,,0,211,50,,,,0.643,1.144,,50,hardness_adaptive,2473.0,1074.5
207,,1,212,50,,,,0.656,1.215,,50,hardness_adaptive,2229.0,2135.5
208,,1,213,50,,,,0.625,0.835,,50,hardness_adaptive,2635.0,2294.25
209,,1,214,50,,,,0.546,1.155,,50,hardness_adaptive,2642.0,2401.25
210,,0,214,50,,,,0.516,1.088,,50,hardness_adaptive,2854.0,2488.25
211,,1,215,50,,,,0.498,1.183,,50,hardness_adaptive,2647.0,2536.5
212,,0,215,50,,,,0.57,1.186,,50,hardness_adaptive,2830.0,2606.25
213,,1,216,50,,,,0.572,1.195,,50,hardness_adaptive,2713.0,2642.0
214,,2,218,50,,,,0.568,1.151,,50,hardness_adaptive,2725.0,2663.5
215,,1,219,50,,,,0.524,1.218,,50,hardness_adaptive,1051.0,1040.25
216,,0,219,50,,,,0.752,1.205,,50,hardness_adaptive,1183.0,1022.5
217,,1,220,50,,,,0.596,1.189,,50,hardness_adaptive,1066.0,1024.0
218,,2,222,50,,,,0.746,1.138,,50,hardness_adaptive,3038.0,1034.25
219,,2,224,50,,,,0.682,1.181,,50,hardness_adaptive,2380.0,1037.75
220,,0,224,50,,,,0.518,1.063,,50,hardness_adaptive,2761.0,1049.0
221,,0,224,50,,,,0.468,1.034,,50,hardness_adaptive,2659.0,1070.25
222,,1,225,50,,,,0.512,1.132,,50,hardness_adaptive,2806.0,1118.25
223,,1,226,50,,,,0.428,1.05,,50,hardness_adaptive,2349.0,2226.0
224,,1,227,50,,,,0.496,1.064,,50,hardness_adaptive,2443.0,2380.25
225,,2,229,50,,,,0.528,1.121,,50,hardness_adaptive,2756.0,2472.25
226,,1,230,50,,,,0.642,1.176,,50,hardness_adaptive,3084.0,2575.0
227,,1,231,50,,,,0.775,1.172,,50,hardness_adaptive,2747.0,2634.5
228,,0,231,50,,,,0.713,1.021,,50,hardness_adaptive,2698.0,2689.25
229,,1,232,50,,,,0.528,1.195,,50,hardness_adaptive,2743.0,2711.0
230,,1,233,50,,,,0.55,1.188,,50,hardness_adaptive,2909.0,2739.25
231,,0,233,50,,,,0.624,1.294,,50,hardness_adaptive,1662.0,1030.25
232,,0,233,50,,,,0.442,1.034,,50,hardness_adaptive,2163.0,1019.5
233,,1,234,50,,,,0.492,1.006,,50,hardness_adaptive,2446.0,1030.0
234,,1,235,50,,,,0.683,1.218,,50,hardness_adaptive,2291.0,1045.25
235,,2,237,50,,,,0.737,1.179,,50,hardness_adaptive,2712.0,1055.5
236,,1,238,50,,,,0.556,1.177,,50,hardness_adaptive,2650.0,1122.75
237,,2,240,50,,,,0.441,1.024,,50,hardness_adaptive,2029.0,1985.5
238,,0,240,50,,,,0.428,1.014,,50,hardness_adaptive,2367.0,2291.0
239,,1,241,50,,,,0.541,1.17,,50,hardness_adaptive,2579.0,2367.0
240,,2,243,50,,,,0.59,1.121,,50,hardness_adaptive,2648.0,2482.75
241,,0,243,50,,,,0.639,0.868,,50,hardness_adaptive,3036.0,2574.5
242,,0,243,50,,,,0.578,1.179,,50,hardness_adaptive,2859.0,2641.25
243,,0,243,50,,,,0.706,1.19,,50,hardness_adaptive,1041.0,1014.25
244,,1,244,50,,,,0.563,1.173,,50,hardness_adaptive,1090.0,1014.5
245,,0,244,50,,,,0.688,0.829,,50,hardness_adaptive,2728.0,1021.25
246,,1,245,50,,,,0.715,1.132,,50,hardness_adaptive,2655.0,1031.25
247,,2,247,50,,,,0.723,1.191,,50,hardness_adaptive,3006.0,1049.5
248,,1,248,50,,,,0.703,1.191,,50,hardness_adaptive,2406.0,1067.5
249,,1,249,50,,,,0.503,1.103,,50,hardness_adaptive,2655.0,1093.0
250,,3,252,50,,,,0.531,1.087,,50,hardness_adaptive,2570.0,2114.25
251,,0,252,50,,,,0.563,1.148,,50,hardness_adaptive,2435.0,2298.75
252,,1,253,50,,,,0.479,1.082,,50,hardness_adaptive,2596.0,2383.5
253,,1,254,50,,,,0.627,1.194,,50,hardness_adaptive,2667.0,2494.25
254,,1,255,50,,,,0.72,1.104,,50,hardness_adaptive,2892.0,2564.5
255,,2,257,50,,,,0.588,1.164,,50,hardness_adaptive,2815.0,2599.0
256,,1,258,50,,,,0.757,1.387,,50,hardness_adaptive,2686.0,2652.75
257,,1,259,50,,,,0.726,1.059,,50,hardness_adaptive,2862.0,2684.5
258,,1,260,50,,,,0.59,1.222,,50,hardness_adaptive,2779.0,2687.0
259,,1,261,50,,,,0.54,1.152,,50,hardness_adaptive,1069.0,1013.25
260,,1,262,50,,,,0.424,1.065,,50,hardness_adaptive,2075.0,1016.0
261,,2,264,50,,,,0.459,1.038,,50,hardness_adaptive,2237.0,1024.25
262,,1,265,50,,,,0.718,1.173,,50,hardness_adaptive,2566.0,1043.5
263,,1,266,50,,,,0.75,1.228,,50,hardness_adaptive,2292.0,1059.5
264,,1,267,50,,,,0.696,0.539,,50,hardness_adaptive,2573.0,1118.25
265,,1,268,50,,,,0.728,1.158,,50,hardness_adaptive,2616.0,2116.75
266,,1,269,50,,,,0.517,1.097,,50,hardness_adaptive,2476.0,2270.5
267,,1,270,50,,,,0.741,1.179,,50,hardness_adaptive,3094.0,2376.25
268,,0,270,50,,,,0.677,1.165,,50,hardness_adaptive,2794.0,2477.75
269,,1,271,50,,,,0.587,1.126,,50,hardness_adaptive,2661.0,2567.75
270,,1,272,50,,,,0.618,1.342,,50,hardness_adaptive,1087.0,1034.25
271,,0,272,50,,,,0.705,1.224,,50,hardness_adaptive,1083.0,1007.0
272,,1,273,50,,,,0.745,1.221,,50,hardness_adaptive,1053.0,1009.25
273,,1,274,50,,,,0.406,0.994,,50,hardness_adaptive,2107.0,1013.25
274,,1,275,50,,,,0.584,1.229,,50,hardness_adaptive,2696.0,1022.0
275,,2,277,50,,,,0.556,1.146,,50,hardness_adaptive,3030.0,1034.0
276,,2,279,50,,,,0.509,1.105,,50,hardness_adaptive,2342.0,1050.75
277,,0,279,50,,,,0.518,1.16,,50,hardness_adaptive,2777.0,1081.5
278,,0,279,50,,,,0.542,1.081,,50,hardness_adaptive,2487.0,1938.5
279,,1,280,50,,,,0.468,1.039,,50,hardness_adaptive,2393.0,2349.0
280,,1,281,50,,,,0.644,1.165,,50,hardness_adaptive,3254.0,2424.0
281,,0,281,50,,,,0.53,1.122,,50,hardness_adaptive,2668.0,2487.5
282,,0,281,50,,,,0.723,0.847,,50,hardness_adaptive,2569.0,2538.75
283,,0,281,50,,,,0.565,1.202,,50,hardness_adaptive,2988.0,2597.0
284,,2,283,50,,,,0.541,1.166,,50,hardness_adaptive,2882.0,2638.0
285,,1,284,50,,,,0.562,1.147,,50,hardness_adaptive,2700.0,2668.5
286,,0,284,50,,,,0.714,1.163,,50,hardness_adaptive,2760.0,2697.0
287,,2,286,50,,,,0.793,1.23,,50,hardness_adaptive,1084.0,1045.5
288,,0,286,50,,,,0.573,1.222,,50,hardness_adaptive,1031.0,1012.75
289,,1,287,50,,,,0.501,1.112,,50,hardness_adaptive,1047.0,1016.25
290,,0,287,50,,,,0.486,1.141,,50,hardness_adaptive,2539.0,1023.0
291,,2,289,50,,,,0.456,1.057,,50,hardness_adaptive,2416.0,1027.25
292,,1,290,50,,,,0.495,0.973,,50,hardness_adaptive,2062.0,1040.25
293,,1,291,50,,,,0.478,1.087,,50,hardness_adaptive,2570.0,1063.25
294,,1,292,50,,,,0.671,0.349,,50,hardness_adaptive,2586.0,1133.25
295,,0,292,50,,,,0.548,1.299,,50,hardness_adaptive,2552.0,2100.25
296,,1,293,50,,,,0.555,1.129,,50,hardness_adaptive,2597.0,2329.0
297,,2,295,50,,,,0.509,1.156,,50,hardness_adaptive,2678.0,2407.5
298,,1,296,50,,,,0.521,1.165,,50,hardness_adaptive,2667.0,2523.0
299,,0,296,50,,,,0.551,1.166,,50,hardness_adaptive,2580.0,2561.5
300,,2,298,50,,,,0.754,1.173,,50,hardness_adaptive,2825.0,2598.5
301,,0,298,50,,,,0.551,1.181,,50,hardness_adaptive,2788.0,2644.75
302,,1,299,50,,,,0.523,1.108,,50,hardness_adaptive,2796.0,2671.0
303,,1,300,50,,,,0.547,1.18,,50,hardness_adaptive,1031.0,1023.0
304,,0,300,50,,,,0.541,1.121,,50,hardness_adaptive,2584.0,1027.25
305,,0,300,50,,,,0.434,1.1,,50,hardness_adaptive,2630.0,1035.25
306,,0,300,50,,,,0.695,1.282,,50,hardness_adaptive,2445.0,1043.25
307,,1,301,50,,,,0.75,0.331,,50,hardness_adaptive,2839.0,1072.25
308,,2,303,50,,,,0.667,1.152,,50,hardness_adaptive,2427.0,1100.0
309,,1,304,50,,,,0.465,1.049,,50,hardness_adaptive,2349.0,2189.5
310,,2,306,50,,,,0.501,1.117,,50,hardness_adaptive,2505.0,2350.0
311,,2,308,50,,,,0.512,1.147,,50,hardness_adaptive,2661.0,2445.0
312,,0,308,50,,,,0.589,1.239,,50,hardness_adaptive,3062.0,2515.0
313,,2,310,50,,,,0.757,0.335,,50,hardness_adaptive,2584.0,2581.0
314,,2,312,50,,,,0.517,1.102,,50,hardness_adaptive,2736.0,2607.0
315,,2,314,50,,,,0.746,0.322,,50,hardness_adaptive,2660.0,2631.0
316,,1,315,50,,,,0.732,0.329,,50,hardness_adaptive,1048.0,1022.0
317,,2,317,50,,,,0.539,1.186,,50,hardness_adaptive,2589.0,1022.0
318,,1,318,50,,,,0.458,1.004,,50,hardness_adaptive,2569.0,1031.25
319,,1,319,50,,,,0.602,1.044,,50,hardness_adaptive,2508.0,1046.0
320,,1,320,50,,,,0.601,0.816,,50,hardness_adaptive,2718.0,1070.25
321,,1,321,50,,,,0.689,1.151,,50,hardness_adaptive,2621.0,1097.0
322,,0,321,50,,,,0.495,1.089,,50,hardness_adaptive,2544.0,2121.5
323,,1,322,50,,,,0.75,1.081,,50,hardness_adaptive,2800.0,2355.5
324,,0,322,50,,,,0.712,1.199,,50,hardness_adaptive,2488.0,2466.25
325,,0,322,50,,,,0.532,1.147,,50,hardness_adaptive,2537.0,2526.75
326,,1,323,50,,,,0.483,1.166,,50,hardness_adaptive,2581.0,2579.5
327,,1,324,50,,,,0.583,1.181,,50,hardness_adaptive,2729.0,2630.75
328,,0,324,50,,,,0.564,1.187,,50,hardness_adaptive,2818.0,2668.25
329,,0,324,50,,,,0.874,0.34,,50,hardness_adaptive,1067.0,1054.0
330,,0,324,50,,,,0.563,1.189,,50,hardness_adaptive,1085.0,1015.0
331,,1,325,50,,,,0.445,1.109,,50,hardness_adaptive,1060.0,1022.0
332,,2,327,50,,,,0.63,1.116,,50,hardness_adaptive,2384.0,1026.0
333,,1,328,50,,,,0.684,0.781,,50,hardness_adaptive,3019.0,1037.25
334,,0,328,50,,,,0.468,1.056,,50,hardness_adaptive,2651.0,1045.5
335,,2,330,50,,,,0.715,1.155,,50,hardness_adaptive,2488.0,1058.5
336,,1,331,50,,,,0.525,1.156,,50,hardness_adaptive,2118.0,1089.0
337,,0,331,50,,,,0.68,0.348,,50,hardness_adaptive,2764.0,2050.25
338,,2,333,50,,,,0.539,1.346,,50,hardness_adaptive,2608.0,2300.5
339,,0,333,50,,,,0.612,1.185,,50,hardness_adaptive,2420.0,2397.75
340,,1,334,50,,,,0.479,1.027,,50,hardness_adaptive,2515.0,2479.25
341,,1,335,50,,,,0.611,1.205,,50,hardness_adaptive,2899.0,2524.25
342,,1,336,50,,,,0.706,1.208,,50,hardness_adaptive,2762.0,2615.25
343,,2,338,50,,,,0.744,0.325,,50,hardness_adaptive,2816.0,2666.75
344,,1,339,50,,,,0.606,1.198,,50,hardness_adaptive,3098.0,2697.25
345,,1,340,50,,,,0.529,1.207,,50,hardness_adaptive,1023.0,1017.5
346,,2,342,50,,,,0.724,1.198,,50,hardness_adaptive,2790.0,1024.25
347,,2,344,50,,,,0.513,1.102,,50,hardness_adaptive,2426.0,1041.25
348,,2,346,50,,,,0.675,1.131,,50,hardness_adaptive,2456.0,1050.0
349,,1,347,50,,,,0.454,0.962,,50,hardness_adaptive,2470.0,1058.75
350,,0,347,50,,,,0.67,1.19,,50,hardness_adaptive,2301.0,1075.0
351,,0,347,50,,,,0.537,0.748,,50,hardness_adaptive,2650.0,1971.0
352,,2,349,50,,,,0.47,1.097,,50,hardness_adaptive,2683.0,2339.25
353,,1,350,50,,,,0.777,1.154,,50,hardness_adaptive,2785.0,2486.25
354,,3,353,50,,,,0.618,1.149,,50,hardness_adaptive,2650.0,2545.25
355,,1,354,50,,,,0.633,1.191,,50,hardness_adaptive,2825.0,2610.5
356,,1,355,50,,,,0.703,1.163,,50,hardness_adaptive,2818.0,2668.25
357,,2,357,50,,,,0.746,1.147,,50,hardness_adaptive,2725.0,2711.75
358,,1,358,50,,,,0.859,1.286,,50,hardness_adaptive,1100.0,1046.25
359,,1,359,50,,,,0.558,1.195,,50,hardness_adaptive,1079.0,1018.5
360,,0,359,50,,,,0.497,1.123,,50,hardness_adaptive,2299.0,1023.0
361,,1,360,50,,,,0.498,1.093,,50,hardness_adaptive,2628.0,1030.5
362,,1,361,50,,,,0.585,1.181,,50,hardness_adaptive,2834.0,1038.5
363,,1,362,50,,,,0.65,1.174,,50,hardness_adaptive,2242.0,1066.5
364,,1,363,50,,,,0.633,0.33,,50,hardness_adaptive,2349.0,1089.25
365,,2,365,50,,,,0.414,0.967,,50,hardness_adaptive,2410.0,2129.0
366,,1,366,50,,,,0.572,1.176,,50,hardness_adaptive,2622.0,2328.0
367,,0,366,50,,,,0.736,0.334,,50,hardness_adaptive,2782.0,2459.5
368,,2,368,50,,,,0.506,1.157,,50,hardness_adaptive,2675.0,2530.5
369,,0,368,50,,,,0.712,0.864,,50,hardness_adaptive,2716.0,2559.5
370,,1,369,50,,,,0.55,1.157,,50,hardness_adaptive,2624.0,2600.0
371,,1,370,50,,,,0.811,0.329,,50,hardness_adaptive,2889.0,2646.75
372,,0,370,50,,,,0.578,1.159,,50,hardness_adaptive,1010.0,1009.0
373,,1,371,50,,,,0.643,0.79,,50,hardness_adaptive,1022.0,1010.25
374,,1,372,50,,,,0.553,1.143,,50,hardness_adaptive,2590.0,1009.25
375,,1,373,50,,,,0.481,1.086,,50,hardness_adaptive,2672.0,1018.0
376,,1,374,50,,,,0.428,1.033,,50,hardness_adaptive,2307.0,1022.0
377,,0,374,50,,,,0.514,1.142,,50,hardness_adaptive,2555.0,1032.25
378,,1,375,50,,,,0.543,1.167,,50,hardness_adaptive,2659.0,1061.0
379,,2,377,50,,,,0.687,1.083,,50,hardness_adaptive,2892.0,2261.75
380,,1,378,50,,,,0.624,1.096,,50,hardness_adaptive,2848.0,2428.0
381,,1,379,50,,,,0.702,1.237,,50,hardness_adaptive,2572.0,2489.0
382,,1,380,50,,,,0.707,0.782,,50,hardness_adaptive,2681.0,2549.0
383,,1,381,50,,,,0.718,1.212,,50,hardness_adaptive,2637.0,2592.5
384,,0,381,50,,,,0.608,0.824,,50,hardness_adaptive,2757.0,2631.5
385,,1,382,50,,,,0.833,1.219,,50,hardness_adaptive,1063.0,1014.25
386,,1,383,50,,,,0.538,1.16,,50,hardness_adaptive,1046.0,1012.75
387,,2,385,50,,,,0.622,0.333,,50,hardness_adaptive,2564.0,1029.0
388,,3,388,50,,,,0.522,1.094,,50,hardness_adaptive,2735.0,1035.5
389,,0,388,50,,,,0.532,1.195,,50,hardness_adaptive,2833.0,1045.25
390,,1,389,50,,,,0.482,1.093,,50,hardness_adaptive,2628.0,1063.25
391,,3,392,50,,,,0.668,0.774,,50,hardness_adaptive,2614.0,1117.5
392,,0,392,50,,,,0.534,1.116,,50,hardness_adaptive,2888.0,2191.0
393,,1,393,50,,,,0.498,1.097,,50,hardness_adaptive,2631.0,2348.75
394,,1,394,50,,,,0.518,1.196,,50,hardness_adaptive,2545.0,2488.25
395,,1,395,50,,,,0.534,1.22,,50,hardness_adaptive,2569.0,2560.0
396,,1,396,50,,,,0.725,1.215,,50,hardness_adaptive,2728.0,2616.75
397,,2,398,50,,,,0.519,1.135,,50,hardness_adaptive,2723.0,2650.25
398,,0,398,50,,,,0.63,1.112,,50,hardness_adaptive,2706.0,2690.25
399,,1,399,50,,,,0.555,1.185,,50,hardness_adaptive,1092.0,1017.25
400,,1,400,50,,,,0.521,1.138,,50,hardness_adaptive,1031.0,1016.0
401,,1,401,50,,,,0.702,1.156,,50,hardness_adaptive,2798.0,1020.25
402,,3,404,50,,,,0.45,0.687,,50,hardness_adaptive,1893.0,1031.0
403,,0,404,50,,,,0.784,1.22,,50,hardness_adaptive,2934.0,1043.25
404,,1,405,50,,,,0.648,1.066,,50,hardness_adaptive,2404.0,1080.5
405,,0,405,50,,,,0.677,1.221,,50,hardness_adaptive,2670.0,1138.5
406,,1,406,50,,,,0.645,1.171,,50,hardness_adaptive,2392.0,2095.0
407,,3,409,50,,,,0.707,1.058,,50,hardness_adaptive,2869.0,2348.25
408,,0,409,50,,,,0.663,1.137,,50,hardness_adaptive,3248.0,2429.0
409,,0,409,50,,,,0.787,1.213,,50,hardness_adaptive,2642.0,2536.75
410,,1,410,50,,,,0.763,0.33,,50,hardness_adaptive,2750.0,2586.5
411,,2,412,50,,,,0.686,1.122,,50,hardness_adaptive,2755.0,2660.0
412,,0,412,50,,,,0.663,1.201,,50,hardness_adaptive,2805.0,2721.25
413,,1,413,50,,,,0.778,1.191,,50,hardness_adaptive,1029.0,1020.0
414,,2,415,50,,,,0.484,1.042,,50,hardness_adaptive,1041.0,1023.5
415,,0,415,50,,,,0.75,1.172,,50,hardness_adaptive,2838.0,1035.0
416,,1,416,50,,,,0.455,0.955,,50,hardness_adaptive,2737.0,1047.0
417,,1,417,50,,,,0.54,1.186,,50,hardness_adaptive,2483.0,1054.0
418,,2,419,50,,,,0.613,1.038,,50,hardness_adaptive,2673.0,1079.5
419,,1,420,50,,,,0.734,1.155,,50,hardness_adaptive,2740.0,1377.0
420,,0,420,50,,,,0.527,1.115,,50,hardness_adaptive,2384.0,2286.75
421,,2,422,50,,,,0.479,1.126,,50,hardness_adaptive,2497.0,2385.0
422,,1,423,50,,,,0.499,1.181,,50,hardness_adaptive,2480.0,2455.0
423,,1,424,50,,,,0.636,1.19,,50,hardness_adaptive,3070.0,2528.5
424,,2,426,50,,,,0.824,1.334,,50,hardness_adaptive,3204.0,2603.25
425,,1,427,50,,,,0.504,1.214,,50,hardness_adaptive,2790.0,2665.25
426,,1,428,50,,,,0.529,1.167,,50,hardness_adaptive,1095.0,1085.5
427,,2,430,50,,,,0.72,1.248,,50,hardness_adaptive,1061.0,1015.0
428,,1,431,50,,,,0.714,0.763,,50,hardness_adaptive,1046.0,1015.0
429,,0,431,50,,,,0.757,1.123,,50,hardness_adaptive,1037.0,1018.0
430,,0,431,50,,,,0.585,1.214,,50,hardness_adaptive,2784.0,1026.25
431,,1,432,50,,,,0.673,0.335,,50,hardness_adaptive,2626.0,1043.25
432,,1,433,50,,,,0.63,0.809,,50,hardness_adaptive,2471.0,1056.0
433,,0,433,50,,,,0.532,1.189,,50,hardness_adaptive,2260.0,1096.0
434,,1,434,50,,,,0.525,1.157,,50,hardness_adaptive,2825.0,1411.75
435,,2,436,50,,,,0.462,1.06,,50,hardness_adaptive,2416.0,2262.75
436,,1,437,50,,,,0.524,1.146,,50,hardness_adaptive,2774.0,2404.75
437,,1,438,50,,,,0.752,0.329,,50,hardness_adaptive,2525.0,2473.0
438,,1,439,50,,,,0.771,0.329,,50,hardness_adaptive,2874.0,2533.75
439,,1,440,50,,,,0.71,1.237,,50,hardness_adaptive,2748.0,2626.25
440,,0,440,50,,,,0.747,1.149,,50,hardness_adaptive,2716.0,2688.25
441,,1,441,50,,,,0.567,1.189,,50,hardness_adaptive,2885.0,2726.0
442,,0,441,50,,,,0.777,1.214,,50,hardness_adaptive,2851.0,2755.75
443,,1,442,50,,,,0.734,1.129,,50,hardness_adaptive,1158.0,1149.0
444,,1,443,50,,,,0.604,1.223,,50,hardness_adaptive,3002.0,1142.25
445,,0,443,50,,,,0.576,1.159,,50,hardness_adaptive,3100.0,1155.5
446,,0,443,50,,,,0.634,1.158,,50,hardness_adaptive,3240.0,1188.25
447,,0,443,50,,,,0.673,1.181,,50,hardness_adaptive,2956.0,1213.5
448,,2,445,50,,,,0.735,1.23,,50,hardness_adaptive,3089.0,1255.75
449,,1,446,50,,,,0.625,1.186,,50,hardness_adaptive,3292.0,2558.25
450,,1,447,50,,,,0.571,1.235,,50,hardness_adaptive,3018.0,2898.75
451,,0,447,50,,,,0.628,1.185,,50,hardness_adaptive,3376.0,2981.25
452,,1,448,50,,,,0.649,1.29,,50,hardness_adaptive,3230.0,3019.0
453,,1,449,50,,,,0.772,1.215,,50,hardness_adaptive,3301.0,3104.5
454,,0,449,50,,,,0.581,1.233,,50,hardness_adaptive,3244.0,3148.25
455,,1,450,50,,,,0.767,1.188,,50,hardness_adaptive,1264.0,1236.0
456,,1,451,50,,,,0.565,1.243,,50,hardness_adaptive,1228.0,1208.0
457,,1,452,50,,,,0.66,1.305,,50,hardness_adaptive,1315.0,1213.5
458,,1,453,50,,,,0.634,1.213,,50,hardness_adaptive,1275.0,1212.0
459,,1,454,50,,,,0.636,1.18,,50,hardness_adaptive,1295.0,1211.25
460,,1,455,50,,,,0.565,1.172,,50,hardness_adaptive,3232.0,1210.5
461,,1,456,50,,,,0.428,1.024,,50,hardness_adaptive,2352.0,1221.75
462,,0,456,50,,,,0.761,1.298,,50,hardness_adaptive,3012.0,1257.0
463,,2,458,50,,,,0.735,0.938,,50,hardness_adaptive,2988.0,1283.75
464,,0,458,50,,,,0.565,1.205,,50,hardness_adaptive,2829.0,1328.25
465,,2,460,50,,,,0.564,1.171,,50,hardness_adaptive,3284.0,2583.75
466,,0,460,50,,,,0.508,1.161,,50,hardness_adaptive,2874.0,2837.5
467,,0,460,50,,,,0.743,1.216,,50,hardness_adaptive,3099.0,2920.0
468,,0,460,50,,,,0.632,1.204,,50,hardness_adaptive,3262.0,2989.5
469,,2,462,50,,,,0.609,1.203,,50,hardness_adaptive,3129.0,3061.0
470,,1,463,50,,,,0.606,1.253,,50,hardness_adaptive,3283.0,3118.0
471,,2,465,50,,,,0.573,1.094,,50,hardness_adaptive,1270.0,1231.25
472,,0,465,50,,,,0.558,1.195,,50,hardness_adaptive,2979.0,1240.5
473,,2,467,50,,,,0.54,1.098,,50,hardness_adaptive,2989.0,1250.0
474,,1,468,50,,,,0.583,1.199,,50,hardness_adaptive,3075.0,1271.0
475,,0,468,50,,,,0.666,1.202,,50,hardness_adaptive,3541.0,1286.25
476,,1,469,50,,,,0.547,1.158,,50,hardness_adaptive,3002.0,1306.0
477,,1,470,50,,,,0.72,1.219,,50,hardness_adaptive,3262.0,2691.25
478,,0,470,50,,,,0.608,1.215,,50,hardness_adaptive,3202.0,2875.75
479,,0,470,50,,,,0.649,1.104,,50,hardness_adaptive,3089.0,2976.25
480,,0,470,50,,,,0.586,1.172,,50,hardness_adaptive,3206.0,3015.75
481,,0,470,50,,,,0.774,1.173,,50,hardness_adaptive,3463.0,3067.0
482,,0,470,50,,,,0.822,1.245,,50,hardness_adaptive,1236.0,1227.25
483,,0,470,50,,,,0.781,1.16,,50,hardness_adaptive,1232.0,1212.25
484,,1,471,50,,,,0.623,1.162,,50,hardness_adaptive,3066.0,1207.5
485,,1,472,50,,,,0.593,1.202,,50,hardness_adaptive,2747.0,1220.25
486,,1,473,50,,,,0.734,0.852,,50,hardness_adaptive,3111.0,1232.0
487,,1,474,50,,,,0.605,1.179,,50,hardness_adaptive,2868.0,1249.25
488,,2,476,50,,,,0.59,1.165,,50,hardness_adaptive,3128.0,1274.0
489,,0,476,50,,,,0.593,1.153,,50,hardness_adaptive,3131.0,2079.5
490,,2,478,50,,,,0.631,0.828,,50,hardness_adaptive,3020.0,2783.25
491,,0,478,50,,,,0.574,1.199,,50,hardness_adaptive,3316.0,2918.25
492,,1,479,50,,,,0.594,1.211,,50,hardness_adaptive,3336.0,2981.75
493,,0,479,50,,,,0.659,1.268,,50,hardness_adaptive,3454.0,3037.25
494,,2,481,50,,,,0.619,1.232,,50,hardness_adaptive,3106.0,3096.25
495,,0,481,50,,,,0.627,1.163,,50,hardness_adaptive,3201.0,3123.0
496,,1,482,50,,,,0.553,1.101,,50,hardness_adaptive,3290.0,3141.5
497,,2,484,50,,,,0.753,1.373,,50,hardness_adaptive,1320.0,1255.25
498,,1,485,50,,,,0.618,1.15,,50,hardness_adaptive,1243.0,1218.0
499,,1,486,50,,,,0.806,1.299,,50,hardness_adaptive,2734.0,1230.0
500,,0,486,50,,,,0.616,1.223,,50,hardness_adaptive,2916.0,1241.25
501,,1,487,50,,,,0.745,1.291,,50,hardness_adaptive,3083.0,1258.0
502,,1,488,50,,,,0.705,1.12,,50,hardness_adaptive,2955.0,1273.75
503,,1,489,50,,,,0.679,1.202,,50,hardness_adaptive,2427.0,1322.0
504,,1,490,50,,,,0.609,1.369,,50,hardness_adaptive,3366.0,2767.25
505,,0,490,50,,,,0.508,1.073,,50,hardness_adaptive,3018.0,2871.75
506,,2,492,50,,,,0.623,1.184,,50,hardness_adaptive,3071.0,2961.0
507,,1,493,50,,,,0.767,1.133,,50,hardness_adaptive,3173.0,3013.75
508,,0,493,50,,,,0.619,1.205,,50,hardness_adaptive,3208.0,3050.0
509,,1,494,50,,,,0.791,1.068,,50,hardness_adaptive,3303.0,3090.5
510,,1,495,50,,,,0.589,1.205,,50,hardness_adaptive,3309.0,3155.25
511,,0,495,50,,,,0.729,1.426,,50,hardness_adaptive,1312.0,1226.75
512,,2,497,50,,,,0.632,1.238,,50,hardness_adaptive,1225.0,1214.0
513,,2,499,50,,,,0.787,1.197,,50,hardness_adaptive,3047.0,1226.25
514,,2,501,50,,,,0.697,1.242,,50,hardness_adaptive,2427.0,1249.5
515,,1,502,50,,,,0.556,1.17,,50,hardness_adaptive,3029.0,1260.0
516,,1,503,50,,,,0.524,1.172,,50,hardness_adaptive,2444.0,1292.75
517,,0,503,50,,,,0.762,1.205,,50,hardness_adaptive,2991.0,1361.5
518,,2,505,50,,,,0.561,1.151,,50,hardness_adaptive,2821.0,2640.5
519,,1,506,50,,,,0.622,1.197,,50,hardness_adaptive,3155.0,2880.75
520,,0,506,50,,,,0.792,0.831,,50,hardness_adaptive,3134.0,2958.0
521,,1,507,50,,,,0.565,1.185,,50,hardness_adaptive,3054.0,3012.0
522,,0,507,50,,,,0.776,1.238,,50,hardness_adaptive,3162.0,3060.75
523,,1,508,50,,,,0.599,1.249,,50,hardness_adaptive,3246.0,3102.0
524,,2,510,50,,,,0.562,1.165,,50,hardness_adaptive,1243.0,1210.25
525,,0,510,50,,,,0.815,1.24,,50,hardness_adaptive,1238.0,1205.25
526,,1,511,50,,,,0.594,1.113,,50,hardness_adaptive,2836.0,1209.25
527,,2,513,50,,,,0.611,1.157,,50,hardness_adaptive,3159.0,1233.25
528,,0,513,50,,,,0.602,1.194,,50,hardness_adaptive,3026.0,1248.0
529,,0,513,50,,,,0.561,1.171,,50,hardness_adaptive,3027.0,1257.75
530,,0,513,50,,,,0.694,1.927,,50,hardness_adaptive,2828.0,1279.0
531,,1,514,50,,,,0.762,1.211,,50,hardness_adaptive,3375.0,2705.75
532,,0,514,50,,,,0.545,1.124,,50,hardness_adaptive,2941.0,2868.5
533,,0,514,50,,,,0.608,1.16,,50,hardness_adaptive,3172.0,2982.0
534,,0,514,50,,,,0.574,1.216,,50,hardness_adaptive,3047.0,3022.25
535,,0,514,50,,,,0.548,1.153,,50,hardness_adaptive,3215.0,3056.75
536,,2,516,50,,,,0.601,1.228,,50,hardness_adaptive,3274.0,3101.5
537,,1,517,50,,,,0.641,1.187,,50,hardness_adaptive,1254.0,1151.25
538,,1,518,50,,,,0.741,1.213,,50,hardness_adaptive,1151.0,1149.0
539,,1,519,50,,,,0.728,1.129,,50,hardness_adaptive,3080.0,1154.5
540,,2,521,50,,,,0.674,0.356,,50,hardness_adaptive,2910.0,1165.0
541,,0,521,50,,,,0.595,1.24,,50,hardness_adaptive,2756.0,1176.0
542,,0,521,50,,,,0.596,1.138,,50,hardness_adaptive,2975.0,1201.0
543,,1,522,50,,,,0.471,1.085,,50,hardness_adaptive,2671.0,1266.0
544,,1,523,50,,,,0.614,1.225,,50,hardness_adaptive,3098.0,2490.25
545,,1,524,50,,,,0.659,1.304,,50,hardness_adaptive,2934.0,2685.5
546,,1,525,50,,,,0.633,1.173,,50,hardness_adaptive,2858.0,2794.25
547,,0,525,50,,,,0.606,1.17,,50,hardness_adaptive,3013.0,2888.75
548,,1,526,50,,,,0.574,1.248,,50,hardness_adaptive,3032.0,2955.5
549,,0,526,50,,,,0.559,1.159,,50,hardness_adaptive,1265.0,1139.0
550,,1,527,50,,,,0.613,1.174,,50,hardness_adaptive,3258.0,1140.5
551,,1,528,50,,,,0.506,1.148,,50,hardness_adaptive,2551.0,1152.25
552,,2,530,50,,,,0.562,1.146,,50,hardness_adaptive,3048.0,1166.0
553,,0,530,50,,,,0.539,1.11,,50,hardness_adaptive,2728.0,1182.0
554,,2,532,50,,,,0.758,1.204,,50,hardness_adaptive,3457.0,1199.0
555,,1,533,50,,,,0.59,1.156,,50,hardness_adaptive,3193.0,2316.0
556,,2,535,50,,,,0.579,1.147,,50,hardness_adaptive,2934.0,2606.5
557,,0,535,50,,,,0.75,1.147,,50,hardness_adaptive,3018.0,2746.25
558,,1,536,50,,,,0.78,0.839,,50,hardness_adaptive,3249.0,2841.5
559,,1,537,50,,,,0.588,1.218,,50,hardness_adaptive,3212.0,2897.25
560,,0,537,50,,,,0.8,1.256,,50,hardness_adaptive,2996.0,2954.0
561,,0,537,50,,,,0.782,1.24,,50,hardness_adaptive,1190.0,1125.0
562,,0,537,50,,,,0.636,1.179,,50,hardness_adaptive,1209.0,1124.25
563,,0,537,50,,,,0.762,1.023,,50,hardness_adaptive,3040.0,1133.5
564,,0,537,50,,,,0.647,1.025,,50,hardness_adaptive,2573.0,1145.0
565,,0,537,50,,,,0.535,1.072,,50,hardness_adaptive,2962.0,1162.0
566,,0,537,50,,,,0.694,1.206,,50,hardness_adaptive,2799.0,1190.75
567,,1,538,50,,,,0.757,1.213,,50,hardness_adaptive,2940.0,1249.5
568,,2,540,50,,,,0.58,1.066,,50,hardness_adaptive,2761.0,2572.25
569,,0,540,50,,,,0.64,1.231,,50,hardness_adaptive,2778.0,2739.25
570,,2,542,50,,,,0.646,1.177,,50,hardness_adaptive,3031.0,2783.25
571,,1,543,50,,,,0.533,1.131,,50,hardness_adaptive,3007.0,2880.25
572,,1,544,50,,,,0.565,1.152,,50,hardness_adaptive,2986.0,2927.75
573,,1,545,50,,,,0.691,0.824,,50,hardness_adaptive,2983.0,2967.5
574,,2,547,50,,,,0.81,1.262,,50,hardness_adaptive,3016.0,2984.5
575,,1,548,50,,,,0.8,1.294,,50,hardness_adaptive,1254.0,1181.75
576,,2,550,50,,,,0.617,1.184,,50,hardness_adaptive,1138.0,1122.5
577,,1,551,50,,,,0.634,1.144,,50,hardness_adaptive,1139.0,1122.5
578,,2,553,50,,,,0.758,1.11,,50,hardness_adaptive,3149.0,1128.5
579,,1,554,50,,,,0.502,1.047,,50,hardness_adaptive,2458.0,1138.25
580,,0,554,50,,,,0.555,1.121,,50,hardness_adaptive,2737.0,1159.0
581,,1,555,50,,,,0.561,1.113,,50,hardness_adaptive,3261.0,1195.75
582,,0,555,50,,,,0.552,1.164,,50,hardness_adaptive,2728.0,1274.0
583,,2,557,50,,,,0.682,1.162,,50,hardness_adaptive,2715.0,2607.5
584,,2,559,50,,,,0.736,1.292,,50,hardness_adaptive,2842.0,2725.75
585,,1,560,50,,,,0.516,1.137,,50,hardness_adaptive,2914.0,2820.5
586,,1,561,50,,,,0.596,1.254,,50,hardness_adaptive,2989.0,2856.5
587,,0,561,50,,,,0.778,0.875,,50,hardness_adaptive,3105.0,2910.25
588,,3,564,50,,,,0.603,1.132,,50,hardness_adaptive,3226.0,2953.25
589,,1,565,50,,,,0.674,1.285,,50,hardness_adaptive,3076.0,2996.5
590,,0,565,50,,,,0.751,1.087,,50,hardness_adaptive,1145.0,1142.75
591,,1,566,50,,,,0.693,1.071,,50,hardness_adaptive,2684.0,1142.75
592,,0,566,50,,,,0.533,1.184,,50,hardness_adaptive,2664.0,1148.5
593,,1,567,50,,,,0.804,1.195,,50,hardness_adaptive,2764.0,1159.0
594,,1,568,50,,,,0.519,1.191,,50,hardness_adaptive,2859.0,1188.25
595,,2,570,50,,,,0.655,1.193,,50,hardness_adaptive,2441.0,1221.5
596,,1,571,50,,,,0.76,1.198,,50,hardness_adaptive,3103.0,2367.25
597,,1,572,50,,,,0.558,1.187,,50,hardness_adaptive,2627.0,2609.0
598,,1,573,50,,,,0.612,1.156,,50,hardness_adaptive,2976.0,2708.0
599,,0,573,50,,,,0.57,1.133,,50,hardness_adaptive,3232.0,2797.75
600,,2,575,50,,,,0.58,1.137,,50,hardness_adaptive,3222.0,2867.0
601,,1,576,50,,,,0.629,1.194,,50,hardness_adaptive,3294.0,2920.25
602,,2,578,50,,,,0.836,1.209,,50,hardness_adaptive,1182.0,1157.0
603,,1,579,50,,,,0.722,1.2,,50,hardness_adaptive,1189.0,1147.5
604,,1,580,50,,,,0.608,1.196,,50,hardness_adaptive,2996.0,1150.25
605,,3,583,50,,,,0.523,1.162,,50,hardness_adaptive,3137.0,1158.0
606,,1,584,50,,,,0.476,1.07,,50,hardness_adaptive,2503.0,1165.25
607,,2,586,50,,,,0.622,1.163,,50,hardness_adaptive,2655.0,1176.25
608,,1,587,50,,,,0.518,1.062,,50,hardness_adaptive,2434.0,1204.0
609,,1,588,50,,,,0.538,1.179,,50,hardness_adaptive,2916.0,2371.75
610,,1,589,50,,,,0.661,1.152,,50,hardness_adaptive,2929.0,2555.75
611,,1,590,50,,,,0.568,1.092,,50,hardness_adaptive,3215.0,2725.5
612,,1,591,50,,,,0.639,1.166,,50,hardness_adaptive,3332.0,2818.0
613,,0,591,50,,,,0.878,0.909,,50,hardness_adaptive,2936.0,2888.5
614,,1,592,50,,,,0.594,1.201,,50,hardness_adaptive,3122.0,2945.5
615,,2,594,50,,,,0.787,1.289,,50,hardness_adaptive,3235.0,2978.5
616,,1,595,50,,,,0.611,1.263,,50,hardness_adaptive,1147.0,1129.25
617,,1,596,50,,,,0.595,1.233,,50,hardness_adaptive,1203.0,1118.0
618,,2,598,50,,,,0.759,0.533,,50,hardness_adaptive,1190.0,1122.25
619,,1,599,50,,,,0.586,1.235,,50,hardness_adaptive,1127.0,1120.5
620,,1,600,50,,,,0.606,1.21,,50,hardness_adaptive,1364.0,1124.0
621,,2,602,50,,,,0.714,1.021,,50,hardness_adaptive,2747.0,1128.25
622,,1,603,50,,,,0.706,1.193,,50,hardness_adaptive,3032.0,1141.5
623,,1,604,50,,,,0.707,1.031,,50,hardness_adaptive,3250.0,1153.75
624,,0,604,50,,,,0.744,1.159,,50,hardness_adaptive,2979.0,1190.0
625,,0,604,50,,,,0.656,0.799,,50,hardness_adaptive,3148.0,1278.5
626,,1,605,50,,,,0.649,1.148,,50,hardness_adaptive,2695.0,2577.0
627,,1,606,50,,,,0.598,1.206,,50,hardness_adaptive,2952.0,2738.25
628,,3,609,50,,,,0.553,1.134,,50,hardness_adaptive,2950.0,2828.75
629,,0,609,50,,,,0.71,1.235,,50,hardness_adaptive,3066.0,2886.0
630,,0,609,50,,,,0.624,1.223,,50,hardness_adaptive,1150.0,1080.25
631,,0,609,50,,,,0.494,1.067,,50,hardness_adaptive,1114.0,1087.0
632,,1,610,50,,,,0.485,1.086,,50,hardness_adaptive,2582.0,1096.5
633,,2,612,50,,,,0.69,1.152,,50,hardness_adaptive,2822.0,1115.0
634,,0,612,50,,,,0.705,1.17,,50,hardness_adaptive,2946.0,1134.0
635,,0,612,50,,,,0.608,1.131,,50,hardness_adaptive,2861.0,1155.25
636,,0,612,50,,,,0.525,1.08,,50,hardness_adaptive,2473.0,1219.0
637,,0,612,50,,,,0.775,1.168,,50,hardness_adaptive,3118.0,2347.0
638,,1,613,50,,,,0.672,1.153,,50,hardness_adaptive,2673.0,2556.0
639,,1,614,50,,,,0.603,1.156,,50,hardness_adaptive,2890.0,2665.75
640,,1,615,50,,,,0.577,1.212,,50,hardness_adaptive,3266.0,2719.25
641,,0,615,50,,,,0.602,1.124,,50,hardness_adaptive,3048.0,2767.75
642,,0,615,50,,,,0.552,1.228,,50,hardness_adaptive,2991.0,2832.25
643,,1,616,50,,,,0.782,1.245,,50,hardness_adaptive,3143.0,2876.5
644,,0,616,50,,,,0.638,1.21,,50,hardness_adaptive,2963.0,2915.25
645,,2,618,50,,,,0.627,1.225,,50,hardness_adaptive,1189.0,1081.25
646,,1,619,50,,,,0.582,1.19,,50,hardness_adaptive,1080.0,1075.25
647,,2,621,50,,,,0.515,1.126,,50,hardness_adaptive,2708.0,1080.25
648,,2,623,50,,,,0.525,1.132,,50,hardness_adaptive,2657.0,1091.25
649,,2,625,50,,,,0.61,1.178,,50,hardness_adaptive,2504.0,1098.75
650,,0,625,50,,,,0.585,1.213,,50,hardness_adaptive,3006.0,1116.0
651,,0,625,50,,,,0.563,1.137,,50,hardness_adaptive,2696.0,1165.0
652,,2,627,50,,,,0.691,1.147,,50,hardness_adaptive,2795.0,2092.75
653,,2,629,50,,,,0.591,1.162,,50,hardness_adaptive,2880.0,2551.5
654,,1,630,50,,,,0.744,1.336,,50,hardness_adaptive,2829.0,2636.25
655,,1,631,50,,,,0.605,1.211,,50,hardness_adaptive,2867.0,2722.75
656,,1,632,50,,,,0.524,1.13,,50,hardness_adaptive,2873.0,2797.25
657,,2,634,50,,,,0.656,1.25,,50,hardness_adaptive,3287.0,2829.0
658,,1,635,50,,,,0.591,1.178,,50,hardness_adaptive,3049.0,2868.5
659,,2,637,50,,,,0.624,1.307,,50,hardness_adaptive,1157.0,1125.75
660,,0,637,50,,,,0.576,1.123,,50,hardness_adaptive,1141.0,1086.0
661,,2,639,50,,,,0.56,1.15,,50,hardness_adaptive,1218.0,1076.5
662,,1,640,50,,,,0.659,1.266,,50,hardness_adaptive,1121.0,1078.0
663,,0,640,50,,,,0.576,1.2,,50,hardness_adaptive,1086.0,1076.5
664,,1,641,50,,,,0.555,1.062,,50,hardness_adaptive,2343.0,1084.25
665,,1,642,50,,,,0.505,1.15,,50,hardness_adaptive,2632.0,1090.25
666,,1,643,50,,,,0.59,1.117,,50,hardness_adaptive,3168.0,1110.75
667,,1,644,50,,,,0.549,1.179,,50,hardness_adaptive,2710.0,1131.0
668,,0,644,50,,,,0.592,0.813,,50,hardness_adaptive,2743.0,1179.5
669,,2,646,50,,,,0.481,1.114,,50,hardness_adaptive,2663.0,2378.25
670,,2,648,50,,,,0.598,1.124,,50,hardness_adaptive,3159.0,2559.75
671,,0,648,50,,,,0.556,1.145,,50,hardness_adaptive,2730.0,2639.75
672,,1,649,50,,,,0.554,1.208,,50,hardness_adaptive,3088.0,2745.75
673,,2,651,50,,,,0.721,1.183,,50,hardness_adaptive,3289.0,2813.25
674,,1,652,50,,,,0.678,1.319,,50,hardness_adaptive,1172.0,1153.25
675,,1,653,50,,,,0.767,0.758,,50,hardness_adaptive,1131.0,1090.5
676,,3,656,50,,,,0.646,0.853,,50,hardness_adaptive,1151.0,1076.0
677,,1,657,50,,,,0.565,1.153,,50,hardness_adaptive,1108.0,1079.0
678,,3,660,50,,,,0.521,1.1,,50,hardness_adaptive,2706.0,1092.25
679,,2,662,50,,,,0.479,1.17,,50,hardness_adaptive,2432.0,1098.25
680,,1,663,50,,,,0.742,0.783,,50,hardness_adaptive,2738.0,1112.75
681,,1,664,50,,,,0.534,1.044,,50,hardness_adaptive,2684.0,1146.25
682,,2,666,50,,,,0.595,1.178,,50,hardness_adaptive,3047.0,1287.0
683,,0,666,50,,,,0.699,1.02,,50,hardness_adaptive,2830.0,2522.25
684,,0,666,50,,,,0.644,1.223,,50,hardness_adaptive,3245.0,2596.0
685,,0,666,50,,,,1.043,1.267,,50,hardness_adaptive,2714.0,2691.25
686,,0,666,50,,,,0.805,1.257,,50,hardness_adaptive,2969.0,2735.0
687,,2,668,50,,,,0.633,1.279,,50,hardness_adaptive,2830.0,2796.25
688,,1,669,50,,,,0.794,1.278,,50,hardness_adaptive,2931.0,2861.25
689,,0,669,50,,,,0.858,1.249,,50,hardness_adaptive,2963.0,2910.25
690,,0,669,50,,,,0.615,1.286,,50,hardness_adaptive,3106.0,2911.25
691,,1,670,50,,,,0.803,1.274,,50,hardness_adaptive,1091.0,1083.25
692,,1,671,50,,,,0.709,1.286,,50,hardness_adaptive,1134.0,1082.0
693,,2,673,50,,,,0.463,1.091,,50,hardness_adaptive,2161.0,1092.0
694,,1,674,50,,,,0.699,0.786,,50,hardness_adaptive,3074.0,1108.5
695,,2,676,50,,,,0.604,1.201,,50,hardness_adaptive,3333.0,1116.25
696,,1,677,50,,,,0.645,1.162,,50,hardness_adaptive,2063.0,1140.0
697,,0,677,50,,,,0.543,1.112,,50,hardness_adaptive,2888.0,1228.5
698,,1,678,50,,,,0.596,1.091,,50,hardness_adaptive,2842.0,2403.25
699,,0,678,50,,,,0.591,1.103,,50,hardness_adaptive,3009.0,2620.0
700,,0,678,50,,,,0.546,1.141,,50,hardness_adaptive,3038.0,2729.5
701,,1,679,50,,,,0.818,1.441,,50,hardness_adaptive,2955.0,2795.75
702,,3,682,50,,,,0.637,1.234,,50,hardness_adaptive,2878.0,2840.5
703,,2,684,50,,,,0.56,1.069,,50,hardness_adaptive,3102.0,2861.25
704,,1,685,50,,,,0.583,1.198,,50,hardness_adaptive,3108.0,2903.25
705,,2,687,50,,,,0.741,1.242,,50,hardness_adaptive,1198.0,1085.0
706,,0,687,50,,,,0.531,1.121,,50,hardness_adaptive,2792.0,1094.25
707,,1,688,50,,,,0.638,1.103,,50,hardness_adaptive,2694.0,1104.25
708,,2,690,50,,,,0.516,1.152,,50,hardness_adaptive,2304.0,1115.75
709,,1,691,50,,,,0.717,1.175,,50,hardness_adaptive,2994.0,1133.25
710,,1,692,50,,,,0.433,0.992,,50,hardness_adaptive,2449.0,1177.25
711,,1,693,50,,,,0.597,1.198,,50,hardness_adaptive,2735.0,2241.0
712,,1,694,50,,,,0.753,1.065,,50,hardness_adaptive,2985.0,2537.5
713,,1,695,50,,,,0.72,0.839,,50,hardness_adaptive,2997.0,2651.5
714,,0,695,50,,,,0.605,1.24,,50,hardness_adaptive,3003.0,2763.75
715,,1,696,50,,,,0.848,1.373,,50,hardness_adaptive,1194.0,1160.25
716,,0,696,50,,,,0.597,1.327,,50,hardness_adaptive,1092.0,1084.5
717,,1,697,50,,,,0.393,1.075,,50,hardness_adaptive,2066.0,1090.5
718,,2,699,50,,,,0.595,1.186,,50,hardness_adaptive,2900.0,1098.0
719,,0,699,50,,,,0.496,1.104,,50,hardness_adaptive,2316.0,1112.75
720,,1,700,50,,,,0.724,0.333,,50,hardness_adaptive,2650.0,1130.0
721,,1,701,50,,,,0.898,1.138,,50,hardness_adaptive,3023.0,1168.25
722,,0,701,50,,,,0.682,1.12,,50,hardness_adaptive,2714.0,2108.75
723,,1,702,50,,,,0.738,1.191,,50,hardness_adaptive,2913.0,2426.5
724,,2,704,50,,,,0.716,1.116,,50,hardness_adaptive,2800.0,2623.25
725,,2,706,50,,,,0.586,1.177,,50,hardness_adaptive,3010.0,2692.0
726,,1,707,50,,,,0.628,1.422,,50,hardness_adaptive,3305.0,2746.0
727,,1,708,50,,,,0.59,1.165,,50,hardness_adaptive,2960.0,2789.0
728,,1,709,50,,,,0.685,0.871,,50,hardness_adaptive,2944.0,2843.25
729,,1,710,50,,,,0.87,1.282,,50,hardness_adaptive,2910.0,2858.75
730,,1,711,50,,,,0.802,0.322,,50,hardness_adaptive,3033.0,2908.25
731,,2,713,50,,,,0.615,1.288,,50,hardness_adaptive,1138.0,1087.25
732,,1,714,50,,,,0.566,1.058,,50,hardness_adaptive,1109.0,1093.0
733,,2,716,50,,,,0.56,1.131,,50,hardness_adaptive,2885.0,1095.25
734,,1,717,50,,,,0.628,0.798,,50,hardness_adaptive,3032.0,1105.5
735,,0,717,50,,,,0.57,1.177,,50,hardness_adaptive,3073.0,1117.0
736,,0,717,50,,,,0.573,1.084,,50,hardness_adaptive,2812.0,1132.75
737,,0,717,50,,,,0.467,1.108,,50,hardness_adaptive,2430.0,1199.0
738,,0,717,50,,,,0.501,1.109,,50,hardness_adaptive,2992.0,2416.5
739,,0,717,50,,,,0.447,1.117,,50,hardness_adaptive,2657.0,2644.25
740,,0,717,50,,,,0.605,1.189,,50,hardness_adaptive,2963.0,2733.75
741,,1,718,50,,,,0.721,1.198,,50,hardness_adaptive,2886.0,2825.0
742,,0,718,50,,,,0.601,1.224,,50,hardness_adaptive,1195.0,1084.75
743,,0,718,50,,,,0.625,1.28,,50,hardness_adaptive,1202.0,1087.0
744,,1,719,50,,,,0.619,1.204,,50,hardness_adaptive,1139.0,1089.0
745,,0,719,50,,,,0.554,1.141,,50,hardness_adaptive,1090.0,1088.25
746,,0,719,50,,,,0.5,0.736,,50,hardness_adaptive,2118.0,1089.25
747,,0,719,50,,,,0.555,1.203,,50,hardness_adaptive,2620.0,1098.25
748,,0,719,50,,,,0.607,1.156,,50,hardness_adaptive,2982.0,1110.75
749,,1,720,50,,,,0.506,1.211,,50,hardness_adaptive,2659.0,1155.25
750,,2,722,50,,,,0.569,1.118,,50,hardness_adaptive,2880.0,1204.0
751,,0,722,50,,,,0.524,1.069,,50,hardness_adaptive,2858.0,2301.0
752,,0,722,50,,,,0.724,0.338,,50,hardness_adaptive,2696.0,2589.25
753,,2,724,50,,,,0.652,1.242,,50,hardness_adaptive,2703.0,2691.0
754,,1,725,50,,,,0.609,1.172,,50,hardness_adaptive,3027.0,2743.5
755,,1,726,50,,,,0.784,1.358,,50,hardness_adaptive,2922.0,2813.0
756,,1,727,50,,,,0.593,1.198,,50,hardness_adaptive,3112.0,2854.5
757,,0,727,50,,,,0.847,0.347,,50,hardness_adaptive,1158.0,1146.0
758,,0,727,50,,,,0.791,0.332,,50,hardness_adaptive,1096.0,1080.25
759,,2,729,50,,,,0.594,1.211,,50,hardness_adaptive,1120.0,1081.25
760,,1,730,50,,,,0.5,1.151,,50,hardness_adaptive,2462.0,1090.5
761,,0,730,50,,,,0.58,0.804,,50,hardness_adaptive,2432.0,1099.25
762,,1,731,50,,,,0.48,1.12,,50,hardness_adaptive,2446.0,1114.5
763,,1,732,50,,,,0.74,1.233,,50,hardness_adaptive,2485.0,1129.25
764,,2,734,50,,,,0.702,0.347,,50,hardness_adaptive,2915.0,1160.5
765,,1,735,50,,,,0.691,0.335,,50,hardness_adaptive,2626.0,2356.0
766,,1,736,50,,,,0.522,1.134,,50,hardness_adaptive,2789.0,2472.25
767,,1,737,50,,,,0.647,1.224,,50,hardness_adaptive,3079.0,2619.0
768,,0,737,50,,,,0.684,1.216,,50,hardness_adaptive,3057.0,2694.5
769,,0,737,50,,,,0.619,1.114,,50,hardness_adaptive,2796.0,2751.0
770,,2,739,50,,,,0.582,1.166,,50,hardness_adaptive,2902.0,2787.5
771,,0,739,50,,,,0.761,0.321,,50,hardness_adaptive,3120.0,2865.75
772,,1,740,50,,,,0.743,1.221,,50,hardness_adaptive,2986.0,2916.5
773,,0,740,50,,,,0.772,0.329,,50,hardness_adaptive,1085.0,1084.25
774,,0,740,50,,,,0.767,0.328,,50,hardness_adaptive,1127.0,1080.0
775,,2,742,50,,,,0.759,1.253,,50,hardness_adaptive,1166.0,1076.5
776,,1,743,50,,,,0.596,1.172,,50,hardness_adaptive,2557.0,1078.5
777,,1,744,50,,,,0.695,0.347,,50,hardness_adaptive,2901.0,1085.5
778,,0,744,50,,,,0.758,1.138,,50,hardness_adaptive,2598.0,1101.25
779,,1,745,50,,,,0.69,1.124,,50,hardness_adaptive,2562.0,1109.75
780,,1,746,50,,,,0.666,1.164,,50,hardness_adaptive,2772.0,1137.25
781,,1,747,50,,,,0.517,1.163,,50,hardness_adaptive,2488.0,2158.25
782,,2,749,50,,,,0.731,1.199,,50,hardness_adaptive,2619.0,2489.5
783,,3,752,50,,,,0.592,1.24,,50,hardness_adaptive,2791.0,2621.25
784,,0,752,50,,,,0.547,1.152,,50,hardness_adaptive,2859.0,2715.25
785,,1,753,50,,,,0.75,1.18,,50,hardness_adaptive,3093.0,2762.5
786,,1,754,50,,,,0.651,1.251,,50,hardness_adaptive,3079.0,2814.5
787,,0,754,50,,,,0.614,1.223,,50,hardness_adaptive,2978.0,2871.5
788,,1,755,50,,,,0.638,1.237,,50,hardness_adaptive,2937.0,2910.75
789,,1,756,50,,,,0.792,1.305,,50,hardness_adaptive,1103.0,1084.0
790,,2,758,50,,,,0.582,1.182,,50,hardness_adaptive,1089.0,1078.0
791,,0,758,50,,,,0.791,0.329,,50,hardness_adaptive,1162.0,1080.25
792,,1,759,50,,,,0.544,1.152,,50,hardness_adaptive,2835.0,1086.25
793,,1,760,50,,,,0.609,1.16,,50,hardness_adaptive,3072.0,1096.0
794,,0,760,50,,,,0.574,1.216,,50,hardness_adaptive,2720.0,1106.25
795,,2,762,50,,,,0.679,1.25,,50,hardness_adaptive,2698.0,1133.25
796,,2,764,50,,,,0.63,1.168,,50,hardness_adaptive,2833.0,1173.75
797,,0,764,50,,,,0.787,0.338,,50,hardness_adaptive,3216.0,2423.0
798,,1,765,50,,,,0.597,1.135,,50,hardness_adaptive,2784.0,2614.75
799,,0,765,50,,,,0.555,1.192,,50,hardness_adaptive,2725.0,2706.75
800,,0,765,50,,,,0.754,1.193,,50,hardness_adaptive,2833.0,2758.0
801,,0,765,50,,,,0.563,1.149,,50,hardness_adaptive,2913.0,2825.75
802,,1,766,50,,,,0.792,0.336,,50,hardness_adaptive,3216.0,2843.75
803,,1,767,50,,,,0.776,0.882,,50,hardness_adaptive,2984.0,2881.75
804,,0,767,50,,,,0.605,1.299,,50,hardness_adaptive,3035.0,2919.75
805,,2,769,50,,,,0.739,1.249,,50,hardness_adaptive,1127.0,1079.25
806,,0,769,50,,,,0.641,0.862,,50,hardness_adaptive,1119.0,1083.25
807,,2,771,50,,,,0.606,1.432,,50,hardness_adaptive,1089.0,1086.25
808,,1,772,50,,,,0.682,0.879,,50,hardness_adaptive,3017.0,1092.5
809,,1,773,50,,,,0.507,1.022,,50,hardness_adaptive,2331.0,1101.5
810,,1,774,50,,,,0.592,1.198,,50,hardness_adaptive,3005.0,1117.5
811,,1,775,50,,,,0.733,1.115,,50,hardness_adaptive,2690.0,1132.75
812,,1,776,50,,,,0.804,1.164,,50,hardness_adaptive,2659.0,1169.25
813,,1,777,50,,,,0.534,1.134,,50,hardness_adaptive,2709.0,2303.25
814,,1,778,50,,,,0.764,1.18,,50,hardness_adaptive,2974.0,2602.75
815,,2,780,50,,,,0.733,1.196,,50,hardness_adaptive,2754.0,2686.5
816,,1,781,50,,,,0.546,1.162,,50,hardness_adaptive,2811.0,2731.75
817,,3,784,50,,,,0.675,0.84,,50,hardness_adaptive,3039.0,2801.25
818,,0,784,50,,,,0.725,1.244,,50,hardness_adaptive,3022.0,2866.0
819,,1,785,50,,,,0.602,1.405,,50,hardness_adaptive,1120.0,1094.25
820,,1,786,50,,,,0.794,0.344,,50,hardness_adaptive,1208.0,1083.25
821,,0,786,50,,,,0.715,1.186,,50,hardness_adaptive,1122.0,1083.0
822,,1,787,50,,,,0.554,1.234,,50,hardness_adaptive,1083.0,1078.25
823,,1,788,50,,,,0.591,1.168,,50,hardness_adaptive,1169.0,1076.0
824,,0,788,50,,,,0.551,1.072,,50,hardness_adaptive,2995.0,1082.0
825,,2,790,50,,,,0.488,1.129,,50,hardness_adaptive,2735.0,1094.5
826,,1,791,50,,,,0.639,1.165,,50,hardness_adaptive,2818.0,1111.0
827,,0,791,50,,,,0.575,1.169,,50,hardness_adaptive,3222.0,1122.75
828,,2,793,50,,,,0.74,0.352,,50,hardness_adaptive,2882.0,1213.5
829,,0,793,50,,,,0.716,1.219,,50,hardness_adaptive,2832.0,2407.25
830,,1,794,50,,,,0.773,1.209,,50,hardness_adaptive,2782.0,2505.5
831,,0,794,50,,,,0.793,1.243,,50,hardness_adaptive,3183.0,2615.75
832,,1,795,50,,,,0.578,1.081,,50,hardness_adaptive,2944.0,2702.25
833,,0,795,50,,,,0.586,1.117,,50,hardness_adaptive,2854.0,2776.75
834,,0,795,50,,,,0.538,1.158,,50,hardness_adaptive,2899.0,2818.25
835,,2,797,50,,,,0.536,1.146,,50,hardness_adaptive,2890.0,2866.0
836,,0,797,50,,,,0.633,1.233,,50,hardness_adaptive,2912.0,2885.5
837,,0,797,50,,,,0.575,1.192,,50,hardness_adaptive,1153.0,1099.25
838,,2,799,50,,,,0.906,1.252,,50,hardness_adaptive,1131.0,1087.5
839,,1,800,50,,,,0.563,1.176,,50,hardness_adaptive,1102.0,1084.25
840,,1,801,50,,,,0.614,1.236,,50,hardness_adaptive,2997.0,1081.5
841,,1,802,50,,,,0.594,1.111,,50,hardness_adaptive,2878.0,1093.25
842,,1,803,50,,,,0.641,0.998,,50,hardness_adaptive,3178.0,1105.75
843,,1,804,50,,,,0.57,0.805,,50,hardness_adaptive,2917.0,1140.75
844,,1,805,50,,,,0.516,1.116,,50,hardness_adaptive,2598.0,1176.25
845,,2,807,50,,,,0.576,1.136,,50,hardness_adaptive,2849.0,2401.0
846,,1,808,50,,,,0.746,1.125,,50,hardness_adaptive,2843.0,2575.5
847,,0,808,50,,,,0.644,1.256,,50,hardness_adaptive,2830.0,2704.25
848,,2,810,50,,,,0.693,1.118,,50,hardness_adaptive,3139.0,2781.5
849,,1,811,50,,,,0.75,1.144,,50,hardness_adaptive,3021.0,2819.0
850,,0,811,50,,,,0.826,1.215,,50,hardness_adaptive,2915.0,2849.25
851,,1,812,50,,,,0.57,1.172,,50,hardness_adaptive,2912.0,2905.0
852,,2,814,50,,,,0.791,0.328,,50,hardness_adaptive,1121.0,1105.0
853,,2,816,50,,,,0.756,1.243,,50,hardness_adaptive,1098.0,1085.25
854,,1,817,50,,,,0.695,1.257,,50,hardness_adaptive,1143.0,1075.5
855,,1,818,50,,,,0.523,1.117,,50,hardness_adaptive,2682.0,1072.25
856,,2,820,50,,,,0.521,1.005,,50,hardness_adaptive,2563.0,1086.25
857,,1,821,50,,,,0.453,1.05,,50,hardness_adaptive,2193.0,1099.0
858,,0,821,50,,,,0.719,0.34,,50,hardness_adaptive,2707.0,1114.75
859,,1,822,50,,,,0.678,1.222,,50,hardness_adaptive,3205.0,1143.25
860,,0,822,50,,,,0.813,0.343,,50,hardness_adaptive,2931.0,2157.0
861,,2,824,50,,,,0.743,0.333,,50,hardness_adaptive,2850.0,2488.5
862,,1,825,50,,,,0.577,1.118,,50,hardness_adaptive,2741.0,2626.75
863,,0,825,50,,,,0.681,1.252,,50,hardness_adaptive,2835.0,2735.0
864,,1,826,50,,,,1.079,1.178,,50,hardness_adaptive,3148.0,2839.5
865,,0,826,50,,,,0.792,1.174,,50,hardness_adaptive,3058.0,2871.5
866,,0,826,50,,,,0.825,1.115,,50,hardness_adaptive,1351.0,1275.5
867,,1,827,50,,,,0.667,1.158,,50,hardness_adaptive,3602.0,1241.5
868,,0,827,50,,,,0.709,1.13,,50,hardness_adaptive,2914.0,1241.5
869,,0,827,50,,,,0.732,1.176,,50,hardness_adaptive,3150.0,1275.5
870,,0,827,50,,,,0.684,1.215,,50,hardness_adaptive,2825.0,1351.0
871,,1,828,50,,,,0.648,1.229,,50,hardness_adaptive,3177.0,1421.75
872,,1,829,50,,,,0.723,1.204,,50,hardness_adaptive,3289.0,2831.75
873,,0,829,50,,,,0.638,1.287,,50,hardness_adaptive,3428.0,3107.0
874,,0,829,50,,,,0.584,1.215,,50,hardness_adaptive,3210.0,3165.0
875,,0,829,50,,,,0.621,1.181,,50,hardness_adaptive,3426.0,3260.75
876,,0,829,50,,,,0.766,1.178,,50,hardness_adaptive,3507.0,3294.25
877,,2,831,50,,,,0.738,1.342,,50,hardness_adaptive,3395.0,3317.25
878,,1,832,50,,,,0.825,1.227,,50,hardness_adaptive,3557.0,3356.25
879,,0,832,50,,,,0.628,1.212,,50,hardness_adaptive,1529.0,1345.75
880,,2,834,50,,,,0.837,1.289,,50,hardness_adaptive,1418.0,1341.0
881,,1,835,50,,,,0.765,1.268,,50,hardness_adaptive,1460.0,1320.75
882,,1,836,50,,,,0.62,1.222,,50,hardness_adaptive,3341.0,1323.0
883,,2,838,50,,,,0.618,1.199,,50,hardness_adaptive,3159.0,1341.0
884,,0,838,50,,,,0.618,1.197,,50,hardness_adaptive,3244.0,1356.0
885,,1,839,50,,,,0.662,1.396,,50,hardness_adaptive,3292.0,1401.25
886,,0,839,50,,,,0.754,1.198,,50,hardness_adaptive,3385.0,1450.25
887,,0,839,50,,,,0.594,1.232,,50,hardness_adaptive,3296.0,2723.25
888,,0,839,50,,,,0.762,1.224,,50,hardness_adaptive,3123.0,3056.75
889,,0,839,50,,,,0.627,1.183,,50,hardness_adaptive,3222.0,3159.0
890,,2,841,50,,,,0.61,1.151,,50,hardness_adaptive,3402.0,3209.5
891,,0,841,50,,,,0.839,1.207,,50,hardness_adaptive,3329.0,3256.75
892,,2,843,50,,,,0.641,0.82,,50,hardness_adaptive,3486.0,3287.0
893,,0,843,50,,,,0.836,1.254,,50,hardness_adaptive,3352.0,3332.25
894,,2,845,50,,,,0.618,1.112,,50,hardness_adaptive,1775.0,1336.0
895,,0,845,50,,,,0.648,1.296,,50,hardness_adaptive,1377.0,1337.25
896,,0,845,50,,,,0.708,1.257,,50,hardness_adaptive,1452.0,1332.0
897,,1,846,50,,,,0.743,1.29,,50,hardness_adaptive,3656.0,1342.0
898,,1,847,50,,,,0.678,1.079,,50,hardness_adaptive,3290.0,1386.75
899,,0,847,50,,,,0.553,1.119,,50,hardness_adaptive,3139.0,1416.0
900,,0,847,50,,,,0.723,1.167,,50,hardness_adaptive,3414.0,1462.5
901,,0,847,50,,,,0.614,1.164,,50,hardness_adaptive,3218.0,1615.25
902,,0,847,50,,,,0.73,1.133,,50,hardness_adaptive,3449.0,3054.5
903,,0,847,50,,,,0.664,1.226,,50,hardness_adaptive,3197.0,3194.75
904,,0,847,50,,,,0.621,1.197,,50,hardness_adaptive,3562.0,3276.0
905,,1,848,50,,,,0.664,1.284,,50,hardness_adaptive,3333.0,3321.0
906,,0,848,50,,,,0.713,1.227,,50,hardness_adaptive,1361.0,1356.75
907,,0,848,50,,,,0.646,1.227,,50,hardness_adaptive,1426.0,1360.25
908,,1,849,50,,,,0.68,0.849,,50,hardness_adaptive,3333.0,1381.5
909,,2,851,50,,,,0.748,1.171,,50,hardness_adaptive,3070.0,1405.0
910,,0,851,50,,,,0.61,1.189,,50,hardness_adaptive,3213.0,1421.0
911,,0,851,50,,,,0.594,1.166,,50,hardness_adaptive,3214.0,1475.5
912,,0,851,50,,,,0.564,1.193,,50,hardness_adaptive,2945.0,1620.75
913,,1,852,50,,,,0.606,1.192,,50,hardness_adaptive,3491.0,2916.5
914,,1,853,50,,,,0.631,1.224,,50,hardness_adaptive,3488.0,3109.0
915,,2,855,50,,,,0.588,1.169,,50,hardness_adaptive,3280.0,3180.25
916,,1,856,50,,,,0.631,1.275,,50,hardness_adaptive,3433.0,3227.0
917,,1,857,50,,,,0.663,1.234,,50,hardness_adaptive,3326.0,3259.5
918,,1,858,50,,,,0.802,0.587,,50,hardness_adaptive,3372.0,3297.0
919,,0,858,50,,,,0.691,1.224,,50,hardness_adaptive,3467.0,3338.0
920,,0,858,50,,,,0.77,1.251,,50,hardness_adaptive,1493.0,1343.25
921,,1,859,50,,,,0.775,1.213,,50,hardness_adaptive,1426.0,1340.0
922,,1,860,50,,,,0.616,1.278,,50,hardness_adaptive,1475.0,1334.5
923,,1,861,50,,,,0.73,1.181,,50,hardness_adaptive,1404.0,1324.0
924,,2,863,50,,,,0.756,1.212,,50,hardness_adaptive,3432.0,1336.75
925,,3,866,50,,,,0.625,1.145,,50,hardness_adaptive,3296.0,1358.25
926,,0,866,50,,,,0.744,1.168,,50,hardness_adaptive,3340.0,1376.0
927,,1,867,50,,,,0.618,1.173,,50,hardness_adaptive,3418.0,1409.0
928,,0,867,50,,,,0.53,1.163,,50,hardness_adaptive,2939.0,1509.75
929,,0,867,50,,,,0.529,1.131,,50,hardness_adaptive,3182.0,2944.25
930,,0,867,50,,,,0.616,1.192,,50,hardness_adaptive,3185.0,3178.25
931,,1,868,50,,,,0.641,1.202,,50,hardness_adaptive,3269.0,3255.25
932,,2,870,50,,,,0.675,1.247,,50,hardness_adaptive,3459.0,3282.75
933,,1,871,50,,,,0.65,1.218,,50,hardness_adaptive,3369.0,3303.0
934,,1,872,50,,,,0.659,1.269,,50,hardness_adaptive,3395.0,3340.0
935,,0,872,50,,,,0.845,1.228,,50,hardness_adaptive,1691.0,1355.0
936,,1,873,50,,,,0.803,1.282,,50,hardness_adaptive,1394.0,1353.25
937,,0,873,50,,,,0.764,1.112,,50,hardness_adaptive,1449.0,1358.5
938,,2,875,50,,,,0.711,1.195,,50,hardness_adaptive,3391.0,1367.5
939,,1,876,50,,,,0.63,1.149,,50,hardness_adaptive,3154.0,1387.25
940,,1,877,50,,,,0.548,1.163,,50,hardness_adaptive,2797.0,1403.75
941,,2,879,50,,,,0.688,1.31,,50,hardness_adaptive,3164.0,1449.25
942,,1,880,50,,,,0.682,1.247,,50,hardness_adaptive,3261.0,1504.5
943,,0,880,50,,,,0.679,1.15,,50,hardness_adaptive,3183.0,2972.25
944,,2,882,50,,,,0.764,1.181,,50,hardness_adaptive,3327.0,3125.25
945,,0,882,50,,,,0.601,1.217,,50,hardness_adaptive,3427.0,3207.5
946,,1,883,50,,,,0.812,1.25,,50,hardness_adaptive,3369.0,3254.25
947,,1,884,50,,,,0.707,1.244,,50,hardness_adaptive,3366.0,3288.5
948,,1,885,50,,,,0.84,1.212,,50,hardness_adaptive,3348.0,3325.25
949,,2,887,50,,,,0.791,1.208,,50,hardness_adaptive,3422.0,3369.5
950,,0,887,50,,,,0.798,1.252,,50,hardness_adaptive,1449.0,1363.0
951,,0,887,50,,,,0.641,1.156,,50,hardness_adaptive,1370.0,1331.5
952,,0,887,50,,,,0.787,1.251,,50,hardness_adaptive,1378.0,1335.25
953,,2,889,50,,,,0.662,1.218,,50,hardness_adaptive,1440.0,1338.25
954,,1,890,50,,,,0.588,1.218,,50,hardness_adaptive,1484.0,1340.75
955,,1,891,50,,,,0.724,1.182,,50,hardness_adaptive,1388.0,1336.75
956,,0,891,50,,,,0.559,1.14,,50,hardness_adaptive,3151.0,1352.25
957,,1,892,50,,,,0.525,1.099,,50,hardness_adaptive,3149.0,1372.25
958,,1,893,50,,,,0.623,1.393,,50,hardness_adaptive,3690.0,1402.25
959,,1,894,50,,,,0.667,1.21,,50,hardness_adaptive,3498.0,1434.75
960,,1,895,50,,,,0.603,1.205,,50,hardness_adaptive,3251.0,1519.75
961,,1,896,50,,,,0.596,1.169,,50,hardness_adaptive,3299.0,3028.5
962,,1,897,50,,,,0.61,1.15,,50,hardness_adaptive,3465.0,3129.0
963,,1,898,50,,,,0.613,1.209,,50,hardness_adaptive,3294.0,3191.0
964,,2,900,50,,,,0.645,1.242,,50,hardness_adaptive,3238.0,3234.25
965,,0,900,50,,,,0.57,1.187,,50,hardness_adaptive,3322.0,3264.0
966,,0,900,50,,,,0.699,1.248,,50,hardness_adaptive,3541.0,3308.25
967,,0,900,50,,,,0.841,1.3,,50,hardness_adaptive,3500.0,3347.75
968,,0,900,50,,,,0.715,1.277,,50,hardness_adaptive,1479.0,1357.25
969,,0,900,50,,,,0.653,1.184,,50,hardness_adaptive,1675.0,1334.75
970,,0,900,50,,,,0.642,1.193,,50,hardness_adaptive,1372.0,1328.5
971,,1,901,50,,,,0.658,0.838,,50,hardness_adaptive,3364.0,1337.0
972,,2,903,50,,,,0.738,1.155,,50,hardness_adaptive,3422.0,1355.0
973,,1,904,50,,,,0.786,1.097,,50,hardness_adaptive,3207.0,1375.0
974,,2,906,50,,,,0.74,1.153,,50,hardness_adaptive,3269.0,1401.0
975,,0,906,50,,,,0.707,1.331,,50,hardness_adaptive,3155.0,1535.0
976,,0,906,50,,,,0.787,1.139,,50,hardness_adaptive,3356.0,3034.75
977,,2,908,50,,,,0.707,1.21,,50,hardness_adaptive,3425.0,3128.5
978,,0,908,50,,,,0.664,1.182,,50,hardness_adaptive,3501.0,3170.25
979,,1,909,50,,,,0.705,1.181,,50,hardness_adaptive,3506.0,3212.75
980,,0,909,50,,,,0.68,1.201,,50,hardness_adaptive,3356.0,3252.75
981,,0,909,50,,,,0.824,1.053,,50,hardness_adaptive,3368.0,3315.5
982,,1,910,50,,,,0.813,1.273,,50,hardness_adaptive,1412.0,1340.25
983,,0,910,50,,,,0.595,1.188,,50,hardness_adaptive,2983.0,1347.25
984,,1,911,50,,,,0.651,1.16,,50,hardness_adaptive,3401.0,1368.75
985,,0,911,50,,,,0.583,1.178,,50,hardness_adaptive,3143.0,1377.5
986,,1,912,50,,,,0.961,1.233,,50,hardness_adaptive,3571.0,1409.75
987,,0,912,50,,,,0.645,1.108,,50,hardness_adaptive,3309.0,1472.25
988,,1,913,50,,,,0.652,1.198,,50,hardness_adaptive,3142.0,2747.5
989,,0,913,50,,,,0.752,1.082,,50,hardness_adaptive,3256.0,3048.75
990,,1,914,50,,,,0.792,1.2,,50,hardness_adaptive,3398.0,3153.5
991,,1,915,50,,,,0.646,1.274,,50,hardness_adaptive,3374.0,3210.5
992,,2,917,50,,,,0.646,1.272,,50,hardness_adaptive,3565.0,3268.0
993,,0,917,50,,,,0.692,1.278,,50,hardness_adaptive,3420.0,3310.75
994,,0,917,50,,,,0.729,1.272,,50,hardness_adaptive,1430.0,1378.25
995,,0,917,50,,,,0.666,1.234,,50,hardness_adaptive,1424.0,1329.25
996,,0,917,50,,,,0.767,1.146,,50,hardness_adaptive,3519.0,1336.5
997,,0,917,50,,,,0.573,1.206,,50,hardness_adaptive,3096.0,1348.25
998,,0,917,50,,,,0.792,1.175,,50,hardness_adaptive,3516.0,1381.0
999,,1,918,50,,,,0.707,1.232,,50,hardness_adaptive,3139.0,1420.5
1000,,0,918,50,,,,0.587,1.141,,50,hardness_adaptive,3144.0,1486.75
1001,,0,918,50,,,,0.739,1.222,,50,hardness_adaptive,3339.0,3030.25
1002,,2,920,50,,,,0.618,1.166,,50,hardness_adaptive,3341.0,3125.0
1003,,0,920,50,,,,0.72,1.177,,50,hardness_adaptive,3180.0,3165.0
1004,,1,921,50,,,,0.82,1.242,,50,hardness_adaptive,3439.0,3246.75
1005,,0,921,50,,,,0.694,1.166,,50,hardness_adaptive,3564.0,3302.5
1006,,1,922,50,,,,0.652,1.256,,50,hardness_adaptive,3374.0,3337.25
1007,,1,923,50,,,,0.672,1.257,,50,hardness_adaptive,3388.0,3374.25
1008,,1,924,50,,,,0.641,1.179,,50,hardness_adaptive,1547.0,1332.25
1009,,1,925,50,,,,0.639,1.132,,50,hardness_adaptive,1366.0,1332.25
1010,,0,925,50,,,,0.672,1.224,,50,hardness_adaptive,1360.0,1332.25
1011,,1,926,50,,,,0.767,1.227,,50,hardness_adaptive,1569.0,1327.5
1012,,0,926,50,,,,0.58,1.131,,50,hardness_adaptive,3466.0,1331.5
1013,,0,926,50,,,,0.608,1.182,,50,hardness_adaptive,3261.0,1345.25
1014,,0,926,50,,,,0.588,1.128,,50,hardness_adaptive,3213.0,1367.75
1015,,1,927,50,,,,0.683,1.291,,50,hardness_adaptive,3326.0,1406.25
1016,,1,928,50,,,,0.568,1.162,,50,hardness_adaptive,3129.0,1513.75
1017,,2,930,50,,,,0.58,0.784,,50,hardness_adaptive,2987.0,2931.0
1018,,3,933,50,,,,0.597,1.136,,50,hardness_adaptive,3339.0,3095.75
1019,,0,933,50,,,,0.592,1.198,,50,hardness_adaptive,3287.0,3167.25
1020,,0,933,50,,,,0.626,1.115,,50,hardness_adaptive,3436.0,3210.0
1021,,2,935,50,,,,0.812,1.282,,50,hardness_adaptive,3400.0,3263.25
1022,,0,935,50,,,,0.778,1.199,,50,hardness_adaptive,3432.0,3296.75
1023,,1,936,50,,,,0.751,1.219,,50,hardness_adaptive,3475.0,3322.5
1024,,1,937,50,,,,0.801,1.186,,50,hardness_adaptive,3391.0,3354.0
1025,,0,937,50,,,,0.801,1.256,,50,hardness_adaptive,3460.0,3386.0
1026,,1,938,50,,,,0.895,1.146,,50,hardness_adaptive,1356.0,1338.0
1027,,1,939,50,,,,0.646,1.175,,50,hardness_adaptive,1337.0,1334.5
1028,,1,940,50,,,,0.599,1.178,,50,hardness_adaptive,1339.0,1336.0
1029,,2,942,50,,,,0.652,1.203,,50,hardness_adaptive,3558.0,1341.25
1030,,1,943,50,,,,0.73,1.201,,50,hardness_adaptive,3078.0,1352.25
1031,,1,944,50,,,,0.614,1.138,,50,hardness_adaptive,3127.0,1381.25
1032,,1,945,50,,,,0.603,1.163,,50,hardness_adaptive,3249.0,1428.75
1033,,0,945,50,,,,0.737,1.076,,50,hardness_adaptive,3140.0,1872.0
1034,,0,945,50,,,,0.584,1.163,,50,hardness_adaptive,3247.0,3078.75
1035,,1,946,50,,,,0.685,0.877,,50,hardness_adaptive,3371.0,3163.5
1036,,0,946,50,,,,0.636,1.196,,50,hardness_adaptive,3440.0,3219.25
1037,,1,947,50,,,,0.632,1.328,,50,hardness_adaptive,3381.0,3255.5
1038,,2,949,50,,,,0.614,1.177,,50,hardness_adaptive,3368.0,3318.5
1039,,0,949,50,,,,0.649,1.232,,50,hardness_adaptive,3432.0,3362.5
1040,,0,949,50,,,,0.631,1.279,,50,hardness_adaptive,1346.0,1311.5
1041,,1,950,50,,,,0.616,1.186,,50,hardness_adaptive,3142.0,1321.0
1042,,0,950,50,,,,0.749,0.813,,50,hardness_adaptive,3121.0,1334.5
1043,,2,952,50,,,,0.716,0.835,,50,hardness_adaptive,3200.0,1355.25
1044,,1,953,50,,,,0.643,1.249,,50,hardness_adaptive,3305.0,1388.25
1045,,0,953,50,,,,0.757,1.232,,50,hardness_adaptive,3482.0,1440.0
1046,,2,955,50,,,,0.764,1.156,,50,hardness_adaptive,3048.0,2952.75
1047,,0,955,50,,,,0.754,1.149,,50,hardness_adaptive,3267.0,3116.5
1048,,2,957,50,,,,0.627,1.196,,50,hardness_adaptive,3373.0,3202.5
1049,,2,959,50,,,,0.816,1.208,,50,hardness_adaptive,3347.0,3248.5
1050,,2,961,50,,,,0.85,1.261,,50,hardness_adaptive,3413.0,3302.25
1051,,0,961,50,,,,0.629,1.213,,50,hardness_adaptive,3408.0,3342.25
1052,,1,962,50,,,,0.923,1.397,,50,hardness_adaptive,1414.0,1384.75
1053,,1,963,50,,,,0.573,1.173,,50,hardness_adaptive,1268.0,1243.5
1054,,0,963,50,,,,0.635,1.225,,50,hardness_adaptive,3299.0,1248.5
1055,,0,963,50,,,,0.746,1.203,,50,hardness_adaptive,3454.0,1255.25
1056,,0,963,50,,,,0.667,1.195,,50,hardness_adaptive,3279.0,1278.0
1057,,0,963,50,,,,0.51,1.126,,50,hardness_adaptive,2756.0,1322.0
1058,,2,965,50,,,,0.72,1.164,,50,hardness_adaptive,3045.0,1391.5
1059,,1,966,50,,,,0.662,0.84,,50,hardness_adaptive,2783.0,2424.25
1060,,0,966,50,,,,0.616,1.195,,50,hardness_adaptive,3427.0,2784.25
1061,,1,967,50,,,,0.532,1.169,,50,hardness_adaptive,3026.0,2927.0
1062,,2,969,50,,,,0.618,1.147,,50,hardness_adaptive,3029.0,3026.75
1063,,1,970,50,,,,0.605,1.112,,50,hardness_adaptive,3226.0,3094.25
1064,,1,971,50,,,,0.785,1.153,,50,hardness_adaptive,3218.0,3142.5
1065,,0,971,50,,,,0.911,1.271,,50,hardness_adaptive,3234.0,3187.25
1066,,2,973,50,,,,0.677,1.209,,50,hardness_adaptive,3322.0,3227.0
1067,,1,974,50,,,,0.58,1.229,,50,hardness_adaptive,1263.0,1249.25
1068,,0,974,50,,,,0.57,1.195,,50,hardness_adaptive,1343.0,1243.0
1069,,0,974,50,,,,0.652,1.178,,50,hardness_adaptive,3136.0,1249.25
1070,,0,974,50,,,,0.582,1.181,,50,hardness_adaptive,3293.0,1254.25
1071,,1,975,50,,,,0.634,1.247,,50,hardness_adaptive,2994.0,1282.5
1072,,1,976,50,,,,0.452,1.367,,50,hardness_adaptive,2450.0,1306.75
1073,,1,977,50,,,,0.581,1.187,,50,hardness_adaptive,3168.0,1367.75
1074,,0,977,50,,,,0.607,1.123,,50,hardness_adaptive,3520.0,2768.0
1075,,0,977,50,,,,0.667,1.148,,50,hardness_adaptive,3473.0,2954.25
1076,,0,977,50,,,,0.602,1.406,,50,hardness_adaptive,3417.0,3130.75
1077,,0,977,50,,,,0.767,1.285,,50,hardness_adaptive,3617.0,3193.75
1078,,2,979,50,,,,0.601,1.198,,50,hardness_adaptive,3260.0,3247.25
1079,,1,980,50,,,,0.911,1.349,,50,hardness_adaptive,1427.0,1405.0
1080,,1,981,50,,,,0.632,1.179,,50,hardness_adaptive,1264.0,1244.5
1081,,1,982,50,,,,0.598,1.177,,50,hardness_adaptive,1316.0,1231.5
1082,,0,982,50,,,,0.656,1.136,,50,hardness_adaptive,1461.0,1238.25
1083,,1,983,50,,,,0.673,1.207,,50,hardness_adaptive,2936.0,1252.25
1084,,1,984,50,,,,0.613,1.136,,50,hardness_adaptive,3061.0,1269.75
1085,,1,985,50,,,,0.741,1.093,,50,hardness_adaptive,2581.0,1316.25
1086,,1,986,50,,,,0.628,1.197,,50,hardness_adaptive,3505.0,1364.75
1087,,0,986,50,,,,0.75,1.065,,50,hardness_adaptive,3270.0,1461.5
1088,,2,988,50,,,,0.74,1.196,,50,hardness_adaptive,3021.0,2856.0
1089,,1,989,50,,,,0.698,1.205,,50,hardness_adaptive,3119.0,2971.0
1090,,2,991,50,,,,0.67,1.188,,50,hardness_adaptive,3191.0,3081.0
1091,,2,993,50,,,,0.833,1.073,,50,hardness_adaptive,3168.0,3133.25
1092,,0,993,50,,,,0.686,1.296,,50,hardness_adaptive,3199.0,3162.5
1093,,2,995,50,,,,0.631,1.212,,50,hardness_adaptive,3236.0,3199.0
1094,,0,995,50,,,,0.753,1.212,,50,hardness_adaptive,1376.0,1229.0
1095,,0,995,50,,,,1.018,1.202,,50,hardness_adaptive,1249.0,1234.0
1096,,1,996,50,,,,0.582,1.215,,50,hardness_adaptive,2939.0,1245.0
1097,,0,996,50,,,,0.6,1.162,,50,hardness_adaptive,2420.0,1262.25
1098,,2,998,50,,,,0.589,1.138,,50,hardness_adaptive,3060.0,1287.0
1099,,1,999,50,,,,0.766,1.12,,50,hardness_adaptive,3174.0,1332.5
1100,,0,999,50,,,,0.74,1.189,,50,hardness_adaptive,3302.0,1449.0
1101,,0,999,50,,,,0.655,1.241,,50,hardness_adaptive,3464.0,2732.75
1102,,1,1000,50,,,,0.613,1.202,,50,hardness_adaptive,3141.0,2987.5
1103,,0,1000,50,,,,0.638,1.146,,50,hardness_adaptive,3192.0,3061.25
1104,,0,1000,50,,,,0.563,1.125,,50,hardness_adaptive,3351.0,3137.5
1105,,1,1001,50,,,,0.671,1.217,,50,hardness_adaptive,3428.0,3172.5
1106,,0,1001,50,,,,0.653,1.227,,50,hardness_adaptive,3278.0,3206.0
1107,,0,1001,50,,,,0.634,1.185,,50,hardness_adaptive,3368.0,3249.0
1108,,0,1001,50,,,,0.673,1.239,,50,hardness_adaptive,3349.0,3262.0
1109,,1,1002,50,,,,0.657,1.241,,50,hardness_adaptive,3299.0,3257.0
1110,,1,1003,50,,,,0.649,0.824,,50,hardness_adaptive,1261.0,1238.0
1111,,1,1004,50,,,,0.611,1.212,,50,hardness_adaptive,3282.0,1240.5
1112,,1,1005,50,,,,0.656,0.765,,50,hardness_adaptive,2961.0,1257.25
1113,,1,1006,50,,,,0.744,0.847,,50,hardness_adaptive,3268.0,1273.75
1114,,1,1007,50,,,,0.616,0.819,,50,hardness_adaptive,3009.0,1315.75
1115,,0,1007,50,,,,0.642,0.807,,50,hardness_adaptive,3002.0,1414.0
1116,,1,1008,50,,,,0.607,1.195,,50,hardness_adaptive,2939.0,2701.0
1117,,1,1009,50,,,,0.648,1.189,,50,hardness_adaptive,3113.0,3006.5
1118,,0,1009,50,,,,0.615,1.234,,50,hardness_adaptive,3208.0,3099.75
1119,,1,1010,50,,,,0.661,1.146,,50,hardness_adaptive,3596.0,3158.25
1120,,0,1010,50,,,,0.793,1.24,,50,hardness_adaptive,3514.0,3203.0
1121,,1,1011,50,,,,0.836,1.146,,50,hardness_adaptive,3347.0,3238.25
1122,,0,1011,50,,,,0.651,1.271,,50,hardness_adaptive,3276.0,3270.25
1123,,1,1012,50,,,,0.604,1.113,,50,hardness_adaptive,1283.0,1244.25
1124,,0,1012,50,,,,0.569,1.168,,50,hardness_adaptive,1284.0,1252.25
1125,,0,1012,50,,,,0.635,1.224,,50,hardness_adaptive,3105.0,1269.25
1126,,1,1013,50,,,,0.704,1.122,,50,hardness_adaptive,3052.0,1284.25
1127,,0,1013,50,,,,0.693,0.765,,50,hardness_adaptive,3380.0,1323.75
1128,,0,1013,50,,,,0.611,1.114,,50,hardness_adaptive,3253.0,1365.25
1129,,0,1013,50,,,,0.613,1.201,,50,hardness_adaptive,2806.0,1484.0
1130,,1,1014,50,,,,0.604,1.176,,50,hardness_adaptive,3307.0,2907.0
1131,,1,1015,50,,,,0.771,1.185,,50,hardness_adaptive,3458.0,3060.25
1132,,0,1015,50,,,,0.625,1.17,,50,hardness_adaptive,3385.0,3095.0
1133,,1,1016,50,,,,0.674,1.195,,50,hardness_adaptive,3523.0,3167.75
1134,,1,1017,50,,,,0.582,1.19,,50,hardness_adaptive,3253.0,3217.5
1135,,1,1018,50,,,,0.61,1.246,,50,hardness_adaptive,3484.0,3270.0
1136,,0,1018,50,,,,0.622,1.257,,50,hardness_adaptive,1309.0,1251.75
1137,,0,1018,50,,,,0.716,1.194,,50,hardness_adaptive,1246.0,1232.0
1138,,2,1020,50,,,,0.737,1.126,,50,hardness_adaptive,1242.0,1239.5
1139,,0,1020,50,,,,0.709,1.186,,50,hardness_adaptive,3154.0,1242.25
1140,,1,1021,50,,,,0.624,1.131,,50,hardness_adaptive,2980.0,1268.5
1141,,2,1023,50,,,,0.558,1.149,,50,hardness_adaptive,2844.0,1306.75
1142,,1,1024,50,,,,0.767,1.213,,50,hardness_adaptive,3276.0,1378.0
1143,,1,1025,50,,,,0.596,1.131,,50,hardness_adaptive,3307.0,1552.75
1144,,1,1026,50,,,,0.639,1.109,,50,hardness_adaptive,3348.0,2922.75
1145,,0,1026,50,,,,0.652,1.276,,50,hardness_adaptive,3188.0,3014.0
1146,,1,1027,50,,,,0.872,1.199,,50,hardness_adaptive,3100.0,3090.0
1147,,1,1028,50,,,,0.705,1.233,,50,hardness_adaptive,3225.0,3168.5
1148,,2,1030,50,,,,0.702,1.204,,50,hardness_adaptive,3381.0,3212.5
1149,,0,1030,50,,,,0.655,1.184,,50,hardness_adaptive,3671.0,3227.5
1150,,1,1031,50,,,,0.666,0.758,,50,hardness_adaptive,3517.0,3276.25
1151,,1,1032,50,,,,0.618,1.182,,50,hardness_adaptive,1265.0,1262.25
1152,,0,1032,50,,,,0.63,1.275,,50,hardness_adaptive,1329.0,1255.5
1153,,0,1032,50,,,,0.616,1.242,,50,hardness_adaptive,1263.0,1235.5
1154,,1,1033,50,,,,0.699,0.893,,50,hardness_adaptive,1266.0,1233.0
1155,,1,1034,50,,,,0.752,1.149,,50,hardness_adaptive,3224.0,1242.5
1156,,0,1034,50,,,,0.759,0.336,,50,hardness_adaptive,3341.0,1263.5
1157,,1,1035,50,,,,0.609,1.185,,50,hardness_adaptive,3242.0,1296.75
1158,,1,1036,50,,,,0.561,1.188,,50,hardness_adaptive,3011.0,1333.5
1159,,2,1038,50,,,,0.75,1.199,,50,hardness_adaptive,2895.0,1428.5
1160,,1,1039,50,,,,0.768,1.153,,50,hardness_adaptive,3342.0,2658.0
1161,,2,1041,50,,,,0.722,1.142,,50,hardness_adaptive,3179.0,2895.5
1162,,1,1042,50,,,,0.784,1.164,,50,hardness_adaptive,3114.0,3040.0
1163,,0,1042,50,,,,0.835,0.343,,50,hardness_adaptive,3247.0,3106.5
1164,,1,1043,50,,,,0.715,1.232,,50,hardness_adaptive,3301.0,3200.5
1165,,1,1044,50,,,,0.7,1.334,,50,hardness_adaptive,3406.0,3230.75
1166,,0,1044,50,,,,0.626,1.171,,50,hardness_adaptive,3310.0,3263.25
1167,,0,1044,50,,,,0.715,0.856,,50,hardness_adaptive,3388.0,3288.25
1168,,2,1046,50,,,,0.588,1.13,,50,hardness_adaptive,1389.0,1312.25
1169,,0,1046,50,,,,0.622,1.217,,50,hardness_adaptive,1278.0,1258.25
1170,,0,1046,50,,,,0.653,1.209,,50,hardness_adaptive,1260.0,1241.5
1171,,0,1046,50,,,,0.78,1.118,,50,hardness_adaptive,1401.0,1249.25
1172,,0,1046,50,,,,0.706,1.288,,50,hardness_adaptive,3226.0,1271.5
1173,,1,1047,50,,,,0.793,1.153,,50,hardness_adaptive,3126.0,1290.0
1174,,1,1048,50,,,,0.484,1.121,,50,hardness_adaptive,2947.0,1331.25
1175,,0,1048,50,,,,0.607,1.195,,50,hardness_adaptive,3290.0,1363.25
1176,,0,1048,50,,,,0.688,1.141,,50,hardness_adaptive,3123.0,1591.75
1177,,0,1048,50,,,,0.782,0.342,,50,hardness_adaptive,3323.0,2951.0
1178,,0,1048,50,,,,1.014,1.266,,50,hardness_adaptive,3263.0,3035.0
1179,,0,1048,50,,,,0.589,1.236,,50,hardness_adaptive,3266.0,3114.25
1180,,0,1048,50,,,,0.733,0.345,,50,hardness_adaptive,3226.0,3148.5
1181,,2,1050,50,,,,0.614,1.191,,50,hardness_adaptive,3240.0,3213.5
1182,,0,1050,50,,,,0.643,1.194,,50,hardness_adaptive,3379.0,3240.5
1183,,2,1052,50,,,,0.683,1.314,,50,hardness_adaptive,1333.0,1272.75
1184,,1,1053,50,,,,0.635,1.245,,50,hardness_adaptive,1614.0,1236.25
1185,,1,1054,50,,,,0.594,1.227,,50,hardness_adaptive,1261.0,1241.25
1186,,3,1057,50,,,,0.592,1.212,,50,hardness_adaptive,1306.0,1245.25
1187,,1,1058,50,,,,0.759,0.339,,50,hardness_adaptive,3317.0,1260.25
1188,,0,1058,50,,,,0.755,1.238,,50,hardness_adaptive,3334.0,1278.5
1189,,0,1058,50,,,,0.801,1.267,,50,hardness_adaptive,3342.0,1313.25
1190,,0,1058,50,,,,0.617,1.195,,50,hardness_adaptive,3371.0,1381.0
1191,,1,1059,50,,,,0.576,1.143,,50,hardness_adaptive,3081.0,1551.75
1192,,1,1060,50,,,,0.649,1.162,,50,hardness_adaptive,3488.0,2862.5
1193,,0,1060,50,,,,0.738,1.172,,50,hardness_adaptive,3147.0,2981.25
1194,,2,1062,50,,,,0.795,0.898,,50,hardness_adaptive,3353.0,3026.0
1195,,0,1062,50,,,,0.722,1.201,,50,hardness_adaptive,3129.0,3089.0
1196,,0,1062,50,,,,0.703,1.124,,50,hardness_adaptive,3233.0,3130.25
1197,,0,1062,50,,,,0.568,1.204,,50,hardness_adaptive,3241.0,3154.25
1198,,3,1065,50,,,,0.965,0.325,,50,hardness_adaptive,3210.0,3209.25
1199,,0,1065,50,,,,0.687,1.256,,50,hardness_adaptive,3414.0,3238.0
1200,,1,1066,50,,,,0.769,1.288,,50,hardness_adaptive,3335.0,3252.0
1201,,2,1068,50,,,,0.885,1.354,,50,hardness_adaptive,1263.0,1222.25
1202,,0,1068,50,,,,0.733,0.336,,50,hardness_adaptive,3673.0,1227.25
1203,,0,1068,50,,,,0.624,1.202,,50,hardness_adaptive,3105.0,1244.0
1204,,1,1069,50,,,,0.629,1.184,,50,hardness_adaptive,3432.0,1264.25
1205,,0,1069,50,,,,0.698,1.17,,50,hardness_adaptive,3238.0,1289.0
1206,,1,1070,50,,,,0.731,1.146,,50,hardness_adaptive,2896.0,1378.0
1207,,1,1071,50,,,,0.573,1.176,,50,hardness_adaptive,2947.0,2723.5
1208,,3,1074,50,,,,0.564,1.16,,50,hardness_adaptive,3047.0,2958.5
1209,,1,1075,50,,,,0.677,0.819,,50,hardness_adaptive,3311.0,3072.0
1210,,1,1076,50,,,,0.757,1.209,,50,hardness_adaptive,3297.0,3138.75
1211,,0,1076,50,,,,0.677,1.223,,50,hardness_adaptive,3349.0,3211.25
1212,,1,1077,50,,,,0.686,1.283,,50,hardness_adaptive,1294.0,1221.25
1213,,0,1077,50,,,,0.591,1.187,,50,hardness_adaptive,1304.0,1230.5
1214,,0,1077,50,,,,0.757,1.116,,50,hardness_adaptive,3153.0,1250.25
1215,,1,1078,50,,,,0.68,1.16,,50,hardness_adaptive,2871.0,1267.25
1216,,0,1078,50,,,,0.603,1.129,,50,hardness_adaptive,3191.0,1298.25
1217,,2,1080,50,,,,0.641,1.181,,50,hardness_adaptive,3144.0,1334.25
1218,,1,1081,50,,,,0.601,1.25,,50,hardness_adaptive,3310.0,1506.5
1219,,2,1083,50,,,,0.616,1.197,,50,hardness_adaptive,2976.0,2832.75
1220,,0,1083,50,,,,0.692,0.871,,50,hardness_adaptive,3126.0,3020.25
1221,,1,1084,50,,,,0.809,1.184,,50,hardness_adaptive,3243.0,3090.25
1222,,0,1084,50,,,,0.686,1.211,,50,hardness_adaptive,3215.0,3142.25
1223,,1,1085,50,,,,0.644,0.858,,50,hardness_adaptive,3291.0,3166.5
1224,,1,1086,50,,,,0.736,0.325,,50,hardness_adaptive,3249.0,3219.0
1225,,0,1086,50,,,,0.679,1.24,,50,hardness_adaptive,3360.0,3249.5
1226,,1,1087,50,,,,0.94,0.318,,50,hardness_adaptive,3351.0,3276.0
1227,,2,1089,50,,,,0.762,0.331,,50,hardness_adaptive,1262.0,1244.75
1228,,2,1091,50,,,,0.595,1.247,,50,hardness_adaptive,1274.0,1234.0
1229,,0,1091,50,,,,0.734,1.236,,50,hardness_adaptive,1396.0,1226.0
1230,,1,1092,50,,,,0.855,1.217,,50,hardness_adaptive,1292.0,1226.0
1231,,1,1093,50,,,,0.664,1.18,,50,hardness_adaptive,1248.0,1226.0
1232,,1,1094,50,,,,0.563,1.13,,50,hardness_adaptive,3255.0,1236.25
1233,,3,1097,50,,,,0.63,0.782,,50,hardness_adaptive,3049.0,1253.75
1234,,3,1100,50,,,,0.742,0.338,,50,hardness_adaptive,3157.0,1282.25
1235,,1,1101,50,,,,0.524,1.108,,50,hardness_adaptive,2801.0,1308.5
1236,,1,1102,50,,,,0.615,1.18,,50,hardness_adaptive,2915.0,1501.75
1237,,1,1103,50,,,,0.751,1.215,,50,hardness_adaptive,3363.0,2804.5
1238,,1,1104,50,,,,0.668,0.822,,50,hardness_adaptive,3430.0,2998.25
1239,,1,1105,50,,,,0.63,1.163,,50,hardness_adaptive,3304.0,3051.25
1240,,1,1106,50,,,,0.657,1.148,,50,hardness_adaptive,3273.0,3096.75
1241,,1,1107,50,,,,0.673,1.265,,50,hardness_adaptive,3555.0,3153.75
1242,,1,1108,50,,,,0.922,1.458,,50,hardness_adaptive,3198.0,3194.25
1243,,1,1109,50,,,,0.686,1.274,,50,hardness_adaptive,1269.0,1249.0
1244,,0,1109,50,,,,0.483,1.106,,50,hardness_adaptive,1380.0,1256.25
1245,,1,1110,50,,,,0.449,1.018,,50,hardness_adaptive,2081.0,1269.0
1246,,1,1111,50,,,,0.477,1.03,,50,hardness_adaptive,2290.0,1288.75
1247,,2,1113,50,,,,0.6,1.151,,50,hardness_adaptive,2875.0,1312.0
1248,,0,1113,50,,,,0.548,1.107,,50,hardness_adaptive,2958.0,1345.75
1249,,2,1115,50,,,,0.588,1.131,,50,hardness_adaptive,2912.0,1446.0
1250,,0,1115,50,,,,0.55,1.154,,50,hardness_adaptive,3063.0,2794.25
1251,,1,1116,50,,,,0.652,1.243,,50,hardness_adaptive,3170.0,2961.5
1252,,0,1116,50,,,,0.925,1.339,,50,hardness_adaptive,3484.0,3087.0
1253,,0,1116,50,,,,0.804,1.272,,50,hardness_adaptive,3148.0,3136.75
1254,,0,1116,50,,,,0.799,0.333,,50,hardness_adaptive,3496.0,3169.25
1255,,0,1116,50,,,,0.797,0.318,,50,hardness_adaptive,3474.0,3204.25
1256,,1,1117,50,,,,0.966,0.367,,50,hardness_adaptive,1551.0,1285.25
1257,,0,1117,50,,,,0.818,1.21,,50,hardness_adaptive,1227.0,1218.5
1258,,1,1118,50,,,,0.529,1.119,,50,hardness_adaptive,2849.0,1230.0
1259,,1,1119,50,,,,0.637,1.226,,50,hardness_adaptive,3233.0,1240.0
1260,,0,1119,50,,,,0.794,0.338,,50,hardness_adaptive,3179.0,1268.0
1261,,1,1120,50,,,,0.619,1.178,,50,hardness_adaptive,3064.0,1310.5
1262,,1,1121,50,,,,0.582,1.071,,50,hardness_adaptive,2646.0,1429.75
1263,,0,1121,50,,,,0.721,1.01,,50,hardness_adaptive,3432.0,2712.0
1264,,0,1121,50,,,,0.784,0.334,,50,hardness_adaptive,3197.0,2964.25
1265,,0,1121,50,,,,0.653,1.217,,50,hardness_adaptive,3114.0,3064.5
1266,,0,1121,50,,,,0.773,1.196,,50,hardness_adaptive,3380.0,3128.0
1267,,0,1121,50,,,,0.776,0.324,,50,hardness_adaptive,3287.0,3205.75
1268,,1,1122,50,,,,0.85,1.22,,50,hardness_adaptive,3448.0,3223.0
1269,,0,1122,50,,,,0.717,1.215,,50,hardness_adaptive,3308.0,3249.5
1270,,0,1122,50,,,,0.804,1.157,,50,hardness_adaptive,3400.0,3290.5
1271,,1,1123,50,,,,0.626,1.3,,50,hardness_adaptive,1314.0,1277.0
1272,,2,1125,50,,,,0.812,1.206,,50,hardness_adaptive,1398.0,1236.5
1273,,2,1127,50,,,,0.591,1.206,,50,hardness_adaptive,1438.0,1233.75
1274,,1,1128,50,,,,0.655,1.225,,50,hardness_adaptive,1246.0,1222.25
1275,,0,1128,50,,,,0.689,1.191,,50,hardness_adaptive,3207.0,1238.0
1276,,0,1128,50,,,,0.746,1.187,,50,hardness_adaptive,3290.0,1256.0
1277,,0,1128,50,,,,0.742,1.092,,50,hardness_adaptive,2988.0,1277.25
1278,,0,1128,50,,,,0.702,1.196,,50,hardness_adaptive,3262.0,1316.25
1279,,0,1128,50,,,,0.703,1.243,,50,hardness_adaptive,2929.0,1378.5
1280,,0,1128,50,,,,0.77,0.333,,50,hardness_adaptive,3450.0,2795.5
1281,,0,1128,50,,,,0.641,0.889,,50,hardness_adaptive,3075.0,3009.25
1282,,0,1128,50,,,,0.636,1.108,,50,hardness_adaptive,3120.0,3096.25
1283,,0,1128,50,,,,0.72,1.226,,50,hardness_adaptive,3342.0,3179.25
1284,,0,1128,50,,,,0.684,0.835,,50,hardness_adaptive,3294.0,3230.25
1285,,1,1129,50,,,,0.612,1.17,,50,hardness_adaptive,1423.0,1282.0
1286,,0,1129,50,,,,0.628,1.152,,50,hardness_adaptive,1275.0,1242.25
1287,,1,1130,50,,,,0.61,1.213,,50,hardness_adaptive,1292.0,1243.0
1288,,0,1130,50,,,,0.635,1.209,,50,hardness_adaptive,3309.0,1240.5
1289,,1,1131,50,,,,0.59,1.156,,50,hardness_adaptive,2909.0,1275.25
1290,,1,1132,50,,,,0.602,1.221,,50,hardness_adaptive,2861.0,1292.0
1291,,0,1132,50,,,,0.55,1.117,,50,hardness_adaptive,3209.0,1309.75
1292,,0,1132,50,,,,0.791,1.165,,50,hardness_adaptive,3021.0,1352.0
1293,,0,1132,50,,,,0.78,0.337,,50,hardness_adaptive,3223.0,2541.75
1294,,0,1132,50,,,,0.624,1.168,,50,hardness_adaptive,3386.0,2891.75
1295,,1,1133,50,,,,0.707,1.161,,50,hardness_adaptive,3142.0,2985.5
1296,,2,1135,50,,,,0.619,1.212,,50,hardness_adaptive,3059.0,3058.25
1,,2,2,10,,,,0.759,0.913,,100,hardness_adaptive,3883.0,496.5
2,,1,3,20,,,,0.675,0.801,,100,hardness_adaptive,3423.0,507.25
3,,2,5,30,,,,0.641,0.773,,100,hardness_adaptive,3035.0,517.0
4,,1,6,40,,,,0.719,0.729,,100,hardness_adaptive,3927.0,540.25
5,,0,6,50,,,,0.495,0.773,,100,hardness_adaptive,4005.0,837.25
6,,0,6,50,,,,0.667,1.174,,100,hardness_adaptive,4095.0,3307.75
7,,0,6,50,,,,0.47,1.116,,100,hardness_adaptive,3934.0,3517.5
8,,2,8,50,,,,0.567,1.15,,100,hardness_adaptive,4702.0,3719.0
9,,0,8,50,,,,0.742,1.223,,100,hardness_adaptive,4487.0,3910.5
10,,2,10,50,,,,0.564,1.195,,100,hardness_adaptive,4721.0,4012.25
11,,0,10,50,,,,0.739,1.187,,100,hardness_adaptive,4662.0,4076.25
12,,3,13,50,,,,0.634,1.242,,100,hardness_adaptive,5225.0,4130.75
13,,1,14,50,,,,0.536,1.241,,100,hardness_adaptive,4398.0,4183.75
14,,1,15,50,,,,0.531,1.176,,100,hardness_adaptive,4409.0,4232.25
15,,0,15,50,,,,0.624,1.554,,100,hardness_adaptive,1740.0,1602.5
16,,0,15,50,,,,0.944,1.416,,100,hardness_adaptive,3788.0,1615.75
17,,2,17,50,,,,0.447,1.169,,100,hardness_adaptive,3782.0,1634.0
18,,2,19,50,,,,0.574,1.247,,100,hardness_adaptive,4012.0,1670.5
19,,0,19,50,,,,0.534,1.224,,100,hardness_adaptive,3993.0,1701.75
20,,1,20,50,,,,0.723,1.276,,100,hardness_adaptive,3317.0,1752.5
21,,2,22,50,,,,0.571,0.802,,100,hardness_adaptive,2960.0,2219.25
22,,1,23,50,,,,0.691,1.303,,100,hardness_adaptive,5427.0,3327.0
23,,1,24,50,,,,0.612,0.785,,100,hardness_adaptive,4130.0,3651.25
24,,0,24,50,,,,0.577,1.334,,100,hardness_adaptive,4234.0,3791.75
25,,2,26,50,,,,0.536,1.187,,100,hardness_adaptive,4200.0,3969.5
26,,1,27,50,,,,0.628,1.313,,100,hardness_adaptive,4735.0,4016.0
27,,1,28,50,,,,0.736,1.179,,100,hardness_adaptive,4635.0,4073.5
28,,0,28,50,,,,0.521,1.232,,100,hardness_adaptive,4313.0,4169.5
29,,0,28,50,,,,0.521,1.351,,100,hardness_adaptive,1700.0,1654.0
30,,1,29,50,,,,0.455,1.164,,100,hardness_adaptive,1672.0,1649.75
31,,1,30,50,,,,0.512,1.264,,100,hardness_adaptive,1693.0,1632.75
32,,0,30,50,,,,0.583,0.784,,100,hardness_adaptive,3947.0,1644.25
33,,3,33,50,,,,0.49,1.105,,100,hardness_adaptive,4065.0,1673.25
34,,0,33,50,,,,0.676,1.232,,100,hardness_adaptive,4127.0,1694.75
35,,0,33,50,,,,0.443,1.097,,100,hardness_adaptive,2308.0,1738.5
36,,1,34,50,,,,0.49,1.158,,100,hardness_adaptive,3940.0,1795.5
37,,0,34,50,,,,0.764,1.206,,100,hardness_adaptive,3669.0,3045.5
38,,0,34,50,,,,0.559,1.167,,100,hardness_adaptive,4162.0,3470.25
39,,0,34,50,,,,0.536,1.157,,100,hardness_adaptive,3898.0,3627.0
40,,1,35,50,,,,0.745,1.43,,100,hardness_adaptive,3975.0,3810.0
41,,3,38,50,,,,0.553,1.141,,100,hardness_adaptive,4099.0,3907.25
42,,0,38,50,,,,0.74,1.136,,100,hardness_adaptive,4163.0,3990.75
43,,1,39,50,,,,0.678,1.288,,100,hardness_adaptive,4973.0,4145.0
44,,1,40,50,,,,0.542,1.194,,100,hardness_adaptive,4411.0,4185.5
45,,2,42,50,,,,0.764,1.296,,100,hardness_adaptive,4402.0,4260.75
46,,1,43,50,,,,0.527,1.227,,100,hardness_adaptive,1904.0,1651.25
47,,2,45,50,,,,0.688,1.112,,100,hardness_adaptive,4387.0,1650.25
48,,1,46,50,,,,0.533,1.269,,100,hardness_adaptive,4085.0,1657.25
49,,1,47,50,,,,0.661,1.207,,100,hardness_adaptive,4117.0,1673.75
50,,0,47,50,,,,0.632,1.244,,100,hardness_adaptive,4150.0,1705.5
51,,0,47,50,,,,0.822,1.274,,100,hardness_adaptive,4909.0,1776.5
52,,3,50,50,,,,0.484,1.112,,100,hardness_adaptive,3912.0,3220.5
53,,2,52,50,,,,0.594,1.172,,100,hardness_adaptive,3843.0,3427.5
54,,0,52,50,,,,0.558,1.195,,100,hardness_adaptive,4921.0,3716.25
55,,1,53,50,,,,0.81,1.19,,100,hardness_adaptive,4548.0,3882.5
56,,1,54,50,,,,0.614,1.192,,100,hardness_adaptive,4411.0,4044.25
57,,0,54,50,,,,0.53,1.199,,100,hardness_adaptive,4566.0,4111.0
58,,2,56,50,,,,0.668,1.305,,100,hardness_adaptive,4823.0,4276.0
59,,0,56,50,,,,0.874,1.296,,100,hardness_adaptive,1707.0,1689.5
60,,3,59,50,,,,0.567,1.18,,100,hardness_adaptive,1719.0,1621.25
61,,2,61,50,,,,0.764,1.237,,100,hardness_adaptive,1699.0,1621.0
62,,0,61,50,,,,0.578,1.21,,100,hardness_adaptive,4636.0,1623.75
63,,0,61,50,,,,0.551,1.191,,100,hardness_adaptive,4638.0,1654.75
64,,0,61,50,,,,0.745,1.141,,100,hardness_adaptive,4186.0,1697.5
65,,1,62,50,,,,0.464,1.079,,100,hardness_adaptive,3807.0,1721.0
66,,1,63,50,,,,0.603,1.17,,100,hardness_adaptive,4741.0,1792.25
67,,1,64,50,,,,0.438,0.978,,100,hardness_adaptive,3738.0,3004.0
68,,1,65,50,,,,0.521,1.151,,100,hardness_adaptive,4311.0,3519.25
69,,1,66,50,,,,0.621,1.094,,100,hardness_adaptive,3863.0,3774.75
70,,2,68,50,,,,0.531,1.077,,100,hardness_adaptive,4448.0,3956.75
71,,1,69,50,,,,0.798,1.267,,100,hardness_adaptive,4593.0,4093.75
72,,2,71,50,,,,0.825,1.295,,100,hardness_adaptive,4673.0,4157.5
73,,1,72,50,,,,0.814,1.219,,100,hardness_adaptive,4766.0,4283.0
74,,1,73,50,,,,0.876,1.317,,100,hardness_adaptive,1669.0,1628.5
75,,0,73,50,,,,0.576,1.391,,100,hardness_adaptive,1850.0,1620.0
76,,2,75,50,,,,0.553,1.288,,100,hardness_adaptive,1674.0,1613.75
77,,1,76,50,,,,0.822,1.347,,100,hardness_adaptive,4354.0,1636.0
78,,1,77,50,,,,0.513,1.317,,100,hardness_adaptive,3618.0,1647.0
79,,2,79,50,,,,0.541,1.234,,100,hardness_adaptive,3881.0,1670.25
80,,0,79,50,,,,0.846,1.253,,100,hardness_adaptive,4083.0,1719.0
81,,1,80,50,,,,0.425,1.115,,100,hardness_adaptive,3572.0,1886.5
82,,1,81,50,,,,0.931,1.414,,100,hardness_adaptive,4896.0,3540.25
83,,2,83,50,,,,0.571,1.174,,100,hardness_adaptive,4132.0,3802.0
84,,0,83,50,,,,0.727,1.265,,100,hardness_adaptive,4019.0,3905.75
85,,1,84,50,,,,0.605,1.308,,100,hardness_adaptive,5279.0,4036.5
86,,2,86,50,,,,0.889,1.234,,100,hardness_adaptive,1811.0,1663.25
87,,1,87,50,,,,0.481,1.283,,100,hardness_adaptive,1647.0,1628.0
88,,1,88,50,,,,0.667,1.218,,100,hardness_adaptive,3520.0,1659.25
89,,0,88,50,,,,0.558,1.107,,100,hardness_adaptive,3676.0,1675.75
90,,1,89,50,,,,0.766,1.211,,100,hardness_adaptive,4678.0,1709.75
91,,1,90,50,,,,0.451,1.089,,100,hardness_adaptive,3415.0,1776.75
92,,1,91,50,,,,0.503,1.201,,100,hardness_adaptive,3668.0,1836.75
93,,2,93,50,,,,0.65,1.247,,100,hardness_adaptive,3385.0,3260.0
94,,2,95,50,,,,0.646,1.238,,100,hardness_adaptive,3686.0,3522.5
95,,1,96,50,,,,0.589,1.222,,100,hardness_adaptive,3981.0,3686.75
96,,0,96,50,,,,0.689,1.071,,100,hardness_adaptive,4111.0,3897.0
97,,1,97,50,,,,0.547,1.159,,100,hardness_adaptive,4106.0,3982.5
98,,3,100,50,,,,0.581,1.246,,100,hardness_adaptive,4380.0,4107.25
99,,1,101,50,,,,0.588,1.199,,100,hardness_adaptive,4808.0,4200.75
100,,1,102,50,,,,0.618,1.174,,100,hardness_adaptive,5284.0,4299.75
101,,0,102,50,,,,0.526,1.221,,100,hardness_adaptive,4800.0,4426.0
102,,1,103,50,,,,0.561,1.36,,100,hardness_adaptive,4904.0,4526.75
103,,1,104,50,,,,0.81,1.3,,100,hardness_adaptive,4958.0,4633.0
104,,1,105,50,,,,0.61,1.221,,100,hardness_adaptive,5346.0,4802.0
105,,2,107,50,,,,0.883,1.223,,100,hardness_adaptive,5298.0,4971.75
106,,1,108,50,,,,0.646,1.258,,100,hardness_adaptive,5301.0,5086.25
107,,1,109,50,,,,0.629,1.269,,100,hardness_adaptive,5362.0,5219.5
108,,3,112,50,,,,0.699,1.243,,100,hardness_adaptive,5560.0,5284.75
109,,2,114,50,,,,0.729,0.895,,100,hardness_adaptive,2052.0,2042.5
110,,1,115,50,,,,0.558,1.188,,100,hardness_adaptive,2181.0,2018.25
111,,0,115,50,,,,0.608,1.222,,100,hardness_adaptive,5485.0,2023.0
112,,1,116,50,,,,0.528,1.088,,100,hardness_adaptive,4885.0,2050.5
113,,1,117,50,,,,0.762,1.234,,100,hardness_adaptive,5853.0,2065.5
114,,0,117,50,,,,0.672,1.29,,100,hardness_adaptive,5919.0,2109.75
115,,1,118,50,,,,0.655,1.24,,100,hardness_adaptive,5563.0,2181.25
116,,1,119,50,,,,0.477,1.139,,100,hardness_adaptive,4434.0,4387.5
117,,2,121,50,,,,0.641,1.308,,100,hardness_adaptive,5962.0,4610.0
118,,1,122,50,,,,0.602,1.257,,100,hardness_adaptive,5630.0,4770.25
119,,1,123,50,,,,0.734,1.112,,100,hardness_adaptive,5907.0,4936.25
120,,1,124,50,,,,0.821,1.296,,100,hardness_adaptive,5480.0,5106.0
121,,1,125,50,,,,0.736,0.95,,100,hardness_adaptive,2202.0,2100.75
122,,0,125,50,,,,0.566,1.172,,100,hardness_adaptive,2066.0,2014.75
123,,2,127,50,,,,0.686,1.224,,100,hardness_adaptive,4808.0,2030.5
124,,1,128,50,,,,0.598,1.261,,100,hardness_adaptive,5027.0,2050.25
125,,1,129,50,,,,0.5,1.12,,100,hardness_adaptive,3873.0,2081.0
126,,1,130,50,,,,0.512,1.214,,100,hardness_adaptive,5049.0,2121.5
127,,1,131,50,,,,0.792,1.216,,100,hardness_adaptive,4899.0,2205.0
128,,0,131,50,,,,0.589,1.21,,100,hardness_adaptive,4636.0,4413.75
129,,1,132,50,,,,0.601,1.169,,100,hardness_adaptive,5324.0,4616.75
130,,2,134,50,,,,0.633,1.238,,100,hardness_adaptive,5506.0,4811.25
131,,0,134,50,,,,0.554,1.257,,100,hardness_adaptive,5690.0,4984.75
132,,1,135,50,,,,0.565,1.095,,100,hardness_adaptive,5141.0,5111.5
133,,1,136,50,,,,0.654,1.27,,100,hardness_adaptive,5519.0,5214.0
134,,0,136,50,,,,0.7,1.294,,100,hardness_adaptive,2183.0,2075.75
135,,0,136,50,,,,0.832,1.159,,100,hardness_adaptive,2189.0,2032.25
136,,2,138,50,,,,0.786,1.238,,100,hardness_adaptive,2078.0,2028.0
137,,2,140,50,,,,0.579,1.503,,100,hardness_adaptive,2048.0,2026.25
138,,2,142,50,,,,0.672,1.138,,100,hardness_adaptive,2018.0,2014.0
139,,1,143,50,,,,0.478,1.116,,100,hardness_adaptive,4425.0,2028.5
140,,1,144,50,,,,0.525,1.178,,100,hardness_adaptive,4720.0,2046.5
141,,2,146,50,,,,0.431,1.126,,100,hardness_adaptive,3782.0,2086.0
142,,0,146,50,,,,0.58,1.213,,100,hardness_adaptive,4618.0,2107.0
143,,1,147,50,,,,0.621,1.183,,100,hardness_adaptive,5501.0,2194.5
144,,1,148,50,,,,0.584,1.178,,100,hardness_adaptive,5266.0,4067.25
145,,0,148,50,,,,0.659,1.228,,100,hardness_adaptive,5675.0,4393.75
146,,1,149,50,,,,0.542,1.119,,100,hardness_adaptive,5379.0,4619.0
147,,0,149,50,,,,0.793,1.218,,100,hardness_adaptive,5497.0,4741.0
148,,1,150,50,,,,0.673,1.259,,100,hardness_adaptive,5319.0,4867.75
149,,0,150,50,,,,0.606,1.212,,100,hardness_adaptive,5868.0,4998.75
150,,2,152,50,,,,0.576,1.249,,100,hardness_adaptive,5581.0,5099.25
151,,0,152,50,,,,0.609,1.313,,100,hardness_adaptive,5596.0,5227.0
152,,1,153,50,,,,0.663,1.294,,100,hardness_adaptive,5932.0,5307.0
153,,1,154,50,,,,0.786,1.29,,100,hardness_adaptive,2262.0,2037.0
154,,0,154,50,,,,0.778,1.231,,100,hardness_adaptive,2212.0,2034.25
155,,3,157,50,,,,0.526,1.207,,100,hardness_adaptive,3615.0,2045.25
156,,1,158,50,,,,0.62,1.202,,100,hardness_adaptive,5474.0,2074.5
157,,2,160,50,,,,0.59,1.254,,100,hardness_adaptive,4340.0,2109.75
158,,0,160,50,,,,0.536,1.368,,100,hardness_adaptive,4873.0,2151.5
159,,0,160,50,,,,0.603,1.195,,100,hardness_adaptive,4877.0,2263.25
160,,0,160,50,,,,0.518,1.169,,100,hardness_adaptive,4901.0,4392.5
161,,2,162,50,,,,0.572,1.239,,100,hardness_adaptive,5268.0,4796.25
162,,0,162,50,,,,0.599,1.223,,100,hardness_adaptive,5730.0,4890.5
163,,1,163,50,,,,0.779,1.216,,100,hardness_adaptive,5372.0,5020.0
164,,2,165,50,,,,0.816,1.23,,100,hardness_adaptive,5439.0,5113.25
165,,0,165,50,,,,0.554,1.262,,100,hardness_adaptive,5403.0,5207.0
166,,1,166,50,,,,0.579,1.189,,100,hardness_adaptive,5443.0,5286.25
167,,0,166,50,,,,0.62,1.319,,100,hardness_adaptive,2170.0,2051.75
168,,2,168,50,,,,0.588,1.265,,100,hardness_adaptive,2051.0,2020.0
169,,0,168,50,,,,0.677,1.257,,100,hardness_adaptive,6418.0,2025.0
170,,2,170,50,,,,0.584,1.155,,100,hardness_adaptive,4312.0,2058.75
171,,1,171,50,,,,0.511,1.17,,100,hardness_adaptive,3217.0,2081.0
172,,1,172,50,,,,0.77,1.093,,100,hardness_adaptive,4948.0,2113.0
173,,0,172,50,,,,0.549,1.133,,100,hardness_adaptive,5456.0,2156.5
174,,1,173,50,,,,0.6,1.199,,100,hardness_adaptive,5280.0,3637.75
175,,1,174,50,,,,0.846,1.194,,100,hardness_adaptive,5604.0,4598.5
176,,2,176,50,,,,0.591,1.248,,100,hardness_adaptive,5361.0,4783.5
177,,0,176,50,,,,0.77,1.274,,100,hardness_adaptive,5351.0,4997.5
178,,1,177,50,,,,0.809,1.443,,100,hardness_adaptive,5482.0,5150.25
179,,1,178,50,,,,0.609,1.153,,100,hardness_adaptive,5252.0,5225.25
180,,2,180,50,,,,0.656,1.557,,100,hardness_adaptive,6348.0,5318.75
181,,1,181,50,,,,0.564,1.167,,100,hardness_adaptive,2131.0,2016.0
182,,2,183,50,,,,0.555,1.213,,100,hardness_adaptive,2058.0,2016.25
183,,0,183,50,,,,0.636,0.845,,100,hardness_adaptive,5562.0,2032.5
184,,0,183,50,,,,0.584,1.167,,100,hardness_adaptive,5041.0,2045.5
185,,1,184,50,,,,0.776,1.233,,100,hardness_adaptive,5033.0,2066.25
186,,2,186,50,,,,0.602,1.27,,100,hardness_adaptive,5561.0,2101.75
187,,1,187,50,,,,0.513,1.179,,100,hardness_adaptive,5199.0,2535.0
188,,0,187,50,,,,0.753,1.235,,100,hardness_adaptive,4899.0,4365.25
189,,0,187,50,,,,0.804,1.29,,100,hardness_adaptive,5354.0,4810.75
190,,1,188,50,,,,0.716,1.247,,100,hardness_adaptive,5304.0,4982.75
191,,3,191,50,,,,0.565,1.217,,100,hardness_adaptive,5202.0,5079.5
192,,1,192,50,,,,0.654,1.205,,100,hardness_adaptive,5912.0,5203.5
193,,2,194,50,,,,0.528,1.234,,100,hardness_adaptive,5325.0,5305.5
194,,1,195,50,,,,0.678,1.298,,100,hardness_adaptive,2131.0,2102.25
195,,1,196,50,,,,0.527,1.177,,100,hardness_adaptive,1938.0,1920.5
196,,2,198,50,,,,0.819,1.15,,100,hardness_adaptive,2003.0,1896.0
197,,1,199,50,,,,0.668,1.232,,100,hardness_adaptive,2103.0,1889.25
198,,0,199,50,,,,0.809,1.189,,100,hardness_adaptive,2169.0,1881.75
199,,0,199,50,,,,0.783,1.212,,100,hardness_adaptive,1934.0,1870.25
200,,2,201,50,,,,0.583,1.253,,100,hardness_adaptive,2055.0,1855.25
201,,0,201,50,,,,0.79,1.057,,100,hardness_adaptive,1954.0,1856.0
202,,1,202,50,,,,0.735,1.358,,100,hardness_adaptive,4388.0,1874.5
203,,0,202,50,,,,0.484,1.143,,100,hardness_adaptive,3836.0,1896.5
204,,2,204,50,,,,0.733,1.138,,100,hardness_adaptive,4076.0,1943.75
205,,1,205,50,,,,0.413,1.014,,100,hardness_adaptive,3825.0,1989.25
206,,0,205,50,,,,0.551,1.184,,100,hardness_adaptive,4905.0,2051.25
207,,0,205,50,,,,0.486,1.14,,100,hardness_adaptive,4321.0,3907.5
208,,2,207,50,,,,0.573,1.184,,100,hardness_adaptive,4515.0,4214.25
209,,0,207,50,,,,0.722,1.24,,100,hardness_adaptive,4549.0,4352.0
210,,2,209,50,,,,0.578,1.236,,100,hardness_adaptive,5561.0,4486.25
211,,1,210,50,,,,0.618,1.25,,100,hardness_adaptive,5215.0,4635.75
212,,1,211,50,,,,0.63,1.164,,100,hardness_adaptive,4786.0,4734.75
213,,2,213,50,,,,0.586,1.2,,100,hardness_adaptive,4973.0,4807.25
214,,1,214,50,,,,0.676,1.212,,100,hardness_adaptive,2083.0,1897.5
215,,2,216,50,,,,0.704,1.228,,100,hardness_adaptive,1940.0,1894.5
216,,1,217,50,,,,0.555,1.187,,100,hardness_adaptive,4449.0,1902.5
217,,1,218,50,,,,0.668,1.24,,100,hardness_adaptive,4699.0,1917.25
218,,0,218,50,,,,0.685,1.127,,100,hardness_adaptive,4031.0,1942.75
219,,1,219,50,,,,0.578,1.172,,100,hardness_adaptive,5341.0,1970.0
220,,1,220,50,,,,0.725,1.188,,100,hardness_adaptive,4040.0,2056.75
221,,0,220,50,,,,0.519,1.146,,100,hardness_adaptive,4668.0,3312.0
222,,0,220,50,,,,0.764,1.187,,100,hardness_adaptive,4848.0,4162.5
223,,0,220,50,,,,0.905,1.443,,100,hardness_adaptive,4877.0,4435.5
224,,1,221,50,,,,0.703,1.215,,100,hardness_adaptive,4764.0,4617.5
225,,1,222,50,,,,0.697,0.832,,100,hardness_adaptive,5578.0,4738.0
226,,1,223,50,,,,0.826,1.227,,100,hardness_adaptive,4951.0,4879.0
227,,2,225,50,,,,0.573,1.224,,100,hardness_adaptive,5271.0,4953.25
228,,0,225,50,,,,0.674,1.15,,100,hardness_adaptive,5271.0,5031.25
229,,1,226,50,,,,0.576,1.189,,100,hardness_adaptive,2189.0,1885.75
230,,1,227,50,,,,0.695,1.188,,100,hardness_adaptive,3990.0,1871.25
231,,1,228,50,,,,0.744,1.237,,100,hardness_adaptive,5002.0,1880.25
232,,2,230,50,,,,0.729,1.205,,100,hardness_adaptive,4407.0,1910.5
233,,0,230,50,,,,0.773,1.123,,100,hardness_adaptive,4809.0,1934.75
234,,2,232,50,,,,0.496,1.121,,100,hardness_adaptive,4038.0,1992.5
235,,1,233,50,,,,0.682,1.101,,100,hardness_adaptive,4185.0,3675.0
236,,2,235,50,,,,0.74,1.273,,100,hardness_adaptive,5413.0,4150.5
237,,1,236,50,,,,0.626,0.799,,100,hardness_adaptive,4646.0,4389.0
238,,3,239,50,,,,0.64,1.314,,100,hardness_adaptive,5217.0,4608.25
239,,2,241,50,,,,0.621,1.134,,100,hardness_adaptive,4800.0,4724.0
240,,2,243,50,,,,0.575,1.167,,100,hardness_adaptive,4889.0,4816.0
241,,2,245,50,,,,0.634,1.281,,100,hardness_adaptive,5070.0,4901.0
242,,3,248,50,,,,0.6,1.286,,100,hardness_adaptive,1921.0,1883.5
243,,1,249,50,,,,0.751,0.494,,100,hardness_adaptive,4392.0,1898.0
244,,2,251,50,,,,0.484,1.094,,100,hardness_adaptive,3874.0,1936.25
245,,1,252,50,,,,0.51,1.055,,100,hardness_adaptive,5067.0,1961.25
246,,2,254,50,,,,0.777,1.165,,100,hardness_adaptive,4849.0,1996.75
247,,0,254,50,,,,0.773,1.209,,100,hardness_adaptive,4615.0,2030.75
248,,1,255,50,,,,0.767,1.159,,100,hardness_adaptive,5335.0,3664.25
249,,2,257,50,,,,0.685,1.322,,100,hardness_adaptive,4746.0,4102.5
250,,0,257,50,,,,0.735,1.211,,100,hardness_adaptive,4628.0,4405.75
251,,1,258,50,,,,0.767,1.201,,100,hardness_adaptive,5189.0,4509.25
252,,2,260,50,,,,0.599,1.231,,100,hardness_adaptive,4885.0,4659.25
253,,2,262,50,,,,0.5,1.123,,100,hardness_adaptive,4775.0,4754.25
254,,0,262,50,,,,0.639,1.243,,100,hardness_adaptive,4901.0,4840.75
255,,1,263,50,,,,0.745,0.937,,100,hardness_adaptive,4969.0,4915.5
256,,1,264,50,,,,0.608,1.242,,100,hardness_adaptive,5213.0,4944.5
257,,2,266,50,,,,0.534,1.149,,100,hardness_adaptive,2033.0,1886.5
258,,1,267,50,,,,0.685,0.877,,100,hardness_adaptive,1978.0,1881.75
259,,0,267,50,,,,0.663,1.171,,100,hardness_adaptive,5485.0,1900.25
260,,0,267,50,,,,0.551,1.152,,100,hardness_adaptive,4616.0,1929.0
261,,3,270,50,,,,0.454,1.078,,100,hardness_adaptive,3846.0,1955.5
262,,2,272,50,,,,0.53,1.231,,100,hardness_adaptive,3786.0,1984.0
263,,2,274,50,,,,0.654,0.839,,100,hardness_adaptive,5360.0,2058.5
264,,2,276,50,,,,0.792,1.182,,100,hardness_adaptive,5508.0,3844.5
265,,1,277,50,,,,0.487,1.124,,100,hardness_adaptive,4364.0,4199.5
266,,0,277,50,,,,0.548,1.169,,100,hardness_adaptive,4587.0,4343.0
267,,1,278,50,,,,0.75,1.249,,100,hardness_adaptive,4687.0,4483.0
268,,2,280,50,,,,0.586,1.236,,100,hardness_adaptive,4805.0,4673.5
269,,0,280,50,,,,0.558,1.218,,100,hardness_adaptive,4850.0,4763.0
270,,2,282,50,,,,0.595,0.814,,100,hardness_adaptive,1894.0,1865.25
271,,0,282,50,,,,0.727,1.042,,100,hardness_adaptive,1901.0,1866.5
272,,2,284,50,,,,0.673,1.211,,100,hardness_adaptive,3649.0,1894.25
273,,0,284,50,,,,0.482,1.121,,100,hardness_adaptive,4436.0,1918.0
274,,2,286,50,,,,0.466,1.142,,100,hardness_adaptive,4116.0,1946.0
275,,0,286,50,,,,0.494,1.186,,100,hardness_adaptive,5064.0,1979.0
276,,1,287,50,,,,0.4,1.019,,100,hardness_adaptive,3924.0,2075.25
277,,0,287,50,,,,0.731,1.128,,100,hardness_adaptive,4707.0,3760.25
278,,2,289,50,,,,0.544,1.124,,100,hardness_adaptive,4409.0,4239.0
279,,1,290,50,,,,0.563,1.151,,100,hardness_adaptive,4926.0,4436.25
280,,2,292,50,,,,0.701,1.183,,100,hardness_adaptive,4623.0,4521.25
281,,2,294,50,,,,0.712,1.14,,100,hardness_adaptive,4718.0,4625.25
282,,0,294,50,,,,0.823,1.379,,100,hardness_adaptive,4917.0,4720.0
283,,1,295,50,,,,0.831,1.342,,100,hardness_adaptive,5192.0,4847.75
284,,1,296,50,,,,0.585,1.19,,100,hardness_adaptive,4992.0,4914.25
285,,0,296,50,,,,0.744,1.23,,100,hardness_adaptive,5006.0,4927.5
286,,0,296,50,,,,0.692,1.402,,100,hardness_adaptive,5431.0,4949.25
287,,0,296,50,,,,0.611,1.277,,100,hardness_adaptive,5207.0,4950.25
288,,1,297,50,,,,0.646,1.339,,100,hardness_adaptive,2002.0,1888.5
289,,1,298,50,,,,0.781,1.225,,100,hardness_adaptive,1905.0,1879.5
290,,1,299,50,,,,0.893,1.009,,100,hardness_adaptive,2060.0,1878.25
291,,0,299,50,,,,0.62,1.212,,100,hardness_adaptive,1999.0,1878.0
292,,1,300,50,,,,0.539,1.163,,100,hardness_adaptive,4548.0,1896.25
293,,0,300,50,,,,0.68,1.226,,100,hardness_adaptive,5312.0,1920.0
294,,1,301,50,,,,0.584,1.182,,100,hardness_adaptive,3331.0,1982.75
295,,2,303,50,,,,0.463,1.125,,100,hardness_adaptive,4149.0,2035.25
296,,1,304,50,,,,0.565,1.167,,100,hardness_adaptive,4958.0,2069.0
297,,2,306,50,,,,0.574,1.095,,100,hardness_adaptive,5137.0,3754.5
298,,1,307,50,,,,0.581,1.087,,100,hardness_adaptive,5069.0,4216.25
299,,0,307,50,,,,0.777,1.275,,100,hardness_adaptive,4807.0,4486.0
300,,3,310,50,,,,0.645,1.25,,100,hardness_adaptive,5113.0,4556.0
301,,0,310,50,,,,0.785,1.219,,100,hardness_adaptive,5121.0,4711.5
302,,0,310,50,,,,0.61,1.196,,100,hardness_adaptive,5126.0,4852.0
303,,1,311,50,,,,0.589,1.326,,100,hardness_adaptive,1979.0,1976.75
304,,1,312,50,,,,0.809,1.544,,100,hardness_adaptive,2100.0,1843.5
305,,1,313,50,,,,0.837,0.326,,100,hardness_adaptive,1944.0,1852.0
306,,1,314,50,,,,0.769,1.164,,100,hardness_adaptive,4867.0,1876.0
307,,1,315,50,,,,0.526,1.197,,100,hardness_adaptive,3830.0,1896.5
308,,0,315,50,,,,0.733,1.048,,100,hardness_adaptive,4497.0,1937.75
309,,1,316,50,,,,0.775,1.237,,100,hardness_adaptive,4805.0,1989.0
310,,0,316,50,,,,0.779,0.322,,100,hardness_adaptive,5362.0,2517.25
311,,0,316,50,,,,0.554,1.195,,100,hardness_adaptive,4321.0,4167.5
312,,2,318,50,,,,0.637,1.212,,100,hardness_adaptive,4991.0,4461.75
313,,1,319,50,,,,0.771,1.127,,100,hardness_adaptive,5043.0,4591.25
314,,1,320,50,,,,0.63,1.275,,100,hardness_adaptive,5338.0,4711.25
315,,1,321,50,,,,0.634,1.29,,100,hardness_adaptive,1966.0,1955.75
316,,1,322,50,,,,0.594,1.205,,100,hardness_adaptive,1955.0,1901.25
317,,2,324,50,,,,0.433,1.158,,100,hardness_adaptive,3373.0,1899.25
318,,1,325,50,,,,0.676,0.815,,100,hardness_adaptive,4368.0,1917.5
319,,0,325,50,,,,0.574,1.161,,100,hardness_adaptive,5198.0,1934.25
320,,2,327,50,,,,0.485,1.0,,100,hardness_adaptive,4284.0,1963.75
321,,2,329,50,,,,0.544,1.191,,100,hardness_adaptive,4468.0,2026.0
322,,1,330,50,,,,0.584,0.771,,100,hardness_adaptive,4771.0,3941.0
323,,1,331,50,,,,0.748,1.164,,100,hardness_adaptive,5262.0,4291.25
324,,0,331,50,,,,0.533,1.139,,100,hardness_adaptive,4709.0,4464.5
325,,2,333,50,,,,0.779,1.276,,100,hardness_adaptive,5111.0,4622.0
326,,1,334,50,,,,0.592,1.176,,100,hardness_adaptive,5131.0,4753.25
327,,0,334,50,,,,0.632,1.274,,100,hardness_adaptive,5327.0,4823.0
328,,0,334,50,,,,0.501,1.116,,100,hardness_adaptive,1899.0,1898.25
329,,2,336,50,,,,0.816,1.356,,100,hardness_adaptive,2041.0,1887.75
330,,2,338,50,,,,0.634,1.237,,100,hardness_adaptive,1958.0,1887.75
331,,1,339,50,,,,0.705,1.208,,100,hardness_adaptive,4387.0,1903.5
332,,1,340,50,,,,0.511,1.173,,100,hardness_adaptive,4252.0,1930.0
333,,1,341,50,,,,0.551,1.101,,100,hardness_adaptive,4634.0,1950.25
334,,0,341,50,,,,0.68,1.102,,100,hardness_adaptive,3405.0,1985.5
335,,0,341,50,,,,0.674,0.81,,100,hardness_adaptive,5671.0,2109.0
336,,2,343,50,,,,0.478,1.037,,100,hardness_adaptive,3987.0,3922.25
337,,2,345,50,,,,0.574,1.15,,100,hardness_adaptive,4482.0,4159.0
338,,1,346,50,,,,0.684,0.318,,100,hardness_adaptive,4508.0,4325.25
339,,0,346,50,,,,0.715,1.128,,100,hardness_adaptive,4883.0,4493.0
340,,3,349,50,,,,0.799,0.318,,100,hardness_adaptive,5127.0,4674.0
341,,1,350,50,,,,0.559,1.27,,100,hardness_adaptive,4902.0,4872.75
342,,0,350,50,,,,0.673,0.881,,100,hardness_adaptive,2045.0,2016.5
343,,2,352,50,,,,0.806,0.332,,100,hardness_adaptive,1981.0,1902.25
344,,2,354,50,,,,0.581,1.205,,100,hardness_adaptive,1923.0,1904.25
345,,0,354,50,,,,0.546,1.095,,100,hardness_adaptive,4352.0,1913.5
346,,1,355,50,,,,0.745,0.326,,100,hardness_adaptive,5803.0,1936.5
347,,2,357,50,,,,0.476,1.048,,100,hardness_adaptive,3312.0,1963.25
348,,1,358,50,,,,0.531,1.069,,100,hardness_adaptive,3740.0,2024.25
349,,0,358,50,,,,0.527,1.108,,100,hardness_adaptive,5435.0,2087.0
350,,2,360,50,,,,0.752,1.134,,100,hardness_adaptive,4439.0,3820.25
351,,0,360,50,,,,0.725,1.263,,100,hardness_adaptive,4610.0,4358.25
352,,2,362,50,,,,0.554,1.404,,100,hardness_adaptive,4844.0,4440.0
353,,0,362,50,,,,0.622,1.25,,100,hardness_adaptive,5123.0,4622.75
354,,1,363,50,,,,0.588,1.269,,100,hardness_adaptive,5615.0,4732.5
355,,0,363,50,,,,0.764,1.153,,100,hardness_adaptive,4881.0,4874.0
356,,2,365,50,,,,0.847,0.328,,100,hardness_adaptive,2035.0,1930.25
357,,1,366,50,,,,0.596,1.188,,100,hardness_adaptive,1941.0,1904.5
358,,1,367,50,,,,0.586,1.226,,100,hardness_adaptive,1919.0,1907.5
359,,1,368,50,,,,0.706,1.181,,100,hardness_adaptive,4227.0,1916.5
360,,0,368,50,,,,0.487,1.18,,100,hardness_adaptive,4135.0,1938.0
361,,1,369,50,,,,0.722,1.181,,100,hardness_adaptive,5243.0,1979.0
362,,2,371,50,,,,0.635,0.987,,100,hardness_adaptive,4261.0,2032.0
363,,1,372,50,,,,0.588,1.208,,100,hardness_adaptive,5039.0,2111.25
364,,1,373,50,,,,0.679,0.321,,100,hardness_adaptive,4195.0,3822.5
365,,0,373,50,,,,0.759,1.006,,100,hardness_adaptive,5145.0,4135.5
366,,1,374,50,,,,0.586,1.149,,100,hardness_adaptive,5036.0,4334.25
367,,0,374,50,,,,0.843,0.318,,100,hardness_adaptive,5361.0,4489.75
368,,1,375,50,,,,0.63,1.206,,100,hardness_adaptive,5006.0,4627.5
369,,0,375,50,,,,0.784,0.313,,100,hardness_adaptive,4913.0,4716.25
370,,1,376,50,,,,0.648,0.853,,100,hardness_adaptive,4941.0,4882.25
371,,1,377,50,,,,0.818,1.277,,100,hardness_adaptive,1985.0,1860.25
372,,1,378,50,,,,0.491,1.158,,100,hardness_adaptive,1902.0,1851.25
373,,1,379,50,,,,0.585,1.226,,100,hardness_adaptive,1864.0,1860.0
374,,2,381,50,,,,0.799,1.206,,100,hardness_adaptive,4872.0,1885.0
375,,2,383,50,,,,0.475,1.196,,100,hardness_adaptive,2931.0,1907.25
376,,1,384,50,,,,0.647,0.991,,100,hardness_adaptive,4333.0,1946.25
377,,0,384,50,,,,0.554,1.108,,100,hardness_adaptive,4657.0,1980.25
378,,2,386,50,,,,0.572,1.165,,100,hardness_adaptive,4927.0,2084.5
379,,0,386,50,,,,0.499,1.125,,100,hardness_adaptive,4430.0,4062.75
380,,0,386,50,,,,0.546,1.126,,100,hardness_adaptive,4926.0,4338.0
381,,1,387,50,,,,0.795,1.301,,100,hardness_adaptive,5089.0,4545.75
382,,0,387,50,,,,0.715,1.128,,100,hardness_adaptive,4888.0,4685.0
383,,0,387,50,,,,0.651,1.22,,100,hardness_adaptive,5276.0,4773.5
384,,1,388,50,,,,0.873,1.306,,100,hardness_adaptive,5575.0,4838.5
385,,1,389,50,,,,0.764,1.271,,100,hardness_adaptive,1939.0,1896.25
386,,1,390,50,,,,0.543,1.225,,100,hardness_adaptive,1903.0,1888.0
387,,0,390,50,,,,0.493,1.17,,100,hardness_adaptive,1901.0,1879.75
388,,0,390,50,,,,0.824,0.364,,100,hardness_adaptive,1873.0,1872.25
389,,1,391,50,,,,0.81,1.111,,100,hardness_adaptive,2088.0,1872.0
390,,2,393,50,,,,0.679,1.235,,100,hardness_adaptive,4396.0,1885.75
391,,1,394,50,,,,0.638,1.233,,100,hardness_adaptive,4822.0,1905.0
392,,1,395,50,,,,0.464,1.046,,100,hardness_adaptive,4128.0,1927.5
393,,1,396,50,,,,0.482,1.115,,100,hardness_adaptive,4021.0,1973.0
394,,2,398,50,,,,0.72,1.127,,100,hardness_adaptive,4965.0,2145.0
395,,0,398,50,,,,0.71,1.171,,100,hardness_adaptive,4685.0,4070.25
396,,2,400,50,,,,0.537,1.214,,100,hardness_adaptive,4518.0,4377.25
397,,2,402,50,,,,0.519,1.128,,100,hardness_adaptive,4620.0,4506.75
398,,0,402,50,,,,0.591,1.201,,100,hardness_adaptive,5046.0,4674.5
399,,1,403,50,,,,0.838,0.315,,100,hardness_adaptive,4924.0,4786.25
400,,2,405,50,,,,0.566,1.19,,100,hardness_adaptive,5076.0,4869.75
401,,2,407,50,,,,0.63,1.182,,100,hardness_adaptive,2067.0,1933.5
402,,1,408,50,,,,0.57,1.298,,100,hardness_adaptive,1901.0,1894.5
403,,1,409,50,,,,0.557,1.194,,100,hardness_adaptive,3736.0,1916.5
404,,1,410,50,,,,0.469,1.091,,100,hardness_adaptive,4607.0,1939.0
405,,1,411,50,,,,0.71,0.326,,100,hardness_adaptive,4737.0,1971.0
406,,1,412,50,,,,0.581,1.119,,100,hardness_adaptive,4503.0,2000.25
407,,0,412,50,,,,0.519,1.169,,100,hardness_adaptive,4716.0,2071.0
408,,1,413,50,,,,0.643,0.843,,100,hardness_adaptive,5472.0,3729.25
409,,1,414,50,,,,0.511,1.094,,100,hardness_adaptive,4486.0,4076.75
410,,1,415,50,,,,0.542,1.218,,100,hardness_adaptive,5033.0,4321.0
411,,2,417,50,,,,0.755,0.333,,100,hardness_adaptive,5069.0,4518.25
412,,1,418,50,,,,0.656,1.222,,100,hardness_adaptive,4910.0,4691.0
413,,1,419,50,,,,0.531,1.204,,100,hardness_adaptive,4959.0,4783.5
414,,2,421,50,,,,0.662,0.956,,100,hardness_adaptive,1919.0,1915.25
415,,0,421,50,,,,0.727,1.23,,100,hardness_adaptive,1911.0,1858.0
416,,1,422,50,,,,0.726,1.182,,100,hardness_adaptive,4822.0,1872.5
417,,1,423,50,,,,0.594,1.204,,100,hardness_adaptive,4920.0,1902.25
418,,1,424,50,,,,0.813,0.331,,100,hardness_adaptive,5426.0,1915.25
419,,0,424,50,,,,0.567,1.149,,100,hardness_adaptive,5000.0,1973.0
420,,1,425,50,,,,0.501,1.045,,100,hardness_adaptive,4600.0,2046.5
421,,2,427,50,,,,0.522,1.134,,100,hardness_adaptive,4988.0,3483.0
422,,2,429,50,,,,0.545,1.14,,100,hardness_adaptive,4504.0,4050.5
423,,0,429,50,,,,0.608,1.159,,100,hardness_adaptive,5377.0,4148.25
424,,1,430,50,,,,0.617,1.209,,100,hardness_adaptive,5206.0,4507.0
425,,1,431,50,,,,0.805,1.224,,100,hardness_adaptive,4944.0,4695.0
426,,1,432,50,,,,0.756,1.475,,100,hardness_adaptive,5252.0,4811.25
427,,2,434,50,,,,0.824,0.768,,100,hardness_adaptive,2008.0,1950.5
428,,1,435,50,,,,0.765,1.218,,100,hardness_adaptive,1887.0,1885.5
429,,0,435,50,,,,0.47,1.072,,100,hardness_adaptive,4678.0,1914.75
430,,1,436,50,,,,0.724,1.125,,100,hardness_adaptive,4603.0,1937.75
431,,2,438,50,,,,0.764,1.258,,100,hardness_adaptive,5117.0,1965.25
432,,2,440,50,,,,0.795,1.241,,100,hardness_adaptive,5370.0,2035.75
433,,0,440,50,,,,0.751,0.332,,100,hardness_adaptive,5067.0,2189.75
434,,2,442,50,,,,0.621,1.257,,100,hardness_adaptive,5359.0,4062.0
435,,3,445,50,,,,0.829,1.203,,100,hardness_adaptive,4721.0,4473.75
436,,2,447,50,,,,0.587,1.277,,100,hardness_adaptive,4765.0,4680.0
437,,0,447,50,,,,0.854,1.241,,100,hardness_adaptive,2405.0,2213.5
438,,1,448,50,,,,0.733,0.969,,100,hardness_adaptive,2346.0,2170.0
439,,1,449,50,,,,0.799,1.309,,100,hardness_adaptive,6311.0,2207.25
440,,0,449,50,,,,0.794,1.191,,100,hardness_adaptive,5366.0,2235.75
441,,1,450,50,,,,0.781,1.198,,100,hardness_adaptive,5082.0,2279.5
442,,0,450,50,,,,0.789,1.342,,100,hardness_adaptive,5266.0,2346.25
443,,1,451,50,,,,0.653,1.266,,100,hardness_adaptive,5801.0,3079.75
444,,2,453,50,,,,0.683,1.367,,100,hardness_adaptive,5985.0,5296.75
445,,2,455,50,,,,0.801,1.198,,100,hardness_adaptive,5765.0,5440.5
446,,3,458,50,,,,0.625,1.243,,100,hardness_adaptive,5918.0,5670.75
447,,1,459,50,,,,0.86,1.344,,100,hardness_adaptive,5752.0,5747.5
448,,1,460,50,,,,0.787,1.254,,100,hardness_adaptive,2221.0,2191.5
449,,1,461,50,,,,0.684,1.28,,100,hardness_adaptive,2410.0,2192.25
450,,0,461,50,,,,0.825,1.267,,100,hardness_adaptive,5659.0,2215.25
451,,2,463,50,,,,0.684,1.314,,100,hardness_adaptive,6012.0,2225.5
452,,0,463,50,,,,0.655,1.447,,100,hardness_adaptive,5993.0,2247.75
453,,1,464,50,,,,0.64,1.288,,100,hardness_adaptive,5284.0,2290.5
454,,1,465,50,,,,0.88,1.245,,100,hardness_adaptive,6247.0,2368.0
455,,1,466,50,,,,0.634,1.259,,100,hardness_adaptive,5610.0,5044.5
456,,2,468,50,,,,0.802,1.358,,100,hardness_adaptive,5931.0,5306.75
457,,1,469,50,,,,0.703,1.351,,100,hardness_adaptive,6053.0,5451.5
458,,0,469,50,,,,0.587,1.224,,100,hardness_adaptive,5746.0,5602.5
459,,1,470,50,,,,0.944,1.1,,100,hardness_adaptive,5935.0,5738.0
460,,1,471,50,,,,0.834,1.323,,100,hardness_adaptive,5984.0,5843.5
461,,0,471,50,,,,0.616,1.269,,100,hardness_adaptive,2237.0,2225.25
462,,2,473,50,,,,0.847,0.933,,100,hardness_adaptive,2242.0,2211.5
463,,0,473,50,,,,0.728,1.337,,100,hardness_adaptive,5782.0,2231.0
464,,1,474,50,,,,0.64,1.27,,100,hardness_adaptive,5361.0,2247.0
465,,0,474,50,,,,0.708,1.313,,100,hardness_adaptive,6301.0,2289.0
466,,0,474,50,,,,0.736,1.365,,100,hardness_adaptive,5420.0,2359.5
467,,1,475,50,,,,0.668,1.274,,100,hardness_adaptive,5933.0,2875.25
468,,0,475,50,,,,0.718,1.282,,100,hardness_adaptive,5955.0,5026.0
469,,1,476,50,,,,0.876,1.216,,100,hardness_adaptive,6202.0,5330.75
470,,1,477,50,,,,0.711,1.246,,100,hardness_adaptive,5755.0,5458.25
471,,0,477,50,,,,0.642,1.344,,100,hardness_adaptive,5729.0,5580.75
472,,0,477,50,,,,0.894,1.479,,100,hardness_adaptive,5928.0,5743.5
473,,0,477,50,,,,0.676,1.374,,100,hardness_adaptive,5940.0,5810.0
474,,1,478,50,,,,0.69,1.362,,100,hardness_adaptive,6222.0,5922.25
475,,0,478,50,,,,0.807,1.258,,100,hardness_adaptive,2186.0,2171.25
476,,1,479,50,,,,0.641,1.203,,100,hardness_adaptive,2356.0,2166.75
477,,2,481,50,,,,0.491,1.181,,100,hardness_adaptive,5313.0,2170.0
478,,0,481,50,,,,0.63,1.279,,100,hardness_adaptive,5710.0,2178.25
479,,0,481,50,,,,0.659,1.229,,100,hardness_adaptive,5928.0,2199.5
480,,0,481,50,,,,0.608,1.226,,100,hardness_adaptive,5691.0,2246.0
481,,2,483,50,,,,0.555,1.203,,100,hardness_adaptive,4954.0,2306.75
482,,1,484,50,,,,0.592,1.277,,100,hardness_adaptive,5864.0,4809.25
483,,2,486,50,,,,0.606,1.21,,100,hardness_adaptive,5956.0,5314.75
484,,1,487,50,,,,0.775,1.33,,100,hardness_adaptive,5783.0,5464.25
485,,0,487,50,,,,0.603,1.271,,100,hardness_adaptive,5870.0,5562.5
486,,0,487,50,,,,0.867,1.174,,100,hardness_adaptive,5892.0,5694.25
487,,1,488,50,,,,0.888,1.287,,100,hardness_adaptive,6356.0,5770.75
488,,1,489,50,,,,0.621,1.199,,100,hardness_adaptive,2355.0,2223.75
489,,2,491,50,,,,0.852,1.236,,100,hardness_adaptive,2286.0,2205.25
490,,0,491,50,,,,0.624,1.256,,100,hardness_adaptive,5831.0,2209.5
491,,0,491,50,,,,0.616,1.283,,100,hardness_adaptive,5782.0,2229.75
492,,1,492,50,,,,0.57,1.246,,100,hardness_adaptive,5999.0,2248.5
493,,2,494,50,,,,0.666,1.302,,100,hardness_adaptive,5755.0,2273.5
494,,2,496,50,,,,0.596,1.221,,100,hardness_adaptive,5597.0,2318.5
495,,0,496,50,,,,0.798,1.251,,100,hardness_adaptive,5026.0,4740.75
496,,0,496,50,,,,0.67,0.871,,100,hardness_adaptive,5904.0,5259.75
497,,1,497,50,,,,0.812,1.274,,100,hardness_adaptive,5572.0,5495.75
498,,1,498,50,,,,0.665,1.351,,100,hardness_adaptive,5782.0,5601.25
499,,1,499,50,,,,0.75,1.019,,100,hardness_adaptive,5939.0,5711.5
500,,0,499,50,,,,0.688,1.347,,100,hardness_adaptive,2379.0,2222.0
501,,1,500,50,,,,0.703,1.359,,100,hardness_adaptive,2255.0,2202.25
502,,1,501,50,,,,0.835,1.312,,100,hardness_adaptive,2279.0,2186.25
503,,0,501,50,,,,0.601,1.268,,100,hardness_adaptive,5301.0,2218.25
504,,0,501,50,,,,0.659,1.273,,100,hardness_adaptive,6161.0,2231.5
505,,0,501,50,,,,0.846,1.271,,100,hardness_adaptive,6359.0,2277.5
506,,1,502,50,,,,0.605,1.243,,100,hardness_adaptive,5039.0,2302.25
507,,0,502,50,,,,0.706,1.303,,100,hardness_adaptive,6052.0,2414.75
508,,0,502,50,,,,0.615,1.216,,100,hardness_adaptive,5757.0,4976.0
509,,0,502,50,,,,0.594,1.27,,100,hardness_adaptive,6059.0,5369.25
510,,1,503,50,,,,0.699,1.317,,100,hardness_adaptive,5542.0,5540.5
511,,0,503,50,,,,0.834,1.261,,100,hardness_adaptive,5839.0,5624.75
512,,0,503,50,,,,0.66,1.301,,100,hardness_adaptive,5945.0,5720.0
513,,1,504,50,,,,0.709,1.38,,100,hardness_adaptive,2430.0,2343.5
514,,1,505,50,,,,0.853,1.311,,100,hardness_adaptive,2226.0,2197.5
515,,1,506,50,,,,0.601,1.36,,100,hardness_adaptive,2217.0,2187.25
516,,1,507,50,,,,0.639,1.229,,100,hardness_adaptive,5112.0,2181.5
517,,1,508,50,,,,0.676,1.265,,100,hardness_adaptive,5944.0,2209.0
518,,0,508,50,,,,0.649,1.3,,100,hardness_adaptive,5588.0,2220.75
519,,0,508,50,,,,0.623,1.281,,100,hardness_adaptive,5587.0,2264.5
520,,0,508,50,,,,0.857,1.248,,100,hardness_adaptive,5179.0,2331.25
521,,1,509,50,,,,0.827,1.323,,100,hardness_adaptive,6309.0,4287.5
522,,1,510,50,,,,0.639,1.222,,100,hardness_adaptive,5704.0,5173.0
523,,0,510,50,,,,0.717,1.346,,100,hardness_adaptive,6583.0,5442.0
524,,1,511,50,,,,0.73,0.92,,100,hardness_adaptive,5703.0,5564.5
525,,1,512,50,,,,0.689,1.386,,100,hardness_adaptive,5857.0,5700.75
526,,1,513,50,,,,0.854,1.355,,100,hardness_adaptive,2332.0,2214.25
527,,1,514,50,,,,0.643,1.229,,100,hardness_adaptive,2244.0,2120.0
528,,2,516,50,,,,0.618,1.254,,100,hardness_adaptive,2195.0,2123.0
529,,2,518,50,,,,0.605,1.152,,100,hardness_adaptive,4864.0,2138.75
530,,1,519,50,,,,0.799,1.256,,100,hardness_adaptive,6149.0,2160.75
531,,2,521,50,,,,0.561,1.173,,100,hardness_adaptive,5172.0,2196.75
532,,2,523,50,,,,0.718,1.234,,100,hardness_adaptive,5570.0,2277.0
533,,1,524,50,,,,0.731,1.217,,100,hardness_adaptive,4466.0,2803.25
534,,1,525,50,,,,0.69,1.219,,100,hardness_adaptive,5902.0,4882.5
535,,1,526,50,,,,0.791,1.253,,100,hardness_adaptive,6122.0,5175.25
536,,3,529,50,,,,0.567,1.137,,100,hardness_adaptive,5356.0,5353.0
537,,0,529,50,,,,0.616,1.325,,100,hardness_adaptive,5856.0,5482.75
538,,1,530,50,,,,0.682,1.305,,100,hardness_adaptive,2132.0,2089.25
539,,1,531,50,,,,0.797,1.307,,100,hardness_adaptive,2314.0,2104.75
540,,1,532,50,,,,0.774,1.239,,100,hardness_adaptive,5299.0,2110.5
541,,0,532,50,,,,0.556,1.238,,100,hardness_adaptive,5109.0,2129.75
542,,0,532,50,,,,0.775,1.147,,100,hardness_adaptive,5287.0,2199.25
543,,1,533,50,,,,0.581,1.172,,100,hardness_adaptive,4872.0,2238.5
544,,0,533,50,,,,0.634,1.237,,100,hardness_adaptive,5809.0,2291.25
545,,1,534,50,,,,0.543,1.227,,100,hardness_adaptive,5231.0,4704.0
546,,0,534,50,,,,0.804,1.299,,100,hardness_adaptive,5899.0,4957.0
547,,2,536,50,,,,0.613,1.189,,100,hardness_adaptive,5424.0,5219.0
548,,1,537,50,,,,0.692,0.927,,100,hardness_adaptive,5711.0,5320.5
549,,0,537,50,,,,0.794,1.081,,100,hardness_adaptive,2185.0,2133.0
550,,0,537,50,,,,0.606,1.219,,100,hardness_adaptive,2203.0,2082.25
551,,3,540,50,,,,0.615,1.148,,100,hardness_adaptive,5237.0,2107.0
552,,1,541,50,,,,0.722,1.235,,100,hardness_adaptive,5323.0,2136.25
553,,1,542,50,,,,1.021,1.298,,100,hardness_adaptive,4890.0,2148.5
554,,2,544,50,,,,0.561,1.13,,100,hardness_adaptive,4915.0,2208.0
555,,1,545,50,,,,0.673,1.247,,100,hardness_adaptive,4426.0,2360.5
556,,0,545,50,,,,0.706,1.21,,100,hardness_adaptive,6097.0,4505.75
557,,1,546,50,,,,0.57,1.196,,100,hardness_adaptive,5767.0,4896.25
558,,2,548,50,,,,0.591,1.269,,100,hardness_adaptive,6168.0,5185.5
559,,2,550,50,,,,0.632,1.277,,100,hardness_adaptive,5551.0,5323.75
560,,2,552,50,,,,0.609,1.285,,100,hardness_adaptive,5445.0,5433.0
561,,1,553,50,,,,0.814,1.13,,100,hardness_adaptive,5558.0,5487.75
562,,0,553,50,,,,0.869,1.248,,100,hardness_adaptive,5528.0,5526.5
563,,1,554,50,,,,0.908,1.289,,100,hardness_adaptive,5676.0,5544.5
564,,0,554,50,,,,0.843,1.312,,100,hardness_adaptive,2189.0,2169.75
565,,2,556,50,,,,0.628,1.218,,100,hardness_adaptive,2087.0,2086.25
566,,2,558,50,,,,0.848,1.129,,100,hardness_adaptive,2092.0,2072.0
567,,1,559,50,,,,0.612,1.228,,100,hardness_adaptive,2141.0,2065.75
568,,2,561,50,,,,0.5,1.164,,100,hardness_adaptive,5004.0,2077.5
569,,2,563,50,,,,0.568,1.151,,100,hardness_adaptive,5526.0,2094.25
570,,0,563,50,,,,0.694,1.167,,100,hardness_adaptive,4897.0,2116.25
571,,0,563,50,,,,0.755,1.181,,100,hardness_adaptive,5334.0,2141.0
572,,0,563,50,,,,0.578,1.187,,100,hardness_adaptive,5332.0,2208.75
573,,0,563,50,,,,0.727,1.304,,100,hardness_adaptive,4577.0,4505.25
574,,0,563,50,,,,0.576,1.206,,100,hardness_adaptive,4977.0,4866.75
575,,0,563,50,,,,0.813,0.894,,100,hardness_adaptive,5799.0,4987.0
576,,2,565,50,,,,0.623,1.178,,100,hardness_adaptive,5423.0,5189.25
577,,1,566,50,,,,0.625,1.241,,100,hardness_adaptive,5821.0,5295.0
578,,1,567,50,,,,0.696,1.35,,100,hardness_adaptive,5967.0,5383.25
579,,0,567,50,,,,0.601,1.197,,100,hardness_adaptive,5568.0,5476.75
580,,0,567,50,,,,0.913,1.36,,100,hardness_adaptive,2213.0,2100.5
581,,2,569,50,,,,0.613,1.227,,100,hardness_adaptive,2209.0,2100.5
582,,1,570,50,,,,0.597,1.233,,100,hardness_adaptive,5013.0,2102.75
583,,0,570,50,,,,0.736,1.137,,100,hardness_adaptive,5412.0,2128.75
584,,1,571,50,,,,0.683,1.244,,100,hardness_adaptive,5284.0,2168.25
585,,0,571,50,,,,0.673,1.184,,100,hardness_adaptive,6156.0,2189.5
586,,0,571,50,,,,0.552,1.227,,100,hardness_adaptive,4299.0,2225.25
587,,2,573,50,,,,0.483,1.128,,100,hardness_adaptive,4482.0,3947.25
588,,2,575,50,,,,0.583,1.182,,100,hardness_adaptive,5444.0,4777.5
589,,1,576,50,,,,0.699,1.195,,100,hardness_adaptive,5842.0,5034.5
590,,2,578,50,,,,0.781,1.196,,100,hardness_adaptive,6042.0,5218.5
591,,0,578,50,,,,0.803,1.265,,100,hardness_adaptive,5688.0,5328.0
592,,1,579,50,,,,0.703,1.236,,100,hardness_adaptive,5804.0,5405.25
593,,0,579,50,,,,0.653,1.275,,100,hardness_adaptive,5808.0,5522.5
594,,2,581,50,,,,0.661,1.28,,100,hardness_adaptive,2163.0,2140.0
595,,0,581,50,,,,0.589,1.232,,100,hardness_adaptive,2137.0,2100.75
596,,1,582,50,,,,0.628,1.261,,100,hardness_adaptive,2111.0,2100.75
597,,0,582,50,,,,0.624,1.267,,100,hardness_adaptive,2091.0,2089.25
598,,1,583,50,,,,0.651,1.259,,100,hardness_adaptive,2340.0,2105.5
599,,0,583,50,,,,0.502,1.141,,100,hardness_adaptive,4884.0,2125.75
600,,0,583,50,,,,0.531,1.094,,100,hardness_adaptive,4393.0,2137.0
601,,2,585,50,,,,0.564,1.248,,100,hardness_adaptive,4679.0,2163.25
602,,0,585,50,,,,0.512,1.141,,100,hardness_adaptive,5036.0,2217.75
603,,0,585,50,,,,0.595,1.166,,100,hardness_adaptive,5778.0,2696.5
604,,1,586,50,,,,0.671,0.862,,100,hardness_adaptive,5073.0,4450.0
605,,0,586,50,,,,0.625,1.248,,100,hardness_adaptive,5323.0,4844.75
606,,2,588,50,,,,0.554,1.154,,100,hardness_adaptive,5117.0,5020.25
607,,1,589,50,,,,0.571,1.244,,100,hardness_adaptive,5300.0,5194.75
608,,1,590,50,,,,0.606,1.244,,100,hardness_adaptive,5713.0,5291.0
609,,2,592,50,,,,0.862,1.332,,100,hardness_adaptive,5446.0,5433.0
610,,0,592,50,,,,0.718,0.924,,100,hardness_adaptive,2164.0,2148.25
611,,3,595,50,,,,0.616,1.21,,100,hardness_adaptive,2126.0,2097.75
612,,1,596,50,,,,0.497,1.148,,100,hardness_adaptive,4596.0,2116.0
613,,1,597,50,,,,0.74,1.245,,100,hardness_adaptive,4927.0,2149.5
614,,0,597,50,,,,0.626,0.832,,100,hardness_adaptive,4479.0,2173.5
615,,1,598,50,,,,0.776,1.012,,100,hardness_adaptive,6017.0,2213.25
616,,0,598,50,,,,0.599,1.185,,100,hardness_adaptive,5456.0,2267.0
617,,0,598,50,,,,0.569,1.329,,100,hardness_adaptive,4443.0,4287.0
618,,1,599,50,,,,0.644,1.253,,100,hardness_adaptive,5332.0,4628.5
619,,2,601,50,,,,0.54,1.207,,100,hardness_adaptive,5256.0,4809.75
620,,1,602,50,,,,0.712,0.962,,100,hardness_adaptive,5527.0,5155.75
621,,0,602,50,,,,0.665,1.199,,100,hardness_adaptive,5784.0,5239.5
622,,3,605,50,,,,0.668,1.222,,100,hardness_adaptive,5726.0,5369.5
623,,1,606,50,,,,0.671,1.243,,100,hardness_adaptive,5972.0,5461.5
624,,0,606,50,,,,0.574,1.211,,100,hardness_adaptive,2079.0,2017.25
625,,1,607,50,,,,0.567,1.065,,100,hardness_adaptive,4704.0,2018.0
626,,0,607,50,,,,0.495,1.088,,100,hardness_adaptive,4183.0,2023.0
627,,1,608,50,,,,0.819,1.187,,100,hardness_adaptive,5521.0,2042.25
628,,2,610,50,,,,0.612,1.123,,100,hardness_adaptive,5394.0,2079.25
629,,2,612,50,,,,0.453,1.095,,100,hardness_adaptive,4264.0,2139.75
630,,0,612,50,,,,0.518,1.014,,100,hardness_adaptive,4495.0,3594.25
631,,3,615,50,,,,0.523,1.196,,100,hardness_adaptive,4808.0,4265.5
632,,2,617,50,,,,0.792,1.265,,100,hardness_adaptive,5374.0,4621.25
633,,1,618,50,,,,0.691,1.187,,100,hardness_adaptive,5514.0,4897.75
634,,2,620,50,,,,0.643,0.8,,100,hardness_adaptive,5894.0,5078.0
635,,2,622,50,,,,0.894,1.277,,100,hardness_adaptive,5504.0,5263.0
636,,0,622,50,,,,0.747,1.405,,100,hardness_adaptive,2189.0,2108.0
637,,1,623,50,,,,0.703,1.281,,100,hardness_adaptive,2121.0,2019.0
638,,0,623,50,,,,0.685,1.167,,100,hardness_adaptive,2013.0,2007.0
639,,0,623,50,,,,0.469,1.152,,100,hardness_adaptive,3896.0,2014.0
640,,2,625,50,,,,0.548,1.228,,100,hardness_adaptive,5282.0,2031.25
641,,0,625,50,,,,0.577,1.18,,100,hardness_adaptive,5054.0,2066.75
642,,1,626,50,,,,0.606,1.23,,100,hardness_adaptive,5438.0,2111.5
643,,0,626,50,,,,0.601,1.2,,100,hardness_adaptive,4844.0,2181.75
644,,1,627,50,,,,0.636,1.261,,100,hardness_adaptive,5726.0,3938.5
645,,2,629,50,,,,0.608,1.178,,100,hardness_adaptive,4742.0,4489.25
646,,1,630,50,,,,0.805,1.271,,100,hardness_adaptive,5197.0,4772.0
647,,1,631,50,,,,0.618,1.448,,100,hardness_adaptive,5536.0,4941.5
648,,0,631,50,,,,0.587,1.155,,100,hardness_adaptive,5306.0,5065.5
649,,1,632,50,,,,0.595,1.099,,100,hardness_adaptive,5588.0,5187.25
650,,0,632,50,,,,0.813,1.334,,100,hardness_adaptive,5986.0,5282.75
651,,1,633,50,,,,0.799,0.567,,100,hardness_adaptive,2122.0,2113.25
652,,0,633,50,,,,0.701,0.883,,100,hardness_adaptive,2127.0,2040.0
653,,1,634,50,,,,0.589,1.181,,100,hardness_adaptive,4911.0,2044.25
654,,0,634,50,,,,0.703,1.273,,100,hardness_adaptive,4066.0,2059.5
655,,2,636,50,,,,0.522,1.143,,100,hardness_adaptive,4593.0,2094.25
656,,1,637,50,,,,0.611,1.178,,100,hardness_adaptive,5298.0,2112.0
657,,0,637,50,,,,0.671,0.795,,100,hardness_adaptive,5490.0,2156.0
658,,0,637,50,,,,0.525,1.157,,100,hardness_adaptive,5366.0,4112.75
659,,1,638,50,,,,0.629,1.232,,100,hardness_adaptive,5467.0,4579.25
660,,2,640,50,,,,0.804,1.124,,100,hardness_adaptive,5236.0,4755.0
661,,2,642,50,,,,0.674,1.311,,100,hardness_adaptive,5366.0,4970.75
662,,0,642,50,,,,0.678,1.3,,100,hardness_adaptive,5521.0,5162.5
663,,2,644,50,,,,0.596,1.267,,100,hardness_adaptive,5897.0,5251.0
664,,0,644,50,,,,0.683,1.347,,100,hardness_adaptive,5828.0,5323.0
665,,0,644,50,,,,0.905,1.398,,100,hardness_adaptive,2070.0,1992.5
666,,1,645,50,,,,0.789,1.23,,100,hardness_adaptive,2327.0,1989.0
667,,2,647,50,,,,0.55,1.239,,100,hardness_adaptive,4452.0,2000.25
668,,2,649,50,,,,0.673,1.202,,100,hardness_adaptive,4460.0,2032.5
669,,1,650,50,,,,0.588,1.194,,100,hardness_adaptive,5579.0,2056.5
670,,2,652,50,,,,0.721,1.063,,100,hardness_adaptive,4597.0,2122.75
671,,2,654,50,,,,0.621,1.183,,100,hardness_adaptive,5576.0,2194.0
672,,2,656,50,,,,0.599,1.158,,100,hardness_adaptive,5113.0,4433.25
673,,1,657,50,,,,0.768,1.223,,100,hardness_adaptive,5257.0,4689.5
674,,1,658,50,,,,0.693,1.335,,100,hardness_adaptive,5391.0,4866.75
675,,1,659,50,,,,0.77,1.267,,100,hardness_adaptive,5044.0,5017.25
676,,1,660,50,,,,0.645,1.193,,100,hardness_adaptive,5959.0,5117.75
677,,1,661,50,,,,0.755,1.3,,100,hardness_adaptive,5728.0,5301.25
678,,0,661,50,,,,0.599,1.239,,100,hardness_adaptive,5454.0,5366.0
679,,0,661,50,,,,0.666,1.225,,100,hardness_adaptive,2052.0,2042.25
680,,1,662,50,,,,0.649,1.202,,100,hardness_adaptive,2087.0,2006.75
681,,2,664,50,,,,0.794,1.261,,100,hardness_adaptive,5406.0,2019.25
682,,3,667,50,,,,0.626,1.279,,100,hardness_adaptive,3829.0,2037.0
683,,2,669,50,,,,0.777,1.285,,100,hardness_adaptive,5583.0,2053.75
684,,1,670,50,,,,0.522,1.089,,100,hardness_adaptive,4731.0,2097.25
685,,2,672,50,,,,0.796,1.239,,100,hardness_adaptive,5360.0,2186.5
686,,1,673,50,,,,0.637,1.312,,100,hardness_adaptive,5508.0,3100.25
687,,2,675,50,,,,0.576,1.172,,100,hardness_adaptive,5361.0,4552.0
688,,1,676,50,,,,0.81,1.195,,100,hardness_adaptive,5167.0,4894.75
689,,2,678,50,,,,0.55,1.146,,100,hardness_adaptive,5161.0,5065.25
690,,0,678,50,,,,0.841,1.392,,100,hardness_adaptive,5737.0,5225.0
691,,1,679,50,,,,0.751,0.963,,100,hardness_adaptive,6267.0,5321.25
692,,2,681,50,,,,0.651,1.311,,100,hardness_adaptive,2220.0,2034.75
693,,2,683,50,,,,0.824,1.333,,100,hardness_adaptive,2128.0,2039.0
694,,1,684,50,,,,0.776,1.233,,100,hardness_adaptive,4534.0,2058.5
695,,0,684,50,,,,0.528,1.216,,100,hardness_adaptive,4734.0,2091.25
696,,3,687,50,,,,0.568,1.257,,100,hardness_adaptive,5146.0,2114.5
697,,0,687,50,,,,0.585,1.212,,100,hardness_adaptive,5789.0,2138.75
698,,2,689,50,,,,0.485,1.182,,100,hardness_adaptive,4044.0,2251.0
699,,0,689,50,,,,0.527,1.166,,100,hardness_adaptive,5488.0,4411.75
700,,1,690,50,,,,0.633,1.227,,100,hardness_adaptive,4963.0,4702.5
701,,0,690,50,,,,0.589,1.243,,100,hardness_adaptive,5269.0,4912.0
702,,1,691,50,,,,0.811,1.39,,100,hardness_adaptive,5164.0,5060.5
703,,1,692,50,,,,0.596,1.216,,100,hardness_adaptive,5581.0,5210.0
704,,1,693,50,,,,0.612,1.177,,100,hardness_adaptive,2064.0,2022.75
705,,0,693,50,,,,0.669,1.212,,100,hardness_adaptive,2210.0,2032.75
706,,0,693,50,,,,0.684,1.299,,100,hardness_adaptive,2264.0,2025.0
707,,1,694,50,,,,0.687,1.272,,100,hardness_adaptive,2316.0,2025.75
708,,1,695,50,,,,0.57,1.213,,100,hardness_adaptive,4841.0,2025.75
709,,1,696,50,,,,0.596,1.133,,100,hardness_adaptive,4540.0,2053.25
710,,0,696,50,,,,0.6,0.861,,100,hardness_adaptive,4264.0,2074.0
711,,0,696,50,,,,0.752,1.237,,100,hardness_adaptive,4283.0,2113.5
712,,1,697,50,,,,0.597,1.249,,100,hardness_adaptive,5240.0,2202.5
713,,2,699,50,,,,0.777,0.354,,100,hardness_adaptive,5591.0,4191.25
714,,1,700,50,,,,0.789,1.19,,100,hardness_adaptive,5601.0,4601.75
715,,2,702,50,,,,0.631,1.246,,100,hardness_adaptive,5263.0,4897.75
716,,2,704,50,,,,0.616,1.288,,100,hardness_adaptive,5149.0,5006.0
717,,2,706,50,,,,0.879,1.301,,100,hardness_adaptive,5906.0,5170.25
718,,0,706,50,,,,0.785,1.312,,100,hardness_adaptive,5470.0,5254.75
719,,1,707,50,,,,0.863,1.343,,100,hardness_adaptive,5741.0,5312.75
720,,0,707,50,,,,0.877,1.168,,100,hardness_adaptive,2342.0,2036.25
721,,0,707,50,,,,0.543,1.255,,100,hardness_adaptive,5161.0,2044.5
722,,1,708,50,,,,0.601,1.255,,100,hardness_adaptive,5105.0,2077.5
723,,1,709,50,,,,0.859,1.229,,100,hardness_adaptive,6234.0,2103.0
724,,1,710,50,,,,0.829,1.154,,100,hardness_adaptive,6221.0,2133.0
725,,0,710,50,,,,0.486,1.157,,100,hardness_adaptive,4791.0,2172.75
726,,0,710,50,,,,0.78,1.019,,100,hardness_adaptive,4931.0,3562.5
727,,2,712,50,,,,0.749,1.227,,100,hardness_adaptive,4749.0,4369.75
728,,2,714,50,,,,0.804,1.231,,100,hardness_adaptive,5616.0,4857.75
729,,0,714,50,,,,0.669,1.207,,100,hardness_adaptive,5553.0,4945.75
730,,0,714,50,,,,0.815,0.351,,100,hardness_adaptive,5230.0,5099.0
731,,0,714,50,,,,0.914,0.332,,100,hardness_adaptive,2182.0,2078.5
732,,2,716,50,,,,0.564,1.176,,100,hardness_adaptive,2070.0,2039.0
733,,1,717,50,,,,0.678,1.296,,100,hardness_adaptive,2047.0,2033.25
734,,0,717,50,,,,0.761,1.075,,100,hardness_adaptive,5494.0,2044.5
735,,1,718,50,,,,0.475,1.136,,100,hardness_adaptive,4173.0,2059.75
736,,2,720,50,,,,0.74,1.158,,100,hardness_adaptive,5196.0,2078.5
737,,0,720,50,,,,0.831,0.703,,100,hardness_adaptive,5262.0,2140.0
738,,3,723,50,,,,0.52,1.126,,100,hardness_adaptive,4779.0,2191.5
739,,1,724,50,,,,0.546,1.119,,100,hardness_adaptive,4635.0,4178.5
740,,1,725,50,,,,0.559,1.178,,100,hardness_adaptive,5199.0,4667.5
741,,0,725,50,,,,0.631,1.244,,100,hardness_adaptive,5315.0,4922.75
742,,2,727,50,,,,0.684,1.158,,100,hardness_adaptive,6167.0,5086.25
743,,2,729,50,,,,0.863,1.243,,100,hardness_adaptive,5452.0,5231.25
744,,1,730,50,,,,0.918,1.333,,100,hardness_adaptive,5970.0,5328.25
745,,0,730,50,,,,0.735,1.361,,100,hardness_adaptive,2235.0,2024.25
746,,1,731,50,,,,0.674,1.221,,100,hardness_adaptive,2038.0,2019.0
747,,0,731,50,,,,0.805,0.334,,100,hardness_adaptive,2124.0,2017.0
748,,1,732,50,,,,0.594,0.8,,100,hardness_adaptive,4768.0,2022.25
749,,2,734,50,,,,0.467,1.082,,100,hardness_adaptive,3509.0,2044.25
750,,3,737,50,,,,0.735,1.203,,100,hardness_adaptive,5012.0,2053.0
751,,0,737,50,,,,0.567,1.173,,100,hardness_adaptive,5495.0,2087.0
752,,0,737,50,,,,0.784,1.18,,100,hardness_adaptive,5626.0,2195.0
753,,0,737,50,,,,0.7,1.261,,100,hardness_adaptive,4704.0,4258.75
754,,1,738,50,,,,0.568,1.234,,100,hardness_adaptive,5108.0,4533.75
755,,1,739,50,,,,0.825,1.276,,100,hardness_adaptive,5754.0,4774.25
756,,0,739,50,,,,0.946,1.169,,100,hardness_adaptive,5592.0,4951.0
757,,0,739,50,,,,0.831,1.264,,100,hardness_adaptive,5367.0,5103.5
758,,1,740,50,,,,0.817,1.238,,100,hardness_adaptive,5430.0,5220.75
759,,0,740,50,,,,0.615,1.213,,100,hardness_adaptive,5404.0,5330.75
760,,0,740,50,,,,0.696,1.294,,100,hardness_adaptive,2168.0,2043.25
761,,2,742,50,,,,0.762,1.21,,100,hardness_adaptive,2045.0,2013.75
762,,0,742,50,,,,0.772,1.251,,100,hardness_adaptive,2046.0,2013.75
763,,1,743,50,,,,0.619,1.264,,100,hardness_adaptive,4436.0,2011.5
764,,1,744,50,,,,0.526,1.128,,100,hardness_adaptive,4486.0,2022.75
765,,1,745,50,,,,0.564,1.125,,100,hardness_adaptive,4114.0,2046.25
766,,1,746,50,,,,0.519,1.143,,100,hardness_adaptive,4451.0,2063.25
767,,1,747,50,,,,0.554,1.106,,100,hardness_adaptive,4775.0,2116.0
768,,1,748,50,,,,0.58,1.248,,100,hardness_adaptive,5563.0,3938.5
769,,3,751,50,,,,0.574,1.206,,100,hardness_adaptive,5291.0,4526.5
770,,2,753,50,,,,0.766,1.279,,100,hardness_adaptive,4905.0,4781.5
771,,0,753,50,,,,0.67,1.187,,100,hardness_adaptive,5835.0,4909.25
772,,0,753,50,,,,0.891,1.349,,100,hardness_adaptive,5900.0,5079.0
773,,0,753,50,,,,0.968,1.288,,100,hardness_adaptive,6643.0,5218.25
774,,1,754,50,,,,0.899,1.273,,100,hardness_adaptive,5669.0,5299.0
775,,1,755,50,,,,0.586,1.285,,100,hardness_adaptive,2082.0,2033.0
776,,1,756,50,,,,0.689,1.341,,100,hardness_adaptive,2051.0,2022.0
777,,1,757,50,,,,0.796,0.371,,100,hardness_adaptive,2071.0,2028.5
778,,0,757,50,,,,0.837,0.367,,100,hardness_adaptive,2243.0,2014.25
779,,1,758,50,,,,0.72,1.296,,100,hardness_adaptive,2194.0,2022.0
780,,2,760,50,,,,0.813,1.279,,100,hardness_adaptive,5058.0,2036.75
781,,1,761,50,,,,0.833,1.242,,100,hardness_adaptive,5992.0,2054.25
782,,2,763,50,,,,0.73,1.162,,100,hardness_adaptive,5191.0,2078.25
783,,1,764,50,,,,0.574,0.843,,100,hardness_adaptive,4650.0,2144.25
784,,0,764,50,,,,0.787,0.348,,100,hardness_adaptive,4534.0,2462.5
785,,3,767,50,,,,0.572,1.189,,100,hardness_adaptive,4814.0,4558.5
786,,1,768,50,,,,0.865,1.358,,100,hardness_adaptive,5000.0,4849.5
787,,2,770,50,,,,0.809,1.158,,100,hardness_adaptive,5454.0,5014.0
788,,1,771,50,,,,0.585,1.249,,100,hardness_adaptive,5555.0,5122.5
789,,1,772,50,,,,0.69,1.325,,100,hardness_adaptive,5785.0,5192.5
790,,2,774,50,,,,0.737,1.285,,100,hardness_adaptive,5433.0,5280.75
791,,1,775,50,,,,0.676,1.313,,100,hardness_adaptive,5543.0,5397.25
792,,2,777,50,,,,0.621,1.343,,100,hardness_adaptive,2168.0,2098.25
793,,0,777,50,,,,0.829,1.279,,100,hardness_adaptive,2116.0,2039.25
794,,1,778,50,,,,0.686,1.294,,100,hardness_adaptive,2236.0,2033.25
795,,1,779,50,,,,0.761,1.006,,100,hardness_adaptive,2111.0,2026.5
796,,2,781,50,,,,0.922,0.378,,100,hardness_adaptive,2069.0,2014.0
797,,0,781,50,,,,0.814,0.378,,100,hardness_adaptive,2019.0,2014.75
798,,1,782,50,,,,0.618,1.256,,100,hardness_adaptive,5133.0,2027.25
799,,0,782,50,,,,0.762,1.323,,100,hardness_adaptive,5186.0,2048.25
800,,0,782,50,,,,0.681,1.371,,100,hardness_adaptive,5492.0,2086.5
801,,1,783,50,,,,0.837,0.344,,100,hardness_adaptive,5130.0,2111.0
802,,2,785,50,,,,0.754,1.25,,100,hardness_adaptive,4810.0,2241.0
803,,2,787,50,,,,0.574,1.166,,100,hardness_adaptive,5625.0,4641.0
804,,1,788,50,,,,0.692,1.244,,100,hardness_adaptive,5923.0,4903.0
805,,1,789,50,,,,0.628,1.257,,100,hardness_adaptive,5451.0,5132.25
806,,0,789,50,,,,0.69,1.282,,100,hardness_adaptive,5399.0,5243.5
807,,0,789,50,,,,0.734,0.889,,100,hardness_adaptive,6079.0,5385.25
808,,1,790,50,,,,0.667,1.275,,100,hardness_adaptive,2320.0,2025.25
809,,2,792,50,,,,0.578,1.247,,100,hardness_adaptive,2024.0,2003.25
810,,1,793,50,,,,0.629,1.266,,100,hardness_adaptive,2335.0,1997.0
811,,1,794,50,,,,0.748,1.264,,100,hardness_adaptive,4867.0,2023.25
812,,0,794,50,,,,0.779,1.212,,100,hardness_adaptive,5074.0,2043.5
813,,1,795,50,,,,0.542,1.165,,100,hardness_adaptive,3870.0,2058.0
814,,1,796,50,,,,0.585,1.208,,100,hardness_adaptive,5434.0,2127.5
815,,2,798,50,,,,0.552,1.173,,100,hardness_adaptive,4964.0,2323.75
816,,1,799,50,,,,0.794,1.239,,100,hardness_adaptive,5532.0,4368.0
817,,1,800,50,,,,0.567,1.156,,100,hardness_adaptive,5006.0,4624.5
818,,0,800,50,,,,0.573,1.202,,100,hardness_adaptive,4915.0,4843.25
819,,0,800,50,,,,0.56,1.206,,100,hardness_adaptive,5289.0,5021.0
820,,0,800,50,,,,0.632,1.253,,100,hardness_adaptive,5238.0,5172.5
821,,0,800,50,,,,0.554,1.228,,100,hardness_adaptive,5340.0,5229.5
822,,2,802,50,,,,0.788,1.402,,100,hardness_adaptive,5676.0,5307.75
823,,1,803,50,,,,0.672,1.262,,100,hardness_adaptive,2146.0,2010.5
824,,1,804,50,,,,0.481,1.127,,100,hardness_adaptive,4728.0,2017.0
825,,2,806,50,,,,0.477,1.033,,100,hardness_adaptive,4236.0,2037.75
826,,2,808,50,,,,0.646,0.911,,100,hardness_adaptive,4120.0,2077.5
827,,1,809,50,,,,0.784,1.02,,100,hardness_adaptive,5130.0,2107.75
828,,2,811,50,,,,0.461,1.131,,100,hardness_adaptive,4334.0,2209.0
829,,3,814,50,,,,0.647,1.011,,100,hardness_adaptive,4596.0,3912.25
830,,1,815,50,,,,0.566,1.12,,100,hardness_adaptive,4792.0,4239.0
831,,1,816,50,,,,0.687,1.285,,100,hardness_adaptive,6071.0,4660.0
832,,1,817,50,,,,0.627,1.143,,100,hardness_adaptive,5689.0,4825.5
833,,0,817,50,,,,0.756,0.323,,100,hardness_adaptive,5331.0,4971.75
834,,1,818,50,,,,0.735,1.283,,100,hardness_adaptive,6327.0,5137.5
835,,2,820,50,,,,0.772,1.278,,100,hardness_adaptive,5256.0,5255.25
836,,1,821,50,,,,0.663,1.279,,100,hardness_adaptive,5479.0,5338.25
837,,2,823,50,,,,0.612,1.248,,100,hardness_adaptive,2183.0,2109.5
838,,0,823,50,,,,0.685,1.261,,100,hardness_adaptive,2061.0,2026.0
839,,1,824,50,,,,0.5,1.058,,100,hardness_adaptive,4874.0,2032.75
840,,3,827,50,,,,0.48,1.13,,100,hardness_adaptive,4593.0,2063.75
841,,1,828,50,,,,0.672,1.269,,100,hardness_adaptive,5601.0,2101.25
842,,2,830,50,,,,0.478,1.042,,100,hardness_adaptive,4983.0,2119.0
843,,1,831,50,,,,0.737,0.342,,100,hardness_adaptive,5386.0,2168.0
844,,0,831,50,,,,0.541,1.113,,100,hardness_adaptive,5062.0,4294.25
845,,2,833,50,,,,0.448,1.101,,100,hardness_adaptive,4613.0,4530.0
846,,1,834,50,,,,0.549,1.159,,100,hardness_adaptive,5121.0,4834.25
847,,1,835,50,,,,0.83,1.202,,100,hardness_adaptive,5070.0,5050.5
848,,1,836,50,,,,0.875,1.214,,100,hardness_adaptive,5517.0,5111.25
849,,0,836,50,,,,0.694,1.307,,100,hardness_adaptive,5294.0,5174.75
850,,0,836,50,,,,0.679,1.344,,100,hardness_adaptive,5550.0,5284.25
851,,0,836,50,,,,0.625,1.286,,100,hardness_adaptive,2166.0,2086.5
852,,1,837,50,,,,0.829,0.326,,100,hardness_adaptive,2078.0,2046.0
853,,1,838,50,,,,0.626,1.225,,100,hardness_adaptive,4942.0,2058.0
854,,1,839,50,,,,0.733,1.18,,100,hardness_adaptive,4857.0,2068.5
855,,3,842,50,,,,0.618,1.224,,100,hardness_adaptive,4409.0,2083.25
856,,0,842,50,,,,0.764,1.243,,100,hardness_adaptive,5074.0,2141.0
857,,2,844,50,,,,0.516,1.142,,100,hardness_adaptive,4139.0,2253.5
858,,1,845,50,,,,0.632,1.257,,100,hardness_adaptive,5278.0,4204.0
859,,0,845,50,,,,0.636,1.117,,100,hardness_adaptive,6467.0,4839.75
860,,0,845,50,,,,0.719,1.279,,100,hardness_adaptive,5821.0,5069.5
861,,1,846,50,,,,0.639,1.223,,100,hardness_adaptive,6173.0,5228.0
862,,0,846,50,,,,0.683,1.325,,100,hardness_adaptive,5954.0,5394.25
863,,0,846,50,,,,0.712,1.263,,100,hardness_adaptive,6833.0,5635.0
864,,3,849,50,,,,0.69,1.272,,100,hardness_adaptive,6516.0,5864.75
865,,1,850,50,,,,0.7,1.233,,100,hardness_adaptive,6439.0,6038.5
866,,1,851,50,,,,0.674,1.223,,100,hardness_adaptive,6611.0,6113.5
867,,0,851,50,,,,0.639,1.254,,100,hardness_adaptive,6467.0,6166.5
868,,0,851,50,,,,0.719,1.276,,100,hardness_adaptive,6681.0,6239.0
869,,2,853,50,,,,0.69,1.362,,100,hardness_adaptive,6295.0,6293.5
870,,0,853,50,,,,0.901,1.332,,100,hardness_adaptive,2668.0,2521.25
871,,1,854,50,,,,0.721,1.243,,100,hardness_adaptive,2418.0,2360.0
872,,2,856,50,,,,0.783,1.186,,100,hardness_adaptive,5810.0,2365.75
873,,1,857,50,,,,0.591,1.23,,100,hardness_adaptive,5731.0,2386.25
874,,2,859,50,,,,0.877,1.306,,100,hardness_adaptive,6033.0,2415.75
875,,2,861,50,,,,0.667,1.16,,100,hardness_adaptive,6249.0,2449.75
876,,1,862,50,,,,0.739,1.276,,100,hardness_adaptive,5899.0,2522.0
877,,0,862,50,,,,0.576,1.238,,100,hardness_adaptive,5582.0,5312.25
878,,1,863,50,,,,0.639,1.208,,100,hardness_adaptive,5644.0,5628.75
879,,0,863,50,,,,0.827,1.311,,100,hardness_adaptive,6023.0,5812.25
880,,1,864,50,,,,0.698,1.243,,100,hardness_adaptive,6155.0,5947.0
881,,1,865,50,,,,0.847,1.127,,100,hardness_adaptive,6334.0,6035.25
882,,1,866,50,,,,0.67,1.269,,100,hardness_adaptive,6151.0,6127.0
883,,0,866,50,,,,0.662,1.251,,100,hardness_adaptive,6497.0,6213.25
884,,1,867,50,,,,0.653,1.215,,100,hardness_adaptive,2491.0,2320.5
885,,1,868,50,,,,0.697,1.246,,100,hardness_adaptive,6631.0,2326.25
886,,1,869,50,,,,0.758,1.154,,100,hardness_adaptive,5253.0,2340.25
887,,1,870,50,,,,0.811,1.216,,100,hardness_adaptive,5924.0,2352.25
888,,1,871,50,,,,0.663,1.26,,100,hardness_adaptive,6125.0,2401.25
889,,1,872,50,,,,0.843,1.267,,100,hardness_adaptive,5629.0,2465.75
890,,0,872,50,,,,0.7,0.915,,100,hardness_adaptive,5959.0,5277.25
891,,2,874,50,,,,0.657,1.155,,100,hardness_adaptive,6197.0,5660.5
892,,1,875,50,,,,0.902,1.207,,100,hardness_adaptive,5981.0,5924.25
893,,0,875,50,,,,0.718,1.333,,100,hardness_adaptive,6414.0,6007.5
894,,3,878,50,,,,0.689,1.16,,100,hardness_adaptive,6187.0,6100.25
895,,0,878,50,,,,0.85,1.293,,100,hardness_adaptive,6516.0,6162.75
896,,2,880,50,,,,0.903,1.29,,100,hardness_adaptive,6676.0,6233.75
897,,1,881,50,,,,0.905,1.203,,100,hardness_adaptive,6350.0,6287.5
898,,1,882,50,,,,0.85,1.236,,100,hardness_adaptive,2525.0,2345.0
899,,3,885,50,,,,0.827,1.25,,100,hardness_adaptive,6235.0,2359.0
900,,1,886,50,,,,0.779,1.216,,100,hardness_adaptive,5477.0,2374.5
901,,1,887,50,,,,0.743,1.232,,100,hardness_adaptive,4974.0,2390.0
902,,1,888,50,,,,0.595,1.194,,100,hardness_adaptive,5357.0,2416.5
903,,2,890,50,,,,0.76,1.223,,100,hardness_adaptive,6369.0,2455.75
904,,2,892,50,,,,0.654,1.245,,100,hardness_adaptive,5743.0,4763.25
905,,2,894,50,,,,0.645,1.213,,100,hardness_adaptive,5813.0,5665.25
906,,0,894,50,,,,0.616,1.256,,100,hardness_adaptive,6393.0,5912.0
907,,0,894,50,,,,0.63,1.266,,100,hardness_adaptive,6366.0,6039.0
908,,1,895,50,,,,0.738,1.285,,100,hardness_adaptive,6148.0,6108.75
909,,1,896,50,,,,0.729,1.292,,100,hardness_adaptive,6456.0,6171.75
910,,0,896,50,,,,0.915,1.468,,100,hardness_adaptive,2443.0,2403.25
911,,0,896,50,,,,0.886,1.365,,100,hardness_adaptive,2368.0,2361.0
912,,0,896,50,,,,0.659,1.259,,100,hardness_adaptive,2373.0,2356.25
913,,1,897,50,,,,0.645,1.199,,100,hardness_adaptive,2380.0,2353.75
914,,1,898,50,,,,0.61,1.14,,100,hardness_adaptive,6284.0,2357.25
915,,1,899,50,,,,0.769,1.23,,100,hardness_adaptive,5306.0,2371.25
916,,0,899,50,,,,0.565,1.127,,100,hardness_adaptive,5909.0,2388.5
917,,1,900,50,,,,0.752,1.151,,100,hardness_adaptive,6107.0,2431.0
918,,1,901,50,,,,0.654,0.962,,100,hardness_adaptive,3131.0,2518.25
919,,0,901,50,,,,0.653,1.276,,100,hardness_adaptive,5744.0,5338.25
920,,0,901,50,,,,0.8,1.208,,100,hardness_adaptive,6237.0,5812.75
921,,1,902,50,,,,0.835,1.233,,100,hardness_adaptive,6173.0,5940.75
922,,1,903,50,,,,0.756,1.246,,100,hardness_adaptive,6424.0,6056.25
923,,1,904,50,,,,0.596,1.229,,100,hardness_adaptive,6243.0,6134.0
924,,1,905,50,,,,0.612,1.198,,100,hardness_adaptive,6199.0,6184.0
925,,0,905,50,,,,0.75,1.224,,100,hardness_adaptive,6734.0,6253.25
926,,0,905,50,,,,0.936,1.238,,100,hardness_adaptive,2447.0,2373.0
927,,1,906,50,,,,0.794,1.234,,100,hardness_adaptive,2401.0,2333.5
928,,1,907,50,,,,0.603,1.197,,100,hardness_adaptive,2565.0,2334.5
929,,1,908,50,,,,0.82,1.223,,100,hardness_adaptive,6077.0,2355.5
930,,1,909,50,,,,0.708,1.212,,100,hardness_adaptive,6476.0,2377.0
931,,0,909,50,,,,0.644,1.247,,100,hardness_adaptive,5646.0,2398.0
932,,1,910,50,,,,0.537,1.202,,100,hardness_adaptive,5493.0,2439.5
933,,1,911,50,,,,0.806,1.234,,100,hardness_adaptive,6062.0,2467.0
934,,2,913,50,,,,0.742,1.263,,100,hardness_adaptive,5563.0,5532.75
935,,0,913,50,,,,0.722,1.267,,100,hardness_adaptive,6462.0,5760.25
936,,0,913,50,,,,0.674,1.347,,100,hardness_adaptive,6376.0,5876.25
937,,2,915,50,,,,0.629,1.175,,100,hardness_adaptive,6142.0,6008.25
938,,1,916,50,,,,0.765,1.354,,100,hardness_adaptive,6453.0,6061.25
939,,1,917,50,,,,0.831,1.235,,100,hardness_adaptive,6181.0,6136.0
940,,2,919,50,,,,0.591,1.223,,100,hardness_adaptive,6317.0,6228.5
941,,0,919,50,,,,0.729,1.329,,100,hardness_adaptive,2428.0,2426.0
942,,0,919,50,,,,0.75,1.336,,100,hardness_adaptive,2382.0,2343.5
943,,0,919,50,,,,0.807,0.878,,100,hardness_adaptive,2395.0,2350.25
944,,0,919,50,,,,0.795,1.282,,100,hardness_adaptive,2409.0,2340.0
945,,0,919,50,,,,0.789,1.242,,100,hardness_adaptive,6230.0,2343.25
946,,1,920,50,,,,0.645,1.273,,100,hardness_adaptive,6012.0,2353.5
947,,0,920,50,,,,0.627,1.245,,100,hardness_adaptive,6082.0,2368.25
948,,1,921,50,,,,0.668,1.305,,100,hardness_adaptive,5460.0,2406.5
949,,1,922,50,,,,0.812,1.31,,100,hardness_adaptive,6313.0,2463.75
950,,2,924,50,,,,0.656,1.219,,100,hardness_adaptive,6411.0,5478.5
951,,1,925,50,,,,0.821,1.355,,100,hardness_adaptive,6404.0,5780.75
952,,0,925,50,,,,0.675,1.33,,100,hardness_adaptive,6411.0,5936.0
953,,0,925,50,,,,0.686,1.247,,100,hardness_adaptive,6424.0,6079.0
954,,2,927,50,,,,0.729,1.357,,100,hardness_adaptive,6236.0,6203.25
955,,1,928,50,,,,0.639,1.291,,100,hardness_adaptive,2366.0,2364.25
956,,1,929,50,,,,0.682,1.246,,100,hardness_adaptive,2374.0,2364.25
957,,0,929,50,,,,0.777,1.17,,100,hardness_adaptive,5839.0,2368.0
958,,2,931,50,,,,0.763,1.193,,100,hardness_adaptive,5063.0,2379.5
959,,2,933,50,,,,0.788,1.181,,100,hardness_adaptive,6029.0,2404.25
960,,0,933,50,,,,0.775,1.213,,100,hardness_adaptive,6086.0,2429.5
961,,0,933,50,,,,0.665,1.261,,100,hardness_adaptive,6167.0,2525.5
962,,0,933,50,,,,0.755,1.307,,100,hardness_adaptive,6001.0,5606.25
963,,1,934,50,,,,0.706,1.243,,100,hardness_adaptive,6474.0,5818.75
964,,1,935,50,,,,0.787,1.318,,100,hardness_adaptive,6104.0,5956.0
965,,1,936,50,,,,0.633,1.256,,100,hardness_adaptive,6144.0,6081.5
966,,0,936,50,,,,0.743,1.324,,100,hardness_adaptive,6608.0,6127.0
967,,1,937,50,,,,0.7,1.339,,100,hardness_adaptive,6316.0,6190.75
968,,1,938,50,,,,0.839,1.283,,100,hardness_adaptive,6749.0,6247.0
969,,0,938,50,,,,0.71,1.275,,100,hardness_adaptive,2581.0,2345.5
970,,0,938,50,,,,0.682,1.13,,100,hardness_adaptive,2582.0,2342.5
971,,0,938,50,,,,0.685,1.268,,100,hardness_adaptive,2387.0,2335.25
972,,1,939,50,,,,0.803,1.295,,100,hardness_adaptive,2413.0,2336.0
973,,0,939,50,,,,0.845,1.214,,100,hardness_adaptive,6494.0,2348.5
974,,1,940,50,,,,0.703,0.86,,100,hardness_adaptive,6059.0,2365.75
975,,2,942,50,,,,0.619,1.214,,100,hardness_adaptive,6005.0,2403.25
976,,0,942,50,,,,0.864,1.249,,100,hardness_adaptive,6104.0,2458.25
977,,2,944,50,,,,0.602,1.174,,100,hardness_adaptive,5579.0,2628.25
978,,1,945,50,,,,0.74,1.324,,100,hardness_adaptive,6530.0,5503.25
979,,1,946,50,,,,0.824,1.253,,100,hardness_adaptive,6058.0,5871.0
980,,0,946,50,,,,0.701,1.308,,100,hardness_adaptive,6268.0,5915.5
981,,2,948,50,,,,0.661,1.333,,100,hardness_adaptive,6681.0,6101.0
982,,1,949,50,,,,0.743,1.349,,100,hardness_adaptive,6391.0,6178.5
983,,1,950,50,,,,0.658,1.32,,100,hardness_adaptive,6390.0,6268.25
984,,1,951,50,,,,0.608,1.263,,100,hardness_adaptive,2458.0,2394.0
985,,1,952,50,,,,0.669,1.276,,100,hardness_adaptive,2382.0,2368.25
986,,2,954,50,,,,0.614,1.192,,100,hardness_adaptive,5494.0,2379.75
987,,0,954,50,,,,0.813,1.196,,100,hardness_adaptive,6170.0,2392.25
988,,1,955,50,,,,0.684,1.231,,100,hardness_adaptive,6098.0,2412.25
989,,3,958,50,,,,0.614,1.21,,100,hardness_adaptive,6292.0,2444.0
990,,1,959,50,,,,0.622,1.182,,100,hardness_adaptive,5882.0,2525.25
991,,1,960,50,,,,0.604,1.218,,100,hardness_adaptive,6129.0,5004.5
992,,0,960,50,,,,0.687,1.203,,100,hardness_adaptive,6403.0,5431.25
993,,0,960,50,,,,0.789,1.161,,100,hardness_adaptive,5993.0,5825.25
994,,0,960,50,,,,0.621,1.182,,100,hardness_adaptive,6371.0,5978.25
995,,0,960,50,,,,0.766,1.327,,100,hardness_adaptive,6226.0,6051.0
996,,1,961,50,,,,0.879,1.319,,100,hardness_adaptive,6165.0,6135.75
997,,1,962,50,,,,0.609,1.194,,100,hardness_adaptive,2447.0,2361.25
998,,0,962,50,,,,0.624,1.274,,100,hardness_adaptive,2390.0,2349.25
999,,0,962,50,,,,0.575,1.157,,100,hardness_adaptive,6335.0,2360.5
1000,,0,962,50,,,,0.623,1.245,,100,hardness_adaptive,6230.0,2375.5
1001,,0,962,50,,,,0.736,1.256,,100,hardness_adaptive,5804.0,2398.0
1002,,1,963,50,,,,0.656,1.242,,100,hardness_adaptive,6740.0,2425.25
1003,,1,964,50,,,,0.632,1.255,,100,hardness_adaptive,6165.0,2473.0
1004,,1,965,50,,,,0.641,1.17,,100,hardness_adaptive,5802.0,5192.75
1005,,1,966,50,,,,0.821,1.252,,100,hardness_adaptive,6093.0,5629.0
1006,,0,966,50,,,,0.67,1.211,,100,hardness_adaptive,6231.0,5823.0
1007,,2,968,50,,,,0.657,1.232,,100,hardness_adaptive,6041.0,5951.5
1008,,0,968,50,,,,0.69,1.209,,100,hardness_adaptive,6633.0,6082.5
1009,,2,970,50,,,,0.776,1.26,,100,hardness_adaptive,6229.0,6152.75
1010,,0,970,50,,,,0.879,1.56,,100,hardness_adaptive,6210.0,6180.25
1011,,1,971,50,,,,0.865,1.308,,100,hardness_adaptive,6279.0,6230.25
1012,,0,971,50,,,,0.777,1.36,,100,hardness_adaptive,6811.0,6244.0
1013,,1,972,50,,,,0.685,1.239,,100,hardness_adaptive,2395.0,2373.75
1014,,1,973,50,,,,0.637,1.227,,100,hardness_adaptive,2402.0,2366.25
1015,,1,974,50,,,,0.783,1.245,,100,hardness_adaptive,6172.0,2373.75
1016,,0,974,50,,,,0.572,1.204,,100,hardness_adaptive,6119.0,2392.0
1017,,0,974,50,,,,0.598,1.169,,100,hardness_adaptive,5801.0,2407.75
1018,,1,975,50,,,,0.592,1.181,,100,hardness_adaptive,5675.0,2454.0
1019,,1,976,50,,,,0.68,1.073,,100,hardness_adaptive,5998.0,2554.5
1020,,0,976,50,,,,0.647,1.197,,100,hardness_adaptive,5701.0,5670.5
1021,,1,977,50,,,,0.65,1.227,,100,hardness_adaptive,6022.0,5834.0
1022,,1,978,50,,,,0.614,1.217,,100,hardness_adaptive,6049.0,5944.25
1023,,0,978,50,,,,0.774,1.382,,100,hardness_adaptive,6213.0,6020.5
1024,,2,980,50,,,,0.683,1.256,,100,hardness_adaptive,6427.0,6058.0
1025,,1,981,50,,,,0.654,1.291,,100,hardness_adaptive,6190.0,6137.75
1026,,1,982,50,,,,0.877,1.245,,100,hardness_adaptive,6279.0,6188.5
1027,,0,982,50,,,,0.711,1.284,,100,hardness_adaptive,6524.0,6245.75
1028,,0,982,50,,,,0.816,1.282,,100,hardness_adaptive,6268.0,6236.5
1029,,2,984,50,,,,0.658,1.234,,100,hardness_adaptive,2455.0,2350.25
1030,,1,985,50,,,,0.66,1.25,,100,hardness_adaptive,6520.0,2358.75
1031,,1,986,50,,,,0.825,1.208,,100,hardness_adaptive,6292.0,2386.25
1032,,0,986,50,,,,0.579,1.184,,100,hardness_adaptive,5801.0,2400.25
1033,,0,986,50,,,,0.804,1.294,,100,hardness_adaptive,6034.0,2445.25
1034,,1,987,50,,,,0.639,1.242,,100,hardness_adaptive,6251.0,2498.25
1035,,1,988,50,,,,0.676,1.267,,100,hardness_adaptive,5987.0,5604.75
1036,,1,989,50,,,,0.709,1.289,,100,hardness_adaptive,6239.0,5829.75
1037,,1,990,50,,,,0.783,1.252,,100,hardness_adaptive,6130.0,5978.0
1038,,0,990,50,,,,0.615,1.273,,100,hardness_adaptive,6491.0,6070.0
1039,,1,991,50,,,,0.747,0.798,,100,hardness_adaptive,6284.0,6139.75
1040,,2,993,50,,,,0.893,1.262,,100,hardness_adaptive,6264.0,6207.25
1041,,0,993,50,,,,0.674,1.266,,100,hardness_adaptive,2478.0,2408.5
1042,,1,994,50,,,,0.737,1.304,,100,hardness_adaptive,2441.0,2320.25
1043,,0,994,50,,,,0.657,1.258,,100,hardness_adaptive,2386.0,2296.25
1044,,0,994,50,,,,0.638,1.177,,100,hardness_adaptive,2365.0,2273.25
1045,,1,995,50,,,,0.615,1.169,,100,hardness_adaptive,6005.0,2286.25
1046,,2,997,50,,,,0.772,1.194,,100,hardness_adaptive,5980.0,2304.25
1047,,0,997,50,,,,0.784,1.173,,100,hardness_adaptive,6515.0,2345.75
1048,,0,997,50,,,,0.655,1.23,,100,hardness_adaptive,6202.0,2403.0
1049,,0,997,50,,,,0.787,1.229,,100,hardness_adaptive,6444.0,2547.0
1050,,1,998,50,,,,0.572,1.235,,100,hardness_adaptive,5564.0,5193.0
1051,,1,999,50,,,,0.648,1.214,,100,hardness_adaptive,5763.0,5570.0
1052,,2,1001,50,,,,0.651,1.287,,100,hardness_adaptive,5812.0,5766.5
1053,,2,1003,50,,,,0.85,1.324,,100,hardness_adaptive,6244.0,5835.5
1054,,0,1003,50,,,,0.646,1.234,,100,hardness_adaptive,6165.0,5945.0
1055,,1,1004,50,,,,0.844,1.303,,100,hardness_adaptive,6168.0,6009.0
1056,,1,1005,50,,,,0.929,1.278,,100,hardness_adaptive,6114.0,6077.0
1057,,0,1005,50,,,,0.823,1.258,,100,hardness_adaptive,2372.0,2279.0
1058,,0,1005,50,,,,0.692,1.241,,100,hardness_adaptive,2262.0,2250.0
1059,,1,1006,50,,,,0.836,1.155,,100,hardness_adaptive,2343.0,2254.0
1060,,0,1006,50,,,,0.767,1.22,,100,hardness_adaptive,6490.0,2268.5
1061,,3,1009,50,,,,0.646,1.204,,100,hardness_adaptive,6017.0,2282.0
1062,,1,1010,50,,,,0.642,1.195,,100,hardness_adaptive,5933.0,2314.0
1063,,1,1011,50,,,,0.846,1.15,,100,hardness_adaptive,6181.0,2355.0
1064,,2,1013,50,,,,0.753,0.896,,100,hardness_adaptive,5845.0,2451.5
1065,,1,1014,50,,,,0.686,0.815,,100,hardness_adaptive,6403.0,5184.5
1066,,2,1016,50,,,,0.701,0.846,,100,hardness_adaptive,6261.0,5671.5
1067,,1,1017,50,,,,0.831,1.273,,100,hardness_adaptive,6093.0,5851.75
1068,,1,1018,50,,,,0.693,1.231,,100,hardness_adaptive,6288.0,5947.25
1069,,1,1019,50,,,,0.849,1.248,,100,hardness_adaptive,6095.0,6049.75
1070,,1,1020,50,,,,0.687,1.395,,100,hardness_adaptive,6166.0,6116.25
1071,,0,1020,50,,,,0.725,1.382,,100,hardness_adaptive,2372.0,2295.75
1072,,0,1020,50,,,,0.671,1.307,,100,hardness_adaptive,2429.0,2272.25
1073,,1,1021,50,,,,0.851,1.221,,100,hardness_adaptive,2425.0,2264.25
1074,,1,1022,50,,,,0.667,1.236,,100,hardness_adaptive,2286.0,2268.5
1075,,0,1022,50,,,,0.787,1.304,,100,hardness_adaptive,5893.0,2268.5
1076,,1,1023,50,,,,0.775,1.202,,100,hardness_adaptive,5720.0,2287.0
1077,,1,1024,50,,,,0.793,1.209,,100,hardness_adaptive,6010.0,2314.0
1078,,0,1024,50,,,,0.699,1.211,,100,hardness_adaptive,5741.0,2344.5
1079,,0,1024,50,,,,0.597,1.238,,100,hardness_adaptive,5280.0,2425.5
1080,,1,1025,50,,,,0.779,1.269,,100,hardness_adaptive,6080.0,4831.0
1081,,0,1025,50,,,,0.761,1.245,,100,hardness_adaptive,5669.0,5345.25
1082,,1,1026,50,,,,0.623,1.268,,100,hardness_adaptive,6136.0,5680.0
1083,,1,1027,50,,,,0.78,1.254,,100,hardness_adaptive,6159.0,5783.5
1084,,1,1028,50,,,,0.642,1.241,,100,hardness_adaptive,6143.0,5877.5
1085,,0,1028,50,,,,0.663,1.294,,100,hardness_adaptive,6300.0,5955.25
1086,,1,1029,50,,,,0.82,1.528,,100,hardness_adaptive,6413.0,6054.0
1087,,1,1030,50,,,,0.779,0.869,,100,hardness_adaptive,6601.0,6100.75
1088,,1,1031,50,,,,0.625,1.3,,100,hardness_adaptive,2283.0,2254.5
1089,,2,1033,50,,,,0.816,1.358,,100,hardness_adaptive,2289.0,2241.5
1090,,1,1034,50,,,,0.607,1.423,,100,hardness_adaptive,2334.0,2247.25
1091,,2,1036,50,,,,0.669,1.181,,100,hardness_adaptive,5932.0,2261.25
1092,,2,1038,50,,,,0.613,1.154,,100,hardness_adaptive,6132.0,2273.0
1093,,0,1038,50,,,,0.617,1.202,,100,hardness_adaptive,5688.0,2314.0
1094,,1,1039,50,,,,0.784,1.21,,100,hardness_adaptive,6023.0,2374.0
1095,,1,1040,50,,,,0.788,1.203,,100,hardness_adaptive,5979.0,2504.0
1096,,1,1041,50,,,,0.648,1.21,,100,hardness_adaptive,6197.0,5449.5
1097,,1,1042,50,,,,0.621,1.268,,100,hardness_adaptive,6122.0,5675.25
1098,,1,1043,50,,,,0.628,1.195,,100,hardness_adaptive,6040.0,5931.25
1099,,1,1044,50,,,,0.639,1.191,,100,hardness_adaptive,6449.0,6020.75
1100,,1,1045,50,,,,0.713,1.307,,100,hardness_adaptive,2490.0,2271.25
1101,,0,1045,50,,,,0.612,1.13,,100,hardness_adaptive,5484.0,2280.25
1102,,1,1046,50,,,,0.598,1.159,,100,hardness_adaptive,5769.0,2294.0
1103,,2,1048,50,,,,0.626,1.226,,100,hardness_adaptive,6337.0,2309.5
1104,,1,1049,50,,,,0.659,1.212,,100,hardness_adaptive,5990.0,2347.0
1105,,3,1052,50,,,,0.819,1.534,,100,hardness_adaptive,5813.0,2401.75
1106,,3,1055,50,,,,0.556,1.244,,100,hardness_adaptive,5110.0,4287.75
1107,,1,1056,50,,,,0.899,1.37,,100,hardness_adaptive,5662.0,5157.75
1108,,0,1056,50,,,,0.732,1.271,,100,hardness_adaptive,6130.0,5506.5
1109,,1,1057,50,,,,0.814,1.169,,100,hardness_adaptive,6001.0,5656.0
1110,,1,1058,50,,,,0.869,1.257,,100,hardness_adaptive,6667.0,5777.75
1111,,0,1058,50,,,,0.622,1.259,,100,hardness_adaptive,6055.0,5933.5
1112,,1,1059,50,,,,0.882,0.906,,100,hardness_adaptive,6038.0,6014.25
1113,,0,1059,50,,,,0.787,1.379,,100,hardness_adaptive,2356.0,2272.25
1114,,0,1059,50,,,,0.688,1.265,,100,hardness_adaptive,2285.0,2272.25
1115,,0,1059,50,,,,0.635,1.214,,100,hardness_adaptive,5876.0,2278.75
1116,,0,1059,50,,,,0.812,1.221,,100,hardness_adaptive,5751.0,2300.25
1117,,1,1060,50,,,,0.738,0.798,,100,hardness_adaptive,6411.0,2315.75
1118,,0,1060,50,,,,0.661,1.17,,100,hardness_adaptive,5971.0,2349.0
1119,,0,1060,50,,,,0.681,1.332,,100,hardness_adaptive,5132.0,2422.25
1120,,1,1061,50,,,,0.592,1.13,,100,hardness_adaptive,5558.0,5152.75
1121,,2,1063,50,,,,0.652,1.236,,100,hardness_adaptive,5793.0,5580.0
1122,,0,1063,50,,,,0.694,1.199,,100,hardness_adaptive,5986.0,5760.75
1123,,1,1064,50,,,,0.884,0.886,,100,hardness_adaptive,6527.0,5880.0
1124,,1,1065,50,,,,0.691,1.45,,100,hardness_adaptive,6332.0,5985.25
1125,,1,1066,50,,,,0.661,1.421,,100,hardness_adaptive,6132.0,6069.75
1126,,1,1067,50,,,,0.931,1.275,,100,hardness_adaptive,6197.0,6138.0
1127,,1,1068,50,,,,1.111,1.716,,100,hardness_adaptive,2280.0,2277.0
1128,,1,1069,50,,,,0.717,1.347,,100,hardness_adaptive,2334.0,2280.0
1129,,1,1070,50,,,,0.663,1.247,,100,hardness_adaptive,5973.0,2282.5
1130,,1,1071,50,,,,0.786,0.343,,100,hardness_adaptive,5385.0,2307.25
1131,,1,1072,50,,,,0.616,1.203,,100,hardness_adaptive,5903.0,2329.0
1132,,0,1072,50,,,,0.83,0.349,,100,hardness_adaptive,5558.0,2362.25
1133,,1,1073,50,,,,0.668,0.855,,100,hardness_adaptive,5556.0,2484.5
1134,,1,1074,50,,,,0.714,1.23,,100,hardness_adaptive,5470.0,5421.75
1135,,2,1076,50,,,,0.979,0.369,,100,hardness_adaptive,6469.0,5564.25
1136,,1,1077,50,,,,0.853,1.368,,100,hardness_adaptive,6311.0,5678.0
1137,,0,1077,50,,,,0.719,1.29,,100,hardness_adaptive,6420.0,5858.75
1138,,2,1079,50,,,,0.734,1.365,,100,hardness_adaptive,6560.0,5965.75
1139,,0,1079,50,,,,0.938,0.348,,100,hardness_adaptive,6379.0,6022.75
1140,,1,1080,50,,,,0.883,1.312,,100,hardness_adaptive,6292.0,6083.25
1141,,1,1081,50,,,,0.81,1.439,,100,hardness_adaptive,6621.0,6145.25
1142,,0,1081,50,,,,0.903,1.329,,100,hardness_adaptive,2359.0,2353.5
1143,,0,1081,50,,,,0.586,1.22,,100,hardness_adaptive,2263.0,2260.75
1144,,2,1083,50,,,,0.71,1.27,,100,hardness_adaptive,5374.0,2278.25
1145,,2,1085,50,,,,0.678,1.231,,100,hardness_adaptive,5416.0,2289.25
1146,,1,1086,50,,,,0.853,0.326,,100,hardness_adaptive,6298.0,2327.25
1147,,0,1086,50,,,,0.779,1.238,,100,hardness_adaptive,5684.0,2360.5
1148,,0,1086,50,,,,0.865,1.23,,100,hardness_adaptive,5933.0,2489.75
1149,,1,1087,50,,,,0.903,1.299,,100,hardness_adaptive,5931.0,5421.0
1150,,1,1088,50,,,,0.941,0.355,,100,hardness_adaptive,6169.0,5647.25
1151,,1,1089,50,,,,0.71,1.275,,100,hardness_adaptive,6509.0,5819.75
1152,,1,1090,50,,,,0.857,0.581,,100,hardness_adaptive,6598.0,5939.0
1153,,0,1090,50,,,,3.217,1.272,,100,hardness_adaptive,6025.0,6011.5
1154,,1,1091,50,,,,0.883,1.332,,100,hardness_adaptive,6106.0,6063.75
1155,,2,1093,50,,,,0.879,1.284,,100,hardness_adaptive,6272.0,6123.5
1156,,2,1095,50,,,,1.135,0.338,,100,hardness_adaptive,2349.0,2295.25
1157,,1,1096,50,,,,0.922,1.315,,100,hardness_adaptive,2372.0,2276.5
1158,,0,1096,50,,,,0.679,1.288,,100,hardness_adaptive,2455.0,2266.25
1159,,3,1099,50,,,,0.71,1.166,,100,hardness_adaptive,5472.0,2285.0
1160,,0,1099,50,,,,0.766,1.247,,100,hardness_adaptive,5598.0,2302.5
1161,,1,1100,50,,,,0.855,1.096,,100,hardness_adaptive,6003.0,2341.25
1162,,2,1102,50,,,,0.655,1.168,,100,hardness_adaptive,5787.0,2380.25
1163,,0,1102,50,,,,0.641,1.208,,100,hardness_adaptive,5582.0,2514.5
1164,,1,1103,50,,,,0.862,0.326,,100,hardness_adaptive,6618.0,5069.75
1165,,1,1104,50,,,,0.912,0.358,,100,hardness_adaptive,6122.0,5560.0
1166,,1,1105,50,,,,0.642,1.26,,100,hardness_adaptive,5953.0,5769.25
1167,,0,1105,50,,,,0.817,0.979,,100,hardness_adaptive,6066.0,5882.25
1168,,0,1105,50,,,,0.926,1.261,,100,hardness_adaptive,6421.0,5987.75
1169,,1,1106,50,,,,0.863,1.328,,100,hardness_adaptive,6267.0,6067.0
1170,,0,1106,50,,,,0.716,0.886,,100,hardness_adaptive,2508.0,2281.0
1171,,1,1107,50,,,,0.679,1.269,,100,hardness_adaptive,2422.0,2257.5
1172,,0,1107,50,,,,0.796,1.28,,100,hardness_adaptive,6165.0,2271.25
1173,,0,1107,50,,,,0.62,1.233,,100,hardness_adaptive,5848.0,2277.25
1174,,0,1107,50,,,,0.924,0.354,,100,hardness_adaptive,6122.0,2291.25
1175,,2,1109,50,,,,0.737,1.126,,100,hardness_adaptive,5914.0,2322.25
1176,,1,1110,50,,,,0.763,0.332,,100,hardness_adaptive,5152.0,2369.25
1177,,1,1111,50,,,,0.834,1.216,,100,hardness_adaptive,5798.0,4026.5
1178,,1,1112,50,,,,0.626,1.148,,100,hardness_adaptive,6397.0,5431.0
1179,,2,1114,50,,,,0.782,1.346,,100,hardness_adaptive,6148.0,5618.25
1180,,0,1114,50,,,,0.89,1.311,,100,hardness_adaptive,6273.0,5790.75
1181,,0,1114,50,,,,0.851,1.137,,100,hardness_adaptive,6035.0,5904.25
1182,,1,1115,50,,,,0.688,1.332,,100,hardness_adaptive,6257.0,6002.0
1183,,0,1115,50,,,,0.662,1.265,,100,hardness_adaptive,2649.0,2256.25
1184,,0,1115,50,,,,0.722,1.158,,100,hardness_adaptive,2300.0,2238.75
1185,,1,1116,50,,,,0.91,0.911,,100,hardness_adaptive,5253.0,2242.0
1186,,1,1117,50,,,,0.666,1.252,,100,hardness_adaptive,5907.0,2260.75
1187,,2,1119,50,,,,0.626,1.244,,100,hardness_adaptive,5758.0,2294.75
1188,,2,1121,50,,,,0.793,1.248,,100,hardness_adaptive,5041.0,2331.0
1189,,1,1122,50,,,,0.686,1.19,,100,hardness_adaptive,6008.0,2364.0
1190,,1,1123,50,,,,0.651,1.184,,100,hardness_adaptive,5682.0,4432.0
1191,,0,1123,50,,,,0.733,0.868,,100,hardness_adaptive,5837.0,5498.0
1192,,0,1123,50,,,,0.633,1.238,,100,hardness_adaptive,5960.0,5731.0
1193,,1,1124,50,,,,0.846,1.284,,100,hardness_adaptive,6417.0,5839.25
1194,,0,1124,50,,,,0.644,0.876,,100,hardness_adaptive,5975.0,5951.25
1195,,1,1125,50,,,,1.182,1.235,,100,hardness_adaptive,6082.0,6021.75
1196,,0,1125,50,,,,0.66,1.401,,100,hardness_adaptive,6126.0,6083.5
1197,,0,1125,50,,,,1.398,0.348,,100,hardness_adaptive,2461.0,2365.5
1198,,0,1125,50,,,,1.176,0.346,,100,hardness_adaptive,2358.0,2254.0
1199,,1,1126,50,,,,0.73,1.432,,100,hardness_adaptive,2452.0,2252.5
1200,,0,1126,50,,,,0.785,1.518,,100,hardness_adaptive,5658.0,2261.25
1201,,1,1127,50,,,,0.653,1.416,,100,hardness_adaptive,5237.0,2279.5
1202,,1,1128,50,,,,0.791,1.298,,100,hardness_adaptive,6193.0,2328.5
1203,,0,1128,50,,,,0.678,1.319,,100,hardness_adaptive,5537.0,2367.5
1204,,1,1129,50,,,,0.675,1.313,,100,hardness_adaptive,5373.0,2463.75
1205,,1,1130,50,,,,0.958,0.892,,100,hardness_adaptive,6099.0,4984.5
1206,,1,1131,50,,,,0.655,1.321,,100,hardness_adaptive,5839.0,5481.25
1207,,2,1133,50,,,,0.86,1.298,,100,hardness_adaptive,6035.0,5663.5
1208,,0,1133,50,,,,0.669,1.242,,100,hardness_adaptive,6022.0,5766.25
1209,,0,1133,50,,,,0.939,0.349,,100,hardness_adaptive,6261.0,5842.0
1210,,1,1134,50,,,,0.851,1.329,,100,hardness_adaptive,6462.0,6014.0
1211,,0,1134,50,,,,0.922,1.376,,100,hardness_adaptive,6079.0,6066.75
1212,,0,1134,50,,,,0.965,1.408,,100,hardness_adaptive,6303.0,6127.0
1213,,0,1134,50,,,,0.714,1.344,,100,hardness_adaptive,2473.0,2250.0
1214,,1,1135,50,,,,0.654,1.251,,100,hardness_adaptive,2260.0,2259.25
1215,,0,1135,50,,,,0.705,1.318,,100,hardness_adaptive,6208.0,2265.5
1216,,0,1135,50,,,,0.595,1.247,,100,hardness_adaptive,5347.0,2286.25
1217,,1,1136,50,,,,0.694,1.29,,100,hardness_adaptive,6582.0,2336.75
1218,,0,1136,50,,,,0.817,0.332,,100,hardness_adaptive,5825.0,2389.0
1219,,0,1136,50,,,,0.878,1.313,,100,hardness_adaptive,6179.0,2536.75
1220,,0,1136,50,,,,0.83,1.336,,100,hardness_adaptive,6190.0,5354.25
1221,,2,1138,50,,,,0.728,0.836,,100,hardness_adaptive,5782.0,5613.75
1222,,0,1138,50,,,,0.757,1.294,,100,hardness_adaptive,6582.0,5775.25
1223,,0,1138,50,,,,0.92,0.343,,100,hardness_adaptive,6254.0,5877.75
1224,,0,1138,50,,,,0.76,1.273,,100,hardness_adaptive,6413.0,5948.25
1225,,1,1139,50,,,,0.676,1.348,,100,hardness_adaptive,6451.0,6038.0
1226,,1,1140,50,,,,0.876,1.441,,100,hardness_adaptive,2443.0,2372.0
1227,,1,1141,50,,,,0.939,1.408,,100,hardness_adaptive,2398.0,2241.0
1228,,1,1142,50,,,,0.835,1.322,,100,hardness_adaptive,5726.0,2242.25
1229,,1,1143,50,,,,0.74,1.291,,100,hardness_adaptive,5196.0,2274.25
1230,,1,1144,50,,,,0.661,1.223,,100,hardness_adaptive,6244.0,2295.0
1231,,1,1145,50,,,,0.627,1.249,,100,hardness_adaptive,5160.0,2324.5
1232,,0,1145,50,,,,0.793,0.554,,100,hardness_adaptive,5652.0,2380.5
1233,,0,1145,50,,,,0.684,1.264,,100,hardness_adaptive,6416.0,4810.0
1234,,1,1146,50,,,,0.692,1.188,,100,hardness_adaptive,6212.0,5433.0
1235,,2,1148,50,,,,0.861,0.956,,100,hardness_adaptive,5789.0,5693.0
1236,,1,1149,50,,,,0.858,1.267,,100,hardness_adaptive,5871.0,5868.25
1237,,1,1150,50,,,,0.91,1.297,,100,hardness_adaptive,5971.0,5962.0
1238,,1,1151,50,,,,0.711,1.351,,100,hardness_adaptive,6669.0,6015.25
1239,,0,1151,50,,,,0.833,0.338,,100,hardness_adaptive,2552.0,2250.5
1240,,1,1152,50,,,,0.92,0.338,,100,hardness_adaptive,2341.0,2245.25
1241,,2,1154,50,,,,0.797,1.174,,100,hardness_adaptive,5386.0,2256.25
1242,,2,1156,50,,,,0.842,1.282,,100,hardness_adaptive,6278.0,2271.25
1243,,1,1157,50,,,,0.602,1.197,,100,hardness_adaptive,6086.0,2292.0
1244,,0,1157,50,,,,0.857,0.327,,100,hardness_adaptive,5589.0,2337.0
1245,,1,1158,50,,,,1.007,1.433,,100,hardness_adaptive,5917.0,2359.75
1246,,1,1159,50,,,,0.944,0.323,,100,hardness_adaptive,5426.0,4824.75
1247,,1,1160,50,,,,0.649,1.307,,100,hardness_adaptive,5458.0,5430.0
1248,,1,1161,50,,,,0.756,1.267,,100,hardness_adaptive,5793.0,5620.75
1249,,2,1163,50,,,,0.804,1.681,,100,hardness_adaptive,6315.0,5779.25
1250,,0,1163,50,,,,1.076,1.433,,100,hardness_adaptive,6599.0,5900.25
1251,,1,1164,50,,,,0.803,1.4,,100,hardness_adaptive,6029.0,5988.0
1252,,1,1165,50,,,,0.746,1.419,,100,hardness_adaptive,2367.0,2288.25
1253,,0,1165,50,,,,0.909,1.285,,100,hardness_adaptive,2357.0,2276.25
1254,,0,1165,50,,,,0.72,1.377,,100,hardness_adaptive,2378.0,2272.0
1255,,0,1165,50,,,,0.816,1.329,,100,hardness_adaptive,2323.0,2264.5
1256,,0,1165,50,,,,0.587,1.234,,100,hardness_adaptive,4873.0,2275.75
1257,,0,1165,50,,,,0.892,1.39,,100,hardness_adaptive,5891.0,2300.25
1258,,0,1165,50,,,,0.706,1.243,,100,hardness_adaptive,5545.0,2324.0
1259,,1,1166,50,,,,0.805,0.346,,100,hardness_adaptive,5639.0,2372.5
1260,,1,1167,50,,,,0.824,0.336,,100,hardness_adaptive,5215.0,2410.5
1261,,0,1167,50,,,,0.636,1.284,,100,hardness_adaptive,5783.0,5024.5
1262,,0,1167,50,,,,0.831,1.124,,100,hardness_adaptive,5949.0,5372.75
1263,,1,1168,50,,,,0.758,1.263,,100,hardness_adaptive,6088.0,5586.25
1264,,2,1170,50,,,,0.889,1.144,,100,hardness_adaptive,5891.0,5698.25
1265,,1,1171,50,,,,0.869,0.552,,100,hardness_adaptive,5902.0,5811.25
1266,,0,1171,50,,,,0.817,1.217,,100,hardness_adaptive,6159.0,5902.5
1267,,0,1171,50,,,,0.883,1.255,,100,hardness_adaptive,6874.0,5943.75
1268,,0,1171,50,,,,0.945,1.333,,100,hardness_adaptive,6047.0,6011.5
1269,,1,1172,50,,,,0.75,1.442,,100,hardness_adaptive,2344.0,2336.0
1270,,0,1172,50,,,,0.983,0.381,,100,hardness_adaptive,2284.0,2268.25
1271,,0,1172,50,,,,0.899,1.316,,100,hardness_adaptive,2293.0,2268.25
1272,,0,1172,50,,,,0.604,1.265,,100,hardness_adaptive,5479.0,2281.0
1273,,1,1173,50,,,,0.639,1.302,,100,hardness_adaptive,5330.0,2311.75
1274,,0,1173,50,,,,0.656,1.219,,100,hardness_adaptive,5923.0,2319.0
1275,,0,1173,50,,,,0.729,1.303,,100,hardness_adaptive,6278.0,2359.0
1276,,1,1174,50,,,,0.887,1.188,,100,hardness_adaptive,5799.0,2464.0
1277,,1,1175,50,,,,0.866,1.141,,100,hardness_adaptive,5927.0,5270.75
1278,,0,1175,50,,,,0.918,1.185,,100,hardness_adaptive,6087.0,5644.0
1279,,0,1175,50,,,,0.648,1.213,,100,hardness_adaptive,6065.0,5780.25
1280,,0,1175,50,,,,0.665,1.316,,100,hardness_adaptive,6038.0,5911.25
1281,,1,1176,50,,,,0.71,1.276,,100,hardness_adaptive,6080.0,5966.75
1282,,1,1177,50,,,,0.777,1.371,,100,hardness_adaptive,6259.0,6053.25
1,,2,2,10,,,,0.711,0.895,,200,hardness_adaptive,6941.0,496.5
2,,1,3,20,,,,0.66,0.814,,200,hardness_adaptive,5906.0,507.25
3,,2,5,30,,,,0.65,0.78,,200,hardness_adaptive,5299.0,517.0
4,,1,6,40,,,,0.693,0.753,,200,hardness_adaptive,6887.0,540.25
5,,0,6,50,,,,0.49,0.79,,200,hardness_adaptive,7038.0,1150.75
6,,0,6,50,,,,0.683,1.221,,200,hardness_adaptive,7152.0,5753.5
7,,1,7,50,,,,0.584,1.107,,200,hardness_adaptive,6560.0,6310.25
8,,2,9,50,,,,0.601,1.261,,200,hardness_adaptive,8969.0,6692.5
9,,1,10,50,,,,0.477,1.184,,200,hardness_adaptive,7257.0,7012.75
10,,1,11,50,,,,0.737,1.243,,200,hardness_adaptive,7376.0,7155.75
11,,1,12,50,,,,0.544,1.217,,200,hardness_adaptive,3298.0,2969.0
12,,1,13,50,,,,0.67,0.514,,200,hardness_adaptive,3051.0,2908.25
13,,3,16,50,,,,0.545,1.215,,200,hardness_adaptive,3272.0,2899.5
14,,0,16,50,,,,0.788,1.225,,200,hardness_adaptive,3429.0,2934.5
15,,2,18,50,,,,0.64,1.187,,200,hardness_adaptive,7532.0,2982.5
16,,1,19,50,,,,0.524,1.195,,200,hardness_adaptive,7388.0,3038.0
17,,0,19,50,,,,0.504,1.12,,200,hardness_adaptive,7363.0,3168.5
18,,2,21,50,,,,0.574,1.028,,200,hardness_adaptive,6569.0,3267.25
19,,1,22,50,,,,0.607,1.125,,200,hardness_adaptive,7659.0,3489.0
20,,1,23,50,,,,0.432,1.131,,200,hardness_adaptive,6347.0,5711.0
21,,1,24,50,,,,0.705,0.556,,200,hardness_adaptive,7481.0,6536.0
22,,1,25,50,,,,0.527,1.15,,200,hardness_adaptive,7632.0,6876.75
23,,2,27,50,,,,0.573,1.266,,200,hardness_adaptive,7579.0,7122.25
24,,1,28,50,,,,0.547,1.286,,200,hardness_adaptive,7904.0,7262.5
25,,0,28,50,,,,0.754,1.164,,200,hardness_adaptive,8013.0,7429.5
26,,1,29,50,,,,0.45,1.084,,200,hardness_adaptive,3150.0,3076.5
27,,1,30,50,,,,0.495,1.204,,200,hardness_adaptive,3307.0,2992.0
28,,0,30,50,,,,0.489,1.169,,200,hardness_adaptive,2965.0,2964.25
29,,1,31,50,,,,0.392,1.038,,200,hardness_adaptive,6934.0,2995.5
30,,1,32,50,,,,0.646,1.014,,200,hardness_adaptive,7244.0,3083.25
31,,2,34,50,,,,0.513,1.095,,200,hardness_adaptive,5768.0,3121.75
32,,1,35,50,,,,0.508,1.166,,200,hardness_adaptive,8177.0,3171.75
33,,2,37,50,,,,0.686,1.26,,200,hardness_adaptive,6858.0,3272.75
34,,0,37,50,,,,0.703,0.84,,200,hardness_adaptive,7424.0,4784.5
35,,3,40,50,,,,0.602,1.162,,200,hardness_adaptive,6154.0,5902.5
36,,2,42,50,,,,0.679,1.223,,200,hardness_adaptive,7850.0,6265.0
37,,1,43,50,,,,0.752,1.188,,200,hardness_adaptive,7271.0,6782.75
38,,1,44,50,,,,0.655,1.111,,200,hardness_adaptive,7989.0,7050.25
39,,1,45,50,,,,0.735,1.24,,200,hardness_adaptive,8500.0,7250.75
40,,2,47,50,,,,0.557,1.183,,200,hardness_adaptive,7807.0,7488.0
41,,1,48,50,,,,0.803,1.266,,200,hardness_adaptive,7854.0,7645.0
42,,1,49,50,,,,0.573,1.257,,200,hardness_adaptive,3135.0,3098.25
43,,1,50,50,,,,0.729,1.028,,200,hardness_adaptive,3009.0,3006.5
44,,0,50,50,,,,0.418,1.073,,200,hardness_adaptive,5948.0,3000.0
45,,2,52,50,,,,0.424,1.138,,200,hardness_adaptive,4925.0,3045.25
46,,2,54,50,,,,0.583,1.169,,200,hardness_adaptive,8239.0,3103.5
47,,2,56,50,,,,0.502,1.129,,200,hardness_adaptive,5878.0,3177.0
48,,1,57,50,,,,0.652,1.144,,200,hardness_adaptive,5982.0,3358.0
49,,2,59,50,,,,0.484,1.114,,200,hardness_adaptive,6911.0,5742.25
50,,2,61,50,,,,0.48,1.45,,200,hardness_adaptive,6759.0,6037.25
51,,0,61,50,,,,0.515,1.171,,200,hardness_adaptive,7730.0,6738.75
52,,2,63,50,,,,0.622,1.068,,200,hardness_adaptive,7733.0,7012.0
53,,1,64,50,,,,0.56,1.139,,200,hardness_adaptive,7757.0,7200.25
54,,3,67,50,,,,0.552,0.89,,200,hardness_adaptive,7862.0,7455.0
55,,1,68,50,,,,0.58,1.271,,200,hardness_adaptive,9432.0,7650.25
56,,3,71,50,,,,0.575,1.245,,200,hardness_adaptive,3308.0,3042.25
57,,3,74,50,,,,0.778,1.264,,200,hardness_adaptive,2981.0,2960.5
58,,2,76,50,,,,0.779,1.225,,200,hardness_adaptive,3194.0,2955.5
59,,2,78,50,,,,0.453,1.206,,200,hardness_adaptive,6081.0,3016.25
60,,1,79,50,,,,0.568,1.084,,200,hardness_adaptive,9266.0,3058.5
61,,1,80,50,,,,0.428,1.054,,200,hardness_adaptive,6157.0,3128.75
62,,2,82,50,,,,0.622,1.222,,200,hardness_adaptive,10218.0,3215.0
63,,1,83,50,,,,0.439,1.082,,200,hardness_adaptive,6379.0,3373.5
64,,1,84,50,,,,0.52,1.101,,200,hardness_adaptive,7281.0,5806.25
65,,2,86,50,,,,0.728,1.165,,200,hardness_adaptive,8170.0,6219.0
66,,1,87,50,,,,0.725,1.166,,200,hardness_adaptive,7548.0,6597.5
67,,0,87,50,,,,0.633,1.123,,200,hardness_adaptive,7805.0,7074.25
68,,1,88,50,,,,0.758,1.212,,200,hardness_adaptive,9181.0,7298.75
69,,1,89,50,,,,0.767,1.229,,200,hardness_adaptive,9241.0,7432.5
70,,0,89,50,,,,0.722,1.088,,200,hardness_adaptive,7865.0,7668.75
71,,0,89,50,,,,0.554,1.211,,200,hardness_adaptive,8601.0,7838.25
72,,1,90,50,,,,0.532,1.201,,200,hardness_adaptive,3050.0,2967.25
73,,0,90,50,,,,0.558,1.094,,200,hardness_adaptive,6862.0,2966.5
74,,1,91,50,,,,0.432,1.061,,200,hardness_adaptive,7624.0,3008.0
75,,1,92,50,,,,0.395,1.055,,200,hardness_adaptive,5381.0,3027.0
76,,1,93,50,,,,0.485,1.086,,200,hardness_adaptive,8052.0,3104.0
77,,1,94,50,,,,0.424,1.067,,200,hardness_adaptive,6814.0,3193.5
78,,1,95,50,,,,0.527,1.168,,200,hardness_adaptive,7540.0,5107.5
79,,2,97,50,,,,0.486,1.151,,200,hardness_adaptive,7150.0,5728.75
80,,1,98,50,,,,0.51,1.199,,200,hardness_adaptive,7866.0,6687.25
81,,1,99,50,,,,0.592,1.278,,200,hardness_adaptive,6946.0,6936.25
82,,2,101,50,,,,0.496,1.187,,200,hardness_adaptive,7440.0,7195.25
83,,0,101,50,,,,0.494,1.217,,200,hardness_adaptive,7742.0,7368.25
84,,1,102,50,,,,0.776,1.309,,200,hardness_adaptive,8406.0,7517.5
85,,0,102,50,,,,0.74,1.181,,200,hardness_adaptive,3239.0,2976.75
86,,2,104,50,,,,0.633,0.807,,200,hardness_adaptive,6052.0,2988.5
87,,2,106,50,,,,0.543,1.124,,200,hardness_adaptive,6783.0,3035.5
88,,1,107,50,,,,0.439,1.026,,200,hardness_adaptive,6958.0,3091.25
89,,2,109,50,,,,0.493,1.193,,200,hardness_adaptive,7261.0,3252.25
90,,0,109,50,,,,0.469,1.133,,200,hardness_adaptive,6263.0,3397.5
91,,1,110,50,,,,0.785,1.405,,200,hardness_adaptive,8228.0,5223.5
92,,1,111,50,,,,0.551,1.144,,200,hardness_adaptive,8177.0,6150.0
93,,1,112,50,,,,0.703,1.201,,200,hardness_adaptive,7936.0,6642.0
94,,1,113,50,,,,0.458,1.133,,200,hardness_adaptive,7498.0,6941.5
95,,0,113,50,,,,0.636,1.245,,200,hardness_adaptive,9739.0,7262.75
96,,1,114,50,,,,0.696,1.283,,200,hardness_adaptive,3844.0,3742.75
97,,0,114,50,,,,0.816,1.312,,200,hardness_adaptive,4325.0,3762.75
98,,1,115,50,,,,0.811,1.295,,200,hardness_adaptive,3806.0,3720.5
99,,1,116,50,,,,0.527,1.163,,200,hardness_adaptive,4041.0,3736.25
100,,1,117,50,,,,0.509,1.19,,200,hardness_adaptive,7715.0,3760.75
101,,0,117,50,,,,0.785,1.178,,200,hardness_adaptive,9002.0,3787.5
102,,1,118,50,,,,0.672,1.044,,200,hardness_adaptive,6151.0,3836.5
103,,0,118,50,,,,0.616,1.125,,200,hardness_adaptive,9171.0,3901.5
104,,1,119,50,,,,0.562,1.185,,200,hardness_adaptive,9501.0,4053.5
105,,1,120,50,,,,0.552,1.227,,200,hardness_adaptive,9466.0,7858.0
106,,1,121,50,,,,0.601,1.304,,200,hardness_adaptive,10571.0,8502.5
107,,1,122,50,,,,0.631,1.354,,200,hardness_adaptive,10701.0,9134.0
108,,0,122,50,,,,0.591,1.292,,200,hardness_adaptive,9616.0,9268.75
109,,1,123,50,,,,0.609,1.349,,200,hardness_adaptive,9907.0,9469.5
110,,1,124,50,,,,0.661,1.312,,200,hardness_adaptive,10414.0,9589.0
111,,1,125,50,,,,0.822,1.339,,200,hardness_adaptive,3789.0,3788.25
112,,2,127,50,,,,0.877,1.183,,200,hardness_adaptive,4387.0,3715.0
113,,0,127,50,,,,0.764,1.394,,200,hardness_adaptive,8711.0,3747.5
114,,1,128,50,,,,0.583,1.256,,200,hardness_adaptive,8568.0,3792.25
115,,1,129,50,,,,0.549,1.215,,200,hardness_adaptive,8861.0,3835.25
116,,1,130,50,,,,0.715,1.196,,200,hardness_adaptive,7391.0,3914.0
117,,0,130,50,,,,0.558,1.179,,200,hardness_adaptive,9965.0,4111.25
118,,0,130,50,,,,0.606,1.234,,200,hardness_adaptive,11023.0,7635.5
119,,0,130,50,,,,0.761,1.21,,200,hardness_adaptive,8920.0,8198.5
120,,0,130,50,,,,0.649,1.29,,200,hardness_adaptive,9708.0,8715.0
121,,0,130,50,,,,0.795,1.323,,200,hardness_adaptive,9001.0,8982.0
122,,0,130,50,,,,0.795,1.25,,200,hardness_adaptive,10431.0,9233.75
123,,0,130,50,,,,0.547,1.265,,200,hardness_adaptive,10488.0,9594.5
124,,0,130,50,,,,0.798,0.943,,200,hardness_adaptive,10665.0,9719.0
125,,0,130,50,,,,0.663,1.336,,200,hardness_adaptive,10792.0,9888.25
126,,2,132,50,,,,0.545,1.099,,200,hardness_adaptive,3875.0,3727.0
127,,2,134,50,,,,0.601,1.211,,200,hardness_adaptive,4119.0,3727.25
128,,1,135,50,,,,0.528,1.117,,200,hardness_adaptive,3763.0,3719.25
129,,1,136,50,,,,0.521,1.208,,200,hardness_adaptive,8334.0,3757.75
130,,1,137,50,,,,0.602,1.213,,200,hardness_adaptive,10276.0,3783.25
131,,1,138,50,,,,0.643,0.891,,200,hardness_adaptive,8287.0,3891.5
132,,1,139,50,,,,0.742,1.434,,200,hardness_adaptive,7994.0,4049.25
133,,2,141,50,,,,0.634,1.25,,200,hardness_adaptive,8356.0,4339.0
134,,1,142,50,,,,0.608,1.297,,200,hardness_adaptive,9588.0,7667.75
135,,0,142,50,,,,0.642,1.196,,200,hardness_adaptive,9531.0,8283.25
136,,0,142,50,,,,0.644,1.332,,200,hardness_adaptive,10755.0,8718.5
137,,0,142,50,,,,0.605,1.226,,200,hardness_adaptive,10460.0,8968.75
138,,1,143,50,,,,0.824,1.357,,200,hardness_adaptive,9405.0,9373.0
139,,1,144,50,,,,0.891,1.399,,200,hardness_adaptive,4480.0,3863.0
140,,1,145,50,,,,0.755,1.21,,200,hardness_adaptive,3794.0,3793.25
141,,1,146,50,,,,0.504,1.104,,200,hardness_adaptive,8404.0,3828.0
142,,3,149,50,,,,0.549,1.225,,200,hardness_adaptive,9129.0,3874.5
143,,2,151,50,,,,0.562,1.173,,200,hardness_adaptive,8703.0,3952.25
144,,3,154,50,,,,0.619,0.85,,200,hardness_adaptive,9148.0,4030.5
145,,1,155,50,,,,0.758,1.284,,200,hardness_adaptive,9448.0,4247.75
146,,0,155,50,,,,0.478,1.194,,200,hardness_adaptive,7883.0,7468.5
147,,1,156,50,,,,0.524,1.197,,200,hardness_adaptive,9016.0,8201.0
148,,2,158,50,,,,0.561,1.201,,200,hardness_adaptive,8721.0,8609.25
149,,1,159,50,,,,0.806,1.211,,200,hardness_adaptive,10600.0,8750.25
150,,2,161,50,,,,0.681,1.214,,200,hardness_adaptive,11148.0,9092.0
151,,2,163,50,,,,0.834,1.307,,200,hardness_adaptive,9448.0,9263.25
152,,1,164,50,,,,0.691,0.991,,200,hardness_adaptive,10518.0,9516.5
153,,1,165,50,,,,0.625,1.281,,200,hardness_adaptive,9838.0,9733.0
154,,2,167,50,,,,0.595,1.229,,200,hardness_adaptive,4001.0,3761.0
155,,1,168,50,,,,0.585,1.255,,200,hardness_adaptive,10103.0,3772.75
156,,2,170,50,,,,0.668,1.187,,200,hardness_adaptive,7263.0,3819.0
157,,1,171,50,,,,0.516,1.195,,200,hardness_adaptive,8178.0,3861.75
158,,1,172,50,,,,0.757,1.285,,200,hardness_adaptive,10776.0,3927.5
159,,2,174,50,,,,0.58,1.191,,200,hardness_adaptive,8931.0,4038.5
160,,1,175,50,,,,0.595,1.163,,200,hardness_adaptive,9062.0,6675.25
161,,1,176,50,,,,0.561,1.229,,200,hardness_adaptive,9504.0,8046.5
162,,2,178,50,,,,0.596,1.241,,200,hardness_adaptive,10057.0,8455.5
163,,0,178,50,,,,0.674,1.257,,200,hardness_adaptive,9787.0,8816.0
164,,0,178,50,,,,0.53,1.31,,200,hardness_adaptive,9253.0,9209.0
165,,2,180,50,,,,0.873,1.304,,200,hardness_adaptive,10464.0,9451.0
166,,0,180,50,,,,0.587,1.208,,200,hardness_adaptive,3822.0,3787.25
167,,2,182,50,,,,0.887,0.963,,200,hardness_adaptive,4339.0,3732.25
168,,0,182,50,,,,0.595,1.124,,200,hardness_adaptive,4085.0,3742.0
169,,1,183,50,,,,0.654,1.245,,200,hardness_adaptive,10168.0,3772.75
170,,2,185,50,,,,0.544,1.182,,200,hardness_adaptive,8675.0,3823.75
171,,0,185,50,,,,0.656,1.238,,200,hardness_adaptive,10356.0,3875.75
172,,1,186,50,,,,0.557,0.84,,200,hardness_adaptive,8120.0,4035.25
173,,3,189,50,,,,0.521,1.189,,200,hardness_adaptive,8518.0,4321.75
174,,0,189,50,,,,0.517,1.177,,200,hardness_adaptive,9202.0,7452.5
175,,0,189,50,,,,0.518,1.194,,200,hardness_adaptive,9405.0,8275.5
176,,1,190,50,,,,0.508,1.16,,200,hardness_adaptive,9295.0,8769.75
177,,0,190,50,,,,0.717,1.348,,200,hardness_adaptive,10026.0,9119.25
178,,2,192,50,,,,0.834,1.151,,200,hardness_adaptive,10266.0,9303.25
179,,0,192,50,,,,0.836,1.208,,200,hardness_adaptive,9805.0,9630.5
180,,3,195,50,,,,0.859,1.351,,200,hardness_adaptive,9915.0,9719.75
181,,1,196,50,,,,0.656,1.279,,200,hardness_adaptive,3912.0,3826.25
182,,1,197,50,,,,0.641,1.297,,200,hardness_adaptive,3765.0,3754.75
183,,0,197,50,,,,0.769,0.625,,200,hardness_adaptive,3738.0,3634.0
184,,0,197,50,,,,0.796,1.116,,200,hardness_adaptive,3692.0,3567.75
185,,3,200,50,,,,0.657,1.24,,200,hardness_adaptive,3696.0,3511.25
186,,1,201,50,,,,0.672,1.283,,200,hardness_adaptive,4064.0,3465.25
187,,0,201,50,,,,0.809,1.319,,200,hardness_adaptive,3766.0,3464.25
188,,0,201,50,,,,0.756,1.274,,200,hardness_adaptive,3600.0,3427.75
189,,1,202,50,,,,0.547,1.181,,200,hardness_adaptive,3460.0,3421.5
190,,1,203,50,,,,0.69,1.212,,200,hardness_adaptive,7862.0,3457.5
191,,0,203,50,,,,0.797,1.158,,200,hardness_adaptive,9004.0,3508.0
192,,3,206,50,,,,0.746,1.223,,200,hardness_adaptive,9417.0,3641.5
193,,1,207,50,,,,0.451,1.081,,200,hardness_adaptive,7557.0,3757.0
194,,0,207,50,,,,0.636,1.076,,200,hardness_adaptive,6063.0,4526.5
195,,1,208,50,,,,0.611,1.214,,200,hardness_adaptive,9639.0,6966.0
196,,1,209,50,,,,0.535,1.113,,200,hardness_adaptive,7649.0,7587.5
197,,0,209,50,,,,0.514,1.197,,200,hardness_adaptive,8140.0,7892.5
198,,1,210,50,,,,0.74,1.192,,200,hardness_adaptive,9262.0,8142.25
199,,1,211,50,,,,0.627,1.439,,200,hardness_adaptive,8533.0,8387.75
200,,1,212,50,,,,0.53,1.258,,200,hardness_adaptive,8792.0,8666.0
201,,0,212,50,,,,0.746,1.147,,200,hardness_adaptive,3734.0,3595.5
202,,0,212,50,,,,0.586,1.249,,200,hardness_adaptive,3499.0,3459.25
203,,0,212,50,,,,0.678,0.908,,200,hardness_adaptive,6436.0,3519.75
204,,3,215,50,,,,0.494,1.175,,200,hardness_adaptive,8034.0,3580.5
205,,1,216,50,,,,0.715,1.263,,200,hardness_adaptive,8538.0,3719.75
206,,1,217,50,,,,0.548,1.14,,200,hardness_adaptive,8610.0,3825.5
207,,2,219,50,,,,0.618,1.22,,200,hardness_adaptive,9512.0,4053.5
208,,2,221,50,,,,0.586,1.187,,200,hardness_adaptive,9590.0,6980.25
209,,1,222,50,,,,0.715,0.868,,200,hardness_adaptive,9247.0,7560.0
210,,1,223,50,,,,0.68,1.236,,200,hardness_adaptive,8200.0,8053.5
211,,1,224,50,,,,0.789,1.151,,200,hardness_adaptive,9145.0,8371.25
212,,0,224,50,,,,0.533,1.173,,200,hardness_adaptive,9374.0,8549.25
213,,0,224,50,,,,0.582,1.194,,200,hardness_adaptive,9065.0,8871.0
214,,0,224,50,,,,0.546,1.175,,200,hardness_adaptive,9513.0,9046.0
215,,1,225,50,,,,0.605,1.239,,200,hardness_adaptive,3859.0,3706.25
216,,0,225,50,,,,0.82,0.937,,200,hardness_adaptive,3591.0,3483.0
217,,2,227,50,,,,0.584,1.246,,200,hardness_adaptive,3714.0,3442.5
218,,0,227,50,,,,0.563,1.133,,200,hardness_adaptive,3575.0,3432.25
219,,1,228,50,,,,0.579,1.202,,200,hardness_adaptive,10008.0,3434.75
220,,1,229,50,,,,0.578,1.21,,200,hardness_adaptive,9993.0,3492.25
221,,0,229,50,,,,0.743,1.194,,200,hardness_adaptive,7838.0,3550.0
222,,2,231,50,,,,0.535,1.165,,200,hardness_adaptive,7488.0,3603.25
223,,2,233,50,,,,0.556,1.188,,200,hardness_adaptive,9840.0,3822.25
224,,1,234,50,,,,0.609,1.219,,200,hardness_adaptive,8400.0,7319.75
225,,1,235,50,,,,0.533,1.134,,200,hardness_adaptive,8047.0,7647.5
226,,1,236,50,,,,0.57,1.246,,200,hardness_adaptive,9074.0,7985.5
227,,1,237,50,,,,0.584,1.224,,200,hardness_adaptive,8689.0,8383.5
228,,1,238,50,,,,0.639,1.506,,200,hardness_adaptive,8783.0,8644.0
229,,1,239,50,,,,0.599,1.272,,200,hardness_adaptive,8900.0,8816.5
230,,1,240,50,,,,0.615,1.279,,200,hardness_adaptive,3729.0,3632.0
231,,1,241,50,,,,0.794,1.123,,200,hardness_adaptive,3817.0,3460.0
232,,1,242,50,,,,0.443,1.15,,200,hardness_adaptive,5202.0,3526.25
233,,0,242,50,,,,0.486,1.133,,200,hardness_adaptive,8078.0,3590.0
234,,2,244,50,,,,0.521,1.122,,200,hardness_adaptive,8380.0,3672.5
235,,0,244,50,,,,0.63,0.812,,200,hardness_adaptive,9573.0,3760.0
236,,1,245,50,,,,0.718,1.229,,200,hardness_adaptive,7892.0,3979.25
237,,2,247,50,,,,0.799,1.274,,200,hardness_adaptive,9973.0,7124.0
238,,1,248,50,,,,0.552,1.233,,200,hardness_adaptive,8946.0,7903.5
239,,2,250,50,,,,0.629,1.24,,200,hardness_adaptive,9574.0,8264.25
240,,0,250,50,,,,0.877,1.176,,200,hardness_adaptive,10489.0,8484.5
241,,0,250,50,,,,0.595,1.289,,200,hardness_adaptive,3693.0,3520.25
242,,1,251,50,,,,0.644,1.279,,200,hardness_adaptive,3651.0,3459.0
243,,1,252,50,,,,0.77,1.285,,200,hardness_adaptive,9481.0,3454.5
244,,1,253,50,,,,0.591,1.037,,200,hardness_adaptive,8524.0,3491.25
245,,2,255,50,,,,0.785,0.828,,200,hardness_adaptive,7818.0,3526.0
246,,1,256,50,,,,0.571,1.195,,200,hardness_adaptive,8835.0,3561.5
247,,0,256,50,,,,0.463,1.118,,200,hardness_adaptive,7590.0,3686.25
248,,0,256,50,,,,0.794,1.117,,200,hardness_adaptive,8640.0,6359.75
249,,1,257,50,,,,0.561,1.154,,200,hardness_adaptive,10001.0,7380.5
250,,0,257,50,,,,0.726,1.241,,200,hardness_adaptive,9564.0,7641.5
251,,0,257,50,,,,0.64,1.249,,200,hardness_adaptive,10199.0,8089.25
252,,0,257,50,,,,0.805,1.342,,200,hardness_adaptive,9682.0,8534.0
253,,0,257,50,,,,0.819,1.142,,200,hardness_adaptive,8848.0,8798.0
254,,0,257,50,,,,0.757,1.304,,200,hardness_adaptive,10183.0,8919.5
255,,1,258,50,,,,0.777,1.213,,200,hardness_adaptive,3515.0,3408.0
256,,2,260,50,,,,0.757,1.161,,200,hardness_adaptive,9129.0,3413.25
257,,1,261,50,,,,0.528,1.155,,200,hardness_adaptive,7850.0,3468.5
258,,2,263,50,,,,0.588,1.173,,200,hardness_adaptive,10324.0,3514.25
259,,3,266,50,,,,0.432,1.009,,200,hardness_adaptive,6312.0,3619.5
260,,2,268,50,,,,0.75,1.136,,200,hardness_adaptive,7686.0,3772.0
261,,1,269,50,,,,0.782,1.207,,200,hardness_adaptive,8495.0,5623.5
262,,0,269,50,,,,0.557,1.258,,200,hardness_adaptive,8813.0,7214.0
263,,0,269,50,,,,0.489,1.173,,200,hardness_adaptive,7948.0,7716.0
264,,0,269,50,,,,0.739,1.052,,200,hardness_adaptive,9109.0,8076.75
265,,1,270,50,,,,0.601,1.283,,200,hardness_adaptive,8564.0,8431.0
266,,1,271,50,,,,0.642,1.301,,200,hardness_adaptive,3765.0,3572.75
267,,1,272,50,,,,0.553,1.168,,200,hardness_adaptive,3533.0,3492.0
268,,1,273,50,,,,0.526,1.152,,200,hardness_adaptive,9677.0,3521.5
269,,0,273,50,,,,0.712,1.258,,200,hardness_adaptive,9022.0,3562.5
270,,2,275,50,,,,0.487,1.165,,200,hardness_adaptive,7861.0,3625.0
271,,3,278,50,,,,0.759,0.781,,200,hardness_adaptive,8564.0,3721.25
272,,1,279,50,,,,0.528,1.146,,200,hardness_adaptive,7285.0,3975.5
273,,0,279,50,,,,0.537,1.22,,200,hardness_adaptive,8142.0,6984.0
274,,2,281,50,,,,0.797,1.203,,200,hardness_adaptive,9397.0,7851.25
275,,2,283,50,,,,0.82,0.327,,200,hardness_adaptive,8464.0,8119.0
276,,2,285,50,,,,0.656,1.254,,200,hardness_adaptive,9520.0,8350.25
277,,1,286,50,,,,0.621,1.265,,200,hardness_adaptive,9130.0,8560.25
278,,3,289,50,,,,0.562,1.253,,200,hardness_adaptive,9908.0,8895.75
279,,1,290,50,,,,0.896,0.318,,200,hardness_adaptive,3989.0,3465.0
280,,3,293,50,,,,0.733,0.883,,200,hardness_adaptive,3507.0,3505.0
281,,2,295,50,,,,0.485,1.186,,200,hardness_adaptive,7209.0,3555.0
282,,0,295,50,,,,0.72,1.16,,200,hardness_adaptive,7242.0,3605.25
283,,0,295,50,,,,0.759,1.281,,200,hardness_adaptive,8624.0,3664.0
284,,0,295,50,,,,0.41,1.019,,200,hardness_adaptive,6289.0,3776.0
285,,1,296,50,,,,0.769,1.127,,200,hardness_adaptive,7402.0,4066.75
286,,1,297,50,,,,0.608,1.211,,200,hardness_adaptive,8997.0,6913.5
287,,1,298,50,,,,0.583,1.209,,200,hardness_adaptive,8012.0,7555.75
288,,2,300,50,,,,0.709,1.238,,200,hardness_adaptive,8185.0,8015.25
289,,2,302,50,,,,0.607,1.197,,200,hardness_adaptive,8514.0,8203.0
290,,1,303,50,,,,0.588,1.24,,200,hardness_adaptive,8919.0,8608.0
291,,0,303,50,,,,0.649,1.31,,200,hardness_adaptive,4057.0,3397.25
292,,1,304,50,,,,0.83,1.227,,200,hardness_adaptive,3596.0,3397.25
293,,0,304,50,,,,0.542,1.211,,200,hardness_adaptive,9249.0,3408.25
294,,2,306,50,,,,0.752,1.196,,200,hardness_adaptive,9539.0,3461.75
295,,2,308,50,,,,0.735,0.316,,200,hardness_adaptive,8178.0,3515.0
296,,1,309,50,,,,0.72,0.317,,200,hardness_adaptive,7981.0,3578.25
297,,0,309,50,,,,0.757,1.137,,200,hardness_adaptive,7486.0,3736.0
298,,1,310,50,,,,0.504,1.15,,200,hardness_adaptive,7192.0,6406.25
299,,1,311,50,,,,0.744,1.183,,200,hardness_adaptive,8379.0,7381.25
300,,2,313,50,,,,0.521,1.201,,200,hardness_adaptive,8022.0,7851.75
301,,1,314,50,,,,0.599,1.182,,200,hardness_adaptive,8313.0,8159.5
302,,1,315,50,,,,0.831,0.322,,200,hardness_adaptive,9175.0,8399.75
303,,1,316,50,,,,0.651,1.235,,200,hardness_adaptive,10571.0,8739.0
304,,2,318,50,,,,0.819,1.32,,200,hardness_adaptive,9181.0,8878.75
305,,2,320,50,,,,0.668,1.276,,200,hardness_adaptive,9202.0,9079.0
306,,1,321,50,,,,0.848,1.222,,200,hardness_adaptive,3635.0,3522.0
307,,2,323,50,,,,0.88,0.312,,200,hardness_adaptive,3823.0,3475.0
308,,1,324,50,,,,0.776,0.318,,200,hardness_adaptive,8420.0,3507.25
309,,1,325,50,,,,0.771,1.195,,200,hardness_adaptive,9692.0,3540.75
310,,0,325,50,,,,0.724,1.226,,200,hardness_adaptive,8495.0,3600.5
311,,2,327,50,,,,0.591,1.151,,200,hardness_adaptive,9348.0,3641.75
312,,2,329,50,,,,0.547,1.175,,200,hardness_adaptive,8057.0,3944.25
313,,2,331,50,,,,0.715,1.281,,200,hardness_adaptive,7514.0,7047.5
314,,1,332,50,,,,0.618,1.3,,200,hardness_adaptive,7917.0,7602.5
315,,0,332,50,,,,0.793,1.278,,200,hardness_adaptive,8339.0,7935.5
316,,0,332,50,,,,0.8,1.32,,200,hardness_adaptive,8509.0,8205.25
317,,1,333,50,,,,0.884,0.328,,200,hardness_adaptive,9658.0,8514.25
318,,0,333,50,,,,0.645,1.324,,200,hardness_adaptive,10153.0,8776.0
319,,0,333,50,,,,0.682,1.422,,200,hardness_adaptive,10283.0,9066.75
320,,1,334,50,,,,0.617,1.233,,200,hardness_adaptive,3768.0,3523.75
321,,2,336,50,,,,0.483,1.129,,200,hardness_adaptive,7514.0,3518.5
322,,2,338,50,,,,0.539,1.172,,200,hardness_adaptive,8670.0,3550.0
323,,2,340,50,,,,0.488,1.061,,200,hardness_adaptive,6850.0,3598.5
324,,2,342,50,,,,0.588,1.177,,200,hardness_adaptive,8042.0,3668.5
325,,0,342,50,,,,0.782,1.257,,200,hardness_adaptive,8334.0,3764.25
326,,2,344,50,,,,0.505,1.179,,200,hardness_adaptive,6523.0,6337.0
327,,1,345,50,,,,0.52,1.065,,200,hardness_adaptive,8269.0,7317.25
328,,3,348,50,,,,0.817,0.316,,200,hardness_adaptive,9111.0,7656.0
329,,0,348,50,,,,0.825,1.335,,200,hardness_adaptive,9104.0,8061.75
330,,0,348,50,,,,0.556,1.211,,200,hardness_adaptive,10197.0,8446.0
331,,0,348,50,,,,0.678,1.359,,200,hardness_adaptive,10470.0,8727.5
332,,1,349,50,,,,0.888,0.355,,200,hardness_adaptive,9401.0,8955.25
333,,0,349,50,,,,0.646,1.26,,200,hardness_adaptive,9195.0,9072.25
334,,1,350,50,,,,0.623,1.325,,200,hardness_adaptive,3660.0,3596.5
335,,0,350,50,,,,0.605,1.24,,200,hardness_adaptive,3588.0,3530.25
336,,1,351,50,,,,0.629,1.234,,200,hardness_adaptive,9300.0,3579.75
337,,2,353,50,,,,0.455,1.124,,200,hardness_adaptive,6156.0,3629.0
338,,0,353,50,,,,0.718,0.858,,200,hardness_adaptive,7721.0,3673.0
339,,0,353,50,,,,0.524,1.16,,200,hardness_adaptive,8709.0,3785.5
340,,1,354,50,,,,0.756,1.224,,200,hardness_adaptive,7394.0,3948.75
341,,1,355,50,,,,0.791,1.365,,200,hardness_adaptive,8163.0,6893.5
342,,2,357,50,,,,0.784,1.142,,200,hardness_adaptive,9341.0,7329.75
343,,0,357,50,,,,0.576,1.181,,200,hardness_adaptive,8775.0,7642.5
344,,1,358,50,,,,0.531,1.205,,200,hardness_adaptive,8044.0,8043.25
345,,0,358,50,,,,0.784,1.165,,200,hardness_adaptive,8782.0,8460.25
346,,1,359,50,,,,0.674,1.297,,200,hardness_adaptive,9375.0,8732.5
347,,1,360,50,,,,0.602,1.217,,200,hardness_adaptive,9231.0,8905.0
348,,1,361,50,,,,0.627,1.297,,200,hardness_adaptive,4036.0,3601.75
349,,2,363,50,,,,0.58,1.252,,200,hardness_adaptive,3863.0,3484.25
350,,1,364,50,,,,0.596,1.164,,200,hardness_adaptive,3613.0,3445.75
351,,0,364,50,,,,0.878,0.364,,200,hardness_adaptive,3858.0,3445.75
352,,0,364,50,,,,0.54,1.172,,200,hardness_adaptive,8324.0,3488.75
353,,0,364,50,,,,0.582,1.258,,200,hardness_adaptive,8573.0,3523.75
354,,0,364,50,,,,0.829,1.376,,200,hardness_adaptive,8699.0,3548.5
355,,1,365,50,,,,0.76,1.347,,200,hardness_adaptive,8786.0,3624.25
356,,0,365,50,,,,0.783,1.171,,200,hardness_adaptive,7710.0,3753.75
357,,0,365,50,,,,0.546,1.155,,200,hardness_adaptive,8535.0,5437.75
358,,0,365,50,,,,0.642,1.231,,200,hardness_adaptive,10565.0,7188.75
359,,2,367,50,,,,0.783,1.184,,200,hardness_adaptive,8034.0,7711.75
360,,2,369,50,,,,0.797,1.275,,200,hardness_adaptive,8046.0,7948.0
361,,1,370,50,,,,0.588,1.327,,200,hardness_adaptive,9517.0,8168.75
362,,1,371,50,,,,0.878,0.9,,200,hardness_adaptive,8779.0,8344.25
363,,0,371,50,,,,0.776,1.312,,200,hardness_adaptive,8900.0,8523.75
364,,0,371,50,,,,0.581,1.242,,200,hardness_adaptive,9236.0,8708.25
365,,0,371,50,,,,0.821,0.353,,200,hardness_adaptive,9123.0,8861.0
366,,0,371,50,,,,0.595,1.273,,200,hardness_adaptive,9505.0,8942.0
367,,2,373,50,,,,0.866,0.32,,200,hardness_adaptive,3808.0,3421.0
368,,0,373,50,,,,0.66,1.212,,200,hardness_adaptive,3667.0,3429.0
369,,2,375,50,,,,0.507,1.121,,200,hardness_adaptive,8760.0,3455.75
370,,1,376,50,,,,0.455,1.172,,200,hardness_adaptive,6067.0,3485.75
371,,2,378,50,,,,0.738,1.144,,200,hardness_adaptive,7069.0,3550.75
372,,2,380,50,,,,0.487,1.162,,200,hardness_adaptive,6877.0,3640.5
373,,0,380,50,,,,0.704,1.289,,200,hardness_adaptive,7557.0,3812.5
374,,2,382,50,,,,0.546,1.165,,200,hardness_adaptive,8417.0,6394.75
375,,1,383,50,,,,0.651,1.346,,200,hardness_adaptive,9009.0,7156.25
376,,2,385,50,,,,0.589,1.228,,200,hardness_adaptive,8602.0,7460.25
377,,1,386,50,,,,0.615,1.268,,200,hardness_adaptive,8793.0,7776.75
378,,1,387,50,,,,0.607,1.28,,200,hardness_adaptive,9481.0,8028.75
379,,0,387,50,,,,0.562,1.289,,200,hardness_adaptive,8669.0,8257.75
380,,0,387,50,,,,0.597,1.323,,200,hardness_adaptive,8942.0,8634.0
381,,1,388,50,,,,0.906,0.36,,200,hardness_adaptive,8976.0,8903.0
382,,2,390,50,,,,0.597,1.139,,200,hardness_adaptive,3594.0,3449.75
383,,1,391,50,,,,0.582,1.227,,200,hardness_adaptive,3493.0,3453.75
384,,3,394,50,,,,0.544,1.207,,200,hardness_adaptive,7532.0,3488.25
385,,2,396,50,,,,0.569,0.863,,200,hardness_adaptive,5476.0,3512.75
386,,3,399,50,,,,0.461,1.124,,200,hardness_adaptive,7840.0,3572.25
387,,0,399,50,,,,0.764,0.044,,200,hardness_adaptive,7379.0,3769.5
388,,2,401,50,,,,0.816,0.325,,200,hardness_adaptive,8868.0,4120.75
389,,0,401,50,,,,0.78,0.317,,200,hardness_adaptive,8053.0,7267.0
390,,2,403,50,,,,0.772,0.855,,200,hardness_adaptive,8103.0,7565.5
391,,0,403,50,,,,0.556,1.293,,200,hardness_adaptive,8209.0,7920.5
392,,1,404,50,,,,0.584,1.243,,200,hardness_adaptive,9085.0,8124.0
393,,1,405,50,,,,0.6,1.242,,200,hardness_adaptive,9884.0,8412.25
394,,2,407,50,,,,0.567,1.223,,200,hardness_adaptive,9234.0,8777.5
395,,2,409,50,,,,0.588,1.297,,200,hardness_adaptive,3864.0,3579.25
396,,0,409,50,,,,0.536,1.156,,200,hardness_adaptive,3749.0,3504.25
397,,0,409,50,,,,0.607,1.176,,200,hardness_adaptive,9163.0,3519.5
398,,3,412,50,,,,0.664,1.224,,200,hardness_adaptive,5889.0,3552.75
399,,1,413,50,,,,0.47,1.291,,200,hardness_adaptive,7761.0,3622.5
400,,2,415,50,,,,0.78,0.32,,200,hardness_adaptive,8516.0,3736.0
401,,1,416,50,,,,0.6,0.8,,200,hardness_adaptive,6335.0,3833.75
402,,1,417,50,,,,0.701,1.26,,200,hardness_adaptive,6525.0,6333.5
403,,0,417,50,,,,0.745,1.258,,200,hardness_adaptive,9307.0,7265.0
404,,2,419,50,,,,0.861,0.354,,200,hardness_adaptive,10410.0,7706.25
405,,2,421,50,,,,0.871,0.317,,200,hardness_adaptive,9952.0,8217.75
406,,2,423,50,,,,0.917,0.325,,200,hardness_adaptive,10511.0,8364.75
407,,1,424,50,,,,0.638,1.248,,200,hardness_adaptive,8691.0,8523.25
408,,2,426,50,,,,0.551,1.3,,200,hardness_adaptive,9227.0,8766.0
409,,1,427,50,,,,0.585,1.263,,200,hardness_adaptive,3566.0,3444.5
410,,0,427,50,,,,0.664,1.306,,200,hardness_adaptive,3661.0,3454.0
411,,0,427,50,,,,0.734,1.318,,200,hardness_adaptive,7335.0,3468.5
412,,0,427,50,,,,0.487,1.064,,200,hardness_adaptive,6960.0,3525.25
413,,0,427,50,,,,0.486,1.17,,200,hardness_adaptive,7302.0,3556.25
414,,2,429,50,,,,0.681,0.327,,200,hardness_adaptive,9157.0,3700.0
415,,1,430,50,,,,0.726,1.113,,200,hardness_adaptive,7254.0,3836.25
416,,0,430,50,,,,0.603,1.195,,200,hardness_adaptive,10194.0,5969.0
417,,1,431,50,,,,0.563,1.212,,200,hardness_adaptive,8220.0,7250.25
418,,0,431,50,,,,0.52,1.112,,200,hardness_adaptive,8878.0,7447.5
419,,2,433,50,,,,0.592,1.381,,200,hardness_adaptive,8168.0,8097.5
420,,2,435,50,,,,0.758,1.316,,200,hardness_adaptive,8980.0,8354.25
421,,0,435,50,,,,0.876,0.332,,200,hardness_adaptive,9035.0,8628.25
422,,3,438,50,,,,0.572,1.233,,200,hardness_adaptive,9689.0,8908.0
423,,1,439,50,,,,0.675,1.368,,200,hardness_adaptive,9755.0,8981.0
424,,1,440,50,,,,0.837,1.286,,200,hardness_adaptive,4234.0,3620.25
425,,1,441,50,,,,0.645,1.329,,200,hardness_adaptive,4082.0,3563.0
426,,2,443,50,,,,0.806,1.244,,200,hardness_adaptive,3579.0,3545.5
427,,1,444,50,,,,0.62,1.265,,200,hardness_adaptive,4265.0,3547.75
428,,1,445,50,,,,0.701,0.924,,200,hardness_adaptive,10642.0,3579.0
429,,1,446,50,,,,0.863,1.215,,200,hardness_adaptive,10507.0,3618.5
430,,2,448,50,,,,0.615,1.317,,200,hardness_adaptive,10018.0,3710.75
431,,2,450,50,,,,0.677,1.247,,200,hardness_adaptive,11129.0,3887.5
432,,2,452,50,,,,0.756,1.325,,200,hardness_adaptive,9002.0,4127.75
433,,1,453,50,,,,0.571,1.218,,200,hardness_adaptive,9671.0,9121.5
434,,1,454,50,,,,0.79,1.369,,200,hardness_adaptive,10001.0,9655.25
435,,0,454,50,,,,0.689,1.336,,200,hardness_adaptive,11159.0,9919.25
436,,1,455,50,,,,0.664,1.316,,200,hardness_adaptive,11546.0,10103.75
437,,1,456,50,,,,0.71,1.41,,200,hardness_adaptive,11443.0,10348.75
438,,1,457,50,,,,0.595,1.314,,200,hardness_adaptive,10757.0,10624.75
439,,0,457,50,,,,0.647,1.283,,200,hardness_adaptive,11881.0,10741.0
440,,0,457,50,,,,0.867,1.239,,200,hardness_adaptive,12387.0,10947.25
441,,0,457,50,,,,0.672,1.257,,200,hardness_adaptive,4213.0,4070.5
442,,0,457,50,,,,0.623,1.256,,200,hardness_adaptive,4234.0,4063.0
443,,1,458,50,,,,0.63,1.329,,200,hardness_adaptive,4321.0,4059.75
444,,0,458,50,,,,0.572,1.195,,200,hardness_adaptive,9637.0,4067.25
445,,3,461,50,,,,0.61,1.226,,200,hardness_adaptive,10697.0,4095.0
446,,3,464,50,,,,0.554,1.209,,200,hardness_adaptive,9930.0,4124.0
447,,1,465,50,,,,0.835,1.319,,200,hardness_adaptive,10198.0,4200.0
448,,1,466,50,,,,0.638,1.233,,200,hardness_adaptive,11511.0,4284.25
449,,1,467,50,,,,0.589,1.209,,200,hardness_adaptive,10108.0,7703.25
450,,1,468,50,,,,0.879,1.242,,200,hardness_adaptive,11972.0,9477.25
451,,2,470,50,,,,0.814,1.242,,200,hardness_adaptive,9998.0,9857.25
452,,1,471,50,,,,0.664,1.201,,200,hardness_adaptive,11002.0,10150.25
453,,0,471,50,,,,0.585,1.243,,200,hardness_adaptive,10568.0,10471.25
454,,0,471,50,,,,0.692,1.286,,200,hardness_adaptive,11218.0,10699.25
455,,0,471,50,,,,0.753,1.288,,200,hardness_adaptive,4411.0,4175.0
456,,0,471,50,,,,0.807,1.251,,200,hardness_adaptive,4258.0,4099.5
457,,0,471,50,,,,0.835,1.259,,200,hardness_adaptive,11059.0,4107.25
458,,2,473,50,,,,0.806,1.267,,200,hardness_adaptive,10496.0,4158.75
459,,1,474,50,,,,0.641,1.2,,200,hardness_adaptive,11768.0,4219.25
460,,1,475,50,,,,0.619,1.23,,200,hardness_adaptive,10022.0,4302.75
461,,1,476,50,,,,0.805,1.263,,200,hardness_adaptive,10314.0,4361.5
462,,0,476,50,,,,0.578,1.23,,200,hardness_adaptive,10042.0,8272.25
463,,0,476,50,,,,0.58,1.19,,200,hardness_adaptive,9674.0,9407.75
464,,1,477,50,,,,0.789,0.936,,200,hardness_adaptive,9957.0,9892.5
465,,1,478,50,,,,0.619,1.287,,200,hardness_adaptive,10319.0,10143.0
466,,0,478,50,,,,0.65,1.279,,200,hardness_adaptive,11012.0,10386.25
467,,0,478,50,,,,0.616,1.27,,200,hardness_adaptive,11026.0,10683.25
468,,1,479,50,,,,0.885,1.412,,200,hardness_adaptive,4337.0,4281.5
469,,2,481,50,,,,0.825,1.307,,200,hardness_adaptive,4055.0,4009.25
470,,2,483,50,,,,0.644,1.309,,200,hardness_adaptive,4044.0,3992.75
471,,1,484,50,,,,0.656,1.296,,200,hardness_adaptive,10885.0,3972.0
472,,1,485,50,,,,0.685,1.296,,200,hardness_adaptive,10485.0,4020.5
473,,1,486,50,,,,0.638,1.302,,200,hardness_adaptive,9001.0,4069.0
474,,1,487,50,,,,0.805,0.973,,200,hardness_adaptive,10801.0,4092.5
475,,1,488,50,,,,0.663,1.313,,200,hardness_adaptive,9743.0,4231.5
476,,2,490,50,,,,0.682,3.073,,200,hardness_adaptive,11031.0,8217.25
477,,1,491,50,,,,0.849,1.34,,200,hardness_adaptive,10302.0,9569.75
478,,1,492,50,,,,0.658,1.347,,200,hardness_adaptive,10470.0,9958.5
479,,0,492,50,,,,0.851,1.32,,200,hardness_adaptive,11574.0,10221.75
480,,1,493,50,,,,0.724,1.0,,200,hardness_adaptive,11028.0,10495.0
481,,1,494,50,,,,0.673,1.364,,200,hardness_adaptive,4347.0,4229.5
482,,2,496,50,,,,0.643,1.334,,200,hardness_adaptive,4205.0,4097.75
483,,1,497,50,,,,0.682,1.342,,200,hardness_adaptive,4132.0,4100.5
484,,0,497,50,,,,0.648,1.297,,200,hardness_adaptive,10544.0,4128.75
485,,1,498,50,,,,0.781,1.342,,200,hardness_adaptive,10654.0,4199.0
486,,0,498,50,,,,0.748,1.324,,200,hardness_adaptive,11275.0,4241.75
487,,0,498,50,,,,0.757,1.338,,200,hardness_adaptive,8206.0,4298.25
488,,2,500,50,,,,0.748,1.298,,200,hardness_adaptive,9067.0,5412.25
489,,0,500,50,,,,0.85,0.989,,200,hardness_adaptive,9896.0,9438.25
490,,0,500,50,,,,0.617,1.331,,200,hardness_adaptive,10195.0,10043.25
491,,0,500,50,,,,0.659,1.305,,200,hardness_adaptive,11413.0,10355.0
492,,0,500,50,,,,0.643,1.357,,200,hardness_adaptive,10481.0,10472.25
493,,2,502,50,,,,0.718,1.388,,200,hardness_adaptive,11826.0,10639.75
494,,1,503,50,,,,0.682,1.345,,200,hardness_adaptive,11239.0,10714.25
495,,0,503,50,,,,0.71,1.402,,200,hardness_adaptive,12293.0,10813.25
496,,0,503,50,,,,0.712,1.245,,200,hardness_adaptive,4755.0,4188.75
497,,0,503,50,,,,0.679,1.218,,200,hardness_adaptive,4109.0,4087.25
498,,0,503,50,,,,0.651,1.297,,200,hardness_adaptive,11315.0,4112.25
499,,0,503,50,,,,0.86,1.288,,200,hardness_adaptive,11836.0,4147.75
500,,1,504,50,,,,0.614,1.273,,200,hardness_adaptive,8898.0,4209.5
501,,0,504,50,,,,0.683,1.331,,200,hardness_adaptive,11580.0,4286.75
502,,0,504,50,,,,0.656,1.314,,200,hardness_adaptive,10636.0,4424.25
503,,1,505,50,,,,0.726,1.305,,200,hardness_adaptive,10145.0,8766.75
504,,1,506,50,,,,0.69,1.35,,200,hardness_adaptive,11162.0,9860.5
505,,1,507,50,,,,0.773,1.286,,200,hardness_adaptive,10784.0,10156.5
506,,0,507,50,,,,0.831,1.299,,200,hardness_adaptive,10573.0,10381.75
507,,2,509,50,,,,0.895,1.429,,200,hardness_adaptive,11241.0,10599.75
508,,1,510,50,,,,0.866,1.297,,200,hardness_adaptive,4305.0,4137.5
509,,1,511,50,,,,0.634,1.376,,200,hardness_adaptive,4111.0,4054.0
510,,2,513,50,,,,0.647,1.28,,200,hardness_adaptive,4210.0,4053.25
511,,1,514,50,,,,0.756,1.32,,200,hardness_adaptive,11862.0,4080.5
512,,0,514,50,,,,0.616,1.241,,200,hardness_adaptive,10642.0,4107.25
513,,2,516,50,,,,0.742,1.214,,200,hardness_adaptive,10737.0,4162.75
514,,0,516,50,,,,0.693,1.337,,200,hardness_adaptive,11065.0,4237.5
515,,1,517,50,,,,0.664,1.287,,200,hardness_adaptive,10218.0,4372.25
516,,0,517,50,,,,0.666,1.312,,200,hardness_adaptive,9521.0,8613.25
517,,2,519,50,,,,0.717,1.297,,200,hardness_adaptive,10117.0,9474.0
518,,1,520,50,,,,0.632,1.291,,200,hardness_adaptive,10120.0,9989.25
519,,0,520,50,,,,0.674,1.319,,200,hardness_adaptive,11142.0,10218.25
520,,2,522,50,,,,0.871,1.658,,200,hardness_adaptive,10839.0,10465.5
521,,1,523,50,,,,0.843,1.351,,200,hardness_adaptive,4349.0,4038.5
522,,0,523,50,,,,0.838,1.327,,200,hardness_adaptive,4419.0,3918.75
523,,0,523,50,,,,0.597,1.199,,200,hardness_adaptive,10869.0,3964.75
524,,1,524,50,,,,0.58,1.264,,200,hardness_adaptive,9572.0,4016.75
525,,2,526,50,,,,0.745,1.307,,200,hardness_adaptive,9244.0,4061.25
526,,2,528,50,,,,0.797,1.311,,200,hardness_adaptive,10485.0,4144.25
527,,1,529,50,,,,0.626,1.287,,200,hardness_adaptive,8682.0,4277.5
528,,0,529,50,,,,0.625,1.28,,200,hardness_adaptive,9205.0,6619.75
529,,1,530,50,,,,0.658,1.249,,200,hardness_adaptive,9735.0,8576.25
530,,1,531,50,,,,0.84,1.365,,200,hardness_adaptive,11193.0,9179.5
531,,1,532,50,,,,0.708,1.369,,200,hardness_adaptive,10257.0,9693.5
532,,0,532,50,,,,0.647,1.249,,200,hardness_adaptive,10035.0,9915.0
533,,1,533,50,,,,0.67,1.345,,200,hardness_adaptive,4199.0,4034.25
534,,1,534,50,,,,0.832,1.284,,200,hardness_adaptive,3969.0,3878.5
535,,1,535,50,,,,0.637,1.277,,200,hardness_adaptive,11083.0,3952.75
536,,0,535,50,,,,0.536,1.223,,200,hardness_adaptive,8837.0,4001.25
537,,1,536,50,,,,0.607,1.269,,200,hardness_adaptive,8580.0,4038.5
538,,3,539,50,,,,0.836,0.913,,200,hardness_adaptive,9791.0,4186.25
539,,1,540,50,,,,0.683,1.282,,200,hardness_adaptive,9838.0,4345.5
540,,1,541,50,,,,0.634,1.304,,200,hardness_adaptive,9543.0,8511.75
541,,0,541,50,,,,0.814,1.322,,200,hardness_adaptive,10418.0,8900.25
542,,2,543,50,,,,0.855,1.274,,200,hardness_adaptive,10515.0,9435.25
543,,1,544,50,,,,0.64,1.299,,200,hardness_adaptive,10063.0,9721.75
544,,0,544,50,,,,0.719,1.399,,200,hardness_adaptive,4404.0,4255.5
545,,1,545,50,,,,0.821,1.171,,200,hardness_adaptive,3942.0,3887.25
546,,0,545,50,,,,0.673,0.884,,200,hardness_adaptive,9520.0,3882.75
547,,1,546,50,,,,0.621,1.218,,200,hardness_adaptive,9430.0,3908.25
548,,1,547,50,,,,0.626,1.306,,200,hardness_adaptive,8668.0,3968.25
549,,0,547,50,,,,0.613,1.303,,200,hardness_adaptive,8918.0,4057.5
550,,1,548,50,,,,0.838,1.307,,200,hardness_adaptive,9950.0,4273.0
551,,0,548,50,,,,0.55,1.271,,200,hardness_adaptive,7952.0,7546.0
552,,2,550,50,,,,0.819,1.384,,200,hardness_adaptive,9203.0,8937.5
553,,1,551,50,,,,0.875,1.172,,200,hardness_adaptive,10010.0,9441.25
554,,2,553,50,,,,0.881,1.348,,200,hardness_adaptive,10104.0,9672.0
555,,1,554,50,,,,0.794,0.7,,200,hardness_adaptive,10021.0,9874.5
556,,1,555,50,,,,0.726,1.351,,200,hardness_adaptive,4194.0,4013.0
557,,1,556,50,,,,1.063,1.203,,200,hardness_adaptive,3951.0,3926.0
558,,1,557,50,,,,0.827,1.207,,200,hardness_adaptive,4086.0,3910.5
559,,0,557,50,,,,0.809,1.158,,200,hardness_adaptive,9134.0,3923.0
560,,3,560,50,,,,0.669,1.209,,200,hardness_adaptive,10031.0,3974.0
561,,1,561,50,,,,0.53,1.118,,200,hardness_adaptive,8490.0,4035.0
562,,0,561,50,,,,0.75,1.27,,200,hardness_adaptive,10562.0,4098.5
563,,0,561,50,,,,0.725,0.537,,200,hardness_adaptive,10249.0,4168.5
564,,2,563,50,,,,0.748,1.301,,200,hardness_adaptive,8519.0,6806.5
565,,3,566,50,,,,0.691,1.133,,200,hardness_adaptive,9111.0,8497.25
566,,2,568,50,,,,0.767,1.118,,200,hardness_adaptive,10323.0,9105.75
567,,1,569,50,,,,0.737,1.231,,200,hardness_adaptive,9558.0,9400.25
568,,0,569,50,,,,0.638,1.319,,200,hardness_adaptive,9862.0,9604.75
569,,1,570,50,,,,0.597,1.272,,200,hardness_adaptive,10353.0,9812.5
570,,2,572,50,,,,0.816,1.387,,200,hardness_adaptive,10330.0,9977.5
571,,0,572,50,,,,0.8,1.361,,200,hardness_adaptive,4310.0,4280.75
572,,0,572,50,,,,0.737,1.072,,200,hardness_adaptive,3887.0,3856.5
573,,2,574,50,,,,0.541,1.168,,200,hardness_adaptive,10120.0,3884.25
574,,2,576,50,,,,0.679,1.18,,200,hardness_adaptive,7980.0,3921.25
575,,1,577,50,,,,0.628,1.079,,200,hardness_adaptive,7066.0,4018.25
576,,2,579,50,,,,0.679,1.133,,200,hardness_adaptive,8180.0,4073.75
577,,0,579,50,,,,0.686,1.208,,200,hardness_adaptive,10187.0,4169.75
578,,1,580,50,,,,0.498,1.124,,200,hardness_adaptive,8595.0,7492.75
579,,1,581,50,,,,0.556,1.216,,200,hardness_adaptive,10548.0,8696.0
580,,1,582,50,,,,0.608,1.231,,200,hardness_adaptive,9601.0,9358.25
581,,0,582,50,,,,0.811,1.274,,200,hardness_adaptive,10240.0,9749.0
582,,1,583,50,,,,0.673,1.238,,200,hardness_adaptive,10833.0,9981.0
583,,0,583,50,,,,0.655,0.864,,200,hardness_adaptive,10424.0,10180.25
584,,1,584,50,,,,0.703,1.277,,200,hardness_adaptive,4579.0,3922.5
585,,0,584,50,,,,0.666,1.257,,200,hardness_adaptive,4304.0,3909.5
586,,0,584,50,,,,0.691,1.245,,200,hardness_adaptive,3949.0,3927.25
587,,2,586,50,,,,0.632,1.346,,200,hardness_adaptive,4101.0,3908.25
588,,0,586,50,,,,0.836,1.283,,200,hardness_adaptive,4140.0,3864.75
589,,2,588,50,,,,0.603,1.176,,200,hardness_adaptive,8950.0,3906.5
590,,1,589,50,,,,0.515,1.105,,200,hardness_adaptive,9019.0,3940.25
591,,2,591,50,,,,0.714,1.264,,200,hardness_adaptive,9479.0,4007.5
592,,0,591,50,,,,0.789,1.278,,200,hardness_adaptive,11196.0,4051.0
593,,0,591,50,,,,0.691,0.884,,200,hardness_adaptive,9289.0,4174.0
594,,2,593,50,,,,0.828,1.173,,200,hardness_adaptive,9153.0,7692.75
595,,2,595,50,,,,0.82,1.181,,200,hardness_adaptive,10783.0,8705.5
596,,2,597,50,,,,0.576,1.19,,200,hardness_adaptive,9655.0,9087.75
597,,1,598,50,,,,0.581,1.197,,200,hardness_adaptive,9659.0,9356.0
598,,1,599,50,,,,0.674,1.301,,200,hardness_adaptive,10947.0,9588.25
599,,1,600,50,,,,0.65,0.945,,200,hardness_adaptive,9874.0,9798.25
600,,0,600,50,,,,0.646,1.296,,200,hardness_adaptive,10852.0,10089.0
601,,1,601,50,,,,0.6,1.27,,200,hardness_adaptive,4080.0,3872.0
602,,1,602,50,,,,0.574,1.218,,200,hardness_adaptive,3938.0,3881.5
603,,0,602,50,,,,0.776,1.212,,200,hardness_adaptive,9596.0,3906.0
604,,1,603,50,,,,0.81,1.2,,200,hardness_adaptive,11795.0,3949.0
605,,1,604,50,,,,0.527,1.197,,200,hardness_adaptive,9035.0,4037.0
606,,2,606,50,,,,0.768,1.096,,200,hardness_adaptive,9004.0,4080.25
607,,1,607,50,,,,0.774,1.243,,200,hardness_adaptive,9861.0,4237.5
608,,1,608,50,,,,0.771,1.061,,200,hardness_adaptive,10834.0,8453.0
609,,0,608,50,,,,0.611,1.261,,200,hardness_adaptive,10021.0,9011.75
610,,2,610,50,,,,0.602,1.23,,200,hardness_adaptive,9739.0,9443.5
611,,1,611,50,,,,0.628,1.304,,200,hardness_adaptive,10144.0,9723.75
612,,0,611,50,,,,0.598,1.283,,200,hardness_adaptive,10968.0,9955.25
613,,1,612,50,,,,0.601,1.272,,200,hardness_adaptive,3941.0,3820.25
614,,0,612,50,,,,0.547,1.231,,200,hardness_adaptive,3826.0,3790.25
615,,0,612,50,,,,0.703,1.232,,200,hardness_adaptive,3813.0,3792.75
616,,1,613,50,,,,0.584,1.168,,200,hardness_adaptive,3819.0,3770.25
617,,1,614,50,,,,0.651,0.833,,200,hardness_adaptive,4240.0,3761.0
618,,2,616,50,,,,0.687,1.235,,200,hardness_adaptive,4003.0,3756.5
619,,0,616,50,,,,0.501,1.166,,200,hardness_adaptive,7919.0,3791.5
620,,1,617,50,,,,0.744,1.257,,200,hardness_adaptive,9328.0,3813.5
621,,1,618,50,,,,0.677,1.226,,200,hardness_adaptive,9795.0,3846.75
622,,0,618,50,,,,0.541,1.216,,200,hardness_adaptive,6938.0,3945.5
623,,2,620,50,,,,0.551,1.152,,200,hardness_adaptive,8022.0,4159.5
624,,2,622,50,,,,0.589,1.258,,200,hardness_adaptive,9776.0,6996.5
625,,1,623,50,,,,0.549,1.182,,200,hardness_adaptive,9783.0,7948.75
626,,1,624,50,,,,0.59,1.25,,200,hardness_adaptive,9880.0,8609.25
627,,0,624,50,,,,0.787,1.185,,200,hardness_adaptive,9201.0,9093.25
628,,1,625,50,,,,0.513,1.294,,200,hardness_adaptive,9820.0,9388.0
629,,1,626,50,,,,0.693,0.909,,200,hardness_adaptive,10454.0,9710.5
630,,2,628,50,,,,0.644,1.282,,200,hardness_adaptive,3880.0,3780.5
631,,0,628,50,,,,0.702,1.521,,200,hardness_adaptive,4164.0,3744.0
632,,2,630,50,,,,0.816,1.3,,200,hardness_adaptive,3849.0,3744.0
633,,3,633,50,,,,0.687,1.086,,200,hardness_adaptive,7093.0,3755.25
634,,0,633,50,,,,0.631,1.224,,200,hardness_adaptive,9431.0,3836.25
635,,1,634,50,,,,0.797,1.26,,200,hardness_adaptive,9236.0,3891.75
636,,1,635,50,,,,0.521,1.182,,200,hardness_adaptive,7957.0,3975.0
637,,2,637,50,,,,0.507,1.17,,200,hardness_adaptive,8364.0,4164.75
638,,0,637,50,,,,0.705,1.51,,200,hardness_adaptive,10594.0,6657.25
639,,1,638,50,,,,0.616,1.217,,200,hardness_adaptive,11066.0,8004.0
640,,0,638,50,,,,0.798,1.257,,200,hardness_adaptive,10006.0,8479.75
641,,2,640,50,,,,0.77,0.862,,200,hardness_adaptive,9087.0,8827.5
642,,1,641,50,,,,0.827,1.35,,200,hardness_adaptive,10488.0,9033.75
643,,1,642,50,,,,0.644,0.886,,200,hardness_adaptive,9893.0,9237.0
644,,1,643,50,,,,0.862,1.435,,200,hardness_adaptive,10036.0,9432.25
645,,0,643,50,,,,0.62,1.304,,200,hardness_adaptive,10569.0,9561.0
646,,1,644,50,,,,0.522,1.208,,200,hardness_adaptive,9882.0,9756.5
647,,2,646,50,,,,0.767,1.301,,200,hardness_adaptive,3851.0,3844.25
648,,1,647,50,,,,0.625,1.288,,200,hardness_adaptive,3829.0,3767.0
649,,0,647,50,,,,0.802,1.089,,200,hardness_adaptive,9844.0,3800.5
650,,0,647,50,,,,0.622,1.229,,200,hardness_adaptive,10303.0,3829.0
651,,2,649,50,,,,0.585,1.238,,200,hardness_adaptive,9400.0,3876.0
652,,0,649,50,,,,0.753,1.091,,200,hardness_adaptive,8924.0,3951.5
653,,0,649,50,,,,0.654,1.182,,200,hardness_adaptive,8220.0,4046.75
654,,1,650,50,,,,0.674,1.23,,200,hardness_adaptive,10074.0,6438.5
655,,1,651,50,,,,0.603,1.249,,200,hardness_adaptive,9810.0,8307.0
656,,1,652,50,,,,0.816,1.331,,200,hardness_adaptive,9344.0,8664.75
657,,0,652,50,,,,0.649,1.387,,200,hardness_adaptive,10734.0,9041.5
658,,2,654,50,,,,0.811,1.288,,200,hardness_adaptive,11865.0,9345.75
659,,1,655,50,,,,0.68,1.33,,200,hardness_adaptive,11180.0,9577.75
660,,1,656,50,,,,0.67,1.339,,200,hardness_adaptive,4002.0,3868.75
661,,1,657,50,,,,0.561,1.159,,200,hardness_adaptive,3744.0,3723.25
662,,2,659,50,,,,0.635,1.269,,200,hardness_adaptive,9988.0,3750.0
663,,0,659,50,,,,0.79,1.246,,200,hardness_adaptive,9648.0,3779.0
664,,0,659,50,,,,0.555,1.156,,200,hardness_adaptive,9946.0,3858.25
665,,2,661,50,,,,0.649,1.197,,200,hardness_adaptive,9344.0,3954.75
666,,1,662,50,,,,0.67,1.252,,200,hardness_adaptive,7808.0,4137.25
667,,1,663,50,,,,1.031,1.477,,200,hardness_adaptive,10117.0,7824.25
668,,1,664,50,,,,0.779,1.268,,200,hardness_adaptive,9725.0,8382.75
669,,0,664,50,,,,0.56,1.266,,200,hardness_adaptive,9411.0,8564.5
670,,1,665,50,,,,0.683,1.3,,200,hardness_adaptive,11610.0,8995.5
671,,0,665,50,,,,0.68,1.306,,200,hardness_adaptive,10255.0,9276.25
672,,2,667,50,,,,0.789,1.375,,200,hardness_adaptive,10881.0,9602.0
673,,1,668,50,,,,0.886,1.4,,200,hardness_adaptive,10439.0,9805.25
674,,1,669,50,,,,0.696,1.266,,200,hardness_adaptive,11181.0,9918.25
675,,1,670,50,,,,0.641,1.246,,200,hardness_adaptive,3762.0,3743.0
676,,0,670,50,,,,0.61,1.209,,200,hardness_adaptive,3824.0,3734.0
677,,2,672,50,,,,0.554,1.158,,200,hardness_adaptive,8722.0,3763.5
678,,0,672,50,,,,0.744,1.152,,200,hardness_adaptive,9795.0,3800.25
679,,2,674,50,,,,0.615,1.16,,200,hardness_adaptive,9296.0,3851.0
680,,1,675,50,,,,0.636,1.225,,200,hardness_adaptive,10054.0,3986.75
681,,0,675,50,,,,0.578,1.208,,200,hardness_adaptive,9657.0,4149.75
682,,2,677,50,,,,0.603,0.854,,200,hardness_adaptive,8718.0,7401.5
683,,0,677,50,,,,0.599,1.182,,200,hardness_adaptive,9647.0,8719.0
684,,1,678,50,,,,0.629,1.145,,200,hardness_adaptive,9497.0,9184.0
685,,0,678,50,,,,0.586,1.306,,200,hardness_adaptive,10159.0,9510.75
686,,2,680,50,,,,0.812,1.366,,200,hardness_adaptive,9838.0,9774.75
687,,1,681,50,,,,0.687,0.966,,200,hardness_adaptive,3931.0,3828.75
688,,0,681,50,,,,0.623,1.282,,200,hardness_adaptive,10452.0,3823.5
689,,1,682,50,,,,0.751,1.228,,200,hardness_adaptive,8849.0,3883.25
690,,2,684,50,,,,0.474,1.102,,200,hardness_adaptive,7104.0,3918.25
691,,3,687,50,,,,0.729,1.246,,200,hardness_adaptive,9158.0,3989.5
692,,2,689,50,,,,0.546,1.219,,200,hardness_adaptive,9484.0,4086.25
693,,0,689,50,,,,0.536,1.209,,200,hardness_adaptive,8452.0,7274.25
694,,1,690,50,,,,0.644,0.873,,200,hardness_adaptive,9221.0,8272.5
695,,0,690,50,,,,0.778,1.428,,200,hardness_adaptive,9457.0,8744.0
696,,0,690,50,,,,0.673,1.357,,200,hardness_adaptive,10655.0,9212.0
697,,2,692,50,,,,0.638,1.342,,200,hardness_adaptive,10138.0,9457.0
698,,0,692,50,,,,0.674,1.369,,200,hardness_adaptive,9796.0,9644.25
699,,1,693,50,,,,0.661,1.396,,200,hardness_adaptive,4041.0,3995.75
700,,0,693,50,,,,0.817,1.372,,200,hardness_adaptive,3920.0,3744.25
701,,1,694,50,,,,0.566,1.203,,200,hardness_adaptive,9717.0,3768.25
702,,1,695,50,,,,0.565,1.226,,200,hardness_adaptive,8187.0,3816.0
703,,1,696,50,,,,0.661,0.857,,200,hardness_adaptive,9678.0,3873.25
704,,1,697,50,,,,0.551,1.141,,200,hardness_adaptive,9260.0,3969.25
705,,1,698,50,,,,0.738,0.317,,200,hardness_adaptive,9602.0,4112.5
706,,1,699,50,,,,0.884,1.286,,200,hardness_adaptive,11107.0,7153.5
707,,1,700,50,,,,0.515,1.181,,200,hardness_adaptive,8935.0,8258.75
708,,0,700,50,,,,0.757,1.294,,200,hardness_adaptive,9212.0,9020.25
709,,1,701,50,,,,0.696,1.298,,200,hardness_adaptive,10196.0,9175.75
710,,1,702,50,,,,0.698,1.371,,200,hardness_adaptive,9662.0,9409.25
711,,1,703,50,,,,0.841,1.336,,200,hardness_adaptive,4140.0,3782.0
712,,2,705,50,,,,0.803,1.201,,200,hardness_adaptive,3873.0,3773.0
713,,0,705,50,,,,0.567,1.265,,200,hardness_adaptive,8339.0,3808.0
714,,2,707,50,,,,0.702,0.848,,200,hardness_adaptive,9613.0,3868.0
715,,1,708,50,,,,0.531,1.175,,200,hardness_adaptive,8600.0,3901.0
716,,1,709,50,,,,0.778,0.891,,200,hardness_adaptive,8471.0,3988.5
717,,0,709,50,,,,0.702,1.299,,200,hardness_adaptive,9513.0,4163.25
718,,1,710,50,,,,0.595,1.199,,200,hardness_adaptive,8682.0,7355.0
719,,0,710,50,,,,0.576,1.181,,200,hardness_adaptive,9980.0,8533.25
720,,0,710,50,,,,0.823,1.436,,200,hardness_adaptive,9091.0,8938.25
721,,2,712,50,,,,0.874,0.355,,200,hardness_adaptive,10437.0,9330.0
722,,0,712,50,,,,0.7,1.28,,200,hardness_adaptive,9822.0,9620.5
723,,1,713,50,,,,0.612,1.26,,200,hardness_adaptive,10072.0,9901.25
724,,1,714,50,,,,0.812,1.327,,200,hardness_adaptive,4016.0,3777.5
725,,1,715,50,,,,0.648,1.208,,200,hardness_adaptive,3940.0,3737.25
726,,0,715,50,,,,0.566,1.079,,200,hardness_adaptive,9400.0,3756.25
727,,1,716,50,,,,0.823,0.908,,200,hardness_adaptive,10537.0,3794.5
728,,1,717,50,,,,1.018,1.312,,200,hardness_adaptive,9656.0,3881.25
729,,0,717,50,,,,0.727,0.937,,200,hardness_adaptive,7860.0,4010.75
730,,0,717,50,,,,0.765,1.272,,200,hardness_adaptive,9307.0,4275.75
731,,1,718,50,,,,0.634,1.374,,200,hardness_adaptive,9308.0,7502.5
732,,1,719,50,,,,0.568,1.152,,200,hardness_adaptive,9525.0,8452.5
733,,1,720,50,,,,0.732,0.986,,200,hardness_adaptive,10545.0,9174.25
734,,0,720,50,,,,0.851,1.351,,200,hardness_adaptive,10411.0,9331.5
735,,0,720,50,,,,0.73,1.286,,200,hardness_adaptive,11805.0,9557.0
736,,0,720,50,,,,0.661,1.372,,200,hardness_adaptive,11193.0,9748.75
737,,1,721,50,,,,0.66,1.37,,200,hardness_adaptive,10334.0,9951.0
738,,1,722,50,,,,0.864,0.958,,200,hardness_adaptive,11347.0,9951.0
739,,1,723,50,,,,0.904,0.325,,200,hardness_adaptive,10460.0,9997.5
740,,0,723,50,,,,0.883,0.333,,200,hardness_adaptive,4002.0,3802.5
741,,0,723,50,,,,0.587,1.226,,200,hardness_adaptive,3911.0,3771.5
742,,0,723,50,,,,0.632,1.242,,200,hardness_adaptive,9137.0,3817.0
743,,1,724,50,,,,0.796,1.169,,200,hardness_adaptive,9945.0,3859.25
744,,1,725,50,,,,0.583,1.22,,200,hardness_adaptive,9271.0,3916.25
745,,3,728,50,,,,0.532,1.155,,200,hardness_adaptive,8289.0,3986.25
746,,0,728,50,,,,0.488,1.163,,200,hardness_adaptive,7621.0,5003.0
747,,0,728,50,,,,0.791,1.589,,200,hardness_adaptive,8623.0,7854.0
748,,0,728,50,,,,0.785,0.33,,200,hardness_adaptive,10051.0,8367.5
749,,1,729,50,,,,0.603,1.321,,200,hardness_adaptive,9671.0,8665.5
750,,2,731,50,,,,0.718,1.28,,200,hardness_adaptive,10512.0,9151.75
751,,1,732,50,,,,0.708,1.32,,200,hardness_adaptive,9905.0,9416.25
752,,1,733,50,,,,0.661,1.361,,200,hardness_adaptive,10290.0,9564.0
753,,2,735,50,,,,0.932,0.328,,200,hardness_adaptive,10447.0,9788.25
754,,0,735,50,,,,0.577,1.257,,200,hardness_adaptive,9994.0,9913.0
755,,0,735,50,,,,0.628,1.152,,200,hardness_adaptive,4150.0,3760.25
756,,2,737,50,,,,0.693,1.381,,200,hardness_adaptive,3917.0,3770.5
757,,2,739,50,,,,0.61,1.289,,200,hardness_adaptive,8570.0,3813.75
758,,1,740,50,,,,0.471,1.156,,200,hardness_adaptive,6502.0,3883.5
759,,2,742,50,,,,0.584,1.234,,200,hardness_adaptive,9665.0,3912.25
760,,1,743,50,,,,0.805,1.286,,200,hardness_adaptive,9454.0,4057.75
761,,0,743,50,,,,0.58,1.246,,200,hardness_adaptive,9540.0,4552.75
762,,1,744,50,,,,0.838,1.18,,200,hardness_adaptive,7981.0,7735.25
763,,0,744,50,,,,0.674,1.349,,200,hardness_adaptive,9679.0,8627.25
764,,0,744,50,,,,0.655,1.273,,200,hardness_adaptive,9159.0,9022.5
765,,1,745,50,,,,0.648,1.331,,200,hardness_adaptive,9788.0,9414.25
766,,1,746,50,,,,0.882,0.339,,200,hardness_adaptive,9683.0,9657.0
767,,3,749,50,,,,0.942,0.34,,200,hardness_adaptive,10453.0,9705.0
768,,0,749,50,,,,0.919,1.212,,200,hardness_adaptive,4491.0,3824.75
769,,0,749,50,,,,0.761,1.278,,200,hardness_adaptive,3818.0,3765.75
770,,0,749,50,,,,0.63,1.296,,200,hardness_adaptive,4043.0,3766.5
771,,2,751,50,,,,0.614,1.259,,200,hardness_adaptive,9493.0,3819.5
772,,2,753,50,,,,0.83,0.345,,200,hardness_adaptive,9126.0,3844.75
773,,1,754,50,,,,0.561,1.215,,200,hardness_adaptive,7824.0,3901.0
774,,0,754,50,,,,0.565,1.229,,200,hardness_adaptive,9040.0,4004.0
775,,2,756,50,,,,0.775,1.215,,200,hardness_adaptive,7777.0,4321.5
776,,1,757,50,,,,0.644,3.42,,200,hardness_adaptive,9319.0,7526.5
777,,0,757,50,,,,0.875,0.328,,200,hardness_adaptive,10806.0,8096.75
778,,2,759,50,,,,0.603,1.261,,200,hardness_adaptive,9702.0,8947.75
779,,1,760,50,,,,0.623,1.317,,200,hardness_adaptive,9645.0,9162.75
780,,1,761,50,,,,0.645,1.393,,200,hardness_adaptive,10177.0,9335.25
781,,2,763,50,,,,0.938,1.289,,200,hardness_adaptive,10341.0,9588.75
782,,0,763,50,,,,0.766,0.929,,200,hardness_adaptive,4052.0,3733.0
783,,1,764,50,,,,0.664,1.244,,200,hardness_adaptive,3876.0,3743.0
784,,0,764,50,,,,0.629,1.235,,200,hardness_adaptive,9451.0,3789.25
785,,1,765,50,,,,0.837,0.355,,200,hardness_adaptive,10266.0,3850.75
786,,1,766,50,,,,0.645,1.113,,200,hardness_adaptive,9645.0,3929.0
787,,0,766,50,,,,0.548,1.243,,200,hardness_adaptive,9033.0,4064.25
788,,1,767,50,,,,0.629,1.151,,200,hardness_adaptive,10627.0,4390.0
789,,0,767,50,,,,0.619,1.171,,200,hardness_adaptive,8370.0,8053.5
790,,0,767,50,,,,0.806,0.33,,200,hardness_adaptive,9892.0,8446.25
791,,0,767,50,,,,0.715,1.317,,200,hardness_adaptive,11101.0,9042.5
792,,1,768,50,,,,0.684,1.369,,200,hardness_adaptive,10108.0,9392.75
793,,1,769,50,,,,0.625,1.248,,200,hardness_adaptive,9709.0,9655.5
794,,1,770,50,,,,0.73,1.372,,200,hardness_adaptive,10718.0,9866.0
795,,0,770,50,,,,0.919,1.152,,200,hardness_adaptive,3916.0,3794.5
796,,0,770,50,,,,0.78,1.577,,200,hardness_adaptive,3911.0,3791.0
797,,1,771,50,,,,0.721,1.392,,200,hardness_adaptive,9571.0,3784.0
798,,0,771,50,,,,1.033,1.359,,200,hardness_adaptive,10392.0,3816.5
799,,1,772,50,,,,1.099,0.339,,200,hardness_adaptive,9188.0,3863.0
800,,0,772,50,,,,0.592,1.334,,200,hardness_adaptive,9508.0,3957.75
801,,2,774,50,,,,0.699,1.341,,200,hardness_adaptive,10111.0,4048.25
802,,2,776,50,,,,0.52,1.221,,200,hardness_adaptive,7414.0,6285.75
803,,0,776,50,,,,0.699,0.958,,200,hardness_adaptive,9732.0,7923.75
804,,1,777,50,,,,0.844,1.352,,200,hardness_adaptive,8549.0,8489.75
805,,1,778,50,,,,0.758,1.309,,200,hardness_adaptive,9754.0,9100.0
806,,0,778,50,,,,0.907,1.378,,200,hardness_adaptive,9927.0,9379.0
807,,2,780,50,,,,0.684,1.351,,200,hardness_adaptive,10267.0,9522.0
808,,0,780,50,,,,0.723,0.949,,200,hardness_adaptive,9985.0,9711.0
809,,0,780,50,,,,0.708,1.461,,200,hardness_adaptive,10692.0,9953.75
810,,1,781,50,,,,0.722,1.332,,200,hardness_adaptive,10150.0,10064.25
811,,2,783,50,,,,0.713,1.366,,200,hardness_adaptive,3827.0,3763.25
812,,3,786,50,,,,0.55,1.262,,200,hardness_adaptive,8478.0,3750.0
813,,1,787,50,,,,1.049,1.198,,200,hardness_adaptive,9193.0,3791.25
814,,2,789,50,,,,0.921,1.307,,200,hardness_adaptive,9371.0,3827.5
815,,1,790,50,,,,0.531,1.234,,200,hardness_adaptive,7367.0,3895.0
816,,0,790,50,,,,0.731,1.201,,200,hardness_adaptive,8211.0,4052.75
817,,0,790,50,,,,0.58,1.299,,200,hardness_adaptive,7283.0,7217.75
818,,2,792,50,,,,0.608,1.175,,200,hardness_adaptive,9929.0,8222.0
819,,1,793,50,,,,0.612,1.184,,200,hardness_adaptive,9054.0,8540.0
820,,0,793,50,,,,0.887,1.314,,200,hardness_adaptive,9845.0,8867.5
821,,1,794,50,,,,0.76,0.949,,200,hardness_adaptive,10094.0,9167.0
822,,2,796,50,,,,0.872,1.346,,200,hardness_adaptive,9682.0,9368.0
823,,1,797,50,,,,0.682,1.358,,200,hardness_adaptive,10714.0,9673.0
824,,2,799,50,,,,0.762,1.347,,200,hardness_adaptive,4292.0,3713.25
825,,2,801,50,,,,0.568,1.21,,200,hardness_adaptive,8549.0,3739.0
826,,1,802,50,,,,0.642,1.177,,200,hardness_adaptive,8525.0,3767.0
827,,2,804,50,,,,0.817,1.338,,200,hardness_adaptive,8846.0,3849.5
828,,1,805,50,,,,0.842,1.306,,200,hardness_adaptive,9640.0,3895.5
829,,2,807,50,,,,0.796,1.156,,200,hardness_adaptive,8837.0,4065.25
830,,1,808,50,,,,0.657,1.232,,200,hardness_adaptive,10206.0,6902.0
831,,0,808,50,,,,0.711,1.267,,200,hardness_adaptive,9094.0,8003.5
832,,1,809,50,,,,0.779,1.356,,200,hardness_adaptive,10722.0,8623.25
833,,0,809,50,,,,0.684,1.366,,200,hardness_adaptive,9658.0,9079.0
834,,0,809,50,,,,0.942,0.346,,200,hardness_adaptive,9836.0,9379.0
835,,1,810,50,,,,0.954,0.317,,200,hardness_adaptive,3964.0,3782.5
836,,0,810,50,,,,0.926,1.374,,200,hardness_adaptive,3922.0,3799.0
837,,0,810,50,,,,0.715,1.3,,200,hardness_adaptive,4079.0,3777.75
838,,1,811,50,,,,0.691,1.313,,200,hardness_adaptive,4001.0,3753.75
839,,0,811,50,,,,0.937,1.33,,200,hardness_adaptive,9930.0,3777.75
840,,0,811,50,,,,0.617,1.191,,200,hardness_adaptive,8594.0,3826.0
841,,1,812,50,,,,0.535,1.193,,200,hardness_adaptive,8855.0,3888.0
842,,2,814,50,,,,0.683,1.308,,200,hardness_adaptive,6018.0,3979.0
843,,2,816,50,,,,0.571,1.223,,200,hardness_adaptive,9652.0,4098.25
844,,1,817,50,,,,0.794,1.138,,200,hardness_adaptive,7790.0,7364.75
845,,1,818,50,,,,0.578,1.207,,200,hardness_adaptive,9563.0,7980.25
846,,1,819,50,,,,0.876,1.375,,200,hardness_adaptive,9376.0,8415.0
847,,0,819,50,,,,0.593,1.263,,200,hardness_adaptive,9254.0,9006.0
848,,1,820,50,,,,0.648,1.393,,200,hardness_adaptive,10666.0,9241.0
849,,2,822,50,,,,0.858,1.258,,200,hardness_adaptive,9801.0,9327.5
850,,0,822,50,,,,0.976,0.335,,200,hardness_adaptive,9555.0,9489.0
851,,0,822,50,,,,0.731,1.455,,200,hardness_adaptive,10245.0,9671.75
852,,0,822,50,,,,0.987,1.407,,200,hardness_adaptive,4094.0,4020.0
853,,0,822,50,,,,0.987,0.33,,200,hardness_adaptive,4184.0,3800.5
854,,1,823,50,,,,0.886,1.193,,200,hardness_adaptive,4021.0,3766.25
855,,1,824,50,,,,0.744,0.91,,200,hardness_adaptive,10409.0,3803.75
856,,0,824,50,,,,0.698,1.332,,200,hardness_adaptive,11247.0,3837.5
857,,1,825,50,,,,0.654,1.298,,200,hardness_adaptive,10621.0,3927.25
858,,0,825,50,,,,0.729,1.385,,200,hardness_adaptive,11168.0,4025.25
859,,0,825,50,,,,0.66,1.276,,200,hardness_adaptive,9659.0,4348.25
860,,1,826,50,,,,0.674,1.257,,200,hardness_adaptive,10622.0,9684.0
861,,0,826,50,,,,0.616,1.278,,200,hardness_adaptive,10762.0,10657.0
862,,0,826,50,,,,0.883,1.32,,200,hardness_adaptive,11468.0,10942.25
863,,1,827,50,,,,0.675,1.334,,200,hardness_adaptive,11324.0,11186.0
864,,1,828,50,,,,0.727,1.399,,200,hardness_adaptive,11896.0,11425.0
865,,0,828,50,,,,0.761,1.346,,200,hardness_adaptive,12567.0,11527.0
866,,1,829,50,,,,0.726,1.327,,200,hardness_adaptive,12421.0,11634.25
867,,1,830,50,,,,0.743,1.409,,200,hardness_adaptive,12187.0,11696.25
868,,2,832,50,,,,0.936,1.005,,200,hardness_adaptive,4653.0,4364.25
869,,0,832,50,,,,0.683,1.379,,200,hardness_adaptive,4695.0,4374.25
870,,1,833,50,,,,0.583,1.293,,200,hardness_adaptive,10732.0,4401.25
871,,2,835,50,,,,0.701,1.317,,200,hardness_adaptive,10857.0,4438.25
872,,1,836,50,,,,0.839,1.166,,200,hardness_adaptive,10944.0,4486.0
873,,0,836,50,,,,0.807,0.881,,200,hardness_adaptive,10692.0,4560.0
874,,0,836,50,,,,0.667,1.316,,200,hardness_adaptive,10198.0,4712.0
875,,0,836,50,,,,0.74,0.946,,200,hardness_adaptive,11051.0,9856.5
876,,0,836,50,,,,0.767,1.318,,200,hardness_adaptive,11569.0,10453.0
877,,0,836,50,,,,0.917,1.396,,200,hardness_adaptive,12496.0,10789.25
878,,0,836,50,,,,0.888,1.399,,200,hardness_adaptive,11563.0,11022.0
879,,0,836,50,,,,0.889,1.382,,200,hardness_adaptive,11542.0,11248.5
880,,1,837,50,,,,0.816,1.533,,200,hardness_adaptive,11469.0,11373.0
881,,0,837,50,,,,0.709,1.446,,200,hardness_adaptive,11478.0,11475.75
882,,1,838,50,,,,0.794,1.398,,200,hardness_adaptive,12486.0,11528.25
883,,0,838,50,,,,0.902,1.367,,200,hardness_adaptive,4687.0,4339.5
884,,1,839,50,,,,0.644,1.246,,200,hardness_adaptive,11300.0,4355.75
885,,0,839,50,,,,0.65,1.291,,200,hardness_adaptive,11080.0,4383.25
886,,3,842,50,,,,0.626,1.402,,200,hardness_adaptive,10454.0,4443.25
887,,0,842,50,,,,0.63,1.288,,200,hardness_adaptive,10878.0,4479.75
888,,1,843,50,,,,0.676,1.311,,200,hardness_adaptive,10383.0,4532.5
889,,1,844,50,,,,0.615,1.306,,200,hardness_adaptive,10650.0,9625.0
890,,2,846,50,,,,0.694,1.354,,200,hardness_adaptive,10990.0,10457.5
891,,2,848,50,,,,0.769,0.984,,200,hardness_adaptive,11798.0,10764.5
892,,2,850,50,,,,0.702,1.318,,200,hardness_adaptive,12700.0,10994.5
893,,1,851,50,,,,0.814,1.106,,200,hardness_adaptive,11480.0,11190.75
894,,1,852,50,,,,1.064,1.323,,200,hardness_adaptive,11445.0,11354.75
895,,1,853,50,,,,0.743,1.422,,200,hardness_adaptive,11552.0,11482.75
896,,1,854,50,,,,0.909,1.415,,200,hardness_adaptive,12447.0,11554.75
897,,1,855,50,,,,0.83,1.277,,200,hardness_adaptive,4476.0,4379.25
898,,1,856,50,,,,0.619,1.24,,200,hardness_adaptive,10023.0,4379.25
899,,2,858,50,,,,0.771,1.315,,200,hardness_adaptive,11718.0,4394.0
900,,1,859,50,,,,0.668,1.27,,200,hardness_adaptive,10525.0,4412.0
901,,2,861,50,,,,0.666,1.263,,200,hardness_adaptive,10656.0,4470.75
902,,0,861,50,,,,0.628,1.269,,200,hardness_adaptive,11817.0,4532.25
903,,2,863,50,,,,0.638,1.257,,200,hardness_adaptive,11551.0,9661.0
904,,0,863,50,,,,0.596,1.322,,200,hardness_adaptive,10914.0,10530.0
905,,1,864,50,,,,0.763,1.378,,200,hardness_adaptive,11320.0,10990.5
906,,0,864,50,,,,0.765,1.366,,200,hardness_adaptive,12011.0,11293.25
907,,1,865,50,,,,0.701,1.363,,200,hardness_adaptive,12168.0,11439.5
908,,0,865,50,,,,0.855,1.255,,200,hardness_adaptive,4396.0,4334.75
909,,2,867,50,,,,0.813,1.331,,200,hardness_adaptive,4353.0,4339.25
910,,1,868,50,,,,0.788,0.917,,200,hardness_adaptive,10224.0,4384.0
911,,0,868,50,,,,0.674,1.218,,200,hardness_adaptive,11958.0,4430.0
912,,2,870,50,,,,0.652,1.224,,200,hardness_adaptive,10740.0,4459.25
913,,1,871,50,,,,0.663,1.221,,200,hardness_adaptive,11174.0,4530.0
914,,1,872,50,,,,0.774,1.315,,200,hardness_adaptive,10130.0,5586.5
915,,3,875,50,,,,0.637,1.23,,200,hardness_adaptive,11345.0,10343.0
916,,1,876,50,,,,0.83,0.981,,200,hardness_adaptive,11897.0,10639.0
917,,0,876,50,,,,0.831,1.239,,200,hardness_adaptive,11609.0,10898.75
918,,0,876,50,,,,0.807,1.342,,200,hardness_adaptive,11369.0,11112.0
919,,0,876,50,,,,0.752,1.315,,200,hardness_adaptive,11529.0,11233.25
920,,1,877,50,,,,0.702,1.316,,200,hardness_adaptive,12002.0,11395.75
921,,2,879,50,,,,0.935,1.251,,200,hardness_adaptive,11568.0,11549.5
922,,0,879,50,,,,0.843,1.322,,200,hardness_adaptive,4664.0,4487.75
923,,1,880,50,,,,0.703,1.387,,200,hardness_adaptive,4658.0,4379.25
924,,2,882,50,,,,0.649,1.309,,200,hardness_adaptive,10945.0,4393.25
925,,1,883,50,,,,0.635,1.246,,200,hardness_adaptive,12100.0,4416.0
926,,1,884,50,,,,0.649,1.253,,200,hardness_adaptive,11537.0,4446.5
927,,0,884,50,,,,0.592,1.233,,200,hardness_adaptive,11258.0,4487.0
928,,1,885,50,,,,0.657,1.283,,200,hardness_adaptive,11016.0,4610.25
929,,1,886,50,,,,0.837,1.291,,200,hardness_adaptive,11217.0,9772.5
930,,0,886,50,,,,0.645,1.28,,200,hardness_adaptive,11723.0,10592.5
931,,1,887,50,,,,0.568,1.283,,200,hardness_adaptive,11402.0,10789.5
932,,1,888,50,,,,0.677,1.378,,200,hardness_adaptive,11193.0,10982.5
933,,1,889,50,,,,0.652,1.285,,200,hardness_adaptive,11531.0,11171.75
934,,0,889,50,,,,0.743,1.407,,200,hardness_adaptive,11657.0,11365.75
935,,2,891,50,,,,0.721,1.377,,200,hardness_adaptive,4479.0,4423.0
936,,1,892,50,,,,0.874,1.311,,200,hardness_adaptive,4641.0,4384.5
937,,0,892,50,,,,0.673,1.288,,200,hardness_adaptive,4388.0,4362.0
938,,2,894,50,,,,0.711,1.312,,200,hardness_adaptive,4373.0,4369.5
939,,0,894,50,,,,0.88,1.677,,200,hardness_adaptive,4568.0,4357.75
940,,1,895,50,,,,0.882,1.261,,200,hardness_adaptive,4487.0,4352.25
941,,0,895,50,,,,0.858,0.975,,200,hardness_adaptive,4705.0,4349.0
942,,2,897,50,,,,0.7,1.251,,200,hardness_adaptive,4355.0,4334.25
943,,1,898,50,,,,0.701,1.312,,200,hardness_adaptive,11741.0,4356.0
944,,0,898,50,,,,0.63,1.275,,200,hardness_adaptive,12181.0,4390.0
945,,0,898,50,,,,0.737,1.3,,200,hardness_adaptive,11924.0,4421.5
946,,1,899,50,,,,0.663,1.333,,200,hardness_adaptive,10828.0,4470.0
947,,2,901,50,,,,0.666,1.277,,200,hardness_adaptive,11163.0,4629.5
948,,0,901,50,,,,0.671,1.277,,200,hardness_adaptive,12279.0,10198.5
949,,2,903,50,,,,0.751,1.33,,200,hardness_adaptive,11444.0,10615.25
950,,1,904,50,,,,0.818,1.366,,200,hardness_adaptive,11721.0,10932.25
951,,0,904,50,,,,0.645,1.296,,200,hardness_adaptive,11985.0,11288.5
952,,1,905,50,,,,0.786,1.397,,200,hardness_adaptive,12930.0,11428.25
953,,0,905,50,,,,0.631,1.325,,200,hardness_adaptive,4498.0,4430.25
954,,1,906,50,,,,0.836,1.276,,200,hardness_adaptive,4449.0,4379.5
955,,1,907,50,,,,0.616,1.192,,200,hardness_adaptive,10755.0,4402.25
956,,0,907,50,,,,0.645,1.245,,200,hardness_adaptive,11918.0,4433.0
957,,0,907,50,,,,0.831,1.264,,200,hardness_adaptive,11556.0,4474.5
958,,0,907,50,,,,0.813,1.288,,200,hardness_adaptive,11124.0,4521.75
959,,2,909,50,,,,0.655,1.252,,200,hardness_adaptive,10376.0,4684.25
960,,1,910,50,,,,0.815,1.398,,200,hardness_adaptive,10796.0,10409.75
961,,1,911,50,,,,0.887,1.233,,200,hardness_adaptive,11361.0,10824.25
962,,1,912,50,,,,0.627,1.301,,200,hardness_adaptive,11479.0,11138.0
963,,1,913,50,,,,0.762,1.365,,200,hardness_adaptive,11997.0,11292.75
964,,3,916,50,,,,0.842,1.351,,200,hardness_adaptive,12084.0,11348.25
965,,0,916,50,,,,0.872,1.315,,200,hardness_adaptive,4594.0,4418.75
966,,1,917,50,,,,0.852,1.304,,200,hardness_adaptive,4409.0,4359.5
967,,1,918,50,,,,0.664,1.299,,200,hardness_adaptive,11578.0,4382.0
968,,1,919,50,,,,0.619,1.24,,200,hardness_adaptive,10688.0,4398.5
969,,0,919,50,,,,0.803,1.185,,200,hardness_adaptive,11655.0,4447.25
970,,0,919,50,,,,0.627,1.269,,200,hardness_adaptive,11387.0,4566.0
971,,2,921,50,,,,0.786,1.242,,200,hardness_adaptive,9471.0,4632.25
972,,0,921,50,,,,0.684,1.249,,200,hardness_adaptive,12017.0,10255.5
973,,1,922,50,,,,0.819,1.3,,200,hardness_adaptive,10709.0,10587.5
974,,1,923,50,,,,0.841,1.243,,200,hardness_adaptive,12209.0,10915.5
975,,0,923,50,,,,0.674,1.151,,200,hardness_adaptive,11999.0,11266.75
976,,2,925,50,,,,0.901,1.165,,200,hardness_adaptive,12126.0,11434.25
977,,1,926,50,,,,0.667,1.366,,200,hardness_adaptive,4397.0,4391.5
978,,1,927,50,,,,0.788,1.459,,200,hardness_adaptive,4498.0,4366.0
979,,1,928,50,,,,0.739,0.921,,200,hardness_adaptive,4463.0,4382.25
980,,2,930,50,,,,0.8,1.315,,200,hardness_adaptive,4508.0,4355.25
981,,0,930,50,,,,0.668,1.339,,200,hardness_adaptive,11913.0,4374.75
982,,1,931,50,,,,0.632,1.212,,200,hardness_adaptive,11211.0,4394.0
983,,2,933,50,,,,0.667,1.224,,200,hardness_adaptive,11524.0,4450.25
984,,0,933,50,,,,0.664,1.253,,200,hardness_adaptive,11788.0,4519.25
985,,0,933,50,,,,0.776,1.159,,200,hardness_adaptive,9441.0,4571.75
986,,0,933,50,,,,0.677,1.26,,200,hardness_adaptive,11470.0,10196.25
987,,1,934,50,,,,0.631,1.234,,200,hardness_adaptive,11555.0,10621.0
988,,0,934,50,,,,0.849,1.303,,200,hardness_adaptive,11250.0,10996.25
989,,0,934,50,,,,0.697,1.308,,200,hardness_adaptive,11396.0,11190.25
990,,1,935,50,,,,0.65,1.251,,200,hardness_adaptive,11896.0,11300.25
991,,0,935,50,,,,0.623,1.298,,200,hardness_adaptive,11879.0,11423.75
992,,2,937,50,,,,0.8,1.138,,200,hardness_adaptive,11759.0,11531.75
993,,1,938,50,,,,0.856,1.247,,200,hardness_adaptive,4707.0,4360.5
994,,1,939,50,,,,0.815,1.381,,200,hardness_adaptive,4566.0,4339.5
995,,1,940,50,,,,0.714,1.32,,200,hardness_adaptive,11776.0,4366.25
996,,1,941,50,,,,0.802,1.324,,200,hardness_adaptive,9832.0,4417.0
997,,0,941,50,,,,0.71,1.242,,200,hardness_adaptive,12577.0,4460.5
998,,2,943,50,,,,0.88,1.326,,200,hardness_adaptive,10531.0,4507.25
999,,1,944,50,,,,0.66,1.282,,200,hardness_adaptive,10828.0,4655.75
1000,,2,946,50,,,,0.664,1.258,,200,hardness_adaptive,11722.0,9994.5
1001,,0,946,50,,,,0.651,1.269,,200,hardness_adaptive,10974.0,10748.25
1002,,1,947,50,,,,0.706,1.243,,200,hardness_adaptive,11559.0,11094.5
1003,,1,948,50,,,,0.692,1.297,,200,hardness_adaptive,11767.0,11241.25
1004,,0,948,50,,,,0.73,1.364,,200,hardness_adaptive,13420.0,11495.0
1005,,0,948,50,,,,0.888,1.346,,200,hardness_adaptive,4392.0,4349.75
1006,,1,949,50,,,,0.696,1.254,,200,hardness_adaptive,4446.0,4345.25
1007,,1,950,50,,,,0.681,1.252,,200,hardness_adaptive,11256.0,4357.25
1008,,1,951,50,,,,0.705,1.266,,200,hardness_adaptive,10915.0,4401.25
1009,,1,952,50,,,,0.772,1.224,,200,hardness_adaptive,11659.0,4450.5
1010,,2,954,50,,,,0.626,1.193,,200,hardness_adaptive,11058.0,4489.0
1011,,1,955,50,,,,0.583,1.238,,200,hardness_adaptive,10773.0,4627.25
1012,,0,955,50,,,,0.668,1.276,,200,hardness_adaptive,10835.0,9846.25
1013,,0,955,50,,,,0.718,1.314,,200,hardness_adaptive,12012.0,10611.25
1014,,0,955,50,,,,0.624,1.529,,200,hardness_adaptive,11661.0,10832.0
1015,,1,956,50,,,,0.648,1.214,,200,hardness_adaptive,11727.0,11000.25
1016,,1,957,50,,,,0.925,1.445,,200,hardness_adaptive,11317.0,11252.25
1017,,1,958,50,,,,0.834,1.307,,200,hardness_adaptive,11765.0,11443.75
1018,,0,958,50,,,,0.663,1.301,,200,hardness_adaptive,12840.0,11560.75
1019,,0,958,50,,,,0.753,1.412,,200,hardness_adaptive,11791.0,11661.5
1020,,0,958,50,,,,0.767,1.367,,200,hardness_adaptive,4515.0,4341.5
1021,,0,958,50,,,,0.697,1.245,,200,hardness_adaptive,11680.0,4344.25
1022,,0,958,50,,,,0.605,1.204,,200,hardness_adaptive,10684.0,4378.25
1023,,0,958,50,,,,0.872,1.302,,200,hardness_adaptive,12306.0,4426.0
1024,,0,958,50,,,,0.778,1.282,,200,hardness_adaptive,11077.0,4482.25
1025,,0,958,50,,,,0.67,1.263,,200,hardness_adaptive,11728.0,4578.75
1026,,0,958,50,,,,0.794,1.261,,200,hardness_adaptive,11454.0,9166.75
1027,,1,959,50,,,,0.805,1.216,,200,hardness_adaptive,10850.0,10724.0
1028,,1,960,50,,,,0.683,1.475,,200,hardness_adaptive,11058.0,11002.5
1029,,1,961,50,,,,0.699,1.299,,200,hardness_adaptive,12601.0,11204.5
1030,,1,962,50,,,,0.739,1.007,,200,hardness_adaptive,11922.0,11454.75
1031,,0,962,50,,,,0.766,1.388,,200,hardness_adaptive,11879.0,11590.5
1032,,2,964,50,,,,0.724,1.328,,200,hardness_adaptive,12556.0,11694.0
1033,,0,964,50,,,,0.895,1.308,,200,hardness_adaptive,4545.0,4365.0
1034,,2,966,50,,,,0.635,1.265,,200,hardness_adaptive,4457.0,4363.25
1035,,0,966,50,,,,0.9,1.371,,200,hardness_adaptive,4483.0,4367.25
1036,,1,967,50,,,,0.738,1.206,,200,hardness_adaptive,9940.0,4390.5
1037,,2,969,50,,,,0.666,1.287,,200,hardness_adaptive,11449.0,4448.0
1038,,2,971,50,,,,0.735,1.287,,200,hardness_adaptive,12294.0,4484.25
1039,,0,971,50,,,,0.643,1.282,,200,hardness_adaptive,12140.0,4576.5
1040,,1,972,50,,,,0.702,0.905,,200,hardness_adaptive,11887.0,4737.25
1041,,1,973,50,,,,0.8,1.331,,200,hardness_adaptive,11486.0,10387.25
1042,,1,974,50,,,,0.66,1.254,,200,hardness_adaptive,11703.0,10851.5
1043,,0,974,50,,,,0.764,1.334,,200,hardness_adaptive,11624.0,11058.25
1044,,0,974,50,,,,0.7,0.879,,200,hardness_adaptive,12092.0,11226.75
1045,,0,974,50,,,,0.691,1.344,,200,hardness_adaptive,11696.0,11410.0
1046,,1,975,50,,,,0.675,1.282,,200,hardness_adaptive,4533.0,4314.0
1047,,0,975,50,,,,0.828,1.244,,200,hardness_adaptive,4430.0,4263.5
1048,,1,976,50,,,,0.584,1.161,,200,hardness_adaptive,8994.0,4292.25
1049,,2,978,50,,,,0.864,1.272,,200,hardness_adaptive,9560.0,4328.25
1050,,1,979,50,,,,0.652,0.843,,200,hardness_adaptive,11165.0,4375.25
1051,,1,980,50,,,,0.634,1.279,,200,hardness_adaptive,10803.0,4443.75
1052,,1,981,50,,,,0.627,1.175,,200,hardness_adaptive,10748.0,4598.0
1053,,1,982,50,,,,0.69,1.235,,200,hardness_adaptive,10881.0,9590.5
1054,,1,983,50,,,,0.673,1.332,,200,hardness_adaptive,11361.0,10347.0
1055,,2,985,50,,,,0.771,1.326,,200,hardness_adaptive,12090.0,10782.0
1056,,2,987,50,,,,0.688,1.334,,200,hardness_adaptive,11013.0,10948.75
1057,,1,988,50,,,,0.744,1.393,,200,hardness_adaptive,11285.0,11150.75
1058,,1,989,50,,,,0.707,1.392,,200,hardness_adaptive,11707.0,11317.0
1059,,0,989,50,,,,0.699,1.376,,200,hardness_adaptive,11900.0,11426.0
1060,,1,990,50,,,,0.634,1.257,,200,hardness_adaptive,4236.0,4229.25
1061,,0,990,50,,,,0.629,1.266,,200,hardness_adaptive,4237.0,4213.5
1062,,2,992,50,,,,0.709,1.299,,200,hardness_adaptive,12197.0,4230.75
1063,,0,992,50,,,,0.534,1.148,,200,hardness_adaptive,8642.0,4244.0
1064,,1,993,50,,,,0.806,1.269,,200,hardness_adaptive,12093.0,4265.75
1065,,3,996,50,,,,0.671,1.273,,200,hardness_adaptive,11196.0,4330.5
1066,,1,997,50,,,,0.655,1.257,,200,hardness_adaptive,10551.0,4513.5
1067,,0,997,50,,,,0.816,1.297,,200,hardness_adaptive,12010.0,9691.25
1068,,1,998,50,,,,0.66,1.298,,200,hardness_adaptive,12010.0,10398.5
1069,,0,998,50,,,,0.587,1.242,,200,hardness_adaptive,10879.0,10825.75
1070,,1,999,50,,,,0.878,1.322,,200,hardness_adaptive,11664.0,10985.75
1071,,1,1000,50,,,,0.696,1.332,,200,hardness_adaptive,11279.0,11196.5
1072,,1,1001,50,,,,0.633,1.27,,200,hardness_adaptive,11503.0,11415.5
1073,,0,1001,50,,,,0.731,1.292,,200,hardness_adaptive,4501.0,4334.25
1074,,1,1002,50,,,,0.809,0.927,,200,hardness_adaptive,4499.0,4273.75
1075,,0,1002,50,,,,0.815,1.291,,200,hardness_adaptive,4318.0,4257.75
1076,,0,1002,50,,,,0.738,1.401,,200,hardness_adaptive,4300.0,4247.5
1077,,0,1002,50,,,,0.501,1.074,,200,hardness_adaptive,8013.0,4273.5
1078,,2,1004,50,,,,0.731,0.927,,200,hardness_adaptive,12258.0,4306.25
1079,,1,1005,50,,,,0.602,1.243,,200,hardness_adaptive,10200.0,4341.0
1080,,2,1007,50,,,,0.717,1.243,,200,hardness_adaptive,10404.0,4371.75
1081,,3,1010,50,,,,0.772,0.564,,200,hardness_adaptive,9621.0,4470.75
1082,,0,1010,50,,,,0.641,1.245,,200,hardness_adaptive,10216.0,9030.0
1083,,0,1010,50,,,,0.85,1.275,,200,hardness_adaptive,11372.0,10084.75
1084,,0,1010,50,,,,0.676,1.28,,200,hardness_adaptive,10919.0,10419.75
1085,,1,1011,50,,,,0.669,1.193,,200,hardness_adaptive,10920.0,10820.5
1086,,0,1011,50,,,,0.641,1.326,,200,hardness_adaptive,11139.0,10971.75
1087,,0,1011,50,,,,0.868,1.239,,200,hardness_adaptive,11930.0,11123.75
1088,,1,1012,50,,,,0.859,1.19,,200,hardness_adaptive,12289.0,11264.0
1089,,0,1012,50,,,,0.707,1.258,,200,hardness_adaptive,11414.0,11363.0
1090,,0,1012,50,,,,0.887,1.108,,200,hardness_adaptive,4466.0,4235.5
1091,,0,1012,50,,,,0.585,1.21,,200,hardness_adaptive,4233.0,4206.5
1092,,0,1012,50,,,,0.763,1.264,,200,hardness_adaptive,4366.0,4208.5
1093,,1,1013,50,,,,0.725,1.223,,200,hardness_adaptive,11677.0,4223.75
1094,,1,1014,50,,,,0.592,1.137,,200,hardness_adaptive,11093.0,4247.25
1095,,1,1015,50,,,,0.604,1.296,,200,hardness_adaptive,8754.0,4299.75
1096,,1,1016,50,,,,0.616,1.229,,200,hardness_adaptive,10162.0,4368.0
1097,,1,1017,50,,,,0.672,1.257,,200,hardness_adaptive,11346.0,4439.0
1098,,0,1017,50,,,,0.599,1.163,,200,hardness_adaptive,9776.0,9099.5
1099,,1,1018,50,,,,0.763,0.963,,200,hardness_adaptive,12026.0,10205.5
1100,,1,1019,50,,,,0.656,1.26,,200,hardness_adaptive,10736.0,10695.25
1101,,1,1020,50,,,,0.936,0.879,,200,hardness_adaptive,11085.0,11034.0
1102,,1,1021,50,,,,0.712,1.372,,200,hardness_adaptive,11389.0,11154.0
1103,,0,1021,50,,,,0.797,1.151,,200,hardness_adaptive,4236.0,4234.25
1104,,1,1022,50,,,,0.6,1.194,,200,hardness_adaptive,10067.0,4258.5
1105,,0,1022,50,,,,0.82,0.808,,200,hardness_adaptive,11080.0,4302.0
1106,,0,1022,50,,,,0.657,1.269,,200,hardness_adaptive,10318.0,4330.25
1107,,1,1023,50,,,,0.87,0.864,,200,hardness_adaptive,9650.0,4394.0
1108,,2,1025,50,,,,0.692,0.836,,200,hardness_adaptive,9441.0,4525.25
1109,,0,1025,50,,,,0.808,1.367,,200,hardness_adaptive,11336.0,8808.5
1110,,1,1026,50,,,,0.766,1.321,,200,hardness_adaptive,11616.0,9703.0
1111,,1,1027,50,,,,0.655,1.272,,200,hardness_adaptive,10394.0,10326.5
1112,,1,1028,50,,,,0.607,1.21,,200,hardness_adaptive,11049.0,10566.75
1113,,2,1030,50,,,,0.719,1.306,,200,hardness_adaptive,11517.0,10904.5
1114,,0,1030,50,,,,0.656,1.235,,200,hardness_adaptive,11437.0,11083.0
1115,,0,1030,50,,,,0.757,1.414,,200,hardness_adaptive,13413.0,11205.0
1116,,0,1030,50,,,,0.817,1.256,,200,hardness_adaptive,4322.0,4245.5
1117,,1,1031,50,,,,0.524,1.179,,200,hardness_adaptive,9560.0,4258.25
1118,,0,1031,50,,,,0.615,1.2,,200,hardness_adaptive,10738.0,4320.25
1119,,0,1031,50,,,,0.831,1.234,,200,hardness_adaptive,10604.0,4346.25
1120,,1,1032,50,,,,0.72,0.839,,200,hardness_adaptive,12127.0,4381.0
1121,,0,1032,50,,,,0.648,1.204,,200,hardness_adaptive,11394.0,4506.75
1122,,0,1032,50,,,,0.638,1.282,,200,hardness_adaptive,9787.0,9316.25
1123,,1,1033,50,,,,0.619,1.267,,200,hardness_adaptive,11292.0,10108.75
1124,,2,1035,50,,,,0.853,1.277,,200,hardness_adaptive,12590.0,10515.25
1125,,0,1035,50,,,,0.664,1.247,,200,hardness_adaptive,11979.0,10877.0
1126,,1,1036,50,,,,0.752,1.32,,200,hardness_adaptive,12137.0,11162.5
1127,,1,1037,50,,,,0.809,1.319,,200,hardness_adaptive,12727.0,11289.75
1128,,0,1037,50,,,,0.648,1.223,,200,hardness_adaptive,4587.0,4496.25
1129,,1,1038,50,,,,0.824,1.271,,200,hardness_adaptive,4351.0,4270.5
1130,,0,1038,50,,,,0.619,1.252,,200,hardness_adaptive,10096.0,4305.0
1131,,1,1039,50,,,,0.72,1.117,,200,hardness_adaptive,6111.0,4342.5
1132,,0,1039,50,,,,0.804,1.248,,200,hardness_adaptive,10831.0,4383.0
1133,,1,1040,50,,,,0.794,1.221,,200,hardness_adaptive,11570.0,4480.25
1134,,1,1041,50,,,,0.763,1.301,,200,hardness_adaptive,10598.0,4609.0
1135,,0,1041,50,,,,0.817,0.853,,200,hardness_adaptive,10234.0,8678.5
1136,,0,1041,50,,,,0.687,1.242,,200,hardness_adaptive,10789.0,9849.5
1137,,0,1041,50,,,,0.814,1.257,,200,hardness_adaptive,10429.0,10210.75
1138,,0,1041,50,,,,0.9,0.344,,200,hardness_adaptive,11339.0,10560.25
1139,,2,1043,50,,,,0.677,1.368,,200,hardness_adaptive,10965.0,10774.75
1140,,2,1045,50,,,,0.738,1.424,,200,hardness_adaptive,11518.0,10954.5
1141,,1,1046,50,,,,0.947,0.352,,200,hardness_adaptive,11303.0,11096.5
1142,,2,1048,50,,,,0.688,1.285,,200,hardness_adaptive,11390.0,11285.75
1143,,1,1049,50,,,,0.7,0.868,,200,hardness_adaptive,4584.0,4266.5
1144,,0,1049,50,,,,0.791,1.254,,200,hardness_adaptive,11574.0,4266.5
1145,,1,1050,50,,,,0.664,1.252,,200,hardness_adaptive,11325.0,4289.25
1146,,0,1050,50,,,,0.836,1.292,,200,hardness_adaptive,11310.0,4325.0
1147,,1,1051,50,,,,0.624,1.227,,200,hardness_adaptive,12211.0,4389.75
1148,,2,1053,50,,,,0.616,1.285,,200,hardness_adaptive,9878.0,4542.5
1149,,2,1055,50,,,,0.565,1.185,,200,hardness_adaptive,9180.0,8350.5
1150,,0,1055,50,,,,0.675,1.222,,200,hardness_adaptive,11539.0,10332.75
1151,,0,1055,50,,,,0.922,1.256,,200,hardness_adaptive,12722.0,10580.0
1152,,0,1055,50,,,,0.601,1.21,,200,hardness_adaptive,11473.0,10902.75
1153,,0,1055,50,,,,0.726,1.374,,200,hardness_adaptive,12177.0,11164.75
1154,,1,1056,50,,,,0.885,1.374,,200,hardness_adaptive,11480.0,11326.25
1155,,1,1057,50,,,,0.649,1.225,,200,hardness_adaptive,4345.0,4252.0
1156,,0,1057,50,,,,0.613,1.258,,200,hardness_adaptive,10940.0,4277.75
1157,,1,1058,50,,,,0.859,1.245,,200,hardness_adaptive,12159.0,4323.25
1158,,2,1060,50,,,,0.886,0.326,,200,hardness_adaptive,11542.0,4356.25
1159,,2,1062,50,,,,0.846,1.226,,200,hardness_adaptive,11184.0,4378.5
1160,,1,1063,50,,,,0.675,1.252,,200,hardness_adaptive,11172.0,4491.25
1161,,1,1064,50,,,,0.673,1.235,,200,hardness_adaptive,10186.0,9709.25
1162,,1,1065,50,,,,0.826,1.566,,200,hardness_adaptive,11760.0,10222.5
1163,,1,1066,50,,,,0.886,0.333,,200,hardness_adaptive,11924.0,10544.75
1164,,0,1066,50,,,,0.915,1.251,,200,hardness_adaptive,12393.0,10690.0
1165,,1,1067,50,,,,0.668,1.259,,200,hardness_adaptive,11279.0,10932.5
1166,,0,1067,50,,,,0.846,1.35,,200,hardness_adaptive,11305.0,11244.0
1167,,1,1068,50,,,,0.763,1.56,,200,hardness_adaptive,4430.0,4264.0
1168,,0,1068,50,,,,0.849,0.326,,200,hardness_adaptive,4340.0,4251.0
1169,,2,1070,50,,,,0.677,1.17,,200,hardness_adaptive,9408.0,4257.25
1170,,2,1072,50,,,,0.796,0.331,,200,hardness_adaptive,9863.0,4292.75
1171,,2,1074,50,,,,0.892,0.334,,200,hardness_adaptive,11215.0,4334.5
1172,,1,1075,50,,,,0.672,1.209,,200,hardness_adaptive,11234.0,4384.25
1173,,0,1075,50,,,,0.826,0.344,,200,hardness_adaptive,11943.0,4436.0
1174,,1,1076,50,,,,0.689,1.221,,200,hardness_adaptive,10947.0,9277.5
1175,,3,1079,50,,,,0.767,1.546,,200,hardness_adaptive,11190.0,10043.25
1176,,1,1080,50,,,,0.699,1.312,,200,hardness_adaptive,10775.0,10477.25
1177,,1,1081,50,,,,0.713,1.254,,200,hardness_adaptive,11154.0,10817.25
1178,,1,1082,50,,,,0.721,1.328,,200,hardness_adaptive,4492.0,4408.0
1179,,0,1082,50,,,,0.659,1.257,,200,hardness_adaptive,4595.0,4244.25
1180,,3,1085,50,,,,0.737,1.341,,200,hardness_adaptive,4345.0,4234.0
1181,,1,1086,50,,,,0.632,1.288,,200,hardness_adaptive,4195.0,4194.25
1182,,0,1086,50,,,,0.886,0.335,,200,hardness_adaptive,4309.0,4181.5
1183,,2,1088,50,,,,0.662,1.236,,200,hardness_adaptive,4211.0,4196.25
1184,,1,1089,50,,,,0.779,0.863,,200,hardness_adaptive,10878.0,4229.5
1185,,0,1089,50,,,,0.751,0.903,,200,hardness_adaptive,8553.0,4276.5
1186,,3,1092,50,,,,0.726,1.337,,200,hardness_adaptive,11148.0,4311.0
1187,,1,1093,50,,,,0.619,1.253,,200,hardness_adaptive,10655.0,4364.25
1188,,1,1094,50,,,,0.678,1.345,,200,hardness_adaptive,12038.0,4522.75
1189,,0,1094,50,,,,0.82,1.359,,200,hardness_adaptive,11832.0,8788.5
1190,,0,1094,50,,,,0.648,1.253,,200,hardness_adaptive,10378.0,10085.0
1191,,1,1095,50,,,,0.697,0.937,,200,hardness_adaptive,10800.0,10466.5
1192,,0,1095,50,,,,0.606,1.226,,200,hardness_adaptive,10800.0,10755.0
1193,,0,1095,50,,,,0.888,1.29,,200,hardness_adaptive,11935.0,10900.25
1194,,1,1096,50,,,,0.739,1.323,,200,hardness_adaptive,4799.0,4473.0
1195,,1,1097,50,,,,0.871,1.309,,200,hardness_adaptive,4306.0,4251.75
1196,,0,1097,50,,,,0.849,1.379,,200,hardness_adaptive,4657.0,4270.25
1197,,0,1097,50,,,,0.639,1.198,,200,hardness_adaptive,4351.0,4260.0
1198,,1,1098,50,,,,1.095,1.185,,200,hardness_adaptive,4261.0,4259.5
1199,,0,1098,50,,,,0.896,0.317,,200,hardness_adaptive,4454.0,4249.75
1200,,1,1099,50,,,,0.689,1.288,,200,hardness_adaptive,4343.0,4206.25
1201,,2,1101,50,,,,0.857,1.284,,200,hardness_adaptive,4303.0,4206.25
1202,,1,1102,50,,,,0.686,0.895,,200,hardness_adaptive,9727.0,4262.0
1203,,0,1102,50,,,,0.727,1.259,,200,hardness_adaptive,9920.0,4300.0
1204,,0,1102,50,,,,0.815,0.336,,200,hardness_adaptive,11062.0,4332.75
1205,,0,1102,50,,,,0.788,1.276,,200,hardness_adaptive,10996.0,4407.0
1206,,0,1102,50,,,,0.829,0.338,,200,hardness_adaptive,10321.0,4522.5
1207,,0,1102,50,,,,0.822,0.332,,200,hardness_adaptive,11760.0,9471.0
1208,,1,1103,50,,,,0.696,1.272,,200,hardness_adaptive,10206.0,10126.5
1209,,3,1106,50,,,,0.786,1.269,,200,hardness_adaptive,10544.0,10404.25
1210,,1,1107,50,,,,0.859,1.384,,200,hardness_adaptive,12458.0,10554.75
1211,,0,1107,50,,,,0.917,0.354,,200,hardness_adaptive,11006.0,10736.5
1212,,0,1107,50,,,,0.682,1.208,,200,hardness_adaptive,12336.0,11024.0
1213,,1,1108,50,,,,0.717,1.328,,200,hardness_adaptive,11485.0,11167.75
1214,,0,1108,50,,,,0.715,1.312,,200,hardness_adaptive,11651.0,11290.75
1215,,0,1108,50,,,,0.953,0.343,,200,hardness_adaptive,12036.0,11462.25
1216,,1,1109,50,,,,0.919,1.342,,200,hardness_adaptive,4460.0,4384.25
1217,,1,1110,50,,,,0.62,1.243,,200,hardness_adaptive,4266.0,4212.5
1218,,1,1111,50,,,,0.595,1.163,,200,hardness_adaptive,9799.0,4240.5
1219,,1,1112,50,,,,0.741,0.322,,200,hardness_adaptive,10012.0,4288.25
1220,,1,1113,50,,,,0.793,1.289,,200,hardness_adaptive,11089.0,4350.5
1221,,2,1115,50,,,,0.699,1.211,,200,hardness_adaptive,6777.0,4437.0
1222,,1,1116,50,,,,0.662,1.238,,200,hardness_adaptive,10456.0,4551.5
1223,,0,1116,50,,,,0.68,1.286,,200,hardness_adaptive,11575.0,8995.0
1224,,2,1118,50,,,,0.593,1.264,,200,hardness_adaptive,10963.0,10051.25
1225,,1,1119,50,,,,0.825,0.329,,200,hardness_adaptive,11489.0,10374.25
1226,,1,1120,50,,,,0.955,0.057,,200,hardness_adaptive,11075.0,10607.75
1227,,1,1121,50,,,,0.709,0.898,,200,hardness_adaptive,10965.0,10865.0
1228,,1,1122,50,,,,0.858,1.434,,200,hardness_adaptive,11097.0,11038.75
1229,,1,1123,50,,,,0.666,1.271,,200,hardness_adaptive,11735.0,11177.0
1230,,1,1124,50,,,,0.914,0.325,,200,hardness_adaptive,4274.0,4252.25
1231,,1,1125,50,,,,0.699,1.299,,200,hardness_adaptive,4246.0,4217.75
1232,,1,1126,50,,,,0.843,1.289,,200,hardness_adaptive,12499.0,4241.75
1233,,1,1127,50,,,,0.679,1.256,,200,hardness_adaptive,11673.0,4281.0
1234,,1,1128,50,,,,0.925,0.33,,200,hardness_adaptive,12123.0,4310.75
1235,,0,1128,50,,,,0.678,1.255,,200,hardness_adaptive,10221.0,4401.25
1236,,1,1129,50,,,,0.902,0.336,,200,hardness_adaptive,11396.0,4517.5
1237,,1,1130,50,,,,0.668,1.277,,200,hardness_adaptive,11921.0,9716.75
1238,,0,1130,50,,,,0.637,1.27,,200,hardness_adaptive,10976.0,10281.0
1239,,1,1131,50,,,,0.809,1.31,,200,hardness_adaptive,12063.0,10639.25
1240,,2,1133,50,,,,0.646,1.23,,200,hardness_adaptive,12393.0,10900.25
1241,,1,1134,50,,,,0.687,0.936,,200,hardness_adaptive,11262.0,11120.0
1242,,2,1136,50,,,,0.903,0.345,,200,hardness_adaptive,12037.0,11264.75
1243,,0,1136,50,,,,0.823,1.396,,200,hardness_adaptive,4345.0,4223.0
1244,,2,1138,50,,,,0.852,1.353,,200,hardness_adaptive,4307.0,4208.25
1245,,2,1140,50,,,,0.841,1.285,,200,hardness_adaptive,11737.0,4227.75
1246,,1,1141,50,,,,0.605,1.21,,200,hardness_adaptive,11210.0,4261.75
1247,,1,1142,50,,,,0.878,0.323,,200,hardness_adaptive,10265.0,4299.0
1248,,1,1143,50,,,,0.844,1.249,,200,hardness_adaptive,11154.0,4354.25
1249,,0,1143,50,,,,0.835,0.333,,200,hardness_adaptive,10201.0,4531.5
1250,,0,1143,50,,,,0.772,1.172,,200,hardness_adaptive,9875.0,8840.5
1251,,0,1143,50,,,,0.825,1.216,,200,hardness_adaptive,10603.0,10054.75
1252,,0,1143,50,,,,0.834,1.164,,200,hardness_adaptive,11684.0,10476.25
1253,,1,1144,50,,,,0.707,1.32,,200,hardness_adaptive,12206.0,10792.0
1254,,0,1144,50,,,,0.689,1.288,,200,hardness_adaptive,12107.0,10963.75
1255,,0,1144,50,,,,0.904,1.212,,200,hardness_adaptive,11511.0,11086.25
1256,,0,1144,50,,,,0.707,1.223,,200,hardness_adaptive,4583.0,4285.75
1257,,2,1146,50,,,,0.65,1.255,,200,hardness_adaptive,10327.0,4272.0
1258,,0,1146,50,,,,0.646,1.21,,200,hardness_adaptive,11032.0,4314.75
1259,,1,1147,50,,,,0.781,0.334,,200,hardness_adaptive,9388.0,4365.0
1260,,0,1147,50,,,,0.596,1.264,,200,hardness_adaptive,11491.0,4383.75
1261,,3,1150,50,,,,0.853,1.22,,200,hardness_adaptive,11698.0,4441.25
1262,,1,1151,50,,,,0.663,1.276,,200,hardness_adaptive,11100.0,7259.5
1263,,0,1151,50,,,,0.798,0.929,,200,hardness_adaptive,11430.0,9656.0
1264,,0,1151,50,,,,0.822,1.17,,200,hardness_adaptive,11010.0,10336.25
1265,,2,1153,50,,,,0.891,1.313,,200,hardness_adaptive,10921.0,10683.5
1266,,1,1154,50,,,,0.658,1.307,,200,hardness_adaptive,11185.0,11014.75
1267,,0,1154,50,,,,0.871,0.339,,200,hardness_adaptive,12419.0,11150.75
1268,,1,1155,50,,,,0.691,1.319,,200,hardness_adaptive,11653.0,11284.0
1269,,0,1155,50,,,,0.731,1.297,,200,hardness_adaptive,4281.0,4220.5
1270,,0,1155,50,,,,0.857,1.186,,200,hardness_adaptive,9278.0,4253.25
1271,,0,1155,50,,,,0.824,1.283,,200,hardness_adaptive,11409.0,4274.5
1272,,0,1155,50,,,,0.911,0.338,,200,hardness_adaptive,11795.0,4320.5
1273,,0,1155,50,,,,0.565,1.055,,200,hardness_adaptive,10406.0,4365.25
1274,,1,1156,50,,,,0.779,0.91,,200,hardness_adaptive,9532.0,4566.0
1275,,1,1157,50,,,,0.557,1.219,,200,hardness_adaptive,9828.0,8425.0
1276,,1,1158,50,,,,0.86,1.127,,200,hardness_adaptive,10719.0,9740.5
1277,,1,1159,50,,,,0.867,1.256,,200,hardness_adaptive,10271.0,10256.75
1278,,2,1161,50,,,,0.848,1.242,,200,hardness_adaptive,10662.0,10629.75
1279,,1,1162,50,,,,0.822,1.346,,200,hardness_adaptive,11894.0,10832.5
1280,,0,1162,50,,,,0.737,1.353,,200,hardness_adaptive,11289.0,11087.0
1281,,3,1165,50,,,,0.853,1.336,,200,hardness_adaptive,11622.0,11393.0
1282,,0,1165,50,,,,0.831,1.365,,200,hardness_adaptive,4578.0,4318.0
1283,,1,1166,50,,,,0.804,1.327,,200,hardness_adaptive,4309.0,4224.5
1284,,1,1167,50,,,,0.621,1.213,,200,hardness_adaptive,4265.0,4222.0
1285,,0,1167,50,,,,0.792,1.261,,200,hardness_adaptive,9825.0,4219.75
1286,,2,1169,50,,,,0.731,1.198,,200,hardness_adaptive,10975.0,4256.0
1287,,1,1170,50,,,,0.822,1.318,,200,hardness_adaptive,9921.0,4296.5
1288,,1,1171,50,,,,0.854,0.332,,200,hardness_adaptive,10708.0,4336.0
1,,2,2,10,,,,0.725,0.979,,500,hardness_adaptive,15001.0,496.5
2,,1,3,20,,,,0.673,0.879,,500,hardness_adaptive,12305.0,507.25
3,,2,5,30,,,,0.673,0.837,,500,hardness_adaptive,11233.0,517.0
4,,1,6,40,,,,0.726,0.82,,500,hardness_adaptive,14895.0,540.25
5,,0,6,50,,,,0.502,0.854,,500,hardness_adaptive,15137.0,1904.5
6,,0,6,50,,,,0.702,1.285,,500,hardness_adaptive,14467.0,12136.0
7,,1,7,50,,,,0.506,1.147,,500,hardness_adaptive,14432.0,13320.0
8,,2,9,50,,,,0.571,1.296,,500,hardness_adaptive,19238.0,14435.0
9,,2,11,50,,,,0.524,1.249,,500,hardness_adaptive,16271.0,14921.5
10,,1,12,50,,,,0.511,1.285,,500,hardness_adaptive,7245.0,6527.0
11,,1,13,50,,,,0.476,1.123,,500,hardness_adaptive,6637.0,6372.5
12,,0,13,50,,,,0.703,1.299,,500,hardness_adaptive,13498.0,6388.25
13,,2,15,50,,,,0.655,1.339,,500,hardness_adaptive,13886.0,6529.0
14,,0,15,50,,,,0.476,1.185,,500,hardness_adaptive,14152.0,6623.5
15,,1,16,50,,,,0.643,1.325,,500,hardness_adaptive,11436.0,6917.0
16,,1,17,50,,,,0.746,1.071,,500,hardness_adaptive,16900.0,7151.0
17,,2,19,50,,,,0.483,1.164,,500,hardness_adaptive,15678.0,7656.75
18,,1,20,50,,,,0.61,1.261,,500,hardness_adaptive,16443.0,12643.25
19,,1,21,50,,,,0.774,1.11,,500,hardness_adaptive,15300.0,13814.25
20,,0,21,50,,,,0.696,1.26,,500,hardness_adaptive,14853.0,14239.0
21,,0,21,50,,,,0.825,1.132,,500,hardness_adaptive,17887.0,14867.25
22,,2,23,50,,,,0.565,1.256,,500,hardness_adaptive,16567.0,15457.5
23,,2,25,50,,,,0.537,1.261,,500,hardness_adaptive,17554.0,15771.0
24,,2,27,50,,,,0.772,1.172,,500,hardness_adaptive,17712.0,16234.0
25,,2,29,50,,,,0.784,1.25,,500,hardness_adaptive,7121.0,6501.25
26,,1,30,50,,,,0.468,1.173,,500,hardness_adaptive,12063.0,6556.5
27,,1,31,50,,,,0.629,1.184,,500,hardness_adaptive,12570.0,6666.5
28,,0,31,50,,,,0.71,1.211,,500,hardness_adaptive,16025.0,6810.0
29,,2,33,50,,,,0.439,1.041,,500,hardness_adaptive,12030.0,7183.0
30,,2,35,50,,,,0.348,1.014,,500,hardness_adaptive,8707.0,7621.0
31,,3,38,50,,,,0.515,1.229,,500,hardness_adaptive,16488.0,11138.25
32,,1,39,50,,,,0.548,0.834,,500,hardness_adaptive,15479.0,12405.25
33,,0,39,50,,,,0.533,1.239,,500,hardness_adaptive,14297.0,13457.75
34,,0,39,50,,,,0.504,1.192,,500,hardness_adaptive,16206.0,14304.25
35,,0,39,50,,,,0.5,1.249,,500,hardness_adaptive,16848.0,15129.5
36,,1,40,50,,,,0.611,1.284,,500,hardness_adaptive,20078.0,15634.75
37,,2,42,50,,,,0.792,1.397,,500,hardness_adaptive,16359.0,16119.5
38,,1,43,50,,,,0.535,1.323,,500,hardness_adaptive,18499.0,16433.25
39,,0,43,50,,,,0.549,1.273,,500,hardness_adaptive,7156.0,6698.75
40,,0,43,50,,,,0.473,1.204,,500,hardness_adaptive,6668.0,6655.25
41,,2,45,50,,,,0.767,1.227,,500,hardness_adaptive,6749.0,6636.75
42,,2,47,50,,,,0.507,1.18,,500,hardness_adaptive,17132.0,6683.75
43,,2,49,50,,,,0.426,0.795,,500,hardness_adaptive,8245.0,6750.5
44,,0,49,50,,,,0.721,1.267,,500,hardness_adaptive,16986.0,6923.25
45,,1,50,50,,,,0.71,1.275,,500,hardness_adaptive,15450.0,7168.0
46,,1,51,50,,,,0.525,1.2,,500,hardness_adaptive,18216.0,7900.5
47,,2,53,50,,,,0.681,1.139,,500,hardness_adaptive,16273.0,10908.25
48,,0,53,50,,,,0.521,1.185,,500,hardness_adaptive,17933.0,12710.25
49,,0,53,50,,,,0.487,1.23,,500,hardness_adaptive,17928.0,14020.25
50,,2,55,50,,,,0.797,1.385,,500,hardness_adaptive,17678.0,14763.5
51,,0,55,50,,,,0.56,0.918,,500,hardness_adaptive,16461.0,15429.0
52,,0,55,50,,,,0.761,1.371,,500,hardness_adaptive,15833.0,15810.75
53,,2,57,50,,,,0.516,1.262,,500,hardness_adaptive,6968.0,6754.0
54,,0,57,50,,,,0.591,1.24,,500,hardness_adaptive,6996.0,6573.0
55,,0,57,50,,,,0.848,1.303,,500,hardness_adaptive,7735.0,6603.25
56,,2,59,50,,,,0.449,1.12,,500,hardness_adaptive,12002.0,6654.0
57,,0,59,50,,,,0.605,1.246,,500,hardness_adaptive,12498.0,6830.5
58,,1,60,50,,,,0.531,1.153,,500,hardness_adaptive,16854.0,6996.75
59,,2,62,50,,,,0.497,1.177,,500,hardness_adaptive,13592.0,7339.0
60,,2,64,50,,,,0.747,1.294,,500,hardness_adaptive,16875.0,8633.25
61,,1,65,50,,,,0.5,1.171,,500,hardness_adaptive,13324.0,12075.0
62,,2,67,50,,,,0.714,1.252,,500,hardness_adaptive,14090.0,13022.0
63,,2,69,50,,,,0.493,1.17,,500,hardness_adaptive,14271.0,13711.75
64,,2,71,50,,,,1.109,1.663,,500,hardness_adaptive,18032.0,14286.0
65,,1,72,50,,,,0.683,1.536,,500,hardness_adaptive,21166.0,14922.75
66,,0,72,50,,,,0.554,1.381,,500,hardness_adaptive,16717.0,15437.75
67,,1,73,50,,,,0.656,1.555,,500,hardness_adaptive,20205.0,15949.5
68,,1,74,50,,,,0.815,1.229,,500,hardness_adaptive,16338.0,16229.75
69,,0,74,50,,,,0.836,1.366,,500,hardness_adaptive,17724.0,16594.25
70,,1,75,50,,,,0.872,1.413,,500,hardness_adaptive,20565.0,16789.5
71,,0,75,50,,,,0.859,1.372,,500,hardness_adaptive,18586.0,17104.5
72,,1,76,50,,,,0.855,1.403,,500,hardness_adaptive,6924.0,6496.75
73,,0,76,50,,,,0.605,1.256,,500,hardness_adaptive,6718.0,6452.0
74,,1,77,50,,,,0.612,1.223,,500,hardness_adaptive,13440.0,6474.0
75,,1,78,50,,,,0.578,1.235,,500,hardness_adaptive,15994.0,6530.75
76,,2,80,50,,,,0.427,1.179,,500,hardness_adaptive,13621.0,6628.0
77,,2,82,50,,,,0.504,1.25,,500,hardness_adaptive,17114.0,6829.5
78,,2,84,50,,,,0.539,1.23,,500,hardness_adaptive,17864.0,7137.0
79,,1,85,50,,,,1.033,0.918,,500,hardness_adaptive,17940.0,10858.0
80,,1,86,50,,,,0.466,1.136,,500,hardness_adaptive,13935.0,13198.25
81,,1,87,50,,,,0.587,1.264,,500,hardness_adaptive,15648.0,14155.0
82,,2,89,50,,,,0.889,1.454,,500,hardness_adaptive,17250.0,14729.5
83,,2,91,50,,,,0.555,1.241,,500,hardness_adaptive,16244.0,15285.5
84,,2,93,50,,,,0.537,1.328,,500,hardness_adaptive,17611.0,15820.0
85,,1,94,50,,,,0.809,1.467,,500,hardness_adaptive,17536.0,16217.5
86,,1,95,50,,,,0.556,1.334,,500,hardness_adaptive,6580.0,6537.5
87,,0,95,50,,,,0.766,1.298,,500,hardness_adaptive,16383.0,6652.5
88,,1,96,50,,,,0.508,1.202,,500,hardness_adaptive,14654.0,6792.75
89,,2,98,50,,,,0.483,1.172,,500,hardness_adaptive,14355.0,6925.75
90,,1,99,50,,,,0.685,1.34,,500,hardness_adaptive,15236.0,7474.75
91,,1,100,50,,,,0.432,1.152,,500,hardness_adaptive,11950.0,7617.0
92,,2,102,50,,,,0.506,1.215,,500,hardness_adaptive,15020.0,11433.75
93,,1,103,50,,,,0.468,1.252,,500,hardness_adaptive,16053.0,13099.5
94,,1,104,50,,,,0.631,1.32,,500,hardness_adaptive,20867.0,14639.25
95,,1,105,50,,,,0.536,1.284,,500,hardness_adaptive,15378.0,15179.75
96,,0,105,50,,,,0.572,1.283,,500,hardness_adaptive,17703.0,15777.5
97,,0,105,50,,,,0.634,1.334,,500,hardness_adaptive,8369.0,8299.25
98,,2,107,50,,,,0.75,1.333,,500,hardness_adaptive,10161.0,8351.0
99,,1,108,50,,,,0.584,1.27,,500,hardness_adaptive,8535.0,8349.25
100,,2,110,50,,,,0.888,1.332,,500,hardness_adaptive,8558.0,8354.0
101,,1,111,50,,,,0.571,1.521,,500,hardness_adaptive,14266.0,8440.5
102,,1,112,50,,,,0.771,1.523,,500,hardness_adaptive,20168.0,8551.25
103,,1,113,50,,,,0.596,1.381,,500,hardness_adaptive,15005.0,8650.5
104,,1,114,50,,,,0.678,1.424,,500,hardness_adaptive,20696.0,8890.25
105,,0,114,50,,,,0.745,1.487,,500,hardness_adaptive,21129.0,9802.5
106,,1,115,50,,,,0.557,1.406,,500,hardness_adaptive,17015.0,16648.0
107,,1,116,50,,,,0.661,1.441,,500,hardness_adaptive,21067.0,18634.5
108,,1,117,50,,,,0.656,1.372,,500,hardness_adaptive,21164.0,19455.5
109,,1,118,50,,,,0.648,1.395,,500,hardness_adaptive,20404.0,20034.25
110,,0,118,50,,,,0.678,1.389,,500,hardness_adaptive,21654.0,20378.5
111,,1,119,50,,,,0.69,1.457,,500,hardness_adaptive,22223.0,20860.25
112,,2,121,50,,,,0.65,1.36,,500,hardness_adaptive,22096.0,21133.25
113,,1,122,50,,,,0.664,1.378,,500,hardness_adaptive,8453.0,8339.5
114,,1,123,50,,,,0.862,1.366,,500,hardness_adaptive,9081.0,8299.75
115,,1,124,50,,,,0.719,0.994,,500,hardness_adaptive,24307.0,8344.5
116,,1,125,50,,,,0.547,1.276,,500,hardness_adaptive,17723.0,8504.75
117,,2,127,50,,,,0.604,1.253,,500,hardness_adaptive,19352.0,8631.5
118,,2,129,50,,,,0.533,1.28,,500,hardness_adaptive,19394.0,9004.0
119,,1,130,50,,,,0.579,1.329,,500,hardness_adaptive,18064.0,9829.75
120,,1,131,50,,,,0.881,1.272,,500,hardness_adaptive,20493.0,17423.0
121,,1,132,50,,,,0.639,1.331,,500,hardness_adaptive,20770.0,18055.75
122,,0,132,50,,,,0.671,1.351,,500,hardness_adaptive,23959.0,19007.75
123,,2,134,50,,,,0.656,1.558,,500,hardness_adaptive,22240.0,19893.75
124,,2,136,50,,,,0.716,1.475,,500,hardness_adaptive,21553.0,20572.0
125,,2,138,50,,,,0.673,1.383,,500,hardness_adaptive,8758.0,8536.25
126,,0,138,50,,,,0.749,1.397,,500,hardness_adaptive,9165.0,8338.75
127,,1,139,50,,,,0.948,1.386,,500,hardness_adaptive,9923.0,8380.5
128,,0,139,50,,,,0.672,1.354,,500,hardness_adaptive,22357.0,8455.25
129,,1,140,50,,,,0.448,1.273,,500,hardness_adaptive,15709.0,8594.25
130,,2,142,50,,,,0.968,1.284,,500,hardness_adaptive,20925.0,8858.25
131,,1,143,50,,,,0.657,1.425,,500,hardness_adaptive,22110.0,9190.0
132,,2,145,50,,,,0.821,1.428,,500,hardness_adaptive,15704.0,9655.25
133,,0,145,50,,,,0.818,1.398,,500,hardness_adaptive,19757.0,15705.25
134,,0,145,50,,,,0.993,1.531,,500,hardness_adaptive,23485.0,18590.5
135,,1,146,50,,,,0.694,1.385,,500,hardness_adaptive,19547.0,19534.25
136,,1,147,50,,,,0.646,1.335,,500,hardness_adaptive,20966.0,20135.75
137,,0,147,50,,,,0.957,1.549,,500,hardness_adaptive,22839.0,20495.75
138,,1,148,50,,,,0.746,1.43,,500,hardness_adaptive,9735.0,8378.0
139,,1,149,50,,,,0.905,1.476,,500,hardness_adaptive,9357.0,8315.0
140,,0,149,50,,,,0.913,1.024,,500,hardness_adaptive,23533.0,8354.75
141,,1,150,50,,,,0.869,1.442,,500,hardness_adaptive,18522.0,8544.5
142,,3,153,50,,,,0.62,1.373,,500,hardness_adaptive,20100.0,8701.75
143,,0,153,50,,,,0.973,1.426,,500,hardness_adaptive,24393.0,9015.5
144,,2,155,50,,,,0.711,1.455,,500,hardness_adaptive,24431.0,9334.5
145,,0,155,50,,,,0.645,1.397,,500,hardness_adaptive,22700.0,17161.75
146,,2,157,50,,,,0.679,1.41,,500,hardness_adaptive,22473.0,18615.75
147,,3,160,50,,,,0.607,1.403,,500,hardness_adaptive,19753.0,19401.75
148,,1,161,50,,,,0.838,1.475,,500,hardness_adaptive,19909.0,19815.75
149,,0,161,50,,,,0.713,1.409,,500,hardness_adaptive,22833.0,20482.75
150,,2,163,50,,,,0.949,1.327,,500,hardness_adaptive,25990.0,20957.5
151,,1,164,50,,,,0.657,1.401,,500,hardness_adaptive,22627.0,21634.5
152,,1,165,50,,,,0.858,1.408,,500,hardness_adaptive,8804.0,8270.5
153,,1,166,50,,,,0.6,1.329,,500,hardness_adaptive,8203.0,8189.5
154,,0,166,50,,,,0.567,1.328,,500,hardness_adaptive,17143.0,8275.25
155,,1,167,50,,,,0.857,1.29,,500,hardness_adaptive,20338.0,8454.5
156,,0,167,50,,,,0.615,1.35,,500,hardness_adaptive,23386.0,8526.5
157,,3,170,50,,,,0.811,1.321,,500,hardness_adaptive,17307.0,8779.25
158,,0,170,50,,,,0.503,1.241,,500,hardness_adaptive,12864.0,9049.25
159,,2,172,50,,,,0.788,1.401,,500,hardness_adaptive,17593.0,15816.0
160,,2,174,50,,,,0.855,1.419,,500,hardness_adaptive,23785.0,17606.5
161,,0,174,50,,,,0.673,1.4,,500,hardness_adaptive,24001.0,18402.0
162,,0,174,50,,,,0.71,1.365,,500,hardness_adaptive,25948.0,19401.0
163,,1,175,50,,,,0.634,1.304,,500,hardness_adaptive,20945.0,19976.5
164,,2,177,50,,,,0.601,1.365,,500,hardness_adaptive,20907.0,20698.5
165,,1,178,50,,,,0.648,1.375,,500,hardness_adaptive,8587.0,8485.75
166,,0,178,50,,,,0.651,1.411,,500,hardness_adaptive,8548.0,8334.5
167,,0,178,50,,,,0.645,1.328,,500,hardness_adaptive,8731.0,8374.5
168,,0,178,50,,,,0.705,1.253,,500,hardness_adaptive,15309.0,8376.75
169,,2,180,50,,,,0.635,1.341,,500,hardness_adaptive,20741.0,8527.75
170,,1,181,50,,,,0.623,1.347,,500,hardness_adaptive,23449.0,8675.5
171,,1,182,50,,,,0.629,1.283,,500,hardness_adaptive,19174.0,8744.5
172,,1,183,50,,,,0.667,1.563,,500,hardness_adaptive,21204.0,9533.75
173,,1,184,50,,,,0.66,1.328,,500,hardness_adaptive,22465.0,14327.5
174,,1,185,50,,,,0.893,1.384,,500,hardness_adaptive,20225.0,16701.75
175,,2,187,50,,,,0.837,1.191,,500,hardness_adaptive,18491.0,18485.75
176,,1,188,50,,,,0.657,1.406,,500,hardness_adaptive,21035.0,19018.5
177,,0,188,50,,,,0.644,1.311,,500,hardness_adaptive,22341.0,19890.25
178,,1,189,50,,,,0.93,1.658,,500,hardness_adaptive,22763.0,20342.0
179,,2,191,50,,,,0.873,1.358,,500,hardness_adaptive,21364.0,20971.25
180,,1,192,50,,,,0.591,1.292,,500,hardness_adaptive,9057.0,8491.25
181,,2,194,50,,,,0.521,1.261,,500,hardness_adaptive,21212.0,8527.25
182,,0,194,50,,,,0.737,1.37,,500,hardness_adaptive,16998.0,8653.0
183,,1,195,50,,,,0.846,1.358,,500,hardness_adaptive,20312.0,8763.0
184,,1,196,50,,,,0.823,1.322,,500,hardness_adaptive,19927.0,9064.5
185,,1,197,50,,,,0.64,0.942,,500,hardness_adaptive,19698.0,9380.0
186,,0,197,50,,,,0.633,1.625,,500,hardness_adaptive,23209.0,16043.25
187,,2,199,50,,,,0.553,1.342,,500,hardness_adaptive,18191.0,18106.25
188,,2,201,50,,,,0.637,1.388,,500,hardness_adaptive,19459.0,19386.25
189,,0,201,50,,,,0.825,1.402,,500,hardness_adaptive,21844.0,19795.0
190,,1,202,50,,,,0.6,1.25,,500,hardness_adaptive,21072.0,20252.0
191,,0,202,50,,,,0.821,1.291,,500,hardness_adaptive,7815.0,7705.5
192,,0,202,50,,,,0.945,1.342,,500,hardness_adaptive,8611.0,7677.0
193,,1,203,50,,,,0.64,1.354,,500,hardness_adaptive,8694.0,7557.75
194,,1,204,50,,,,0.38,1.075,,500,hardness_adaptive,11452.0,7557.75
195,,1,205,50,,,,0.826,1.3,,500,hardness_adaptive,21072.0,7678.5
196,,0,205,50,,,,0.565,1.28,,500,hardness_adaptive,17349.0,7770.5
197,,0,205,50,,,,0.795,1.32,,500,hardness_adaptive,17764.0,8077.75
198,,2,207,50,,,,0.509,1.264,,500,hardness_adaptive,16547.0,8615.5
199,,1,208,50,,,,0.835,1.334,,500,hardness_adaptive,19193.0,11534.75
200,,0,208,50,,,,0.777,1.294,,500,hardness_adaptive,16413.0,15197.75
201,,0,208,50,,,,0.835,1.205,,500,hardness_adaptive,19018.0,16220.0
202,,0,208,50,,,,0.765,1.275,,500,hardness_adaptive,18815.0,16849.75
203,,1,209,50,,,,0.799,1.296,,500,hardness_adaptive,20223.0,17353.25
204,,2,211,50,,,,0.768,1.348,,500,hardness_adaptive,20593.0,18076.5
205,,1,212,50,,,,0.579,1.313,,500,hardness_adaptive,19334.0,18884.75
206,,1,213,50,,,,0.732,0.966,,500,hardness_adaptive,8109.0,8001.5
207,,2,215,50,,,,0.551,1.207,,500,hardness_adaptive,8217.0,7817.5
208,,1,216,50,,,,0.585,0.873,,500,hardness_adaptive,18806.0,7935.75
209,,2,218,50,,,,0.623,0.934,,500,hardness_adaptive,18009.0,8104.5
210,,1,219,50,,,,0.588,1.291,,500,hardness_adaptive,17675.0,8280.25
211,,2,221,50,,,,0.49,1.206,,500,hardness_adaptive,15628.0,8638.5
212,,1,222,50,,,,0.493,1.163,,500,hardness_adaptive,14789.0,10040.75
213,,3,225,50,,,,0.854,1.321,,500,hardness_adaptive,23268.0,15130.25
214,,2,227,50,,,,0.641,1.364,,500,hardness_adaptive,21936.0,16241.0
215,,0,227,50,,,,0.654,1.263,,500,hardness_adaptive,18581.0,17361.25
216,,1,228,50,,,,0.529,1.252,,500,hardness_adaptive,20080.0,17962.5
217,,2,230,50,,,,0.579,1.302,,500,hardness_adaptive,19838.0,18578.5
218,,1,231,50,,,,0.893,1.759,,500,hardness_adaptive,22078.0,19052.25
219,,1,232,50,,,,0.867,1.317,,500,hardness_adaptive,21210.0,19669.5
220,,1,233,50,,,,0.589,1.4,,500,hardness_adaptive,23533.0,19708.25
221,,1,234,50,,,,0.87,1.218,,500,hardness_adaptive,7886.0,7789.75
222,,2,236,50,,,,0.63,1.305,,500,hardness_adaptive,8401.0,7731.25
223,,1,237,50,,,,0.734,1.283,,500,hardness_adaptive,16080.0,7720.5
224,,0,237,50,,,,0.58,1.296,,500,hardness_adaptive,19004.0,7765.25
225,,0,237,50,,,,0.571,1.231,,500,hardness_adaptive,18747.0,7866.25
226,,2,239,50,,,,0.598,1.249,,500,hardness_adaptive,19017.0,8107.0
227,,0,239,50,,,,0.836,1.526,,500,hardness_adaptive,18007.0,8563.25
228,,0,239,50,,,,0.561,1.185,,500,hardness_adaptive,16922.0,11128.75
229,,2,241,50,,,,0.806,1.335,,500,hardness_adaptive,20480.0,15807.0
230,,2,243,50,,,,0.556,1.342,,500,hardness_adaptive,17903.0,16674.0
231,,2,245,50,,,,0.552,1.328,,500,hardness_adaptive,17856.0,17469.25
232,,1,246,50,,,,0.561,1.293,,500,hardness_adaptive,19361.0,18352.25
233,,1,247,50,,,,0.805,1.323,,500,hardness_adaptive,8035.0,8023.0
234,,1,248,50,,,,0.816,1.319,,500,hardness_adaptive,7903.0,7571.0
235,,1,249,50,,,,0.483,1.185,,500,hardness_adaptive,16142.0,7627.75
236,,0,249,50,,,,0.475,1.133,,500,hardness_adaptive,15326.0,7815.75
237,,1,250,50,,,,0.53,1.204,,500,hardness_adaptive,18213.0,7955.5
238,,1,251,50,,,,0.779,1.297,,500,hardness_adaptive,18532.0,8275.75
239,,1,252,50,,,,0.553,1.269,,500,hardness_adaptive,19158.0,8762.0
240,,0,252,50,,,,0.656,1.308,,500,hardness_adaptive,20993.0,13048.5
241,,0,252,50,,,,0.552,1.275,,500,hardness_adaptive,17471.0,15988.5
242,,1,253,50,,,,0.744,1.245,,500,hardness_adaptive,17240.0,16777.0
243,,0,253,50,,,,0.544,1.211,,500,hardness_adaptive,18934.0,17724.5
244,,2,255,50,,,,0.841,1.376,,500,hardness_adaptive,21714.0,18226.25
245,,1,256,50,,,,0.65,1.368,,500,hardness_adaptive,21456.0,18942.5
246,,1,257,50,,,,0.57,1.227,,500,hardness_adaptive,7948.0,7750.25
247,,1,258,50,,,,0.805,1.354,,500,hardness_adaptive,7877.0,7647.0
248,,3,261,50,,,,0.805,1.268,,500,hardness_adaptive,8252.0,7599.25
249,,1,262,50,,,,0.51,1.204,,500,hardness_adaptive,16698.0,7625.5
250,,1,263,50,,,,0.608,1.309,,500,hardness_adaptive,20304.0,7718.5
251,,0,263,50,,,,0.912,1.342,,500,hardness_adaptive,21049.0,7907.0
252,,1,264,50,,,,0.65,1.27,,500,hardness_adaptive,19788.0,7964.5
253,,0,264,50,,,,0.777,1.162,,500,hardness_adaptive,19109.0,8289.5
254,,1,265,50,,,,0.798,1.353,,500,hardness_adaptive,18654.0,13759.75
255,,1,266,50,,,,0.579,1.258,,500,hardness_adaptive,17034.0,15465.0
256,,1,267,50,,,,0.963,1.353,,500,hardness_adaptive,17359.0,16493.25
257,,0,267,50,,,,0.663,1.312,,500,hardness_adaptive,22612.0,17333.5
258,,1,268,50,,,,0.736,1.359,,500,hardness_adaptive,19729.0,18289.25
259,,0,268,50,,,,0.702,1.331,,500,hardness_adaptive,22699.0,18820.0
260,,0,268,50,,,,0.98,1.444,,500,hardness_adaptive,24145.0,19503.0
261,,0,268,50,,,,0.761,1.345,,500,hardness_adaptive,7706.0,7603.0
262,,2,270,50,,,,0.833,1.339,,500,hardness_adaptive,8176.0,7582.75
263,,1,271,50,,,,0.808,1.216,,500,hardness_adaptive,18172.0,7713.25
264,,2,273,50,,,,0.54,1.242,,500,hardness_adaptive,16720.0,7791.5
265,,0,273,50,,,,0.705,1.183,,500,hardness_adaptive,18282.0,7951.5
266,,1,274,50,,,,0.655,1.247,,500,hardness_adaptive,11329.0,8459.75
267,,1,275,50,,,,0.596,1.267,,500,hardness_adaptive,19428.0,9900.25
268,,2,277,50,,,,0.542,1.233,,500,hardness_adaptive,16786.0,14959.5
269,,1,278,50,,,,0.549,1.525,,500,hardness_adaptive,17671.0,16188.5
270,,0,278,50,,,,0.816,1.342,,500,hardness_adaptive,19514.0,17319.5
271,,0,278,50,,,,0.635,1.306,,500,hardness_adaptive,21792.0,17826.5
272,,1,279,50,,,,0.622,1.311,,500,hardness_adaptive,20396.0,18646.0
273,,1,280,50,,,,0.593,1.234,,500,hardness_adaptive,7866.0,7673.25
274,,1,281,50,,,,0.557,1.215,,500,hardness_adaptive,20888.0,7685.25
275,,0,281,50,,,,0.754,1.335,,500,hardness_adaptive,19169.0,7743.25
276,,2,283,50,,,,0.492,1.202,,500,hardness_adaptive,16292.0,7960.75
277,,3,286,50,,,,0.803,0.838,,500,hardness_adaptive,18293.0,8148.5
278,,1,287,50,,,,0.543,1.203,,500,hardness_adaptive,15426.0,8536.75
279,,0,287,50,,,,0.547,1.297,,500,hardness_adaptive,17535.0,10691.5
280,,0,287,50,,,,0.594,1.234,,500,hardness_adaptive,16824.0,15100.5
281,,2,289,50,,,,0.554,1.221,,500,hardness_adaptive,17923.0,16607.25
282,,0,289,50,,,,0.755,1.266,,500,hardness_adaptive,17499.0,17448.0
283,,2,291,50,,,,0.892,0.354,,500,hardness_adaptive,20245.0,17874.5
284,,2,293,50,,,,0.562,1.327,,500,hardness_adaptive,18945.0,18517.5
285,,1,294,50,,,,0.58,1.293,,500,hardness_adaptive,19238.0,19147.5
286,,1,295,50,,,,0.682,1.35,,500,hardness_adaptive,9752.0,7958.75
287,,0,295,50,,,,0.856,1.124,,500,hardness_adaptive,7888.0,7774.5
288,,0,295,50,,,,0.609,1.233,,500,hardness_adaptive,8106.0,7843.75
289,,3,298,50,,,,0.632,1.347,,500,hardness_adaptive,8542.0,7797.25
290,,2,300,50,,,,0.784,1.419,,500,hardness_adaptive,17324.0,7902.75
291,,1,301,50,,,,0.777,1.285,,500,hardness_adaptive,21197.0,7986.5
292,,2,303,50,,,,0.815,1.353,,500,hardness_adaptive,21575.0,8110.0
293,,1,304,50,,,,0.607,1.361,,500,hardness_adaptive,9383.0,8308.5
294,,1,305,50,,,,0.61,1.338,,500,hardness_adaptive,18844.0,8685.5
295,,1,306,50,,,,0.54,0.831,,500,hardness_adaptive,13614.0,12833.25
296,,1,307,50,,,,0.81,0.333,,500,hardness_adaptive,16448.0,15737.0
297,,0,307,50,,,,0.642,1.331,,500,hardness_adaptive,18427.0,16566.0
298,,1,308,50,,,,0.876,1.265,,500,hardness_adaptive,22983.0,17408.0
299,,0,308,50,,,,0.905,0.347,,500,hardness_adaptive,19785.0,18189.75
300,,1,309,50,,,,0.878,1.328,,500,hardness_adaptive,19167.0,18625.0
301,,2,311,50,,,,0.634,1.301,,500,hardness_adaptive,19799.0,19082.25
302,,1,312,50,,,,0.634,1.373,,500,hardness_adaptive,8087.0,8037.0
303,,2,314,50,,,,0.582,1.31,,500,hardness_adaptive,8864.0,7706.25
304,,1,315,50,,,,0.78,0.334,,500,hardness_adaptive,17978.0,7787.5
305,,1,316,50,,,,0.48,1.145,,500,hardness_adaptive,14841.0,7907.0
306,,1,317,50,,,,0.83,1.346,,500,hardness_adaptive,24097.0,8070.75
307,,3,320,50,,,,0.637,1.271,,500,hardness_adaptive,22865.0,8261.0
308,,1,321,50,,,,0.585,1.186,,500,hardness_adaptive,19433.0,8546.25
309,,2,323,50,,,,0.549,1.357,,500,hardness_adaptive,16508.0,12924.0
310,,2,325,50,,,,0.579,1.295,,500,hardness_adaptive,20597.0,14997.75
311,,0,325,50,,,,0.469,1.193,,500,hardness_adaptive,16950.0,16681.25
312,,2,327,50,,,,0.542,1.231,,500,hardness_adaptive,19310.0,17214.5
313,,1,328,50,,,,0.543,1.337,,500,hardness_adaptive,18414.0,18144.0
314,,1,329,50,,,,0.867,0.36,,500,hardness_adaptive,20733.0,18481.25
315,,1,330,50,,,,0.631,1.293,,500,hardness_adaptive,20403.0,18907.75
316,,1,331,50,,,,0.88,0.343,,500,hardness_adaptive,8064.0,7790.5
317,,1,332,50,,,,0.843,1.269,,500,hardness_adaptive,8016.0,7755.5
318,,3,335,50,,,,0.773,1.255,,500,hardness_adaptive,7852.0,7706.0
319,,1,336,50,,,,0.615,1.215,,500,hardness_adaptive,20595.0,7802.5
320,,0,336,50,,,,0.837,0.337,,500,hardness_adaptive,19783.0,7948.75
321,,3,339,50,,,,0.722,1.301,,500,hardness_adaptive,16064.0,8131.5
322,,0,339,50,,,,0.886,0.33,,500,hardness_adaptive,21183.0,8371.5
323,,0,339,50,,,,0.554,1.154,,500,hardness_adaptive,16464.0,8731.5
324,,1,340,50,,,,0.838,1.295,,500,hardness_adaptive,22617.0,12986.0
325,,0,340,50,,,,0.664,1.31,,500,hardness_adaptive,23122.0,15374.75
326,,2,342,50,,,,0.559,1.158,,500,hardness_adaptive,20669.0,16839.25
327,,2,344,50,,,,0.835,1.268,,500,hardness_adaptive,20119.0,17974.75
328,,1,345,50,,,,0.821,0.329,,500,hardness_adaptive,20058.0,18614.5
329,,1,346,50,,,,0.584,1.522,,500,hardness_adaptive,19041.0,19002.0
330,,1,347,50,,,,0.699,1.288,,500,hardness_adaptive,7947.0,7735.75
331,,2,349,50,,,,0.556,1.222,,500,hardness_adaptive,17405.0,7798.25
332,,1,350,50,,,,0.528,1.225,,500,hardness_adaptive,18457.0,7905.5
333,,1,351,50,,,,0.528,1.199,,500,hardness_adaptive,16343.0,8034.75
334,,1,352,50,,,,0.86,1.277,,500,hardness_adaptive,16684.0,8154.75
335,,2,354,50,,,,0.823,1.278,,500,hardness_adaptive,20772.0,8719.75
336,,0,354,50,,,,0.602,1.271,,500,hardness_adaptive,20242.0,11992.75
337,,0,354,50,,,,0.779,1.34,,500,hardness_adaptive,16209.0,15214.0
338,,2,356,50,,,,0.515,1.279,,500,hardness_adaptive,19310.0,16350.5
339,,1,357,50,,,,0.543,1.328,,500,hardness_adaptive,18310.0,17413.25
340,,3,360,50,,,,0.818,1.351,,500,hardness_adaptive,19605.0,18509.25
341,,1,361,50,,,,0.843,0.338,,500,hardness_adaptive,19753.0,19136.25
342,,1,362,50,,,,0.803,1.335,,500,hardness_adaptive,19918.0,19813.25
343,,1,363,50,,,,0.685,0.949,,500,hardness_adaptive,8131.0,8129.5
344,,1,364,50,,,,0.841,0.904,,500,hardness_adaptive,7929.0,7818.25
345,,0,364,50,,,,0.599,1.263,,500,hardness_adaptive,9102.0,7747.75
346,,1,365,50,,,,0.776,0.337,,500,hardness_adaptive,8544.0,7683.0
347,,1,366,50,,,,0.625,1.194,,500,hardness_adaptive,18902.0,7784.75
348,,0,366,50,,,,0.715,0.899,,500,hardness_adaptive,15181.0,7911.25
349,,1,367,50,,,,0.573,1.251,,500,hardness_adaptive,19032.0,7968.25
350,,0,367,50,,,,0.822,0.346,,500,hardness_adaptive,22078.0,8305.0
351,,1,368,50,,,,0.765,0.914,,500,hardness_adaptive,20231.0,9749.5
352,,0,368,50,,,,0.865,1.365,,500,hardness_adaptive,21669.0,15152.5
353,,0,368,50,,,,0.56,1.235,,500,hardness_adaptive,18070.0,16863.25
354,,1,369,50,,,,0.858,0.349,,500,hardness_adaptive,20434.0,18068.5
355,,0,369,50,,,,0.631,1.292,,500,hardness_adaptive,20592.0,18966.75
356,,2,371,50,,,,0.63,1.254,,500,hardness_adaptive,9099.0,8137.5
357,,2,373,50,,,,0.822,1.185,,500,hardness_adaptive,7895.0,7760.5
358,,0,373,50,,,,0.848,1.389,,500,hardness_adaptive,8353.0,7578.0
359,,0,373,50,,,,0.63,1.21,,500,hardness_adaptive,7884.0,7584.25
360,,0,373,50,,,,0.65,1.541,,500,hardness_adaptive,19323.0,7578.0
361,,0,373,50,,,,0.793,1.328,,500,hardness_adaptive,19256.0,7625.75
362,,3,376,50,,,,0.777,1.312,,500,hardness_adaptive,20412.0,7926.5
363,,3,379,50,,,,0.768,1.291,,500,hardness_adaptive,15204.0,8048.5
364,,1,380,50,,,,0.836,0.331,,500,hardness_adaptive,19999.0,8348.5
365,,2,382,50,,,,0.527,0.877,,500,hardness_adaptive,14571.0,10615.5
366,,0,382,50,,,,0.589,1.211,,500,hardness_adaptive,17857.0,15829.25
367,,2,384,50,,,,0.87,0.351,,500,hardness_adaptive,21925.0,16888.0
368,,1,385,50,,,,0.844,1.418,,500,hardness_adaptive,21821.0,17899.5
369,,2,387,50,,,,0.943,1.313,,500,hardness_adaptive,7983.0,7977.75
370,,1,388,50,,,,0.839,0.329,,500,hardness_adaptive,7897.0,7626.5
371,,1,389,50,,,,0.799,1.24,,500,hardness_adaptive,16017.0,7728.5
372,,1,390,50,,,,0.807,1.275,,500,hardness_adaptive,13487.0,7782.0
373,,3,393,50,,,,0.646,1.269,,500,hardness_adaptive,11363.0,7923.5
374,,2,395,50,,,,0.762,1.07,,500,hardness_adaptive,17634.0,8156.75
375,,1,396,50,,,,0.489,1.174,,500,hardness_adaptive,15990.0,8626.0
376,,1,397,50,,,,0.757,1.376,,500,hardness_adaptive,15897.0,13658.0
377,,3,400,50,,,,0.824,1.303,,500,hardness_adaptive,20327.0,15500.0
378,,0,400,50,,,,0.603,1.284,,500,hardness_adaptive,20988.0,16036.75
379,,0,400,50,,,,0.51,1.244,,500,hardness_adaptive,17207.0,16775.5
380,,0,400,50,,,,0.595,1.3,,500,hardness_adaptive,18815.0,17676.0
381,,2,402,50,,,,0.675,1.356,,500,hardness_adaptive,20547.0,18333.5
382,,1,403,50,,,,0.697,0.984,,500,hardness_adaptive,22594.0,18884.75
383,,1,404,50,,,,0.616,1.322,,500,hardness_adaptive,19755.0,19405.0
384,,0,404,50,,,,0.708,1.338,,500,hardness_adaptive,8921.0,8543.75
385,,1,405,50,,,,0.871,0.324,,500,hardness_adaptive,8084.0,7663.75
386,,0,405,50,,,,0.524,1.248,,500,hardness_adaptive,18820.0,7667.75
387,,0,405,50,,,,0.557,1.178,,500,hardness_adaptive,19219.0,7718.0
388,,1,406,50,,,,0.463,1.212,,500,hardness_adaptive,14127.0,7848.0
389,,0,406,50,,,,0.653,1.24,,500,hardness_adaptive,12089.0,8053.25
390,,1,407,50,,,,0.765,1.088,,500,hardness_adaptive,19558.0,8550.25
391,,1,408,50,,,,0.799,1.3,,500,hardness_adaptive,21414.0,11549.25
392,,1,409,50,,,,0.827,0.329,,500,hardness_adaptive,17784.0,13981.5
393,,0,409,50,,,,0.784,0.334,,500,hardness_adaptive,17359.0,15968.75
394,,0,409,50,,,,0.868,0.96,,500,hardness_adaptive,19044.0,17328.25
395,,1,410,50,,,,0.89,0.371,,500,hardness_adaptive,20266.0,18219.0
396,,1,411,50,,,,0.867,0.353,,500,hardness_adaptive,18952.0,18649.5
397,,1,412,50,,,,0.974,1.421,,500,hardness_adaptive,22285.0,19231.5
398,,0,412,50,,,,0.88,0.326,,500,hardness_adaptive,8136.0,7957.5
399,,1,413,50,,,,0.712,1.246,,500,hardness_adaptive,8573.0,7804.25
400,,0,413,50,,,,0.636,1.229,,500,hardness_adaptive,8116.0,7758.25
401,,2,415,50,,,,0.439,1.134,,500,hardness_adaptive,13178.0,7923.5
402,,1,416,50,,,,0.564,1.234,,500,hardness_adaptive,19456.0,8027.5
403,,0,416,50,,,,0.593,1.294,,500,hardness_adaptive,20646.0,8136.25
404,,1,417,50,,,,0.46,1.111,,500,hardness_adaptive,14710.0,8466.5
405,,0,417,50,,,,0.615,1.267,,500,hardness_adaptive,21128.0,9059.0
406,,1,418,50,,,,0.763,1.606,,500,hardness_adaptive,16738.0,14462.75
407,,1,419,50,,,,0.783,1.352,,500,hardness_adaptive,16419.0,15946.5
408,,1,420,50,,,,0.663,1.339,,500,hardness_adaptive,22109.0,16838.0
409,,1,421,50,,,,0.673,1.326,,500,hardness_adaptive,19929.0,17687.0
410,,1,422,50,,,,0.532,1.224,,500,hardness_adaptive,19468.0,18244.75
411,,2,424,50,,,,0.865,1.337,,500,hardness_adaptive,22762.0,18745.0
412,,1,425,50,,,,0.637,1.326,,500,hardness_adaptive,21737.0,19468.0
413,,1,426,50,,,,0.598,1.192,,500,hardness_adaptive,8064.0,7998.25
414,,1,427,50,,,,0.835,1.355,,500,hardness_adaptive,7816.0,7721.0
415,,3,430,50,,,,0.836,1.432,,500,hardness_adaptive,7790.0,7672.25
416,,1,431,50,,,,0.847,1.357,,500,hardness_adaptive,8734.0,7672.25
417,,0,431,50,,,,1.032,0.342,,500,hardness_adaptive,21533.0,7689.75
418,,2,433,50,,,,0.593,1.281,,500,hardness_adaptive,20471.0,7842.25
419,,1,434,50,,,,0.79,1.332,,500,hardness_adaptive,18852.0,8072.0
420,,1,435,50,,,,0.762,0.329,,500,hardness_adaptive,16376.0,8232.5
421,,0,435,50,,,,0.729,1.262,,500,hardness_adaptive,15928.0,8671.0
422,,2,437,50,,,,0.869,1.44,,500,hardness_adaptive,18015.0,14852.75
423,,2,439,50,,,,0.604,1.276,,500,hardness_adaptive,21169.0,16238.75
424,,0,439,50,,,,0.879,0.344,,500,hardness_adaptive,20717.0,16906.0
425,,2,441,50,,,,0.833,1.379,,500,hardness_adaptive,18340.0,17603.0
426,,1,442,50,,,,0.735,1.286,,500,hardness_adaptive,22784.0,18066.75
427,,1,443,50,,,,0.653,1.335,,500,hardness_adaptive,20930.0,18893.5
428,,1,444,50,,,,0.858,1.343,,500,hardness_adaptive,21929.0,19587.5
429,,2,446,50,,,,0.833,1.384,,500,hardness_adaptive,21858.0,20194.5
430,,1,447,50,,,,0.586,1.264,,500,hardness_adaptive,20439.0,20386.0
431,,0,447,50,,,,0.664,1.343,,500,hardness_adaptive,9539.0,8619.5
432,,2,449,50,,,,0.769,1.364,,500,hardness_adaptive,17355.0,8679.75
433,,0,449,50,,,,0.624,1.269,,500,hardness_adaptive,23207.0,8928.25
434,,0,449,50,,,,0.822,1.207,,500,hardness_adaptive,21351.0,9110.25
435,,1,450,50,,,,0.823,1.298,,500,hardness_adaptive,21453.0,9350.25
436,,1,451,50,,,,0.773,1.343,,500,hardness_adaptive,20325.0,9667.0
437,,2,453,50,,,,0.829,1.2,,500,hardness_adaptive,20183.0,19951.5
438,,1,454,50,,,,0.861,1.287,,500,hardness_adaptive,25097.0,21187.5
439,,1,455,50,,,,0.639,1.335,,500,hardness_adaptive,23240.0,22091.0
440,,0,455,50,,,,0.825,1.228,,500,hardness_adaptive,24559.0,22847.0
441,,2,457,50,,,,0.663,1.402,,500,hardness_adaptive,25193.0,23406.5
442,,0,457,50,,,,0.747,1.406,,500,hardness_adaptive,26171.0,23775.5
443,,1,458,50,,,,0.637,1.313,,500,hardness_adaptive,9357.0,9184.5
444,,1,459,50,,,,0.685,1.365,,500,hardness_adaptive,9630.0,9179.0
445,,1,460,50,,,,0.667,1.293,,500,hardness_adaptive,25544.0,9197.25
446,,0,460,50,,,,0.624,1.321,,500,hardness_adaptive,22218.0,9293.5
447,,1,461,50,,,,0.674,1.344,,500,hardness_adaptive,25818.0,9374.0
448,,2,463,50,,,,0.612,1.244,,500,hardness_adaptive,23159.0,9500.25
449,,0,463,50,,,,0.59,1.242,,500,hardness_adaptive,23758.0,9660.0
450,,0,463,50,,,,0.792,1.366,,500,hardness_adaptive,23485.0,18885.25
451,,0,463,50,,,,0.715,0.988,,500,hardness_adaptive,22839.0,20986.5
452,,1,464,50,,,,0.611,1.315,,500,hardness_adaptive,23004.0,21971.25
453,,2,466,50,,,,0.676,1.362,,500,hardness_adaptive,24448.0,22708.0
454,,0,466,50,,,,0.685,1.345,,500,hardness_adaptive,25257.0,23414.5
455,,0,466,50,,,,0.668,1.383,,500,hardness_adaptive,10296.0,9643.75
456,,2,468,50,,,,0.675,1.372,,500,hardness_adaptive,9469.0,9232.0
457,,0,468,50,,,,0.671,1.384,,500,hardness_adaptive,9959.0,9208.25
458,,2,470,50,,,,0.642,1.311,,500,hardness_adaptive,20637.0,9303.75
459,,2,472,50,,,,0.589,1.274,,500,hardness_adaptive,18210.0,9520.0
460,,0,472,50,,,,0.794,1.294,,500,hardness_adaptive,21890.0,9615.5
461,,0,472,50,,,,0.576,1.233,,500,hardness_adaptive,21361.0,9714.75
462,,0,472,50,,,,0.696,1.248,,500,hardness_adaptive,18608.0,10286.25
463,,1,473,50,,,,0.607,1.368,,500,hardness_adaptive,22177.0,19767.0
464,,1,474,50,,,,0.647,1.272,,500,hardness_adaptive,22750.0,20996.75
465,,1,475,50,,,,0.643,1.357,,500,hardness_adaptive,26704.0,21834.5
466,,1,476,50,,,,0.786,1.432,,500,hardness_adaptive,24823.0,22435.0
467,,1,477,50,,,,0.637,1.326,,500,hardness_adaptive,23930.0,23255.5
468,,0,477,50,,,,0.653,1.305,,500,hardness_adaptive,24121.0,23754.5
469,,1,478,50,,,,0.865,1.32,,500,hardness_adaptive,9149.0,9016.25
470,,0,478,50,,,,0.878,1.267,,500,hardness_adaptive,10144.0,8996.25
471,,1,479,50,,,,0.621,1.359,,500,hardness_adaptive,9575.0,8973.75
472,,0,479,50,,,,0.594,1.275,,500,hardness_adaptive,23960.0,9018.25
473,,1,480,50,,,,0.805,1.421,,500,hardness_adaptive,21131.0,9151.25
474,,2,482,50,,,,0.919,1.385,,500,hardness_adaptive,23840.0,9305.25
475,,2,484,50,,,,0.565,1.292,,500,hardness_adaptive,18952.0,9392.25
476,,0,484,50,,,,0.795,1.367,,500,hardness_adaptive,21050.0,9603.75
477,,1,485,50,,,,0.846,1.351,,500,hardness_adaptive,23160.0,17407.0
478,,2,487,50,,,,0.666,1.282,,500,hardness_adaptive,22683.0,20619.25
479,,1,488,50,,,,0.61,1.278,,500,hardness_adaptive,22022.0,21353.25
480,,0,488,50,,,,0.869,1.233,,500,hardness_adaptive,24317.0,22349.5
481,,0,488,50,,,,0.662,1.342,,500,hardness_adaptive,26262.0,22930.25
482,,1,489,50,,,,0.621,1.291,,500,hardness_adaptive,9539.0,9496.75
483,,1,490,50,,,,0.664,1.333,,500,hardness_adaptive,9774.0,9351.25
484,,1,491,50,,,,0.561,1.231,,500,hardness_adaptive,9530.0,9239.75
485,,0,491,50,,,,0.855,1.338,,500,hardness_adaptive,9625.0,9255.75
486,,0,491,50,,,,0.579,1.266,,500,hardness_adaptive,21854.0,9375.5
487,,2,493,50,,,,0.577,1.262,,500,hardness_adaptive,21868.0,9472.0
488,,1,494,50,,,,0.665,1.324,,500,hardness_adaptive,24236.0,9569.0
489,,2,496,50,,,,0.612,1.28,,500,hardness_adaptive,21663.0,9670.5
490,,1,497,50,,,,0.82,1.326,,500,hardness_adaptive,22322.0,10115.25
491,,1,498,50,,,,0.659,1.323,,500,hardness_adaptive,24365.0,19639.5
492,,1,499,50,,,,0.807,1.277,,500,hardness_adaptive,21202.0,21100.75
493,,0,499,50,,,,0.849,1.405,,500,hardness_adaptive,22434.0,21737.75
494,,2,501,50,,,,0.789,1.386,,500,hardness_adaptive,23243.0,22455.0
495,,1,502,50,,,,0.875,1.38,,500,hardness_adaptive,26746.0,22948.0
496,,1,503,50,,,,0.649,1.299,,500,hardness_adaptive,23544.0,23313.75
497,,1,504,50,,,,0.64,1.355,,500,hardness_adaptive,24772.0,23703.25
498,,2,506,50,,,,0.899,1.444,,500,hardness_adaptive,9290.0,9284.0
499,,0,506,50,,,,0.679,1.332,,500,hardness_adaptive,10501.0,9284.0
500,,0,506,50,,,,0.737,1.204,,500,hardness_adaptive,18661.0,9312.75
501,,2,508,50,,,,0.773,1.361,,500,hardness_adaptive,23769.0,9412.5
502,,2,510,50,,,,0.665,1.328,,500,hardness_adaptive,25692.0,9598.75
503,,0,510,50,,,,0.638,1.28,,500,hardness_adaptive,24600.0,9757.0
504,,3,513,50,,,,0.675,1.377,,500,hardness_adaptive,25508.0,10076.25
505,,0,513,50,,,,0.848,1.367,,500,hardness_adaptive,23560.0,19339.0
506,,1,514,50,,,,0.782,1.327,,500,hardness_adaptive,21048.0,20990.25
507,,0,514,50,,,,0.596,1.362,,500,hardness_adaptive,25821.0,22030.0
508,,1,515,50,,,,0.715,1.379,,500,hardness_adaptive,25943.0,22515.25
509,,1,516,50,,,,0.857,1.392,,500,hardness_adaptive,23232.0,23005.0
510,,0,516,50,,,,0.656,1.35,,500,hardness_adaptive,9167.0,9118.5
511,,1,517,50,,,,0.884,1.57,,500,hardness_adaptive,21069.0,9153.25
512,,1,518,50,,,,0.734,1.337,,500,hardness_adaptive,26576.0,9214.75
513,,0,518,50,,,,0.83,1.421,,500,hardness_adaptive,26193.0,9338.0
514,,0,518,50,,,,0.645,1.311,,500,hardness_adaptive,23438.0,9528.0
515,,2,520,50,,,,0.804,1.302,,500,hardness_adaptive,22506.0,9762.5
516,,0,520,50,,,,0.72,1.397,,500,hardness_adaptive,24713.0,15225.75
517,,1,521,50,,,,1.125,1.528,,500,hardness_adaptive,25913.0,19630.75
518,,2,523,50,,,,0.799,1.373,,500,hardness_adaptive,26953.0,21112.75
519,,1,524,50,,,,0.884,1.276,,500,hardness_adaptive,25257.0,22017.75
520,,0,524,50,,,,0.932,1.367,,500,hardness_adaptive,25735.0,22823.5
521,,0,524,50,,,,0.717,1.393,,500,hardness_adaptive,25789.0,23168.5
522,,0,524,50,,,,0.856,1.417,,500,hardness_adaptive,9504.0,9142.0
523,,1,525,50,,,,1.027,1.611,,500,hardness_adaptive,9315.0,8801.75
524,,2,527,50,,,,0.62,1.349,,500,hardness_adaptive,8922.0,8878.0
525,,1,528,50,,,,0.818,1.325,,500,hardness_adaptive,21101.0,9023.25
526,,0,528,50,,,,0.509,1.195,,500,hardness_adaptive,16046.0,9155.75
527,,1,529,50,,,,0.668,1.254,,500,hardness_adaptive,21528.0,9364.25
528,,1,530,50,,,,0.543,1.3,,500,hardness_adaptive,21047.0,9539.5
529,,1,531,50,,,,0.486,1.15,,500,hardness_adaptive,16396.0,10297.75
530,,0,531,50,,,,0.877,1.292,,500,hardness_adaptive,23867.0,17912.75
531,,0,531,50,,,,0.671,1.31,,500,hardness_adaptive,26325.0,19720.0
532,,1,532,50,,,,0.643,1.295,,500,hardness_adaptive,22034.0,21038.0
533,,1,533,50,,,,0.656,1.383,,500,hardness_adaptive,24115.0,21782.25
534,,0,533,50,,,,0.666,1.392,,500,hardness_adaptive,9774.0,9114.75
535,,1,534,50,,,,0.597,1.268,,500,hardness_adaptive,9362.0,8718.25
536,,2,536,50,,,,0.676,1.384,,500,hardness_adaptive,8812.0,8733.25
537,,1,537,50,,,,0.789,1.202,,500,hardness_adaptive,17144.0,8895.5
538,,2,539,50,,,,0.572,1.264,,500,hardness_adaptive,17430.0,9093.0
539,,0,539,50,,,,0.605,1.394,,500,hardness_adaptive,20548.0,9130.5
540,,2,541,50,,,,0.805,1.374,,500,hardness_adaptive,22904.0,9385.25
541,,0,541,50,,,,0.738,1.322,,500,hardness_adaptive,23127.0,9983.25
542,,0,541,50,,,,0.613,1.259,,500,hardness_adaptive,21357.0,17664.5
543,,2,543,50,,,,0.584,1.3,,500,hardness_adaptive,19575.0,19270.5
544,,2,545,50,,,,0.835,1.333,,500,hardness_adaptive,24744.0,20396.5
545,,0,545,50,,,,0.607,1.353,,500,hardness_adaptive,22193.0,21177.75
546,,0,545,50,,,,0.664,1.432,,500,hardness_adaptive,23517.0,21585.0
547,,1,546,50,,,,0.65,1.32,,500,hardness_adaptive,22765.0,21953.5
548,,1,547,50,,,,0.891,1.365,,500,hardness_adaptive,23306.0,22346.0
549,,2,549,50,,,,0.921,1.071,,500,hardness_adaptive,9057.0,8723.25
550,,0,549,50,,,,0.759,1.605,,500,hardness_adaptive,9082.0,8642.75
551,,1,550,50,,,,0.987,1.523,,500,hardness_adaptive,9732.0,8698.0
552,,1,551,50,,,,0.933,1.502,,500,hardness_adaptive,20672.0,8742.5
553,,2,553,50,,,,0.808,1.449,,500,hardness_adaptive,20131.0,8872.75
554,,0,553,50,,,,0.613,1.393,,500,hardness_adaptive,19174.0,9063.25
555,,1,554,50,,,,0.572,1.563,,500,hardness_adaptive,17790.0,9314.0
556,,0,554,50,,,,0.71,0.966,,500,hardness_adaptive,20552.0,10115.25
557,,1,555,50,,,,0.695,1.328,,500,hardness_adaptive,22239.0,18244.75
558,,0,555,50,,,,0.723,1.397,,500,hardness_adaptive,23543.0,20047.25
559,,0,555,50,,,,0.65,1.461,,500,hardness_adaptive,21960.0,20702.0
560,,0,555,50,,,,0.647,1.345,,500,hardness_adaptive,23199.0,21464.5
561,,1,556,50,,,,0.732,1.425,,500,hardness_adaptive,26662.0,22218.75
562,,2,558,50,,,,0.952,1.238,,500,hardness_adaptive,9130.0,8658.0
563,,1,559,50,,,,1.04,1.509,,500,hardness_adaptive,9029.0,8563.5
564,,1,560,50,,,,0.636,1.367,,500,hardness_adaptive,19573.0,8637.5
565,,0,560,50,,,,0.689,1.422,,500,hardness_adaptive,19819.0,8749.0
566,,2,562,50,,,,0.954,1.469,,500,hardness_adaptive,24257.0,8900.75
567,,1,563,50,,,,0.702,1.35,,500,hardness_adaptive,19089.0,9079.0
568,,1,564,50,,,,0.512,1.267,,500,hardness_adaptive,12909.0,9258.0
569,,0,564,50,,,,0.857,1.449,,500,hardness_adaptive,20555.0,13453.5
570,,0,564,50,,,,0.591,1.327,,500,hardness_adaptive,19302.0,18308.5
571,,0,564,50,,,,0.655,1.339,,500,hardness_adaptive,21360.0,19586.5
572,,0,564,50,,,,0.888,1.457,,500,hardness_adaptive,21578.0,20435.75
573,,0,564,50,,,,0.684,1.39,,500,hardness_adaptive,24205.0,21090.5
574,,0,564,50,,,,0.848,1.464,,500,hardness_adaptive,22729.0,21363.0
575,,1,565,50,,,,1.03,1.167,,500,hardness_adaptive,9159.0,8980.25
576,,2,567,50,,,,0.931,1.458,,500,hardness_adaptive,9045.0,8804.5
577,,2,569,50,,,,0.702,1.321,,500,hardness_adaptive,18221.0,8847.0
578,,1,570,50,,,,0.645,1.304,,500,hardness_adaptive,20190.0,8921.75
579,,1,571,50,,,,0.921,1.411,,500,hardness_adaptive,21458.0,9048.0
580,,2,573,50,,,,0.63,1.398,,500,hardness_adaptive,20711.0,9191.25
581,,0,573,50,,,,0.639,1.438,,500,hardness_adaptive,21191.0,9552.75
582,,1,574,50,,,,0.6,1.372,,500,hardness_adaptive,22318.0,17472.25
583,,1,575,50,,,,0.782,1.416,,500,hardness_adaptive,22448.0,18884.25
584,,2,577,50,,,,0.58,1.287,,500,hardness_adaptive,22039.0,20195.75
585,,1,578,50,,,,0.763,1.484,,500,hardness_adaptive,25746.0,20827.75
586,,2,580,50,,,,0.671,1.416,,500,hardness_adaptive,23446.0,21314.0
587,,1,581,50,,,,0.647,1.429,,500,hardness_adaptive,23590.0,21934.5
588,,1,582,50,,,,0.683,1.391,,500,hardness_adaptive,24267.0,22278.5
589,,0,582,50,,,,0.715,1.431,,500,hardness_adaptive,24454.0,22488.75
590,,0,582,50,,,,0.666,1.384,,500,hardness_adaptive,9197.0,8957.0
591,,0,582,50,,,,0.799,1.595,,500,hardness_adaptive,9028.0,8690.0
592,,1,583,50,,,,0.557,1.248,,500,hardness_adaptive,18988.0,8741.0
593,,2,585,50,,,,0.729,1.349,,500,hardness_adaptive,20812.0,8951.75
594,,1,586,50,,,,0.896,1.417,,500,hardness_adaptive,24336.0,9102.0
595,,0,586,50,,,,0.762,0.96,,500,hardness_adaptive,20438.0,9211.25
596,,2,588,50,,,,0.704,1.451,,500,hardness_adaptive,20871.0,9486.0
597,,1,589,50,,,,0.86,1.395,,500,hardness_adaptive,19926.0,16278.75
598,,1,590,50,,,,0.562,1.278,,500,hardness_adaptive,20058.0,18456.75
599,,0,590,50,,,,0.624,1.376,,500,hardness_adaptive,20534.0,19927.0
600,,0,590,50,,,,0.68,1.708,,500,hardness_adaptive,23058.0,20413.25
601,,0,590,50,,,,0.923,1.364,,500,hardness_adaptive,22261.0,20802.25
602,,0,590,50,,,,0.769,1.39,,500,hardness_adaptive,24255.0,21356.25
603,,1,591,50,,,,0.889,1.575,,500,hardness_adaptive,22166.0,21939.75
604,,1,592,50,,,,0.647,1.334,,500,hardness_adaptive,9150.0,8800.25
605,,1,593,50,,,,0.652,1.351,,500,hardness_adaptive,8742.0,8663.0
606,,0,593,50,,,,0.85,1.196,,500,hardness_adaptive,22750.0,8800.25
607,,1,594,50,,,,0.706,1.439,,500,hardness_adaptive,21838.0,8934.25
608,,1,595,50,,,,0.529,1.277,,500,hardness_adaptive,16971.0,9156.75
609,,0,595,50,,,,0.859,1.385,,500,hardness_adaptive,22745.0,9241.0
610,,1,596,50,,,,0.763,1.437,,500,hardness_adaptive,13961.0,9691.75
611,,0,596,50,,,,0.691,1.368,,500,hardness_adaptive,22751.0,18426.0
612,,1,597,50,,,,0.886,1.459,,500,hardness_adaptive,21775.0,19621.0
613,,0,597,50,,,,0.707,1.796,,500,hardness_adaptive,22913.0,20561.75
614,,0,597,50,,,,0.823,1.41,,500,hardness_adaptive,23130.0,21294.5
615,,0,597,50,,,,0.639,1.358,,500,hardness_adaptive,23454.0,21684.25
616,,0,597,50,,,,0.897,1.434,,500,hardness_adaptive,8636.0,8556.0
617,,2,599,50,,,,0.882,1.382,,500,hardness_adaptive,8614.0,8539.5
618,,0,599,50,,,,0.862,1.351,,500,hardness_adaptive,8665.0,8474.5
619,,0,599,50,,,,0.676,1.384,,500,hardness_adaptive,8475.0,8367.5
620,,1,600,50,,,,0.67,1.27,,500,hardness_adaptive,8664.0,8409.0
621,,1,601,50,,,,0.875,0.878,,500,hardness_adaptive,8601.0,8430.0
622,,1,602,50,,,,0.679,1.232,,500,hardness_adaptive,20443.0,8386.5
623,,1,603,50,,,,0.745,1.373,,500,hardness_adaptive,14082.0,8490.75
624,,0,603,50,,,,0.67,1.259,,500,hardness_adaptive,23480.0,8641.5
625,,1,604,50,,,,0.643,1.314,,500,hardness_adaptive,19700.0,8926.5
626,,1,605,50,,,,0.578,1.369,,500,hardness_adaptive,15462.0,9164.75
627,,1,606,50,,,,0.558,1.234,,500,hardness_adaptive,17662.0,14120.25
628,,1,607,50,,,,0.723,1.291,,500,hardness_adaptive,21774.0,16888.25
629,,0,607,50,,,,0.696,1.325,,500,hardness_adaptive,20692.0,18334.75
630,,1,608,50,,,,0.562,1.295,,500,hardness_adaptive,20529.0,19792.0
631,,1,609,50,,,,0.746,0.977,,500,hardness_adaptive,22838.0,20506.5
632,,1,610,50,,,,0.641,1.359,,500,hardness_adaptive,21623.0,21061.5
633,,0,610,50,,,,0.753,1.411,,500,hardness_adaptive,25468.0,21472.5
634,,1,611,50,,,,0.645,1.342,,500,hardness_adaptive,8540.0,8302.0
635,,1,612,50,,,,0.839,1.305,,500,hardness_adaptive,8799.0,8313.25
636,,1,613,50,,,,0.651,1.266,,500,hardness_adaptive,21302.0,8537.0
637,,1,614,50,,,,0.878,1.41,,500,hardness_adaptive,24183.0,8668.0
638,,1,615,50,,,,0.52,1.096,,500,hardness_adaptive,14492.0,8843.75
639,,0,615,50,,,,0.881,0.921,,500,hardness_adaptive,18938.0,9045.75
640,,1,616,50,,,,0.682,1.379,,500,hardness_adaptive,11822.0,9680.5
641,,1,617,50,,,,0.663,1.136,,500,hardness_adaptive,16849.0,15796.25
642,,0,617,50,,,,0.776,1.293,,500,hardness_adaptive,17995.0,17403.5
643,,0,617,50,,,,0.614,1.334,,500,hardness_adaptive,21041.0,18727.5
644,,1,618,50,,,,0.799,1.323,,500,hardness_adaptive,20003.0,19984.25
645,,0,618,50,,,,0.789,0.98,,500,hardness_adaptive,21554.0,20162.25
646,,0,618,50,,,,0.863,1.448,,500,hardness_adaptive,24355.0,20507.5
647,,0,618,50,,,,0.791,1.429,,500,hardness_adaptive,22092.0,20944.25
648,,1,619,50,,,,0.965,1.472,,500,hardness_adaptive,9518.0,9085.0
649,,0,619,50,,,,0.717,1.295,,500,hardness_adaptive,9099.0,8490.75
650,,1,620,50,,,,0.625,1.288,,500,hardness_adaptive,19201.0,8490.75
651,,0,620,50,,,,0.789,1.617,,500,hardness_adaptive,14319.0,8612.0
652,,2,622,50,,,,0.54,1.266,,500,hardness_adaptive,17119.0,8846.75
653,,1,623,50,,,,0.648,1.359,,500,hardness_adaptive,21382.0,9043.25
654,,0,623,50,,,,0.676,0.88,,500,hardness_adaptive,22022.0,9293.5
655,,0,623,50,,,,0.59,1.329,,500,hardness_adaptive,20694.0,15239.25
656,,2,625,50,,,,0.721,0.962,,500,hardness_adaptive,21393.0,17527.25
657,,0,625,50,,,,0.71,1.336,,500,hardness_adaptive,23713.0,18895.5
658,,1,626,50,,,,0.836,1.339,,500,hardness_adaptive,22275.0,19854.75
659,,1,627,50,,,,0.693,1.344,,500,hardness_adaptive,23509.0,20471.5
660,,0,627,50,,,,0.763,0.99,,500,hardness_adaptive,9356.0,8510.0
661,,1,628,50,,,,0.814,1.245,,500,hardness_adaptive,8406.0,8366.0
662,,1,629,50,,,,0.632,1.302,,500,hardness_adaptive,8557.0,8228.25
663,,1,630,50,,,,0.861,1.41,,500,hardness_adaptive,23608.0,8347.0
664,,0,630,50,,,,0.646,1.302,,500,hardness_adaptive,20183.0,8458.5
665,,1,631,50,,,,0.551,1.248,,500,hardness_adaptive,18619.0,8560.75
666,,0,631,50,,,,0.564,1.285,,500,hardness_adaptive,17919.0,8781.5
667,,1,632,50,,,,0.669,1.296,,500,hardness_adaptive,21863.0,9336.5
668,,2,634,50,,,,0.622,0.933,,500,hardness_adaptive,17049.0,15887.75
669,,0,634,50,,,,0.844,1.366,,500,hardness_adaptive,22138.0,17649.25
670,,1,635,50,,,,0.856,1.203,,500,hardness_adaptive,20625.0,18688.75
671,,1,636,50,,,,0.688,1.336,,500,hardness_adaptive,21562.0,19324.0
672,,1,637,50,,,,0.643,1.368,,500,hardness_adaptive,21762.0,20281.75
673,,0,637,50,,,,0.666,1.369,,500,hardness_adaptive,21492.0,20768.75
674,,0,637,50,,,,0.85,1.283,,500,hardness_adaptive,23322.0,21459.0
675,,2,639,50,,,,0.657,1.34,,500,hardness_adaptive,9096.0,8668.25
676,,1,640,50,,,,0.888,1.4,,500,hardness_adaptive,8326.0,8301.25
677,,0,640,50,,,,0.588,1.286,,500,hardness_adaptive,8829.0,8335.25
678,,1,641,50,,,,0.592,1.277,,500,hardness_adaptive,18595.0,8432.5
679,,2,643,50,,,,0.509,1.191,,500,hardness_adaptive,14944.0,8553.5
680,,2,645,50,,,,0.676,1.377,,500,hardness_adaptive,25701.0,8645.25
681,,2,647,50,,,,0.669,1.351,,500,hardness_adaptive,23400.0,8894.0
682,,1,648,50,,,,0.588,1.276,,500,hardness_adaptive,22717.0,9561.25
683,,0,648,50,,,,0.807,1.34,,500,hardness_adaptive,19446.0,14854.75
684,,0,648,50,,,,0.598,1.287,,500,hardness_adaptive,21439.0,17827.0
685,,0,648,50,,,,0.845,1.453,,500,hardness_adaptive,21108.0,19239.0
686,,0,648,50,,,,0.597,1.358,,500,hardness_adaptive,22306.0,20634.75
687,,1,649,50,,,,0.653,1.398,,500,hardness_adaptive,21990.0,21189.75
688,,1,650,50,,,,0.699,0.988,,500,hardness_adaptive,8870.0,8764.0
689,,0,650,50,,,,0.677,0.916,,500,hardness_adaptive,8792.0,8539.25
690,,1,651,50,,,,0.642,1.312,,500,hardness_adaptive,9388.0,8561.25
691,,1,652,50,,,,0.654,1.355,,500,hardness_adaptive,22875.0,8748.75
692,,1,653,50,,,,0.532,1.165,,500,hardness_adaptive,15261.0,8835.25
693,,2,655,50,,,,0.827,1.2,,500,hardness_adaptive,19706.0,8930.0
694,,1,656,50,,,,0.587,1.271,,500,hardness_adaptive,18700.0,9119.25
695,,3,659,50,,,,0.655,1.434,,500,hardness_adaptive,20589.0,9629.5
696,,0,659,50,,,,0.638,1.292,,500,hardness_adaptive,21900.0,16434.5
697,,0,659,50,,,,0.705,0.995,,500,hardness_adaptive,22846.0,18452.0
698,,1,660,50,,,,0.679,1.335,,500,hardness_adaptive,24083.0,19674.5
699,,0,660,50,,,,0.64,1.319,,500,hardness_adaptive,22691.0,20183.0
700,,1,661,50,,,,0.875,1.416,,500,hardness_adaptive,8925.0,8924.25
701,,1,662,50,,,,0.926,0.336,,500,hardness_adaptive,8565.0,8404.25
702,,2,664,50,,,,0.663,1.313,,500,hardness_adaptive,8851.0,8417.25
703,,2,666,50,,,,0.835,1.416,,500,hardness_adaptive,8527.0,8398.75
704,,1,667,50,,,,0.682,1.342,,500,hardness_adaptive,8383.0,8376.25
705,,1,668,50,,,,0.68,1.333,,500,hardness_adaptive,25103.0,8424.25
706,,1,669,50,,,,0.854,1.401,,500,hardness_adaptive,20449.0,8534.25
707,,2,671,50,,,,0.775,1.277,,500,hardness_adaptive,18340.0,8648.75
708,,2,673,50,,,,0.855,0.332,,500,hardness_adaptive,21366.0,8840.5
709,,0,673,50,,,,0.856,1.362,,500,hardness_adaptive,20024.0,9205.5
710,,1,674,50,,,,0.65,1.379,,500,hardness_adaptive,23698.0,13826.5
711,,1,675,50,,,,0.783,1.372,,500,hardness_adaptive,20609.0,17312.5
712,,1,676,50,,,,0.576,1.28,,500,hardness_adaptive,19021.0,18565.75
713,,1,677,50,,,,0.666,1.337,,500,hardness_adaptive,23483.0,19383.5
714,,0,677,50,,,,0.622,1.28,,500,hardness_adaptive,20725.0,20207.5
715,,1,678,50,,,,0.935,1.379,,500,hardness_adaptive,24712.0,20638.0
716,,0,678,50,,,,0.872,1.387,,500,hardness_adaptive,23074.0,21127.75
717,,1,679,50,,,,0.645,1.394,,500,hardness_adaptive,9849.0,9162.0
718,,2,681,50,,,,0.695,0.98,,500,hardness_adaptive,8628.0,8543.25
719,,2,683,50,,,,0.98,1.574,,500,hardness_adaptive,15241.0,8574.5
720,,0,683,50,,,,0.876,0.353,,500,hardness_adaptive,22881.0,8670.75
721,,0,683,50,,,,0.689,1.357,,500,hardness_adaptive,24358.0,8847.25
722,,1,684,50,,,,0.804,1.33,,500,hardness_adaptive,22053.0,9016.25
723,,0,684,50,,,,0.7,1.216,,500,hardness_adaptive,20896.0,9511.5
724,,2,686,50,,,,0.695,1.266,,500,hardness_adaptive,12846.0,12555.0
725,,2,688,50,,,,0.614,1.292,,500,hardness_adaptive,20810.0,16759.0
726,,1,689,50,,,,0.867,0.358,,500,hardness_adaptive,21426.0,18694.75
727,,0,689,50,,,,0.677,1.324,,500,hardness_adaptive,21158.0,19394.5
728,,1,690,50,,,,0.632,1.274,,500,hardness_adaptive,20818.0,20105.5
729,,1,691,50,,,,0.759,1.433,,500,hardness_adaptive,8669.0,8469.5
730,,2,693,50,,,,0.725,1.324,,500,hardness_adaptive,8517.0,8502.75
731,,1,694,50,,,,0.868,0.341,,500,hardness_adaptive,20822.0,8551.75
732,,1,695,50,,,,0.449,1.123,,500,hardness_adaptive,14204.0,8675.75
733,,1,696,50,,,,0.73,1.375,,500,hardness_adaptive,13970.0,8767.0
734,,2,698,50,,,,0.805,0.335,,500,hardness_adaptive,17322.0,8919.5
735,,0,698,50,,,,0.53,0.813,,500,hardness_adaptive,13302.0,9218.5
736,,0,698,50,,,,0.606,1.3,,500,hardness_adaptive,19465.0,13749.5
737,,0,698,50,,,,0.823,1.141,,500,hardness_adaptive,20281.0,17358.0
738,,2,700,50,,,,0.621,1.3,,500,hardness_adaptive,21220.0,19473.5
739,,1,701,50,,,,0.87,1.415,,500,hardness_adaptive,25060.0,20149.0
740,,1,702,50,,,,0.891,1.289,,500,hardness_adaptive,22034.0,20809.25
741,,0,702,50,,,,0.618,1.363,,500,hardness_adaptive,8505.0,8503.25
742,,0,702,50,,,,0.712,1.377,,500,hardness_adaptive,9238.0,8481.25
743,,2,704,50,,,,0.691,1.394,,500,hardness_adaptive,9033.0,8503.25
744,,2,706,50,,,,0.924,0.343,,500,hardness_adaptive,8792.0,8501.5
745,,1,707,50,,,,0.693,1.257,,500,hardness_adaptive,16639.0,8551.75
746,,3,710,50,,,,0.514,0.838,,500,hardness_adaptive,16123.0,8608.25
747,,2,712,50,,,,0.536,1.249,,500,hardness_adaptive,18043.0,8767.25
748,,1,713,50,,,,0.743,1.485,,500,hardness_adaptive,16184.0,8902.0
749,,1,714,50,,,,0.546,1.21,,500,hardness_adaptive,18517.0,9034.25
750,,2,716,50,,,,0.524,1.213,,500,hardness_adaptive,17254.0,16138.25
751,,0,716,50,,,,0.85,1.372,,500,hardness_adaptive,23166.0,17413.0
752,,0,716,50,,,,0.715,1.275,,500,hardness_adaptive,20990.0,18366.25
753,,2,718,50,,,,0.71,1.398,,500,hardness_adaptive,21945.0,19264.0
754,,2,720,50,,,,0.632,1.268,,500,hardness_adaptive,22533.0,20019.5
755,,0,720,50,,,,0.91,0.354,,500,hardness_adaptive,26103.0,20688.25
756,,0,720,50,,,,0.634,1.355,,500,hardness_adaptive,23211.0,21324.5
757,,0,720,50,,,,0.702,1.32,,500,hardness_adaptive,9438.0,8671.75
758,,0,720,50,,,,0.885,1.376,,500,hardness_adaptive,9655.0,8356.5
759,,0,720,50,,,,0.628,1.358,,500,hardness_adaptive,8468.0,8346.0
760,,2,722,50,,,,0.603,1.221,,500,hardness_adaptive,17748.0,8346.0
761,,3,725,50,,,,0.645,1.284,,500,hardness_adaptive,20853.0,8467.25
762,,0,725,50,,,,0.59,1.29,,500,hardness_adaptive,20918.0,8626.75
763,,1,726,50,,,,0.747,1.247,,500,hardness_adaptive,19015.0,8899.25
764,,2,728,50,,,,0.815,1.298,,500,hardness_adaptive,21395.0,9270.25
765,,1,729,50,,,,0.546,1.303,,500,hardness_adaptive,19124.0,16350.75
766,,1,730,50,,,,0.613,1.321,,500,hardness_adaptive,19302.0,17926.0
767,,1,731,50,,,,0.668,1.361,,500,hardness_adaptive,25977.0,19028.25
768,,0,731,50,,,,0.911,0.341,,500,hardness_adaptive,23474.0,19588.0
769,,0,731,50,,,,0.603,1.336,,500,hardness_adaptive,20693.0,20310.75
770,,1,732,50,,,,0.83,1.518,,500,hardness_adaptive,22854.0,20782.25
771,,1,733,50,,,,0.896,1.308,,500,hardness_adaptive,23441.0,21201.0
772,,0,733,50,,,,0.766,1.337,,500,hardness_adaptive,23943.0,21489.25
773,,0,733,50,,,,0.734,1.462,,500,hardness_adaptive,8810.0,8400.25
774,,0,733,50,,,,0.71,1.311,,500,hardness_adaptive,8538.0,8408.25
775,,1,734,50,,,,0.633,1.291,,500,hardness_adaptive,9262.0,8386.0
776,,0,734,50,,,,0.867,1.338,,500,hardness_adaptive,8628.0,8357.5
777,,0,734,50,,,,0.56,1.292,,500,hardness_adaptive,18339.0,8491.5
778,,0,734,50,,,,0.897,0.351,,500,hardness_adaptive,25012.0,8537.25
779,,0,734,50,,,,0.576,1.214,,500,hardness_adaptive,21153.0,8806.25
780,,1,735,50,,,,0.611,1.22,,500,hardness_adaptive,21019.0,8966.0
781,,0,735,50,,,,0.518,1.192,,500,hardness_adaptive,17798.0,9724.75
782,,1,736,50,,,,0.501,1.185,,500,hardness_adaptive,18549.0,16316.0
783,,0,736,50,,,,0.594,1.262,,500,hardness_adaptive,21485.0,18246.0
784,,0,736,50,,,,0.615,1.303,,500,hardness_adaptive,20508.0,19467.5
785,,1,737,50,,,,0.831,1.373,,500,hardness_adaptive,20553.0,20090.25
786,,0,737,50,,,,0.655,1.329,,500,hardness_adaptive,22735.0,20572.25
787,,1,738,50,,,,0.658,1.276,,500,hardness_adaptive,23733.0,21050.0
788,,1,739,50,,,,0.839,1.003,,500,hardness_adaptive,22353.0,21515.0
789,,1,740,50,,,,0.941,0.349,,500,hardness_adaptive,23247.0,21945.0
790,,1,741,50,,,,0.714,1.316,,500,hardness_adaptive,8938.0,8581.0
791,,1,742,50,,,,0.95,0.336,,500,hardness_adaptive,9061.0,8483.25
792,,0,742,50,,,,0.601,1.251,,500,hardness_adaptive,8880.0,8569.0
793,,0,742,50,,,,0.796,1.369,,500,hardness_adaptive,16876.0,8483.25
794,,0,742,50,,,,0.52,1.184,,500,hardness_adaptive,17285.0,8625.5
795,,1,743,50,,,,0.844,1.356,,500,hardness_adaptive,20875.0,8761.0
796,,0,743,50,,,,0.584,1.231,,500,hardness_adaptive,21787.0,8912.5
797,,3,746,50,,,,0.596,1.319,,500,hardness_adaptive,18317.0,9112.0
798,,0,746,50,,,,0.631,1.314,,500,hardness_adaptive,21279.0,12350.25
799,,1,747,50,,,,0.865,0.337,,500,hardness_adaptive,22558.0,16525.5
800,,0,747,50,,,,0.655,0.981,,500,hardness_adaptive,20566.0,18106.75
801,,0,747,50,,,,0.597,1.318,,500,hardness_adaptive,21656.0,19554.25
802,,0,747,50,,,,0.665,1.414,,500,hardness_adaptive,22743.0,20077.25
803,,0,747,50,,,,0.861,1.415,,500,hardness_adaptive,22983.0,20628.0
804,,0,747,50,,,,1.002,1.509,,500,hardness_adaptive,10158.0,9142.25
805,,1,748,50,,,,0.673,1.318,,500,hardness_adaptive,8640.0,8508.5
806,,0,748,50,,,,0.685,1.345,,500,hardness_adaptive,9341.0,8439.75
807,,1,749,50,,,,0.63,1.25,,500,hardness_adaptive,20145.0,8447.75
808,,3,752,50,,,,0.504,1.201,,500,hardness_adaptive,18098.0,8497.25
809,,1,753,50,,,,0.808,1.199,,500,hardness_adaptive,19974.0,8666.0
810,,2,755,50,,,,0.851,1.316,,500,hardness_adaptive,22418.0,8817.25
811,,1,756,50,,,,0.506,1.237,,500,hardness_adaptive,16068.0,9338.0
812,,0,756,50,,,,0.508,1.17,,500,hardness_adaptive,16762.0,15561.0
813,,1,757,50,,,,0.911,0.346,,500,hardness_adaptive,25914.0,17649.0
814,,1,758,50,,,,0.627,1.286,,500,hardness_adaptive,21378.0,18653.25
815,,3,761,50,,,,0.656,1.329,,500,hardness_adaptive,21425.0,19400.5
816,,1,762,50,,,,0.69,0.992,,500,hardness_adaptive,22030.0,19990.25
817,,2,764,50,,,,0.816,1.31,,500,hardness_adaptive,21121.0,20588.25
818,,1,765,50,,,,0.634,1.262,,500,hardness_adaptive,23799.0,21179.25
819,,2,767,50,,,,0.912,0.34,,500,hardness_adaptive,8302.0,8296.0
820,,1,768,50,,,,0.648,1.335,,500,hardness_adaptive,23808.0,8390.5
821,,1,769,50,,,,0.502,1.153,,500,hardness_adaptive,16105.0,8482.5
822,,0,769,50,,,,0.695,1.351,,500,hardness_adaptive,25080.0,8580.0
823,,1,770,50,,,,0.497,1.195,,500,hardness_adaptive,14921.0,8754.25
824,,1,771,50,,,,0.65,1.26,,500,hardness_adaptive,22247.0,9011.5
825,,0,771,50,,,,0.622,1.315,,500,hardness_adaptive,22651.0,14698.25
826,,1,772,50,,,,0.834,1.286,,500,hardness_adaptive,22954.0,17023.75
827,,2,774,50,,,,0.611,1.282,,500,hardness_adaptive,20429.0,18189.75
828,,1,775,50,,,,0.852,1.409,,500,hardness_adaptive,22450.0,19665.75
829,,0,775,50,,,,0.837,1.47,,500,hardness_adaptive,21449.0,20356.25
830,,0,775,50,,,,0.791,1.344,,500,hardness_adaptive,8856.0,8516.25
831,,1,776,50,,,,0.816,1.226,,500,hardness_adaptive,8622.0,8570.0
832,,0,776,50,,,,0.832,0.345,,500,hardness_adaptive,22717.0,8632.75
833,,1,777,50,,,,0.83,0.344,,500,hardness_adaptive,19170.0,8737.75
834,,1,778,50,,,,0.615,0.928,,500,hardness_adaptive,19306.0,8892.0
835,,0,778,50,,,,0.602,1.27,,500,hardness_adaptive,18782.0,9232.0
836,,1,779,50,,,,0.635,1.159,,500,hardness_adaptive,20857.0,9544.75
837,,1,780,50,,,,0.479,1.215,,500,hardness_adaptive,16421.0,16117.25
838,,1,781,50,,,,0.769,1.341,,500,hardness_adaptive,22863.0,17688.25
839,,1,782,50,,,,0.828,1.351,,500,hardness_adaptive,19642.0,18785.75
840,,0,782,50,,,,0.806,1.247,,500,hardness_adaptive,20918.0,19455.5
841,,1,783,50,,,,0.625,1.34,,500,hardness_adaptive,22221.0,20299.25
842,,1,784,50,,,,0.829,1.355,,500,hardness_adaptive,21536.0,21172.0
843,,1,785,50,,,,0.624,1.342,,500,hardness_adaptive,8595.0,8413.5
844,,0,785,50,,,,0.81,0.611,,500,hardness_adaptive,9240.0,8256.0
845,,2,787,50,,,,0.89,0.342,,500,hardness_adaptive,22385.0,8406.25
846,,2,789,50,,,,0.722,1.357,,500,hardness_adaptive,24187.0,8567.75
847,,1,790,50,,,,0.556,1.216,,500,hardness_adaptive,16925.0,8774.25
848,,2,792,50,,,,0.675,1.442,,500,hardness_adaptive,19053.0,8909.25
849,,1,793,50,,,,0.606,1.245,,500,hardness_adaptive,20685.0,9680.0
850,,0,793,50,,,,0.624,0.951,,500,hardness_adaptive,19251.0,15939.25
851,,1,794,50,,,,0.624,1.325,,500,hardness_adaptive,20244.0,18529.5
852,,0,794,50,,,,0.856,0.345,,500,hardness_adaptive,24016.0,19595.0
853,,0,794,50,,,,0.938,0.353,,500,hardness_adaptive,22873.0,20360.0
854,,0,794,50,,,,0.875,1.353,,500,hardness_adaptive,26036.0,21075.25
855,,1,795,50,,,,0.913,0.35,,500,hardness_adaptive,22824.0,21685.5
856,,1,796,50,,,,0.772,1.371,,500,hardness_adaptive,9999.0,9927.25
857,,1,797,50,,,,0.854,1.27,,500,hardness_adaptive,10306.0,9873.5
858,,0,797,50,,,,0.586,1.487,,500,hardness_adaptive,17975.0,9941.75
859,,0,797,50,,,,0.596,1.316,,500,hardness_adaptive,25035.0,10093.5
860,,3,800,50,,,,0.897,1.302,,500,hardness_adaptive,26473.0,10217.0
861,,0,800,50,,,,0.568,1.349,,500,hardness_adaptive,24498.0,10368.0
862,,2,802,50,,,,0.823,1.446,,500,hardness_adaptive,21527.0,12848.75
863,,0,802,50,,,,0.862,1.331,,500,hardness_adaptive,26242.0,22598.25
864,,0,802,50,,,,0.634,1.317,,500,hardness_adaptive,25247.0,24092.25
865,,1,803,50,,,,0.761,1.007,,500,hardness_adaptive,26350.0,24610.0
866,,1,804,50,,,,0.639,1.338,,500,hardness_adaptive,26365.0,25143.0
867,,0,804,50,,,,0.692,1.349,,500,hardness_adaptive,25581.0,25513.75
868,,0,804,50,,,,0.762,1.352,,500,hardness_adaptive,27452.0,25839.5
869,,2,806,50,,,,0.738,1.389,,500,hardness_adaptive,10119.0,10074.75
870,,1,807,50,,,,0.852,1.348,,500,hardness_adaptive,9886.0,9878.0
871,,1,808,50,,,,0.627,1.329,,500,hardness_adaptive,10159.0,9847.0
872,,2,810,50,,,,0.67,1.255,,500,hardness_adaptive,10280.0,9807.5
873,,0,810,50,,,,0.663,1.362,,500,hardness_adaptive,9846.0,9797.75
874,,0,810,50,,,,0.749,1.347,,500,hardness_adaptive,23962.0,9852.25
875,,1,811,50,,,,0.69,1.347,,500,hardness_adaptive,27009.0,9910.25
876,,2,813,50,,,,0.706,1.365,,500,hardness_adaptive,23571.0,10015.0
877,,2,815,50,,,,0.612,1.299,,500,hardness_adaptive,20055.0,10201.75
878,,0,815,50,,,,0.743,1.322,,500,hardness_adaptive,25905.0,10472.25
879,,0,815,50,,,,0.678,1.322,,500,hardness_adaptive,24716.0,21753.0
880,,0,815,50,,,,0.915,1.367,,500,hardness_adaptive,27278.0,23572.75
881,,1,816,50,,,,0.913,1.605,,500,hardness_adaptive,25357.0,24400.25
882,,0,816,50,,,,0.737,1.402,,500,hardness_adaptive,28145.0,24736.5
883,,0,816,50,,,,0.679,1.334,,500,hardness_adaptive,26822.0,25177.25
884,,0,816,50,,,,0.88,1.155,,500,hardness_adaptive,26541.0,25383.25
885,,1,817,50,,,,0.807,1.301,,500,hardness_adaptive,10295.0,9886.25
886,,1,818,50,,,,0.898,1.229,,500,hardness_adaptive,10203.0,9964.5
887,,2,820,50,,,,0.635,1.245,,500,hardness_adaptive,21060.0,10039.25
888,,0,820,50,,,,0.813,1.3,,500,hardness_adaptive,23015.0,10097.75
889,,0,820,50,,,,0.647,1.343,,500,hardness_adaptive,22408.0,10223.0
890,,1,821,50,,,,0.662,1.342,,500,hardness_adaptive,24248.0,10372.75
891,,2,823,50,,,,0.637,1.327,,500,hardness_adaptive,22869.0,12540.5
892,,1,824,50,,,,0.665,1.322,,500,hardness_adaptive,23781.0,22432.5
893,,0,824,50,,,,0.675,1.416,,500,hardness_adaptive,24983.0,23661.5
894,,1,825,50,,,,0.711,1.399,,500,hardness_adaptive,24883.0,24272.75
895,,1,826,50,,,,0.712,1.319,,500,hardness_adaptive,26102.0,24911.0
896,,1,827,50,,,,0.915,1.441,,500,hardness_adaptive,25836.0,25361.5
897,,0,827,50,,,,0.871,1.411,,500,hardness_adaptive,25984.0,25779.5
898,,0,827,50,,,,0.755,1.346,,500,hardness_adaptive,27702.0,26016.25
899,,0,827,50,,,,0.901,1.432,,500,hardness_adaptive,10026.0,9851.25
900,,1,828,50,,,,0.751,1.342,,500,hardness_adaptive,10044.0,9819.5
901,,1,829,50,,,,0.852,1.571,,500,hardness_adaptive,21541.0,9825.0
902,,0,829,50,,,,0.645,1.285,,500,hardness_adaptive,23086.0,9932.5
903,,0,829,50,,,,0.657,1.291,,500,hardness_adaptive,21514.0,10021.5
904,,1,830,50,,,,0.588,1.286,,500,hardness_adaptive,23687.0,10150.5
905,,0,830,50,,,,0.839,1.378,,500,hardness_adaptive,28024.0,10290.0
906,,1,831,50,,,,0.703,1.386,,500,hardness_adaptive,26836.0,21342.25
907,,0,831,50,,,,0.82,1.585,,500,hardness_adaptive,24962.0,23086.5
908,,1,832,50,,,,0.854,1.573,,500,hardness_adaptive,23703.0,23691.0
909,,1,833,50,,,,0.981,1.524,,500,hardness_adaptive,24949.0,24426.25
910,,1,834,50,,,,0.947,1.51,,500,hardness_adaptive,26326.0,24952.25
911,,0,834,50,,,,1.031,1.337,,500,hardness_adaptive,27210.0,25524.75
912,,0,834,50,,,,0.705,1.369,,500,hardness_adaptive,10025.0,9965.75
913,,1,835,50,,,,0.909,1.423,,500,hardness_adaptive,27328.0,10027.5
914,,0,835,50,,,,0.694,1.351,,500,hardness_adaptive,22590.0,10095.75
915,,1,836,50,,,,0.859,1.349,,500,hardness_adaptive,23757.0,10172.0
916,,1,837,50,,,,0.608,1.596,,500,hardness_adaptive,22129.0,10282.25
917,,1,838,50,,,,0.659,1.347,,500,hardness_adaptive,24052.0,10462.75
918,,0,838,50,,,,0.687,1.308,,500,hardness_adaptive,26541.0,18266.0
919,,0,838,50,,,,0.676,1.361,,500,hardness_adaptive,24728.0,22647.25
920,,1,839,50,,,,0.736,1.423,,500,hardness_adaptive,27311.0,23725.75
921,,1,840,50,,,,0.695,1.35,,500,hardness_adaptive,25685.0,24161.75
922,,0,840,50,,,,0.88,1.404,,500,hardness_adaptive,25250.0,24725.75
923,,1,841,50,,,,0.879,1.502,,500,hardness_adaptive,25539.0,25133.25
924,,1,842,50,,,,0.839,1.427,,500,hardness_adaptive,27599.0,25503.0
925,,0,842,50,,,,0.793,1.488,,500,hardness_adaptive,27637.0,25843.0
926,,0,842,50,,,,0.779,1.423,,500,hardness_adaptive,10505.0,10025.25
927,,1,843,50,,,,0.708,0.95,,500,hardness_adaptive,23674.0,9988.25
928,,0,843,50,,,,0.697,1.325,,500,hardness_adaptive,26516.0,10025.25
929,,0,843,50,,,,0.621,1.322,,500,hardness_adaptive,24832.0,10089.0
930,,2,845,50,,,,0.689,1.295,,500,hardness_adaptive,21120.0,10241.25
931,,1,846,50,,,,0.759,1.312,,500,hardness_adaptive,21084.0,10336.0
932,,2,848,50,,,,0.722,1.375,,500,hardness_adaptive,27883.0,20085.75
933,,0,848,50,,,,0.713,0.938,,500,hardness_adaptive,24752.0,22280.25
934,,0,848,50,,,,0.648,1.339,,500,hardness_adaptive,24429.0,23431.75
935,,1,849,50,,,,0.691,1.391,,500,hardness_adaptive,26046.0,24086.25
936,,1,850,50,,,,0.864,1.394,,500,hardness_adaptive,24980.0,24740.0
937,,1,851,50,,,,0.9,2.146,,500,hardness_adaptive,26226.0,24980.0
938,,1,852,50,,,,1.116,1.662,,500,hardness_adaptive,26270.0,25440.0
939,,2,854,50,,,,1.059,1.588,,500,hardness_adaptive,27064.0,25615.5
940,,1,855,50,,,,0.784,1.473,,500,hardness_adaptive,10090.0,9823.5
941,,1,856,50,,,,0.897,1.432,,500,hardness_adaptive,23007.0,9897.5
942,,0,856,50,,,,0.686,1.363,,500,hardness_adaptive,26457.0,9973.0
943,,1,857,50,,,,0.892,1.431,,500,hardness_adaptive,21473.0,10092.5
944,,2,859,50,,,,0.626,1.372,,500,hardness_adaptive,20019.0,10252.25
945,,2,861,50,,,,0.784,1.374,,500,hardness_adaptive,23122.0,10363.25
946,,2,863,50,,,,0.906,1.439,,500,hardness_adaptive,23418.0,22747.25
947,,1,864,50,,,,0.926,1.406,,500,hardness_adaptive,25697.0,23831.0
948,,0,864,50,,,,0.917,1.36,,500,hardness_adaptive,24562.0,24521.5
949,,0,864,50,,,,0.744,1.463,,500,hardness_adaptive,28519.0,25130.5
950,,1,865,50,,,,1.033,1.684,,500,hardness_adaptive,25726.0,25334.5
951,,2,867,50,,,,1.075,1.53,,500,hardness_adaptive,10259.0,10077.5
952,,0,867,50,,,,0.711,1.397,,500,hardness_adaptive,9937.0,9906.25
953,,1,868,50,,,,0.818,1.457,,500,hardness_adaptive,10169.0,9923.5
954,,0,868,50,,,,0.726,1.378,,500,hardness_adaptive,24263.0,10011.25
955,,0,868,50,,,,0.629,1.39,,500,hardness_adaptive,20782.0,10089.0
956,,0,868,50,,,,0.739,1.017,,500,hardness_adaptive,24448.0,10169.25
957,,1,869,50,,,,0.707,0.968,,500,hardness_adaptive,23689.0,10250.0
958,,0,869,50,,,,0.855,1.497,,500,hardness_adaptive,28261.0,13172.25
959,,1,870,50,,,,0.976,1.537,,500,hardness_adaptive,23508.0,22537.5
960,,0,870,50,,,,1.02,1.475,,500,hardness_adaptive,23733.0,23553.25
961,,1,871,50,,,,0.801,1.51,,500,hardness_adaptive,24485.0,24264.75
962,,1,872,50,,,,0.83,1.487,,500,hardness_adaptive,26417.0,24528.75
963,,1,873,50,,,,0.747,1.415,,500,hardness_adaptive,27590.0,25110.75
964,,0,873,50,,,,1.009,1.407,,500,hardness_adaptive,28387.0,25596.5
965,,1,874,50,,,,0.921,1.615,,500,hardness_adaptive,26796.0,25929.25
966,,0,874,50,,,,0.841,1.056,,500,hardness_adaptive,10393.0,10180.25
967,,0,874,50,,,,0.992,1.184,,500,hardness_adaptive,10614.0,9914.25
968,,0,874,50,,,,0.816,1.545,,500,hardness_adaptive,10068.0,9916.0
969,,1,875,50,,,,0.727,1.408,,500,hardness_adaptive,23326.0,9964.0
970,,0,875,50,,,,0.789,1.429,,500,hardness_adaptive,26504.0,9989.75
971,,0,875,50,,,,0.754,1.459,,500,hardness_adaptive,29251.0,10103.5
972,,0,875,50,,,,0.818,1.45,,500,hardness_adaptive,24722.0,10197.0
973,,2,877,50,,,,0.728,1.494,,500,hardness_adaptive,26579.0,10290.5
974,,1,878,50,,,,0.702,1.39,,500,hardness_adaptive,23828.0,19612.25
975,,1,879,50,,,,0.918,1.468,,500,hardness_adaptive,25347.0,22587.5
976,,1,880,50,,,,0.922,1.017,,500,hardness_adaptive,27714.0,23790.25
977,,3,883,50,,,,0.896,1.684,,500,hardness_adaptive,27383.0,24510.75
978,,2,885,50,,,,0.871,1.513,,500,hardness_adaptive,26118.0,25200.75
979,,0,885,50,,,,0.801,1.545,,500,hardness_adaptive,26579.0,25694.5
980,,1,886,50,,,,0.748,1.389,,500,hardness_adaptive,10153.0,9898.75
981,,1,887,50,,,,0.73,1.406,,500,hardness_adaptive,9957.0,9891.25
982,,0,887,50,,,,0.973,1.401,,500,hardness_adaptive,24366.0,9988.25
983,,1,888,50,,,,0.632,1.326,,500,hardness_adaptive,21365.0,10077.0
984,,0,888,50,,,,0.784,1.349,,500,hardness_adaptive,29142.0,10129.0
985,,1,889,50,,,,0.675,1.364,,500,hardness_adaptive,27605.0,10319.75
986,,0,889,50,,,,0.792,1.436,,500,hardness_adaptive,28230.0,12682.5
987,,1,890,50,,,,0.77,1.393,,500,hardness_adaptive,26548.0,21838.5
988,,2,892,50,,,,0.857,1.479,,500,hardness_adaptive,23980.0,23532.5
989,,1,893,50,,,,0.879,1.454,,500,hardness_adaptive,28002.0,24367.0
990,,0,893,50,,,,0.822,1.429,,500,hardness_adaptive,26713.0,24874.5
991,,0,893,50,,,,0.917,0.97,,500,hardness_adaptive,25518.0,25407.25
992,,0,893,50,,,,0.964,1.455,,500,hardness_adaptive,26353.0,25660.25
993,,1,894,50,,,,0.736,1.385,,500,hardness_adaptive,11079.0,9997.25
994,,0,894,50,,,,0.713,1.408,,500,hardness_adaptive,10215.0,9948.75
995,,0,894,50,,,,0.965,1.41,,500,hardness_adaptive,9962.0,9948.75
996,,2,896,50,,,,0.76,1.377,,500,hardness_adaptive,10103.0,9879.75
997,,1,897,50,,,,0.918,1.385,,500,hardness_adaptive,10089.0,9875.75
998,,0,897,50,,,,0.689,1.361,,500,hardness_adaptive,25389.0,9904.0
999,,0,897,50,,,,0.675,1.353,,500,hardness_adaptive,25738.0,9965.5
1000,,0,897,50,,,,0.638,1.235,,500,hardness_adaptive,23898.0,10095.0
1001,,0,897,50,,,,0.666,1.331,,500,hardness_adaptive,26317.0,10193.0
1002,,0,897,50,,,,0.876,1.583,,500,hardness_adaptive,26450.0,10440.0
1003,,2,899,50,,,,0.67,1.386,,500,hardness_adaptive,21793.0,21330.25
1004,,0,899,50,,,,0.675,1.369,,500,hardness_adaptive,23758.0,23226.25
1005,,0,899,50,,,,0.917,1.291,,500,hardness_adaptive,25426.0,24064.5
1006,,0,899,50,,,,0.884,1.407,,500,hardness_adaptive,24738.0,24717.0
1007,,1,900,50,,,,0.719,1.397,,500,hardness_adaptive,28164.0,25288.0
1008,,1,901,50,,,,0.888,1.435,,500,hardness_adaptive,26408.0,25539.5
1009,,1,902,50,,,,0.799,1.49,,500,hardness_adaptive,10097.0,9958.75
1010,,2,904,50,,,,0.727,1.363,,500,hardness_adaptive,10054.0,9789.5
1011,,2,906,50,,,,0.97,1.272,,500,hardness_adaptive,10312.0,9793.75
1012,,0,906,50,,,,0.712,1.401,,500,hardness_adaptive,26368.0,9819.75
1013,,1,907,50,,,,0.861,1.643,,500,hardness_adaptive,23111.0,9881.25
1014,,0,907,50,,,,0.84,1.194,,500,hardness_adaptive,20122.0,10012.0
1015,,1,908,50,,,,0.634,1.28,,500,hardness_adaptive,24548.0,10245.75
1016,,2,910,50,,,,0.69,1.371,,500,hardness_adaptive,24435.0,10625.25
1017,,1,911,50,,,,0.648,1.26,,500,hardness_adaptive,24314.0,22655.5
1018,,1,912,50,,,,0.988,1.264,,500,hardness_adaptive,26175.0,23882.25
1019,,0,912,50,,,,0.617,1.309,,500,hardness_adaptive,25299.0,24473.5
1020,,1,913,50,,,,1.088,2.433,,500,hardness_adaptive,28606.0,25115.0
1021,,1,914,50,,,,0.916,1.248,,500,hardness_adaptive,26850.0,25457.5
1022,,1,915,50,,,,0.689,1.419,,500,hardness_adaptive,25986.0,25779.5
1023,,0,915,50,,,,0.684,1.399,,500,hardness_adaptive,10367.0,10147.25
1024,,0,915,50,,,,0.72,1.397,,500,hardness_adaptive,10161.0,9949.0
1025,,2,917,50,,,,0.728,1.333,,500,hardness_adaptive,10033.0,9929.5
1026,,1,918,50,,,,0.889,1.377,,500,hardness_adaptive,10168.0,9902.25
1027,,0,918,50,,,,0.663,1.336,,500,hardness_adaptive,10281.0,9904.5
1028,,1,919,50,,,,0.714,0.999,,500,hardness_adaptive,25966.0,10024.25
1029,,1,920,50,,,,0.802,1.44,,500,hardness_adaptive,23921.0,10146.75
1030,,1,921,50,,,,0.908,1.36,,500,hardness_adaptive,26700.0,10329.0
1031,,1,922,50,,,,0.668,1.265,,500,hardness_adaptive,23923.0,10513.75
1032,,0,922,50,,,,0.805,1.389,,500,hardness_adaptive,25181.0,13660.75
1033,,0,922,50,,,,0.905,1.364,,500,hardness_adaptive,25485.0,22771.0
1034,,1,923,50,,,,0.931,1.296,,500,hardness_adaptive,27701.0,23921.5
1035,,1,924,50,,,,0.764,1.397,,500,hardness_adaptive,29281.0,24496.75
1036,,1,925,50,,,,0.747,1.459,,500,hardness_adaptive,25278.0,24796.0
1037,,1,926,50,,,,0.604,1.293,,500,hardness_adaptive,25038.0,25037.25
1038,,1,927,50,,,,0.818,1.451,,500,hardness_adaptive,27247.0,25290.75
1039,,0,927,50,,,,0.658,1.303,,500,hardness_adaptive,9982.0,9755.0
1040,,0,927,50,,,,0.752,1.477,,500,hardness_adaptive,10141.0,9746.75
1041,,1,928,50,,,,0.708,1.298,,500,hardness_adaptive,10051.0,9755.0
1042,,1,929,50,,,,0.72,1.39,,500,hardness_adaptive,9980.0,9765.5
1043,,1,930,50,,,,0.781,1.013,,500,hardness_adaptive,10184.0,9651.0
1044,,1,931,50,,,,0.665,1.326,,500,hardness_adaptive,10881.0,9658.75
1045,,0,931,50,,,,0.702,1.325,,500,hardness_adaptive,10296.0,9662.75
1046,,0,931,50,,,,0.701,1.385,,500,hardness_adaptive,23830.0,9735.5
1047,,0,931,50,,,,0.835,1.376,,500,hardness_adaptive,23906.0,9843.0
1048,,1,932,50,,,,0.722,1.3,,500,hardness_adaptive,25864.0,9952.25
1049,,1,933,50,,,,0.743,1.322,,500,hardness_adaptive,23898.0,10148.25
1050,,2,935,50,,,,0.7,1.239,,500,hardness_adaptive,15151.0,10417.0
1051,,0,935,50,,,,0.705,1.409,,500,hardness_adaptive,22403.0,20043.75
1052,,0,935,50,,,,0.652,1.318,,500,hardness_adaptive,23365.0,22209.75
1053,,2,937,50,,,,0.855,1.346,,500,hardness_adaptive,26403.0,22698.75
1054,,2,939,50,,,,0.934,1.42,,500,hardness_adaptive,28554.0,23381.75
1055,,0,939,50,,,,0.671,1.35,,500,hardness_adaptive,24297.0,23843.0
1056,,0,939,50,,,,0.727,1.378,,500,hardness_adaptive,25683.0,24122.25
1057,,2,941,50,,,,0.676,1.401,,500,hardness_adaptive,24807.0,24513.0
1058,,1,942,50,,,,0.835,1.4,,500,hardness_adaptive,26108.0,24833.0
1059,,1,943,50,,,,0.734,1.396,,500,hardness_adaptive,10573.0,10080.0
1060,,2,945,50,,,,0.662,1.279,,500,hardness_adaptive,10226.0,9772.25
1061,,0,945,50,,,,0.436,1.084,,500,hardness_adaptive,12106.0,9872.5
1062,,0,945,50,,,,0.693,1.271,,500,hardness_adaptive,16893.0,10006.0
1063,,0,945,50,,,,0.996,1.531,,500,hardness_adaptive,20638.0,10118.5
1064,,1,946,50,,,,0.874,1.193,,500,hardness_adaptive,23279.0,10338.75
1065,,0,946,50,,,,0.617,1.199,,500,hardness_adaptive,23167.0,10579.0
1066,,0,946,50,,,,0.576,1.225,,500,hardness_adaptive,19486.0,18583.75
1067,,1,947,50,,,,0.701,1.319,,500,hardness_adaptive,25412.0,21622.75
1068,,0,947,50,,,,0.86,1.29,,500,hardness_adaptive,23516.0,22838.75
1069,,1,948,50,,,,0.869,1.394,,500,hardness_adaptive,23966.0,23540.5
1070,,0,948,50,,,,0.733,1.336,,500,hardness_adaptive,26029.0,23973.25
1071,,1,949,50,,,,0.886,1.035,,500,hardness_adaptive,26850.0,24421.0
1072,,1,950,50,,,,0.738,1.569,,500,hardness_adaptive,26099.0,24948.5
1073,,1,951,50,,,,0.706,1.327,,500,hardness_adaptive,9778.0,9617.5
1074,,0,951,50,,,,0.881,1.326,,500,hardness_adaptive,9969.0,9617.5
1075,,1,952,50,,,,0.904,1.392,,500,hardness_adaptive,26338.0,9683.75
1076,,0,952,50,,,,0.822,1.324,,500,hardness_adaptive,27677.0,9739.25
1077,,2,954,50,,,,0.616,1.219,,500,hardness_adaptive,21815.0,9906.25
1078,,2,956,50,,,,0.596,1.268,,500,hardness_adaptive,18846.0,10226.25
1079,,3,959,50,,,,0.684,1.254,,500,hardness_adaptive,22325.0,12576.25
1080,,1,960,50,,,,0.788,1.278,,500,hardness_adaptive,24862.0,20015.75
1081,,0,960,50,,,,0.675,1.332,,500,hardness_adaptive,23011.0,21890.5
1082,,1,961,50,,,,0.672,1.351,,500,hardness_adaptive,23638.0,23060.5
1083,,0,961,50,,,,0.851,1.408,,500,hardness_adaptive,25870.0,23731.75
1084,,0,961,50,,,,0.655,1.36,,500,hardness_adaptive,25827.0,24238.75
1085,,0,961,50,,,,0.71,1.289,,500,hardness_adaptive,9903.0,9821.75
1086,,2,963,50,,,,0.831,1.272,,500,hardness_adaptive,10161.0,9656.5
1087,,2,965,50,,,,0.648,1.322,,500,hardness_adaptive,21692.0,9761.5
1088,,0,965,50,,,,0.715,1.342,,500,hardness_adaptive,28005.0,9821.75
1089,,0,965,50,,,,0.813,1.327,,500,hardness_adaptive,18887.0,9935.25
1090,,1,966,50,,,,0.68,1.249,,500,hardness_adaptive,25624.0,10095.75
1091,,1,967,50,,,,0.612,1.307,,500,hardness_adaptive,23042.0,10475.75
1092,,2,969,50,,,,0.657,1.305,,500,hardness_adaptive,21997.0,21509.25
1093,,1,970,50,,,,0.708,0.969,,500,hardness_adaptive,24476.0,22747.25
1094,,0,970,50,,,,0.87,1.203,,500,hardness_adaptive,25179.0,24047.75
1095,,1,971,50,,,,0.935,1.373,,500,hardness_adaptive,27179.0,24531.5
1096,,2,973,50,,,,0.844,1.358,,500,hardness_adaptive,10497.0,9728.75
1097,,0,973,50,,,,0.724,1.415,,500,hardness_adaptive,10577.0,9718.25
1098,,0,973,50,,,,0.852,1.356,,500,hardness_adaptive,10232.0,9633.75
1099,,1,974,50,,,,0.745,1.016,,500,hardness_adaptive,10350.0,9618.25
1100,,1,975,50,,,,0.77,1.373,,500,hardness_adaptive,28150.0,9683.25
1101,,2,977,50,,,,0.737,1.353,,500,hardness_adaptive,26110.0,9823.5
1102,,1,978,50,,,,0.65,1.308,,500,hardness_adaptive,25402.0,9938.75
1103,,0,978,50,,,,0.528,1.188,,500,hardness_adaptive,17428.0,10217.0
1104,,1,979,50,,,,0.726,1.381,,500,hardness_adaptive,23125.0,10582.25
1105,,0,979,50,,,,0.845,1.352,,500,hardness_adaptive,22923.0,19723.5
1106,,1,980,50,,,,0.925,1.316,,500,hardness_adaptive,24634.0,22237.75
1107,,0,980,50,,,,0.614,1.214,,500,hardness_adaptive,23178.0,22998.0
1108,,0,980,50,,,,0.748,1.364,,500,hardness_adaptive,28468.0,23902.0
1109,,0,980,50,,,,0.867,1.406,,500,hardness_adaptive,10305.0,10120.0
1110,,2,982,50,,,,0.789,1.395,,500,hardness_adaptive,10151.0,9794.0
1111,,1,983,50,,,,0.749,1.303,,500,hardness_adaptive,10428.0,9794.0
1112,,1,984,50,,,,0.706,1.33,,500,hardness_adaptive,9888.0,9822.5
1113,,1,985,50,,,,0.733,1.586,,500,hardness_adaptive,9790.0,9703.5
1114,,0,985,50,,,,0.675,1.263,,500,hardness_adaptive,9932.0,9680.5
1115,,1,986,50,,,,0.728,1.317,,500,hardness_adaptive,25234.0,9717.0
1116,,1,987,50,,,,0.758,0.976,,500,hardness_adaptive,26605.0,9860.5
1117,,0,987,50,,,,0.666,1.292,,500,hardness_adaptive,24823.0,9939.25
1118,,1,988,50,,,,0.681,0.96,,500,hardness_adaptive,24405.0,10221.25
1119,,1,989,50,,,,0.698,1.328,,500,hardness_adaptive,24557.0,10451.25
1120,,2,991,50,,,,0.64,1.348,,500,hardness_adaptive,25877.0,18823.75
1121,,1,992,50,,,,0.768,1.458,,500,hardness_adaptive,24279.0,22213.25
1122,,0,992,50,,,,0.758,1.383,,500,hardness_adaptive,27922.0,23070.25
1123,,1,993,50,,,,0.694,1.337,,500,hardness_adaptive,27665.0,23629.0
1124,,1,994,50,,,,0.699,1.396,,500,hardness_adaptive,25397.0,24597.0
1125,,1,995,50,,,,0.956,0.914,,500,hardness_adaptive,9892.0,9735.25
1126,,2,997,50,,,,0.647,1.331,,500,hardness_adaptive,22088.0,9776.5
1127,,0,997,50,,,,0.808,1.35,,500,hardness_adaptive,24750.0,9812.0
1128,,0,997,50,,,,0.894,1.555,,500,hardness_adaptive,24717.0,9887.0
1129,,1,998,50,,,,0.617,1.362,,500,hardness_adaptive,22032.0,10018.75
1130,,0,998,50,,,,0.71,1.199,,500,hardness_adaptive,19016.0,10330.25
1131,,2,1000,50,,,,0.719,0.965,,500,hardness_adaptive,26259.0,19235.25
1132,,0,1000,50,,,,0.632,1.39,,500,hardness_adaptive,23105.0,21757.0
1133,,0,1000,50,,,,0.724,1.401,,500,hardness_adaptive,26469.0,22886.0
1134,,2,1002,50,,,,1.152,1.555,,500,hardness_adaptive,25347.0,23768.0
1135,,1,1003,50,,,,0.999,0.371,,500,hardness_adaptive,26977.0,24310.0
1136,,0,1003,50,,,,0.864,1.303,,500,hardness_adaptive,26717.0,24888.0
1137,,2,1005,50,,,,0.922,1.355,,500,hardness_adaptive,25977.0,25235.5
1138,,1,1006,50,,,,0.699,1.395,,500,hardness_adaptive,26507.0,25407.25
1139,,1,1007,50,,,,0.696,1.326,,500,hardness_adaptive,26330.0,25568.0
1140,,1,1008,50,,,,0.927,1.349,,500,hardness_adaptive,10219.0,9919.5
1141,,0,1008,50,,,,0.965,0.343,,500,hardness_adaptive,10482.0,9660.75
1142,,1,1009,50,,,,0.921,1.308,,500,hardness_adaptive,26633.0,9703.5
1143,,0,1009,50,,,,0.843,1.232,,500,hardness_adaptive,23179.0,9784.75
1144,,1,1010,50,,,,0.681,1.298,,500,hardness_adaptive,25892.0,9866.0
1145,,1,1011,50,,,,0.89,0.351,,500,hardness_adaptive,25689.0,10008.5
1146,,1,1012,50,,,,0.886,0.645,,500,hardness_adaptive,22847.0,10281.25
1147,,1,1013,50,,,,0.877,1.343,,500,hardness_adaptive,26802.0,15323.0
1148,,2,1015,50,,,,0.84,1.369,,500,hardness_adaptive,22711.0,21944.0
1149,,1,1016,50,,,,0.856,1.406,,500,hardness_adaptive,25891.0,23201.0
1150,,1,1017,50,,,,0.903,1.17,,500,hardness_adaptive,25356.0,24023.0
1151,,1,1018,50,,,,0.912,0.361,,500,hardness_adaptive,26579.0,24592.75
1152,,2,1020,50,,,,0.702,1.328,,500,hardness_adaptive,10371.0,10254.0
1153,,1,1021,50,,,,0.707,1.338,,500,hardness_adaptive,10094.0,9679.5
1154,,1,1022,50,,,,0.962,0.351,,500,hardness_adaptive,10635.0,9691.0
1155,,0,1022,50,,,,0.935,1.294,,500,hardness_adaptive,9752.0,9668.75
1156,,2,1024,50,,,,0.665,1.302,,500,hardness_adaptive,9750.0,9668.75
1157,,0,1024,50,,,,0.709,0.99,,500,hardness_adaptive,23650.0,9707.75
1158,,0,1024,50,,,,0.818,1.36,,500,hardness_adaptive,23898.0,9798.0
1159,,1,1025,50,,,,0.684,1.33,,500,hardness_adaptive,23815.0,9985.0
1160,,2,1027,50,,,,0.783,1.354,,500,hardness_adaptive,22339.0,10102.0
1161,,2,1029,50,,,,0.859,1.375,,500,hardness_adaptive,21725.0,10652.25
1162,,2,1031,50,,,,0.738,0.955,,500,hardness_adaptive,27205.0,20767.75
1163,,1,1032,50,,,,0.871,1.399,,500,hardness_adaptive,22723.0,22248.25
1164,,0,1032,50,,,,0.62,1.246,,500,hardness_adaptive,25076.0,22745.25
1165,,1,1033,50,,,,0.739,1.377,,500,hardness_adaptive,26276.0,23546.25
1166,,1,1034,50,,,,0.675,1.358,,500,hardness_adaptive,24738.0,23731.75
1167,,1,1035,50,,,,0.867,1.363,,500,hardness_adaptive,24381.0,24214.75
1168,,1,1036,50,,,,0.782,1.354,,500,hardness_adaptive,25262.0,24751.5
1169,,0,1036,50,,,,0.695,1.323,,500,hardness_adaptive,10400.0,9739.5
1170,,0,1036,50,,,,0.898,0.336,,500,hardness_adaptive,9809.0,9589.5
1171,,0,1036,50,,,,0.665,1.351,,500,hardness_adaptive,9635.0,9519.75
1172,,0,1036,50,,,,0.78,0.949,,500,hardness_adaptive,27158.0,9589.5
1173,,1,1037,50,,,,0.804,1.285,,500,hardness_adaptive,22671.0,9652.0
1174,,1,1038,50,,,,0.771,1.307,,500,hardness_adaptive,22566.0,9787.25
1175,,1,1039,50,,,,0.8,1.353,,500,hardness_adaptive,24916.0,9924.25
1176,,0,1039,50,,,,0.643,1.35,,500,hardness_adaptive,26075.0,10378.25
1177,,1,1040,50,,,,0.869,1.303,,500,hardness_adaptive,24260.0,16896.0
1178,,0,1040,50,,,,0.58,1.256,,500,hardness_adaptive,21245.0,20774.75
1179,,1,1041,50,,,,0.704,1.346,,500,hardness_adaptive,27465.0,22726.25
1180,,1,1042,50,,,,0.705,1.381,,500,hardness_adaptive,25201.0,23464.0
1181,,1,1043,50,,,,0.746,1.299,,500,hardness_adaptive,26188.0,24166.5
1182,,0,1043,50,,,,0.974,0.357,,500,hardness_adaptive,26539.0,24622.25
1183,,1,1044,50,,,,0.715,1.302,,500,hardness_adaptive,9770.0,9744.5
1184,,0,1044,50,,,,0.955,0.337,,500,hardness_adaptive,10155.0,9705.25
1185,,1,1045,50,,,,0.864,1.408,,500,hardness_adaptive,23021.0,9769.25
1186,,2,1047,50,,,,0.591,1.261,,500,hardness_adaptive,19619.0,9887.0
1187,,1,1048,50,,,,0.777,1.32,,500,hardness_adaptive,23572.0,10001.25
1188,,0,1048,50,,,,0.859,1.3,,500,hardness_adaptive,24562.0,10116.5
1189,,0,1048,50,,,,0.662,1.324,,500,hardness_adaptive,25471.0,10335.25
1190,,2,1050,50,,,,0.874,1.369,,500,hardness_adaptive,22196.0,17165.0
1191,,1,1051,50,,,,0.66,1.28,,500,hardness_adaptive,24177.0,21411.0
1192,,0,1051,50,,,,0.669,1.419,,500,hardness_adaptive,25383.0,22221.25
1193,,0,1051,50,,,,0.901,0.986,,500,hardness_adaptive,26625.0,22950.5
1194,,0,1051,50,,,,0.954,0.356,,500,hardness_adaptive,25662.0,23708.75
1195,,0,1051,50,,,,0.917,1.367,,500,hardness_adaptive,26078.0,24492.5
1196,,1,1052,50,,,,0.745,1.343,,500,hardness_adaptive,10260.0,10131.0
1197,,1,1053,50,,,,0.957,1.398,,500,hardness_adaptive,9843.0,9643.75
1198,,0,1053,50,,,,0.896,1.335,,500,hardness_adaptive,23496.0,9691.5
1199,,3,1056,50,,,,0.725,1.349,,500,hardness_adaptive,24192.0,9759.5
1200,,1,1057,50,,,,0.631,1.293,,500,hardness_adaptive,21724.0,9878.5
1201,,1,1058,50,,,,0.645,1.307,,500,hardness_adaptive,17601.0,10033.25
1202,,0,1058,50,,,,0.648,1.315,,500,hardness_adaptive,21198.0,10305.0
1203,,1,1059,50,,,,0.885,1.22,,500,hardness_adaptive,23042.0,14511.75
1204,,0,1059,50,,,,0.681,1.297,,500,hardness_adaptive,26764.0,20453.5
1205,,0,1059,50,,,,0.688,1.343,,500,hardness_adaptive,23207.0,21769.25
1206,,2,1061,50,,,,0.856,0.348,,500,hardness_adaptive,23345.0,23217.25
1207,,0,1061,50,,,,0.642,1.28,,500,hardness_adaptive,24705.0,23987.75
1208,,2,1063,50,,,,0.861,1.359,,500,hardness_adaptive,26070.0,24413.5
1209,,0,1063,50,,,,0.721,1.336,,500,hardness_adaptive,24925.0,24898.75
1210,,0,1063,50,,,,1.143,1.426,,500,hardness_adaptive,9821.0,9652.75
1211,,1,1064,50,,,,0.674,1.347,,500,hardness_adaptive,10036.0,9601.0
1212,,1,1065,50,,,,0.682,1.295,,500,hardness_adaptive,9942.0,9601.0
1213,,0,1065,50,,,,0.719,1.372,,500,hardness_adaptive,9711.0,9560.5
1214,,0,1065,50,,,,0.727,1.389,,500,hardness_adaptive,9711.0,9533.25
1215,,0,1065,50,,,,0.923,1.419,,500,hardness_adaptive,9925.0,9569.5
1216,,1,1066,50,,,,0.734,1.398,,500,hardness_adaptive,22555.0,9593.25
1217,,0,1066,50,,,,0.656,1.348,,500,hardness_adaptive,19911.0,9711.0
1218,,1,1067,50,,,,0.654,1.299,,500,hardness_adaptive,26258.0,9853.75
1219,,1,1068,50,,,,0.893,1.309,,500,hardness_adaptive,25560.0,10092.75
1220,,2,1070,50,,,,0.698,1.304,,500,hardness_adaptive,25859.0,10375.25
1221,,0,1070,50,,,,0.659,1.324,,500,hardness_adaptive,24813.0,20127.25
1222,,0,1070,50,,,,0.893,1.311,,500,hardness_adaptive,25345.0,22555.5
1223,,1,1071,50,,,,0.666,1.344,,500,hardness_adaptive,23493.0,22943.75
1224,,0,1071,50,,,,0.955,0.351,,500,hardness_adaptive,24916.0,23554.75
1225,,2,1073,50,,,,0.725,1.384,,500,hardness_adaptive,26151.0,24017.5
1226,,0,1073,50,,,,0.659,1.27,,500,hardness_adaptive,25668.0,24364.0
1227,,1,1074,50,,,,0.929,0.358,,500,hardness_adaptive,26136.0,24827.25
1228,,0,1074,50,,,,0.821,1.402,,500,hardness_adaptive,27043.0,25388.75
1229,,0,1074,50,,,,0.731,1.332,,500,hardness_adaptive,10520.0,9681.75
1230,,2,1076,50,,,,0.939,0.344,,500,hardness_adaptive,10175.0,9542.0
1231,,2,1078,50,,,,1.133,1.477,,500,hardness_adaptive,25980.0,9602.0
1232,,1,1079,50,,,,0.676,1.276,,500,hardness_adaptive,25990.0,9683.5
1233,,0,1079,50,,,,0.675,1.279,,500,hardness_adaptive,25421.0,9825.75
1234,,3,1082,50,,,,0.838,1.257,,500,hardness_adaptive,24095.0,10024.75
1235,,1,1083,50,,,,0.842,1.296,,500,hardness_adaptive,22674.0,10189.75
1236,,0,1083,50,,,,0.833,1.247,,500,hardness_adaptive,22006.0,17650.0
1237,,1,1084,50,,,,0.849,1.343,,500,hardness_adaptive,23612.0,20939.25
1238,,1,1085,50,,,,0.902,0.349,,500,hardness_adaptive,27023.0,22594.0
1239,,0,1085,50,,,,0.677,1.324,,500,hardness_adaptive,24835.0,23192.5
1240,,2,1087,50,,,,0.738,1.365,,500,hardness_adaptive,28259.0,23986.75
1241,,1,1088,50,,,,0.863,1.359,,500,hardness_adaptive,25350.0,24699.75
1242,,1,1089,50,,,,0.875,1.376,,500,hardness_adaptive,9715.0,9628.0
1243,,1,1090,50,,,,0.689,1.282,,500,hardness_adaptive,10022.0,9641.5
1244,,0,1090,50,,,,0.906,1.38,,500,hardness_adaptive,26021.0,9689.0
1245,,2,1092,50,,,,0.619,1.238,,500,hardness_adaptive,20385.0,9839.75
1246,,2,1094,50,,,,0.55,1.156,,500,hardness_adaptive,17305.0,9996.75
1247,,3,1097,50,,,,0.738,0.956,,500,hardness_adaptive,23719.0,10174.75
1248,,0,1097,50,,,,0.769,1.208,,500,hardness_adaptive,20859.0,11806.5
1249,,0,1097,50,,,,0.89,1.333,,500,hardness_adaptive,25908.0,21112.5
1250,,0,1097,50,,,,0.815,1.302,,500,hardness_adaptive,24731.0,22461.25
1251,,1,1098,50,,,,0.861,1.455,,500,hardness_adaptive,24417.0,23689.75
1252,,1,1099,50,,,,0.866,1.417,,500,hardness_adaptive,25553.0,24043.75
1253,,0,1099,50,,,,0.905,1.407,,500,hardness_adaptive,27664.0,24553.5
1254,,0,1099,50,,,,0.671,1.29,,500,hardness_adaptive,26441.0,25175.0
1255,,1,1100,50,,,,0.872,1.224,,500,hardness_adaptive,25563.0,25421.25
1256,,2,1102,50,,,,0.728,1.342,,500,hardness_adaptive,9785.0,9543.0
1257,,1,1103,50,,,,0.838,0.341,,500,hardness_adaptive,9624.0,9621.0
1258,,1,1104,50,,,,0.937,1.406,,500,hardness_adaptive,28084.0,9665.25
1259,,1,1105,50,,,,0.697,1.306,,500,hardness_adaptive,23511.0,9765.5
1260,,0,1105,50,,,,0.891,1.35,,500,hardness_adaptive,26617.0,9937.5
1261,,0,1105,50,,,,0.673,1.322,,500,hardness_adaptive,24928.0,10087.25
1262,,1,1106,50,,,,0.78,1.418,,500,hardness_adaptive,19445.0,10794.25
1263,,0,1106,50,,,,0.828,1.491,,500,hardness_adaptive,22870.0,20985.0
1264,,2,1108,50,,,,1.101,1.168,,500,hardness_adaptive,27489.0,22366.5
1265,,1,1109,50,,,,0.73,1.517,,500,hardness_adaptive,24309.0,23411.25
1266,,2,1111,50,,,,0.681,1.427,,500,hardness_adaptive,24490.0,24001.0
1267,,1,1112,50,,,,0.972,1.012,,500,hardness_adaptive,26388.0,24559.5
1268,,1,1113,50,,,,0.997,0.35,,500,hardness_adaptive,25622.0,25246.75
1269,,2,1115,50,,,,1.026,0.341,,500,hardness_adaptive,10273.0,9703.5
1270,,0,1115,50,,,,1.042,0.356,,500,hardness_adaptive,10549.0,9641.5
1271,,1,1116,50,,,,0.741,1.392,,500,hardness_adaptive,9739.0,9621.0
1272,,2,1118,50,,,,0.815,1.048,,500,hardness_adaptive,10328.0,9616.5
1273,,2,1120,50,,,,0.783,0.991,,500,hardness_adaptive,9721.0,9616.5
1274,,0,1120,50,,,,0.705,1.311,,500,hardness_adaptive,23227.0,9706.5
