query_id,window,recall,entry_point_distance,base_layer_entry_distance,upper_layer_dist_comps,base_layer_visited,base_layer_dist_comps,candidates_remaining,trace_length,layer_0_visits,layer_1_visits,layer_2_visits,layer_3_visits,layer_4_visits,layer_5_visits
0,in_distribution,1.0,0.8834097385406494,0.4811616539955139,64,200,3686,421,200,0,16,13,35,0,0
1,in_distribution,1.0,1.0159552097320557,0.4809321165084839,104,200,4079,348,200,0,64,13,27,0,0
2,in_distribution,0.6,0.76298987865448,0.5809273719787598,40,201,4708,520,201,0,16,14,10,0,0
3,in_distribution,1.0,1.0574191808700562,0.6983423829078674,65,203,3560,404,203,0,16,40,9,0,0
4,in_distribution,1.0,0.9634506106376648,0.32846885919570923,102,200,2704,179,200,0,64,28,10,0,0
5,in_distribution,1.0,0.86602783203125,0.751747727394104,51,207,4304,561,207,0,14,9,28,0,0
6,in_distribution,1.0,0.9379692077636719,0.5899312496185303,84,201,3950,340,201,0,32,32,20,0,0
7,in_distribution,1.0,0.83635413646698,0.32389694452285767,50,200,3532,275,200,0,16,16,18,0,0
8,in_distribution,1.0,0.8108429312705994,0.3443983197212219,78,200,3165,269,200,0,16,44,18,0,0
9,in_distribution,0.7,0.9896996021270752,0.6794611811637878,64,204,4431,585,204,0,32,16,16,0,0
10,in_distribution,0.5,0.8243222832679749,0.5962644815444946,65,206,4433,476,206,0,16,41,8,0,0
11,in_distribution,0.9,0.8414621353149414,0.5305558443069458,72,201,4643,542,201,0,16,46,10,0,0
12,in_distribution,0.9,1.047607183456421,0.6256957054138184,69,203,4116,418,203,0,16,26,27,0,0
13,in_distribution,1.0,0.802019476890564,0.5273847579956055,103,202,3802,456,202,0,16,64,23,0,0
14,in_distribution,0.7,0.9175199866294861,0.5252779722213745,68,204,4499,556,204,0,16,42,10,0,0
15,in_distribution,0.9,0.9187408089637756,0.5475677251815796,68,203,3926,436,203,0,12,41,15,0,0
16,in_distribution,1.0,0.8728554844856262,0.636206328868866,80,203,3927,392,203,0,62,9,9,0,0
17,in_distribution,1.0,0.9677866697311401,0.6142661571502686,72,201,4181,506,201,0,48,14,10,0,0
18,in_distribution,1.0,0.9275199770927429,0.49148231744766235,86,200,3574,329,200,0,48,28,10,0,0
19,in_distribution,1.0,0.9627494215965271,0.5511325597763062,132,200,3732,328,200,0,96,28,8,0,0
20,in_distribution,1.0,0.7769384980201721,0.6073042154312134,66,201,4779,604,201,0,16,32,18,0,0
21,in_distribution,1.0,0.8893119096755981,0.5452513694763184,110,202,3281,334,202,0,79,13,18,0,0
22,in_distribution,1.0,0.8227972984313965,0.39933067560195923,71,200,4111,458,200,0,16,30,25,0,0
23,in_distribution,1.0,0.8487826585769653,0.5323889851570129,72,201,3189,382,201,0,32,30,10,0,0
24,in_distribution,1.0,0.9392198920249939,0.5089340209960938,88,202,4350,513,202,0,16,62,10,0,0
25,in_distribution,0.5,0.8884938955307007,0.6126594543457031,93,204,4704,562,204,0,32,46,15,0,0
26,in_distribution,1.0,0.7258800864219666,0.41055595874786377,98,200,3717,280,200,0,48,32,18,0,0
27,in_distribution,1.0,0.7925350666046143,0.28267550468444824,72,200,2282,211,200,0,16,46,10,0,0
28,in_distribution,1.0,0.7709238529205322,0.4031868577003479,100,201,3719,339,201,0,47,43,10,0,0
29,in_distribution,0.5,1.0798802375793457,0.572185218334198,100,218,5311,661,218,0,16,62,22,0,0
30,in_distribution,1.0,0.8647575378417969,0.7285791635513306,63,203,3649,413,203,0,32,28,3,0,0
31,in_distribution,0.9,0.9637143015861511,0.6351631879806519,53,201,3488,393,201,0,16,29,8,0,0
32,in_distribution,1.0,0.8392663598060608,0.41427725553512573,50,200,3704,370,200,0,16,16,18,0,0
33,in_distribution,1.0,0.8336793184280396,0.55389004945755,64,200,3770,342,200,0,46,9,9,0,0
34,in_distribution,1.0,0.9256218075752258,0.4868941903114319,120,200,3739,341,200,0,31,74,15,0,0
35,in_distribution,1.0,0.909282922744751,0.570547342300415,60,206,3163,362,206,0,16,26,18,0,0
36,in_distribution,1.0,0.8555099368095398,0.6497532725334167,53,209,3237,502,209,0,16,29,8,0,0
37,in_distribution,0.9,0.8006157875061035,0.5016770958900452,56,201,3825,364,201,0,16,30,10,0,0
38,in_distribution,1.0,0.8593201041221619,0.4494923949241638,70,200,4221,417,200,0,16,28,26,0,0
39,in_distribution,1.0,0.8524333834648132,0.6563427448272705,49,202,3869,396,202,0,15,24,10,0,0
40,in_distribution,1.0,1.1097391843795776,0.6495460271835327,56,201,2722,234,201,0,32,14,10,0,0
41,in_distribution,1.0,0.929584801197052,0.4914705157279968,72,200,4031,424,200,0,32,30,10,0,0
42,in_distribution,1.0,0.7812305688858032,0.4241945743560791,94,200,3882,401,200,0,48,30,16,0,0
43,in_distribution,1.0,1.0100826025009155,0.5339063405990601,72,200,3927,385,200,0,16,46,10,0,0
44,in_distribution,0.8,0.8614464998245239,0.566540002822876,107,209,4345,410,209,0,45,52,10,0,0
45,in_distribution,1.0,1.0316264629364014,0.6802471280097961,61,213,4116,544,213,0,16,30,15,0,0
46,in_distribution,0.8,1.116889476776123,0.613375723361969,104,201,4473,489,201,0,32,59,13,0,0
47,in_distribution,1.0,0.8643120527267456,0.468808650970459,55,200,3554,350,200,0,16,14,25,0,0
48,in_distribution,1.0,0.892365574836731,0.7068142890930176,80,206,2835,361,206,0,32,40,8,0,0
49,in_distribution,0.9,0.8079692125320435,0.427614688873291,125,201,4039,433,201,0,48,62,15,0,0
50,in_distribution,1.0,1.03826904296875,0.5472354888916016,99,200,3262,278,200,0,45,38,16,0,0
51,in_distribution,0.9,0.8842085599899292,0.6012531518936157,87,201,4263,522,201,0,47,30,10,0,0
52,in_distribution,0.8,0.8908756971359253,0.5935095548629761,87,208,4549,561,208,0,16,61,10,0,0
53,in_distribution,1.0,0.8339377641677856,0.5028347969055176,71,202,4161,449,202,0,15,46,10,0,0
54,in_distribution,0.7,0.7865228652954102,0.46618181467056274,60,200,4333,493,200,0,32,25,3,0,0
55,in_distribution,1.0,0.8983920812606812,0.566330075263977,72,203,4066,439,203,0,16,46,10,0,0
56,in_distribution,1.0,0.7907758951187134,0.424125075340271,125,200,4123,375,200,0,64,29,32,0,0
57,in_distribution,1.0,1.1879180669784546,0.6761863231658936,83,201,3414,350,201,0,12,53,18,0,0
58,in_distribution,1.0,0.9838179349899292,0.6518574357032776,64,204,3316,308,204,0,46,9,9,0,0
59,in_distribution,1.0,0.7958908081054688,0.1327548623085022,119,200,2142,143,200,0,63,46,10,0,0
60,in_distribution,1.0,0.7851254940032959,0.3909987807273865,159,200,2502,271,200,0,79,62,18,0,0
61,in_distribution,0.5,0.8751335144042969,0.6002908945083618,68,203,4449,597,203,0,16,42,10,0,0
62,in_distribution,0.7,0.6425958871841431,0.5954091548919678,48,201,4391,501,201,0,32,13,3,0,0
63,in_distribution,1.0,0.6744551062583923,0.6744551062583923,32,203,3499,422,203,0,16,13,3,0,0
64,in_distribution,1.0,1.0876078605651855,0.5210139751434326,85,201,3993,423,201,0,47,28,10,0,0
65,in_distribution,1.0,0.868933916091919,0.42836809158325195,85,200,4576,409,200,0,32,43,10,0,0
66,in_distribution,0.8,0.8914015293121338,0.6395410299301147,96,226,2970,655,226,0,48,16,32,0,0
67,in_distribution,0.9,0.9110565185546875,0.6030271053314209,64,204,4320,523,204,0,32,16,16,0,0
68,in_distribution,1.0,0.8590915203094482,0.3676770329475403,133,200,1904,234,200,0,57,46,30,0,0
69,in_distribution,1.0,1.0128227472305298,0.459264874458313,65,200,3798,394,200,0,32,13,20,0,0
70,in_distribution,0.7,0.8388048410415649,0.536838173866272,76,200,4405,552,200,0,32,16,28,0,0
71,in_distribution,0.7,0.9997802972793579,0.4995355010032654,53,202,4194,421,202,0,13,16,24,0,0
72,in_distribution,1.0,0.8832706809043884,0.5338690280914307,68,205,3854,444,205,0,16,42,10,0,0
73,in_distribution,1.0,0.9230689406394958,0.41521352529525757,120,200,3835,355,200,0,80,30,10,0,0
74,in_distribution,1.0,1.1241141557693481,0.5585191249847412,47,200,3218,330,200,0,16,13,18,0,0
75,in_distribution,1.0,0.895220160484314,0.2954257130622864,125,200,2868,238,200,0,47,60,18,0,0
76,in_distribution,1.0,0.8005287051200867,0.6022708415985107,73,213,4273,578,213,0,16,39,18,0,0
77,in_distribution,1.0,0.835223376750946,0.38334566354751587,85,200,2633,251,200,0,30,45,10,0,0
78,in_distribution,1.0,0.994737446308136,0.4837092161178589,87,200,3454,387,200,0,45,16,26,0,0
79,in_distribution,0.9,0.9440442323684692,0.6525712013244629,77,200,4614,563,200,0,32,16,29,0,0
80,in_distribution,1.0,0.9692280888557434,0.48026955127716064,68,200,4081,416,200,0,32,26,10,0,0
81,in_distribution,1.0,1.014704704284668,0.5315462350845337,97,203,3945,326,203,0,48,41,8,0,0
82,in_distribution,0.9,0.8849045038223267,0.6111393570899963,96,204,4503,480,204,0,47,39,10,0,0
83,in_distribution,1.0,1.0377873182296753,0.6447023153305054,56,202,3605,421,202,0,16,16,24,0,0
84,in_distribution,1.0,1.18544602394104,0.5992542505264282,77,203,4746,615,203,0,16,31,30,0,0
85,in_distribution,1.0,0.9086510539054871,0.5562785863876343,132,200,3887,427,200,0,64,46,22,0,0
86,in_distribution,1.0,0.9353840351104736,0.6270267963409424,70,204,2273,349,204,0,16,44,10,0,0
87,in_distribution,1.0,0.8114398121833801,0.6531333327293396,73,203,3958,492,203,0,48,10,15,0,0
88,in_distribution,1.0,0.7424451112747192,0.4609687328338623,91,200,3650,353,200,0,32,46,13,0,0
89,in_distribution,0.9,0.8301425576210022,0.6044718623161316,64,203,4149,446,203,0,16,30,18,0,0
90,in_distribution,0.9,0.9314366579055786,0.6831330060958862,95,205,4323,482,205,0,16,71,8,0,0
91,in_distribution,1.0,0.9965449571609497,0.6587188243865967,88,202,3095,326,202,0,48,16,24,0,0
92,in_distribution,0.9,0.9452035427093506,0.6311553716659546,72,204,3713,525,204,0,32,29,11,0,0
93,in_distribution,0.9,0.7818073034286499,0.5656378269195557,72,200,4312,483,200,0,48,14,10,0,0
94,in_distribution,0.6,0.8957369327545166,0.5971119403839111,103,201,4726,561,201,0,63,15,25,0,0
95,in_distribution,0.8,1.118070125579834,0.5784351229667664,91,203,4004,553,203,0,32,50,9,0,0
96,in_distribution,0.7,0.9327516555786133,0.5168042182922363,70,200,4362,511,200,0,32,28,10,0,0
97,in_distribution,1.0,0.9925580024719238,0.4939131736755371,62,200,3035,345,200,0,32,21,9,0,0
98,in_distribution,1.0,0.8819290995597839,0.5003707408905029,109,200,3744,369,200,0,32,45,32,0,0
99,in_distribution,1.0,0.903900146484375,0.6098636388778687,99,203,3355,452,203,0,16,75,8,0,0
100,in_distribution,1.0,1.0435385704040527,0.6849086284637451,64,207,3386,424,207,0,32,16,16,0,0
101,in_distribution,1.0,0.9066260457038879,0.5891440510749817,46,204,3542,395,204,0,16,22,8,0,0
102,in_distribution,0.9,0.9867838025093079,0.5320923924446106,48,202,4341,554,202,0,16,16,16,0,0
103,in_distribution,0.7,0.8671621680259705,0.5061951875686646,98,200,4608,436,200,0,64,16,18,0,0
104,in_distribution,1.0,0.9808835387229919,0.15870201587677002,90,200,2751,216,200,0,47,15,28,0,0
105,in_distribution,0.8,0.9577891230583191,0.5361255407333374,68,200,4143,474,200,0,32,16,20,0,0
106,in_distribution,1.0,0.7760975360870361,0.457084059715271,71,201,2954,290,201,0,25,26,20,0,0
107,in_distribution,1.0,0.7602556943893433,0.4792211055755615,98,201,3416,374,201,0,48,32,18,0,0
108,in_distribution,1.0,1.0596729516983032,0.5342479348182678,82,200,2173,243,200,0,31,36,15,0,0
109,in_distribution,1.0,0.9103444814682007,0.5070838928222656,84,201,3753,399,201,0,48,28,8,0,0
110,in_distribution,1.0,0.8845163583755493,0.4025079607963562,110,200,3964,344,200,0,62,30,18,0,0
111,in_distribution,0.7,0.9389604330062866,0.5472208857536316,53,200,4361,468,200,0,16,16,21,0,0
112,in_distribution,0.9,0.930459201335907,0.49009716510772705,53,200,3775,358,200,0,16,29,8,0,0
113,in_distribution,1.0,0.8434167504310608,0.4410901665687561,74,200,3624,399,200,0,29,30,15,0,0
114,in_distribution,1.0,0.9638581275939941,0.431871235370636,98,200,3707,322,200,0,48,40,10,0,0
115,in_distribution,1.0,1.0049926042556763,0.6683685183525085,84,201,3554,373,201,0,31,43,10,0,0
116,in_distribution,1.0,0.972848117351532,0.5142885446548462,132,200,4541,469,200,0,48,60,24,0,0
117,in_distribution,0.9,0.7996124029159546,0.5471676588058472,104,202,4672,478,202,0,48,32,24,0,0
118,in_distribution,1.0,0.7437562942504883,0.3843367099761963,125,200,2666,342,200,0,47,75,3,0,0
119,in_distribution,1.0,0.6800132393836975,0.467986524105072,133,200,4106,444,200,0,48,75,10,0,0
120,in_distribution,1.0,0.7622153759002686,0.48809343576431274,92,200,3601,393,200,0,32,57,3,0,0
121,in_distribution,0.5,1.061970591545105,0.6467236280441284,86,201,4227,542,201,0,48,23,15,0,0
122,in_distribution,1.0,0.833043098449707,0.469892680644989,104,200,3250,329,200,0,32,62,10,0,0
123,in_distribution,1.0,0.9059288501739502,0.2567756175994873,120,200,1716,155,200,0,48,40,32,0,0
124,in_distribution,0.9,0.9340274333953857,0.6014860272407532,52,206,4349,552,206,0,31,13,8,0,0
125,in_distribution,1.0,0.9882566332817078,0.5580081939697266,74,200,4075,416,200,0,32,26,16,0,0
126,in_distribution,1.0,0.8515580296516418,0.4196995496749878,56,200,3272,354,200,0,16,30,10,0,0
127,in_distribution,0.6,0.9281137585639954,0.6112374067306519,106,200,4501,590,200,0,32,48,26,0,0
128,in_distribution,0.9,0.8505808115005493,0.5794025659561157,97,200,4214,457,200,0,16,61,20,0,0
129,in_distribution,1.0,1.0264607667922974,0.48813408613204956,49,201,2394,279,201,0,9,30,10,0,0
130,in_distribution,1.0,0.9019787311553955,0.5330212116241455,71,202,2796,268,202,0,31,30,10,0,0
131,in_distribution,1.0,1.1917933225631714,0.6152764558792114,96,200,2848,353,200,0,32,26,38,0,0
132,in_distribution,1.0,0.9114183187484741,0.4788142442703247,66,200,3932,424,200,0,32,16,18,0,0
133,in_distribution,0.9,0.9836481213569641,0.5483617186546326,98,202,4344,531,202,0,64,16,18,0,0
134,in_distribution,1.0,0.8256743550300598,0.4282599687576294,81,201,3828,359,201,0,32,31,18,0,0
135,in_distribution,1.0,0.973686158657074,0.7146718502044678,108,204,1593,228,204,0,30,75,3,0,0
136,in_distribution,0.9,0.8370802998542786,0.505835771560669,78,201,3523,516,201,0,32,43,3,0,0
137,in_distribution,1.0,0.8349942564964294,0.5219859480857849,64,201,3328,308,201,0,32,16,16,0,0
138,in_distribution,1.0,1.0258700847625732,0.6062843799591064,72,202,2300,328,202,0,32,30,10,0,0
139,in_distribution,1.0,0.8452663421630859,0.2567541003227234,86,200,3864,293,200,0,48,28,10,0,0
140,in_distribution,1.0,0.9092734456062317,0.45113152265548706,111,200,2378,207,200,0,64,38,9,0,0
141,in_distribution,1.0,0.9487484097480774,0.6471763253211975,90,203,3609,430,203,0,46,26,18,0,0
142,in_distribution,1.0,0.9259025454521179,0.4154455065727234,188,200,4103,386,200,0,96,83,9,0,0
143,in_distribution,0.9,0.8609710931777954,0.3655356764793396,82,200,3718,337,200,0,32,32,18,0,0
144,in_distribution,1.0,0.7180556058883667,0.47798657417297363,56,204,3309,549,204,0,16,30,10,0,0
145,in_distribution,0.9,0.7731177806854248,0.5554913282394409,95,203,4588,568,203,0,48,29,18,0,0
146,in_distribution,0.9,0.8726340532302856,0.6886522173881531,68,213,3995,551,213,0,47,13,8,0,0
147,in_distribution,1.0,0.9342353343963623,0.5756170749664307,79,219,3545,564,219,0,48,13,18,0,0
148,in_distribution,1.0,0.9332317113876343,0.33816319704055786,90,200,2334,288,200,0,25,45,20,0,0
149,in_distribution,1.0,0.9794006943702698,0.6704624891281128,108,201,2810,318,201,0,16,76,16,0,0
150,in_distribution,0.9,0.8694055676460266,0.4734070301055908,121,200,4773,428,200,0,80,26,15,0,0
151,in_distribution,0.9,0.8874474763870239,0.5106709003448486,96,201,3966,405,201,0,25,46,25,0,0
152,in_distribution,0.9,0.9623141288757324,0.5345410108566284,99,205,4475,482,205,0,48,27,24,0,0
153,in_distribution,1.0,0.9174069762229919,0.37444305419921875,94,208,4484,395,208,0,32,46,16,0,0
154,in_distribution,1.0,0.8693335652351379,0.6362167596817017,50,203,2929,312,203,0,16,13,21,0,0
155,in_distribution,1.0,0.9648770689964294,0.6086772680282593,86,206,3334,439,206,0,32,44,10,0,0
156,in_distribution,0.6,0.8765869140625,0.6612082719802856,72,203,4634,558,203,0,16,41,15,0,0
157,in_distribution,1.0,0.7892054915428162,0.5382798314094543,40,203,3964,364,203,0,16,14,10,0,0
158,in_distribution,1.0,1.0176286697387695,0.5490111112594604,101,200,3495,395,200,0,31,46,24,0,0
159,in_distribution,1.0,0.9804179072380066,0.6403002142906189,75,212,4654,564,212,0,29,28,18,0,0
160,in_distribution,0.9,0.828683078289032,0.46389585733413696,93,213,4628,435,213,0,31,46,16,0,0
161,in_distribution,1.0,0.8553260564804077,0.5407864451408386,137,202,4198,508,202,0,64,46,27,0,0
162,in_distribution,1.0,0.9833158254623413,0.5735325813293457,90,203,3503,340,203,0,32,32,26,0,0
163,in_distribution,0.6,0.8230979442596436,0.5595301389694214,92,200,4538,508,200,0,64,25,3,0,0
164,in_distribution,1.0,0.8186713457107544,0.4271491765975952,88,200,2634,265,200,0,16,54,18,0,0
165,in_distribution,0.5,0.7534681558609009,0.527145504951477,76,205,4203,585,205,0,48,25,3,0,0
166,in_distribution,1.0,0.9502457976341248,0.46235036849975586,117,202,3874,377,202,0,77,16,24,0,0
167,in_distribution,1.0,0.8041157126426697,0.6194455623626709,61,202,4125,501,202,0,16,30,15,0,0
168,in_distribution,0.9,0.9032991528511047,0.6132003664970398,82,204,4572,564,204,0,32,32,18,0,0
169,in_distribution,0.5,0.9632365107536316,0.6235187649726868,56,204,4748,567,204,0,16,13,27,0,0
170,in_distribution,0.8,0.9576663970947266,0.45988643169403076,68,200,3826,450,200,0,47,13,8,0,0
171,in_distribution,1.0,1.0711520910263062,0.7116144895553589,109,209,3749,512,209,0,32,53,24,0,0
172,in_distribution,1.0,0.8874892592430115,0.5895446538925171,77,201,3742,347,201,0,32,27,18,0,0
173,in_distribution,0.7,0.8089592456817627,0.6863524317741394,49,204,4653,567,204,0,16,24,9,0,0
174,in_distribution,1.0,0.9156336784362793,0.5134556889533997,86,200,4381,398,200,0,47,13,26,0,0
175,in_distribution,1.0,0.7374443411827087,0.5136095285415649,71,203,4160,446,203,0,31,30,10,0,0
176,in_distribution,1.0,0.8679220080375671,0.5397552251815796,80,200,3568,313,200,0,48,29,3,0,0
177,in_distribution,1.0,1.0738428831100464,0.6555424928665161,85,201,2293,269,201,0,56,14,15,0,0
178,in_distribution,1.0,1.1030982732772827,0.5184259414672852,85,200,2819,274,200,0,16,59,10,0,0
179,in_distribution,1.0,0.8826663494110107,0.6926966309547424,66,202,4441,507,202,0,16,32,18,0,0
180,in_distribution,1.0,0.9306551218032837,0.553392767906189,83,200,3609,316,200,0,47,26,10,0,0
181,in_distribution,0.5,0.8650190234184265,0.4213941693305969,70,202,4678,515,202,0,16,44,10,0,0
182,in_distribution,0.8,0.7138327360153198,0.6130291223526001,76,204,4713,570,204,0,48,25,3,0,0
183,in_distribution,0.9,0.8334667086601257,0.5080797672271729,80,201,4573,562,201,0,32,29,19,0,0
184,in_distribution,0.8,0.9106438755989075,0.6135678887367249,96,201,3688,376,201,0,16,57,23,0,0
185,in_distribution,1.0,0.9131100177764893,0.6577799320220947,69,205,3606,450,205,0,16,43,10,0,0
186,in_distribution,1.0,1.0956428050994873,0.6001659631729126,61,201,3671,378,201,0,16,30,15,0,0
187,in_distribution,0.7,0.9753897190093994,0.5670371055603027,68,204,4283,552,204,0,32,16,20,0,0
188,in_distribution,0.9,0.7958239316940308,0.5153076648712158,79,208,4741,613,208,0,30,31,18,0,0
189,in_distribution,1.0,0.8763269782066345,0.4752644896507263,65,200,3720,403,200,0,16,29,20,0,0
190,in_distribution,1.0,0.8085466623306274,0.4308059811592102,89,200,4165,378,200,0,32,32,25,0,0
191,in_distribution,0.7,0.9187730550765991,0.5470452904701233,86,200,4567,536,200,0,48,28,10,0,0
192,in_distribution,1.0,0.7866111993789673,0.3617912530899048,56,200,3207,321,200,0,16,30,10,0,0
193,in_distribution,1.0,0.8073647618293762,0.40772032737731934,52,200,3503,379,200,0,16,26,10,0,0
194,in_distribution,1.0,0.9447753429412842,0.5398733615875244,113,202,3373,366,202,0,47,44,22,0,0
195,in_distribution,0.9,0.651183009147644,0.5425154566764832,48,204,4669,561,204,0,32,13,3,0,0
196,in_distribution,1.0,0.8959662914276123,0.7022837996482849,74,203,2059,305,203,0,15,56,3,0,0
197,in_distribution,1.0,0.7759776711463928,0.35687679052352905,110,200,2250,320,200,0,79,28,3,0,0
198,in_distribution,0.8,0.9243783950805664,0.7026387453079224,79,204,4056,557,204,0,45,16,18,0,0
199,in_distribution,1.0,0.7360049486160278,0.40344440937042236,88,200,4057,471,200,0,48,30,10,0,0
200,in_distribution,1.0,0.8652306199073792,0.33404970169067383,117,203,3708,323,203,0,47,44,26,0,0
201,in_distribution,0.9,0.957595944404602,0.5591415166854858,69,200,4311,507,200,0,32,14,23,0,0
202,in_distribution,1.0,0.7263079881668091,0.6419342160224915,48,208,4097,478,208,0,32,13,3,0,0
203,in_distribution,1.0,0.968286395072937,0.6226087808609009,68,207,2946,430,207,0,15,43,10,0,0
204,in_distribution,1.0,0.8840929865837097,0.3399038314819336,119,200,2962,310,200,0,48,46,25,0,0
205,in_distribution,1.0,0.778778612613678,0.1818455457687378,88,200,2220,167,200,0,32,46,10,0,0
206,in_distribution,1.0,0.8186485767364502,0.42560213804244995,88,200,3566,312,200,0,48,30,10,0,0
207,in_distribution,1.0,0.7939809560775757,0.7939809560775757,32,208,3333,513,208,0,16,13,3,0,0
208,in_distribution,0.9,0.908400297164917,0.5832841396331787,57,200,4467,501,200,0,30,14,13,0,0
209,in_distribution,1.0,0.9134476184844971,0.4680686593055725,93,200,2315,218,200,0,75,9,9,0,0
210,in_distribution,0.5,0.9935503005981445,0.5891510248184204,104,200,4078,446,200,0,80,14,10,0,0
211,in_distribution,0.8,1.0796443223953247,0.6103702187538147,73,204,4645,535,204,0,32,16,25,0,0
212,in_distribution,0.6,0.6348617076873779,0.6163610219955444,64,201,4696,547,201,0,48,13,3,0,0
213,in_distribution,1.0,0.8831174373626709,0.47758036851882935,89,201,2432,296,201,0,16,48,25,0,0
214,in_distribution,0.7,1.115086317062378,0.6285725831985474,81,205,3867,482,205,0,31,41,9,0,0
215,in_distribution,0.7,0.9651137590408325,0.6238191723823547,64,201,4343,511,201,0,16,32,16,0,0
216,in_distribution,1.0,0.6951847076416016,0.49767035245895386,105,202,4503,428,202,0,29,73,3,0,0
217,in_distribution,1.0,0.8737761974334717,0.5046951770782471,78,200,3754,395,200,0,16,44,18,0,0
218,in_distribution,0.9,0.7855099439620972,0.4893258213996887,56,200,4135,430,200,0,32,14,10,0,0
219,in_distribution,1.0,1.1862714290618896,0.3889272212982178,85,200,1810,187,200,0,31,41,13,0,0
220,in_distribution,1.0,0.8786631226539612,0.5324598550796509,93,200,3657,359,200,0,16,59,18,0,0
221,in_distribution,1.0,0.8788703083992004,0.5625369548797607,85,201,3907,363,201,0,45,16,24,0,0
222,in_distribution,1.0,0.8128780126571655,0.5310546159744263,86,217,4233,610,217,0,32,28,26,0,0
223,in_distribution,1.0,0.901803731918335,0.528855562210083,71,200,4200,397,200,0,32,29,10,0,0
224,in_distribution,0.9,0.9221638441085815,0.5410753488540649,49,205,4290,471,205,0,16,25,8,0,0
225,in_distribution,1.0,0.8944857120513916,0.5203771591186523,78,202,4331,429,202,0,16,30,32,0,0
226,in_distribution,0.9,0.9258501529693604,0.6015665531158447,87,200,3124,363,200,0,32,32,23,0,0
227,in_distribution,1.0,1.1277916431427002,0.27177709341049194,92,200,1635,165,200,0,61,13,18,0,0
228,in_distribution,0.9,0.8222451210021973,0.6098757982254028,67,202,4681,472,202,0,31,26,10,0,0
229,in_distribution,0.5,0.8741393089294434,0.6728160977363586,40,201,4514,507,201,0,16,14,10,0,0
230,in_distribution,0.9,0.8334966897964478,0.6389945149421692,81,201,4039,515,201,0,31,25,25,0,0
231,in_distribution,1.0,0.9900230765342712,0.5881505012512207,70,205,4312,469,205,0,32,23,15,0,0
232,in_distribution,1.0,0.9873338937759399,0.8648079633712769,53,205,2371,427,205,0,16,15,22,0,0
233,in_distribution,0.9,0.9859892725944519,0.5306714773178101,60,200,3375,277,200,0,16,11,33,0,0
234,in_distribution,0.7,0.8012934327125549,0.566707968711853,77,200,4631,537,200,0,48,14,15,0,0
235,in_distribution,1.0,0.7245104312896729,0.5196285247802734,97,201,4145,416,201,0,30,57,10,0,0
236,in_distribution,1.0,0.7160135507583618,0.4976855516433716,87,201,3853,328,201,0,16,61,10,0,0
237,in_distribution,0.9,0.8900963664054871,0.697830080986023,72,205,4381,531,205,0,15,54,3,0,0
238,in_distribution,0.9,1.036875605583191,0.4188462495803833,85,201,3570,350,201,0,29,29,27,0,0
239,in_distribution,1.0,0.7686539888381958,0.21497207880020142,121,200,1847,234,200,0,80,16,25,0,0
240,in_distribution,1.0,0.8012663125991821,0.6255275011062622,110,203,3323,354,203,0,32,75,3,0,0
241,in_distribution,0.8,0.8124215602874756,0.5548791885375977,60,204,4798,624,204,0,32,25,3,0,0
242,in_distribution,0.9,0.7501013278961182,0.637334406375885,76,200,3842,354,200,0,32,41,3,0,0
243,in_distribution,1.0,0.9448627829551697,0.7042102813720703,85,206,2157,304,206,0,32,29,24,0,0
244,in_distribution,0.7,0.9773613214492798,0.8756579756736755,40,208,4249,635,208,0,16,13,11,0,0
245,in_distribution,0.9,0.8896920680999756,0.638163149356842,47,207,4385,504,207,0,16,13,18,0,0
246,in_distribution,1.0,0.8914629817008972,0.4117540121078491,147,200,3387,352,200,0,95,42,10,0,0
247,in_distribution,0.8,0.866129994392395,0.6286319494247437,71,205,4582,563,205,0,16,31,24,0,0
248,in_distribution,1.0,0.9229861497879028,0.49821698665618896,70,200,3898,364,200,0,32,28,10,0,0
249,in_distribution,1.0,0.9098080396652222,0.4372583031654358,88,200,4050,373,200,0,32,46,10,0,0
250,in_distribution,1.0,0.7155747413635254,0.5395081043243408,89,200,3026,291,200,0,15,71,3,0,0
251,in_distribution,0.7,0.9370489716529846,0.75692218542099,49,204,4369,644,204,0,16,24,9,0,0
252,in_distribution,0.8,1.0117743015289307,0.54057776927948,75,200,4239,481,200,0,29,16,30,0,0
253,in_distribution,0.8,0.7583603858947754,0.6677258014678955,72,204,4270,495,204,0,48,14,10,0,0
254,in_distribution,1.0,0.9056034684181213,0.49394845962524414,104,200,3806,343,200,0,48,31,25,0,0
255,in_distribution,1.0,0.850106418132782,0.464272677898407,85,200,3632,353,200,0,47,28,10,0,0
256,in_distribution,1.0,0.9024126529693604,0.50408935546875,76,200,2227,248,200,0,30,26,20,0,0
257,in_distribution,0.9,1.0033518075942993,0.436859130859375,102,200,2746,342,200,0,46,47,9,0,0
258,in_distribution,1.0,0.7954473495483398,0.34792768955230713,82,200,3082,285,200,0,46,26,10,0,0
259,in_distribution,1.0,0.7707781195640564,0.47165799140930176,126,200,3225,358,200,0,64,44,18,0,0
260,in_distribution,1.0,0.9518686532974243,0.70958411693573,61,201,2775,287,201,0,31,27,3,0,0
261,in_distribution,1.0,0.8096283078193665,0.2518497109413147,93,200,1696,171,200,0,31,41,21,0,0
262,in_distribution,1.0,0.709693431854248,0.4430556893348694,94,200,3882,350,200,0,32,30,32,0,0
263,in_distribution,1.0,0.9574773907661438,0.634972333908081,67,204,3416,382,204,0,15,27,25,0,0
264,in_distribution,0.8,0.99098801612854,0.7561997175216675,67,202,4619,607,202,0,32,25,10,0,0
265,in_distribution,1.0,0.9199702143669128,0.7632532715797424,48,206,3993,560,206,0,16,29,3,0,0
266,in_distribution,1.0,1.011142611503601,0.46875083446502686,120,201,3644,327,201,0,64,46,10,0,0
267,in_distribution,0.5,0.8686940670013428,0.5558364391326904,98,213,4605,546,213,0,64,16,18,0,0
268,in_distribution,1.0,1.017664909362793,0.6417632102966309,88,214,4303,563,214,0,48,13,27,0,0
269,in_distribution,0.7,0.8233091235160828,0.4473298192024231,87,200,4451,451,200,0,32,30,25,0,0
270,in_distribution,1.0,0.9719204902648926,0.3138081431388855,55,200,3071,245,200,0,16,14,25,0,0
271,in_distribution,0.8,1.0152170658111572,0.599949836730957,97,201,3712,455,201,0,32,31,34,0,0
272,in_distribution,1.0,0.8758476972579956,0.4536705017089844,99,201,3702,392,201,0,48,31,20,0,0
273,in_distribution,1.0,0.9416480660438538,0.5161435008049011,89,200,3463,314,200,0,48,26,15,0,0
274,in_distribution,1.0,0.7742119431495667,0.4406123161315918,50,201,3635,321,201,0,16,16,18,0,0
275,in_distribution,0.8,0.7653668522834778,0.5297236442565918,56,202,4641,521,202,0,16,30,10,0,0
276,in_distribution,0.7,1.042607307434082,0.6440292000770569,87,204,4363,517,204,0,32,32,23,0,0
277,in_distribution,1.0,1.1310347318649292,0.437236487865448,44,200,2000,218,200,0,14,22,8,0,0
278,in_distribution,1.0,0.9925349950790405,0.6047548055648804,83,200,3191,269,200,0,32,27,24,0,0
279,in_distribution,0.7,0.849226713180542,0.5772888660430908,87,203,4380,620,203,0,32,30,25,0,0
280,in_distribution,1.0,0.8805414438247681,0.6307809352874756,87,202,2846,291,202,0,32,45,10,0,0
281,in_distribution,0.9,1.126226544380188,0.6013966202735901,113,200,3722,371,200,0,80,25,8,0,0
282,in_distribution,1.0,0.8595514297485352,0.6181643605232239,69,201,2883,331,201,0,16,45,8,0,0
283,in_distribution,0.8,0.881298840045929,0.618311882019043,88,200,4507,505,200,0,48,30,10,0,0
284,in_distribution,1.0,1.0506950616836548,0.5257001519203186,72,200,4074,378,200,0,16,46,10,0,0
285,in_distribution,0.5,0.9137749075889587,0.6477527618408203,97,207,4674,628,207,0,47,41,9,0,0
286,in_distribution,0.9,0.765554666519165,0.6592957377433777,78,203,3586,368,203,0,32,43,3,0,0
287,in_distribution,0.9,0.8914437890052795,0.44554030895233154,84,200,4503,484,200,0,31,28,25,0,0
288,in_distribution,0.9,0.9798521995544434,0.6769832372665405,60,205,4105,591,205,0,16,14,30,0,0
289,in_distribution,1.0,0.8104062676429749,0.5332944393157959,68,201,4496,460,201,0,32,26,10,0,0
290,in_distribution,1.0,1.0038065910339355,0.3939187526702881,74,200,2458,196,200,0,32,16,26,0,0
291,in_distribution,1.0,0.9290422201156616,0.6057260036468506,66,200,2894,307,200,0,16,28,22,0,0
292,in_distribution,0.8,0.9591494798660278,0.5785094499588013,99,201,4334,485,201,0,25,48,26,0,0
293,in_distribution,0.9,0.9809417128562927,0.6724918484687805,59,203,4099,468,203,0,16,15,28,0,0
294,in_distribution,0.8,0.7995182275772095,0.6214486360549927,94,201,4407,510,201,0,47,44,3,0,0
295,in_distribution,0.9,0.8308637142181396,0.5557732582092285,87,201,4435,547,201,0,46,38,3,0,0
296,in_distribution,1.0,0.8004069328308105,0.5307352542877197,103,202,3312,275,202,0,64,13,26,0,0
297,in_distribution,1.0,0.8925029039382935,0.2342352271080017,136,200,2755,247,200,0,80,46,10,0,0
298,in_distribution,0.9,0.8823474049568176,0.593277633190155,84,204,3919,453,204,0,16,44,24,0,0
299,in_distribution,1.0,0.774223804473877,0.3849521279335022,76,200,3169,360,200,0,30,28,18,0,0
300,in_distribution,1.0,0.8762041926383972,0.3907732367515564,56,200,3547,331,200,0,16,30,10,0,0
301,in_distribution,1.0,0.9855808019638062,0.5024670958518982,78,200,2852,240,200,0,28,35,15,0,0
302,in_distribution,1.0,0.8217540383338928,0.13315343856811523,111,200,2309,199,200,0,71,30,10,0,0
303,in_distribution,1.0,0.9604915976524353,0.4434494376182556,81,200,3932,435,200,0,13,44,24,0,0
304,in_distribution,0.7,0.8165654540061951,0.559727132320404,87,201,4327,499,201,0,16,61,10,0,0
305,in_distribution,0.5,1.0326931476593018,0.6649304628372192,76,205,4967,609,205,0,16,30,30,0,0
306,in_distribution,0.3,0.9982548952102661,0.6900813579559326,45,204,4627,604,204,0,16,14,15,0,0
307,in_distribution,1.0,0.8546605110168457,0.6703611016273499,61,202,3534,450,202,0,16,30,15,0,0
308,in_distribution,1.0,0.7570495009422302,0.6140553951263428,56,201,4273,496,201,0,13,40,3,0,0
309,in_distribution,0.9,0.9744493365287781,0.5578259825706482,81,200,3940,580,200,0,32,29,20,0,0
310,in_distribution,0.8,1.0300363302230835,0.5062202215194702,82,201,4426,514,201,0,32,32,18,0,0
311,in_distribution,0.8,0.9323293566703796,0.6587995290756226,68,201,3613,369,201,0,16,29,23,0,0
312,in_distribution,0.9,0.8760818839073181,0.5819539427757263,78,200,4107,466,200,0,30,32,16,0,0
313,in_distribution,1.0,0.8075498938560486,0.5646098852157593,80,201,3985,388,201,0,32,30,18,0,0
314,in_distribution,0.9,0.856322169303894,0.4073718190193176,72,200,4085,436,200,0,32,30,10,0,0
315,in_distribution,0.9,1.0261949300765991,0.6890929937362671,112,202,3495,400,202,0,16,61,35,0,0
316,in_distribution,0.5,0.9615539908409119,0.5486172437667847,79,204,4580,558,204,0,48,13,18,0,0
317,in_distribution,1.0,0.7676603198051453,0.5050315856933594,76,200,2196,240,200,0,16,57,3,0,0
318,in_distribution,0.5,0.9632920622825623,0.6299242973327637,40,206,4726,612,206,0,16,14,10,0,0
319,in_distribution,1.0,0.8443928956985474,0.5633415579795837,65,202,3740,373,202,0,16,29,20,0,0
320,in_distribution,1.0,0.8365944623947144,0.20763587951660156,84,200,2972,245,200,0,32,44,8,0,0
321,in_distribution,1.0,0.9445850253105164,0.5816226005554199,104,203,2218,277,203,0,48,41,15,0,0
322,in_distribution,1.0,0.8947638273239136,0.3463529944419861,66,200,2715,215,200,0,16,32,18,0,0
323,in_distribution,0.8,0.7651458382606506,0.551575243473053,71,206,4645,557,206,0,31,30,10,0,0
324,in_distribution,1.0,0.8835356831550598,0.36741894483566284,78,200,3640,296,200,0,32,28,18,0,0
325,in_distribution,1.0,0.9521306753158569,0.4852020740509033,60,200,2885,315,200,0,16,27,17,0,0
326,in_distribution,1.0,0.843146800994873,0.7029252648353577,50,211,4392,605,211,0,16,16,18,0,0
327,in_distribution,1.0,0.8255976438522339,0.48133140802383423,114,201,3754,383,201,0,78,16,20,0,0
328,in_distribution,1.0,0.8636987209320068,0.47879213094711304,96,200,3346,354,200,0,32,56,8,0,0
329,in_distribution,1.0,0.7659395933151245,0.5564078092575073,104,200,4243,473,200,0,80,14,10,0,0
330,in_distribution,1.0,0.9083567261695862,0.5948064923286438,76,200,3500,303,200,0,16,44,16,0,0
331,in_distribution,0.9,0.7596656084060669,0.4647133946418762,70,203,4135,397,203,0,16,44,10,0,0
332,in_distribution,0.7,0.8558122515678406,0.6141946315765381,93,214,4729,674,214,0,16,67,10,0,0
333,in_distribution,1.0,0.7504827976226807,0.5238341689109802,74,206,3478,487,206,0,16,55,3,0,0
334,in_distribution,0.9,0.9610651731491089,0.6654561758041382,64,204,4213,505,204,0,32,24,8,0,0
335,in_distribution,1.0,0.9330805540084839,0.46318960189819336,110,200,3990,408,200,0,32,62,16,0,0
336,in_distribution,1.0,0.7770469784736633,0.52789705991745,97,203,4015,448,203,0,48,29,20,0,0
337,in_distribution,0.5,0.7449500560760498,0.5730757713317871,80,200,4453,532,200,0,48,29,3,0,0
338,in_distribution,0.8,0.75736403465271,0.5580179691314697,93,201,4243,523,201,0,31,44,18,0,0
339,in_distribution,0.9,1.0189614295959473,0.48915356397628784,60,200,4095,406,200,0,15,29,16,0,0
340,in_distribution,1.0,1.0339897871017456,0.6218087077140808,48,201,3610,422,201,0,30,9,9,0,0
341,in_distribution,0.5,0.9832762479782104,0.5637191534042358,70,203,4929,562,203,0,16,44,10,0,0
342,in_distribution,1.0,0.934661865234375,0.6789438724517822,68,201,3592,400,201,0,16,49,3,0,0
343,in_distribution,0.9,0.9658700823783875,0.5444984436035156,83,200,4213,441,200,0,16,28,39,0,0
344,in_distribution,1.0,0.8622115850448608,0.543454647064209,78,206,4136,516,206,0,16,44,18,0,0
345,in_distribution,1.0,1.0161736011505127,0.4477435350418091,104,201,3049,301,201,0,80,14,10,0,0
346,in_distribution,1.0,0.9122432470321655,0.597265362739563,58,202,4357,469,202,0,16,14,28,0,0
347,in_distribution,1.0,0.7990939021110535,0.48298537731170654,52,201,3750,507,201,0,16,26,10,0,0
348,in_distribution,0.9,0.8498514294624329,0.637568473815918,87,205,4399,543,205,0,16,46,25,0,0
349,in_distribution,1.0,0.8441666960716248,0.3937855362892151,78,200,2990,330,200,0,16,44,18,0,0
350,in_distribution,1.0,0.8143030405044556,0.537246823310852,71,201,3901,361,201,0,16,30,25,0,0
351,in_distribution,0.4,0.9627323746681213,0.6541836857795715,72,220,4864,585,220,0,16,45,11,0,0
352,in_distribution,1.0,0.7718145847320557,0.48163360357284546,95,201,3380,353,201,0,61,13,21,0,0
353,in_distribution,1.0,1.0560166835784912,0.4067840576171875,139,200,3360,311,200,0,64,58,17,0,0
354,in_distribution,1.0,0.8181883692741394,0.45700401067733765,88,200,3002,266,200,0,16,46,26,0,0
355,in_distribution,0.8,0.922163724899292,0.5349557399749756,69,200,4799,519,200,0,16,27,26,0,0
356,in_distribution,1.0,0.7929128408432007,0.6770594716072083,58,205,1445,264,205,0,29,26,3,0,0
357,in_distribution,0.9,0.7870586514472961,0.6132272481918335,60,204,4702,506,204,0,16,41,3,0,0
358,in_distribution,0.9,0.9683933258056641,0.752331554889679,74,218,4068,601,218,0,32,27,15,0,0
359,in_distribution,0.9,0.8599006533622742,0.6451786756515503,76,201,4472,579,201,0,32,29,15,0,0
360,in_distribution,0.5,0.9037526845932007,0.5800666809082031,47,203,4583,610,203,0,16,13,18,0,0
361,in_distribution,1.0,0.8848503232002258,0.3890920877456665,88,200,3102,204,200,0,16,62,10,0,0
362,in_distribution,1.0,0.9163978695869446,0.470170259475708,72,205,4005,389,205,0,32,30,10,0,0
363,in_distribution,1.0,0.8730175495147705,0.5081731081008911,107,200,3614,373,200,0,16,76,15,0,0
364,in_distribution,1.0,0.8578470349311829,0.4952007532119751,87,200,4218,470,200,0,32,45,10,0,0
365,in_distribution,1.0,0.6493617296218872,0.6174707412719727,47,201,4262,467,201,0,16,28,3,0,0
366,in_distribution,1.0,1.2018181085586548,0.7379006743431091,91,201,3018,366,201,0,16,58,17,0,0
367,in_distribution,1.0,1.0619385242462158,0.442018985748291,158,200,3336,247,200,0,109,29,20,0,0
368,in_distribution,1.0,0.8461809158325195,0.5639740228652954,78,200,3361,366,200,0,32,30,16,0,0
369,in_distribution,1.0,0.8541082739830017,0.5669043064117432,50,202,4051,429,202,0,16,16,18,0,0
370,in_distribution,1.0,0.8525123596191406,0.5251219868659973,66,203,4236,451,203,0,32,16,18,0,0
371,in_distribution,1.0,0.8180712461471558,0.42526865005493164,108,200,2197,193,200,0,48,57,3,0,0
372,in_distribution,0.8,0.7965019941329956,0.6611921191215515,65,202,4516,531,202,0,31,16,18,0,0
373,in_distribution,1.0,0.9542475938796997,0.4750897288322449,91,200,3866,318,200,0,32,43,16,0,0
374,in_distribution,0.4,1.0030083656311035,0.6343276500701904,89,211,4946,603,211,0,16,46,27,0,0
375,in_distribution,1.0,0.9481630325317383,0.6879210472106934,57,209,2843,485,209,0,32,10,15,0,0
376,in_distribution,1.0,0.7601953744888306,0.5874399542808533,94,200,4533,423,200,0,16,75,3,0,0
377,in_distribution,1.0,0.7784568071365356,0.5100212693214417,108,201,3718,394,201,0,32,73,3,0,0
378,in_distribution,1.0,0.8608648777008057,0.46549177169799805,88,200,4122,443,200,0,16,62,10,0,0
379,in_distribution,0.9,0.8532224297523499,0.44290614128112793,99,200,3671,382,200,0,48,31,20,0,0
380,in_distribution,1.0,0.6725823879241943,0.4634847640991211,92,200,3970,343,200,0,64,25,3,0,0
381,in_distribution,1.0,0.8678027391433716,0.48134684562683105,88,200,3649,344,200,0,32,46,10,0,0
382,in_distribution,1.0,0.7879428863525391,0.46509850025177,72,202,3256,287,202,0,16,46,10,0,0
383,in_distribution,1.0,0.8817329406738281,0.496245801448822,54,201,3962,393,201,0,16,28,10,0,0
384,in_distribution,1.0,1.0328720808029175,0.6062845587730408,110,200,2220,257,200,0,64,30,16,0,0
385,in_distribution,0.5,0.8309962749481201,0.6218856573104858,68,213,5015,611,213,0,16,44,8,0,0
386,in_distribution,1.0,0.903799295425415,0.43869996070861816,112,200,3963,361,200,0,32,45,35,0,0
387,in_distribution,1.0,0.7240220308303833,0.49771982431411743,115,202,4328,450,202,0,48,47,20,0,0
388,in_distribution,0.8,0.7726759314537048,0.5329134464263916,40,201,4419,530,201,0,16,14,10,0,0
389,in_distribution,0.9,0.8436535596847534,0.5699602365493774,70,203,4019,430,203,0,27,16,27,0,0
390,in_distribution,1.0,0.8142570853233337,0.559149444103241,117,202,2931,319,202,0,16,98,3,0,0
391,in_distribution,0.9,0.7922298312187195,0.5913184285163879,53,204,4634,577,204,0,16,29,8,0,0
392,in_distribution,1.0,0.67270827293396,0.4449493885040283,44,200,3124,311,200,0,16,25,3,0,0
393,in_distribution,1.0,0.9796960353851318,0.52822345495224,141,201,3617,324,201,0,47,70,24,0,0
394,in_distribution,1.0,0.8095401525497437,0.4331706762313843,93,200,2738,358,200,0,15,58,20,0,0
395,in_distribution,1.0,0.9197367429733276,0.5267657041549683,70,203,4413,381,203,0,32,28,10,0,0
396,in_distribution,0.9,0.9294160008430481,0.4759630560874939,136,200,4265,464,200,0,80,32,24,0,0
397,in_distribution,1.0,0.8386649489402771,0.47119808197021484,100,200,3028,232,200,0,32,58,10,0,0
398,in_distribution,1.0,0.8329257965087891,0.5139469504356384,92,202,3098,423,202,0,16,73,3,0,0
399,in_distribution,1.0,0.7307270765304565,0.3587777614593506,119,200,2373,271,200,0,63,46,10,0,0
400,in_distribution,1.0,0.955676257610321,0.5433818697929382,83,201,4361,476,201,0,32,41,10,0,0
401,in_distribution,1.0,0.793895959854126,0.4682660698890686,122,200,3696,318,200,0,47,72,3,0,0
402,in_distribution,1.0,0.9800532460212708,0.271859347820282,82,200,2794,219,200,0,30,42,10,0,0
403,in_distribution,0.9,0.962852954864502,0.5226175785064697,75,200,4163,463,200,0,16,44,15,0,0
404,in_distribution,0.4,1.1350959539413452,0.6312882900238037,104,215,4558,588,215,0,48,46,10,0,0
405,in_distribution,1.0,0.8013922572135925,0.47857367992401123,118,201,3600,335,201,0,80,28,10,0,0
406,in_distribution,1.0,1.0170199871063232,0.5721645355224609,64,200,4340,433,200,0,32,16,16,0,0
407,in_distribution,0.9,1.0605740547180176,0.6285173892974854,92,203,4352,554,203,0,16,63,13,0,0
408,in_distribution,1.0,0.8005611896514893,0.5307543277740479,96,200,4354,414,200,0,29,59,8,0,0
409,in_distribution,0.8,0.9370933175086975,0.6104240417480469,53,203,4404,480,203,0,13,16,24,0,0
410,in_distribution,0.9,0.8770138025283813,0.6215875148773193,71,220,4713,642,220,0,16,30,25,0,0
411,in_distribution,1.0,0.9738080501556396,0.5332621335983276,59,202,4429,513,202,0,13,28,18,0,0
412,in_distribution,1.0,0.9500038027763367,0.6079437732696533,121,202,3441,278,202,0,79,29,13,0,0
413,in_distribution,1.0,0.7648237943649292,0.5601745843887329,107,202,4316,423,202,0,79,25,3,0,0
414,in_distribution,0.9,0.9297108054161072,0.5078238248825073,118,201,3848,366,201,0,80,28,10,0,0
415,in_distribution,0.7,0.8560184240341187,0.6777672171592712,77,217,4718,517,217,0,47,14,16,0,0
416,in_distribution,1.0,0.822110652923584,0.496062695980072,120,200,2609,247,200,0,64,46,10,0,0
417,in_distribution,1.0,0.8064074516296387,0.5842533111572266,102,203,4472,586,203,0,32,47,23,0,0
418,in_distribution,1.0,0.8121832013130188,0.4080106019973755,99,200,3257,290,200,0,48,41,10,0,0
419,in_distribution,1.0,0.7966744303703308,0.511576771736145,86,205,4550,566,205,0,32,44,10,0,0
420,in_distribution,0.8,0.9378949999809265,0.6521115303039551,79,207,3968,621,207,0,16,47,16,0,0
421,in_distribution,1.0,0.9450362920761108,0.7026057243347168,65,204,3370,425,204,0,16,41,8,0,0
422,in_distribution,0.9,1.0389894247055054,0.6016833782196045,85,201,3630,416,201,0,32,38,15,0,0
423,in_distribution,0.8,0.7735638618469238,0.5686405897140503,130,202,4296,490,202,0,80,30,20,0,0
424,in_distribution,1.0,0.9313415288925171,0.38770127296447754,74,200,2924,261,200,0,15,41,18,0,0
425,in_distribution,1.0,0.7705376148223877,0.4571717381477356,95,201,4170,426,201,0,64,28,3,0,0
426,in_distribution,0.8,0.9455849528312683,0.6085426807403564,77,201,4104,462,201,0,32,30,15,0,0
427,in_distribution,0.7,0.9252911806106567,0.5944201946258545,147,228,5176,602,228,0,48,62,37,0,0
428,in_distribution,0.7,0.9065198302268982,0.554736316204071,98,204,4614,542,204,0,47,29,22,0,0
429,in_distribution,1.0,0.8949973583221436,0.4442940950393677,130,200,3992,374,200,0,80,32,18,0,0
430,in_distribution,1.0,0.6667881011962891,0.4587346911430359,71,200,3062,342,200,0,16,30,25,0,0
431,in_distribution,0.9,0.8507673144340515,0.5713449716567993,93,200,4004,438,200,0,47,43,3,0,0
432,in_distribution,1.0,0.9542625546455383,0.6677954196929932,83,208,3349,482,208,0,16,47,20,0,0
433,in_distribution,0.9,0.9296740293502808,0.6970272064208984,51,201,4097,499,201,0,15,14,22,0,0
434,in_distribution,0.5,0.7971109747886658,0.6255289912223816,76,209,4723,554,209,0,16,31,29,0,0
435,in_distribution,1.0,0.9460496306419373,0.5316725969314575,64,200,2390,288,200,0,32,13,19,0,0
436,in_distribution,1.0,0.9752717018127441,0.5428692102432251,110,201,4127,401,201,0,32,48,30,0,0
437,in_distribution,1.0,0.7583064436912537,0.6050680875778198,62,204,3621,338,204,0,32,10,20,0,0
438,in_distribution,1.0,0.7490556240081787,0.2956905961036682,79,200,2190,248,200,0,32,29,18,0,0
439,in_distribution,1.0,0.8706176280975342,0.64992356300354,84,212,2750,482,212,0,16,60,8,0,0
440,in_distribution,1.0,1.0753477811813354,0.597055196762085,82,200,4439,497,200,0,32,29,21,0,0
441,in_distribution,1.0,0.8043156862258911,0.4774605631828308,88,202,4255,474,202,0,48,30,10,0,0
442,in_distribution,1.0,0.9992669820785522,0.5924059748649597,97,200,3545,346,200,0,32,47,18,0,0
443,in_distribution,1.0,0.8284251093864441,0.6356083154678345,83,205,4217,498,205,0,47,26,10,0,0
444,in_distribution,0.9,0.7742825150489807,0.3960772752761841,132,200,4162,417,200,0,64,43,25,0,0
445,in_distribution,0.9,0.761846661567688,0.46307802200317383,69,201,3781,358,201,0,16,43,10,0,0
446,in_distribution,1.0,0.9347163438796997,0.5508992075920105,85,200,2948,325,200,0,32,45,8,0,0
447,in_distribution,1.0,0.9301993250846863,0.5749139189720154,72,200,3827,377,200,0,16,29,27,0,0
448,in_distribution,1.0,0.856373131275177,0.5213724374771118,81,201,3525,381,201,0,47,16,18,0,0
449,in_distribution,1.0,0.8823684453964233,0.6041247248649597,72,206,3483,473,206,0,32,30,10,0,0
450,in_distribution,1.0,0.7903353571891785,0.2787909507751465,66,200,1930,242,200,0,16,29,21,0,0
451,in_distribution,1.0,0.7760345935821533,0.41239529848098755,55,200,3402,262,200,0,31,14,10,0,0
452,in_distribution,1.0,0.8860753178596497,0.716906726360321,71,203,1896,258,203,0,31,15,25,0,0
453,in_distribution,1.0,0.9569185972213745,0.6848805546760559,55,204,4067,470,204,0,15,15,25,0,0
454,in_distribution,1.0,0.8869070410728455,0.5648640394210815,121,201,3819,362,201,0,44,59,18,0,0
455,in_distribution,1.0,0.8471236228942871,0.49550724029541016,86,200,4130,492,200,0,32,44,10,0,0
456,in_distribution,1.0,0.9979234337806702,0.5168365240097046,100,203,3703,396,203,0,15,61,24,0,0
457,in_distribution,0.9,0.8305416107177734,0.535981297492981,54,200,4511,439,200,0,16,28,10,0,0
458,in_distribution,0.9,0.9843389987945557,0.659911036491394,51,217,4342,523,217,0,15,14,22,0,0
459,in_distribution,0.5,0.8794697523117065,0.6476141810417175,81,201,4591,547,201,0,16,52,13,0,0
460,in_distribution,1.0,0.944280207157135,0.48034536838531494,97,201,4103,426,201,0,48,29,20,0,0
461,in_distribution,1.0,0.8393975496292114,0.45032060146331787,126,200,3871,325,200,0,80,37,9,0,0
462,in_distribution,0.6,0.9373942017555237,0.6988922357559204,56,207,3917,575,207,0,15,38,3,0,0
463,in_distribution,0.9,0.9063265323638916,0.611275851726532,66,205,3940,473,205,0,32,16,18,0,0
464,in_distribution,0.6,0.8023978471755981,0.6061066389083862,100,201,4605,515,201,0,32,43,25,0,0
465,in_distribution,1.0,0.8673056364059448,0.4015534520149231,98,200,2969,315,200,0,60,28,10,0,0
466,in_distribution,1.0,0.8758907318115234,0.6262467503547668,74,208,3372,383,208,0,15,41,18,0,0
467,in_distribution,0.8,0.9639143347740173,0.505632221698761,72,200,4462,508,200,0,16,46,10,0,0
468,in_distribution,1.0,0.9955096244812012,0.47947871685028076,110,200,2115,236,200,0,89,13,8,0,0
469,in_distribution,1.0,0.8131957650184631,0.3270958662033081,81,200,3026,337,200,0,41,30,10,0,0
470,in_distribution,1.0,0.8499433398246765,0.48253875970840454,113,200,4087,476,200,0,64,24,25,0,0
471,in_distribution,0.9,0.9761887788772583,0.6045241355895996,32,205,4199,455,205,0,14,9,9,0,0
472,in_distribution,1.0,0.7336109280586243,0.43824058771133423,72,200,4019,429,200,0,32,30,10,0,0
473,in_distribution,1.0,0.7560957074165344,0.37123459577560425,82,200,3684,354,200,0,48,16,18,0,0
474,in_distribution,1.0,0.9889008402824402,0.5700688362121582,72,203,3522,387,203,0,32,30,10,0,0
475,in_distribution,0.8,0.8147907257080078,0.6589013338088989,66,226,4909,575,226,0,16,32,18,0,0
476,in_distribution,1.0,0.9157029390335083,0.341114342212677,88,200,3351,294,200,0,48,30,10,0,0
477,in_distribution,1.0,0.6711231470108032,0.5474317073822021,76,203,4036,420,203,0,16,57,3,0,0
478,in_distribution,0.9,0.7372815608978271,0.6105918288230896,71,206,4184,523,206,0,31,30,10,0,0
479,in_distribution,0.7,0.7516790628433228,0.5023675560951233,98,200,4278,540,200,0,32,48,18,0,0
480,in_distribution,1.0,0.7809529304504395,0.4954463243484497,66,210,4036,491,210,0,32,16,18,0,0
481,in_distribution,1.0,0.8452862501144409,0.38962602615356445,94,200,2840,304,200,0,48,30,16,0,0
482,in_distribution,1.0,0.9953699707984924,0.6689923405647278,56,205,3555,383,205,0,16,25,15,0,0
483,in_distribution,1.0,0.8816723823547363,0.422607421875,98,200,2275,229,200,0,16,53,29,0,0
484,in_distribution,1.0,1.1002839803695679,0.39145272970199585,87,200,1875,131,200,0,14,46,27,0,0
485,in_distribution,1.0,0.869477391242981,0.6386727094650269,72,203,3433,401,203,0,16,46,10,0,0
486,in_distribution,1.0,1.0449388027191162,0.639061689376831,72,202,2936,307,202,0,16,32,24,0,0
487,in_distribution,1.0,1.0929979085922241,0.4902840256690979,74,200,2218,254,200,0,14,38,22,0,0
488,in_distribution,0.8,0.8830613493919373,0.5792257785797119,81,203,4564,557,203,0,16,47,18,0,0
489,in_distribution,1.0,0.8253335952758789,0.5236801505088806,40,201,4167,525,201,0,16,14,10,0,0
490,in_distribution,1.0,0.8160753846168518,0.5846996307373047,91,203,2744,364,203,0,32,44,15,0,0
491,in_distribution,1.0,0.879497766494751,0.5653858184814453,92,202,2646,327,202,0,47,29,16,0,0
492,in_distribution,0.9,0.9035148620605469,0.5021913051605225,96,200,4448,452,200,0,78,9,9,0,0
493,in_distribution,1.0,0.7870196104049683,0.4429948925971985,92,200,3286,330,200,0,16,58,18,0,0
494,in_distribution,0.7,0.9705464243888855,0.6399140357971191,73,203,4536,610,203,0,48,10,15,0,0
495,in_distribution,0.9,0.8220860362052917,0.5201871991157532,87,200,4061,444,200,0,32,30,25,0,0
496,in_distribution,0.8,0.8877670764923096,0.5856881141662598,66,203,4819,587,203,0,32,16,18,0,0
497,in_distribution,0.9,1.0195039510726929,0.6681851148605347,64,207,4646,557,207,0,16,32,16,0,0
498,in_distribution,0.6,0.9305123686790466,0.6860820055007935,50,206,4571,584,206,0,16,16,18,0,0
499,in_distribution,0.7,0.9058285355567932,0.5887278318405151,71,200,4494,552,200,0,32,13,26,0,0
500,in_distribution,1.0,0.8251093029975891,0.5056536197662354,66,204,3959,477,204,0,16,32,18,0,0
501,in_distribution,1.0,0.9311954975128174,0.34249645471572876,79,200,2773,255,200,0,32,38,9,0,0
502,in_distribution,1.0,0.9215541481971741,0.5346143245697021,63,200,4071,413,200,0,31,16,16,0,0
503,in_distribution,0.9,0.8195098638534546,0.5446999073028564,81,200,4453,483,200,0,16,55,10,0,0
504,in_distribution,0.5,0.8426697254180908,0.6734815239906311,61,206,4537,548,206,0,32,26,3,0,0
505,in_distribution,1.0,0.8557542562484741,0.359050989151001,122,200,3394,388,200,0,32,64,26,0,0
506,in_distribution,0.9,0.9345282316207886,0.5262720584869385,112,201,4451,476,201,0,30,64,18,0,0
507,in_distribution,1.0,0.8902307152748108,0.4996604323387146,95,201,3477,343,201,0,16,61,18,0,0
508,in_distribution,1.0,0.8027528524398804,0.5110495090484619,104,200,3766,444,200,0,64,30,10,0,0
509,in_distribution,1.0,0.841440737247467,0.4651339650154114,128,200,3236,274,200,0,24,101,3,0,0
510,in_distribution,0.9,0.8759025931358337,0.5296530723571777,82,200,4571,460,200,0,48,16,18,0,0
511,in_distribution,0.9,0.9197390079498291,0.48698490858078003,70,200,3799,396,200,0,32,28,10,0,0
512,in_distribution,0.7,0.8183480501174927,0.6163115501403809,78,203,2996,419,203,0,16,45,17,0,0
513,in_distribution,0.7,0.9321169853210449,0.6526176333427429,96,207,4591,578,207,0,48,32,16,0,0
514,in_distribution,1.0,0.9674569368362427,0.4154326319694519,116,201,3076,323,201,0,77,13,26,0,0
515,in_distribution,1.0,0.9485258460044861,0.5403141975402832,73,216,4032,525,216,0,32,26,15,0,0
516,in_distribution,1.0,0.8947426080703735,0.5992007255554199,54,203,3917,472,203,0,16,12,26,0,0
517,in_distribution,1.0,0.8553932905197144,0.5637449026107788,104,201,3291,344,201,0,16,78,10,0,0
518,in_distribution,1.0,0.8884071111679077,0.5115596055984497,113,203,4233,469,203,0,48,47,18,0,0
519,in_distribution,1.0,0.955790638923645,0.5820208787918091,92,201,4665,604,201,0,48,31,13,0,0
520,in_distribution,1.0,0.9959352016448975,0.5708586573600769,62,202,3990,469,202,0,16,26,20,0,0
521,in_distribution,1.0,0.9288238883018494,0.5697596669197083,72,206,4533,587,206,0,32,30,10,0,0
522,in_distribution,0.9,0.9535682797431946,0.4557323455810547,93,200,3687,353,200,0,46,29,18,0,0
523,in_distribution,0.8,0.8354616761207581,0.6444216966629028,73,204,4242,594,204,0,30,40,3,0,0
524,in_distribution,1.0,0.9784210324287415,0.6619268655776978,67,203,4173,470,203,0,14,32,21,0,0
525,in_distribution,1.0,0.9150581955909729,0.4636634588241577,112,200,3359,298,200,0,48,56,8,0,0
526,in_distribution,1.0,0.9259026050567627,0.5622949600219727,81,200,3995,415,200,0,32,31,18,0,0
527,in_distribution,0.9,1.102645754814148,0.5865405797958374,77,201,3978,392,201,0,32,15,30,0,0
528,in_distribution,1.0,0.8235503435134888,0.5808156728744507,53,201,3922,396,201,0,13,16,24,0,0
529,in_distribution,0.7,0.9247335195541382,0.6456067562103271,78,202,4392,508,202,0,15,47,16,0,0
530,in_distribution,1.0,0.9410529732704163,0.6398804187774658,80,201,3215,339,201,0,31,40,9,0,0
531,in_distribution,1.0,0.7337863445281982,0.4674738049507141,110,200,4489,462,200,0,16,91,3,0,0
532,in_distribution,0.7,0.9124168157577515,0.5880641341209412,98,205,4616,579,205,0,16,72,10,0,0
533,in_distribution,0.9,1.000305414199829,0.5879160165786743,85,202,4534,562,202,0,16,59,10,0,0
534,in_distribution,1.0,0.7891248464584351,0.4206874370574951,73,200,3930,351,200,0,48,10,15,0,0
535,in_distribution,0.9,0.9517561197280884,0.5393370389938354,111,200,4141,438,200,0,48,45,18,0,0
536,in_distribution,1.0,0.9899333715438843,0.5472809076309204,87,200,3891,452,200,0,48,14,25,0,0
537,in_distribution,0.9,0.7336606383323669,0.5263611078262329,107,201,3871,495,201,0,31,56,20,0,0
538,in_distribution,1.0,1.0115079879760742,0.5139365792274475,106,202,3565,340,202,0,61,36,9,0,0
539,in_distribution,0.8,0.8593752980232239,0.6315618753433228,73,205,4208,496,205,0,32,14,27,0,0
540,in_distribution,1.0,0.9750561714172363,0.538772463798523,80,206,3891,489,206,0,48,11,21,0,0
541,in_distribution,1.0,0.7838690280914307,0.46890997886657715,74,200,2987,333,200,0,32,16,26,0,0
542,in_distribution,0.9,0.7767528295516968,0.6493533849716187,65,204,4663,587,204,0,31,16,18,0,0
543,in_distribution,1.0,0.8069664239883423,0.4538349509239197,114,200,3249,327,200,0,47,42,25,0,0
544,in_distribution,0.9,0.9510998725891113,0.6077818870544434,77,203,4015,448,203,0,16,43,18,0,0
545,in_distribution,0.9,1.022902488708496,0.454545795917511,78,200,4652,535,200,0,29,29,20,0,0
546,in_distribution,0.7,0.8307422399520874,0.5890610218048096,135,200,4571,573,200,0,48,62,25,0,0
547,in_distribution,1.0,0.9879443049430847,0.6134827136993408,53,204,3980,474,204,0,13,16,24,0,0
548,in_distribution,1.0,0.890310525894165,0.5477515459060669,71,203,4131,349,203,0,32,14,25,0,0
549,in_distribution,1.0,1.050585389137268,0.6727970838546753,88,202,2655,261,202,0,32,46,10,0,0
550,in_distribution,1.0,0.9286138415336609,0.6405338048934937,64,203,3812,490,203,0,32,16,16,0,0
551,in_distribution,1.0,1.0080796480178833,0.3211800456047058,90,200,2178,290,200,0,25,45,20,0,0
552,in_distribution,0.6,1.144816279411316,0.5667935609817505,79,200,4609,561,200,0,16,28,35,0,0
553,in_distribution,1.0,0.830695629119873,0.5468897223472595,78,201,4234,449,201,0,16,46,16,0,0
554,in_distribution,1.0,0.9320024251937866,0.5865598917007446,88,202,4266,503,202,0,32,46,10,0,0
555,in_distribution,1.0,1.0230029821395874,0.6467972993850708,78,208,3918,589,208,0,16,46,16,0,0
556,in_distribution,0.9,0.7955995202064514,0.6044365167617798,52,206,4350,485,206,0,31,13,8,0,0
557,in_distribution,1.0,0.7921505570411682,0.2377384901046753,124,200,3183,238,200,0,46,60,18,0,0
558,in_distribution,1.0,1.0428776741027832,0.3968603014945984,68,200,1944,218,200,0,27,26,15,0,0
559,in_distribution,0.7,1.0362290143966675,0.5860356092453003,83,204,4917,586,204,0,16,28,39,0,0
560,in_distribution,1.0,0.9250407218933105,0.4411766529083252,61,200,2419,242,200,0,16,16,29,0,0
561,in_distribution,1.0,1.0289442539215088,0.6164929866790771,36,200,4334,459,200,0,15,13,8,0,0
562,in_distribution,1.0,0.9019678235054016,0.58806312084198,101,201,3868,425,201,0,32,42,27,0,0
563,in_distribution,1.0,0.8360852599143982,0.6483418941497803,76,202,4046,408,202,0,32,28,16,0,0
564,in_distribution,1.0,0.8726859092712402,0.5133099555969238,88,202,4578,504,202,0,16,47,25,0,0
565,in_distribution,1.0,0.7207211852073669,0.49704819917678833,80,200,3446,410,200,0,31,15,34,0,0
566,in_distribution,1.0,0.9105620384216309,0.5592477917671204,51,204,4077,461,204,0,15,14,22,0,0
567,in_distribution,1.0,0.8414856195449829,0.3311308026313782,118,200,3039,264,200,0,64,44,10,0,0
568,in_distribution,0.8,0.9051127433776855,0.597530722618103,94,201,4753,548,201,0,32,44,18,0,0
569,in_distribution,0.7,0.8184276819229126,0.5975601673126221,51,202,4701,542,202,0,16,25,10,0,0
570,in_distribution,0.6,1.1046174764633179,0.572852373123169,90,209,3835,468,209,0,44,24,22,0,0
571,in_distribution,0.9,0.8720521926879883,0.6316100358963013,66,201,4777,573,201,0,16,30,20,0,0
572,in_distribution,1.0,0.9711573123931885,0.4397256374359131,99,200,3658,357,200,0,48,43,8,0,0
573,in_distribution,1.0,0.9574061036109924,0.4519486427307129,92,200,2947,322,200,0,16,66,10,0,0
574,in_distribution,1.0,0.7973203659057617,0.4540325403213501,83,200,4120,502,200,0,27,46,10,0,0
575,in_distribution,1.0,0.8013465404510498,0.3852124810218811,87,200,3175,282,200,0,32,30,25,0,0
576,in_distribution,1.0,0.9387384653091431,0.33122384548187256,129,200,2979,293,200,0,61,58,10,0,0
577,in_distribution,1.0,0.7610939741134644,0.4437694549560547,56,200,4003,318,200,0,16,30,10,0,0
578,in_distribution,1.0,1.0510419607162476,0.6407464146614075,63,204,3861,387,204,0,16,29,18,0,0
579,in_distribution,0.9,0.8164942264556885,0.6756429076194763,68,202,4322,515,202,0,32,16,20,0,0
580,in_distribution,1.0,0.7775812745094299,0.4699981212615967,99,200,4233,465,200,0,48,31,20,0,0
581,in_distribution,0.8,0.970348596572876,0.6773421764373779,81,200,4127,505,200,0,32,31,18,0,0
582,in_distribution,1.0,0.9887852668762207,0.5491679310798645,106,203,4041,519,203,0,64,16,26,0,0
583,in_distribution,1.0,1.1102420091629028,0.6007899045944214,88,201,3482,312,201,0,32,31,25,0,0
584,in_distribution,1.0,0.8695594668388367,0.41963279247283936,101,200,3495,348,200,0,48,45,8,0,0
585,in_distribution,1.0,0.7954097986221313,0.3272104859352112,104,200,3235,303,200,0,64,30,10,0,0
586,in_distribution,1.0,0.9088736772537231,0.479120671749115,99,200,2058,199,200,0,29,60,10,0,0
587,in_distribution,1.0,0.7628855109214783,0.5489826798439026,94,202,4035,399,202,0,47,44,3,0,0
588,in_distribution,1.0,0.8513199090957642,0.4565236568450928,111,201,3507,429,201,0,48,45,18,0,0
589,in_distribution,0.8,0.9659038782119751,0.49550074338912964,63,203,4385,471,203,0,16,39,8,0,0
590,in_distribution,1.0,0.7722733020782471,0.43348240852355957,87,200,3561,387,200,0,9,60,18,0,0
591,in_distribution,1.0,1.0457861423492432,0.6872429847717285,86,203,2737,292,203,0,32,44,10,0,0
592,in_distribution,1.0,0.9068813323974609,0.3635050654411316,87,200,3471,328,200,0,47,30,10,0,0
593,in_distribution,1.0,0.9582158327102661,0.6286970376968384,92,201,3567,339,201,0,46,28,18,0,0
594,in_distribution,0.9,0.8452560305595398,0.5062188506126404,72,200,4149,412,200,0,32,30,10,0,0
595,in_distribution,0.9,0.9434435367584229,0.5439556241035461,119,200,4044,475,200,0,31,64,24,0,0
596,in_distribution,1.0,0.7781141996383667,0.49423420429229736,95,200,3843,351,200,0,32,45,18,0,0
597,in_distribution,1.0,0.9041549563407898,0.29674065113067627,80,200,2890,265,200,0,40,30,10,0,0
598,in_distribution,1.0,0.9750531911849976,0.5195331573486328,52,203,4355,520,203,0,16,12,24,0,0
599,in_distribution,1.0,0.654739260673523,0.4263233542442322,76,200,2217,202,200,0,16,57,3,0,0
600,in_distribution,0.9,1.0366803407669067,0.626224160194397,58,205,4090,428,205,0,16,16,26,0,0
601,in_distribution,1.0,1.0482498407363892,0.6233257055282593,103,200,2971,309,200,0,32,46,25,0,0
602,in_distribution,1.0,0.7150528430938721,0.377266526222229,106,200,3483,303,200,0,44,44,18,0,0
603,in_distribution,1.0,0.8169983625411987,0.5168111324310303,104,202,3641,346,202,0,48,31,25,0,0
604,in_distribution,1.0,0.9353373646736145,0.5297269225120544,77,200,2052,214,200,0,32,16,29,0,0
605,in_distribution,0.6,0.8146120309829712,0.5325449109077454,65,200,4752,591,200,0,25,30,10,0,0
606,in_distribution,1.0,0.9089410305023193,0.29179108142852783,103,200,2508,218,200,0,48,44,11,0,0
607,in_distribution,1.0,0.9218361377716064,0.5684607028961182,111,205,4499,543,205,0,48,45,18,0,0
608,in_distribution,0.6,0.7882489562034607,0.5372955799102783,56,204,4792,515,204,0,32,14,10,0,0
609,in_distribution,0.9,0.9143021702766418,0.5674411058425903,86,202,3908,458,202,0,48,23,15,0,0
610,in_distribution,1.0,0.931903600692749,0.506668210029602,122,204,4661,553,204,0,76,25,21,0,0
611,in_distribution,1.0,0.791479766368866,0.4145962595939636,78,202,3618,366,202,0,16,53,9,0,0
612,in_distribution,0.8,0.894119918346405,0.569441020488739,110,200,4493,507,200,0,32,60,18,0,0
613,in_distribution,1.0,0.8078560829162598,0.38012075424194336,80,200,2707,275,200,0,16,54,10,0,0
614,in_distribution,1.0,0.7731136679649353,0.4545464515686035,93,200,3330,283,200,0,31,44,18,0,0
615,in_distribution,0.8,0.7327618598937988,0.5235769748687744,96,203,4477,548,203,0,64,29,3,0,0
616,in_distribution,1.0,0.8648871779441833,0.493066668510437,57,200,3116,310,200,0,16,26,15,0,0
617,in_distribution,1.0,0.9600113034248352,0.6111247539520264,72,201,4100,463,201,0,32,30,10,0,0
618,in_distribution,1.0,0.9835364818572998,0.35592079162597656,120,200,3231,280,200,0,90,13,17,0,0
619,in_distribution,0.8,0.9114400148391724,0.6120728254318237,70,201,4234,467,201,0,16,28,26,0,0
620,in_distribution,0.6,0.8067679405212402,0.6830217838287354,44,204,4779,581,204,0,16,25,3,0,0
621,in_distribution,0.9,0.8588563799858093,0.49369484186172485,105,201,4229,423,201,0,16,64,25,0,0
622,in_distribution,0.7,0.9301558136940002,0.5928131341934204,89,202,4672,550,202,0,32,31,26,0,0
623,in_distribution,0.4,0.8917503356933594,0.6638807058334351,97,206,4644,604,206,0,31,48,18,0,0
624,in_distribution,0.8,0.7371883988380432,0.6970639228820801,47,209,4192,483,209,0,16,28,3,0,0
625,in_distribution,0.7,0.917760968208313,0.5924500226974487,102,201,4603,545,201,0,16,57,29,0,0
626,in_distribution,0.9,0.8887699246406555,0.4848700165748596,116,201,4060,432,201,0,32,60,24,0,0
627,in_distribution,0.4,0.868466317653656,0.5548921823501587,88,200,4570,552,200,0,32,46,10,0,0
628,in_distribution,0.6,1.0266573429107666,0.7358753681182861,40,203,4469,565,203,0,16,14,10,0,0
629,in_distribution,0.7,0.9994136095046997,0.591594398021698,103,200,4577,535,200,0,32,46,25,0,0
630,in_distribution,1.0,0.8411059379577637,0.60141921043396,76,200,4177,396,200,0,47,14,15,0,0
631,in_distribution,1.0,1.0517977476119995,0.4514249563217163,127,200,3624,351,200,0,48,63,16,0,0
632,in_distribution,0.8,0.8949993252754211,0.5871387124061584,82,202,4450,449,202,0,46,28,8,0,0
633,in_distribution,1.0,1.037400245666504,0.5684988498687744,97,204,3759,381,204,0,48,31,18,0,0
634,in_distribution,0.5,0.7721216082572937,0.6380927562713623,96,207,4706,628,207,0,16,55,25,0,0
635,in_distribution,0.9,0.861823320388794,0.5668213963508606,82,205,4617,506,205,0,48,16,18,0,0
636,in_distribution,0.7,0.8800003528594971,0.5108903050422668,82,200,4445,513,200,0,46,16,20,0,0
637,in_distribution,0.6,0.7676985263824463,0.6492375135421753,91,204,4514,537,204,0,48,40,3,0,0
638,in_distribution,1.0,0.7763090133666992,0.5835460424423218,56,201,4125,398,201,0,16,30,10,0,0
639,in_distribution,1.0,0.976044774055481,0.5668299198150635,50,203,4372,460,203,0,16,16,18,0,0
640,in_distribution,1.0,0.7361645698547363,0.43678468465805054,95,200,3688,331,200,0,63,16,16,0,0
641,in_distribution,1.0,0.9233468770980835,0.5897477865219116,52,204,4346,503,204,0,16,12,24,0,0
642,in_distribution,1.0,1.0412718057632446,0.6552306413650513,82,202,3336,351,202,0,16,48,18,0,0
643,in_distribution,0.7,1.0911346673965454,0.6379145383834839,65,201,3808,453,201,0,15,29,21,0,0
644,in_distribution,0.9,0.9269774556159973,0.6052136421203613,72,223,4956,556,223,0,48,14,10,0,0
645,in_distribution,0.8,1.0056169033050537,0.6807094812393188,50,203,4171,538,203,0,16,25,9,0,0
646,in_distribution,1.0,0.8321030139923096,0.43670135736465454,110,200,3702,364,200,0,45,47,18,0,0
647,in_distribution,1.0,0.943967878818512,0.3892356753349304,72,200,3199,292,200,0,32,13,27,0,0
648,in_distribution,0.9,0.9354612231254578,0.6483711004257202,62,202,4062,496,202,0,16,37,9,0,0
649,in_distribution,1.0,0.9155094027519226,0.36852574348449707,77,200,2335,218,200,0,31,25,21,0,0
650,in_distribution,1.0,0.7385760545730591,0.5763857960700989,102,201,4627,606,201,0,48,44,10,0,0
651,in_distribution,1.0,0.9639328122138977,0.6131079196929932,72,203,3201,342,203,0,16,46,10,0,0
652,in_distribution,1.0,0.8118196129798889,0.6295092105865479,63,202,3807,395,202,0,32,13,18,0,0
653,in_distribution,1.0,0.9489956498146057,0.49605172872543335,76,200,3500,331,200,0,30,27,19,0,0
654,in_distribution,1.0,0.9970428347587585,0.3480246663093567,79,200,1596,169,200,0,28,26,25,0,0
655,in_distribution,1.0,0.901736319065094,0.5384839177131653,71,201,4314,407,201,0,16,30,25,0,0
656,in_distribution,1.0,0.8407024145126343,0.36856335401535034,74,200,2266,270,200,0,43,13,18,0,0
657,in_distribution,0.8,0.8281009793281555,0.5363037586212158,74,202,4794,483,202,0,32,16,26,0,0
658,in_distribution,1.0,1.0678099393844604,0.4222162365913391,93,201,2854,280,201,0,48,36,9,0,0
659,in_distribution,1.0,0.8814731240272522,0.4187626838684082,78,200,3645,326,200,0,31,29,18,0,0
660,in_distribution,1.0,0.7863404750823975,0.6070734262466431,81,206,4376,477,206,0,32,31,18,0,0
661,in_distribution,1.0,0.821320652961731,0.42092299461364746,89,200,3154,292,200,0,32,26,31,0,0
662,in_distribution,0.8,0.8078593611717224,0.4572867751121521,111,200,4184,425,200,0,63,45,3,0,0
663,in_distribution,1.0,1.0236443281173706,0.5150326490402222,102,200,2871,258,200,0,32,60,10,0,0
664,in_distribution,0.9,0.8738902807235718,0.5915244817733765,59,201,3542,398,201,0,15,41,3,0,0
665,in_distribution,1.0,0.8730652332305908,0.3936062455177307,86,201,4020,383,201,0,32,28,26,0,0
666,in_distribution,1.0,0.7407125234603882,0.42023104429244995,86,200,3453,346,200,0,32,44,10,0,0
667,in_distribution,1.0,0.7126524448394775,0.6364872455596924,64,208,4238,550,208,0,48,13,3,0,0
668,in_distribution,0.6,0.9559148550033569,0.6326175928115845,52,208,4677,555,208,0,16,26,10,0,0
669,in_distribution,0.9,0.7910659313201904,0.5799453854560852,56,205,4724,574,205,0,14,29,13,0,0
670,in_distribution,1.0,0.9375211596488953,0.40944087505340576,80,200,1389,131,200,0,40,37,3,0,0
671,in_distribution,0.8,0.8492631912231445,0.4750370383262634,69,200,4482,560,200,0,31,28,10,0,0
672,in_distribution,1.0,1.00275719165802,0.5861775875091553,67,201,3342,389,201,0,32,11,24,0,0
673,in_distribution,0.8,0.8767820000648499,0.5526875257492065,91,200,4457,536,200,0,32,43,16,0,0
674,in_distribution,1.0,1.0037480592727661,0.6056462526321411,52,201,3425,280,201,0,16,16,20,0,0
675,in_distribution,0.8,0.9746314287185669,0.5736055374145508,72,201,4432,510,201,0,32,30,10,0,0
676,in_distribution,1.0,0.8277043700218201,0.46186596155166626,98,201,3862,353,201,0,64,16,18,0,0
677,in_distribution,1.0,0.9280000329017639,0.3541065454483032,100,200,1857,185,200,0,26,71,3,0,0
678,in_distribution,1.0,0.8613460659980774,0.5603445768356323,63,205,4146,513,205,0,16,29,18,0,0
679,in_distribution,1.0,0.920698344707489,0.3510216474533081,87,200,1105,154,200,0,28,43,16,0,0
680,in_distribution,1.0,0.9738502502441406,0.5050374269485474,50,202,3535,407,202,0,16,16,18,0,0
681,in_distribution,0.7,0.9161258339881897,0.5431922674179077,88,202,4538,491,202,0,48,16,24,0,0
682,in_distribution,1.0,1.0948901176452637,0.6081667542457581,68,200,2424,271,200,0,41,14,13,0,0
683,in_distribution,0.7,0.9674762487411499,0.5647410154342651,89,214,4575,456,214,0,32,30,27,0,0
684,in_distribution,1.0,1.0261310338974,0.31638389825820923,66,200,3603,288,200,0,16,42,8,0,0
685,in_distribution,1.0,0.9442512392997742,0.6789432764053345,66,211,3361,548,211,0,32,16,18,0,0
686,in_distribution,1.0,0.9682623744010925,0.4974023699760437,90,201,2725,218,201,0,32,42,16,0,0
687,in_distribution,1.0,0.9647567868232727,0.5772050619125366,69,203,2209,287,203,0,32,29,8,0,0
688,in_distribution,0.9,0.8460726737976074,0.6525720357894897,106,204,4357,556,204,0,32,56,18,0,0
689,in_distribution,0.7,0.9464620351791382,0.5798231363296509,90,205,4303,594,205,0,32,27,31,0,0
690,in_distribution,0.9,1.0126771926879883,0.5824902057647705,76,200,4472,431,200,0,16,42,18,0,0
691,in_distribution,1.0,0.8311212062835693,0.3987136483192444,86,200,2844,257,200,0,48,28,10,0,0
692,in_distribution,1.0,0.8571481704711914,0.5152552127838135,104,200,4062,404,200,0,64,30,10,0,0
693,in_distribution,1.0,0.981416642665863,0.4976138472557068,141,202,4297,444,202,0,79,41,21,0,0
694,in_distribution,1.0,0.8594428300857544,0.4401118755340576,118,201,3647,339,201,0,64,44,10,0,0
695,in_distribution,0.8,0.9738281965255737,0.7107933759689331,75,212,4429,540,212,0,31,28,16,0,0
696,in_distribution,1.0,1.0500634908676147,0.5699591636657715,78,201,3326,310,201,0,32,16,30,0,0
697,in_distribution,0.9,0.8414918184280396,0.6521979570388794,78,205,3956,484,205,0,32,28,18,0,0
698,in_distribution,1.0,0.8456915616989136,0.4271986484527588,129,200,3643,297,200,0,46,73,10,0,0
699,in_distribution,1.0,0.7976688146591187,0.6482763290405273,41,204,3568,406,204,0,16,10,15,0,0
700,in_distribution,0.9,0.9157163500785828,0.4853784441947937,56,206,4030,458,206,0,16,30,10,0,0
701,in_distribution,1.0,0.8138464093208313,0.7475457787513733,48,203,3048,352,203,0,32,13,3,0,0
702,in_distribution,0.6,0.796659529209137,0.5517176389694214,80,211,4289,653,211,0,16,61,3,0,0
703,in_distribution,1.0,0.9315599203109741,0.46687471866607666,78,200,3910,397,200,0,16,44,18,0,0
704,in_distribution,0.8,0.9644975066184998,0.5775091648101807,68,200,4673,493,200,0,16,42,10,0,0
705,in_distribution,1.0,0.8388141989707947,0.5258207321166992,96,200,4281,428,200,0,32,48,16,0,0
706,in_distribution,1.0,0.7972164750099182,0.5970653295516968,75,201,3563,382,201,0,47,25,3,0,0
707,in_distribution,1.0,0.8078243136405945,0.5801249146461487,75,202,3380,355,202,0,32,28,15,0,0
708,in_distribution,0.9,0.8072137832641602,0.4750259518623352,70,200,3883,474,200,0,16,44,10,0,0
709,in_distribution,1.0,1.018358826637268,0.3886909484863281,83,200,1930,203,200,0,43,32,8,0,0
710,in_distribution,0.9,0.8328064680099487,0.6446419954299927,60,201,3923,375,201,0,16,41,3,0,0
711,in_distribution,0.8,1.0814474821090698,0.6800194978713989,83,201,3931,483,201,0,31,29,23,0,0
712,in_distribution,0.7,0.748920738697052,0.748920738697052,32,202,4314,534,202,0,16,13,3,0,0
713,in_distribution,0.4,1.0376445055007935,0.6698887348175049,53,200,4356,525,200,0,16,29,8,0,0
714,in_distribution,1.0,0.9172999858856201,0.6305813789367676,52,205,3267,359,205,0,16,26,10,0,0
715,in_distribution,0.7,1.026872158050537,0.6444424390792847,77,207,4529,547,207,0,32,30,15,0,0
716,in_distribution,1.0,0.968816876411438,0.3089197874069214,139,200,1385,191,200,0,46,58,35,0,0
717,in_distribution,1.0,0.8472380042076111,0.6166777610778809,41,202,2959,311,202,0,16,10,15,0,0
718,in_distribution,1.0,0.6998996138572693,0.5205347537994385,36,203,3480,337,203,0,15,13,8,0,0
719,in_distribution,0.9,0.6504644155502319,0.5655256509780884,77,205,4438,584,205,0,31,43,3,0,0
720,in_distribution,0.9,0.8157693147659302,0.6096614599227905,79,205,4690,535,205,0,16,54,9,0,0
721,in_distribution,1.0,0.8977394104003906,0.5374886989593506,64,200,3839,419,200,0,16,13,35,0,0
722,in_distribution,0.8,0.8146049380302429,0.5004411935806274,80,202,4544,512,202,0,16,56,8,0,0
723,in_distribution,0.8,0.7458566427230835,0.6359244585037231,59,206,4365,583,206,0,16,40,3,0,0
724,in_distribution,0.9,0.7586277723312378,0.6319774389266968,82,202,4027,456,202,0,16,48,18,0,0
725,in_distribution,1.0,0.9802552461624146,0.5299111604690552,76,200,3433,380,200,0,16,42,18,0,0
726,in_distribution,0.8,1.005927562713623,0.5806097984313965,88,200,4481,477,200,0,16,62,10,0,0
727,in_distribution,1.0,0.9440257549285889,0.5980074405670166,99,203,4455,518,203,0,32,47,20,0,0
728,in_distribution,1.0,1.0290733575820923,0.3470917344093323,90,200,1666,189,200,0,30,57,3,0,0
729,in_distribution,1.0,0.8951226472854614,0.42988061904907227,70,200,3163,368,200,0,16,44,10,0,0
730,in_distribution,0.8,0.8834163546562195,0.6847153902053833,100,207,4440,558,207,0,32,65,3,0,0
731,in_distribution,1.0,1.0809184312820435,0.3906394839286804,90,200,2290,233,200,0,58,13,19,0,0
732,in_distribution,1.0,0.9083682298660278,0.4524328112602234,56,200,3362,318,200,0,16,30,10,0,0
733,in_distribution,0.9,0.9239291548728943,0.5388661623001099,66,201,4634,533,201,0,16,28,22,0,0
734,in_distribution,1.0,0.837741494178772,0.6637744903564453,85,208,2492,404,208,0,16,59,10,0,0
735,in_distribution,0.8,0.92352694272995,0.49533581733703613,72,201,2468,353,201,0,13,36,23,0,0
736,in_distribution,1.0,0.7056379318237305,0.33718109130859375,135,200,3239,298,200,0,79,46,10,0,0
737,in_distribution,1.0,0.9476921558380127,0.493327796459198,103,200,3965,396,200,0,48,29,26,0,0
738,in_distribution,1.0,1.0445243120193481,0.6790238618850708,48,202,3876,455,202,0,16,16,16,0,0
739,in_distribution,1.0,0.888724148273468,0.7678217887878418,32,201,3217,256,201,0,14,9,9,0,0
740,in_distribution,0.9,0.9954856634140015,0.5541483163833618,53,201,3783,385,201,0,16,29,8,0,0
741,in_distribution,0.6,0.8581341505050659,0.5494110584259033,104,200,4597,496,200,0,48,31,25,0,0
742,in_distribution,0.6,0.7236529588699341,0.5991764664649963,64,204,4762,557,204,0,32,29,3,0,0
743,in_distribution,1.0,0.8080383539199829,0.5590346455574036,64,202,3518,388,202,0,46,9,9,0,0
744,in_distribution,1.0,0.989500880241394,0.3847239017486572,97,201,3837,379,201,0,63,16,18,0,0
745,in_distribution,0.7,0.9920963048934937,0.6337618827819824,100,204,4556,585,204,0,64,26,10,0,0
746,in_distribution,1.0,0.8882123231887817,0.38246697187423706,64,200,3674,375,200,0,30,16,18,0,0
747,in_distribution,0.7,0.7871474623680115,0.5884422063827515,91,203,4869,595,203,0,16,57,18,0,0
748,in_distribution,0.8,0.8925062417984009,0.6357283592224121,79,205,4261,486,205,0,15,40,24,0,0
749,in_distribution,1.0,0.7379515171051025,0.08282393217086792,119,200,2024,173,200,0,63,46,10,0,0
750,in_distribution,1.0,0.8563907146453857,0.467406690120697,88,201,3608,320,201,0,32,46,10,0,0
751,in_distribution,0.9,0.8516144752502441,0.6690855026245117,54,201,4629,511,201,0,15,14,25,0,0
752,in_distribution,0.7,0.9800059199333191,0.6607097387313843,49,201,4195,481,201,0,9,30,10,0,0
753,in_distribution,1.0,0.7381976842880249,0.5565699934959412,66,203,3775,415,203,0,16,30,20,0,0
754,in_distribution,1.0,1.0680480003356934,0.512793242931366,86,200,3533,393,200,0,61,10,15,0,0
755,in_distribution,1.0,0.7767779231071472,0.4427807927131653,65,200,4297,444,200,0,16,31,18,0,0
756,in_distribution,1.0,0.8510103821754456,0.3366415500640869,109,200,2245,247,200,0,31,60,18,0,0
757,in_distribution,0.9,0.8783786296844482,0.5329382419586182,95,200,4466,515,200,0,32,45,18,0,0
758,in_distribution,0.9,0.8609206676483154,0.42605000734329224,66,200,4186,447,200,0,32,16,18,0,0
759,in_distribution,1.0,0.8141520023345947,0.41191112995147705,108,200,2814,288,200,0,62,26,20,0,0
760,in_distribution,1.0,0.8907982707023621,0.2999234199523926,168,200,2453,365,200,0,73,77,18,0,0
761,in_distribution,0.6,0.8650556802749634,0.6330384016036987,93,208,4430,520,208,0,16,42,35,0,0
762,in_distribution,0.9,0.9886538982391357,0.5573010444641113,106,202,3889,533,202,0,47,41,18,0,0
763,in_distribution,1.0,0.9826446771621704,0.5906295776367188,118,201,3656,383,201,0,48,55,15,0,0
764,in_distribution,1.0,0.8796613216400146,0.47592467069625854,82,200,3950,416,200,0,16,42,24,0,0
765,in_distribution,1.0,1.0233677625656128,0.5275564193725586,84,200,4252,418,200,0,32,28,24,0,0
766,in_distribution,0.8,0.8133594989776611,0.5228509902954102,61,201,4607,451,201,0,16,27,18,0,0
767,in_distribution,1.0,0.8788608908653259,0.4432629346847534,73,201,3593,371,201,0,48,10,15,0,0
768,in_distribution,1.0,0.9743284583091736,0.5259835720062256,66,207,3825,435,207,0,32,16,18,0,0
769,in_distribution,1.0,0.7780780792236328,0.43497729301452637,74,200,2355,276,200,0,16,55,3,0,0
770,in_distribution,1.0,0.8631319999694824,0.5330004692077637,76,201,4038,449,201,0,32,26,18,0,0
771,in_distribution,1.0,0.7968704700469971,0.5156764388084412,85,200,3728,343,200,0,14,61,10,0,0
772,in_distribution,1.0,0.8312991261482239,0.5190897583961487,95,201,4039,383,201,0,32,55,8,0,0
773,in_distribution,1.0,1.0257550477981567,0.7119354009628296,77,201,3454,312,201,0,32,16,29,0,0
774,in_distribution,1.0,0.8607157468795776,0.518683910369873,79,201,4069,388,201,0,14,47,18,0,0
775,in_distribution,1.0,0.9254975914955139,0.5471628308296204,60,200,3996,563,200,0,16,11,33,0,0
776,in_distribution,1.0,0.8920375108718872,0.6005421876907349,116,200,3628,276,200,0,60,31,25,0,0
777,in_distribution,1.0,1.0914195775985718,0.6550229787826538,74,201,3287,395,201,0,32,15,27,0,0
778,in_distribution,1.0,0.9328987002372742,0.42165738344192505,83,200,3425,421,200,0,32,31,20,0,0
779,in_distribution,1.0,0.8498016595840454,0.5570446848869324,108,204,3764,586,204,0,32,41,35,0,0
780,in_distribution,0.8,0.9088668823242188,0.6552502512931824,73,204,4826,593,204,0,16,54,3,0,0
781,in_distribution,1.0,0.6459998488426208,0.40059131383895874,109,200,2781,321,200,0,31,75,3,0,0
782,in_distribution,1.0,0.7807254791259766,0.6088709235191345,56,208,4704,489,208,0,32,14,10,0,0
783,in_distribution,0.9,0.7973122000694275,0.6251548528671265,80,202,3397,406,202,0,64,13,3,0,0
784,in_distribution,1.0,1.0623759031295776,0.37228161096572876,92,200,2251,242,200,0,28,48,16,0,0
785,in_distribution,1.0,0.6265678405761719,0.47548264265060425,76,200,2284,201,200,0,16,57,3,0,0
786,in_distribution,0.9,0.7337237596511841,0.5206369161605835,94,201,4134,424,201,0,32,59,3,0,0
787,in_distribution,1.0,0.7382787466049194,0.2825758457183838,78,200,1965,253,200,0,32,25,21,0,0
788,in_distribution,0.7,1.157340168952942,0.6906380653381348,93,204,4265,581,204,0,32,27,34,0,0
789,in_distribution,1.0,0.96638423204422,0.6018269062042236,82,201,4258,523,201,0,32,28,22,0,0
790,in_distribution,0.8,0.9103962182998657,0.6877709627151489,63,206,4487,573,206,0,32,28,3,0,0
791,in_distribution,0.9,0.7788987159729004,0.6168158054351807,70,202,4491,527,202,0,16,44,10,0,0
792,in_distribution,1.0,0.9145583510398865,0.5606863498687744,107,200,4333,538,200,0,16,63,28,0,0
793,in_distribution,1.0,0.7074150443077087,0.46773940324783325,92,201,3373,394,201,0,48,41,3,0,0
794,in_distribution,1.0,0.8035405874252319,0.7034757137298584,56,202,3442,369,202,0,16,30,10,0,0
795,in_distribution,0.8,0.8251017332077026,0.6272403001785278,77,201,4365,594,201,0,16,51,10,0,0
796,in_distribution,1.0,0.921909749507904,0.5949670076370239,82,203,3565,372,203,0,16,46,20,0,0
797,in_distribution,0.4,0.8636101484298706,0.6290956735610962,70,201,4422,500,201,0,15,30,25,0,0
798,in_distribution,1.0,0.8378710746765137,0.6752753257751465,93,204,2863,431,204,0,32,52,9,0,0
799,in_distribution,1.0,0.8320546746253967,0.587257981300354,76,202,4339,466,202,0,32,31,13,0,0
800,in_distribution,0.9,0.9868446588516235,0.6039427518844604,71,201,4270,541,201,0,32,13,26,0,0
801,in_distribution,0.9,1.0065425634384155,0.5005967617034912,72,200,4396,495,200,0,48,14,10,0,0
802,in_distribution,0.9,0.7713581323623657,0.5812233686447144,57,206,4339,541,206,0,30,24,3,0,0
803,in_distribution,0.7,0.9990185499191284,0.5568598508834839,66,201,4612,493,201,0,32,16,18,0,0
804,in_distribution,1.0,0.8607466220855713,0.5239748954772949,51,201,4007,494,201,0,16,25,10,0,0
805,in_distribution,1.0,1.0556930303573608,0.6071410179138184,99,204,2969,319,204,0,16,58,25,0,0
806,in_distribution,1.0,0.9125262498855591,0.4623778462409973,88,200,3632,421,200,0,32,46,10,0,0
807,in_distribution,1.0,0.9461687803268433,0.5744636058807373,63,201,3946,462,201,0,16,29,18,0,0
808,in_distribution,1.0,0.8281940221786499,0.2897605299949646,113,200,2222,252,200,0,32,61,20,0,0
809,in_distribution,1.0,0.8041844367980957,0.6746699810028076,76,204,3886,385,204,0,48,25,3,0,0
810,in_distribution,0.7,0.9372944831848145,0.5974384546279907,72,202,4613,492,202,0,16,31,25,0,0
811,in_distribution,1.0,0.9253218770027161,0.6895139217376709,48,204,3618,505,204,0,16,16,16,0,0
812,in_distribution,1.0,0.9147523641586304,0.514302134513855,66,201,4208,480,201,0,32,16,18,0,0
813,in_distribution,1.0,0.9349343776702881,0.396074116230011,96,200,2484,291,200,0,31,44,21,0,0
814,in_distribution,1.0,0.9711973071098328,0.4058946967124939,90,200,1787,201,200,0,27,47,16,0,0
815,in_distribution,1.0,0.843491792678833,0.604799211025238,86,203,4285,525,203,0,16,47,23,0,0
816,in_distribution,0.9,0.8180104494094849,0.5563479065895081,78,205,4459,521,205,0,32,28,18,0,0
817,in_distribution,0.8,0.8780555725097656,0.6434350609779358,66,200,3991,427,200,0,32,16,18,0,0
818,in_distribution,1.0,0.8246067762374878,0.250832736492157,107,200,2236,223,200,0,61,26,20,0,0
819,in_distribution,0.9,0.9630936980247498,0.6977745294570923,91,204,3605,465,204,0,16,59,16,0,0
820,in_distribution,0.9,0.7775896787643433,0.45739275217056274,97,202,4104,449,202,0,48,31,18,0,0
821,in_distribution,0.9,0.7935376167297363,0.4418495297431946,110,200,4455,523,200,0,48,44,18,0,0
822,in_distribution,1.0,1.0084561109542847,0.6664950847625732,100,201,3910,415,201,0,64,26,10,0,0
823,in_distribution,1.0,0.794722318649292,0.5843015909194946,72,204,3960,503,204,0,16,31,25,0,0
824,in_distribution,1.0,0.8563428521156311,0.5939890742301941,40,208,4283,615,208,0,16,14,10,0,0
825,in_distribution,1.0,0.8809818029403687,0.6373167037963867,95,202,4037,369,202,0,32,47,16,0,0
826,in_distribution,0.9,0.8954834938049316,0.6003113985061646,96,200,3449,409,200,0,48,30,18,0,0
827,in_distribution,0.9,0.9825353622436523,0.661084771156311,66,203,4002,455,203,0,16,16,34,0,0
828,in_distribution,0.9,0.9691620469093323,0.5669131875038147,72,203,4570,537,203,0,16,46,10,0,0
829,in_distribution,1.0,0.7186530828475952,0.43132203817367554,72,200,3576,323,200,0,32,30,10,0,0
830,in_distribution,1.0,0.9391286969184875,0.42964625358581543,109,200,3244,343,200,0,32,47,30,0,0
831,in_distribution,0.8,0.8711958527565002,0.5249977707862854,75,203,4363,518,203,0,32,30,13,0,0
832,in_distribution,1.0,0.9299331903457642,0.49406903982162476,75,202,4711,545,202,0,16,28,31,0,0
833,in_distribution,1.0,0.8914116024971008,0.5290213823318481,47,204,3964,466,204,0,16,13,18,0,0
834,in_distribution,1.0,0.8029736280441284,0.588192880153656,56,200,4305,511,200,0,32,14,10,0,0
835,in_distribution,0.6,0.8109415769577026,0.6521662473678589,75,206,4783,596,206,0,32,40,3,0,0
836,in_distribution,1.0,0.9177876710891724,0.5511730909347534,48,205,4563,453,205,0,16,16,16,0,0
837,in_distribution,1.0,1.1304324865341187,0.674778163433075,85,202,3364,423,202,0,16,46,23,0,0
838,in_distribution,1.0,0.7982591986656189,0.2243283987045288,93,200,1993,250,200,0,31,41,21,0,0
839,in_distribution,0.6,1.0006593465805054,0.5626857280731201,130,203,4357,503,203,0,43,62,25,0,0
840,in_distribution,1.0,0.8195615410804749,0.3448030352592468,70,200,3125,301,200,0,32,28,10,0,0
841,in_distribution,1.0,0.9388751983642578,0.6182798147201538,58,203,3033,435,203,0,16,33,9,0,0
842,in_distribution,1.0,1.0566375255584717,0.6200909614562988,78,201,3480,320,201,0,16,26,36,0,0
843,in_distribution,1.0,0.8855363726615906,0.5981067419052124,78,211,1976,456,211,0,48,14,16,0,0
844,in_distribution,1.0,0.9430044889450073,0.5788480639457703,69,204,4063,449,204,0,16,30,23,0,0
845,in_distribution,1.0,0.9022793769836426,0.6115919351577759,66,202,3726,365,202,0,32,12,22,0,0
846,in_distribution,0.7,1.0874193906784058,0.6218104958534241,94,210,4560,511,210,0,16,56,22,0,0
847,in_distribution,1.0,0.9193040728569031,0.2949317693710327,126,200,3465,302,200,0,64,44,18,0,0
848,in_distribution,1.0,0.7850956320762634,0.6079150438308716,61,202,4371,489,202,0,16,42,3,0,0
849,in_distribution,1.0,0.8216955661773682,0.5936972498893738,77,213,4721,603,213,0,16,46,15,0,0
850,in_distribution,0.9,0.8778780102729797,0.5444849133491516,57,203,4476,492,203,0,16,16,25,0,0
851,in_distribution,0.6,0.8518904447555542,0.5316897630691528,110,201,4468,513,201,0,48,44,18,0,0
852,in_distribution,1.0,1.0187793970108032,0.6506963968276978,50,201,2498,298,201,0,15,14,21,0,0
853,in_distribution,1.0,0.7945109605789185,0.3637527823448181,98,200,2504,313,200,0,12,62,24,0,0
854,in_distribution,0.8,0.7599970698356628,0.4492988586425781,72,200,3473,331,200,0,16,46,10,0,0
855,in_distribution,1.0,0.8776549100875854,0.4794672131538391,109,201,4661,509,201,0,47,44,18,0,0
856,in_distribution,1.0,0.7825342416763306,0.3911621570587158,103,200,3120,247,200,0,48,45,10,0,0
857,in_distribution,1.0,0.8384822607040405,0.5299093723297119,122,202,4031,459,202,0,48,43,31,0,0
858,in_distribution,0.8,1.0279464721679688,0.5805962681770325,80,204,4419,469,204,0,32,15,33,0,0
859,in_distribution,1.0,0.8444257974624634,0.5206892490386963,96,201,3715,505,201,0,64,16,16,0,0
860,in_distribution,0.8,1.0055899620056152,0.6220495700836182,71,204,4358,540,204,0,16,30,25,0,0
861,in_distribution,1.0,0.9161731004714966,0.527808427810669,79,200,3072,288,200,0,16,54,9,0,0
862,in_distribution,1.0,1.0706931352615356,0.5572783946990967,103,206,4524,431,206,0,16,65,22,0,0
863,in_distribution,1.0,0.7564194798469543,0.5478430986404419,88,203,3786,507,203,0,16,62,10,0,0
864,in_distribution,0.5,0.86239093542099,0.638704776763916,40,226,5213,578,226,0,16,14,10,0,0
865,in_distribution,1.0,0.88381028175354,0.5454957485198975,87,202,3060,287,202,0,44,28,15,0,0
866,in_distribution,1.0,0.8343737721443176,0.4502512812614441,87,200,3621,339,200,0,16,61,10,0,0
867,in_distribution,1.0,0.9287813305854797,0.488863468170166,132,200,4322,450,200,0,80,16,36,0,0
868,in_distribution,1.0,0.9455854892730713,0.44780629873275757,91,200,2458,296,200,0,16,55,20,0,0
869,in_distribution,1.0,0.925980806350708,0.6710628271102905,74,201,4304,457,201,0,32,16,26,0,0
870,in_distribution,1.0,0.9215570688247681,0.5101795196533203,121,200,2700,324,200,0,80,15,26,0,0
871,in_distribution,1.0,0.9743345975875854,0.44246870279312134,103,200,3731,295,200,0,48,45,10,0,0
872,in_distribution,1.0,0.8328388333320618,0.4036809802055359,87,200,3172,242,200,0,47,30,10,0,0
873,in_distribution,1.0,0.9474032521247864,0.6898057460784912,61,201,3685,411,201,0,32,14,15,0,0
874,in_distribution,0.8,0.7778104543685913,0.6156668663024902,50,203,4527,553,203,0,16,16,18,0,0
875,in_distribution,1.0,1.1740728616714478,0.3582037091255188,109,200,1533,142,200,0,63,33,13,0,0
876,in_distribution,1.0,1.027847170829773,0.5173203945159912,90,201,3266,327,201,0,47,26,17,0,0
877,in_distribution,1.0,0.8160898685455322,0.4702349305152893,72,200,3030,318,200,0,32,30,10,0,0
878,in_distribution,0.6,0.8000872135162354,0.6736805438995361,60,208,4822,594,208,0,32,25,3,0,0
879,in_distribution,1.0,0.8221379518508911,0.46176886558532715,114,200,3422,317,200,0,64,28,22,0,0
880,in_distribution,1.0,0.9367361068725586,0.28600960969924927,80,200,2576,216,200,0,62,9,9,0,0
881,in_distribution,1.0,0.7400945425033569,0.5725873112678528,102,204,3728,380,204,0,63,13,26,0,0
882,in_distribution,0.9,0.9416399598121643,0.5748806595802307,88,204,3912,457,204,0,32,31,25,0,0
883,in_distribution,0.6,0.7980599999427795,0.6032146215438843,87,205,4777,602,205,0,32,30,25,0,0
884,in_distribution,1.0,0.9168446063995361,0.4429919719696045,103,200,3702,369,200,0,47,46,10,0,0
885,in_distribution,0.7,0.8543009757995605,0.6322457790374756,48,209,4741,630,209,0,16,16,16,0,0
886,in_distribution,1.0,0.8392137289047241,0.42986834049224854,74,200,3260,412,200,0,9,45,20,0,0
887,in_distribution,0.4,1.0158392190933228,0.6638760566711426,83,201,4348,580,201,0,47,26,10,0,0
888,in_distribution,1.0,0.9775726199150085,0.5442129373550415,82,203,4359,496,203,0,16,45,21,0,0
889,in_distribution,1.0,0.9405404329299927,0.41058284044265747,105,200,2152,265,200,0,45,51,9,0,0
890,in_distribution,1.0,0.7576904892921448,0.4234080910682678,56,200,3472,323,200,0,16,30,10,0,0
891,in_distribution,1.0,0.772409200668335,0.6030743718147278,76,209,1613,352,209,0,16,57,3,0,0
892,in_distribution,1.0,0.8292155265808105,0.413321316242218,71,203,3019,332,203,0,16,30,25,0,0
893,in_distribution,0.7,0.7695760130882263,0.7133055329322815,56,207,3937,543,207,0,16,30,10,0,0
894,in_distribution,1.0,0.8629480004310608,0.49758845567703247,49,200,2891,346,200,0,9,30,10,0,0
895,in_distribution,1.0,1.1862238645553589,0.6507468223571777,101,200,2677,366,200,0,63,15,23,0,0
896,in_distribution,0.9,0.659034252166748,0.3894697427749634,94,200,4323,424,200,0,32,44,18,0,0
897,in_distribution,1.0,0.9591387510299683,0.5996794104576111,60,202,4064,445,202,0,16,35,9,0,0
898,in_distribution,0.6,0.9349845051765442,0.6259859800338745,64,207,4671,563,207,0,15,39,10,0,0
899,in_distribution,1.0,0.8513772487640381,0.4032858610153198,81,200,3681,438,200,0,41,30,10,0,0
900,in_distribution,0.8,0.9941934943199158,0.44073307514190674,87,207,4400,427,207,0,47,30,10,0,0
901,in_distribution,1.0,0.8796743154525757,0.4095005989074707,123,200,3346,317,200,0,32,62,29,0,0
902,in_distribution,0.6,0.7786651849746704,0.6106000542640686,59,201,4677,574,201,0,15,41,3,0,0
903,in_distribution,0.8,0.7819596529006958,0.5683483481407166,78,212,4211,556,212,0,16,59,3,0,0
904,in_distribution,0.7,0.7937930822372437,0.3970334529876709,101,200,4484,523,200,0,47,44,10,0,0
905,in_distribution,0.9,0.956427276134491,0.5097476243972778,112,200,3772,379,200,0,63,31,18,0,0
906,in_distribution,1.0,0.8838272094726562,0.388883113861084,86,200,2687,258,200,0,48,28,10,0,0
907,in_distribution,1.0,1.1270371675491333,0.9404115676879883,32,204,1771,294,204,0,14,9,9,0,0
908,in_distribution,0.9,0.7317132949829102,0.5672074556350708,78,214,4743,515,214,0,32,28,18,0,0
909,in_distribution,1.0,0.782311201095581,0.5317502021789551,96,204,3511,423,204,0,62,16,18,0,0
910,in_distribution,1.0,0.9088929891586304,0.42502814531326294,115,200,2791,245,200,0,16,54,45,0,0
911,in_distribution,0.8,0.8695033192634583,0.5273052453994751,114,200,4266,502,200,0,48,44,22,0,0
912,in_distribution,1.0,0.7319101691246033,0.2923075556755066,103,201,3605,352,201,0,48,30,25,0,0
913,in_distribution,1.0,0.7907586693763733,0.4631958603858948,93,200,4142,500,200,0,48,30,15,0,0
914,in_distribution,1.0,0.8751304149627686,0.3890188932418823,87,200,3932,370,200,0,63,14,10,0,0
915,in_distribution,0.7,0.824150800704956,0.6523333787918091,71,208,4151,598,208,0,16,31,24,0,0
916,in_distribution,1.0,0.8164458274841309,0.521323561668396,74,202,4500,536,202,0,32,16,26,0,0
917,in_distribution,1.0,0.9589919447898865,0.6030713319778442,85,201,3009,406,201,0,48,14,23,0,0
918,in_distribution,0.9,0.7890802621841431,0.4958614110946655,69,200,4297,452,200,0,16,43,10,0,0
919,in_distribution,1.0,0.9004819393157959,0.5239913463592529,103,200,3466,317,200,0,48,28,27,0,0
920,in_distribution,1.0,0.9974169135093689,0.6650329828262329,36,201,3531,397,201,0,15,13,8,0,0
921,in_distribution,1.0,1.0677413940429688,0.7535461783409119,56,206,2397,388,206,0,16,11,29,0,0
922,in_distribution,1.0,1.0944478511810303,0.6370941400527954,41,204,3720,449,204,0,16,10,15,0,0
923,in_distribution,1.0,0.8158054947853088,0.5086328983306885,105,200,2749,271,200,0,61,29,15,0,0
924,in_distribution,0.9,0.8290315270423889,0.45288437604904175,68,200,4135,468,200,0,16,42,10,0,0
925,in_distribution,0.7,0.9012322425842285,0.5757604241371155,88,201,4186,433,201,0,64,13,11,0,0
926,in_distribution,1.0,0.8319529294967651,0.3641839623451233,99,200,3550,293,200,0,32,43,24,0,0
927,in_distribution,0.5,0.7669525742530823,0.6415157914161682,63,200,4417,584,200,0,32,28,3,0,0
928,in_distribution,1.0,1.0045913457870483,0.523207426071167,96,201,3151,265,201,0,16,62,18,0,0
929,in_distribution,0.5,0.7644150257110596,0.7644150257110596,32,212,4246,535,212,0,16,13,3,0,0
930,in_distribution,1.0,0.7382711172103882,0.6268366575241089,56,214,4066,595,214,0,16,30,10,0,0
931,in_distribution,1.0,1.1021041870117188,0.7688384056091309,74,208,3007,405,208,0,25,29,20,0,0
932,in_distribution,1.0,0.905314028263092,0.6648199558258057,47,202,4215,511,202,0,16,13,18,0,0
933,in_distribution,1.0,1.024112343788147,0.5832551717758179,79,202,4566,549,202,0,16,47,16,0,0
934,in_distribution,0.9,0.8576985001564026,0.5271825790405273,101,206,4489,479,206,0,46,30,25,0,0
935,in_distribution,1.0,0.9195296764373779,0.6770678758621216,68,206,4378,614,206,0,16,30,22,0,0
936,in_distribution,1.0,0.9913409352302551,0.6545810699462891,65,201,3056,339,201,0,29,14,22,0,0
937,in_distribution,1.0,0.9250825047492981,0.5872496962547302,72,200,3237,287,200,0,31,15,26,0,0
938,in_distribution,1.0,1.1805046796798706,0.7352081537246704,79,202,2952,264,202,0,31,25,23,0,0
939,in_distribution,0.5,1.0292357206344604,0.7275168895721436,88,210,3741,617,210,0,32,31,25,0,0
940,in_distribution,0.9,0.8883534073829651,0.6547133922576904,64,205,3787,514,205,0,16,28,20,0,0
941,in_distribution,0.7,0.9595611691474915,0.5680686235427856,66,206,4872,490,206,0,32,16,18,0,0
942,in_distribution,1.0,0.7401254177093506,0.5018711686134338,56,206,3809,430,206,0,16,30,10,0,0
943,in_distribution,0.6,0.9234645962715149,0.5799018144607544,71,200,4349,515,200,0,16,44,11,0,0
944,in_distribution,0.7,0.8701562881469727,0.6360824704170227,60,200,4055,422,200,0,16,41,3,0,0
945,in_distribution,0.9,0.7686640024185181,0.520094633102417,97,203,4783,500,203,0,16,58,23,0,0
946,in_distribution,1.0,0.9865648150444031,0.5427826642990112,106,200,3586,338,200,0,32,56,18,0,0
947,in_distribution,1.0,0.9151181578636169,0.5489925146102905,59,200,3540,329,200,0,16,16,27,0,0
948,in_distribution,1.0,1.1318563222885132,0.5469456315040588,58,203,3942,522,203,0,16,14,28,0,0
949,in_distribution,1.0,0.9709030985832214,0.33421605825424194,91,200,1815,186,200,0,30,39,22,0,0
950,in_distribution,1.0,0.8393590450286865,0.625450611114502,76,201,4131,513,201,0,16,57,3,0,0
951,in_distribution,1.0,0.945347249507904,0.477561354637146,110,201,4333,433,201,0,48,44,18,0,0
952,in_distribution,0.7,0.8999571800231934,0.6378520131111145,45,204,4503,634,204,0,16,14,15,0,0
953,in_distribution,1.0,0.8315413594245911,0.41036683320999146,104,201,4112,430,201,0,48,46,10,0,0
954,in_distribution,1.0,0.9210942983627319,0.33704304695129395,65,200,1524,135,200,0,25,37,3,0,0
955,in_distribution,1.0,0.8867170214653015,0.3439507484436035,89,200,2213,278,200,0,43,26,20,0,0
956,in_distribution,1.0,0.8321301341056824,0.3726787567138672,81,200,3165,330,200,0,32,31,18,0,0
957,in_distribution,1.0,0.8462495803833008,0.5767830610275269,56,201,4348,488,201,0,32,14,10,0,0
958,in_distribution,1.0,0.766099214553833,0.45905202627182007,87,200,4221,421,200,0,31,46,10,0,0
959,in_distribution,1.0,0.8662468194961548,0.5564179420471191,40,205,3537,446,205,0,16,14,10,0,0
960,in_distribution,1.0,0.8438223600387573,0.4512004852294922,85,201,3543,315,201,0,14,46,25,0,0
961,in_distribution,1.0,0.9921851754188538,0.6433470249176025,103,202,3806,466,202,0,32,38,33,0,0
962,in_distribution,1.0,1.0645453929901123,0.34336531162261963,83,201,2289,181,201,0,42,26,15,0,0
963,in_distribution,1.0,0.9427761435508728,0.5389708280563354,104,200,3181,353,200,0,48,46,10,0,0
964,in_distribution,1.0,0.9566634297370911,0.5493305921554565,93,201,3837,346,201,0,32,30,31,0,0
965,in_distribution,1.0,0.9166953563690186,0.49427616596221924,81,201,3546,382,201,0,41,30,10,0,0
966,in_distribution,1.0,0.9601709246635437,0.6070703268051147,130,200,3763,373,200,0,31,89,10,0,0
967,in_distribution,0.8,0.7655839920043945,0.4939294457435608,73,201,4580,517,201,0,16,42,15,0,0
968,in_distribution,1.0,0.8861382007598877,0.6094763875007629,79,207,4396,548,207,0,48,13,18,0,0
969,in_distribution,0.9,0.8587917685508728,0.49529290199279785,136,200,4252,399,200,0,64,46,26,0,0
970,in_distribution,1.0,0.8053700923919678,0.35726988315582275,119,200,2979,265,200,0,79,30,10,0,0
971,in_distribution,0.8,0.8765245079994202,0.6649353504180908,47,203,3983,415,203,0,16,28,3,0,0
972,in_distribution,1.0,0.749187707901001,0.6642976403236389,48,203,3581,409,203,0,32,13,3,0,0
973,in_distribution,0.4,0.8998665809631348,0.6467628479003906,52,202,4511,632,202,0,16,12,24,0,0
974,in_distribution,1.0,0.9348904490470886,0.44560492038726807,74,200,2931,319,200,0,12,44,18,0,0
975,in_distribution,1.0,1.0123257637023926,0.49009114503860474,95,200,3813,381,200,0,16,63,16,0,0
976,in_distribution,1.0,1.1160584688186646,0.7838234901428223,56,203,3616,380,203,0,16,27,13,0,0
977,in_distribution,1.0,0.8730903267860413,0.6864005923271179,71,204,3141,306,204,0,16,45,10,0,0
978,in_distribution,1.0,0.918872058391571,0.5305670499801636,95,200,4143,479,200,0,63,16,16,0,0
979,in_distribution,1.0,0.9554896354675293,0.47547417879104614,98,200,3498,308,200,0,32,48,18,0,0
980,in_distribution,1.0,0.7725191712379456,0.5043110847473145,47,201,3115,342,201,0,16,28,3,0,0
981,in_distribution,0.4,0.9248510003089905,0.6086721420288086,52,238,5531,615,238,0,16,16,20,0,0
982,in_distribution,1.0,0.9374919533729553,0.45647531747817993,101,201,3091,413,201,0,16,60,25,0,0
983,in_distribution,1.0,0.9690547585487366,0.42736494541168213,76,200,3275,296,200,0,48,15,13,0,0
984,in_distribution,1.0,0.9958933591842651,0.6672005653381348,32,203,3029,320,203,0,14,9,9,0,0
985,in_distribution,0.9,1.0891672372817993,0.5892148017883301,69,204,4707,550,204,0,16,30,23,0,0
986,in_distribution,1.0,1.0191231966018677,0.41010087728500366,120,200,2918,266,200,0,30,72,18,0,0
987,in_distribution,1.0,0.8083721995353699,0.3542153835296631,104,201,2708,290,201,0,32,47,25,0,0
988,in_distribution,1.0,0.7324695587158203,0.4827195405960083,92,200,3805,406,200,0,46,26,20,0,0
989,in_distribution,1.0,0.7856109738349915,0.3263362646102905,108,200,3574,389,200,0,46,44,18,0,0
990,in_distribution,1.0,1.0095784664154053,0.5626986622810364,85,205,3628,367,205,0,48,29,8,0,0
991,in_distribution,1.0,0.6962652206420898,0.5979483127593994,48,205,4177,489,205,0,15,25,8,0,0
992,in_distribution,1.0,0.8069202899932861,0.5184481143951416,65,201,3360,407,201,0,25,30,10,0,0
993,in_distribution,0.8,0.8211122751235962,0.5025273561477661,76,207,4782,526,207,0,16,57,3,0,0
994,in_distribution,0.9,0.8762013912200928,0.633776068687439,68,201,4109,409,201,0,16,44,8,0,0
995,in_distribution,1.0,0.9698041677474976,0.5144108533859253,109,200,3637,327,200,0,64,36,9,0,0
996,in_distribution,1.0,0.8725858926773071,0.636067271232605,85,204,3236,355,204,0,32,45,8,0,0
997,in_distribution,0.9,0.9390389323234558,0.5480045676231384,91,202,4617,581,202,0,47,16,28,0,0
998,in_distribution,0.8,0.7453605532646179,0.6803889274597168,48,208,4618,594,208,0,32,13,3,0,0
999,in_distribution,0.6,1.0519189834594727,0.6619663238525391,71,212,4606,561,212,0,47,14,10,0,0
1000,in_distribution,0.8,0.9435543417930603,0.6650618314743042,88,203,4182,508,203,0,16,46,26,0,0
1001,in_distribution,1.0,0.8907963037490845,0.5571064949035645,56,200,3678,379,200,0,26,13,17,0,0
1002,in_distribution,1.0,0.7907965183258057,0.4699239730834961,127,202,4058,425,202,0,48,61,18,0,0
1003,in_distribution,1.0,0.8932248950004578,0.44927847385406494,90,200,3293,346,200,0,32,32,26,0,0
1004,in_distribution,1.0,0.8257094621658325,0.3363220691680908,120,200,2057,196,200,0,61,56,3,0,0
1005,in_distribution,1.0,0.979047954082489,0.5516884326934814,89,207,3765,425,207,0,16,58,15,0,0
1006,in_distribution,0.5,0.9688034057617188,0.7458298206329346,107,208,4490,635,208,0,16,75,16,0,0
1007,in_distribution,0.9,0.8045889139175415,0.5698686838150024,78,203,3006,457,203,0,16,59,3,0,0
1008,in_distribution,0.9,0.9431962966918945,0.3871608376502991,116,200,4237,443,200,0,48,45,23,0,0
1009,in_distribution,0.6,0.9142881631851196,0.6585133075714111,78,205,4489,590,205,0,16,52,10,0,0
1010,in_distribution,1.0,0.8438875675201416,0.5099338889122009,71,200,3479,370,200,0,47,14,10,0,0
1011,in_distribution,1.0,0.8382115960121155,0.5155546069145203,67,200,2844,236,200,0,14,45,8,0,0
1012,in_distribution,0.9,0.939785897731781,0.60455721616745,69,200,4101,446,200,0,30,16,23,0,0
1013,in_distribution,0.9,0.8787840604782104,0.5809404850006104,107,201,4622,477,201,0,32,48,27,0,0
1014,in_distribution,1.0,0.8435898423194885,0.4223604202270508,131,200,3198,269,200,0,32,88,11,0,0
1015,in_distribution,0.4,0.9803448915481567,0.5453773736953735,97,212,4908,556,212,0,32,32,33,0,0
1016,in_distribution,1.0,0.8100692629814148,0.41522955894470215,81,200,4319,447,200,0,32,31,18,0,0
1017,in_distribution,1.0,0.942964494228363,0.48645734786987305,89,200,3702,462,200,0,46,15,28,0,0
1018,in_distribution,1.0,0.8740532994270325,0.39528578519821167,98,200,2114,228,200,0,64,16,18,0,0
1019,in_distribution,1.0,0.8276070356369019,0.5961971879005432,112,201,4012,449,201,0,48,61,3,0,0
1020,in_distribution,1.0,0.8661286234855652,0.5498643517494202,62,203,4104,563,203,0,16,30,16,0,0
1021,in_distribution,1.0,0.8620700836181641,0.4747212529182434,109,200,4087,394,200,0,79,27,3,0,0
1022,in_distribution,0.5,0.9853675365447998,0.7145494222640991,64,209,4977,604,209,0,16,32,16,0,0
1023,in_distribution,1.0,0.8820365071296692,0.4246305823326111,71,200,2814,261,200,0,32,14,25,0,0
1024,in_distribution,0.9,0.984811007976532,0.5867682695388794,79,201,3893,429,201,0,32,29,18,0,0
1025,in_distribution,1.0,0.8469990491867065,0.5999813079833984,119,201,3344,335,201,0,48,56,15,0,0
1026,in_distribution,1.0,1.0366768836975098,0.5928235054016113,84,200,4079,421,200,0,32,30,22,0,0
1027,in_distribution,1.0,1.0505199432373047,0.5761704444885254,88,203,4494,492,203,0,16,62,10,0,0
1028,in_distribution,1.0,1.0720053911209106,0.6688970327377319,58,203,3533,408,203,0,16,16,26,0,0
1029,in_distribution,1.0,0.8559888005256653,0.6289197206497192,53,203,2924,461,203,0,13,16,24,0,0
1030,in_distribution,1.0,0.9833705425262451,0.6984750628471375,61,201,3088,357,201,0,32,14,15,0,0
1031,in_distribution,0.9,0.8897488117218018,0.6611406803131104,104,216,4008,613,216,0,32,69,3,0,0
1032,in_distribution,1.0,0.9273495078086853,0.4612796902656555,88,200,3071,297,200,0,32,46,10,0,0
1033,in_distribution,1.0,0.8864911198616028,0.3742077350616455,88,200,2634,210,200,0,32,46,10,0,0
1034,in_distribution,0.7,0.8087177276611328,0.5331833362579346,71,200,4161,477,200,0,31,30,10,0,0
1035,in_distribution,1.0,0.9396224021911621,0.5107935667037964,43,200,3043,257,200,0,25,9,9,0,0
1036,in_distribution,1.0,0.914818286895752,0.4568173289299011,83,204,4395,450,204,0,32,41,10,0,0
1037,in_distribution,1.0,0.8545969128608704,0.6539914608001709,97,211,3696,523,211,0,16,63,18,0,0
1038,in_distribution,1.0,0.9251173734664917,0.5708311200141907,72,200,2876,297,200,0,48,14,10,0,0
1039,in_distribution,0.5,1.069504976272583,0.5767780542373657,102,205,4595,595,205,0,16,61,25,0,0
1040,in_distribution,0.9,0.9612723588943481,0.5254351496696472,63,200,3934,441,200,0,32,22,9,0,0
1041,in_distribution,0.6,0.877572774887085,0.6253836154937744,55,206,4822,591,206,0,16,14,25,0,0
1042,in_distribution,1.0,0.9810328483581543,0.5681326389312744,79,203,3293,408,203,0,48,13,18,0,0
1043,in_distribution,1.0,0.7047310471534729,0.31392616033554077,72,201,2192,195,201,0,16,46,10,0,0
1044,in_distribution,0.8,0.7812922596931458,0.533444881439209,124,202,4556,445,202,0,48,56,20,0,0
1045,in_distribution,1.0,0.8321064710617065,0.41884922981262207,72,200,3523,315,200,0,32,30,10,0,0
1046,in_distribution,1.0,0.7362957000732422,0.48722267150878906,87,200,3313,301,200,0,48,16,23,0,0
1047,in_distribution,1.0,0.809409499168396,0.3748898506164551,96,200,2612,319,200,0,25,46,25,0,0
1048,in_distribution,1.0,0.9356281757354736,0.5043327212333679,94,200,3978,416,200,0,32,53,9,0,0
1049,in_distribution,0.9,0.9408683180809021,0.49822521209716797,77,200,4456,506,200,0,32,13,32,0,0
1050,in_distribution,1.0,0.8039501309394836,0.5188328623771667,66,203,4356,461,203,0,32,16,18,0,0
1051,in_distribution,0.6,0.8693947792053223,0.5106183290481567,80,201,4808,577,201,0,16,31,33,0,0
1052,in_distribution,1.0,0.8592653274536133,0.5979384183883667,55,200,3809,291,200,0,16,24,15,0,0
1053,in_distribution,1.0,0.9311648607254028,0.3715577721595764,129,200,4133,413,200,0,32,89,8,0,0
1054,in_distribution,1.0,0.9758678078651428,0.4418693780899048,112,200,2871,261,200,0,46,58,8,0,0
1055,in_distribution,1.0,0.9036230444908142,0.5996251106262207,73,203,4020,445,203,0,16,42,15,0,0
1056,in_distribution,0.8,0.8521152138710022,0.56171053647995,83,206,4369,544,206,0,30,45,8,0,0
1057,in_distribution,1.0,0.9013407230377197,0.5560485124588013,82,215,4314,656,215,0,48,16,18,0,0
1058,in_distribution,1.0,0.794454038143158,0.5807279348373413,56,204,3725,326,204,0,16,30,10,0,0
1059,in_distribution,1.0,0.7672631144523621,0.4993356466293335,72,201,3549,458,201,0,16,46,10,0,0
1060,in_distribution,1.0,0.8283298015594482,0.525786817073822,159,200,3250,317,200,0,80,76,3,0,0
1061,in_distribution,1.0,0.7739661931991577,0.5363099575042725,48,201,3516,290,201,0,15,25,8,0,0
1062,in_distribution,0.9,0.8650604486465454,0.5312749147415161,79,201,4448,439,201,0,30,39,10,0,0
1063,in_distribution,0.8,0.9467139840126038,0.6813207864761353,58,205,4038,529,205,0,16,16,26,0,0
1064,in_distribution,1.0,0.755905032157898,0.5610047578811646,48,200,3903,359,200,0,16,29,3,0,0
1065,in_distribution,0.6,0.9062944054603577,0.6171648502349854,67,201,4697,565,201,0,31,16,20,0,0
1066,in_distribution,1.0,1.1202361583709717,0.7155468463897705,91,203,3277,416,203,0,48,23,20,0,0
1067,in_distribution,1.0,0.7607536315917969,0.4954185485839844,70,201,3544,309,201,0,16,44,10,0,0
1068,in_distribution,1.0,0.9268383979797363,0.6283494234085083,61,208,3521,431,208,0,16,30,15,0,0
1069,in_distribution,0.7,1.0789514780044556,0.6231585741043091,70,208,4513,640,208,0,16,36,18,0,0
1070,in_distribution,1.0,0.6705577373504639,0.2695336937904358,109,200,2267,203,200,0,31,75,3,0,0
1071,in_distribution,1.0,0.8479880690574646,0.33274954557418823,76,200,1597,237,200,0,32,41,3,0,0
1072,in_distribution,1.0,0.885828971862793,0.5354773998260498,84,201,3089,317,201,0,32,42,10,0,0
1073,in_distribution,0.9,0.8159536123275757,0.5190030336380005,81,202,4299,441,202,0,32,31,18,0,0
1074,in_distribution,0.8,0.9800820350646973,0.6773875951766968,88,205,4474,615,205,0,48,13,27,0,0
1075,in_distribution,1.0,0.8920637369155884,0.5191836357116699,135,200,4643,540,200,0,32,79,24,0,0
1076,in_distribution,1.0,0.8770371079444885,0.6296752691268921,65,202,2982,331,202,0,16,29,20,0,0
1077,in_distribution,0.9,0.7530822157859802,0.42766106128692627,88,200,3522,376,200,0,48,30,10,0,0
1078,in_distribution,1.0,1.0293395519256592,0.5449403524398804,78,200,4115,429,200,0,32,30,16,0,0
1079,in_distribution,0.7,0.9207105040550232,0.6019384264945984,121,207,4825,596,207,0,64,39,18,0,0
1080,in_distribution,1.0,0.8938277363777161,0.5250773429870605,68,200,3933,400,200,0,32,26,10,0,0
1081,in_distribution,0.9,0.9991845488548279,0.8261175751686096,40,204,2623,355,204,0,16,14,10,0,0
1082,in_distribution,1.0,0.9830898642539978,0.631470263004303,83,210,2644,437,210,0,30,45,8,0,0
1083,in_distribution,1.0,1.0049922466278076,0.4282526969909668,142,200,3997,423,200,0,64,58,20,0,0
1084,in_distribution,1.0,0.8019698262214661,0.6240655183792114,77,206,2957,377,206,0,32,27,18,0,0
1085,in_distribution,1.0,0.8563563823699951,0.3888136148452759,95,200,3535,359,200,0,32,45,18,0,0
1086,in_distribution,1.0,0.9536794424057007,0.3888261914253235,127,200,3582,227,200,0,94,13,20,0,0
1087,in_distribution,1.0,0.7939649820327759,0.4182497262954712,80,200,2316,257,200,0,16,61,3,0,0
1088,in_distribution,1.0,0.8054038286209106,0.21772140264511108,63,200,1839,206,200,0,16,29,18,0,0
1089,in_distribution,1.0,0.8393552303314209,0.2616170644760132,114,200,2298,207,200,0,41,46,27,0,0
1090,in_distribution,1.0,0.8465962409973145,0.676429808139801,48,203,3422,397,203,0,15,25,8,0,0
1091,in_distribution,1.0,1.0808597803115845,0.5201663970947266,93,200,3745,376,200,0,32,43,18,0,0
1092,in_distribution,1.0,0.8296074867248535,0.27381712198257446,100,200,2905,261,200,0,32,44,24,0,0
1093,in_distribution,0.9,0.8448231220245361,0.5092059373855591,109,204,4634,393,204,0,48,31,30,0,0
1094,in_distribution,1.0,0.9686030149459839,0.5038262009620667,86,200,3836,432,200,0,32,44,10,0,0
1095,in_distribution,1.0,0.927760124206543,0.5075526237487793,63,204,4210,438,204,0,16,29,18,0,0
1096,in_distribution,1.0,0.7615990042686462,0.5989941358566284,83,201,3893,412,201,0,16,59,8,0,0
1097,in_distribution,0.9,0.7957570552825928,0.4413861036300659,87,200,4200,423,200,0,32,45,10,0,0
1098,in_distribution,1.0,0.7461020350456238,0.49850523471832275,80,200,3129,280,200,0,64,13,3,0,0
1099,in_distribution,1.0,0.8391391634941101,0.5104959011077881,60,201,3968,478,201,0,16,26,18,0,0
1100,in_distribution,1.0,0.920184850692749,0.37490177154541016,94,200,2830,199,200,0,32,42,20,0,0
1101,in_distribution,0.9,0.905436635017395,0.5773783922195435,45,200,4432,468,200,0,16,14,15,0,0
1102,in_distribution,1.0,0.8405324220657349,0.2130129337310791,64,200,3238,205,200,0,30,16,18,0,0
1103,in_distribution,0.7,1.025895357131958,0.6686049103736877,89,206,4789,521,206,0,14,59,16,0,0
1104,in_distribution,1.0,0.9584155678749084,0.7047584652900696,50,206,2952,514,206,0,16,13,21,0,0
1105,in_distribution,1.0,0.7039448022842407,0.3867751359939575,122,200,2568,286,200,0,79,16,27,0,0
1106,in_distribution,0.9,0.7828803062438965,0.6436722278594971,71,204,4189,539,204,0,31,15,25,0,0
1107,in_distribution,1.0,0.9141851663589478,0.6823683977127075,36,202,3834,477,202,0,15,13,8,0,0
1108,in_distribution,0.7,1.009400486946106,0.5926934480667114,83,214,4652,645,214,0,32,29,22,0,0
1109,in_distribution,0.9,0.8278940916061401,0.652647852897644,56,202,4052,527,202,0,16,30,10,0,0
1110,in_distribution,1.0,0.894572913646698,0.5807521343231201,47,202,4530,539,202,0,16,13,18,0,0
1111,in_distribution,0.8,0.8308828473091125,0.6060049533843994,66,202,4805,621,202,0,13,30,23,0,0
1112,in_distribution,1.0,0.9847245812416077,0.6311004757881165,58,218,4154,608,218,0,16,14,28,0,0
1113,in_distribution,1.0,0.8369667530059814,0.5141815543174744,79,201,3698,342,201,0,32,16,31,0,0
1114,in_distribution,1.0,0.9100980758666992,0.6335981488227844,81,210,2845,421,210,0,32,41,8,0,0
1115,in_distribution,1.0,0.8246753215789795,0.2204325795173645,72,200,2294,239,200,0,16,46,10,0,0
1116,in_distribution,0.7,0.936545729637146,0.6052677035331726,78,201,4719,596,201,0,32,28,18,0,0
1117,in_distribution,1.0,1.052437424659729,0.6894389390945435,88,202,2320,246,202,0,16,47,25,0,0
1118,in_distribution,1.0,0.846539318561554,0.4705110788345337,84,200,3612,307,200,0,16,58,10,0,0
1119,in_distribution,0.7,0.9256747961044312,0.5998954772949219,53,207,4608,530,207,0,16,29,8,0,0
1120,in_distribution,1.0,0.978013813495636,0.6771755218505859,63,201,2126,266,201,0,16,25,22,0,0
1121,in_distribution,1.0,0.8172507286071777,0.5152629017829895,70,201,3683,409,201,0,16,28,26,0,0
1122,in_distribution,1.0,0.9760392308235168,0.49389612674713135,103,200,3494,324,200,0,48,29,26,0,0
1123,in_distribution,1.0,1.0381488800048828,0.46369391679763794,71,200,3770,279,200,0,16,45,10,0,0
1124,in_distribution,1.0,0.9279929399490356,0.6041622757911682,99,214,3747,500,214,0,48,30,21,0,0
1125,in_distribution,1.0,0.9240818023681641,0.3989993929862976,112,200,3467,312,200,0,64,32,16,0,0
1126,in_distribution,1.0,1.118373155593872,0.42675507068634033,164,200,1833,181,200,0,128,12,24,0,0
1127,in_distribution,0.7,1.0891578197479248,0.5226973295211792,88,200,4078,485,200,0,32,46,10,0,0
1128,in_distribution,1.0,0.7611795663833618,0.5342824459075928,71,206,3883,460,206,0,31,30,10,0,0
1129,in_distribution,1.0,0.8535383343696594,0.27665507793426514,114,200,2493,235,200,0,32,58,24,0,0
1130,in_distribution,0.9,0.8716350197792053,0.5051281452178955,65,200,4001,405,200,0,31,16,18,0,0
1131,in_distribution,1.0,0.9966570138931274,0.44495612382888794,72,201,3995,368,201,0,48,14,10,0,0
1132,in_distribution,1.0,1.014246940612793,0.6382620334625244,107,203,2690,289,203,0,32,59,16,0,0
1133,in_distribution,0.8,0.8649660348892212,0.43545031547546387,72,200,4602,494,200,0,32,30,10,0,0
1134,in_distribution,1.0,0.892051100730896,0.8031882643699646,36,202,2818,325,202,0,15,13,8,0,0
1135,in_distribution,1.0,0.8643676042556763,0.5458087921142578,84,200,3226,281,200,0,32,30,22,0,0
1136,in_distribution,0.6,0.8876106142997742,0.6082813739776611,141,214,4518,559,214,0,32,91,18,0,0
1137,in_distribution,1.0,0.8737890720367432,0.33258408308029175,125,200,3590,395,200,0,64,26,35,0,0
1138,in_distribution,1.0,0.7389278411865234,0.4025905132293701,40,200,3592,364,200,0,16,14,10,0,0
1139,in_distribution,1.0,0.904988169670105,0.6393224000930786,86,207,2746,328,207,0,48,28,10,0,0
1140,in_distribution,0.8,0.9370079040527344,0.5407634377479553,101,204,4672,474,204,0,32,59,10,0,0
1141,in_distribution,1.0,0.9943888783454895,0.5395485162734985,92,202,4123,477,202,0,16,58,18,0,0
1142,in_distribution,1.0,0.773544430732727,0.5775264501571655,62,203,4196,553,203,0,16,43,3,0,0
1143,in_distribution,0.7,0.8327345252037048,0.5257772207260132,118,205,4528,624,205,0,16,72,30,0,0
1144,in_distribution,1.0,0.8034079670906067,0.4817996621131897,56,200,3018,318,200,0,12,41,3,0,0
1145,in_distribution,0.9,0.9490392208099365,0.5986998677253723,77,204,4169,488,204,0,32,30,15,0,0
1146,in_distribution,1.0,0.7581228017807007,0.5842947959899902,70,201,4113,451,201,0,16,44,10,0,0
1147,in_distribution,1.0,0.8606458306312561,0.4419911503791809,112,200,3112,288,200,0,32,56,24,0,0
1148,in_distribution,1.0,0.8159297704696655,0.15174955129623413,103,200,2462,269,200,0,31,62,10,0,0
1149,in_distribution,1.0,0.892094075679779,0.1445683240890503,105,201,2814,256,201,0,32,45,28,0,0
1150,in_distribution,1.0,0.8407614827156067,0.6298637390136719,65,203,3156,366,203,0,32,13,20,0,0
1151,in_distribution,0.8,0.7023798823356628,0.6163806915283203,49,201,4312,507,201,0,9,30,10,0,0
1152,in_distribution,1.0,0.9214252829551697,0.3824911117553711,87,200,3203,263,200,0,32,30,25,0,0
1153,in_distribution,1.0,0.8875421285629272,0.46607333421707153,88,200,4065,438,200,0,48,13,27,0,0
1154,in_distribution,1.0,0.9445096850395203,0.46115022897720337,123,200,3706,334,200,0,48,59,16,0,0
1155,in_distribution,1.0,0.8731766939163208,0.48575830459594727,88,204,4034,498,204,0,32,46,10,0,0
1156,in_distribution,1.0,0.916643500328064,0.5263372659683228,87,200,3002,274,200,0,16,46,25,0,0
1157,in_distribution,0.5,0.9889973402023315,0.6338061094284058,63,202,4366,470,202,0,31,16,16,0,0
1158,in_distribution,0.6,0.8824641108512878,0.5999049544334412,110,200,4139,480,200,0,30,62,18,0,0
1159,in_distribution,1.0,0.8304741978645325,0.526843786239624,49,200,3286,257,200,0,15,24,10,0,0
1160,in_distribution,1.0,0.9638108611106873,0.5592290163040161,80,200,3689,355,200,0,31,31,18,0,0
1161,in_distribution,0.8,1.071624755859375,0.6004124879837036,90,200,4439,514,200,0,16,51,23,0,0
1162,in_distribution,1.0,0.9059993028640747,0.42588382959365845,72,202,4082,414,202,0,9,45,18,0,0
1163,in_distribution,1.0,1.0252245664596558,0.6085451245307922,66,200,3973,469,200,0,32,16,18,0,0
1164,in_distribution,0.6,1.0043431520462036,0.6139473915100098,83,208,4699,538,208,0,28,45,10,0,0
1165,in_distribution,0.8,0.7878383994102478,0.6111956238746643,94,205,4560,603,205,0,32,46,16,0,0
1166,in_distribution,0.5,0.8949949145317078,0.6562996506690979,63,213,4910,562,213,0,16,29,18,0,0
1167,in_distribution,0.9,0.7380342483520508,0.5579662322998047,104,200,3290,336,200,0,80,14,10,0,0
1168,in_distribution,0.7,0.891708493232727,0.5413649082183838,97,204,4186,539,204,0,32,57,8,0,0
1169,in_distribution,0.7,0.8886089324951172,0.5702276825904846,104,208,4749,615,208,0,48,46,10,0,0
1170,in_distribution,1.0,1.0401673316955566,0.5309755802154541,103,200,3148,289,200,0,48,29,26,0,0
1171,in_distribution,1.0,1.164724588394165,0.6443361043930054,80,203,1459,206,203,0,48,16,16,0,0
1172,in_distribution,0.7,0.9423233270645142,0.6791420578956604,64,201,4126,526,201,0,16,32,16,0,0
1173,in_distribution,0.9,0.982364296913147,0.6016140580177307,72,219,4595,538,219,0,48,14,10,0,0
1174,in_distribution,1.0,1.0002102851867676,0.7032980918884277,80,207,2730,336,207,0,62,9,9,0,0
1175,in_distribution,0.7,0.8090887069702148,0.4923369884490967,72,200,4254,506,200,0,32,25,15,0,0
1176,in_distribution,1.0,0.8864007592201233,0.5021271705627441,66,201,4014,451,201,0,16,32,18,0,0
1177,in_distribution,0.9,0.9559513330459595,0.6440533399581909,108,205,3966,436,205,0,32,60,16,0,0
1178,in_distribution,1.0,0.7524611353874207,0.23206037282943726,90,200,1910,196,200,0,28,44,18,0,0
1179,in_distribution,1.0,0.9489976763725281,0.5692456364631653,68,200,3981,398,200,0,47,13,8,0,0
1180,in_distribution,1.0,0.9948083758354187,0.4235660433769226,107,200,2715,239,200,0,46,30,31,0,0
1181,in_distribution,1.0,0.9263284206390381,0.34175026416778564,72,200,3300,288,200,0,32,30,10,0,0
1182,in_distribution,1.0,0.7800575494766235,0.5041979551315308,52,200,4070,476,200,0,16,26,10,0,0
1183,in_distribution,1.0,0.8627278208732605,0.3738757371902466,102,201,3456,291,201,0,32,44,26,0,0
1184,in_distribution,0.6,0.9647977352142334,0.481378436088562,96,200,4600,498,200,0,48,32,16,0,0
1185,in_distribution,1.0,0.9042364954948425,0.45593464374542236,66,200,3702,329,200,0,32,16,18,0,0
1186,in_distribution,0.9,0.7737381458282471,0.42822712659835815,50,200,4277,454,200,0,16,16,18,0,0
1187,in_distribution,1.0,0.7927234172821045,0.570499062538147,122,201,4470,393,201,0,16,97,9,0,0
1188,in_distribution,1.0,0.916204571723938,0.5075221657752991,112,205,3267,500,205,0,48,42,22,0,0
1189,in_distribution,0.9,0.7363530397415161,0.4623774290084839,50,203,4569,605,203,0,16,16,18,0,0
1190,in_distribution,1.0,0.8991361260414124,0.4882827401161194,84,206,3117,397,206,0,45,13,26,0,0
1191,in_distribution,1.0,0.829637885093689,0.4233279824256897,89,200,1919,202,200,0,14,72,3,0,0
1192,in_distribution,1.0,0.9414387345314026,0.44405609369277954,97,200,2814,260,200,0,47,37,13,0,0
1193,in_distribution,1.0,1.0104726552963257,0.547012209892273,40,204,2395,315,204,0,16,14,10,0,0
1194,in_distribution,1.0,0.7820233702659607,0.7005131244659424,72,205,2194,295,205,0,29,40,3,0,0
1195,in_distribution,0.8,0.8777247667312622,0.6201215982437134,57,202,4249,475,202,0,32,10,15,0,0
1196,in_distribution,1.0,0.8132737874984741,0.4031391739845276,103,201,2987,298,201,0,48,45,10,0,0
1197,in_distribution,1.0,0.8711313009262085,0.5160806179046631,79,201,4043,438,201,0,48,13,18,0,0
1198,in_distribution,1.0,0.8888500332832336,0.5273523330688477,81,200,3518,346,200,0,16,45,20,0,0
1199,in_distribution,1.0,0.8281440138816833,0.6667835712432861,42,202,3255,331,202,0,13,26,3,0,0
1200,in_distribution,1.0,0.8487051129341125,0.3594844341278076,135,200,2939,287,200,0,32,88,15,0,0
1201,in_distribution,1.0,0.8556907773017883,0.6036714315414429,66,204,4158,515,204,0,32,16,18,0,0
1202,in_distribution,1.0,0.821256160736084,0.6953259706497192,36,203,3742,500,203,0,15,13,8,0,0
1203,in_distribution,1.0,0.7530601620674133,0.3494238257408142,104,200,3287,338,200,0,64,30,10,0,0
1204,in_distribution,0.9,0.9328370094299316,0.5429427623748779,66,206,4477,491,206,0,32,13,21,0,0
1205,in_distribution,1.0,0.7518510818481445,0.5439976453781128,92,203,4180,478,203,0,32,57,3,0,0
1206,in_distribution,1.0,0.9228016138076782,0.5361360311508179,79,200,3027,395,200,0,16,45,18,0,0
1207,in_distribution,1.0,0.9265574216842651,0.44411981105804443,86,201,2950,254,201,0,48,28,10,0,0
1208,in_distribution,1.0,0.9573382139205933,0.5039265155792236,92,201,4041,365,201,0,16,58,18,0,0
1209,in_distribution,1.0,0.9521692991256714,0.43674325942993164,91,203,4665,488,203,0,16,59,16,0,0
1210,in_distribution,1.0,0.9392795562744141,0.492175817489624,120,200,3036,304,200,0,64,46,10,0,0
1211,in_distribution,1.0,0.9348818063735962,0.7001789212226868,78,212,2325,417,212,0,16,54,8,0,0
1212,in_distribution,0.8,0.8340538740158081,0.5756044387817383,81,210,4838,581,210,0,29,42,10,0,0
1213,in_distribution,0.9,0.8101750612258911,0.6154817342758179,61,201,4478,508,201,0,32,14,15,0,0
1214,in_distribution,0.7,0.9080402851104736,0.6301541328430176,56,203,4166,439,203,0,32,13,11,0,0
1215,in_distribution,1.0,0.8765661716461182,0.7274409532546997,48,202,3429,389,202,0,32,13,3,0,0
1216,in_distribution,1.0,0.9819142818450928,0.3792506456375122,118,200,3910,340,200,0,64,44,10,0,0
1217,in_distribution,0.9,1.0044063329696655,0.6811670064926147,82,204,4416,604,204,0,16,48,18,0,0
1218,in_distribution,1.0,0.992938220500946,0.6150879859924316,63,200,4353,558,200,0,29,16,18,0,0
1219,in_distribution,0.9,0.896957278251648,0.5639020800590515,81,202,4732,485,202,0,32,13,36,0,0
1220,in_distribution,1.0,0.9646924734115601,0.8163700103759766,36,203,1912,294,203,0,15,13,8,0,0
1221,in_distribution,1.0,0.9001867175102234,0.35174334049224854,89,200,3002,319,200,0,32,30,27,0,0
1222,in_distribution,1.0,0.9634003639221191,0.5729358196258545,86,201,3209,308,201,0,32,44,10,0,0
1223,in_distribution,1.0,0.9747136831283569,0.6746334433555603,49,202,2622,270,202,0,16,25,8,0,0
1224,in_distribution,0.4,0.7574136257171631,0.6155787706375122,64,200,4789,588,200,0,48,13,3,0,0
1225,in_distribution,1.0,0.7343177795410156,0.46908921003341675,85,200,3882,330,200,0,32,43,10,0,0
1226,in_distribution,1.0,1.0284901857376099,0.6935424208641052,56,201,2695,334,201,0,14,29,13,0,0
1227,in_distribution,1.0,0.9522676467895508,0.8710613250732422,32,217,2074,505,217,0,14,9,9,0,0
1228,in_distribution,0.7,0.8467797040939331,0.6164373159408569,83,203,4259,447,203,0,32,43,8,0,0
1229,in_distribution,0.9,0.7373340129852295,0.6440871953964233,63,201,3695,376,201,0,47,13,3,0,0
1230,in_distribution,0.8,1.0058833360671997,0.6145814657211304,103,208,4747,611,208,0,32,46,25,0,0
1231,in_distribution,0.6,0.9463672637939453,0.726403534412384,82,202,4415,614,202,0,16,45,21,0,0
1232,in_distribution,1.0,0.9757572412490845,0.5289463996887207,95,200,3371,308,200,0,16,59,20,0,0
1233,in_distribution,1.0,0.8509746789932251,0.5188369154930115,56,204,4448,470,204,0,16,30,10,0,0
1234,in_distribution,1.0,0.9135234951972961,0.6242888569831848,71,205,3884,425,205,0,32,29,10,0,0
1235,in_distribution,0.7,0.8855274319648743,0.5653076171875,77,203,3605,542,203,0,16,46,15,0,0
1236,in_distribution,1.0,0.8405482769012451,0.5595800876617432,71,204,3180,379,204,0,25,26,20,0,0
1237,in_distribution,1.0,1.0274159908294678,0.4679434895515442,117,200,2115,222,200,0,80,29,8,0,0
1238,in_distribution,1.0,0.7839949131011963,0.2207067608833313,111,200,2270,202,200,0,71,30,10,0,0
1239,in_distribution,1.0,1.2088885307312012,0.45585429668426514,71,200,2449,255,200,0,15,43,13,0,0
1240,in_distribution,1.0,0.8045231103897095,0.3820326328277588,110,200,2897,290,200,0,48,44,18,0,0
1241,in_distribution,1.0,0.9196757674217224,0.5567259788513184,109,200,3376,305,200,0,32,59,18,0,0
1242,in_distribution,0.9,1.0681543350219727,0.6434406042098999,52,203,4194,547,203,0,16,16,20,0,0
1243,in_distribution,1.0,0.9327912926673889,0.6156108975410461,84,207,4389,451,207,0,16,60,8,0,0
1244,in_distribution,1.0,0.8154544234275818,0.428428053855896,71,200,3525,360,200,0,31,30,10,0,0
1245,in_distribution,1.0,1.0149232149124146,0.43965888023376465,127,200,4378,448,200,0,47,47,33,0,0
1246,in_distribution,0.9,0.9851858615875244,0.7113133668899536,87,205,4173,586,205,0,58,14,15,0,0
1247,in_distribution,0.9,0.919877290725708,0.6337238550186157,82,201,4755,560,201,0,32,32,18,0,0
1248,in_distribution,1.0,1.1012928485870361,0.5052463412284851,81,209,4185,391,209,0,32,31,18,0,0
1249,in_distribution,1.0,1.0388882160186768,0.47684675455093384,117,203,3243,329,203,0,32,76,9,0,0
1250,in_distribution,0.9,0.8300809860229492,0.4966554641723633,69,203,3880,387,203,0,16,43,10,0,0
1251,in_distribution,1.0,0.8652719855308533,0.5551886558532715,72,201,3939,400,201,0,32,13,27,0,0
1252,in_distribution,1.0,1.0305477380752563,0.5155245065689087,81,201,2501,283,201,0,48,13,20,0,0
1253,in_distribution,1.0,0.991830587387085,0.3685073256492615,80,200,3584,309,200,0,46,16,18,0,0
1254,in_distribution,1.0,0.7468702793121338,0.4248083829879761,67,201,4459,381,201,0,32,25,10,0,0
1255,in_distribution,0.9,0.8265246748924255,0.6084902286529541,65,202,4009,441,202,0,25,30,10,0,0
1256,in_distribution,0.7,0.7241498231887817,0.5612778663635254,96,204,4430,553,204,0,80,13,3,0,0
1257,in_distribution,0.9,0.9160696268081665,0.628689706325531,49,202,3775,401,202,0,16,25,8,0,0
1258,in_distribution,1.0,0.8526212573051453,0.5966398119926453,36,203,4093,439,203,0,15,13,8,0,0
1259,in_distribution,0.9,0.8577231764793396,0.5479327440261841,63,200,4098,431,200,0,31,16,16,0,0
1260,in_distribution,1.0,1.0253808498382568,0.4929194450378418,75,200,4104,520,200,0,45,13,17,0,0
1261,in_distribution,0.9,0.9046304225921631,0.5027587413787842,102,201,4350,536,201,0,32,60,10,0,0
1262,in_distribution,1.0,0.9347123503684998,0.5337387323379517,114,200,3857,395,200,0,62,44,8,0,0
1263,in_distribution,0.9,0.79947829246521,0.5263808965682983,71,208,4796,574,208,0,31,30,10,0,0
1264,in_distribution,0.9,1.028649926185608,0.45280736684799194,102,200,3913,422,200,0,48,28,26,0,0
1265,in_distribution,0.9,1.1118100881576538,0.6737728118896484,66,204,3133,431,204,0,32,16,18,0,0
1266,in_distribution,0.5,1.0120588541030884,0.6588094234466553,92,204,4225,540,204,0,31,50,11,0,0
1267,in_distribution,1.0,0.9264706969261169,0.5105819702148438,61,200,3792,414,200,0,16,30,15,0,0
1268,in_distribution,0.8,0.8066651225090027,0.49406009912490845,73,200,3637,426,200,0,32,14,27,0,0
1269,in_distribution,0.9,0.7570496201515198,0.5079320669174194,104,200,4379,404,200,0,32,62,10,0,0
1270,in_distribution,1.0,1.0459622144699097,0.4908217787742615,77,200,4030,475,200,0,16,43,18,0,0
1271,in_distribution,0.8,1.0420299768447876,0.6677634119987488,89,205,4336,570,205,0,48,16,25,0,0
1272,in_distribution,0.9,0.9054130911827087,0.5801462531089783,58,200,4212,488,200,0,16,39,3,0,0
1273,in_distribution,1.0,0.9052782654762268,0.5313438773155212,56,201,3104,349,201,0,16,30,10,0,0
1274,in_distribution,1.0,1.0088462829589844,0.5710376501083374,88,200,3029,420,200,0,48,30,10,0,0
1275,in_distribution,1.0,0.9236797094345093,0.5360667705535889,82,203,3311,359,203,0,48,16,18,0,0
1276,in_distribution,1.0,0.8010428547859192,0.41026681661605835,64,200,3006,338,200,0,30,16,18,0,0
1277,in_distribution,0.9,1.0414503812789917,0.5604664087295532,78,200,4437,536,200,0,16,30,32,0,0
1278,in_distribution,0.8,0.9481798410415649,0.49623680114746094,72,201,4485,552,201,0,48,14,10,0,0
1279,in_distribution,1.0,0.7036402225494385,0.5114567279815674,60,201,4142,506,201,0,16,41,3,0,0
1280,in_distribution,1.0,0.941450834274292,0.6248953938484192,66,206,3230,480,206,0,32,16,18,0,0
1281,in_distribution,0.8,0.7025833129882812,0.581295371055603,64,200,4310,513,200,0,48,13,3,0,0
1282,in_distribution,0.7,0.8683255910873413,0.48251283168792725,112,201,4703,507,201,0,48,48,16,0,0
1283,in_distribution,1.0,0.9675602912902832,0.562869668006897,97,201,2609,274,201,0,48,31,18,0,0
1284,in_distribution,0.5,0.8459205031394958,0.646198570728302,81,208,3973,531,208,0,48,24,9,0,0
1285,in_distribution,0.8,0.6962423324584961,0.5773841142654419,139,201,4505,473,201,0,47,89,3,0,0
1286,in_distribution,1.0,0.836811900138855,0.2240370512008667,81,200,2925,294,200,0,41,30,10,0,0
1287,in_distribution,1.0,0.8197150230407715,0.57295823097229,72,202,3752,349,202,0,32,30,10,0,0
1288,in_distribution,0.9,0.8620080947875977,0.47840481996536255,49,204,4115,481,204,0,9,30,10,0,0
1289,in_distribution,0.9,0.8633895516395569,0.5458974242210388,79,202,4156,523,202,0,47,16,16,0,0
1290,in_distribution,0.8,0.8147212266921997,0.5694962739944458,76,200,4713,570,200,0,32,31,13,0,0
1291,in_distribution,1.0,0.8921922445297241,0.45850515365600586,97,200,3966,380,200,0,57,30,10,0,0
1292,in_distribution,0.8,0.7633317112922668,0.5003494620323181,94,200,4358,463,200,0,48,28,18,0,0
1293,in_distribution,0.9,0.83476722240448,0.5000156760215759,66,200,4446,548,200,0,32,16,18,0,0
1294,in_distribution,1.0,0.8232681155204773,0.5512937307357788,92,200,3678,310,200,0,32,45,15,0,0
1295,in_distribution,1.0,0.9680065512657166,0.375426709651947,80,201,2600,296,201,0,44,16,20,0,0
1296,in_distribution,1.0,0.7523553371429443,0.4283977150917053,94,200,3660,363,200,0,48,43,3,0,0
1297,in_distribution,1.0,0.8443886041641235,0.4376104474067688,111,200,3747,350,200,0,47,44,20,0,0
1298,in_distribution,1.0,0.7993346452713013,0.4007467031478882,124,200,3441,357,200,0,78,28,18,0,0
1299,in_distribution,1.0,1.0032156705856323,0.4630191922187805,102,200,3635,353,200,0,48,44,10,0,0
1300,in_distribution,1.0,0.9294866323471069,0.5962028503417969,61,205,4557,506,205,0,32,14,15,0,0
1301,in_distribution,1.0,0.9011865854263306,0.5508261919021606,87,200,4182,413,200,0,16,46,25,0,0
1302,in_distribution,1.0,0.8634845018386841,0.4880184531211853,66,200,3818,368,200,0,32,13,21,0,0
1303,in_distribution,0.7,0.9253809452056885,0.5329753160476685,85,205,4452,592,205,0,16,59,10,0,0
1304,in_distribution,0.9,0.830861508846283,0.5337954759597778,40,203,4365,521,203,0,16,14,10,0,0
1305,in_distribution,1.0,0.8188473582267761,0.4589191675186157,119,202,4156,419,202,0,64,30,25,0,0
1306,in_distribution,0.8,0.9865387678146362,0.615851640701294,95,205,4559,574,205,0,31,46,18,0,0
1307,in_distribution,0.7,0.7966102957725525,0.5225881338119507,114,201,4620,505,201,0,80,16,18,0,0
1308,in_distribution,0.5,0.8419330716133118,0.6413969993591309,91,205,4667,532,205,0,16,56,19,0,0
1309,in_distribution,1.0,0.7983490228652954,0.6162517070770264,78,204,4288,458,204,0,43,25,10,0,0
1310,in_distribution,1.0,0.8652573823928833,0.5645925998687744,77,203,4286,492,203,0,32,29,16,0,0
1311,in_distribution,0.4,0.9356382489204407,0.6422625184059143,73,202,4454,538,202,0,16,31,26,0,0
1312,in_distribution,0.5,0.9805346131324768,0.7114185094833374,98,216,4851,602,216,0,62,28,8,0,0
1313,in_distribution,1.0,0.9055684208869934,0.5081677436828613,114,200,2906,258,200,0,80,13,21,0,0
1314,in_distribution,0.7,0.8048441410064697,0.5649135112762451,56,205,4961,558,205,0,32,14,10,0,0
1315,in_distribution,0.4,1.002928376197815,0.5720447301864624,80,200,4666,546,200,0,32,15,33,0,0
1316,in_distribution,0.7,0.8455361127853394,0.620981752872467,72,204,4361,620,204,0,12,57,3,0,0
1317,in_distribution,0.8,0.9108014106750488,0.6080306768417358,74,207,4423,587,207,0,32,14,28,0,0
1318,in_distribution,1.0,0.9120775461196899,0.5693110227584839,82,200,2979,327,200,0,48,16,18,0,0
1319,in_distribution,1.0,0.808053731918335,0.43231886625289917,68,200,3631,395,200,0,32,26,10,0,0
1320,in_distribution,1.0,0.7538508772850037,0.545214056968689,63,205,4213,477,205,0,32,28,3,0,0
1321,in_distribution,1.0,0.757942259311676,0.47506409883499146,89,200,3581,319,200,0,45,28,16,0,0
1322,in_distribution,0.8,0.913210391998291,0.5698834657669067,49,202,4040,434,202,0,16,13,20,0,0
1323,in_distribution,0.9,0.7090274095535278,0.5465251207351685,74,203,3934,424,203,0,32,39,3,0,0
1324,in_distribution,0.6,0.9667854309082031,0.5728141665458679,109,200,4580,575,200,0,32,61,16,0,0
1325,in_distribution,0.9,0.8603368997573853,0.4955620765686035,71,203,4536,504,203,0,32,13,26,0,0
1326,in_distribution,1.0,0.8859330415725708,0.5003357529640198,59,200,3960,409,200,0,15,28,16,0,0
1327,in_distribution,0.6,0.8014965057373047,0.6023879051208496,82,203,4525,558,203,0,16,56,10,0,0
1328,in_distribution,1.0,0.7294274568557739,0.3739764094352722,119,201,3363,434,201,0,16,93,10,0,0
1329,in_distribution,1.0,0.8351801633834839,0.7312275171279907,100,206,4125,475,206,0,16,59,25,0,0
1330,in_distribution,1.0,0.828097939491272,0.6334790587425232,63,205,2528,321,205,0,16,29,18,0,0
1331,in_distribution,1.0,0.983039915561676,0.5618213415145874,113,200,3628,343,200,0,30,58,25,0,0
1332,in_distribution,1.0,0.9551087617874146,0.5434088706970215,53,201,4143,411,201,0,16,14,23,0,0
1333,in_distribution,0.6,0.8910729885101318,0.6012179851531982,148,203,4765,554,203,0,43,89,16,0,0
1334,in_distribution,1.0,0.9171616435050964,0.4681565761566162,83,200,3952,422,200,0,47,12,24,0,0
1335,in_distribution,0.9,0.9083876609802246,0.38354843854904175,102,200,4034,434,200,0,32,44,26,0,0
1336,in_distribution,1.0,0.9533743858337402,0.41396093368530273,89,200,3554,375,200,0,32,30,27,0,0
1337,in_distribution,1.0,0.7847846746444702,0.4926057457923889,82,200,4366,491,200,0,48,16,18,0,0
1338,in_distribution,1.0,0.8550384044647217,0.5188851356506348,61,201,3254,387,201,0,16,30,15,0,0
1339,in_distribution,1.0,0.8861735463142395,0.6303470134735107,84,213,3748,592,213,0,16,44,24,0,0
1340,in_distribution,1.0,0.9490060806274414,0.5336685180664062,93,202,4478,522,202,0,48,30,15,0,0
1341,in_distribution,1.0,0.8143237829208374,0.5582544803619385,53,202,3050,333,202,0,16,29,8,0,0
1342,in_distribution,1.0,0.888297438621521,0.6362237930297852,72,203,3360,458,203,0,32,25,15,0,0
1343,in_distribution,0.8,0.8967757821083069,0.7218695878982544,97,209,4226,601,209,0,32,55,10,0,0
1344,in_distribution,1.0,0.9141666889190674,0.8125952482223511,36,207,4509,578,207,0,15,13,8,0,0
1345,in_distribution,0.6,0.9099125266075134,0.6103910207748413,90,202,4592,593,202,0,44,16,30,0,0
1346,in_distribution,1.0,0.7226908206939697,0.577019453048706,64,202,2853,315,202,0,48,13,3,0,0
1347,in_distribution,0.8,0.7901836037635803,0.4758393168449402,125,200,4147,462,200,0,80,16,29,0,0
1348,in_distribution,1.0,1.0497734546661377,0.47568100690841675,102,200,2057,214,200,0,62,24,16,0,0
1349,in_distribution,0.6,0.8669787645339966,0.6209041476249695,83,201,4345,487,201,0,32,31,20,0,0
1350,in_distribution,0.9,0.8754881620407104,0.6606358289718628,108,207,3842,549,207,0,45,53,10,0,0
1351,in_distribution,1.0,0.9054195880889893,0.5178903937339783,71,201,4058,434,201,0,16,30,25,0,0
1352,in_distribution,0.9,0.9705479145050049,0.5270371437072754,96,204,4289,455,204,0,16,64,16,0,0
1353,in_distribution,1.0,0.9276235103607178,0.5267108678817749,97,200,3381,441,200,0,42,45,10,0,0
1354,in_distribution,1.0,0.912631630897522,0.5110921859741211,89,200,2921,350,200,0,48,16,25,0,0
1355,in_distribution,0.8,0.8477658629417419,0.4630265235900879,166,200,4040,395,200,0,94,45,27,0,0
1356,in_distribution,1.0,0.8432551622390747,0.5091193914413452,94,200,2944,307,200,0,61,25,8,0,0
1357,in_distribution,1.0,0.9807053804397583,0.4678325653076172,95,200,3484,284,200,0,32,43,20,0,0
1358,in_distribution,1.0,0.875500500202179,0.49080902338027954,81,201,4112,400,201,0,32,40,9,0,0
1359,in_distribution,1.0,0.7458580732345581,0.32321417331695557,104,200,3133,308,200,0,32,62,10,0,0
1360,in_distribution,0.7,0.9848415851593018,0.5903401374816895,82,201,4372,511,201,0,16,57,9,0,0
1361,in_distribution,1.0,0.8237991333007812,0.5294281244277954,77,200,4273,383,200,0,16,46,15,0,0
1362,in_distribution,0.7,0.9162944555282593,0.5543566942214966,155,200,4255,479,200,0,48,77,30,0,0
1363,in_distribution,0.9,1.0647094249725342,0.6962728500366211,48,204,3877,465,204,0,16,16,16,0,0
1364,in_distribution,1.0,0.8579014539718628,0.4594389796257019,107,200,3157,276,200,0,64,28,15,0,0
1365,in_distribution,1.0,1.0967388153076172,0.5863174200057983,62,203,3752,429,203,0,16,30,16,0,0
1366,in_distribution,1.0,0.8849225640296936,0.5055009126663208,109,200,4003,450,200,0,32,43,34,0,0
1367,in_distribution,0.5,0.8184946775436401,0.5868433713912964,61,202,4397,570,202,0,16,42,3,0,0
1368,in_distribution,1.0,0.9313805103302002,0.5051920413970947,100,200,3722,370,200,0,63,29,8,0,0
1369,in_distribution,1.0,1.1223222017288208,0.4499378204345703,83,200,2862,241,200,0,16,43,24,0,0
1370,in_distribution,1.0,0.7329452633857727,0.44755661487579346,72,201,4136,470,201,0,16,46,10,0,0
1371,in_distribution,1.0,0.7374054193496704,0.5512826442718506,63,203,4590,510,203,0,32,13,18,0,0
1372,in_distribution,1.0,0.9825809001922607,0.5205783843994141,115,201,3976,355,201,0,47,42,26,0,0
1373,in_distribution,0.9,0.8144782781600952,0.6633439064025879,50,202,4381,512,202,0,16,16,18,0,0
1374,in_distribution,1.0,0.8746867775917053,0.5526697635650635,55,200,4277,514,200,0,13,16,26,0,0
1375,in_distribution,1.0,0.9699857234954834,0.2790762782096863,90,200,2478,179,200,0,32,32,26,0,0
1376,in_distribution,1.0,0.9066251516342163,0.6910308599472046,62,206,2594,257,206,0,16,16,30,0,0
1377,in_distribution,1.0,0.9263947010040283,0.5844016075134277,87,200,4167,435,200,0,31,46,10,0,0
1378,in_distribution,0.6,0.9737681746482849,0.694888174533844,83,202,3991,547,202,0,16,44,23,0,0
1379,in_distribution,0.9,0.7195680141448975,0.5562934279441833,81,202,4089,433,202,0,41,30,10,0,0
1380,in_distribution,1.0,0.9084739685058594,0.4368225932121277,86,200,3080,373,200,0,31,37,18,0,0
1381,in_distribution,1.0,0.9914072751998901,0.6160940527915955,78,201,3383,361,201,0,60,9,9,0,0
1382,in_distribution,0.7,0.730201244354248,0.583289623260498,44,200,4556,522,200,0,16,25,3,0,0
1383,in_distribution,0.7,0.8310451507568359,0.5604002475738525,99,200,4671,565,200,0,32,43,24,0,0
1384,in_distribution,1.0,0.8865042924880981,0.5083138942718506,116,201,3893,444,201,0,48,60,8,0,0
1385,in_distribution,1.0,0.7770563960075378,0.47174668312072754,79,200,3612,274,200,0,45,16,18,0,0
1386,in_distribution,0.8,0.760810136795044,0.6157534718513489,44,203,4511,521,203,0,16,15,13,0,0
1387,in_distribution,1.0,0.9799937605857849,0.42796337604522705,127,200,2934,231,200,0,93,16,18,0,0
1388,in_distribution,0.9,0.8008779287338257,0.5473565459251404,61,203,4261,454,203,0,16,30,15,0,0
1389,in_distribution,0.6,0.9477834701538086,0.6448993682861328,82,202,4448,540,202,0,48,16,18,0,0
1390,in_distribution,1.0,1.0293275117874146,0.44623899459838867,90,203,3420,339,203,0,31,32,27,0,0
1391,in_distribution,1.0,0.7923547029495239,0.5212544202804565,72,200,4400,449,200,0,32,30,10,0,0
1392,in_distribution,1.0,1.1339584589004517,0.536076545715332,74,200,2784,255,200,0,16,42,16,0,0
1393,in_distribution,0.9,0.8774728775024414,0.5494532585144043,70,200,3566,457,200,0,32,28,10,0,0
1394,in_distribution,1.0,0.7885547876358032,0.567145586013794,86,201,3937,364,201,0,16,60,10,0,0
1395,in_distribution,0.9,1.0004181861877441,0.5505200624465942,91,200,3594,397,200,0,47,26,18,0,0
1396,in_distribution,1.0,0.8551493883132935,0.5281603336334229,54,201,3524,339,201,0,16,28,10,0,0
1397,in_distribution,0.9,0.9211544990539551,0.4814335107803345,123,200,4364,463,200,0,47,58,18,0,0
1398,in_distribution,1.0,0.7528359293937683,0.4591176509857178,61,200,3503,351,200,0,16,30,15,0,0
1399,in_distribution,1.0,1.1806914806365967,0.34810614585876465,103,200,1323,131,200,0,57,33,13,0,0
1400,in_distribution,1.0,0.8520539402961731,0.526831865310669,140,200,3650,298,200,0,80,31,29,0,0
1401,in_distribution,1.0,0.8435676693916321,0.5246647000312805,40,203,3728,372,203,0,16,14,10,0,0
1402,in_distribution,1.0,0.8829315900802612,0.5452389717102051,48,202,4321,458,202,0,16,16,16,0,0
1403,in_distribution,1.0,1.07504141330719,0.7426438331604004,48,202,3468,370,202,0,30,9,9,0,0
1404,in_distribution,1.0,0.881893515586853,0.6143684983253479,61,215,3052,481,215,0,31,14,16,0,0
1405,in_distribution,0.8,0.7729175090789795,0.5488742589950562,78,200,4361,475,200,0,32,43,3,0,0
1406,in_distribution,1.0,0.817632257938385,0.5436232089996338,125,205,3429,507,205,0,32,75,18,0,0
1407,in_distribution,1.0,0.8532363772392273,0.4374118447303772,100,200,3127,303,200,0,30,44,26,0,0
1408,in_distribution,1.0,0.9824562072753906,0.6339861750602722,75,207,3433,474,207,0,16,46,13,0,0
1409,in_distribution,1.0,0.8853263258934021,0.5570948719978333,85,201,3996,437,201,0,29,46,10,0,0
1410,in_distribution,1.0,0.7069673538208008,0.42975908517837524,119,200,3928,386,200,0,48,61,10,0,0
1411,in_distribution,1.0,0.8398768901824951,0.6854979991912842,77,204,3733,484,204,0,16,45,16,0,0
1412,in_distribution,0.8,0.9032893180847168,0.5965321063995361,94,206,4688,583,206,0,15,54,25,0,0
1413,in_distribution,0.9,0.8673260807991028,0.5053392648696899,79,201,4209,448,201,0,32,29,18,0,0
1414,in_distribution,1.0,0.6713954210281372,0.6063947677612305,48,204,2113,269,204,0,32,13,3,0,0
1415,in_distribution,0.8,0.9383268356323242,0.6603521108627319,52,207,4185,545,207,0,16,16,20,0,0
1416,in_distribution,0.8,0.7605977654457092,0.622280478477478,96,202,4793,506,202,0,32,46,18,0,0
1417,in_distribution,1.0,0.9911744594573975,0.5763767957687378,114,201,3602,349,201,0,16,73,25,0,0
1418,in_distribution,1.0,0.9571194648742676,0.513849139213562,62,200,2188,184,200,0,30,13,19,0,0
1419,in_distribution,0.9,0.9614260792732239,0.6437427997589111,56,200,3696,395,200,0,16,30,10,0,0
1420,in_distribution,0.8,0.8752159476280212,0.5704801678657532,75,205,4732,565,205,0,32,25,18,0,0
1421,in_distribution,1.0,0.8915060758590698,0.4368370771408081,162,201,4286,434,201,0,96,40,26,0,0
1422,in_distribution,1.0,0.9224878549575806,0.5870829820632935,64,204,4280,471,204,0,32,16,16,0,0
1423,in_distribution,1.0,1.063324213027954,0.6618283987045288,69,209,4349,593,209,0,32,15,22,0,0
1424,in_distribution,1.0,0.8475583791732788,0.7002650499343872,61,204,2968,331,204,0,16,42,3,0,0
1425,in_distribution,1.0,0.9375261664390564,0.6448190808296204,94,200,3614,395,200,0,64,11,19,0,0
1426,in_distribution,1.0,0.8365920782089233,0.4807455539703369,72,200,4576,490,200,0,32,30,10,0,0
1427,in_distribution,1.0,0.7986992597579956,0.4830808639526367,89,201,3854,351,201,0,16,58,15,0,0
1428,in_distribution,1.0,0.8662573099136353,0.4904385805130005,82,200,3810,337,200,0,32,32,18,0,0
1429,in_distribution,0.8,0.9962218403816223,0.5126513242721558,99,200,4097,512,200,0,48,31,20,0,0
1430,in_distribution,0.9,0.8158005475997925,0.4938579201698303,82,200,4494,481,200,0,32,32,18,0,0
1431,in_distribution,1.0,0.7497133016586304,0.4012413024902344,75,200,2136,231,200,0,31,41,3,0,0
1432,in_distribution,1.0,0.9855285286903381,0.6180427074432373,51,201,3710,413,201,0,16,14,21,0,0
1433,in_distribution,1.0,0.852057695388794,0.5524470806121826,95,204,3471,479,204,0,32,60,3,0,0
1434,in_distribution,1.0,0.7919231057167053,0.4215569496154785,56,202,2389,265,202,0,16,30,10,0,0
1435,in_distribution,1.0,0.7381778955459595,0.33117878437042236,80,200,2564,194,200,0,40,30,10,0,0
1436,in_distribution,1.0,0.8033829927444458,0.17248350381851196,55,200,2549,291,200,0,16,14,25,0,0
1437,in_distribution,0.8,0.9743345379829407,0.602565348148346,69,202,3482,410,202,0,39,21,9,0,0
1438,in_distribution,1.0,0.9553008079528809,0.5388005375862122,66,201,3757,395,201,0,32,16,18,0,0
1439,in_distribution,0.5,0.8872808814048767,0.6431809067726135,70,204,4724,624,204,0,30,30,10,0,0
1440,in_distribution,0.8,0.8924666047096252,0.5334784388542175,61,201,4149,446,201,0,16,30,15,0,0
1441,in_distribution,1.0,0.8676708340644836,0.5840733647346497,56,203,4079,415,203,0,32,14,10,0,0
1442,in_distribution,1.0,0.9933546185493469,0.5551415681838989,114,200,3996,409,200,0,80,16,18,0,0
1443,in_distribution,0.8,1.0142461061477661,0.703392505645752,63,206,4459,561,206,0,16,15,32,0,0
1444,in_distribution,1.0,1.1002507209777832,0.7207731008529663,53,210,3128,430,210,0,16,29,8,0,0
1445,in_distribution,0.9,0.8508208990097046,0.5662802457809448,82,203,4313,474,203,0,16,46,20,0,0
1446,in_distribution,1.0,1.005475640296936,0.5855674743652344,49,207,3829,430,207,0,9,30,10,0,0
1447,in_distribution,1.0,0.887963056564331,0.523003101348877,96,203,3309,448,203,0,32,46,18,0,0
1448,in_distribution,0.9,0.9120888710021973,0.571449875831604,76,203,3677,446,203,0,32,28,16,0,0
1449,in_distribution,1.0,0.984295666217804,0.5622859001159668,117,200,2599,268,200,0,47,61,9,0,0
1450,in_distribution,0.9,1.044812560081482,0.5391069650650024,80,204,4380,607,204,0,31,31,18,0,0
1451,in_distribution,0.7,0.773578405380249,0.5196297764778137,111,200,4784,538,200,0,64,44,3,0,0
1452,in_distribution,1.0,0.8638567328453064,0.4213331937789917,88,201,2327,265,201,0,31,29,28,0,0
1453,in_distribution,0.6,0.8043537139892578,0.6161172986030579,90,205,4402,576,205,0,31,56,3,0,0
1454,in_distribution,1.0,1.062657117843628,0.5367100238800049,100,200,3260,257,200,0,47,40,13,0,0
1455,in_distribution,0.7,0.8664482235908508,0.5514393448829651,97,203,4590,553,203,0,58,13,26,0,0
1456,in_distribution,1.0,0.9671875834465027,0.7390645742416382,56,201,3089,320,201,0,32,14,10,0,0
1457,in_distribution,1.0,0.9152034521102905,0.3640472888946533,117,201,3080,309,201,0,48,42,27,0,0
1458,in_distribution,1.0,0.7998005151748657,0.4186974763870239,100,200,2836,319,200,0,25,55,20,0,0
1459,in_distribution,1.0,1.1006139516830444,0.38260918855667114,132,200,1744,206,200,0,56,56,20,0,0
1460,in_distribution,0.8,0.6616495847702026,0.649064838886261,45,203,4333,495,203,0,15,27,3,0,0
1461,in_distribution,1.0,0.8363332748413086,0.639140784740448,89,204,4481,535,204,0,47,16,26,0,0
1462,in_distribution,1.0,1.0264906883239746,0.5219588279724121,99,201,2869,351,201,0,32,35,32,0,0
1463,in_distribution,0.9,0.8263481855392456,0.4774566888809204,94,200,3782,405,200,0,32,42,20,0,0
1464,in_distribution,1.0,0.7605860829353333,0.29545295238494873,88,200,2872,246,200,0,32,32,24,0,0
1465,in_distribution,1.0,0.8784999847412109,0.5521113872528076,92,200,2407,200,200,0,76,13,3,0,0
1466,in_distribution,1.0,1.0081791877746582,0.6312214136123657,82,201,3754,309,201,0,32,32,18,0,0
1467,in_distribution,0.9,0.7143081426620483,0.5122164487838745,56,203,4114,423,203,0,16,30,10,0,0
1468,in_distribution,0.8,0.8719873428344727,0.632887601852417,47,201,4544,506,201,0,16,28,3,0,0
1469,in_distribution,1.0,0.9202558398246765,0.6817330121994019,106,201,4036,442,201,0,47,56,3,0,0
1470,in_distribution,0.9,0.9585204720497131,0.5238544344902039,114,200,4084,417,200,0,80,16,18,0,0
1471,in_distribution,1.0,0.9424658417701721,0.5865341424942017,62,204,4793,573,204,0,30,9,23,0,0
1472,in_distribution,1.0,1.0066919326782227,0.405555784702301,68,200,3760,301,200,0,16,42,10,0,0
1473,in_distribution,0.9,0.920881986618042,0.3552447557449341,87,201,4128,424,201,0,47,30,10,0,0
1474,in_distribution,1.0,0.9991805553436279,0.44188427925109863,94,200,3634,309,200,0,16,62,16,0,0
1475,in_distribution,1.0,0.7638232111930847,0.5379562973976135,40,202,4061,387,202,0,16,14,10,0,0
1476,in_distribution,0.7,0.7632063031196594,0.597673773765564,93,202,4511,574,202,0,14,76,3,0,0
1477,in_distribution,0.9,0.9063716530799866,0.6980260014533997,49,203,4135,515,203,0,16,13,20,0,0
1478,in_distribution,1.0,0.7427495121955872,0.2969290614128113,82,200,2231,313,200,0,32,29,21,0,0
1479,in_distribution,0.8,0.8272185325622559,0.5330132246017456,96,201,4295,517,201,0,32,48,16,0,0
1480,in_distribution,1.0,0.7977725267410278,0.6272566318511963,77,203,4102,482,203,0,32,30,15,0,0
1481,in_distribution,0.9,0.8464767932891846,0.5410003066062927,136,202,4184,452,202,0,80,46,10,0,0
1482,in_distribution,1.0,1.1138285398483276,0.6084430813789368,56,200,3259,331,200,0,14,14,28,0,0
1483,in_distribution,0.6,0.7279491424560547,0.6036840677261353,88,201,4583,502,201,0,16,62,10,0,0
1484,in_distribution,0.9,0.9640381336212158,0.7422494888305664,57,207,3663,479,207,0,16,26,15,0,0
1485,in_distribution,0.7,0.9239537715911865,0.6550204157829285,110,211,4895,531,211,0,16,78,16,0,0
1486,in_distribution,1.0,0.8816814422607422,0.6565817594528198,62,201,2837,292,201,0,16,37,9,0,0
1487,in_distribution,1.0,0.9328590035438538,0.5253876447677612,50,201,4035,359,201,0,16,16,18,0,0
1488,in_distribution,1.0,0.732703447341919,0.22355395555496216,86,200,2621,176,200,0,31,45,10,0,0
1489,in_distribution,1.0,0.9190715551376343,0.3636740446090698,131,200,3050,237,200,0,32,74,25,0,0
1490,in_distribution,1.0,0.8776580691337585,0.5727978944778442,72,202,3695,448,202,0,16,46,10,0,0
1491,in_distribution,1.0,1.1248862743377686,0.5565528273582458,96,200,3286,318,200,0,48,13,35,0,0
1492,in_distribution,1.0,0.7396928071975708,0.5598722696304321,66,205,4147,487,205,0,32,16,18,0,0
1493,in_distribution,1.0,0.8219314813613892,0.4069325923919678,125,200,3320,266,200,0,64,31,30,0,0
1494,in_distribution,0.6,0.9568445682525635,0.5963380336761475,64,200,3960,505,200,0,32,16,16,0,0
1495,in_distribution,1.0,0.9155869483947754,0.3848341703414917,96,200,3402,388,200,0,48,25,23,0,0
1496,in_distribution,1.0,0.8226876854896545,0.4485745429992676,89,200,3527,439,200,0,16,55,18,0,0
1497,in_distribution,1.0,0.7367779612541199,0.4993075728416443,64,201,4011,385,201,0,16,45,3,0,0
1498,in_distribution,1.0,0.9765693545341492,0.5717599391937256,61,202,3516,371,202,0,16,30,15,0,0
1499,in_distribution,0.5,0.7863178253173828,0.5205243825912476,74,201,3678,514,201,0,16,55,3,0,0
1500,in_distribution,0.7,0.9140044450759888,0.7167003154754639,70,205,4458,533,205,0,32,12,26,0,0
1501,in_distribution,0.8,0.8442569375038147,0.5915494561195374,49,201,3860,414,201,0,9,30,10,0,0
1502,in_distribution,1.0,1.1224192380905151,0.7145241498947144,52,205,3937,537,205,0,15,13,24,0,0
1503,in_distribution,1.0,0.844477653503418,0.5410301685333252,77,203,4457,512,203,0,48,14,15,0,0
1504,in_distribution,0.9,0.9136784672737122,0.4657490849494934,108,200,3378,291,200,0,31,59,18,0,0
1505,in_distribution,1.0,1.0271062850952148,0.5784394145011902,65,208,4553,521,208,0,16,29,20,0,0
1506,in_distribution,1.0,0.9759113192558289,0.34119778871536255,125,200,2162,201,200,0,79,28,18,0,0
1507,in_distribution,1.0,1.1007108688354492,0.6440672874450684,79,204,3638,459,204,0,48,13,18,0,0
1508,in_distribution,0.9,0.9522802233695984,0.6076343059539795,47,205,4147,548,205,0,16,13,18,0,0
1509,in_distribution,1.0,0.85035240650177,0.47603344917297363,94,206,4368,610,206,0,16,60,18,0,0
1510,in_distribution,1.0,0.8303104639053345,0.5517011284828186,124,200,3970,449,200,0,64,57,3,0,0
1511,in_distribution,1.0,1.1656522750854492,0.6555149555206299,126,200,3597,333,200,0,80,26,20,0,0
1512,in_distribution,0.9,0.8652499318122864,0.5439891815185547,89,201,4493,466,201,0,64,10,15,0,0
1513,in_distribution,1.0,1.1477906703948975,0.629745602607727,141,211,4354,426,211,0,16,109,16,0,0
1514,in_distribution,1.0,0.7442423701286316,0.13248538970947266,119,200,2063,186,200,0,63,46,10,0,0
1515,in_distribution,1.0,0.8692309260368347,0.37477272748947144,79,202,3776,418,202,0,32,29,18,0,0
1516,in_distribution,0.9,0.8324042558670044,0.6371104717254639,41,203,3920,471,203,0,16,10,15,0,0
1517,in_distribution,0.9,0.9959148168563843,0.6200684309005737,70,201,4372,543,201,0,16,44,10,0,0
1518,in_distribution,1.0,0.7296187877655029,0.6234492063522339,70,205,3760,478,205,0,32,28,10,0,0
1519,in_distribution,1.0,0.7874475717544556,0.6039822101593018,52,203,3026,375,203,0,16,26,10,0,0
1520,in_distribution,0.8,0.9148984551429749,0.7209138870239258,66,209,4753,603,209,0,16,16,34,0,0
1521,in_distribution,0.8,1.0740537643432617,0.6570637226104736,99,200,3418,389,200,0,59,29,11,0,0
1522,in_distribution,0.9,0.9903263449668884,0.6323019862174988,76,202,4279,461,202,0,16,47,13,0,0
1523,in_distribution,1.0,0.8236566781997681,0.3542526960372925,68,200,3488,295,200,0,32,12,24,0,0
1524,in_distribution,0.9,0.90128093957901,0.6170302033424377,52,202,3864,423,202,0,16,16,20,0,0
1525,in_distribution,1.0,0.7760064005851746,0.5099564790725708,110,200,3162,328,200,0,32,75,3,0,0
1526,in_distribution,0.9,0.8750104904174805,0.5390797257423401,95,201,3579,398,201,0,29,48,18,0,0
1527,in_distribution,1.0,0.9921683669090271,0.7287012934684753,52,221,3799,657,221,0,16,16,20,0,0
1528,in_distribution,0.9,0.8998675346374512,0.6380136013031006,57,206,4269,576,206,0,16,26,15,0,0
1529,in_distribution,1.0,0.971436083316803,0.43722736835479736,102,200,2414,247,200,0,48,39,15,0,0
1530,in_distribution,0.6,0.9529777765274048,0.6713618040084839,95,221,5249,598,221,0,16,61,18,0,0
1531,in_distribution,0.8,0.9661425352096558,0.5850381255149841,81,200,3881,398,200,0,48,24,9,0,0
1532,in_distribution,0.9,0.7949838042259216,0.5676594972610474,65,202,4623,516,202,0,16,13,36,0,0
1533,in_distribution,1.0,0.9258507490158081,0.5015008449554443,85,200,3116,301,200,0,48,29,8,0,0
1534,in_distribution,1.0,0.8133106827735901,0.21011149883270264,109,200,2049,208,200,0,62,29,18,0,0
1535,in_distribution,1.0,0.7298444509506226,0.41288572549819946,104,200,4179,449,200,0,63,38,3,0,0
1536,in_distribution,0.8,0.8851585388183594,0.5519864559173584,56,200,4120,519,200,0,32,14,10,0,0
1537,in_distribution,0.7,0.847303032875061,0.6226140260696411,94,204,4725,596,204,0,64,10,20,0,0
1538,in_distribution,1.0,0.8065065145492554,0.5120158791542053,50,203,4363,523,203,0,16,16,18,0,0
1539,in_distribution,1.0,1.0205225944519043,0.5167109966278076,67,200,3541,305,200,0,16,31,20,0,0
1540,in_distribution,0.8,0.7985285520553589,0.5729619264602661,72,201,4506,511,201,0,16,31,25,0,0
1541,in_distribution,0.7,0.7939884662628174,0.5663797855377197,87,201,4493,500,201,0,47,15,25,0,0
1542,in_distribution,1.0,0.7716391086578369,0.5021306276321411,57,201,2398,167,201,0,16,38,3,0,0
1543,in_distribution,1.0,0.7718769311904907,0.4609835147857666,72,203,3792,453,203,0,16,46,10,0,0
1544,in_distribution,0.4,0.8031405210494995,0.6685696840286255,45,206,4643,558,206,0,15,27,3,0,0
1545,in_distribution,1.0,0.9673281311988831,0.7517741918563843,44,201,3743,336,201,0,14,22,8,0,0
1546,in_distribution,1.0,0.990507185459137,0.5099319815635681,56,200,2005,234,200,0,16,30,10,0,0
1547,in_distribution,1.0,0.7990412712097168,0.355351984500885,110,200,2804,326,200,0,31,61,18,0,0
1548,in_distribution,1.0,0.8629293441772461,0.5912851691246033,101,200,3416,359,200,0,13,70,18,0,0
1549,in_distribution,0.6,0.934017539024353,0.5890243649482727,50,200,4545,513,200,0,16,25,9,0,0
1550,in_distribution,1.0,0.747637927532196,0.30464935302734375,104,200,2843,259,200,0,32,62,10,0,0
1551,in_distribution,0.8,0.8860011696815491,0.663241982460022,70,216,4938,649,216,0,32,23,15,0,0
1552,in_distribution,1.0,0.7723654508590698,0.5479963421821594,124,206,4630,588,206,0,64,57,3,0,0
1553,in_distribution,1.0,0.9174343943595886,0.5990136861801147,72,204,3312,476,204,0,48,14,10,0,0
1554,in_distribution,1.0,0.7785053253173828,0.37787067890167236,40,200,3323,319,200,0,16,14,10,0,0
1555,in_distribution,0.7,0.7372406721115112,0.568252444267273,117,201,4329,506,201,0,45,69,3,0,0
1556,in_distribution,0.9,0.7335833311080933,0.6569610238075256,48,203,4478,559,203,0,32,13,3,0,0
1557,in_distribution,1.0,0.7519392371177673,0.5014117956161499,83,201,4111,511,201,0,32,31,20,0,0
1558,in_distribution,0.9,0.83939528465271,0.45323991775512695,72,201,3766,348,201,0,16,31,25,0,0
1559,in_distribution,0.9,0.8813079595565796,0.5938672423362732,68,209,3948,520,209,0,32,14,22,0,0
1560,in_distribution,0.6,0.9139696955680847,0.6316654682159424,81,203,4634,588,203,0,32,16,33,0,0
1561,in_distribution,1.0,0.8328195214271545,0.3703334927558899,90,200,2724,240,200,0,32,32,26,0,0
1562,in_distribution,0.5,0.8682701587677002,0.6657645106315613,46,202,4506,589,202,0,16,14,16,0,0
1563,in_distribution,0.8,0.8904053568840027,0.6008099913597107,64,202,4548,558,202,0,16,28,20,0,0
1564,in_distribution,1.0,0.9356651306152344,0.6695212125778198,36,202,3206,374,202,0,15,13,8,0,0
1565,in_distribution,1.0,0.9761369228363037,0.5915836095809937,75,200,3208,351,200,0,32,28,15,0,0
1566,in_distribution,0.9,0.8147640228271484,0.7047419548034668,63,203,3596,455,203,0,32,28,3,0,0
1567,in_distribution,0.8,1.0873998403549194,0.5383890271186829,73,201,4404,520,201,0,32,26,15,0,0
1568,in_distribution,0.9,0.934866726398468,0.5822689533233643,68,202,3606,383,202,0,32,12,24,0,0
1569,in_distribution,0.5,0.8158953785896301,0.5725878477096558,103,205,4635,475,205,0,63,13,27,0,0
1570,in_distribution,0.6,0.8239537477493286,0.5523918867111206,70,200,4795,548,200,0,32,28,10,0,0
1571,in_distribution,0.9,0.8325077295303345,0.5483832359313965,85,201,3936,398,201,0,32,30,23,0,0
1572,in_distribution,0.7,0.7961128354072571,0.46010881662368774,56,200,4403,499,200,0,16,30,10,0,0
1573,in_distribution,1.0,0.9630672931671143,0.543775737285614,131,200,3394,379,200,0,28,88,15,0,0
1574,in_distribution,1.0,0.9006140232086182,0.4848097562789917,58,200,3847,489,200,0,28,21,9,0,0
1575,in_distribution,1.0,0.8790509104728699,0.3451797366142273,93,200,3322,356,200,0,43,32,18,0,0
1576,in_distribution,1.0,1.19183349609375,0.6379787921905518,88,206,3342,413,206,0,16,62,10,0,0
1577,in_distribution,0.9,0.8406268358230591,0.5487295389175415,71,200,4501,469,200,0,47,14,10,0,0
1578,in_distribution,1.0,0.8464573621749878,0.5957194566726685,60,202,3950,353,202,0,16,29,15,0,0
1579,in_distribution,1.0,1.059505581855774,0.5492912530899048,74,200,2738,310,200,0,26,39,9,0,0
1580,in_distribution,1.0,0.8932217359542847,0.5973590016365051,77,203,3857,392,203,0,15,44,18,0,0
1581,in_distribution,1.0,0.8507903814315796,0.15293139219284058,88,200,2731,255,200,0,16,62,10,0,0
1582,in_distribution,1.0,0.7161597013473511,0.4935915470123291,88,200,4227,496,200,0,48,30,10,0,0
1583,in_distribution,0.9,0.8361932039260864,0.5252017974853516,87,202,3887,436,202,0,63,14,10,0,0
1584,in_distribution,1.0,0.911200761795044,0.5524057149887085,85,200,3408,306,200,0,32,45,8,0,0
1585,in_distribution,1.0,0.7614063024520874,0.4526883363723755,70,200,4204,379,200,0,32,28,10,0,0
1586,in_distribution,1.0,0.8901089429855347,0.5373288989067078,64,200,3340,362,200,0,32,16,16,0,0
1587,in_distribution,0.9,0.858776867389679,0.5440340042114258,109,205,4715,514,205,0,32,62,15,0,0
1588,in_distribution,1.0,0.9258284568786621,0.5102415680885315,54,201,4318,454,201,0,16,28,10,0,0
1589,in_distribution,1.0,0.8311318159103394,0.6053049564361572,82,204,3663,541,204,0,48,16,18,0,0
1590,in_distribution,1.0,0.7652963399887085,0.646323025226593,78,218,4699,585,218,0,31,44,3,0,0
1591,in_distribution,1.0,0.8691760301589966,0.6472698450088501,76,203,3636,469,203,0,32,26,18,0,0
1592,in_distribution,1.0,0.7473911046981812,0.47143518924713135,88,200,3258,358,200,0,11,62,15,0,0
1593,in_distribution,0.7,0.845655083656311,0.5528992414474487,63,206,4861,561,206,0,16,29,18,0,0
1594,in_distribution,0.9,0.8765096068382263,0.6870009899139404,46,206,4213,550,206,0,16,14,16,0,0
1595,in_distribution,1.0,0.9870721697807312,0.6706060171127319,53,204,3705,473,204,0,13,16,24,0,0
1596,in_distribution,0.9,1.0261300802230835,0.5921978950500488,66,203,3736,433,203,0,16,24,26,0,0
1597,in_distribution,1.0,1.0100126266479492,0.5989519357681274,82,206,3882,465,206,0,46,16,20,0,0
1598,in_distribution,1.0,0.9208248257637024,0.4941946268081665,64,200,3878,422,200,0,15,31,18,0,0
1599,in_distribution,0.8,0.8765970468521118,0.5879884362220764,98,209,4881,572,209,0,64,16,18,0,0
1600,in_distribution,1.0,0.8823944926261902,0.41253602504730225,56,200,3193,268,200,0,16,30,10,0,0
1601,in_distribution,1.0,0.7880532145500183,0.6459477543830872,60,202,3569,373,202,0,16,41,3,0,0
1602,in_distribution,1.0,0.7450768947601318,0.333959698677063,122,200,2364,231,200,0,80,39,3,0,0
1603,in_distribution,1.0,0.8823743462562561,0.6455990076065063,75,203,3579,359,203,0,16,56,3,0,0
1604,in_distribution,1.0,0.7441844940185547,0.2663072347640991,82,200,1950,221,200,0,32,29,21,0,0
1605,in_distribution,0.7,0.9282563924789429,0.5956643223762512,74,202,4586,549,202,0,16,32,26,0,0
1606,in_distribution,1.0,0.9164426922798157,0.40520626306533813,131,200,3391,315,200,0,64,32,35,0,0
1607,in_distribution,1.0,1.1293081045150757,0.50979083776474,85,200,1926,232,200,0,30,27,28,0,0
1608,in_distribution,1.0,0.8869224190711975,0.37712931632995605,72,200,3440,367,200,0,32,30,10,0,0
1609,in_distribution,1.0,0.9120104908943176,0.5859894752502441,64,203,3823,414,203,0,16,32,16,0,0
1610,in_distribution,1.0,0.7510573267936707,0.46726882457733154,72,202,3720,360,202,0,16,46,10,0,0
1611,in_distribution,0.9,1.0606340169906616,0.7535157203674316,56,210,3989,620,210,0,14,29,13,0,0
1612,in_distribution,1.0,0.8700031042098999,0.40493613481521606,72,200,4034,362,200,0,32,30,10,0,0
1613,in_distribution,1.0,0.9295985698699951,0.5303462743759155,100,200,3506,305,200,0,16,59,25,0,0
1614,in_distribution,1.0,0.9747886061668396,0.30730628967285156,74,200,3410,311,200,0,15,30,29,0,0
1615,in_distribution,1.0,0.8294824361801147,0.24200189113616943,112,200,3406,329,200,0,41,46,25,0,0
1616,in_distribution,1.0,1.0296657085418701,0.5844398736953735,102,200,3440,361,200,0,48,44,10,0,0
1617,in_distribution,1.0,0.7509188652038574,0.3546569347381592,88,201,2909,336,201,0,32,46,10,0,0
1618,in_distribution,1.0,0.7181273698806763,0.3543868064880371,70,200,2890,278,200,0,32,28,10,0,0
1619,in_distribution,0.8,0.7818664312362671,0.49681419134140015,97,200,4373,514,200,0,48,39,10,0,0
1620,in_distribution,1.0,0.7641568183898926,0.4451218843460083,106,200,3161,317,200,0,77,26,3,0,0
1621,in_distribution,0.8,0.9678189754486084,0.6027899980545044,74,203,4420,529,203,0,16,32,26,0,0
1622,in_distribution,1.0,0.7692943811416626,0.6746866703033447,45,203,4367,482,203,0,15,27,3,0,0
1623,in_distribution,1.0,0.985785186290741,0.6768930554389954,81,202,3093,335,202,0,32,41,8,0,0
1624,in_distribution,0.9,0.718632698059082,0.49893707036972046,104,200,4163,500,200,0,48,46,10,0,0
1625,in_distribution,1.0,0.9142776727676392,0.4969058632850647,103,201,3288,397,201,0,48,30,25,0,0
1626,in_distribution,1.0,0.9567118883132935,0.4882633090019226,56,201,4179,410,201,0,16,30,10,0,0
1627,in_distribution,1.0,0.9974929094314575,0.42283105850219727,96,200,2307,186,200,0,32,56,8,0,0
1628,in_distribution,1.0,0.9881748557090759,0.4760535955429077,63,202,4233,451,202,0,16,29,18,0,0
1629,in_distribution,1.0,0.9264322519302368,0.7181398868560791,51,204,3488,431,204,0,16,10,25,0,0
1630,in_distribution,1.0,1.0616652965545654,0.5212384462356567,61,200,3965,562,200,0,16,30,15,0,0
1631,in_distribution,1.0,0.9547622203826904,0.4332786798477173,72,202,3876,414,202,0,32,30,10,0,0
1632,in_distribution,1.0,0.7997692227363586,0.2646278738975525,82,200,3121,261,200,0,30,42,10,0,0
1633,in_distribution,1.0,0.8607801198959351,0.6575509309768677,36,201,3250,392,201,0,15,13,8,0,0
1634,in_distribution,0.6,1.2340686321258545,0.7069542407989502,97,225,4814,647,225,0,48,27,22,0,0
1635,in_distribution,1.0,0.8374208211898804,0.5532121658325195,105,203,3509,356,203,0,32,47,26,0,0
1636,in_distribution,1.0,0.8798167109489441,0.4521316885948181,126,200,3659,368,200,0,46,64,16,0,0
1637,in_distribution,1.0,1.0178918838500977,0.4136033058166504,110,200,3459,292,200,0,46,42,22,0,0
1638,in_distribution,1.0,0.8692194819450378,0.33532559871673584,134,200,2502,234,200,0,61,46,27,0,0
1639,in_distribution,1.0,0.7096036672592163,0.5707513093948364,48,201,3986,435,201,0,15,25,8,0,0
1640,in_distribution,1.0,0.8230139017105103,0.5710257291793823,66,202,4217,458,202,0,16,32,18,0,0
1641,in_distribution,0.7,0.7303993701934814,0.6086649298667908,95,204,4668,494,204,0,32,60,3,0,0
1642,in_distribution,1.0,0.8801541924476624,0.30537939071655273,81,200,2632,265,200,0,41,30,10,0,0
1643,in_distribution,0.7,1.0843870639801025,0.5570656061172485,89,200,4359,601,200,0,16,50,23,0,0
1644,in_distribution,1.0,0.9097565412521362,0.3630064129829407,129,200,2709,275,200,0,48,61,20,0,0
1645,in_distribution,1.0,1.0365015268325806,0.6394610404968262,65,204,2137,236,204,0,32,25,8,0,0
1646,in_distribution,1.0,0.7316502332687378,0.3609611392021179,75,201,2208,254,201,0,16,41,18,0,0
1647,in_distribution,0.9,0.8214788436889648,0.5312153100967407,73,200,3751,320,200,0,32,26,15,0,0
1648,in_distribution,1.0,0.831035852432251,0.5682214498519897,62,201,2631,260,201,0,16,29,17,0,0
1649,in_distribution,1.0,0.9088284969329834,0.5476810932159424,88,202,3651,389,202,0,32,46,10,0,0
1650,in_distribution,1.0,1.0292136669158936,0.279518187046051,99,200,1635,218,200,0,69,21,9,0,0
1651,in_distribution,0.8,0.9102418422698975,0.544084906578064,100,205,4737,521,205,0,32,55,13,0,0
1652,in_distribution,0.5,0.8460810780525208,0.6906334161758423,81,202,4322,488,202,0,16,45,20,0,0
1653,in_distribution,0.9,0.8664219379425049,0.5860835909843445,56,200,4014,484,200,0,16,30,10,0,0
1654,in_distribution,1.0,0.8183015584945679,0.5690386295318604,102,204,3723,401,204,0,48,31,23,0,0
1655,in_distribution,0.9,0.9251335859298706,0.7121918201446533,72,209,4235,549,209,0,48,14,10,0,0
1656,in_distribution,1.0,0.8076119422912598,0.3740735650062561,56,200,3185,316,200,0,16,30,10,0,0
1657,in_distribution,0.9,1.0307884216308594,0.6779412031173706,61,204,4848,573,204,0,16,37,8,0,0
1658,in_distribution,0.7,0.8785289525985718,0.5834141373634338,77,202,4792,521,202,0,16,46,15,0,0
1659,in_distribution,1.0,0.7742802500724792,0.5088919997215271,71,200,4093,409,200,0,31,30,10,0,0
1660,in_distribution,0.9,0.9813955426216125,0.4979090690612793,77,200,4561,487,200,0,16,46,15,0,0
1661,in_distribution,0.9,1.114279866218567,0.5965507626533508,132,200,3824,440,200,0,32,78,22,0,0
1662,in_distribution,1.0,0.9585672616958618,0.6432121992111206,100,200,3547,294,200,0,32,60,8,0,0
1663,in_distribution,1.0,1.0278537273406982,0.6186402440071106,59,204,3409,481,204,0,29,13,17,0,0
1664,in_distribution,1.0,0.822738528251648,0.4462110996246338,102,201,3622,309,201,0,64,28,10,0,0
1665,in_distribution,1.0,0.887692928314209,0.49392378330230713,84,200,3503,327,200,0,31,43,10,0,0
1666,in_distribution,1.0,0.9168102145195007,0.4064643383026123,86,200,3997,400,200,0,32,44,10,0,0
1667,in_distribution,0.9,0.7393136024475098,0.5653128623962402,56,200,4204,454,200,0,32,14,10,0,0
1668,in_distribution,0.7,0.9165055751800537,0.5340996384620667,121,213,4637,607,213,0,63,45,13,0,0
1669,in_distribution,0.7,0.7721152305603027,0.6100067496299744,73,200,4371,460,200,0,32,38,3,0,0
1670,in_distribution,1.0,0.9316262006759644,0.6306935548782349,82,201,2483,246,201,0,13,66,3,0,0
1671,in_distribution,1.0,0.7329487800598145,0.7297264337539673,48,204,2498,282,204,0,32,13,3,0,0
1672,in_distribution,1.0,0.7261950969696045,0.4855118989944458,65,200,3645,380,200,0,16,29,20,0,0
1673,in_distribution,1.0,0.8597472310066223,0.6138306856155396,92,203,3899,404,203,0,61,28,3,0,0
1674,in_distribution,1.0,0.9078112244606018,0.397749125957489,98,200,2160,163,200,0,16,66,16,0,0
1675,in_distribution,1.0,0.7102991342544556,0.331650972366333,50,200,3090,256,200,0,16,16,18,0,0
1676,in_distribution,1.0,0.8995574116706848,0.4571499228477478,103,200,3427,319,200,0,48,30,25,0,0
1677,in_distribution,1.0,1.0667991638183594,0.5017542839050293,72,200,2736,267,200,0,16,30,26,0,0
1678,in_distribution,0.7,0.8578230142593384,0.5538187623023987,72,200,4604,553,200,0,48,14,10,0,0
1679,in_distribution,0.7,0.7257289886474609,0.5543084144592285,80,205,4572,565,205,0,48,29,3,0,0
1680,in_distribution,1.0,1.0046591758728027,0.4079972505569458,73,200,3413,300,200,0,32,26,15,0,0
1681,in_distribution,1.0,0.8501749038696289,0.5127756595611572,79,200,3286,355,200,0,48,28,3,0,0
1682,in_distribution,1.0,0.8114902377128601,0.46726876497268677,72,200,3137,301,200,0,32,30,10,0,0
1683,in_distribution,0.9,0.9925519824028015,0.5162699222564697,65,211,4090,468,211,0,25,30,10,0,0
1684,in_distribution,1.0,0.9287309050559998,0.6504226922988892,81,203,3372,403,203,0,16,45,20,0,0
1685,in_distribution,0.8,0.8022655248641968,0.571361780166626,109,206,3898,481,206,0,16,77,16,0,0
1686,in_distribution,0.8,0.9216732978820801,0.5081318616867065,86,200,4336,436,200,0,48,28,10,0,0
1687,in_distribution,0.8,0.9510917067527771,0.6116138696670532,102,201,4569,576,201,0,32,55,15,0,0
1688,in_distribution,1.0,0.872343122959137,0.18233877420425415,116,200,2278,192,200,0,63,43,10,0,0
1689,in_distribution,1.0,0.7507357597351074,0.6110787391662598,50,201,4471,438,201,0,16,16,18,0,0
1690,in_distribution,1.0,0.9013227820396423,0.6370947957038879,101,203,3837,425,203,0,16,62,23,0,0
1691,in_distribution,1.0,1.0249134302139282,0.21210098266601562,123,200,2826,244,200,0,64,38,21,0,0
1692,in_distribution,0.9,0.9125984311103821,0.519504189491272,72,200,4111,460,200,0,32,30,10,0,0
1693,in_distribution,1.0,0.8172182440757751,0.5572654008865356,69,201,3886,378,201,0,16,28,25,0,0
1694,in_distribution,0.8,0.826503574848175,0.5782110691070557,80,200,3785,501,200,0,16,45,19,0,0
1695,in_distribution,1.0,0.9760411977767944,0.4216800332069397,133,200,2923,366,200,0,109,13,11,0,0
1696,in_distribution,1.0,0.9676539897918701,0.5881044268608093,67,202,4186,439,202,0,16,16,35,0,0
1697,in_distribution,1.0,0.9117664098739624,0.4015289545059204,114,200,3113,249,200,0,80,16,18,0,0
1698,in_distribution,1.0,0.8396635055541992,0.6355363130569458,68,209,4244,521,209,0,14,44,10,0,0
1699,in_distribution,1.0,0.8605913519859314,0.45694029331207275,93,200,3140,355,200,0,48,30,15,0,0
1700,in_distribution,1.0,0.8768121600151062,0.34271979331970215,50,200,2922,233,200,0,16,16,18,0,0
1701,in_distribution,0.9,0.9821498394012451,0.6051899790763855,66,207,3915,485,207,0,16,32,18,0,0
1702,in_distribution,0.5,0.9366472363471985,0.6778595447540283,64,210,4584,670,210,0,16,45,3,0,0
1703,in_distribution,1.0,0.9770756363868713,0.5096136331558228,53,200,3936,470,200,0,16,29,8,0,0
1704,in_distribution,1.0,0.7956828474998474,0.6134815812110901,71,201,3519,406,201,0,31,30,10,0,0
1705,in_distribution,1.0,0.9071755409240723,0.4070623517036438,87,200,3319,364,200,0,32,30,25,0,0
1706,in_distribution,1.0,0.8738399744033813,0.5955303907394409,86,202,4124,596,202,0,32,29,25,0,0
1707,in_distribution,0.6,0.8284386992454529,0.6579693555831909,66,201,4544,481,201,0,31,25,10,0,0
1708,in_distribution,1.0,0.8070304989814758,0.5069645643234253,64,200,3610,329,200,0,31,25,8,0,0
1709,in_distribution,0.9,0.7762798070907593,0.5056542158126831,72,202,4343,504,202,0,32,30,10,0,0
1710,in_distribution,0.6,0.8974811434745789,0.6334028244018555,70,206,4642,618,206,0,16,44,10,0,0
1711,in_distribution,1.0,0.7018568515777588,0.35116010904312134,104,200,2531,273,200,0,48,46,10,0,0
1712,in_distribution,0.8,1.054307222366333,0.5726915597915649,53,206,4669,559,206,0,16,14,23,0,0
1713,in_distribution,1.0,0.8586305379867554,0.338980495929718,105,200,3083,272,200,0,32,70,3,0,0
1714,in_distribution,0.7,0.9506978392601013,0.5171916484832764,77,200,4383,511,200,0,29,16,32,0,0
1715,in_distribution,1.0,0.8588682413101196,0.3129403591156006,82,201,2844,276,201,0,48,16,18,0,0
1716,in_distribution,1.0,0.894320011138916,0.5972284078598022,49,209,3743,481,209,0,16,24,9,0,0
1717,in_distribution,0.8,0.8731898069381714,0.512686014175415,79,203,4613,547,203,0,16,45,18,0,0
1718,in_distribution,1.0,0.9697145223617554,0.48669302463531494,87,200,3919,409,200,0,16,46,25,0,0
1719,in_distribution,1.0,0.692816436290741,0.46328240633010864,72,201,3738,387,201,0,48,14,10,0,0
1720,in_distribution,0.7,0.711803674697876,0.666427493095398,64,203,4450,530,203,0,16,45,3,0,0
1721,in_distribution,1.0,0.8734405040740967,0.6119176149368286,76,209,3058,357,209,0,16,42,18,0,0
1722,in_distribution,1.0,0.8593524694442749,0.501775860786438,64,207,3939,449,207,0,32,29,3,0,0
1723,in_distribution,1.0,0.9284547567367554,0.6567981839179993,89,202,3960,445,202,0,32,32,25,0,0
1724,in_distribution,1.0,1.0197033882141113,0.5667787790298462,85,202,4252,542,202,0,48,14,23,0,0
1725,in_distribution,0.5,0.8906686305999756,0.6004007458686829,62,201,4518,547,201,0,16,38,8,0,0
1726,in_distribution,1.0,0.9434929490089417,0.6372495293617249,79,201,3567,342,201,0,32,37,10,0,0
1727,in_distribution,0.9,0.9700963497161865,0.5760887265205383,71,201,4605,568,201,0,16,45,10,0,0
1728,in_distribution,1.0,0.7215944528579712,0.4690825343132019,84,200,3616,462,200,0,48,26,10,0,0
1729,in_distribution,1.0,0.8010892868041992,0.5382862091064453,72,200,3312,335,200,0,16,46,10,0,0
1730,in_distribution,1.0,0.9745764136314392,0.5057632923126221,75,201,4311,560,201,0,31,15,29,0,0
1731,in_distribution,1.0,0.9059106111526489,0.5131015777587891,64,202,4461,516,202,0,16,32,16,0,0
1732,in_distribution,1.0,0.9411182999610901,0.6506938934326172,53,201,2698,282,201,0,16,29,8,0,0
1733,in_distribution,0.9,0.9838270545005798,0.5343253016471863,81,200,4220,492,200,0,32,31,18,0,0
1734,in_distribution,0.8,0.8416579961776733,0.5305621027946472,80,201,4657,532,201,0,16,54,10,0,0
1735,in_distribution,0.7,1.1116379499435425,0.6592944264411926,50,202,4515,545,202,0,16,16,18,0,0
1736,in_distribution,1.0,0.9432793259620667,0.43386203050613403,135,200,3344,277,200,0,96,14,25,0,0
1737,in_distribution,1.0,0.8488166332244873,0.4023599624633789,118,200,3589,346,200,0,48,60,10,0,0
1738,in_distribution,1.0,0.9359590411186218,0.4785155653953552,47,200,3668,384,200,0,16,22,9,0,0
1739,in_distribution,1.0,0.6421604156494141,0.6421604156494141,32,201,4540,577,201,0,16,13,3,0,0
1740,in_distribution,1.0,0.809050977230072,0.4864668846130371,72,204,4283,393,204,0,16,46,10,0,0
1741,in_distribution,0.8,0.9207524657249451,0.6249172687530518,91,208,4245,564,208,0,31,39,21,0,0
1742,in_distribution,0.9,0.7822344303131104,0.5529683828353882,68,204,4551,577,204,0,16,42,10,0,0
1743,in_distribution,1.0,0.9955753087997437,0.5851422548294067,51,202,3466,361,202,0,16,13,22,0,0
1744,in_distribution,1.0,0.7458735108375549,0.4931681156158447,56,201,4359,450,201,0,16,30,10,0,0
1745,in_distribution,0.6,0.9558511972427368,0.5568026304244995,88,209,4861,550,209,0,32,31,25,0,0
1746,in_distribution,1.0,1.0883750915527344,0.38679105043411255,55,200,2057,181,200,0,11,35,9,0,0
1747,in_distribution,1.0,0.790204644203186,0.37258368730545044,122,200,3273,291,200,0,64,55,3,0,0
1748,in_distribution,0.9,0.8968356251716614,0.5933676958084106,75,202,3557,403,202,0,32,30,13,0,0
1749,in_distribution,1.0,0.7680286169052124,0.42951589822769165,123,200,3443,336,200,0,64,41,18,0,0
1750,in_distribution,0.6,0.9462898373603821,0.4085289239883423,79,200,4500,471,200,0,30,31,18,0,0
1751,in_distribution,1.0,0.8920809030532837,0.5751775503158569,58,200,3504,351,200,0,16,14,28,0,0
1752,in_distribution,0.9,0.8345441818237305,0.473432719707489,79,204,4721,461,204,0,47,16,16,0,0
1753,in_distribution,1.0,0.772659420967102,0.6209703683853149,48,201,4525,467,201,0,16,29,3,0,0
1754,in_distribution,1.0,0.9021197557449341,0.30865931510925293,75,200,1690,152,200,0,31,41,3,0,0
1755,in_distribution,1.0,0.7827260494232178,0.5358377695083618,70,200,4240,462,200,0,16,44,10,0,0
1756,in_distribution,1.0,0.8935183882713318,0.4864922761917114,72,200,2842,230,200,0,16,46,10,0,0
1757,in_distribution,0.9,0.9126756191253662,0.6583219766616821,86,208,4569,587,208,0,16,47,23,0,0
1758,in_distribution,1.0,0.9075189232826233,0.5390532612800598,78,202,3473,304,202,0,16,46,16,0,0
1759,in_distribution,1.0,0.9753865599632263,0.11117607355117798,89,200,2008,136,200,0,29,52,8,0,0
1760,in_distribution,0.6,0.8866657018661499,0.6548961400985718,79,204,4413,504,204,0,16,40,23,0,0
1761,in_distribution,1.0,0.9239878058433533,0.6421775817871094,45,217,4101,659,217,0,15,27,3,0,0
1762,in_distribution,1.0,0.9155398607254028,0.5237090587615967,62,200,3221,311,200,0,16,30,16,0,0
1763,in_distribution,1.0,0.9343008995056152,0.4733242988586426,89,203,3094,348,203,0,48,16,25,0,0
1764,in_distribution,1.0,0.8561277985572815,0.5085480809211731,65,201,4064,483,201,0,16,31,18,0,0
1765,in_distribution,0.8,0.9635302424430847,0.57071453332901,50,202,4395,549,202,0,16,16,18,0,0
1766,in_distribution,0.5,0.7377964854240417,0.6866965293884277,64,203,4467,596,203,0,48,13,3,0,0
1767,in_distribution,1.0,0.7068445682525635,0.5332613587379456,100,201,4195,426,201,0,15,56,29,0,0
1768,in_distribution,0.9,0.8449854254722595,0.501723051071167,114,205,4060,511,205,0,32,56,26,0,0
1769,in_distribution,1.0,0.8825448751449585,0.5746335387229919,50,201,3517,381,201,0,16,16,18,0,0
1770,in_distribution,1.0,0.7793165445327759,0.21759742498397827,40,200,3292,285,200,0,16,14,10,0,0
1771,in_distribution,0.9,0.8047411441802979,0.5330960750579834,81,204,3750,455,204,0,47,16,18,0,0
1772,in_distribution,0.9,0.8128340244293213,0.49957573413848877,107,200,3629,329,200,0,61,26,20,0,0
1773,in_distribution,0.8,1.0439966917037964,0.6515647768974304,60,201,4226,538,201,0,16,26,18,0,0
1774,in_distribution,1.0,0.8883017301559448,0.5093556642532349,98,202,3910,444,202,0,48,32,18,0,0
1775,in_distribution,1.0,0.9205898642539978,0.7337307929992676,71,203,2523,346,203,0,16,30,25,0,0
1776,in_distribution,1.0,0.9697927832603455,0.6509265899658203,113,200,3700,337,200,0,75,28,10,0,0
1777,in_distribution,1.0,0.9278393983840942,0.4985876679420471,55,200,3624,312,200,0,31,14,10,0,0
1778,in_distribution,0.9,0.7609962224960327,0.49811404943466187,160,200,4372,441,200,0,111,29,20,0,0
1779,in_distribution,0.6,0.8866915702819824,0.5244747996330261,102,200,4570,505,200,0,48,44,10,0,0
1780,in_distribution,0.8,0.8724977970123291,0.5043975710868835,75,200,3846,516,200,0,31,26,18,0,0
1781,in_distribution,0.7,0.8341107368469238,0.5871044397354126,56,205,4565,603,205,0,32,14,10,0,0
1782,in_distribution,1.0,0.8591638207435608,0.3233147859573364,74,200,1919,231,200,0,28,25,21,0,0
1783,in_distribution,1.0,1.1310399770736694,0.4017189145088196,78,200,2488,290,200,0,32,30,16,0,0
1784,in_distribution,1.0,0.7903398275375366,0.5110218524932861,88,201,3731,330,201,0,48,30,10,0,0
1785,in_distribution,1.0,0.7796503305435181,0.5365943908691406,98,200,4025,408,200,0,48,30,20,0,0
1786,in_distribution,0.9,0.7403490543365479,0.5818900465965271,80,206,4319,537,206,0,46,16,18,0,0
1787,in_distribution,0.9,0.9793915152549744,0.5811259746551514,64,201,4267,470,201,0,31,15,18,0,0
1788,in_distribution,1.0,0.9879947900772095,0.6277903914451599,50,200,3609,426,200,0,15,14,21,0,0
1789,in_distribution,0.9,0.907297670841217,0.6954004168510437,53,205,4416,510,205,0,13,16,24,0,0
1790,in_distribution,1.0,0.7960181832313538,0.2299230694770813,126,200,2212,202,200,0,48,60,18,0,0
1791,in_distribution,0.6,0.8232239484786987,0.5848140716552734,133,201,4663,559,201,0,96,29,8,0,0
1792,in_distribution,1.0,0.8393717408180237,0.49101996421813965,117,201,3697,389,201,0,48,46,23,0,0
1793,in_distribution,1.0,0.9525725841522217,0.550157904624939,64,200,2349,251,200,0,26,28,10,0,0
1794,in_distribution,0.9,0.89621901512146,0.5806806087493896,92,200,4089,410,200,0,63,14,15,0,0
1795,in_distribution,0.9,1.0028539896011353,0.6054531931877136,85,205,3972,455,205,0,32,29,24,0,0
1796,in_distribution,1.0,0.8426976203918457,0.4988982677459717,80,203,4401,440,203,0,48,16,16,0,0
1797,in_distribution,0.9,0.7699981927871704,0.4701787233352661,119,204,4177,486,204,0,64,45,10,0,0
1798,in_distribution,1.0,0.7884067296981812,0.4521409273147583,74,200,3424,344,200,0,45,26,3,0,0
1799,in_distribution,1.0,0.9471753239631653,0.5497316122055054,82,200,4163,448,200,0,32,32,18,0,0
1800,in_distribution,0.8,1.094713568687439,0.6378466486930847,70,202,4405,475,202,0,16,27,27,0,0
1801,in_distribution,0.7,0.9745861887931824,0.5515081882476807,88,206,4808,636,206,0,32,39,17,0,0
1802,in_distribution,1.0,0.8126702308654785,0.3892083764076233,126,200,3038,349,200,0,64,44,18,0,0
1803,in_distribution,0.7,0.8670586347579956,0.5442363023757935,110,205,4910,523,205,0,32,60,18,0,0
1804,in_distribution,1.0,0.8928331732749939,0.3429301977157593,89,200,2836,245,200,0,47,16,26,0,0
1805,in_distribution,1.0,0.8120914101600647,0.6189924478530884,55,201,4162,411,201,0,16,14,25,0,0
1806,in_distribution,1.0,0.8343906402587891,0.6986204385757446,46,202,3350,338,202,0,16,14,16,0,0
1807,in_distribution,0.8,0.8613879680633545,0.5527999401092529,93,203,4278,450,203,0,63,22,8,0,0
1808,in_distribution,1.0,0.9461025595664978,0.5516057014465332,70,200,3302,268,200,0,16,45,9,0,0
1809,in_distribution,1.0,0.823311984539032,0.4910913109779358,85,200,3315,301,200,0,32,28,25,0,0
1810,in_distribution,1.0,0.928464412689209,0.5099179744720459,108,201,3111,220,201,0,16,57,35,0,0
1811,in_distribution,1.0,0.7857754230499268,0.6949830055236816,36,203,2811,374,203,0,15,13,8,0,0
1812,in_distribution,0.9,0.8968222737312317,0.6176537871360779,47,202,4711,499,202,0,16,22,9,0,0
1813,in_distribution,1.0,1.0425394773483276,0.48155951499938965,128,200,1850,194,200,0,79,23,26,0,0
1814,in_distribution,1.0,0.9712964296340942,0.7009179592132568,63,202,2737,350,202,0,14,30,19,0,0
1815,in_distribution,0.9,0.902844250202179,0.6769145727157593,97,211,2775,483,211,0,57,30,10,0,0
1816,in_distribution,1.0,0.7946635484695435,0.30482029914855957,132,200,3770,327,200,0,80,42,10,0,0
1817,in_distribution,1.0,0.7862990498542786,0.4828731417655945,70,200,2683,227,200,0,16,51,3,0,0
1818,in_distribution,0.8,0.9484349489212036,0.6539720296859741,71,206,3990,452,206,0,16,30,25,0,0
1819,in_distribution,0.9,1.1984641551971436,0.3614059090614319,69,200,3952,318,200,0,29,16,24,0,0
1820,in_distribution,0.9,1.038140892982483,0.5280032157897949,75,201,4210,459,201,0,16,32,27,0,0
1821,in_distribution,0.9,1.0154002904891968,0.6080590486526489,36,203,4469,510,203,0,15,13,8,0,0
1822,in_distribution,1.0,1.0124585628509521,0.7594449520111084,77,205,3490,507,205,0,32,15,30,0,0
1823,in_distribution,1.0,1.0150043964385986,0.5509583950042725,75,201,4380,496,201,0,16,44,15,0,0
1824,in_distribution,1.0,0.8043655157089233,0.4905140995979309,86,200,3862,418,200,0,16,60,10,0,0
1825,in_distribution,1.0,0.946463406085968,0.5340485572814941,108,200,4237,375,200,0,16,63,29,0,0
1826,in_distribution,0.6,1.0068596601486206,0.6472182869911194,66,205,4214,558,205,0,16,30,20,0,0
1827,in_distribution,1.0,0.9622071981430054,0.7451529502868652,49,203,2736,342,203,0,16,13,20,0,0
1828,in_distribution,1.0,0.7071763873100281,0.5184013247489929,76,200,3668,436,200,0,30,26,20,0,0
1829,in_distribution,0.8,0.866454005241394,0.546021580696106,62,202,4573,560,202,0,16,30,16,0,0
1830,in_distribution,1.0,0.7877963781356812,0.5936105251312256,93,201,4574,479,201,0,48,42,3,0,0
1831,in_distribution,0.9,1.0320055484771729,0.548191487789154,100,200,3529,366,200,0,32,46,22,0,0
1832,in_distribution,1.0,0.8777748346328735,0.4567331075668335,63,201,2812,308,201,0,16,29,18,0,0
1833,in_distribution,0.9,0.9294200539588928,0.4174560308456421,90,200,4190,461,200,0,45,30,15,0,0
1834,in_distribution,0.9,0.9323244094848633,0.6295124292373657,55,201,3488,379,201,0,15,15,25,0,0
1835,in_distribution,1.0,0.773485541343689,0.5784306526184082,88,201,4006,302,201,0,48,30,10,0,0
1836,in_distribution,0.8,0.953424870967865,0.6225476264953613,60,206,4464,595,206,0,32,15,13,0,0
1837,in_distribution,1.0,1.071410059928894,0.5561021566390991,69,200,2367,247,200,0,15,46,8,0,0
1838,in_distribution,0.9,0.7955939769744873,0.6255205273628235,36,207,4532,512,207,0,15,13,8,0,0
1839,in_distribution,1.0,0.6541182994842529,0.3535163402557373,136,200,3557,280,200,0,48,78,10,0,0
1840,in_distribution,0.7,0.8713618516921997,0.6483664512634277,68,210,4864,577,210,0,32,26,10,0,0
1841,in_distribution,1.0,0.8173254132270813,0.6286718845367432,79,204,4405,397,204,0,16,54,9,0,0
1842,in_distribution,1.0,0.8829039335250854,0.4793620705604553,104,201,3871,507,201,0,48,46,10,0,0
1843,in_distribution,0.7,1.024258017539978,0.699883222579956,76,201,4309,475,201,0,32,14,30,0,0
1844,in_distribution,0.8,0.9586716890335083,0.5782302021980286,61,200,4565,529,200,0,16,23,22,0,0
1845,in_distribution,0.8,0.8396024703979492,0.5453598499298096,97,205,4502,538,205,0,45,30,22,0,0
1846,in_distribution,0.8,0.8817811608314514,0.6661368608474731,82,224,4792,586,224,0,16,43,23,0,0
1847,in_distribution,1.0,0.9130030274391174,0.5562961101531982,76,200,3604,348,200,0,32,26,18,0,0
1848,in_distribution,1.0,0.8712998032569885,0.44220876693725586,96,200,4269,385,200,0,32,29,35,0,0
1849,in_distribution,1.0,0.9828944802284241,0.5655078887939453,90,201,3951,489,201,0,32,31,27,0,0
1850,in_distribution,1.0,1.0511571168899536,0.5183120965957642,58,200,3335,317,200,0,12,30,16,0,0
1851,in_distribution,1.0,0.9044796228408813,0.41530555486679077,73,200,3629,302,200,0,46,14,13,0,0
1852,in_distribution,0.5,0.9305602312088013,0.5455532073974609,54,201,4595,590,201,0,16,28,10,0,0
1853,in_distribution,1.0,0.9877871870994568,0.6469931602478027,127,202,2131,273,202,0,63,46,18,0,0
1854,in_distribution,1.0,0.7899497747421265,0.5336583852767944,72,202,2828,299,202,0,32,30,10,0,0
1855,in_distribution,0.9,0.8702632784843445,0.4422149658203125,94,200,3652,461,200,0,32,53,9,0,0
1856,in_distribution,1.0,0.9975690841674805,0.46587860584259033,119,200,3245,395,200,0,41,56,22,0,0
1857,in_distribution,0.5,0.99344801902771,0.704924464225769,53,203,4568,560,203,0,16,14,23,0,0
1858,in_distribution,0.8,0.9062155485153198,0.5287990570068359,56,200,4202,400,200,0,26,13,17,0,0
1859,in_distribution,1.0,0.8619415163993835,0.4747094511985779,72,200,3665,331,200,0,32,30,10,0,0
1860,in_distribution,1.0,0.9470576047897339,0.4891880750656128,120,203,4028,404,203,0,48,47,25,0,0
1861,in_distribution,0.7,0.8292351961135864,0.6554040908813477,57,203,4680,626,203,0,16,15,26,0,0
1862,in_distribution,1.0,0.8273134231567383,0.5169535875320435,58,202,4354,552,202,0,27,13,18,0,0
1863,in_distribution,1.0,0.9849172830581665,0.7619050741195679,67,202,3244,358,202,0,31,14,22,0,0
1864,in_distribution,1.0,0.926784098148346,0.5561625957489014,53,200,2486,259,200,0,16,29,8,0,0
1865,in_distribution,0.5,0.8591622710227966,0.7242650985717773,76,203,4737,627,203,0,16,51,9,0,0
1866,in_distribution,1.0,0.8063766360282898,0.5310214161872864,67,202,3435,316,202,0,46,13,8,0,0
1867,in_distribution,1.0,0.8641666769981384,0.45519304275512695,82,201,3767,318,201,0,32,32,18,0,0
1868,in_distribution,1.0,1.0572272539138794,0.6132092475891113,97,201,2893,311,201,0,32,50,15,0,0
1869,in_distribution,1.0,0.9918126463890076,0.48908060789108276,142,200,2949,291,200,0,70,56,16,0,0
1870,in_distribution,0.7,0.8629470467567444,0.5688248872756958,67,207,4772,611,207,0,16,27,24,0,0
1871,in_distribution,0.9,0.8137959241867065,0.42824286222457886,56,200,4302,432,200,0,16,30,10,0,0
1872,in_distribution,0.5,0.9777892231941223,0.6397241353988647,83,219,4775,513,219,0,16,44,23,0,0
1873,in_distribution,1.0,0.986635148525238,0.5540360808372498,57,206,3107,430,206,0,32,10,15,0,0
1874,in_distribution,1.0,0.9210643172264099,0.5691770911216736,121,200,3390,334,200,0,77,35,9,0,0
1875,in_distribution,1.0,0.8744548559188843,0.34081321954727173,104,200,2738,220,200,0,48,45,11,0,0
1876,in_distribution,1.0,0.7314493656158447,0.30310577154159546,71,200,3078,213,200,0,31,30,10,0,0
1877,in_distribution,0.7,0.951804518699646,0.5978683233261108,54,206,4551,571,206,0,16,28,10,0,0
1878,in_distribution,0.6,0.8988641500473022,0.5440431833267212,82,200,4608,554,200,0,48,25,9,0,0
1879,in_distribution,1.0,0.779840886592865,0.45171886682510376,64,205,4218,410,205,0,16,16,32,0,0
1880,in_distribution,1.0,0.7896242737770081,0.6651325225830078,48,202,3435,401,202,0,32,13,3,0,0
1881,in_distribution,1.0,0.8990716338157654,0.433727502822876,98,200,3143,278,200,0,13,59,26,0,0
1882,in_distribution,1.0,0.8579681515693665,0.47398948669433594,133,200,3809,370,200,0,62,61,10,0,0
1883,in_distribution,1.0,0.8700330257415771,0.5417280197143555,105,200,4319,472,200,0,48,32,25,0,0
1884,in_distribution,1.0,0.8483905792236328,0.5799660086631775,40,204,4300,509,204,0,16,14,10,0,0
1885,in_distribution,0.8,0.9529104828834534,0.5785479545593262,69,202,4502,516,202,0,16,43,10,0,0
1886,in_distribution,0.8,1.0270817279815674,0.6122562885284424,54,203,4631,578,203,0,16,28,10,0,0
1887,in_distribution,1.0,0.820208728313446,0.5387877225875854,68,202,4295,536,202,0,47,13,8,0,0
1888,in_distribution,1.0,1.0831665992736816,0.5738415718078613,72,200,3633,361,200,0,32,29,11,0,0
1889,in_distribution,1.0,0.9567388892173767,0.3008536696434021,129,200,3617,318,200,0,64,47,18,0,0
1890,in_distribution,1.0,0.8375464081764221,0.4995938539505005,87,201,3807,410,201,0,32,29,26,0,0
1891,in_distribution,1.0,0.7439864873886108,0.348352313041687,90,200,2872,287,200,0,41,24,25,0,0
1892,in_distribution,1.0,0.8464111089706421,0.596493124961853,56,201,3103,314,201,0,16,37,3,0,0
1893,in_distribution,1.0,0.9198220372200012,0.671078085899353,46,204,4191,504,204,0,12,25,9,0,0
1894,in_distribution,0.7,0.7438784241676331,0.5679364800453186,95,209,4719,579,209,0,48,44,3,0,0
1895,in_distribution,1.0,0.8971245288848877,0.4119332432746887,125,200,3298,259,200,0,44,73,8,0,0
1896,in_distribution,0.9,0.8820360898971558,0.640900194644928,71,205,3903,412,205,0,31,15,25,0,0
1897,in_distribution,1.0,0.831193208694458,0.4166133999824524,104,200,3271,318,200,0,32,47,25,0,0
1898,in_distribution,1.0,1.0468412637710571,0.4316311478614807,108,200,3278,250,200,0,31,42,35,0,0
1899,in_distribution,1.0,1.032417893409729,0.6420127153396606,65,201,3707,461,201,0,16,27,22,0,0
1900,in_distribution,0.9,0.9806976318359375,0.5384434461593628,121,201,4471,499,201,0,64,32,25,0,0
1901,in_distribution,0.7,0.7457247972488403,0.6635444164276123,59,224,5139,672,224,0,16,40,3,0,0
1902,in_distribution,0.8,0.9512938857078552,0.6627561450004578,87,202,4238,495,202,0,32,29,26,0,0
1903,in_distribution,1.0,0.8232470750808716,0.5713208317756653,78,201,3271,324,201,0,16,59,3,0,0
1904,in_distribution,0.7,0.8330259323120117,0.65036541223526,64,202,4685,569,202,0,15,31,18,0,0
1905,in_distribution,1.0,0.8097856640815735,0.34478604793548584,81,200,3740,318,200,0,16,47,18,0,0
1906,in_distribution,1.0,0.8504999279975891,0.4869247078895569,61,200,3339,396,200,0,16,30,15,0,0
1907,in_distribution,0.9,0.9043639898300171,0.6700330972671509,77,204,3482,446,204,0,32,29,16,0,0
1908,in_distribution,1.0,0.9802335500717163,0.45272696018218994,102,202,3949,366,202,0,64,28,10,0,0
1909,in_distribution,1.0,0.7938302159309387,0.5837679505348206,91,209,3777,552,209,0,48,25,18,0,0
1910,in_distribution,1.0,0.9278994202613831,0.4140778183937073,63,200,4167,387,200,0,29,16,18,0,0
1911,in_distribution,0.7,1.0496597290039062,0.6040087938308716,78,200,4623,533,200,0,15,47,16,0,0
1912,in_distribution,0.9,0.858309805393219,0.41131407022476196,56,200,4178,386,200,0,16,30,10,0,0
1913,in_distribution,1.0,0.822475016117096,0.4086894392967224,82,200,3683,357,200,0,48,16,18,0,0
1914,in_distribution,1.0,1.0144829750061035,0.7221179008483887,64,201,4044,410,201,0,31,15,18,0,0
1915,in_distribution,1.0,0.8866143226623535,0.49284088611602783,52,200,4152,388,200,0,16,12,24,0,0
1916,in_distribution,0.8,0.8114532232284546,0.6930999755859375,40,209,4692,584,209,0,16,14,10,0,0
1917,in_distribution,0.9,0.9945381879806519,0.593385636806488,121,201,4398,620,201,0,80,16,25,0,0
1918,in_distribution,0.9,0.9818133115768433,0.7201980352401733,56,202,3587,339,202,0,16,30,10,0,0
1919,in_distribution,1.0,0.7959275245666504,0.4519665241241455,110,203,4213,415,203,0,32,60,18,0,0
1920,in_distribution,1.0,0.8922621607780457,0.5063937902450562,56,201,4232,381,201,0,16,30,10,0,0
1921,in_distribution,1.0,0.9369819164276123,0.6715294122695923,63,208,3760,407,208,0,16,29,18,0,0
1922,in_distribution,0.9,0.7959807515144348,0.5821359157562256,56,203,4647,513,203,0,16,30,10,0,0
1923,in_distribution,1.0,0.7788949012756348,0.2849527597427368,116,200,3343,288,200,0,80,26,10,0,0
1924,in_distribution,0.9,0.8074655532836914,0.5465371608734131,61,200,4254,471,200,0,16,27,18,0,0
1925,in_distribution,1.0,0.7750303745269775,0.3836148977279663,88,200,2841,303,200,0,64,14,10,0,0
1926,in_distribution,1.0,0.7487006783485413,0.4497835040092468,101,200,3493,321,200,0,32,46,23,0,0
1927,in_distribution,0.6,1.0496412515640259,0.6525113582611084,80,200,4081,416,200,0,32,27,21,0,0
1928,in_distribution,0.9,0.8035517930984497,0.5085138082504272,85,202,3806,406,202,0,16,61,8,0,0
1929,in_distribution,1.0,0.6930397748947144,0.35901719331741333,96,200,2647,255,200,0,80,13,3,0,0
1930,in_distribution,0.9,0.8520315885543823,0.5711063146591187,77,203,4521,541,203,0,32,42,3,0,0
1931,in_distribution,0.6,0.8181204795837402,0.6130828261375427,77,207,4903,571,207,0,47,14,16,0,0
1932,in_distribution,1.0,0.9271924495697021,0.474092960357666,50,203,3574,330,203,0,16,16,18,0,0
1933,in_distribution,1.0,0.9605913162231445,0.18941181898117065,80,200,2817,281,200,0,45,25,10,0,0
1934,in_distribution,0.4,1.0232311487197876,0.679394006729126,82,201,4549,578,201,0,32,40,10,0,0
1935,in_distribution,0.6,0.9457770586013794,0.5976400375366211,78,213,4596,554,213,0,16,46,16,0,0
1936,in_distribution,1.0,0.8957338333129883,0.6043105125427246,86,202,1839,183,202,0,48,28,10,0,0
1937,in_distribution,1.0,0.9339405298233032,0.4948621392250061,97,201,3724,446,201,0,64,24,9,0,0
1938,in_distribution,1.0,0.7960366010665894,0.5135494470596313,72,205,4163,408,205,0,32,30,10,0,0
1939,in_distribution,1.0,0.7796552181243896,0.5648901462554932,64,202,2641,318,202,0,48,13,3,0,0
1940,in_distribution,1.0,0.9771692156791687,0.5501745939254761,72,202,2975,339,202,0,32,30,10,0,0
1941,in_distribution,1.0,0.8106707334518433,0.4520775079727173,71,206,3261,423,206,0,32,14,25,0,0
1942,in_distribution,1.0,0.7868742942810059,0.5735362768173218,54,214,3855,532,214,0,16,28,10,0,0
1943,in_distribution,0.9,1.138567566871643,0.6614828109741211,103,200,4078,437,200,0,16,62,25,0,0
1944,in_distribution,1.0,0.9562398791313171,0.5743758678436279,90,203,3242,402,203,0,16,56,18,0,0
1945,in_distribution,1.0,1.10273277759552,0.46230703592300415,100,200,2182,228,200,0,54,26,20,0,0
1946,in_distribution,0.7,0.8005071878433228,0.5598851442337036,79,200,4554,620,200,0,16,36,27,0,0
1947,in_distribution,1.0,0.8669428825378418,0.5002266764640808,57,200,4099,401,200,0,32,10,15,0,0
1948,in_distribution,1.0,1.0444821119308472,0.6256126761436462,79,211,3240,498,211,0,32,29,18,0,0
1949,in_distribution,0.9,0.8746123313903809,0.5611742734909058,83,200,4277,494,200,0,15,60,8,0,0
1950,in_distribution,0.8,0.8475856781005859,0.5602400302886963,79,201,4313,463,201,0,47,16,16,0,0
1951,in_distribution,1.0,0.9024521112442017,0.45008426904678345,152,200,3382,288,200,0,80,46,26,0,0
1952,in_distribution,0.7,0.8591614961624146,0.6150034666061401,65,204,4580,558,204,0,16,13,36,0,0
1953,in_distribution,1.0,1.030280351638794,0.5769945979118347,83,200,2937,273,200,0,48,11,24,0,0
1954,in_distribution,1.0,1.1020843982696533,0.7260181903839111,109,201,2559,310,201,0,32,61,16,0,0
1955,in_distribution,1.0,0.861739993095398,0.6139035224914551,111,202,3991,569,202,0,79,14,18,0,0
1956,in_distribution,1.0,0.776027262210846,0.4718945026397705,89,200,3220,247,200,0,45,41,3,0,0
1957,in_distribution,1.0,0.9346451163291931,0.6502514481544495,80,206,2239,297,206,0,16,56,8,0,0
1958,in_distribution,0.7,1.017697811126709,0.6117085814476013,71,200,3862,434,200,0,32,16,23,0,0
1959,in_distribution,0.9,0.844200611114502,0.6010208129882812,102,201,4527,460,201,0,47,29,26,0,0
1960,in_distribution,1.0,0.8295179605484009,0.30722159147262573,66,200,2387,320,200,0,30,16,20,0,0
1961,in_distribution,1.0,0.9705600738525391,0.2092219591140747,107,200,2654,166,200,0,47,43,17,0,0
1962,in_distribution,1.0,0.92618727684021,0.48880326747894287,89,200,2953,287,200,0,16,46,27,0,0
1963,in_distribution,1.0,0.7326158285140991,0.3787170648574829,112,200,3390,373,200,0,16,88,8,0,0
1964,in_distribution,0.7,1.0092697143554688,0.6564368009567261,56,200,4364,503,200,0,16,10,30,0,0
1965,in_distribution,0.9,0.7987268567085266,0.6495183706283569,56,202,4484,534,202,0,16,30,10,0,0
1966,in_distribution,1.0,1.1113202571868896,0.41571128368377686,83,200,2058,179,200,0,48,11,24,0,0
1967,in_distribution,1.0,0.9736115336418152,0.5292502641677856,79,202,3186,349,202,0,32,29,18,0,0
1968,in_distribution,1.0,0.7141710519790649,0.4435434341430664,109,201,3728,374,201,0,32,74,3,0,0
1969,in_distribution,0.8,0.7504294514656067,0.5073693990707397,56,203,4419,502,203,0,32,14,10,0,0
1970,in_distribution,0.6,0.8280239105224609,0.46190345287323,104,205,4478,483,205,0,48,46,10,0,0
1971,in_distribution,0.9,0.8677970767021179,0.6185064315795898,40,202,4358,441,202,0,16,14,10,0,0
1972,in_distribution,1.0,0.9869961142539978,0.5588442087173462,53,205,3599,441,205,0,16,29,8,0,0
1973,in_distribution,1.0,0.8087475895881653,0.4576568603515625,87,200,4595,456,200,0,32,45,10,0,0
1974,in_distribution,1.0,0.8980101346969604,0.46424704790115356,114,200,3979,429,200,0,64,32,18,0,0
1975,in_distribution,1.0,0.8607748746871948,0.5295127630233765,62,200,3217,339,200,0,16,25,21,0,0
1976,in_distribution,1.0,0.8272237777709961,0.47183817625045776,125,200,3658,254,200,0,32,77,16,0,0
1977,in_distribution,1.0,0.7545242309570312,0.6027780175209045,91,206,3746,531,206,0,16,72,3,0,0
1978,in_distribution,0.9,0.8746309280395508,0.6135076880455017,66,203,3890,420,203,0,16,32,18,0,0
1979,in_distribution,0.7,0.8570696115493774,0.6198101043701172,68,202,4654,554,202,0,47,13,8,0,0
1980,in_distribution,1.0,0.8185980319976807,0.6867740154266357,64,202,3743,445,202,0,48,13,3,0,0
1981,in_distribution,0.9,0.8712764978408813,0.4353044033050537,94,201,3876,461,201,0,32,44,18,0,0
1982,in_distribution,0.8,0.7509034872055054,0.6448909044265747,63,205,4500,553,205,0,16,44,3,0,0
1983,in_distribution,0.9,0.9508318901062012,0.5593940615653992,79,200,3541,373,200,0,32,29,18,0,0
1984,in_distribution,1.0,0.881648600101471,0.6050252318382263,57,201,3544,399,201,0,30,14,13,0,0
1985,in_distribution,1.0,1.013732671737671,0.5559653639793396,82,200,2876,316,200,0,31,41,10,0,0
1986,in_distribution,1.0,0.9378276467323303,0.5470257997512817,49,203,3916,456,203,0,16,13,20,0,0
1987,in_distribution,1.0,0.8813837170600891,0.5812729597091675,62,206,3106,354,206,0,16,16,30,0,0
1988,in_distribution,1.0,1.0332767963409424,0.45630908012390137,104,200,3343,326,200,0,32,48,24,0,0
1989,in_distribution,0.6,0.9808409214019775,0.6136000156402588,57,202,4439,555,202,0,32,10,15,0,0
1990,in_distribution,0.8,1.0914126634597778,0.648297905921936,104,200,3055,372,200,0,63,26,15,0,0
1991,in_distribution,1.0,0.9412679672241211,0.5119762420654297,77,202,4154,376,202,0,32,16,29,0,0
1992,in_distribution,0.8,0.9536460041999817,0.5322177410125732,83,203,4349,436,203,0,16,47,20,0,0
1993,in_distribution,1.0,0.7961148619651794,0.41123586893081665,120,200,3285,262,200,0,44,60,16,0,0
1994,in_distribution,0.9,0.9615527391433716,0.5802415609359741,56,200,4374,478,200,0,32,14,10,0,0
1995,in_distribution,1.0,0.886452853679657,0.3815103769302368,135,200,2675,228,200,0,70,45,20,0,0
1996,in_distribution,0.7,0.7954357266426086,0.5294177532196045,68,200,4251,543,200,0,32,26,10,0,0
1997,in_distribution,0.8,0.9048102498054504,0.5736882090568542,83,209,4742,540,209,0,46,14,23,0,0
1998,in_distribution,1.0,0.9570291638374329,0.3353591561317444,65,200,2676,277,200,0,25,30,10,0,0
1999,in_distribution,1.0,0.8906114101409912,0.5465957522392273,136,200,2254,211,200,0,106,14,16,0,0
0,mild_drift,1.0,0.674511730670929,0.5310383439064026,50,202,3781,433,202,0,16,16,18,0,0
1,mild_drift,0.7,0.827957034111023,0.663629412651062,56,202,3827,443,202,0,32,14,10,0,0
2,mild_drift,1.0,0.9166219830513,0.37344789505004883,113,201,3623,367,201,0,48,43,22,0,0
3,mild_drift,0.5,0.9469406604766846,0.7539139986038208,46,212,4698,598,212,0,16,14,16,0,0
4,mild_drift,1.0,1.0081547498703003,0.8174465894699097,64,208,4391,549,208,0,32,16,16,0,0
5,mild_drift,1.0,0.7983050346374512,0.5582605600357056,55,201,3756,368,201,0,16,14,25,0,0
6,mild_drift,0.8,0.7036570310592651,0.5809987783432007,80,202,4116,510,202,0,64,13,3,0,0
7,mild_drift,1.0,0.8909074068069458,0.7945470809936523,56,204,4032,523,204,0,15,38,3,0,0
8,mild_drift,0.8,0.9816078543663025,0.5759001970291138,92,206,4858,570,206,0,32,42,18,0,0
9,mild_drift,1.0,0.9479213356971741,0.43044501543045044,69,201,3677,319,201,0,16,43,10,0,0
10,mild_drift,1.0,0.7905710935592651,0.4934465289115906,82,202,3815,329,202,0,32,32,18,0,0
11,mild_drift,1.0,0.8686681389808655,0.4980918765068054,79,200,3534,351,200,0,16,45,18,0,0
12,mild_drift,1.0,0.9050119519233704,0.49299269914627075,60,200,3442,285,200,0,30,22,8,0,0
13,mild_drift,0.4,0.9536958336830139,0.5328096151351929,132,200,4476,616,200,0,46,61,25,0,0
14,mild_drift,0.8,0.9256401062011719,0.6009437441825867,89,200,4019,424,200,0,29,44,16,0,0
15,mild_drift,0.9,0.9051119089126587,0.55647212266922,58,203,4104,492,203,0,16,14,28,0,0
16,mild_drift,0.9,0.8774286508560181,0.5536795854568481,103,201,4485,552,201,0,16,61,26,0,0
17,mild_drift,1.0,0.8177315592765808,0.5970596075057983,90,201,3496,379,201,0,48,39,3,0,0
18,mild_drift,0.6,0.9508906602859497,0.497869610786438,120,206,4567,460,206,0,48,62,10,0,0
19,mild_drift,0.6,1.068031668663025,0.5538173913955688,78,201,4245,445,201,0,44,16,18,0,0
20,mild_drift,1.0,0.7927772402763367,0.4955083727836609,55,206,3793,480,206,0,31,14,10,0,0
21,mild_drift,1.0,0.8420190215110779,0.42154788970947266,92,200,2499,270,200,0,76,13,3,0,0
22,mild_drift,1.0,0.8563112020492554,0.5535714626312256,56,202,3990,455,202,0,16,30,10,0,0
23,mild_drift,0.8,0.9626197814941406,0.6337165832519531,143,202,4033,554,202,0,64,61,18,0,0
24,mild_drift,1.0,0.9617017507553101,0.4662865400314331,96,201,2716,297,201,0,25,46,25,0,0
25,mild_drift,0.9,1.1384251117706299,0.6695619225502014,79,203,4344,486,203,0,16,47,16,0,0
26,mild_drift,1.0,0.7978131771087646,0.38808441162109375,116,200,2348,207,200,0,29,69,18,0,0
27,mild_drift,0.6,0.9909107089042664,0.5177919864654541,88,205,4424,521,205,0,16,48,24,0,0
28,mild_drift,0.8,0.896068274974823,0.6080411672592163,79,201,4184,401,201,0,32,16,31,0,0
29,mild_drift,1.0,0.886954665184021,0.3991115093231201,101,200,4383,414,200,0,45,46,10,0,0
30,mild_drift,0.6,0.7235317230224609,0.5849965810775757,92,203,4539,566,203,0,64,25,3,0,0
31,mild_drift,1.0,0.727750301361084,0.5250542759895325,61,203,3559,387,203,0,16,42,3,0,0
32,mild_drift,1.0,1.1460623741149902,0.8518315553665161,61,201,2722,403,201,0,15,13,33,0,0
33,mild_drift,0.9,0.9347248673439026,0.5312685966491699,79,208,4881,500,208,0,32,29,18,0,0
34,mild_drift,0.6,0.8244016766548157,0.6824138164520264,45,206,4368,536,206,0,15,27,3,0,0
35,mild_drift,1.0,0.8352344036102295,0.44232797622680664,71,201,4070,352,201,0,31,30,10,0,0
36,mild_drift,0.8,0.8308236002922058,0.6426541805267334,79,210,4622,596,210,0,16,41,22,0,0
37,mild_drift,0.7,0.9484434127807617,0.6268430948257446,64,201,4021,476,201,0,46,9,9,0,0
38,mild_drift,1.0,0.6900980472564697,0.34595751762390137,103,200,2917,295,200,0,47,46,10,0,0
39,mild_drift,1.0,1.2014654874801636,0.3719043731689453,73,200,1379,157,200,0,41,16,16,0,0
40,mild_drift,1.0,0.9700413942337036,0.5690486431121826,54,202,3825,439,202,0,16,28,10,0,0
41,mild_drift,1.0,0.9043995141983032,0.5104487538337708,66,200,3880,361,200,0,16,28,22,0,0
42,mild_drift,0.5,0.9619699120521545,0.5550328493118286,70,200,4726,534,200,0,16,31,23,0,0
43,mild_drift,1.0,0.7927745580673218,0.42836910486221313,65,201,2759,388,201,0,25,30,10,0,0
44,mild_drift,1.0,1.2536689043045044,0.7554124593734741,64,204,3218,373,204,0,32,16,16,0,0
45,mild_drift,0.8,0.9696850180625916,0.6164093613624573,103,210,3958,523,210,0,32,47,24,0,0
46,mild_drift,0.8,0.8477416038513184,0.6394004821777344,49,200,4193,502,200,0,16,24,9,0,0
47,mild_drift,1.0,0.9615300893783569,0.39956361055374146,128,200,2800,210,200,0,79,26,23,0,0
48,mild_drift,1.0,0.8233328461647034,0.5406376123428345,105,206,4399,435,206,0,32,48,25,0,0
49,mild_drift,1.0,0.8165768384933472,0.4693620800971985,72,201,3878,384,201,0,32,30,10,0,0
50,mild_drift,1.0,0.925035834312439,0.6137197017669678,66,207,3330,440,207,0,16,32,18,0,0
51,mild_drift,1.0,1.1656365394592285,0.5600645542144775,64,201,1477,151,201,0,32,16,16,0,0
52,mild_drift,0.7,0.7337530851364136,0.5227124691009521,93,201,4440,516,201,0,32,58,3,0,0
53,mild_drift,1.0,0.9437624216079712,0.7366746664047241,64,202,2699,342,202,0,16,40,8,0,0
54,mild_drift,1.0,0.833321213722229,0.3878735899925232,50,200,3069,256,200,0,16,16,18,0,0
55,mild_drift,1.0,0.8279917240142822,0.5060487985610962,40,204,3980,401,204,0,16,14,10,0,0
56,mild_drift,1.0,0.843578040599823,0.305634081363678,79,200,3587,324,200,0,16,45,18,0,0
57,mild_drift,1.0,0.9706888794898987,0.5370739102363586,148,200,3559,304,200,0,94,44,10,0,0
58,mild_drift,1.0,0.9051334261894226,0.562470555305481,79,201,3869,476,201,0,14,45,20,0,0
59,mild_drift,1.0,0.7699192762374878,0.4040617346763611,91,200,2528,251,200,0,32,56,3,0,0
60,mild_drift,0.9,0.7831077575683594,0.5689828395843506,77,202,4501,548,202,0,16,43,18,0,0
61,mild_drift,0.7,0.9384833574295044,0.6830309629440308,62,206,4567,540,206,0,16,43,3,0,0
62,mild_drift,0.5,0.9634954333305359,0.6354852914810181,61,201,4318,534,201,0,16,14,31,0,0
63,mild_drift,1.0,0.7324318885803223,0.42440807819366455,89,200,3560,338,200,0,16,55,18,0,0
64,mild_drift,0.9,0.9761586785316467,0.5044101476669312,83,200,3553,389,200,0,16,41,26,0,0
65,mild_drift,1.0,1.0217654705047607,0.431516170501709,80,200,3804,337,200,0,31,31,18,0,0
66,mild_drift,0.5,1.0512938499450684,0.7538062334060669,64,208,4591,639,208,0,16,32,16,0,0
67,mild_drift,0.9,1.038917064666748,0.6308910846710205,78,200,3719,378,200,0,32,16,30,0,0
68,mild_drift,1.0,0.8036633729934692,0.3952675461769104,112,200,3540,332,200,0,16,76,20,0,0
69,mild_drift,1.0,0.9010136127471924,0.6167360544204712,78,201,3624,362,201,0,16,29,33,0,0
70,mild_drift,1.0,1.0870753526687622,0.5204277038574219,43,200,2030,206,200,0,25,9,9,0,0
71,mild_drift,1.0,0.906375527381897,0.5789874792098999,40,203,3657,370,203,0,16,13,11,0,0
72,mild_drift,1.0,1.0749722719192505,0.5924292802810669,95,200,2910,287,200,0,16,46,33,0,0
73,mild_drift,0.7,0.8364120721817017,0.617935061454773,92,201,4488,560,201,0,46,43,3,0,0
74,mild_drift,1.0,0.9779440760612488,0.3978694677352905,139,201,3129,362,201,0,73,48,18,0,0
75,mild_drift,0.9,0.9154466390609741,0.6698996424674988,32,215,3959,525,215,0,14,9,9,0,0
76,mild_drift,0.9,0.8255608081817627,0.5739955902099609,73,203,4394,567,203,0,16,49,8,0,0
77,mild_drift,1.0,0.7308361530303955,0.42967337369918823,92,200,3967,410,200,0,64,25,3,0,0
78,mild_drift,0.9,0.7064167261123657,0.5872821807861328,55,202,4309,444,202,0,16,14,25,0,0
79,mild_drift,0.8,0.9503151774406433,0.5773105621337891,42,202,4116,452,202,0,12,21,9,0,0
80,mild_drift,0.5,0.8533594608306885,0.5510847568511963,66,201,4519,475,201,0,32,16,18,0,0
81,mild_drift,1.0,0.8365609645843506,0.6325043439865112,89,201,4597,456,201,0,32,54,3,0,0
82,mild_drift,1.0,0.8927881717681885,0.5091606378555298,114,200,3997,475,200,0,64,32,18,0,0
83,mild_drift,1.0,0.7005832195281982,0.2571248412132263,106,200,1841,207,200,0,44,59,3,0,0
84,mild_drift,1.0,0.839733362197876,0.24011939764022827,125,200,2012,238,200,0,72,43,10,0,0
85,mild_drift,0.6,0.876154363155365,0.6068829894065857,75,213,4640,519,213,0,31,31,13,0,0
86,mild_drift,1.0,1.030105710029602,0.6295493841171265,70,205,3873,504,205,0,16,36,18,0,0
87,mild_drift,1.0,0.9767366647720337,0.6721512079238892,93,206,4069,401,206,0,47,16,30,0,0
88,mild_drift,0.8,0.9829827547073364,0.6363075971603394,47,205,4684,537,205,0,16,13,18,0,0
89,mild_drift,1.0,0.866954505443573,0.6077544093132019,77,202,3319,336,202,0,16,58,3,0,0
90,mild_drift,0.9,1.0080379247665405,0.6552575826644897,146,202,4130,561,202,0,79,41,26,0,0
91,mild_drift,0.9,0.8580228090286255,0.48016852140426636,55,201,4262,421,201,0,31,14,10,0,0
92,mild_drift,1.0,1.1814006567001343,0.44487959146499634,103,200,2751,196,200,0,61,29,13,0,0
93,mild_drift,0.8,0.8619546890258789,0.5340228080749512,80,203,4957,521,203,0,48,16,16,0,0
94,mild_drift,1.0,0.8057903051376343,0.5255894660949707,84,205,4262,483,205,0,32,44,8,0,0
95,mild_drift,1.0,0.8541938662528992,0.578609049320221,84,200,2885,236,200,0,63,13,8,0,0
96,mild_drift,1.0,0.982725977897644,0.3554874062538147,70,200,2861,254,200,0,16,44,10,0,0
97,mild_drift,1.0,0.8522511124610901,0.6851068139076233,40,205,4275,423,205,0,16,14,10,0,0
98,mild_drift,1.0,0.9568986892700195,0.6970844268798828,64,204,2891,333,204,0,31,25,8,0,0
99,mild_drift,0.7,0.9677969217300415,0.6165783405303955,70,201,4653,593,201,0,32,28,10,0,0
100,mild_drift,1.0,0.8862589597702026,0.3919827938079834,120,200,3705,327,200,0,64,46,10,0,0
101,mild_drift,0.6,0.9225504398345947,0.6078301668167114,45,205,4261,549,205,0,16,14,15,0,0
102,mild_drift,0.9,0.802970826625824,0.5195245742797852,93,200,4513,510,200,0,63,21,9,0,0
103,mild_drift,1.0,0.9386301636695862,0.5964894890785217,66,201,4513,532,201,0,16,32,18,0,0
104,mild_drift,1.0,0.8892711997032166,0.36769628524780273,84,200,3443,365,200,0,16,58,10,0,0
105,mild_drift,0.9,0.905184805393219,0.522290825843811,88,202,4427,520,202,0,32,46,10,0,0
106,mild_drift,1.0,0.7445996999740601,0.5956984162330627,88,203,4121,433,203,0,48,30,10,0,0
107,mild_drift,1.0,1.0103362798690796,0.4201256036758423,72,200,3385,338,200,0,32,30,10,0,0
108,mild_drift,1.0,0.9043656587600708,0.5644040703773499,55,200,4509,575,200,0,15,15,25,0,0
109,mild_drift,0.8,0.9930505156517029,0.6822848320007324,65,201,4356,546,201,0,16,41,8,0,0
110,mild_drift,1.0,0.8431411981582642,0.3837234377861023,107,200,2435,316,200,0,44,45,18,0,0
111,mild_drift,0.8,0.9065074920654297,0.5574084520339966,72,201,4276,425,201,0,16,46,10,0,0
112,mild_drift,1.0,0.8268264532089233,0.5685849189758301,50,205,2969,415,205,0,16,16,18,0,0
113,mild_drift,0.7,0.8679641485214233,0.5941445827484131,73,202,4600,497,202,0,32,16,25,0,0
114,mild_drift,0.8,0.9096652269363403,0.6350104212760925,47,206,4338,501,206,0,16,13,18,0,0
115,mild_drift,0.9,0.8781113624572754,0.6830323934555054,65,203,4373,509,203,0,32,13,20,0,0
116,mild_drift,0.5,0.9898839592933655,0.6814156174659729,77,202,4697,599,202,0,32,30,15,0,0
117,mild_drift,0.7,0.8451525568962097,0.5997868180274963,57,213,5065,603,213,0,14,35,8,0,0
118,mild_drift,0.9,0.7863574624061584,0.5091809034347534,126,202,4260,490,202,0,14,87,25,0,0
119,mild_drift,0.8,0.915859580039978,0.5599225759506226,116,200,3991,435,200,0,32,76,8,0,0
120,mild_drift,1.0,0.8089035749435425,0.6131782531738281,55,204,3425,425,204,0,16,29,10,0,0
121,mild_drift,1.0,0.875845730304718,0.4480247497558594,100,200,2777,234,200,0,32,58,10,0,0
122,mild_drift,0.7,0.9973458051681519,0.6871916651725769,63,204,4035,499,204,0,32,22,9,0,0
123,mild_drift,1.0,0.9352089762687683,0.731315016746521,53,205,4146,465,205,0,13,16,24,0,0
124,mild_drift,1.0,1.062261700630188,0.6929175853729248,94,204,3259,412,204,0,16,58,20,0,0
125,mild_drift,0.5,0.8907301425933838,0.6611086130142212,61,204,4544,528,204,0,16,30,15,0,0
126,mild_drift,1.0,0.8733810782432556,0.48523133993148804,72,200,4034,375,200,0,32,30,10,0,0
127,mild_drift,1.0,0.8313724994659424,0.5963967442512512,81,202,3739,435,202,0,32,41,8,0,0
128,mild_drift,1.0,0.9204230904579163,0.4885022044181824,84,200,3292,265,200,0,48,14,22,0,0
129,mild_drift,1.0,0.7882518768310547,0.5786337852478027,87,204,4437,536,204,0,47,15,25,0,0
130,mild_drift,1.0,0.8273727893829346,0.6042268872261047,84,204,3725,482,204,0,32,29,23,0,0
131,mild_drift,0.9,0.9516925811767578,0.6991195678710938,50,201,3496,386,201,0,16,16,18,0,0
132,mild_drift,1.0,0.7867914438247681,0.40474915504455566,84,200,3471,377,200,0,46,28,10,0,0
133,mild_drift,1.0,1.0437524318695068,0.5496673583984375,86,205,4442,514,205,0,16,60,10,0,0
134,mild_drift,1.0,0.8284990191459656,0.5098831653594971,49,201,3514,418,201,0,9,30,10,0,0
135,mild_drift,0.6,0.908197820186615,0.5865448713302612,101,212,4981,607,212,0,64,29,8,0,0
136,mild_drift,1.0,0.8618757724761963,0.4596266746520996,100,200,3167,291,200,0,16,59,25,0,0
137,mild_drift,0.9,0.9100092649459839,0.4904823899269104,85,200,3787,386,200,0,45,16,24,0,0
138,mild_drift,1.0,0.8613468408584595,0.5248333215713501,95,200,3462,389,200,0,48,29,18,0,0
139,mild_drift,1.0,1.0011285543441772,0.5201398730278015,72,204,3523,369,204,0,48,14,10,0,0
140,mild_drift,1.0,0.8202311396598816,0.5727273225784302,85,208,3388,353,208,0,48,29,8,0,0
141,mild_drift,0.7,0.9250936508178711,0.5836886167526245,109,201,4137,514,201,0,32,62,15,0,0
142,mild_drift,1.0,0.8721165657043457,0.6699870824813843,40,202,2415,252,202,0,16,13,11,0,0
143,mild_drift,1.0,0.8847579956054688,0.6138882637023926,90,205,2213,294,205,0,16,71,3,0,0
144,mild_drift,1.0,0.9259751439094543,0.53378826379776,74,200,4091,464,200,0,32,16,26,0,0
145,mild_drift,1.0,1.006486415863037,0.6266237497329712,69,205,2843,322,205,0,32,29,8,0,0
146,mild_drift,0.9,0.780632734298706,0.587649941444397,63,200,4414,522,200,0,16,44,3,0,0
147,mild_drift,1.0,0.8043719530105591,0.5143307447433472,110,207,3210,487,207,0,16,74,20,0,0
148,mild_drift,0.8,0.8836889863014221,0.6100127696990967,87,207,4590,598,207,0,16,61,10,0,0
149,mild_drift,1.0,0.957199215888977,0.505478024482727,63,204,3322,392,204,0,16,16,31,0,0
150,mild_drift,1.0,0.7984055280685425,0.4213464856147766,74,200,2435,262,200,0,12,59,3,0,0
151,mild_drift,0.5,0.9157574772834778,0.5913882255554199,52,202,4709,524,202,0,16,12,24,0,0
152,mild_drift,1.0,1.1930657625198364,0.5490443706512451,138,200,2188,229,200,0,110,15,13,0,0
153,mild_drift,1.0,0.908970832824707,0.4820692539215088,56,200,4145,361,200,0,16,30,10,0,0
154,mild_drift,0.7,0.7470295429229736,0.5845930576324463,95,204,4511,590,204,0,64,28,3,0,0
155,mild_drift,1.0,0.8089418411254883,0.5517575144767761,93,203,3592,380,203,0,16,48,29,0,0
156,mild_drift,1.0,1.022739052772522,0.6017805337905884,89,202,2300,261,202,0,32,31,26,0,0
157,mild_drift,1.0,0.8758319616317749,0.4457700252532959,145,200,2120,249,200,0,79,51,15,0,0
158,mild_drift,0.9,0.8866725564002991,0.5289603471755981,163,202,4320,501,202,0,79,56,28,0,0
159,mild_drift,1.0,0.8771793246269226,0.5601109862327576,51,200,4614,528,200,0,16,25,10,0,0
160,mild_drift,1.0,0.9669503569602966,0.5467455387115479,75,201,3050,291,201,0,16,43,16,0,0
161,mild_drift,0.9,0.7350970506668091,0.4758443832397461,117,200,4489,420,200,0,48,59,10,0,0
162,mild_drift,1.0,0.7568563222885132,0.47920048236846924,105,201,4027,396,201,0,16,71,18,0,0
163,mild_drift,1.0,1.0322834253311157,0.5444982647895813,104,200,4139,439,200,0,80,14,10,0,0
164,mild_drift,0.7,0.8326934576034546,0.5983923077583313,55,203,4525,547,203,0,15,15,25,0,0
165,mild_drift,0.7,0.8836907148361206,0.44997304677963257,86,200,4121,405,200,0,32,44,10,0,0
166,mild_drift,0.9,0.968407154083252,0.5182831287384033,143,201,4670,527,201,0,48,79,16,0,0
167,mild_drift,1.0,0.9647147059440613,0.4413362145423889,124,200,3670,410,200,0,16,95,13,0,0
168,mild_drift,1.0,0.9754497408866882,0.5978775024414062,58,208,4027,542,208,0,28,21,9,0,0
169,mild_drift,0.8,0.753354549407959,0.5681195259094238,54,202,4400,532,202,0,16,28,10,0,0
170,mild_drift,1.0,0.9160129427909851,0.5756782293319702,72,202,4174,464,202,0,16,46,10,0,0
171,mild_drift,0.5,0.8858286142349243,0.5396524667739868,94,219,4964,572,219,0,32,44,18,0,0
172,mild_drift,0.8,0.8932155966758728,0.6100844740867615,122,204,4620,488,204,0,48,46,28,0,0
173,mild_drift,0.8,1.0468021631240845,0.6248717308044434,63,205,4036,480,205,0,32,13,18,0,0
174,mild_drift,1.0,0.9273797273635864,0.5358785390853882,88,201,3721,379,201,0,48,30,10,0,0
175,mild_drift,0.8,0.9103890657424927,0.5715577006340027,80,221,5097,577,221,0,31,31,18,0,0
176,mild_drift,1.0,0.7473471164703369,0.5696685910224915,63,202,3058,515,202,0,29,16,18,0,0
177,mild_drift,0.9,0.9322585463523865,0.6577749252319336,61,213,4751,536,213,0,16,29,16,0,0
178,mild_drift,1.0,0.7567625641822815,0.4308907389640808,98,200,3852,399,200,0,48,32,18,0,0
179,mild_drift,0.7,0.8848939538002014,0.5936660766601562,67,200,4564,558,200,0,16,31,20,0,0
180,mild_drift,1.0,0.8567066192626953,0.4713994264602661,54,200,4512,509,200,0,16,28,10,0,0
181,mild_drift,1.0,0.813498318195343,0.5261207818984985,80,201,4455,465,201,0,16,46,18,0,0
182,mild_drift,1.0,0.9747259020805359,0.5637454390525818,91,200,4447,571,200,0,32,46,13,0,0
183,mild_drift,1.0,0.987969160079956,0.5866154432296753,77,204,3444,443,204,0,16,41,20,0,0
184,mild_drift,1.0,0.7965491414070129,0.7163717150688171,79,202,3953,448,202,0,48,28,3,0,0
185,mild_drift,1.0,0.8554185628890991,0.3925948143005371,102,200,3015,263,200,0,47,45,10,0,0
186,mild_drift,1.0,0.7652381658554077,0.2923364043235779,113,200,2329,197,200,0,27,83,3,0,0
187,mild_drift,1.0,0.7489303350448608,0.6145323514938354,44,202,3698,374,202,0,16,25,3,0,0
188,mild_drift,1.0,0.8439735174179077,0.5828096866607666,50,202,3901,390,202,0,16,16,18,0,0
189,mild_drift,0.8,0.938182532787323,0.5720010995864868,85,209,4410,631,209,0,15,60,10,0,0
190,mild_drift,1.0,0.9125995635986328,0.6241393089294434,82,201,3298,366,201,0,29,45,8,0,0
191,mild_drift,0.4,0.917693018913269,0.5820106267929077,72,201,4478,455,201,0,48,13,11,0,0
192,mild_drift,1.0,0.7885816693305969,0.539413571357727,84,200,3773,403,200,0,48,16,20,0,0
193,mild_drift,1.0,0.6791229248046875,0.5776100754737854,64,208,2957,464,208,0,48,13,3,0,0
194,mild_drift,0.5,0.9091408252716064,0.715501070022583,109,207,4589,514,207,0,32,59,18,0,0
195,mild_drift,1.0,0.9372812509536743,0.5227961540222168,80,201,3353,349,201,0,16,46,18,0,0
196,mild_drift,0.9,0.9077112674713135,0.6547329425811768,56,210,4508,602,210,0,16,30,10,0,0
197,mild_drift,1.0,0.8150152564048767,0.3674401044845581,72,200,2444,284,200,0,16,46,10,0,0
198,mild_drift,1.0,1.0571209192276,0.7748170495033264,65,206,3409,451,206,0,13,32,20,0,0
199,mild_drift,0.8,0.9996522068977356,0.5397388935089111,92,200,3575,437,200,0,43,28,21,0,0
200,mild_drift,0.9,1.0341190099716187,0.734388530254364,56,206,4516,562,206,0,32,13,11,0,0
201,mild_drift,1.0,0.8510837554931641,0.35231244564056396,101,200,3534,252,200,0,45,53,3,0,0
202,mild_drift,0.9,0.967556893825531,0.5460516214370728,97,203,4361,538,203,0,48,31,18,0,0
203,mild_drift,0.6,0.9414768815040588,0.617183268070221,71,201,4640,534,201,0,32,16,23,0,0
204,mild_drift,0.9,0.8444794416427612,0.5607084035873413,50,202,3855,426,202,0,16,16,18,0,0
205,mild_drift,0.5,0.9418454766273499,0.6160730123519897,76,203,4857,573,203,0,48,15,13,0,0
206,mild_drift,1.0,0.8119527697563171,0.5114520788192749,82,201,3381,338,201,0,32,29,21,0,0
207,mild_drift,0.8,0.7291061282157898,0.486395001411438,79,201,3188,373,201,0,48,28,3,0,0
208,mild_drift,1.0,0.8363770246505737,0.40787410736083984,111,200,4073,415,200,0,62,31,18,0,0
209,mild_drift,1.0,0.7992778420448303,0.5660293102264404,82,201,4386,421,201,0,16,43,23,0,0
210,mild_drift,1.0,0.765006422996521,0.5753640532493591,104,201,3984,408,201,0,64,37,3,0,0
211,mild_drift,1.0,1.2099624872207642,0.7011927962303162,50,202,3122,387,202,0,16,25,9,0,0
212,mild_drift,1.0,0.9497030973434448,0.48942434787750244,88,201,3661,357,201,0,32,46,10,0,0
213,mild_drift,1.0,0.7010054588317871,0.49045026302337646,85,204,4057,466,204,0,32,43,10,0,0
214,mild_drift,0.7,0.8959459066390991,0.6940982341766357,64,201,4428,540,201,0,15,31,18,0,0
215,mild_drift,1.0,0.9685755968093872,0.5594830513000488,88,201,3307,313,201,0,64,14,10,0,0
216,mild_drift,0.9,0.97282874584198,0.5527094602584839,68,201,4327,451,201,0,16,42,10,0,0
217,mild_drift,1.0,1.011847734451294,0.7786231637001038,64,201,3272,377,201,0,31,25,8,0,0
218,mild_drift,0.7,0.9645470976829529,0.622344434261322,77,201,4360,566,201,0,48,14,15,0,0
219,mild_drift,0.6,0.9208889007568359,0.6533547043800354,56,202,4581,558,202,0,32,14,10,0,0
220,mild_drift,0.9,0.8952822685241699,0.5421047210693359,66,200,3535,325,200,0,14,42,10,0,0
221,mild_drift,1.0,0.8062976002693176,0.16129159927368164,113,200,2186,207,200,0,73,30,10,0,0
222,mild_drift,1.0,0.8900424242019653,0.6956990957260132,47,205,3119,407,205,0,16,13,18,0,0
223,mild_drift,1.0,0.9167165756225586,0.5613692402839661,85,202,4265,437,202,0,16,46,23,0,0
224,mild_drift,1.0,0.8784300088882446,0.3210427761077881,80,200,3364,233,200,0,46,16,18,0,0
225,mild_drift,1.0,0.8633937835693359,0.6200264692306519,72,201,4312,445,201,0,16,46,10,0,0
226,mild_drift,0.8,0.7999271154403687,0.5471778512001038,88,201,4088,562,201,0,48,30,10,0,0
227,mild_drift,1.0,0.9974958896636963,0.5175637602806091,52,200,4213,416,200,0,16,12,24,0,0
228,mild_drift,1.0,0.8199717402458191,0.4308335781097412,113,200,2370,228,200,0,47,56,10,0,0
229,mild_drift,1.0,0.9120996594429016,0.3057516813278198,90,200,3115,236,200,0,44,30,16,0,0
230,mild_drift,1.0,0.786272406578064,0.2773851156234741,94,200,2597,168,200,0,32,42,20,0,0
231,mild_drift,1.0,0.9752612709999084,0.5657081604003906,41,201,3631,399,201,0,16,10,15,0,0
232,mild_drift,1.0,0.8235448002815247,0.5697331428527832,81,202,3177,427,202,0,32,31,18,0,0
233,mild_drift,1.0,0.8135910034179688,0.19303399324417114,121,200,3391,297,200,0,48,55,18,0,0
234,mild_drift,1.0,0.8223385810852051,0.5701899528503418,75,201,4463,492,201,0,46,14,15,0,0
235,mild_drift,1.0,0.9894706606864929,0.49226027727127075,97,200,3865,357,200,0,32,47,18,0,0
236,mild_drift,1.0,0.9147204160690308,0.5400291681289673,91,201,4007,452,201,0,30,46,15,0,0
237,mild_drift,1.0,0.8730953931808472,0.5326569676399231,49,202,3843,411,202,0,9,30,10,0,0
238,mild_drift,0.7,0.8792742490768433,0.6328614354133606,66,202,4380,577,202,0,32,16,18,0,0
239,mild_drift,0.9,0.8202874660491943,0.628017783164978,49,216,5079,604,216,0,16,24,9,0,0
240,mild_drift,1.0,0.8494278192520142,0.4027273654937744,137,200,2304,277,200,0,32,85,20,0,0
241,mild_drift,0.5,0.8594357967376709,0.6632915735244751,73,204,4507,502,204,0,16,54,3,0,0
242,mild_drift,1.0,0.8875841498374939,0.5730915069580078,81,201,3162,290,201,0,14,57,10,0,0
243,mild_drift,1.0,0.838800311088562,0.4859715700149536,88,200,3522,440,200,0,48,30,10,0,0
244,mild_drift,1.0,0.9819246530532837,0.5604956150054932,72,201,3855,442,201,0,16,46,10,0,0
245,mild_drift,1.0,1.03531813621521,0.5380740761756897,67,202,2924,310,202,0,16,30,21,0,0
246,mild_drift,1.0,0.7864638566970825,0.659095048904419,47,202,4228,470,202,0,16,28,3,0,0
247,mild_drift,1.0,0.773953914642334,0.5437237024307251,79,200,4152,453,200,0,32,44,3,0,0
248,mild_drift,1.0,0.8063492774963379,0.6623744964599609,44,207,4370,409,207,0,16,25,3,0,0
249,mild_drift,0.9,0.7650651931762695,0.5905043482780457,68,202,4042,449,202,0,32,16,20,0,0
250,mild_drift,1.0,0.9747354984283447,0.526185929775238,79,200,3124,483,200,0,48,13,18,0,0
251,mild_drift,0.9,1.023893117904663,0.4969857931137085,83,202,4115,414,202,0,48,13,22,0,0
252,mild_drift,1.0,0.8403435945510864,0.649268627166748,46,201,3801,507,201,0,16,27,3,0,0
253,mild_drift,0.9,0.7067940831184387,0.7067940831184387,32,208,3475,474,208,0,16,13,3,0,0
254,mild_drift,0.9,0.9298145771026611,0.49794095754623413,83,201,4331,483,201,0,32,27,24,0,0
255,mild_drift,0.7,0.8563539981842041,0.7013019323348999,32,203,4851,541,203,0,14,9,9,0,0
256,mild_drift,0.9,0.7181862592697144,0.4978618621826172,79,200,3817,387,200,0,16,60,3,0,0
257,mild_drift,1.0,0.8289908766746521,0.5022726058959961,95,202,4251,418,202,0,55,30,10,0,0
258,mild_drift,0.9,0.927998423576355,0.537527859210968,93,201,4035,424,201,0,48,27,18,0,0
259,mild_drift,0.8,0.8654106259346008,0.7045235633850098,53,201,4625,546,201,0,16,14,23,0,0
260,mild_drift,1.0,0.9893192648887634,0.5685245990753174,62,201,3813,382,201,0,16,27,19,0,0
261,mild_drift,0.9,0.8872525691986084,0.5029692649841309,68,200,4637,553,200,0,32,12,24,0,0
262,mild_drift,0.7,0.8788865804672241,0.6342641115188599,79,201,4512,493,201,0,16,45,18,0,0
263,mild_drift,0.9,0.7839593291282654,0.5612208843231201,70,200,4607,549,200,0,32,28,10,0,0
264,mild_drift,1.0,0.8261154294013977,0.5180583000183105,50,201,4421,424,201,0,16,16,18,0,0
265,mild_drift,1.0,0.8368288278579712,0.6399250626564026,55,206,3479,482,206,0,16,16,23,0,0
266,mild_drift,1.0,1.0086398124694824,0.5951909422874451,72,200,3852,362,200,0,16,46,10,0,0
267,mild_drift,1.0,1.0375895500183105,0.636103630065918,94,203,2598,221,203,0,64,21,9,0,0
268,mild_drift,1.0,0.7596300840377808,0.6094995737075806,88,202,4062,463,202,0,16,69,3,0,0
269,mild_drift,0.8,0.9972964525222778,0.6494393944740295,98,217,4830,578,217,0,48,42,8,0,0
270,mild_drift,1.0,0.766633152961731,0.3143022656440735,88,200,3374,251,200,0,48,30,10,0,0
271,mild_drift,1.0,1.1495411396026611,0.6500627994537354,116,201,4149,527,201,0,61,30,25,0,0
272,mild_drift,1.0,0.8978200554847717,0.6275657415390015,57,203,3353,442,203,0,16,16,25,0,0
273,mild_drift,0.7,0.932512640953064,0.6253620982170105,74,209,4103,533,209,0,16,45,13,0,0
274,mild_drift,1.0,0.8675302267074585,0.6028027534484863,67,201,3456,343,201,0,16,41,10,0,0
275,mild_drift,0.8,0.7872254848480225,0.7664515972137451,47,211,3906,536,211,0,16,28,3,0,0
276,mild_drift,1.0,0.8665756583213806,0.6448242664337158,62,203,4268,497,203,0,16,43,3,0,0
277,mild_drift,0.3,0.9305751323699951,0.5957279205322266,76,232,5231,653,232,0,32,26,18,0,0
278,mild_drift,1.0,0.9786403179168701,0.6920393109321594,57,202,3312,364,202,0,16,16,25,0,0
279,mild_drift,0.9,0.8478840589523315,0.6519908905029297,115,200,3604,351,200,0,48,59,8,0,0
280,mild_drift,1.0,0.9465099573135376,0.5399596691131592,57,200,3015,258,200,0,16,26,15,0,0
281,mild_drift,1.0,0.797175943851471,0.3958200216293335,105,200,3172,287,200,0,32,70,3,0,0
282,mild_drift,0.8,0.8385540843009949,0.6452791690826416,60,207,4703,606,207,0,16,26,18,0,0
283,mild_drift,0.9,1.0513017177581787,0.6331666707992554,60,204,4494,488,204,0,15,15,30,0,0
284,mild_drift,0.7,0.8772050142288208,0.6660914421081543,86,204,4656,616,204,0,48,28,10,0,0
285,mild_drift,0.8,0.912913978099823,0.5525397062301636,141,201,3706,498,201,0,96,30,15,0,0
286,mild_drift,1.0,0.9921002388000488,0.7773795127868652,45,202,1964,234,202,0,16,26,3,0,0
287,mild_drift,1.0,0.8903937339782715,0.4957880973815918,55,201,3560,298,201,0,31,14,10,0,0
288,mild_drift,0.7,1.0977193117141724,0.5288172960281372,98,200,4206,489,200,0,64,13,21,0,0
289,mild_drift,1.0,0.8331618309020996,0.6305040121078491,76,206,2611,452,206,0,32,41,3,0,0
290,mild_drift,1.0,0.7732868790626526,0.554039478302002,111,202,4137,487,202,0,79,29,3,0,0
291,mild_drift,0.9,0.8733000159263611,0.653814971446991,69,205,4107,520,205,0,16,31,22,0,0
292,mild_drift,1.0,0.9511871337890625,0.4181787371635437,69,201,3464,286,201,0,31,28,10,0,0
293,mild_drift,1.0,0.8446670174598694,0.4740104675292969,52,201,3771,390,201,0,16,12,24,0,0
294,mild_drift,0.9,0.8624306321144104,0.5139456987380981,101,205,4367,517,205,0,16,60,25,0,0
295,mild_drift,1.0,0.8599052429199219,0.45368409156799316,66,200,3236,288,200,0,32,16,18,0,0
296,mild_drift,0.8,0.9763670563697815,0.5835879445075989,107,202,4087,511,202,0,48,27,32,0,0
297,mild_drift,0.9,0.72259521484375,0.5187774896621704,109,201,4561,515,201,0,32,62,15,0,0
298,mild_drift,0.8,0.9934146404266357,0.6560758352279663,67,206,4555,560,206,0,16,16,35,0,0
299,mild_drift,0.9,0.7869781255722046,0.47295498847961426,129,200,3616,344,200,0,16,95,18,0,0
300,mild_drift,0.9,0.8830268979072571,0.5502163767814636,96,202,4479,551,202,0,47,29,20,0,0
301,mild_drift,0.9,0.899900496006012,0.607144832611084,76,211,3470,499,211,0,16,26,34,0,0
302,mild_drift,0.9,0.9595180153846741,0.6385766863822937,86,200,4575,574,200,0,32,44,10,0,0
303,mild_drift,1.0,0.8463552594184875,0.37254905700683594,132,200,2903,310,200,0,48,42,42,0,0
304,mild_drift,0.9,0.9004931449890137,0.6370790600776672,86,207,4626,587,207,0,16,44,26,0,0
305,mild_drift,0.7,0.9978806376457214,0.609992265701294,40,203,4861,504,203,0,16,14,10,0,0
306,mild_drift,1.0,0.8223587870597839,0.6663860082626343,48,205,3894,503,205,0,16,16,16,0,0
307,mild_drift,1.0,0.7481909990310669,0.7481909990310669,32,203,2528,313,203,0,16,13,3,0,0
308,mild_drift,1.0,0.8649473190307617,0.36189281940460205,107,200,2024,214,200,0,48,56,3,0,0
309,mild_drift,0.9,1.0838578939437866,0.6175405979156494,55,202,4298,536,202,0,16,13,26,0,0
310,mild_drift,1.0,0.8673653602600098,0.43666553497314453,96,200,3740,340,200,0,31,47,18,0,0
311,mild_drift,1.0,0.8726092576980591,0.39646369218826294,118,200,3763,436,200,0,64,44,10,0,0
312,mild_drift,0.7,0.9162591695785522,0.6357759237289429,62,204,4917,578,204,0,16,14,32,0,0
313,mild_drift,0.8,0.8194482326507568,0.5859353542327881,81,200,4609,550,200,0,32,31,18,0,0
314,mild_drift,1.0,0.7727732062339783,0.5474874973297119,66,201,4293,478,201,0,16,32,18,0,0
315,mild_drift,1.0,1.046746015548706,0.4631785750389099,98,200,3452,372,200,0,48,30,20,0,0
316,mild_drift,1.0,0.9330674409866333,0.5872229337692261,95,203,4156,463,203,0,31,40,24,0,0
317,mild_drift,0.8,0.8173259496688843,0.6591084003448486,51,201,4711,521,201,0,30,13,8,0,0
318,mild_drift,0.9,0.9661198854446411,0.5707534551620483,87,208,4765,559,208,0,16,61,10,0,0
319,mild_drift,0.7,0.9947553277015686,0.6249407529830933,92,203,4478,576,203,0,32,42,18,0,0
320,mild_drift,0.9,0.7939821481704712,0.48424357175827026,66,202,3934,415,202,0,32,16,18,0,0
321,mild_drift,1.0,0.7695422172546387,0.5864412784576416,73,202,3826,389,202,0,43,27,3,0,0
322,mild_drift,1.0,1.0529330968856812,0.5507512092590332,62,205,3930,562,205,0,14,32,16,0,0
323,mild_drift,1.0,0.797447681427002,0.534965991973877,92,202,2794,297,202,0,16,73,3,0,0
324,mild_drift,0.9,0.8675203323364258,0.627996027469635,66,202,4552,555,202,0,30,28,8,0,0
325,mild_drift,0.9,0.8106568455696106,0.5475623607635498,65,203,3709,397,203,0,25,30,10,0,0
326,mild_drift,1.0,0.8411878347396851,0.5927852392196655,72,202,3648,363,202,0,32,30,10,0,0
327,mild_drift,1.0,1.044150710105896,0.5583088994026184,112,203,3772,488,203,0,63,31,18,0,0
328,mild_drift,1.0,0.847936749458313,0.4169771671295166,120,202,4076,383,202,0,62,32,26,0,0
329,mild_drift,0.9,0.7310510873794556,0.6545991897583008,63,205,4520,581,205,0,32,28,3,0,0
330,mild_drift,0.9,1.0234544277191162,0.5777775049209595,68,209,4393,580,209,0,32,14,22,0,0
331,mild_drift,1.0,0.7726607322692871,0.6901881694793701,77,203,2716,336,203,0,31,30,16,0,0
332,mild_drift,1.0,0.9659977555274963,0.5053644180297852,107,211,4529,402,211,0,61,14,32,0,0
333,mild_drift,1.0,0.7330479621887207,0.4786246418952942,97,200,3963,392,200,0,48,31,18,0,0
334,mild_drift,0.6,0.9408295154571533,0.6771150827407837,68,202,4381,534,202,0,47,13,8,0,0
335,mild_drift,1.0,0.8261731863021851,0.3219243884086609,68,200,3520,242,200,0,32,26,10,0,0
336,mild_drift,0.9,0.9702126979827881,0.6285709142684937,81,216,4606,526,216,0,32,29,20,0,0
337,mild_drift,0.4,0.8856194019317627,0.6164677739143372,66,202,4743,566,202,0,32,16,18,0,0
338,mild_drift,0.6,0.83263099193573,0.5931806564331055,64,201,4346,534,201,0,15,39,10,0,0
339,mild_drift,1.0,0.823484480381012,0.5124569535255432,84,200,4244,454,200,0,48,16,20,0,0
340,mild_drift,1.0,0.8863649964332581,0.6790534257888794,93,206,2339,337,206,0,31,44,18,0,0
341,mild_drift,1.0,1.0241209268569946,0.6218162178993225,89,201,3860,408,201,0,32,30,27,0,0
342,mild_drift,1.0,1.023481845855713,0.6035354137420654,47,205,3440,398,205,0,16,13,18,0,0
343,mild_drift,1.0,0.8757368922233582,0.530924916267395,72,201,3859,436,201,0,32,13,27,0,0
344,mild_drift,1.0,0.8253501653671265,0.4409025311470032,72,200,3161,287,200,0,16,46,10,0,0
345,mild_drift,1.0,0.883510172367096,0.4497694969177246,69,201,3812,342,201,0,29,16,24,0,0
346,mild_drift,0.8,0.891759991645813,0.5118515491485596,73,200,4546,518,200,0,32,16,25,0,0
347,mild_drift,0.7,0.8914695978164673,0.5327746272087097,71,202,4656,573,202,0,47,14,10,0,0
348,mild_drift,0.9,1.0330924987792969,0.6629304885864258,65,202,4452,503,202,0,16,29,20,0,0
349,mild_drift,1.0,0.8215588331222534,0.509723424911499,86,200,3101,390,200,0,31,30,25,0,0
350,mild_drift,1.0,0.9183169603347778,0.6255077123641968,77,204,3299,400,204,0,16,46,15,0,0
351,mild_drift,1.0,0.8857999444007874,0.48624271154403687,63,200,3606,392,200,0,16,29,18,0,0
352,mild_drift,0.9,0.9809301495552063,0.6258324384689331,69,203,4604,468,203,0,32,15,22,0,0
353,mild_drift,0.3,0.9230179786682129,0.576593279838562,82,200,4372,510,200,0,32,41,9,0,0
354,mild_drift,1.0,0.8182995319366455,0.5169930458068848,89,201,4193,393,201,0,16,46,27,0,0
355,mild_drift,1.0,0.7622193098068237,0.35552090406417847,92,200,3717,316,200,0,32,57,3,0,0
356,mild_drift,0.7,0.8933258056640625,0.5864611864089966,52,206,4857,625,206,0,16,16,20,0,0
357,mild_drift,1.0,0.7857149839401245,0.5138272047042847,55,201,3972,345,201,0,31,14,10,0,0
358,mild_drift,1.0,0.8908641934394836,0.4736424684524536,117,213,4376,371,213,0,32,75,10,0,0
359,mild_drift,1.0,0.9251630306243896,0.4073643088340759,108,200,3414,264,200,0,48,42,18,0,0
360,mild_drift,0.7,0.8476686477661133,0.6028486490249634,53,200,4222,435,200,0,16,29,8,0,0
361,mild_drift,1.0,0.988854706287384,0.6837785840034485,90,200,4178,479,200,0,46,29,15,0,0
362,mild_drift,0.8,0.8837687373161316,0.6050764918327332,127,200,4164,455,200,0,76,31,20,0,0
363,mild_drift,1.0,1.0070888996124268,0.6066491603851318,76,206,3108,411,206,0,32,35,9,0,0
364,mild_drift,0.9,0.9633409976959229,0.7369812726974487,41,203,4028,481,203,0,16,10,15,0,0
365,mild_drift,1.0,0.9043858647346497,0.6172868013381958,71,203,3767,354,203,0,32,14,25,0,0
366,mild_drift,1.0,1.020889401435852,0.4183603525161743,98,200,3321,285,200,0,64,16,18,0,0
367,mild_drift,0.6,0.8114892244338989,0.5373067855834961,100,204,4737,566,204,0,32,44,24,0,0
368,mild_drift,0.7,0.7744513154029846,0.530265212059021,78,202,4450,565,202,0,16,44,18,0,0
369,mild_drift,1.0,0.990842878818512,0.3682040572166443,83,200,2953,227,200,0,32,27,24,0,0
370,mild_drift,1.0,0.9751931428909302,0.575196385383606,57,200,3871,376,200,0,16,26,15,0,0
371,mild_drift,0.9,0.7887918949127197,0.5243886709213257,88,202,4482,574,202,0,64,14,10,0,0
372,mild_drift,1.0,0.8013865947723389,0.5575090646743774,70,208,4378,563,208,0,16,44,10,0,0
373,mild_drift,1.0,1.0243030786514282,0.33450156450271606,92,200,2485,224,200,0,32,30,30,0,0
374,mild_drift,0.9,0.954627275466919,0.5943329930305481,92,202,4246,486,202,0,16,58,18,0,0
375,mild_drift,1.0,1.0090341567993164,0.493946373462677,86,200,2891,246,200,0,44,27,15,0,0
376,mild_drift,1.0,0.8719049692153931,0.6049480438232422,97,201,4426,430,201,0,63,16,18,0,0
377,mild_drift,1.0,0.6581435203552246,0.572401225566864,48,201,3532,274,201,0,32,13,3,0,0
378,mild_drift,0.8,0.8634781837463379,0.5498377084732056,66,202,4284,472,202,0,16,30,20,0,0
379,mild_drift,0.4,1.1512088775634766,0.6231052875518799,75,206,4572,503,206,0,32,30,13,0,0
380,mild_drift,0.6,0.9209520816802979,0.6602890491485596,80,202,4478,553,202,0,62,9,9,0,0
381,mild_drift,0.8,0.9144537448883057,0.6700546741485596,82,218,3909,432,218,0,16,58,8,0,0
382,mild_drift,0.9,0.9101834297180176,0.6292410492897034,56,204,2970,367,204,0,16,30,10,0,0
383,mild_drift,1.0,0.7969269752502441,0.4657323360443115,56,200,3896,327,200,0,16,30,10,0,0
384,mild_drift,0.8,0.8933566212654114,0.6357084512710571,70,201,4204,500,201,0,14,41,15,0,0
385,mild_drift,1.0,0.8884165287017822,0.6453679203987122,87,206,3673,454,206,0,16,44,27,0,0
386,mild_drift,0.9,0.9578157663345337,0.6319408416748047,75,202,4380,496,202,0,16,41,18,0,0
387,mild_drift,0.4,0.7565538287162781,0.5206373929977417,95,201,4472,498,201,0,64,28,3,0,0
388,mild_drift,0.9,0.8980557322502136,0.5459513664245605,56,200,4613,543,200,0,16,25,15,0,0
389,mild_drift,0.8,0.7667139172554016,0.5027368068695068,86,200,4456,502,200,0,16,60,10,0,0
390,mild_drift,1.0,0.9854236245155334,0.3615260124206543,86,200,3013,393,200,0,31,44,11,0,0
391,mild_drift,1.0,1.0064865350723267,0.4066910743713379,120,200,3669,342,200,0,32,63,25,0,0
392,mild_drift,0.9,0.8284468650817871,0.5796108841896057,77,203,4752,574,203,0,32,27,18,0,0
393,mild_drift,0.9,1.030272364616394,0.6114919185638428,58,205,4258,527,205,0,16,27,15,0,0
394,mild_drift,0.7,0.9266819357872009,0.614450216293335,70,202,4797,539,202,0,16,31,23,0,0
395,mild_drift,0.9,0.7480515241622925,0.6144939661026001,93,207,4311,587,207,0,16,68,9,0,0
396,mild_drift,1.0,0.9761016368865967,0.408910870552063,102,200,2224,283,200,0,16,61,25,0,0
397,mild_drift,1.0,0.8536584377288818,0.3347882628440857,71,200,3524,358,200,0,32,14,25,0,0
398,mild_drift,1.0,1.0722075700759888,0.5439703464508057,80,200,1880,197,200,0,31,36,13,0,0
399,mild_drift,1.0,0.8411006927490234,0.4560927748680115,86,201,3617,376,201,0,16,55,15,0,0
400,mild_drift,1.0,0.6330978870391846,0.48068767786026,64,200,3754,344,200,0,48,13,3,0,0
401,mild_drift,1.0,1.1177339553833008,0.5466992855072021,84,200,2507,219,200,0,16,41,27,0,0
402,mild_drift,0.7,0.811547577381134,0.533245325088501,64,200,4625,549,200,0,16,45,3,0,0
403,mild_drift,1.0,0.9747045636177063,0.46286606788635254,91,202,3990,381,202,0,46,14,31,0,0
404,mild_drift,1.0,0.8125736117362976,0.5510073304176331,72,201,4000,527,201,0,32,16,24,0,0
405,mild_drift,1.0,0.8273807168006897,0.7039042711257935,48,204,3242,350,204,0,32,13,3,0,0
406,mild_drift,0.8,0.8411267995834351,0.5626945495605469,109,202,4633,562,202,0,32,57,20,0,0
407,mild_drift,1.0,0.9696183204650879,0.596013605594635,95,203,3404,342,203,0,64,13,18,0,0
408,mild_drift,0.8,0.8279744982719421,0.5532459616661072,52,200,4622,514,200,0,16,12,24,0,0
409,mild_drift,0.8,0.8533873558044434,0.5423779487609863,71,201,3049,506,201,0,15,40,16,0,0
410,mild_drift,1.0,0.8837071657180786,0.5670193433761597,113,201,3966,388,201,0,63,15,35,0,0
411,mild_drift,1.0,0.8215978741645813,0.6266279220581055,47,201,2937,332,201,0,16,28,3,0,0
412,mild_drift,0.6,0.7897325754165649,0.618376612663269,79,201,4270,577,201,0,32,44,3,0,0
413,mild_drift,1.0,0.8192636966705322,0.4816134572029114,153,202,3808,368,202,0,48,102,3,0,0
414,mild_drift,1.0,0.8736245632171631,0.40972208976745605,131,202,3839,347,202,0,63,58,10,0,0
415,mild_drift,1.0,0.8774334788322449,0.4499335289001465,88,200,2960,288,200,0,16,46,26,0,0
416,mild_drift,0.8,0.9214589595794678,0.5479437112808228,97,202,4721,558,202,0,48,39,10,0,0
417,mild_drift,1.0,1.0051658153533936,0.6008508205413818,72,201,4296,461,201,0,16,46,10,0,0
418,mild_drift,1.0,1.0214811563491821,0.6361008882522583,49,202,2693,304,202,0,16,25,8,0,0
419,mild_drift,1.0,0.9158738851547241,0.5515480041503906,94,200,3252,301,200,0,16,69,9,0,0
420,mild_drift,1.0,1.0100003480911255,0.6661365032196045,95,203,3675,389,203,0,48,38,9,0,0
421,mild_drift,0.9,0.8811574578285217,0.5205714702606201,56,203,4062,452,203,0,32,14,10,0,0
422,mild_drift,1.0,0.8187764286994934,0.4983457922935486,100,201,4074,364,201,0,16,60,24,0,0
423,mild_drift,1.0,0.8446205854415894,0.5558855533599854,70,202,3553,326,202,0,32,28,10,0,0
424,mild_drift,0.7,1.0182201862335205,0.5777605175971985,77,200,4519,534,200,0,16,31,30,0,0
425,mild_drift,0.6,0.7311763763427734,0.6949782371520996,44,203,4514,536,203,0,16,25,3,0,0
426,mild_drift,1.0,0.6899451017379761,0.4940093159675598,111,200,3539,397,200,0,64,44,3,0,0
427,mild_drift,1.0,0.9081312417984009,0.40603095293045044,86,200,3411,273,200,0,46,30,10,0,0
428,mild_drift,1.0,0.8719557523727417,0.6014281511306763,111,201,4214,482,201,0,32,47,32,0,0
429,mild_drift,0.8,0.7193199396133423,0.5336886644363403,103,202,4484,551,202,0,48,45,10,0,0
430,mild_drift,1.0,0.8793081641197205,0.5165935158729553,72,201,4403,499,201,0,31,26,15,0,0
431,mild_drift,0.5,0.9038408994674683,0.6505499482154846,90,205,4720,619,205,0,16,48,26,0,0
432,mild_drift,1.0,0.778518557548523,0.6026485562324524,88,205,4756,587,205,0,16,48,24,0,0
433,mild_drift,0.9,0.8668965101242065,0.48516374826431274,117,203,3898,409,203,0,48,46,23,0,0
434,mild_drift,1.0,0.8805077075958252,0.6773875951766968,84,206,3744,424,206,0,32,32,20,0,0
435,mild_drift,1.0,0.8007354140281677,0.554249107837677,79,201,3368,376,201,0,16,45,18,0,0
436,mild_drift,1.0,0.731921911239624,0.6152976155281067,61,204,4262,462,204,0,32,26,3,0,0
437,mild_drift,1.0,0.8708680868148804,0.40622973442077637,82,201,3459,227,201,0,32,32,18,0,0
438,mild_drift,1.0,0.8666626214981079,0.40651386976242065,82,201,4318,443,201,0,32,32,18,0,0
439,mild_drift,1.0,0.8594581484794617,0.540285587310791,52,207,4691,612,207,0,16,12,24,0,0
440,mild_drift,0.9,0.9035176634788513,0.5944492816925049,63,205,4272,555,205,0,32,13,18,0,0
441,mild_drift,0.7,0.9148846864700317,0.7445173263549805,51,203,4359,506,203,0,16,14,21,0,0
442,mild_drift,0.8,0.7978984117507935,0.539451003074646,94,201,4292,509,201,0,32,44,18,0,0
443,mild_drift,1.0,0.8736997842788696,0.37008559703826904,79,200,2531,239,200,0,16,45,18,0,0
444,mild_drift,1.0,0.7721441388130188,0.4504523277282715,88,200,2757,271,200,0,27,43,18,0,0
445,mild_drift,1.0,1.077176809310913,0.49788790941238403,82,200,2396,269,200,0,27,45,10,0,0
446,mild_drift,1.0,0.6768937110900879,0.5566495060920715,80,202,3182,350,202,0,64,13,3,0,0
447,mild_drift,0.6,0.876045823097229,0.7540143132209778,58,205,4790,664,205,0,16,14,28,0,0
448,mild_drift,0.9,0.878247082233429,0.5428698062896729,104,201,4077,440,201,0,32,47,25,0,0
449,mild_drift,1.0,0.7839022874832153,0.5445923805236816,71,202,4258,425,202,0,32,14,25,0,0
450,mild_drift,0.7,1.0336999893188477,0.6343291997909546,62,203,4710,571,203,0,32,14,16,0,0
451,mild_drift,1.0,0.7180360555648804,0.5012643337249756,71,200,3165,444,200,0,28,40,3,0,0
452,mild_drift,1.0,0.8259839415550232,0.47225725650787354,104,200,3269,300,200,0,80,14,10,0,0
453,mild_drift,1.0,1.0141924619674683,0.5725351572036743,102,200,3592,384,200,0,61,26,15,0,0
454,mild_drift,1.0,0.8308135867118835,0.49549299478530884,94,200,4009,359,200,0,48,28,18,0,0
455,mild_drift,1.0,0.8852829933166504,0.46242302656173706,75,200,4252,365,200,0,31,26,18,0,0
456,mild_drift,1.0,0.8667168617248535,0.6264852285385132,79,201,3514,323,201,0,16,45,18,0,0
457,mild_drift,1.0,0.8161612749099731,0.3517506718635559,91,200,1928,196,200,0,47,41,3,0,0
458,mild_drift,0.8,0.9675935506820679,0.5525562167167664,117,202,4289,486,202,0,32,48,37,0,0
459,mild_drift,1.0,0.8236638903617859,0.4505497217178345,147,200,3739,391,200,0,64,75,8,0,0
460,mild_drift,0.7,0.8436115980148315,0.6295504570007324,64,212,4557,564,212,0,32,24,8,0,0
461,mild_drift,1.0,0.8507675528526306,0.6082568168640137,82,201,3364,389,201,0,16,43,23,0,0
462,mild_drift,1.0,0.8715038299560547,0.6902338266372681,66,205,3538,491,205,0,32,16,18,0,0
463,mild_drift,0.9,1.02060866355896,0.7872147560119629,55,209,4343,621,209,0,13,16,26,0,0
464,mild_drift,0.8,0.8696194887161255,0.5308926105499268,109,200,4605,527,200,0,64,27,18,0,0
465,mild_drift,1.0,1.0234373807907104,0.7064015865325928,91,201,2677,269,201,0,48,30,13,0,0
466,mild_drift,0.4,0.9729012846946716,0.6844993829727173,87,206,4230,626,206,0,16,45,26,0,0
467,mild_drift,0.9,0.8722238540649414,0.4470899701118469,82,200,2940,417,200,0,46,16,20,0,0
468,mild_drift,1.0,0.8660470843315125,0.4251497983932495,65,202,3230,358,202,0,25,30,10,0,0
469,mild_drift,0.9,0.8426224589347839,0.5134192705154419,86,200,4142,461,200,0,16,60,10,0,0
470,mild_drift,1.0,0.7771758437156677,0.40018230676651,114,200,3869,366,200,0,80,16,18,0,0
471,mild_drift,1.0,0.7328878045082092,0.641730010509491,45,207,3862,410,207,0,15,27,3,0,0
472,mild_drift,1.0,0.75798100233078,0.28493207693099976,113,202,2977,281,202,0,32,46,35,0,0
473,mild_drift,1.0,0.9923793077468872,0.5276888608932495,82,200,3588,301,200,0,32,30,20,0,0
474,mild_drift,1.0,0.9058977365493774,0.6053602695465088,73,201,3171,324,201,0,48,10,15,0,0
475,mild_drift,1.0,0.7408316731452942,0.4782772660255432,56,200,3431,408,200,0,16,30,10,0,0
476,mild_drift,1.0,0.8377426862716675,0.5300096273422241,119,200,3095,264,200,0,47,62,10,0,0
477,mild_drift,0.8,0.988041341304779,0.6254314184188843,86,201,4808,552,201,0,16,60,10,0,0
478,mild_drift,1.0,0.8181105852127075,0.4662162661552429,136,201,3395,314,201,0,79,32,25,0,0
479,mild_drift,1.0,0.9522560238838196,0.4966657757759094,114,200,3034,288,200,0,64,16,34,0,0
480,mild_drift,1.0,0.8771933913230896,0.5850461721420288,66,208,4023,507,208,0,32,16,18,0,0
481,mild_drift,0.8,0.979330837726593,0.6816120743751526,112,203,4200,471,203,0,64,30,18,0,0
482,mild_drift,0.8,0.8141272068023682,0.5645745396614075,40,206,4680,574,206,0,16,14,10,0,0
483,mild_drift,0.9,0.9920433759689331,0.6643224954605103,100,208,4840,568,208,0,16,58,26,0,0
484,mild_drift,1.0,0.9153671264648438,0.5395243167877197,40,200,4442,496,200,0,16,14,10,0,0
485,mild_drift,1.0,1.0566028356552124,0.7103379964828491,72,202,3334,354,202,0,14,42,16,0,0
486,mild_drift,1.0,0.970975399017334,0.4998466968536377,67,200,2283,178,200,0,26,33,8,0,0
487,mild_drift,0.7,0.942252516746521,0.6376250982284546,73,207,5094,608,207,0,16,42,15,0,0
488,mild_drift,1.0,0.7940419912338257,0.6469876766204834,78,208,1493,337,208,0,32,43,3,0,0
489,mild_drift,1.0,0.9461988806724548,0.5527218580245972,117,206,3869,409,206,0,48,61,8,0,0
490,mild_drift,1.0,0.8902679681777954,0.5213110446929932,50,200,3816,416,200,0,16,16,18,0,0
491,mild_drift,0.9,1.0078717470169067,0.6616880297660828,84,200,4137,510,200,0,30,44,10,0,0
492,mild_drift,1.0,0.820515513420105,0.34467536211013794,90,200,3290,372,200,0,31,41,18,0,0
493,mild_drift,1.0,0.7482026815414429,0.3970766067504883,40,200,2980,282,200,0,16,14,10,0,0
494,mild_drift,1.0,0.9175875186920166,0.35784590244293213,82,200,3652,330,200,0,48,16,18,0,0
495,mild_drift,1.0,0.8296949863433838,0.2951127290725708,88,200,3072,316,200,0,16,62,10,0,0
496,mild_drift,0.9,0.9234758615493774,0.6749883890151978,82,200,3980,474,200,0,16,56,10,0,0
497,mild_drift,0.9,1.1174026727676392,0.6226068735122681,89,200,3648,392,200,0,32,31,26,0,0
498,mild_drift,0.7,0.8100950717926025,0.7027295827865601,59,205,4436,596,205,0,16,40,3,0,0
499,mild_drift,0.6,0.8647390604019165,0.6647692918777466,66,202,4799,638,202,0,16,32,18,0,0
500,mild_drift,1.0,1.0127859115600586,0.5706721544265747,81,200,4232,495,200,0,47,16,18,0,0
501,mild_drift,1.0,0.8411142230033875,0.48667705059051514,120,200,3542,376,200,0,63,54,3,0,0
502,mild_drift,0.9,0.909213125705719,0.5889922380447388,95,200,3762,444,200,0,61,16,18,0,0
503,mild_drift,0.6,0.833778440952301,0.5274837613105774,101,200,4344,561,200,0,32,61,8,0,0
504,mild_drift,1.0,0.9702630043029785,0.4573974609375,97,200,1610,168,200,0,16,52,29,0,0
505,mild_drift,1.0,1.0474103689193726,0.6543831825256348,77,203,3293,395,203,0,16,46,15,0,0
506,mild_drift,1.0,0.9085959196090698,0.41252952814102173,88,200,3751,338,200,0,63,10,15,0,0
507,mild_drift,1.0,0.7229188680648804,0.5823450684547424,49,203,4553,495,203,0,9,30,10,0,0
508,mild_drift,1.0,0.8267996311187744,0.35623699426651,102,201,3615,335,201,0,64,28,10,0,0
509,mild_drift,1.0,0.8313993811607361,0.5504246950149536,82,202,4522,516,202,0,48,13,21,0,0
510,mild_drift,1.0,0.9407781362533569,0.5201506614685059,98,201,3554,411,201,0,48,32,18,0,0
511,mild_drift,1.0,1.0352493524551392,0.3542684316635132,83,200,1531,147,200,0,42,26,15,0,0
512,mild_drift,1.0,0.7787200212478638,0.5540467500686646,125,201,3148,368,201,0,80,30,15,0,0
513,mild_drift,1.0,0.8109495639801025,0.4553309679031372,113,200,3449,294,200,0,64,31,18,0,0
514,mild_drift,1.0,0.9082643985748291,0.5192564129829407,125,200,3553,370,200,0,46,47,32,0,0
515,mild_drift,1.0,0.717121422290802,0.6436934471130371,79,201,4152,464,201,0,48,28,3,0,0
516,mild_drift,0.9,0.899394154548645,0.5021030902862549,94,201,4377,464,201,0,16,62,16,0,0
517,mild_drift,1.0,0.9134942889213562,0.5847710371017456,63,200,2003,243,200,0,32,10,21,0,0
518,mild_drift,1.0,0.8357482552528381,0.40746623277664185,120,200,3734,371,200,0,64,46,10,0,0
519,mild_drift,1.0,0.8660575747489929,0.22174370288848877,64,200,3308,196,200,0,30,16,18,0,0
520,mild_drift,1.0,1.0327144861221313,0.4840133786201477,79,201,4056,402,201,0,47,16,16,0,0
521,mild_drift,0.7,0.8696612119674683,0.598940372467041,87,203,4753,601,203,0,32,45,10,0,0
522,mild_drift,1.0,0.8754715323448181,0.6457144021987915,47,206,3740,465,206,0,16,13,18,0,0
523,mild_drift,0.7,0.8177982568740845,0.6222274899482727,69,201,4468,577,201,0,16,28,25,0,0
524,mild_drift,1.0,0.9717926383018494,0.6604597568511963,78,202,2158,295,202,0,16,44,18,0,0
525,mild_drift,1.0,0.801480770111084,0.47313034534454346,97,201,3658,382,201,0,45,42,10,0,0
526,mild_drift,0.6,1.0322425365447998,0.669774055480957,40,202,4677,575,202,0,16,14,10,0,0
527,mild_drift,1.0,0.9034265875816345,0.49445998668670654,56,202,3900,321,202,0,16,30,10,0,0
528,mild_drift,0.8,0.7649861574172974,0.5214706659317017,82,201,4096,479,201,0,48,16,18,0,0
529,mild_drift,0.8,0.8484382033348083,0.5168619155883789,63,200,4055,430,200,0,16,29,18,0,0
530,mild_drift,1.0,0.8506830930709839,0.39909905195236206,111,200,3106,270,200,0,48,45,18,0,0
531,mild_drift,1.0,0.9523390531539917,0.5420103073120117,153,200,2023,296,200,0,96,30,27,0,0
532,mild_drift,1.0,0.7623376250267029,0.4412107467651367,77,200,3335,302,200,0,47,27,3,0,0
533,mild_drift,1.0,1.0672924518585205,0.5985585451126099,55,204,4279,497,204,0,15,15,25,0,0
534,mild_drift,1.0,0.860392689704895,0.42961764335632324,88,200,3151,288,200,0,48,30,10,0,0
535,mild_drift,0.6,0.7879360914230347,0.5344176292419434,113,206,4607,505,206,0,48,47,18,0,0
536,mild_drift,0.8,0.8573651313781738,0.5848950743675232,87,209,4607,565,209,0,32,30,25,0,0
537,mild_drift,0.9,1.0833423137664795,0.4939621686935425,78,200,4054,422,200,0,31,25,22,0,0
538,mild_drift,0.8,0.9781861901283264,0.48928093910217285,88,200,3779,403,200,0,48,24,16,0,0
539,mild_drift,0.9,0.8913258910179138,0.6336487531661987,77,202,3867,360,202,0,32,29,16,0,0
540,mild_drift,1.0,0.7402375340461731,0.4815852642059326,40,200,3988,379,200,0,16,14,10,0,0
541,mild_drift,1.0,0.9607735276222229,0.5671758651733398,158,200,4275,483,200,0,64,59,35,0,0
542,mild_drift,0.9,0.768183708190918,0.4328988790512085,98,200,3669,385,200,0,62,26,10,0,0
543,mild_drift,1.0,0.7871382236480713,0.5696240663528442,76,202,2834,307,202,0,48,25,3,0,0
544,mild_drift,1.0,0.9905513525009155,0.4466322660446167,108,203,3552,261,203,0,32,56,20,0,0
545,mild_drift,0.9,0.9179815053939819,0.6352298259735107,80,202,3867,523,202,0,31,16,33,0,0
546,mild_drift,0.8,0.8873045444488525,0.5390887260437012,104,201,4503,493,201,0,32,48,24,0,0
547,mild_drift,1.0,0.8892998695373535,0.531386137008667,87,200,3360,340,200,0,16,47,24,0,0
548,mild_drift,1.0,0.8983139991760254,0.41723209619522095,62,200,3793,383,200,0,16,26,20,0,0
549,mild_drift,1.0,0.8613632917404175,0.722469687461853,44,202,3317,325,202,0,16,25,3,0,0
550,mild_drift,0.4,0.8402743935585022,0.6086456775665283,103,217,5152,552,217,0,64,16,23,0,0
551,mild_drift,0.7,0.902955174446106,0.5993210673332214,85,202,4412,495,202,0,32,30,23,0,0
552,mild_drift,1.0,0.8901506066322327,0.522472620010376,55,200,3537,361,200,0,31,14,10,0,0
553,mild_drift,0.9,0.9194883704185486,0.5096690654754639,83,200,3650,362,200,0,48,11,24,0,0
554,mild_drift,0.8,0.8669202923774719,0.6300299167633057,71,203,4312,613,203,0,31,15,25,0,0
555,mild_drift,0.5,0.9885484576225281,0.689753532409668,46,205,4765,591,205,0,16,21,9,0,0
556,mild_drift,0.9,0.9284911155700684,0.5660234689712524,92,202,3882,465,202,0,48,16,28,0,0
557,mild_drift,0.8,0.7899585962295532,0.5553200840950012,80,204,4205,544,204,0,32,30,18,0,0
558,mild_drift,1.0,0.9752857089042664,0.40211766958236694,56,201,3712,271,201,0,16,30,10,0,0
559,mild_drift,0.9,0.993591845035553,0.5499906539916992,71,200,4626,528,200,0,16,45,10,0,0
560,mild_drift,1.0,0.8875932097434998,0.5403788089752197,127,204,1866,313,204,0,16,93,18,0,0
561,mild_drift,1.0,0.8607843518257141,0.49550360441207886,97,202,3682,384,202,0,48,31,18,0,0
562,mild_drift,0.7,0.7053682804107666,0.677217960357666,48,205,4448,546,205,0,32,13,3,0,0
563,mild_drift,1.0,0.9146851301193237,0.8278969526290894,69,207,2688,332,207,0,16,45,8,0,0
564,mild_drift,1.0,0.9587699770927429,0.4214845895767212,104,200,2775,278,200,0,32,56,16,0,0
565,mild_drift,1.0,0.8286609053611755,0.46870601177215576,50,200,3427,350,200,0,16,16,18,0,0
566,mild_drift,0.8,0.8671180009841919,0.5050613284111023,70,200,3921,341,200,0,32,28,10,0,0
567,mild_drift,1.0,0.9091701507568359,0.4291084408760071,97,202,3744,292,202,0,16,44,37,0,0
568,mild_drift,0.8,0.7457150220870972,0.5751532316207886,50,200,4663,501,200,0,16,16,18,0,0
569,mild_drift,0.8,0.7801614999771118,0.45359671115875244,109,204,4255,394,204,0,47,42,20,0,0
570,mild_drift,1.0,0.8459755182266235,0.6860230565071106,45,201,2869,316,201,0,16,26,3,0,0
571,mild_drift,0.7,0.9973103404045105,0.5606443285942078,104,207,4898,611,207,0,80,14,10,0,0
572,mild_drift,1.0,0.9664492607116699,0.5767275094985962,104,201,2394,306,201,0,48,31,25,0,0
573,mild_drift,1.0,1.0224934816360474,0.4138672947883606,110,201,3592,303,201,0,64,26,20,0,0
574,mild_drift,0.7,1.0120362043380737,0.5792962908744812,148,200,4450,563,200,0,64,59,25,0,0
575,mild_drift,0.7,0.9025643467903137,0.5911593437194824,67,208,4907,587,208,0,16,38,13,0,0
576,mild_drift,1.0,0.8932316303253174,0.6355887055397034,72,201,3582,469,201,0,32,30,10,0,0
577,mild_drift,1.0,0.9790962934494019,0.45376056432724,79,200,3998,416,200,0,47,16,16,0,0
578,mild_drift,1.0,0.9394918084144592,0.5140116214752197,50,200,2896,382,200,0,16,25,9,0,0
579,mild_drift,0.5,0.8409369587898254,0.6579159498214722,83,207,4784,590,207,0,16,29,38,0,0
580,mild_drift,1.0,0.9539443850517273,0.6194884777069092,55,202,3931,452,202,0,16,13,26,0,0
581,mild_drift,1.0,0.7832420468330383,0.4824174642562866,95,200,3973,417,200,0,61,16,18,0,0
582,mild_drift,1.0,0.9341446757316589,0.4147692918777466,88,200,2938,297,200,0,30,27,31,0,0
583,mild_drift,0.8,0.8438013792037964,0.5588957667350769,85,203,4089,440,203,0,32,43,10,0,0
584,mild_drift,0.9,0.8714783191680908,0.5551034212112427,69,201,4081,350,201,0,16,43,10,0,0
585,mild_drift,1.0,0.8480837345123291,0.5365198254585266,84,200,3635,380,200,0,16,58,10,0,0
586,mild_drift,0.9,0.8945063352584839,0.45637303590774536,61,200,3525,430,200,0,32,14,15,0,0
587,mild_drift,0.9,0.926807701587677,0.5141506195068359,78,200,4197,509,200,0,32,28,18,0,0
588,mild_drift,1.0,1.0223833322525024,0.6755210161209106,57,204,3231,294,204,0,16,14,27,0,0
589,mild_drift,0.3,1.0009337663650513,0.6213560104370117,73,204,4723,585,204,0,48,10,15,0,0
590,mild_drift,1.0,0.9180192351341248,0.6438919305801392,56,202,2431,293,202,0,16,30,10,0,0
591,mild_drift,0.5,0.9106590747833252,0.6615618467330933,78,207,4649,565,207,0,46,16,16,0,0
592,mild_drift,1.0,1.030060887336731,0.720799446105957,104,203,1498,238,203,0,80,14,10,0,0
593,mild_drift,0.5,0.8752194046974182,0.752343475818634,46,201,3567,493,201,0,16,27,3,0,0
594,mild_drift,1.0,0.8690276145935059,0.5387861728668213,80,201,3503,241,201,0,16,46,18,0,0
595,mild_drift,1.0,0.9948011040687561,0.5143066644668579,57,201,4052,434,201,0,16,26,15,0,0
596,mild_drift,1.0,1.0337094068527222,0.5530858039855957,92,203,4383,465,203,0,47,14,31,0,0
597,mild_drift,1.0,0.9183306694030762,0.5900148153305054,68,204,3682,494,204,0,15,43,10,0,0
598,mild_drift,0.8,0.9966917634010315,0.6100972890853882,77,204,4732,586,204,0,32,29,16,0,0
599,mild_drift,1.0,1.1606485843658447,0.7260022759437561,74,202,3422,394,202,0,16,32,26,0,0
600,mild_drift,1.0,0.8874615430831909,0.6441465616226196,81,206,3377,378,206,0,32,16,33,0,0
601,mild_drift,1.0,1.0834457874298096,0.77544105052948,66,207,1957,300,207,0,14,29,23,0,0
602,mild_drift,0.7,0.6789259910583496,0.5969760417938232,47,201,4306,466,201,0,16,28,3,0,0
603,mild_drift,1.0,1.0751385688781738,0.569765031337738,64,200,4176,462,200,0,15,31,18,0,0
604,mild_drift,1.0,1.0220649242401123,0.26559269428253174,121,200,996,109,200,0,86,10,25,0,0
605,mild_drift,1.0,0.817979097366333,0.4787789583206177,56,201,4080,440,201,0,16,30,10,0,0
606,mild_drift,0.5,0.7630804181098938,0.629738450050354,66,202,4708,511,202,0,32,16,18,0,0
607,mild_drift,1.0,1.0817753076553345,0.2996363639831543,77,200,1562,133,200,0,31,33,13,0,0
608,mild_drift,0.6,0.8901915550231934,0.5420066714286804,73,200,4376,534,200,0,16,26,31,0,0
609,mild_drift,0.9,1.0505943298339844,0.49878764152526855,40,200,4174,488,200,0,16,14,10,0,0
610,mild_drift,1.0,0.9086681008338928,0.3703804612159729,74,200,2395,271,200,0,9,45,20,0,0
611,mild_drift,1.0,0.8997649550437927,0.5608679056167603,86,200,4058,374,200,0,16,60,10,0,0
612,mild_drift,0.9,0.9235328435897827,0.605650007724762,132,203,4638,580,203,0,32,90,10,0,0
613,mild_drift,1.0,0.8277584314346313,0.6973040103912354,48,204,3247,410,204,0,15,25,8,0,0
614,mild_drift,0.6,1.0039230585098267,0.5737367868423462,98,207,4765,554,207,0,46,42,10,0,0
615,mild_drift,1.0,0.9869066476821899,0.38056325912475586,86,200,3005,273,200,0,32,41,13,0,0
616,mild_drift,1.0,0.8184901475906372,0.7018072605133057,69,204,3183,495,204,0,32,29,8,0,0
617,mild_drift,0.4,0.8520392179489136,0.6171388626098633,60,203,4673,573,203,0,16,27,17,0,0
618,mild_drift,1.0,1.0095208883285522,0.4187086820602417,84,200,3665,343,200,0,48,26,10,0,0
619,mild_drift,0.9,0.8053607940673828,0.4949178695678711,55,200,4566,499,200,0,16,29,10,0,0
620,mild_drift,1.0,0.76710045337677,0.43749725818634033,55,204,3912,329,204,0,16,14,25,0,0
621,mild_drift,1.0,0.9417336583137512,0.5739149451255798,60,200,3557,405,200,0,16,27,17,0,0
622,mild_drift,1.0,0.8793758153915405,0.6166045069694519,82,208,4566,486,208,0,48,16,18,0,0
623,mild_drift,0.9,0.9677320122718811,0.6666302680969238,73,209,3469,470,209,0,16,42,15,0,0
624,mild_drift,1.0,0.9265602231025696,0.47841984033584595,84,200,3447,332,200,0,32,44,8,0,0
625,mild_drift,1.0,0.8166060447692871,0.5296885371208191,97,200,3252,381,200,0,32,47,18,0,0
626,mild_drift,0.9,0.8788432478904724,0.5620102882385254,98,200,4350,468,200,0,64,16,18,0,0
627,mild_drift,0.9,1.0108107328414917,0.48966842889785767,106,200,3368,422,200,0,60,26,20,0,0
628,mild_drift,0.9,0.7301390171051025,0.47457897663116455,65,200,4380,483,200,0,16,31,18,0,0
629,mild_drift,1.0,1.1987712383270264,0.6334166526794434,80,202,1531,193,202,0,48,16,16,0,0
630,mild_drift,1.0,1.0742243528366089,0.5582572817802429,98,200,3798,417,200,0,63,14,21,0,0
631,mild_drift,0.6,0.8758493661880493,0.45651066303253174,136,200,4303,474,200,0,80,32,24,0,0
632,mild_drift,1.0,0.7753324508666992,0.3814508318901062,94,200,2522,227,200,0,78,13,3,0,0
633,mild_drift,1.0,0.8172401785850525,0.5587871670722961,72,201,3903,373,201,0,32,30,10,0,0
634,mild_drift,1.0,0.7459944486618042,0.4303429126739502,120,200,3602,377,200,0,64,27,29,0,0
635,mild_drift,0.8,1.0249989032745361,0.7379864454269409,50,204,4333,557,204,0,16,16,18,0,0
636,mild_drift,1.0,1.114255428314209,0.6621643304824829,77,202,3191,364,202,0,45,16,16,0,0
637,mild_drift,1.0,0.9923582077026367,0.3344147801399231,92,200,2914,223,200,0,46,30,16,0,0
638,mild_drift,1.0,1.050141453742981,0.7315144538879395,101,209,3061,426,209,0,63,28,10,0,0
639,mild_drift,0.9,0.7711573839187622,0.48909950256347656,114,200,4119,379,200,0,78,26,10,0,0
640,mild_drift,1.0,0.9366872310638428,0.6570706367492676,74,203,3011,284,203,0,32,26,16,0,0
641,mild_drift,1.0,1.026806354522705,0.5329289436340332,133,200,3172,343,200,0,80,31,22,0,0
642,mild_drift,0.8,0.7768508195877075,0.5020397901535034,66,201,4493,481,201,0,32,16,18,0,0
643,mild_drift,1.0,1.030153512954712,0.6134576797485352,49,201,3300,339,201,0,9,30,10,0,0
644,mild_drift,1.0,0.8689345121383667,0.4526951313018799,65,200,4616,470,200,0,16,41,8,0,0
645,mild_drift,1.0,0.7264576554298401,0.5172220468521118,84,200,3203,464,200,0,48,16,20,0,0
646,mild_drift,1.0,0.8844613432884216,0.5022113919258118,89,200,3554,347,200,0,32,41,16,0,0
647,mild_drift,0.8,0.8524796962738037,0.564925491809845,72,202,4619,580,202,0,16,46,10,0,0
648,mild_drift,0.9,0.8895594477653503,0.5894409418106079,64,202,4463,541,202,0,32,16,16,0,0
649,mild_drift,0.5,0.8001002073287964,0.7098934650421143,82,208,4325,536,208,0,32,32,18,0,0
650,mild_drift,0.9,0.9462687969207764,0.6951513290405273,63,204,4202,548,204,0,32,28,3,0,0
651,mild_drift,0.9,0.9859585762023926,0.5619678497314453,50,203,4206,532,203,0,16,16,18,0,0
652,mild_drift,1.0,0.8068400621414185,0.6486186981201172,49,204,3816,495,204,0,16,24,9,0,0
653,mild_drift,1.0,0.8991177082061768,0.5216885805130005,99,204,4470,393,204,0,47,29,23,0,0
654,mild_drift,0.7,0.8294330835342407,0.5383510589599609,117,201,4361,462,201,0,16,78,23,0,0
655,mild_drift,0.8,1.0873627662658691,0.6265743374824524,60,204,4748,530,204,0,16,15,29,0,0
656,mild_drift,1.0,1.0372871160507202,0.6902790665626526,89,201,3104,275,201,0,47,14,28,0,0
657,mild_drift,1.0,0.7731197476387024,0.7731197476387024,32,206,4227,486,206,0,16,13,3,0,0
658,mild_drift,0.7,0.8153733015060425,0.5569592118263245,84,201,4332,433,201,0,48,26,10,0,0
659,mild_drift,1.0,1.0551695823669434,0.5563561320304871,80,200,3877,354,200,0,48,16,16,0,0
660,mild_drift,1.0,1.015821933746338,0.4980941414833069,60,200,2804,210,200,0,30,22,8,0,0
661,mild_drift,0.6,0.8572766780853271,0.5839447975158691,70,204,4110,425,204,0,16,44,10,0,0
662,mild_drift,1.0,0.9255586862564087,0.5897988080978394,63,201,3564,393,201,0,32,13,18,0,0
663,mild_drift,0.9,0.7686683535575867,0.6721131801605225,62,207,4591,640,207,0,14,45,3,0,0
664,mild_drift,1.0,0.9932352900505066,0.6335662007331848,46,200,2620,355,200,0,16,15,15,0,0
665,mild_drift,0.5,0.7728426456451416,0.7728426456451416,32,205,4482,587,205,0,16,13,3,0,0
666,mild_drift,1.0,0.8207462430000305,0.5240615606307983,87,200,3206,305,200,0,32,29,26,0,0
667,mild_drift,0.5,0.8757610321044922,0.5739015340805054,107,200,4344,575,200,0,48,28,31,0,0
668,mild_drift,1.0,0.8062835335731506,0.31307166814804077,98,200,3300,284,200,0,64,16,18,0,0
669,mild_drift,1.0,0.9773534536361694,0.6505216956138611,62,206,3531,448,206,0,16,30,16,0,0
670,mild_drift,0.5,0.8143114447593689,0.5979117751121521,69,204,4877,604,204,0,16,43,10,0,0
671,mild_drift,0.9,0.933706521987915,0.49307453632354736,79,200,4229,530,200,0,32,29,18,0,0
672,mild_drift,1.0,0.9032316207885742,0.5600095987319946,79,201,3866,478,201,0,44,25,10,0,0
673,mild_drift,0.9,0.8411543369293213,0.5846081376075745,61,201,3277,389,201,0,16,30,15,0,0
674,mild_drift,1.0,0.9859091639518738,0.41468918323516846,103,200,3597,423,200,0,48,30,25,0,0
675,mild_drift,1.0,0.7509585618972778,0.6362923383712769,60,201,4184,416,201,0,32,25,3,0,0
676,mild_drift,0.9,0.8766201138496399,0.5069929361343384,103,201,3947,507,201,0,48,30,25,0,0
677,mild_drift,1.0,0.8302199840545654,0.4736384153366089,102,205,3865,405,205,0,64,28,10,0,0
678,mild_drift,1.0,0.7798752784729004,0.5219780802726746,90,200,3485,353,200,0,62,25,3,0,0
679,mild_drift,1.0,0.8351733088493347,0.6028167009353638,89,203,4427,474,203,0,32,41,16,0,0
680,mild_drift,0.9,0.9174411296844482,0.5215681791305542,82,202,4019,472,202,0,45,14,23,0,0
681,mild_drift,0.8,1.0495356321334839,0.6127252578735352,78,202,4378,538,202,0,32,30,16,0,0
682,mild_drift,1.0,0.9352436065673828,0.5002331733703613,62,201,3599,394,201,0,16,28,18,0,0
683,mild_drift,1.0,0.9811323881149292,0.47731900215148926,80,202,3406,327,202,0,32,32,16,0,0
684,mild_drift,1.0,0.9929840564727783,0.5847734212875366,101,201,3480,340,201,0,32,45,24,0,0
685,mild_drift,0.7,0.8468054533004761,0.5834641456604004,81,200,3155,383,200,0,41,30,10,0,0
686,mild_drift,1.0,0.9631237983703613,0.4331669807434082,64,200,2861,221,200,0,32,16,16,0,0
687,mild_drift,1.0,0.957822322845459,0.45544523000717163,85,200,3339,338,200,0,16,59,10,0,0
688,mild_drift,1.0,0.7903793454170227,0.5728592872619629,55,201,3075,308,201,0,31,14,10,0,0
689,mild_drift,1.0,0.9186967611312866,0.7077379822731018,36,205,3841,472,205,0,15,13,8,0,0
690,mild_drift,1.0,0.8969923257827759,0.5674192905426025,81,200,3308,350,200,0,16,56,9,0,0
691,mild_drift,1.0,0.8946559429168701,0.5674434304237366,50,202,4541,559,202,0,16,12,22,0,0
692,mild_drift,1.0,0.7677572965621948,0.5456048846244812,88,202,3545,423,202,0,31,54,3,0,0
693,mild_drift,1.0,0.8231534957885742,0.41880398988723755,64,200,3673,289,200,0,30,16,18,0,0
694,mild_drift,1.0,1.0987699031829834,0.6451212167739868,88,200,3222,266,200,0,16,59,13,0,0
695,mild_drift,0.6,0.8808911442756653,0.6143433451652527,70,201,4531,555,201,0,16,44,10,0,0
696,mild_drift,1.0,0.8878950476646423,0.5251637697219849,62,200,3639,308,200,0,16,28,18,0,0
697,mild_drift,1.0,0.8793367147445679,0.701280951499939,60,215,3187,536,215,0,16,41,3,0,0
698,mild_drift,1.0,0.8450078368186951,0.5995317101478577,41,201,3311,287,201,0,16,10,15,0,0
699,mild_drift,1.0,0.9193577170372009,0.5742967128753662,98,200,3258,316,200,0,64,16,18,0,0
700,mild_drift,1.0,0.8947749137878418,0.6758848428726196,54,208,4050,537,208,0,16,28,10,0,0
701,mild_drift,1.0,0.8204357624053955,0.646507978439331,52,202,2404,320,202,0,16,26,10,0,0
702,mild_drift,1.0,0.817626953125,0.5363996028900146,94,202,3091,350,202,0,13,63,18,0,0
703,mild_drift,1.0,0.8222520351409912,0.4499109387397766,102,200,3859,389,200,0,78,14,10,0,0
704,mild_drift,0.6,0.9377840161323547,0.5777124166488647,94,200,4582,534,200,0,64,21,9,0,0
705,mild_drift,1.0,0.8304115533828735,0.3561376929283142,107,202,3971,387,202,0,48,41,18,0,0
706,mild_drift,0.3,0.8629066944122314,0.5673737525939941,82,207,4757,603,207,0,46,16,20,0,0
707,mild_drift,0.7,1.05263352394104,0.6584454774856567,76,211,4354,599,211,0,15,29,32,0,0
708,mild_drift,1.0,0.7319537401199341,0.6146029233932495,72,204,4077,466,204,0,32,30,10,0,0
709,mild_drift,1.0,0.9913840889930725,0.5123470425605774,61,202,3525,360,202,0,16,25,20,0,0
710,mild_drift,1.0,0.8610296249389648,0.468960165977478,116,200,4284,460,200,0,48,45,23,0,0
711,mild_drift,0.9,0.931026041507721,0.6562114953994751,129,200,3982,428,200,0,79,40,10,0,0
712,mild_drift,0.8,0.795123815536499,0.6382256746292114,92,208,4618,555,208,0,32,57,3,0,0
713,mild_drift,1.0,0.9058144092559814,0.7707493305206299,44,204,1531,247,204,0,16,25,3,0,0
714,mild_drift,0.9,0.9453286528587341,0.667579174041748,86,200,3573,394,200,0,30,53,3,0,0
715,mild_drift,1.0,0.7634924054145813,0.5260728597640991,114,201,4020,312,201,0,32,64,18,0,0
716,mild_drift,1.0,1.089690089225769,0.5500328540802002,58,204,3646,422,204,0,16,16,26,0,0
717,mild_drift,0.9,0.8825289011001587,0.5282012820243835,80,200,4184,417,200,0,44,26,10,0,0
718,mild_drift,1.0,0.7963659167289734,0.43403929471969604,52,200,3318,430,200,0,16,26,10,0,0
719,mild_drift,0.9,0.8398574590682983,0.6074109077453613,70,210,3554,580,210,0,31,29,10,0,0
720,mild_drift,1.0,0.9995735287666321,0.5411934852600098,98,203,4151,469,203,0,48,26,24,0,0
721,mild_drift,1.0,0.9935785531997681,0.4847409129142761,97,200,2343,250,200,0,42,47,8,0,0
722,mild_drift,0.3,0.9960269331932068,0.6083317399024963,78,201,4502,514,201,0,16,44,18,0,0
723,mild_drift,1.0,0.9141030311584473,0.6698434352874756,75,205,4256,515,205,0,32,40,3,0,0
724,mild_drift,1.0,0.8566634654998779,0.4788416028022766,104,200,3948,392,200,0,64,30,10,0,0
725,mild_drift,0.7,0.9475797414779663,0.5340293645858765,52,210,4902,620,210,0,16,28,8,0,0
726,mild_drift,1.0,0.7851255536079407,0.5901707410812378,40,201,3426,411,201,0,16,14,10,0,0
727,mild_drift,0.8,0.8312967419624329,0.6173114776611328,79,205,4663,493,205,0,32,38,9,0,0
728,mild_drift,1.0,0.8475486636161804,0.6026679873466492,119,204,3556,358,204,0,47,69,3,0,0
729,mild_drift,1.0,0.9239633083343506,0.6004814505577087,64,201,3922,421,201,0,32,16,16,0,0
730,mild_drift,1.0,0.8286728858947754,0.47905611991882324,56,200,4089,425,200,0,16,30,10,0,0
731,mild_drift,1.0,0.7574155926704407,0.6002947092056274,103,214,4097,548,214,0,43,57,3,0,0
732,mild_drift,1.0,0.8164262771606445,0.41542065143585205,50,200,3084,295,200,0,16,16,18,0,0
733,mild_drift,1.0,0.900886058807373,0.666266918182373,120,201,3363,406,201,0,48,69,3,0,0
734,mild_drift,0.8,1.0253996849060059,0.6884418725967407,55,202,4331,591,202,0,16,13,26,0,0
735,mild_drift,1.0,0.813540518283844,0.5180444717407227,121,200,3199,295,200,0,80,16,25,0,0
736,mild_drift,1.0,0.8342166543006897,0.5393656492233276,69,204,3984,425,204,0,32,29,8,0,0
737,mild_drift,0.9,0.8987011313438416,0.5573512315750122,59,201,4105,455,201,0,16,13,30,0,0
738,mild_drift,0.9,0.7264355421066284,0.48269981145858765,71,200,4075,419,200,0,31,29,11,0,0
739,mild_drift,0.8,1.0733747482299805,0.6484090685844421,69,210,4584,615,210,0,16,30,23,0,0
740,mild_drift,0.6,0.9622964859008789,0.6062301397323608,77,211,4389,586,211,0,16,43,18,0,0
741,mild_drift,0.6,1.0201972723007202,0.5813382267951965,69,205,4528,575,205,0,16,30,23,0,0
742,mild_drift,0.7,0.7466763257980347,0.5818394422531128,102,205,4903,594,205,0,64,28,10,0,0
743,mild_drift,1.0,0.8565596342086792,0.5612208247184753,57,201,4424,516,201,0,16,16,25,0,0
744,mild_drift,1.0,0.9386508464813232,0.4677767753601074,132,201,4217,361,201,0,47,75,10,0,0
745,mild_drift,0.9,0.9062259793281555,0.5271251797676086,103,200,4484,501,200,0,32,46,25,0,0
746,mild_drift,0.9,0.9056187272071838,0.6513956785202026,67,201,4094,443,201,0,16,31,20,0,0
747,mild_drift,1.0,0.723315417766571,0.31951403617858887,72,200,2091,230,200,0,16,46,10,0,0
748,mild_drift,1.0,0.968931257724762,0.6164425611495972,66,204,2138,257,204,0,16,32,18,0,0
749,mild_drift,0.7,0.9769929647445679,0.556045651435852,87,204,4254,533,204,0,48,14,25,0,0
750,mild_drift,1.0,0.7261998653411865,0.24316495656967163,106,200,1994,236,200,0,28,75,3,0,0
751,mild_drift,0.7,0.9518663883209229,0.4843258857727051,133,201,4631,481,201,0,48,62,23,0,0
752,mild_drift,0.9,0.9053952693939209,0.5350390672683716,78,202,4324,509,202,0,32,30,16,0,0
753,mild_drift,1.0,0.7439619302749634,0.4055701494216919,72,202,3633,297,202,0,32,30,10,0,0
754,mild_drift,1.0,1.0978126525878906,0.7320146560668945,76,215,3932,457,215,0,32,35,9,0,0
755,mild_drift,1.0,0.9931305646896362,0.4759775996208191,149,200,3284,303,200,0,64,55,30,0,0
756,mild_drift,1.0,0.8540492653846741,0.21406316757202148,97,200,2303,283,200,0,57,30,10,0,0
757,mild_drift,1.0,0.8650631308555603,0.5603539943695068,85,200,4440,524,200,0,32,43,10,0,0
758,mild_drift,0.9,0.9129514098167419,0.5956790447235107,97,201,4140,444,201,0,31,56,10,0,0
759,mild_drift,0.6,0.7529717087745667,0.5462585687637329,44,218,5109,633,218,0,16,15,13,0,0
760,mild_drift,1.0,0.993781566619873,0.6782058477401733,57,215,4338,650,215,0,16,26,15,0,0
761,mild_drift,1.0,0.7765634655952454,0.30546677112579346,95,200,3192,329,200,0,32,54,9,0,0
762,mild_drift,1.0,0.9448562860488892,0.5156877040863037,90,201,3125,306,201,0,32,39,19,0,0
763,mild_drift,1.0,0.8103466033935547,0.3326718211174011,87,200,1535,167,200,0,16,68,3,0,0
764,mild_drift,0.2,0.9695956110954285,0.5673452019691467,73,201,4707,597,201,0,48,10,15,0,0
765,mild_drift,0.7,0.9966642260551453,0.5240460634231567,61,200,4077,557,200,0,16,30,15,0,0
766,mild_drift,1.0,0.8415013551712036,0.5722343921661377,129,200,3783,373,200,0,64,47,18,0,0
767,mild_drift,1.0,0.9273899793624878,0.42635637521743774,109,200,2790,300,200,0,61,24,24,0,0
768,mild_drift,1.0,1.0968400239944458,0.5925787687301636,66,204,2295,332,204,0,16,28,22,0,0
769,mild_drift,1.0,0.8448519706726074,0.33164817094802856,107,201,3772,337,201,0,64,40,3,0,0
770,mild_drift,1.0,1.0421442985534668,0.6762468218803406,91,205,3789,399,205,0,48,15,28,0,0
771,mild_drift,1.0,1.072283387184143,0.6274266839027405,64,204,4193,565,204,0,13,29,22,0,0
772,mild_drift,1.0,0.8662928938865662,0.4551457166671753,104,201,3104,306,201,0,32,62,10,0,0
773,mild_drift,0.8,0.7905092239379883,0.4954816699028015,82,200,4545,525,200,0,48,16,18,0,0
774,mild_drift,1.0,0.8442258834838867,0.5031877756118774,81,202,3664,318,202,0,31,15,35,0,0
775,mild_drift,1.0,0.7608397006988525,0.2704915404319763,88,200,2908,287,200,0,64,14,10,0,0
776,mild_drift,1.0,0.8784017562866211,0.5028106570243835,86,202,3170,265,202,0,32,44,10,0,0
777,mild_drift,0.7,0.8452040553092957,0.6643747687339783,74,216,4784,534,216,0,16,55,3,0,0
778,mild_drift,1.0,1.006805181503296,0.5531818270683289,96,200,2675,269,200,0,57,14,25,0,0
779,mild_drift,1.0,0.9399702548980713,0.5037146806716919,92,200,3957,425,200,0,32,42,18,0,0
780,mild_drift,0.9,0.7244381904602051,0.5657958984375,66,201,4633,530,201,0,32,16,18,0,0
781,mild_drift,1.0,0.9582439661026001,0.5672324895858765,72,200,3923,397,200,0,32,13,27,0,0
782,mild_drift,0.7,0.8467312455177307,0.5896604657173157,53,205,4657,587,205,0,16,14,23,0,0
783,mild_drift,0.8,0.9027600884437561,0.5469367504119873,95,202,4123,436,202,0,63,16,16,0,0
784,mild_drift,0.8,0.9825453758239746,0.547526478767395,102,200,4506,590,200,0,62,30,10,0,0
785,mild_drift,1.0,1.0138413906097412,0.5570555925369263,73,200,3509,395,200,0,32,26,15,0,0
786,mild_drift,0.9,0.9819496273994446,0.4833621382713318,103,200,4374,496,200,0,32,45,26,0,0
787,mild_drift,1.0,0.862428605556488,0.5675725936889648,72,201,3877,375,201,0,16,46,10,0,0
788,mild_drift,1.0,0.9141100645065308,0.5509644150733948,68,200,3920,327,200,0,16,28,24,0,0
789,mild_drift,1.0,0.98040372133255,0.3849186301231384,74,200,3329,310,200,0,32,16,26,0,0
790,mild_drift,0.7,0.7609888911247253,0.6126434206962585,99,201,4346,488,201,0,44,45,10,0,0
791,mild_drift,0.8,0.75364089012146,0.6310505867004395,64,204,4609,532,204,0,48,13,3,0,0
792,mild_drift,1.0,1.0427157878875732,0.5912265777587891,82,200,3209,334,200,0,16,56,10,0,0
793,mild_drift,0.9,0.9403510093688965,0.6224713325500488,96,208,4526,672,208,0,48,32,16,0,0
794,mild_drift,0.7,0.8062300086021423,0.4375183582305908,81,200,3933,452,200,0,41,30,10,0,0
795,mild_drift,1.0,0.9902482032775879,0.6055532097816467,64,201,3594,362,201,0,16,32,16,0,0
796,mild_drift,1.0,0.802381694316864,0.41328859329223633,97,201,3479,298,201,0,32,31,34,0,0
797,mild_drift,0.4,0.9291567206382751,0.5762806534767151,82,200,4271,453,200,0,31,36,15,0,0
798,mild_drift,0.4,0.9568139910697937,0.6153898239135742,68,206,4994,633,206,0,47,13,8,0,0
799,mild_drift,1.0,0.7104368209838867,0.5566896796226501,57,202,3212,399,202,0,13,41,3,0,0
800,mild_drift,1.0,0.8155617713928223,0.41519463062286377,103,200,3317,276,200,0,63,30,10,0,0
801,mild_drift,0.9,0.8631998300552368,0.3993038535118103,110,201,3960,426,201,0,58,42,10,0,0
802,mild_drift,1.0,1.0162379741668701,0.527010977268219,135,201,3295,352,201,0,95,30,10,0,0
803,mild_drift,1.0,0.7677070498466492,0.5041002631187439,104,200,3383,345,200,0,48,46,10,0,0
804,mild_drift,1.0,0.9157845973968506,0.7147619724273682,81,202,2892,292,202,0,32,41,8,0,0
805,mild_drift,0.7,0.8089501857757568,0.6305680871009827,52,202,4321,565,202,0,16,12,24,0,0
806,mild_drift,0.8,0.8874517679214478,0.6261703968048096,76,209,4475,508,209,0,16,47,13,0,0
807,mild_drift,1.0,0.7893291115760803,0.5478256940841675,82,200,3835,369,200,0,16,58,8,0,0
808,mild_drift,1.0,1.0459625720977783,0.6718869209289551,95,202,3473,365,202,0,24,46,25,0,0
809,mild_drift,1.0,0.8809041976928711,0.6886197328567505,40,208,3874,514,208,0,16,14,10,0,0
810,mild_drift,0.9,0.8201439380645752,0.5286555290222168,89,201,4463,445,201,0,32,42,15,0,0
811,mild_drift,1.0,0.8519558310508728,0.4376363754272461,97,200,3756,369,200,0,32,29,36,0,0
812,mild_drift,0.8,0.8109151124954224,0.6120749115943909,104,202,4575,547,202,0,32,62,10,0,0
813,mild_drift,1.0,1.0476614236831665,0.5628784894943237,118,200,2966,284,200,0,63,45,10,0,0
814,mild_drift,1.0,0.8035491108894348,0.5712591409683228,70,202,2568,273,202,0,32,28,10,0,0
815,mild_drift,0.9,0.8707194924354553,0.6456624269485474,69,204,4629,552,204,0,16,45,8,0,0
816,mild_drift,0.9,0.8491168022155762,0.5819869041442871,75,200,4310,445,200,0,16,32,27,0,0
817,mild_drift,0.8,0.8746052980422974,0.5785125494003296,85,204,4494,605,204,0,46,14,25,0,0
818,mild_drift,1.0,0.9554418921470642,0.5182826519012451,85,201,4651,546,201,0,32,43,10,0,0
819,mild_drift,1.0,0.9532999992370605,0.5233545303344727,93,200,3593,331,200,0,48,25,20,0,0
820,mild_drift,1.0,0.9914931058883667,0.23938333988189697,71,200,3749,339,200,0,16,31,24,0,0
821,mild_drift,1.0,0.9440914392471313,0.4230723977088928,56,207,4188,343,207,0,32,14,10,0,0
822,mild_drift,0.7,0.9492285847663879,0.5526994466781616,82,210,4433,605,210,0,48,16,18,0,0
823,mild_drift,0.4,0.9843961000442505,0.6729258298873901,107,224,5118,590,224,0,16,61,30,0,0
824,mild_drift,1.0,0.8416932821273804,0.5236231088638306,72,200,3898,397,200,0,16,46,10,0,0
825,mild_drift,0.8,0.9116709232330322,0.5947245955467224,81,213,4495,605,213,0,16,45,20,0,0
826,mild_drift,0.8,0.9384339451789856,0.509581446647644,81,200,4765,478,200,0,32,31,18,0,0
827,mild_drift,1.0,1.111245036125183,0.71482253074646,72,204,2137,304,204,0,13,46,13,0,0
828,mild_drift,0.7,0.9608609676361084,0.5610547661781311,73,201,4684,525,201,0,48,10,15,0,0
829,mild_drift,0.8,0.8413060903549194,0.6062682271003723,72,202,4677,579,202,0,16,46,10,0,0
830,mild_drift,1.0,0.922484278678894,0.5093878507614136,113,200,3129,257,200,0,48,57,8,0,0
831,mild_drift,0.9,0.8791046738624573,0.645950198173523,104,204,3078,378,204,0,16,70,18,0,0
832,mild_drift,1.0,0.7383509278297424,0.5951592922210693,79,206,4076,453,206,0,32,44,3,0,0
833,mild_drift,0.7,0.9465649724006653,0.5960984230041504,98,200,4263,496,200,0,48,28,22,0,0
834,mild_drift,1.0,0.8502435088157654,0.5449143052101135,113,203,3790,419,203,0,48,47,18,0,0
835,mild_drift,1.0,0.9533389210700989,0.4481583833694458,82,201,3484,356,201,0,58,14,10,0,0
836,mild_drift,1.0,0.8055446147918701,0.4547780156135559,80,200,1474,151,200,0,40,37,3,0,0
837,mild_drift,1.0,0.8121335506439209,0.4876388907432556,84,200,4136,454,200,0,32,42,10,0,0
838,mild_drift,0.7,0.997726321220398,0.6594154238700867,87,202,4160,558,202,0,31,30,26,0,0
839,mild_drift,0.7,0.9301242828369141,0.6405168771743774,47,203,4576,565,203,0,16,13,18,0,0
840,mild_drift,1.0,0.774321973323822,0.4747422933578491,104,201,3713,391,201,0,48,46,10,0,0
841,mild_drift,1.0,0.7451951503753662,0.4310902953147888,93,200,2421,283,200,0,64,14,15,0,0
842,mild_drift,0.9,0.9289486408233643,0.711327075958252,65,208,4447,573,208,0,16,31,18,0,0
843,mild_drift,0.9,1.0606677532196045,0.7622853517532349,54,203,3826,472,203,0,14,9,31,0,0
844,mild_drift,0.9,0.8653231859207153,0.446033239364624,82,202,4014,416,202,0,29,30,23,0,0
845,mild_drift,1.0,0.7939010858535767,0.4332154393196106,71,200,3850,351,200,0,16,45,10,0,0
846,mild_drift,1.0,0.875593900680542,0.5191340446472168,95,203,3505,401,203,0,16,47,32,0,0
847,mild_drift,0.6,0.8029745817184448,0.6804171800613403,54,206,4533,576,206,0,16,28,10,0,0
848,mild_drift,0.9,0.8137667179107666,0.4983854293823242,70,201,3908,429,201,0,14,46,10,0,0
849,mild_drift,0.3,1.0348159074783325,0.570278525352478,66,200,4611,600,200,0,16,30,20,0,0
850,mild_drift,1.0,0.8685885667800903,0.4444924592971802,111,201,4435,368,201,0,47,46,18,0,0
851,mild_drift,1.0,0.9715988636016846,0.6471409201622009,67,202,2851,259,202,0,15,39,13,0,0
852,mild_drift,1.0,0.8132303953170776,0.5433510541915894,54,200,3848,334,200,0,16,28,10,0,0
853,mild_drift,0.8,0.8850612640380859,0.6819747686386108,97,203,4384,531,203,0,64,24,9,0,0
854,mild_drift,1.0,0.8953728079795837,0.5490538477897644,94,201,3951,514,201,0,16,75,3,0,0
855,mild_drift,0.9,0.839972198009491,0.43124741315841675,109,200,3293,324,200,0,46,45,18,0,0
856,mild_drift,1.0,0.8650357723236084,0.79566490650177,46,205,3371,530,205,0,16,22,8,0,0
857,mild_drift,0.7,0.979850172996521,0.5888975858688354,71,203,4411,560,203,0,16,30,25,0,0
858,mild_drift,1.0,1.1759203672409058,0.5286872386932373,136,200,3289,320,200,0,46,58,32,0,0
859,mild_drift,0.4,0.7670305371284485,0.6559306979179382,56,201,4816,588,201,0,16,30,10,0,0
860,mild_drift,0.9,0.7048054933547974,0.6167914271354675,57,204,4614,504,204,0,13,41,3,0,0
861,mild_drift,1.0,0.7883655428886414,0.45395129919052124,104,200,3639,345,200,0,16,60,28,0,0
862,mild_drift,1.0,0.8241993188858032,0.44712263345718384,60,200,3265,343,200,0,16,26,18,0,0
863,mild_drift,0.7,1.0336090326309204,0.6218478679656982,71,207,4580,463,207,0,16,31,24,0,0
864,mild_drift,0.8,0.834678053855896,0.5230526328086853,56,202,4247,418,202,0,32,14,10,0,0
865,mild_drift,1.0,0.9930790066719055,0.34012436866760254,98,200,3076,270,200,0,30,60,8,0,0
866,mild_drift,0.9,0.8816061019897461,0.6465528011322021,78,203,4427,508,203,0,32,14,32,0,0
867,mild_drift,1.0,0.8467005491256714,0.5018795728683472,86,200,3894,364,200,0,16,60,10,0,0
868,mild_drift,0.8,0.8011663556098938,0.5892234444618225,73,200,3616,437,200,0,29,26,18,0,0
869,mild_drift,0.6,0.9035228490829468,0.6143602132797241,87,200,4642,545,200,0,32,26,29,0,0
870,mild_drift,0.9,0.8484321236610413,0.5051813721656799,69,200,2701,306,200,0,45,14,10,0,0
871,mild_drift,1.0,0.8223482966423035,0.6041847467422485,94,206,4377,494,206,0,32,53,9,0,0
872,mild_drift,0.9,0.9311838150024414,0.5029544830322266,106,201,3972,460,201,0,48,43,15,0,0
873,mild_drift,0.6,0.87352454662323,0.615132749080658,144,204,4744,547,204,0,63,71,10,0,0
874,mild_drift,1.0,0.8168129324913025,0.4995877146720886,74,212,4043,556,212,0,29,30,15,0,0
875,mild_drift,0.9,0.8014888763427734,0.5481775999069214,79,202,3761,459,202,0,45,16,18,0,0
876,mild_drift,1.0,1.1163381338119507,0.6576845645904541,92,203,3838,498,203,0,32,28,32,0,0
877,mild_drift,0.5,0.7842872142791748,0.7156116962432861,44,202,4333,565,202,0,16,25,3,0,0
878,mild_drift,1.0,0.8723064661026001,0.6311211585998535,56,207,3453,399,207,0,16,37,3,0,0
879,mild_drift,1.0,0.967691957950592,0.3672718405723572,80,200,2249,181,200,0,42,28,10,0,0
880,mild_drift,1.0,0.9743533134460449,0.6815205812454224,69,203,2972,348,203,0,16,43,10,0,0
881,mild_drift,1.0,0.9587028622627258,0.5458593368530273,69,200,3743,367,200,0,32,29,8,0,0
882,mild_drift,1.0,0.9214054346084595,0.5331237316131592,53,201,3738,346,201,0,13,16,24,0,0
883,mild_drift,0.7,0.8692085146903992,0.5817015767097473,87,201,4693,509,201,0,16,46,25,0,0
884,mild_drift,1.0,0.7710853815078735,0.6533752083778381,69,202,3897,423,202,0,16,43,10,0,0
885,mild_drift,0.8,0.7834731936454773,0.6107223033905029,55,202,4585,518,202,0,14,38,3,0,0
886,mild_drift,1.0,1.0063929557800293,0.5386366248130798,77,200,4204,428,200,0,16,53,8,0,0
887,mild_drift,0.9,0.7794950008392334,0.5078126192092896,78,200,4053,394,200,0,30,45,3,0,0
888,mild_drift,1.0,0.6803042888641357,0.5728322267532349,58,204,4392,528,204,0,16,39,3,0,0
889,mild_drift,1.0,1.214870810508728,0.6325775980949402,67,200,2238,201,200,0,32,11,24,0,0
890,mild_drift,0.6,0.8943504691123962,0.6174232959747314,69,201,4549,539,201,0,32,29,8,0,0
891,mild_drift,0.8,1.13844895362854,0.5935536623001099,61,202,4310,462,202,0,16,27,18,0,0
892,mild_drift,1.0,0.9032905101776123,0.369587779045105,82,200,3382,296,200,0,32,42,8,0,0
893,mild_drift,0.7,0.8283509016036987,0.6180849075317383,100,203,4852,570,203,0,16,57,27,0,0
894,mild_drift,0.6,0.8021113872528076,0.550920307636261,64,202,4878,571,202,0,16,30,18,0,0
895,mild_drift,1.0,0.943062424659729,0.46290117502212524,72,201,4236,509,201,0,32,13,27,0,0
896,mild_drift,0.8,0.9178339838981628,0.596027135848999,88,201,4369,515,201,0,16,47,25,0,0
897,mild_drift,1.0,1.011644959449768,0.4697728157043457,94,202,3963,401,202,0,48,26,20,0,0
898,mild_drift,1.0,0.9097787141799927,0.6865310668945312,59,204,4485,568,204,0,29,13,17,0,0
899,mild_drift,1.0,0.8409126400947571,0.5712992548942566,40,204,3749,400,204,0,16,14,10,0,0
900,mild_drift,1.0,1.1567928791046143,0.5914814472198486,88,201,3586,466,201,0,32,46,10,0,0
901,mild_drift,0.9,0.7096754312515259,0.5866473913192749,74,206,4541,576,206,0,16,55,3,0,0
902,mild_drift,1.0,0.7195719480514526,0.505599856376648,66,200,4503,541,200,0,32,16,18,0,0
903,mild_drift,1.0,1.0270464420318604,0.6168308258056641,41,202,3824,403,202,0,16,10,15,0,0
904,mild_drift,1.0,0.735345721244812,0.2988634705543518,56,200,3282,283,200,0,16,30,10,0,0
905,mild_drift,1.0,0.8213988542556763,0.3906242847442627,117,202,2929,320,202,0,64,43,10,0,0
906,mild_drift,1.0,0.7261350154876709,0.5180529356002808,70,201,3919,474,201,0,16,44,10,0,0
907,mild_drift,0.8,0.8306838274002075,0.5278530120849609,97,204,4476,548,204,0,32,37,28,0,0
908,mild_drift,1.0,1.0140085220336914,0.5295088291168213,82,201,4073,477,201,0,32,32,18,0,0
909,mild_drift,1.0,0.8523765206336975,0.35012686252593994,92,200,3309,310,200,0,32,30,30,0,0
910,mild_drift,1.0,0.9913596510887146,0.6940754652023315,95,201,2711,241,201,0,77,9,9,0,0
911,mild_drift,1.0,0.934201180934906,0.6535027027130127,84,201,3175,337,201,0,16,48,20,0,0
912,mild_drift,1.0,0.7161200046539307,0.543367862701416,98,203,4123,431,203,0,64,16,18,0,0
913,mild_drift,0.8,0.7345163822174072,0.47724974155426025,72,201,4174,500,201,0,16,46,10,0,0
914,mild_drift,0.7,0.9064835906028748,0.6300129890441895,60,204,4406,527,204,0,16,28,16,0,0
915,mild_drift,0.8,0.9474331736564636,0.6003137826919556,41,220,4054,514,220,0,16,10,15,0,0
916,mild_drift,1.0,0.7991534471511841,0.5330303907394409,100,200,3412,402,200,0,48,44,8,0,0
917,mild_drift,1.0,0.9268071055412292,0.5143433809280396,83,202,3738,427,202,0,29,44,10,0,0
918,mild_drift,1.0,0.8379507064819336,0.5466710329055786,69,201,4309,518,201,0,16,45,8,0,0
919,mild_drift,0.7,0.9717573523521423,0.6214656233787537,68,201,4573,528,201,0,32,16,20,0,0
920,mild_drift,1.0,0.9575190544128418,0.5769562125205994,120,204,4613,540,204,0,48,47,25,0,0
921,mild_drift,1.0,0.8493916988372803,0.5612657070159912,52,209,4561,564,209,0,16,16,20,0,0
922,mild_drift,1.0,0.982191801071167,0.5899074077606201,56,205,3178,397,205,0,16,30,10,0,0
923,mild_drift,0.8,1.0592373609542847,0.6580032110214233,59,205,3901,424,205,0,27,9,23,0,0
924,mild_drift,1.0,0.7860990166664124,0.49674469232559204,69,200,4300,393,200,0,32,14,23,0,0
925,mild_drift,1.0,0.897024929523468,0.6176310777664185,99,203,2755,323,203,0,78,13,8,0,0
926,mild_drift,1.0,0.8919664621353149,0.4846467971801758,99,200,4385,455,200,0,16,59,24,0,0
927,mild_drift,0.9,0.8413121700286865,0.7409125566482544,55,205,4225,542,205,0,31,14,10,0,0
928,mild_drift,0.8,0.8661162257194519,0.600742757320404,102,203,4309,506,203,0,48,31,23,0,0
929,mild_drift,0.8,0.7971463799476624,0.6371148824691772,48,208,4193,451,208,0,16,29,3,0,0
930,mild_drift,1.0,0.7671862840652466,0.6080954074859619,79,205,4125,479,205,0,32,44,3,0,0
931,mild_drift,1.0,0.8031094074249268,0.4721473455429077,72,200,3930,431,200,0,16,46,10,0,0
932,mild_drift,1.0,0.8411384224891663,0.5586017370223999,54,200,4113,475,200,0,16,28,10,0,0
933,mild_drift,1.0,0.976326584815979,0.7438158392906189,60,214,3363,470,214,0,42,9,9,0,0
934,mild_drift,0.7,0.8291304111480713,0.5985640287399292,87,214,4009,609,214,0,16,46,25,0,0
935,mild_drift,0.8,1.0599801540374756,0.6283524036407471,53,201,4520,537,201,0,29,13,11,0,0
936,mild_drift,1.0,0.8604891300201416,0.6278738975524902,59,201,2581,329,201,0,14,42,3,0,0
937,mild_drift,1.0,0.93037348985672,0.5319432020187378,81,200,3983,499,200,0,32,31,18,0,0
938,mild_drift,0.9,0.7529987096786499,0.6773375868797302,44,202,4106,485,202,0,16,25,3,0,0
939,mild_drift,0.7,0.9328823685646057,0.5630403757095337,79,200,4395,489,200,0,16,45,18,0,0
940,mild_drift,1.0,0.7899506092071533,0.45433956384658813,120,200,3291,331,200,0,64,31,25,0,0
941,mild_drift,0.4,0.7765411734580994,0.6393016576766968,103,202,4861,518,202,0,48,52,3,0,0
942,mild_drift,1.0,0.9447799921035767,0.5499796867370605,73,203,4228,504,203,0,16,31,26,0,0
943,mild_drift,0.9,0.8199422359466553,0.4861428141593933,82,205,4825,526,205,0,32,40,10,0,0
944,mild_drift,0.9,0.9146989583969116,0.630268394947052,88,207,4301,535,207,0,32,46,10,0,0
945,mild_drift,0.9,0.8991260528564453,0.5468869209289551,99,200,4042,453,200,0,32,46,21,0,0
946,mild_drift,1.0,1.0110291242599487,0.568986177444458,142,205,4333,435,205,0,64,58,20,0,0
947,mild_drift,0.9,1.0610723495483398,0.6923050880432129,47,207,4029,413,207,0,16,13,18,0,0
948,mild_drift,0.8,0.8787850141525269,0.5680363774299622,104,202,4401,529,202,0,48,46,10,0,0
949,mild_drift,1.0,0.8387666344642639,0.5278719663619995,72,202,3966,398,202,0,48,14,10,0,0
950,mild_drift,1.0,0.8870092630386353,0.7636597752571106,36,203,3249,308,203,0,15,13,8,0,0
951,mild_drift,0.8,0.9460103511810303,0.666874885559082,63,205,4406,500,205,0,16,38,9,0,0
952,mild_drift,1.0,0.9707833528518677,0.5362525582313538,78,200,3896,428,200,0,32,28,18,0,0
953,mild_drift,0.7,0.8102722764015198,0.638527512550354,63,201,4218,526,201,0,16,29,18,0,0
954,mild_drift,1.0,0.7679133415222168,0.5645438432693481,78,203,3623,372,203,0,16,44,18,0,0
955,mild_drift,1.0,0.9023880362510681,0.6460170149803162,65,202,4079,402,202,0,32,13,20,0,0
956,mild_drift,1.0,0.9724823832511902,0.6412599086761475,50,203,4066,532,203,0,16,25,9,0,0
957,mild_drift,0.9,0.960014283657074,0.710079550743103,94,212,3509,476,212,0,16,63,15,0,0
958,mild_drift,1.0,0.9250349402427673,0.6602625250816345,54,201,2844,323,201,0,15,13,26,0,0
959,mild_drift,1.0,0.9735519886016846,0.6928852796554565,50,203,3405,426,203,0,16,12,22,0,0
960,mild_drift,1.0,0.8415507078170776,0.35986900329589844,71,200,2803,329,200,0,16,30,25,0,0
961,mild_drift,0.8,0.9500656127929688,0.6728081107139587,91,204,4199,541,204,0,16,41,34,0,0
962,mild_drift,1.0,0.914524495601654,0.6307279467582703,55,201,3598,264,201,0,16,14,25,0,0
963,mild_drift,1.0,0.9580749869346619,0.49616843461990356,95,200,4627,519,200,0,64,13,18,0,0
964,mild_drift,1.0,0.8975456953048706,0.5055321455001831,81,202,3855,346,202,0,16,38,27,0,0
965,mild_drift,1.0,0.818337082862854,0.3921889662742615,102,200,3402,351,200,0,15,62,25,0,0
966,mild_drift,1.0,0.897042453289032,0.45688188076019287,112,204,3661,288,204,0,64,13,35,0,0
967,mild_drift,1.0,1.0021469593048096,0.6028491258621216,91,202,1609,237,202,0,16,57,18,0,0
968,mild_drift,0.9,0.7895894050598145,0.5411428213119507,52,200,4608,534,200,0,16,26,10,0,0
969,mild_drift,1.0,1.0469081401824951,0.6746535301208496,72,205,2773,403,205,0,31,14,27,0,0
970,mild_drift,1.0,0.8487061262130737,0.7283700704574585,63,202,3105,344,202,0,16,44,3,0,0
971,mild_drift,1.0,0.9761996269226074,0.5998196601867676,92,203,2684,372,203,0,64,15,13,0,0
972,mild_drift,1.0,1.1487808227539062,0.5624815821647644,112,202,1585,190,202,0,63,26,23,0,0
973,mild_drift,0.8,1.0136282444000244,0.6478039026260376,57,207,4850,562,207,0,32,10,15,0,0
974,mild_drift,1.0,0.9800444841384888,0.5451613068580627,56,205,3874,441,205,0,16,30,10,0,0
975,mild_drift,0.9,0.9008111953735352,0.5134446024894714,105,204,4822,520,204,0,47,32,26,0,0
976,mild_drift,0.7,1.0961147546768188,0.5878918170928955,82,208,4571,466,208,0,30,37,15,0,0
977,mild_drift,0.9,0.8056728839874268,0.5633512735366821,84,203,4311,444,203,0,32,44,8,0,0
978,mild_drift,1.0,0.7978820204734802,0.4646700620651245,88,201,4310,416,201,0,32,32,24,0,0
979,mild_drift,1.0,0.890717625617981,0.6474282741546631,60,202,3484,339,202,0,32,25,3,0,0
980,mild_drift,1.0,0.8521050214767456,0.4507986307144165,131,201,3853,483,201,0,79,30,22,0,0
981,mild_drift,1.0,0.8378598690032959,0.42719846963882446,92,200,3482,313,200,0,64,25,3,0,0
982,mild_drift,0.8,0.9499624371528625,0.5401206016540527,84,203,4389,544,203,0,32,44,8,0,0
983,mild_drift,1.0,0.846699059009552,0.49038493633270264,56,200,3859,355,200,0,16,30,10,0,0
984,mild_drift,1.0,0.747914731502533,0.5407536625862122,81,201,4122,443,201,0,32,31,18,0,0
985,mild_drift,0.7,0.7862852811813354,0.6499466896057129,80,202,4253,492,202,0,48,29,3,0,0
986,mild_drift,1.0,0.9273276925086975,0.38855576515197754,119,200,2788,191,200,0,64,30,25,0,0
987,mild_drift,1.0,0.9462789297103882,0.6796636581420898,86,204,2853,260,204,0,48,28,10,0,0
988,mild_drift,0.9,0.7907940149307251,0.5200432538986206,96,204,4484,547,204,0,32,44,20,0,0
989,mild_drift,0.5,0.716914176940918,0.6700681447982788,48,202,4002,545,202,0,16,29,3,0,0
990,mild_drift,1.0,0.8399598598480225,0.3860752582550049,108,200,4111,389,200,0,48,40,20,0,0
991,mild_drift,1.0,0.7742805480957031,0.497028648853302,72,201,3630,382,201,0,16,46,10,0,0
992,mild_drift,0.7,0.830349862575531,0.5832295417785645,94,202,4073,467,202,0,47,44,3,0,0
993,mild_drift,1.0,0.8925012350082397,0.4610058665275574,78,200,3871,378,200,0,32,28,18,0,0
994,mild_drift,1.0,0.8100102543830872,0.4169979691505432,52,200,3769,373,200,0,16,26,10,0,0
995,mild_drift,1.0,0.8545541167259216,0.6152222156524658,56,205,4297,592,205,0,32,14,10,0,0
996,mild_drift,1.0,0.9586419463157654,0.6387195587158203,87,204,3916,450,204,0,14,58,15,0,0
997,mild_drift,0.9,0.9148228764533997,0.5300470590591431,114,200,3854,428,200,0,64,32,18,0,0
998,mild_drift,1.0,0.9613742232322693,0.47429710626602173,65,201,3946,441,201,0,25,30,10,0,0
999,mild_drift,1.0,1.0159027576446533,0.5895070433616638,112,200,4318,517,200,0,16,78,18,0,0
1000,mild_drift,1.0,0.872508704662323,0.580781102180481,76,201,3324,388,201,0,16,57,3,0,0
1001,mild_drift,1.0,0.9427182674407959,0.5680575966835022,69,203,2906,395,203,0,16,28,25,0,0
1002,mild_drift,1.0,1.0347200632095337,0.7440414428710938,58,206,4077,576,206,0,16,14,28,0,0
1003,mild_drift,0.9,0.7847206592559814,0.5045275688171387,74,200,3275,414,200,0,12,59,3,0,0
1004,mild_drift,1.0,0.8695119619369507,0.5666530132293701,69,210,3998,588,210,0,32,14,23,0,0
1005,mild_drift,0.8,0.7831951379776001,0.4835551381111145,81,201,4494,452,201,0,32,31,18,0,0
1006,mild_drift,1.0,0.8498389720916748,0.7017136812210083,75,205,3139,392,205,0,32,40,3,0,0
1007,mild_drift,0.7,0.7708838582038879,0.6503536701202393,95,202,3928,468,202,0,63,29,3,0,0
1008,mild_drift,1.0,1.0911287069320679,0.48035967350006104,88,200,3635,329,200,0,48,30,10,0,0
1009,mild_drift,0.9,1.116507649421692,0.6952181458473206,62,201,3049,324,201,0,32,14,16,0,0
1010,mild_drift,1.0,0.9957526326179504,0.5551011562347412,52,217,2970,433,217,0,16,16,20,0,0
1011,mild_drift,1.0,0.7141624689102173,0.5759903788566589,84,203,4404,511,203,0,48,26,10,0,0
1012,mild_drift,1.0,0.8892332315444946,0.33367568254470825,56,200,3489,288,200,0,32,14,10,0,0
1013,mild_drift,1.0,0.9662160873413086,0.6232255697250366,57,200,3704,382,200,0,30,14,13,0,0
1014,mild_drift,0.9,1.0625932216644287,0.6415013670921326,41,201,3296,373,201,0,14,14,13,0,0
1015,mild_drift,0.7,1.012951374053955,0.6530594825744629,67,203,4568,565,203,0,16,31,20,0,0
1016,mild_drift,0.9,0.670560359954834,0.44356822967529297,85,200,4559,480,200,0,48,29,8,0,0
1017,mild_drift,1.0,0.819023847579956,0.4605482220649719,119,212,4060,392,212,0,61,31,27,0,0
1018,mild_drift,0.9,1.0961863994598389,0.5057199597358704,84,200,3588,412,200,0,32,44,8,0,0
1019,mild_drift,1.0,0.7457648515701294,0.657097339630127,40,204,4197,556,204,0,16,14,10,0,0
1020,mild_drift,0.9,0.9243859052658081,0.5167086720466614,67,201,4392,470,201,0,16,28,23,0,0
1021,mild_drift,1.0,0.8547490835189819,0.5232377052307129,87,201,4007,341,201,0,16,46,25,0,0
1022,mild_drift,1.0,0.949971616268158,0.4365959167480469,105,201,2173,256,201,0,44,26,35,0,0
1023,mild_drift,1.0,0.8966029286384583,0.440182089805603,114,200,3224,308,200,0,16,75,23,0,0
1024,mild_drift,1.0,1.0196728706359863,0.5604348182678223,77,200,3099,333,200,0,32,16,29,0,0
1025,mild_drift,0.8,0.7846162915229797,0.584642767906189,91,202,4666,558,202,0,32,56,3,0,0
1026,mild_drift,0.8,0.9238252639770508,0.6330347061157227,53,204,4277,578,204,0,16,14,23,0,0
1027,mild_drift,0.9,0.9438237547874451,0.6766806840896606,114,204,3467,449,204,0,48,48,18,0,0
1028,mild_drift,1.0,0.8331247568130493,0.41882455348968506,48,200,2998,259,200,0,15,25,8,0,0
1029,mild_drift,0.6,1.0089341402053833,0.6726421117782593,65,204,4730,548,204,0,16,31,18,0,0
1030,mild_drift,1.0,0.7772090435028076,0.6329600811004639,40,207,3975,537,207,0,16,14,10,0,0
1031,mild_drift,0.6,0.8586092591285706,0.6950708627700806,68,204,4572,588,204,0,32,28,8,0,0
1032,mild_drift,0.6,0.9200765490531921,0.6354473829269409,88,211,4034,497,211,0,32,46,10,0,0
1033,mild_drift,0.9,0.8224626779556274,0.4993383288383484,89,200,4421,485,200,0,16,60,13,0,0
1034,mild_drift,0.9,0.7785483598709106,0.601656973361969,58,201,4326,544,201,0,16,39,3,0,0
1035,mild_drift,1.0,0.8705506324768066,0.5680128335952759,84,201,3802,386,201,0,48,28,8,0,0
1036,mild_drift,1.0,0.8919486403465271,0.5916404724121094,103,208,3053,486,208,0,16,77,10,0,0
1037,mild_drift,1.0,0.9568578004837036,0.4671415686607361,83,200,2467,257,200,0,16,32,35,0,0
1038,mild_drift,1.0,0.983025848865509,0.5168935060501099,88,200,2865,297,200,0,32,30,26,0,0
1039,mild_drift,0.9,0.8177353143692017,0.554564356803894,78,203,4565,555,203,0,16,59,3,0,0
1040,mild_drift,0.6,1.0711129903793335,0.6033190488815308,95,201,4533,603,201,0,48,29,18,0,0
1041,mild_drift,1.0,0.8911266326904297,0.326585590839386,68,200,3290,276,200,0,14,44,10,0,0
1042,mild_drift,1.0,0.8691775798797607,0.3866722583770752,88,201,3385,316,201,0,32,46,10,0,0
1043,mild_drift,0.9,1.0996860265731812,0.6168805360794067,79,201,3743,435,201,0,32,29,18,0,0
1044,mild_drift,1.0,0.8828674554824829,0.5824450254440308,55,202,4043,453,202,0,31,14,10,0,0
1045,mild_drift,1.0,0.7677749395370483,0.14615458250045776,119,200,2149,188,200,0,63,46,10,0,0
1046,mild_drift,1.0,0.9818460941314697,0.5053882598876953,71,201,4305,496,201,0,16,45,10,0,0
1047,mild_drift,0.4,0.9741584658622742,0.6144386529922485,61,201,4459,544,201,0,16,30,15,0,0
1048,mild_drift,0.9,0.7058693170547485,0.5866585969924927,79,203,4842,565,203,0,48,28,3,0,0
1049,mild_drift,0.7,0.7929769158363342,0.5650675296783447,70,205,4545,546,205,0,16,44,10,0,0
1050,mild_drift,1.0,0.9987903237342834,0.79398512840271,64,207,3179,465,207,0,16,32,16,0,0
1051,mild_drift,0.8,0.8380007743835449,0.7202789783477783,56,205,4357,557,205,0,15,38,3,0,0
1052,mild_drift,1.0,0.8509531021118164,0.49794065952301025,113,200,3192,281,200,0,77,28,8,0,0
1053,mild_drift,1.0,0.8759776949882507,0.6484028100967407,46,211,2663,468,211,0,16,21,9,0,0
1054,mild_drift,1.0,0.8638930916786194,0.6399755477905273,43,206,4084,534,206,0,13,13,17,0,0
1055,mild_drift,0.8,0.7079995274543762,0.6410810351371765,48,207,4359,552,207,0,32,13,3,0,0
1056,mild_drift,0.6,0.9257677793502808,0.60113525390625,79,211,4713,537,211,0,48,13,18,0,0
1057,mild_drift,1.0,0.9730913639068604,0.6069736480712891,71,201,3450,402,201,0,16,44,11,0,0
1058,mild_drift,1.0,0.8052482604980469,0.5722862482070923,65,202,4672,519,202,0,16,31,18,0,0
1059,mild_drift,0.9,0.942443311214447,0.5924409627914429,71,202,4208,498,202,0,47,14,10,0,0
1060,mild_drift,1.0,1.1749591827392578,0.36400192975997925,82,201,3055,295,201,0,46,14,22,0,0
1061,mild_drift,0.6,1.0531188249588013,0.5456407070159912,74,201,3938,466,201,0,13,42,19,0,0
1062,mild_drift,1.0,0.9442513585090637,0.4193882942199707,98,200,2599,304,200,0,62,16,20,0,0
1063,mild_drift,1.0,0.9745427966117859,0.5606507062911987,68,201,3010,368,201,0,32,12,24,0,0
1064,mild_drift,1.0,0.9725579023361206,0.5248719453811646,100,200,2620,204,200,0,48,27,25,0,0
1065,mild_drift,0.9,0.9010878205299377,0.6262705326080322,65,203,4445,500,203,0,16,14,35,0,0
1066,mild_drift,0.8,0.9084669351577759,0.4542602300643921,68,201,4431,533,201,0,16,42,10,0,0
1067,mild_drift,1.0,0.8122755289077759,0.5232862830162048,55,204,3876,445,204,0,31,14,10,0,0
1068,mild_drift,1.0,0.7865732908248901,0.44872134923934937,75,200,4049,371,200,0,31,26,18,0,0
1069,mild_drift,0.8,0.6790130138397217,0.5132029056549072,78,202,4561,513,202,0,62,13,3,0,0
1070,mild_drift,0.7,0.9277600646018982,0.6365498304367065,50,201,4582,572,201,0,16,16,18,0,0
1071,mild_drift,0.9,0.8878629207611084,0.5828846096992493,138,207,4678,640,207,0,63,57,18,0,0
1072,mild_drift,1.0,0.8028760552406311,0.6272172927856445,71,200,3407,335,200,0,31,30,10,0,0
1073,mild_drift,0.9,0.8805400729179382,0.6137964725494385,131,200,4352,480,200,0,48,80,3,0,0
1074,mild_drift,1.0,0.9203050136566162,0.623217761516571,76,204,2391,282,204,0,32,35,9,0,0
1075,mild_drift,1.0,0.8395518660545349,0.3450492024421692,104,200,2815,246,200,0,32,43,29,0,0
1076,mild_drift,1.0,0.9375560879707336,0.5839345455169678,88,200,3646,383,200,0,48,37,3,0,0
1077,mild_drift,1.0,0.8521272540092468,0.525934100151062,58,200,3336,299,200,0,29,26,3,0,0
1078,mild_drift,0.6,1.0212655067443848,0.6721593141555786,72,203,4571,558,203,0,16,32,24,0,0
1079,mild_drift,0.6,0.9008606672286987,0.6107740998268127,49,209,4540,488,209,0,9,30,10,0,0
1080,mild_drift,1.0,0.8621116876602173,0.3242509365081787,78,200,2639,233,200,0,16,42,20,0,0
1081,mild_drift,0.9,0.9199618101119995,0.49434834718704224,76,200,3487,321,200,0,32,26,18,0,0
1082,mild_drift,0.5,0.9607904553413391,0.6804957985877991,130,202,4587,589,202,0,80,15,35,0,0
1083,mild_drift,0.9,1.0200990438461304,0.6287443041801453,97,202,4627,497,202,0,47,30,20,0,0
1084,mild_drift,0.5,0.8334728479385376,0.6060682535171509,85,202,3672,458,202,0,32,43,10,0,0
1085,mild_drift,1.0,0.9299994707107544,0.45772498846054077,135,200,3704,334,200,0,64,40,31,0,0
1086,mild_drift,0.4,0.9871841073036194,0.6212905049324036,110,204,4556,587,204,0,48,44,18,0,0
1087,mild_drift,0.9,0.7762565016746521,0.48398882150650024,50,201,4349,519,201,0,16,16,18,0,0
1088,mild_drift,1.0,0.8520007133483887,0.48059582710266113,75,200,2659,237,200,0,29,37,9,0,0
1089,mild_drift,1.0,0.9045040011405945,0.4745265245437622,78,200,3419,279,200,0,46,13,19,0,0
1090,mild_drift,1.0,1.0044505596160889,0.5414522290229797,113,201,4202,454,201,0,31,62,20,0,0
1091,mild_drift,1.0,0.890833854675293,0.3167298436164856,94,200,2094,199,200,0,16,42,36,0,0
1092,mild_drift,1.0,0.9767722487449646,0.5127676725387573,122,200,3104,306,200,0,80,16,26,0,0
1093,mild_drift,0.8,0.9417970180511475,0.6655818223953247,80,203,3028,449,203,0,47,13,20,0,0
1094,mild_drift,1.0,0.9338116645812988,0.5848366022109985,52,204,4235,419,204,0,31,13,8,0,0
1095,mild_drift,0.6,0.8833569288253784,0.6146154403686523,77,202,4770,623,202,0,16,46,15,0,0
1096,mild_drift,0.9,0.8304024338722229,0.6687596440315247,40,212,4448,583,212,0,16,14,10,0,0
1097,mild_drift,1.0,0.9347068667411804,0.36687177419662476,96,200,2002,199,200,0,42,38,16,0,0
1098,mild_drift,1.0,0.9248130321502686,0.528276801109314,68,200,4386,438,200,0,16,42,10,0,0
1099,mild_drift,1.0,0.896089494228363,0.5252755880355835,139,202,3055,393,202,0,77,59,3,0,0
1100,mild_drift,1.0,1.0646120309829712,0.27510106563568115,110,200,1639,147,200,0,47,29,34,0,0
1101,mild_drift,1.0,1.068151831626892,0.40834033489227295,89,200,2586,271,200,0,48,16,25,0,0
1102,mild_drift,0.9,0.8408575057983398,0.5253592133522034,52,201,3793,415,201,0,16,12,24,0,0
1103,mild_drift,1.0,0.9034173488616943,0.5119309425354004,91,200,2852,280,200,0,31,31,29,0,0
1104,mild_drift,1.0,0.9805376529693604,0.5671775937080383,98,201,3248,376,201,0,64,16,18,0,0
1105,mild_drift,1.0,0.8532346487045288,0.6294445991516113,96,201,3706,342,201,0,32,56,8,0,0
1106,mild_drift,1.0,0.8748869299888611,0.5572603940963745,57,201,4556,587,201,0,32,10,15,0,0
1107,mild_drift,0.6,0.9277346134185791,0.5846889615058899,52,202,4863,627,202,0,16,26,10,0,0
1108,mild_drift,1.0,0.7836248874664307,0.24086934328079224,84,201,1966,239,201,0,32,29,23,0,0
1109,mild_drift,1.0,0.9692949652671814,0.3596845269203186,85,200,2739,266,200,0,32,43,10,0,0
1110,mild_drift,0.7,0.9815940260887146,0.62596195936203,79,217,4933,624,217,0,32,23,24,0,0
1111,mild_drift,1.0,1.0702250003814697,0.7056034803390503,55,203,3444,375,203,0,31,14,10,0,0
1112,mild_drift,1.0,0.8854823708534241,0.4160088896751404,56,200,4031,410,200,0,16,30,10,0,0
1113,mild_drift,1.0,0.9461327791213989,0.6091916561126709,52,208,4588,456,208,0,16,16,20,0,0
1114,mild_drift,0.4,0.9217832684516907,0.6121057271957397,77,205,4719,548,205,0,16,43,18,0,0
1115,mild_drift,1.0,0.814591109752655,0.6434060335159302,40,204,3871,427,204,0,16,14,10,0,0
1116,mild_drift,1.0,0.8740326166152954,0.4831480383872986,56,201,3646,372,201,0,32,14,10,0,0
1117,mild_drift,0.8,0.9407832622528076,0.5192566514015198,40,202,4372,425,202,0,16,14,10,0,0
1118,mild_drift,0.9,0.9116844534873962,0.5765635371208191,66,201,4468,537,201,0,13,30,23,0,0
1119,mild_drift,1.0,0.8912492394447327,0.5788136720657349,120,202,4022,431,202,0,48,61,11,0,0
1120,mild_drift,1.0,1.0144582986831665,0.5583678483963013,130,201,4534,489,201,0,48,48,34,0,0
1121,mild_drift,0.9,0.8432935476303101,0.5820542573928833,77,202,4216,466,202,0,48,14,15,0,0
1122,mild_drift,1.0,0.8033185005187988,0.5511575937271118,88,202,3601,363,202,0,32,46,10,0,0
1123,mild_drift,1.0,0.8273143768310547,0.43016767501831055,82,200,4081,432,200,0,32,15,35,0,0
1124,mild_drift,0.9,0.7723430395126343,0.5709003210067749,106,206,4792,501,206,0,79,24,3,0,0
1125,mild_drift,1.0,0.7897109985351562,0.44688665866851807,72,200,4074,402,200,0,32,30,10,0,0
1126,mild_drift,0.8,0.8803712725639343,0.5304560661315918,105,200,4198,448,200,0,32,55,18,0,0
1127,mild_drift,1.0,0.8812617659568787,0.28633642196655273,90,200,2377,171,200,0,32,32,26,0,0
1128,mild_drift,0.9,0.9129226207733154,0.6317258477210999,65,213,3843,592,213,0,16,41,8,0,0
1129,mild_drift,1.0,0.9544312953948975,0.3492865562438965,125,200,2724,373,200,0,54,46,25,0,0
1130,mild_drift,1.0,0.9012426137924194,0.5053970813751221,56,202,4267,412,202,0,16,30,10,0,0
1131,mild_drift,0.9,0.9892051815986633,0.6254842281341553,72,203,4285,523,203,0,16,31,25,0,0
1132,mild_drift,1.0,1.045823574066162,0.6011142730712891,57,201,2371,310,201,0,16,16,25,0,0
1133,mild_drift,1.0,0.9197643399238586,0.5810327529907227,50,202,4025,451,202,0,16,16,18,0,0
1134,mild_drift,1.0,0.9696604609489441,0.5779829025268555,72,200,3445,317,200,0,48,14,10,0,0
1135,mild_drift,1.0,0.8930326700210571,0.3064121603965759,83,200,2664,252,200,0,13,60,10,0,0
1136,mild_drift,0.9,1.0378057956695557,0.6451512575149536,46,206,4666,646,206,0,16,14,16,0,0
1137,mild_drift,0.9,0.744953989982605,0.5716549158096313,87,201,4708,540,201,0,31,53,3,0,0
1138,mild_drift,1.0,0.9973933100700378,0.6010348796844482,78,202,3536,374,202,0,16,46,16,0,0
1139,mild_drift,1.0,0.9455543756484985,0.5306181907653809,95,200,3406,364,200,0,64,22,9,0,0
1140,mild_drift,1.0,0.9823251962661743,0.5009226202964783,49,200,2567,294,200,0,9,30,10,0,0
1141,mild_drift,1.0,0.7335968017578125,0.35039448738098145,104,200,3058,281,200,0,48,46,10,0,0
1142,mild_drift,1.0,1.2308058738708496,0.5977228879928589,70,201,1829,193,201,0,28,34,8,0,0
1143,mild_drift,1.0,0.9039901494979858,0.25864267349243164,97,200,2480,235,200,0,16,61,20,0,0
1144,mild_drift,0.8,0.6723543405532837,0.48627007007598877,104,203,4773,486,203,0,63,38,3,0,0
1145,mild_drift,1.0,0.8364956378936768,0.4182165861129761,102,200,3294,369,200,0,14,78,10,0,0
1146,mild_drift,1.0,1.1527128219604492,0.47202861309051514,62,200,3871,388,200,0,16,26,20,0,0
1147,mild_drift,1.0,0.9754671454429626,0.6810598373413086,70,204,1527,300,204,0,16,28,26,0,0
1148,mild_drift,1.0,0.8522365093231201,0.5215807557106018,87,200,3881,395,200,0,48,16,23,0,0
1149,mild_drift,1.0,0.7850404977798462,0.3797321915626526,88,200,2887,250,200,0,64,14,10,0,0
1150,mild_drift,1.0,0.8046892285346985,0.4169129729270935,56,201,3663,401,201,0,16,30,10,0,0
1151,mild_drift,1.0,0.8799510598182678,0.6443788409233093,72,204,2315,333,204,0,48,14,10,0,0
1152,mild_drift,0.8,0.9911011457443237,0.6169328689575195,64,207,3612,531,207,0,31,25,8,0,0
1153,mild_drift,0.6,0.9605348110198975,0.774181604385376,42,210,4587,626,210,0,12,21,9,0,0
1154,mild_drift,1.0,0.7978513836860657,0.542884111404419,103,200,3561,445,200,0,16,84,3,0,0
1155,mild_drift,1.0,0.7935736179351807,0.5922541618347168,56,202,4516,563,202,0,32,14,10,0,0
1156,mild_drift,1.0,0.8569093942642212,0.535222053527832,89,204,3994,446,204,0,48,14,27,0,0
1157,mild_drift,1.0,0.7167549133300781,0.4860142469406128,52,201,2635,260,201,0,16,16,20,0,0
1158,mild_drift,1.0,0.8264750242233276,0.6049917936325073,91,220,4801,712,220,0,47,28,16,0,0
1159,mild_drift,1.0,0.785657525062561,0.41339898109436035,68,200,3796,351,200,0,16,42,10,0,0
1160,mild_drift,1.0,0.9430668354034424,0.5456345081329346,81,200,2621,224,200,0,32,41,8,0,0
1161,mild_drift,1.0,0.9227386116981506,0.5589591264724731,55,211,4080,544,211,0,31,14,10,0,0
1162,mild_drift,0.7,0.8125702142715454,0.46236616373062134,70,201,4618,541,201,0,16,31,23,0,0
1163,mild_drift,1.0,0.9436920881271362,0.4000062942504883,76,200,2639,291,200,0,25,24,27,0,0
1164,mild_drift,1.0,0.8681442737579346,0.4291442036628723,116,201,3527,309,201,0,32,64,20,0,0
1165,mild_drift,1.0,0.9099653959274292,0.45240259170532227,78,200,2580,240,200,0,16,32,30,0,0
1166,mild_drift,0.9,0.8138399124145508,0.4653034210205078,101,200,4265,382,200,0,32,46,23,0,0
1167,mild_drift,0.8,0.8184350728988647,0.5448833703994751,87,200,4105,426,200,0,16,45,26,0,0
1168,mild_drift,1.0,0.7024604678153992,0.3911439776420593,110,200,3401,308,200,0,48,44,18,0,0
1169,mild_drift,0.6,0.9746376276016235,0.6975579857826233,71,215,4509,606,215,0,28,25,18,0,0
1170,mild_drift,1.0,0.8598803281784058,0.6036145687103271,76,201,4565,526,201,0,16,44,16,0,0
1171,mild_drift,1.0,1.0841434001922607,0.5776878595352173,43,201,1905,191,201,0,25,9,9,0,0
1172,mild_drift,1.0,0.9721869826316833,0.560409665107727,49,205,3747,417,205,0,9,30,10,0,0
1173,mild_drift,1.0,0.8465638756752014,0.48191332817077637,115,204,4620,484,204,0,46,45,24,0,0
1174,mild_drift,1.0,0.7725602984428406,0.6104846000671387,74,201,4074,361,201,0,16,55,3,0,0
1175,mild_drift,0.9,0.8306223154067993,0.6445045471191406,53,206,4195,481,206,0,16,14,23,0,0
1176,mild_drift,1.0,0.878180742263794,0.2545884847640991,92,200,2187,262,200,0,52,30,10,0,0
1177,mild_drift,1.0,0.9465720057487488,0.337979793548584,86,200,2375,162,200,0,48,28,10,0,0
1178,mild_drift,0.9,1.120227575302124,0.5291717648506165,105,200,3759,433,200,0,78,14,13,0,0
1179,mild_drift,1.0,0.7671462893486023,0.4475914239883423,67,200,3589,377,200,0,16,31,20,0,0
1180,mild_drift,1.0,1.1496144533157349,0.6096558570861816,80,201,3057,362,201,0,32,24,24,0,0
1181,mild_drift,0.8,0.92856764793396,0.5986262559890747,84,202,4602,558,202,0,48,16,20,0,0
1182,mild_drift,1.0,0.928385317325592,0.5741103887557983,99,200,2466,249,200,0,40,43,16,0,0
1183,mild_drift,1.0,0.782421350479126,0.5786553621292114,99,202,3576,325,202,0,78,13,8,0,0
1184,mild_drift,0.9,0.8449537754058838,0.630923867225647,71,201,4690,551,201,0,16,45,10,0,0
1185,mild_drift,0.7,0.7904967665672302,0.595072865486145,79,204,4489,582,204,0,48,28,3,0,0
1186,mild_drift,1.0,0.82886803150177,0.6495307683944702,44,201,3075,337,201,0,16,25,3,0,0
1187,mild_drift,1.0,0.9780662059783936,0.5946753025054932,78,200,3653,448,200,0,16,53,9,0,0
1188,mild_drift,1.0,0.9181023836135864,0.5600293278694153,79,200,3547,541,200,0,48,13,18,0,0
1189,mild_drift,0.9,0.8098641633987427,0.7779287099838257,46,203,4292,490,203,0,16,27,3,0,0
1190,mild_drift,1.0,1.0551992654800415,0.5439801812171936,83,200,3625,422,200,0,32,41,10,0,0
1191,mild_drift,1.0,0.7949033975601196,0.4517419934272766,73,200,3360,355,200,0,32,14,27,0,0
1192,mild_drift,1.0,0.8360280990600586,0.4737260341644287,104,200,3871,306,200,0,48,32,24,0,0
1193,mild_drift,0.8,0.7926164865493774,0.49600404500961304,76,201,3929,502,201,0,32,41,3,0,0
1194,mild_drift,1.0,0.8305759429931641,0.4735664129257202,73,200,2630,362,200,0,16,42,15,0,0
1195,mild_drift,1.0,0.8645148277282715,0.29759854078292847,104,200,3307,330,200,0,48,46,10,0,0
1196,mild_drift,1.0,0.8825118541717529,0.5076540112495422,79,201,4600,524,201,0,32,29,18,0,0
1197,mild_drift,1.0,0.8666823506355286,0.37428271770477295,56,200,3398,392,200,0,16,30,10,0,0
1198,mild_drift,0.7,0.8690599203109741,0.5565586090087891,52,209,4877,591,209,0,16,16,20,0,0
1199,mild_drift,1.0,0.9282251596450806,0.3952745795249939,119,200,3864,321,200,0,79,30,10,0,0
1200,mild_drift,1.0,0.7683252096176147,0.4498480558395386,114,200,3762,363,200,0,80,16,18,0,0
1201,mild_drift,1.0,0.8608989715576172,0.5387999415397644,65,204,3927,442,204,0,16,31,18,0,0
1202,mild_drift,1.0,1.0996979475021362,0.24730002880096436,79,201,2074,160,201,0,32,23,24,0,0
1203,mild_drift,1.0,0.9396232962608337,0.5192797183990479,120,200,2909,408,200,0,48,47,25,0,0
1204,mild_drift,1.0,0.9639895558357239,0.5682481527328491,88,201,3836,345,201,0,32,46,10,0,0
1205,mild_drift,1.0,0.8730882406234741,0.6312556266784668,73,207,4482,473,207,0,16,32,25,0,0
1206,mild_drift,0.7,0.9299598336219788,0.6739056706428528,64,203,4227,466,203,0,16,27,21,0,0
1207,mild_drift,1.0,0.7588709592819214,0.5505411624908447,47,201,3647,346,201,0,16,13,18,0,0
1208,mild_drift,1.0,0.9223915934562683,0.5427646636962891,123,201,3184,337,201,0,79,26,18,0,0
1209,mild_drift,1.0,0.7938982248306274,0.4320942163467407,50,200,3505,394,200,0,16,16,18,0,0
1210,mild_drift,0.6,0.7357862591743469,0.6748013496398926,45,205,4030,594,205,0,16,26,3,0,0
1211,mild_drift,0.7,0.8526585698127747,0.553945779800415,65,200,4537,580,200,0,32,24,9,0,0
1212,mild_drift,1.0,0.971502959728241,0.5712494254112244,66,200,3237,294,200,0,16,28,22,0,0
1213,mild_drift,1.0,0.8007128238677979,0.46851205825805664,89,204,3908,377,204,0,48,14,27,0,0
1214,mild_drift,1.0,0.9775621891021729,0.5757831931114197,48,200,3239,295,200,0,30,9,9,0,0
1215,mild_drift,1.0,0.993472158908844,0.4890632629394531,89,200,4079,411,200,0,47,13,29,0,0
1216,mild_drift,0.9,0.8425297737121582,0.5910776257514954,94,203,3376,463,203,0,14,77,3,0,0
1217,mild_drift,1.0,0.7448911666870117,0.38520383834838867,92,200,3031,272,200,0,32,57,3,0,0
1218,mild_drift,0.9,0.8692818284034729,0.4699680805206299,79,200,3824,406,200,0,48,22,9,0,0
1219,mild_drift,1.0,0.9439493417739868,0.5160048604011536,105,201,3345,282,201,0,64,16,25,0,0
1220,mild_drift,1.0,1.0997154712677002,0.68177729845047,66,202,3590,424,202,0,32,16,18,0,0
1221,mild_drift,1.0,0.919242262840271,0.4732987880706787,72,201,3988,387,201,0,16,46,10,0,0
1222,mild_drift,1.0,0.8860896825790405,0.6267448663711548,62,202,3639,357,202,0,28,24,10,0,0
1223,mild_drift,1.0,0.7600706815719604,0.47226858139038086,103,200,4492,494,200,0,48,45,10,0,0
1224,mild_drift,1.0,0.961786687374115,0.4519079327583313,136,200,3177,316,200,0,64,56,16,0,0
1225,mild_drift,1.0,0.8428308963775635,0.5408401489257812,88,201,4265,501,201,0,32,46,10,0,0
1226,mild_drift,1.0,0.9647116661071777,0.5107241868972778,104,200,4117,464,200,0,64,13,27,0,0
1227,mild_drift,1.0,0.7578997611999512,0.4925578236579895,103,204,4186,533,204,0,48,29,26,0,0
1228,mild_drift,0.8,0.9122436046600342,0.5954536199569702,52,202,4186,505,202,0,16,16,20,0,0
1229,mild_drift,0.6,0.9128040075302124,0.5447674989700317,75,200,4470,531,200,0,32,25,18,0,0
1230,mild_drift,1.0,0.7826850414276123,0.4312361478805542,103,200,3738,531,200,0,63,30,10,0,0
1231,mild_drift,0.9,0.9018628597259521,0.6297218799591064,70,202,4540,544,202,0,46,14,10,0,0
1232,mild_drift,0.5,0.9865931868553162,0.6856474876403809,41,203,4635,527,203,0,16,10,15,0,0
1233,mild_drift,0.9,0.8176977634429932,0.502687931060791,81,203,3983,458,203,0,43,35,3,0,0
1234,mild_drift,1.0,0.8545840382575989,0.4403218626976013,104,200,3052,283,200,0,48,45,11,0,0
1235,mild_drift,1.0,0.8990605473518372,0.673762857913971,48,212,3519,474,212,0,15,25,8,0,0
1236,mild_drift,1.0,0.8719927668571472,0.3211221694946289,115,201,3256,297,201,0,64,27,24,0,0
1237,mild_drift,1.0,0.895851194858551,0.48932379484176636,66,203,4558,557,203,0,32,16,18,0,0
1238,mild_drift,1.0,1.0652332305908203,0.39191675186157227,102,200,1878,201,200,0,62,30,10,0,0
1239,mild_drift,1.0,1.0194658041000366,0.48523837327957153,85,200,4258,422,200,0,48,14,23,0,0
1240,mild_drift,1.0,0.8847430348396301,0.45699894428253174,96,200,3156,361,200,0,25,46,25,0,0
1241,mild_drift,1.0,0.9874268174171448,0.7306943535804749,74,208,3762,534,208,0,16,32,26,0,0
1242,mild_drift,0.7,0.9479601383209229,0.5219331979751587,88,200,4513,515,200,0,48,30,10,0,0
1243,mild_drift,1.0,0.7469377517700195,0.5144305229187012,64,204,3816,408,204,0,30,16,18,0,0
1244,mild_drift,1.0,0.7939965724945068,0.4983159303665161,71,200,4161,459,200,0,47,14,10,0,0
1245,mild_drift,1.0,0.7767676115036011,0.47601550817489624,116,200,3776,435,200,0,80,26,10,0,0
1246,mild_drift,0.8,0.8178539276123047,0.564094066619873,85,200,4485,551,200,0,32,45,8,0,0
1247,mild_drift,1.0,0.8301554322242737,0.4528729319572449,89,200,2856,251,200,0,16,57,16,0,0
1248,mild_drift,0.8,0.8038379549980164,0.7179357409477234,50,206,4290,499,206,0,15,14,21,0,0
1249,mild_drift,1.0,0.782732367515564,0.49601465463638306,85,201,4192,473,201,0,48,29,8,0,0
1250,mild_drift,1.0,0.9353388547897339,0.4904859662055969,98,200,3395,365,200,0,16,64,18,0,0
1251,mild_drift,1.0,0.8080896735191345,0.5276515483856201,72,202,3643,425,202,0,32,30,10,0,0
1252,mild_drift,0.9,0.7804999351501465,0.6249042749404907,81,211,4585,611,211,0,31,40,10,0,0
1253,mild_drift,0.9,0.8244184851646423,0.5012774467468262,52,201,4619,509,201,0,16,26,10,0,0
1254,mild_drift,1.0,0.8841506242752075,0.6802628040313721,66,202,3412,383,202,0,16,32,18,0,0
1255,mild_drift,0.4,1.0011225938796997,0.6426734328269958,114,207,4426,589,207,0,32,59,23,0,0
1256,mild_drift,1.0,0.8861055374145508,0.33492881059646606,127,200,2912,254,200,0,47,57,23,0,0
1257,mild_drift,1.0,0.9621128439903259,0.5904563665390015,119,200,2957,287,200,0,47,63,9,0,0
1258,mild_drift,0.9,0.86189866065979,0.6981027126312256,109,203,4421,589,203,0,32,57,20,0,0
1259,mild_drift,1.0,0.9300894141197205,0.5242228507995605,59,212,3897,384,212,0,15,28,16,0,0
1260,mild_drift,0.9,0.912168025970459,0.4975074529647827,68,200,3965,450,200,0,16,42,10,0,0
1261,mild_drift,1.0,0.8570331335067749,0.5676177144050598,65,205,4109,482,205,0,16,31,18,0,0
1262,mild_drift,1.0,0.9735410809516907,0.47467970848083496,81,200,3847,383,200,0,16,47,18,0,0
1263,mild_drift,0.9,0.9182546734809875,0.6498469114303589,68,204,3856,459,204,0,16,27,25,0,0
1264,mild_drift,0.9,0.7488077878952026,0.48285651206970215,81,200,4502,484,200,0,32,31,18,0,0
1265,mild_drift,1.0,0.7696754932403564,0.4360824227333069,72,200,3827,361,200,0,32,30,10,0,0
1266,mild_drift,0.5,0.8432561159133911,0.6782689094543457,54,203,4673,584,203,0,16,28,10,0,0
1267,mild_drift,0.6,0.9108003377914429,0.6574138402938843,74,203,4785,561,203,0,32,16,26,0,0
1268,mild_drift,1.0,0.7924972772598267,0.49727922677993774,61,201,4134,403,201,0,16,27,18,0,0
1269,mild_drift,0.9,0.8789966106414795,0.583278238773346,50,201,3510,485,201,0,16,16,18,0,0
1270,mild_drift,0.9,0.8934105634689331,0.45418626070022583,66,200,3724,387,200,0,32,16,18,0,0
1271,mild_drift,1.0,0.8039547204971313,0.3860372304916382,95,200,2762,310,200,0,48,29,18,0,0
1272,mild_drift,1.0,0.9843933582305908,0.5730353593826294,69,204,2767,346,204,0,32,29,8,0,0
1273,mild_drift,1.0,0.8666446805000305,0.5778514742851257,73,202,4175,411,202,0,32,14,27,0,0
1274,mild_drift,1.0,1.001941204071045,0.5833791494369507,54,205,4360,528,205,0,16,12,26,0,0
1275,mild_drift,1.0,0.870703935623169,0.3536686301231384,142,200,3425,284,200,0,96,16,30,0,0
1276,mild_drift,1.0,0.8228486180305481,0.616702675819397,77,201,3012,326,201,0,32,30,15,0,0
1277,mild_drift,0.3,0.8065826892852783,0.6646105647087097,63,205,4628,519,205,0,16,44,3,0,0
1278,mild_drift,1.0,0.9282107949256897,0.5092505216598511,85,204,4040,477,204,0,48,29,8,0,0
1279,mild_drift,1.0,0.9324677586555481,0.5457987785339355,71,201,4060,434,201,0,31,15,25,0,0
1280,mild_drift,0.4,0.9505935311317444,0.6709368228912354,69,205,4669,617,205,0,16,26,27,0,0
1281,mild_drift,1.0,0.8360468149185181,0.5636535286903381,93,200,4594,528,200,0,32,43,18,0,0
1282,mild_drift,1.0,0.9990068674087524,0.5296887755393982,99,200,2850,315,200,0,32,57,10,0,0
1283,mild_drift,0.9,0.8625658750534058,0.596381664276123,101,200,4581,503,200,0,48,30,23,0,0
1284,mild_drift,0.9,0.8656411170959473,0.6850740909576416,58,203,3882,538,203,0,9,29,20,0,0
1285,mild_drift,1.0,0.8362023830413818,0.5509799718856812,49,203,3710,480,203,0,15,24,10,0,0
1286,mild_drift,1.0,0.8552129864692688,0.5956736207008362,81,201,4254,412,201,0,32,31,18,0,0
1287,mild_drift,1.0,0.9228181838989258,0.41801559925079346,103,200,3813,330,200,0,62,26,15,0,0
1288,mild_drift,1.0,0.7638038992881775,0.2952451705932617,104,200,2791,213,200,0,48,46,10,0,0
1289,mild_drift,0.8,1.0693153142929077,0.4717724323272705,83,200,4087,426,200,0,45,23,15,0,0
1290,mild_drift,1.0,0.802668035030365,0.5349925756454468,80,204,3594,376,204,0,62,9,9,0,0
1291,mild_drift,0.8,0.9049647450447083,0.5854319334030151,69,205,4618,508,205,0,16,30,23,0,0
1292,mild_drift,1.0,0.8590340614318848,0.539129376411438,107,200,2968,319,200,0,48,56,3,0,0
1293,mild_drift,1.0,1.0610462427139282,0.6038274168968201,116,201,2626,292,201,0,47,46,23,0,0
1294,mild_drift,0.8,0.8914857506752014,0.5477073192596436,72,202,4242,529,202,0,16,31,25,0,0
1295,mild_drift,0.7,0.9208167791366577,0.6756131052970886,52,217,4892,573,217,0,16,28,8,0,0
1296,mild_drift,1.0,0.6778607964515686,0.43415915966033936,68,200,3558,337,200,0,32,26,10,0,0
1297,mild_drift,1.0,0.8868874907493591,0.6701667308807373,73,204,2898,298,204,0,16,54,3,0,0
1298,mild_drift,0.7,1.0790308713912964,0.5459586381912231,80,204,4401,549,204,0,32,30,18,0,0
1299,mild_drift,1.0,0.9090446829795837,0.6353511810302734,90,202,2727,258,202,0,16,59,15,0,0
1300,mild_drift,1.0,0.9166990518569946,0.5490280985832214,72,203,4048,384,203,0,16,46,10,0,0
1301,mild_drift,1.0,0.936362624168396,0.5883317589759827,64,212,2304,448,212,0,32,16,16,0,0
1302,mild_drift,1.0,1.0287129878997803,0.5746033191680908,89,205,3901,388,205,0,47,16,26,0,0
1303,mild_drift,1.0,0.9291831254959106,0.5995364189147949,61,205,3774,368,205,0,16,27,18,0,0
1304,mild_drift,1.0,0.9873639345169067,0.5317138433456421,73,204,4016,436,204,0,16,32,25,0,0
1305,mild_drift,0.7,0.9728593230247498,0.6643716096878052,57,206,4359,580,206,0,16,26,15,0,0
1306,mild_drift,1.0,0.9366878271102905,0.6639204025268555,83,203,2513,303,203,0,30,31,22,0,0
1307,mild_drift,0.7,0.9845178723335266,0.5969458222389221,93,202,4767,566,202,0,32,43,18,0,0
1308,mild_drift,1.0,0.8496565818786621,0.5620479583740234,95,200,4159,474,200,0,32,60,3,0,0
1309,mild_drift,1.0,0.8313206434249878,0.4739207625389099,65,200,4186,469,200,0,16,31,18,0,0
1310,mild_drift,1.0,0.8857685327529907,0.6344428062438965,73,217,4194,644,217,0,48,10,15,0,0
1311,mild_drift,0.9,1.040198564529419,0.6631536483764648,77,221,5009,587,221,0,16,45,16,0,0
1312,mild_drift,0.9,0.9131425619125366,0.6567451357841492,49,204,4294,518,204,0,9,30,10,0,0
1313,mild_drift,0.6,0.6977065801620483,0.6266940832138062,48,202,4673,607,202,0,32,13,3,0,0
1314,mild_drift,1.0,0.7937261462211609,0.27675485610961914,110,200,3174,274,200,0,32,57,21,0,0
1315,mild_drift,0.9,0.9415684342384338,0.5499312281608582,51,203,4228,499,203,0,16,25,10,0,0
1316,mild_drift,1.0,0.8298147916793823,0.38637518882751465,72,200,3188,301,200,0,16,46,10,0,0
1317,mild_drift,1.0,0.9556859731674194,0.5188416242599487,101,200,4032,464,200,0,32,42,27,0,0
1318,mild_drift,1.0,0.7250913381576538,0.47562175989151,104,200,3941,386,200,0,48,46,10,0,0
1319,mild_drift,0.9,0.8015758991241455,0.5401603579521179,101,200,4622,519,200,0,32,44,25,0,0
1320,mild_drift,0.9,1.0471779108047485,0.6604868173599243,78,204,4393,436,204,0,46,9,23,0,0
1321,mild_drift,1.0,0.8825992345809937,0.5117474794387817,75,200,2411,266,200,0,15,51,9,0,0
1322,mild_drift,1.0,0.7755695581436157,0.4695676565170288,72,201,3531,423,201,0,32,30,10,0,0
1323,mild_drift,0.9,0.968474805355072,0.44025564193725586,149,200,3794,352,200,0,94,40,15,0,0
1324,mild_drift,1.0,0.8130464553833008,0.492958128452301,56,201,4030,361,201,0,16,30,10,0,0
1325,mild_drift,0.8,1.0326982736587524,0.6162145137786865,97,203,4606,577,203,0,32,41,24,0,0
1326,mild_drift,1.0,0.9125406742095947,0.41831105947494507,110,200,3220,282,200,0,32,62,16,0,0
1327,mild_drift,1.0,0.8043016195297241,0.5959045886993408,63,205,4131,497,205,0,32,28,3,0,0
1328,mild_drift,1.0,0.9144165515899658,0.5613850355148315,66,202,4120,432,202,0,16,32,18,0,0
1329,mild_drift,0.9,0.8807312846183777,0.4949316382408142,70,200,4073,478,200,0,16,44,10,0,0
1330,mild_drift,1.0,1.0028208494186401,0.647678554058075,71,202,2743,300,202,0,29,16,26,0,0
1331,mild_drift,1.0,0.9421981573104858,0.5842168927192688,51,204,4243,539,204,0,16,13,22,0,0
1332,mild_drift,1.0,0.8493138551712036,0.544266939163208,62,215,4360,593,215,0,16,30,16,0,0
1333,mild_drift,0.9,0.8997520208358765,0.579595685005188,88,201,4079,412,201,0,30,32,26,0,0
1334,mild_drift,1.0,0.7315309047698975,0.2562134861946106,135,200,3131,314,200,0,95,30,10,0,0
1335,mild_drift,0.6,0.7889400124549866,0.6581333875656128,36,202,4679,603,202,0,15,13,8,0,0
1336,mild_drift,0.6,0.8706210851669312,0.5821307897567749,78,201,3941,475,201,0,48,14,16,0,0
1337,mild_drift,1.0,0.8777164220809937,0.2722720503807068,116,200,2301,251,200,0,60,46,10,0,0
1338,mild_drift,0.7,0.8251729011535645,0.6751765608787537,59,202,4608,531,202,0,14,42,3,0,0
1339,mild_drift,1.0,0.7998724579811096,0.5249666571617126,82,205,4046,482,205,0,32,32,18,0,0
1340,mild_drift,1.0,0.9243308305740356,0.48785024881362915,82,200,4455,528,200,0,48,16,18,0,0
1341,mild_drift,1.0,0.7922614812850952,0.5115436315536499,77,200,3368,318,200,0,47,21,9,0,0
1342,mild_drift,0.9,0.8713675141334534,0.5999086499214172,93,212,4728,534,212,0,16,62,15,0,0
1343,mild_drift,1.0,0.8185625076293945,0.39800870418548584,88,200,4335,441,200,0,48,30,10,0,0
1344,mild_drift,1.0,0.9118155241012573,0.6031039953231812,86,208,3684,477,208,0,48,28,10,0,0
1345,mild_drift,0.9,0.8781883716583252,0.500860869884491,56,200,4326,453,200,0,16,30,10,0,0
1346,mild_drift,0.7,1.1000767946243286,0.7160844802856445,87,211,4347,622,211,0,31,41,15,0,0
1347,mild_drift,1.0,0.8472883105278015,0.5196047425270081,85,201,3924,420,201,0,29,32,24,0,0
1348,mild_drift,0.7,0.7774585485458374,0.5680667161941528,71,211,5084,571,211,0,32,16,23,0,0
1349,mild_drift,1.0,0.8691733479499817,0.47322797775268555,106,200,2921,198,200,0,60,43,3,0,0
1350,mild_drift,0.5,0.6679297089576721,0.6579346060752869,48,203,4435,578,203,0,32,13,3,0,0
1351,mild_drift,1.0,0.8994395732879639,0.5184166431427002,119,201,3313,370,201,0,32,58,29,0,0
1352,mild_drift,0.9,0.9169660210609436,0.5026981830596924,137,200,3750,433,200,0,96,16,25,0,0
1353,mild_drift,0.9,0.9005433917045593,0.6047705411911011,53,216,4763,687,216,0,16,29,8,0,0
1354,mild_drift,1.0,0.7393352389335632,0.6157116293907166,53,202,3637,344,202,0,16,29,8,0,0
1355,mild_drift,0.9,1.090078353881836,0.5660630464553833,110,200,3980,442,200,0,64,30,16,0,0
1356,mild_drift,0.9,0.7721555233001709,0.59522545337677,55,205,4112,516,205,0,16,14,25,0,0
1357,mild_drift,1.0,0.8256085515022278,0.5581463575363159,67,206,4569,572,206,0,16,41,10,0,0
1358,mild_drift,1.0,0.8621174097061157,0.535961389541626,106,201,3801,315,201,0,48,31,27,0,0
1359,mild_drift,0.8,0.8870682120323181,0.42996639013290405,90,200,4239,447,200,0,16,47,27,0,0
1360,mild_drift,1.0,0.8649738430976868,0.5365818738937378,70,203,2942,348,203,0,16,28,26,0,0
1361,mild_drift,0.7,1.016404151916504,0.6327138543128967,81,209,4413,488,209,0,32,30,19,0,0
1362,mild_drift,0.8,0.8063257336616516,0.5482326745986938,95,203,4777,568,203,0,16,61,18,0,0
1363,mild_drift,0.5,0.866599977016449,0.746849536895752,58,204,4139,541,204,0,16,39,3,0,0
1364,mild_drift,0.9,1.0536648035049438,0.6144235134124756,96,200,4414,572,200,0,32,46,18,0,0
1365,mild_drift,0.5,0.8427284359931946,0.5599342584609985,60,200,4440,446,200,0,16,41,3,0,0
1366,mild_drift,1.0,0.9822924733161926,0.6650866270065308,77,202,3101,343,202,0,13,24,40,0,0
1367,mild_drift,1.0,0.8836894035339355,0.6522334814071655,84,204,3991,494,204,0,15,61,8,0,0
1368,mild_drift,1.0,0.984171450138092,0.491388201713562,69,201,4198,446,201,0,15,28,26,0,0
1369,mild_drift,0.9,0.9115788340568542,0.4513341188430786,65,201,4376,463,201,0,16,31,18,0,0
1370,mild_drift,1.0,0.781243085861206,0.6620755195617676,74,202,1456,224,202,0,45,26,3,0,0
1371,mild_drift,0.7,0.9669983386993408,0.5984798669815063,72,206,4815,558,206,0,16,31,25,0,0
1372,mild_drift,0.9,0.8505297899246216,0.4051755666732788,100,201,3966,408,201,0,48,30,22,0,0
1373,mild_drift,1.0,0.9687252640724182,0.5141462087631226,97,200,3235,434,200,0,32,47,18,0,0
1374,mild_drift,1.0,0.876044511795044,0.48884260654449463,86,200,4246,443,200,0,16,60,10,0,0
1375,mild_drift,0.7,0.958816409111023,0.7169918417930603,70,209,4669,572,209,0,32,23,15,0,0
1376,mild_drift,1.0,0.8982276320457458,0.5092822909355164,72,201,3567,326,201,0,32,30,10,0,0
1377,mild_drift,1.0,1.0944914817810059,0.6976047158241272,78,201,3381,268,201,0,32,37,9,0,0
1378,mild_drift,1.0,0.8272759914398193,0.3662447929382324,148,200,3788,311,200,0,61,61,26,0,0
1379,mild_drift,0.9,0.947151780128479,0.4687879681587219,86,201,4372,412,201,0,48,28,10,0,0
1380,mild_drift,1.0,0.8848985433578491,0.3969956636428833,86,200,3665,342,200,0,32,44,10,0,0
1381,mild_drift,1.0,0.9326124787330627,0.49630337953567505,56,200,2996,281,200,0,14,29,13,0,0
1382,mild_drift,1.0,0.9745361804962158,0.4832487106323242,145,200,3714,260,200,0,92,45,8,0,0
1383,mild_drift,0.9,0.8303505182266235,0.4654587507247925,81,200,4054,399,200,0,32,31,18,0,0
1384,mild_drift,1.0,0.904937744140625,0.3552517294883728,101,200,3365,291,200,0,48,45,8,0,0
1385,mild_drift,1.0,1.023167371749878,0.3977327346801758,93,200,3323,305,200,0,32,46,15,0,0
1386,mild_drift,1.0,0.8620073199272156,0.5504946112632751,54,200,3894,415,200,0,16,28,10,0,0
1387,mild_drift,0.8,0.8848994970321655,0.5963619947433472,69,206,4700,524,206,0,16,43,10,0,0
1388,mild_drift,1.0,0.8470607995986938,0.6103391647338867,55,201,3265,258,201,0,16,16,23,0,0
1389,mild_drift,1.0,1.0617181062698364,0.4911324977874756,110,200,3292,370,200,0,48,42,20,0,0
1390,mild_drift,0.5,0.8454269170761108,0.6199914216995239,71,202,4579,536,202,0,16,45,10,0,0
1391,mild_drift,0.9,1.0396919250488281,0.6049031019210815,70,202,4693,558,202,0,16,39,15,0,0
1392,mild_drift,0.6,0.8699483275413513,0.5088448524475098,100,201,4475,527,201,0,64,16,20,0,0
1393,mild_drift,0.9,1.000572681427002,0.7365649938583374,63,204,3884,538,204,0,16,25,22,0,0
1394,mild_drift,1.0,0.8663405179977417,0.5797684788703918,72,206,3463,488,206,0,48,14,10,0,0
1395,mild_drift,0.7,0.9249845743179321,0.6278401017189026,73,202,4570,575,202,0,32,16,25,0,0
1396,mild_drift,0.8,0.9490902423858643,0.588284969329834,96,200,3935,435,200,0,32,44,20,0,0
1397,mild_drift,1.0,0.9146934151649475,0.5333582162857056,117,202,3761,442,202,0,64,43,10,0,0
1398,mild_drift,0.9,0.7239478230476379,0.48244744539260864,54,201,4481,453,201,0,16,28,10,0,0
1399,mild_drift,0.7,0.7792969942092896,0.6646645069122314,45,202,4500,562,202,0,16,26,3,0,0
1400,mild_drift,0.9,0.8168550133705139,0.6279544234275818,98,204,4259,484,204,0,32,31,35,0,0
1401,mild_drift,1.0,0.7690303921699524,0.24000978469848633,104,200,3245,214,200,0,48,46,10,0,0
1402,mild_drift,1.0,0.8994494080543518,0.6604960560798645,56,203,3565,375,203,0,16,30,10,0,0
1403,mild_drift,1.0,0.8461238145828247,0.5536467432975769,70,208,3308,447,208,0,16,30,24,0,0
1404,mild_drift,0.8,0.7228150367736816,0.5549004077911377,62,200,4207,409,200,0,16,43,3,0,0
1405,mild_drift,0.8,0.897598147392273,0.6045452952384949,54,205,4556,589,205,0,16,28,10,0,0
1406,mild_drift,1.0,0.7926459312438965,0.506456732749939,88,200,4683,605,200,0,32,46,10,0,0
1407,mild_drift,1.0,0.9613775014877319,0.7110726833343506,103,210,4182,576,210,0,64,16,23,0,0
1408,mild_drift,0.9,0.9493849277496338,0.5167700052261353,121,200,3866,397,200,0,61,44,16,0,0
1409,mild_drift,1.0,0.7600789070129395,0.5664718151092529,95,201,4103,418,201,0,32,60,3,0,0
1410,mild_drift,0.8,1.0156316757202148,0.6583856344223022,85,202,4433,508,202,0,31,31,23,0,0
1411,mild_drift,1.0,1.0264514684677124,0.7106914520263672,110,213,3376,502,213,0,62,30,18,0,0
1412,mild_drift,1.0,0.9291062951087952,0.5888333320617676,48,203,3053,413,203,0,16,16,16,0,0
1413,mild_drift,0.6,0.823229193687439,0.745764970779419,44,202,4624,555,202,0,16,25,3,0,0
1414,mild_drift,1.0,0.8151845335960388,0.4821898937225342,68,204,4429,410,204,0,16,28,24,0,0
1415,mild_drift,1.0,0.7825616002082825,0.36640381813049316,52,200,3206,290,200,0,16,26,10,0,0
1416,mild_drift,1.0,0.835861086845398,0.5303892493247986,70,200,3380,314,200,0,32,28,10,0,0
1417,mild_drift,0.7,1.0043277740478516,0.619317889213562,59,208,4817,572,208,0,14,29,16,0,0
1418,mild_drift,0.8,0.9849984049797058,0.5362879037857056,66,200,4525,584,200,0,16,16,34,0,0
1419,mild_drift,1.0,0.9635506272315979,0.5276575088500977,73,200,3490,397,200,0,29,28,16,0,0
1420,mild_drift,1.0,0.6579604744911194,0.6579604744911194,32,206,2315,378,206,0,16,13,3,0,0
1421,mild_drift,1.0,1.013776421546936,0.4365984797477722,98,201,3307,282,201,0,16,56,26,0,0
1422,mild_drift,1.0,0.9925566911697388,0.5191348791122437,55,203,3832,306,203,0,16,14,25,0,0
1423,mild_drift,1.0,0.7738539576530457,0.4194331169128418,97,201,3773,393,201,0,48,31,18,0,0
1424,mild_drift,1.0,0.8699253797531128,0.49514132738113403,74,200,2922,294,200,0,43,13,18,0,0
1425,mild_drift,1.0,0.7733140587806702,0.5091737508773804,87,201,3715,442,201,0,16,46,25,0,0
1426,mild_drift,0.8,0.9298999309539795,0.5822668671607971,87,212,3891,444,212,0,32,16,39,0,0
1427,mild_drift,0.9,0.9130696058273315,0.6639743447303772,65,202,4176,559,202,0,32,13,20,0,0
1428,mild_drift,1.0,0.8602654337882996,0.721806526184082,71,210,3567,515,210,0,16,45,10,0,0
1429,mild_drift,1.0,0.897213339805603,0.5073603391647339,121,200,3352,300,200,0,66,45,10,0,0
1430,mild_drift,0.7,0.7509056329727173,0.6509876251220703,89,206,4979,660,206,0,32,54,3,0,0
1431,mild_drift,0.5,0.9896770119667053,0.6704573035240173,80,206,4450,598,206,0,16,43,21,0,0
1432,mild_drift,1.0,0.7958097457885742,0.4102506637573242,116,202,4244,447,202,0,61,29,26,0,0
1433,mild_drift,1.0,0.9610559940338135,0.4389132261276245,78,200,3754,384,200,0,29,29,20,0,0
1434,mild_drift,1.0,0.9958217740058899,0.6994931697845459,71,201,3367,379,201,0,31,37,3,0,0
1435,mild_drift,1.0,0.857561469078064,0.3459746837615967,89,200,3327,238,200,0,48,16,25,0,0
1436,mild_drift,1.0,0.9134648442268372,0.5429322719573975,100,201,4242,506,201,0,16,60,24,0,0
1437,mild_drift,1.0,0.7482701539993286,0.38367754220962524,72,200,3197,264,200,0,32,30,10,0,0
1438,mild_drift,1.0,0.8574562668800354,0.3480873107910156,56,200,3168,220,200,0,16,30,10,0,0
1439,mild_drift,0.9,0.7846745252609253,0.5104015469551086,111,200,4324,440,200,0,16,70,25,0,0
1440,mild_drift,0.7,0.9379991888999939,0.6969892978668213,62,212,4395,462,212,0,16,30,16,0,0
1441,mild_drift,1.0,0.9992367625236511,0.564937949180603,68,205,3871,430,205,0,32,14,22,0,0
1442,mild_drift,1.0,0.9129509329795837,0.5312149524688721,82,202,2642,303,202,0,32,32,18,0,0
1443,mild_drift,1.0,0.9506702423095703,0.6690547466278076,88,201,3432,360,201,0,64,13,11,0,0
1444,mild_drift,1.0,0.9543694853782654,0.566630482673645,69,201,3007,288,201,0,32,29,8,0,0
1445,mild_drift,0.8,0.863563060760498,0.5622438788414001,66,201,4472,530,201,0,16,32,18,0,0
1446,mild_drift,1.0,0.6139901876449585,0.41283828020095825,76,200,4076,430,200,0,45,28,3,0,0
1447,mild_drift,1.0,0.7773628830909729,0.5994946360588074,88,201,4411,465,201,0,16,69,3,0,0
1448,mild_drift,1.0,0.7935008406639099,0.47949957847595215,49,203,3297,311,203,0,9,30,10,0,0
1449,mild_drift,1.0,0.7449299693107605,0.5717787146568298,78,207,3708,466,207,0,62,13,3,0,0
1450,mild_drift,1.0,0.8228057622909546,0.5104355216026306,98,203,4322,523,203,0,48,32,18,0,0
1451,mild_drift,0.9,0.9378222227096558,0.5745819807052612,49,204,4080,426,204,0,9,30,10,0,0
1452,mild_drift,1.0,0.9992026686668396,0.48691731691360474,103,200,3031,323,200,0,48,30,25,0,0
1453,mild_drift,0.5,0.853266716003418,0.6300421953201294,112,201,4335,540,201,0,16,78,18,0,0
1454,mild_drift,1.0,1.1125519275665283,0.6305124759674072,74,201,3391,419,201,0,16,32,26,0,0
1455,mild_drift,0.7,0.9202284216880798,0.5418164730072021,72,202,4167,458,202,0,32,30,10,0,0
1456,mild_drift,1.0,0.8863160610198975,0.5139213800430298,49,204,4013,388,204,0,9,30,10,0,0
1457,mild_drift,0.8,0.8599554300308228,0.4946035146713257,79,201,3880,406,201,0,39,30,10,0,0
1458,mild_drift,0.9,0.7274893522262573,0.535079300403595,68,201,4493,537,201,0,32,16,20,0,0
1459,mild_drift,1.0,1.0338184833526611,0.688091516494751,70,210,3473,496,210,0,16,30,24,0,0
1460,mild_drift,0.7,0.7765020728111267,0.666367769241333,60,206,4779,594,206,0,16,41,3,0,0
1461,mild_drift,0.5,0.822563111782074,0.5838334560394287,102,203,4519,592,203,0,48,51,3,0,0
1462,mild_drift,1.0,0.7669450044631958,0.4068171977996826,88,200,3212,426,200,0,48,30,10,0,0
1463,mild_drift,0.6,0.9612185955047607,0.7571951150894165,50,210,4642,607,210,0,16,16,18,0,0
1464,mild_drift,1.0,0.8488739728927612,0.42757999897003174,70,200,3693,419,200,0,32,28,10,0,0
1465,mild_drift,1.0,0.8994800448417664,0.5312821269035339,55,201,3833,389,201,0,31,14,10,0,0
1466,mild_drift,1.0,0.8110291957855225,0.5187405943870544,71,207,4421,473,207,0,32,14,25,0,0
1467,mild_drift,0.4,1.1598577499389648,0.7207654714584351,57,210,4599,617,210,0,30,14,13,0,0
1468,mild_drift,1.0,1.0240604877471924,0.5399547815322876,87,200,3474,353,200,0,32,30,25,0,0
1469,mild_drift,0.6,0.9609842896461487,0.5343602895736694,95,205,4799,509,205,0,30,45,20,0,0
1470,mild_drift,0.8,0.811456024646759,0.5673257112503052,66,201,4748,555,201,0,16,28,22,0,0
1471,mild_drift,0.9,0.9872807860374451,0.7250003814697266,70,205,3331,492,205,0,16,44,10,0,0
1472,mild_drift,1.0,0.9807566404342651,0.5033120512962341,72,201,3947,359,201,0,32,30,10,0,0
1473,mild_drift,1.0,1.003580093383789,0.5004298686981201,123,200,3625,292,200,0,48,57,18,0,0
1474,mild_drift,0.6,0.9425016641616821,0.6220883131027222,69,204,4598,539,204,0,16,29,24,0,0
1475,mild_drift,0.7,0.9334999918937683,0.5291445255279541,72,201,4586,496,201,0,16,46,10,0,0
1476,mild_drift,0.9,0.9089562296867371,0.516877293586731,85,201,4483,474,201,0,32,43,10,0,0
1477,mild_drift,1.0,0.7706392407417297,0.5935666561126709,66,207,3648,396,207,0,16,32,18,0,0
1478,mild_drift,0.9,0.8871448040008545,0.3810228705406189,97,201,4092,416,201,0,29,60,8,0,0
1479,mild_drift,1.0,0.9400988817214966,0.6566283702850342,60,212,4122,589,212,0,16,16,28,0,0
1480,mild_drift,1.0,0.8975250720977783,0.569378137588501,74,205,4167,536,205,0,32,16,26,0,0
1481,mild_drift,0.7,0.8503334522247314,0.6101236343383789,36,204,4094,531,204,0,15,13,8,0,0
1482,mild_drift,1.0,0.8648325204849243,0.5586766004562378,120,200,3713,353,200,0,48,44,28,0,0
1483,mild_drift,1.0,1.0159013271331787,0.4995384216308594,59,201,3078,274,201,0,13,37,9,0,0
1484,mild_drift,0.8,0.9259791374206543,0.67438805103302,84,203,4868,619,203,0,16,60,8,0,0
1485,mild_drift,1.0,0.8202582597732544,0.5328642725944519,72,201,3531,307,201,0,32,30,10,0,0
1486,mild_drift,0.7,1.1637998819351196,0.573846697807312,63,215,4747,563,215,0,16,27,20,0,0
1487,mild_drift,1.0,1.0781407356262207,0.649815022945404,54,207,4315,479,207,0,16,25,13,0,0
1488,mild_drift,0.8,1.0152955055236816,0.7278482913970947,92,207,3939,538,207,0,32,42,18,0,0
1489,mild_drift,1.0,1.0068639516830444,0.5928462743759155,93,215,3278,484,215,0,48,30,15,0,0
1490,mild_drift,1.0,1.0875169038772583,0.6643707752227783,73,202,4437,580,202,0,48,10,15,0,0
1491,mild_drift,1.0,0.8189895153045654,0.526034951210022,94,201,3592,452,201,0,15,61,18,0,0
1492,mild_drift,1.0,0.8136597871780396,0.4456408619880676,68,201,3561,340,201,0,32,26,10,0,0
1493,mild_drift,1.0,0.8424553275108337,0.6877790689468384,56,207,3926,448,207,0,16,30,10,0,0
1494,mild_drift,0.8,0.9478449821472168,0.5910266637802124,53,206,4511,518,206,0,16,29,8,0,0
1495,mild_drift,1.0,0.8510255813598633,0.528523325920105,86,208,4257,426,208,0,16,45,25,0,0
1496,mild_drift,0.8,0.9146448969841003,0.5739556550979614,65,204,4562,583,204,0,16,31,18,0,0
1497,mild_drift,1.0,0.9897822141647339,0.6168214082717896,83,222,3618,644,222,0,16,47,20,0,0
1498,mild_drift,1.0,0.8619125485420227,0.5002511739730835,80,200,3524,383,200,0,32,32,16,0,0
1499,mild_drift,1.0,0.850902795791626,0.4342503547668457,79,200,3258,286,200,0,47,16,16,0,0
1500,mild_drift,1.0,0.8474658727645874,0.40466564893722534,86,200,3005,351,200,0,16,60,10,0,0
1501,mild_drift,0.9,1.0887250900268555,0.7001153230667114,77,212,3946,577,212,0,16,46,15,0,0
1502,mild_drift,1.0,0.9904157519340515,0.6109751462936401,99,201,3409,344,201,0,48,30,21,0,0
1503,mild_drift,0.9,0.7629415988922119,0.5470681190490723,146,208,4709,467,208,0,64,72,10,0,0
1504,mild_drift,1.0,0.8782566785812378,0.5976425409317017,79,204,4754,566,204,0,48,13,18,0,0
1505,mild_drift,1.0,0.9340932369232178,0.4537288546562195,132,201,3637,311,201,0,48,59,25,0,0
1506,mild_drift,0.8,0.9648095369338989,0.6224726438522339,64,203,4338,470,203,0,16,30,18,0,0
1507,mild_drift,1.0,0.8159386515617371,0.5232905149459839,79,202,3739,325,202,0,32,39,8,0,0
1508,mild_drift,1.0,0.8693566918373108,0.5438657999038696,48,202,3176,283,202,0,30,9,9,0,0
1509,mild_drift,0.9,0.9160971641540527,0.49075692892074585,50,200,4032,368,200,0,16,16,18,0,0
1510,mild_drift,0.9,1.1442822217941284,0.5409520864486694,94,202,4216,466,202,0,64,14,16,0,0
1511,mild_drift,1.0,0.9985853433609009,0.7087966799736023,55,203,3085,344,203,0,16,16,23,0,0
1512,mild_drift,0.9,0.8101973533630371,0.5550475120544434,81,204,4722,504,204,0,16,47,18,0,0
1513,mild_drift,0.6,0.9754113554954529,0.7035799026489258,40,211,5154,605,211,0,16,14,10,0,0
1514,mild_drift,1.0,0.8873758912086487,0.4889659881591797,120,200,3044,329,200,0,80,30,10,0,0
1515,mild_drift,0.8,0.7961792945861816,0.656267523765564,90,202,4237,550,202,0,61,26,3,0,0
1516,mild_drift,0.8,0.867981493473053,0.6279797554016113,67,202,4694,497,202,0,16,43,8,0,0
1517,mild_drift,1.0,0.8900420665740967,0.40274202823638916,88,200,3407,308,200,0,32,46,10,0,0
1518,mild_drift,0.8,0.8362022638320923,0.5771052837371826,66,202,4192,464,202,0,16,41,9,0,0
1519,mild_drift,1.0,0.9448263049125671,0.5404780507087708,113,200,4145,393,200,0,64,41,8,0,0
1520,mild_drift,1.0,0.9181745052337646,0.636932373046875,54,205,3229,385,205,0,16,28,10,0,0
1521,mild_drift,1.0,0.8523800373077393,0.3671686053276062,70,200,3766,405,200,0,32,28,10,0,0
1522,mild_drift,1.0,0.8112301826477051,0.6369190812110901,110,206,3666,523,206,0,94,13,3,0,0
1523,mild_drift,1.0,0.930425226688385,0.4431697726249695,76,200,3105,310,200,0,32,27,17,0,0
1524,mild_drift,1.0,0.9310883283615112,0.6231382489204407,105,203,3535,480,203,0,31,47,27,0,0
1525,mild_drift,1.0,0.7877479195594788,0.10934436321258545,117,200,2068,176,200,0,63,44,10,0,0
1526,mild_drift,1.0,0.9719116687774658,0.4746246933937073,126,200,4066,422,200,0,45,59,22,0,0
1527,mild_drift,1.0,0.9114564657211304,0.6042722463607788,59,202,3949,406,202,0,16,12,31,0,0
1528,mild_drift,1.0,0.8567811250686646,0.4084361791610718,101,200,3797,386,200,0,32,44,25,0,0
1529,mild_drift,1.0,0.8087332248687744,0.6223983764648438,55,209,3505,490,209,0,16,16,23,0,0
1530,mild_drift,0.7,0.7222299575805664,0.5564875602722168,63,204,3879,580,204,0,16,44,3,0,0
1531,mild_drift,1.0,1.121760368347168,0.452023446559906,85,200,1640,167,200,0,26,43,16,0,0
1532,mild_drift,1.0,0.7667969465255737,0.5681172013282776,95,203,4286,463,203,0,63,16,16,0,0
1533,mild_drift,0.9,0.765246570110321,0.6308268308639526,48,204,4302,576,204,0,16,29,3,0,0
1534,mild_drift,1.0,0.8826051354408264,0.4738232493400574,71,200,3729,288,200,0,32,14,25,0,0
1535,mild_drift,1.0,0.8522408604621887,0.5407795310020447,66,201,3626,391,201,0,16,28,22,0,0
1536,mild_drift,1.0,0.8288463354110718,0.5889252424240112,85,201,3637,450,201,0,32,43,10,0,0
1537,mild_drift,0.9,0.7915362119674683,0.5835001468658447,56,200,4441,449,200,0,16,30,10,0,0
1538,mild_drift,1.0,0.8022566437721252,0.596964418888092,72,202,3523,318,202,0,16,46,10,0,0
1539,mild_drift,0.7,1.0377781391143799,0.6271777153015137,85,203,4576,554,203,0,16,26,43,0,0
1540,mild_drift,1.0,0.7664161920547485,0.5484630465507507,70,200,3827,441,200,0,30,30,10,0,0
1541,mild_drift,1.0,0.9122142195701599,0.3981301784515381,82,200,3477,302,200,0,48,16,18,0,0
1542,mild_drift,1.0,0.8407937288284302,0.50229811668396,98,207,2831,507,207,0,64,16,18,0,0
1543,mild_drift,1.0,0.9367930293083191,0.4901086688041687,81,204,4014,449,204,0,16,47,18,0,0
1544,mild_drift,0.7,0.8577879667282104,0.468599796295166,96,200,4040,482,200,0,48,32,16,0,0
1545,mild_drift,1.0,0.8753871917724609,0.6300665140151978,102,207,2679,370,207,0,48,31,23,0,0
1546,mild_drift,0.9,0.8516590595245361,0.5104753375053406,66,205,4167,467,205,0,32,16,18,0,0
1547,mild_drift,1.0,0.8329057693481445,0.324074923992157,87,200,2957,283,200,0,32,30,25,0,0
1548,mild_drift,1.0,0.8217997550964355,0.66988205909729,32,202,4374,349,202,0,14,9,9,0,0
1549,mild_drift,1.0,1.0986545085906982,0.6865898370742798,74,210,3849,485,210,0,16,42,16,0,0
1550,mild_drift,1.0,0.9074074029922485,0.3710671663284302,88,200,3643,341,200,0,48,30,10,0,0
1551,mild_drift,0.9,0.8233644962310791,0.579289436340332,82,204,4548,523,204,0,32,42,8,0,0
1552,mild_drift,0.7,0.9771093130111694,0.6155248880386353,58,203,4089,473,203,0,16,16,26,0,0
1553,mild_drift,1.0,0.8862107396125793,0.5897034406661987,93,202,3464,405,202,0,16,50,27,0,0
1554,mild_drift,1.0,0.7611283659934998,0.5808795690536499,78,200,3619,391,200,0,32,43,3,0,0
1555,mild_drift,1.0,1.099015474319458,0.5897910594940186,83,204,4055,326,204,0,16,47,20,0,0
1556,mild_drift,0.8,0.9405949115753174,0.6442785263061523,87,202,4221,469,202,0,48,16,23,0,0
1557,mild_drift,0.9,0.9814307689666748,0.7257575988769531,84,201,4308,501,201,0,63,13,8,0,0
1558,mild_drift,0.9,0.8101485967636108,0.4782979488372803,70,202,4701,587,202,0,14,46,10,0,0
1559,mild_drift,0.6,0.9779561161994934,0.6579945683479309,108,205,4445,586,205,0,46,54,8,0,0
1560,mild_drift,0.6,0.7734242081642151,0.4800519347190857,83,200,4900,561,200,0,47,26,10,0,0
1561,mild_drift,0.9,0.6400913000106812,0.6043742895126343,48,205,4826,608,205,0,32,13,3,0,0
1562,mild_drift,1.0,0.8618059158325195,0.44427329301834106,79,200,2497,259,200,0,13,50,16,0,0
1563,mild_drift,0.9,0.9514920115470886,0.49333012104034424,104,200,4390,480,200,0,64,30,10,0,0
1564,mild_drift,0.9,0.7644647359848022,0.6202790141105652,61,207,2307,459,207,0,16,42,3,0,0
1565,mild_drift,1.0,0.8478808403015137,0.5199072360992432,123,201,4366,474,201,0,16,74,33,0,0
1566,mild_drift,0.9,0.9791677594184875,0.7327370047569275,48,202,4148,498,202,0,30,9,9,0,0
1567,mild_drift,0.7,0.9430739879608154,0.6838477849960327,43,204,4505,612,204,0,13,13,17,0,0
1568,mild_drift,1.0,0.8867278695106506,0.5779762864112854,61,204,3475,454,204,0,16,30,15,0,0
1569,mild_drift,0.9,0.9278821349143982,0.5276390314102173,97,200,3423,336,200,0,32,47,18,0,0
1570,mild_drift,1.0,0.9739564061164856,0.6916977167129517,55,202,3278,390,202,0,16,24,15,0,0
1571,mild_drift,1.0,0.9224057197570801,0.5393896698951721,60,201,3804,411,201,0,16,26,18,0,0
1572,mild_drift,1.0,0.9456756711006165,0.5636028051376343,124,200,3244,347,200,0,31,83,10,0,0
1573,mild_drift,0.8,0.858254611492157,0.6191127300262451,65,205,4830,576,205,0,25,30,10,0,0
1574,mild_drift,1.0,0.9486316442489624,0.7049769163131714,68,204,2646,285,204,0,16,41,11,0,0
1575,mild_drift,1.0,0.7532361745834351,0.3425648808479309,87,200,2814,267,200,0,32,30,25,0,0
1576,mild_drift,1.0,0.8645181655883789,0.6148325204849243,61,204,3661,417,204,0,16,15,30,0,0
1577,mild_drift,1.0,0.8399113416671753,0.4488797187805176,66,200,4134,385,200,0,32,16,18,0,0
1578,mild_drift,1.0,0.9885404109954834,0.5859591960906982,51,201,4173,328,201,0,16,13,22,0,0
1579,mild_drift,0.6,0.8812048435211182,0.6435327529907227,104,211,4707,554,211,0,16,85,3,0,0
1580,mild_drift,0.7,0.9559691548347473,0.5471807718276978,86,201,4690,554,201,0,32,44,10,0,0
1581,mild_drift,0.5,0.9136011600494385,0.6268190145492554,97,208,4796,594,208,0,32,41,24,0,0
1582,mild_drift,1.0,0.9324865937232971,0.5256425142288208,80,200,3605,341,200,0,31,31,18,0,0
1583,mild_drift,1.0,0.9700520038604736,0.4303026795387268,87,200,3824,398,200,0,32,45,10,0,0
1584,mild_drift,1.0,0.7925617694854736,0.6149040460586548,56,210,2478,454,210,0,32,14,10,0,0
1585,mild_drift,1.0,0.8353914618492126,0.49725884199142456,88,203,4172,559,203,0,16,62,10,0,0
1586,mild_drift,1.0,0.8131710290908813,0.45356398820877075,72,200,3752,397,200,0,32,30,10,0,0
1587,mild_drift,0.9,0.9910041689872742,0.5941251516342163,79,206,4613,593,206,0,32,29,18,0,0
1588,mild_drift,0.8,0.7058249711990356,0.5939490795135498,62,200,4242,401,200,0,32,27,3,0,0
1589,mild_drift,1.0,0.8844910860061646,0.5348111391067505,69,201,4419,434,201,0,32,29,8,0,0
1590,mild_drift,1.0,0.8485711216926575,0.4080349802970886,158,200,3651,332,200,0,48,92,18,0,0
1591,mild_drift,0.8,0.9844710826873779,0.5999765396118164,112,200,4363,476,200,0,47,47,18,0,0
1592,mild_drift,1.0,0.9047539234161377,0.6414562463760376,73,208,4107,541,208,0,13,30,30,0,0
1593,mild_drift,1.0,0.9669963717460632,0.4432342052459717,125,200,3554,291,200,0,79,16,30,0,0
1594,mild_drift,1.0,0.8194587826728821,0.5141901969909668,109,202,4251,504,202,0,16,75,18,0,0
1595,mild_drift,1.0,0.8105467557907104,0.5515785217285156,102,207,4373,555,207,0,16,60,26,0,0
1596,mild_drift,0.7,0.7961699962615967,0.6174418926239014,95,202,4631,517,202,0,48,44,3,0,0
1597,mild_drift,1.0,1.0008832216262817,0.8033866286277771,46,202,2319,196,202,0,16,11,19,0,0
1598,mild_drift,1.0,0.7602101564407349,0.5593903660774231,81,203,3811,422,203,0,41,30,10,0,0
1599,mild_drift,1.0,0.7432507276535034,0.4206375479698181,126,200,4018,348,200,0,95,28,3,0,0
1600,mild_drift,1.0,0.8514682650566101,0.3022603392601013,88,200,1907,163,200,0,48,37,3,0,0
1601,mild_drift,1.0,0.9737745523452759,0.6217364072799683,56,202,3438,404,202,0,13,16,27,0,0
1602,mild_drift,1.0,0.9034689664840698,0.49626457691192627,82,203,3597,397,203,0,48,16,18,0,0
1603,mild_drift,1.0,0.9452598094940186,0.6154302358627319,77,203,4111,399,203,0,16,43,18,0,0
1604,mild_drift,1.0,0.9457874894142151,0.4679781198501587,96,200,3822,402,200,0,45,29,22,0,0
1605,mild_drift,0.9,0.8419654369354248,0.6704619526863098,73,208,4756,536,208,0,16,26,31,0,0
1606,mild_drift,1.0,0.8019431829452515,0.6235365867614746,45,201,3929,455,201,0,16,26,3,0,0
1607,mild_drift,1.0,0.8616294860839844,0.3855857253074646,87,201,3394,317,201,0,32,30,25,0,0
1608,mild_drift,1.0,1.050918698310852,0.5230953097343445,67,200,2640,263,200,0,26,26,15,0,0
1609,mild_drift,1.0,0.9040669798851013,0.31235039234161377,65,200,2325,218,200,0,25,30,10,0,0
1610,mild_drift,0.6,0.8798968195915222,0.6799380779266357,87,219,5152,610,219,0,32,31,24,0,0
1611,mild_drift,1.0,0.9227855801582336,0.6951889991760254,62,204,3863,455,204,0,16,43,3,0,0
1612,mild_drift,0.7,0.865699827671051,0.6135058999061584,62,202,4135,545,202,0,30,16,16,0,0
1613,mild_drift,1.0,0.9872661232948303,0.421100914478302,141,200,3532,258,200,0,48,75,18,0,0
1614,mild_drift,1.0,0.9191945195198059,0.6303731203079224,60,203,2904,295,203,0,16,26,18,0,0
1615,mild_drift,1.0,0.7582389116287231,0.6714541912078857,74,204,4038,441,204,0,45,26,3,0,0
1616,mild_drift,1.0,0.7866063714027405,0.42904579639434814,77,200,2870,296,200,0,32,16,29,0,0
1617,mild_drift,1.0,0.8555507659912109,0.233697772026062,80,200,2767,219,200,0,42,28,10,0,0
1618,mild_drift,1.0,0.9849278330802917,0.47480642795562744,111,200,3592,361,200,0,32,46,33,0,0
1619,mild_drift,1.0,1.0183500051498413,0.5501843690872192,87,200,3145,357,200,0,32,31,24,0,0
1620,mild_drift,1.0,0.9686689376831055,0.6086959838867188,78,205,3963,515,205,0,28,40,10,0,0
1621,mild_drift,0.7,0.8964661955833435,0.7421505451202393,72,213,4569,578,213,0,16,32,24,0,0
1622,mild_drift,0.9,0.9632087349891663,0.45097804069519043,65,214,4619,535,214,0,16,31,18,0,0
1623,mild_drift,0.8,0.8629435300827026,0.6179147958755493,88,204,4237,441,204,0,32,46,10,0,0
1624,mild_drift,0.9,0.8469082713127136,0.7339023947715759,48,206,4245,494,206,0,16,16,16,0,0
1625,mild_drift,1.0,0.7911061644554138,0.4774419665336609,74,200,2741,347,200,0,9,45,20,0,0
1626,mild_drift,1.0,0.7388758659362793,0.5147494077682495,101,200,3674,369,200,0,16,75,10,0,0
1627,mild_drift,1.0,0.9248870015144348,0.5196852684020996,91,200,2630,287,200,0,47,28,16,0,0
1628,mild_drift,0.7,1.0249158143997192,0.6569509506225586,66,201,4269,558,201,0,32,16,18,0,0
1629,mild_drift,1.0,1.003605842590332,0.5209846496582031,97,201,2950,280,201,0,16,73,8,0,0
1630,mild_drift,1.0,0.8756837248802185,0.5971003770828247,121,200,4197,436,200,0,78,35,8,0,0
1631,mild_drift,0.8,0.8331203460693359,0.4333500862121582,159,203,4500,423,203,0,94,47,18,0,0
1632,mild_drift,0.9,0.750159740447998,0.597099781036377,121,201,4552,565,201,0,64,54,3,0,0
1633,mild_drift,1.0,0.8191052675247192,0.6455669403076172,88,203,3850,383,203,0,12,61,15,0,0
1634,mild_drift,0.6,1.038627028465271,0.5701668858528137,72,201,4483,512,201,0,16,30,26,0,0
1635,mild_drift,0.9,0.7022716999053955,0.4502056837081909,110,200,4625,465,200,0,48,44,18,0,0
1636,mild_drift,1.0,0.8883419036865234,0.5726155042648315,93,201,2582,277,201,0,47,43,3,0,0
1637,mild_drift,1.0,0.8553421497344971,0.4600091576576233,97,201,4203,441,201,0,48,31,18,0,0
1638,mild_drift,0.5,0.7922922372817993,0.662962794303894,52,228,5250,621,228,0,31,13,8,0,0
1639,mild_drift,1.0,0.8207622766494751,0.4548496603965759,66,200,3786,340,200,0,16,28,22,0,0
1640,mild_drift,1.0,0.8425896167755127,0.37562453746795654,81,200,2695,295,200,0,41,30,10,0,0
1641,mild_drift,1.0,0.8726048469543457,0.4883982539176941,111,200,2652,294,200,0,31,57,23,0,0
1642,mild_drift,1.0,1.00691819190979,0.642475962638855,98,202,3141,341,202,0,32,31,35,0,0
1643,mild_drift,0.9,0.8773106336593628,0.5438004732131958,66,200,4241,526,200,0,32,16,18,0,0
1644,mild_drift,1.0,0.7983694076538086,0.4977140426635742,101,201,3678,334,201,0,30,46,25,0,0
1645,mild_drift,1.0,0.8915376663208008,0.5396174192428589,74,201,2176,262,201,0,13,29,32,0,0
1646,mild_drift,1.0,0.858045220375061,0.44147270917892456,87,200,3908,382,200,0,32,30,25,0,0
1647,mild_drift,0.5,0.7504697442054749,0.5901752710342407,104,200,4629,589,200,0,48,46,10,0,0
1648,mild_drift,0.8,0.8976269960403442,0.5290124416351318,85,207,4613,540,207,0,48,29,8,0,0
1649,mild_drift,0.7,1.1471319198608398,0.6662288904190063,93,201,3873,559,201,0,16,42,35,0,0
1650,mild_drift,0.9,0.9756706357002258,0.5560909509658813,70,200,4652,546,200,0,32,28,10,0,0
1651,mild_drift,1.0,0.8846408128738403,0.5365602374076843,93,201,4058,336,201,0,32,46,15,0,0
1652,mild_drift,1.0,0.7571933269500732,0.5205017924308777,113,201,3566,367,201,0,32,71,10,0,0
1653,mild_drift,1.0,0.8932831287384033,0.4704495072364807,95,200,2824,320,200,0,61,16,18,0,0
1654,mild_drift,0.9,0.8517182469367981,0.5769085884094238,97,205,4259,594,205,0,47,32,18,0,0
1655,mild_drift,1.0,0.9342812895774841,0.5874589681625366,72,207,3348,290,207,0,32,30,10,0,0
1656,mild_drift,0.8,0.9375707507133484,0.5406692028045654,53,201,4577,574,201,0,16,29,8,0,0
1657,mild_drift,0.8,1.0026775598526,0.6186460256576538,60,208,4471,552,208,0,16,26,18,0,0
1658,mild_drift,1.0,0.8837474584579468,0.5970381498336792,64,202,3590,353,202,0,32,16,16,0,0
1659,mild_drift,1.0,0.8423632979393005,0.6383792161941528,65,201,4616,583,201,0,16,31,18,0,0
1660,mild_drift,0.9,0.9204885959625244,0.6229066848754883,61,234,4440,639,234,0,13,23,25,0,0
1661,mild_drift,0.4,1.099586009979248,0.6604844331741333,80,202,4457,528,202,0,31,31,18,0,0
1662,mild_drift,0.8,0.9270377159118652,0.5669106245040894,79,202,4582,544,202,0,16,45,18,0,0
1663,mild_drift,1.0,0.8990656733512878,0.5215070843696594,81,200,4160,434,200,0,41,30,10,0,0
1664,mild_drift,1.0,0.8699066638946533,0.6261938810348511,64,202,3909,531,202,0,30,16,18,0,0
1665,mild_drift,0.6,0.9529100656509399,0.6719118356704712,62,205,4515,587,205,0,16,26,20,0,0
1666,mild_drift,1.0,1.0768862962722778,0.3960416316986084,114,200,2692,254,200,0,86,15,13,0,0
1667,mild_drift,1.0,0.771070659160614,0.48108893632888794,73,201,3660,392,201,0,16,54,3,0,0
1668,mild_drift,0.9,0.7865370512008667,0.5817451477050781,71,201,3796,365,201,0,16,29,26,0,0
1669,mild_drift,1.0,0.786149263381958,0.4228765368461609,139,200,2225,223,200,0,95,41,3,0,0
1670,mild_drift,0.9,0.9652687311172485,0.6384331583976746,49,203,3904,558,203,0,16,13,20,0,0
1671,mild_drift,1.0,1.0225471258163452,0.5932133197784424,92,207,4537,537,207,0,16,48,28,0,0
1672,mild_drift,0.7,0.8753294944763184,0.6589810848236084,75,201,4019,589,201,0,31,41,3,0,0
1673,mild_drift,1.0,0.7308135032653809,0.3042169213294983,110,200,1962,203,200,0,32,75,3,0,0
1674,mild_drift,1.0,0.9504527449607849,0.5787725448608398,66,200,3938,470,200,0,32,16,18,0,0
1675,mild_drift,1.0,0.8045929670333862,0.47762107849121094,71,200,3687,454,200,0,31,30,10,0,0
1676,mild_drift,0.8,0.9215602278709412,0.4985174536705017,97,223,5346,566,223,0,32,47,18,0,0
1677,mild_drift,1.0,0.8897826671600342,0.5447227954864502,88,202,3499,310,202,0,32,29,27,0,0
1678,mild_drift,1.0,0.8555898666381836,0.6475776433944702,60,202,3902,434,202,0,16,29,15,0,0
1679,mild_drift,0.8,1.0391274690628052,0.47945350408554077,66,204,4629,480,204,0,32,16,18,0,0
1680,mild_drift,1.0,1.018470048904419,0.5121642351150513,69,202,3825,380,202,0,29,30,10,0,0
1681,mild_drift,1.0,1.0245823860168457,0.40779590606689453,72,200,3863,352,200,0,32,30,10,0,0
1682,mild_drift,1.0,0.9239381551742554,0.6863672733306885,76,202,4285,478,202,0,16,42,18,0,0
1683,mild_drift,1.0,0.9215489625930786,0.4743409752845764,99,201,3723,339,201,0,32,45,22,0,0
1684,mild_drift,0.9,1.081790804862976,0.6158117055892944,121,202,3809,406,202,0,48,60,13,0,0
1685,mild_drift,1.0,0.873840868473053,0.4562714099884033,105,200,3762,370,200,0,31,48,26,0,0
1686,mild_drift,0.9,0.7957513332366943,0.45562678575515747,88,200,3540,354,200,0,48,30,10,0,0
1687,mild_drift,0.8,0.9346914291381836,0.5372143387794495,84,207,4694,536,207,0,48,12,24,0,0
1688,mild_drift,1.0,0.8653404712677002,0.46223700046539307,80,201,3418,313,201,0,16,43,21,0,0
1689,mild_drift,1.0,0.8681714534759521,0.523910641670227,61,200,3392,314,200,0,16,30,15,0,0
1690,mild_drift,0.8,0.8061925172805786,0.6067057251930237,69,200,3717,400,200,0,32,29,8,0,0
1691,mild_drift,0.9,1.1090463399887085,0.6156870126724243,90,204,4444,536,204,0,48,15,27,0,0
1692,mild_drift,1.0,0.8234831094741821,0.4253535866737366,84,200,4730,469,200,0,32,28,24,0,0
1693,mild_drift,0.9,0.8861713409423828,0.5607342720031738,49,204,4572,564,204,0,16,25,8,0,0
1694,mild_drift,0.9,0.9161854982376099,0.6031954884529114,56,201,4369,464,201,0,32,14,10,0,0
1695,mild_drift,1.0,0.8358302116394043,0.4052097797393799,128,200,2453,263,200,0,73,45,10,0,0
1696,mild_drift,1.0,0.7731404304504395,0.5480961799621582,80,201,4244,472,201,0,62,9,9,0,0
1697,mild_drift,1.0,0.8156299591064453,0.4788501262664795,72,201,2963,277,201,0,16,46,10,0,0
1698,mild_drift,1.0,0.8177154064178467,0.4794709086418152,49,200,3915,398,200,0,9,30,10,0,0
1699,mild_drift,0.6,0.8823927044868469,0.5890717506408691,69,202,4468,502,202,0,32,14,23,0,0
1700,mild_drift,0.8,0.8297722339630127,0.5934179425239563,95,201,4721,539,201,0,64,28,3,0,0
1701,mild_drift,1.0,0.9482002854347229,0.4916916489601135,97,200,3952,383,200,0,32,47,18,0,0
1702,mild_drift,1.0,0.8314990997314453,0.4236009120941162,90,204,4102,424,204,0,47,25,18,0,0
1703,mild_drift,1.0,1.0269109010696411,0.5538650751113892,77,203,3257,344,203,0,29,28,20,0,0
1704,mild_drift,1.0,0.8503082990646362,0.34916186332702637,104,200,3634,319,200,0,64,30,10,0,0
1705,mild_drift,1.0,0.9631590843200684,0.6066669225692749,84,200,3029,300,200,0,47,29,8,0,0
1706,mild_drift,0.9,0.8364837169647217,0.6612526178359985,58,202,4736,494,202,0,16,34,8,0,0
1707,mild_drift,1.0,0.8691862225532532,0.4969370365142822,68,203,3519,385,203,0,16,42,10,0,0
1708,mild_drift,1.0,0.8392883539199829,0.42943549156188965,75,200,3826,357,200,0,31,26,18,0,0
1709,mild_drift,1.0,1.0658704042434692,0.5774890780448914,77,200,3234,312,200,0,32,11,34,0,0
1710,mild_drift,1.0,1.0627117156982422,0.5787384510040283,97,202,4076,430,202,0,32,29,36,0,0
1711,mild_drift,1.0,1.0205813646316528,0.5927407741546631,56,202,3507,299,202,0,16,30,10,0,0
1712,mild_drift,1.0,0.93756103515625,0.6342040300369263,71,201,3096,342,201,0,30,26,15,0,0
1713,mild_drift,1.0,0.8087736964225769,0.35259950160980225,63,200,2267,274,200,0,16,29,18,0,0
1714,mild_drift,0.9,0.7685025930404663,0.4195007085800171,103,200,3263,405,200,0,57,26,20,0,0
1715,mild_drift,0.8,0.8864771127700806,0.5805067420005798,65,203,4221,595,203,0,31,16,18,0,0
1716,mild_drift,0.7,0.8008431196212769,0.5921816229820251,72,202,4432,496,202,0,16,46,10,0,0
1717,mild_drift,0.7,0.8015371561050415,0.5645077228546143,78,201,4161,467,201,0,38,30,10,0,0
1718,mild_drift,0.8,0.8824496269226074,0.5714403390884399,101,206,4824,601,206,0,48,29,24,0,0
1719,mild_drift,1.0,0.8751282095909119,0.5436869859695435,90,200,2641,288,200,0,32,55,3,0,0
1720,mild_drift,0.7,0.897825300693512,0.512333333492279,105,202,4526,561,202,0,32,45,28,0,0
1721,mild_drift,1.0,0.9371680021286011,0.49262070655822754,90,200,2493,283,200,0,16,64,10,0,0
1722,mild_drift,0.7,0.9181053638458252,0.5779019594192505,55,205,4814,583,205,0,31,14,10,0,0
1723,mild_drift,1.0,0.8765981197357178,0.6049790382385254,56,200,2379,262,200,0,16,32,8,0,0
1724,mild_drift,1.0,0.758761465549469,0.5277953147888184,76,200,4195,475,200,0,32,26,18,0,0
1725,mild_drift,0.9,0.8827990889549255,0.5236988067626953,72,201,3684,405,201,0,48,14,10,0,0
1726,mild_drift,0.9,0.8599933385848999,0.5600984692573547,56,201,4095,465,201,0,16,30,10,0,0
1727,mild_drift,1.0,0.8212836980819702,0.5210445523262024,72,205,4157,499,205,0,16,46,10,0,0
1728,mild_drift,1.0,0.8173704743385315,0.4401146173477173,88,201,4456,402,201,0,16,62,10,0,0
1729,mild_drift,1.0,0.7684269547462463,0.474789559841156,88,202,3960,341,202,0,32,46,10,0,0
1730,mild_drift,1.0,0.7948576211929321,0.3104326128959656,98,200,3123,399,200,0,32,45,21,0,0
1731,mild_drift,1.0,0.9050562381744385,0.4936829209327698,101,201,3408,362,201,0,16,77,8,0,0
1732,mild_drift,1.0,1.1580942869186401,0.6983662843704224,82,203,2379,300,203,0,32,32,18,0,0
1733,mild_drift,1.0,0.854436993598938,0.6621735095977783,54,224,3848,620,224,0,16,28,10,0,0
1734,mild_drift,1.0,0.7943012714385986,0.5012375116348267,124,201,3614,367,201,0,62,53,9,0,0
1735,mild_drift,0.5,0.81133633852005,0.5732817053794861,127,201,4721,553,201,0,96,22,9,0,0
1736,mild_drift,1.0,0.7722639441490173,0.6206158399581909,80,204,3458,470,204,0,64,13,3,0,0
1737,mild_drift,1.0,0.8382909893989563,0.6201023459434509,108,200,3630,368,200,0,31,74,3,0,0
1738,mild_drift,1.0,0.8507750630378723,0.43267881870269775,117,203,3687,379,203,0,32,77,8,0,0
1739,mild_drift,0.9,1.0685193538665771,0.6458216905593872,72,207,3914,557,207,0,16,41,15,0,0
1740,mild_drift,0.8,0.8581511378288269,0.6902070045471191,105,202,4132,419,202,0,32,55,18,0,0
1741,mild_drift,1.0,1.0736099481582642,0.7190003395080566,65,207,2957,380,207,0,32,13,20,0,0
1742,mild_drift,1.0,0.7960500717163086,0.40191560983657837,89,200,3455,286,200,0,48,26,15,0,0
1743,mild_drift,0.9,0.8711695075035095,0.4544838070869446,108,200,4349,431,200,0,48,42,18,0,0
1744,mild_drift,1.0,1.025721549987793,0.6257638931274414,95,200,3254,348,200,0,63,16,16,0,0
1745,mild_drift,0.7,0.8921849727630615,0.5102908611297607,84,205,4229,494,205,0,32,41,11,0,0
1746,mild_drift,1.0,0.7903539538383484,0.5443994998931885,82,200,3899,395,200,0,48,16,18,0,0
1747,mild_drift,0.9,0.839300274848938,0.597537636756897,98,202,4342,521,202,0,16,64,18,0,0
1748,mild_drift,1.0,0.8633584380149841,0.6280683279037476,65,200,4139,407,200,0,16,29,20,0,0
1749,mild_drift,1.0,0.7492213249206543,0.30760884284973145,97,200,3146,332,200,0,47,32,18,0,0
1750,mild_drift,1.0,0.86919766664505,0.4726387858390808,94,200,3086,296,200,0,48,26,20,0,0
1751,mild_drift,0.9,0.908532977104187,0.57063889503479,64,201,4295,458,201,0,15,31,18,0,0
1752,mild_drift,0.7,0.9249386787414551,0.5663607120513916,103,200,4525,552,200,0,48,30,25,0,0
1753,mild_drift,0.7,0.8700830936431885,0.5805516839027405,78,203,4670,565,203,0,16,32,30,0,0
1754,mild_drift,1.0,0.815330982208252,0.4769976735115051,72,202,3809,316,202,0,16,46,10,0,0
1755,mild_drift,0.6,1.0018399953842163,0.6094648241996765,65,207,4408,544,207,0,16,28,21,0,0
1756,mild_drift,0.4,0.9172179698944092,0.6512472629547119,84,227,5143,644,227,0,15,41,28,0,0
1757,mild_drift,1.0,0.9568203091621399,0.7296059131622314,59,203,3421,366,203,0,31,25,3,0,0
1758,mild_drift,0.9,0.936735987663269,0.5204732418060303,56,200,4305,555,200,0,32,14,10,0,0
1759,mild_drift,0.7,0.8502224683761597,0.6002670526504517,127,200,4573,545,200,0,64,47,16,0,0
1760,mild_drift,0.8,0.9305310249328613,0.5885806083679199,60,201,4196,502,201,0,16,26,18,0,0
1761,mild_drift,0.9,0.8268009424209595,0.5779967308044434,82,208,4590,536,208,0,32,27,23,0,0
1762,mild_drift,1.0,0.9116758704185486,0.5919520854949951,78,206,3872,454,206,0,48,14,16,0,0
1763,mild_drift,1.0,0.8093512058258057,0.3888593316078186,74,200,2694,267,200,0,9,45,20,0,0
1764,mild_drift,1.0,0.7956855297088623,0.46167874336242676,81,200,3362,291,200,0,16,57,8,0,0
1765,mild_drift,1.0,0.7591234445571899,0.5472023487091064,94,200,3145,298,200,0,32,59,3,0,0
1766,mild_drift,1.0,1.0747523307800293,0.5506067276000977,105,204,4033,468,204,0,16,58,31,0,0
1767,mild_drift,1.0,0.8056660890579224,0.43376678228378296,86,200,3956,355,200,0,32,44,10,0,0
1768,mild_drift,1.0,0.9322003126144409,0.5631054639816284,70,203,3955,330,203,0,16,31,23,0,0
1769,mild_drift,1.0,0.8899201154708862,0.42119282484054565,118,200,3706,372,200,0,48,60,10,0,0
1770,mild_drift,0.9,0.8667728900909424,0.5033222436904907,103,200,3856,413,200,0,63,30,10,0,0
1771,mild_drift,0.8,1.1412831544876099,0.6848440170288086,56,203,4139,464,203,0,32,14,10,0,0
1772,mild_drift,1.0,0.9722979664802551,0.5520893335342407,55,201,4350,424,201,0,31,14,10,0,0
1773,mild_drift,0.9,0.9123796820640564,0.5856906771659851,132,200,4715,527,200,0,48,61,23,0,0
1774,mild_drift,0.8,1.0636937618255615,0.5886747241020203,91,203,4656,596,203,0,16,59,16,0,0
1775,mild_drift,1.0,0.820507287979126,0.5251134037971497,52,202,3736,346,202,0,16,16,20,0,0
1776,mild_drift,0.5,0.9911066889762878,0.6533244252204895,100,200,4627,622,200,0,64,16,20,0,0
1777,mild_drift,1.0,0.8969709873199463,0.5430452823638916,103,200,2597,273,200,0,48,45,10,0,0
1778,mild_drift,1.0,0.9348766803741455,0.5409426689147949,77,205,3968,404,205,0,16,46,15,0,0
1779,mild_drift,0.7,0.773429274559021,0.6104890704154968,64,219,4589,614,219,0,48,13,3,0,0
1780,mild_drift,0.8,1.0556309223175049,0.5829281210899353,101,200,4092,489,200,0,47,44,10,0,0
1781,mild_drift,1.0,0.7498432397842407,0.5615378618240356,57,200,4169,387,200,0,32,10,15,0,0
1782,mild_drift,1.0,0.930480420589447,0.5835065841674805,127,200,3477,328,200,0,64,55,8,0,0
1783,mild_drift,0.9,0.904768168926239,0.6357160806655884,51,216,4927,594,216,0,16,25,10,0,0
1784,mild_drift,1.0,0.9060959815979004,0.6046817302703857,109,204,4167,493,204,0,48,46,15,0,0
1785,mild_drift,1.0,0.8888433575630188,0.5910422801971436,50,203,3472,382,203,0,16,16,18,0,0
1786,mild_drift,0.9,0.8722255229949951,0.465301513671875,95,200,4279,502,200,0,48,29,18,0,0
1787,mild_drift,0.8,0.9457862377166748,0.6877471804618835,85,205,4765,587,205,0,13,48,24,0,0
1788,mild_drift,1.0,1.0183573961257935,0.3271105885505676,131,200,2867,265,200,0,79,30,22,0,0
1789,mild_drift,0.6,0.8652611970901489,0.663872241973877,92,206,4241,473,206,0,16,46,30,0,0
1790,mild_drift,0.8,0.9163905382156372,0.5865225791931152,131,201,4354,520,201,0,80,30,21,0,0
1791,mild_drift,1.0,0.7602910399436951,0.38332563638687134,115,200,3217,388,200,0,75,30,10,0,0
1792,mild_drift,1.0,0.8600515127182007,0.5320695638656616,40,202,4112,393,202,0,16,14,10,0,0
1793,mild_drift,1.0,0.8576237559318542,0.4238094687461853,80,200,3433,328,200,0,46,16,18,0,0
1794,mild_drift,1.0,0.9314885139465332,0.67418372631073,72,203,2440,213,203,0,16,46,10,0,0
1795,mild_drift,0.8,0.9553979635238647,0.604914128780365,80,204,4818,540,204,0,62,9,9,0,0
1796,mild_drift,1.0,0.8356772065162659,0.5984877943992615,55,202,2332,235,202,0,31,14,10,0,0
1797,mild_drift,1.0,0.8683338165283203,0.6792243123054504,40,204,2675,380,204,0,16,14,10,0,0
1798,mild_drift,1.0,0.8751901388168335,0.5781819224357605,90,201,3484,400,201,0,47,40,3,0,0
1799,mild_drift,0.9,1.096341848373413,0.7300453782081604,32,206,4434,594,206,0,14,9,9,0,0
1800,mild_drift,1.0,0.8832138776779175,0.5568557977676392,56,202,3190,302,202,0,16,30,10,0,0
1801,mild_drift,1.0,0.8238000869750977,0.455868124961853,84,201,3608,352,201,0,46,28,10,0,0
1802,mild_drift,1.0,0.8938565850257874,0.5796923637390137,108,201,3522,444,201,0,32,67,9,0,0
1803,mild_drift,1.0,0.753658652305603,0.6099716424942017,65,203,4449,559,203,0,16,29,20,0,0
1804,mild_drift,1.0,0.7953969240188599,0.5796897411346436,97,205,3118,352,205,0,16,63,18,0,0
1805,mild_drift,0.9,0.8831462264060974,0.4182729125022888,98,202,3781,446,202,0,64,16,18,0,0
1806,mild_drift,1.0,0.8287726640701294,0.4876183271408081,101,201,3749,419,201,0,47,44,10,0,0
1807,mild_drift,0.8,1.0235134363174438,0.576610803604126,94,203,4898,541,203,0,16,60,18,0,0
1808,mild_drift,1.0,0.881800651550293,0.3029559850692749,66,200,2678,217,200,0,16,32,18,0,0
1809,mild_drift,1.0,0.8363770246505737,0.5749850273132324,118,204,3538,440,204,0,32,61,25,0,0
1810,mild_drift,1.0,0.9839034080505371,0.5920180082321167,98,201,2685,250,201,0,32,45,21,0,0
1811,mild_drift,0.7,0.8339328765869141,0.6282137632369995,61,210,4886,533,210,0,32,14,15,0,0
1812,mild_drift,1.0,0.8377615213394165,0.41987448930740356,96,200,2892,335,200,0,25,46,25,0,0
1813,mild_drift,1.0,0.9152300357818604,0.6703841090202332,50,219,2900,537,219,0,16,16,18,0,0
1814,mild_drift,1.0,0.9984394907951355,0.47166943550109863,108,200,3342,304,200,0,16,84,8,0,0
1815,mild_drift,0.9,0.9232641458511353,0.5570785999298096,81,200,3848,435,200,0,44,29,8,0,0
1816,mild_drift,0.5,0.9098508954048157,0.6513118743896484,70,204,4797,575,204,0,16,31,23,0,0
1817,mild_drift,1.0,0.842821478843689,0.47442537546157837,65,201,4040,387,201,0,25,30,10,0,0
1818,mild_drift,1.0,0.9960198998451233,0.6929410099983215,72,206,4297,581,206,0,16,31,25,0,0
1819,mild_drift,0.9,0.9059574604034424,0.40193283557891846,97,200,3200,279,200,0,59,23,15,0,0
1820,mild_drift,1.0,0.782124936580658,0.6610999703407288,64,203,2717,485,203,0,48,13,3,0,0
1821,mild_drift,1.0,0.7682263255119324,0.3366943597793579,122,200,3152,273,200,0,48,71,3,0,0
1822,mild_drift,1.0,1.0196877717971802,0.5022006034851074,106,201,3161,361,201,0,32,45,29,0,0
1823,mild_drift,1.0,0.9624258875846863,0.6127004623413086,95,201,3169,327,201,0,47,32,16,0,0
1824,mild_drift,0.9,1.0114271640777588,0.5367333889007568,94,200,4309,541,200,0,16,58,20,0,0
1825,mild_drift,0.6,0.9599742293357849,0.6132111549377441,87,205,4648,591,205,0,48,16,23,0,0
1826,mild_drift,1.0,0.9988567233085632,0.32799357175827026,116,200,2641,143,200,0,78,28,10,0,0
1827,mild_drift,1.0,0.9264604449272156,0.3373136520385742,103,200,1462,152,200,0,43,50,10,0,0
1828,mild_drift,0.9,0.9662879705429077,0.6859488487243652,84,205,4276,492,205,0,48,13,23,0,0
1829,mild_drift,0.9,0.9610531330108643,0.5497967004776001,65,202,4267,454,202,0,16,31,18,0,0
1830,mild_drift,0.6,0.9191153049468994,0.6374220252037048,85,202,4759,537,202,0,32,32,21,0,0
1831,mild_drift,1.0,0.9118551015853882,0.5283726453781128,97,201,4719,535,201,0,32,47,18,0,0
1832,mild_drift,0.8,0.8632595539093018,0.5598112344741821,73,200,4574,480,200,0,48,10,15,0,0
1833,mild_drift,1.0,0.8911395072937012,0.42278289794921875,70,200,3924,404,200,0,32,28,10,0,0
1834,mild_drift,1.0,0.7722514867782593,0.5575138330459595,61,200,3950,434,200,0,31,27,3,0,0
1835,mild_drift,0.6,0.9150229096412659,0.5766609907150269,84,205,4638,527,205,0,32,42,10,0,0
1836,mild_drift,1.0,1.0800154209136963,0.6424795389175415,53,206,3320,392,206,0,16,29,8,0,0
1837,mild_drift,1.0,0.8814264535903931,0.27366161346435547,98,200,2788,241,200,0,47,27,24,0,0
1838,mild_drift,1.0,0.7568514943122864,0.6108036637306213,62,201,4157,490,201,0,16,43,3,0,0
1839,mild_drift,0.7,0.912196159362793,0.5448062419891357,79,201,4184,463,201,0,45,25,9,0,0
1840,mild_drift,1.0,0.8807607293128967,0.3593882918357849,88,200,3159,312,200,0,48,30,10,0,0
1841,mild_drift,1.0,0.9157571792602539,0.29797613620758057,67,200,2628,206,200,0,16,27,24,0,0
1842,mild_drift,1.0,0.8798388838768005,0.582778811454773,59,202,3747,417,202,0,16,30,13,0,0
1843,mild_drift,1.0,0.9775277972221375,0.7173529267311096,78,209,3797,532,209,0,16,46,16,0,0
1844,mild_drift,0.3,0.9682422280311584,0.6427199840545654,87,203,4138,548,203,0,16,41,30,0,0
1845,mild_drift,0.9,0.7467496991157532,0.6427062749862671,36,202,4338,497,202,0,15,13,8,0,0
1846,mild_drift,1.0,0.9843781590461731,0.5978502035140991,111,202,4212,525,202,0,59,42,10,0,0
1847,mild_drift,0.5,0.9451336860656738,0.7017538547515869,61,233,5312,573,233,0,16,27,18,0,0
1848,mild_drift,0.5,0.8663476705551147,0.5989762544631958,68,205,4768,577,205,0,16,44,8,0,0
1849,mild_drift,1.0,0.8059642910957336,0.4339454770088196,56,200,4169,492,200,0,16,30,10,0,0
1850,mild_drift,1.0,0.9116979837417603,0.47997838258743286,71,200,3892,350,200,0,16,30,25,0,0
1851,mild_drift,1.0,0.8631882071495056,0.47244584560394287,139,200,2731,307,200,0,48,73,18,0,0
1852,mild_drift,0.9,0.7364431619644165,0.4490623474121094,112,200,4152,441,200,0,78,16,18,0,0
1853,mild_drift,0.9,0.9596795439720154,0.6048156023025513,40,201,4201,499,201,0,16,14,10,0,0
1854,mild_drift,1.0,0.9882853031158447,0.531430721282959,40,202,3759,409,202,0,16,14,10,0,0
1855,mild_drift,0.9,0.8340883255004883,0.6810483336448669,62,209,4048,471,209,0,32,27,3,0,0
1856,mild_drift,1.0,0.9865361452102661,0.45787787437438965,89,200,3380,355,200,0,47,16,26,0,0
1857,mild_drift,1.0,0.9217137694358826,0.6180660724639893,66,205,3802,492,205,0,32,16,18,0,0
1858,mild_drift,0.6,0.9854445457458496,0.6370061039924622,55,201,4315,537,201,0,16,16,23,0,0
1859,mild_drift,1.0,0.8066125512123108,0.4975655674934387,84,208,4000,355,208,0,47,29,8,0,0
1860,mild_drift,1.0,0.8741059303283691,0.5277079343795776,140,200,3845,382,200,0,78,43,19,0,0
1861,mild_drift,1.0,0.8183748722076416,0.620932936668396,48,203,4337,527,203,0,30,9,9,0,0
1862,mild_drift,0.9,0.7880896925926208,0.5268306732177734,77,202,4085,487,202,0,48,14,15,0,0
1863,mild_drift,0.9,0.8638536334037781,0.4836134910583496,66,200,4280,451,200,0,32,16,18,0,0
1864,mild_drift,1.0,0.9656858444213867,0.5320518016815186,73,200,3553,386,200,0,32,14,27,0,0
1865,mild_drift,1.0,1.0892527103424072,0.51705402135849,70,200,4221,454,200,0,16,44,10,0,0
1866,mild_drift,0.7,0.7872071862220764,0.6134244203567505,63,204,4485,511,204,0,32,28,3,0,0
1867,mild_drift,0.8,0.6827144026756287,0.6394432783126831,62,215,4458,664,215,0,16,43,3,0,0
1868,mild_drift,0.8,0.7954279780387878,0.4704105257987976,129,205,4703,470,205,0,80,31,18,0,0
1869,mild_drift,0.9,0.9069223999977112,0.7121008038520813,54,204,3634,453,204,0,16,28,10,0,0
1870,mild_drift,1.0,0.9392148852348328,0.4808340072631836,98,203,3486,458,203,0,64,16,18,0,0
1871,mild_drift,1.0,0.8359555006027222,0.48602455854415894,87,200,4257,421,200,0,48,14,25,0,0
1872,mild_drift,0.8,0.8352361917495728,0.6680693626403809,40,204,4309,508,204,0,16,14,10,0,0
1873,mild_drift,0.5,0.832576334476471,0.6339513063430786,103,200,4693,576,200,0,63,15,25,0,0
1874,mild_drift,0.9,0.7489460110664368,0.6333365440368652,71,202,4072,430,202,0,16,52,3,0,0
1875,mild_drift,1.0,0.7776204347610474,0.33009445667266846,116,200,3827,376,200,0,64,44,8,0,0
1876,mild_drift,1.0,0.9305596351623535,0.6408879160881042,44,204,4089,424,204,0,16,25,3,0,0
1877,mild_drift,1.0,0.8274217844009399,0.620191216468811,73,203,4711,551,203,0,32,26,15,0,0
1878,mild_drift,0.9,0.9455258846282959,0.6670031547546387,68,202,4372,522,202,0,32,16,20,0,0
1879,mild_drift,1.0,0.7982290387153625,0.4229040741920471,134,200,3572,290,200,0,77,30,27,0,0
1880,mild_drift,0.7,0.8011999130249023,0.6897626519203186,64,204,4699,565,204,0,32,24,8,0,0
1881,mild_drift,1.0,0.9379755258560181,0.5097434520721436,116,200,4253,426,200,0,79,29,8,0,0
1882,mild_drift,0.7,0.8508113026618958,0.6357786655426025,93,202,4522,545,202,0,47,28,18,0,0
1883,mild_drift,1.0,0.8723300695419312,0.5898115634918213,56,207,4604,586,207,0,16,30,10,0,0
1884,mild_drift,0.7,0.7400740385055542,0.4963010549545288,40,202,4504,502,202,0,16,14,10,0,0
1885,mild_drift,1.0,0.9284700155258179,0.5341421365737915,92,200,3928,368,200,0,48,26,18,0,0
1886,mild_drift,0.9,0.8024365901947021,0.5655982494354248,58,201,4111,425,201,0,29,26,3,0,0
1887,mild_drift,1.0,0.748123049736023,0.631430447101593,57,202,3645,396,202,0,14,40,3,0,0
1888,mild_drift,0.9,0.8694493770599365,0.5034886598587036,88,200,4217,504,200,0,16,43,29,0,0
1889,mild_drift,1.0,0.7539925575256348,0.5262037515640259,129,202,4613,509,202,0,15,90,24,0,0
1890,mild_drift,1.0,0.8991213440895081,0.46676403284072876,128,200,2933,248,200,0,93,25,10,0,0
1891,mild_drift,0.9,0.8725415468215942,0.5059230327606201,56,201,4042,496,201,0,16,30,10,0,0
1892,mild_drift,1.0,1.0316951274871826,0.8203122615814209,59,203,2426,250,203,0,16,40,3,0,0
1893,mild_drift,1.0,0.9546433091163635,0.4102814793586731,94,201,2809,257,201,0,48,26,20,0,0
1894,mild_drift,1.0,0.8800783753395081,0.5486716032028198,81,205,4559,502,205,0,16,47,18,0,0
1895,mild_drift,1.0,0.8127822875976562,0.5000407695770264,56,201,3450,412,201,0,16,30,10,0,0
1896,mild_drift,0.5,0.9347484111785889,0.5483216047286987,65,200,4555,580,200,0,25,30,10,0,0
1897,mild_drift,1.0,1.0157568454742432,0.5351128578186035,120,200,4074,449,200,0,80,30,10,0,0
1898,mild_drift,0.9,1.044281244277954,0.5546374917030334,110,211,4327,588,211,0,32,69,9,0,0
1899,mild_drift,1.0,0.8979142308235168,0.512782096862793,91,204,4328,451,204,0,32,32,27,0,0
1900,mild_drift,1.0,0.9787402749061584,0.4595182538032532,91,200,2393,235,200,0,32,44,15,0,0
1901,mild_drift,1.0,0.7755847573280334,0.4608456492424011,97,200,3493,393,200,0,32,47,18,0,0
1902,mild_drift,0.9,0.6904846429824829,0.5254217386245728,53,205,4035,524,205,0,16,29,8,0,0
1903,mild_drift,1.0,0.9897422194480896,0.6767347455024719,61,204,3330,397,204,0,16,30,15,0,0
1904,mild_drift,1.0,0.7782363891601562,0.34733283519744873,128,200,3296,352,200,0,64,46,18,0,0
1905,mild_drift,0.9,0.8624499440193176,0.40236037969589233,113,200,4059,361,200,0,48,57,8,0,0
1906,mild_drift,1.0,0.9157362580299377,0.630188524723053,83,202,3575,486,202,0,32,31,20,0,0
1907,mild_drift,1.0,1.0996203422546387,0.6789065599441528,56,201,2990,319,201,0,14,27,15,0,0
1908,mild_drift,1.0,0.7646237015724182,0.47826385498046875,82,200,3457,287,200,0,48,16,18,0,0
1909,mild_drift,1.0,1.0272492170333862,0.7089179754257202,52,200,3383,291,200,0,31,13,8,0,0
1910,mild_drift,0.9,0.899299144744873,0.6151388883590698,104,201,4060,499,201,0,16,67,21,0,0
1911,mild_drift,0.7,1.259697675704956,0.699989378452301,66,211,4231,616,211,0,16,37,13,0,0
1912,mild_drift,0.8,0.8165130615234375,0.6262484788894653,94,200,4137,483,200,0,32,59,3,0,0
1913,mild_drift,0.9,0.8079238533973694,0.5958704352378845,65,204,4664,516,204,0,16,14,35,0,0
1914,mild_drift,1.0,0.8120595216751099,0.5002137422561646,65,203,4318,467,203,0,16,29,20,0,0
1915,mild_drift,1.0,0.7825140953063965,0.41839492321014404,86,200,3162,270,200,0,48,28,10,0,0
1916,mild_drift,1.0,0.9152204990386963,0.5004452466964722,59,202,3564,387,202,0,27,9,23,0,0
1917,mild_drift,0.9,1.0811669826507568,0.46474719047546387,93,200,4037,437,200,0,32,46,15,0,0
1918,mild_drift,1.0,1.1265658140182495,0.6139509081840515,101,209,4104,549,209,0,47,44,10,0,0
1919,mild_drift,0.4,0.9777310490608215,0.5944912433624268,94,200,4597,556,200,0,14,58,22,0,0
1920,mild_drift,1.0,0.752825140953064,0.6017378568649292,77,201,3418,495,201,0,32,42,3,0,0
1921,mild_drift,1.0,0.8187776803970337,0.38312071561813354,83,200,3632,392,200,0,32,30,21,0,0
1922,mild_drift,1.0,0.9066660404205322,0.6007954478263855,79,205,2351,291,205,0,32,29,18,0,0
1923,mild_drift,1.0,0.833329975605011,0.5986524820327759,79,201,3426,308,201,0,48,13,18,0,0
1924,mild_drift,0.6,0.8666811585426331,0.6022554636001587,93,206,4751,526,206,0,32,29,32,0,0
1925,mild_drift,0.9,0.8130731582641602,0.3262892961502075,82,202,4197,407,202,0,32,32,18,0,0
1926,mild_drift,0.7,0.9933182597160339,0.6457258462905884,73,205,4644,592,205,0,15,38,20,0,0
1927,mild_drift,0.9,0.9038617610931396,0.6216747760772705,101,205,3866,524,205,0,45,40,16,0,0
1928,mild_drift,1.0,0.8650307655334473,0.5921005010604858,53,201,3242,329,201,0,16,29,8,0,0
1929,mild_drift,1.0,1.0463521480560303,0.5465042591094971,96,206,3308,409,206,0,48,32,16,0,0
1930,mild_drift,1.0,0.7050546407699585,0.49782562255859375,87,202,4404,497,202,0,47,30,10,0,0
1931,mild_drift,1.0,0.9196661114692688,0.6213621497154236,50,201,3714,389,201,0,12,28,10,0,0
1932,mild_drift,1.0,0.8052581548690796,0.48218822479248047,68,200,3050,334,200,0,16,42,10,0,0
1933,mild_drift,1.0,0.8513331413269043,0.534295916557312,106,200,3456,344,200,0,60,30,16,0,0
1934,mild_drift,0.6,0.8402292728424072,0.6829661130905151,56,208,4971,612,208,0,14,29,13,0,0
1935,mild_drift,1.0,0.9117009043693542,0.43753892183303833,116,201,4053,393,201,0,32,60,24,0,0
1936,mild_drift,0.8,0.9324072003364563,0.5128533840179443,75,201,4533,478,201,0,16,31,28,0,0
1937,mild_drift,1.0,1.0748846530914307,0.6816598773002625,87,203,2771,333,203,0,32,40,15,0,0
1938,mild_drift,1.0,1.028465747833252,0.5544396638870239,100,200,3352,344,200,0,32,42,26,0,0
1939,mild_drift,0.9,0.9672752618789673,0.6112315654754639,50,200,4395,497,200,0,16,16,18,0,0
1940,mild_drift,1.0,0.8333534598350525,0.39094436168670654,89,200,3311,275,200,0,16,48,25,0,0
1941,mild_drift,1.0,0.7852672338485718,0.5015832185745239,95,200,3737,319,200,0,32,60,3,0,0
1942,mild_drift,0.9,0.8669505715370178,0.5787802934646606,67,201,4501,515,201,0,16,41,10,0,0
1943,mild_drift,0.7,0.6819061040878296,0.6109129190444946,63,206,4564,610,206,0,16,44,3,0,0
1944,mild_drift,0.7,0.8433923721313477,0.5971046686172485,64,203,4630,584,203,0,16,28,20,0,0
1945,mild_drift,1.0,0.7828643918037415,0.5157629251480103,91,201,4449,476,201,0,16,72,3,0,0
1946,mild_drift,0.6,0.7088016271591187,0.6724629402160645,50,202,4510,547,202,0,16,13,21,0,0
1947,mild_drift,1.0,0.7840640544891357,0.5036576390266418,56,202,2215,239,202,0,16,30,10,0,0
1948,mild_drift,1.0,0.8744383454322815,0.47901737689971924,54,200,4086,420,200,0,16,28,10,0,0
1949,mild_drift,1.0,0.9337387084960938,0.5717827081680298,68,202,4327,497,202,0,32,26,10,0,0
1950,mild_drift,1.0,0.8380252718925476,0.31758105754852295,96,200,2920,320,200,0,32,41,23,0,0
1951,mild_drift,0.5,0.9286788702011108,0.6598178148269653,88,217,4829,589,217,0,16,57,15,0,0
1952,mild_drift,0.9,1.0072990655899048,0.5741457343101501,81,200,4187,452,200,0,32,29,20,0,0
1953,mild_drift,1.0,0.9336055517196655,0.30136656761169434,116,200,1449,132,200,0,47,40,29,0,0
1954,mild_drift,0.8,0.7837108373641968,0.6215741038322449,71,206,3772,552,206,0,31,15,25,0,0
1955,mild_drift,1.0,0.8813170194625854,0.5363006591796875,93,202,4104,383,202,0,32,46,15,0,0
1956,mild_drift,1.0,0.8419250845909119,0.23891836404800415,72,200,2278,252,200,0,16,46,10,0,0
1957,mild_drift,1.0,1.0394293069839478,0.2352694272994995,86,200,2314,206,200,0,31,40,15,0,0
1958,mild_drift,0.9,0.869657039642334,0.5172492861747742,87,205,3930,417,205,0,16,46,25,0,0
1959,mild_drift,0.8,0.877072811126709,0.6607661843299866,70,209,4835,584,209,0,16,44,10,0,0
1960,mild_drift,0.9,0.9920003414154053,0.5425554513931274,113,202,4755,609,202,0,32,60,21,0,0
1961,mild_drift,0.9,0.9511333107948303,0.5584694147109985,86,209,4573,556,209,0,29,30,27,0,0
1962,mild_drift,1.0,0.8382250070571899,0.5057124495506287,114,200,3912,396,200,0,64,24,26,0,0
1963,mild_drift,0.8,0.7102961540222168,0.553904116153717,95,202,4190,431,202,0,32,60,3,0,0
1964,mild_drift,1.0,1.1207606792449951,0.27345335483551025,108,200,1394,133,200,0,44,48,16,0,0
1965,mild_drift,0.8,1.048301100730896,0.5843173265457153,80,200,4021,484,200,0,32,32,16,0,0
1966,mild_drift,1.0,1.0878920555114746,0.46875494718551636,86,200,2684,253,200,0,48,28,10,0,0
1967,mild_drift,0.9,0.9020138382911682,0.6027393341064453,77,200,4118,370,200,0,31,43,3,0,0
1968,mild_drift,1.0,1.0420805215835571,0.6498474478721619,48,205,2377,282,205,0,15,25,8,0,0
1969,mild_drift,0.6,0.9583104848861694,0.5433497428894043,71,203,4166,486,203,0,16,45,10,0,0
1970,mild_drift,1.0,0.9703693985939026,0.626931369304657,36,205,3605,459,205,0,15,13,8,0,0
1971,mild_drift,0.9,0.8489043116569519,0.6771939992904663,71,201,4216,467,201,0,15,53,3,0,0
1972,mild_drift,1.0,0.8995020389556885,0.6142261028289795,64,201,3211,356,201,0,32,16,16,0,0
1973,mild_drift,1.0,0.849816083908081,0.6611121296882629,93,202,3963,430,202,0,16,48,29,0,0
1974,mild_drift,0.8,0.8683056235313416,0.599345326423645,87,201,4379,570,201,0,32,45,10,0,0
1975,mild_drift,0.5,0.8465676307678223,0.5971262454986572,76,200,4520,581,200,0,16,42,18,0,0
1976,mild_drift,1.0,0.887305736541748,0.6446865200996399,66,204,3239,336,204,0,32,13,21,0,0
1977,mild_drift,1.0,0.9737187027931213,0.5513291358947754,82,201,3913,416,201,0,48,16,18,0,0
1978,mild_drift,0.9,0.7921902537345886,0.5071974992752075,126,200,4528,479,200,0,78,32,16,0,0
1979,mild_drift,0.9,1.0005769729614258,0.6130806803703308,32,210,4095,424,210,0,14,9,9,0,0
1980,mild_drift,1.0,0.8741679191589355,0.41058826446533203,140,200,3761,321,200,0,61,61,18,0,0
1981,mild_drift,1.0,0.8525040745735168,0.6288713216781616,52,203,4091,473,203,0,16,16,20,0,0
1982,mild_drift,1.0,0.8130859732627869,0.38641178607940674,89,202,2898,333,202,0,32,30,27,0,0
1983,mild_drift,0.7,0.8045334815979004,0.6148144006729126,74,203,4632,566,203,0,13,32,29,0,0
1984,mild_drift,0.8,0.8853322863578796,0.6304812431335449,101,201,4128,461,201,0,16,64,21,0,0
1985,mild_drift,0.7,0.9162852764129639,0.6407327651977539,71,205,4332,472,205,0,16,45,10,0,0
1986,mild_drift,0.8,1.0129574537277222,0.6548264026641846,128,216,4806,603,216,0,64,29,35,0,0
1987,mild_drift,1.0,0.9420596957206726,0.5291029810905457,104,201,3441,344,201,0,62,16,26,0,0
1988,mild_drift,0.7,0.9313914775848389,0.5665532350540161,82,201,4323,423,201,0,48,16,18,0,0
1989,mild_drift,0.9,0.9579448103904724,0.477195680141449,120,200,4242,437,200,0,48,54,18,0,0
1990,mild_drift,1.0,0.8794410228729248,0.623245358467102,65,202,3122,279,202,0,16,31,18,0,0
1991,mild_drift,0.8,0.9551888704299927,0.6858200430870056,59,205,4894,651,205,0,14,29,16,0,0
1992,mild_drift,0.9,0.9290204048156738,0.45885926485061646,72,201,4273,423,201,0,16,46,10,0,0
1993,mild_drift,1.0,0.9244703054428101,0.7234797477722168,73,205,1908,285,205,0,32,28,13,0,0
1994,mild_drift,1.0,0.9919826984405518,0.4301225543022156,56,200,3535,384,200,0,16,30,10,0,0
1995,mild_drift,0.8,1.0182071924209595,0.5786844491958618,67,201,4488,491,201,0,32,13,22,0,0
1996,mild_drift,1.0,0.9583369493484497,0.5847023725509644,86,201,3474,319,201,0,48,28,10,0,0
1997,mild_drift,1.0,0.8394370675086975,0.5519973039627075,88,201,3741,362,201,0,48,30,10,0,0
1998,mild_drift,1.0,0.8976913690567017,0.5817856192588806,84,202,4071,495,202,0,16,60,8,0,0
1999,mild_drift,0.9,1.1546343564987183,0.686680793762207,80,208,2553,380,208,0,48,16,16,0,0
0,large_drift,0.4,0.9379850029945374,0.6409120559692383,86,205,4728,523,205,0,48,28,10,0,0
1,large_drift,0.3,0.7773534059524536,0.7305124998092651,70,211,4026,698,211,0,41,26,3,0,0
2,large_drift,0.8,0.9662938714027405,0.5784883499145508,52,203,4367,464,203,0,31,13,8,0,0
3,large_drift,1.0,0.9479217529296875,0.4759187698364258,114,203,3664,326,203,0,80,16,18,0,0
4,large_drift,0.7,0.9683367013931274,0.7392101287841797,75,215,4745,630,215,0,31,35,9,0,0
5,large_drift,1.0,1.0735265016555786,0.5857821702957153,108,200,2496,240,200,0,43,57,8,0,0
6,large_drift,0.9,0.9088982939720154,0.5367652773857117,128,200,4213,459,200,0,96,16,16,0,0
7,large_drift,1.0,0.9697608351707458,0.4720551371574402,115,200,3977,405,200,0,48,57,10,0,0
8,large_drift,0.3,0.8165185451507568,0.6391056776046753,78,202,4509,628,202,0,16,54,8,0,0
9,large_drift,0.9,0.9538225531578064,0.5406936407089233,85,200,4196,424,200,0,48,29,8,0,0
10,large_drift,1.0,0.8919361233711243,0.6417129635810852,67,201,4175,478,201,0,16,41,10,0,0
11,large_drift,1.0,0.9492641091346741,0.43500274419784546,83,200,3179,323,200,0,29,38,16,0,0
12,large_drift,1.0,0.8428484797477722,0.49073123931884766,77,200,2787,314,200,0,32,16,29,0,0
13,large_drift,0.9,0.9545705914497375,0.6816302537918091,66,203,4576,563,203,0,16,16,34,0,0
14,large_drift,0.8,1.00933039188385,0.7085801959037781,57,218,5036,557,218,0,32,10,15,0,0
15,large_drift,1.0,0.8414377570152283,0.614320695400238,57,202,4002,415,202,0,16,16,25,0,0
16,large_drift,1.0,0.8952138423919678,0.5282996296882629,81,204,4076,505,204,0,47,16,18,0,0
17,large_drift,0.8,0.806790828704834,0.669975757598877,52,209,4643,618,209,0,16,16,20,0,0
18,large_drift,0.7,0.8750638961791992,0.6618853211402893,91,200,4173,464,200,0,29,53,9,0,0
19,large_drift,0.9,0.8764669895172119,0.5529943704605103,61,200,4115,475,200,0,16,30,15,0,0
20,large_drift,0.9,0.9666978120803833,0.6337453126907349,82,200,3661,412,200,0,16,56,10,0,0
21,large_drift,1.0,0.8066433072090149,0.554006040096283,70,200,3359,369,200,0,29,38,3,0,0
22,large_drift,0.8,0.8820547461509705,0.5750523209571838,72,200,4656,493,200,0,48,14,10,0,0
23,large_drift,0.4,1.0285404920578003,0.7308320999145508,58,207,4262,529,207,0,16,26,16,0,0
24,large_drift,1.0,0.7456730604171753,0.5801234245300293,60,201,3911,392,201,0,16,41,3,0,0
25,large_drift,0.6,0.807328462600708,0.7831125855445862,32,208,4663,575,208,0,14,9,9,0,0
26,large_drift,0.8,0.8650798201560974,0.6165876388549805,84,200,3803,512,200,0,44,30,10,0,0
27,large_drift,0.7,1.047286033630371,0.787192165851593,64,210,4519,617,210,0,16,39,9,0,0
28,large_drift,0.9,0.7498062252998352,0.5336728096008301,56,201,4044,403,201,0,16,30,10,0,0
29,large_drift,0.7,0.9424744844436646,0.6328437924385071,72,209,4864,603,209,0,16,46,10,0,0
30,large_drift,1.0,0.7571109533309937,0.4793633818626404,106,202,3811,404,202,0,77,26,3,0,0
31,large_drift,1.0,0.8638279438018799,0.49878519773483276,83,200,1863,207,200,0,42,26,15,0,0
32,large_drift,0.9,0.6187999248504639,0.6187999248504639,32,204,3512,509,204,0,16,13,3,0,0
33,large_drift,0.8,0.7242130041122437,0.6751918792724609,48,205,4359,468,205,0,16,29,3,0,0
34,large_drift,0.9,0.8956220746040344,0.581118106842041,63,201,3727,425,201,0,16,11,36,0,0
35,large_drift,0.8,0.9195213317871094,0.5698164105415344,88,202,4545,536,202,0,32,46,10,0,0
36,large_drift,0.8,1.0188686847686768,0.7139902114868164,56,203,4136,498,203,0,32,14,10,0,0
37,large_drift,1.0,0.7202955484390259,0.5145810842514038,56,202,4075,475,202,0,32,14,10,0,0
38,large_drift,0.6,0.8350251317024231,0.6511269211769104,65,205,4526,640,205,0,16,41,8,0,0
39,large_drift,1.0,1.0014287233352661,0.7644501328468323,58,205,3937,414,205,0,28,13,17,0,0
40,large_drift,0.8,0.8523319959640503,0.6902147531509399,49,202,4319,564,202,0,16,25,8,0,0
41,large_drift,1.0,0.8631988167762756,0.7013117671012878,94,201,3638,427,201,0,63,28,3,0,0
42,large_drift,1.0,0.8332075476646423,0.4827083945274353,81,200,3788,387,200,0,41,30,10,0,0
43,large_drift,1.0,0.8625053763389587,0.5341669917106628,71,200,3280,301,200,0,47,14,10,0,0
44,large_drift,0.5,0.9270461201667786,0.5911484956741333,88,200,4354,515,200,0,16,46,26,0,0
45,large_drift,0.9,0.6424686312675476,0.3794313073158264,68,200,3552,382,200,0,32,26,10,0,0
46,large_drift,1.0,0.9068318009376526,0.44650131464004517,120,200,3655,317,200,0,79,14,27,0,0
47,large_drift,0.6,0.9363045692443848,0.6773639917373657,72,202,4314,494,202,0,16,46,10,0,0
48,large_drift,1.0,0.8878415822982788,0.5677444338798523,78,201,4281,430,201,0,16,46,16,0,0
49,large_drift,1.0,0.8949227929115295,0.5917412638664246,102,207,3859,472,207,0,32,44,26,0,0
50,large_drift,0.7,0.9930036664009094,0.6286171674728394,110,200,4220,461,200,0,80,21,9,0,0
51,large_drift,1.0,0.9930087327957153,0.7140477299690247,78,211,3149,511,211,0,16,46,16,0,0
52,large_drift,0.9,0.96585613489151,0.7423143982887268,93,204,4633,581,204,0,16,56,21,0,0
53,large_drift,1.0,0.8452403545379639,0.6030912399291992,52,201,4519,510,201,0,16,26,10,0,0
54,large_drift,1.0,0.8561455011367798,0.6232026815414429,36,203,4509,541,203,0,15,13,8,0,0
55,large_drift,1.0,0.9243278503417969,0.648876428604126,64,203,3959,490,203,0,15,31,18,0,0
56,large_drift,0.5,1.0297534465789795,0.6789242029190063,71,204,4484,537,204,0,32,14,25,0,0
57,large_drift,1.0,1.056872010231018,0.6049938797950745,125,200,4009,371,200,0,79,15,31,0,0
58,large_drift,0.9,0.7480929493904114,0.5614919662475586,85,200,4112,415,200,0,9,73,3,0,0
59,large_drift,1.0,0.7124109864234924,0.5649734735488892,75,202,4351,505,202,0,31,41,3,0,0
60,large_drift,0.9,0.9494659900665283,0.6138461828231812,56,202,4629,554,202,0,32,14,10,0,0
61,large_drift,0.6,0.8901974558830261,0.6664032936096191,100,201,4461,501,201,0,32,44,24,0,0
62,large_drift,0.5,0.8839480876922607,0.6678417921066284,89,201,4584,568,201,0,16,58,15,0,0
63,large_drift,0.2,0.9100744724273682,0.6981486678123474,69,204,4617,573,204,0,32,14,23,0,0
64,large_drift,0.9,0.9209985733032227,0.630630612373352,56,201,4451,487,201,0,16,30,10,0,0
65,large_drift,1.0,0.8526487350463867,0.6494914293289185,47,207,3161,464,207,0,16,28,3,0,0
66,large_drift,0.6,0.9421412348747253,0.6777284145355225,54,201,4275,488,201,0,16,28,10,0,0
67,large_drift,0.8,0.8052639365196228,0.682258129119873,60,208,4681,626,208,0,16,41,3,0,0
68,large_drift,0.6,1.0963523387908936,0.7399289608001709,56,208,4424,567,208,0,16,30,10,0,0
69,large_drift,0.8,0.8650648593902588,0.4856571555137634,87,209,4751,563,209,0,16,41,30,0,0
70,large_drift,0.9,0.8733099102973938,0.6991169452667236,52,202,4053,394,202,0,31,13,8,0,0
71,large_drift,0.9,0.8436449766159058,0.6059677004814148,71,200,4202,463,200,0,16,30,25,0,0
72,large_drift,1.0,1.0441069602966309,0.6551159620285034,78,202,3708,495,202,0,32,27,19,0,0
73,large_drift,0.7,0.8689795136451721,0.5469621419906616,49,200,4576,537,200,0,16,25,8,0,0
74,large_drift,1.0,0.8484121561050415,0.6857091188430786,60,205,3238,507,205,0,16,41,3,0,0
75,large_drift,0.6,0.7741865515708923,0.5090542435646057,50,200,4796,530,200,0,16,16,18,0,0
76,large_drift,0.6,0.9494791030883789,0.6257598400115967,119,203,4611,554,203,0,32,77,10,0,0
77,large_drift,1.0,0.8791523575782776,0.6618539094924927,62,203,4029,422,203,0,16,37,9,0,0
78,large_drift,0.8,0.9787009358406067,0.6399919986724854,56,203,4719,552,203,0,16,30,10,0,0
79,large_drift,0.4,0.9542099833488464,0.6834026575088501,93,205,4817,543,205,0,32,46,15,0,0
80,large_drift,0.9,0.8467139005661011,0.583930253982544,87,200,3485,361,200,0,48,14,25,0,0
81,large_drift,1.0,0.8925777077674866,0.527495801448822,72,202,4446,476,202,0,16,46,10,0,0
82,large_drift,1.0,1.1483465433120728,0.7505011558532715,41,203,3154,412,203,0,16,10,15,0,0
83,large_drift,1.0,0.9745539426803589,0.775948166847229,58,205,3705,502,205,0,29,26,3,0,0
84,large_drift,0.8,0.8169469833374023,0.5206038951873779,84,200,4276,484,200,0,48,26,10,0,0
85,large_drift,0.8,0.9216290712356567,0.6617382168769836,92,204,4539,544,204,0,32,27,33,0,0
86,large_drift,1.0,1.051841139793396,0.7085521221160889,81,212,3766,592,212,0,16,56,9,0,0
87,large_drift,1.0,0.7597162127494812,0.5559475421905518,126,201,4075,441,201,0,94,16,16,0,0
88,large_drift,1.0,0.8023377656936646,0.5411595106124878,88,200,3672,339,200,0,16,62,10,0,0
89,large_drift,1.0,0.8871710896492004,0.7132003307342529,74,202,3255,405,202,0,44,21,9,0,0
90,large_drift,0.8,1.0669827461242676,0.6130633354187012,70,202,4604,575,202,0,16,31,23,0,0
91,large_drift,0.7,0.9437283873558044,0.6084410548210144,92,203,4605,539,203,0,32,30,30,0,0
92,large_drift,1.0,0.69459068775177,0.4496028423309326,96,200,3837,442,200,0,80,13,3,0,0
93,large_drift,0.7,1.0001777410507202,0.5675542950630188,101,200,3789,425,200,0,32,59,10,0,0
94,large_drift,0.8,0.9692713022232056,0.6374704837799072,44,203,4465,610,203,0,16,15,13,0,0
95,large_drift,0.5,0.9696563482284546,0.8206566572189331,58,201,4412,527,201,0,29,26,3,0,0
96,large_drift,0.7,0.744004487991333,0.6671004295349121,61,206,4626,630,206,0,32,26,3,0,0
97,large_drift,1.0,0.9729427099227905,0.4937731623649597,97,200,3796,372,200,0,48,27,22,0,0
98,large_drift,0.9,0.9867178797721863,0.7992244362831116,56,210,4388,656,210,0,16,29,11,0,0
99,large_drift,1.0,0.6821763515472412,0.602128803730011,48,201,4450,475,201,0,32,13,3,0,0
100,large_drift,1.0,0.9069119691848755,0.5250157713890076,88,204,4311,452,204,0,48,16,24,0,0
101,large_drift,1.0,0.9616129398345947,0.6236685514450073,84,200,3013,336,200,0,60,14,10,0,0
102,large_drift,0.7,0.8904244899749756,0.6747704744338989,60,204,4251,499,204,0,30,14,16,0,0
103,large_drift,0.9,0.8485270738601685,0.6004511713981628,74,204,4560,510,204,0,46,15,13,0,0
104,large_drift,0.9,0.8037480115890503,0.6275449991226196,45,204,4446,539,204,0,15,27,3,0,0
105,large_drift,1.0,1.0376694202423096,0.7418078184127808,80,212,3078,477,212,0,16,31,33,0,0
106,large_drift,0.7,0.8871614933013916,0.6973406076431274,86,215,4783,552,215,0,16,60,10,0,0
107,large_drift,1.0,1.0491914749145508,0.7967588305473328,62,203,4141,543,203,0,32,14,16,0,0
108,large_drift,0.8,0.9392331838607788,0.5999974012374878,102,202,4440,543,202,0,32,47,23,0,0
109,large_drift,0.8,0.8349666595458984,0.5155254602432251,86,217,4875,474,217,0,32,44,10,0,0
110,large_drift,1.0,1.050935983657837,0.5662226676940918,78,204,4039,407,204,0,32,30,16,0,0
111,large_drift,1.0,0.8294389843940735,0.4496229290962219,55,200,3564,336,200,0,31,14,10,0,0
112,large_drift,1.0,1.047834873199463,0.5743043422698975,90,200,3260,349,200,0,32,38,20,0,0
113,large_drift,1.0,0.8717441558837891,0.6084623336791992,57,204,4157,497,204,0,16,16,25,0,0
114,large_drift,1.0,0.7552397847175598,0.5171514749526978,71,200,3817,364,200,0,32,14,25,0,0
115,large_drift,0.9,0.9479539394378662,0.6042543649673462,46,200,4190,534,200,0,16,22,8,0,0
116,large_drift,1.0,0.8094486594200134,0.394565224647522,85,200,4242,399,200,0,32,30,23,0,0
117,large_drift,0.7,0.7566794753074646,0.6056251525878906,109,200,4717,534,200,0,32,74,3,0,0
118,large_drift,1.0,0.8886840343475342,0.7526139616966248,59,202,2661,313,202,0,32,24,3,0,0
119,large_drift,0.9,0.7115905284881592,0.5845404863357544,66,202,3810,440,202,0,28,28,10,0,0
120,large_drift,0.6,1.0646063089370728,0.7169930934906006,50,203,4401,577,203,0,16,16,18,0,0
121,large_drift,0.5,0.98444664478302,0.6143980026245117,72,202,4465,530,202,0,42,13,17,0,0
122,large_drift,0.9,0.7765014171600342,0.6780728101730347,56,201,4628,566,201,0,15,38,3,0,0
123,large_drift,0.9,0.9489582777023315,0.6261533498764038,71,200,4356,505,200,0,16,30,25,0,0
124,large_drift,0.9,0.9893831610679626,0.7676146030426025,80,202,4484,497,202,0,62,9,9,0,0
125,large_drift,0.7,0.9868387579917908,0.6822179555892944,81,201,4285,495,201,0,16,30,35,0,0
126,large_drift,0.4,1.0064492225646973,0.6926389932632446,89,211,3851,614,211,0,47,16,26,0,0
127,large_drift,0.6,0.8797645568847656,0.6808409094810486,91,214,4945,538,214,0,32,32,27,0,0
128,large_drift,1.0,0.8931965231895447,0.6994436383247375,36,216,4581,667,216,0,15,13,8,0,0
129,large_drift,0.4,0.924483597278595,0.6105003356933594,68,201,4607,500,201,0,32,14,22,0,0
130,large_drift,0.7,0.9503021240234375,0.6509056091308594,97,202,4746,500,202,0,64,13,20,0,0
131,large_drift,0.7,0.8155426979064941,0.5583608150482178,71,208,4962,514,208,0,16,31,24,0,0
132,large_drift,0.6,0.8918665647506714,0.6372720003128052,85,202,4700,503,202,0,29,46,10,0,0
133,large_drift,0.7,0.9823638200759888,0.7142499685287476,98,202,4498,546,202,0,16,74,8,0,0
134,large_drift,0.7,0.9602382779121399,0.6910492181777954,75,203,4442,543,203,0,31,14,30,0,0
135,large_drift,0.9,0.8912127614021301,0.6158442497253418,64,206,4656,584,206,0,16,25,23,0,0
136,large_drift,0.6,0.9491578340530396,0.750899076461792,48,217,4570,625,217,0,16,16,16,0,0
137,large_drift,1.0,0.90911465883255,0.4775453209877014,72,200,3779,440,200,0,32,30,10,0,0
138,large_drift,0.7,0.8385562896728516,0.6181066036224365,64,202,4294,565,202,0,16,30,18,0,0
139,large_drift,0.6,0.8675562739372253,0.6707591414451599,91,207,4546,560,207,0,47,11,33,0,0
140,large_drift,0.8,0.9672601222991943,0.6164667010307312,70,200,4493,570,200,0,16,29,25,0,0
141,large_drift,1.0,0.8043514490127563,0.5804680585861206,70,201,4193,482,201,0,16,44,10,0,0
142,large_drift,0.8,1.0738012790679932,0.687696635723114,41,202,4146,455,202,0,16,10,15,0,0
143,large_drift,0.6,1.0935039520263672,0.7976462841033936,57,205,3946,542,205,0,27,13,17,0,0
144,large_drift,0.5,0.7737876176834106,0.6422383785247803,84,208,4652,570,208,0,16,43,25,0,0
145,large_drift,0.8,0.7737064361572266,0.6236056089401245,100,200,4198,584,200,0,32,58,10,0,0
146,large_drift,1.0,0.8463298082351685,0.5554890632629395,67,201,4137,404,201,0,15,27,25,0,0
147,large_drift,1.0,0.8766719698905945,0.38138240575790405,82,201,4518,439,201,0,32,40,10,0,0
148,large_drift,1.0,0.9440398216247559,0.5967220067977905,87,205,4406,492,205,0,47,30,10,0,0
149,large_drift,1.0,1.0102055072784424,0.3935771584510803,128,200,2284,178,200,0,55,65,8,0,0
150,large_drift,0.5,0.9162335395812988,0.6510940194129944,90,203,4507,517,203,0,32,31,27,0,0
151,large_drift,0.6,0.9007596969604492,0.655680775642395,80,203,4775,486,203,0,16,32,32,0,0
152,large_drift,0.9,0.9155930876731873,0.6221007108688354,57,203,4673,580,203,0,16,28,13,0,0
153,large_drift,0.9,0.9741153120994568,0.6434770226478577,79,205,3545,476,205,0,32,29,18,0,0
154,large_drift,1.0,0.9901106953620911,0.5072870254516602,64,201,3746,417,201,0,32,16,16,0,0
155,large_drift,1.0,0.8606237173080444,0.5783441066741943,54,201,3944,497,201,0,16,28,10,0,0
156,large_drift,0.9,0.8175957798957825,0.71375572681427,66,208,4649,634,208,0,15,43,8,0,0
157,large_drift,1.0,0.8280396461486816,0.4780699610710144,65,201,3491,388,201,0,25,30,10,0,0
158,large_drift,0.9,0.8568069338798523,0.5639481544494629,113,207,4738,548,207,0,64,31,18,0,0
159,large_drift,1.0,0.8148186802864075,0.630149245262146,87,202,4365,545,202,0,32,52,3,0,0
160,large_drift,0.9,0.9877020716667175,0.6086799502372742,66,200,3511,590,200,0,16,32,18,0,0
161,large_drift,0.7,0.9764848947525024,0.7387240529060364,71,204,4442,541,204,0,16,30,25,0,0
162,large_drift,0.7,1.081310510635376,0.6793450117111206,83,202,4250,522,202,0,47,12,24,0,0
163,large_drift,0.7,0.9179291129112244,0.5906251072883606,89,200,4383,536,200,0,61,25,3,0,0
164,large_drift,1.0,0.8430023193359375,0.488905668258667,92,200,3591,365,200,0,31,31,30,0,0
165,large_drift,1.0,1.1841156482696533,0.7404076457023621,55,205,2705,351,205,0,16,14,25,0,0
166,large_drift,0.8,1.0201104879379272,0.6910758018493652,71,204,4167,512,204,0,16,30,25,0,0
167,large_drift,0.7,1.015377163887024,0.6750099658966064,66,200,4371,541,200,0,32,16,18,0,0
168,large_drift,0.9,0.8961367607116699,0.7218285799026489,60,205,4123,588,205,0,16,16,28,0,0
169,large_drift,0.8,0.8733677864074707,0.5696672201156616,69,200,4200,516,200,0,32,14,23,0,0
170,large_drift,0.6,1.0111942291259766,0.7414669990539551,36,211,4146,617,211,0,15,13,8,0,0
171,large_drift,1.0,1.0748250484466553,0.676392674446106,72,205,4344,566,205,0,32,29,11,0,0
172,large_drift,0.6,0.9655489921569824,0.6149349212646484,79,201,4642,622,201,0,45,16,18,0,0
173,large_drift,0.9,0.9042826890945435,0.6438407301902771,72,202,3020,386,202,0,16,46,10,0,0
174,large_drift,0.8,0.87359219789505,0.6284623146057129,76,202,4376,556,202,0,32,26,18,0,0
175,large_drift,1.0,1.087131142616272,0.6585516929626465,61,205,4618,552,205,0,32,14,15,0,0
176,large_drift,1.0,0.8278341293334961,0.43415844440460205,138,200,4135,410,200,0,63,47,28,0,0
177,large_drift,0.9,1.0080803632736206,0.6635900139808655,86,200,4015,546,200,0,30,46,10,0,0
178,large_drift,0.7,1.0332623720169067,0.5673537850379944,97,200,4485,515,200,0,32,44,21,0,0
179,large_drift,1.0,0.9586971998214722,0.6293730735778809,109,200,3787,392,200,0,32,59,18,0,0
180,large_drift,0.5,0.7842808961868286,0.7069422602653503,60,205,4612,572,205,0,32,25,3,0,0
181,large_drift,1.0,0.9054763317108154,0.4873858094215393,84,200,2059,216,200,0,32,37,15,0,0
182,large_drift,0.8,0.9823493957519531,0.6762556433677673,92,202,4360,545,202,0,16,53,23,0,0
183,large_drift,0.7,0.9134621620178223,0.7493325471878052,36,210,4776,622,210,0,15,13,8,0,0
184,large_drift,0.9,0.8542060256004333,0.7037397623062134,72,206,3558,461,206,0,9,45,18,0,0
185,large_drift,0.9,0.9572920799255371,0.731792688369751,61,206,4406,525,206,0,32,14,15,0,0
186,large_drift,0.7,0.8955366015434265,0.6853654384613037,105,211,4615,613,211,0,48,31,26,0,0
187,large_drift,1.0,0.9247208833694458,0.6995422840118408,72,202,3854,388,202,0,32,30,10,0,0
188,large_drift,0.6,0.8650903701782227,0.6252650022506714,50,210,4862,589,210,0,16,16,18,0,0
189,large_drift,0.5,0.8811231851577759,0.7446768879890442,45,203,4623,568,203,0,15,27,3,0,0
190,large_drift,0.6,0.8448277115821838,0.7318317890167236,59,230,5506,616,230,0,16,40,3,0,0
191,large_drift,1.0,1.1167206764221191,0.3351131081581116,63,200,2928,280,200,0,16,26,21,0,0
192,large_drift,0.8,0.8668121099472046,0.6958590745925903,63,202,4361,576,202,0,16,44,3,0,0
193,large_drift,0.9,1.0235122442245483,0.6310381889343262,69,205,4374,503,205,0,32,15,22,0,0
194,large_drift,0.7,0.7493075728416443,0.7246300578117371,60,207,4865,614,207,0,32,25,3,0,0
195,large_drift,0.9,0.9938488602638245,0.5919576287269592,93,200,4623,546,200,0,48,16,29,0,0
196,large_drift,0.7,0.7499196529388428,0.4929390549659729,88,214,4860,611,214,0,64,14,10,0,0
197,large_drift,0.8,1.0070792436599731,0.6163964867591858,54,201,4493,498,201,0,15,14,25,0,0
198,large_drift,0.5,0.8872954845428467,0.6702297925949097,77,200,4058,442,200,0,32,16,29,0,0
199,large_drift,1.0,0.8299772143363953,0.5807421207427979,94,200,3172,345,200,0,16,58,20,0,0
200,large_drift,0.6,0.9742418527603149,0.6178436279296875,84,202,4837,586,202,0,16,58,10,0,0
201,large_drift,1.0,0.9631281495094299,0.5313680171966553,118,200,3820,438,200,0,32,70,16,0,0
202,large_drift,1.0,0.8526239991188049,0.6050534248352051,72,205,4404,466,205,0,16,46,10,0,0
203,large_drift,1.0,1.0307989120483398,0.48139697313308716,125,200,3924,311,200,0,96,14,15,0,0
204,large_drift,1.0,0.9014919996261597,0.5138518810272217,56,201,3504,338,201,0,16,30,10,0,0
205,large_drift,0.9,1.1164242029190063,0.8005587458610535,59,220,3050,593,220,0,29,13,17,0,0
206,large_drift,0.6,0.9825707077980042,0.7050502300262451,72,203,4173,537,203,0,16,31,25,0,0
207,large_drift,0.6,0.8784584403038025,0.5326389074325562,78,200,4075,470,200,0,44,12,22,0,0
208,large_drift,1.0,0.9321606159210205,0.5702545642852783,101,202,4555,482,202,0,46,30,25,0,0
209,large_drift,0.9,0.893230676651001,0.5993531942367554,93,206,4500,482,206,0,32,45,16,0,0
210,large_drift,0.7,0.9718775153160095,0.7412238121032715,91,204,4616,559,204,0,31,47,13,0,0
211,large_drift,0.9,0.9520557522773743,0.645952582359314,132,215,4725,622,215,0,32,73,27,0,0
212,large_drift,0.7,0.807837188243866,0.6647698879241943,62,207,4746,608,207,0,32,21,9,0,0
213,large_drift,0.6,0.7920734882354736,0.686479926109314,59,203,4201,518,203,0,16,40,3,0,0
214,large_drift,0.8,0.9187852144241333,0.6336307525634766,88,202,4275,546,202,0,48,30,10,0,0
215,large_drift,0.5,0.7618511319160461,0.6737926602363586,44,202,4306,598,202,0,16,25,3,0,0
216,large_drift,0.7,0.9632377624511719,0.638353705406189,71,203,4587,575,203,0,16,28,27,0,0
217,large_drift,1.0,0.882262110710144,0.5455991625785828,107,200,2404,235,200,0,42,62,3,0,0
218,large_drift,1.0,0.949355959892273,0.6096025109291077,98,205,2890,335,205,0,16,64,18,0,0
219,large_drift,0.7,0.86042320728302,0.5068480968475342,98,200,4651,562,200,0,64,16,18,0,0
220,large_drift,1.0,1.0207713842391968,0.5680395364761353,88,200,3871,473,200,0,48,11,29,0,0
221,large_drift,0.8,0.8626808524131775,0.5698305368423462,82,200,4585,541,200,0,32,40,10,0,0
222,large_drift,0.5,0.9232373237609863,0.7309385538101196,57,201,4635,586,201,0,16,26,15,0,0
223,large_drift,0.7,0.8964263796806335,0.7222990393638611,61,212,4882,594,212,0,16,30,15,0,0
224,large_drift,1.0,0.8907392621040344,0.4933324456214905,115,200,3361,334,200,0,64,26,25,0,0
225,large_drift,1.0,0.8741061687469482,0.39920222759246826,76,200,4095,420,200,0,32,26,18,0,0
226,large_drift,0.7,0.9352914094924927,0.5955220460891724,79,201,4439,531,201,0,32,29,18,0,0
227,large_drift,0.9,0.8358688354492188,0.6784888505935669,49,202,4236,459,202,0,9,30,10,0,0
228,large_drift,1.0,0.8531419038772583,0.6130915284156799,119,202,4306,499,202,0,48,61,10,0,0
229,large_drift,0.4,0.9093643426895142,0.7110277414321899,65,204,4763,568,204,0,32,13,20,0,0
230,large_drift,1.0,1.0553683042526245,0.5296323895454407,108,200,4187,407,200,0,16,74,18,0,0
231,large_drift,0.7,0.8967983722686768,0.6181378364562988,65,202,4276,529,202,0,16,29,20,0,0
232,large_drift,0.4,0.8501365780830383,0.6034351587295532,80,204,4515,499,204,0,48,16,16,0,0
233,large_drift,0.6,0.994864284992218,0.7758590579032898,50,216,4833,690,216,0,16,15,19,0,0
234,large_drift,0.8,0.8670896291732788,0.6061035394668579,105,201,3868,502,201,0,32,47,26,0,0
235,large_drift,0.6,0.9178711771965027,0.6695144176483154,139,201,3707,459,201,0,96,40,3,0,0
236,large_drift,1.0,0.9527890086174011,0.6758146286010742,63,201,4583,421,201,0,16,38,9,0,0
237,large_drift,0.8,0.8807840943336487,0.6507568359375,87,203,4142,490,203,0,32,30,25,0,0
238,large_drift,0.9,0.9692588448524475,0.6728094220161438,101,203,4073,447,203,0,29,61,11,0,0
239,large_drift,0.9,0.8620412945747375,0.6258915662765503,84,205,4785,602,205,0,48,16,20,0,0
240,large_drift,0.6,1.0722190141677856,0.6850564479827881,58,218,4744,524,218,0,16,16,26,0,0
241,large_drift,0.9,0.9722667336463928,0.6821146011352539,82,207,3922,436,207,0,32,32,18,0,0
242,large_drift,1.0,1.0139890909194946,0.5782530903816223,64,201,3919,398,201,0,12,42,10,0,0
243,large_drift,0.9,0.7199862599372864,0.6727853417396545,44,204,4224,501,204,0,16,25,3,0,0
244,large_drift,0.8,0.8878462314605713,0.6073925495147705,83,205,4445,537,205,0,16,47,20,0,0
245,large_drift,0.9,0.7085181474685669,0.611013650894165,48,200,4282,450,200,0,32,13,3,0,0
246,large_drift,0.9,0.9619587063789368,0.5673041343688965,84,203,3901,457,203,0,29,30,25,0,0
247,large_drift,0.8,0.8834666609764099,0.6312804222106934,102,204,4581,491,204,0,16,76,10,0,0
248,large_drift,1.0,0.7721036076545715,0.653199315071106,89,201,3291,387,201,0,62,24,3,0,0
249,large_drift,0.6,0.8543807864189148,0.605731189250946,90,201,4070,447,201,0,16,47,27,0,0
250,large_drift,1.0,0.9175935387611389,0.7307757139205933,82,207,3538,342,207,0,16,43,23,0,0
251,large_drift,0.6,1.0552948713302612,0.6862595677375793,91,207,4676,597,207,0,48,16,27,0,0
252,large_drift,0.9,1.0161975622177124,0.6888936161994934,53,201,4328,348,201,0,16,14,23,0,0
253,large_drift,0.8,0.9809978008270264,0.6554044485092163,49,203,4263,475,203,0,9,30,10,0,0
254,large_drift,0.6,1.1538033485412598,0.6439259052276611,72,200,4735,540,200,0,16,47,9,0,0
255,large_drift,0.7,0.9744635820388794,0.5844769477844238,67,200,4376,497,200,0,16,27,24,0,0
256,large_drift,0.2,0.9963355660438538,0.5919716358184814,94,201,4494,573,201,0,48,28,18,0,0
257,large_drift,0.9,0.8633116483688354,0.5642474889755249,115,200,4165,460,200,0,64,31,20,0,0
258,large_drift,0.9,0.9162117838859558,0.6538271903991699,82,202,4176,503,202,0,32,30,20,0,0
259,large_drift,0.8,0.9660050868988037,0.7618082165718079,57,205,4648,543,205,0,16,16,25,0,0
260,large_drift,1.0,0.8081523180007935,0.6136683225631714,91,201,4007,375,201,0,30,46,15,0,0
261,large_drift,0.6,0.8549922704696655,0.6517082452774048,49,203,4632,645,203,0,16,25,8,0,0
262,large_drift,1.0,0.6410564184188843,0.6410564184188843,32,202,4610,535,202,0,16,13,3,0,0
263,large_drift,1.0,0.8594425916671753,0.7033806443214417,63,210,4626,562,210,0,16,29,18,0,0
264,large_drift,1.0,0.9601728320121765,0.6007058620452881,102,203,4246,510,203,0,16,59,27,0,0
265,large_drift,1.0,0.9919986724853516,0.4702008366584778,78,201,2917,322,201,0,32,28,18,0,0
266,large_drift,1.0,0.9701767563819885,0.40692466497421265,94,200,3303,344,200,0,32,42,20,0,0
267,large_drift,0.9,1.082029104232788,0.6107891201972961,69,200,4204,502,200,0,32,14,23,0,0
268,large_drift,0.7,0.8038214445114136,0.6896534562110901,57,206,4509,626,206,0,32,10,15,0,0
269,large_drift,1.0,1.1400580406188965,0.7256722450256348,77,203,2599,298,203,0,16,41,20,0,0
270,large_drift,1.0,1.0250234603881836,0.4079895615577698,107,200,2943,255,200,0,63,28,16,0,0
271,large_drift,1.0,0.734093427658081,0.6363940238952637,80,205,3106,333,205,0,48,29,3,0,0
272,large_drift,0.8,0.9007643461227417,0.6967737674713135,72,203,4566,534,203,0,16,46,10,0,0
273,large_drift,1.0,0.843842625617981,0.6188225150108337,89,201,3428,378,201,0,16,70,3,0,0
274,large_drift,0.8,0.9110077023506165,0.6557799577713013,50,207,4626,562,207,0,16,16,18,0,0
275,large_drift,0.7,0.9415220022201538,0.6562142968177795,56,207,4600,586,207,0,32,13,11,0,0
276,large_drift,0.6,0.8576413989067078,0.7200003862380981,74,202,4181,567,202,0,32,15,27,0,0
277,large_drift,0.9,0.8811227679252625,0.534193754196167,97,201,4140,419,201,0,32,47,18,0,0
278,large_drift,0.9,1.0899882316589355,0.6842414736747742,62,202,4090,548,202,0,15,31,16,0,0
279,large_drift,1.0,0.8866601586341858,0.4437742829322815,98,200,2959,370,200,0,64,16,18,0,0
280,large_drift,0.9,0.8235021829605103,0.4559072256088257,105,200,4090,553,200,0,64,16,25,0,0
281,large_drift,0.9,0.7884818315505981,0.6337756514549255,84,209,4395,628,209,0,16,58,10,0,0
282,large_drift,0.7,1.0168648958206177,0.6681051254272461,56,202,4581,598,202,0,16,16,24,0,0
283,large_drift,0.8,0.9069471955299377,0.6260886192321777,104,200,4381,553,200,0,48,46,10,0,0
284,large_drift,0.9,0.9340993762016296,0.595156192779541,76,205,4535,570,205,0,32,35,9,0,0
285,large_drift,1.0,0.9588602185249329,0.5795707702636719,56,201,3554,452,201,0,16,30,10,0,0
286,large_drift,0.9,0.8917114734649658,0.5632495880126953,101,203,4839,581,203,0,31,60,10,0,0
287,large_drift,1.0,1.0141136646270752,0.6198505163192749,64,200,3558,343,200,0,16,32,16,0,0
288,large_drift,0.7,0.9537171125411987,0.6729168891906738,46,205,4345,592,205,0,16,14,16,0,0
289,large_drift,0.9,0.8096722364425659,0.6429460048675537,67,205,4670,572,205,0,29,23,15,0,0
290,large_drift,0.4,0.9637324810028076,0.7403734922409058,64,206,4451,582,206,0,15,28,21,0,0
291,large_drift,0.9,0.9026777744293213,0.768338680267334,53,219,5066,568,219,0,16,14,23,0,0
292,large_drift,1.0,0.7771283388137817,0.6377959251403809,78,206,3589,499,206,0,16,53,9,0,0
293,large_drift,1.0,0.863241970539093,0.5254002809524536,82,201,3411,378,201,0,16,43,23,0,0
294,large_drift,0.8,1.002450704574585,0.7121419310569763,46,201,3171,398,201,0,16,14,16,0,0
295,large_drift,0.8,0.9566682577133179,0.6841710805892944,45,214,4666,499,214,0,16,14,15,0,0
296,large_drift,0.9,0.8415903449058533,0.6735141277313232,76,201,4314,546,201,0,16,47,13,0,0
297,large_drift,1.0,0.7646377086639404,0.6458837985992432,50,203,4196,473,203,0,16,16,18,0,0
298,large_drift,0.9,1.0485773086547852,0.7262434959411621,32,206,4593,516,206,0,14,9,9,0,0
299,large_drift,0.5,1.0089499950408936,0.625862181186676,107,200,4830,545,200,0,48,31,28,0,0
300,large_drift,1.0,0.9885374307632446,0.43166542053222656,110,202,3702,303,202,0,64,16,30,0,0
301,large_drift,0.5,0.9781255125999451,0.6533492207527161,90,204,4736,558,204,0,32,32,26,0,0
302,large_drift,1.0,0.7649655342102051,0.5820884108543396,64,203,4007,397,203,0,30,16,18,0,0
303,large_drift,0.9,1.1231399774551392,0.6065549850463867,52,203,3566,486,203,0,16,13,23,0,0
304,large_drift,0.5,1.0051958560943604,0.6125940084457397,65,204,4864,577,204,0,16,40,9,0,0
305,large_drift,1.0,0.8743975162506104,0.5325932502746582,76,204,4339,502,204,0,16,28,32,0,0
306,large_drift,0.7,0.8726164698600769,0.6191292405128479,59,203,4872,563,203,0,16,16,27,0,0
307,large_drift,0.9,0.9329862594604492,0.5632323026657104,70,200,4693,536,200,0,32,28,10,0,0
308,large_drift,0.8,0.9293960332870483,0.5952845811843872,65,200,3481,344,200,0,25,30,10,0,0
309,large_drift,1.0,1.122847557067871,0.644298791885376,120,200,4009,361,200,0,47,40,33,0,0
310,large_drift,0.9,0.9156211614608765,0.45287370681762695,97,200,3259,459,200,0,32,44,21,0,0
311,large_drift,0.8,0.9795773029327393,0.6877392530441284,96,201,4458,498,201,0,32,44,20,0,0
312,large_drift,0.9,0.8366024494171143,0.6196694374084473,86,200,3941,451,200,0,32,44,10,0,0
313,large_drift,1.0,0.7347462177276611,0.5510873794555664,62,202,4293,336,202,0,14,45,3,0,0
314,large_drift,1.0,0.9378915429115295,0.6739820241928101,88,200,3953,453,200,0,47,38,3,0,0
315,large_drift,0.9,0.8612985014915466,0.6521559953689575,92,204,4436,583,204,0,32,51,9,0,0
316,large_drift,0.8,0.8983750939369202,0.5416284203529358,84,200,4364,424,200,0,48,14,22,0,0
317,large_drift,1.0,0.9531119465827942,0.7182167768478394,40,201,3892,379,201,0,16,13,11,0,0
318,large_drift,0.9,0.9971798062324524,0.5238955020904541,130,200,4569,537,200,0,64,48,18,0,0
319,large_drift,1.0,0.9557257890701294,0.5850273370742798,104,200,3235,340,200,0,32,62,10,0,0
320,large_drift,0.8,1.0041087865829468,0.7372109293937683,55,201,4204,480,201,0,16,14,25,0,0
321,large_drift,0.5,0.9220184683799744,0.6779745817184448,54,211,4947,602,211,0,16,28,10,0,0
322,large_drift,0.7,1.0472813844680786,0.8268221020698547,68,224,4770,569,224,0,16,27,25,0,0
323,large_drift,0.6,1.1157755851745605,0.7475957870483398,54,202,4244,510,202,0,16,28,10,0,0
324,large_drift,1.0,0.8901013135910034,0.6939905285835266,54,204,3967,470,204,0,16,28,10,0,0
325,large_drift,0.8,0.9284728765487671,0.5867520570755005,88,200,4466,512,200,0,32,46,10,0,0
326,large_drift,1.0,0.9369062781333923,0.652814507484436,71,202,4658,513,202,0,16,31,24,0,0
327,large_drift,1.0,0.8378401398658752,0.52076256275177,110,200,1786,199,200,0,64,43,3,0,0
328,large_drift,0.5,0.8609306812286377,0.6633238792419434,62,200,4168,529,200,0,32,14,16,0,0
329,large_drift,0.8,1.0206758975982666,0.6255127787590027,70,202,4872,574,202,0,14,46,10,0,0
330,large_drift,0.8,1.0025604963302612,0.355308473110199,78,200,2071,221,200,0,16,26,36,0,0
331,large_drift,0.8,1.0631388425827026,0.6198995113372803,90,201,4046,503,201,0,32,30,28,0,0
332,large_drift,1.0,0.9499058723449707,0.46588146686553955,110,200,3304,360,200,0,48,53,9,0,0
333,large_drift,1.0,1.0233722925186157,0.6580519676208496,87,201,3531,355,201,0,15,49,23,0,0
334,large_drift,1.0,0.847324550151825,0.5725266933441162,84,204,4252,542,204,0,32,44,8,0,0
335,large_drift,0.4,0.8086693286895752,0.5457342267036438,146,200,4818,540,200,0,95,28,23,0,0
336,large_drift,1.0,1.024862289428711,0.6372940540313721,75,207,3137,507,207,0,16,46,13,0,0
337,large_drift,0.9,0.7717738151550293,0.5405648946762085,119,200,3041,386,200,0,64,30,25,0,0
338,large_drift,0.9,0.9476373195648193,0.6524925827980042,73,202,3837,460,202,0,16,31,26,0,0
339,large_drift,1.0,0.9073314666748047,0.6721923351287842,82,204,4139,491,204,0,16,44,22,0,0
340,large_drift,0.9,0.8787592649459839,0.54097980260849,102,200,4022,432,200,0,48,31,23,0,0
341,large_drift,0.8,0.770984411239624,0.642982006072998,87,203,4705,557,203,0,16,61,10,0,0
342,large_drift,0.9,0.7576304078102112,0.5566600561141968,112,200,4406,572,200,0,32,77,3,0,0
343,large_drift,0.8,0.9733287692070007,0.7998078465461731,48,207,4192,488,207,0,16,16,16,0,0
344,large_drift,1.0,1.0401662588119507,0.7198470830917358,46,223,4213,620,223,0,16,14,16,0,0
345,large_drift,0.9,0.9223629832267761,0.6120723485946655,64,220,4469,525,220,0,30,16,18,0,0
346,large_drift,1.0,1.0868644714355469,0.6413711309432983,55,202,3157,368,202,0,31,14,10,0,0
347,large_drift,0.3,0.8799727559089661,0.6545560956001282,72,202,4434,573,202,0,16,46,10,0,0
348,large_drift,0.6,0.9029214382171631,0.5887295007705688,54,206,4684,595,206,0,16,28,10,0,0
349,large_drift,0.4,1.0142543315887451,0.8449591398239136,49,230,5036,573,230,0,16,24,9,0,0
350,large_drift,0.7,1.1160640716552734,0.7407786846160889,82,202,4696,547,202,0,32,32,18,0,0
351,large_drift,1.0,0.9036194086074829,0.624260663986206,55,202,3737,464,202,0,15,37,3,0,0
352,large_drift,0.2,0.7574450373649597,0.6904479265213013,79,212,4498,603,212,0,63,13,3,0,0
353,large_drift,0.9,0.8587583899497986,0.7137361764907837,88,201,4506,484,201,0,48,30,10,0,0
354,large_drift,1.0,1.0436493158340454,0.5017401576042175,77,200,2891,264,200,0,32,25,20,0,0
355,large_drift,0.7,0.9620853066444397,0.6696767807006836,102,200,4327,509,200,0,47,45,10,0,0
356,large_drift,0.4,0.9076783657073975,0.7302716970443726,56,209,4651,614,209,0,16,27,13,0,0
357,large_drift,0.8,0.8786243796348572,0.5888139009475708,123,201,4316,487,201,0,78,42,3,0,0
358,large_drift,0.7,1.0348353385925293,0.5773520469665527,70,201,4533,488,201,0,32,28,10,0,0
359,large_drift,0.9,0.9096814393997192,0.5976160168647766,93,204,4495,503,204,0,32,53,8,0,0
360,large_drift,0.8,1.0782736539840698,0.6146823763847351,58,203,4585,519,203,0,16,16,26,0,0
361,large_drift,0.9,0.9537683725357056,0.6141480803489685,63,206,4649,626,206,0,15,15,33,0,0
362,large_drift,0.8,0.7988717555999756,0.6435366868972778,70,202,4656,512,202,0,16,44,10,0,0
363,large_drift,0.9,0.9977259039878845,0.5843287706375122,100,201,4834,579,201,0,30,45,25,0,0
364,large_drift,0.5,0.9494611024856567,0.5924985408782959,100,204,4564,541,204,0,64,12,24,0,0
365,large_drift,0.9,0.7735093832015991,0.591804027557373,47,201,4368,447,201,0,16,28,3,0,0
366,large_drift,1.0,0.8366057276725769,0.5487594604492188,65,200,3683,479,200,0,16,40,9,0,0
367,large_drift,0.8,0.9719359278678894,0.6869958639144897,85,202,4321,520,202,0,16,44,25,0,0
368,large_drift,0.7,0.9933974742889404,0.6885464787483215,40,201,4421,508,201,0,16,14,10,0,0
369,large_drift,0.8,1.0463095903396606,0.5705093145370483,86,202,4049,491,202,0,62,14,10,0,0
370,large_drift,1.0,0.951713502407074,0.3761902451515198,104,200,2773,263,200,0,32,43,29,0,0
371,large_drift,0.7,0.8769350647926331,0.7164511680603027,68,208,4581,625,208,0,32,28,8,0,0
372,large_drift,1.0,0.7519055008888245,0.659398078918457,60,203,3660,398,203,0,32,25,3,0,0
373,large_drift,1.0,0.8490869402885437,0.5016827583312988,110,201,4355,380,201,0,32,60,18,0,0
374,large_drift,1.0,0.7641725540161133,0.5021721720695496,72,201,4715,500,201,0,16,46,10,0,0
375,large_drift,1.0,0.9015699625015259,0.5150786638259888,79,200,3250,267,200,0,47,13,19,0,0
376,large_drift,0.8,0.9071241617202759,0.6434233784675598,77,201,4474,546,201,0,31,30,16,0,0
377,large_drift,1.0,0.8851845860481262,0.5568147897720337,77,202,2945,310,202,0,48,14,15,0,0
378,large_drift,0.9,0.9586980938911438,0.6540651917457581,69,206,4692,549,206,0,16,32,21,0,0
379,large_drift,0.9,0.8558648824691772,0.5219288468360901,72,201,4227,430,201,0,16,46,10,0,0
380,large_drift,0.5,1.0130332708358765,0.8632107973098755,60,209,3956,627,209,0,32,25,3,0,0
381,large_drift,0.9,0.8824869394302368,0.5593809485435486,69,204,4127,443,204,0,32,29,8,0,0
382,large_drift,0.8,0.952873170375824,0.6450983285903931,56,201,3167,382,201,0,32,14,10,0,0
383,large_drift,0.9,0.9504660367965698,0.6156659126281738,65,207,3998,577,207,0,16,31,18,0,0
384,large_drift,0.8,0.8823570013046265,0.5993226170539856,77,203,4546,577,203,0,32,16,29,0,0
385,large_drift,0.6,1.011846661567688,0.7575026750564575,77,221,4955,531,221,0,16,43,18,0,0
386,large_drift,1.0,0.674338161945343,0.674338161945343,32,213,2664,500,213,0,16,13,3,0,0
387,large_drift,0.7,1.1024545431137085,0.7826117277145386,94,203,3956,506,203,0,32,42,20,0,0
388,large_drift,0.9,0.8829060196876526,0.6304842829704285,60,231,4941,569,231,0,16,26,18,0,0
389,large_drift,0.7,0.8561294674873352,0.6538172960281372,57,209,4940,650,209,0,32,10,15,0,0
390,large_drift,0.9,1.0631235837936401,0.567153811454773,73,202,3780,332,202,0,48,10,15,0,0
391,large_drift,0.9,1.1815757751464844,0.6990991830825806,61,202,3369,387,202,0,31,14,16,0,0
392,large_drift,1.0,0.9130395650863647,0.7016124725341797,58,210,4129,579,210,0,16,33,9,0,0
393,large_drift,0.9,0.9936866164207458,0.6410990953445435,105,201,3813,405,201,0,32,58,15,0,0
394,large_drift,0.8,0.843060314655304,0.619696855545044,84,200,4333,541,200,0,31,43,10,0,0
395,large_drift,0.6,1.023161768913269,0.6095008850097656,66,201,4575,536,201,0,16,27,23,0,0
396,large_drift,0.5,0.9653254747390747,0.6382008790969849,62,200,4736,577,200,0,16,24,22,0,0
397,large_drift,1.0,0.8687995076179504,0.6439772844314575,54,204,4352,521,204,0,16,12,26,0,0
398,large_drift,0.7,0.8844221830368042,0.7411831021308899,56,206,4719,568,206,0,16,30,10,0,0
399,large_drift,0.6,1.069936990737915,0.8203738331794739,48,206,4033,509,206,0,30,9,9,0,0
400,large_drift,0.8,0.9440915584564209,0.5461077094078064,99,202,4401,503,202,0,63,16,20,0,0
401,large_drift,0.6,0.9517886638641357,0.6830605268478394,105,203,4656,554,203,0,16,71,18,0,0
402,large_drift,1.0,0.7697147727012634,0.5095064640045166,81,202,4244,469,202,0,16,47,18,0,0
403,large_drift,1.0,1.0965806245803833,0.6841959953308105,53,206,4672,591,206,0,16,14,23,0,0
404,large_drift,0.9,0.8433669209480286,0.4708974361419678,103,201,3757,361,201,0,48,45,10,0,0
405,large_drift,0.9,0.9758667349815369,0.6917223930358887,68,201,3461,452,201,0,16,44,8,0,0
406,large_drift,1.0,0.7738565802574158,0.6083301305770874,50,204,3838,498,204,0,16,16,18,0,0
407,large_drift,1.0,0.8237349987030029,0.5614991188049316,93,200,2558,255,200,0,32,46,15,0,0
408,large_drift,0.4,0.9587751030921936,0.8339250683784485,36,203,4452,582,203,0,15,13,8,0,0
409,large_drift,0.9,0.8777962923049927,0.6800280809402466,83,203,4446,567,203,0,16,45,22,0,0
410,large_drift,1.0,1.0125585794448853,0.6584948301315308,66,203,3552,409,203,0,32,13,21,0,0
411,large_drift,1.0,1.084855318069458,0.8764457702636719,52,205,3044,385,205,0,31,13,8,0,0
412,large_drift,0.4,1.104475975036621,0.7953022122383118,91,206,4203,581,206,0,16,57,18,0,0
413,large_drift,1.0,0.9696216583251953,0.6485742330551147,86,208,4441,607,208,0,45,26,15,0,0
414,large_drift,0.9,1.0068128108978271,0.6828030943870544,53,204,4509,481,204,0,13,16,24,0,0
415,large_drift,0.6,0.988775372505188,0.7268403768539429,87,202,4328,530,202,0,32,29,26,0,0
416,large_drift,0.9,0.8372862935066223,0.5702216625213623,91,200,3015,365,200,0,45,24,22,0,0
417,large_drift,0.7,0.9601981043815613,0.6509979963302612,40,203,4735,573,203,0,16,14,10,0,0
418,large_drift,0.8,1.0356184244155884,0.5667155385017395,95,201,4624,561,201,0,63,16,16,0,0
419,large_drift,0.9,1.047377586364746,0.5252055525779724,86,201,3929,509,201,0,16,55,15,0,0
420,large_drift,0.7,0.9428601861000061,0.6298243403434753,69,206,4715,624,206,0,32,16,21,0,0
421,large_drift,0.7,0.8879296183586121,0.6804616451263428,77,207,4482,553,207,0,31,43,3,0,0
422,large_drift,0.9,0.807119607925415,0.5718645453453064,82,203,4899,597,203,0,32,32,18,0,0
423,large_drift,0.7,0.7680330872535706,0.5390986800193787,94,200,4304,456,200,0,32,59,3,0,0
424,large_drift,0.6,0.9478645324707031,0.7274175882339478,71,203,4813,598,203,0,47,14,10,0,0
425,large_drift,1.0,0.9585729241371155,0.47905129194259644,82,200,4267,420,200,0,48,12,22,0,0
426,large_drift,0.8,0.9771128296852112,0.6742937564849854,79,203,3951,547,203,0,47,16,16,0,0
427,large_drift,1.0,0.9165074825286865,0.5159719586372375,73,200,3618,359,200,0,32,16,25,0,0
428,large_drift,1.0,1.0024701356887817,0.6138166189193726,77,205,3792,484,205,0,32,35,10,0,0
429,large_drift,0.8,1.0008726119995117,0.650200366973877,87,214,4119,421,214,0,32,30,25,0,0
430,large_drift,1.0,0.9354767799377441,0.7395811080932617,66,216,3628,567,216,0,32,16,18,0,0
431,large_drift,0.7,0.8124732971191406,0.5899913311004639,141,201,4384,497,201,0,32,106,3,0,0
432,large_drift,1.0,0.977331280708313,0.6988271474838257,114,206,2885,459,206,0,64,42,8,0,0
433,large_drift,1.0,0.9858416318893433,0.696078360080719,74,204,4055,449,204,0,31,30,13,0,0
434,large_drift,0.7,0.7078909277915955,0.6475176811218262,48,204,4128,485,204,0,32,13,3,0,0
435,large_drift,0.8,0.8343329429626465,0.6384584903717041,57,203,4522,502,203,0,32,10,15,0,0
436,large_drift,1.0,0.8829740881919861,0.6196942329406738,64,207,3246,444,207,0,30,16,18,0,0
437,large_drift,0.9,0.9167652130126953,0.7545651197433472,40,211,4518,629,211,0,16,14,10,0,0
438,large_drift,1.0,0.7276226282119751,0.4655200242996216,61,200,3974,445,200,0,16,30,15,0,0
439,large_drift,1.0,1.0075078010559082,0.5777621269226074,84,200,4168,357,200,0,45,13,26,0,0
440,large_drift,0.4,0.9360089302062988,0.6840111017227173,45,207,4656,561,207,0,16,14,15,0,0
441,large_drift,0.8,0.9564824104309082,0.6579958200454712,101,210,4908,473,210,0,32,61,8,0,0
442,large_drift,1.0,0.7588227987289429,0.6501624584197998,50,202,4452,489,202,0,16,16,18,0,0
443,large_drift,0.5,0.8965983390808105,0.6257836818695068,66,202,4591,472,202,0,32,16,18,0,0
444,large_drift,1.0,0.8954548835754395,0.4808385372161865,104,204,4085,454,204,0,32,62,10,0,0
445,large_drift,1.0,0.8299034237861633,0.5607749223709106,56,200,4061,370,200,0,31,10,15,0,0
446,large_drift,1.0,0.9649866819381714,0.5045458674430847,55,200,3521,298,200,0,16,14,25,0,0
447,large_drift,0.6,1.0144882202148438,0.7254287600517273,75,201,4521,544,201,0,15,38,22,0,0
448,large_drift,1.0,0.8236508369445801,0.6740080118179321,50,206,4325,410,206,0,16,16,18,0,0
449,large_drift,0.5,0.8853193521499634,0.6313608884811401,84,203,4710,557,203,0,47,16,21,0,0
450,large_drift,1.0,0.8288413286209106,0.4460281729698181,93,200,4453,355,200,0,48,30,15,0,0
451,large_drift,0.9,0.8288169503211975,0.6762737035751343,53,203,4473,575,203,0,16,29,8,0,0
452,large_drift,1.0,0.9005109071731567,0.5426863431930542,119,200,3236,339,200,0,41,60,18,0,0
453,large_drift,0.9,0.9750553369522095,0.5702413320541382,94,200,4203,438,200,0,32,44,18,0,0
454,large_drift,0.8,0.9874224662780762,0.644461989402771,51,204,4582,577,204,0,16,25,10,0,0
455,large_drift,1.0,0.8340805172920227,0.5703108310699463,84,201,4681,526,201,0,32,29,23,0,0
456,large_drift,0.9,0.8585572838783264,0.635478138923645,54,201,4316,499,201,0,16,12,26,0,0
457,large_drift,0.7,1.1371203660964966,0.7238309383392334,46,202,4643,554,202,0,16,10,20,0,0
458,large_drift,0.7,0.865696907043457,0.6570346355438232,66,200,4600,565,200,0,16,32,18,0,0
459,large_drift,0.9,1.023008108139038,0.7431473731994629,75,206,4481,659,206,0,15,42,18,0,0
460,large_drift,0.7,0.9964032769203186,0.7081534266471863,49,210,4420,607,210,0,15,24,10,0,0
461,large_drift,0.9,0.9925379157066345,0.6201344132423401,66,204,4401,605,204,0,16,32,18,0,0
462,large_drift,1.0,0.9583216905593872,0.43163901567459106,89,200,3535,279,200,0,48,26,15,0,0
463,large_drift,0.8,0.8904294371604919,0.6524969339370728,56,205,4865,513,205,0,16,30,10,0,0
464,large_drift,1.0,1.1716408729553223,0.6968483924865723,71,201,3971,419,201,0,16,28,27,0,0
465,large_drift,1.0,0.7555670738220215,0.6668256521224976,64,201,3545,356,201,0,48,13,3,0,0
466,large_drift,0.9,0.9979913234710693,0.6021530032157898,81,202,3568,402,202,0,31,32,18,0,0
467,large_drift,0.7,0.8761170506477356,0.5935382843017578,87,200,4733,548,200,0,48,14,25,0,0
468,large_drift,0.9,0.9713793992996216,0.6612801551818848,112,203,4116,479,203,0,30,72,10,0,0
469,large_drift,0.8,0.8823866248130798,0.6373331546783447,76,205,4767,626,205,0,48,15,13,0,0
470,large_drift,0.9,0.9620399475097656,0.5653598308563232,55,200,4037,463,200,0,31,14,10,0,0
471,large_drift,1.0,0.9767059087753296,0.3865596652030945,80,200,2760,242,200,0,48,16,16,0,0
472,large_drift,0.8,0.9354193210601807,0.5703340172767639,110,200,4306,566,200,0,32,62,16,0,0
473,large_drift,0.4,0.840706467628479,0.645598828792572,74,234,5221,550,234,0,16,55,3,0,0
474,large_drift,1.0,0.8858897686004639,0.5608940124511719,72,200,1800,228,200,0,31,26,15,0,0
475,large_drift,1.0,1.0792467594146729,0.3537856936454773,109,200,1946,228,200,0,59,37,13,0,0
476,large_drift,0.7,0.8851003646850586,0.7089039087295532,66,209,4564,614,209,0,32,16,18,0,0
477,large_drift,0.5,1.049867033958435,0.6085237264633179,54,203,4434,507,203,0,16,28,10,0,0
478,large_drift,1.0,0.9993253946304321,0.563264012336731,102,204,4193,486,204,0,16,61,25,0,0
479,large_drift,0.7,1.0233827829360962,0.6507322788238525,92,204,4697,574,204,0,46,28,18,0,0
480,large_drift,0.8,1.0028959512710571,0.6835296154022217,64,209,4383,658,209,0,15,31,18,0,0
481,large_drift,1.0,0.924079418182373,0.5746665000915527,72,200,4395,567,200,0,16,46,10,0,0
482,large_drift,1.0,1.1662932634353638,0.8036136031150818,61,204,2626,353,204,0,16,30,15,0,0
483,large_drift,0.9,0.8803961277008057,0.6911853551864624,67,204,4417,527,204,0,27,15,25,0,0
484,large_drift,1.0,0.7934468984603882,0.5411928296089172,71,206,4051,513,206,0,16,45,10,0,0
485,large_drift,1.0,0.8700715899467468,0.7934091091156006,36,203,4095,524,203,0,15,13,8,0,0
486,large_drift,0.8,0.9317761659622192,0.5447717905044556,57,206,4775,557,206,0,16,16,25,0,0
487,large_drift,0.9,0.8437232971191406,0.5260378122329712,115,200,4004,494,200,0,64,40,11,0,0
488,large_drift,1.0,0.840572714805603,0.5690276622772217,68,201,4286,450,201,0,44,14,10,0,0
489,large_drift,1.0,0.9633981585502625,0.5178414583206177,88,200,2913,283,200,0,32,28,28,0,0
490,large_drift,1.0,0.980891764163971,0.5378100872039795,83,200,2784,349,200,0,29,38,16,0,0
491,large_drift,0.9,1.0330593585968018,0.7788721919059753,100,203,3941,474,203,0,16,60,24,0,0
492,large_drift,0.6,0.9130121469497681,0.6861767172813416,82,201,3361,568,201,0,29,45,8,0,0
493,large_drift,1.0,0.9974091649055481,0.45969825983047485,114,200,4364,479,200,0,16,83,15,0,0
494,large_drift,0.9,0.7981645464897156,0.6724961996078491,77,200,4379,443,200,0,48,26,3,0,0
495,large_drift,1.0,0.9644098281860352,0.7085138559341431,81,204,3445,435,204,0,32,31,18,0,0
496,large_drift,1.0,0.760721743106842,0.5616888999938965,78,200,3512,259,200,0,48,27,3,0,0
497,large_drift,0.8,0.8478118777275085,0.688805103302002,68,204,4565,578,204,0,16,44,8,0,0
498,large_drift,0.9,0.8916070461273193,0.6497124433517456,76,206,4504,583,206,0,16,42,18,0,0
499,large_drift,1.0,1.051430583000183,0.8113739490509033,75,204,2551,298,204,0,16,56,3,0,0
500,large_drift,1.0,0.9015063047409058,0.43620866537094116,90,201,2848,337,201,0,46,26,18,0,0
501,large_drift,1.0,0.9454997181892395,0.6593431234359741,81,204,3187,305,204,0,32,31,18,0,0
502,large_drift,0.8,1.0779709815979004,0.6701114177703857,88,223,4707,558,223,0,32,46,10,0,0
503,large_drift,1.0,0.9064605236053467,0.5364394187927246,80,201,3570,275,201,0,32,32,16,0,0
504,large_drift,0.8,0.8343838453292847,0.6030088067054749,88,221,4670,610,221,0,16,47,25,0,0
505,large_drift,0.6,0.991278350353241,0.5514274835586548,103,200,4655,561,200,0,48,29,26,0,0
506,large_drift,0.7,0.9237813949584961,0.6332319974899292,71,200,3623,411,200,0,16,30,25,0,0
507,large_drift,1.0,0.7693395018577576,0.7159109711647034,73,203,3187,340,203,0,14,56,3,0,0
508,large_drift,1.0,0.9487372636795044,0.5327610969543457,73,200,4535,564,200,0,31,16,26,0,0
509,large_drift,0.7,1.0013843774795532,0.740780234336853,42,206,4185,554,206,0,12,21,9,0,0
510,large_drift,0.7,1.0180964469909668,0.5381985902786255,92,200,4447,576,200,0,47,15,30,0,0
511,large_drift,1.0,0.9144312143325806,0.49632489681243896,81,200,4223,450,200,0,45,28,8,0,0
512,large_drift,0.8,0.886864960193634,0.6158294081687927,100,202,4511,528,202,0,32,60,8,0,0
513,large_drift,1.0,0.8569425940513611,0.7131171226501465,59,202,3877,491,202,0,15,28,16,0,0
514,large_drift,0.8,0.8154605627059937,0.6306668519973755,55,201,3966,508,201,0,16,14,25,0,0
515,large_drift,0.8,0.9366468191146851,0.6687273979187012,68,204,3311,404,204,0,15,43,10,0,0
516,large_drift,1.0,1.0321367979049683,0.6073300838470459,97,201,3259,358,201,0,48,41,8,0,0
517,large_drift,0.8,1.0532463788986206,0.6829541921615601,81,206,4241,556,206,0,16,45,20,0,0
518,large_drift,0.4,0.9670451879501343,0.7833284139633179,81,206,4345,554,206,0,48,24,9,0,0
519,large_drift,0.9,1.037600040435791,0.7615503072738647,65,202,3777,444,202,0,16,41,8,0,0
520,large_drift,0.4,0.8190481662750244,0.6851725578308105,72,211,4312,555,211,0,32,30,10,0,0
521,large_drift,0.5,1.0246649980545044,0.6859576106071472,76,203,4594,553,203,0,16,29,31,0,0
522,large_drift,0.5,0.9872421026229858,0.6882448196411133,83,205,4417,571,205,0,48,13,22,0,0
523,large_drift,1.0,0.9662357568740845,0.7033082246780396,56,203,2891,298,203,0,16,30,10,0,0
524,large_drift,0.7,0.9011672735214233,0.7226566076278687,65,205,4494,511,205,0,16,31,18,0,0
525,large_drift,0.4,0.9342023134231567,0.683573305606842,88,207,4830,625,207,0,16,62,10,0,0
526,large_drift,1.0,0.840517520904541,0.6556525826454163,58,201,3029,348,201,0,16,39,3,0,0
527,large_drift,1.0,0.9271938800811768,0.6344687938690186,40,213,4792,542,213,0,16,14,10,0,0
528,large_drift,0.5,0.9027847647666931,0.650153398513794,71,200,4638,547,200,0,16,45,10,0,0
529,large_drift,1.0,0.9878253936767578,0.4655076265335083,96,200,2428,222,200,0,64,16,16,0,0
530,large_drift,0.6,0.9355097413063049,0.7418602108955383,62,212,4799,608,212,0,44,9,9,0,0
531,large_drift,0.6,0.9324532747268677,0.7184336185455322,56,203,4644,588,203,0,16,30,10,0,0
532,large_drift,1.0,1.0545140504837036,0.5775146484375,90,202,3418,401,202,0,48,14,28,0,0
533,large_drift,1.0,1.0855438709259033,0.6869181990623474,111,201,3893,323,201,0,32,70,9,0,0
534,large_drift,0.8,0.9205136895179749,0.7935751676559448,67,211,4418,498,211,0,16,27,24,0,0
535,large_drift,1.0,0.8211997747421265,0.5922074317932129,59,202,4108,491,202,0,16,40,3,0,0
536,large_drift,0.5,0.818401038646698,0.6344612240791321,64,201,3875,487,201,0,32,24,8,0,0
537,large_drift,0.6,0.7665234208106995,0.6762596368789673,60,206,4510,473,206,0,16,41,3,0,0
538,large_drift,1.0,0.9306198358535767,0.601894736289978,87,201,4732,432,201,0,32,45,10,0,0
539,large_drift,0.8,1.0712248086929321,0.6461045742034912,41,201,4314,489,201,0,16,10,15,0,0
540,large_drift,0.7,0.8779934048652649,0.7125727534294128,88,200,4209,477,200,0,16,62,10,0,0
541,large_drift,0.9,1.0069684982299805,0.6837494969367981,86,240,4804,409,240,0,16,31,39,0,0
542,large_drift,0.9,0.9118080139160156,0.6714346408843994,63,202,4131,563,202,0,32,28,3,0,0
543,large_drift,0.9,1.092141032218933,0.6143487691879272,111,201,4436,472,201,0,32,63,16,0,0
544,large_drift,0.9,1.0224140882492065,0.6844158172607422,59,203,3837,495,203,0,15,35,9,0,0
545,large_drift,0.8,1.0025995969772339,0.6268789768218994,59,201,4182,473,201,0,16,28,15,0,0
546,large_drift,0.9,0.859721302986145,0.5719872713088989,71,200,3971,433,200,0,31,30,10,0,0
547,large_drift,1.0,0.810523271560669,0.3830852508544922,113,200,2342,199,200,0,73,30,10,0,0
548,large_drift,0.5,1.0419098138809204,0.715031087398529,66,208,4264,571,208,0,16,41,9,0,0
549,large_drift,0.5,1.0055421590805054,0.6502411365509033,111,200,3739,461,200,0,62,31,18,0,0
550,large_drift,1.0,0.7771483659744263,0.5724557042121887,56,201,3097,429,201,0,32,14,10,0,0
551,large_drift,0.9,0.8608649373054504,0.5975306034088135,109,201,4185,427,201,0,80,14,15,0,0
552,large_drift,0.7,0.8234907388687134,0.5618636608123779,56,201,4511,521,201,0,16,30,10,0,0
553,large_drift,0.9,0.944477379322052,0.6296303272247314,66,206,3572,538,206,0,32,16,18,0,0
554,large_drift,1.0,1.04209566116333,0.5767171382904053,69,200,3870,393,200,0,16,15,38,0,0
555,large_drift,0.9,0.8782634735107422,0.6207746267318726,89,201,3812,502,201,0,47,13,29,0,0
556,large_drift,0.7,0.8207809925079346,0.5954105257987976,122,200,4499,607,200,0,46,56,20,0,0
557,large_drift,0.8,1.0095843076705933,0.6887948513031006,71,205,4711,529,205,0,16,30,25,0,0
558,large_drift,1.0,0.8082625269889832,0.46208858489990234,103,200,3456,292,200,0,63,30,10,0,0
559,large_drift,0.9,1.0441230535507202,0.5769625902175903,117,200,4053,461,200,0,32,57,28,0,0
560,large_drift,1.0,0.7474256753921509,0.6374107599258423,64,201,4224,465,201,0,48,13,3,0,0
561,large_drift,0.8,0.8009225130081177,0.5843433141708374,61,202,4786,567,202,0,16,30,15,0,0
562,large_drift,1.0,1.0593757629394531,0.5918846130371094,77,201,4053,400,201,0,16,43,18,0,0
563,large_drift,0.8,0.87675940990448,0.6944612264633179,101,200,3796,485,200,0,61,15,25,0,0
564,large_drift,0.7,0.9182734489440918,0.6035934686660767,73,204,4522,537,204,0,16,44,13,0,0
565,large_drift,0.8,0.930338978767395,0.6307729482650757,85,203,4743,627,203,0,48,14,23,0,0
566,large_drift,0.9,1.0375828742980957,0.7196915149688721,57,207,4652,590,207,0,16,16,25,0,0
567,large_drift,0.9,1.0391165018081665,0.6425693035125732,101,209,4694,578,209,0,32,59,10,0,0
568,large_drift,1.0,1.1725071668624878,0.3995252847671509,90,200,2297,225,200,0,39,36,15,0,0
569,large_drift,0.3,0.9253937005996704,0.6335515975952148,104,200,4325,557,200,0,79,10,15,0,0
570,large_drift,0.6,0.893139660358429,0.6453350782394409,77,200,4694,565,200,0,32,16,29,0,0
571,large_drift,1.0,0.8324612975120544,0.6377512216567993,62,203,3933,409,203,0,16,16,30,0,0
572,large_drift,0.8,0.8433361053466797,0.7291018962860107,74,202,4616,512,202,0,32,39,3,0,0
573,large_drift,1.0,0.8376256823539734,0.6413736343383789,55,209,3185,445,209,0,31,14,10,0,0
574,large_drift,0.8,0.8448722958564758,0.6653121709823608,79,204,4443,506,204,0,32,29,18,0,0
575,large_drift,0.8,0.804417610168457,0.5838369727134705,102,200,3195,405,200,0,31,68,3,0,0
576,large_drift,0.7,0.8622648119926453,0.5726743936538696,83,200,4500,485,200,0,32,30,21,0,0
577,large_drift,0.4,1.007849097251892,0.704054594039917,64,209,4557,568,209,0,32,16,16,0,0
578,large_drift,1.0,1.0495421886444092,0.5372832417488098,105,200,2823,276,200,0,60,24,21,0,0
579,large_drift,0.8,0.8768057823181152,0.6183255910873413,82,221,4367,499,221,0,48,25,9,0,0
580,large_drift,1.0,1.0428638458251953,0.4990561008453369,90,200,3642,369,200,0,25,45,20,0,0
581,large_drift,1.0,0.83106929063797,0.7699411511421204,47,235,4526,675,235,0,16,13,18,0,0
582,large_drift,0.8,0.6630020141601562,0.6154159307479858,44,206,4415,537,206,0,16,25,3,0,0
583,large_drift,1.0,0.9665839672088623,0.6001206636428833,68,201,4028,435,201,0,32,28,8,0,0
584,large_drift,0.9,0.8160633444786072,0.6731940507888794,81,205,4591,610,205,0,15,48,18,0,0
585,large_drift,0.9,0.8349029421806335,0.6601026058197021,72,203,4035,507,203,0,15,54,3,0,0
586,large_drift,0.7,0.9950437545776367,0.6360712647438049,72,205,4728,516,205,0,16,40,16,0,0
587,large_drift,0.9,0.9446226954460144,0.5612823963165283,73,202,4056,367,202,0,16,41,16,0,0
588,large_drift,0.9,0.6650347709655762,0.48091942071914673,72,200,4228,478,200,0,48,14,10,0,0
589,large_drift,0.8,0.8352790474891663,0.5476557612419128,54,200,3886,469,200,0,16,28,10,0,0
590,large_drift,0.5,0.9714285731315613,0.6894968748092651,61,214,5067,538,214,0,16,30,15,0,0
591,large_drift,0.8,0.897030770778656,0.7556833028793335,66,203,4151,599,203,0,32,12,22,0,0
592,large_drift,0.9,0.978331983089447,0.4573315382003784,110,201,3904,450,201,0,31,60,19,0,0
593,large_drift,0.8,0.8873721957206726,0.6575219035148621,53,201,4658,477,201,0,16,29,8,0,0
594,large_drift,1.0,0.9790719151496887,0.7162474989891052,32,207,2497,395,207,0,14,9,9,0,0
595,large_drift,0.8,0.7510031461715698,0.5818090438842773,80,201,4095,591,201,0,64,13,3,0,0
596,large_drift,1.0,0.9517896771430969,0.5384892225265503,54,203,4335,486,203,0,16,28,10,0,0
597,large_drift,0.8,1.057918667793274,0.6552446484565735,49,204,4283,512,204,0,9,30,10,0,0
598,large_drift,0.6,0.8829286098480225,0.6875611543655396,57,207,4785,592,207,0,16,38,3,0,0
599,large_drift,1.0,1.0162997245788574,0.6169725656509399,64,204,4705,627,204,0,16,32,16,0,0
600,large_drift,1.0,1.1322804689407349,0.4232984185218811,81,200,2157,199,200,0,40,26,15,0,0
601,large_drift,0.8,1.0252971649169922,0.6102225184440613,116,200,3999,503,200,0,32,59,25,0,0
602,large_drift,1.0,0.7710123062133789,0.5786705017089844,107,209,4811,506,209,0,32,57,18,0,0
603,large_drift,0.8,1.0179500579833984,0.5362774729728699,77,200,4114,465,200,0,32,25,20,0,0
604,large_drift,0.8,0.8427900075912476,0.5689861178398132,88,200,3726,452,200,0,48,37,3,0,0
605,large_drift,0.7,1.1520015001296997,0.7559475302696228,70,212,4634,597,212,0,16,44,10,0,0
606,large_drift,0.7,0.9609810709953308,0.6860237121582031,66,215,5052,648,215,0,32,16,18,0,0
607,large_drift,0.7,0.8680418729782104,0.5866177082061768,81,203,4874,538,203,0,32,31,18,0,0
608,large_drift,0.6,0.9839529991149902,0.6322293281555176,53,204,4891,622,204,0,16,14,23,0,0
609,large_drift,1.0,1.0225167274475098,0.5777466297149658,60,200,3424,326,200,0,15,24,21,0,0
610,large_drift,0.5,0.9083210229873657,0.7816656231880188,128,203,4544,564,203,0,95,25,8,0,0
611,large_drift,1.0,0.8119361400604248,0.6188570857048035,88,203,3673,356,203,0,32,13,43,0,0
612,large_drift,1.0,0.9114564657211304,0.3958335518836975,73,200,2600,270,200,0,48,10,15,0,0
613,large_drift,1.0,0.9428105354309082,0.5816137790679932,106,201,2910,268,201,0,32,56,18,0,0
614,large_drift,0.8,0.8994486331939697,0.697593092918396,45,203,4311,578,203,0,16,26,3,0,0
615,large_drift,0.6,0.8137485384941101,0.5915244817733765,97,200,4627,570,200,0,32,47,18,0,0
616,large_drift,0.8,0.8631818294525146,0.6052550077438354,64,204,4653,600,204,0,16,32,16,0,0
617,large_drift,1.0,1.0270977020263672,0.5444863438606262,66,201,4117,397,201,0,16,41,9,0,0
618,large_drift,0.8,0.9377108812332153,0.672633171081543,69,203,4757,553,203,0,45,14,10,0,0
619,large_drift,1.0,0.8988195657730103,0.34509509801864624,111,200,4408,365,200,0,64,16,31,0,0
620,large_drift,0.9,1.0424649715423584,0.5922738313674927,78,200,3790,419,200,0,16,31,31,0,0
621,large_drift,0.7,1.014229655265808,0.7125005125999451,55,201,4218,499,201,0,31,14,10,0,0
622,large_drift,1.0,0.7904690504074097,0.6037110686302185,76,201,3639,363,201,0,48,25,3,0,0
623,large_drift,0.7,0.818577766418457,0.539696991443634,89,202,4409,492,202,0,32,42,15,0,0
624,large_drift,1.0,1.0122644901275635,0.5575672388076782,50,206,4544,474,206,0,16,16,18,0,0
625,large_drift,1.0,0.8528267741203308,0.5124059915542603,61,202,4378,470,202,0,16,30,15,0,0
626,large_drift,1.0,0.7678115963935852,0.6266969442367554,49,204,3909,475,204,0,16,25,8,0,0
627,large_drift,1.0,0.9564704895019531,0.5888628959655762,146,200,3175,318,200,0,94,13,39,0,0
628,large_drift,0.8,0.99836266040802,0.6102166175842285,87,202,4638,525,202,0,16,61,10,0,0
629,large_drift,0.8,0.7999991178512573,0.6045066714286804,64,205,4814,574,205,0,16,40,8,0,0
630,large_drift,0.8,0.9284273386001587,0.5538419485092163,70,208,4677,574,208,0,30,30,10,0,0
631,large_drift,1.0,0.9341647028923035,0.6325941681861877,68,200,3924,467,200,0,32,28,8,0,0
632,large_drift,0.7,0.874117910861969,0.5732781291007996,77,201,4257,521,201,0,9,46,22,0,0
633,large_drift,0.5,0.9499542713165283,0.8659237623214722,53,203,3880,499,203,0,16,14,23,0,0
634,large_drift,0.9,0.931250810623169,0.6045773029327393,88,204,3430,375,204,0,32,46,10,0,0
635,large_drift,0.6,0.9697154760360718,0.6622735261917114,69,204,4367,560,204,0,16,42,11,0,0
636,large_drift,0.5,0.991133987903595,0.6919548511505127,72,210,4684,535,210,0,32,16,24,0,0
637,large_drift,0.7,0.9448723793029785,0.5809711813926697,102,202,3819,449,202,0,16,76,10,0,0
638,large_drift,1.0,1.0810810327529907,0.5093389749526978,134,200,2353,227,200,0,58,43,33,0,0
639,large_drift,0.8,0.9411094188690186,0.7477164268493652,79,202,3884,470,202,0,32,44,3,0,0
640,large_drift,0.9,1.028982400894165,0.7393448352813721,77,203,3858,428,203,0,59,9,9,0,0
641,large_drift,1.0,1.057623267173767,0.5923088192939758,133,200,4338,408,200,0,96,14,23,0,0
642,large_drift,0.6,1.066491961479187,0.5706667900085449,101,203,4748,543,203,0,63,28,10,0,0
643,large_drift,1.0,0.9493463039398193,0.6766824722290039,56,208,3838,579,208,0,16,30,10,0,0
644,large_drift,0.7,0.9449008107185364,0.6144989728927612,69,204,4334,559,204,0,16,43,10,0,0
645,large_drift,0.5,0.9720255136489868,0.625828742980957,78,200,4474,557,200,0,32,28,18,0,0
646,large_drift,1.0,0.9957284331321716,0.5084688663482666,88,200,2974,263,200,0,48,16,24,0,0
647,large_drift,0.8,0.9264326095581055,0.6075184345245361,78,205,4377,559,205,0,48,21,9,0,0
648,large_drift,0.4,0.9238668084144592,0.7698915600776672,44,222,4610,574,222,0,16,25,3,0,0
649,large_drift,0.5,0.9783182740211487,0.5962651968002319,111,200,4240,489,200,0,32,71,8,0,0
650,large_drift,0.5,0.8500308394432068,0.7201206684112549,65,201,4542,575,201,0,16,31,18,0,0
651,large_drift,0.9,0.8814963698387146,0.5388453006744385,81,200,3402,338,200,0,44,29,8,0,0
652,large_drift,0.8,0.997920572757721,0.6566492319107056,100,203,4421,514,203,0,16,61,23,0,0
653,large_drift,1.0,0.8419409394264221,0.5522081255912781,77,202,3643,386,202,0,16,46,15,0,0
654,large_drift,0.9,1.1185963153839111,0.6944130063056946,69,200,3570,432,200,0,32,14,23,0,0
655,large_drift,1.0,0.9394212961196899,0.5414804220199585,68,200,3993,441,200,0,32,16,20,0,0
656,large_drift,1.0,0.7130383253097534,0.48119407892227173,81,202,4535,396,202,0,32,31,18,0,0
657,large_drift,0.9,0.9519376754760742,0.6210408806800842,70,201,3301,383,201,0,16,44,10,0,0
658,large_drift,0.7,0.7173094153404236,0.5782252550125122,60,201,3940,474,201,0,16,41,3,0,0
659,large_drift,0.8,1.1479359865188599,0.8251082301139832,50,204,3672,456,204,0,16,25,9,0,0
660,large_drift,1.0,0.9133747220039368,0.6515746116638184,82,204,3250,460,204,0,16,63,3,0,0
661,large_drift,0.4,1.0551704168319702,0.7511568665504456,69,205,4449,495,205,0,28,14,27,0,0
662,large_drift,0.7,0.8317636251449585,0.7055888175964355,64,203,4654,503,203,0,48,13,3,0,0
663,large_drift,0.7,1.1424760818481445,0.5484519004821777,101,200,4326,553,200,0,29,57,15,0,0
664,large_drift,0.9,0.9935757517814636,0.6528705358505249,55,200,4085,556,200,0,16,14,25,0,0
665,large_drift,0.9,0.7613163590431213,0.5015936493873596,52,200,4244,500,200,0,16,26,10,0,0
666,large_drift,1.0,0.9857634902000427,0.4069586992263794,105,200,2078,222,200,0,80,10,15,0,0
667,large_drift,1.0,0.7686309814453125,0.651451826095581,72,209,3736,575,209,0,32,37,3,0,0
668,large_drift,0.9,0.8748552799224854,0.6812775135040283,54,212,4505,547,212,0,16,28,10,0,0
669,large_drift,0.6,0.9125779867172241,0.689639687538147,57,203,3920,467,203,0,16,14,27,0,0
670,large_drift,0.7,0.8379961252212524,0.6001269817352295,89,203,4653,476,203,0,16,58,15,0,0
671,large_drift,0.5,1.0661360025405884,0.5441697239875793,95,202,4805,541,202,0,31,46,18,0,0
672,large_drift,1.0,0.7987418174743652,0.702082633972168,45,206,3435,487,206,0,16,14,15,0,0
673,large_drift,1.0,0.7159671187400818,0.6023118495941162,44,201,3907,396,201,0,16,25,3,0,0
674,large_drift,0.7,0.9221416115760803,0.7204557657241821,59,202,4621,546,202,0,16,23,20,0,0
675,large_drift,0.8,0.8057273626327515,0.6899431943893433,48,202,4414,544,202,0,32,13,3,0,0
676,large_drift,0.8,0.9311922788619995,0.649897575378418,66,218,3920,406,218,0,16,32,18,0,0
677,large_drift,1.0,0.8414946794509888,0.35862672328948975,88,200,2340,284,200,0,31,54,3,0,0
678,large_drift,0.9,0.9794360399246216,0.6960809230804443,85,212,5022,595,212,0,32,43,10,0,0
679,large_drift,0.7,0.9398448467254639,0.748740553855896,69,204,4722,577,204,0,16,45,8,0,0
680,large_drift,0.7,0.9333329796791077,0.5410125851631165,97,211,4865,519,211,0,64,13,20,0,0
681,large_drift,0.9,0.8784492015838623,0.636205792427063,112,201,4103,529,201,0,41,46,25,0,0
682,large_drift,0.8,0.9324419498443604,0.6234411597251892,140,204,4468,559,204,0,64,47,29,0,0
683,large_drift,0.9,1.1238799095153809,0.5573457479476929,94,211,4586,495,211,0,48,30,16,0,0
684,large_drift,1.0,1.1102681159973145,0.7342854142189026,76,202,1845,222,202,0,16,40,20,0,0
685,large_drift,1.0,0.8665854930877686,0.6301447153091431,40,200,3896,454,200,0,16,14,10,0,0
686,large_drift,0.8,0.892571210861206,0.5818651914596558,95,200,4685,468,200,0,32,31,32,0,0
687,large_drift,0.9,0.8532105684280396,0.6266380548477173,92,200,4144,441,200,0,62,9,21,0,0
688,large_drift,0.9,0.8664306402206421,0.4827156066894531,82,200,4528,437,200,0,32,28,22,0,0
689,large_drift,0.9,0.9010061025619507,0.6844918131828308,74,213,3073,521,213,0,31,25,18,0,0
690,large_drift,1.0,0.8604735732078552,0.5750241875648499,103,202,4497,493,202,0,32,61,10,0,0
691,large_drift,0.8,0.9572435617446899,0.6121245622634888,69,202,4173,568,202,0,16,29,24,0,0
692,large_drift,0.4,0.9268238544464111,0.6544685959815979,50,200,4095,519,200,0,15,24,11,0,0
693,large_drift,0.7,0.9497629404067993,0.6766937971115112,98,201,4418,550,201,0,16,59,23,0,0
694,large_drift,0.9,0.841643750667572,0.6719205975532532,67,201,2713,500,201,0,30,29,8,0,0
695,large_drift,1.0,1.0236672163009644,0.6702439785003662,41,204,2342,317,204,0,16,10,15,0,0
696,large_drift,1.0,0.9989543557167053,0.5919485092163086,74,204,3414,416,204,0,16,42,16,0,0
697,large_drift,0.9,0.805532693862915,0.5555201768875122,62,202,4059,466,202,0,16,28,18,0,0
698,large_drift,1.0,0.9055548906326294,0.6509606242179871,88,209,4549,570,209,0,32,31,25,0,0
699,large_drift,1.0,0.7282490730285645,0.6403136253356934,47,202,3649,346,202,0,16,28,3,0,0
700,large_drift,1.0,1.0361088514328003,0.6667566299438477,72,206,4174,590,206,0,16,46,10,0,0
701,large_drift,0.7,0.9964055418968201,0.6332374215126038,94,206,4662,607,206,0,32,43,19,0,0
702,large_drift,1.0,0.8988068699836731,0.6789788007736206,67,203,3058,306,203,0,16,30,21,0,0
703,large_drift,1.0,0.8806002736091614,0.6166338324546814,87,201,3638,348,201,0,46,26,15,0,0
704,large_drift,0.8,0.822846531867981,0.5578986406326294,93,200,4176,494,200,0,32,43,18,0,0
705,large_drift,1.0,0.8729062080383301,0.6051778793334961,93,201,3331,407,201,0,32,52,9,0,0
706,large_drift,0.9,1.0417296886444092,0.712003231048584,61,202,3383,366,202,0,16,29,16,0,0
707,large_drift,1.0,0.859510064125061,0.5591686964035034,78,200,3510,345,200,0,16,53,9,0,0
708,large_drift,0.6,0.9593023657798767,0.5686407089233398,69,200,3943,517,200,0,16,43,10,0,0
709,large_drift,0.8,1.048789143562317,0.6085516214370728,82,200,3808,417,200,0,9,46,27,0,0
710,large_drift,1.0,1.0209153890609741,0.6651007533073425,52,204,3883,506,204,0,16,28,8,0,0
711,large_drift,0.8,0.8991098999977112,0.5914117097854614,71,210,4477,586,210,0,32,14,25,0,0
712,large_drift,0.9,0.9357916116714478,0.6399441957473755,63,203,3764,603,203,0,16,29,18,0,0
713,large_drift,0.5,0.8486539721488953,0.6457115411758423,63,201,4221,508,201,0,16,44,3,0,0
714,large_drift,0.6,0.9952877163887024,0.6658712029457092,81,205,4654,609,205,0,16,45,20,0,0
715,large_drift,1.0,0.7838276624679565,0.4741843342781067,69,200,3420,326,200,0,32,29,8,0,0
716,large_drift,1.0,1.0064541101455688,0.7033982276916504,43,207,3079,438,207,0,13,13,17,0,0
717,large_drift,0.6,0.7693052887916565,0.5879225730895996,76,201,4481,558,201,0,16,57,3,0,0
718,large_drift,0.7,0.9255099296569824,0.6639007329940796,94,205,4349,599,205,0,16,68,10,0,0
719,large_drift,0.8,0.8476019501686096,0.6825863122940063,44,205,4464,571,205,0,16,15,13,0,0
720,large_drift,0.8,0.7926540374755859,0.6579318046569824,56,203,4291,532,203,0,32,14,10,0,0
721,large_drift,1.0,0.9228269457817078,0.5550783276557922,72,200,4603,456,200,0,16,40,16,0,0
722,large_drift,1.0,0.8626420497894287,0.8297946453094482,64,206,3886,551,206,0,32,29,3,0,0
723,large_drift,0.8,0.9570849537849426,0.6381100416183472,91,201,4280,504,201,0,46,30,15,0,0
724,large_drift,0.7,0.8853240609169006,0.5355409383773804,102,203,4303,465,203,0,48,31,23,0,0
725,large_drift,1.0,0.7902847528457642,0.519771158695221,82,200,4041,475,200,0,48,16,18,0,0
726,large_drift,0.8,0.9293930530548096,0.5573858022689819,94,205,4784,480,205,0,64,10,20,0,0
727,large_drift,1.0,0.850789487361908,0.46121442317962646,89,200,3423,272,200,0,47,16,26,0,0
728,large_drift,0.7,0.8863159418106079,0.6337836384773254,71,201,3221,404,201,0,16,45,10,0,0
729,large_drift,0.6,0.8405388593673706,0.6477357149124146,48,207,4791,641,207,0,16,16,16,0,0
730,large_drift,0.6,1.004503846168518,0.6947931051254272,76,201,4683,569,201,0,29,16,31,0,0
731,large_drift,1.0,0.7962831258773804,0.5795217752456665,91,202,3860,460,202,0,48,40,3,0,0
732,large_drift,0.9,0.8962551951408386,0.49599123001098633,82,201,3580,347,201,0,32,32,18,0,0
733,large_drift,0.9,0.9573429226875305,0.7795096635818481,55,213,4082,601,213,0,31,14,10,0,0
734,large_drift,1.0,0.9886563420295715,0.6705118417739868,112,201,4264,468,201,0,16,74,22,0,0
735,large_drift,0.4,0.8872107863426208,0.719308614730835,76,206,4868,605,206,0,31,25,20,0,0
736,large_drift,0.9,0.8579151630401611,0.6486645936965942,72,202,4689,548,202,0,32,30,10,0,0
737,large_drift,1.0,0.9822418093681335,0.5285757780075073,76,200,3703,368,200,0,16,44,16,0,0
738,large_drift,1.0,0.9288293719291687,0.6898913383483887,74,204,4237,483,204,0,16,32,26,0,0
739,large_drift,1.0,0.9737895131111145,0.35448145866394043,113,200,3414,287,200,0,79,16,18,0,0
740,large_drift,0.8,0.8251246213912964,0.7844931483268738,47,208,4609,624,208,0,16,28,3,0,0
741,large_drift,0.7,0.9181764721870422,0.749962329864502,85,207,4281,572,207,0,48,29,8,0,0
742,large_drift,0.6,0.9065691232681274,0.6827696561813354,84,210,4729,588,210,0,48,13,23,0,0
743,large_drift,0.9,0.8914369940757751,0.5801820755004883,86,203,4482,549,203,0,16,60,10,0,0
744,large_drift,1.0,1.0436140298843384,0.6220040917396545,113,200,3679,384,200,0,16,63,34,0,0
745,large_drift,0.7,0.9110636711120605,0.5939372777938843,134,200,4124,455,200,0,32,92,10,0,0
746,large_drift,0.8,0.7848618030548096,0.644600510597229,71,202,4273,482,202,0,16,32,23,0,0
747,large_drift,0.9,1.0065826177597046,0.733526349067688,46,202,4090,463,202,0,16,10,20,0,0
748,large_drift,0.6,0.9674421548843384,0.6183958053588867,121,204,4452,519,204,0,32,70,19,0,0
749,large_drift,1.0,0.8342265486717224,0.6747782826423645,98,216,2275,529,216,0,48,32,18,0,0
750,large_drift,0.5,0.9071603417396545,0.5996496677398682,69,201,4119,524,201,0,16,45,8,0,0
751,large_drift,0.7,0.9059423208236694,0.6646531820297241,70,201,3964,477,201,0,16,44,10,0,0
752,large_drift,1.0,0.869523286819458,0.4129466414451599,114,200,3995,316,200,0,80,16,18,0,0
753,large_drift,1.0,0.9130346179008484,0.47098076343536377,62,201,4065,319,201,0,32,22,8,0,0
754,large_drift,0.5,0.9168115258216858,0.6221445202827454,49,200,4574,533,200,0,9,30,10,0,0
755,large_drift,1.0,0.8378867506980896,0.5194282531738281,61,203,3669,402,203,0,32,14,15,0,0
756,large_drift,0.7,0.7843941450119019,0.6534693837165833,84,210,4485,492,210,0,32,44,8,0,0
757,large_drift,1.0,0.7722214460372925,0.6776484251022339,59,209,4689,512,209,0,31,25,3,0,0
758,large_drift,0.6,0.9327705502510071,0.5385586619377136,110,214,4591,540,214,0,63,29,18,0,0
759,large_drift,0.7,1.0017368793487549,0.7150869369506836,58,209,4753,573,209,0,16,26,16,0,0
760,large_drift,0.9,0.9482261538505554,0.6823223829269409,66,202,4427,566,202,0,16,32,18,0,0
761,large_drift,1.0,0.8442434072494507,0.6582674980163574,70,212,3933,427,212,0,16,51,3,0,0
762,large_drift,1.0,0.8558820486068726,0.5011260509490967,126,200,3693,493,200,0,45,61,20,0,0
763,large_drift,0.7,0.9749533534049988,0.6507008075714111,88,202,4122,411,202,0,32,22,34,0,0
764,large_drift,1.0,0.7852439284324646,0.5018124580383301,105,202,4369,454,202,0,47,55,3,0,0
765,large_drift,1.0,0.9467262625694275,0.4935317039489746,72,200,2955,343,200,0,16,46,10,0,0
766,large_drift,0.5,0.9906511306762695,0.6682395935058594,56,208,4409,462,208,0,16,30,10,0,0
767,large_drift,0.6,0.9448517560958862,0.6725110411643982,83,205,3392,424,205,0,42,16,25,0,0
768,large_drift,0.9,1.0358070135116577,0.6396238803863525,90,203,4252,566,203,0,14,56,20,0,0
769,large_drift,0.4,0.9114438891410828,0.6790506839752197,70,205,4638,608,205,0,16,31,23,0,0
770,large_drift,0.7,0.9449677467346191,0.6364080905914307,118,200,3508,360,200,0,32,68,18,0,0
771,large_drift,0.6,0.9949297904968262,0.6519860029220581,66,201,4325,565,201,0,45,13,8,0,0
772,large_drift,1.0,1.067075490951538,0.5961066484451294,71,204,3998,444,204,0,31,15,25,0,0
773,large_drift,0.6,0.8657556176185608,0.7328435778617859,93,204,4724,624,204,0,28,56,9,0,0
774,large_drift,1.0,1.0429327487945557,0.8018250465393066,90,203,3293,371,203,0,16,44,30,0,0
775,large_drift,0.8,0.9116482138633728,0.6763850450515747,44,204,3768,486,204,0,16,25,3,0,0
776,large_drift,0.9,0.9868707656860352,0.5662364959716797,113,200,4234,537,200,0,32,61,20,0,0
777,large_drift,1.0,0.9042867422103882,0.6293051242828369,80,201,3120,389,201,0,48,16,16,0,0
778,large_drift,0.7,0.9482812881469727,0.667064905166626,62,220,5176,678,220,0,16,38,8,0,0
779,large_drift,0.8,0.8679132461547852,0.6586140394210815,115,201,4454,548,201,0,46,59,10,0,0
780,large_drift,1.0,0.9156702160835266,0.5592677593231201,81,201,3518,407,201,0,45,14,22,0,0
781,large_drift,0.7,0.988121747970581,0.6881822347640991,82,205,4624,583,205,0,48,16,18,0,0
782,large_drift,1.0,0.9902502298355103,0.6765661239624023,50,202,3701,543,202,0,16,16,18,0,0
783,large_drift,1.0,0.9801793098449707,0.6425089836120605,112,201,3355,288,201,0,48,44,20,0,0
784,large_drift,1.0,0.7823941111564636,0.659186065196991,66,216,3478,563,216,0,13,45,8,0,0
785,large_drift,0.8,1.152962327003479,0.5334024429321289,83,204,4508,566,204,0,62,13,8,0,0
786,large_drift,0.9,0.9745060205459595,0.6611054539680481,72,204,4657,623,204,0,16,46,10,0,0
787,large_drift,0.8,0.7913732528686523,0.585673451423645,83,204,4147,555,204,0,32,31,20,0,0
788,large_drift,1.0,0.8862929344177246,0.6571900248527527,107,202,3836,449,202,0,64,30,13,0,0
789,large_drift,0.7,1.0401268005371094,0.6702713966369629,96,213,4551,556,213,0,16,62,18,0,0
790,large_drift,1.0,0.860629677772522,0.6884872913360596,44,201,4085,426,201,0,16,25,3,0,0
791,large_drift,0.4,0.9664026498794556,0.5896801948547363,67,200,4585,570,200,0,32,14,21,0,0
792,large_drift,0.9,0.8842443823814392,0.636847198009491,75,202,4456,573,202,0,32,26,17,0,0
793,large_drift,0.8,1.0951652526855469,0.5312447547912598,107,201,4321,443,201,0,61,28,18,0,0
794,large_drift,1.0,0.9492571353912354,0.3768163323402405,106,201,2576,195,201,0,58,33,15,0,0
795,large_drift,1.0,1.0459859371185303,0.5783870220184326,87,200,3742,421,200,0,48,16,23,0,0
796,large_drift,1.0,0.9841915965080261,0.6233837604522705,125,202,3868,484,202,0,32,61,32,0,0
797,large_drift,1.0,0.9086607694625854,0.43077224493026733,131,200,4269,485,200,0,47,76,8,0,0
798,large_drift,1.0,0.8717828392982483,0.5824775695800781,74,202,3560,425,202,0,16,28,30,0,0
799,large_drift,0.6,0.8610641956329346,0.5867130756378174,100,205,4697,583,205,0,48,28,24,0,0
800,large_drift,0.7,0.8150333166122437,0.6907501220703125,74,200,4595,599,200,0,45,26,3,0,0
801,large_drift,0.9,0.9471356868743896,0.6769150495529175,84,210,4671,514,210,0,16,44,24,0,0
802,large_drift,0.5,0.9440103769302368,0.6066406965255737,93,211,4848,612,211,0,48,16,29,0,0
803,large_drift,0.6,0.9914925694465637,0.5633418560028076,109,201,4682,596,201,0,48,27,34,0,0
804,large_drift,1.0,1.0052812099456787,0.6981768608093262,69,209,2419,393,209,0,16,26,27,0,0
805,large_drift,0.8,0.889843225479126,0.5777226686477661,66,200,4243,547,200,0,32,16,18,0,0
806,large_drift,0.7,0.9566105008125305,0.6765753030776978,80,229,5071,661,229,0,16,46,18,0,0
807,large_drift,0.7,0.8477675914764404,0.6491127014160156,45,212,4775,635,212,0,15,27,3,0,0
808,large_drift,0.4,0.8457530736923218,0.6243835687637329,125,202,4380,592,202,0,64,43,18,0,0
809,large_drift,1.0,0.821291983127594,0.6304334402084351,90,204,3510,428,204,0,61,26,3,0,0
810,large_drift,0.8,0.8855454325675964,0.5849176049232483,66,203,3947,429,203,0,32,16,18,0,0
811,large_drift,1.0,0.9426268935203552,0.708884060382843,42,206,3309,511,206,0,13,26,3,0,0
812,large_drift,1.0,0.9278086423873901,0.6140905022621155,77,203,3390,496,203,0,32,30,15,0,0
813,large_drift,0.9,0.7724689245223999,0.5979461073875427,84,204,4166,513,204,0,16,58,10,0,0
814,large_drift,0.4,0.9129610061645508,0.6262544989585876,62,200,4382,530,200,0,16,43,3,0,0
815,large_drift,0.8,0.9295576810836792,0.6903789043426514,64,204,4515,583,204,0,16,30,18,0,0
816,large_drift,1.0,0.9465975761413574,0.7322450876235962,51,205,3083,417,205,0,15,14,22,0,0
817,large_drift,1.0,0.982081949710846,0.2820119261741638,98,200,2335,186,200,0,64,16,18,0,0
818,large_drift,0.6,0.9850977063179016,0.571632981300354,70,200,4538,477,200,0,32,28,10,0,0
819,large_drift,1.0,0.8710767030715942,0.648017406463623,101,200,3343,359,200,0,64,34,3,0,0
820,large_drift,0.6,0.988555371761322,0.5975470542907715,83,202,4654,598,202,0,32,41,10,0,0
821,large_drift,1.0,0.8893423080444336,0.531157374382019,72,201,4109,429,201,0,32,30,10,0,0
822,large_drift,0.3,0.8897020816802979,0.7431811094284058,83,202,4105,480,202,0,16,47,20,0,0
823,large_drift,0.9,0.7526236176490784,0.47122126817703247,90,200,3360,386,200,0,32,55,3,0,0
824,large_drift,0.9,0.9138180017471313,0.6867856979370117,54,202,4597,583,202,0,16,28,10,0,0
825,large_drift,1.0,0.8058286905288696,0.5639140605926514,93,203,4031,386,203,0,48,27,18,0,0
826,large_drift,0.8,0.803034245967865,0.6459404230117798,64,203,4452,535,203,0,16,45,3,0,0
827,large_drift,1.0,0.7584772109985352,0.36550992727279663,143,203,4476,423,203,0,48,72,23,0,0
828,large_drift,1.0,0.7378236651420593,0.670364499092102,77,213,4070,512,213,0,47,27,3,0,0
829,large_drift,0.5,1.0465443134307861,0.7210850119590759,83,206,4612,605,206,0,48,13,22,0,0
830,large_drift,1.0,0.8967716097831726,0.508615255355835,83,201,3432,346,201,0,32,31,20,0,0
831,large_drift,0.6,0.9886181950569153,0.6217548847198486,66,202,4677,619,202,0,16,32,18,0,0
832,large_drift,1.0,0.9300678968429565,0.5958240628242493,52,201,3821,354,201,0,16,28,8,0,0
833,large_drift,1.0,0.954466700553894,0.4964028000831604,96,202,4438,441,202,0,48,32,16,0,0
834,large_drift,0.9,0.8935924768447876,0.6794904470443726,118,204,4239,518,204,0,47,44,27,0,0
835,large_drift,0.6,0.8501782417297363,0.6423942446708679,69,200,4572,551,200,0,16,45,8,0,0
836,large_drift,1.0,1.0474218130111694,0.697218656539917,94,211,4956,616,211,0,45,41,8,0,0
837,large_drift,0.8,1.1349871158599854,0.6024443507194519,53,201,3795,418,201,0,16,14,23,0,0
838,large_drift,1.0,0.953997015953064,0.5731140375137329,86,201,3772,405,201,0,32,44,10,0,0
839,large_drift,0.7,0.9182778000831604,0.6661742329597473,87,201,4641,612,201,0,47,30,10,0,0
840,large_drift,1.0,0.7712727189064026,0.5587473511695862,72,200,3685,349,200,0,32,30,10,0,0
841,large_drift,1.0,0.9339092969894409,0.6086196899414062,71,202,3768,354,202,0,16,28,27,0,0
842,large_drift,0.9,0.8669092059135437,0.6522188186645508,62,204,4631,526,204,0,16,43,3,0,0
843,large_drift,0.6,0.856306254863739,0.6656644344329834,72,214,4862,623,214,0,32,37,3,0,0
844,large_drift,0.6,0.9693741202354431,0.6175307035446167,73,202,4188,513,202,0,16,42,15,0,0
845,large_drift,0.6,1.0655566453933716,0.6798364520072937,82,200,4354,491,200,0,45,14,23,0,0
846,large_drift,1.0,0.9671338796615601,0.604875385761261,91,200,4045,423,200,0,32,50,9,0,0
847,large_drift,0.9,0.8544788360595703,0.5219863653182983,81,201,4630,459,201,0,32,31,18,0,0
848,large_drift,0.7,0.9033047556877136,0.660233736038208,92,201,4628,514,201,0,32,42,18,0,0
849,large_drift,0.4,0.9760384559631348,0.686290442943573,79,201,4577,556,201,0,16,45,18,0,0
850,large_drift,0.5,0.8141582012176514,0.6474470496177673,64,218,5055,576,218,0,16,30,18,0,0
851,large_drift,1.0,0.9406678080558777,0.6890989542007446,65,206,3194,368,206,0,25,30,10,0,0
852,large_drift,0.9,0.9944198131561279,0.5979815125465393,40,203,4650,565,203,0,16,14,10,0,0
853,large_drift,0.7,0.9386886954307556,0.81443190574646,63,201,4147,570,201,0,47,13,3,0,0
854,large_drift,0.9,0.9037887454032898,0.6124626398086548,72,200,3971,425,200,0,48,14,10,0,0
855,large_drift,0.9,0.9714292883872986,0.8297528028488159,58,213,3665,598,213,0,16,15,27,0,0
856,large_drift,0.8,0.9121805429458618,0.6469487547874451,68,202,4523,534,202,0,16,30,22,0,0
857,large_drift,0.6,0.8247818350791931,0.626478910446167,91,216,4445,595,216,0,63,25,3,0,0
858,large_drift,1.0,0.9122363924980164,0.5004251599311829,72,208,4934,640,208,0,31,15,26,0,0
859,large_drift,0.9,0.6928414106369019,0.6928414106369019,32,205,4425,484,205,0,16,13,3,0,0
860,large_drift,1.0,0.8356220722198486,0.6387280821800232,86,202,3927,424,202,0,16,60,10,0,0
861,large_drift,0.6,1.024086833000183,0.7049142718315125,89,209,4734,567,209,0,16,64,9,0,0
862,large_drift,1.0,0.9071372151374817,0.6404228210449219,70,201,3908,451,201,0,16,51,3,0,0
863,large_drift,0.8,1.0353823900222778,0.6627554893493652,96,200,4345,486,200,0,31,47,18,0,0
864,large_drift,0.5,1.1139410734176636,0.6686514019966125,91,200,4195,524,200,0,16,57,18,0,0
865,large_drift,0.7,0.968809187412262,0.6414976119995117,81,200,4175,450,200,0,16,47,18,0,0
866,large_drift,0.6,1.0609912872314453,0.6963955163955688,69,210,4380,605,210,0,29,16,24,0,0
867,large_drift,0.8,0.905253529548645,0.666887640953064,81,203,4448,481,203,0,16,30,35,0,0
868,large_drift,0.7,0.8630821108818054,0.6398937702178955,86,202,4511,567,202,0,32,31,23,0,0
869,large_drift,0.7,1.0344288349151611,0.6444801688194275,63,202,4558,557,202,0,16,29,18,0,0
870,large_drift,1.0,0.8688642978668213,0.6945405602455139,63,204,3744,415,204,0,16,29,18,0,0
871,large_drift,1.0,1.1341325044631958,0.4492694139480591,83,200,2286,210,200,0,16,43,24,0,0
872,large_drift,0.7,0.9368954300880432,0.6727163791656494,68,201,4151,474,201,0,47,13,8,0,0
873,large_drift,0.6,1.0362262725830078,0.6736132502555847,40,216,4519,496,216,0,16,14,10,0,0
874,large_drift,0.3,0.9776157736778259,0.6139818429946899,66,208,4527,595,208,0,32,16,18,0,0
875,large_drift,0.6,1.065118432044983,0.6614185571670532,73,219,4584,624,219,0,31,13,29,0,0
876,large_drift,0.9,0.9227207899093628,0.6534860134124756,50,204,3668,492,204,0,16,16,18,0,0
877,large_drift,0.6,0.9871751666069031,0.6918395757675171,85,201,4124,503,201,0,58,14,13,0,0
878,large_drift,1.0,0.9620366096496582,0.4638208746910095,153,202,3235,289,202,0,124,26,3,0,0
879,large_drift,0.7,0.8697986006736755,0.6786993145942688,52,201,4300,527,201,0,16,12,24,0,0
880,large_drift,0.3,1.0450810194015503,0.7341158986091614,73,211,4856,598,211,0,16,31,26,0,0
881,large_drift,0.4,1.071446180343628,0.7081041932106018,65,237,5209,586,237,0,32,13,20,0,0
882,large_drift,0.7,0.92365562915802,0.6861202716827393,60,202,3087,548,202,0,16,26,18,0,0
883,large_drift,0.8,0.8711581826210022,0.6727780103683472,110,201,4097,514,201,0,16,84,10,0,0
884,large_drift,0.6,1.0153355598449707,0.6608632802963257,56,204,4426,572,204,0,16,16,24,0,0
885,large_drift,1.0,1.1652681827545166,0.6034340262413025,88,200,2403,263,200,0,48,25,15,0,0
886,large_drift,1.0,0.866220235824585,0.551425576210022,79,201,3022,404,201,0,16,45,18,0,0
887,large_drift,0.5,0.9289151430130005,0.7357476949691772,64,201,4497,557,201,0,15,41,8,0,0
888,large_drift,0.6,0.9368512034416199,0.5595837235450745,118,205,4789,552,205,0,80,15,23,0,0
889,large_drift,0.9,0.9758466482162476,0.6917052865028381,69,208,4887,636,208,0,15,28,26,0,0
890,large_drift,1.0,0.9989412426948547,0.6930710077285767,84,204,3921,521,204,0,31,16,37,0,0
891,large_drift,1.0,0.9846462607383728,0.6023454666137695,72,203,4177,535,203,0,48,14,10,0,0
892,large_drift,0.5,0.8515727519989014,0.693612813949585,98,204,4691,601,204,0,48,30,20,0,0
893,large_drift,1.0,0.9494274854660034,0.8229999542236328,32,204,4058,500,204,0,14,9,9,0,0
894,large_drift,1.0,1.0775980949401855,0.5008001327514648,137,200,1974,189,200,0,79,35,23,0,0
895,large_drift,0.7,0.9857814908027649,0.6937316656112671,56,201,4534,526,201,0,16,30,10,0,0
896,large_drift,1.0,1.066605806350708,0.6197949647903442,73,202,4294,506,202,0,16,44,13,0,0
897,large_drift,1.0,0.8663926720619202,0.5351681709289551,54,200,3419,350,200,0,16,12,26,0,0
898,large_drift,1.0,0.8226341605186462,0.6733483076095581,48,209,3537,510,209,0,15,25,8,0,0
899,large_drift,0.9,1.0096333026885986,0.7508397102355957,53,203,4652,625,203,0,13,16,24,0,0
900,large_drift,0.8,0.8017919659614563,0.5824143886566162,96,207,4680,551,207,0,47,41,8,0,0
901,large_drift,0.8,1.06972336769104,0.6960441470146179,55,205,4845,590,205,0,16,13,26,0,0
902,large_drift,0.6,0.8536040186882019,0.6009891033172607,84,202,4577,488,202,0,31,30,23,0,0
903,large_drift,0.5,0.8099715113639832,0.6770997643470764,69,206,4345,564,206,0,32,29,8,0,0
904,large_drift,0.7,0.860240638256073,0.5613881945610046,86,201,4440,530,201,0,16,47,23,0,0
905,large_drift,0.7,0.9436817765235901,0.6834558248519897,62,213,4985,640,213,0,32,14,16,0,0
906,large_drift,0.9,0.7737162709236145,0.5867059230804443,79,205,4570,598,205,0,63,13,3,0,0
907,large_drift,1.0,1.007961392402649,0.6759026050567627,113,202,3988,380,202,0,16,72,25,0,0
908,large_drift,0.9,1.0065442323684692,0.5851085186004639,53,204,4611,555,204,0,16,29,8,0,0
909,large_drift,0.9,0.8863446116447449,0.6800737977027893,86,203,4445,537,203,0,31,30,25,0,0
910,large_drift,0.9,0.9597651362419128,0.683611273765564,71,201,4503,516,201,0,16,45,10,0,0
911,large_drift,0.9,0.9347922205924988,0.6329270601272583,81,202,4619,525,202,0,48,13,20,0,0
912,large_drift,0.9,0.9434524178504944,0.6795666217803955,75,207,4638,587,207,0,16,41,18,0,0
913,large_drift,0.9,1.0389267206192017,0.6465747356414795,101,200,3474,465,200,0,32,59,10,0,0
914,large_drift,0.5,0.9117630124092102,0.766994833946228,73,203,4517,587,203,0,13,42,18,0,0
915,large_drift,1.0,0.9048517942428589,0.53107750415802,72,201,4091,385,201,0,16,46,10,0,0
916,large_drift,1.0,0.7611440420150757,0.6057117581367493,79,207,4072,559,207,0,32,44,3,0,0
917,large_drift,0.8,0.9665947556495667,0.5676888227462769,95,200,4015,476,200,0,32,31,32,0,0
918,large_drift,0.9,0.7976807951927185,0.6014602184295654,54,205,3881,514,205,0,16,28,10,0,0
919,large_drift,1.0,0.9273266792297363,0.5818358063697815,124,203,4077,456,203,0,47,69,8,0,0
920,large_drift,0.9,0.9103864431381226,0.6854922771453857,102,202,4223,502,202,0,16,63,23,0,0
921,large_drift,1.0,0.9971469044685364,0.5922918319702148,78,202,4782,506,202,0,14,31,33,0,0
922,large_drift,0.9,0.8430973887443542,0.582351803779602,87,200,4594,511,200,0,47,30,10,0,0
923,large_drift,1.0,0.9764352440834045,0.767187774181366,48,209,4080,516,209,0,16,16,16,0,0
924,large_drift,0.6,0.9175339937210083,0.497880756855011,112,200,4565,555,200,0,16,87,9,0,0
925,large_drift,0.8,0.9588844776153564,0.6300997734069824,56,201,4348,468,201,0,32,14,10,0,0
926,large_drift,1.0,0.8166792988777161,0.5834053754806519,85,200,2614,295,200,0,15,67,3,0,0
927,large_drift,1.0,1.0128240585327148,0.5914706587791443,87,200,3309,361,200,0,32,30,25,0,0
928,large_drift,1.0,0.9505459070205688,0.7083312273025513,73,202,4497,577,202,0,29,26,18,0,0
929,large_drift,1.0,0.9920858144760132,0.48008298873901367,71,200,3829,406,200,0,16,30,25,0,0
930,large_drift,0.6,0.9819846153259277,0.6072835326194763,96,205,4724,578,205,0,31,57,8,0,0
931,large_drift,0.5,0.8324894905090332,0.6495436429977417,65,207,5043,583,207,0,16,40,9,0,0
932,large_drift,1.0,0.9584351778030396,0.637802004814148,66,203,4066,528,203,0,31,14,21,0,0
933,large_drift,1.0,0.8295195698738098,0.605694055557251,56,205,3594,510,205,0,16,16,24,0,0
934,large_drift,1.0,0.7634433507919312,0.4691768288612366,79,200,3894,313,200,0,16,45,18,0,0
935,large_drift,1.0,0.972963809967041,0.6653143763542175,111,203,4079,401,203,0,32,71,8,0,0
936,large_drift,0.7,0.8949509263038635,0.6472276449203491,41,206,4452,609,206,0,16,10,15,0,0
937,large_drift,1.0,0.8168555498123169,0.5894389152526855,84,201,4079,556,201,0,30,44,10,0,0
938,large_drift,0.8,0.9101305603981018,0.694495439529419,108,211,4820,630,211,0,16,83,9,0,0
939,large_drift,0.9,1.0004130601882935,0.786649227142334,57,204,4158,508,204,0,16,16,25,0,0
940,large_drift,0.9,0.9455182552337646,0.5996639728546143,120,201,3808,386,201,0,78,14,28,0,0
941,large_drift,1.0,1.0111616849899292,0.5479493141174316,103,200,3791,433,200,0,48,30,25,0,0
942,large_drift,0.9,0.9781159162521362,0.6972982883453369,69,202,4392,515,202,0,16,43,10,0,0
943,large_drift,1.0,0.8528686165809631,0.6148890256881714,85,201,4308,525,201,0,16,59,10,0,0
944,large_drift,1.0,0.9322289228439331,0.47029322385787964,91,200,3443,278,200,0,48,28,15,0,0
945,large_drift,0.9,1.0581393241882324,0.7043377161026001,88,211,4716,632,211,0,64,14,10,0,0
946,large_drift,1.0,0.7899669408798218,0.6651565432548523,44,201,3148,274,201,0,16,25,3,0,0
947,large_drift,1.0,0.7704586982727051,0.6367171406745911,43,204,3834,416,204,0,16,24,3,0,0
948,large_drift,0.4,0.9134541749954224,0.6724810600280762,84,200,4707,574,200,0,16,45,23,0,0
949,large_drift,0.9,0.9232950210571289,0.6541843414306641,60,200,4124,485,200,0,16,41,3,0,0
950,large_drift,0.9,0.8572395443916321,0.6628318428993225,56,201,4082,541,201,0,16,30,10,0,0
951,large_drift,0.5,0.918529748916626,0.6820434331893921,70,202,4646,583,202,0,32,28,10,0,0
952,large_drift,0.5,0.9473285675048828,0.6596460938453674,108,215,5038,564,215,0,48,42,18,0,0
953,large_drift,0.8,0.9566836953163147,0.6767164468765259,79,205,4322,540,205,0,16,30,33,0,0
954,large_drift,1.0,0.7832995057106018,0.5382957458496094,108,200,4353,460,200,0,80,15,13,0,0
955,large_drift,0.8,0.9496981501579285,0.4981698989868164,135,202,4300,412,202,0,48,77,10,0,0
956,large_drift,0.7,0.6866188049316406,0.5950086116790771,101,202,4764,631,202,0,16,75,10,0,0
957,large_drift,0.7,0.9730774760246277,0.6036772727966309,86,202,4356,494,202,0,16,45,25,0,0
958,large_drift,0.7,0.9561688899993896,0.7726930379867554,59,202,4464,564,202,0,16,26,17,0,0
959,large_drift,1.0,0.8029952049255371,0.5962889194488525,64,204,4276,532,204,0,30,16,18,0,0
960,large_drift,0.7,0.9445649981498718,0.7064582109451294,66,204,4431,561,204,0,32,16,18,0,0
961,large_drift,0.9,1.0318071842193604,0.7419929504394531,68,207,4558,640,207,0,16,16,36,0,0
962,large_drift,0.6,0.8325102925300598,0.6510469913482666,80,202,4700,575,202,0,48,29,3,0,0
963,large_drift,1.0,0.8044987916946411,0.5606181621551514,72,202,3975,411,202,0,32,30,10,0,0
964,large_drift,0.5,0.8918411731719971,0.7279998064041138,56,204,4546,574,204,0,16,30,10,0,0
965,large_drift,1.0,1.0659728050231934,0.5680493116378784,64,201,4074,471,201,0,30,16,18,0,0
966,large_drift,0.7,0.8860809803009033,0.4743977189064026,76,201,3948,466,201,0,16,45,15,0,0
967,large_drift,0.5,0.904508113861084,0.6837166547775269,60,201,4386,508,201,0,16,41,3,0,0
968,large_drift,0.6,0.8324812650680542,0.58785480260849,81,200,4707,572,200,0,32,31,18,0,0
969,large_drift,1.0,0.8567572832107544,0.6003044843673706,67,202,3751,348,202,0,32,25,10,0,0
970,large_drift,0.9,0.9025371074676514,0.4740450382232666,84,200,4579,522,200,0,32,44,8,0,0
971,large_drift,1.0,0.8972877860069275,0.5826388597488403,98,202,3928,455,202,0,32,39,27,0,0
972,large_drift,1.0,0.6867603063583374,0.43318086862564087,85,200,4202,414,200,0,32,43,10,0,0
973,large_drift,1.0,0.9565705060958862,0.6896318197250366,65,203,2971,364,203,0,16,31,18,0,0
974,large_drift,1.0,0.9795549511909485,0.5902560949325562,57,200,3565,348,200,0,16,26,15,0,0
975,large_drift,1.0,0.9495473504066467,0.4662472605705261,65,200,3220,377,200,0,25,30,10,0,0
976,large_drift,0.3,0.9133514761924744,0.6545924544334412,62,201,4450,550,201,0,14,45,3,0,0
977,large_drift,0.6,0.8999155163764954,0.6432238817214966,88,207,4821,578,207,0,31,42,15,0,0
978,large_drift,1.0,0.8917028307914734,0.5503538250923157,96,202,3972,457,202,0,32,45,19,0,0
979,large_drift,0.6,0.7442789077758789,0.6085926294326782,68,216,4816,580,216,0,32,26,10,0,0
980,large_drift,0.4,1.0221681594848633,0.7968335151672363,159,246,5195,609,246,0,112,13,34,0,0
981,large_drift,0.6,0.7818862199783325,0.6000546216964722,76,200,4604,514,200,0,47,26,3,0,0
982,large_drift,1.0,0.7966440320014954,0.6183637380599976,92,201,3205,346,201,0,64,25,3,0,0
983,large_drift,0.9,0.8959923982620239,0.7909551858901978,50,204,3793,487,204,0,14,33,3,0,0
984,large_drift,0.9,0.9215172529220581,0.7090968489646912,94,205,4463,580,205,0,64,22,8,0,0
985,large_drift,0.7,0.9037695527076721,0.7081092596054077,36,202,4680,556,202,0,15,13,8,0,0
986,large_drift,0.7,0.9454331398010254,0.6461977958679199,84,200,4378,486,200,0,32,16,36,0,0
987,large_drift,0.5,0.956879198551178,0.7254810333251953,85,208,4678,577,208,0,30,31,24,0,0
988,large_drift,1.0,0.8882429599761963,0.6249359846115112,87,222,3725,579,222,0,16,68,3,0,0
989,large_drift,0.9,0.9365344047546387,0.6649863719940186,71,200,3027,348,200,0,16,30,25,0,0
990,large_drift,1.0,0.9863335490226746,0.5966240167617798,49,201,3747,395,201,0,9,30,10,0,0
991,large_drift,1.0,0.9499475955963135,0.45872652530670166,56,200,3829,439,200,0,16,30,10,0,0
992,large_drift,0.9,0.9616010189056396,0.6975381374359131,73,203,4034,525,203,0,16,39,18,0,0
993,large_drift,0.8,0.8819172978401184,0.651117205619812,79,201,4562,540,201,0,47,16,16,0,0
994,large_drift,0.6,0.8848279118537903,0.729921817779541,56,208,4820,507,208,0,16,30,10,0,0
995,large_drift,0.6,0.7139384746551514,0.6561682820320129,48,203,4357,528,203,0,32,13,3,0,0
996,large_drift,0.7,1.0370581150054932,0.7329107522964478,120,204,4458,547,204,0,48,31,41,0,0
997,large_drift,1.0,0.7789632081985474,0.47952890396118164,78,209,4270,517,209,0,32,28,18,0,0
998,large_drift,1.0,0.8495349287986755,0.6316012144088745,56,217,3501,527,217,0,32,14,10,0,0
999,large_drift,0.7,0.8881260752677917,0.6814475655555725,94,220,5058,502,220,0,48,25,21,0,0
1000,large_drift,1.0,1.0761528015136719,0.5433628559112549,64,200,1668,171,200,0,13,29,22,0,0
1001,large_drift,1.0,0.8066736459732056,0.6523516774177551,71,202,3331,349,202,0,44,24,3,0,0
1002,large_drift,1.0,0.9761911630630493,0.5292922258377075,99,226,4487,359,226,0,32,45,22,0,0
1003,large_drift,1.0,0.851212739944458,0.6908747553825378,44,203,3890,507,203,0,16,25,3,0,0
1004,large_drift,0.7,0.9645767211914062,0.7082279920578003,62,210,4506,579,210,0,44,9,9,0,0
1005,large_drift,1.0,0.8302671313285828,0.6057361364364624,72,205,3864,513,205,0,48,14,10,0,0
1006,large_drift,1.0,1.0099846124649048,0.6573943495750427,84,206,3507,419,206,0,46,28,10,0,0
1007,large_drift,1.0,0.800552487373352,0.588913083076477,82,203,4399,403,203,0,48,16,18,0,0
1008,large_drift,0.9,0.7500243782997131,0.6163618564605713,107,204,4352,565,204,0,48,56,3,0,0
1009,large_drift,0.7,1.0574204921722412,0.6295182704925537,116,201,4410,544,201,0,48,59,9,0,0
1010,large_drift,0.7,0.9423846006393433,0.7266050577163696,65,202,4313,532,202,0,25,30,10,0,0
1011,large_drift,1.0,0.9315870404243469,0.45328593254089355,50,200,3546,314,200,0,16,16,18,0,0
1012,large_drift,0.9,0.7694872617721558,0.6952075958251953,67,203,4351,541,203,0,32,25,10,0,0
1013,large_drift,1.0,0.8154846429824829,0.510244607925415,87,200,4156,452,200,0,32,30,25,0,0
1014,large_drift,1.0,0.9022631049156189,0.613004744052887,61,205,3806,466,205,0,16,30,15,0,0
1015,large_drift,0.2,0.87427818775177,0.6265943050384521,68,207,4554,587,207,0,16,28,24,0,0
1016,large_drift,0.5,0.7980677485466003,0.5880321264266968,50,202,4871,565,202,0,16,16,18,0,0
1017,large_drift,0.6,0.787921667098999,0.6555050611495972,68,205,4681,498,205,0,32,26,10,0,0
1018,large_drift,0.5,0.859061598777771,0.65822434425354,79,207,4505,588,207,0,48,22,9,0,0
1019,large_drift,0.7,1.0110265016555786,0.6444183588027954,78,201,4604,550,201,0,16,28,34,0,0
1020,large_drift,1.0,0.9523858428001404,0.6299172639846802,64,202,3728,485,202,0,15,31,18,0,0
1021,large_drift,0.7,1.0446430444717407,0.6737502217292786,132,200,3593,480,200,0,16,92,24,0,0
1022,large_drift,0.9,0.9246296882629395,0.5451934933662415,104,200,3901,412,200,0,64,30,10,0,0
1023,large_drift,1.0,0.9663418531417847,0.6075550317764282,49,205,4103,461,205,0,9,30,10,0,0
1024,large_drift,0.8,0.9515544772148132,0.6893332004547119,72,211,4771,505,211,0,32,27,13,0,0
1025,large_drift,0.4,0.9680760502815247,0.7111960649490356,73,202,4687,526,202,0,16,29,28,0,0
1026,large_drift,1.0,0.8013607263565063,0.6002386808395386,62,203,3687,399,203,0,32,27,3,0,0
1027,large_drift,0.9,0.9639396071434021,0.67508864402771,61,232,5095,689,232,0,16,16,29,0,0
1028,large_drift,0.7,0.9751667380332947,0.6384027600288391,91,201,4475,574,201,0,63,15,13,0,0
1029,large_drift,0.4,1.019986867904663,0.5799311399459839,77,211,4635,468,211,0,32,36,9,0,0
1030,large_drift,0.6,0.902018666267395,0.6487001180648804,50,208,4863,612,208,0,16,16,18,0,0
1031,large_drift,1.0,1.0071243047714233,0.6555031538009644,66,201,2965,319,201,0,15,36,15,0,0
1032,large_drift,1.0,0.8864652514457703,0.6502651572227478,95,213,4704,655,213,0,32,54,9,0,0
1033,large_drift,0.7,1.060099482536316,0.8228175640106201,53,201,3976,501,201,0,16,29,8,0,0
1034,large_drift,0.8,0.9403148889541626,0.5275179743766785,100,202,4408,476,202,0,48,44,8,0,0
1035,large_drift,0.9,1.0215692520141602,0.6179648637771606,84,203,4732,613,203,0,16,58,10,0,0
1036,large_drift,1.0,0.9649382829666138,0.5952420830726624,63,204,3331,404,204,0,31,16,16,0,0
1037,large_drift,0.7,0.9115955233573914,0.6298627257347107,72,201,4365,570,201,0,16,30,26,0,0
1038,large_drift,1.0,1.205391764640808,0.8200107216835022,49,205,2514,331,205,0,15,24,10,0,0
1039,large_drift,0.8,0.9505547881126404,0.802129328250885,60,226,4690,520,226,0,32,15,13,0,0
1040,large_drift,0.7,0.9854727387428284,0.6297956705093384,78,201,4497,482,201,0,32,29,17,0,0
1041,large_drift,0.6,0.9598013758659363,0.7314231395721436,64,209,4626,588,209,0,31,15,18,0,0
1042,large_drift,1.0,0.9917912483215332,0.6505460739135742,65,203,4194,519,203,0,32,24,9,0,0
1043,large_drift,1.0,0.9418496489524841,0.48933178186416626,78,201,3820,406,201,0,29,29,20,0,0
1044,large_drift,0.8,0.8721369504928589,0.600801944732666,72,200,3991,354,200,0,16,46,10,0,0
1045,large_drift,0.7,0.8254104256629944,0.6259769201278687,108,200,4297,500,200,0,63,42,3,0,0
1046,large_drift,1.0,0.8362549543380737,0.5089976787567139,150,200,3208,365,200,0,96,44,10,0,0
1047,large_drift,0.9,0.91741943359375,0.6196924448013306,72,200,3809,408,200,0,16,46,10,0,0
1048,large_drift,0.7,0.9165511727333069,0.5990583896636963,72,200,4175,407,200,0,48,13,11,0,0
1049,large_drift,1.0,0.8550606966018677,0.5045503377914429,50,204,4588,510,204,0,16,16,18,0,0
1050,large_drift,0.6,1.014379620552063,0.7391928434371948,102,202,4759,593,202,0,32,46,24,0,0
1051,large_drift,1.0,0.94570392370224,0.8082432746887207,43,205,4018,483,205,0,16,24,3,0,0
1052,large_drift,0.9,1.004737138748169,0.554739236831665,49,200,4460,484,200,0,16,13,20,0,0
1053,large_drift,0.4,1.0129975080490112,0.6958506107330322,71,212,4768,598,212,0,32,14,25,0,0
1054,large_drift,0.7,0.7996158599853516,0.5853492021560669,69,200,4710,557,200,0,32,29,8,0,0
1055,large_drift,0.9,1.1451746225357056,0.6670382022857666,132,201,3383,370,201,0,74,41,17,0,0
1056,large_drift,0.8,0.9885047674179077,0.6590056419372559,85,200,4190,460,200,0,29,46,10,0,0
1057,large_drift,0.6,0.8272833228111267,0.6869229078292847,60,206,4647,557,206,0,16,41,3,0,0
1058,large_drift,0.8,0.9532699584960938,0.6417663097381592,68,205,4373,515,205,0,16,28,24,0,0
1059,large_drift,0.9,0.9956364631652832,0.5020320415496826,73,201,3471,399,201,0,16,30,27,0,0
1060,large_drift,1.0,0.8447547554969788,0.5576822757720947,125,203,3709,306,203,0,48,68,9,0,0
1061,large_drift,1.0,0.8952219486236572,0.6145652532577515,87,202,3698,381,202,0,16,47,24,0,0
1062,large_drift,0.8,0.6861836314201355,0.6861836314201355,32,210,4897,594,210,0,16,13,3,0,0
1063,large_drift,0.8,0.9641138315200806,0.619339108467102,98,206,4393,512,206,0,64,16,18,0,0
1064,large_drift,0.9,0.9123682379722595,0.7038974761962891,56,201,4101,494,201,0,14,29,13,0,0
1065,large_drift,1.0,0.8122501373291016,0.4379756450653076,107,200,2061,181,200,0,47,57,3,0,0
1066,large_drift,0.6,0.9131949543952942,0.7953700423240662,46,237,4939,578,237,0,12,25,9,0,0
1067,large_drift,0.8,0.9990264177322388,0.5320980548858643,115,200,4127,423,200,0,48,45,22,0,0
1068,large_drift,1.0,1.0980420112609863,0.7712196111679077,56,203,4231,442,203,0,16,27,13,0,0
1069,large_drift,1.0,1.0460323095321655,0.49882662296295166,65,200,3758,380,200,0,16,31,18,0,0
1070,large_drift,0.4,0.775160551071167,0.6741477251052856,64,207,4922,659,207,0,48,13,3,0,0
1071,large_drift,1.0,1.000035285949707,0.6022297143936157,97,200,2937,275,200,0,30,43,24,0,0
1072,large_drift,0.9,0.9897658228874207,0.7169684171676636,74,201,4407,521,201,0,16,31,27,0,0
1073,large_drift,1.0,0.8193439245223999,0.5719940662384033,102,201,3860,367,201,0,46,46,10,0,0
1074,large_drift,0.5,0.8764581084251404,0.8764581084251404,32,205,4305,549,205,0,16,13,3,0,0
1075,large_drift,1.0,0.9490883946418762,0.6253564357757568,102,200,3516,447,200,0,63,14,25,0,0
1076,large_drift,0.7,0.8532822132110596,0.6788146495819092,56,212,4807,603,212,0,32,14,10,0,0
1077,large_drift,0.6,0.9235029816627502,0.7276049852371216,64,208,4406,610,208,0,16,16,32,0,0
1078,large_drift,1.0,0.9126977324485779,0.7088031768798828,79,219,3994,632,219,0,32,44,3,0,0
1079,large_drift,0.6,1.027260661125183,0.6492438316345215,88,200,4440,528,200,0,48,13,27,0,0
1080,large_drift,1.0,1.021795392036438,0.5935121178627014,49,204,3638,407,204,0,9,30,10,0,0
1081,large_drift,0.9,1.0188753604888916,0.7591816186904907,77,207,4296,490,207,0,16,29,32,0,0
1082,large_drift,0.3,0.907951295375824,0.6887153387069702,82,204,4578,585,204,0,32,32,18,0,0
1083,large_drift,0.9,0.9149990677833557,0.6450918912887573,87,201,4512,532,201,0,16,61,10,0,0
1084,large_drift,1.0,0.9739207029342651,0.6504828929901123,86,208,4196,587,208,0,32,44,10,0,0
1085,large_drift,0.9,0.9246348738670349,0.5960814356803894,76,202,4720,564,202,0,32,26,18,0,0
1086,large_drift,0.9,0.9926824569702148,0.5782483816146851,97,200,4231,437,200,0,25,48,24,0,0
1087,large_drift,1.0,0.9342527985572815,0.6938893795013428,54,201,2565,232,201,0,16,13,25,0,0
1088,large_drift,0.7,1.0439481735229492,0.7560205459594727,72,204,4790,559,204,0,16,31,25,0,0
1089,large_drift,0.9,0.7493582963943481,0.5769065022468567,64,200,4420,469,200,0,16,30,18,0,0
1090,large_drift,1.0,1.0095735788345337,0.5609543323516846,85,200,3392,330,200,0,32,30,23,0,0
1091,large_drift,0.9,0.8162850141525269,0.6359759569168091,101,202,4282,468,202,0,64,29,8,0,0
1092,large_drift,0.5,0.814286470413208,0.7021472454071045,44,208,4491,575,208,0,16,15,13,0,0
1093,large_drift,1.0,1.0121716260910034,0.6923982501029968,83,205,4212,503,205,0,32,30,21,0,0
1094,large_drift,0.9,0.7217952013015747,0.6503212451934814,92,202,3995,449,202,0,64,25,3,0,0
1095,large_drift,0.8,0.8744461536407471,0.6458713412284851,114,219,4769,523,219,0,16,88,10,0,0
1096,large_drift,1.0,1.0723402500152588,0.5349453091621399,77,203,3438,350,203,0,16,31,30,0,0
1097,large_drift,0.8,0.9792353510856628,0.7390232086181641,67,212,4757,537,212,0,16,26,25,0,0
1098,large_drift,0.8,1.0472753047943115,0.6868908405303955,87,201,4628,527,201,0,16,46,25,0,0
1099,large_drift,0.5,0.9817702770233154,0.6915342807769775,68,206,4452,590,206,0,32,12,24,0,0
1100,large_drift,0.8,0.8254408836364746,0.6632696390151978,66,201,4363,598,201,0,30,26,10,0,0
1101,large_drift,0.9,0.9520275592803955,0.7158114910125732,79,202,4558,550,202,0,31,40,8,0,0
1102,large_drift,0.8,0.9005898237228394,0.576606273651123,40,203,3904,574,203,0,16,14,10,0,0
1103,large_drift,1.0,0.8341344594955444,0.5825763940811157,56,200,4081,430,200,0,16,30,10,0,0
1104,large_drift,1.0,0.7923454642295837,0.41795963048934937,87,200,2728,279,200,0,32,30,25,0,0
1105,large_drift,1.0,0.8012491464614868,0.5829187631607056,56,202,4295,474,202,0,16,30,10,0,0
1106,large_drift,0.6,0.8787521719932556,0.7002111077308655,71,205,4931,574,205,0,16,30,25,0,0
1107,large_drift,0.7,0.9111510515213013,0.5579216480255127,89,200,4158,487,200,0,42,13,34,0,0
1108,large_drift,0.8,0.8263911008834839,0.5648192763328552,80,202,3872,522,202,0,32,28,20,0,0
1109,large_drift,1.0,0.8163400888442993,0.6972424983978271,57,204,4004,449,204,0,16,38,3,0,0
1110,large_drift,0.5,1.0897315740585327,0.6574878692626953,63,205,4491,523,205,0,31,16,16,0,0
1111,large_drift,0.7,0.9048113226890564,0.702019453048706,50,205,4497,537,205,0,16,16,18,0,0
1112,large_drift,0.7,1.0140262842178345,0.6695014238357544,69,202,4485,532,202,0,32,14,23,0,0
1113,large_drift,0.8,1.0188120603561401,0.7584976553916931,64,204,4140,529,204,0,31,15,18,0,0
1114,large_drift,1.0,0.8980159759521484,0.4701358675956726,91,200,3071,435,200,0,30,40,21,0,0
1115,large_drift,0.9,0.9313267469406128,0.5142067074775696,86,201,4420,522,201,0,32,28,26,0,0
1116,large_drift,0.7,1.0068190097808838,0.5442953705787659,70,209,4672,523,209,0,15,29,26,0,0
1117,large_drift,1.0,0.9045233130455017,0.48227447271347046,88,200,3308,364,200,0,16,62,10,0,0
1118,large_drift,0.9,1.0136961936950684,0.6763933300971985,49,204,3422,372,204,0,16,24,9,0,0
1119,large_drift,0.8,1.099230170249939,0.8090479373931885,41,202,3433,438,202,0,16,10,15,0,0
1120,large_drift,0.5,1.0571353435516357,0.7990785837173462,50,201,4124,562,201,0,16,16,18,0,0
1121,large_drift,1.0,0.7915455102920532,0.5472962260246277,106,200,4047,439,200,0,63,40,3,0,0
1122,large_drift,1.0,0.7518216967582703,0.7518216967582703,32,207,2815,410,207,0,16,13,3,0,0
1123,large_drift,0.8,1.0748995542526245,0.5085145235061646,73,200,4503,487,200,0,32,26,15,0,0
1124,large_drift,0.8,0.9352113008499146,0.5199974179267883,73,200,4483,469,200,0,32,26,15,0,0
1125,large_drift,1.0,0.904197096824646,0.4305397868156433,81,200,2266,240,200,0,48,25,8,0,0
1126,large_drift,0.5,0.9349647760391235,0.5243307948112488,78,202,4815,556,202,0,32,28,18,0,0
1127,large_drift,0.8,0.8914323449134827,0.6974232196807861,82,206,4669,597,206,0,48,16,18,0,0
1128,large_drift,1.0,0.9805235266685486,0.6145896911621094,86,204,3998,590,204,0,31,30,25,0,0
1129,large_drift,1.0,0.7186036109924316,0.6847661733627319,47,202,3851,509,202,0,16,28,3,0,0
1130,large_drift,0.9,0.8516530990600586,0.5480348467826843,85,202,4572,554,202,0,32,43,10,0,0
1131,large_drift,0.9,0.9495918154716492,0.586854875087738,88,202,3988,509,202,0,32,32,24,0,0
1132,large_drift,0.6,0.8182468414306641,0.6379625201225281,63,202,4372,529,202,0,16,44,3,0,0
1133,large_drift,1.0,0.9700393676757812,0.5817692279815674,93,201,4335,496,201,0,16,48,29,0,0
1134,large_drift,0.4,0.9433800578117371,0.7187806367874146,80,202,4560,596,202,0,16,56,8,0,0
1135,large_drift,0.7,1.0027071237564087,0.6324326992034912,66,208,4732,594,208,0,16,16,34,0,0
1136,large_drift,1.0,0.8693426847457886,0.7148232460021973,85,208,3049,501,208,0,16,59,10,0,0
1137,large_drift,1.0,0.8811013698577881,0.6004443764686584,104,201,4438,464,201,0,16,70,18,0,0
1138,large_drift,0.8,0.8915292024612427,0.6260170936584473,96,206,3966,526,206,0,48,40,8,0,0
1139,large_drift,0.7,0.838943362236023,0.5773594379425049,102,202,4202,412,202,0,64,28,10,0,0
1140,large_drift,0.5,0.8697863817214966,0.6656491756439209,67,202,3589,540,202,0,16,31,20,0,0
1141,large_drift,1.0,0.9281061291694641,0.654303789138794,65,201,4167,436,201,0,16,31,18,0,0
1142,large_drift,1.0,0.8821268081665039,0.45374518632888794,70,202,4113,474,202,0,16,31,23,0,0
1143,large_drift,1.0,0.8904147148132324,0.5309747457504272,56,200,3059,290,200,0,16,30,10,0,0
1144,large_drift,0.9,0.7530994415283203,0.7238907814025879,48,221,4912,617,221,0,32,13,3,0,0
1145,large_drift,0.6,0.8341009616851807,0.7276599407196045,42,201,4635,579,201,0,13,26,3,0,0
1146,large_drift,0.8,0.8751156330108643,0.6125453114509583,102,205,3885,500,205,0,62,30,10,0,0
1147,large_drift,0.5,0.9030417203903198,0.6244266033172607,71,223,4998,542,223,0,31,15,25,0,0
1148,large_drift,0.5,1.0393359661102295,0.7924375534057617,107,206,4013,505,206,0,45,44,18,0,0
1149,large_drift,1.0,0.8772087097167969,0.47894400358200073,100,202,3425,402,202,0,45,30,25,0,0
1150,large_drift,0.7,0.8552923202514648,0.5510901808738708,89,201,3088,365,201,0,31,55,3,0,0
1151,large_drift,0.5,0.9789816737174988,0.7091225385665894,60,204,4609,578,204,0,15,36,9,0,0
1152,large_drift,1.0,0.9486151337623596,0.5917009711265564,87,200,3145,324,200,0,13,56,18,0,0
1153,large_drift,0.9,0.9028098583221436,0.7219966650009155,61,202,3833,457,202,0,16,14,31,0,0
1154,large_drift,1.0,1.1193102598190308,0.667717456817627,72,211,3588,505,211,0,31,26,15,0,0
1155,large_drift,0.8,0.9321507811546326,0.6567627191543579,58,202,3956,492,202,0,15,30,13,0,0
1156,large_drift,0.7,1.0042816400527954,0.6901694536209106,55,202,4596,495,202,0,31,14,10,0,0
1157,large_drift,0.8,1.0134601593017578,0.6712361574172974,69,202,4271,473,202,0,32,16,21,0,0
1158,large_drift,1.0,0.9111727476119995,0.6875615119934082,83,211,3966,503,211,0,16,59,8,0,0
1159,large_drift,0.7,1.0320391654968262,0.6813785433769226,100,211,4410,558,211,0,16,62,22,0,0
1160,large_drift,0.8,0.8446347713470459,0.6082937717437744,76,201,3978,438,201,0,16,57,3,0,0
1161,large_drift,0.7,0.7174578905105591,0.59775710105896,60,204,4482,582,204,0,16,41,3,0,0
1162,large_drift,0.7,0.8473346829414368,0.746309757232666,36,201,3892,474,201,0,15,13,8,0,0
1163,large_drift,1.0,1.0329149961471558,0.7632129788398743,52,205,3510,479,205,0,16,14,22,0,0
1164,large_drift,0.5,1.023903489112854,0.7939978241920471,32,205,4548,547,205,0,14,9,9,0,0
1165,large_drift,1.0,0.8842015862464905,0.629768967628479,80,200,3293,383,200,0,16,61,3,0,0
1166,large_drift,1.0,0.9765897989273071,0.5694340467453003,65,204,4183,422,204,0,16,31,18,0,0
1167,large_drift,0.3,1.0226396322250366,0.6096343398094177,81,204,4488,542,204,0,48,13,20,0,0
1168,large_drift,0.8,0.8980746269226074,0.5403965711593628,95,206,4870,605,206,0,32,31,32,0,0
1169,large_drift,0.6,0.9529203176498413,0.6526520252227783,72,204,4662,529,204,0,16,46,10,0,0
1170,large_drift,1.0,0.8570451736450195,0.6156243085861206,57,200,2578,305,200,0,16,14,27,0,0
1171,large_drift,1.0,0.9888669848442078,0.4800208806991577,134,201,3861,405,201,0,80,34,20,0,0
1172,large_drift,1.0,0.937251091003418,0.6567490100860596,53,202,3365,327,202,0,16,29,8,0,0
1173,large_drift,1.0,1.0141830444335938,0.5020153522491455,127,200,3193,298,200,0,46,57,24,0,0
1174,large_drift,1.0,0.8426578044891357,0.6869399547576904,55,200,4026,474,200,0,16,29,10,0,0
1175,large_drift,1.0,0.9691778421401978,0.6360278129577637,40,204,3855,447,204,0,16,14,10,0,0
1176,large_drift,1.0,1.030527949333191,0.6564736366271973,101,206,2790,378,206,0,32,59,10,0,0
1177,large_drift,1.0,1.0016095638275146,0.40109384059906006,89,200,3595,344,200,0,48,26,15,0,0
1178,large_drift,0.8,1.0667555332183838,0.650854766368866,71,202,4310,571,202,0,29,16,26,0,0
1179,large_drift,0.8,1.0413408279418945,0.6604321002960205,88,200,3305,380,200,0,58,22,8,0,0
1180,large_drift,1.0,0.9264936447143555,0.6814757585525513,68,208,4600,563,208,0,16,30,22,0,0
1181,large_drift,0.9,0.9318394064903259,0.6178391575813293,71,202,4634,481,202,0,47,14,10,0,0
1182,large_drift,0.5,0.9430762529373169,0.6781105399131775,77,208,4743,581,208,0,32,16,29,0,0
1183,large_drift,0.8,0.8802950382232666,0.5548654198646545,85,201,4297,499,201,0,16,45,24,0,0
1184,large_drift,1.0,0.9964680671691895,0.6273199319839478,68,208,4456,611,208,0,16,44,8,0,0
1185,large_drift,0.7,0.8929197788238525,0.6950445175170898,98,200,4337,559,200,0,48,42,8,0,0
1186,large_drift,0.8,1.1091666221618652,0.5016495585441589,73,200,4284,508,200,0,32,26,15,0,0
1187,large_drift,1.0,1.0526316165924072,0.5801213979721069,62,200,3281,328,200,0,16,26,20,0,0
1188,large_drift,1.0,0.808428943157196,0.6140130162239075,81,210,4580,501,210,0,16,41,24,0,0
1189,large_drift,0.4,0.9851220846176147,0.640993595123291,118,200,4501,524,200,0,48,44,26,0,0
1190,large_drift,1.0,0.8970732092857361,0.48163682222366333,73,200,3617,323,200,0,32,26,15,0,0
1191,large_drift,0.7,0.933293879032135,0.737464189529419,79,202,4655,575,202,0,46,13,20,0,0
1192,large_drift,0.8,1.0065741539001465,0.728754997253418,46,201,3726,420,201,0,16,14,16,0,0
1193,large_drift,0.8,0.925899863243103,0.6603477001190186,72,201,3866,430,201,0,16,46,10,0,0
1194,large_drift,0.8,0.9379174113273621,0.572126030921936,96,200,4314,512,200,0,32,56,8,0,0
1195,large_drift,1.0,0.8957884907722473,0.49374479055404663,63,200,3081,361,200,0,23,30,10,0,0
1196,large_drift,0.5,0.9252433776855469,0.5862653851509094,133,257,5720,545,257,0,48,60,25,0,0
1197,large_drift,1.0,0.9083977937698364,0.5775790810585022,81,201,4659,501,201,0,16,47,18,0,0
1198,large_drift,0.7,1.0229871273040771,0.6670680046081543,64,205,4621,538,205,0,16,32,16,0,0
1199,large_drift,0.7,0.956134557723999,0.7955461740493774,48,210,4009,538,210,0,30,9,9,0,0
1200,large_drift,0.7,0.8397648334503174,0.6007696390151978,40,201,4745,511,201,0,16,14,10,0,0
1201,large_drift,0.7,1.0636576414108276,0.6623112559318542,95,203,4578,561,203,0,48,29,18,0,0
1202,large_drift,1.0,1.015258550643921,0.524027943611145,75,200,3075,267,200,0,32,28,15,0,0
1203,large_drift,0.9,0.9009671807289124,0.5831947326660156,70,206,3981,389,206,0,16,44,10,0,0
1204,large_drift,1.0,1.0283069610595703,0.5053180456161499,72,201,4666,504,201,0,48,14,10,0,0
1205,large_drift,0.9,0.9150612354278564,0.6394599676132202,62,203,3999,423,203,0,15,31,16,0,0
1206,large_drift,0.3,0.8291884660720825,0.595219075679779,59,200,3931,522,200,0,16,40,3,0,0
1207,large_drift,0.7,0.8295778632164001,0.5005784034729004,125,200,4537,503,200,0,64,43,18,0,0
1208,large_drift,0.7,0.7919220924377441,0.6351068019866943,57,212,4923,594,212,0,30,14,13,0,0
1209,large_drift,1.0,0.9012318849563599,0.521682858467102,106,200,4292,367,200,0,32,47,27,0,0
1210,large_drift,1.0,1.02408766746521,0.47651028633117676,93,200,2962,261,200,0,43,41,9,0,0
1211,large_drift,1.0,1.0260090827941895,0.6972801089286804,72,201,3957,450,201,0,16,31,25,0,0
1212,large_drift,0.7,0.9171263575553894,0.6108822822570801,101,201,4178,488,201,0,61,16,24,0,0
1213,large_drift,0.9,1.00906503200531,0.5858227014541626,155,200,4318,478,200,0,96,30,29,0,0
1214,large_drift,0.9,0.7719727158546448,0.6281686425209045,48,200,4234,493,200,0,32,13,3,0,0
1215,large_drift,1.0,0.772156298160553,0.4735545516014099,93,200,3756,378,200,0,16,74,3,0,0
1216,large_drift,1.0,0.9706234335899353,0.6794375777244568,68,201,3762,451,201,0,15,43,10,0,0
1217,large_drift,1.0,1.0997819900512695,0.6978747844696045,54,203,4589,544,203,0,16,28,10,0,0
1218,large_drift,1.0,0.8226422667503357,0.5838949680328369,86,202,4181,439,202,0,16,67,3,0,0
1219,large_drift,0.1,0.939487874507904,0.610478937625885,94,206,4871,559,206,0,60,25,9,0,0
1220,large_drift,0.8,1.0057268142700195,0.6440446376800537,87,202,4035,526,202,0,16,48,23,0,0
1221,large_drift,0.4,0.828181266784668,0.7085727453231812,63,208,4597,591,208,0,16,44,3,0,0
1222,large_drift,0.9,0.7587423324584961,0.5862777233123779,86,202,3718,414,202,0,32,44,10,0,0
1223,large_drift,1.0,1.185173749923706,0.6668322086334229,71,203,2901,285,203,0,16,31,24,0,0
1224,large_drift,0.3,1.0153086185455322,0.6742945909500122,114,202,4808,586,202,0,64,32,18,0,0
1225,large_drift,1.0,0.9460194706916809,0.5325797200202942,93,200,2219,230,200,0,48,16,29,0,0
1226,large_drift,0.3,0.8964605927467346,0.5557072162628174,97,200,4221,460,200,0,48,31,18,0,0
1227,large_drift,0.9,1.0419048070907593,0.5954176187515259,53,200,4432,485,200,0,16,29,8,0,0
1228,large_drift,1.0,0.9300954937934875,0.6220610737800598,119,204,4154,507,204,0,80,14,25,0,0
1229,large_drift,0.3,1.0455175638198853,0.8108662366867065,67,205,4510,650,205,0,30,29,8,0,0
1230,large_drift,1.0,0.8983288407325745,0.4092256426811218,128,200,4131,303,200,0,64,29,35,0,0
1231,large_drift,1.0,1.1591073274612427,0.6637762784957886,105,201,3564,398,201,0,61,28,16,0,0
1232,large_drift,0.6,0.9917975664138794,0.6388972401618958,117,200,4116,485,200,0,62,45,10,0,0
1233,large_drift,0.8,0.9281914830207825,0.656927227973938,47,201,3937,437,201,0,16,10,21,0,0
1234,large_drift,1.0,0.953857421875,0.5374089479446411,90,200,3172,257,200,0,32,32,26,0,0
1235,large_drift,1.0,0.9321534633636475,0.7120823860168457,85,202,3196,265,202,0,32,43,10,0,0
1236,large_drift,0.5,0.9931339025497437,0.6039783358573914,83,207,4708,623,207,0,31,28,24,0,0
1237,large_drift,1.0,0.9299665689468384,0.7817440629005432,51,211,3192,478,211,0,12,28,11,0,0
1238,large_drift,1.0,1.024701714515686,0.5736985206604004,124,200,3048,315,200,0,48,43,33,0,0
1239,large_drift,1.0,0.7707611322402954,0.5050624012947083,61,200,3098,341,200,0,16,42,3,0,0
1240,large_drift,0.9,0.8485024571418762,0.5738680958747864,85,205,4525,491,205,0,16,46,23,0,0
1241,large_drift,1.0,0.9483044743537903,0.4446973204612732,80,200,3114,291,200,0,30,32,18,0,0
1242,large_drift,1.0,0.8228127956390381,0.48165613412857056,85,200,1955,217,200,0,13,69,3,0,0
1243,large_drift,0.7,0.9427521824836731,0.6960237622261047,68,201,4131,518,201,0,15,43,10,0,0
1244,large_drift,1.0,0.8487507700920105,0.4672752618789673,66,200,3748,371,200,0,32,16,18,0,0
1245,large_drift,0.7,0.8437208533287048,0.5976068377494812,50,201,4562,564,201,0,16,16,18,0,0
1246,large_drift,1.0,1.1728997230529785,0.43390703201293945,90,200,2124,319,200,0,43,25,22,0,0
1247,large_drift,0.6,0.8755089044570923,0.7274991273880005,96,207,4637,548,207,0,16,72,8,0,0
1248,large_drift,1.0,0.675696074962616,0.675696074962616,32,201,4395,496,201,0,16,13,3,0,0
1249,large_drift,0.9,0.9104002714157104,0.6198116540908813,62,202,2851,485,202,0,16,27,19,0,0
1250,large_drift,0.4,0.9291303157806396,0.6695723533630371,48,200,4759,629,200,0,16,24,8,0,0
1251,large_drift,0.7,0.8370548486709595,0.6151227951049805,79,204,4420,567,204,0,32,44,3,0,0
1252,large_drift,1.0,1.0611791610717773,0.5879586338996887,84,202,3390,354,202,0,32,28,24,0,0
1253,large_drift,0.7,0.9172807931900024,0.6825891137123108,94,201,4241,556,201,0,16,69,9,0,0
1254,large_drift,0.6,0.8461235761642456,0.6003328561782837,70,200,4575,531,200,0,32,28,10,0,0
1255,large_drift,1.0,0.9454734325408936,0.4613233208656311,135,200,2485,266,200,0,29,88,18,0,0
1256,large_drift,0.6,0.9650234580039978,0.7380011081695557,78,203,4426,567,203,0,32,29,17,0,0
1257,large_drift,0.8,0.96883624792099,0.6329102516174316,69,201,4766,475,201,0,16,38,15,0,0
1258,large_drift,0.5,0.8725188970565796,0.635123610496521,54,201,4758,539,201,0,16,28,10,0,0
1259,large_drift,0.7,1.1029609441757202,0.7962191104888916,53,201,4279,561,201,0,16,13,24,0,0
1260,large_drift,0.9,0.8640198707580566,0.6334868669509888,67,202,4715,599,202,0,31,26,10,0,0
1261,large_drift,1.0,0.7649233937263489,0.5382735729217529,105,203,4271,479,203,0,64,16,25,0,0
1262,large_drift,1.0,0.8970556259155273,0.4482622742652893,102,200,3167,296,200,0,32,60,10,0,0
1263,large_drift,0.7,0.9093378186225891,0.7032241821289062,98,201,4613,592,201,0,45,43,10,0,0
1264,large_drift,0.9,0.882554292678833,0.6406418085098267,61,200,4133,480,200,0,16,29,16,0,0
1265,large_drift,0.7,0.9914720058441162,0.6060245037078857,105,200,4480,505,200,0,32,45,28,0,0
1266,large_drift,1.0,1.0319900512695312,0.5352165699005127,103,201,3985,400,201,0,48,40,15,0,0
1267,large_drift,1.0,0.9270279407501221,0.5714691877365112,97,200,4294,385,200,0,16,71,10,0,0
1268,large_drift,0.9,0.8391320705413818,0.6425168514251709,104,208,4519,485,208,0,48,31,25,0,0
1269,large_drift,1.0,1.0502127408981323,0.6016713380813599,109,200,3246,291,200,0,48,46,15,0,0
1270,large_drift,0.8,0.9707119464874268,0.6189783215522766,61,205,4791,599,205,0,16,35,10,0,0
1271,large_drift,0.8,0.8798283338546753,0.5989890098571777,79,202,4432,491,202,0,32,38,9,0,0
1272,large_drift,0.5,0.9231725335121155,0.694453239440918,94,206,4503,627,206,0,16,56,22,0,0
1273,large_drift,0.8,0.8956364393234253,0.47838646173477173,122,200,4676,521,200,0,79,30,13,0,0
1274,large_drift,0.9,1.0603328943252563,0.7341945767402649,90,209,4734,546,209,0,16,46,28,0,0
1275,large_drift,1.0,0.8858632445335388,0.6975281238555908,92,201,3547,372,201,0,30,59,3,0,0
1276,large_drift,0.7,0.9686733484268188,0.6462146639823914,63,203,4863,589,203,0,16,31,16,0,0
1277,large_drift,1.0,0.9631942510604858,0.7453761100769043,40,202,4593,545,202,0,16,14,10,0,0
1278,large_drift,1.0,0.7340165376663208,0.5651884078979492,84,204,4126,371,204,0,48,26,10,0,0
1279,large_drift,0.7,0.9386494159698486,0.597935676574707,86,200,4611,580,200,0,16,42,28,0,0
1280,large_drift,0.9,0.9813175201416016,0.6066165566444397,69,200,4189,457,200,0,32,29,8,0,0
1281,large_drift,0.7,0.9574066996574402,0.613815426826477,121,205,4681,529,205,0,61,42,18,0,0
1282,large_drift,0.8,1.0811731815338135,0.6743767261505127,100,202,4576,536,202,0,16,59,25,0,0
1283,large_drift,0.9,0.9445077180862427,0.7068684101104736,123,200,3979,517,200,0,61,59,3,0,0
1284,large_drift,0.6,0.7631549835205078,0.5935932397842407,96,200,4623,550,200,0,80,13,3,0,0
1285,large_drift,1.0,0.9298527836799622,0.4707006812095642,86,200,3000,267,200,0,48,28,10,0,0
1286,large_drift,0.9,1.022355556488037,0.6740518808364868,127,200,3856,396,200,0,48,69,10,0,0
1287,large_drift,1.0,0.9708929061889648,0.6013373732566833,74,207,4393,447,207,0,16,28,30,0,0
1288,large_drift,0.3,0.9059009552001953,0.6708195805549622,84,202,4070,545,202,0,48,16,20,0,0
1289,large_drift,0.8,0.965325653553009,0.6187520027160645,79,205,4746,584,205,0,30,31,18,0,0
1290,large_drift,1.0,0.8920724987983704,0.37365299463272095,103,201,2945,284,201,0,48,45,10,0,0
1291,large_drift,0.9,1.1605345010757446,0.676740288734436,65,202,4247,477,202,0,16,29,20,0,0
1292,large_drift,0.7,1.002001404762268,0.5977924466133118,80,204,4761,546,204,0,31,31,18,0,0
1293,large_drift,0.6,1.0937107801437378,0.7559224963188171,67,215,4793,688,215,0,16,29,22,0,0
1294,large_drift,1.0,1.0395772457122803,0.5179208517074585,122,200,3934,376,200,0,79,30,13,0,0
1295,large_drift,0.5,0.8883962035179138,0.7087604999542236,65,213,4809,591,213,0,32,24,9,0,0
1296,large_drift,0.7,0.9243733286857605,0.5763129591941833,101,200,4397,444,200,0,32,43,26,0,0
1297,large_drift,0.6,0.8505198359489441,0.6860824227333069,86,213,4575,628,213,0,48,28,10,0,0
1298,large_drift,0.6,0.796194314956665,0.6789696216583252,117,204,4458,523,204,0,64,50,3,0,0
1299,large_drift,1.0,1.0690855979919434,0.847562313079834,60,205,2921,350,205,0,16,29,15,0,0
1300,large_drift,1.0,0.9415333271026611,0.5759115219116211,76,200,4019,357,200,0,42,16,18,0,0
1301,large_drift,1.0,1.1169555187225342,0.285541296005249,68,200,1421,156,200,0,27,26,15,0,0
1302,large_drift,0.5,0.889878511428833,0.7516254782676697,75,204,4719,522,204,0,16,42,17,0,0
1303,large_drift,0.6,0.9507227540016174,0.6414867639541626,55,202,4163,442,202,0,31,14,10,0,0
1304,large_drift,1.0,0.8813090324401855,0.6797229051589966,69,202,2824,304,202,0,32,29,8,0,0
1305,large_drift,0.7,0.9078363180160522,0.7021404504776001,67,202,4366,536,202,0,16,41,10,0,0
1306,large_drift,0.8,0.7756015062332153,0.5632332563400269,71,203,4143,568,203,0,31,15,25,0,0
1307,large_drift,0.5,1.0456154346466064,0.6314249038696289,80,224,4999,555,224,0,32,29,19,0,0
1308,large_drift,1.0,0.8196450471878052,0.5478198528289795,77,203,4298,543,203,0,32,29,16,0,0
1309,large_drift,1.0,1.0014076232910156,0.653224766254425,66,209,3998,551,209,0,16,32,18,0,0
1310,large_drift,0.6,0.9230047464370728,0.6817952394485474,77,200,4429,586,200,0,47,27,3,0,0
1311,large_drift,1.0,0.991714358329773,0.6707789897918701,50,204,3393,439,204,0,16,25,9,0,0
1312,large_drift,0.4,1.0593512058258057,0.7817990779876709,79,207,4560,610,207,0,47,13,19,0,0
1313,large_drift,0.9,0.9537778496742249,0.6585098505020142,52,200,3359,377,200,0,16,28,8,0,0
1314,large_drift,0.5,1.0255534648895264,0.7313001155853271,64,205,4577,613,205,0,15,39,10,0,0
1315,large_drift,1.0,0.938457190990448,0.6954811811447144,101,200,4068,403,200,0,32,66,3,0,0
1316,large_drift,0.8,0.7745160460472107,0.47567611932754517,102,204,4643,451,204,0,48,44,10,0,0
1317,large_drift,1.0,1.0172221660614014,0.629228413105011,88,209,3824,499,209,0,16,62,10,0,0
1318,large_drift,1.0,0.8875928521156311,0.5622177720069885,40,204,3574,474,204,0,16,14,10,0,0
1319,large_drift,0.9,0.7440503835678101,0.5378612875938416,116,200,2463,321,200,0,28,85,3,0,0
1320,large_drift,0.7,0.8841758966445923,0.5085382461547852,59,200,4751,549,200,0,16,16,27,0,0
1321,large_drift,0.9,0.9427314400672913,0.6197613477706909,73,211,4853,537,211,0,32,28,13,0,0
1322,large_drift,0.8,0.8900872468948364,0.634731650352478,88,206,4656,574,206,0,64,14,10,0,0
1323,large_drift,0.3,0.9756870269775391,0.6137905716896057,71,200,4621,504,200,0,31,15,25,0,0
1324,large_drift,0.3,0.9421229362487793,0.7086094617843628,56,204,4846,605,204,0,16,30,10,0,0
1325,large_drift,0.5,0.8414850234985352,0.663765549659729,103,200,4181,491,200,0,78,10,15,0,0
1326,large_drift,0.2,1.0544911623001099,0.6862703561782837,52,207,4670,537,207,0,16,14,22,0,0
1327,large_drift,1.0,0.8551045656204224,0.5083895921707153,103,204,4612,536,204,0,32,46,25,0,0
1328,large_drift,0.7,0.7554721832275391,0.7554721832275391,32,204,4353,549,204,0,16,13,3,0,0
1329,large_drift,0.8,0.8656027913093567,0.5934470295906067,72,200,4011,413,200,0,32,25,15,0,0
1330,large_drift,0.8,0.8681158423423767,0.6527193784713745,48,202,4140,467,202,0,15,25,8,0,0
1331,large_drift,0.6,0.8293273448944092,0.6796983480453491,101,207,4636,569,207,0,32,66,3,0,0
1332,large_drift,0.7,0.8633928298950195,0.6833003759384155,82,203,4736,573,203,0,16,44,22,0,0
1333,large_drift,0.7,0.8490830659866333,0.6440199613571167,66,204,4424,604,204,0,16,30,20,0,0
1334,large_drift,0.5,0.7899510264396667,0.6324025392532349,48,201,4304,573,201,0,16,29,3,0,0
1335,large_drift,1.0,0.8237550854682922,0.5576144456863403,66,200,4186,294,200,0,32,16,18,0,0
1336,large_drift,0.6,0.867302656173706,0.6407272815704346,132,209,4711,558,209,0,47,75,10,0,0
1337,large_drift,0.7,0.8865493535995483,0.6405419111251831,89,203,4762,536,203,0,16,47,26,0,0
1338,large_drift,1.0,0.8751455545425415,0.6221438050270081,67,202,3566,373,202,0,16,43,8,0,0
1339,large_drift,0.5,0.9199751615524292,0.6891305446624756,66,201,4241,531,201,0,32,25,9,0,0
1340,large_drift,0.7,0.6854125261306763,0.5046814680099487,80,204,4417,560,204,0,64,13,3,0,0
1341,large_drift,0.4,0.8655493855476379,0.6733725070953369,103,218,4998,565,218,0,48,32,23,0,0
1342,large_drift,1.0,1.1161563396453857,0.7280898094177246,50,201,3001,400,201,0,16,25,9,0,0
1343,large_drift,0.4,0.8707110285758972,0.6549022197723389,102,202,4362,582,202,0,29,70,3,0,0
1344,large_drift,1.0,1.1290991306304932,0.5747277140617371,98,200,2916,286,200,0,47,27,24,0,0
1345,large_drift,1.0,0.8203980922698975,0.491349995136261,101,200,3637,429,200,0,45,46,10,0,0
1346,large_drift,0.6,0.7791904211044312,0.6550295352935791,76,201,4701,554,201,0,48,15,13,0,0
1347,large_drift,0.7,0.9409968852996826,0.6905257701873779,85,203,4508,616,203,0,16,42,27,0,0
1348,large_drift,0.9,0.8710899353027344,0.5313488841056824,111,201,4475,474,201,0,64,29,18,0,0
1349,large_drift,0.9,1.0293378829956055,0.6329135894775391,80,218,5155,613,218,0,29,29,22,0,0
1350,large_drift,0.9,1.0773195028305054,0.537446141242981,118,203,4289,557,203,0,64,39,15,0,0
1351,large_drift,0.6,0.8894302248954773,0.6644903421401978,134,208,4761,603,208,0,32,99,3,0,0
1352,large_drift,0.8,0.8897787928581238,0.7728231549263,40,202,3933,428,202,0,16,14,10,0,0
1353,large_drift,0.9,0.9708759188652039,0.6462715864181519,96,202,4105,509,202,0,48,16,32,0,0
1354,large_drift,1.0,0.9637495875358582,0.7162799835205078,77,209,3645,415,209,0,32,36,9,0,0
1355,large_drift,1.0,0.7781066298484802,0.5672051310539246,54,202,4064,500,202,0,16,28,10,0,0
1356,large_drift,0.9,0.8920164108276367,0.4053475260734558,84,200,4030,358,200,0,32,28,24,0,0
1357,large_drift,0.8,1.0464457273483276,0.7286850214004517,48,219,5058,586,219,0,16,16,16,0,0
1358,large_drift,0.6,0.7567936182022095,0.6760112047195435,54,210,4743,581,210,0,16,28,10,0,0
1359,large_drift,0.7,0.9361720085144043,0.6199439167976379,95,208,4705,559,208,0,47,32,16,0,0
1360,large_drift,0.7,0.8871546387672424,0.6470615267753601,64,201,4488,541,201,0,30,16,18,0,0
1361,large_drift,0.8,0.9431450963020325,0.6397550106048584,93,200,4380,525,200,0,48,30,15,0,0
1362,large_drift,0.8,0.9066717624664307,0.6167894601821899,134,215,4730,546,215,0,77,32,25,0,0
1363,large_drift,0.7,1.0227330923080444,0.6900867223739624,75,202,4505,557,202,0,32,16,27,0,0
1364,large_drift,0.6,0.9554616212844849,0.7085786461830139,44,205,4768,575,205,0,16,15,13,0,0
1365,large_drift,1.0,0.9583907127380371,0.7482696771621704,109,213,4289,649,213,0,74,13,22,0,0
1366,large_drift,1.0,0.9355102181434631,0.6541604399681091,82,209,2303,369,209,0,48,16,18,0,0
1367,large_drift,0.7,0.8286011815071106,0.5824400782585144,67,207,4717,519,207,0,32,25,10,0,0
1368,large_drift,0.9,0.9610036015510559,0.4517723321914673,88,202,3931,404,202,0,48,25,15,0,0
1369,large_drift,1.0,0.9711448550224304,0.5105341672897339,110,201,2796,327,201,0,48,53,9,0,0
1370,large_drift,0.9,0.8584000468254089,0.5036430358886719,86,200,2699,321,200,0,26,30,30,0,0
1371,large_drift,0.6,1.0531665086746216,0.7870992422103882,47,224,4922,636,224,0,16,22,9,0,0
1372,large_drift,1.0,0.9167627096176147,0.5154708623886108,105,200,3101,259,200,0,48,30,27,0,0
1373,large_drift,0.9,1.0912846326828003,0.6582240462303162,66,206,4353,391,206,0,16,32,18,0,0
1374,large_drift,0.8,0.8336894512176514,0.6577364206314087,73,203,4773,563,203,0,32,32,9,0,0
1375,large_drift,0.7,1.0210038423538208,0.7102601528167725,92,202,4492,481,202,0,16,58,18,0,0
1376,large_drift,0.9,0.9908536672592163,0.604662299156189,67,203,4618,544,203,0,16,43,8,0,0
1377,large_drift,1.0,0.9344694018363953,0.615792989730835,105,201,3452,326,201,0,48,32,25,0,0
1378,large_drift,0.9,0.7965505719184875,0.4680861830711365,120,200,4035,444,200,0,64,31,25,0,0
1379,large_drift,0.6,0.9168989658355713,0.6556195020675659,76,214,4940,569,214,0,29,29,18,0,0
1380,large_drift,0.8,0.8999344110488892,0.6152248978614807,64,200,4289,504,200,0,32,16,16,0,0
1381,large_drift,0.5,1.026832938194275,0.7353758811950684,64,221,4699,703,221,0,16,30,18,0,0
1382,large_drift,1.0,0.8876436352729797,0.6709524393081665,71,207,3831,541,207,0,16,30,25,0,0
1383,large_drift,1.0,1.0358085632324219,0.6997978091239929,99,210,4172,409,210,0,48,41,10,0,0
1384,large_drift,0.5,0.9117130637168884,0.7216131687164307,81,202,4515,567,202,0,16,30,35,0,0
1385,large_drift,1.0,0.9347139596939087,0.49923527240753174,56,200,3528,393,200,0,16,30,10,0,0
1386,large_drift,0.9,0.9007033109664917,0.6244019269943237,45,211,4375,591,211,0,15,27,3,0,0
1387,large_drift,0.7,1.148845911026001,0.7248139381408691,95,202,4326,563,202,0,16,59,20,0,0
1388,large_drift,0.6,1.056303858757019,0.631985068321228,59,204,4458,476,204,0,16,16,27,0,0
1389,large_drift,1.0,0.9859962463378906,0.5347824096679688,87,200,3718,408,200,0,48,14,25,0,0
1390,large_drift,0.7,0.9962427020072937,0.6865557432174683,89,204,4501,555,204,0,64,10,15,0,0
1391,large_drift,0.6,0.9625614285469055,0.7329410314559937,65,201,4480,556,201,0,32,24,9,0,0
1392,large_drift,0.7,0.975056529045105,0.6863576173782349,82,203,4469,520,203,0,32,32,18,0,0
1393,large_drift,1.0,0.923148512840271,0.543710470199585,73,201,3690,372,201,0,16,42,15,0,0
1394,large_drift,0.6,0.9341052174568176,0.783935010433197,85,211,4671,630,211,0,30,47,8,0,0
1395,large_drift,1.0,0.8970617055892944,0.77396160364151,57,207,2239,287,207,0,32,10,15,0,0
1396,large_drift,0.7,1.0273650884628296,0.5485329627990723,50,200,4554,550,200,0,16,16,18,0,0
1397,large_drift,0.6,0.9187886714935303,0.7257416248321533,58,204,4742,555,204,0,15,40,3,0,0
1398,large_drift,0.5,1.079840064048767,0.7182937860488892,80,202,4619,609,202,0,32,30,18,0,0
1399,large_drift,1.0,1.010231614112854,0.5752444863319397,101,203,3753,402,203,0,48,30,23,0,0
1400,large_drift,1.0,1.154296636581421,0.5827598571777344,64,201,3441,318,201,0,15,31,18,0,0
1401,large_drift,0.7,0.8462921977043152,0.6801791191101074,94,203,4424,567,203,0,48,43,3,0,0
1402,large_drift,1.0,0.9043190479278564,0.534921407699585,69,202,4297,480,202,0,32,14,23,0,0
1403,large_drift,1.0,0.7855812907218933,0.7131761908531189,58,203,2977,312,203,0,29,26,3,0,0
1404,large_drift,0.8,0.9678507447242737,0.6602914333343506,64,205,4773,593,205,0,46,9,9,0,0
1405,large_drift,1.0,0.8987147808074951,0.5580413341522217,86,201,4535,414,201,0,16,46,24,0,0
1406,large_drift,0.7,0.8788487911224365,0.716978132724762,64,205,4723,590,205,0,32,29,3,0,0
1407,large_drift,0.7,0.9056797027587891,0.6227151155471802,85,205,4434,485,205,0,48,16,21,0,0
1408,large_drift,0.9,0.8784613013267517,0.7882039546966553,46,201,3857,564,201,0,16,14,16,0,0
1409,large_drift,1.0,0.8293883204460144,0.5775308609008789,41,204,4152,353,204,0,16,10,15,0,0
1410,large_drift,0.6,1.1114602088928223,0.7399947643280029,56,203,4634,589,203,0,16,30,10,0,0
1411,large_drift,0.7,0.9525690674781799,0.6515594720840454,101,203,4743,606,203,0,48,43,10,0,0
1412,large_drift,0.9,0.907119870185852,0.5469100475311279,84,205,4638,485,205,0,16,58,10,0,0
1413,large_drift,0.8,0.9668979048728943,0.6647816896438599,79,201,4561,539,201,0,16,53,10,0,0
1414,large_drift,0.9,0.9876446723937988,0.6950631141662598,97,207,4433,528,207,0,32,47,18,0,0
1415,large_drift,0.9,0.9436572194099426,0.8080796003341675,80,204,3737,457,204,0,47,24,9,0,0
1416,large_drift,0.7,0.8781949281692505,0.5612388849258423,62,201,4519,535,201,0,16,30,16,0,0
1417,large_drift,1.0,0.8010482788085938,0.5816931128501892,104,203,3030,379,203,0,16,73,15,0,0
1418,large_drift,1.0,0.9721285104751587,0.642130970954895,71,211,3623,559,211,0,31,30,10,0,0
1419,large_drift,0.6,0.7953419089317322,0.6467794179916382,74,200,3701,522,200,0,45,26,3,0,0
1420,large_drift,0.8,0.8602850437164307,0.558119535446167,66,200,3882,449,200,0,16,41,9,0,0
1421,large_drift,1.0,1.1628938913345337,0.7992047071456909,85,205,2430,392,205,0,48,13,24,0,0
1422,large_drift,0.9,0.9535243511199951,0.6071678400039673,59,211,4479,646,211,0,16,15,28,0,0
1423,large_drift,1.0,0.8100104331970215,0.5485924482345581,103,200,4272,500,200,0,48,30,25,0,0
1424,large_drift,0.9,0.8645874261856079,0.47349804639816284,160,200,4627,545,200,0,48,94,18,0,0
1425,large_drift,1.0,0.8742692470550537,0.5893428325653076,65,202,3792,422,202,0,16,29,20,0,0
1426,large_drift,0.8,0.9246819019317627,0.6567336916923523,56,204,4690,590,204,0,15,28,13,0,0
1427,large_drift,0.6,0.9376397132873535,0.6141371130943298,78,204,4555,539,204,0,16,28,34,0,0
1428,large_drift,0.5,0.979924201965332,0.6372350454330444,79,201,4670,591,201,0,16,31,32,0,0
1429,large_drift,0.7,0.9784070253372192,0.5803079605102539,68,200,4746,562,200,0,16,26,26,0,0
1430,large_drift,1.0,0.8058301210403442,0.6175491809844971,60,205,4200,510,205,0,16,41,3,0,0
1431,large_drift,1.0,0.9827076196670532,0.5424032211303711,107,201,3142,324,201,0,61,28,18,0,0
1432,large_drift,1.0,0.8266677856445312,0.5861635208129883,106,203,4332,496,203,0,16,75,15,0,0
1433,large_drift,0.8,0.9568399786949158,0.7273064851760864,40,201,4725,658,201,0,16,14,10,0,0
1434,large_drift,1.0,0.7223157286643982,0.39273762702941895,97,201,4083,369,201,0,48,31,18,0,0
1435,large_drift,0.9,0.8265127539634705,0.6166232824325562,96,204,3773,550,204,0,16,55,25,0,0
1436,large_drift,0.9,0.881783664226532,0.6371691823005676,76,201,4292,469,201,0,30,38,8,0,0
1437,large_drift,0.6,0.8099350929260254,0.7450560331344604,36,201,4670,547,201,0,15,13,8,0,0
1438,large_drift,0.9,1.078301191329956,0.7008479833602905,50,203,3742,536,203,0,16,13,21,0,0
1439,large_drift,0.9,0.8273699283599854,0.5608441233634949,125,200,3993,445,200,0,80,30,15,0,0
1440,large_drift,0.7,0.9379590153694153,0.6671496033668518,54,200,4478,551,200,0,15,14,25,0,0
1441,large_drift,1.0,0.9880695343017578,0.6644724607467651,87,200,4174,399,200,0,46,15,26,0,0
1442,large_drift,1.0,0.9068511128425598,0.4347689747810364,71,200,2719,353,200,0,32,14,25,0,0
1443,large_drift,0.7,0.9949361681938171,0.778199315071106,54,208,4565,537,208,0,15,13,26,0,0
1444,large_drift,0.8,0.930432915687561,0.612323522567749,88,202,4529,515,202,0,32,46,10,0,0
1445,large_drift,1.0,1.0968749523162842,0.7408552169799805,69,208,2914,406,208,0,32,14,23,0,0
1446,large_drift,0.9,1.0161651372909546,0.6769887208938599,55,205,4058,429,205,0,16,15,24,0,0
1447,large_drift,0.9,0.7678765058517456,0.5199081301689148,87,200,3312,437,200,0,32,30,25,0,0
1448,large_drift,0.5,0.9985830783843994,0.8034895658493042,49,207,4517,582,207,0,16,24,9,0,0
1449,large_drift,1.0,0.9048352241516113,0.6236714124679565,81,201,2532,284,201,0,43,35,3,0,0
1450,large_drift,0.7,0.8944185376167297,0.6350932121276855,73,202,4333,478,202,0,48,10,15,0,0
1451,large_drift,1.0,0.9281684160232544,0.6415277719497681,73,207,4453,584,207,0,32,26,15,0,0
1452,large_drift,1.0,0.8342241048812866,0.5093069076538086,97,200,3963,409,200,0,32,45,20,0,0
1453,large_drift,0.8,0.8437133431434631,0.5883618593215942,50,203,4354,555,203,0,16,16,18,0,0
1454,large_drift,0.7,0.9774714708328247,0.6100074052810669,61,200,4382,540,200,0,16,30,15,0,0
1455,large_drift,0.9,0.9018555879592896,0.7189838886260986,40,207,4793,577,207,0,16,14,10,0,0
1456,large_drift,0.7,1.0328352451324463,0.6594964265823364,50,205,4724,536,205,0,16,16,18,0,0
1457,large_drift,1.0,0.9587633609771729,0.6644936800003052,81,200,2768,324,200,0,32,40,9,0,0
1458,large_drift,0.8,0.852182149887085,0.6628247499465942,71,206,3918,440,206,0,16,52,3,0,0
1459,large_drift,0.9,0.8084617853164673,0.5402913093566895,82,200,4182,433,200,0,48,16,18,0,0
1460,large_drift,1.0,1.036773443222046,0.7248952388763428,64,206,3833,462,206,0,31,15,18,0,0
1461,large_drift,1.0,0.976385772228241,0.7053494453430176,60,205,3777,496,205,0,32,15,13,0,0
1462,large_drift,0.8,0.8802882432937622,0.6355245113372803,70,201,4515,584,201,0,16,44,10,0,0
1463,large_drift,0.8,0.7905296087265015,0.6597787141799927,66,202,4647,573,202,0,32,16,18,0,0
1464,large_drift,0.4,0.9241993427276611,0.7259609699249268,36,206,4567,565,206,0,15,13,8,0,0
1465,large_drift,0.6,1.0006284713745117,0.6120758652687073,66,209,4648,535,209,0,32,16,18,0,0
1466,large_drift,0.9,0.9206182956695557,0.5141302347183228,71,203,4043,493,203,0,16,45,10,0,0
1467,large_drift,1.0,0.7813234329223633,0.4664681553840637,127,200,3684,369,200,0,64,60,3,0,0
1468,large_drift,0.9,1.0144984722137451,0.4549458622932434,91,201,4021,391,201,0,48,15,28,0,0
1469,large_drift,1.0,0.8255780935287476,0.6578065156936646,54,205,3851,457,205,0,16,35,3,0,0
1470,large_drift,0.9,1.080523133277893,0.5349098443984985,79,200,4078,430,200,0,16,45,18,0,0
1471,large_drift,1.0,0.8960473537445068,0.5435588359832764,73,200,4144,480,200,0,16,29,28,0,0
1472,large_drift,0.9,0.9056437015533447,0.6658146381378174,75,200,4074,499,200,0,32,40,3,0,0
1473,large_drift,0.9,1.0070501565933228,0.6349461674690247,92,201,3895,394,201,0,32,51,9,0,0
1474,large_drift,1.0,0.8846427798271179,0.5514417290687561,97,211,4728,531,211,0,48,39,10,0,0
1475,large_drift,0.6,0.7454210519790649,0.5498049855232239,64,202,4527,572,202,0,48,13,3,0,0
1476,large_drift,1.0,1.0157655477523804,0.419569730758667,72,200,3174,330,200,0,9,45,18,0,0
1477,large_drift,0.5,0.883456826210022,0.615838885307312,144,201,4618,608,201,0,48,71,25,0,0
1478,large_drift,1.0,0.8472896218299866,0.36795443296432495,90,200,3286,413,200,0,28,44,18,0,0
1479,large_drift,0.6,1.0853734016418457,0.7002424001693726,75,204,4832,593,204,0,16,31,28,0,0
1480,large_drift,0.9,0.9391859769821167,0.5955699682235718,68,200,3721,459,200,0,32,14,22,0,0
1481,large_drift,1.0,0.8653589487075806,0.6516509652137756,97,202,4190,487,202,0,46,28,23,0,0
1482,large_drift,1.0,1.0448704957962036,0.7066382169723511,77,200,3551,321,200,0,47,22,8,0,0
1483,large_drift,0.8,0.8742247819900513,0.6138774752616882,92,202,4666,621,202,0,16,73,3,0,0
1484,large_drift,0.9,0.8264164924621582,0.5883437991142273,70,204,4300,510,204,0,16,31,23,0,0
1485,large_drift,0.5,0.8875500559806824,0.7223306894302368,44,203,4643,616,203,0,16,15,13,0,0
1486,large_drift,0.5,0.8324974775314331,0.7255904674530029,74,210,4614,622,210,0,30,41,3,0,0
1487,large_drift,0.7,0.8339946269989014,0.7356858253479004,56,215,4948,580,215,0,32,14,10,0,0
1488,large_drift,0.7,0.9869963526725769,0.6399785280227661,66,219,4848,640,219,0,16,32,18,0,0
1489,large_drift,1.0,0.9480372667312622,0.6161765456199646,72,203,3995,444,203,0,16,46,10,0,0
1490,large_drift,1.0,0.9169352054595947,0.59309983253479,72,208,4005,596,208,0,16,27,29,0,0
1491,large_drift,0.8,0.8958958387374878,0.5781556367874146,101,200,4519,504,200,0,45,46,10,0,0
1492,large_drift,1.0,0.8637959957122803,0.5532017946243286,90,201,3612,314,201,0,48,16,26,0,0
1493,large_drift,1.0,1.037016749382019,0.8699719905853271,59,201,3012,306,201,0,31,25,3,0,0
1494,large_drift,1.0,1.0085707902908325,0.5288710594177246,81,200,2395,279,200,0,41,30,10,0,0
1495,large_drift,0.7,0.9050427079200745,0.6382829546928406,52,215,4970,617,215,0,16,16,20,0,0
1496,large_drift,0.6,0.9816270470619202,0.5776962637901306,69,214,4536,622,214,0,16,43,10,0,0
1497,large_drift,0.8,0.8120996952056885,0.6298648715019226,84,202,4798,556,202,0,48,26,10,0,0
1498,large_drift,1.0,0.896195650100708,0.6416018009185791,80,204,4335,609,204,0,16,54,10,0,0
1499,large_drift,0.9,0.8703615069389343,0.6819158792495728,41,211,4586,620,211,0,16,10,15,0,0
1500,large_drift,0.9,0.9600661993026733,0.6268583536148071,48,209,4441,557,209,0,16,16,16,0,0
1501,large_drift,0.9,0.8219006061553955,0.5540063381195068,76,201,4273,472,201,0,16,57,3,0,0
1502,large_drift,0.8,0.9190152883529663,0.5771660804748535,114,200,4224,479,200,0,48,48,18,0,0
1503,large_drift,0.9,1.00951087474823,0.6728153228759766,76,212,4735,566,212,0,32,14,30,0,0
1504,large_drift,0.7,0.9416347146034241,0.4977911710739136,82,214,4874,580,214,0,48,16,18,0,0
1505,large_drift,0.9,0.8039380311965942,0.6626174449920654,109,200,4263,513,200,0,47,59,3,0,0
1506,large_drift,1.0,0.8785209655761719,0.7652831673622131,64,203,2922,449,203,0,16,40,8,0,0
1507,large_drift,0.5,0.8845921754837036,0.6071388721466064,67,204,4752,555,204,0,16,29,22,0,0
1508,large_drift,1.0,1.0366121530532837,0.6011772155761719,66,201,4581,492,201,0,32,25,9,0,0
1509,large_drift,1.0,0.9690126180648804,0.6354613304138184,98,200,2907,292,200,0,32,48,18,0,0
1510,large_drift,1.0,1.05548095703125,0.5737646818161011,99,200,4320,461,200,0,48,32,19,0,0
1511,large_drift,0.9,0.8429962992668152,0.6411717534065247,75,203,4586,567,203,0,16,56,3,0,0
1512,large_drift,1.0,0.9633440971374512,0.6875256299972534,78,202,3631,333,202,0,32,15,31,0,0
1513,large_drift,0.9,0.9139705300331116,0.6129734516143799,83,201,3841,460,201,0,16,42,25,0,0
1514,large_drift,0.8,0.9694882035255432,0.5626394152641296,66,200,3982,532,200,0,32,16,18,0,0
1515,large_drift,1.0,0.8073691129684448,0.5896599888801575,50,201,4592,542,201,0,16,16,18,0,0
1516,large_drift,0.7,0.9972202777862549,0.7650402188301086,69,205,4554,613,205,0,15,38,16,0,0
1517,large_drift,0.5,0.7774273753166199,0.6494141221046448,68,212,4793,566,212,0,32,16,20,0,0
1518,large_drift,0.7,0.9965193867683411,0.5567024350166321,81,207,4605,474,207,0,32,41,8,0,0
1519,large_drift,1.0,0.9320900440216064,0.5752566456794739,79,203,4552,536,203,0,16,54,9,0,0
1520,large_drift,0.9,0.9144936203956604,0.6673487424850464,84,202,4179,548,202,0,48,16,20,0,0
1521,large_drift,0.3,0.9705086946487427,0.6363503932952881,76,205,4702,598,205,0,12,44,20,0,0
1522,large_drift,0.8,1.085515022277832,0.5792717933654785,71,206,3990,618,206,0,29,16,26,0,0
1523,large_drift,0.7,0.8667006492614746,0.6874630451202393,62,204,4766,576,204,0,28,25,9,0,0
1524,large_drift,1.0,0.9856227040290833,0.7393962144851685,102,202,2656,312,202,0,61,28,13,0,0
1525,large_drift,0.7,0.9952390789985657,0.6355670690536499,124,206,4724,513,206,0,32,74,18,0,0
1526,large_drift,1.0,0.9281734228134155,0.7569648027420044,104,202,3546,398,202,0,16,56,32,0,0
1527,large_drift,1.0,0.9831196069717407,0.417812705039978,118,201,2891,252,201,0,76,16,26,0,0
1528,large_drift,1.0,0.8901414275169373,0.6954531669616699,36,203,4224,478,203,0,15,13,8,0,0
1529,large_drift,1.0,0.9909747838973999,0.6313467025756836,50,203,4066,532,203,0,16,16,18,0,0
1530,large_drift,1.0,0.8808820247650146,0.554280698299408,77,205,3982,455,205,0,14,42,21,0,0
1531,large_drift,1.0,0.781995415687561,0.5524946451187134,53,205,3855,492,205,0,16,29,8,0,0
1532,large_drift,0.8,0.9488778710365295,0.7251342535018921,86,202,4443,459,202,0,16,60,10,0,0
1533,large_drift,0.4,0.867963969707489,0.5798858404159546,108,201,4775,580,201,0,62,38,8,0,0
1534,large_drift,0.8,0.9103811383247375,0.5867263078689575,69,209,4401,614,209,0,16,45,8,0,0
1535,large_drift,1.0,0.9285960793495178,0.4512155055999756,98,200,3945,374,200,0,32,48,18,0,0
1536,large_drift,0.9,0.7529944777488708,0.45928603410720825,110,203,4425,400,203,0,32,75,3,0,0
1537,large_drift,1.0,0.9620659947395325,0.6093240976333618,72,201,3561,347,201,0,16,46,10,0,0
1538,large_drift,0.9,0.9668838381767273,0.6260754466056824,84,206,4806,593,206,0,32,42,10,0,0
1539,large_drift,0.6,0.9370884895324707,0.7078440189361572,65,226,4917,578,226,0,31,16,18,0,0
1540,large_drift,1.0,1.0164213180541992,0.7241365909576416,79,200,3574,404,200,0,32,29,18,0,0
1541,large_drift,1.0,0.9266021847724915,0.567341685295105,56,202,4248,420,202,0,16,30,10,0,0
1542,large_drift,1.0,0.8640296459197998,0.6413182616233826,66,202,4541,544,202,0,16,32,18,0,0
1543,large_drift,1.0,0.8281198740005493,0.5864958763122559,108,204,3717,420,204,0,15,83,10,0,0
1544,large_drift,1.0,0.9142999053001404,0.5409055948257446,84,202,3772,521,202,0,31,43,10,0,0
1545,large_drift,0.4,0.9968104362487793,0.6981818675994873,85,205,4575,636,205,0,32,43,10,0,0
1546,large_drift,0.6,0.9094179272651672,0.6534981727600098,36,204,3832,544,204,0,15,13,8,0,0
1547,large_drift,1.0,1.0887818336486816,0.7118205428123474,64,215,3424,623,215,0,16,25,23,0,0
1548,large_drift,1.0,0.9352830052375793,0.7106279134750366,64,205,3509,452,205,0,32,16,16,0,0
1549,large_drift,1.0,0.9910886287689209,0.5617347955703735,124,201,3278,294,201,0,48,55,21,0,0
1550,large_drift,1.0,0.9269505739212036,0.5041576623916626,63,200,2444,244,200,0,30,25,8,0,0
1551,large_drift,1.0,0.9287285804748535,0.4261627197265625,84,200,4576,516,200,0,32,29,23,0,0
1552,large_drift,1.0,0.9084402322769165,0.4145444631576538,97,200,3593,285,200,0,44,28,25,0,0
1553,large_drift,0.6,1.0368728637695312,0.6414514183998108,89,200,4534,475,200,0,32,42,15,0,0
1554,large_drift,0.9,0.8976852297782898,0.6425661444664001,40,202,4312,481,202,0,16,14,10,0,0
1555,large_drift,1.0,0.8320207595825195,0.5898549556732178,84,213,4783,530,213,0,48,16,20,0,0
1556,large_drift,0.7,0.8922086358070374,0.5032998919487,56,203,4563,538,203,0,32,14,10,0,0
1557,large_drift,0.9,0.8577755689620972,0.6388105750083923,82,203,4177,498,203,0,32,32,18,0,0
1558,large_drift,0.7,1.0722970962524414,0.6551092863082886,75,210,4554,569,210,0,15,44,16,0,0
1559,large_drift,0.9,0.7870235443115234,0.465851366519928,104,201,4345,434,201,0,48,31,25,0,0
1560,large_drift,1.0,0.8848788738250732,0.6587430238723755,58,206,3267,409,206,0,16,27,15,0,0
1561,large_drift,1.0,0.9961613416671753,0.5901051759719849,97,200,3263,397,200,0,64,25,8,0,0
1562,large_drift,0.5,0.8068831562995911,0.5861989855766296,61,207,4937,680,207,0,16,16,29,0,0
1563,large_drift,0.9,0.9279931783676147,0.6457103490829468,69,203,4433,482,203,0,32,15,22,0,0
1564,large_drift,0.6,0.9145457744598389,0.6783433556556702,89,203,4611,622,203,0,16,47,26,0,0
1565,large_drift,1.0,0.9481476545333862,0.5771471261978149,110,200,3725,421,200,0,64,26,20,0,0
1566,large_drift,1.0,1.1006263494491577,0.7382650375366211,48,205,3625,565,205,0,16,16,16,0,0
1567,large_drift,1.0,0.9150496125221252,0.505107045173645,66,200,4671,400,200,0,16,28,22,0,0
1568,large_drift,1.0,1.1951420307159424,0.667877197265625,48,205,3137,437,205,0,16,16,16,0,0
1569,large_drift,1.0,0.9556600451469421,0.6435539722442627,77,203,3971,485,203,0,14,41,22,0,0
1570,large_drift,0.8,0.9316127300262451,0.6209080219268799,63,201,4079,420,201,0,32,28,3,0,0
1571,large_drift,1.0,0.9748192429542542,0.7126835584640503,90,206,2541,450,206,0,16,48,26,0,0
1572,large_drift,0.7,0.8522525429725647,0.5399776101112366,104,205,4515,515,205,0,64,16,24,0,0
1573,large_drift,0.9,0.8749275803565979,0.5837349891662598,72,209,5034,570,209,0,16,46,10,0,0
1574,large_drift,0.8,0.7540454268455505,0.5068427920341492,88,201,4543,524,201,0,48,30,10,0,0
1575,large_drift,0.6,0.9311031103134155,0.6320380568504333,91,201,3901,518,201,0,29,44,18,0,0
1576,large_drift,0.9,0.9303362965583801,0.5230861902236938,89,200,3830,383,200,0,48,26,15,0,0
1577,large_drift,0.6,0.8940937519073486,0.6539620757102966,85,204,4495,481,204,0,16,44,25,0,0
1578,large_drift,0.8,0.9589428901672363,0.8325999975204468,56,202,4534,494,202,0,16,30,10,0,0
1579,large_drift,0.5,0.748033344745636,0.6465142965316772,63,202,4900,633,202,0,32,28,3,0,0
1580,large_drift,0.8,0.929009199142456,0.6155620813369751,99,200,3788,405,200,0,32,56,11,0,0
1581,large_drift,0.9,0.8046655654907227,0.5164945721626282,56,200,4277,407,200,0,16,30,10,0,0
1582,large_drift,0.4,0.9029690623283386,0.6374951004981995,98,217,5086,634,217,0,45,24,29,0,0
1583,large_drift,0.8,0.839584469795227,0.5306260585784912,63,202,4698,585,202,0,16,29,18,0,0
1584,large_drift,0.5,1.0495957136154175,0.7085985541343689,56,223,4854,530,223,0,14,29,13,0,0
1585,large_drift,0.6,0.9309659004211426,0.7064945101737976,57,204,4801,545,204,0,16,28,13,0,0
1586,large_drift,0.9,0.799629807472229,0.39766329526901245,96,200,2933,290,200,0,60,16,20,0,0
1587,large_drift,1.0,0.8961440920829773,0.5425277948379517,57,200,3569,302,200,0,32,10,15,0,0
1588,large_drift,0.9,0.8898267149925232,0.5914797782897949,66,206,4672,583,206,0,32,16,18,0,0
1589,large_drift,1.0,0.9962419867515564,0.7711058259010315,69,205,4473,525,205,0,31,28,10,0,0
1590,large_drift,1.0,0.9108242988586426,0.7566293478012085,65,206,3098,399,206,0,16,31,18,0,0
1591,large_drift,0.6,0.7280604839324951,0.5964593887329102,47,202,4621,558,202,0,16,28,3,0,0
1592,large_drift,1.0,0.8562431335449219,0.5246685743331909,76,201,3588,325,201,0,30,28,18,0,0
1593,large_drift,0.4,1.0120786428451538,0.584913432598114,68,201,4874,509,201,0,32,16,20,0,0
1594,large_drift,0.7,0.952982485294342,0.5884164571762085,92,209,4765,519,209,0,32,45,15,0,0
1595,large_drift,1.0,0.7885860800743103,0.5710692405700684,96,201,3500,504,201,0,32,46,18,0,0
1596,large_drift,0.6,1.0502914190292358,0.8515689373016357,61,216,4042,617,216,0,16,36,9,0,0
1597,large_drift,0.9,0.9580801129341125,0.7322409152984619,72,202,4499,575,202,0,48,14,10,0,0
1598,large_drift,0.9,0.8931751847267151,0.7987123131752014,43,204,4089,471,204,0,13,13,17,0,0
1599,large_drift,1.0,0.8830670714378357,0.5187471508979797,63,200,2955,291,200,0,47,13,3,0,0
1600,large_drift,0.9,1.0187326669692993,0.6719528436660767,93,200,4397,551,200,0,48,30,15,0,0
1601,large_drift,0.9,1.0820788145065308,0.6586983799934387,85,201,4574,630,201,0,32,29,24,0,0
1602,large_drift,0.5,0.9700280427932739,0.7745689153671265,115,227,5276,681,227,0,16,77,22,0,0
1603,large_drift,0.8,0.7697559595108032,0.6428098678588867,55,208,4482,573,208,0,31,14,10,0,0
1604,large_drift,0.4,0.96347576379776,0.8338475227355957,45,212,3941,558,212,0,16,14,15,0,0
1605,large_drift,1.0,0.7957600951194763,0.6157972812652588,58,200,4094,430,200,0,16,39,3,0,0
1606,large_drift,0.8,0.8438888788223267,0.5409451723098755,71,200,3918,396,200,0,32,14,25,0,0
1607,large_drift,0.9,0.7553622126579285,0.5040466785430908,81,200,4067,424,200,0,47,16,18,0,0
1608,large_drift,1.0,0.962821364402771,0.6885737180709839,72,204,3148,392,204,0,16,32,24,0,0
1609,large_drift,0.8,0.8943407535552979,0.5306151509284973,133,201,4534,443,201,0,29,79,25,0,0
1610,large_drift,0.6,0.7836455702781677,0.6868423223495483,52,208,4303,543,208,0,31,13,8,0,0
1611,large_drift,1.0,1.0048353672027588,0.38796669244766235,72,200,3524,363,200,0,16,46,10,0,0
1612,large_drift,0.9,0.8945662975311279,0.6552596092224121,57,221,4837,657,221,0,30,14,13,0,0
1613,large_drift,1.0,0.9003404378890991,0.6644104719161987,40,201,4182,503,201,0,16,14,10,0,0
1614,large_drift,0.9,0.9456209540367126,0.7491472959518433,72,209,4541,528,209,0,16,46,10,0,0
1615,large_drift,0.5,1.1011565923690796,0.7875568866729736,88,210,4588,596,210,0,16,62,10,0,0
1616,large_drift,0.6,1.1372851133346558,0.6913080215454102,83,201,4255,521,201,0,15,60,8,0,0
1617,large_drift,0.5,0.8202373385429382,0.7404518127441406,42,204,4491,601,204,0,13,26,3,0,0
1618,large_drift,1.0,0.8641936779022217,0.7424155473709106,55,204,3564,391,204,0,12,40,3,0,0
1619,large_drift,0.9,0.9584887623786926,0.6048048138618469,111,202,3850,364,202,0,16,85,10,0,0
1620,large_drift,0.8,1.0270274877548218,0.5719665288925171,89,200,4100,456,200,0,47,13,29,0,0
1621,large_drift,0.5,0.828570544719696,0.7105932235717773,70,202,4573,562,202,0,16,44,10,0,0
1622,large_drift,0.3,0.9822825789451599,0.7010558247566223,51,202,4602,591,202,0,13,23,15,0,0
1623,large_drift,0.8,0.7713006734848022,0.638338565826416,48,203,3729,439,203,0,32,13,3,0,0
1624,large_drift,0.7,0.9354010224342346,0.667273759841919,69,208,4529,531,208,0,16,32,21,0,0
1625,large_drift,0.9,0.9583737254142761,0.6076920032501221,75,201,4421,540,201,0,16,31,28,0,0
1626,large_drift,1.0,0.9498380422592163,0.6886643767356873,48,201,3670,409,201,0,16,16,16,0,0
1627,large_drift,1.0,1.002299189567566,0.6457237005233765,62,201,3692,361,201,0,16,12,34,0,0
1628,large_drift,0.8,0.8255357146263123,0.5932962894439697,69,201,4349,500,201,0,28,26,15,0,0
1629,large_drift,1.0,0.9010979533195496,0.6028291583061218,92,200,3986,436,200,0,32,42,18,0,0
1630,large_drift,0.7,0.8735973834991455,0.6171692609786987,136,201,4562,480,201,0,80,31,25,0,0
1631,large_drift,0.7,0.8588852286338806,0.6308385133743286,71,203,4330,535,203,0,32,24,15,0,0
1632,large_drift,0.7,0.8834766149520874,0.622717559337616,107,214,4413,665,214,0,47,31,29,0,0
1633,large_drift,0.7,1.004338026046753,0.5457078218460083,100,200,4394,457,200,0,16,62,22,0,0
1634,large_drift,0.6,0.8533012270927429,0.6719573736190796,49,202,4675,520,202,0,15,24,10,0,0
1635,large_drift,0.6,1.0865154266357422,0.6047677993774414,111,210,4744,576,210,0,48,47,16,0,0
1636,large_drift,0.8,0.8550649881362915,0.6829317808151245,58,203,4553,564,203,0,16,27,15,0,0
1637,large_drift,0.7,0.9960013031959534,0.6726155281066895,58,203,4077,567,203,0,27,13,18,0,0
1638,large_drift,0.4,0.8289811015129089,0.6308093070983887,85,224,5199,544,224,0,32,29,24,0,0
1639,large_drift,0.8,1.0934046506881714,0.7138683795928955,69,224,4933,565,224,0,32,14,23,0,0
1640,large_drift,1.0,0.881443977355957,0.49860668182373047,56,203,4405,390,203,0,16,30,10,0,0
1641,large_drift,0.9,1.0418167114257812,0.6647899150848389,115,200,4259,507,200,0,16,91,8,0,0
1642,large_drift,0.9,0.90947425365448,0.4603949189186096,53,201,4380,425,201,0,16,29,8,0,0
1643,large_drift,0.7,0.9936267733573914,0.7526423931121826,65,210,3953,635,210,0,16,40,9,0,0
1644,large_drift,1.0,0.9562904238700867,0.7113155722618103,52,206,3020,382,206,0,16,16,20,0,0
1645,large_drift,1.0,0.9164806604385376,0.6172909736633301,69,205,4459,491,205,0,16,16,37,0,0
1646,large_drift,1.0,0.8360404968261719,0.5197817087173462,92,204,4506,497,204,0,30,31,31,0,0
1647,large_drift,0.6,0.9967878460884094,0.6810452938079834,67,204,4523,538,204,0,16,29,22,0,0
1648,large_drift,1.0,0.9855197668075562,0.6031644344329834,81,201,3585,324,201,0,16,47,18,0,0
1649,large_drift,1.0,0.9191064238548279,0.5092509984970093,121,200,2593,312,200,0,48,70,3,0,0
1650,large_drift,0.9,0.8686816692352295,0.6517895460128784,68,204,4616,520,204,0,32,26,10,0,0
1651,large_drift,0.5,0.8952893018722534,0.7075930237770081,69,200,4583,583,200,0,32,16,21,0,0
1652,large_drift,1.0,0.9941725730895996,0.43948668241500854,131,200,3087,286,200,0,61,57,13,0,0
1653,large_drift,0.5,0.9668110609054565,0.6312731504440308,56,201,4223,522,201,0,16,30,10,0,0
1654,large_drift,0.7,0.9662305116653442,0.7866345643997192,77,204,4145,605,204,0,28,31,18,0,0
1655,large_drift,0.9,0.967653751373291,0.601976215839386,97,200,4327,522,200,0,32,45,20,0,0
1656,large_drift,0.7,0.9224938154220581,0.6795133352279663,104,203,4288,474,203,0,64,30,10,0,0
1657,large_drift,1.0,0.9609942436218262,0.5204095840454102,62,200,3898,404,200,0,32,10,20,0,0
1658,large_drift,0.7,0.8778438568115234,0.6528378129005432,55,204,4733,596,204,0,12,40,3,0,0
1659,large_drift,1.0,1.081920862197876,0.6649194955825806,99,200,3241,335,200,0,32,57,10,0,0
1660,large_drift,1.0,0.8608754873275757,0.4463769197463989,82,200,4157,355,200,0,48,16,18,0,0
1661,large_drift,0.9,0.9305582046508789,0.6219916343688965,107,207,4465,495,207,0,16,61,30,0,0
1662,large_drift,0.8,0.9542682766914368,0.6992121934890747,40,206,4339,548,206,0,16,14,10,0,0
1663,large_drift,0.8,0.9569894075393677,0.589651882648468,60,213,4591,547,213,0,14,38,8,0,0
1664,large_drift,0.8,0.9736156463623047,0.653217077255249,110,201,3919,443,201,0,16,76,18,0,0
1665,large_drift,0.5,0.9999843239784241,0.6670910120010376,81,202,4756,545,202,0,16,39,26,0,0
1666,large_drift,1.0,0.7365162372589111,0.505864143371582,88,200,3864,409,200,0,32,46,10,0,0
1667,large_drift,0.8,0.8604483604431152,0.6429407596588135,84,202,4747,609,202,0,16,47,21,0,0
1668,large_drift,0.7,0.9027940034866333,0.606305718421936,65,209,4428,559,209,0,25,30,10,0,0
1669,large_drift,1.0,1.1218291521072388,0.8101580142974854,70,203,2868,354,203,0,16,31,23,0,0
1670,large_drift,1.0,0.9470045566558838,0.6845707893371582,75,203,3318,432,203,0,16,56,3,0,0
1671,large_drift,0.5,0.9107206463813782,0.6986861824989319,78,200,4444,527,200,0,32,30,16,0,0
1672,large_drift,0.6,0.9986425638198853,0.6642204523086548,139,207,4351,610,207,0,48,64,27,0,0
1673,large_drift,1.0,0.972868800163269,0.4767097234725952,49,200,3693,365,200,0,9,30,10,0,0
1674,large_drift,0.5,0.8189346194267273,0.6323723793029785,97,210,4753,550,210,0,63,16,18,0,0
1675,large_drift,1.0,0.8994399309158325,0.5755812525749207,73,201,3191,399,201,0,16,30,27,0,0
1676,large_drift,0.6,0.9449146389961243,0.7108606100082397,86,205,4618,622,205,0,32,31,23,0,0
1677,large_drift,0.4,1.0371006727218628,0.8584071397781372,77,225,4684,603,225,0,32,36,9,0,0
1678,large_drift,0.9,0.8942777514457703,0.6783629655838013,78,202,3620,392,202,0,32,37,9,0,0
1679,large_drift,0.7,0.7381090521812439,0.594007134437561,76,200,4614,565,200,0,16,57,3,0,0
1680,large_drift,1.0,0.8926764726638794,0.6620801687240601,62,200,3895,389,200,0,32,22,8,0,0
1681,large_drift,1.0,0.9817259907722473,0.5621177554130554,87,200,3129,349,200,0,32,30,25,0,0
1682,large_drift,0.8,0.9271619319915771,0.6998953223228455,68,244,5448,565,244,0,16,44,8,0,0
1683,large_drift,1.0,0.9345556497573853,0.5267138481140137,71,200,3061,261,200,0,31,30,10,0,0
1684,large_drift,0.8,0.9952700734138489,0.5420148968696594,77,203,4357,556,203,0,32,30,15,0,0
1685,large_drift,1.0,0.8919191360473633,0.5658281445503235,61,203,4017,386,203,0,16,27,18,0,0
1686,large_drift,0.6,1.009568691253662,0.6543254852294922,91,203,4896,580,203,0,32,32,27,0,0
1687,large_drift,0.6,0.9096698760986328,0.6826901435852051,97,206,4517,530,206,0,16,57,24,0,0
1688,large_drift,0.7,0.9898569583892822,0.6756457090377808,68,205,4333,564,205,0,47,13,8,0,0
1689,large_drift,1.0,0.7746610045433044,0.4878827929496765,72,203,4397,407,203,0,16,46,10,0,0
1690,large_drift,0.6,0.9058732390403748,0.6861268281936646,49,202,4822,621,202,0,16,24,9,0,0
1691,large_drift,1.0,0.9118390083312988,0.46698451042175293,94,200,2548,254,200,0,48,26,20,0,0
1692,large_drift,0.5,0.9355003833770752,0.645744264125824,81,200,4817,547,200,0,48,13,20,0,0
1693,large_drift,1.0,0.9927108287811279,0.6568280458450317,73,203,1989,324,203,0,16,42,15,0,0
1694,large_drift,0.4,0.8563129901885986,0.7033071517944336,73,202,4330,570,202,0,16,54,3,0,0
1695,large_drift,1.0,0.9494640231132507,0.3402213454246521,112,200,3083,238,200,0,72,30,10,0,0
1696,large_drift,1.0,0.8658212423324585,0.6384580135345459,61,200,3522,305,200,0,31,27,3,0,0
1697,large_drift,0.8,0.8982816338539124,0.6225953698158264,69,204,4719,570,204,0,16,30,23,0,0
1698,large_drift,0.5,0.7998677492141724,0.6448914408683777,90,200,4729,559,200,0,32,29,29,0,0
1699,large_drift,0.5,0.9852165579795837,0.6180217266082764,57,202,4278,612,202,0,16,26,15,0,0
1700,large_drift,1.0,0.9876387715339661,0.6330418586730957,89,200,2483,207,200,0,48,16,25,0,0
1701,large_drift,0.5,0.9600067734718323,0.6147748231887817,72,200,4341,559,200,0,16,46,10,0,0
1702,large_drift,0.8,1.0427989959716797,0.7621400356292725,62,213,4689,599,213,0,16,37,9,0,0
1703,large_drift,1.0,0.7533509731292725,0.7179365158081055,61,208,3589,464,208,0,31,27,3,0,0
1704,large_drift,0.9,1.0291380882263184,0.5798540115356445,86,200,4241,442,200,0,30,46,10,0,0
1705,large_drift,0.4,0.968199610710144,0.7088866233825684,71,200,4064,571,200,0,16,31,24,0,0
1706,large_drift,0.8,0.8869590759277344,0.5636734962463379,109,201,4399,481,201,0,64,29,16,0,0
1707,large_drift,0.7,0.985508382320404,0.6682600378990173,104,201,4577,585,201,0,32,47,25,0,0
1708,large_drift,0.8,1.0589464902877808,0.8378198146820068,87,202,3936,587,202,0,16,31,40,0,0
1709,large_drift,0.9,0.7359559535980225,0.5110732316970825,64,201,4262,436,201,0,30,16,18,0,0
1710,large_drift,0.6,1.049920678138733,0.6536685824394226,84,201,4671,518,201,0,46,28,10,0,0
1711,large_drift,0.9,0.8446314930915833,0.6966278553009033,70,214,4179,669,214,0,32,28,10,0,0
1712,large_drift,0.7,0.9329558610916138,0.7042946219444275,72,205,4705,594,205,0,16,46,10,0,0
1713,large_drift,0.8,0.8782328963279724,0.6590914726257324,67,203,4671,531,203,0,16,27,24,0,0
1714,large_drift,1.0,0.9156986474990845,0.6296255588531494,72,201,2860,299,201,0,32,16,24,0,0
1715,large_drift,0.9,0.9880872368812561,0.6562697887420654,104,217,4880,593,217,0,48,46,10,0,0
1716,large_drift,0.7,0.9344775676727295,0.5144672393798828,55,201,4084,437,201,0,16,14,25,0,0
1717,large_drift,0.7,0.9011952877044678,0.7359012365341187,42,201,3699,445,201,0,12,21,9,0,0
1718,large_drift,1.0,0.9065434336662292,0.4437810182571411,65,200,3367,333,200,0,16,31,18,0,0
1719,large_drift,0.6,1.0027536153793335,0.6980447769165039,49,204,4520,577,204,0,16,25,8,0,0
1720,large_drift,0.6,0.9712788462638855,0.5500187873840332,100,202,4907,576,202,0,64,26,10,0,0
1721,large_drift,0.5,0.8447396755218506,0.701507031917572,54,202,4086,504,202,0,16,28,10,0,0
1722,large_drift,0.9,0.907132089138031,0.6669443845748901,67,205,4293,496,205,0,32,11,24,0,0
1723,large_drift,1.0,1.0219892263412476,0.7156909108161926,77,214,3224,463,214,0,27,29,21,0,0
1724,large_drift,0.9,0.9701709747314453,0.6217228174209595,68,202,4321,447,202,0,16,42,10,0,0
1725,large_drift,1.0,1.0357987880706787,0.5851643085479736,54,206,3543,432,206,0,16,28,10,0,0
1726,large_drift,1.0,0.8505207300186157,0.4820026159286499,78,200,4319,424,200,0,16,44,18,0,0
1727,large_drift,0.8,0.8695806860923767,0.762891411781311,40,207,4672,603,207,0,16,14,10,0,0
1728,large_drift,1.0,0.7512372732162476,0.5873832702636719,71,201,4072,407,201,0,16,45,10,0,0
1729,large_drift,0.6,0.9164993762969971,0.7102949619293213,114,200,4470,513,200,0,48,46,20,0,0
1730,large_drift,0.9,0.9962676763534546,0.7191286087036133,108,204,4018,554,204,0,64,26,18,0,0
1731,large_drift,1.0,0.8070437908172607,0.37635141611099243,56,200,3524,310,200,0,16,30,10,0,0
1732,large_drift,0.7,0.8584281206130981,0.6211272478103638,71,205,4645,556,205,0,31,15,25,0,0
1733,large_drift,0.7,0.8871641755104065,0.6161250472068787,87,205,4033,434,205,0,48,14,25,0,0
1734,large_drift,0.3,1.079461693763733,0.6767739653587341,94,207,4430,565,207,0,46,32,16,0,0
1735,large_drift,0.5,0.9584450125694275,0.6690952777862549,65,203,4752,566,203,0,16,16,33,0,0
1736,large_drift,0.9,0.7343254089355469,0.5106372833251953,77,202,3365,441,202,0,16,46,15,0,0
1737,large_drift,1.0,0.9753628969192505,0.7354471683502197,52,206,4059,438,206,0,16,13,23,0,0
1738,large_drift,0.7,0.8394368290901184,0.6930136680603027,40,201,4206,477,201,0,16,14,10,0,0
1739,large_drift,0.8,1.0059335231781006,0.623064398765564,57,200,4470,508,200,0,16,16,25,0,0
1740,large_drift,1.0,0.9403489828109741,0.6657765507698059,80,203,3979,496,203,0,31,31,18,0,0
1741,large_drift,0.9,1.1196497678756714,0.5300215482711792,88,200,3182,399,200,0,63,10,15,0,0
1742,large_drift,1.0,0.9852292537689209,0.5878067016601562,49,200,2906,302,200,0,9,30,10,0,0
1743,large_drift,0.6,1.010579228401184,0.786251962184906,59,201,4360,593,201,0,16,25,18,0,0
1744,large_drift,1.0,0.8356949687004089,0.6337918043136597,46,200,3651,369,200,0,12,25,9,0,0
1745,large_drift,0.6,0.9838340282440186,0.6588732004165649,68,201,4039,565,201,0,15,43,10,0,0
1746,large_drift,0.9,0.956188440322876,0.6435199975967407,80,207,4804,573,207,0,46,16,18,0,0
1747,large_drift,0.4,1.0038390159606934,0.6228076219558716,102,200,4542,598,200,0,16,76,10,0,0
1748,large_drift,0.6,0.9151993989944458,0.6072394847869873,65,204,4536,548,204,0,16,31,18,0,0
1749,large_drift,0.8,0.9842014908790588,0.6646699905395508,55,213,3987,547,213,0,15,15,25,0,0
1750,large_drift,0.8,0.8828758001327515,0.6028107404708862,79,206,4088,367,206,0,32,29,18,0,0
1751,large_drift,1.0,0.6609510183334351,0.6609510183334351,32,203,4027,431,203,0,16,13,3,0,0
1752,large_drift,0.6,0.9599020481109619,0.7259750366210938,88,209,4674,585,209,0,32,30,26,0,0
1753,large_drift,0.5,1.0264594554901123,0.6614512205123901,88,217,4794,558,217,0,64,14,10,0,0
1754,large_drift,0.5,1.0035978555679321,0.7393643856048584,83,204,4735,579,204,0,44,28,11,0,0
1755,large_drift,1.0,0.7549535632133484,0.6317973136901855,77,201,4457,435,201,0,48,26,3,0,0
1756,large_drift,1.0,0.82416170835495,0.4912411570549011,84,202,4064,458,202,0,16,46,22,0,0
1757,large_drift,0.8,0.8701159954071045,0.5959256887435913,49,206,4269,461,206,0,9,30,10,0,0
1758,large_drift,0.8,0.757518470287323,0.5704160332679749,69,208,4450,574,208,0,16,45,8,0,0
1759,large_drift,0.8,1.0077579021453857,0.6435790061950684,97,205,4624,596,205,0,48,31,18,0,0
1760,large_drift,0.6,0.9827220439910889,0.6274302005767822,71,202,4131,488,202,0,32,14,25,0,0
1761,large_drift,1.0,1.01723313331604,0.6193084120750427,56,201,4479,545,201,0,16,30,10,0,0
1762,large_drift,1.0,0.924355685710907,0.7188272476196289,92,210,3705,614,210,0,16,61,15,0,0
1763,large_drift,0.9,0.8358492255210876,0.6535166501998901,70,209,4125,511,209,0,32,28,10,0,0
1764,large_drift,1.0,1.0564124584197998,0.6507555246353149,71,200,3583,340,200,0,47,14,10,0,0
1765,large_drift,1.0,0.9439973831176758,0.7154176235198975,36,206,3150,448,206,0,15,13,8,0,0
1766,large_drift,0.8,0.971272885799408,0.60764479637146,85,205,4397,484,205,0,31,27,27,0,0
1767,large_drift,0.9,1.0679888725280762,0.7796913385391235,56,207,4362,451,207,0,16,10,30,0,0
1768,large_drift,0.8,0.921806812286377,0.569373369216919,72,205,4742,561,205,0,32,30,10,0,0
1769,large_drift,0.9,0.9449074864387512,0.5977646112442017,80,201,4474,522,201,0,32,30,18,0,0
1770,large_drift,1.0,0.8285231590270996,0.5681394338607788,67,200,3975,430,200,0,29,23,15,0,0
1771,large_drift,0.6,0.9540860056877136,0.6469076871871948,66,200,4303,513,200,0,16,32,18,0,0
1772,large_drift,1.0,1.0194191932678223,0.7166955471038818,76,205,4640,502,205,0,16,45,15,0,0
1773,large_drift,0.8,1.032326340675354,0.616916298866272,125,200,3982,437,200,0,48,59,18,0,0
1774,large_drift,0.8,0.8663017749786377,0.7704441547393799,71,203,4247,564,203,0,16,52,3,0,0
1775,large_drift,0.7,0.8855770230293274,0.6435688138008118,104,204,4623,569,204,0,16,61,27,0,0
1776,large_drift,0.6,0.8348764181137085,0.6649268269538879,76,210,4554,584,210,0,32,41,3,0,0
1777,large_drift,0.5,0.9890816807746887,0.6834532618522644,64,206,4256,583,206,0,46,9,9,0,0
1778,large_drift,0.5,0.8041425943374634,0.676470160484314,63,202,4047,497,202,0,16,44,3,0,0
1779,large_drift,1.0,0.8563323616981506,0.6320115327835083,72,207,4376,460,207,0,32,30,10,0,0
1780,large_drift,0.9,0.8728253841400146,0.3940732479095459,136,200,4094,428,200,0,96,30,10,0,0
1781,large_drift,0.9,0.8896797299385071,0.6438377499580383,50,200,4419,475,200,0,16,16,18,0,0
1782,large_drift,0.8,0.8192911148071289,0.734198808670044,36,204,4412,599,204,0,15,13,8,0,0
1783,large_drift,0.9,0.9107635021209717,0.6395988464355469,59,206,4798,526,206,0,16,16,27,0,0
1784,large_drift,0.8,0.8624614477157593,0.46339285373687744,72,200,3784,418,200,0,16,46,10,0,0
1785,large_drift,0.9,0.8530761003494263,0.5587848424911499,86,200,4468,480,200,0,32,28,26,0,0
1786,large_drift,0.6,0.8261578679084778,0.6729147434234619,57,215,4930,584,215,0,16,38,3,0,0
1787,large_drift,0.5,0.987157940864563,0.6136922836303711,65,204,4818,571,204,0,16,16,33,0,0
1788,large_drift,0.7,0.8849953413009644,0.6152417659759521,36,209,4682,590,209,0,15,13,8,0,0
1789,large_drift,0.3,0.9963271021842957,0.7121306657791138,111,202,4414,554,202,0,48,30,33,0,0
1790,large_drift,1.0,0.8535230159759521,0.7347252368927002,72,204,2717,333,204,0,31,38,3,0,0
1791,large_drift,1.0,0.9878101348876953,0.6959973573684692,89,204,2789,287,204,0,32,44,13,0,0
1792,large_drift,0.5,0.9181981086730957,0.5225913524627686,124,203,4810,523,203,0,32,82,10,0,0
1793,large_drift,0.4,0.9342431426048279,0.6755038499832153,136,202,4279,506,202,0,80,31,25,0,0
1794,large_drift,1.0,0.8263295292854309,0.6660081148147583,52,205,3388,500,205,0,31,13,8,0,0
1795,large_drift,0.9,0.9287883043289185,0.45182204246520996,117,203,4709,502,203,0,80,14,23,0,0
1796,large_drift,0.7,0.8311961889266968,0.6640458106994629,66,210,4900,576,210,0,32,16,18,0,0
1797,large_drift,0.5,0.9397748708724976,0.6886042356491089,81,201,4175,490,201,0,16,47,18,0,0
1798,large_drift,0.6,0.826359748840332,0.7696875333786011,44,206,4363,596,206,0,16,25,3,0,0
1799,large_drift,0.8,0.9885212779045105,0.6082305908203125,61,201,4222,514,201,0,32,14,15,0,0
1800,large_drift,0.9,0.9133440852165222,0.5718968510627747,64,200,3908,352,200,0,30,16,18,0,0
1801,large_drift,0.9,0.8904473781585693,0.6196662783622742,89,202,4059,486,202,0,48,16,25,0,0
1802,large_drift,0.4,0.9454959630966187,0.642404317855835,88,207,4721,636,207,0,16,47,25,0,0
1803,large_drift,0.9,1.0765550136566162,0.7949398756027222,48,209,4325,596,209,0,30,9,9,0,0
1804,large_drift,1.0,0.8964023590087891,0.7010707259178162,75,206,3991,563,206,0,32,23,20,0,0
1805,large_drift,1.0,0.8463355302810669,0.5250385403633118,77,200,3873,398,200,0,16,46,15,0,0
1806,large_drift,1.0,0.9632176160812378,0.5549883246421814,50,202,3537,387,202,0,16,16,18,0,0
1807,large_drift,1.0,0.9766555428504944,0.35916996002197266,143,200,2906,300,200,0,48,75,20,0,0
1808,large_drift,0.7,0.8447545766830444,0.7267675995826721,93,201,4387,541,201,0,48,30,15,0,0
1809,large_drift,0.8,0.9658463001251221,0.6499597430229187,69,203,4260,525,203,0,16,45,8,0,0
1810,large_drift,1.0,0.8721136450767517,0.6209837198257446,84,204,4181,530,204,0,32,29,23,0,0
1811,large_drift,0.9,1.0128690004348755,0.6286041140556335,100,200,3616,375,200,0,60,25,15,0,0
1812,large_drift,1.0,0.8983517289161682,0.6272497773170471,73,203,3624,361,203,0,32,15,26,0,0
1813,large_drift,0.5,0.8087944984436035,0.6831213235855103,70,201,4368,502,201,0,32,28,10,0,0
1814,large_drift,1.0,0.9664934277534485,0.5908218622207642,59,200,2766,278,200,0,29,22,8,0,0
1815,large_drift,1.0,0.9432896375656128,0.48932939767837524,72,200,3955,467,200,0,32,30,10,0,0
1816,large_drift,1.0,0.8745225667953491,0.49383360147476196,102,200,3596,331,200,0,32,55,15,0,0
1817,large_drift,1.0,0.6901313066482544,0.5411174297332764,52,207,4542,516,207,0,31,13,8,0,0
1818,large_drift,1.0,0.9561716318130493,0.5190602540969849,88,200,3181,364,200,0,32,46,10,0,0
1819,large_drift,0.9,0.8781765699386597,0.6819060444831848,48,203,4310,554,203,0,16,29,3,0,0
1820,large_drift,0.8,0.7585805654525757,0.6168503761291504,64,202,4595,509,202,0,30,16,18,0,0
1821,large_drift,0.8,0.8594348430633545,0.6193459630012512,80,217,4610,539,217,0,48,16,16,0,0
1822,large_drift,0.9,0.8340508341789246,0.49584853649139404,88,200,4044,448,200,0,30,32,26,0,0
1823,large_drift,1.0,0.7917100191116333,0.5790103077888489,64,202,3810,485,202,0,48,13,3,0,0
1824,large_drift,0.8,0.7910271883010864,0.6354477405548096,48,200,4314,528,200,0,16,29,3,0,0
1825,large_drift,1.0,0.8672587871551514,0.618209719657898,53,202,4660,462,202,0,16,14,23,0,0
1826,large_drift,0.7,0.884122908115387,0.644899845123291,74,205,4437,563,205,0,16,55,3,0,0
1827,large_drift,1.0,0.8963586688041687,0.6198635697364807,56,208,4621,568,208,0,16,30,10,0,0
1828,large_drift,1.0,0.8661157488822937,0.5795625448226929,56,202,4234,415,202,0,16,30,10,0,0
1829,large_drift,0.8,0.9632776975631714,0.6747913360595703,71,203,4659,532,203,0,31,15,25,0,0
1830,large_drift,1.0,1.1021392345428467,0.5628689527511597,101,200,2018,286,200,0,16,51,34,0,0
1831,large_drift,0.7,0.9282947778701782,0.6506820321083069,153,201,4273,572,201,0,96,54,3,0,0
1832,large_drift,0.9,1.0833415985107422,0.6730929613113403,57,201,4628,581,201,0,32,10,15,0,0
1833,large_drift,1.0,0.7826432585716248,0.6882659196853638,44,210,4014,631,210,0,16,25,3,0,0
1834,large_drift,1.0,0.8156827688217163,0.3882020115852356,82,201,4377,407,201,0,48,16,18,0,0
1835,large_drift,0.7,0.838174045085907,0.6228700876235962,137,200,4535,474,200,0,61,61,15,0,0
1836,large_drift,0.7,0.9348440766334534,0.5259775519371033,114,207,3802,400,207,0,64,41,9,0,0
1837,large_drift,0.7,0.9209564328193665,0.6800485253334045,75,202,4487,522,202,0,15,57,3,0,0
1838,large_drift,0.5,0.9222586154937744,0.6337038278579712,69,200,4144,523,200,0,32,14,23,0,0
1839,large_drift,0.8,0.8777658939361572,0.5935744643211365,67,200,4611,464,200,0,16,43,8,0,0
1840,large_drift,1.0,0.7976322770118713,0.648260235786438,40,202,3949,591,202,0,16,14,10,0,0
1841,large_drift,1.0,0.9662762880325317,0.6228489875793457,76,200,2533,262,200,0,16,42,18,0,0
1842,large_drift,0.5,0.8125596642494202,0.6720186471939087,76,213,4611,444,213,0,32,41,3,0,0
1843,large_drift,0.5,1.0339665412902832,0.6089791059494019,105,201,4438,500,201,0,78,14,13,0,0
1844,large_drift,0.8,0.9391037225723267,0.5679473876953125,56,203,4728,640,203,0,32,14,10,0,0
1845,large_drift,1.0,0.8450517654418945,0.49980658292770386,40,202,3841,478,202,0,16,14,10,0,0
1846,large_drift,0.8,0.8547782897949219,0.6430874466896057,88,201,4067,465,201,0,42,43,3,0,0
1847,large_drift,0.7,0.9251723885536194,0.6759098768234253,56,205,4718,574,205,0,16,37,3,0,0
1848,large_drift,0.9,0.9454107880592346,0.5467700362205505,85,200,3704,408,200,0,32,29,24,0,0
1849,large_drift,0.7,0.9077726602554321,0.6930764317512512,70,204,4685,581,204,0,16,45,9,0,0
1850,large_drift,1.0,0.9309216737747192,0.5370484590530396,91,200,3334,348,200,0,47,28,16,0,0
1851,large_drift,0.5,1.1726276874542236,0.8178563117980957,81,216,4552,583,216,0,16,56,9,0,0
1852,large_drift,1.0,0.910607099533081,0.6147750020027161,88,208,3431,474,208,0,32,30,26,0,0
1853,large_drift,0.6,0.8869471549987793,0.5750855207443237,84,201,4605,501,201,0,16,53,15,0,0
1854,large_drift,1.0,0.8577737808227539,0.5655385851860046,76,201,3460,369,201,0,16,51,9,0,0
1855,large_drift,0.7,0.8694025874137878,0.630658745765686,69,211,4694,554,211,0,16,30,23,0,0
1856,large_drift,1.0,0.9256786108016968,0.5637286305427551,56,201,4020,442,201,0,16,30,10,0,0
1857,large_drift,1.0,1.0494041442871094,0.5989525318145752,72,200,4126,492,200,0,16,46,10,0,0
1858,large_drift,0.9,0.9651795625686646,0.6641261577606201,49,200,3324,353,200,0,9,30,10,0,0
1859,large_drift,0.6,0.9762183427810669,0.6079810857772827,55,203,4452,549,203,0,31,14,10,0,0
1860,large_drift,0.6,0.9292857646942139,0.6940382719039917,81,200,4331,471,200,0,42,29,10,0,0
1861,large_drift,0.4,0.9571577310562134,0.6176390647888184,106,200,4743,593,200,0,48,32,26,0,0
1862,large_drift,1.0,0.9548827409744263,0.5516205430030823,103,201,4218,348,201,0,48,30,25,0,0
1863,large_drift,0.8,0.9120305180549622,0.5877079963684082,69,205,4246,592,205,0,32,29,8,0,0
1864,large_drift,0.9,0.8905421495437622,0.6467680931091309,95,202,4102,477,202,0,48,31,16,0,0
1865,large_drift,0.9,0.8506248593330383,0.6319535970687866,86,201,3576,509,201,0,48,28,10,0,0
1866,large_drift,0.7,0.8587477207183838,0.6953198909759521,57,206,4379,578,206,0,16,16,25,0,0
1867,large_drift,1.0,0.9036670923233032,0.602098822593689,88,202,3921,427,202,0,32,46,10,0,0
1868,large_drift,1.0,0.9300634264945984,0.608069896697998,68,204,4085,473,204,0,15,43,10,0,0
1869,large_drift,1.0,0.9301326870918274,0.490104079246521,74,200,3049,299,200,0,16,40,18,0,0
1870,large_drift,0.7,0.9175811409950256,0.6335515975952148,115,202,4508,522,202,0,32,59,24,0,0
1871,large_drift,1.0,1.0504239797592163,0.645056962966919,80,200,3784,394,200,0,15,44,21,0,0
1872,large_drift,0.9,0.9948439002037048,0.6538189053535461,69,232,5290,500,232,0,16,29,24,0,0
1873,large_drift,0.5,0.9993777275085449,0.6253758668899536,72,210,4662,552,210,0,48,14,10,0,0
1874,large_drift,0.9,0.8755898475646973,0.5211277008056641,87,200,4252,501,200,0,63,14,10,0,0
1875,large_drift,1.0,1.0595697164535522,0.6493057012557983,56,212,4664,605,212,0,16,30,10,0,0
1876,large_drift,0.9,1.0086078643798828,0.6526316404342651,50,202,4165,419,202,0,16,16,18,0,0
1877,large_drift,1.0,0.9208894371986389,0.5096036195755005,108,201,3693,388,201,0,63,30,15,0,0
1878,large_drift,1.0,0.8081345558166504,0.5156810283660889,69,200,3585,341,200,0,45,14,10,0,0
1879,large_drift,0.9,0.9836410880088806,0.6417601108551025,90,212,3197,553,212,0,32,43,15,0,0
1880,large_drift,1.0,0.9245082139968872,0.5830752849578857,66,210,3594,578,210,0,32,16,18,0,0
1881,large_drift,1.0,0.9019708633422852,0.6576005220413208,88,203,3392,467,203,0,16,69,3,0,0
1882,large_drift,0.9,0.9776490330696106,0.6533585786819458,116,200,4193,449,200,0,62,44,10,0,0
1883,large_drift,1.0,0.9292662143707275,0.5556913614273071,71,202,3342,349,202,0,16,45,10,0,0
1884,large_drift,0.6,0.8681291341781616,0.6683938503265381,106,201,4750,594,201,0,16,58,32,0,0
1885,large_drift,0.9,0.9478359818458557,0.8499816060066223,43,206,4220,602,206,0,13,13,17,0,0
1886,large_drift,0.5,0.8566609621047974,0.7489438056945801,48,203,4510,581,203,0,30,9,9,0,0
1887,large_drift,0.7,0.8908764123916626,0.6507142186164856,107,200,4486,553,200,0,48,50,9,0,0
1888,large_drift,0.8,0.9719353914260864,0.6526878476142883,109,217,5066,485,217,0,47,30,32,0,0
1889,large_drift,1.0,0.9931359887123108,0.7058039903640747,80,212,3374,564,212,0,16,25,39,0,0
1890,large_drift,1.0,0.863365888595581,0.3818092346191406,77,205,4522,413,205,0,32,30,15,0,0
1891,large_drift,1.0,0.9693573713302612,0.6670207977294922,66,203,3771,417,203,0,16,11,39,0,0
1892,large_drift,0.8,0.95257967710495,0.6884461641311646,63,205,3837,522,205,0,16,29,18,0,0
1893,large_drift,1.0,0.997298002243042,0.4400506019592285,93,200,3293,318,200,0,64,14,15,0,0
1894,large_drift,0.7,0.8710966110229492,0.7336995601654053,61,201,4211,489,201,0,16,30,15,0,0
1895,large_drift,0.8,0.8608918786048889,0.5357323884963989,69,200,4605,536,200,0,16,43,10,0,0
1896,large_drift,1.0,0.9947390556335449,0.7211296558380127,69,201,2342,205,201,0,32,29,8,0,0
1897,large_drift,0.6,0.8642651438713074,0.6391804218292236,76,202,4470,512,202,0,16,45,15,0,0
1898,large_drift,1.0,1.0208793878555298,0.5216419696807861,108,202,3996,392,202,0,64,26,18,0,0
1899,large_drift,1.0,0.954382598400116,0.34667491912841797,86,200,2938,245,200,0,31,45,10,0,0
1900,large_drift,0.8,0.7914531230926514,0.5752098560333252,122,206,4562,480,206,0,64,55,3,0,0
1901,large_drift,1.0,0.9042760133743286,0.4980069398880005,77,200,2483,291,200,0,24,43,10,0,0
1902,large_drift,0.8,0.9877889752388,0.6509931683540344,79,206,4488,577,206,0,32,29,18,0,0
1903,large_drift,0.9,0.9534633159637451,0.6848801374435425,55,204,4376,545,204,0,16,14,25,0,0
1904,large_drift,0.9,0.8805197477340698,0.6060456037521362,63,207,4196,571,207,0,16,26,21,0,0
1905,large_drift,0.9,0.9040156006813049,0.6812475323677063,50,208,4450,484,208,0,16,16,18,0,0
1906,large_drift,1.0,0.9562000036239624,0.7524988055229187,32,218,4433,601,218,0,14,9,9,0,0
1907,large_drift,1.0,1.1174832582473755,0.7079841494560242,59,210,2209,404,210,0,16,16,27,0,0
1908,large_drift,1.0,0.9173381924629211,0.49634814262390137,104,200,3089,261,200,0,48,46,10,0,0
1909,large_drift,0.9,0.9695795774459839,0.7242214679718018,59,204,4436,545,204,0,16,26,17,0,0
1910,large_drift,1.0,0.9648998379707336,0.5960398316383362,81,208,4158,453,208,0,16,47,18,0,0
1911,large_drift,0.8,0.9733781218528748,0.6021972298622131,84,203,4449,526,203,0,48,12,24,0,0
1912,large_drift,1.0,0.9591918587684631,0.6444839239120483,79,203,3503,512,203,0,48,13,18,0,0
1913,large_drift,1.0,0.754483699798584,0.5917170643806458,71,220,4107,410,220,0,16,30,25,0,0
1914,large_drift,1.0,0.8402609825134277,0.6045238971710205,53,200,4463,450,200,0,16,29,8,0,0
1915,large_drift,1.0,0.9356175661087036,0.6133049726486206,81,200,3186,415,200,0,31,15,35,0,0
1916,large_drift,0.9,0.9014089703559875,0.6907171607017517,44,201,3907,504,201,0,16,15,13,0,0
1917,large_drift,1.0,0.97400963306427,0.6039955615997314,112,201,3814,356,201,0,16,87,9,0,0
1918,large_drift,1.0,1.0279617309570312,0.5910177826881409,97,206,4258,486,206,0,48,27,22,0,0
1919,large_drift,0.7,0.9888322949409485,0.6754892468452454,65,202,4372,602,202,0,16,31,18,0,0
1920,large_drift,0.6,1.0814355611801147,0.8406985402107239,59,223,4692,591,223,0,13,29,17,0,0
1921,large_drift,0.6,0.9813061952590942,0.8119593858718872,55,237,5144,622,237,0,15,15,25,0,0
1922,large_drift,0.6,1.1205133199691772,0.6809427738189697,81,203,4565,608,203,0,48,24,9,0,0
1923,large_drift,1.0,0.7711136937141418,0.5719952583312988,67,201,2727,312,201,0,16,41,10,0,0
1924,large_drift,1.0,0.7806904315948486,0.425054132938385,70,200,3713,412,200,0,32,28,10,0,0
1925,large_drift,0.5,0.9282532930374146,0.6778103709220886,100,205,4731,544,205,0,32,46,22,0,0
1926,large_drift,0.9,0.9278513193130493,0.6262077689170837,116,201,3845,498,201,0,48,45,23,0,0
1927,large_drift,0.9,0.9252887964248657,0.7368661165237427,115,200,4101,518,200,0,48,54,13,0,0
1928,large_drift,0.5,1.0310033559799194,0.7400552034378052,69,205,4605,595,205,0,16,43,10,0,0
1929,large_drift,0.9,0.904079020023346,0.6536815762519836,61,201,4415,533,201,0,16,30,15,0,0
1930,large_drift,0.9,0.7875932455062866,0.6611233949661255,63,210,3806,532,210,0,16,44,3,0,0
1931,large_drift,0.8,0.8324587941169739,0.5475078821182251,72,207,4834,602,207,0,32,30,10,0,0
1932,large_drift,1.0,0.7988452315330505,0.5019160509109497,108,200,3193,296,200,0,16,89,3,0,0
1933,large_drift,0.7,0.8981224298477173,0.6148364543914795,68,200,4408,447,200,0,32,12,24,0,0
1934,large_drift,0.8,0.8670474290847778,0.6766918897628784,46,203,4392,569,203,0,16,21,9,0,0
1935,large_drift,1.0,0.7755304574966431,0.6103551387786865,55,202,4763,550,202,0,31,14,10,0,0
1936,large_drift,1.0,0.8659496307373047,0.46725261211395264,97,200,4386,469,200,0,48,31,18,0,0
1937,large_drift,1.0,1.0264345407485962,0.6116316318511963,61,204,3398,436,204,0,16,30,15,0,0
1938,large_drift,0.9,0.925370454788208,0.6496566534042358,71,203,4482,490,203,0,32,14,25,0,0
1939,large_drift,0.9,0.7560456991195679,0.5942224860191345,80,202,4298,472,202,0,16,32,32,0,0
1940,large_drift,0.8,1.0544719696044922,0.630660891532898,116,200,4543,487,200,0,48,42,26,0,0
1941,large_drift,0.7,0.9313607811927795,0.7813553214073181,48,206,4135,576,206,0,32,13,3,0,0
1942,large_drift,0.6,0.9446302056312561,0.6491492986679077,62,201,4447,514,201,0,16,26,20,0,0
1943,large_drift,0.7,0.9047976136207581,0.5303540229797363,111,201,4407,546,201,0,32,70,9,0,0
1944,large_drift,1.0,1.102062463760376,0.786601185798645,88,205,2839,347,205,0,32,27,29,0,0
1945,large_drift,0.9,0.8376479744911194,0.5508899688720703,69,201,4408,540,201,0,16,45,8,0,0
1946,large_drift,1.0,0.9463860988616943,0.5922121405601501,75,203,4630,598,203,0,16,32,27,0,0
1947,large_drift,0.9,0.9583670496940613,0.6526351571083069,85,202,4500,534,202,0,16,47,22,0,0
1948,large_drift,1.0,0.8024970889091492,0.5100098848342896,63,201,2530,365,201,0,32,13,18,0,0
1949,large_drift,0.6,0.9298694729804993,0.5623272061347961,120,201,4864,535,201,0,32,78,10,0,0
1950,large_drift,1.0,0.9191398024559021,0.651850163936615,113,202,4342,453,202,0,32,63,18,0,0
1951,large_drift,1.0,1.0178717374801636,0.6450917720794678,87,203,3874,371,203,0,32,31,24,0,0
1952,large_drift,0.9,0.8788691163063049,0.6053604483604431,98,204,4092,565,204,0,16,64,18,0,0
1953,large_drift,0.7,1.0989103317260742,0.617495059967041,80,207,4835,630,207,0,32,16,32,0,0
1954,large_drift,0.3,1.0730794668197632,0.6779643297195435,80,204,4520,581,204,0,62,9,9,0,0
1955,large_drift,0.9,0.7596890330314636,0.6246185302734375,48,200,3146,356,200,0,32,13,3,0,0
1956,large_drift,0.6,0.9650285243988037,0.7058088779449463,97,203,4431,605,203,0,16,63,18,0,0
1957,large_drift,0.6,1.0057343244552612,0.702079713344574,68,204,4730,587,204,0,16,44,8,0,0
1958,large_drift,0.6,0.8890886902809143,0.681964635848999,63,208,4831,600,208,0,16,29,18,0,0
1959,large_drift,1.0,0.9224492907524109,0.5870367288589478,87,215,4761,518,215,0,47,30,10,0,0
1960,large_drift,1.0,0.8187415599822998,0.4656968116760254,62,200,2470,217,200,0,31,10,21,0,0
1961,large_drift,0.8,0.9043466448783875,0.4723166823387146,62,202,4480,441,202,0,16,28,18,0,0
1962,large_drift,0.5,0.8741693496704102,0.6494340896606445,96,209,4092,572,209,0,63,24,9,0,0
1963,large_drift,0.7,1.0910543203353882,0.705704391002655,59,214,4656,661,214,0,16,25,18,0,0
1964,large_drift,0.5,0.9182310104370117,0.697329044342041,89,206,4836,627,206,0,47,16,26,0,0
1965,large_drift,1.0,0.7901203036308289,0.5134252309799194,107,200,2514,324,200,0,31,73,3,0,0
1966,large_drift,0.8,0.9413818120956421,0.7029114961624146,69,205,4562,553,205,0,15,41,13,0,0
1967,large_drift,0.9,0.9243332147598267,0.5552273988723755,66,202,4259,435,202,0,29,14,23,0,0
1968,large_drift,1.0,0.932390570640564,0.6365880966186523,90,200,4521,503,200,0,32,13,45,0,0
1969,large_drift,0.7,1.2147208452224731,0.6159496903419495,90,200,4319,459,200,0,48,26,16,0,0
1970,large_drift,0.9,1.1441657543182373,0.545250415802002,94,203,3856,335,203,0,64,14,16,0,0
1971,large_drift,0.4,0.922619640827179,0.7026079893112183,60,205,4961,594,205,0,32,15,13,0,0
1972,large_drift,1.0,0.944825291633606,0.6260383129119873,56,200,2711,256,200,0,14,34,8,0,0
1973,large_drift,1.0,1.0479977130889893,0.5125027894973755,72,200,2886,287,200,0,16,30,26,0,0
1974,large_drift,0.8,0.8500984907150269,0.7011659741401672,76,208,4972,591,208,0,16,57,3,0,0
1975,large_drift,0.7,0.9004345536231995,0.6745200753211975,71,202,4380,474,202,0,32,14,25,0,0
1976,large_drift,0.8,0.9714903235435486,0.6838350296020508,50,204,4193,546,204,0,16,16,18,0,0
1977,large_drift,0.6,1.0818077325820923,0.691555917263031,66,204,4494,613,204,0,16,32,18,0,0
1978,large_drift,0.6,0.9564266204833984,0.5847432613372803,65,202,4333,531,202,0,32,24,9,0,0
1979,large_drift,0.9,0.9761331677436829,0.616696834564209,79,202,4325,513,202,0,48,22,9,0,0
1980,large_drift,0.7,0.9100457429885864,0.6507357358932495,61,205,4802,608,205,0,16,16,29,0,0
1981,large_drift,0.6,0.9791936278343201,0.6875648498535156,102,200,4314,487,200,0,48,44,10,0,0
1982,large_drift,1.0,0.6994622945785522,0.5714647769927979,79,202,4406,593,202,0,48,13,18,0,0
1983,large_drift,1.0,0.9559682607650757,0.6320775747299194,44,202,4689,637,202,0,16,15,13,0,0
1984,large_drift,0.4,1.0931259393692017,0.6451004147529602,66,215,4791,544,215,0,16,41,9,0,0
1985,large_drift,0.9,0.9357556700706482,0.5269805192947388,94,200,4063,413,200,0,32,32,30,0,0
1986,large_drift,0.8,0.9642516374588013,0.5268005132675171,94,200,4486,455,200,0,32,42,20,0,0
1987,large_drift,0.8,0.8033909797668457,0.6949584484100342,73,203,4266,489,203,0,16,54,3,0,0
1988,large_drift,0.6,1.019378423690796,0.6200789213180542,107,221,5046,580,221,0,16,60,31,0,0
1989,large_drift,1.0,0.848566472530365,0.42775052785873413,99,200,4371,320,200,0,48,31,20,0,0
1990,large_drift,1.0,0.8666050434112549,0.46719884872436523,84,200,2996,425,200,0,32,42,10,0,0
1991,large_drift,1.0,0.9794732332229614,0.5504375696182251,41,200,1673,213,200,0,16,10,15,0,0
1992,large_drift,1.0,0.7995244264602661,0.36688679456710815,117,200,4522,430,200,0,30,62,25,0,0
1993,large_drift,1.0,0.8722654581069946,0.6338931322097778,68,204,4255,473,204,0,16,30,22,0,0
1994,large_drift,1.0,0.8968410491943359,0.507906436920166,70,202,3904,407,202,0,16,44,10,0,0
1995,large_drift,0.4,0.8485909104347229,0.5723628997802734,96,238,5475,576,238,0,48,13,35,0,0
1996,large_drift,0.7,0.7974571585655212,0.6738967895507812,61,201,4777,575,201,0,32,26,3,0,0
1997,large_drift,1.0,1.0995360612869263,0.6036344766616821,91,200,3415,377,200,0,16,59,16,0,0
1998,large_drift,0.9,0.9300898909568787,0.571733295917511,81,200,4332,456,200,0,32,16,33,0,0
1999,large_drift,0.8,0.9931271076202393,0.5825085639953613,143,205,4578,588,205,0,79,39,25,0,0
