query_id,shift,recall,entry_point_distance,base_layer_entry_distance,upper_layer_dist_comps,base_layer_visited,base_layer_dist_comps,candidates_remaining,trace_length,layer_0_visits,layer_1_visits,layer_2_visits,layer_3_visits,layer_4_visits,layer_5_visits
0,0.0,0.7,251.66392517089844,163.61764526367188,116,201,4807,591,201,0,16,91,9,0,0
1,0.0,0.6,266.00146484375,159.95285034179688,92,200,4712,497,200,0,32,32,28,0,0
2,0.0,0.9,247.72955322265625,169.68177795410156,98,200,4894,533,200,0,32,48,18,0,0
3,0.0,0.9,269.41558837890625,200.074951171875,56,202,4830,548,202,0,6,40,10,0,0
4,0.0,0.8,270.1528625488281,175.28733825683594,82,201,4832,512,201,0,32,41,9,0,0
5,0.0,0.9,311.6493225097656,175.1621856689453,143,201,4873,551,201,0,32,87,24,0,0
6,0.0,0.7,311.02679443359375,194.9962615966797,57,200,4832,564,200,0,32,15,10,0,0
7,0.0,0.8,282.5119934082031,160.05722045898438,83,200,4713,564,200,0,16,31,36,0,0
8,0.0,0.8,240.66200256347656,153.48678588867188,74,200,4697,542,200,0,32,31,11,0,0
9,0.0,0.5,254.6890411376953,193.09634399414062,83,202,4644,521,202,0,16,44,23,0,0
10,0.0,0.8,263.9217834472656,163.54298400878906,76,200,4884,552,200,0,16,41,19,0,0
11,0.0,0.9,299.5918273925781,182.67613220214844,113,200,4781,541,200,0,32,44,37,0,0
12,0.0,0.8,231.93551635742188,174.93801879882812,95,203,4849,560,203,0,16,54,25,0,0
13,0.0,0.9,248.65684509277344,155.3734893798828,74,203,4827,511,203,0,32,31,11,0,0
14,0.0,0.8,260.28204345703125,196.91705322265625,51,204,4890,576,204,0,16,12,23,0,0
15,0.0,0.6,290.0254211425781,192.0353546142578,57,200,4864,597,200,0,32,15,10,0,0
16,0.0,0.5,239.6538543701172,189.4579620361328,73,200,4785,551,200,0,32,36,5,0,0
17,0.0,0.5,280.50341796875,195.79713439941406,57,200,4706,540,200,0,16,31,10,0,0
18,0.0,0.6,314.529052734375,193.66647338867188,78,203,4842,508,203,0,15,28,35,0,0
19,0.0,0.8,246.30856323242188,184.92994689941406,80,203,4903,547,203,0,16,28,36,0,0
20,0.0,0.6,195.9879913330078,172.2159881591797,61,200,4835,526,200,0,47,9,5,0,0
21,0.0,0.4,211.9223175048828,190.6146697998047,61,203,4892,567,203,0,47,9,5,0,0
22,0.0,0.8,277.908203125,140.19166564941406,74,201,4891,505,201,0,48,15,11,0,0
23,0.0,0.7,281.8099365234375,157.7001495361328,99,200,4916,525,200,0,16,72,11,0,0
24,0.0,0.8,253.10398864746094,161.05828857421875,103,205,4933,515,205,0,48,28,27,0,0
25,0.0,0.5,302.10748291015625,212.22425842285156,76,208,4930,578,208,0,32,25,19,0,0
26,0.0,0.7,262.0457763671875,179.49562072753906,81,200,4848,504,200,0,48,16,17,0,0
27,0.0,0.9,297.9457702636719,196.0166015625,70,202,4849,515,202,0,32,13,25,0,0
28,0.0,0.8,247.4755096435547,168.52842712402344,70,200,4821,541,200,0,32,16,22,0,0
29,0.0,0.7,281.66229248046875,183.3561248779297,90,201,4867,530,201,0,32,30,28,0,0
30,0.0,0.8,238.95294189453125,166.7933349609375,72,201,4841,563,201,0,16,41,15,0,0
31,0.0,0.9,240.8834991455078,178.8210906982422,51,206,4857,528,206,0,14,26,11,0,0
32,0.0,0.7,249.36488342285156,171.18695068359375,120,218,5306,571,218,0,48,62,10,0,0
33,0.0,0.9,295.1407165527344,200.59246826171875,127,202,4983,551,202,0,48,61,18,0,0
34,0.0,0.7,245.41390991210938,174.824462890625,82,201,4873,540,201,0,48,16,18,0,0
35,0.0,0.5,300.66357421875,198.91665649414062,120,211,4934,544,211,0,46,52,22,0,0
36,0.0,1.0,265.4747009277344,178.56637573242188,76,201,4900,508,201,0,32,25,19,0,0
37,0.0,0.7,331.63531494140625,175.99411010742188,95,200,4895,531,200,0,16,57,22,0,0
38,0.0,0.9,250.30169677734375,199.77035522460938,58,201,4852,577,201,0,32,15,11,0,0
39,0.0,0.8,261.1643981933594,165.969970703125,82,201,4918,575,201,0,48,16,18,0,0
40,0.0,0.8,313.80841064453125,186.88845825195312,85,203,4819,534,203,0,16,44,25,0,0
41,0.0,0.8,275.7738342285156,197.7122344970703,85,201,4821,547,201,0,48,28,9,0,0
42,0.0,0.7,211.7038116455078,190.10362243652344,69,201,4803,543,201,0,32,12,25,0,0
43,0.0,0.7,225.19464111328125,177.67904663085938,58,205,4959,591,205,0,32,15,11,0,0
44,0.0,0.6,315.44427490234375,193.68321228027344,74,201,4836,544,201,0,16,32,26,0,0
45,0.0,0.8,214.7690887451172,182.44384765625,40,203,4883,604,203,0,16,15,9,0,0
46,0.0,0.8,283.5263366699219,178.90188598632812,52,202,4907,531,202,0,16,16,20,0,0
47,0.0,0.9,263.7725830078125,172.2136688232422,63,201,4798,542,201,0,16,30,17,0,0
48,0.0,1.0,277.68218994140625,173.4044647216797,100,202,4831,545,202,0,16,63,21,0,0
49,0.0,0.6,272.2554016113281,179.35177612304688,88,201,4879,585,201,0,16,31,41,0,0
50,0.0,0.6,269.1083068847656,200.709716796875,86,201,4885,514,201,0,16,60,10,0,0
51,0.0,0.9,263.7845458984375,173.6611785888672,100,200,4856,540,200,0,32,48,20,0,0
52,0.0,0.6,257.48468017578125,217.46652221679688,68,202,4922,582,202,0,32,16,20,0,0
53,0.0,1.0,304.22821044921875,216.4602813720703,104,204,4890,543,204,0,48,31,25,0,0
54,0.0,0.8,280.039306640625,199.43939208984375,70,205,4873,525,205,0,32,10,28,0,0
55,0.0,0.5,246.85496520996094,180.5779571533203,89,201,4796,577,201,0,16,42,31,0,0
56,0.0,0.9,283.57623291015625,174.60740661621094,67,204,4835,540,204,0,16,30,21,0,0
57,0.0,0.5,237.8708038330078,164.7013702392578,124,200,4775,530,200,0,32,64,28,0,0
58,0.0,0.7,323.90350341796875,185.98269653320312,88,202,4949,551,202,0,32,31,25,0,0
59,0.0,0.8,272.3848571777344,168.05374145507812,60,200,4708,513,200,0,26,25,9,0,0
60,0.0,0.9,219.63589477539062,197.5365447998047,58,206,4969,538,206,0,16,31,11,0,0
61,0.0,0.7,226.02346801757812,193.133056640625,42,202,4895,553,202,0,16,15,11,0,0
62,0.0,0.7,217.36700439453125,196.5240936279297,46,201,4791,504,201,0,16,25,5,0,0
63,0.0,0.6,248.59413146972656,172.62693786621094,69,201,4888,563,201,0,32,15,22,0,0
64,0.0,0.5,263.1390075683594,175.74774169921875,90,200,4769,543,200,0,48,31,11,0,0
65,0.0,0.6,319.9169921875,177.35333251953125,72,201,4872,541,201,0,16,31,25,0,0
66,0.0,0.6,241.5108184814453,213.27430725097656,78,201,4859,572,201,0,16,57,5,0,0
67,0.0,0.8,254.1841583251953,185.12315368652344,58,202,4794,485,202,0,16,31,11,0,0
68,0.0,0.8,211.67608642578125,184.9274444580078,37,201,4910,538,201,0,16,16,5,0,0
69,0.0,0.7,261.1562194824219,213.4529266357422,66,210,5062,567,210,0,16,28,22,0,0
70,0.0,0.9,281.063720703125,157.100341796875,106,204,4959,489,204,0,80,15,11,0,0
71,0.0,0.8,258.3587951660156,197.47181701660156,56,200,4806,594,200,0,16,31,9,0,0
72,0.0,0.8,295.6520690917969,183.31072998046875,58,200,4870,518,200,0,16,31,11,0,0
73,0.0,0.9,293.619384765625,153.39878845214844,70,200,4883,567,200,0,29,11,30,0,0
74,0.0,0.7,276.373779296875,185.93203735351562,87,202,4962,566,202,0,48,12,27,0,0
75,0.0,0.7,223.834716796875,165.13699340820312,106,200,4905,514,200,0,48,47,11,0,0
76,0.0,0.9,253.95420837402344,155.21701049804688,100,202,4959,530,202,0,32,31,37,0,0
77,0.0,0.7,282.4471740722656,176.01904296875,72,205,4952,552,205,0,45,11,16,0,0
78,0.0,0.6,271.9201965332031,170.5150146484375,86,200,4947,546,200,0,32,32,22,0,0
79,0.0,0.9,217.5870819091797,161.31675720214844,90,201,4782,538,201,0,48,31,11,0,0
80,0.0,0.8,269.79901123046875,180.0967559814453,74,202,4905,547,202,0,15,40,19,0,0
81,0.0,0.8,256.2898254394531,209.263671875,50,203,4870,576,203,0,16,10,24,0,0
82,0.0,0.4,286.16534423828125,182.98150634765625,94,200,4795,609,200,0,32,41,21,0,0
83,0.0,0.5,283.3990173339844,196.19615173339844,121,200,4839,545,200,0,64,46,11,0,0
84,0.0,0.5,283.9691162109375,198.46755981445312,87,200,4783,554,200,0,16,37,34,0,0
85,0.0,0.8,299.0135498046875,178.47796630859375,68,200,4810,513,200,0,32,16,20,0,0
86,0.0,0.9,278.28448486328125,187.23899841308594,71,201,4833,564,201,0,32,30,9,0,0
87,0.0,0.4,264.76776123046875,181.53871154785156,55,200,4936,548,200,0,16,12,27,0,0
88,0.0,0.8,283.4281005859375,174.9412841796875,64,200,4855,569,200,0,16,16,32,0,0
89,0.0,0.7,289.4320983886719,170.881103515625,99,201,4804,497,201,0,32,44,23,0,0
90,0.0,0.9,254.90760803222656,165.2506103515625,76,200,4884,537,200,0,13,41,22,0,0
91,0.0,0.8,283.8514099121094,154.2320556640625,86,202,4949,543,202,0,48,16,22,0,0
92,0.0,0.9,267.9737243652344,164.29037475585938,74,200,4756,523,200,0,31,25,18,0,0
93,0.0,0.9,267.4767761230469,181.15493774414062,69,203,5021,551,203,0,32,16,21,0,0
94,0.0,0.5,249.5389862060547,175.30612182617188,92,204,4941,586,204,0,48,25,19,0,0
95,0.0,0.7,257.6836242675781,161.84849548339844,108,200,4869,505,200,0,64,23,21,0,0
96,0.0,1.0,237.9017791748047,161.77069091796875,124,203,4931,524,203,0,64,32,28,0,0
97,0.0,0.7,265.42327880859375,179.45455932617188,85,202,5011,552,202,0,16,44,25,0,0
98,0.0,0.6,246.0810546875,177.97598266601562,118,200,4915,547,200,0,48,48,22,0,0
99,0.0,0.5,230.9097442626953,166.84637451171875,71,207,5029,530,207,0,32,29,10,0,0
100,0.0,0.8,250.09860229492188,168.74827575683594,91,201,4886,548,201,0,31,32,28,0,0
101,0.0,1.0,242.8758087158203,167.38526916503906,108,201,4792,561,201,0,48,32,28,0,0
102,0.0,0.9,289.5071105957031,170.23825073242188,98,204,4973,562,204,0,32,30,36,0,0
103,0.0,0.9,305.497314453125,193.80308532714844,67,201,4920,569,201,0,31,27,9,0,0
104,0.0,0.8,261.3340759277344,173.74404907226562,62,201,4842,543,201,0,14,23,25,0,0
105,0.0,0.8,274.2284240722656,209.8809814453125,56,201,4794,485,201,0,32,15,9,0,0
106,0.0,0.9,231.38763427734375,192.34413146972656,52,201,4741,532,201,0,29,10,13,0,0
107,0.0,0.8,237.18650817871094,172.2987823486328,106,210,5046,586,210,0,80,15,11,0,0
108,0.0,0.5,308.6975402832031,200.3920135498047,85,200,4827,558,200,0,16,40,29,0,0
109,0.0,0.5,291.6266784667969,201.492919921875,106,201,4898,564,201,0,16,53,37,0,0
110,0.0,0.4,300.2743225097656,185.74908447265625,87,203,4881,612,203,0,16,41,30,0,0
111,0.0,0.5,228.16015625,168.58277893066406,71,200,4950,561,200,0,30,24,17,0,0
112,0.0,0.6,305.9096374511719,186.80874633789062,85,201,4828,521,201,0,32,31,22,0,0
113,0.0,0.8,237.9100341796875,199.08187866210938,65,201,4937,586,201,0,15,32,18,0,0
114,0.0,0.8,286.7940368652344,177.2618865966797,90,202,4925,557,202,0,16,57,17,0,0
115,0.0,0.6,276.4767150878906,193.95101928710938,87,203,4925,590,203,0,31,31,25,0,0
116,0.0,0.7,272.77252197265625,181.73739624023438,72,200,4872,520,200,0,16,46,10,0,0
117,0.0,0.9,286.7196960449219,181.12704467773438,131,201,4851,512,201,0,64,41,26,0,0
118,0.0,0.6,259.6659240722656,188.86703491210938,65,202,4863,531,202,0,16,27,22,0,0
119,0.0,0.9,226.05191040039062,198.68844604492188,41,205,4971,592,205,0,16,15,10,0,0
120,0.0,0.5,246.10540771484375,180.43373107910156,84,200,4726,507,200,0,16,31,37,0,0
121,0.0,0.6,251.42596435546875,201.39373779296875,46,201,4783,558,201,0,16,25,5,0,0
122,0.0,0.7,302.1310119628906,197.56190490722656,69,202,4907,528,202,0,29,21,19,0,0
123,0.0,0.6,256.8104248046875,182.54408264160156,84,200,4781,535,200,0,32,15,37,0,0
124,0.0,0.8,276.6292419433594,174.35794067382812,70,200,4849,576,200,0,32,16,22,0,0
125,0.0,1.0,231.9315185546875,163.73629760742188,72,200,4821,520,200,0,32,13,27,0,0
126,0.0,0.6,222.359619140625,193.96664428710938,62,203,4851,565,203,0,16,41,5,0,0
127,0.0,0.7,266.95379638671875,182.94007873535156,58,204,4895,540,204,0,16,31,11,0,0
128,0.0,0.8,282.6722412109375,163.19381713867188,65,200,4864,569,200,0,15,32,18,0,0
129,0.0,0.9,225.4776153564453,170.59628295898438,88,205,4832,540,205,0,47,31,10,0,0
130,0.0,0.7,301.2344665527344,181.64036560058594,60,201,4833,563,201,0,16,25,19,0,0
131,0.0,0.9,259.86859130859375,176.34585571289062,58,200,4861,572,200,0,16,31,11,0,0
132,0.0,0.8,297.7871398925781,204.3379669189453,100,209,4963,558,209,0,16,47,37,0,0
133,0.0,0.9,238.60720825195312,178.6109619140625,72,203,4856,514,203,0,32,31,9,0,0
134,0.0,0.9,272.9369201660156,183.52403259277344,117,207,4917,578,207,0,16,74,27,0,0
135,0.0,0.9,276.3115234375,186.6370849609375,115,202,4871,528,202,0,32,74,9,0,0
136,0.0,0.7,246.07638549804688,170.4153594970703,112,202,4787,564,202,0,16,78,18,0,0
137,0.0,0.7,291.7620544433594,175.89218139648438,68,201,4879,536,201,0,16,27,25,0,0
138,0.0,0.8,283.0871276855469,189.99795532226562,70,203,4763,539,203,0,32,16,22,0,0
139,0.0,0.7,319.2927551269531,193.16966247558594,67,204,4875,574,204,0,16,31,20,0,0
140,0.0,0.7,264.2821960449219,201.77706909179688,52,201,4789,520,201,0,14,27,11,0,0
141,0.0,0.7,317.1843566894531,218.91725158691406,84,215,5288,545,215,0,32,30,22,0,0
142,0.0,0.7,239.92576599121094,172.3873748779297,101,202,4762,533,202,0,16,47,38,0,0
143,0.0,0.8,305.36029052734375,187.22621154785156,53,203,4999,579,203,0,16,15,22,0,0
144,0.0,0.8,301.6785888671875,203.38002014160156,59,202,4800,523,202,0,25,24,10,0,0
145,0.0,1.0,242.07603454589844,191.08241271972656,42,201,4906,541,201,0,16,15,11,0,0
146,0.0,0.7,250.1223907470703,176.23475646972656,73,206,4898,553,206,0,32,31,10,0,0
147,0.0,0.4,249.8501434326172,187.23658752441406,68,201,4883,575,201,0,15,28,25,0,0
148,0.0,0.4,257.3006896972656,193.6507568359375,97,200,4853,572,200,0,32,28,37,0,0
149,0.0,0.8,240.5283966064453,181.0539093017578,91,200,4849,525,200,0,16,46,29,0,0
150,0.0,0.6,256.928955078125,189.88853454589844,57,205,4900,582,205,0,16,31,10,0,0
151,0.0,0.7,256.80328369140625,207.18902587890625,42,202,4738,530,202,0,16,15,11,0,0
152,0.0,0.8,288.8759765625,181.1829833984375,66,202,4891,587,202,0,16,27,23,0,0
153,0.0,0.8,313.16278076171875,208.1892852783203,54,201,4918,587,201,0,15,9,30,0,0
154,0.0,0.8,235.81826782226562,190.16036987304688,55,202,4838,550,202,0,16,30,9,0,0
155,0.0,0.4,264.8592224121094,191.53407287597656,94,200,4842,593,200,0,48,41,5,0,0
156,0.0,0.7,325.5029296875,197.76272583007812,59,200,4914,565,200,0,31,9,19,0,0
157,0.0,0.6,279.56829833984375,166.02366638183594,90,200,4829,511,200,0,48,31,11,0,0
158,0.0,0.7,224.2421417236328,167.2540740966797,84,202,4737,505,202,0,61,10,13,0,0
159,0.0,0.8,262.14666748046875,215.55784606933594,60,207,4971,529,207,0,16,16,28,0,0
160,0.0,0.8,284.2048645019531,187.5388641357422,57,202,4819,570,202,0,16,31,10,0,0
161,0.0,0.6,247.74993896484375,184.1923370361328,108,200,4832,557,200,0,16,56,36,0,0
162,0.0,0.7,247.0049285888672,189.87208557128906,60,201,4854,536,201,0,16,23,21,0,0
163,0.0,0.8,283.38543701171875,194.7855987548828,101,203,4813,587,203,0,32,42,27,0,0
164,0.0,1.0,284.8133850097656,201.49465942382812,70,203,4885,524,203,0,32,16,22,0,0
165,0.0,0.5,320.2754821777344,213.31295776367188,74,201,4871,573,201,0,31,9,34,0,0
166,0.0,0.7,296.96014404296875,204.7776336669922,57,201,4888,581,201,0,16,31,10,0,0
167,0.0,1.0,243.31820678710938,174.85604858398438,107,203,4934,523,203,0,80,5,22,0,0
168,0.0,0.5,233.89700317382812,179.6962127685547,61,201,4919,583,201,0,47,9,5,0,0
169,0.0,0.7,280.99688720703125,166.64024353027344,100,200,4750,520,200,0,32,43,25,0,0
170,0.0,1.0,262.288330078125,162.29052734375,54,200,4722,524,200,0,16,13,25,0,0
171,0.0,0.9,258.7439880371094,176.5121612548828,83,205,4919,518,205,0,48,5,30,0,0
172,0.0,0.7,280.17803955078125,158.07366943359375,114,205,4934,543,205,0,48,46,20,0,0
173,0.0,1.0,322.1932067871094,210.87684631347656,88,202,4849,575,202,0,16,47,25,0,0
174,0.0,0.9,233.88412475585938,202.4588623046875,35,202,4823,533,202,0,15,11,9,0,0
175,0.0,0.8,231.93101501464844,188.4965362548828,71,205,4990,561,205,0,44,12,15,0,0
176,0.0,0.6,304.954833984375,222.3780059814453,72,206,4896,528,206,0,32,31,9,0,0
177,0.0,0.8,260.63043212890625,211.71946716308594,78,201,4837,532,201,0,32,41,5,0,0
178,0.0,0.8,291.5158996582031,168.10357666015625,125,200,4893,527,200,0,64,25,36,0,0
179,0.0,0.8,215.0303955078125,169.97100830078125,88,202,4753,540,202,0,15,62,11,0,0
180,0.0,0.6,242.15576171875,180.46148681640625,78,200,4698,551,200,0,16,57,5,0,0
181,0.0,0.8,251.7040557861328,191.9221649169922,89,205,5045,535,205,0,16,56,17,0,0
182,0.0,0.8,236.2472381591797,184.33656311035156,82,201,4993,547,201,0,16,41,25,0,0
183,0.0,0.9,237.2779083251953,133.1120147705078,68,200,4918,559,200,0,32,16,20,0,0
184,0.0,0.7,303.00140380859375,186.0745086669922,94,200,4874,561,200,0,16,58,20,0,0
185,0.0,0.7,275.77264404296875,179.1071014404297,72,200,4807,528,200,0,45,11,16,0,0
186,0.0,0.5,282.4439697265625,236.65872192382812,64,203,4890,606,203,0,16,16,32,0,0
187,0.0,0.7,244.99795532226562,198.11309814453125,67,202,4855,513,202,0,16,26,25,0,0
188,0.0,0.7,235.82098388671875,156.4319305419922,91,203,4991,541,203,0,57,24,10,0,0
189,0.0,0.8,250.31065368652344,177.24603271484375,83,202,4861,539,202,0,16,46,21,0,0
190,0.0,0.8,243.03350830078125,176.02427673339844,85,203,4794,528,203,0,32,26,27,0,0
191,0.0,0.6,233.51864624023438,184.19996643066406,78,200,4878,528,200,0,48,25,5,0,0
192,0.0,0.8,278.9010314941406,197.9425811767578,58,201,4707,517,201,0,16,31,11,0,0
193,0.0,0.6,318.2449035644531,205.1667022705078,59,202,4864,545,202,0,16,27,16,0,0
194,0.0,0.7,243.51199340820312,173.77285766601562,74,203,5002,532,203,0,32,31,11,0,0
195,0.0,0.5,324.5441589355469,208.50384521484375,74,202,4841,573,202,0,16,47,11,0,0
196,0.0,0.7,264.0701904296875,192.17324829101562,57,204,4882,548,204,0,16,36,5,0,0
197,0.0,0.7,252.8745880126953,184.76620483398438,84,202,4949,538,202,0,47,12,25,0,0
198,0.0,0.8,310.386474609375,192.26585388183594,84,204,5004,544,204,0,16,31,37,0,0
199,0.0,0.8,261.3086242675781,185.1099395751953,77,200,4876,552,200,0,32,25,20,0,0
0,0.5,0.7,261.61614990234375,215.88897705078125,53,202,4924,540,202,0,16,32,5,0,0
1,0.5,0.7,238.8010711669922,217.9223175048828,49,208,5035,589,208,0,16,16,17,0,0
2,0.5,0.8,264.8570251464844,197.86965942382812,53,204,4953,528,204,0,16,16,21,0,0
3,0.5,0.7,229.64486694335938,178.69886779785156,93,203,4871,517,203,0,79,9,5,0,0
4,0.5,0.5,262.6011657714844,232.03794860839844,57,203,4832,547,203,0,16,31,10,0,0
5,0.5,0.7,254.32818603515625,234.75135803222656,42,201,4879,546,201,0,16,15,11,0,0
6,0.5,0.5,300.98443603515625,212.2748565673828,70,202,4832,562,202,0,32,16,22,0,0
7,0.5,0.4,273.2244873046875,198.95053100585938,90,200,4875,540,200,0,32,47,11,0,0
8,0.5,0.9,268.6815490722656,217.8797607421875,69,205,4969,542,205,0,16,31,22,0,0
9,0.5,0.5,308.078369140625,198.7803192138672,69,200,4809,580,200,0,32,16,21,0,0
10,0.5,0.7,315.5651550292969,215.70993041992188,100,203,4871,577,203,0,48,15,37,0,0
11,0.5,0.7,316.57110595703125,252.65663146972656,68,216,5155,548,216,0,16,15,37,0,0
12,0.5,0.5,273.9770202636719,212.23684692382812,86,201,5005,521,201,0,48,16,22,0,0
13,0.5,0.9,300.96661376953125,205.22958374023438,91,200,4813,569,200,0,48,16,27,0,0
14,0.5,0.8,279.55859375,192.72825622558594,73,203,4918,573,203,0,48,15,10,0,0
15,0.5,0.6,281.95257568359375,213.90626525878906,68,203,4993,559,203,0,32,16,20,0,0
16,0.5,0.5,324.2347412109375,207.83653259277344,43,201,4855,541,201,0,16,5,22,0,0
17,0.5,0.8,298.2674865722656,206.34967041015625,135,201,4873,523,201,0,64,41,30,0,0
18,0.5,0.8,212.97283935546875,204.2467041015625,61,201,4887,545,201,0,47,9,5,0,0
19,0.5,0.5,284.7509765625,204.4276580810547,50,211,5072,535,211,0,16,16,18,0,0
20,0.5,0.3,315.8960266113281,206.7210235595703,59,208,5013,600,208,0,16,16,27,0,0
21,0.5,0.5,291.47308349609375,204.37091064453125,70,200,4856,533,200,0,32,16,22,0,0
22,0.5,0.8,254.41616821289062,219.9913787841797,61,201,4809,567,201,0,32,24,5,0,0
23,0.5,0.7,247.27304077148438,195.7780303955078,90,202,4907,553,202,0,48,31,11,0,0
24,0.5,0.6,255.49363708496094,191.65005493164062,71,201,4799,571,201,0,32,30,9,0,0
25,0.5,0.9,326.5117492675781,210.03134155273438,98,200,4834,505,200,0,48,32,18,0,0
26,0.5,1.0,316.33587646484375,192.6518096923828,78,205,5046,515,205,0,26,27,25,0,0
27,0.5,0.4,294.50653076171875,190.21372985839844,84,200,4757,559,200,0,48,16,20,0,0
28,0.5,0.5,279.20159912109375,213.77886962890625,89,200,4823,579,200,0,48,31,10,0,0
29,0.5,0.9,258.07830810546875,180.9231719970703,74,202,4951,528,202,0,16,47,11,0,0
30,0.5,0.6,277.7780456542969,202.02139282226562,82,202,4805,559,202,0,48,16,18,0,0
31,0.5,0.8,275.6806640625,230.36061096191406,41,204,4870,581,204,0,13,7,21,0,0
32,0.5,0.7,267.8833312988281,197.0659942626953,41,201,4884,566,201,0,16,15,10,0,0
33,0.5,0.8,294.4718933105469,199.82139587402344,69,201,4870,558,201,0,32,16,21,0,0
34,0.5,0.8,255.04721069335938,186.606201171875,98,201,4800,511,201,0,47,30,21,0,0
35,0.5,0.8,285.4123229980469,238.5406951904297,62,202,4927,536,202,0,16,41,5,0,0
36,0.5,0.6,265.6303405761719,190.21058654785156,101,200,4868,477,200,0,64,16,21,0,0
37,0.5,0.8,330.4971618652344,220.75363159179688,73,200,4796,566,200,0,32,15,26,0,0
38,0.5,0.7,325.31524658203125,224.9191436767578,101,200,4776,563,200,0,64,16,21,0,0
39,0.5,0.7,274.0722351074219,192.1588592529297,62,201,4811,528,201,0,16,41,5,0,0
40,0.5,0.8,285.44970703125,189.41456604003906,116,200,4844,573,200,0,32,62,22,0,0
41,0.5,0.3,329.26788330078125,224.3788604736328,86,203,4915,578,203,0,16,45,25,0,0
42,0.5,0.6,259.1318054199219,195.44241333007812,66,204,4921,607,204,0,32,25,9,0,0
43,0.5,0.6,325.5,227.07754516601562,67,200,4756,559,200,0,47,11,9,0,0
44,0.5,0.8,275.33282470703125,200.44729614257812,56,200,4937,561,200,0,16,29,11,0,0
45,0.5,0.6,290.7569580078125,222.60057067871094,88,205,4774,510,205,0,16,31,41,0,0
46,0.5,0.7,309.5586242675781,207.0933837890625,128,202,4803,595,202,0,32,62,34,0,0
47,0.5,0.8,310.4284362792969,205.29701232910156,69,200,4785,561,200,0,32,16,21,0,0
48,0.5,0.6,321.25445556640625,204.47900390625,69,210,5053,547,210,0,32,16,21,0,0
49,0.5,0.7,308.6831970214844,230.58811950683594,110,201,4828,558,201,0,32,46,32,0,0
50,0.5,0.7,336.76055908203125,251.03167724609375,69,200,4734,493,200,0,32,16,21,0,0
51,0.5,0.7,240.04856872558594,209.72792053222656,85,200,4840,492,200,0,16,48,21,0,0
52,0.5,0.6,292.11309814453125,227.7701873779297,86,201,4863,561,201,0,48,13,25,0,0
53,0.5,0.6,256.2710266113281,208.87278747558594,67,205,4947,596,205,0,16,30,21,0,0
54,0.5,0.6,307.63763427734375,232.86744689941406,68,201,4899,543,201,0,32,16,20,0,0
55,0.5,0.7,310.1584777832031,215.86033630371094,76,200,4935,548,200,0,16,32,28,0,0
56,0.5,0.6,279.92352294921875,188.9939422607422,57,200,4882,563,200,0,32,15,10,0,0
57,0.5,0.9,312.15142822265625,229.06491088867188,117,203,4799,531,203,0,32,64,21,0,0
58,0.5,0.6,294.5191955566406,251.42625427246094,61,204,4865,515,204,0,32,24,5,0,0
59,0.5,0.8,255.26126098632812,182.46205139160156,53,200,4808,607,200,0,16,16,21,0,0
60,0.5,0.8,270.98870849609375,208.67967224121094,91,200,4831,553,200,0,63,11,17,0,0
61,0.5,0.7,258.8108825683594,209.12252807617188,80,201,4812,525,201,0,16,32,32,0,0
62,0.5,0.9,266.7913818359375,190.1535186767578,90,203,4865,535,203,0,48,31,11,0,0
63,0.5,0.3,323.4269104003906,220.33526611328125,84,209,4905,511,209,0,32,31,21,0,0
64,0.5,0.6,312.3918151855469,200.94813537597656,66,201,4860,577,201,0,16,32,18,0,0
65,0.5,0.7,230.13890075683594,189.5343475341797,57,201,4855,540,201,0,16,31,10,0,0
66,0.5,0.7,282.3775329589844,206.56448364257812,57,203,4844,553,203,0,32,15,10,0,0
67,0.5,0.8,303.6787414550781,213.8361358642578,113,201,4957,596,201,0,64,24,25,0,0
68,0.5,0.8,261.59967041015625,191.37718200683594,76,200,4756,596,200,0,32,25,19,0,0
69,0.5,0.8,271.96453857421875,192.5467529296875,83,200,4778,558,200,0,31,30,22,0,0
70,0.5,0.7,291.8281555175781,208.62294006347656,101,200,4770,565,200,0,64,16,21,0,0
71,0.5,0.6,230.47731018066406,221.5813446044922,78,201,4807,583,201,0,16,57,5,0,0
72,0.5,0.7,241.7227325439453,190.44122314453125,118,201,4784,536,201,0,32,64,22,0,0
73,0.5,0.7,282.2756042480469,192.25106811523438,101,203,4911,544,203,0,48,32,21,0,0
74,0.5,0.8,369.3945007324219,245.59722900390625,56,202,4860,562,202,0,16,15,25,0,0
75,0.5,0.4,266.6635437011719,226.286865234375,53,202,4852,546,202,0,16,16,21,0,0
76,0.5,0.7,270.2429504394531,199.30271911621094,105,201,4734,529,201,0,32,62,11,0,0
77,0.5,0.4,320.6120910644531,229.53839111328125,98,203,4857,563,203,0,47,30,21,0,0
78,0.5,0.8,253.14610290527344,185.11184692382812,110,203,4909,565,203,0,32,73,5,0,0
79,0.5,0.5,293.1092529296875,234.39627075195312,85,207,4937,550,207,0,16,48,21,0,0
80,0.5,0.5,302.6430969238281,198.67648315429688,99,200,4769,537,200,0,47,30,22,0,0
81,0.5,0.6,247.24942016601562,190.3185577392578,70,204,4988,506,204,0,32,16,22,0,0
82,0.5,0.7,324.45806884765625,232.96575927734375,70,201,4808,525,201,0,16,32,22,0,0
83,0.5,0.7,258.3813171386719,203.9913787841797,93,201,4916,585,201,0,32,56,5,0,0
84,0.5,0.9,310.8659973144531,195.59060668945312,78,210,5000,588,210,0,16,31,31,0,0
85,0.5,0.6,282.7754211425781,196.1597900390625,69,202,4918,572,202,0,32,16,21,0,0
86,0.5,0.7,274.6545104980469,215.98843383789062,69,201,4799,536,201,0,16,32,21,0,0
87,0.5,0.5,232.61997985839844,232.61997985839844,29,200,4823,542,200,0,15,9,5,0,0
88,0.5,0.8,262.5724182128906,203.90325927734375,96,201,4770,534,201,0,47,32,17,0,0
89,0.5,0.6,276.96136474609375,219.05213928222656,82,200,4796,577,200,0,48,16,18,0,0
90,0.5,0.4,304.57147216796875,212.9184112548828,54,200,4878,555,200,0,16,16,22,0,0
91,0.5,0.7,234.2003936767578,209.47866821289062,55,205,5067,612,205,0,16,29,10,0,0
92,0.5,0.9,283.78070068359375,208.9377899169922,54,202,4833,535,202,0,16,16,22,0,0
93,0.5,0.7,332.5794372558594,212.8035430908203,89,207,4956,564,207,0,32,47,10,0,0
94,0.5,0.7,256.6551513671875,202.646484375,55,202,4879,538,202,0,29,15,11,0,0
95,0.5,0.6,327.9970397949219,220.12322998046875,70,202,4797,558,202,0,32,16,22,0,0
96,0.5,0.5,296.61431884765625,201.78836059570312,55,201,4888,570,201,0,28,12,15,0,0
97,0.5,0.7,304.0422058105469,197.07278442382812,70,202,4728,530,202,0,32,16,22,0,0
98,0.5,0.8,277.1376647949219,201.2479705810547,85,201,4812,521,201,0,48,16,21,0,0
99,0.5,0.8,326.5354309082031,206.20555114746094,86,200,4749,529,200,0,48,16,22,0,0
100,0.5,0.6,284.18756103515625,209.35755920410156,53,203,4928,545,203,0,16,16,21,0,0
101,0.5,0.6,280.22430419921875,208.10108947753906,50,202,4774,565,202,0,16,16,18,0,0
102,0.5,0.6,247.27658081054688,174.9512176513672,69,203,4917,573,203,0,32,16,21,0,0
103,0.5,0.5,263.2327575683594,192.73330688476562,94,200,4840,594,200,0,32,41,21,0,0
104,0.5,0.5,289.2794189453125,224.3541717529297,104,201,4792,554,201,0,32,40,32,0,0
105,0.5,0.5,250.31187438964844,202.95997619628906,61,202,4827,550,202,0,47,9,5,0,0
106,0.5,0.9,261.9638366699219,211.98709106445312,68,200,4774,537,200,0,32,16,20,0,0
107,0.5,0.4,358.0630187988281,267.398681640625,105,207,4887,603,207,0,32,47,26,0,0
108,0.5,0.4,317.0608215332031,222.0294189453125,68,201,4849,570,201,0,32,16,20,0,0
109,0.5,0.6,271.5076904296875,202.44180297851562,83,200,4869,548,200,0,16,46,21,0,0
110,0.5,0.6,317.25689697265625,244.04690551757812,69,203,4882,569,203,0,32,16,21,0,0
111,0.5,0.8,281.46502685546875,211.82476806640625,53,200,4824,599,200,0,16,16,21,0,0
112,0.5,0.6,306.5441589355469,224.2693328857422,84,205,4903,605,205,0,16,46,22,0,0
113,0.5,0.6,302.2673034667969,215.0472412109375,82,201,4815,581,201,0,32,30,20,0,0
114,0.5,0.7,363.2057800292969,213.3795623779297,86,200,4775,535,200,0,48,16,22,0,0
115,0.5,0.6,336.74090576171875,230.94883728027344,68,212,4994,603,212,0,32,12,24,0,0
116,0.5,0.7,308.6546630859375,174.92535400390625,124,206,4872,608,206,0,64,32,28,0,0
117,0.5,0.8,251.53610229492188,202.93421936035156,100,202,4815,559,202,0,32,48,20,0,0
118,0.5,0.7,319.7987060546875,190.4822540283203,68,201,4826,617,201,0,32,16,20,0,0
119,0.5,0.2,329.52471923828125,238.05294799804688,83,200,4834,572,200,0,31,30,22,0,0
120,0.5,0.6,303.3323059082031,219.90869140625,96,201,4850,617,201,0,32,32,32,0,0
121,0.5,0.7,313.1213073730469,202.95362854003906,45,201,4904,577,201,0,10,26,9,0,0
122,0.5,0.5,320.5101318359375,232.26962280273438,70,211,5025,571,211,0,32,16,22,0,0
123,0.5,0.7,304.7900390625,204.07662963867188,57,202,4891,543,202,0,16,31,10,0,0
124,0.5,0.8,269.88812255859375,218.74119567871094,57,205,4945,534,205,0,15,31,11,0,0
125,0.5,0.8,313.5284729003906,209.40965270996094,53,203,4886,558,203,0,16,16,21,0,0
126,0.5,0.8,274.752685546875,204.84292602539062,116,201,4854,505,201,0,64,15,37,0,0
127,0.5,1.0,293.5275573730469,225.376953125,69,201,4793,555,201,0,32,16,21,0,0
128,0.5,0.6,273.8938293457031,221.08973693847656,54,202,4998,554,202,0,16,16,22,0,0
129,0.5,0.9,302.1683654785156,198.7927703857422,82,201,4821,566,201,0,48,16,18,0,0
130,0.5,0.7,279.1741027832031,208.74774169921875,99,200,4817,553,200,0,47,30,22,0,0
131,0.5,0.7,284.4433898925781,193.78294372558594,89,203,4852,574,203,0,43,26,20,0,0
132,0.5,0.5,281.2095642089844,211.66917419433594,75,202,4994,588,202,0,32,38,5,0,0
133,0.5,0.8,277.1082458496094,204.0998992919922,103,200,4884,559,200,0,48,29,26,0,0
134,0.5,0.7,274.8430480957031,223.15969848632812,69,201,4725,562,201,0,16,26,27,0,0
135,0.5,0.7,322.48748779296875,213.38339233398438,57,202,4856,521,202,0,32,15,10,0,0
136,0.5,0.6,293.5883483886719,195.34521484375,68,201,4931,553,201,0,16,27,25,0,0
137,0.5,0.7,288.1123046875,182.39370727539062,113,200,4831,578,200,0,48,28,37,0,0
138,0.5,0.6,301.9356689453125,237.42750549316406,58,202,4781,579,202,0,16,31,11,0,0
139,0.5,0.9,307.8619689941406,217.81375122070312,70,215,5059,544,215,0,32,16,22,0,0
140,0.5,0.8,251.71975708007812,175.11862182617188,137,200,4800,539,200,0,62,48,27,0,0
141,0.5,0.8,265.43634033203125,229.3138885498047,45,201,4780,543,201,0,16,24,5,0,0
142,0.5,0.6,301.0288391113281,197.7660369873047,101,201,4838,550,201,0,48,32,21,0,0
143,0.5,0.8,309.0605773925781,252.62405395507812,95,202,4877,550,202,0,14,56,25,0,0
144,0.5,0.4,305.6424560546875,201.5270233154297,80,201,4811,483,201,0,32,16,32,0,0
145,0.5,0.7,291.0826721191406,186.89938354492188,74,202,4994,546,202,0,32,31,11,0,0
146,0.5,0.9,323.41192626953125,193.72669982910156,85,200,4789,520,200,0,32,32,21,0,0
147,0.5,0.6,294.8944396972656,218.0955047607422,73,202,4758,584,202,0,32,31,10,0,0
148,0.5,0.8,291.041015625,218.68359375,70,201,4772,531,201,0,32,16,22,0,0
149,0.5,0.8,262.5760192871094,188.92721557617188,86,204,4929,581,204,0,32,32,22,0,0
150,0.5,0.3,279.4132080078125,222.25399780273438,81,216,5188,571,216,0,32,32,17,0,0
151,0.5,0.6,276.46417236328125,206.71339416503906,54,200,4755,550,200,0,16,16,22,0,0
152,0.5,0.5,321.0853271484375,234.7133026123047,53,200,4673,551,200,0,16,16,21,0,0
153,0.5,1.0,319.85821533203125,200.16551208496094,54,201,4771,540,201,0,16,16,22,0,0
154,0.5,0.8,291.3630676269531,211.31546020507812,85,208,4807,572,208,0,32,32,21,0,0
155,0.5,0.7,273.57611083984375,191.87637329101562,73,200,4799,558,200,0,45,7,21,0,0
156,0.5,0.9,278.3514404296875,198.28915405273438,42,200,4867,566,200,0,16,15,11,0,0
157,0.5,0.6,252.65284729003906,172.58103942871094,64,206,4878,580,206,0,16,31,17,0,0
158,0.5,0.8,326.46087646484375,214.2091827392578,54,204,4958,575,204,0,16,16,22,0,0
159,0.5,0.7,274.6549377441406,203.6518096923828,82,202,4951,596,202,0,16,46,20,0,0
160,0.5,0.4,249.8742218017578,211.12387084960938,72,204,4895,530,204,0,16,45,11,0,0
161,0.5,0.8,268.3594970703125,199.8563232421875,62,201,4874,555,201,0,16,41,5,0,0
162,0.5,0.7,294.8240966796875,190.59132385253906,74,202,4881,548,202,0,16,47,11,0,0
163,0.5,0.6,243.89678955078125,174.69760131835938,74,221,5306,544,221,0,32,31,11,0,0
164,0.5,0.7,262.6965026855469,222.2750701904297,54,201,4857,549,201,0,16,16,22,0,0
165,0.5,0.7,239.83982849121094,193.64285278320312,53,200,4892,535,200,0,16,16,21,0,0
166,0.5,0.6,318.02008056640625,192.56407165527344,69,201,4806,522,201,0,32,16,21,0,0
167,0.5,1.0,277.4114074707031,200.9882049560547,81,202,4945,561,202,0,32,31,18,0,0
168,0.5,0.5,278.11907958984375,197.8453826904297,87,200,4844,554,200,0,16,44,27,0,0
169,0.5,0.6,378.3249206542969,210.8680877685547,69,200,4688,511,200,0,32,16,21,0,0
170,0.5,0.6,273.310546875,182.69297790527344,74,201,4868,546,201,0,32,31,11,0,0
171,0.5,0.6,321.9910888671875,237.62818908691406,70,202,4844,589,202,0,32,16,22,0,0
172,0.5,0.7,292.29559326171875,212.6436004638672,88,202,4749,558,202,0,16,49,23,0,0
173,0.5,0.6,282.8331604003906,238.04608154296875,66,200,4718,537,200,0,15,30,21,0,0
174,0.5,0.4,331.86737060546875,221.74673461914062,69,204,4932,533,204,0,32,16,21,0,0
175,0.5,0.5,329.0205383300781,222.63035583496094,53,200,4893,583,200,0,16,16,21,0,0
176,0.5,0.7,276.9327087402344,217.06150817871094,85,200,4872,522,200,0,32,31,22,0,0
177,0.5,0.8,328.53448486328125,210.80075073242188,56,201,4795,547,201,0,16,15,25,0,0
178,0.5,0.9,252.4459991455078,210.35784912109375,59,200,4879,560,200,0,16,38,5,0,0
179,0.5,0.5,302.12030029296875,207.7618408203125,68,201,4728,530,201,0,16,28,24,0,0
180,0.5,0.9,260.88232421875,226.41546630859375,65,202,4854,503,202,0,16,23,26,0,0
181,0.5,0.9,356.5281677246094,250.68746948242188,81,206,4919,579,206,0,31,30,20,0,0
182,0.5,0.9,315.62066650390625,222.30455017089844,92,202,4838,582,202,0,32,43,17,0,0
183,0.5,1.0,253.80836486816406,214.5974578857422,70,201,4958,561,201,0,16,32,22,0,0
184,0.5,0.6,238.19992065429688,168.19451904296875,69,201,4703,532,201,0,32,16,21,0,0
185,0.5,0.6,317.046630859375,217.4389190673828,106,207,4890,586,207,0,47,32,27,0,0
186,0.5,0.6,284.51708984375,220.29653930664062,85,201,4853,588,201,0,16,48,21,0,0
187,0.5,0.7,330.96490478515625,239.00411987304688,89,202,4870,637,202,0,32,31,26,0,0
188,0.5,0.7,258.9225158691406,209.782470703125,78,204,5026,578,204,0,48,25,5,0,0
189,0.5,0.7,293.8118591308594,217.87818908691406,66,203,4955,538,203,0,16,32,18,0,0
190,0.5,0.6,272.8826599121094,221.1398162841797,39,204,4850,566,204,0,12,12,15,0,0
191,0.5,0.6,300.123046875,229.4755401611328,83,204,4871,584,204,0,31,30,22,0,0
192,0.5,0.7,346.63525390625,234.16664123535156,81,200,4674,504,200,0,32,32,17,0,0
193,0.5,0.4,251.98529052734375,173.46563720703125,69,201,4899,531,201,0,32,16,21,0,0
194,0.5,0.5,294.6439514160156,211.4270477294922,70,201,4721,577,201,0,32,16,22,0,0
195,0.5,0.5,304.66461181640625,229.94659423828125,68,202,4745,512,202,0,16,30,22,0,0
196,0.5,0.7,285.4976806640625,199.52755737304688,76,201,4678,560,201,0,16,39,21,0,0
197,0.5,0.6,278.1263122558594,181.73397827148438,70,206,4960,552,206,0,32,16,22,0,0
198,0.5,0.8,332.56756591796875,227.7527313232422,68,202,4963,523,202,0,32,16,20,0,0
199,0.5,0.8,291.6999206542969,235.92820739746094,76,202,4804,511,202,0,16,31,29,0,0
0,1.0,0.3,322.6681213378906,246.12637329101562,83,203,4782,541,203,0,43,35,5,0,0
1,1.0,0.7,340.27252197265625,257.17523193359375,57,200,4740,551,200,0,15,31,11,0,0
2,1.0,0.5,355.8259582519531,296.3937683105469,94,200,4793,601,200,0,48,41,5,0,0
3,1.0,0.7,381.7657470703125,287.3235168457031,99,218,5190,619,218,0,47,30,22,0,0
4,1.0,0.6,454.7391357421875,322.7364501953125,82,201,4737,540,201,0,32,32,18,0,0
5,1.0,0.3,413.9608154296875,288.7574157714844,69,201,4822,552,201,0,32,16,21,0,0
6,1.0,0.3,376.84735107421875,309.299072265625,69,216,5137,510,216,0,32,16,21,0,0
7,1.0,0.2,346.5884704589844,301.7795104980469,41,202,4752,550,202,0,16,15,10,0,0
8,1.0,0.8,322.9769287109375,279.658447265625,73,200,4706,557,200,0,48,15,10,0,0
9,1.0,0.6,356.4657897949219,267.5561828613281,69,205,4875,528,205,0,32,16,21,0,0
10,1.0,0.4,379.6657409667969,304.1640625,101,201,4714,514,201,0,48,32,21,0,0
11,1.0,0.6,318.94189453125,318.94189453125,29,201,4895,574,201,0,15,9,5,0,0
12,1.0,0.6,397.4401550292969,290.1861877441406,69,203,4878,570,203,0,32,16,21,0,0
13,1.0,0.7,326.3417663574219,249.92193603515625,69,214,5083,541,214,0,32,16,21,0,0
14,1.0,0.7,357.03131103515625,251.64370727539062,71,204,4884,544,204,0,44,12,15,0,0
15,1.0,0.3,358.88922119140625,309.6833190917969,45,206,4789,582,206,0,11,24,10,0,0
16,1.0,0.6,369.7708740234375,302.7135314941406,69,203,4891,593,203,0,32,16,21,0,0
17,1.0,0.5,378.3117370605469,311.5920715332031,69,204,4824,590,204,0,16,26,27,0,0
18,1.0,0.7,467.5478515625,371.1372375488281,69,208,4934,607,208,0,32,16,21,0,0
19,1.0,0.7,390.550048828125,260.5732116699219,68,200,4687,543,200,0,32,16,20,0,0
20,1.0,0.9,294.5122375488281,229.35336303710938,99,225,5355,577,225,0,16,56,27,0,0
21,1.0,0.5,352.3515625,280.67864990234375,85,200,4787,583,200,0,48,16,21,0,0
22,1.0,0.5,382.25421142578125,306.1932373046875,53,200,4719,553,200,0,16,16,21,0,0
23,1.0,0.9,336.0603332519531,252.06761169433594,69,200,4729,576,200,0,32,16,21,0,0
24,1.0,0.7,326.4664001464844,233.721923828125,68,206,4843,527,206,0,32,16,20,0,0
25,1.0,0.5,349.78619384765625,292.1428527832031,78,207,4739,595,207,0,16,57,5,0,0
26,1.0,0.4,428.37335205078125,300.70660400390625,52,204,4757,608,204,0,16,16,20,0,0
27,1.0,0.7,373.531005859375,308.8756103515625,69,204,4831,566,204,0,32,16,21,0,0
28,1.0,0.7,361.703125,292.73876953125,89,202,4867,571,202,0,48,31,10,0,0
29,1.0,0.5,353.9527282714844,278.5214538574219,62,202,4757,550,202,0,32,25,5,0,0
30,1.0,0.6,368.0743408203125,281.0109558105469,86,225,5267,592,225,0,32,32,22,0,0
31,1.0,0.5,337.1475830078125,295.4336242675781,93,206,4762,587,206,0,64,24,5,0,0
32,1.0,0.5,363.301513671875,315.0383605957031,58,201,4780,537,201,0,16,37,5,0,0
33,1.0,0.7,382.68756103515625,290.0502624511719,86,204,4704,505,204,0,48,16,22,0,0
34,1.0,0.4,343.3502197265625,275.1335754394531,69,203,4743,607,203,0,32,16,21,0,0
35,1.0,0.3,377.2440490722656,289.1634521484375,69,200,4865,523,200,0,32,16,21,0,0
36,1.0,1.0,463.35809326171875,321.2892150878906,69,202,4838,560,202,0,16,26,27,0,0
37,1.0,0.6,353.5346374511719,255.16612243652344,62,200,4626,593,200,0,32,25,5,0,0
38,1.0,0.8,366.3278503417969,312.9138488769531,70,201,4790,570,201,0,32,16,22,0,0
39,1.0,0.8,323.5870361328125,323.5870361328125,29,201,4616,546,201,0,15,9,5,0,0
40,1.0,0.6,396.80194091796875,322.73004150390625,70,207,4907,571,207,0,32,16,22,0,0
41,1.0,0.5,390.3255920410156,294.1133728027344,85,209,4969,608,209,0,32,32,21,0,0
42,1.0,0.5,359.2203063964844,274.4811096191406,69,213,4959,546,213,0,32,16,21,0,0
43,1.0,0.2,486.40625,351.68609619140625,70,210,4945,564,210,0,32,16,22,0,0
44,1.0,0.7,347.04461669921875,295.3965148925781,83,205,4725,598,205,0,16,41,26,0,0
45,1.0,0.5,429.4521789550781,335.2731018066406,65,204,4730,613,204,0,32,16,17,0,0
46,1.0,0.8,283.2158508300781,283.2158508300781,29,209,4837,578,209,0,15,9,5,0,0
47,1.0,0.5,362.9976806640625,290.8629455566406,56,205,4830,596,205,0,16,29,11,0,0
48,1.0,0.4,363.3629150390625,307.12835693359375,86,200,4738,600,200,0,48,16,22,0,0
49,1.0,0.7,351.8233642578125,264.5552673339844,53,203,4822,534,203,0,16,16,21,0,0
50,1.0,0.8,327.3088073730469,257.7867736816406,94,200,4801,549,200,0,64,25,5,0,0
51,1.0,0.7,281.59832763671875,281.59832763671875,29,205,4802,557,205,0,15,9,5,0,0
52,1.0,0.6,388.0961608886719,338.0359191894531,46,206,4784,569,206,0,16,25,5,0,0
53,1.0,0.6,360.283935546875,281.9010009765625,86,206,4825,569,206,0,48,16,22,0,0
54,1.0,0.6,348.7341613769531,288.1169128417969,74,202,4831,608,202,0,32,37,5,0,0
55,1.0,0.2,367.4044189453125,326.1221618652344,53,201,4827,545,201,0,16,32,5,0,0
56,1.0,0.7,373.9561462402344,249.17311096191406,69,201,4696,543,201,0,32,16,21,0,0
57,1.0,0.5,334.3964538574219,288.8753967285156,67,200,4646,532,200,0,15,30,22,0,0
58,1.0,0.6,359.9884948730469,255.44432067871094,80,202,4781,593,202,0,32,31,17,0,0
59,1.0,0.5,362.1507263183594,271.56903076171875,81,200,4821,594,200,0,31,30,20,0,0
60,1.0,0.5,338.4686279296875,308.8298645019531,23,207,4843,610,207,0,2,16,5,0,0
61,1.0,0.5,389.0218200683594,284.884033203125,69,200,4753,552,200,0,32,16,21,0,0
62,1.0,0.7,324.24884033203125,221.0873565673828,133,200,4780,569,200,0,96,16,21,0,0
63,1.0,0.5,376.102783203125,263.73162841796875,70,204,4825,528,204,0,32,16,22,0,0
64,1.0,0.4,408.6077880859375,347.102294921875,69,201,4826,530,201,0,32,16,21,0,0
65,1.0,0.4,352.9481201171875,280.4635925292969,70,216,5109,588,216,0,32,16,22,0,0
66,1.0,0.6,399.9576416015625,344.4709167480469,104,210,4947,582,210,0,48,51,5,0,0
67,1.0,0.8,356.2617492675781,260.82916259765625,70,202,4849,538,202,0,32,16,22,0,0
68,1.0,0.6,395.0224609375,264.70941162109375,53,200,4760,577,200,0,16,16,21,0,0
69,1.0,0.7,335.7544860839844,268.500244140625,69,206,4879,538,206,0,32,16,21,0,0
70,1.0,0.7,364.7984313964844,300.4408874511719,41,202,4786,619,202,0,16,15,10,0,0
71,1.0,0.5,328.6239929199219,273.83294677734375,62,201,4761,599,201,0,32,25,5,0,0
72,1.0,0.5,378.3252258300781,287.0453186035156,83,205,4880,586,205,0,31,30,22,0,0
73,1.0,0.7,336.83831787109375,295.65264892578125,70,211,4982,579,211,0,32,16,22,0,0
74,1.0,0.5,349.09954833984375,281.78009033203125,99,204,4896,585,204,0,47,30,22,0,0
75,1.0,0.7,311.8894958496094,282.2434387207031,77,201,4757,565,201,0,63,9,5,0,0
76,1.0,0.7,294.38995361328125,273.4405517578125,41,203,4915,618,203,0,16,15,10,0,0
77,1.0,0.6,352.7972717285156,299.1684265136719,69,202,4818,600,202,0,16,26,27,0,0
78,1.0,0.8,333.31884765625,274.6986083984375,57,203,4767,600,203,0,32,15,10,0,0
79,1.0,0.6,383.8198547363281,281.77484130859375,69,201,4603,546,201,0,32,16,21,0,0
80,1.0,0.8,322.25738525390625,281.5544128417969,41,202,4872,593,202,0,16,15,10,0,0
81,1.0,0.5,323.8804931640625,285.0870361328125,92,204,4751,557,204,0,16,71,5,0,0
82,1.0,0.6,396.3016357421875,331.6952209472656,42,202,4779,560,202,0,16,15,11,0,0
83,1.0,0.6,382.5292053222656,338.16400146484375,69,202,4818,618,202,0,32,16,21,0,0
84,1.0,0.7,365.9609680175781,248.52944946289062,69,201,4775,536,201,0,32,16,21,0,0
85,1.0,0.6,321.8501281738281,290.260498046875,76,201,4836,607,201,0,16,55,5,0,0
86,1.0,0.5,362.2984619140625,270.85223388671875,70,201,4779,578,201,0,32,16,22,0,0
87,1.0,0.3,366.83355712890625,313.7646789550781,70,205,4882,547,205,0,32,16,22,0,0
88,1.0,0.6,383.6124267578125,317.4584655761719,102,211,4970,547,211,0,64,16,22,0,0
89,1.0,0.4,345.20623779296875,301.7418212890625,62,224,5224,556,224,0,32,25,5,0,0
90,1.0,0.5,357.9209289550781,250.42433166503906,70,200,4849,503,200,0,32,16,22,0,0
91,1.0,0.6,345.7591247558594,281.7171325683594,82,202,4834,599,202,0,31,30,21,0,0
92,1.0,0.7,322.85736083984375,214.8360137939453,104,200,4910,602,200,0,59,25,20,0,0
93,1.0,0.6,391.9211730957031,328.82080078125,97,200,4690,604,200,0,46,30,21,0,0
94,1.0,0.4,349.7402648925781,276.0444030761719,65,206,4870,571,206,0,15,30,20,0,0
95,1.0,0.4,419.382080078125,305.22161865234375,70,200,4589,551,200,0,32,16,22,0,0
96,1.0,0.5,439.8472595214844,338.9842224121094,66,205,4805,591,205,0,15,30,21,0,0
97,1.0,0.5,327.9736328125,267.95318603515625,103,201,4618,557,201,0,16,60,27,0,0
98,1.0,0.3,334.15325927734375,286.90679931640625,58,200,4653,585,200,0,16,37,5,0,0
99,1.0,0.4,386.792724609375,280.24041748046875,68,202,4823,587,202,0,32,17,19,0,0
100,1.0,0.5,376.2160949707031,343.6920166015625,83,201,4805,573,201,0,16,45,22,0,0
101,1.0,0.6,344.5572204589844,306.1293029785156,49,206,4935,556,206,0,13,31,5,0,0
102,1.0,0.6,371.10009765625,287.412109375,82,200,4749,516,200,0,31,30,21,0,0
103,1.0,0.6,411.3879699707031,379.9095153808594,91,202,4721,599,202,0,16,58,17,0,0
104,1.0,0.5,364.6354675292969,305.01129150390625,85,200,4806,614,200,0,32,32,21,0,0
105,1.0,0.6,333.3620910644531,256.4477844238281,54,202,4838,577,202,0,16,16,22,0,0
106,1.0,0.7,358.6885986328125,300.5670471191406,78,200,4757,553,200,0,48,25,5,0,0
107,1.0,0.3,422.93829345703125,312.419921875,57,201,4829,571,201,0,32,15,10,0,0
108,1.0,0.5,369.09869384765625,268.6993408203125,53,205,4870,527,205,0,16,16,21,0,0
109,1.0,0.5,370.931884765625,333.03515625,45,203,4707,572,203,0,11,24,10,0,0
110,1.0,0.7,334.2265625,232.61636352539062,70,203,4881,563,203,0,32,16,22,0,0
111,1.0,0.7,387.51202392578125,290.05633544921875,84,203,4919,586,203,0,16,46,22,0,0
112,1.0,0.4,403.99273681640625,286.67767333984375,69,203,4812,541,203,0,32,16,21,0,0
113,1.0,0.2,306.313720703125,280.5721130371094,77,202,4938,601,202,0,63,9,5,0,0
114,1.0,0.4,362.4563903808594,273.25152587890625,69,203,4838,555,203,0,32,16,21,0,0
115,1.0,0.4,371.4324645996094,287.1336975097656,70,200,4705,555,200,0,32,16,22,0,0
116,1.0,0.6,330.0379943847656,231.6519317626953,84,201,4712,524,201,0,48,16,20,0,0
117,1.0,0.2,347.72381591796875,296.5636901855469,101,212,4979,605,212,0,48,32,21,0,0
118,1.0,0.3,348.1958923339844,282.31390380859375,53,200,4725,544,200,0,16,16,21,0,0
119,1.0,0.4,368.8479309082031,294.8227844238281,97,204,4857,652,204,0,64,16,17,0,0
120,1.0,0.7,380.2654724121094,284.485107421875,101,200,4742,555,200,0,64,16,21,0,0
121,1.0,0.7,447.05767822265625,314.45196533203125,69,205,4759,513,205,0,32,16,21,0,0
122,1.0,0.5,345.69036865234375,279.1187438964844,53,200,4759,557,200,0,16,16,21,0,0
123,1.0,0.4,353.5401306152344,301.3445129394531,49,201,4756,557,201,0,16,16,17,0,0
124,1.0,0.6,311.7716369628906,256.4659118652344,69,201,4868,542,201,0,32,16,21,0,0
125,1.0,0.5,402.224609375,336.3493957519531,66,202,4750,584,202,0,15,30,21,0,0
126,1.0,0.4,411.9756774902344,331.1644287109375,82,202,4799,604,202,0,31,30,21,0,0
127,1.0,0.8,351.0118103027344,301.3624572753906,74,207,4860,522,207,0,32,37,5,0,0
128,1.0,0.6,346.2992248535156,277.5281066894531,69,200,4799,521,200,0,32,16,21,0,0
129,1.0,0.4,396.7108459472656,307.7292175292969,71,212,4905,546,212,0,16,28,27,0,0
130,1.0,0.8,392.8882751464844,251.8483428955078,69,200,4858,594,200,0,32,16,21,0,0
131,1.0,0.4,364.6400451660156,317.7402038574219,53,203,4774,633,203,0,16,16,21,0,0
132,1.0,0.6,357.1047668457031,272.7267761230469,69,218,5166,541,218,0,32,16,21,0,0
133,1.0,0.6,348.0562744140625,293.5755920410156,69,201,4811,547,201,0,32,16,21,0,0
134,1.0,0.5,333.20855712890625,278.1293640136719,73,201,4834,557,201,0,16,52,5,0,0
135,1.0,0.7,302.67864990234375,213.62969970703125,53,204,4819,522,204,0,16,16,21,0,0
136,1.0,0.5,367.3787841796875,288.7657470703125,69,201,4860,594,201,0,32,16,21,0,0
137,1.0,0.4,354.1145324707031,267.7765808105469,70,201,4860,589,201,0,32,16,22,0,0
138,1.0,1.0,350.166259765625,275.9479675292969,79,204,4950,581,204,0,16,37,26,0,0
139,1.0,0.3,340.44061279296875,297.38409423828125,62,202,4680,556,202,0,32,25,5,0,0
140,1.0,0.8,401.6903991699219,267.6323547363281,73,215,5126,587,215,0,48,15,10,0,0
141,1.0,0.7,286.47052001953125,268.907958984375,45,200,4902,561,200,0,31,9,5,0,0
142,1.0,0.6,377.6320495605469,318.6145324707031,88,236,5543,590,236,0,16,61,11,0,0
143,1.0,0.5,390.5340576171875,292.8310546875,112,203,4820,595,203,0,48,32,32,0,0
144,1.0,0.8,324.85784912109375,242.7006378173828,86,203,4699,545,203,0,48,16,22,0,0
145,1.0,0.7,378.40032958984375,334.6472473144531,74,201,4757,562,201,0,26,38,10,0,0
146,1.0,0.7,380.7972106933594,307.6952209472656,70,202,4814,591,202,0,32,16,22,0,0
147,1.0,0.6,347.19677734375,292.483154296875,58,204,4713,534,204,0,16,37,5,0,0
148,1.0,0.7,355.3450622558594,303.38397216796875,90,203,4846,590,203,0,32,41,17,0,0
149,1.0,0.5,380.0184020996094,281.27813720703125,69,206,4895,565,206,0,32,16,21,0,0
150,1.0,0.8,349.9599304199219,275.57928466796875,81,203,4747,539,203,0,29,30,22,0,0
151,1.0,0.5,351.2086181640625,293.985107421875,77,238,5481,572,238,0,48,24,5,0,0
152,1.0,0.4,380.8106689453125,276.4893493652344,86,202,4717,589,202,0,48,16,22,0,0
153,1.0,0.4,404.9801940917969,313.0792236328125,54,216,5003,582,216,0,16,16,22,0,0
154,1.0,0.7,350.6821594238281,265.9945983886719,85,203,4756,574,203,0,32,31,22,0,0
155,1.0,0.4,375.9681091308594,283.59967041015625,102,203,4788,578,203,0,64,16,22,0,0
156,1.0,0.8,311.31365966796875,256.95538330078125,69,203,4887,606,203,0,32,16,21,0,0
157,1.0,0.5,322.9925842285156,260.99151611328125,41,217,5171,603,217,0,16,15,10,0,0
158,1.0,0.7,373.4642639160156,270.4119567871094,53,204,4929,553,204,0,16,16,21,0,0
159,1.0,0.3,375.8266906738281,294.4017028808594,101,200,4726,600,200,0,48,32,21,0,0
160,1.0,0.4,428.24993896484375,365.162109375,69,202,4835,567,202,0,32,16,21,0,0
161,1.0,0.6,383.5532531738281,297.00018310546875,69,202,4911,546,202,0,32,16,21,0,0
162,1.0,0.7,379.8380432128906,297.2903137207031,54,207,4884,542,207,0,16,16,22,0,0
163,1.0,0.5,363.1601257324219,305.4949035644531,57,201,4748,542,201,0,32,15,10,0,0
164,1.0,0.5,336.9293212890625,311.5381164550781,61,204,4765,539,204,0,47,9,5,0,0
165,1.0,0.7,370.8174133300781,278.237548828125,85,200,4790,553,200,0,48,16,21,0,0
166,1.0,0.6,361.9084167480469,293.1984558105469,88,201,4689,574,201,0,32,51,5,0,0
167,1.0,0.4,404.5619812011719,329.9955749511719,117,217,5081,530,217,0,64,32,21,0,0
168,1.0,0.4,379.97607421875,288.80877685546875,68,202,4887,543,202,0,16,32,20,0,0
169,1.0,0.4,344.5255432128906,279.2179870605469,70,206,4893,574,206,0,32,16,22,0,0
170,1.0,0.7,469.2135009765625,326.5144958496094,68,202,4825,580,202,0,32,16,20,0,0
171,1.0,0.6,333.5115661621094,267.9376220703125,69,201,4827,607,201,0,32,16,21,0,0
172,1.0,0.6,337.64898681640625,283.3175354003906,77,203,4848,618,203,0,63,9,5,0,0
173,1.0,0.5,354.4964904785156,247.4717254638672,53,200,4903,569,200,0,16,16,21,0,0
174,1.0,0.6,377.1593933105469,315.05487060546875,80,209,4926,590,209,0,32,31,17,0,0
175,1.0,0.6,337.2466735839844,264.5671081542969,69,205,4875,564,205,0,32,16,21,0,0
176,1.0,0.5,386.7655944824219,276.7703857421875,93,213,5080,559,213,0,31,30,32,0,0
177,1.0,0.5,383.7073669433594,286.30023193359375,69,204,4769,621,204,0,32,16,21,0,0
178,1.0,0.4,385.9990234375,304.51593017578125,69,200,4809,547,200,0,32,16,21,0,0
179,1.0,0.4,387.368896484375,289.9993896484375,68,203,4766,600,203,0,32,16,20,0,0
180,1.0,0.2,349.7200927734375,268.5705261230469,96,206,4981,576,206,0,16,60,20,0,0
181,1.0,0.5,418.8392028808594,284.82928466796875,85,200,4719,569,200,0,48,16,21,0,0
182,1.0,0.4,345.4370422363281,281.4701232910156,83,204,4859,563,204,0,31,30,22,0,0
183,1.0,0.6,409.7502136230469,304.9988098144531,101,205,4773,598,205,0,64,16,21,0,0
184,1.0,0.3,376.2256164550781,354.9263610839844,45,211,4881,541,211,0,11,24,10,0,0
185,1.0,0.6,375.3544616699219,265.1214599609375,85,203,4905,587,203,0,48,16,21,0,0
186,1.0,0.6,373.3529052734375,280.86297607421875,70,200,4650,540,200,0,32,16,22,0,0
187,1.0,0.8,352.9526062011719,264.3253479003906,96,200,4763,544,200,0,48,31,17,0,0
188,1.0,0.6,423.239990234375,308.1517028808594,67,218,5096,569,218,0,16,24,27,0,0
189,1.0,0.5,398.588134765625,345.19976806640625,64,212,4878,540,212,0,10,30,24,0,0
190,1.0,0.5,310.9058532714844,289.74444580078125,61,202,4758,583,202,0,32,24,5,0,0
191,1.0,0.4,416.52215576171875,348.5502624511719,89,200,4720,591,200,0,64,15,10,0,0
192,1.0,0.6,450.6158447265625,311.41796875,80,210,4870,550,210,0,32,31,17,0,0
193,1.0,0.6,372.676025390625,307.813232421875,72,203,4811,539,203,0,16,51,5,0,0
194,1.0,0.5,351.413330078125,265.61138916015625,118,203,4800,538,203,0,80,16,22,0,0
195,1.0,0.7,380.9220275878906,262.0709533691406,69,200,4770,527,200,0,32,16,21,0,0
196,1.0,0.5,353.923583984375,270.5095520019531,85,201,4772,567,201,0,32,32,21,0,0
197,1.0,0.6,382.1315612792969,269.34332275390625,69,203,4702,562,203,0,32,16,21,0,0
198,1.0,0.5,358.6712646484375,293.6051330566406,57,201,4786,550,201,0,32,15,10,0,0
199,1.0,0.5,359.5093688964844,257.2383117675781,85,200,4736,529,200,0,48,16,21,0,0
0,2.0,0.2,762.9804077148438,666.433837890625,70,216,4823,611,216,0,32,16,22,0,0
1,2.0,0.2,724.1002197265625,654.0272827148438,66,200,4632,605,200,0,15,30,21,0,0
2,2.0,0.2,688.7766723632812,593.1450805664062,69,202,4653,594,202,0,32,16,21,0,0
3,2.0,0.5,806.0701293945312,665.6873779296875,69,203,4646,565,203,0,32,16,21,0,0
4,2.0,0.3,750.3956298828125,635.7985229492188,69,200,4675,565,200,0,32,16,21,0,0
5,2.0,0.2,708.8536376953125,619.6807250976562,66,201,4684,581,201,0,15,30,21,0,0
6,2.0,0.4,694.3908081054688,569.9978637695312,99,203,4554,583,203,0,32,46,21,0,0
7,2.0,0.4,727.8258056640625,657.8756103515625,39,206,4562,552,206,0,18,16,5,0,0
8,2.0,0.4,701.017578125,620.8113403320312,69,212,4858,621,212,0,32,16,21,0,0
9,2.0,0.3,759.1334838867188,639.89794921875,69,207,4793,614,207,0,32,16,21,0,0
10,2.0,0.5,669.3753662109375,589.0968017578125,69,202,4640,570,202,0,32,16,21,0,0
11,2.0,0.4,665.4432983398438,586.5452270507812,69,200,4662,547,200,0,32,16,21,0,0
12,2.0,0.2,761.9453125,651.2109375,98,213,4855,577,213,0,47,30,21,0,0
13,2.0,0.4,626.2990112304688,588.5753784179688,46,201,4696,564,201,0,16,25,5,0,0
14,2.0,0.3,720.9356689453125,585.3016967773438,85,200,4610,540,200,0,48,16,21,0,0
15,2.0,0.2,711.51611328125,608.669921875,98,202,4677,600,202,0,47,30,21,0,0
16,2.0,0.7,818.6937866210938,717.5244750976562,69,204,4609,581,204,0,32,16,21,0,0
17,2.0,0.4,692.0158081054688,574.993896484375,69,216,4910,654,216,0,32,16,21,0,0
18,2.0,0.4,786.7809448242188,705.9375610351562,82,200,4652,558,200,0,31,30,21,0,0
19,2.0,0.8,643.60986328125,552.2981567382812,62,204,4736,572,204,0,32,25,5,0,0
20,2.0,0.2,726.07666015625,622.0657348632812,66,206,4728,576,206,0,15,30,21,0,0
21,2.0,0.3,765.506103515625,667.564208984375,69,201,4563,561,201,0,32,16,21,0,0
22,2.0,0.5,737.4207153320312,609.69189453125,70,205,4654,552,205,0,32,16,22,0,0
23,2.0,0.4,678.4124755859375,573.7145385742188,69,209,4753,586,209,0,32,16,21,0,0
24,2.0,0.3,764.20263671875,663.339599609375,69,216,4859,556,216,0,32,16,21,0,0
25,2.0,0.1,695.7870483398438,592.1325073242188,81,200,4576,529,200,0,30,30,21,0,0
26,2.0,0.4,706.3801879882812,651.9028930664062,82,206,4812,514,206,0,31,30,21,0,0
27,2.0,0.4,644.2697143554688,644.2697143554688,29,201,4744,589,201,0,15,9,5,0,0
28,2.0,0.2,747.7525024414062,686.5287475585938,23,202,4540,555,202,0,2,16,5,0,0
29,2.0,0.4,684.9480590820312,582.7390747070312,69,202,4678,545,202,0,32,16,21,0,0
30,2.0,0.5,705.3187255859375,626.2847290039062,54,200,4637,592,200,0,16,16,22,0,0
31,2.0,0.6,621.7619018554688,533.5393676757812,69,204,4671,570,204,0,32,16,21,0,0
32,2.0,0.7,685.5308837890625,629.6351318359375,65,204,4705,629,204,0,29,31,5,0,0
33,2.0,0.3,702.597412109375,628.5267944335938,89,200,4527,557,200,0,64,15,10,0,0
34,2.0,0.4,711.7490844726562,620.5558471679688,69,212,4819,607,212,0,32,16,21,0,0
35,2.0,0.1,712.439208984375,633.5593872070312,69,210,4868,582,210,0,32,16,21,0,0
36,2.0,0.4,825.3607788085938,687.7464599609375,69,201,4638,573,201,0,32,16,21,0,0
37,2.0,0.3,724.2709350585938,621.5620727539062,82,201,4525,588,201,0,31,30,21,0,0
38,2.0,0.6,831.434814453125,729.7286987304688,53,205,4624,578,205,0,16,16,21,0,0
39,2.0,0.5,723.8826293945312,636.8119506835938,83,202,4671,614,202,0,16,46,21,0,0
40,2.0,0.7,693.0228881835938,638.431396484375,69,201,4580,574,201,0,32,16,21,0,0
41,2.0,0.4,741.6360473632812,647.1488037109375,83,207,4663,563,207,0,16,46,21,0,0
42,2.0,0.3,624.2660522460938,524.35107421875,69,204,4706,585,204,0,32,16,21,0,0
43,2.0,0.4,781.5429077148438,668.794189453125,69,202,4657,585,202,0,32,16,21,0,0
44,2.0,0.2,687.358642578125,560.0372314453125,57,201,4725,563,201,0,32,15,10,0,0
45,2.0,0.3,693.4815063476562,590.2579345703125,46,200,4553,538,200,0,16,25,5,0,0
46,2.0,0.4,786.3825073242188,688.1939086914062,57,205,4740,629,205,0,32,15,10,0,0
47,2.0,0.4,694.58837890625,655.2576293945312,46,201,4618,556,201,0,16,25,5,0,0
48,2.0,0.3,734.1497192382812,661.7490844726562,66,205,4703,578,205,0,15,30,21,0,0
49,2.0,0.3,715.5889282226562,584.5090942382812,117,201,4715,557,201,0,64,32,21,0,0
50,2.0,0.2,725.6886596679688,653.243408203125,72,203,4624,580,203,0,16,51,5,0,0
51,2.0,0.1,694.8531494140625,575.313232421875,83,201,4516,574,201,0,31,30,22,0,0
52,2.0,0.6,690.8651123046875,603.3452758789062,69,201,4643,538,201,0,32,16,21,0,0
53,2.0,0.6,679.4661254882812,542.1216430664062,69,208,4629,565,208,0,32,16,21,0,0
54,2.0,0.5,757.380126953125,634.532470703125,69,206,4831,591,206,0,32,16,21,0,0
55,2.0,0.6,795.8480834960938,672.101318359375,69,202,4366,547,202,0,32,16,21,0,0
56,2.0,0.4,763.8633422851562,660.407470703125,69,203,4677,566,203,0,32,16,21,0,0
57,2.0,0.3,718.8157348632812,625.777099609375,46,212,4897,554,212,0,16,25,5,0,0
58,2.0,0.6,706.2449340820312,636.7456665039062,92,208,4883,568,208,0,32,55,5,0,0
59,2.0,0.7,717.8895263671875,650.7451171875,66,200,4558,592,200,0,15,30,21,0,0
60,2.0,0.6,702.2482299804688,616.2078857421875,62,211,4676,557,211,0,32,25,5,0,0
61,2.0,0.1,716.6065673828125,599.4383544921875,94,215,4830,570,215,0,64,25,5,0,0
62,2.0,0.2,743.6353149414062,661.7069702148438,83,206,4799,554,206,0,16,46,21,0,0
63,2.0,0.4,769.420654296875,622.3555908203125,70,204,4560,572,204,0,32,16,22,0,0
64,2.0,0.2,828.8396606445312,717.4734497070312,85,202,4521,569,202,0,48,16,21,0,0
65,2.0,0.1,700.99462890625,604.822265625,72,200,4578,586,200,0,16,51,5,0,0
66,2.0,0.6,851.1112670898438,738.8076782226562,82,206,4526,542,206,0,31,30,21,0,0
67,2.0,0.4,671.2828369140625,595.041259765625,69,201,4640,559,201,0,32,16,21,0,0
68,2.0,0.4,706.3479614257812,589.7723999023438,83,205,4675,597,205,0,16,46,21,0,0
69,2.0,0.4,739.2680053710938,630.3458251953125,58,215,4898,600,215,0,16,37,5,0,0
70,2.0,0.4,718.0551147460938,659.307861328125,23,203,4649,559,203,0,2,16,5,0,0
71,2.0,0.3,809.4358520507812,696.0787353515625,69,204,4582,569,204,0,32,16,21,0,0
72,2.0,0.1,664.7709350585938,609.0105590820312,62,201,4627,561,201,0,16,41,5,0,0
73,2.0,0.4,831.5078735351562,688.0471801757812,53,201,4688,590,201,0,16,16,21,0,0
74,2.0,0.4,850.7308959960938,739.5801391601562,82,201,4530,576,201,0,16,46,20,0,0
75,2.0,0.6,787.8004760742188,708.79052734375,58,200,4621,566,200,0,16,37,5,0,0
76,2.0,0.2,755.0516357421875,626.4874877929688,62,200,4601,537,200,0,32,25,5,0,0
77,2.0,0.7,756.7706909179688,609.5156860351562,69,200,4647,597,200,0,32,16,21,0,0
78,2.0,0.3,674.73876953125,608.1284790039062,69,203,4604,548,203,0,32,16,21,0,0
79,2.0,0.4,780.4955444335938,658.1196899414062,69,202,4725,568,202,0,32,16,21,0,0
80,2.0,0.4,647.4970092773438,550.3690185546875,69,200,4497,550,200,0,32,16,21,0,0
81,2.0,0.1,814.0576782226562,765.8280029296875,23,213,4833,598,213,0,2,16,5,0,0
82,2.0,0.4,769.02490234375,631.6550903320312,69,207,4730,578,207,0,32,16,21,0,0
83,2.0,0.5,787.8928833007812,687.8275756835938,58,202,4695,593,202,0,16,37,5,0,0
84,2.0,0.4,722.552001953125,629.1073608398438,69,213,4758,580,213,0,32,16,21,0,0
85,2.0,0.6,800.73681640625,687.7786865234375,70,201,4618,593,201,0,32,16,22,0,0
86,2.0,0.1,744.430908203125,656.8141479492188,58,218,5011,649,218,0,16,37,5,0,0
87,2.0,0.2,688.9479370117188,590.9481201171875,53,203,4622,577,203,0,16,16,21,0,0
88,2.0,0.3,768.0647583007812,633.7905883789062,69,202,4616,560,202,0,32,16,21,0,0
89,2.0,0.3,696.674560546875,589.210693359375,69,201,4692,542,201,0,32,16,21,0,0
90,2.0,0.3,682.1517333984375,581.0018920898438,69,212,4821,558,212,0,32,16,21,0,0
91,2.0,0.3,767.6986083984375,639.5667724609375,69,202,4687,528,202,0,32,16,21,0,0
92,2.0,0.4,662.6040649414062,594.50439453125,66,205,4625,582,205,0,15,30,21,0,0
93,2.0,0.3,749.2630004882812,628.0227661132812,82,204,4749,579,204,0,31,30,21,0,0
94,2.0,0.3,756.3829345703125,668.4205322265625,98,201,4589,588,201,0,47,30,21,0,0
95,2.0,0.5,731.6956787109375,640.6235961914062,53,201,4513,545,201,0,16,16,21,0,0
96,2.0,0.6,761.2991943359375,669.6204833984375,69,209,4745,547,209,0,32,16,21,0,0
97,2.0,0.2,734.718505859375,635.89111328125,58,200,4784,555,200,0,16,37,5,0,0
98,2.0,0.5,795.0120849609375,648.759521484375,98,200,4513,524,200,0,47,30,21,0,0
99,2.0,0.3,710.3776245117188,659.818603515625,85,201,4545,558,201,0,32,32,21,0,0
100,2.0,0.1,686.1339111328125,592.6043701171875,69,205,4729,556,205,0,32,16,21,0,0
101,2.0,0.4,754.55517578125,606.7640380859375,69,201,4548,598,201,0,32,16,21,0,0
102,2.0,0.5,736.899169921875,598.3395385742188,69,201,4626,565,201,0,32,16,21,0,0
103,2.0,0.3,665.7780151367188,600.3768310546875,69,204,4700,595,204,0,32,16,21,0,0
104,2.0,0.2,706.064208984375,623.903076171875,69,212,4794,565,212,0,32,16,21,0,0
105,2.0,0.2,782.5848388671875,688.89697265625,67,203,4719,548,203,0,32,30,5,0,0
106,2.0,0.3,826.25830078125,674.9039916992188,69,200,4509,517,200,0,32,16,21,0,0
107,2.0,0.4,660.9775390625,540.2492065429688,70,201,4528,559,201,0,32,16,22,0,0
108,2.0,0.3,737.2191772460938,635.9658203125,69,206,4784,631,206,0,32,16,21,0,0
109,2.0,0.2,714.2852783203125,644.43994140625,69,208,4658,571,208,0,32,16,21,0,0
110,2.0,0.5,726.0283813476562,638.7732543945312,46,201,4598,580,201,0,16,25,5,0,0
111,2.0,0.4,642.869140625,596.5025024414062,69,202,4482,521,202,0,32,16,21,0,0
112,2.0,0.5,706.8697509765625,592.0192260742188,70,210,4870,585,210,0,32,16,22,0,0
113,2.0,0.5,654.7904052734375,555.046875,53,200,4639,526,200,0,16,16,21,0,0
114,2.0,0.4,796.1192626953125,687.7874755859375,69,201,4496,586,201,0,32,16,21,0,0
115,2.0,0.3,708.4263916015625,592.1631469726562,69,200,4627,562,200,0,32,16,21,0,0
116,2.0,0.3,694.4535522460938,594.4349975585938,69,201,4756,564,201,0,32,16,21,0,0
117,2.0,0.5,747.5323486328125,617.6488037109375,69,201,4564,554,201,0,32,16,21,0,0
118,2.0,0.3,666.2141723632812,608.2831420898438,62,201,4655,592,201,0,32,25,5,0,0
119,2.0,0.3,742.6817016601562,623.6421508789062,66,200,4514,587,200,0,15,30,21,0,0
120,2.0,0.3,794.011474609375,677.363037109375,69,202,4593,574,202,0,32,16,21,0,0
121,2.0,0.4,796.4154663085938,692.5689086914062,66,204,4685,578,204,0,15,30,21,0,0
122,2.0,0.5,760.499755859375,641.1299438476562,69,200,4568,568,200,0,32,16,21,0,0
123,2.0,0.5,705.049560546875,606.0621948242188,51,200,4595,572,200,0,16,30,5,0,0
124,2.0,0.2,718.83447265625,586.3998413085938,69,211,4730,582,211,0,32,16,21,0,0
125,2.0,0.3,778.5805053710938,669.7701416015625,68,200,4548,594,200,0,16,32,20,0,0
126,2.0,0.3,802.2025756835938,635.84375,69,206,4711,561,206,0,32,16,21,0,0
127,2.0,0.3,744.5260009765625,677.6942138671875,58,211,4861,589,211,0,16,37,5,0,0
128,2.0,0.5,633.24853515625,553.9302368164062,69,204,4719,564,204,0,32,16,21,0,0
129,2.0,0.4,676.03173828125,543.29931640625,69,204,4769,600,204,0,32,16,21,0,0
130,2.0,0.4,720.6859741210938,596.3964233398438,69,203,4592,586,203,0,32,16,21,0,0
131,2.0,0.6,717.076904296875,649.9252319335938,58,219,5032,591,219,0,16,37,5,0,0
132,2.0,0.6,717.3884887695312,632.51904296875,58,208,4607,580,208,0,16,37,5,0,0
133,2.0,0.1,695.4236450195312,569.8849487304688,53,200,4653,556,200,0,16,16,21,0,0
134,2.0,0.4,731.2172241210938,693.6853637695312,72,203,4587,565,203,0,16,51,5,0,0
135,2.0,0.4,785.958740234375,631.0740356445312,70,215,4973,583,215,0,32,16,22,0,0
136,2.0,0.1,706.2599487304688,706.2599487304688,29,204,4694,564,204,0,15,9,5,0,0
137,2.0,0.2,806.5509033203125,686.814453125,69,201,4654,587,201,0,32,16,21,0,0
138,2.0,0.4,720.4071655273438,618.1852416992188,69,217,5025,586,217,0,32,16,21,0,0
139,2.0,0.4,810.6983032226562,692.9295654296875,83,210,4667,527,210,0,31,30,22,0,0
140,2.0,0.4,651.8555297851562,565.8037719726562,69,220,5067,561,220,0,32,16,21,0,0
141,2.0,0.2,761.9898071289062,659.2476806640625,97,209,4838,628,209,0,16,60,21,0,0
142,2.0,0.4,614.7184448242188,566.2058715820312,58,206,4699,618,206,0,16,37,5,0,0
143,2.0,0.4,683.7237548828125,621.0224609375,58,207,4851,620,207,0,16,37,5,0,0
144,2.0,0.6,717.548095703125,596.7163696289062,88,204,4606,598,204,0,48,17,23,0,0
145,2.0,0.6,729.5550537109375,629.6852416992188,70,201,4544,555,201,0,32,16,22,0,0
146,2.0,0.6,752.4846801757812,678.9586181640625,66,201,4696,585,201,0,15,30,21,0,0
147,2.0,0.6,720.0586547851562,607.3053588867188,98,200,4535,581,200,0,47,30,21,0,0
148,2.0,0.3,759.1550903320312,631.0948486328125,85,204,4716,552,204,0,48,16,21,0,0
149,2.0,0.2,692.2193603515625,601.2799072265625,69,206,4675,630,206,0,32,16,21,0,0
150,2.0,0.3,762.987060546875,664.1370239257812,97,210,4766,590,210,0,16,60,21,0,0
151,2.0,0.2,757.2155151367188,642.7021484375,69,207,4815,608,207,0,32,16,21,0,0
152,2.0,0.3,644.7313232421875,533.1687622070312,69,217,4906,607,217,0,32,16,21,0,0
153,2.0,0.5,685.53955078125,591.522705078125,52,207,4667,570,207,0,16,16,20,0,0
154,2.0,0.7,707.84765625,623.26123046875,69,202,4512,560,202,0,32,16,21,0,0
155,2.0,0.5,711.3973999023438,611.0955810546875,69,209,4812,579,209,0,32,16,21,0,0
156,2.0,0.4,827.4844360351562,699.4518432617188,69,201,4530,575,201,0,32,16,21,0,0
157,2.0,0.6,774.8450317382812,643.1099853515625,69,206,4618,599,206,0,32,16,21,0,0
158,2.0,0.2,681.9734497070312,564.4083862304688,69,200,4559,551,200,0,32,16,21,0,0
159,2.0,0.1,823.5053100585938,707.0790405273438,69,202,4668,573,202,0,32,16,21,0,0
160,2.0,0.5,766.5549926757812,634.4133911132812,69,228,5086,597,228,0,32,16,21,0,0
161,2.0,0.4,690.5696411132812,610.8488159179688,69,203,4656,579,203,0,32,16,21,0,0
162,2.0,0.4,736.1198120117188,660.5994262695312,53,201,4528,550,201,0,16,16,21,0,0
163,2.0,0.3,708.3843994140625,651.2610473632812,96,204,4840,563,204,0,59,32,5,0,0
164,2.0,0.3,774.583251953125,637.1415405273438,70,204,4662,586,204,0,32,16,22,0,0
165,2.0,0.4,613.78955078125,588.1483154296875,58,201,4540,554,201,0,16,37,5,0,0
166,2.0,0.4,682.1356201171875,589.5291137695312,69,204,4722,558,204,0,32,16,21,0,0
167,2.0,0.3,792.6321411132812,670.9112548828125,106,207,4680,597,207,0,64,37,5,0,0
168,2.0,0.4,813.0482177734375,737.189453125,49,209,4631,580,209,0,13,31,5,0,0
169,2.0,0.3,721.9981689453125,643.880859375,69,208,4777,595,208,0,32,16,21,0,0
170,2.0,0.5,676.7505493164062,620.7464599609375,83,200,4613,603,200,0,16,46,21,0,0
171,2.0,0.4,740.3319091796875,594.1287841796875,69,210,4798,600,210,0,32,16,21,0,0
172,2.0,0.4,636.8369140625,542.75537109375,67,216,4934,554,216,0,15,30,22,0,0
173,2.0,0.4,651.7540283203125,576.5682373046875,78,205,4717,558,205,0,27,46,5,0,0
174,2.0,0.3,640.6594848632812,536.7446899414062,69,201,4627,592,201,0,32,16,21,0,0
175,2.0,0.5,670.214111328125,592.3054809570312,133,205,4733,566,205,0,32,80,21,0,0
176,2.0,0.6,693.8041381835938,631.749755859375,69,202,4674,591,202,0,32,16,21,0,0
177,2.0,0.6,735.2410888671875,716.9440307617188,45,204,4561,542,204,0,16,24,5,0,0
178,2.0,0.5,763.66552734375,724.7048950195312,53,207,4718,606,207,0,16,32,5,0,0
179,2.0,0.6,773.831298828125,657.0357055664062,70,200,4516,565,200,0,32,16,22,0,0
180,2.0,0.4,699.5657348632812,583.4249877929688,69,209,4800,568,209,0,32,16,21,0,0
181,2.0,0.6,672.19873046875,607.6491088867188,72,200,4597,565,200,0,16,51,5,0,0
182,2.0,0.3,772.5723266601562,689.3743286132812,58,203,4563,639,203,0,16,37,5,0,0
183,2.0,0.5,760.6644287109375,649.0875244140625,69,202,4561,549,202,0,32,16,21,0,0
184,2.0,0.4,631.7412719726562,582.1287841796875,58,203,4703,546,203,0,16,37,5,0,0
185,2.0,0.4,652.0943603515625,591.626953125,58,202,4660,597,202,0,16,37,5,0,0
186,2.0,0.5,735.1779174804688,542.6649780273438,70,207,4710,577,207,0,32,16,22,0,0
187,2.0,0.6,611.7798461914062,538.88525390625,58,212,4760,584,212,0,16,37,5,0,0
188,2.0,0.7,735.9970703125,624.7733764648438,82,201,4672,573,201,0,31,30,21,0,0
189,2.0,0.2,805.6580200195312,688.592041015625,53,221,4933,578,221,0,16,16,21,0,0
190,2.0,0.3,795.8475341796875,707.3995361328125,62,200,4393,523,200,0,16,41,5,0,0
191,2.0,0.4,802.8819580078125,680.9127807617188,119,201,4524,580,201,0,42,56,21,0,0
192,2.0,0.5,694.4073486328125,631.2410888671875,23,216,4841,616,216,0,2,16,5,0,0
193,2.0,0.4,695.4424438476562,616.2815551757812,69,201,4579,597,201,0,32,16,21,0,0
194,2.0,0.5,702.6107788085938,617.5517578125,120,204,4676,565,204,0,64,51,5,0,0
195,2.0,0.3,765.3345336914062,628.2591552734375,69,201,4640,563,201,0,32,16,21,0,0
196,2.0,0.8,655.1865234375,563.1470947265625,69,201,4635,602,201,0,32,16,21,0,0
197,2.0,0.3,818.57763671875,663.5140380859375,69,210,4758,614,210,0,32,16,21,0,0
198,2.0,0.3,650.1709594726562,566.2767333984375,69,203,4560,572,203,0,32,16,21,0,0
199,2.0,0.4,820.0286254882812,719.8646850585938,69,202,4533,602,202,0,32,16,21,0,0
0,3.0,0.2,1247.6329345703125,1050.8896484375,69,216,4833,571,216,0,32,16,21,0,0
1,3.0,0.2,1343.538818359375,1222.1988525390625,62,205,4707,597,205,0,16,41,5,0,0
2,3.0,0.1,1284.07958984375,1197.60205078125,46,201,4406,566,201,0,16,25,5,0,0
3,3.0,0.5,1376.2098388671875,1325.4158935546875,39,204,4500,582,204,0,18,16,5,0,0
4,3.0,0.5,1401.70166015625,1314.52587890625,23,202,4473,602,202,0,2,16,5,0,0
5,3.0,0.2,1379.6654052734375,1223.81298828125,69,201,4529,522,201,0,32,16,21,0,0
6,3.0,0.4,1221.5477294921875,1090.9276123046875,69,200,4517,535,200,0,32,16,21,0,0
7,3.0,0.2,1320.6007080078125,1190.98193359375,69,206,4520,587,206,0,32,16,21,0,0
8,3.0,0.4,1329.12060546875,1145.4622802734375,98,201,4436,592,201,0,47,30,21,0,0
9,3.0,0.3,1379.387939453125,1236.0679931640625,69,202,4444,572,202,0,32,16,21,0,0
10,3.0,0.4,1143.871826171875,1040.9710693359375,62,201,4489,555,201,0,16,41,5,0,0
11,3.0,0.1,1423.1290283203125,1252.9964599609375,69,202,4619,555,202,0,32,16,21,0,0
12,3.0,0.3,1450.4737548828125,1282.7916259765625,69,202,4522,558,202,0,32,16,21,0,0
13,3.0,0.3,1297.4754638671875,1208.7547607421875,74,211,4741,555,211,0,32,37,5,0,0
14,3.0,0.2,1324.276611328125,1165.955078125,69,232,5100,592,232,0,32,16,21,0,0
15,3.0,0.2,1337.9703369140625,1178.8651123046875,69,208,4603,595,208,0,32,16,21,0,0
16,3.0,0.3,1319.0445556640625,1162.0213623046875,114,203,4460,559,203,0,63,30,21,0,0
17,3.0,0.2,1373.162109375,1191.1331787109375,69,207,4672,611,207,0,32,16,21,0,0
18,3.0,0.3,1139.96435546875,1001.7218627929688,69,203,4611,586,203,0,32,16,21,0,0
19,3.0,0.4,1478.6409912109375,1332.9879150390625,58,209,4582,576,209,0,16,37,5,0,0
20,3.0,0.2,1372.861083984375,1176.2593994140625,69,204,4491,561,204,0,32,16,21,0,0
21,3.0,0.2,1343.5516357421875,1230.358154296875,69,205,4639,561,205,0,32,16,21,0,0
22,3.0,0.3,1367.9017333984375,1251.4974365234375,58,204,4642,666,204,0,16,37,5,0,0
23,3.0,0.1,1181.161376953125,1029.272216796875,69,203,4573,570,203,0,32,16,21,0,0
24,3.0,0.4,1383.8380126953125,1283.7738037109375,69,201,4518,543,201,0,32,16,21,0,0
25,3.0,0.3,1316.89697265625,1187.680908203125,69,201,4485,514,201,0,32,16,21,0,0
26,3.0,0.4,1287.7293701171875,1096.694091796875,69,201,4431,570,201,0,32,16,21,0,0
27,3.0,0.2,1325.4302978515625,1238.718017578125,58,201,4560,602,201,0,16,37,5,0,0
28,3.0,0.2,1308.0369873046875,1156.55419921875,82,207,4549,574,207,0,31,30,21,0,0
29,3.0,0.4,1312.0675048828125,1199.0321044921875,58,213,4677,597,213,0,16,37,5,0,0
30,3.0,0.3,1338.18212890625,1232.34033203125,58,206,4628,645,206,0,16,37,5,0,0
31,3.0,0.4,1367.8731689453125,1262.886474609375,58,211,4738,618,211,0,16,37,5,0,0
32,3.0,0.4,1282.650390625,1146.52880859375,69,201,4381,557,201,0,32,16,21,0,0
33,3.0,0.3,1366.1971435546875,1235.515625,69,216,4738,603,216,0,32,16,21,0,0
34,3.0,0.3,1374.3193359375,1273.3814697265625,69,223,4915,601,223,0,32,16,21,0,0
35,3.0,0.3,1352.4259033203125,1247.2703857421875,58,208,4744,577,208,0,16,37,5,0,0
36,3.0,0.4,1227.386962890625,1093.8887939453125,114,208,4658,586,208,0,63,30,21,0,0
37,3.0,0.1,1384.4100341796875,1227.149169921875,69,208,4609,575,208,0,32,16,21,0,0
38,3.0,0.4,1350.6256103515625,1174.1505126953125,82,200,4472,551,200,0,31,30,21,0,0
39,3.0,0.3,1339.77734375,1166.3876953125,69,211,4710,596,211,0,32,16,21,0,0
40,3.0,0.2,1415.2447509765625,1284.8575439453125,46,200,4457,523,200,0,16,25,5,0,0
41,3.0,0.2,1334.0751953125,1171.498779296875,69,205,4629,583,205,0,32,16,21,0,0
42,3.0,0.3,1267.283447265625,1114.7911376953125,69,216,4754,543,216,0,32,16,21,0,0
43,3.0,0.3,1271.29541015625,1155.772216796875,58,200,4589,610,200,0,16,37,5,0,0
44,3.0,0.4,1338.3472900390625,1214.1148681640625,69,208,4650,580,208,0,32,16,21,0,0
45,3.0,0.2,1420.9005126953125,1272.3160400390625,83,201,4454,561,201,0,48,30,5,0,0
46,3.0,0.2,1348.2208251953125,1212.212890625,69,218,4772,629,218,0,32,16,21,0,0
47,3.0,0.2,1368.6400146484375,1199.80615234375,69,211,4738,573,211,0,32,16,21,0,0
48,3.0,0.3,1338.1473388671875,1206.43896484375,69,202,4506,584,202,0,32,16,21,0,0
49,3.0,0.2,1346.6051025390625,1220.0599365234375,69,205,4612,577,205,0,32,16,21,0,0
50,3.0,0.3,1399.279052734375,1220.758544921875,69,202,4516,546,202,0,32,16,21,0,0
51,3.0,0.5,1233.828857421875,1138.8101806640625,97,202,4486,541,202,0,16,60,21,0,0
52,3.0,0.2,1310.6138916015625,1246.566162109375,81,202,4589,571,202,0,30,30,21,0,0
53,3.0,0.1,1326.077880859375,1273.027587890625,53,208,4710,614,208,0,16,32,5,0,0
54,3.0,0.5,1390.213134765625,1305.812744140625,49,202,4449,569,202,0,13,31,5,0,0
55,3.0,0.2,1469.962890625,1280.1087646484375,69,201,4452,550,201,0,32,16,21,0,0
56,3.0,0.2,1300.750244140625,1175.6480712890625,69,202,4366,550,202,0,32,16,21,0,0
57,3.0,0.4,1358.6715087890625,1243.714599609375,74,202,4552,601,202,0,32,37,5,0,0
58,3.0,0.5,1235.0465087890625,1070.32763671875,69,202,4559,520,202,0,32,16,21,0,0
59,3.0,0.5,1308.8653564453125,1161.1595458984375,69,206,4535,600,206,0,32,16,21,0,0
60,3.0,0.1,1325.564208984375,1219.89453125,90,202,4540,563,202,0,48,37,5,0,0
61,3.0,0.4,1455.0733642578125,1247.942138671875,70,210,4556,605,210,0,32,16,22,0,0
62,3.0,0.3,1535.980224609375,1414.98046875,67,205,4503,582,205,0,32,30,5,0,0
63,3.0,0.3,1383.79443359375,1303.370849609375,49,202,4465,596,202,0,13,31,5,0,0
64,3.0,0.4,1331.7620849609375,1225.2034912109375,69,201,4527,547,201,0,32,16,21,0,0
65,3.0,0.4,1434.5858154296875,1284.3970947265625,69,201,4522,573,201,0,32,16,21,0,0
66,3.0,0.6,1382.2718505859375,1242.9984130859375,103,210,4663,607,210,0,61,37,5,0,0
67,3.0,0.4,1262.8443603515625,1136.46044921875,88,205,4510,558,205,0,32,51,5,0,0
68,3.0,0.1,1274.9244384765625,1214.41845703125,58,211,4762,578,211,0,16,37,5,0,0
69,3.0,0.4,1412.005126953125,1272.03515625,69,201,4537,506,201,0,32,16,21,0,0
70,3.0,0.3,1383.820068359375,1258.6593017578125,83,203,4651,595,203,0,16,46,21,0,0
71,3.0,0.3,1376.09228515625,1275.0164794921875,58,200,4475,624,200,0,16,37,5,0,0
72,3.0,0.3,1319.814697265625,1207.93359375,88,213,4910,600,213,0,46,37,5,0,0
73,3.0,0.3,1305.884765625,1126.23974609375,69,209,4747,568,209,0,32,16,21,0,0
74,3.0,0.1,1254.5877685546875,1123.76904296875,69,210,4628,616,210,0,32,16,21,0,0
75,3.0,0.2,1333.1387939453125,1192.1180419921875,69,203,4583,578,203,0,32,16,21,0,0
76,3.0,0.3,1362.4215087890625,1185.7584228515625,69,214,4743,574,214,0,32,16,21,0,0
77,3.0,0.3,1397.6116943359375,1246.2742919921875,69,201,4438,598,201,0,32,16,21,0,0
78,3.0,0.2,1327.3341064453125,1213.390625,69,224,4910,588,224,0,32,16,21,0,0
79,3.0,0.2,1430.7581787109375,1242.308349609375,69,201,4462,592,201,0,32,16,21,0,0
80,3.0,0.2,1384.3291015625,1276.515625,58,202,4391,602,202,0,16,37,5,0,0
81,3.0,0.5,1394.199462890625,1259.911376953125,69,216,4769,570,216,0,32,16,21,0,0
82,3.0,0.5,1417.4736328125,1220.60546875,70,201,4535,555,201,0,32,16,22,0,0
83,3.0,0.1,1336.5001220703125,1245.577880859375,53,201,4413,587,201,0,16,32,5,0,0
84,3.0,0.1,1326.873779296875,1230.0047607421875,83,204,4619,600,204,0,16,46,21,0,0
85,3.0,0.3,1364.363525390625,1166.4718017578125,98,201,4491,543,201,0,47,30,21,0,0
86,3.0,0.2,1400.8712158203125,1255.03125,69,204,4532,562,204,0,32,16,21,0,0
87,3.0,0.4,1401.635009765625,1245.871826171875,69,208,4761,576,208,0,32,16,21,0,0
88,3.0,0.3,1504.975341796875,1416.6142578125,58,209,4680,637,209,0,16,37,5,0,0
89,3.0,0.4,1284.3155517578125,1133.663818359375,98,213,4692,581,213,0,47,30,21,0,0
90,3.0,0.3,1402.4542236328125,1289.673095703125,69,202,4461,580,202,0,32,16,21,0,0
91,3.0,0.1,1399.9764404296875,1265.07080078125,69,205,4569,591,205,0,32,16,21,0,0
92,3.0,0.2,1268.4393310546875,1134.6204833984375,53,201,4592,552,201,0,16,16,21,0,0
93,3.0,0.3,1267.2017822265625,1125.3304443359375,69,202,4539,570,202,0,32,16,21,0,0
94,3.0,0.4,1333.6627197265625,1187.719482421875,69,211,4664,569,211,0,32,16,21,0,0
95,3.0,0.3,1319.8509521484375,1155.929443359375,69,206,4578,560,206,0,32,16,21,0,0
96,3.0,0.2,1221.73681640625,1065.302978515625,69,204,4625,564,204,0,32,16,21,0,0
97,3.0,0.2,1408.690185546875,1253.8077392578125,69,201,4363,567,201,0,32,16,21,0,0
98,3.0,0.2,1317.5047607421875,1181.016845703125,94,215,4774,590,215,0,64,25,5,0,0
99,3.0,0.2,1374.38916015625,1229.1929931640625,69,206,4707,538,206,0,32,16,21,0,0
100,3.0,0.4,1434.3701171875,1287.7821044921875,69,206,4528,556,206,0,32,16,21,0,0
101,3.0,0.5,1377.4219970703125,1259.7884521484375,69,210,4724,606,210,0,32,16,21,0,0
102,3.0,0.3,1319.433349609375,1218.6373291015625,62,200,4590,583,200,0,32,25,5,0,0
103,3.0,0.4,1381.6744384765625,1224.63134765625,69,203,4542,613,203,0,32,16,21,0,0
104,3.0,0.3,1278.5860595703125,1151.839111328125,69,202,4503,556,202,0,32,16,21,0,0
105,3.0,0.2,1332.050537109375,1210.73193359375,69,210,4620,589,210,0,32,16,21,0,0
106,3.0,0.5,1333.7855224609375,1267.4373779296875,23,204,4524,591,204,0,2,16,5,0,0
107,3.0,0.1,1336.9029541015625,1241.3623046875,97,206,4704,595,206,0,16,60,21,0,0
108,3.0,0.4,1325.6676025390625,1191.4586181640625,69,201,4491,567,201,0,32,16,21,0,0
109,3.0,0.3,1261.405029296875,1160.228271484375,62,203,4599,585,203,0,32,25,5,0,0
110,3.0,0.5,1337.855712890625,1144.73291015625,69,203,4548,554,203,0,32,16,21,0,0
111,3.0,0.0,1394.2095947265625,1290.7415771484375,82,202,4553,592,202,0,31,30,21,0,0
112,3.0,0.3,1318.3348388671875,1193.498291015625,69,205,4627,572,205,0,32,16,21,0,0
113,3.0,0.4,1443.7960205078125,1268.9354248046875,70,202,4525,601,202,0,32,16,22,0,0
114,3.0,0.4,1225.680908203125,1166.9630126953125,23,218,4916,666,218,0,2,16,5,0,0
115,3.0,0.5,1331.3963623046875,1210.70751953125,130,206,4606,575,206,0,48,60,22,0,0
116,3.0,0.3,1330.8670654296875,1201.2176513671875,69,205,4537,605,205,0,32,16,21,0,0
117,3.0,0.2,1348.3367919921875,1297.6590576171875,58,243,5402,629,243,0,16,37,5,0,0
118,3.0,0.2,1446.7186279296875,1276.3770751953125,98,202,4501,579,202,0,47,30,21,0,0
119,3.0,0.4,1292.9344482421875,1160.9466552734375,69,206,4663,581,206,0,32,16,21,0,0
120,3.0,0.3,1274.571533203125,1096.1063232421875,69,200,4482,523,200,0,32,16,21,0,0
121,3.0,0.3,1375.263671875,1298.3656005859375,58,204,4365,546,204,0,16,37,5,0,0
122,3.0,0.2,1275.5526123046875,1175.517822265625,69,204,4558,568,204,0,32,16,21,0,0
123,3.0,0.2,1315.891357421875,1243.378173828125,83,202,4624,584,202,0,16,46,21,0,0
124,3.0,0.4,1371.1373291015625,1181.4451904296875,69,201,4625,588,201,0,32,16,21,0,0
125,3.0,0.2,1359.3946533203125,1155.305908203125,69,206,4602,578,206,0,32,16,21,0,0
126,3.0,0.3,1400.9697265625,1323.3297119140625,66,206,4716,561,206,0,15,30,21,0,0
127,3.0,0.2,1307.5794677734375,1146.3756103515625,69,202,4512,570,202,0,32,16,21,0,0
128,3.0,0.0,1331.3533935546875,1214.5947265625,69,207,4659,601,207,0,32,16,21,0,0
129,3.0,0.7,1346.0020751953125,1173.21826171875,69,211,4814,602,211,0,32,16,21,0,0
130,3.0,0.2,1473.76513671875,1334.1585693359375,69,226,4938,569,226,0,32,16,21,0,0
131,3.0,0.2,1314.59033203125,1162.109130859375,69,209,4514,585,209,0,32,16,21,0,0
132,3.0,0.4,1330.84814453125,1205.6422119140625,69,203,4497,564,203,0,32,16,21,0,0
133,3.0,0.3,1337.3948974609375,1194.4346923828125,58,201,4374,574,201,0,16,37,5,0,0
134,3.0,0.4,1317.04443359375,1220.1192626953125,76,201,4552,566,201,0,16,50,10,0,0
135,3.0,0.3,1344.0496826171875,1181.946044921875,69,203,4625,602,203,0,32,16,21,0,0
136,3.0,0.3,1352.442626953125,1227.9163818359375,69,206,4565,567,206,0,32,16,21,0,0
137,3.0,0.2,1227.7098388671875,1102.9622802734375,69,211,4666,568,211,0,32,16,21,0,0
138,3.0,0.3,1339.66064453125,1266.393798828125,58,205,4581,601,205,0,16,37,5,0,0
139,3.0,0.3,1223.499267578125,1093.527099609375,67,203,4572,591,203,0,32,30,5,0,0
140,3.0,0.5,1202.4920654296875,1096.8135986328125,62,200,4496,575,200,0,32,25,5,0,0
141,3.0,0.3,1351.7559814453125,1234.543212890625,69,202,4553,547,202,0,32,16,21,0,0
142,3.0,0.3,1315.1689453125,1223.463134765625,58,222,4925,623,222,0,16,37,5,0,0
143,3.0,0.2,1321.7314453125,1142.0850830078125,69,201,4493,589,201,0,32,16,21,0,0
144,3.0,0.3,1376.205322265625,1190.272705078125,69,201,4448,546,201,0,32,16,21,0,0
145,3.0,0.2,1447.4931640625,1334.8363037109375,97,207,4504,584,207,0,16,60,21,0,0
146,3.0,0.1,1254.2178955078125,1097.1805419921875,69,201,4483,569,201,0,32,16,21,0,0
147,3.0,0.2,1337.6827392578125,1196.7850341796875,58,213,4799,604,213,0,16,37,5,0,0
148,3.0,0.3,1209.48681640625,1146.6593017578125,23,237,5331,624,237,0,2,16,5,0,0
149,3.0,0.3,1382.225341796875,1269.419921875,69,202,4371,580,202,0,32,16,21,0,0
150,3.0,0.3,1289.08447265625,1217.07373046875,62,216,4827,612,216,0,11,46,5,0,0
151,3.0,0.4,1375.902587890625,1292.6317138671875,23,201,4545,564,201,0,2,16,5,0,0
152,3.0,0.2,1433.8572998046875,1307.890869140625,69,217,4772,546,217,0,32,16,21,0,0
153,3.0,0.6,1292.524169921875,1202.1585693359375,72,202,4592,547,202,0,16,51,5,0,0
154,3.0,0.2,1452.62451171875,1341.18017578125,58,200,4439,590,200,0,16,37,5,0,0
155,3.0,0.3,1332.49560546875,1218.34228515625,58,206,4486,603,206,0,16,37,5,0,0
156,3.0,0.2,1298.264892578125,1205.3359375,69,207,4674,561,207,0,32,16,21,0,0
157,3.0,0.4,1427.6158447265625,1258.505615234375,69,201,4515,568,201,0,32,16,21,0,0
158,3.0,0.3,1244.26123046875,1119.83740234375,114,209,4713,521,209,0,63,30,21,0,0
159,3.0,0.6,1308.5574951171875,1123.78662109375,69,201,4369,549,201,0,32,16,21,0,0
160,3.0,0.5,1333.000732421875,1215.110107421875,66,203,4586,565,203,0,15,30,21,0,0
161,3.0,0.1,1426.4359130859375,1305.7568359375,83,200,4570,584,200,0,16,46,21,0,0
162,3.0,0.2,1365.93896484375,1145.571044921875,69,201,4481,564,201,0,32,16,21,0,0
163,3.0,0.3,1223.7042236328125,1086.2862548828125,130,210,4658,582,210,0,79,30,21,0,0
164,3.0,0.3,1378.8846435546875,1183.061767578125,69,204,4533,570,204,0,32,16,21,0,0
165,3.0,0.2,1268.463623046875,1153.05615234375,69,212,4669,546,212,0,32,16,21,0,0
166,3.0,0.1,1313.113525390625,1178.3568115234375,69,202,4507,588,202,0,32,16,21,0,0
167,3.0,0.3,1299.615234375,1128.5054931640625,69,211,4663,584,211,0,32,16,21,0,0
168,3.0,0.5,1228.0487060546875,1045.03662109375,69,204,4573,539,204,0,32,16,21,0,0
169,3.0,0.3,1359.9595947265625,1250.3773193359375,69,208,4714,587,208,0,32,16,21,0,0
170,3.0,0.3,1443.9803466796875,1317.9349365234375,69,212,4593,583,212,0,32,16,21,0,0
171,3.0,0.1,1334.0726318359375,1204.4569091796875,98,202,4509,548,202,0,47,30,21,0,0
172,3.0,0.4,1320.9873046875,1170.1448974609375,69,202,4568,538,202,0,32,16,21,0,0
173,3.0,0.3,1407.242919921875,1253.440673828125,69,203,4569,600,203,0,32,16,21,0,0
174,3.0,0.1,1328.9993896484375,1192.9730224609375,69,206,4566,592,206,0,32,16,21,0,0
175,3.0,0.2,1250.1668701171875,1175.952880859375,69,227,5224,592,227,0,32,16,21,0,0
176,3.0,0.3,1277.9163818359375,1208.674072265625,62,204,4583,561,204,0,16,41,5,0,0
177,3.0,0.1,1414.6383056640625,1349.1097412109375,82,222,4990,578,222,0,31,30,21,0,0
178,3.0,0.3,1397.6849365234375,1260.7418212890625,70,210,4701,603,210,0,32,16,22,0,0
179,3.0,0.2,1536.5045166015625,1347.85546875,69,207,4510,581,207,0,32,16,21,0,0
180,3.0,0.2,1427.3111572265625,1272.5443115234375,88,200,4428,546,200,0,32,51,5,0,0
181,3.0,0.1,1250.9930419921875,1153.9835205078125,69,204,4623,617,204,0,32,16,21,0,0
182,3.0,0.2,1334.178466796875,1230.4259033203125,69,203,4537,556,203,0,32,16,21,0,0
183,3.0,0.2,1419.9991455078125,1293.9547119140625,69,205,4623,593,205,0,32,16,21,0,0
184,3.0,0.1,1318.0042724609375,1262.3216552734375,23,211,4622,637,211,0,2,16,5,0,0
185,3.0,0.3,1332.01171875,1139.89306640625,69,205,4594,591,205,0,32,16,21,0,0
186,3.0,0.2,1280.86279296875,1139.52001953125,67,205,4589,571,205,0,32,30,5,0,0
187,3.0,0.1,1234.4022216796875,1131.359375,83,200,4568,549,200,0,16,46,21,0,0
188,3.0,0.4,1218.098388671875,1141.6094970703125,46,222,4948,560,222,0,16,25,5,0,0
189,3.0,0.3,1438.861328125,1268.3858642578125,69,202,4455,558,202,0,32,16,21,0,0
190,3.0,0.4,1245.7200927734375,1155.36279296875,58,204,4530,538,204,0,16,37,5,0,0
191,3.0,0.3,1355.333984375,1245.8372802734375,69,202,4538,572,202,0,32,16,21,0,0
192,3.0,0.1,1492.3870849609375,1335.3115234375,69,203,4482,533,203,0,32,16,21,0,0
193,3.0,0.3,1278.400390625,1108.947265625,69,216,4895,585,216,0,32,16,21,0,0
194,3.0,0.4,1254.010009765625,1100.2520751953125,69,201,4518,553,201,0,32,16,21,0,0
195,3.0,0.2,1551.87744140625,1413.119140625,94,202,4482,569,202,0,43,30,21,0,0
196,3.0,0.4,1313.504638671875,1273.1507568359375,62,215,4742,596,215,0,16,41,5,0,0
197,3.0,0.6,1224.0455322265625,1107.142822265625,69,204,4497,569,204,0,32,16,21,0,0
198,3.0,0.4,1256.397216796875,1147.6309814453125,69,201,4534,583,201,0,32,16,21,0,0
199,3.0,0.2,1300.9248046875,1170.2852783203125,69,215,4784,553,215,0,32,16,21,0,0
0,5.0,0.1,3284.636474609375,3148.9853515625,83,206,4380,590,206,0,16,46,21,0,0
1,5.0,0.1,3420.42431640625,3189.302490234375,69,206,4574,549,206,0,32,16,21,0,0
2,5.0,0.2,3479.549072265625,3235.920166015625,69,203,4454,606,203,0,32,16,21,0,0
3,5.0,0.3,3465.6435546875,3314.657958984375,58,201,4333,553,201,0,16,37,5,0,0
4,5.0,0.0,3491.263427734375,3273.068115234375,69,203,4417,591,203,0,32,16,21,0,0
5,5.0,0.1,3295.667236328125,3210.142578125,23,225,4758,566,225,0,2,16,5,0,0
6,5.0,0.2,3308.723388671875,3147.22021484375,114,226,4985,666,226,0,63,30,21,0,0
7,5.0,0.3,3316.64990234375,3184.771484375,58,203,4418,619,203,0,16,37,5,0,0
8,5.0,0.2,3350.506103515625,3180.406494140625,67,200,4414,535,200,0,32,30,5,0,0
9,5.0,0.2,3257.11572265625,3038.828125,69,202,4345,565,202,0,32,16,21,0,0
10,5.0,0.2,3309.66259765625,3004.263427734375,69,204,4507,550,204,0,32,16,21,0,0
11,5.0,0.1,3205.855224609375,2987.2529296875,69,201,4359,544,201,0,32,16,21,0,0
12,5.0,0.1,3300.79345703125,3211.37451171875,83,202,4402,580,202,0,16,46,21,0,0
13,5.0,0.3,3331.422119140625,3165.802978515625,83,205,4451,605,205,0,16,46,21,0,0
14,5.0,0.2,3312.738525390625,3198.66162109375,23,206,4406,577,206,0,2,16,5,0,0
15,5.0,0.2,3524.33642578125,3298.82763671875,69,222,4783,585,222,0,32,16,21,0,0
16,5.0,0.1,3560.33935546875,3378.377685546875,83,214,4538,577,214,0,16,46,21,0,0
17,5.0,0.1,3357.197265625,3234.27392578125,83,206,4500,605,206,0,16,46,21,0,0
18,5.0,0.3,3222.914794921875,3129.8359375,23,208,4551,585,208,0,2,16,5,0,0
19,5.0,0.3,3362.126220703125,3148.77685546875,69,228,4950,565,228,0,32,16,21,0,0
20,5.0,0.2,3406.72705078125,3233.49609375,58,200,4387,599,200,0,16,37,5,0,0
21,5.0,0.1,3480.003173828125,3386.71875,58,204,4529,625,204,0,16,37,5,0,0
22,5.0,0.1,3542.2080078125,3393.857177734375,65,216,4696,610,216,0,29,31,5,0,0
23,5.0,0.3,3328.623291015625,3072.6064453125,98,206,4422,553,206,0,47,30,21,0,0
24,5.0,0.1,3296.6240234375,3049.630126953125,69,216,4650,546,216,0,32,16,21,0,0
25,5.0,0.5,3377.916748046875,3185.002685546875,69,210,4600,605,210,0,32,16,21,0,0
26,5.0,0.2,3247.90478515625,3032.4169921875,69,202,4299,545,202,0,32,16,21,0,0
27,5.0,0.2,3267.042236328125,3027.5634765625,69,203,4429,604,203,0,32,16,21,0,0
28,5.0,0.3,3188.73046875,2987.312744140625,69,215,4639,576,215,0,32,16,21,0,0
29,5.0,0.2,3376.69775390625,3265.675048828125,83,201,4453,611,201,0,16,46,21,0,0
30,5.0,0.2,3471.600830078125,3258.505615234375,69,212,4729,603,212,0,32,16,21,0,0
31,5.0,0.1,3314.48095703125,3030.912353515625,69,209,4550,564,209,0,32,16,21,0,0
32,5.0,0.2,3282.179443359375,3056.042236328125,69,214,4659,575,214,0,32,16,21,0,0
33,5.0,0.3,3274.390869140625,3177.474853515625,65,202,4452,573,202,0,29,31,5,0,0
34,5.0,0.3,3290.048828125,3117.548095703125,82,200,4484,570,200,0,31,30,21,0,0
35,5.0,0.1,3150.432373046875,2902.30029296875,69,206,4452,598,206,0,32,16,21,0,0
36,5.0,0.2,3187.465576171875,3092.006103515625,23,204,4444,584,204,0,2,16,5,0,0
37,5.0,0.2,3459.5546875,3331.683837890625,62,202,4551,594,202,0,11,46,5,0,0
38,5.0,0.4,3625.358642578125,3381.25,69,204,4444,540,204,0,32,16,21,0,0
39,5.0,0.4,3276.2294921875,3007.5244140625,69,228,4928,603,228,0,32,16,21,0,0
40,5.0,0.2,3427.16845703125,3188.461181640625,69,204,4514,569,204,0,32,16,21,0,0
41,5.0,0.3,3224.2177734375,3044.690185546875,69,212,4591,592,212,0,32,16,21,0,0
42,5.0,0.1,3190.332275390625,2954.609619140625,69,201,4387,564,201,0,32,16,21,0,0
43,5.0,0.3,3303.445068359375,3086.567138671875,69,201,4442,569,201,0,32,16,21,0,0
44,5.0,0.4,3262.259033203125,3000.086181640625,69,201,4370,558,201,0,32,16,21,0,0
45,5.0,0.3,3227.541748046875,3065.22802734375,58,202,4370,571,202,0,16,37,5,0,0
46,5.0,0.1,3261.150390625,3033.031005859375,69,202,4379,587,202,0,32,16,21,0,0
47,5.0,0.1,3380.446044921875,3205.834228515625,67,208,4522,600,208,0,32,30,5,0,0
48,5.0,0.1,3300.92236328125,3219.45263671875,23,224,4823,604,224,0,2,16,5,0,0
49,5.0,0.3,3395.767578125,3302.522705078125,58,200,4312,561,200,0,16,37,5,0,0
50,5.0,0.2,3354.1728515625,3141.259033203125,69,202,4387,598,202,0,32,16,21,0,0
51,5.0,0.1,3217.4404296875,3056.272216796875,69,207,4499,581,207,0,32,16,21,0,0
52,5.0,0.3,3365.169189453125,3141.276611328125,69,214,4585,603,214,0,32,16,21,0,0
53,5.0,0.3,3306.87646484375,3018.586181640625,69,202,4426,544,202,0,32,16,21,0,0
54,5.0,0.2,3338.053955078125,3140.349853515625,69,203,4451,575,203,0,32,16,21,0,0
55,5.0,0.1,3468.499755859375,3315.73681640625,23,203,4375,579,203,0,2,16,5,0,0
56,5.0,0.2,3240.406982421875,3042.74951171875,69,203,4393,574,203,0,32,16,21,0,0
57,5.0,0.0,3314.871826171875,3182.75634765625,83,203,4591,605,203,0,16,46,21,0,0
58,5.0,0.3,3343.86328125,3268.53515625,53,212,4553,579,212,0,16,32,5,0,0
59,5.0,0.3,3474.328369140625,3274.15576171875,69,205,4495,578,205,0,32,16,21,0,0
60,5.0,0.1,3406.7646484375,3220.751708984375,69,204,4396,584,204,0,32,16,21,0,0
61,5.0,0.3,3274.644775390625,3184.96875,23,204,4435,607,204,0,2,16,5,0,0
62,5.0,0.2,3423.99365234375,3261.953369140625,58,201,4407,609,201,0,16,37,5,0,0
63,5.0,0.3,3171.148681640625,2961.224853515625,69,206,4473,561,206,0,32,16,21,0,0
64,5.0,0.1,3311.60595703125,3063.78955078125,69,211,4597,593,211,0,32,16,21,0,0
65,5.0,0.1,3347.322998046875,3271.711669921875,83,201,4347,564,201,0,16,46,21,0,0
66,5.0,0.1,3373.906005859375,3145.656494140625,69,203,4463,583,203,0,32,16,21,0,0
67,5.0,0.1,3536.150146484375,3241.08984375,69,202,4416,597,202,0,32,16,21,0,0
68,5.0,0.1,3359.616455078125,3198.54296875,83,200,4402,562,200,0,16,46,21,0,0
69,5.0,0.2,3205.42041015625,2982.51318359375,69,212,4572,620,212,0,32,16,21,0,0
70,5.0,0.1,3406.006591796875,3279.967041015625,83,205,4551,557,205,0,16,46,21,0,0
71,5.0,0.3,3160.18310546875,2979.451904296875,69,219,4722,576,219,0,32,16,21,0,0
72,5.0,0.1,3166.083984375,3041.091064453125,83,203,4428,590,203,0,16,46,21,0,0
73,5.0,0.3,3373.403564453125,3178.340087890625,69,202,4445,546,202,0,32,16,21,0,0
74,5.0,0.1,3470.770751953125,3228.00537109375,69,207,4512,616,207,0,32,16,21,0,0
75,5.0,0.2,3168.51416015625,3002.944580078125,69,213,4539,561,213,0,32,16,21,0,0
76,5.0,0.0,3266.10986328125,3020.200927734375,69,203,4490,601,203,0,32,16,21,0,0
77,5.0,0.3,3259.960693359375,3087.482666015625,58,201,4516,615,201,0,16,37,5,0,0
78,5.0,0.2,3411.38427734375,3167.063232421875,69,204,4461,558,204,0,32,16,21,0,0
79,5.0,0.3,3285.75244140625,3173.09912109375,58,210,4651,610,210,0,16,37,5,0,0
80,5.0,0.2,3363.699951171875,3111.530517578125,69,202,4345,560,202,0,32,16,21,0,0
81,5.0,0.0,3396.224609375,3274.417236328125,83,202,4346,570,202,0,16,46,21,0,0
82,5.0,0.2,3552.30908203125,3272.837158203125,69,203,4419,595,203,0,32,16,21,0,0
83,5.0,0.1,3416.732421875,3330.422119140625,23,235,5027,598,235,0,2,16,5,0,0
84,5.0,0.0,3499.86376953125,3393.654052734375,23,257,5459,595,257,0,2,16,5,0,0
85,5.0,0.1,3368.169921875,3260.40478515625,23,205,4383,616,205,0,2,16,5,0,0
86,5.0,0.1,3141.09716796875,2913.96630859375,69,204,4469,564,204,0,32,16,21,0,0
87,5.0,0.1,3378.328125,3181.702392578125,69,203,4419,587,203,0,32,16,21,0,0
88,5.0,0.2,3327.08447265625,3166.43408203125,66,205,4484,575,205,0,15,30,21,0,0
89,5.0,0.2,3277.763671875,3121.1787109375,58,204,4416,617,204,0,16,37,5,0,0
90,5.0,0.1,2994.59765625,2870.00537109375,66,202,4476,561,202,0,15,30,21,0,0
91,5.0,0.2,3274.5927734375,3072.09375,114,208,4544,610,208,0,63,30,21,0,0
92,5.0,0.5,3314.7626953125,3131.5908203125,69,210,4496,586,210,0,32,16,21,0,0
93,5.0,0.1,3379.06982421875,3129.107666015625,69,216,4705,590,216,0,32,16,21,0,0
94,5.0,0.1,3414.915771484375,3291.027099609375,97,226,4793,591,226,0,16,60,21,0,0
95,5.0,0.1,3408.300537109375,3149.000732421875,69,210,4534,567,210,0,32,16,21,0,0
96,5.0,0.2,3285.266845703125,3076.06884765625,69,203,4443,555,203,0,32,16,21,0,0
97,5.0,0.1,3427.900390625,3227.458251953125,69,202,4376,576,202,0,32,16,21,0,0
98,5.0,0.0,3274.746826171875,3070.276123046875,69,211,4576,549,211,0,32,16,21,0,0
99,5.0,0.4,3318.248291015625,3156.199951171875,83,203,4433,587,203,0,16,46,21,0,0
100,5.0,0.3,3305.94970703125,3168.93994140625,58,202,4494,587,202,0,16,37,5,0,0
101,5.0,0.1,3282.197265625,3112.214599609375,69,205,4452,625,205,0,32,16,21,0,0
102,5.0,0.1,3189.714111328125,3033.416748046875,69,225,4824,575,225,0,32,16,21,0,0
103,5.0,0.2,3420.2099609375,3191.372802734375,69,208,4425,544,208,0,32,16,21,0,0
104,5.0,0.2,3371.80908203125,3278.593505859375,23,205,4467,591,205,0,2,16,5,0,0
105,5.0,0.3,3255.774658203125,3132.972900390625,58,202,4329,620,202,0,16,37,5,0,0
106,5.0,0.1,3232.33154296875,3065.800048828125,69,215,4671,581,215,0,32,16,21,0,0
107,5.0,0.1,3132.556396484375,3003.37109375,69,203,4385,567,203,0,32,16,21,0,0
108,5.0,0.2,3294.791259765625,3220.78125,97,206,4463,576,206,0,16,60,21,0,0
109,5.0,0.2,3343.05322265625,3094.513427734375,69,206,4461,602,206,0,32,16,21,0,0
110,5.0,0.2,3418.371337890625,3214.510986328125,69,201,4387,590,201,0,32,16,21,0,0
111,5.0,0.1,3348.224609375,3249.264892578125,23,204,4420,608,204,0,2,16,5,0,0
112,5.0,0.1,3449.951171875,3256.7177734375,114,205,4514,608,205,0,63,30,21,0,0
113,5.0,0.2,3362.561279296875,3128.835205078125,69,201,4334,570,201,0,32,16,21,0,0
114,5.0,0.3,3136.289794921875,3016.595947265625,58,226,4747,626,226,0,16,37,5,0,0
115,5.0,0.1,3325.2998046875,3140.074951171875,82,206,4420,590,206,0,31,30,21,0,0
116,5.0,0.0,3481.390625,3244.614501953125,69,206,4379,575,206,0,32,16,21,0,0
117,5.0,0.2,3210.494140625,3038.06103515625,83,200,4531,568,200,0,16,46,21,0,0
118,5.0,0.2,3334.597412109375,3076.990478515625,69,207,4514,564,207,0,32,16,21,0,0
119,5.0,0.1,3414.3037109375,3165.833740234375,69,209,4503,597,209,0,32,16,21,0,0
120,5.0,0.3,3083.159912109375,2874.382568359375,69,202,4490,570,202,0,32,16,21,0,0
121,5.0,0.2,3416.56396484375,3215.96142578125,82,203,4486,573,203,0,31,30,21,0,0
122,5.0,0.1,3266.228271484375,3132.647216796875,58,216,4723,622,216,0,16,37,5,0,0
123,5.0,0.3,3347.56103515625,3191.899658203125,62,209,4508,569,209,0,32,25,5,0,0
124,5.0,0.3,3330.53759765625,3232.049560546875,23,208,4410,617,208,0,2,16,5,0,0
125,5.0,0.3,3261.044189453125,3149.269287109375,83,202,4498,593,202,0,16,46,21,0,0
126,5.0,0.2,3246.90576171875,3052.712158203125,98,201,4397,583,201,0,47,30,21,0,0
127,5.0,0.2,3417.974609375,3206.166259765625,69,205,4446,576,205,0,32,16,21,0,0
128,5.0,0.2,3311.33154296875,3213.159423828125,97,214,4733,566,214,0,16,60,21,0,0
129,5.0,0.3,3192.980224609375,3083.6044921875,23,205,4414,584,205,0,2,16,5,0,0
130,5.0,0.2,3474.46728515625,3258.01806640625,67,203,4433,582,203,0,32,30,5,0,0
131,5.0,0.1,3277.778076171875,3052.506591796875,69,202,4430,550,202,0,32,16,21,0,0
132,5.0,0.1,3395.888671875,3175.298583984375,69,216,4582,613,216,0,32,16,21,0,0
133,5.0,0.2,3341.381591796875,3079.486328125,69,204,4388,586,204,0,32,16,21,0,0
134,5.0,0.1,3272.603515625,3023.2587890625,98,212,4692,531,212,0,47,30,21,0,0
135,5.0,0.3,3286.638671875,3071.481201171875,98,202,4535,574,202,0,47,30,21,0,0
136,5.0,0.2,3438.871826171875,3333.792724609375,53,206,4443,594,206,0,16,32,5,0,0
137,5.0,0.2,3373.099365234375,3188.77392578125,69,201,4301,568,201,0,32,16,21,0,0
138,5.0,0.1,3405.335205078125,3279.6328125,62,201,4256,578,201,0,11,46,5,0,0
139,5.0,0.2,3560.415283203125,3291.975341796875,69,203,4549,569,203,0,32,16,21,0,0
140,5.0,0.1,3303.533447265625,3188.7431640625,51,202,4464,577,202,0,16,30,5,0,0
141,5.0,0.2,3332.558349609375,3206.225830078125,83,201,4354,588,201,0,16,46,21,0,0
142,5.0,0.5,3206.314208984375,2983.350341796875,98,202,4510,552,202,0,47,30,21,0,0
143,5.0,0.3,3270.370849609375,3086.07421875,69,209,4548,597,209,0,32,16,21,0,0
144,5.0,0.2,3378.765625,3218.260498046875,58,202,4382,583,202,0,16,37,5,0,0
145,5.0,0.3,3372.135986328125,3086.4423828125,69,224,4867,534,224,0,32,16,21,0,0
146,5.0,0.1,3269.77490234375,3142.104248046875,82,200,4385,545,200,0,31,30,21,0,0
147,5.0,0.3,3055.001953125,2877.644775390625,69,202,4298,621,202,0,32,16,21,0,0
148,5.0,0.2,3163.825927734375,2979.94287109375,84,218,4686,550,218,0,27,52,5,0,0
149,5.0,0.3,3030.29345703125,2902.02978515625,58,203,4602,595,203,0,16,37,5,0,0
150,5.0,0.2,3309.0390625,3123.669189453125,69,224,4694,545,224,0,32,16,21,0,0
151,5.0,0.1,3258.004150390625,3118.9990234375,101,201,4424,532,201,0,64,32,5,0,0
152,5.0,0.2,3334.44140625,3192.357177734375,67,204,4349,562,204,0,32,30,5,0,0
153,5.0,0.3,3289.7275390625,3113.501708984375,58,221,4820,608,221,0,16,37,5,0,0
154,5.0,0.3,3256.761962890625,3036.635009765625,69,202,4464,584,202,0,32,16,21,0,0
155,5.0,0.3,3367.8671875,3200.822509765625,66,203,4399,526,203,0,15,30,21,0,0
156,5.0,0.2,3366.313720703125,3271.700439453125,23,211,4539,615,211,0,2,16,5,0,0
157,5.0,0.2,3092.603759765625,2943.362548828125,62,203,4325,576,203,0,32,25,5,0,0
158,5.0,0.0,3259.087646484375,3076.3291015625,69,204,4408,592,204,0,32,16,21,0,0
159,5.0,0.0,3205.962158203125,3040.26171875,69,203,4554,548,203,0,32,16,21,0,0
160,5.0,0.4,3144.107177734375,2998.242919921875,58,217,4676,575,217,0,16,37,5,0,0
161,5.0,0.0,3310.060546875,3103.664306640625,69,201,4417,572,201,0,32,16,21,0,0
162,5.0,0.2,3478.355712890625,3341.472900390625,72,210,4466,569,210,0,16,51,5,0,0
163,5.0,0.2,3253.742431640625,3099.489990234375,69,202,4448,569,202,0,32,16,21,0,0
164,5.0,0.3,3149.9697265625,3024.23974609375,62,203,4471,592,203,0,32,25,5,0,0
165,5.0,0.2,3347.82177734375,3042.870849609375,69,201,4407,558,201,0,32,16,21,0,0
166,5.0,0.2,3283.628173828125,3088.69873046875,98,206,4601,567,206,0,47,30,21,0,0
167,5.0,0.3,3222.62353515625,2957.20849609375,69,206,4497,562,206,0,32,16,21,0,0
168,5.0,0.3,3352.208251953125,3148.49951171875,69,203,4427,565,203,0,32,16,21,0,0
169,5.0,0.3,2965.4765625,2809.5869140625,69,225,4770,609,225,0,32,16,21,0,0
170,5.0,0.2,3359.838134765625,3101.025390625,98,200,4366,577,200,0,47,30,21,0,0
171,5.0,0.2,3307.55078125,3107.869384765625,69,226,4835,566,226,0,32,16,21,0,0
172,5.0,0.0,3443.33544921875,3291.46044921875,83,223,4904,582,223,0,16,46,21,0,0
173,5.0,0.1,3327.3349609375,3252.389404296875,23,203,4425,572,203,0,2,16,5,0,0
174,5.0,0.2,3337.53662109375,3227.147216796875,83,203,4457,587,203,0,16,46,21,0,0
175,5.0,0.1,3153.1962890625,2945.576416015625,69,207,4509,596,207,0,32,16,21,0,0
176,5.0,0.4,3285.453369140625,3074.34228515625,69,213,4674,571,213,0,32,16,21,0,0
177,5.0,0.3,3476.78369140625,3322.499267578125,82,200,4328,548,200,0,31,30,21,0,0
178,5.0,0.3,3128.071044921875,2934.268798828125,69,209,4439,543,209,0,32,16,21,0,0
179,5.0,0.1,3105.739013671875,3001.849609375,23,222,4855,624,222,0,2,16,5,0,0
180,5.0,0.3,3295.378173828125,3158.40625,23,241,5167,617,241,0,2,16,5,0,0
181,5.0,0.1,3479.717529296875,3349.9775390625,58,205,4465,553,205,0,16,37,5,0,0
182,5.0,0.2,3307.7119140625,3216.885498046875,23,216,4725,608,216,0,2,16,5,0,0
183,5.0,0.2,3386.64404296875,3214.3212890625,67,229,4993,579,229,0,32,30,5,0,0
184,5.0,0.1,3284.476806640625,2997.024658203125,69,210,4578,588,210,0,32,16,21,0,0
185,5.0,0.2,3497.798828125,3336.383056640625,23,203,4413,596,203,0,2,16,5,0,0
186,5.0,0.0,3486.264404296875,3257.796875,69,213,4679,585,213,0,32,16,21,0,0
187,5.0,0.1,3419.3115234375,3165.59423828125,69,204,4407,579,204,0,32,16,21,0,0
188,5.0,0.1,3514.74365234375,3258.33935546875,69,202,4470,604,202,0,32,16,21,0,0
189,5.0,0.3,3390.104248046875,3155.7392578125,98,203,4433,576,203,0,47,30,21,0,0
190,5.0,0.2,3461.895751953125,3287.9326171875,69,202,4392,537,202,0,32,16,21,0,0
191,5.0,0.1,3396.101318359375,3201.18310546875,69,203,4350,580,203,0,32,16,21,0,0
192,5.0,0.3,3375.36474609375,3203.81689453125,82,200,4353,552,200,0,31,30,21,0,0
193,5.0,0.5,3337.555419921875,3106.8505859375,69,213,4563,585,213,0,32,16,21,0,0
194,5.0,0.3,3336.922607421875,3247.50390625,23,204,4434,575,204,0,2,16,5,0,0
195,5.0,0.2,3261.556640625,3091.714599609375,69,201,4481,578,201,0,32,16,21,0,0
196,5.0,0.4,3297.267578125,3150.53759765625,23,207,4490,622,207,0,2,16,5,0,0
197,5.0,0.3,3160.5244140625,2997.991455078125,62,200,4463,566,200,0,32,25,5,0,0
198,5.0,0.0,2989.5888671875,2838.9482421875,130,203,4528,588,203,0,79,30,21,0,0
199,5.0,0.2,3220.323974609375,3081.158447265625,83,202,4441,576,202,0,16,46,21,0,0
0,8.0,0.2,8600.3955078125,8265.1962890625,69,222,4807,566,222,0,32,16,21,0,0
1,8.0,0.2,8161.96337890625,7844.15380859375,69,228,4929,590,228,0,32,16,21,0,0
2,8.0,0.2,8028.88330078125,7839.12255859375,23,203,4308,589,203,0,2,16,5,0,0
3,8.0,0.2,8378.07421875,8084.52001953125,69,202,4331,580,202,0,32,16,21,0,0
4,8.0,0.1,8347.0576171875,7985.6640625,69,205,4355,585,205,0,32,16,21,0,0
5,8.0,0.2,8459.9951171875,8124.8310546875,69,202,4275,575,202,0,32,16,21,0,0
6,8.0,0.1,8054.41845703125,7855.91162109375,83,202,4327,592,202,0,16,46,21,0,0
7,8.0,0.2,8332.0322265625,8142.79150390625,23,209,4458,587,209,0,2,16,5,0,0
8,8.0,0.2,8310.5087890625,7967.044921875,69,216,4574,603,216,0,32,16,21,0,0
9,8.0,0.1,8402.8408203125,8236.03125,83,202,4445,597,202,0,16,46,21,0,0
10,8.0,0.2,8056.42724609375,7676.7587890625,69,215,4717,593,215,0,32,16,21,0,0
11,8.0,0.2,8603.099609375,8378.8037109375,83,209,4537,574,209,0,16,46,21,0,0
12,8.0,0.0,8262.7548828125,8085.77685546875,23,208,4373,588,208,0,2,16,5,0,0
13,8.0,0.3,8291.900390625,8082.7529296875,23,216,4504,580,216,0,2,16,5,0,0
14,8.0,0.2,8367.9033203125,8176.1259765625,83,202,4282,576,202,0,16,46,21,0,0
15,8.0,0.2,8132.7470703125,7951.93603515625,83,207,4391,573,207,0,16,46,21,0,0
16,8.0,0.1,8167.2626953125,7854.37353515625,69,216,4595,591,216,0,32,16,21,0,0
17,8.0,0.2,8348.025390625,8013.19677734375,69,202,4414,612,202,0,32,16,21,0,0
18,8.0,0.1,8283.552734375,7928.2060546875,98,208,4505,580,208,0,47,30,21,0,0
19,8.0,0.1,8396.3330078125,8044.71240234375,69,216,4588,561,216,0,32,16,21,0,0
20,8.0,0.1,8157.2294921875,7895.6279296875,69,203,4303,585,203,0,32,16,21,0,0
21,8.0,0.2,8281.5458984375,7910.74462890625,69,206,4366,606,206,0,32,16,21,0,0
22,8.0,0.3,7983.72119140625,7618.97802734375,69,209,4434,579,209,0,32,16,21,0,0
23,8.0,0.1,8344.7236328125,8021.2998046875,69,206,4383,552,206,0,32,16,21,0,0
24,8.0,0.2,7980.37744140625,7818.0751953125,23,210,4388,592,210,0,2,16,5,0,0
25,8.0,0.0,8220.4228515625,7989.11962890625,83,224,4713,566,224,0,16,46,21,0,0
26,8.0,0.0,8185.67333984375,7819.63916015625,69,204,4384,593,204,0,32,16,21,0,0
27,8.0,0.1,8470.6865234375,8273.591796875,23,205,4336,586,205,0,2,16,5,0,0
28,8.0,0.1,8086.6123046875,7745.1435546875,69,203,4344,564,203,0,32,16,21,0,0
29,8.0,0.2,8577.2294921875,8390.0224609375,23,209,4486,615,209,0,2,16,5,0,0
30,8.0,0.2,8299.61328125,8132.6630859375,83,206,4494,592,206,0,16,46,21,0,0
31,8.0,0.1,8087.49072265625,7774.77978515625,69,201,4401,583,201,0,32,16,21,0,0
32,8.0,0.2,8107.98681640625,7819.4853515625,69,209,4499,571,209,0,32,16,21,0,0
33,8.0,0.1,8016.40625,7842.75341796875,23,204,4366,631,204,0,2,16,5,0,0
34,8.0,0.3,8448.1884765625,8210.4140625,83,207,4592,557,207,0,16,46,21,0,0
35,8.0,0.1,8013.998046875,7704.45556640625,69,202,4354,544,202,0,32,16,21,0,0
36,8.0,0.1,8021.0498046875,7859.48779296875,65,201,4334,557,201,0,29,31,5,0,0
37,8.0,0.3,8036.46240234375,7677.63330078125,69,208,4427,573,208,0,32,16,21,0,0
38,8.0,0.2,8012.7958984375,7836.1826171875,23,206,4427,610,206,0,2,16,5,0,0
39,8.0,0.1,8526.671875,8344.25390625,83,206,4372,585,206,0,16,46,21,0,0
40,8.0,0.2,8277.9833984375,7955.49755859375,69,203,4303,565,203,0,32,16,21,0,0
41,8.0,0.1,8399.8974609375,8049.2568359375,69,203,4409,561,203,0,32,16,21,0,0
42,8.0,0.1,7935.9912109375,7637.98974609375,69,206,4347,597,206,0,32,16,21,0,0
43,8.0,0.3,8287.8759765625,8104.7109375,23,214,4479,601,214,0,2,16,5,0,0
44,8.0,0.2,8370.287109375,8162.66357421875,83,203,4314,546,203,0,16,46,21,0,0
45,8.0,0.3,7781.8076171875,7479.05615234375,69,203,4449,574,203,0,32,16,21,0,0
46,8.0,0.3,8426.82421875,8264.26953125,83,202,4375,601,202,0,16,46,21,0,0
47,8.0,0.1,7992.47705078125,7698.0224609375,69,217,4634,616,217,0,32,16,21,0,0
48,8.0,0.1,8260.177734375,8071.43408203125,83,202,4334,588,202,0,16,46,21,0,0
49,8.0,0.3,8412.2607421875,8239.8271484375,83,208,4501,610,208,0,16,46,21,0,0
50,8.0,0.1,8300.443359375,7990.82177734375,69,202,4405,570,202,0,32,16,21,0,0
51,8.0,0.1,8308.7998046875,8160.23974609375,23,206,4377,570,206,0,2,16,5,0,0
52,8.0,0.2,8213.6875,8040.94384765625,23,208,4402,581,208,0,2,16,5,0,0
53,8.0,0.1,7889.74755859375,7707.974609375,83,207,4412,571,207,0,16,46,21,0,0
54,8.0,0.2,8242.8193359375,8129.02734375,83,201,4398,560,201,0,16,46,21,0,0
55,8.0,0.3,8350.2373046875,8029.59423828125,69,203,4294,576,203,0,32,16,21,0,0
56,8.0,0.2,8137.87841796875,7768.1533203125,69,201,4327,570,201,0,32,16,21,0,0
57,8.0,0.1,8151.58837890625,7834.40380859375,69,218,4620,592,218,0,32,16,21,0,0
58,8.0,0.3,8258.1689453125,7939.98095703125,69,205,4246,586,205,0,32,16,21,0,0
59,8.0,0.2,8298.3603515625,7952.70654296875,69,202,4247,542,202,0,32,16,21,0,0
60,8.0,0.1,8381.494140625,8051.42919921875,98,200,4327,554,200,0,47,30,21,0,0
61,8.0,0.4,8540.3291015625,8232.0,69,202,4259,565,202,0,32,16,21,0,0
62,8.0,0.1,8277.796875,8080.904296875,23,219,4556,572,219,0,2,16,5,0,0
63,8.0,0.1,8306.0107421875,8108.271484375,23,204,4325,582,204,0,2,16,5,0,0
64,8.0,0.3,8249.1044921875,7967.9912109375,69,202,4431,573,202,0,32,16,21,0,0
65,8.0,0.1,8485.5712890625,8084.98046875,69,201,4393,580,201,0,32,16,21,0,0
66,8.0,0.2,8254.70703125,7926.9248046875,69,204,4336,573,204,0,32,16,21,0,0
67,8.0,0.3,8356.951171875,7992.71875,69,211,4442,582,211,0,32,16,21,0,0
68,8.0,0.1,8125.03466796875,7965.30078125,83,201,4416,574,201,0,16,46,21,0,0
69,8.0,0.1,8264.8974609375,8048.623046875,83,202,4314,565,202,0,16,46,21,0,0
70,8.0,0.3,7802.11474609375,7471.93798828125,69,204,4348,612,204,0,32,16,21,0,0
71,8.0,0.3,8397.0556640625,8126.78173828125,69,206,4467,576,206,0,32,16,21,0,0
72,8.0,0.2,8549.8759765625,8158.515625,69,203,4251,585,203,0,32,16,21,0,0
73,8.0,0.1,8104.974609375,7935.03466796875,23,205,4429,607,205,0,2,16,5,0,0
74,8.0,0.2,8323.330078125,7928.3359375,98,219,4698,550,219,0,47,30,21,0,0
75,8.0,0.2,8127.048828125,7804.43212890625,69,203,4389,594,203,0,32,16,21,0,0
76,8.0,0.2,8272.8759765625,8050.7275390625,129,208,4451,557,208,0,48,60,21,0,0
77,8.0,0.0,8243.078125,7922.91845703125,69,209,4446,601,209,0,32,16,21,0,0
78,8.0,0.1,8303.7255859375,7946.06884765625,69,214,4537,582,214,0,32,16,21,0,0
79,8.0,0.2,8104.92626953125,7748.13330078125,69,202,4296,575,202,0,32,16,21,0,0
80,8.0,0.2,8161.794921875,7807.50732421875,69,204,4415,574,204,0,32,16,21,0,0
81,8.0,0.3,8523.7734375,8183.9873046875,69,205,4239,598,205,0,32,16,21,0,0
82,8.0,0.1,8404.615234375,8223.341796875,23,223,4725,600,223,0,2,16,5,0,0
83,8.0,0.1,8097.890625,7890.95654296875,83,200,4248,598,200,0,16,46,21,0,0
84,8.0,0.2,8245.072265625,7940.3955078125,69,217,4595,605,217,0,32,16,21,0,0
85,8.0,0.0,8262.37109375,8046.4111328125,23,206,4426,606,206,0,2,16,5,0,0
86,8.0,0.1,8504.0654296875,8151.763671875,69,204,4324,564,204,0,32,16,21,0,0
87,8.0,0.1,8441.783203125,8077.087890625,69,207,4357,544,207,0,32,16,21,0,0
88,8.0,0.1,8126.43115234375,7922.28466796875,83,201,4317,546,201,0,16,46,21,0,0
89,8.0,0.2,8092.271484375,7897.09375,83,216,4659,591,216,0,16,46,21,0,0
90,8.0,0.2,8180.44482421875,7879.2001953125,69,202,4306,575,202,0,32,16,21,0,0
91,8.0,0.2,8441.345703125,8205.5869140625,62,207,4515,593,207,0,11,46,5,0,0
92,8.0,0.1,8543.142578125,8138.4833984375,98,202,4438,584,202,0,47,30,21,0,0
93,8.0,0.0,8106.55908203125,7940.63232421875,83,201,4336,582,201,0,16,46,21,0,0
94,8.0,0.1,8113.24365234375,7949.2041015625,23,205,4384,606,205,0,2,16,5,0,0
95,8.0,0.1,8075.5947265625,7871.4072265625,83,201,4392,583,201,0,16,46,21,0,0
96,8.0,0.2,8408.8955078125,8265.2275390625,23,231,5005,598,231,0,2,16,5,0,0
97,8.0,0.2,7764.12158203125,7583.9501953125,83,213,4495,593,213,0,16,46,21,0,0
98,8.0,0.2,7972.2822265625,7803.77294921875,23,205,4358,616,205,0,2,16,5,0,0
99,8.0,0.0,8413.1884765625,8218.861328125,23,225,4701,596,225,0,2,16,5,0,0
100,8.0,0.1,8224.8740234375,7855.607421875,69,220,4586,583,220,0,32,16,21,0,0
101,8.0,0.2,7769.09033203125,7540.96826171875,69,212,4525,556,212,0,32,16,21,0,0
102,8.0,0.1,7958.07666015625,7745.34326171875,83,220,4736,602,220,0,16,46,21,0,0
103,8.0,0.2,8334.5849609375,8138.869140625,23,208,4465,629,208,0,2,16,5,0,0
104,8.0,0.3,8442.345703125,8243.05859375,23,208,4487,587,208,0,2,16,5,0,0
105,8.0,0.1,8165.9921875,7951.55615234375,49,210,4535,556,210,0,13,31,5,0,0
106,8.0,0.2,8401.2353515625,8216.1845703125,23,205,4383,594,205,0,2,16,5,0,0
107,8.0,0.2,8232.1337890625,7890.98095703125,69,203,4247,566,203,0,32,16,21,0,0
108,8.0,0.1,7952.83642578125,7774.45556640625,23,207,4449,607,207,0,2,16,5,0,0
109,8.0,0.2,8204.2568359375,8043.4521484375,23,212,4482,618,212,0,2,16,5,0,0
110,8.0,0.2,8494.3193359375,8123.15625,98,208,4500,567,208,0,47,30,21,0,0
111,8.0,0.1,8476.6142578125,8294.7763671875,83,203,4337,572,203,0,16,46,21,0,0
112,8.0,0.1,8105.12548828125,7944.27783203125,23,216,4639,582,216,0,2,16,5,0,0
113,8.0,0.1,8429.951171875,8292.0078125,83,206,4349,563,206,0,16,46,21,0,0
114,8.0,0.1,8201.126953125,7853.26953125,69,221,4616,599,221,0,32,16,21,0,0
115,8.0,0.3,8512.306640625,8126.12841796875,69,213,4499,551,213,0,32,16,21,0,0
116,8.0,0.2,7988.66748046875,7706.52978515625,130,221,4767,583,221,0,79,30,21,0,0
117,8.0,0.2,8153.4609375,7813.80615234375,69,201,4391,559,201,0,32,16,21,0,0
118,8.0,0.4,8057.6806640625,7688.16162109375,69,207,4527,601,207,0,32,16,21,0,0
119,8.0,0.1,8310.677734375,8139.9228515625,23,204,4327,582,204,0,2,16,5,0,0
120,8.0,0.1,7905.21240234375,7686.44970703125,83,202,4447,580,202,0,16,46,21,0,0
121,8.0,0.2,8157.7001953125,7828.02685546875,69,208,4614,599,208,0,32,16,21,0,0
122,8.0,0.1,8465.818359375,8148.43994140625,69,223,4661,569,223,0,32,16,21,0,0
123,8.0,0.2,8445.951171875,8275.4130859375,83,228,4963,572,228,0,16,46,21,0,0
124,8.0,0.2,8111.01513671875,7749.6953125,69,211,4557,580,211,0,32,16,21,0,0
125,8.0,0.2,8045.3466796875,7700.8603515625,69,210,4482,561,210,0,32,16,21,0,0
126,8.0,0.1,8427.0009765625,8077.490234375,69,209,4467,577,209,0,32,16,21,0,0
127,8.0,0.1,8301.6474609375,7930.1455078125,69,202,4250,582,202,0,32,16,21,0,0
128,8.0,0.3,8227.802734375,7951.275390625,114,212,4667,618,212,0,63,30,21,0,0
129,8.0,0.1,7961.0625,7760.3955078125,23,206,4366,582,206,0,2,16,5,0,0
130,8.0,0.1,8271.083984375,7955.97900390625,69,212,4324,589,212,0,32,16,21,0,0
131,8.0,0.1,8268.787109375,7926.13134765625,69,202,4342,541,202,0,32,16,21,0,0
132,8.0,0.2,8385.4990234375,8169.42431640625,23,207,4344,598,207,0,2,16,5,0,0
133,8.0,0.2,8256.4853515625,7921.65478515625,69,206,4363,596,206,0,32,16,21,0,0
134,8.0,0.1,8328.71875,8135.24560546875,23,209,4437,596,209,0,2,16,5,0,0
135,8.0,0.4,7848.35205078125,7524.01318359375,69,209,4374,566,209,0,32,16,21,0,0
136,8.0,0.3,8557.60546875,8176.732421875,98,202,4324,557,202,0,47,30,21,0,0
137,8.0,0.1,8120.10498046875,7983.51220703125,49,203,4348,586,203,0,13,31,5,0,0
138,8.0,0.2,8280.0625,7892.0166015625,98,200,4300,547,200,0,47,30,21,0,0
139,8.0,0.2,7996.7744140625,7806.404296875,82,200,4312,549,200,0,31,30,21,0,0
140,8.0,0.2,8208.3779296875,8007.77001953125,23,202,4263,581,202,0,2,16,5,0,0
141,8.0,0.2,8506.2373046875,8157.01416015625,69,206,4342,584,206,0,32,16,21,0,0
142,8.0,0.3,8337.1416015625,8086.669921875,69,202,4382,606,202,0,32,16,21,0,0
143,8.0,0.1,8241.322265625,8037.77294921875,65,200,4354,580,200,0,29,31,5,0,0
144,8.0,0.2,8205.5634765625,7874.9208984375,69,204,4341,575,204,0,32,16,21,0,0
145,8.0,0.3,8554.6181640625,8225.8740234375,69,205,4385,575,205,0,32,16,21,0,0
146,8.0,0.2,8083.126953125,7741.7216796875,69,207,4370,595,207,0,32,16,21,0,0
147,8.0,0.1,8347.0634765625,8187.0224609375,83,201,4355,578,201,0,16,46,21,0,0
148,8.0,0.1,8166.14111328125,7974.19970703125,23,206,4352,594,206,0,2,16,5,0,0
149,8.0,0.2,7954.42822265625,7627.92919921875,69,202,4393,567,202,0,32,16,21,0,0
150,8.0,0.3,7956.5615234375,7598.755859375,69,214,4540,584,214,0,32,16,21,0,0
151,8.0,0.3,8493.5234375,8242.150390625,58,202,4348,559,202,0,16,37,5,0,0
152,8.0,0.3,8073.2578125,7876.521484375,23,205,4387,613,205,0,2,16,5,0,0
153,8.0,0.3,8129.88525390625,7821.3134765625,114,208,4356,611,208,0,63,30,21,0,0
154,8.0,0.3,8203.7099609375,7856.783203125,69,203,4375,578,203,0,32,16,21,0,0
155,8.0,0.1,8405.8984375,8204.095703125,83,201,4320,562,201,0,16,46,21,0,0
156,8.0,0.2,8586.91015625,8401.677734375,23,210,4514,589,210,0,2,16,5,0,0
157,8.0,0.2,8369.66015625,8004.19775390625,69,205,4374,602,205,0,32,16,21,0,0
158,8.0,0.3,8281.97265625,8113.876953125,83,202,4338,601,202,0,16,46,21,0,0
159,8.0,0.2,8085.35302734375,7763.32470703125,69,206,4434,583,206,0,32,16,21,0,0
160,8.0,0.1,8410.095703125,8209.4208984375,83,204,4454,589,204,0,16,46,21,0,0
161,8.0,0.0,8296.146484375,8074.0166015625,65,200,4235,559,200,0,29,31,5,0,0
162,8.0,0.1,8233.9755859375,7857.583984375,69,207,4522,580,207,0,32,16,21,0,0
163,8.0,0.1,8355.7890625,8153.93408203125,23,210,4459,585,210,0,2,16,5,0,0
164,8.0,0.1,8177.7666015625,7894.81591796875,69,207,4379,560,207,0,32,16,21,0,0
165,8.0,0.1,8231.6123046875,8077.619140625,83,201,4290,564,201,0,16,46,21,0,0
166,8.0,0.2,7948.23486328125,7759.314453125,65,201,4220,559,201,0,29,31,5,0,0
167,8.0,0.3,8307.9931640625,8125.39697265625,23,204,4334,632,204,0,2,16,5,0,0
168,8.0,0.2,8255.658203125,8072.46142578125,23,208,4452,603,208,0,2,16,5,0,0
169,8.0,0.0,8359.08984375,8032.14111328125,69,213,4557,603,213,0,32,16,21,0,0
170,8.0,0.2,8513.7216796875,8290.59375,83,200,4273,598,200,0,16,46,21,0,0
171,8.0,0.1,8207.0078125,8029.3876953125,23,202,4342,594,202,0,2,16,5,0,0
172,8.0,0.1,8556.7548828125,8299.8583984375,130,210,4398,588,210,0,79,30,21,0,0
173,8.0,0.2,8244.3603515625,7953.4140625,69,221,4679,605,221,0,32,16,21,0,0
174,8.0,0.3,8534.96484375,8222.1611328125,69,232,4868,576,232,0,32,16,21,0,0
175,8.0,0.1,8382.6982421875,8208.0810546875,23,203,4378,587,203,0,2,16,5,0,0
176,8.0,0.2,8270.294921875,7928.78857421875,69,203,4254,557,203,0,32,16,21,0,0
177,8.0,0.1,8096.74169921875,7893.36083984375,83,202,4399,576,202,0,16,46,21,0,0
178,8.0,0.2,8113.958984375,7780.8525390625,69,211,4461,573,211,0,32,16,21,0,0
179,8.0,0.2,8330.7880859375,8172.52685546875,83,222,4786,599,222,0,16,46,21,0,0
180,8.0,0.3,8286.0712890625,7969.95654296875,69,202,4384,581,202,0,32,16,21,0,0
181,8.0,0.1,8431.5458984375,8239.82421875,23,204,4360,567,204,0,2,16,5,0,0
182,8.0,0.1,8478.8974609375,8292.3994140625,65,201,4367,554,201,0,29,31,5,0,0
183,8.0,0.2,8073.078125,7901.67822265625,23,211,4534,608,211,0,2,16,5,0,0
184,8.0,0.2,8288.103515625,8092.70263671875,23,206,4386,598,206,0,2,16,5,0,0
185,8.0,0.1,8411.1171875,8059.4873046875,69,210,4424,521,210,0,32,16,21,0,0
186,8.0,0.1,8216.583984375,7920.52783203125,69,204,4356,548,204,0,32,16,21,0,0
187,8.0,0.1,8107.45361328125,7884.9169921875,83,200,4377,587,200,0,16,46,21,0,0
188,8.0,0.1,8353.9384765625,8071.7041015625,69,202,4447,557,202,0,32,16,21,0,0
189,8.0,0.2,8128.05859375,7749.21044921875,69,208,4397,591,208,0,32,16,21,0,0
190,8.0,0.3,8061.4189453125,7898.814453125,83,203,4446,563,203,0,16,46,21,0,0
191,8.0,0.1,8163.146484375,7989.27880859375,23,210,4443,598,210,0,2,16,5,0,0
192,8.0,0.3,8215.560546875,7840.7041015625,69,211,4549,615,211,0,32,16,21,0,0
193,8.0,0.2,8018.07080078125,7713.6376953125,69,202,4197,589,202,0,32,16,21,0,0
194,8.0,0.1,8469.8408203125,8082.19091796875,69,221,4641,578,221,0,32,16,21,0,0
195,8.0,0.2,8092.9208984375,7752.56982421875,69,213,4619,592,213,0,32,16,21,0,0
196,8.0,0.2,8245.7705078125,7915.79296875,69,209,4491,600,209,0,32,16,21,0,0
197,8.0,0.1,8243.5087890625,8089.9619140625,83,212,4572,584,212,0,16,46,21,0,0
198,8.0,0.2,8045.978515625,7802.216796875,23,209,4451,601,209,0,2,16,5,0,0
199,8.0,0.3,8629.73046875,8278.59375,69,205,4282,575,205,0,32,16,21,0,0
0,10.0,0.2,12684.01171875,12286.908203125,69,205,4303,554,205,0,32,16,21,0,0
1,10.0,0.1,12730.505859375,12528.7333984375,23,206,4376,574,206,0,2,16,5,0,0
2,10.0,0.1,12671.9267578125,12468.1044921875,83,209,4442,589,209,0,16,46,21,0,0
3,10.0,0.2,12835.6474609375,12585.34375,23,214,4534,637,214,0,2,16,5,0,0
4,10.0,0.1,12464.1591796875,12069.302734375,69,202,4277,564,202,0,32,16,21,0,0
5,10.0,0.1,12609.2578125,12405.048828125,83,211,4569,585,211,0,16,46,21,0,0
6,10.0,0.2,12927.2041015625,12691.3779296875,23,210,4373,633,210,0,2,16,5,0,0
7,10.0,0.2,12564.744140625,12096.2021484375,98,204,4434,551,204,0,47,30,21,0,0
8,10.0,0.1,12335.53125,11934.623046875,69,201,4336,615,201,0,32,16,21,0,0
9,10.0,0.1,12721.427734375,12515.3720703125,23,206,4383,598,206,0,2,16,5,0,0
10,10.0,0.2,13103.5498046875,12674.1640625,98,203,4373,558,203,0,47,30,21,0,0
11,10.0,0.2,12578.21875,12196.984375,69,204,4211,572,204,0,32,16,21,0,0
12,10.0,0.1,12677.146484375,12454.9580078125,97,203,4359,576,203,0,16,60,21,0,0
13,10.0,0.2,12874.6484375,12423.412109375,69,202,4323,554,202,0,32,16,21,0,0
14,10.0,0.1,12590.841796875,12347.38671875,23,204,4346,571,204,0,2,16,5,0,0
15,10.0,0.2,13114.8427734375,12938.9736328125,83,204,4318,587,204,0,16,46,21,0,0
16,10.0,0.1,12811.5625,12608.9931640625,83,203,4414,589,203,0,16,46,21,0,0
17,10.0,0.1,12951.7353515625,12538.2841796875,69,201,4264,568,201,0,32,16,21,0,0
18,10.0,0.2,13071.736328125,12743.685546875,82,200,4302,568,200,0,31,30,21,0,0
19,10.0,0.2,12828.3916015625,12647.2890625,83,204,4423,595,204,0,16,46,21,0,0
20,10.0,0.3,13161.935546875,12943.15625,23,205,4365,626,205,0,2,16,5,0,0
21,10.0,0.1,12549.5390625,12317.5361328125,23,216,4566,601,216,0,2,16,5,0,0
22,10.0,0.1,12866.2265625,12680.5029296875,83,209,4438,566,209,0,16,46,21,0,0
23,10.0,0.2,12851.5078125,12440.2666015625,69,204,4295,597,204,0,32,16,21,0,0
24,10.0,0.1,13025.00390625,12778.9375,83,203,4338,590,203,0,16,46,21,0,0
25,10.0,0.3,12928.8447265625,12528.1591796875,69,218,4626,561,218,0,32,16,21,0,0
26,10.0,0.2,12528.802734375,12221.9189453125,68,202,4355,578,202,0,11,52,5,0,0
27,10.0,0.1,12889.16796875,12584.3984375,23,222,4744,582,222,0,2,16,5,0,0
28,10.0,0.1,12585.5390625,12394.357421875,23,205,4373,602,205,0,2,16,5,0,0
29,10.0,0.1,12760.29296875,12348.369140625,69,202,4374,571,202,0,32,16,21,0,0
30,10.0,0.2,13112.111328125,12916.005859375,23,207,4379,598,207,0,2,16,5,0,0
31,10.0,0.0,13148.4599609375,12764.1865234375,69,211,4584,587,211,0,32,16,21,0,0
32,10.0,0.2,12965.693359375,12736.244140625,23,204,4319,599,204,0,2,16,5,0,0
33,10.0,0.1,13027.8779296875,12820.171875,83,201,4294,602,201,0,16,46,21,0,0
34,10.0,0.1,12678.5791015625,12525.2001953125,83,203,4410,594,203,0,16,46,21,0,0
35,10.0,0.1,12588.677734375,12115.7529296875,69,216,4659,561,216,0,32,16,21,0,0
36,10.0,0.2,12243.45703125,11826.1376953125,69,202,4316,584,202,0,32,16,21,0,0
37,10.0,0.1,12728.392578125,12535.5908203125,23,206,4352,612,206,0,2,16,5,0,0
38,10.0,0.1,13011.9697265625,12750.056640625,23,205,4351,555,205,0,2,16,5,0,0
39,10.0,0.1,12835.861328125,12394.2705078125,69,211,4479,574,211,0,32,16,21,0,0
40,10.0,0.2,12703.4404296875,12273.494140625,69,235,4920,563,235,0,32,16,21,0,0
41,10.0,0.3,12583.97265625,12378.6552734375,23,219,4483,594,219,0,2,16,5,0,0
42,10.0,0.1,12768.001953125,12299.107421875,98,200,4272,578,200,0,47,30,21,0,0
43,10.0,0.2,12698.1689453125,12443.8828125,65,210,4462,580,210,0,29,31,5,0,0
44,10.0,0.2,13139.822265625,12945.6064453125,83,207,4466,609,207,0,16,46,21,0,0
45,10.0,0.1,12875.349609375,12629.693359375,23,207,4406,599,207,0,2,16,5,0,0
46,10.0,0.1,12864.912109375,12596.1044921875,83,203,4405,594,203,0,16,46,21,0,0
47,10.0,0.2,13030.861328125,12815.5595703125,83,204,4447,571,204,0,16,46,21,0,0
48,10.0,0.1,12591.82421875,12187.3759765625,69,203,4353,583,203,0,32,16,21,0,0
49,10.0,0.0,12902.201171875,12474.361328125,69,202,4298,587,202,0,32,16,21,0,0
50,10.0,0.1,12496.8115234375,12289.318359375,23,210,4396,585,210,0,2,16,5,0,0
51,10.0,0.2,12999.25390625,12619.361328125,69,206,4378,588,206,0,32,16,21,0,0
52,10.0,0.1,13122.37890625,12682.7197265625,69,203,4313,593,203,0,32,16,21,0,0
53,10.0,0.1,12425.8330078125,12170.3046875,83,204,4428,579,204,0,16,46,21,0,0
54,10.0,0.2,12671.9658203125,12450.3955078125,23,213,4460,635,213,0,2,16,5,0,0
55,10.0,0.1,12378.6708984375,12001.189453125,69,204,4269,566,204,0,32,16,21,0,0
56,10.0,0.1,13253.65234375,12838.9267578125,69,207,4458,607,207,0,32,16,21,0,0
57,10.0,0.3,12966.072265625,12764.099609375,83,202,4317,587,202,0,16,46,21,0,0
58,10.0,0.1,13048.7431640625,12781.4697265625,65,202,4402,577,202,0,29,31,5,0,0
59,10.0,0.3,12567.31640625,12360.853515625,23,212,4490,575,212,0,2,16,5,0,0
60,10.0,0.2,12511.3369140625,12313.0517578125,83,204,4353,581,204,0,16,46,21,0,0
61,10.0,0.3,12968.9033203125,12741.017578125,23,213,4422,619,213,0,2,16,5,0,0
62,10.0,0.2,13098.927734375,12686.5556640625,69,201,4328,568,201,0,32,16,21,0,0
63,10.0,0.1,12667.126953125,12214.318359375,69,224,4669,574,224,0,32,16,21,0,0
64,10.0,0.2,12777.107421875,12391.19921875,69,203,4421,551,203,0,32,16,21,0,0
65,10.0,0.3,12724.4658203125,12350.1533203125,69,204,4432,591,204,0,32,16,21,0,0
66,10.0,0.3,13072.8173828125,12690.0712890625,69,211,4595,571,211,0,32,16,21,0,0
67,10.0,0.1,12992.4033203125,12791.58203125,83,201,4291,587,201,0,16,46,21,0,0
68,10.0,0.1,12864.994140625,12637.3994140625,83,215,4692,580,215,0,16,46,21,0,0
69,10.0,0.1,12606.3193359375,12365.1591796875,23,203,4305,568,203,0,2,16,5,0,0
70,10.0,0.1,12927.513671875,12688.3818359375,23,204,4309,600,204,0,2,16,5,0,0
71,10.0,0.2,13181.3203125,12778.2255859375,69,211,4421,602,211,0,32,16,21,0,0
72,10.0,0.1,12650.1923828125,12402.2177734375,83,202,4362,576,202,0,16,46,21,0,0
73,10.0,0.1,12621.0439453125,12391.275390625,82,200,4260,564,200,0,31,30,21,0,0
74,10.0,0.1,12688.4375,12299.4423828125,69,204,4370,590,204,0,32,16,21,0,0
75,10.0,0.2,12591.2958984375,12367.6318359375,83,201,4282,589,201,0,16,46,21,0,0
76,10.0,0.1,12835.279296875,12633.587890625,83,203,4367,571,203,0,16,46,21,0,0
77,10.0,0.1,12616.1455078125,12129.8779296875,69,203,4328,590,203,0,32,16,21,0,0
78,10.0,0.2,13129.09375,12924.8203125,23,205,4336,594,205,0,2,16,5,0,0
79,10.0,0.1,12658.5380859375,12436.693359375,83,201,4288,596,201,0,16,46,21,0,0
80,10.0,0.2,12802.2548828125,12409.259765625,69,205,4346,600,205,0,32,16,21,0,0
81,10.0,0.3,12910.55078125,12466.318359375,69,204,4494,569,204,0,32,16,21,0,0
82,10.0,0.3,12241.248046875,12024.5888671875,83,212,4593,605,212,0,16,46,21,0,0
83,10.0,0.1,12988.44140625,12553.537109375,69,213,4647,613,213,0,32,16,21,0,0
84,10.0,0.3,12900.87109375,12447.181640625,69,222,4807,568,222,0,32,16,21,0,0
85,10.0,0.2,12735.482421875,12345.8857421875,69,203,4375,548,203,0,32,16,21,0,0
86,10.0,0.3,13246.603515625,13008.84765625,83,201,4361,568,201,0,16,46,21,0,0
87,10.0,0.2,12885.1328125,12624.5986328125,65,201,4291,561,201,0,29,31,5,0,0
88,10.0,0.2,12851.62109375,12392.755859375,69,208,4457,601,208,0,32,16,21,0,0
89,10.0,0.1,13261.5068359375,12899.603515625,69,203,4285,592,203,0,32,16,21,0,0
90,10.0,0.0,13078.9873046875,12863.1240234375,83,201,4272,570,201,0,16,46,21,0,0
91,10.0,0.1,12883.4951171875,12648.716796875,83,207,4410,571,207,0,16,46,21,0,0
92,10.0,0.3,12607.171875,12209.69140625,69,205,4301,572,205,0,32,16,21,0,0
93,10.0,0.2,12855.5966796875,12459.0537109375,69,204,4347,584,204,0,32,16,21,0,0
94,10.0,0.1,12918.5849609375,12469.5048828125,98,201,4134,561,201,0,47,30,21,0,0
95,10.0,0.2,12487.9443359375,12095.2060546875,69,202,4413,580,202,0,32,16,21,0,0
96,10.0,0.2,12910.3935546875,12444.529296875,69,206,4424,576,206,0,32,16,21,0,0
97,10.0,0.2,13147.4150390625,12873.927734375,82,205,4491,534,205,0,31,30,21,0,0
98,10.0,0.2,12823.384765625,12402.5361328125,69,205,4289,595,205,0,32,16,21,0,0
99,10.0,0.2,12863.2724609375,12652.7158203125,83,204,4392,583,204,0,16,46,21,0,0
100,10.0,0.1,12755.833984375,12306.142578125,69,201,4369,558,201,0,32,16,21,0,0
101,10.0,0.2,12855.37109375,12485.9287109375,69,209,4488,573,209,0,32,16,21,0,0
102,10.0,0.3,13001.5927734375,12619.505859375,69,203,4324,559,203,0,32,16,21,0,0
103,10.0,0.2,12761.61328125,12550.564453125,23,218,4598,598,218,0,2,16,5,0,0
104,10.0,0.1,12811.865234375,12595.3203125,23,203,4348,595,203,0,2,16,5,0,0
105,10.0,0.1,12775.361328125,12431.6904296875,58,204,4378,581,204,0,16,37,5,0,0
106,10.0,0.0,12882.939453125,12625.0966796875,23,204,4276,588,204,0,2,16,5,0,0
107,10.0,0.2,12717.419921875,12255.9404296875,69,201,4261,565,201,0,32,16,21,0,0
108,10.0,0.1,12981.0830078125,12712.9296875,23,202,4280,603,202,0,2,16,5,0,0
109,10.0,0.1,12896.7919921875,12650.546875,82,207,4421,550,207,0,31,30,21,0,0
110,10.0,0.2,12764.2431640625,12481.6572265625,130,213,4496,573,213,0,79,30,21,0,0
111,10.0,0.2,12726.140625,12475.9150390625,23,218,4671,634,218,0,2,16,5,0,0
112,10.0,0.2,12543.103515625,12102.591796875,69,208,4458,578,208,0,32,16,21,0,0
113,10.0,0.3,12710.080078125,12276.9033203125,69,205,4400,566,205,0,32,16,21,0,0
114,10.0,0.1,13029.291015625,12765.3662109375,23,205,4228,603,205,0,2,16,5,0,0
115,10.0,0.0,12798.1015625,12396.2998046875,69,203,4310,570,203,0,32,16,21,0,0
116,10.0,0.2,12923.8232421875,12714.2353515625,23,217,4496,632,217,0,2,16,5,0,0
117,10.0,0.2,12795.630859375,12552.4892578125,23,206,4356,582,206,0,2,16,5,0,0
118,10.0,0.3,12559.11328125,12323.892578125,23,206,4346,580,206,0,2,16,5,0,0
119,10.0,0.2,12953.146484375,12522.193359375,69,210,4376,596,210,0,32,16,21,0,0
120,10.0,0.3,12659.2802734375,12214.8837890625,69,232,4822,605,232,0,32,16,21,0,0
121,10.0,0.2,12818.7734375,12396.5283203125,69,206,4350,575,206,0,32,16,21,0,0
122,10.0,0.2,12532.5390625,12130.068359375,69,210,4433,596,210,0,32,16,21,0,0
123,10.0,0.1,12992.259765625,12735.2998046875,23,221,4745,601,221,0,2,16,5,0,0
124,10.0,0.0,12503.00390625,12099.50390625,69,235,4919,564,235,0,32,16,21,0,0
125,10.0,0.1,12779.908203125,12330.646484375,98,200,4309,560,200,0,47,30,21,0,0
126,10.0,0.1,12970.8271484375,12583.8740234375,69,208,4391,586,208,0,32,16,21,0,0
127,10.0,0.2,12533.068359375,12283.0986328125,23,207,4465,631,207,0,2,16,5,0,0
128,10.0,0.1,12770.4814453125,12533.748046875,83,202,4385,586,202,0,16,46,21,0,0
129,10.0,0.1,13140.80078125,12747.7470703125,69,204,4283,578,204,0,32,16,21,0,0
130,10.0,0.0,12560.0087890625,12273.6611328125,130,202,4157,545,202,0,79,30,21,0,0
131,10.0,0.1,13039.8740234375,12799.7626953125,83,201,4377,576,201,0,16,46,21,0,0
132,10.0,0.2,12826.97265625,12421.3291015625,69,210,4258,581,210,0,32,16,21,0,0
133,10.0,0.3,12703.74609375,12247.3349609375,69,201,4256,547,201,0,32,16,21,0,0
134,10.0,0.1,12843.7705078125,12625.5107421875,23,210,4515,598,210,0,2,16,5,0,0
135,10.0,0.1,12728.072265625,12502.123046875,83,201,4281,590,201,0,16,46,21,0,0
136,10.0,0.0,12870.74609375,12470.80859375,69,204,4316,554,204,0,32,16,21,0,0
137,10.0,0.1,12633.1083984375,12454.578125,83,208,4504,576,208,0,16,46,21,0,0
138,10.0,0.1,13004.330078125,12788.8369140625,83,203,4248,593,203,0,16,46,21,0,0
139,10.0,0.2,12853.921875,12642.4599609375,83,202,4363,573,202,0,16,46,21,0,0
140,10.0,0.2,12811.10546875,12640.693359375,83,205,4243,584,205,0,16,46,21,0,0
141,10.0,0.2,12738.7216796875,12457.908203125,23,202,4240,589,202,0,2,16,5,0,0
142,10.0,0.3,12851.435546875,12460.525390625,69,202,4245,546,202,0,32,16,21,0,0
143,10.0,0.1,12981.20703125,12759.85546875,23,209,4350,620,209,0,2,16,5,0,0
144,10.0,0.1,13010.7099609375,12784.78125,83,201,4306,570,201,0,16,46,21,0,0
145,10.0,0.2,12593.7646484375,12338.921875,83,201,4380,572,201,0,16,46,21,0,0
146,10.0,0.2,12979.4892578125,12607.6708984375,69,207,4466,551,207,0,32,16,21,0,0
147,10.0,0.2,12394.0712890625,12175.8583984375,83,218,4749,569,218,0,16,46,21,0,0
148,10.0,0.2,12359.62109375,12118.27734375,83,203,4393,561,203,0,16,46,21,0,0
149,10.0,0.3,12788.3583984375,12351.244140625,69,203,4353,596,203,0,32,16,21,0,0
150,10.0,0.1,12811.6298828125,12463.0869140625,69,205,4341,563,205,0,32,16,21,0,0
151,10.0,0.1,13178.5693359375,12973.03515625,83,203,4322,589,203,0,16,46,21,0,0
152,10.0,0.2,12965.5732421875,12505.6962890625,69,201,4237,581,201,0,32,16,21,0,0
153,10.0,0.2,12780.5947265625,12551.2099609375,23,206,4362,605,206,0,2,16,5,0,0
154,10.0,0.2,12915.572265625,12519.3818359375,69,218,4630,564,218,0,32,16,21,0,0
155,10.0,0.1,12849.6640625,12633.0849609375,23,210,4435,617,210,0,2,16,5,0,0
156,10.0,0.1,13011.5009765625,12785.7353515625,83,201,4281,594,201,0,16,46,21,0,0
157,10.0,0.1,12822.2578125,12572.615234375,23,204,4423,599,204,0,2,16,5,0,0
158,10.0,0.0,13055.5078125,12651.955078125,69,208,4387,589,208,0,32,16,21,0,0
159,10.0,0.1,12807.5283203125,12624.517578125,83,201,4275,576,201,0,16,46,21,0,0
160,10.0,0.2,12851.69921875,12451.8046875,69,205,4410,589,205,0,32,16,21,0,0
161,10.0,0.1,12560.66796875,12128.330078125,98,201,4281,564,201,0,47,30,21,0,0
162,10.0,0.1,12536.2587890625,12301.8408203125,23,228,4770,640,228,0,2,16,5,0,0
163,10.0,0.1,12500.9931640625,12294.755859375,83,202,4346,559,202,0,16,46,21,0,0
164,10.0,0.1,12822.208984375,12562.9150390625,23,203,4338,602,203,0,2,16,5,0,0
165,10.0,0.1,12677.072265625,12240.5078125,69,204,4314,602,204,0,32,16,21,0,0
166,10.0,0.2,12729.0478515625,12312.2939453125,69,201,4282,555,201,0,32,16,21,0,0
167,10.0,0.2,12772.08984375,12366.8720703125,69,213,4408,580,213,0,32,16,21,0,0
168,10.0,0.2,13215.0888671875,12979.685546875,23,214,4559,577,214,0,2,16,5,0,0
169,10.0,0.1,12693.724609375,12288.03515625,69,203,4310,563,203,0,32,16,21,0,0
170,10.0,0.0,12642.7373046875,12252.013671875,69,206,4329,601,206,0,32,16,21,0,0
171,10.0,0.3,12628.345703125,12367.7861328125,23,205,4341,601,205,0,2,16,5,0,0
172,10.0,0.1,12575.0947265625,12328.72265625,23,210,4483,615,210,0,2,16,5,0,0
173,10.0,0.1,12813.5078125,12603.107421875,83,207,4420,565,207,0,16,46,21,0,0
174,10.0,0.1,12877.0859375,12642.6572265625,65,201,4322,556,201,0,29,31,5,0,0
175,10.0,0.0,12571.7265625,12334.939453125,23,215,4564,582,215,0,2,16,5,0,0
176,10.0,0.3,13476.6279296875,13048.234375,69,204,4400,580,204,0,32,16,21,0,0
177,10.0,0.2,13068.15234375,12797.333984375,23,218,4646,585,218,0,2,16,5,0,0
178,10.0,0.2,13078.017578125,12646.6953125,69,209,4427,573,209,0,32,16,21,0,0
179,10.0,0.2,12194.279296875,11998.54296875,23,210,4429,589,210,0,2,16,5,0,0
180,10.0,0.2,12531.64453125,12257.0537109375,82,201,4283,554,201,0,31,30,21,0,0
181,10.0,0.2,12714.857421875,12504.2490234375,23,214,4597,590,214,0,2,16,5,0,0
182,10.0,0.2,12360.6259765625,11997.927734375,69,219,4585,562,219,0,32,16,21,0,0
183,10.0,0.2,13022.6669921875,12652.5009765625,69,207,4211,569,207,0,32,16,21,0,0
184,10.0,0.3,12907.5009765625,12507.849609375,69,207,4425,574,207,0,32,16,21,0,0
185,10.0,0.2,12702.53125,12455.7744140625,83,201,4315,570,201,0,16,46,21,0,0
186,10.0,0.3,12526.8759765625,12256.25390625,23,203,4238,568,203,0,2,16,5,0,0
187,10.0,0.3,12802.2412109375,12561.66015625,83,208,4390,573,208,0,16,46,21,0,0
188,10.0,0.2,12909.5927734375,12697.9267578125,23,209,4363,572,209,0,2,16,5,0,0
189,10.0,0.1,12224.96875,11827.9912109375,98,201,4388,559,201,0,47,30,21,0,0
190,10.0,0.1,13223.9912109375,12964.9228515625,23,207,4402,570,207,0,2,16,5,0,0
191,10.0,0.1,12686.244140625,12467.541015625,23,227,4768,569,227,0,2,16,5,0,0
192,10.0,0.1,12508.0244140625,12220.8193359375,23,219,4556,609,219,0,2,16,5,0,0
193,10.0,0.1,12633.8916015625,12191.783203125,69,203,4437,555,203,0,32,16,21,0,0
194,10.0,0.1,12776.1328125,12538.3818359375,23,208,4372,607,208,0,2,16,5,0,0
195,10.0,0.1,12525.515625,12283.818359375,23,204,4372,590,204,0,2,16,5,0,0
196,10.0,0.1,12745.232421875,12344.6044921875,69,201,4305,567,201,0,32,16,21,0,0
197,10.0,0.1,12757.833984375,12360.548828125,69,204,4386,569,204,0,32,16,21,0,0
198,10.0,0.2,12933.517578125,12720.171875,83,202,4413,603,202,0,16,46,21,0,0
199,10.0,0.2,12713.765625,12287.3837890625,69,203,4389,556,203,0,32,16,21,0,0
0,15.0,0.2,28116.353515625,27822.5859375,83,204,4398,582,204,0,16,46,21,0,0
1,15.0,0.0,28719.2890625,28086.958984375,98,216,4574,562,216,0,47,30,21,0,0
2,15.0,0.1,28755.59765625,28184.826171875,69,203,4278,551,203,0,32,16,21,0,0
3,15.0,0.1,28739.560546875,28336.48046875,23,223,4691,607,223,0,2,16,5,0,0
4,15.0,0.1,28824.296875,28438.654296875,23,220,4628,616,220,0,2,16,5,0,0
5,15.0,0.1,28453.435546875,28117.146484375,83,215,4518,577,215,0,16,46,21,0,0
6,15.0,0.2,28055.212890625,27467.50390625,69,214,4589,559,214,0,32,16,21,0,0
7,15.0,0.1,28743.96484375,28466.68359375,83,202,4361,585,202,0,16,46,21,0,0
8,15.0,0.2,28790.75390625,28495.7890625,83,208,4393,577,208,0,16,46,21,0,0
9,15.0,0.0,29230.55859375,28610.4453125,69,207,4365,596,207,0,32,16,21,0,0
10,15.0,0.1,28773.533203125,28370.654296875,23,213,4438,628,213,0,2,16,5,0,0
11,15.0,0.1,28723.13671875,28099.505859375,69,201,4256,569,201,0,32,16,21,0,0
12,15.0,0.1,28544.517578125,28229.560546875,83,204,4368,580,204,0,16,46,21,0,0
13,15.0,0.1,28124.1953125,27779.58203125,23,220,4606,625,220,0,2,16,5,0,0
14,15.0,0.1,29018.46875,28672.515625,23,221,4582,617,221,0,2,16,5,0,0
15,15.0,0.1,28564.4921875,28251.884765625,83,206,4447,577,206,0,16,46,21,0,0
16,15.0,0.1,28806.18359375,28502.533203125,83,202,4317,581,202,0,16,46,21,0,0
17,15.0,0.1,28251.390625,27895.42578125,23,207,4351,616,207,0,2,16,5,0,0
18,15.0,0.0,28607.38671875,28185.84765625,23,209,4347,616,209,0,2,16,5,0,0
19,15.0,0.1,28929.50390625,28542.001953125,23,208,4281,594,208,0,2,16,5,0,0
20,15.0,0.2,28594.00390625,28206.73046875,23,224,4562,610,224,0,2,16,5,0,0
21,15.0,0.2,28187.314453125,27632.224609375,69,203,4298,544,203,0,32,16,21,0,0
22,15.0,0.1,28887.51171875,28469.787109375,23,209,4269,590,209,0,2,16,5,0,0
23,15.0,0.2,28346.76171875,27708.693359375,69,229,4818,570,229,0,32,16,21,0,0
24,15.0,0.2,28032.322265625,27698.373046875,83,207,4414,569,207,0,16,46,21,0,0
25,15.0,0.1,28196.970703125,27854.693359375,83,204,4359,565,204,0,16,46,21,0,0
26,15.0,0.2,28965.568359375,28591.751953125,23,212,4437,592,212,0,2,16,5,0,0
27,15.0,0.1,28355.64453125,27981.6953125,23,214,4531,607,214,0,2,16,5,0,0
28,15.0,0.2,29067.59375,28489.0390625,69,206,4356,560,206,0,32,16,21,0,0
29,15.0,0.1,28751.4375,28427.34765625,83,202,4292,573,202,0,16,46,21,0,0
30,15.0,0.2,28452.474609375,27887.947265625,69,211,4423,588,211,0,32,16,21,0,0
31,15.0,0.1,28930.85546875,28574.96484375,23,206,4333,592,206,0,2,16,5,0,0
32,15.0,0.1,28016.271484375,27656.287109375,23,206,4414,621,206,0,2,16,5,0,0
33,15.0,0.1,28489.62109375,28213.310546875,83,202,4361,595,202,0,16,46,21,0,0
34,15.0,0.1,27828.00390625,27485.142578125,23,218,4560,608,218,0,2,16,5,0,0
35,15.0,0.1,28412.044921875,27758.87109375,98,205,4346,558,205,0,47,30,21,0,0
36,15.0,0.1,28153.44140625,27706.6953125,130,206,4343,560,206,0,79,30,21,0,0
37,15.0,0.1,28845.412109375,28198.4375,69,204,4355,555,204,0,32,16,21,0,0
38,15.0,0.0,28425.279296875,27828.140625,69,219,4560,599,219,0,32,16,21,0,0
39,15.0,0.1,29179.4296875,28778.08203125,82,202,4302,561,202,0,31,30,21,0,0
40,15.0,0.1,29227.685546875,28847.9140625,23,208,4347,601,208,0,2,16,5,0,0
41,15.0,0.1,28564.763671875,28228.123046875,83,201,4327,579,201,0,16,46,21,0,0
42,15.0,0.1,28293.05859375,28020.3125,83,206,4389,584,206,0,16,46,21,0,0
43,15.0,0.1,28790.8671875,28274.228515625,69,202,4308,555,202,0,32,16,21,0,0
44,15.0,0.2,29075.203125,28788.755859375,83,201,4229,562,201,0,16,46,21,0,0
45,15.0,0.1,29086.806640625,28498.408203125,69,207,4342,558,207,0,32,16,21,0,0
46,15.0,0.1,28263.451171875,27643.83203125,98,212,4488,551,212,0,47,30,21,0,0
47,15.0,0.1,28260.869140625,27930.236328125,83,202,4244,567,202,0,16,46,21,0,0
48,15.0,0.2,29234.37890625,28750.89453125,130,209,4446,555,209,0,79,30,21,0,0
49,15.0,0.3,28906.80078125,28590.12109375,83,201,4185,562,201,0,16,46,21,0,0
50,15.0,0.2,28874.89453125,28486.4140625,23,222,4650,574,222,0,2,16,5,0,0
51,15.0,0.1,28476.234375,28127.638671875,83,201,4260,589,201,0,16,46,21,0,0
52,15.0,0.1,28886.521484375,28597.525390625,83,201,4286,585,201,0,16,46,21,0,0
53,15.0,0.2,28307.8359375,27668.685546875,69,219,4523,584,219,0,32,16,21,0,0
54,15.0,0.2,29274.732421875,28967.880859375,83,215,4548,565,215,0,16,46,21,0,0
55,15.0,0.2,28661.880859375,28070.3671875,69,207,4341,545,207,0,32,16,21,0,0
56,15.0,0.1,28262.75,27968.08984375,83,204,4331,582,204,0,16,46,21,0,0
57,15.0,0.0,28660.25,28018.552734375,69,204,4317,577,204,0,32,16,21,0,0
58,15.0,0.1,28750.9921875,28455.3515625,83,204,4324,566,204,0,16,46,21,0,0
59,15.0,0.2,28675.85546875,28354.216796875,83,203,4317,561,203,0,16,46,21,0,0
60,15.0,0.2,28645.560546875,28088.025390625,69,203,4261,565,203,0,32,16,21,0,0
61,15.0,0.1,28502.126953125,28207.857421875,23,214,4549,628,214,0,2,16,5,0,0
62,15.0,0.2,28321.271484375,27984.4765625,23,244,5007,604,244,0,2,16,5,0,0
63,15.0,0.2,28470.419921875,28211.033203125,83,212,4419,553,212,0,16,46,21,0,0
64,15.0,0.1,28653.203125,28347.603515625,83,201,4273,580,201,0,16,46,21,0,0
65,15.0,0.1,28808.66015625,28207.166015625,69,219,4629,556,219,0,32,16,21,0,0
66,15.0,0.2,29004.1484375,28634.271484375,23,207,4366,579,207,0,2,16,5,0,0
67,15.0,0.1,28701.537109375,28287.986328125,23,210,4374,589,210,0,2,16,5,0,0
68,15.0,0.1,28636.146484375,28331.1796875,83,203,4344,566,203,0,16,46,21,0,0
69,15.0,0.1,28273.837890625,27928.845703125,23,214,4545,603,214,0,2,16,5,0,0
70,15.0,0.2,28568.537109375,28253.486328125,83,201,4167,578,201,0,16,46,21,0,0
71,15.0,0.1,28287.1953125,27701.130859375,69,202,4254,550,202,0,32,16,21,0,0
72,15.0,0.2,29151.58984375,28534.009765625,69,222,4702,579,222,0,32,16,21,0,0
73,15.0,0.1,28518.443359375,28194.625,83,201,4239,560,201,0,16,46,21,0,0
74,15.0,0.1,28968.744140625,28684.453125,83,207,4371,564,207,0,16,46,21,0,0
75,15.0,0.2,28706.216796875,28047.00390625,69,221,4646,549,221,0,32,16,21,0,0
76,15.0,0.1,29201.943359375,28921.533203125,83,218,4594,570,218,0,16,46,21,0,0
77,15.0,0.2,29004.99609375,28710.884765625,83,201,4211,591,201,0,16,46,21,0,0
78,15.0,0.0,28604.056640625,27989.755859375,69,202,4317,592,202,0,32,16,21,0,0
79,15.0,0.2,28575.052734375,28290.18359375,83,203,4270,564,203,0,16,46,21,0,0
80,15.0,0.0,28385.41796875,28051.0078125,83,203,4311,593,203,0,16,46,21,0,0
81,15.0,0.2,28827.068359375,28206.638671875,69,204,4224,568,204,0,32,16,21,0,0
82,15.0,0.2,28392.896484375,27762.673828125,69,204,4256,590,204,0,32,16,21,0,0
83,15.0,0.1,29003.37109375,28436.056640625,69,203,4307,564,203,0,32,16,21,0,0
84,15.0,0.1,28753.89453125,28392.931640625,23,207,4335,581,207,0,2,16,5,0,0
85,15.0,0.1,28339.25390625,27970.7109375,23,214,4520,632,214,0,2,16,5,0,0
86,15.0,0.1,28547.955078125,27969.41015625,69,202,4341,571,202,0,32,16,21,0,0
87,15.0,0.1,28756.498046875,28104.001953125,98,218,4608,543,218,0,47,30,21,0,0
88,15.0,0.2,28529.82421875,27927.427734375,69,210,4461,596,210,0,32,16,21,0,0
89,15.0,0.0,28452.853515625,28092.890625,83,201,4390,592,201,0,16,46,21,0,0
90,15.0,0.3,28467.1015625,27852.28515625,69,203,4351,579,203,0,32,16,21,0,0
91,15.0,0.2,28521.576171875,28137.41015625,23,225,4620,584,225,0,2,16,5,0,0
92,15.0,0.2,28664.18359375,28048.55859375,69,208,4411,597,208,0,32,16,21,0,0
93,15.0,0.1,28199.6015625,27848.091796875,83,202,4293,555,202,0,16,46,21,0,0
94,15.0,0.2,28268.66796875,27974.78125,83,202,4283,562,202,0,16,46,21,0,0
95,15.0,0.2,28326.013671875,28009.666015625,23,216,4587,630,216,0,2,16,5,0,0
96,15.0,0.2,28875.83984375,28486.4296875,23,220,4563,596,220,0,2,16,5,0,0
97,15.0,0.1,28929.20703125,28321.009765625,69,203,4360,570,203,0,32,16,21,0,0
98,15.0,0.2,28552.806640625,27914.685546875,69,208,4377,595,208,0,32,16,21,0,0
99,15.0,0.2,28440.08203125,27846.599609375,69,214,4474,549,214,0,32,16,21,0,0
100,15.0,0.1,28902.859375,28553.708984375,83,204,4437,587,204,0,16,46,21,0,0
101,15.0,0.1,28534.71484375,28224.796875,83,204,4397,585,204,0,16,46,21,0,0
102,15.0,0.1,28781.962890625,28502.259765625,83,202,4274,589,202,0,16,46,21,0,0
103,15.0,0.1,28364.10546875,27786.798828125,69,211,4418,573,211,0,32,16,21,0,0
104,15.0,0.1,29012.71484375,28688.408203125,83,203,4241,582,203,0,16,46,21,0,0
105,15.0,0.1,28275.900390625,27630.1171875,69,203,4344,575,203,0,32,16,21,0,0
106,15.0,0.2,29018.009765625,28646.107421875,23,209,4378,596,209,0,2,16,5,0,0
107,15.0,0.0,28694.673828125,28265.853515625,23,215,4514,577,215,0,2,16,5,0,0
108,15.0,0.0,28642.115234375,28028.052734375,69,202,4338,551,202,0,32,16,21,0,0
109,15.0,0.2,28042.259765625,27457.806640625,69,202,4310,558,202,0,32,16,21,0,0
110,15.0,0.0,28669.33203125,28350.154296875,23,223,4685,603,223,0,2,16,5,0,0
111,15.0,0.1,28291.91015625,27915.189453125,23,209,4370,594,209,0,2,16,5,0,0
112,15.0,0.1,29179.185546875,28841.072265625,83,201,4276,568,201,0,16,46,21,0,0
113,15.0,0.1,28529.841796875,28242.650390625,83,217,4572,565,217,0,16,46,21,0,0
114,15.0,0.1,29217.478515625,28633.98828125,69,211,4459,578,211,0,32,16,21,0,0
115,15.0,0.2,28649.373046875,28320.236328125,83,201,4254,585,201,0,16,46,21,0,0
116,15.0,0.1,29057.251953125,28474.04296875,69,202,4323,546,202,0,32,16,21,0,0
117,15.0,0.1,28293.951171875,27917.421875,23,210,4361,607,210,0,2,16,5,0,0
118,15.0,0.1,28787.2734375,28374.6484375,23,215,4489,597,215,0,2,16,5,0,0
119,15.0,0.2,28442.1328125,27878.88671875,69,212,4502,589,212,0,32,16,21,0,0
120,15.0,0.1,28194.84375,27558.0546875,98,201,4332,565,201,0,47,30,21,0,0
121,15.0,0.2,27782.81640625,27420.0,23,204,4323,608,204,0,2,16,5,0,0
122,15.0,0.0,28321.21875,27983.474609375,23,221,4571,612,221,0,2,16,5,0,0
123,15.0,0.1,27933.02734375,27355.955078125,69,216,4565,584,216,0,32,16,21,0,0
124,15.0,0.2,28361.716796875,28038.568359375,23,211,4451,612,211,0,2,16,5,0,0
125,15.0,0.2,28421.599609375,27813.994140625,69,208,4412,593,208,0,32,16,21,0,0
126,15.0,0.3,28855.8515625,28546.8671875,83,208,4358,567,208,0,16,46,21,0,0
127,15.0,0.2,28289.73828125,27985.998046875,83,214,4431,571,214,0,16,46,21,0,0
128,15.0,0.2,28634.234375,28305.935546875,23,214,4470,624,214,0,2,16,5,0,0
129,15.0,0.1,29078.60546875,28800.2109375,83,208,4454,591,208,0,16,46,21,0,0
130,15.0,0.1,28910.107421875,28262.078125,69,203,4318,552,203,0,32,16,21,0,0
131,15.0,0.1,28984.03515625,28346.38671875,98,219,4666,552,219,0,47,30,21,0,0
132,15.0,0.3,28403.53125,28100.771484375,83,201,4245,570,201,0,16,46,21,0,0
133,15.0,0.1,28810.392578125,28201.107421875,69,203,4365,554,203,0,32,16,21,0,0
134,15.0,0.1,28143.177734375,27855.44921875,83,209,4522,581,209,0,16,46,21,0,0
135,15.0,0.1,28768.91015625,28429.623046875,23,227,4764,621,227,0,2,16,5,0,0
136,15.0,0.2,28396.140625,27806.16796875,69,202,4245,571,202,0,32,16,21,0,0
137,15.0,0.1,28731.330078125,28370.0,83,216,4625,584,216,0,16,46,21,0,0
138,15.0,0.2,28558.1875,28295.818359375,83,203,4362,579,203,0,16,46,21,0,0
139,15.0,0.2,28494.912109375,28168.669921875,23,210,4407,580,210,0,2,16,5,0,0
140,15.0,0.2,29240.013671875,28641.181640625,69,204,4359,552,204,0,32,16,21,0,0
141,15.0,0.1,29103.84765625,28486.4921875,69,205,4297,539,205,0,32,16,21,0,0
142,15.0,0.1,28205.0078125,27825.876953125,23,223,4726,597,223,0,2,16,5,0,0
143,15.0,0.2,28689.611328125,28070.1796875,69,206,4361,573,206,0,32,16,21,0,0
144,15.0,0.1,29093.845703125,28768.8359375,83,204,4306,562,204,0,16,46,21,0,0
145,15.0,0.0,29331.68359375,28753.490234375,69,202,4269,573,202,0,32,16,21,0,0
146,15.0,0.1,28541.94921875,28177.2734375,23,212,4519,619,212,0,2,16,5,0,0
147,15.0,0.1,28750.767578125,28443.025390625,83,208,4398,560,208,0,16,46,21,0,0
148,15.0,0.2,28508.498046875,27919.04296875,69,208,4422,553,208,0,32,16,21,0,0
149,15.0,0.1,28597.005859375,28003.880859375,69,206,4318,575,206,0,32,16,21,0,0
150,15.0,0.1,28908.109375,28561.267578125,23,219,4570,605,219,0,2,16,5,0,0
151,15.0,0.1,29178.6875,28830.7890625,23,212,4396,628,212,0,2,16,5,0,0
152,15.0,0.0,28623.18359375,28051.544921875,69,202,4225,571,202,0,32,16,21,0,0
153,15.0,0.2,28596.609375,28196.9296875,23,210,4391,580,210,0,2,16,5,0,0
154,15.0,0.2,28817.17578125,28225.52734375,69,204,4338,572,204,0,32,16,21,0,0
155,15.0,0.1,28035.552734375,27658.31640625,23,208,4289,589,208,0,2,16,5,0,0
156,15.0,0.1,28248.857421875,27645.240234375,69,220,4575,574,220,0,32,16,21,0,0
157,15.0,0.1,28448.18359375,28100.4609375,83,201,4302,575,201,0,16,46,21,0,0
158,15.0,0.1,28070.359375,27467.564453125,69,203,4364,587,203,0,32,16,21,0,0
159,15.0,0.1,29173.3515625,28804.95703125,83,217,4634,577,217,0,16,46,21,0,0
160,15.0,0.2,29030.927734375,28666.15625,23,211,4459,576,211,0,2,16,5,0,0
161,15.0,0.2,28534.509765625,27991.568359375,98,203,4172,544,203,0,47,30,21,0,0
162,15.0,0.2,28216.119140625,27912.767578125,83,207,4395,579,207,0,16,46,21,0,0
163,15.0,0.1,28588.388671875,28207.017578125,23,222,4711,580,222,0,2,16,5,0,0
164,15.0,0.2,29069.92578125,28493.537109375,69,208,4362,578,208,0,32,16,21,0,0
165,15.0,0.2,28679.798828125,28095.626953125,69,223,4630,563,223,0,32,16,21,0,0
166,15.0,0.1,28578.037109375,28215.40625,23,203,4219,599,203,0,2,16,5,0,0
167,15.0,0.2,28743.935546875,28129.8125,69,206,4304,551,206,0,32,16,21,0,0
168,15.0,0.2,29549.126953125,29235.126953125,23,221,4695,602,221,0,2,16,5,0,0
169,15.0,0.1,28775.86328125,28427.3203125,83,210,4401,570,210,0,16,46,21,0,0
170,15.0,0.0,28727.98046875,28169.646484375,69,205,4347,561,205,0,32,16,21,0,0
171,15.0,0.1,28748.431640625,28405.55078125,23,215,4561,611,215,0,2,16,5,0,0
172,15.0,0.1,28597.8046875,27965.0625,69,201,4274,571,201,0,32,16,21,0,0
173,15.0,0.1,28547.025390625,27990.97265625,69,204,4289,571,204,0,32,16,21,0,0
174,15.0,0.1,28752.482421875,28387.484375,23,210,4455,625,210,0,2,16,5,0,0
175,15.0,0.1,28618.62890625,28235.865234375,23,214,4545,589,214,0,2,16,5,0,0
176,15.0,0.0,28565.46484375,28280.8125,83,202,4278,586,202,0,16,46,21,0,0
177,15.0,0.2,28208.61328125,27942.7890625,83,210,4416,580,210,0,16,46,21,0,0
178,15.0,0.1,28242.166015625,27935.931640625,83,211,4492,566,211,0,16,46,21,0,0
179,15.0,0.2,28915.859375,28588.025390625,83,201,4204,596,201,0,16,46,21,0,0
180,15.0,0.1,28584.228515625,27918.197265625,98,218,4717,568,218,0,47,30,21,0,0
181,15.0,0.2,28752.037109375,28427.708984375,83,203,4295,579,203,0,16,46,21,0,0
182,15.0,0.1,29147.73046875,28769.59765625,23,218,4474,602,218,0,2,16,5,0,0
183,15.0,0.1,28686.923828125,28396.658203125,83,205,4341,561,205,0,16,46,21,0,0
184,15.0,0.1,28857.91015625,28569.369140625,83,204,4402,584,204,0,16,46,21,0,0
185,15.0,0.1,28628.126953125,28296.083984375,83,203,4358,587,203,0,16,46,21,0,0
186,15.0,0.1,28807.544921875,28208.853515625,98,225,4676,542,225,0,47,30,21,0,0
187,15.0,0.1,28922.443359375,28598.240234375,83,201,4306,565,201,0,16,46,21,0,0
188,15.0,0.2,29093.2890625,28771.810546875,83,202,4279,552,202,0,16,46,21,0,0
189,15.0,0.2,28254.611328125,27695.609375,69,204,4319,563,204,0,32,16,21,0,0
190,15.0,0.1,29242.015625,28907.37890625,23,208,4324,608,208,0,2,16,5,0,0
191,15.0,0.2,28323.935546875,27992.865234375,83,202,4277,572,202,0,16,46,21,0,0
192,15.0,0.1,28615.265625,28243.57421875,23,212,4475,602,212,0,2,16,5,0,0
193,15.0,0.1,29242.412109375,28857.70703125,23,212,4393,615,212,0,2,16,5,0,0
194,15.0,0.2,28485.634765625,28174.525390625,23,204,4272,590,204,0,2,16,5,0,0
195,15.0,0.1,29372.71484375,29049.626953125,83,202,4336,580,202,0,16,46,21,0,0
196,15.0,0.0,28247.298828125,27931.83984375,83,206,4446,582,206,0,16,46,21,0,0
197,15.0,0.1,28564.484375,28257.716796875,83,211,4467,580,211,0,16,46,21,0,0
198,15.0,0.2,28503.8671875,28198.482421875,83,217,4649,573,217,0,16,46,21,0,0
199,15.0,0.0,28411.775390625,27837.146484375,69,204,4318,579,204,0,32,16,21,0,0
