query_id,window,recall,entry_point_distance,base_layer_entry_distance,upper_layer_dist_comps,base_layer_visited,base_layer_dist_comps,candidates_remaining,trace_length,layer_0_visits,layer_1_visits,layer_2_visits,layer_3_visits,layer_4_visits,layer_5_visits
0,in_distribution,1.0,15294.533203125,6185.55517578125,147,200,2481,211,200,0,102,25,20,0,0
1,in_distribution,1.0,14717.572265625,7224.7294921875,96,200,1376,156,200,0,53,23,20,0,0
2,in_distribution,1.0,16908.220703125,9332.619140625,90,200,2571,263,200,0,45,25,20,0,0
3,in_distribution,1.0,14582.80078125,6140.7294921875,85,200,1975,220,200,0,30,35,20,0,0
4,in_distribution,1.0,13429.0009765625,10349.2353515625,51,200,2067,223,200,0,15,26,10,0,0
5,in_distribution,1.0,15224.5048828125,7595.8271484375,101,200,1998,200,200,0,45,36,20,0,0
6,in_distribution,1.0,17808.111328125,8873.5458984375,100,200,2372,248,200,0,55,25,20,0,0
7,in_distribution,1.0,15692.2490234375,9773.013671875,118,201,2791,267,201,0,60,38,20,0,0
8,in_distribution,1.0,17415.17578125,13153.9599609375,59,202,2668,292,202,0,16,23,20,0,0
9,in_distribution,1.0,16692.73046875,6068.30078125,103,200,2015,170,200,0,57,26,20,0,0
10,in_distribution,1.0,14562.484375,10044.921875,83,200,2545,228,200,0,42,21,20,0,0
11,in_distribution,1.0,17123.962890625,13663.7109375,60,201,3274,333,201,0,16,24,20,0,0
12,in_distribution,1.0,15859.4736328125,11826.2041015625,62,202,2708,334,202,0,16,26,20,0,0
13,in_distribution,1.0,14650.103515625,7519.5224609375,94,200,1719,169,200,0,45,29,20,0,0
14,in_distribution,1.0,15562.3544921875,8510.080078125,78,200,2529,204,200,0,48,10,20,0,0
15,in_distribution,1.0,14333.4248046875,12515.595703125,46,201,2874,340,201,0,16,10,20,0,0
16,in_distribution,1.0,16081.552734375,6556.99609375,66,200,1823,161,200,0,28,18,20,0,0
17,in_distribution,1.0,17540.6875,6409.18115234375,120,200,1783,171,200,0,62,38,20,0,0
18,in_distribution,1.0,16169.361328125,6710.17431640625,91,200,1993,227,200,0,29,42,20,0,0
19,in_distribution,1.0,16822.6953125,4056.876708984375,105,200,1336,103,200,0,37,48,20,0,0
20,in_distribution,1.0,17119.1953125,8894.392578125,103,200,1276,184,200,0,60,23,20,0,0
21,in_distribution,1.0,16717.1484375,9422.6943359375,75,202,1765,181,202,0,30,25,20,0,0
22,in_distribution,1.0,16051.9130859375,12430.5595703125,133,202,2622,274,202,0,63,60,10,0,0
23,in_distribution,1.0,15841.2626953125,5996.6884765625,100,200,1791,169,200,0,31,49,20,0,0
24,in_distribution,1.0,18169.228515625,13098.3798828125,52,201,2659,245,201,0,10,22,20,0,0
25,in_distribution,1.0,16679.935546875,8945.5927734375,132,200,2074,200,200,0,91,21,20,0,0
26,in_distribution,1.0,16004.39453125,9782.6376953125,56,200,2393,217,200,0,16,20,20,0,0
27,in_distribution,1.0,16468.787109375,8507.5732421875,81,200,2153,227,200,0,12,49,20,0,0
28,in_distribution,1.0,17365.9765625,11304.0546875,89,200,2917,290,200,0,47,22,20,0,0
29,in_distribution,1.0,17399.07421875,6400.017578125,88,200,1035,128,200,0,56,12,20,0,0
30,in_distribution,1.0,12243.5146484375,12243.5146484375,36,201,2782,269,201,0,10,16,10,0,0
31,in_distribution,1.0,17182.7421875,12284.578125,75,201,2267,239,201,0,45,10,20,0,0
32,in_distribution,1.0,14957.7060546875,0.0,78,200,3180,281,200,0,44,14,20,0,0
33,in_distribution,1.0,15734.7763671875,5299.3623046875,99,200,1888,181,200,0,22,57,20,0,0
34,in_distribution,1.0,16670.125,7479.7392578125,115,200,2120,228,200,0,69,26,20,0,0
35,in_distribution,1.0,15761.8896484375,7933.03564453125,97,200,2439,248,200,0,44,33,20,0,0
36,in_distribution,1.0,17926.2421875,0.0,91,200,1918,245,200,0,46,25,20,0,0
37,in_distribution,1.0,17769.318359375,9644.0029296875,51,200,1526,242,200,0,13,18,20,0,0
38,in_distribution,1.0,16027.931640625,12190.4931640625,69,201,3045,294,201,0,16,33,20,0,0
39,in_distribution,1.0,16325.931640625,5508.8955078125,117,200,2132,209,200,0,75,22,20,0,0
40,in_distribution,1.0,16495.8984375,4921.19140625,118,200,1393,153,200,0,30,68,20,0,0
41,in_distribution,1.0,17606.19921875,5040.90087890625,65,200,1423,127,200,0,25,20,20,0,0
42,in_distribution,1.0,18087.505859375,13397.1025390625,104,201,2435,267,201,0,62,22,20,0,0
43,in_distribution,1.0,17421.552734375,7961.162109375,119,200,2541,226,200,0,70,29,20,0,0
44,in_distribution,1.0,14862.779296875,10326.421875,76,200,2863,323,200,0,14,42,20,0,0
45,in_distribution,1.0,18282.330078125,9290.9443359375,69,201,1808,193,201,0,8,41,20,0,0
46,in_distribution,1.0,14687.5166015625,14311.76953125,48,202,2721,337,202,0,13,15,20,0,0
47,in_distribution,1.0,17422.57421875,0.0,95,200,1910,275,200,0,26,49,20,0,0
48,in_distribution,1.0,14513.595703125,6160.07080078125,111,200,1774,186,200,0,61,30,20,0,0
49,in_distribution,1.0,13500.44140625,6158.00244140625,69,200,2035,179,200,0,31,28,10,0,0
50,in_distribution,1.0,17222.859375,7834.9765625,68,200,1166,169,200,0,28,20,20,0,0
51,in_distribution,1.0,15334.2333984375,7823.4443359375,94,200,2378,206,200,0,48,26,20,0,0
52,in_distribution,1.0,16419.51171875,8783.6005859375,96,200,2027,191,200,0,56,20,20,0,0
53,in_distribution,1.0,17096.244140625,7312.0693359375,75,200,2078,269,200,0,41,14,20,0,0
54,in_distribution,1.0,14959.796875,9050.9853515625,79,200,2097,210,200,0,45,14,20,0,0
55,in_distribution,1.0,15248.6630859375,4557.1103515625,104,200,1529,146,200,0,28,56,20,0,0
56,in_distribution,1.0,14880.7529296875,12752.408203125,71,202,3196,343,202,0,45,16,10,0,0
57,in_distribution,1.0,14602.603515625,7362.2783203125,107,200,2026,173,200,0,59,28,20,0,0
58,in_distribution,1.0,18598.955078125,9047.08984375,92,200,2845,279,200,0,50,22,20,0,0
59,in_distribution,1.0,14846.3388671875,6990.22607421875,88,200,2653,242,200,0,32,36,20,0,0
60,in_distribution,1.0,16354.2099609375,14256.2265625,80,202,2724,270,202,0,46,14,20,0,0
61,in_distribution,1.0,15867.630859375,4643.58642578125,115,200,2897,255,200,0,58,37,20,0,0
62,in_distribution,1.0,14939.0849609375,11101.87890625,81,200,2743,279,200,0,45,26,10,0,0
63,in_distribution,1.0,16611.505859375,8926.7607421875,65,200,1517,142,200,0,27,28,10,0,0
64,in_distribution,1.0,15311.546875,12591.671875,49,200,3329,336,200,0,15,14,20,0,0
65,in_distribution,1.0,18013.779296875,10665.8017578125,91,200,2413,240,200,0,57,14,20,0,0
66,in_distribution,1.0,14545.390625,13390.3837890625,85,200,3155,351,200,0,44,31,10,0,0
67,in_distribution,1.0,17363.0078125,10182.607421875,72,200,2271,236,200,0,14,38,20,0,0
68,in_distribution,1.0,14816.4521484375,8789.0927734375,103,200,1475,173,200,0,43,40,20,0,0
69,in_distribution,1.0,15774.60546875,11885.7607421875,107,200,2099,204,200,0,53,34,20,0,0
70,in_distribution,1.0,17518.060546875,9228.419921875,66,200,2524,292,200,0,25,21,20,0,0
71,in_distribution,1.0,17846.033203125,5965.79248046875,138,200,1415,139,200,0,77,41,20,0,0
72,in_distribution,1.0,15886.5673828125,6423.9658203125,77,200,2183,180,200,0,25,32,20,0,0
73,in_distribution,1.0,17111.650390625,9665.1513671875,88,200,2414,206,200,0,14,54,20,0,0
74,in_distribution,1.0,16182.224609375,9219.154296875,129,200,2666,202,200,0,71,38,20,0,0
75,in_distribution,1.0,15162.505859375,6360.5478515625,74,200,1977,238,200,0,30,24,20,0,0
76,in_distribution,1.0,16350.0400390625,13262.5615234375,74,202,3008,314,202,0,31,23,20,0,0
77,in_distribution,1.0,16621.208984375,10042.8896484375,103,200,1953,178,200,0,72,11,20,0,0
78,in_distribution,1.0,16423.171875,8396.7578125,69,200,2640,281,200,0,27,22,20,0,0
79,in_distribution,1.0,17129.564453125,5619.99755859375,125,200,1653,153,200,0,41,64,20,0,0
80,in_distribution,1.0,13794.0908203125,7822.56103515625,79,200,2440,224,200,0,45,14,20,0,0
81,in_distribution,1.0,16603.419921875,5548.46875,107,200,1667,136,200,0,27,60,20,0,0
82,in_distribution,1.0,17957.095703125,5292.24072265625,138,200,1582,165,200,0,64,54,20,0,0
83,in_distribution,1.0,14014.0810546875,7548.7685546875,85,200,2603,311,200,0,44,21,20,0,0
84,in_distribution,1.0,15375.705078125,9964.6865234375,83,200,2852,278,200,0,30,33,20,0,0
85,in_distribution,1.0,15789.5810546875,14896.9482421875,78,204,2166,280,204,0,15,53,10,0,0
86,in_distribution,1.0,17004.70703125,11287.0400390625,83,200,2511,308,200,0,25,38,20,0,0
87,in_distribution,1.0,17746.330078125,5897.22705078125,76,200,1049,121,200,0,44,12,20,0,0
88,in_distribution,1.0,16580.998046875,12432.50390625,61,203,2409,272,203,0,16,25,20,0,0
89,in_distribution,1.0,16817.0859375,9204.068359375,86,200,2171,249,200,0,44,22,20,0,0
90,in_distribution,1.0,15465.8017578125,10441.798828125,70,200,2251,222,200,0,29,21,20,0,0
91,in_distribution,1.0,17486.34375,11747.578125,49,201,2677,298,201,0,15,14,20,0,0
92,in_distribution,1.0,18572.126953125,15055.1025390625,57,207,1540,274,207,0,14,23,20,0,0
93,in_distribution,1.0,12309.6201171875,9368.359375,98,200,2414,218,200,0,64,24,10,0,0
94,in_distribution,1.0,14191.1103515625,12380.6689453125,46,201,2533,245,201,0,16,10,20,0,0
95,in_distribution,1.0,15921.7333984375,8804.2685546875,129,200,2000,189,200,0,95,14,20,0,0
96,in_distribution,1.0,13942.64453125,11195.8173828125,48,201,2063,265,201,0,13,15,20,0,0
97,in_distribution,1.0,14908.5380859375,9450.203125,45,200,2550,288,200,0,16,9,20,0,0
98,in_distribution,1.0,15871.7880859375,11784.146484375,63,204,2051,254,204,0,11,32,20,0,0
99,in_distribution,1.0,13950.0439453125,5823.33740234375,117,200,1560,189,200,0,60,37,20,0,0
100,in_distribution,1.0,15116.0302734375,8441.6181640625,117,200,2637,274,200,0,62,35,20,0,0
101,in_distribution,1.0,14401.2666015625,6269.5322265625,132,200,1611,227,200,0,86,26,20,0,0
102,in_distribution,1.0,15945.1923828125,9108.3935546875,94,200,2582,244,200,0,32,42,20,0,0
103,in_distribution,1.0,16243.458984375,7143.91845703125,109,200,2167,208,200,0,71,18,20,0,0
104,in_distribution,1.0,14936.92578125,9628.2802734375,88,200,2088,233,200,0,44,24,20,0,0
105,in_distribution,1.0,14149.39453125,7975.5322265625,71,200,1888,242,200,0,30,21,20,0,0
106,in_distribution,1.0,17087.6328125,7869.83447265625,107,200,1978,188,200,0,27,60,20,0,0
107,in_distribution,1.0,15213.42578125,10712.29296875,106,201,2796,371,201,0,44,42,20,0,0
108,in_distribution,1.0,17190.251953125,8822.30859375,77,200,1963,204,200,0,32,25,20,0,0
109,in_distribution,1.0,16260.1484375,5414.4365234375,114,200,2130,150,200,0,46,48,20,0,0
110,in_distribution,1.0,16398.013671875,7529.5263671875,80,200,1635,168,200,0,12,48,20,0,0
111,in_distribution,1.0,16689.810546875,7471.7626953125,130,200,2041,218,200,0,61,49,20,0,0
112,in_distribution,1.0,16868.654296875,14410.5908203125,73,202,1503,186,202,0,28,35,10,0,0
113,in_distribution,1.0,15903.08984375,9390.6845703125,92,200,2741,207,200,0,46,26,20,0,0
114,in_distribution,1.0,15936.447265625,8374.1298828125,79,200,2014,163,200,0,31,28,20,0,0
115,in_distribution,1.0,15618.1416015625,9935.4013671875,112,200,2677,269,200,0,31,61,20,0,0
116,in_distribution,1.0,16256.3720703125,12287.2666015625,64,201,1304,182,201,0,30,14,20,0,0
117,in_distribution,1.0,17241.041015625,14737.4150390625,70,204,2675,325,204,0,28,32,10,0,0
118,in_distribution,1.0,16054.30859375,4871.53369140625,85,200,1797,151,200,0,16,49,20,0,0
119,in_distribution,1.0,15676.5849609375,7112.30322265625,49,200,2284,209,200,0,15,14,20,0,0
120,in_distribution,1.0,15282.892578125,7650.03271484375,104,200,2230,201,200,0,62,22,20,0,0
121,in_distribution,1.0,13069.7783203125,12837.2822265625,54,200,2972,307,200,0,12,32,10,0,0
122,in_distribution,1.0,17362.888671875,9907.5712890625,106,203,2618,264,203,0,74,12,20,0,0
123,in_distribution,1.0,13929.11328125,7331.61865234375,70,200,2370,232,200,0,29,21,20,0,0
124,in_distribution,1.0,17301.515625,10172.1025390625,90,201,1655,165,201,0,13,57,20,0,0
125,in_distribution,1.0,17159.5390625,5829.73486328125,99,200,1876,156,200,0,68,11,20,0,0
126,in_distribution,1.0,16990.044921875,10173.9873046875,90,200,1581,178,200,0,59,11,20,0,0
127,in_distribution,1.0,14999.2431640625,7826.93896484375,99,200,2280,277,200,0,45,34,20,0,0
128,in_distribution,1.0,13698.4677734375,10950.43359375,63,200,2209,202,200,0,15,28,20,0,0
129,in_distribution,1.0,16875.8984375,5946.93896484375,79,200,1748,153,200,0,45,14,20,0,0
130,in_distribution,1.0,14464.1787109375,10549.5205078125,51,200,2415,260,200,0,13,18,20,0,0
131,in_distribution,1.0,16713.873046875,11499.9892578125,78,200,2483,249,200,0,30,28,20,0,0
132,in_distribution,1.0,15052.171875,9893.3076171875,77,200,2400,275,200,0,28,29,20,0,0
133,in_distribution,1.0,17266.6640625,5862.42919921875,90,200,1062,109,200,0,48,22,20,0,0
134,in_distribution,1.0,14045.287109375,3053.004150390625,75,200,1467,141,200,0,28,37,10,0,0
135,in_distribution,1.0,17566.267578125,5132.05859375,90,200,2660,284,200,0,59,11,20,0,0
136,in_distribution,1.0,15381.685546875,8128.3427734375,80,200,1804,241,200,0,31,29,20,0,0
137,in_distribution,1.0,18074.421875,11469.07421875,46,200,2742,275,200,0,15,11,20,0,0
138,in_distribution,1.0,14755.609375,7158.1171875,91,200,2328,209,200,0,62,9,20,0,0
139,in_distribution,1.0,14812.046875,9061.0517578125,77,200,2566,236,200,0,29,38,10,0,0
140,in_distribution,1.0,12936.259765625,7858.93701171875,79,200,1793,216,200,0,45,24,10,0,0
141,in_distribution,1.0,15516.515625,5653.34814453125,62,200,1056,143,200,0,13,29,20,0,0
142,in_distribution,1.0,16751.751953125,4559.546875,101,200,933,133,200,0,67,14,20,0,0
143,in_distribution,1.0,16501.90625,4389.95751953125,94,200,1354,172,200,0,59,15,20,0,0
144,in_distribution,1.0,16117.1376953125,5835.83056640625,111,200,2093,160,200,0,41,50,20,0,0
145,in_distribution,1.0,15253.9208984375,3750.58203125,94,200,1410,165,200,0,36,38,20,0,0
146,in_distribution,1.0,16161.6376953125,9730.9736328125,120,200,2322,244,200,0,42,58,20,0,0
147,in_distribution,1.0,16831.35546875,10037.8056640625,80,200,2016,203,200,0,14,46,20,0,0
148,in_distribution,1.0,16074.3974609375,10883.6826171875,74,201,2753,250,201,0,12,42,20,0,0
149,in_distribution,1.0,15479.3779296875,10949.0439453125,69,201,1878,190,201,0,10,49,10,0,0
150,in_distribution,1.0,16748.513671875,3869.74267578125,93,200,1835,158,200,0,59,14,20,0,0
151,in_distribution,1.0,17669.318359375,0.0,73,200,1937,199,200,0,40,13,20,0,0
152,in_distribution,1.0,16181.5107421875,8391.3212890625,97,200,2089,182,200,0,30,47,20,0,0
153,in_distribution,1.0,15850.490234375,12633.900390625,76,206,2611,319,206,0,42,14,20,0,0
154,in_distribution,1.0,17660.234375,5980.0224609375,112,200,1371,141,200,0,69,23,20,0,0
155,in_distribution,1.0,15481.9521484375,11228.673828125,108,200,2595,315,200,0,45,43,20,0,0
156,in_distribution,1.0,14517.5791015625,6652.61083984375,85,200,1856,150,200,0,59,16,10,0,0
157,in_distribution,1.0,16876.6953125,7943.6171875,64,200,1812,178,200,0,16,28,20,0,0
158,in_distribution,1.0,16737.458984375,7366.71142578125,62,200,1847,202,200,0,21,21,20,0,0
159,in_distribution,1.0,16911.654296875,7422.60595703125,114,200,2071,196,200,0,73,21,20,0,0
160,in_distribution,1.0,16187.8798828125,8774.435546875,97,200,1879,210,200,0,56,21,20,0,0
161,in_distribution,1.0,17256.232421875,5412.205078125,51,200,1492,193,200,0,13,18,20,0,0
162,in_distribution,1.0,15387.5546875,8423.5986328125,90,200,2453,255,200,0,61,9,20,0,0
163,in_distribution,1.0,17687.091796875,12167.9140625,70,201,1869,237,201,0,16,34,20,0,0
164,in_distribution,1.0,15853.84375,9532.1240234375,82,200,1884,245,200,0,42,20,20,0,0
165,in_distribution,1.0,17175.6171875,8524.1904296875,115,200,1788,178,200,0,42,53,20,0,0
166,in_distribution,1.0,17458.173828125,10014.8408203125,82,200,2703,289,200,0,45,17,20,0,0
167,in_distribution,1.0,15917.86328125,12435.521484375,61,201,2751,299,201,0,27,14,20,0,0
168,in_distribution,1.0,14428.9931640625,9531.609375,138,201,2310,208,201,0,67,51,20,0,0
169,in_distribution,1.0,14952.037109375,5688.74462890625,70,200,1694,153,200,0,28,32,10,0,0
170,in_distribution,1.0,16305.5966796875,7938.86865234375,68,200,2665,300,200,0,28,20,20,0,0
171,in_distribution,1.0,15161.4501953125,6036.94580078125,83,200,2204,207,200,0,29,34,20,0,0
172,in_distribution,1.0,18561.265625,12208.48046875,67,202,2078,249,202,0,26,21,20,0,0
173,in_distribution,1.0,14261.39453125,8051.2666015625,64,200,2244,178,200,0,24,20,20,0,0
174,in_distribution,1.0,16644.154296875,7469.12060546875,147,200,1354,145,200,0,105,22,20,0,0
175,in_distribution,1.0,14718.1005859375,5693.28125,84,200,1651,183,200,0,22,42,20,0,0
176,in_distribution,1.0,11652.2578125,0.0,101,200,1987,172,200,0,63,28,10,0,0
177,in_distribution,1.0,15019.58984375,10068.0732421875,77,200,2329,270,200,0,31,26,20,0,0
178,in_distribution,1.0,17091.703125,11634.0048828125,98,200,2266,232,200,0,31,47,20,0,0
179,in_distribution,1.0,15680.509765625,4604.7099609375,80,200,1407,156,200,0,11,49,20,0,0
180,in_distribution,1.0,15897.5537109375,10103.75,60,200,2396,250,200,0,28,12,20,0,0
181,in_distribution,1.0,16313.015625,9136.7216796875,72,202,1779,169,202,0,43,9,20,0,0
182,in_distribution,1.0,14991.837890625,12637.3095703125,59,203,3094,402,203,0,13,26,20,0,0
183,in_distribution,1.0,15731.5205078125,12818.392578125,97,204,3052,335,204,0,48,29,20,0,0
184,in_distribution,1.0,16266.958984375,5629.3994140625,70,200,1648,134,200,0,27,23,20,0,0
185,in_distribution,1.0,17050.7578125,9525.3583984375,94,200,2356,240,200,0,46,28,20,0,0
186,in_distribution,1.0,15749.1708984375,6388.23583984375,144,200,1644,168,200,0,73,51,20,0,0
187,in_distribution,1.0,16129.5810546875,7373.49658203125,95,200,2001,212,200,0,53,22,20,0,0
188,in_distribution,1.0,15758.5419921875,12497.14453125,72,201,2563,258,201,0,41,11,20,0,0
189,in_distribution,1.0,16864.22265625,7343.087890625,77,200,1642,164,200,0,28,29,20,0,0
190,in_distribution,1.0,15423.453125,8865.87109375,116,201,2238,184,201,0,32,64,20,0,0
191,in_distribution,1.0,16865.1875,4260.61865234375,107,200,1886,140,200,0,40,47,20,0,0
192,in_distribution,1.0,16170.2080078125,7565.20947265625,85,200,2005,198,200,0,28,37,20,0,0
193,in_distribution,1.0,17563.845703125,10016.2958984375,101,200,2669,278,200,0,29,52,20,0,0
194,in_distribution,1.0,15281.353515625,11347.2607421875,76,200,2820,420,200,0,12,44,20,0,0
195,in_distribution,1.0,17003.2734375,11964.8486328125,71,200,2598,286,200,0,27,24,20,0,0
196,in_distribution,1.0,17121.037109375,5468.12548828125,91,200,1871,156,200,0,38,33,20,0,0
197,in_distribution,1.0,18380.037109375,14187.1123046875,68,203,1805,207,203,0,28,20,20,0,0
198,in_distribution,1.0,17652.4765625,7216.26611328125,74,200,1905,175,200,0,31,23,20,0,0
199,in_distribution,1.0,17514.45703125,14624.1796875,68,204,1670,244,204,0,28,20,20,0,0
200,in_distribution,1.0,17346.353515625,6822.52685546875,87,201,2607,229,201,0,45,22,20,0,0
201,in_distribution,1.0,16731.580078125,8911.017578125,98,200,2094,283,200,0,42,36,20,0,0
202,in_distribution,1.0,15362.978515625,9488.2548828125,101,200,2807,286,200,0,28,53,20,0,0
203,in_distribution,1.0,15915.623046875,7387.07177734375,98,200,2185,174,200,0,43,35,20,0,0
204,in_distribution,1.0,14795.263671875,5738.82373046875,82,200,1537,150,200,0,31,41,10,0,0
205,in_distribution,1.0,17363.650390625,10260.2314453125,80,200,1750,183,200,0,35,25,20,0,0
206,in_distribution,1.0,15779.056640625,8295.3447265625,76,200,1609,179,200,0,15,41,20,0,0
207,in_distribution,1.0,14490.5419921875,8332.0068359375,90,200,2541,260,200,0,44,26,20,0,0
208,in_distribution,1.0,17465.896484375,8184.15771484375,87,200,2602,235,200,0,45,22,20,0,0
209,in_distribution,1.0,16573.98046875,14641.58984375,48,205,1082,225,205,0,7,21,20,0,0
210,in_distribution,1.0,16547.423828125,8592.7685546875,73,200,2369,223,200,0,28,25,20,0,0
211,in_distribution,1.0,16446.13671875,8462.2216796875,46,200,2386,219,200,0,16,10,20,0,0
212,in_distribution,1.0,16689.0234375,6935.28759765625,96,200,1931,188,200,0,54,22,20,0,0
213,in_distribution,1.0,15424.4951171875,10196.962890625,99,201,1834,193,201,0,28,51,20,0,0
214,in_distribution,1.0,16226.0634765625,9262.763671875,88,200,2227,198,200,0,30,38,20,0,0
215,in_distribution,1.0,15759.5615234375,12469.58203125,46,203,1602,249,203,0,13,13,20,0,0
216,in_distribution,1.0,16253.3046875,4947.4794921875,135,200,865,117,200,0,59,56,20,0,0
217,in_distribution,1.0,14987.8408203125,7634.052734375,84,200,2208,240,200,0,43,21,20,0,0
218,in_distribution,1.0,15611.705078125,6553.11181640625,84,200,1651,155,200,0,31,33,20,0,0
219,in_distribution,1.0,14733.9287109375,6723.92919921875,93,200,1967,186,200,0,52,21,20,0,0
220,in_distribution,1.0,17478.58203125,12615.390625,97,200,2445,219,200,0,26,51,20,0,0
221,in_distribution,1.0,14608.890625,5453.49609375,94,200,1717,173,200,0,54,30,10,0,0
222,in_distribution,1.0,16091.275390625,7149.6455078125,100,200,2290,196,200,0,55,25,20,0,0
223,in_distribution,1.0,16704.68359375,7309.63671875,82,200,2239,221,200,0,29,33,20,0,0
224,in_distribution,1.0,17198.880859375,11129.07421875,64,200,2306,295,200,0,30,14,20,0,0
225,in_distribution,1.0,14983.7060546875,11519.7080078125,57,201,3104,332,201,0,24,13,20,0,0
226,in_distribution,1.0,15142.6162109375,6984.57763671875,80,200,2506,203,200,0,29,31,20,0,0
227,in_distribution,1.0,15969.6064453125,14626.3291015625,91,206,1442,242,206,0,43,28,20,0,0
228,in_distribution,1.0,15601.4716796875,6000.0263671875,74,200,2356,187,200,0,16,38,20,0,0
229,in_distribution,1.0,13577.7509765625,13577.7509765625,36,202,2713,313,202,0,10,16,10,0,0
230,in_distribution,1.0,17608.65234375,5144.7255859375,87,200,1587,143,200,0,30,37,20,0,0
231,in_distribution,1.0,16022.26953125,13609.09375,52,203,3444,340,203,0,12,20,20,0,0
232,in_distribution,1.0,16610.875,8150.580078125,60,200,2716,239,200,0,31,9,20,0,0
233,in_distribution,1.0,14533.6552734375,9312.7548828125,60,200,2029,219,200,0,12,28,20,0,0
234,in_distribution,1.0,15936.8994140625,13247.6142578125,49,204,2502,259,204,0,15,14,20,0,0
235,in_distribution,1.0,9428.3955078125,9428.3955078125,36,200,2441,234,200,0,10,16,10,0,0
236,in_distribution,1.0,18041.974609375,5375.1298828125,118,200,1038,138,200,0,86,12,20,0,0
237,in_distribution,1.0,14737.951171875,6416.63427734375,77,200,1358,166,200,0,35,32,10,0,0
238,in_distribution,1.0,16531.015625,8151.17236328125,85,200,1186,167,200,0,39,26,20,0,0
239,in_distribution,1.0,16498.7421875,12794.9521484375,92,200,2993,287,200,0,13,59,20,0,0
240,in_distribution,1.0,16772.376953125,11105.5556640625,71,200,1740,192,200,0,15,36,20,0,0
241,in_distribution,1.0,17271.92578125,8610.3740234375,95,200,2188,230,200,0,45,30,20,0,0
242,in_distribution,1.0,17225.80859375,6919.54248046875,81,200,1899,227,200,0,27,34,20,0,0
243,in_distribution,0.8,15993.5986328125,11754.439453125,77,200,3207,360,200,0,48,9,20,0,0
244,in_distribution,1.0,15572.8818359375,4910.0234375,85,200,1365,134,200,0,34,31,20,0,0
245,in_distribution,1.0,16186.62890625,10564.41796875,98,200,2496,190,200,0,46,32,20,0,0
246,in_distribution,1.0,15330.0400390625,10542.5810546875,72,200,2148,247,200,0,24,28,20,0,0
247,in_distribution,1.0,16203.7216796875,9066.169921875,69,200,2261,192,200,0,15,34,20,0,0
248,in_distribution,1.0,17482.244140625,11930.900390625,92,200,2941,320,200,0,45,27,20,0,0
249,in_distribution,1.0,17828.2421875,10582.1005859375,94,200,2452,246,200,0,60,14,20,0,0
250,in_distribution,1.0,16067.8271484375,8021.43359375,114,200,2465,228,200,0,46,48,20,0,0
251,in_distribution,1.0,16953.91015625,0.0,128,200,1972,175,200,0,90,18,20,0,0
252,in_distribution,1.0,17296.6015625,7022.45263671875,74,200,1863,216,200,0,30,24,20,0,0
253,in_distribution,1.0,15145.318359375,8806.7412109375,93,200,1902,195,200,0,32,41,20,0,0
254,in_distribution,1.0,15254.7158203125,6081.4892578125,99,200,1904,177,200,0,29,50,20,0,0
255,in_distribution,1.0,16133.591796875,13501.8779296875,64,201,2210,278,201,0,29,25,10,0,0
256,in_distribution,1.0,16481.951171875,8081.07080078125,52,200,1713,166,200,0,11,21,20,0,0
257,in_distribution,1.0,16683.798828125,8044.099609375,71,200,1978,210,200,0,30,21,20,0,0
258,in_distribution,1.0,16273.154296875,8360.224609375,94,200,2294,229,200,0,60,14,20,0,0
259,in_distribution,1.0,18398.4296875,8445.8876953125,107,200,1961,173,200,0,37,50,20,0,0
260,in_distribution,1.0,15448.986328125,6327.84228515625,80,200,1716,157,200,0,15,45,20,0,0
261,in_distribution,1.0,17629.484375,0.0,93,200,2618,271,200,0,46,27,20,0,0
262,in_distribution,1.0,18308.486328125,7394.2109375,65,201,1235,174,201,0,27,18,20,0,0
263,in_distribution,1.0,15117.9599609375,8541.7880859375,107,200,1811,212,200,0,39,58,10,0,0
264,in_distribution,1.0,19205.861328125,11343.328125,44,200,2646,278,200,0,14,10,20,0,0
265,in_distribution,1.0,17644.765625,12739.75390625,66,202,1670,226,202,0,14,32,20,0,0
266,in_distribution,1.0,14564.666015625,7109.34814453125,56,200,1483,193,200,0,7,29,20,0,0
267,in_distribution,1.0,13912.248046875,7852.0595703125,70,200,2322,234,200,0,29,21,20,0,0
268,in_distribution,1.0,16758.146484375,0.0,101,200,1845,189,200,0,39,42,20,0,0
269,in_distribution,1.0,16790.458984375,6124.248046875,94,200,2397,192,200,0,54,20,20,0,0
270,in_distribution,1.0,16311.3359375,10907.5009765625,79,200,1874,228,200,0,44,15,20,0,0
271,in_distribution,1.0,16628.619140625,10313.9287109375,67,201,1375,133,201,0,29,18,20,0,0
272,in_distribution,1.0,16542.671875,10179.4755859375,95,200,2145,202,200,0,61,14,20,0,0
273,in_distribution,1.0,16138.9599609375,5541.234375,90,200,1568,159,200,0,22,48,20,0,0
274,in_distribution,1.0,17413.412109375,7900.09619140625,87,200,1654,183,200,0,38,29,20,0,0
275,in_distribution,1.0,15886.794921875,10040.7900390625,74,200,2161,230,200,0,30,24,20,0,0
276,in_distribution,1.0,14326.9619140625,5945.38671875,85,200,1474,148,200,0,42,23,20,0,0
277,in_distribution,1.0,16559.708984375,6296.1572265625,99,200,1336,121,200,0,53,26,20,0,0
278,in_distribution,1.0,15566.642578125,8807.8330078125,76,200,2154,205,200,0,30,26,20,0,0
279,in_distribution,1.0,16822.787109375,8705.087890625,106,200,2493,265,200,0,47,39,20,0,0
280,in_distribution,1.0,15840.744140625,10581.771484375,60,200,2165,235,200,0,26,14,20,0,0
281,in_distribution,1.0,16994.427734375,4604.23193359375,135,200,1569,158,200,0,56,59,20,0,0
282,in_distribution,1.0,16141.4912109375,8103.1533203125,103,200,1947,182,200,0,48,35,20,0,0
283,in_distribution,1.0,15370.8779296875,4449.23388671875,62,200,1780,143,200,0,16,26,20,0,0
284,in_distribution,1.0,15730.810546875,6619.12744140625,99,200,2172,198,200,0,57,22,20,0,0
285,in_distribution,1.0,17856.484375,5403.93359375,97,200,1750,157,200,0,42,35,20,0,0
286,in_distribution,1.0,14551.314453125,11550.3046875,70,200,2776,310,200,0,28,32,10,0,0
287,in_distribution,1.0,17409.48828125,12460.2255859375,74,200,2872,258,200,0,16,38,20,0,0
288,in_distribution,1.0,17146.74609375,7243.841796875,105,200,2591,264,200,0,47,38,20,0,0
289,in_distribution,1.0,17639.978515625,12327.59765625,90,200,3012,346,200,0,61,9,20,0,0
290,in_distribution,1.0,15361.0029296875,11276.83984375,67,200,2400,216,200,0,31,26,10,0,0
291,in_distribution,1.0,15825.1787109375,6557.4326171875,62,200,1655,160,200,0,21,21,20,0,0
292,in_distribution,1.0,13652.9287109375,11407.224609375,63,200,2821,290,200,0,29,14,20,0,0
293,in_distribution,1.0,16204.63671875,10895.7939453125,54,200,2586,268,200,0,11,23,20,0,0
294,in_distribution,1.0,14965.9775390625,9800.7216796875,100,200,2968,336,200,0,58,22,20,0,0
295,in_distribution,1.0,15474.4697265625,10473.3466796875,84,201,2742,315,201,0,16,48,20,0,0
296,in_distribution,1.0,15979.541015625,13555.390625,54,202,2809,278,202,0,14,30,10,0,0
297,in_distribution,1.0,17913.642578125,13362.51171875,60,202,1900,205,202,0,27,13,20,0,0
298,in_distribution,1.0,15164.1376953125,6797.73095703125,85,200,2571,260,200,0,31,34,20,0,0
299,in_distribution,1.0,14919.6083984375,9737.1865234375,63,201,3078,317,201,0,29,14,20,0,0
300,in_distribution,1.0,15882.525390625,11308.470703125,68,200,2066,228,200,0,28,20,20,0,0
301,in_distribution,1.0,14486.837890625,13193.34375,86,200,2858,323,200,0,51,15,20,0,0
302,in_distribution,1.0,15927.4423828125,6533.5029296875,80,200,1661,159,200,0,39,21,20,0,0
303,in_distribution,1.0,15978.6162109375,11290.0947265625,96,200,2780,229,200,0,37,39,20,0,0
304,in_distribution,1.0,14554.79296875,10088.552734375,73,200,1795,217,200,0,28,25,20,0,0
305,in_distribution,1.0,15994.537109375,14686.9150390625,49,206,1529,293,206,0,15,14,20,0,0
306,in_distribution,1.0,16200.28515625,7315.384765625,80,200,2120,204,200,0,27,33,20,0,0
307,in_distribution,1.0,14429.884765625,3313.059814453125,67,200,1249,122,200,0,25,32,10,0,0
308,in_distribution,1.0,16188.138671875,6452.53857421875,55,200,2033,175,200,0,25,10,20,0,0
309,in_distribution,1.0,15616.7685546875,4946.72607421875,69,200,1426,125,200,0,12,37,20,0,0
310,in_distribution,1.0,17130.298828125,8776.0810546875,85,200,2616,273,200,0,16,49,20,0,0
311,in_distribution,1.0,15608.68359375,4294.35009765625,83,200,1456,116,200,0,29,34,20,0,0
312,in_distribution,1.0,18779.064453125,12890.494140625,59,202,2187,290,202,0,12,27,20,0,0
313,in_distribution,1.0,17457.779296875,9096.212890625,66,200,2062,239,200,0,28,18,20,0,0
314,in_distribution,1.0,15387.265625,13271.931640625,45,203,1813,201,203,0,16,9,20,0,0
315,in_distribution,1.0,18376.806640625,8287.646484375,109,200,1677,175,200,0,42,47,20,0,0
316,in_distribution,1.0,17909.166015625,5477.6083984375,91,200,1234,138,200,0,51,20,20,0,0
317,in_distribution,1.0,15820.888671875,9324.6328125,80,200,2383,220,200,0,30,30,20,0,0
318,in_distribution,1.0,16814.83203125,8537.2119140625,66,201,1615,199,201,0,26,20,20,0,0
319,in_distribution,1.0,19346.9296875,0.0,113,200,2482,266,200,0,70,23,20,0,0
320,in_distribution,1.0,16607.6796875,13464.6015625,58,201,1317,215,201,0,15,23,20,0,0
321,in_distribution,1.0,16775.333984375,13207.845703125,64,201,1994,215,201,0,25,19,20,0,0
322,in_distribution,1.0,15031.3408203125,9298.8330078125,71,200,1856,182,200,0,16,35,20,0,0
323,in_distribution,1.0,17192.283203125,5974.712890625,113,200,1561,145,200,0,47,46,20,0,0
324,in_distribution,1.0,16603.84375,7999.49560546875,137,200,2147,232,200,0,108,9,20,0,0
325,in_distribution,1.0,17928.171875,14627.8056640625,49,201,2687,276,201,0,15,14,20,0,0
326,in_distribution,1.0,16132.9482421875,5779.8525390625,89,200,1501,147,200,0,48,21,20,0,0
327,in_distribution,1.0,16092.0029296875,6626.75244140625,121,200,1859,184,200,0,52,49,20,0,0
328,in_distribution,1.0,16415.7734375,7549.3876953125,80,200,1763,180,200,0,27,33,20,0,0
329,in_distribution,1.0,16124.0634765625,8776.1005859375,75,200,2136,219,200,0,16,39,20,0,0
330,in_distribution,1.0,14768.2197265625,9349.5107421875,86,200,2550,255,200,0,31,35,20,0,0
331,in_distribution,1.0,14864.46875,4358.45166015625,97,200,1570,154,200,0,41,36,20,0,0
332,in_distribution,1.0,17873.1015625,5435.29443359375,134,200,2334,216,200,0,105,9,20,0,0
333,in_distribution,1.0,15419.53125,13225.41015625,57,204,2911,373,204,0,16,21,20,0,0
334,in_distribution,1.0,14687.8515625,4272.55517578125,116,200,1762,151,200,0,68,28,20,0,0
335,in_distribution,1.0,15224.91796875,10467.95703125,79,200,2160,263,200,0,31,28,20,0,0
336,in_distribution,1.0,15020.5078125,9832.6845703125,98,200,1622,199,200,0,35,43,20,0,0
337,in_distribution,1.0,14537.0166015625,9831.22265625,98,200,2752,234,200,0,44,34,20,0,0
338,in_distribution,1.0,18561.734375,15727.83203125,54,226,1963,428,226,0,11,23,20,0,0
339,in_distribution,1.0,16073.1044921875,10185.5859375,113,200,2811,277,200,0,58,35,20,0,0
340,in_distribution,1.0,16961.78125,8348.181640625,99,200,2256,209,200,0,70,9,20,0,0
341,in_distribution,1.0,17049.365234375,9205.1630859375,64,200,2425,263,200,0,24,20,20,0,0
342,in_distribution,1.0,15069.5224609375,9438.5537109375,61,200,2232,222,200,0,13,28,20,0,0
343,in_distribution,1.0,14645.9248046875,10351.150390625,122,200,2939,242,200,0,48,54,20,0,0
344,in_distribution,1.0,16125.6162109375,5149.61474609375,85,200,1551,137,200,0,28,37,20,0,0
345,in_distribution,1.0,16790.58203125,11441.4111328125,79,200,2224,247,200,0,30,29,20,0,0
346,in_distribution,1.0,16015.0576171875,11703.828125,53,202,2267,259,202,0,11,32,10,0,0
347,in_distribution,1.0,15760.7216796875,5164.10595703125,77,200,1487,144,200,0,19,38,20,0,0
348,in_distribution,1.0,16715.748046875,3378.21240234375,60,200,1440,136,200,0,19,21,20,0,0
349,in_distribution,1.0,15867.4755859375,6553.89453125,70,200,1184,131,200,0,22,28,20,0,0
350,in_distribution,1.0,16717.994140625,14779.7333984375,77,205,2636,360,205,0,32,25,20,0,0
351,in_distribution,1.0,15733.513671875,4775.90771484375,78,200,1459,174,200,0,38,30,10,0,0
352,in_distribution,1.0,16206.21875,11333.3896484375,93,200,2575,272,200,0,56,27,10,0,0
353,in_distribution,1.0,14420.2109375,0.0,92,200,1704,170,200,0,51,31,10,0,0
354,in_distribution,1.0,17303.41015625,8511.9423828125,101,200,2539,284,200,0,31,50,20,0,0
355,in_distribution,1.0,16109.85546875,14347.0771484375,50,202,3308,375,202,0,10,20,20,0,0
356,in_distribution,1.0,13065.7509765625,0.0,64,200,1836,197,200,0,24,30,10,0,0
357,in_distribution,1.0,15018.970703125,9998.912109375,51,200,1938,188,200,0,7,24,20,0,0
358,in_distribution,1.0,16565.90234375,10254.5986328125,95,201,1537,124,201,0,14,61,20,0,0
359,in_distribution,1.0,15443.3515625,7871.076171875,85,200,2092,226,200,0,41,24,20,0,0
360,in_distribution,1.0,17704.791015625,3668.04248046875,102,200,869,119,200,0,43,39,20,0,0
361,in_distribution,1.0,15794.44140625,0.0,126,201,2605,269,201,0,71,35,20,0,0
362,in_distribution,1.0,14171.818359375,5655.6806640625,129,200,1787,203,200,0,85,24,20,0,0
363,in_distribution,1.0,16947.205078125,13978.494140625,68,203,2100,237,203,0,13,35,20,0,0
364,in_distribution,1.0,16923.79296875,13422.486328125,48,208,2621,424,208,0,13,15,20,0,0
365,in_distribution,1.0,14269.9501953125,10189.7265625,55,200,2672,251,200,0,15,30,10,0,0
366,in_distribution,1.0,16086.171875,4866.4970703125,92,200,1422,147,200,0,24,48,20,0,0
367,in_distribution,1.0,16872.203125,10574.048828125,93,200,2371,280,200,0,47,26,20,0,0
368,in_distribution,1.0,15819.7080078125,9261.060546875,101,200,1746,183,200,0,53,28,20,0,0
369,in_distribution,1.0,17235.951171875,8673.6337890625,46,200,1804,182,200,0,13,13,20,0,0
370,in_distribution,1.0,14729.978515625,5387.376953125,75,200,1298,133,200,0,33,32,10,0,0
371,in_distribution,1.0,16770.4375,11500.1806640625,61,200,2436,283,200,0,30,11,20,0,0
372,in_distribution,1.0,17059.2890625,11655.765625,114,200,2498,240,200,0,60,34,20,0,0
373,in_distribution,1.0,15204.662109375,5740.27978515625,112,200,1830,175,200,0,58,34,20,0,0
374,in_distribution,1.0,17678.865234375,9363.580078125,74,200,2421,231,200,0,31,23,20,0,0
375,in_distribution,1.0,15448.5185546875,9498.4482421875,88,200,2248,233,200,0,57,11,20,0,0
376,in_distribution,1.0,15548.9921875,13583.1611328125,59,203,3452,435,203,0,15,24,20,0,0
377,in_distribution,1.0,12246.9150390625,8082.96484375,64,201,1916,185,201,0,15,39,10,0,0
378,in_distribution,1.0,18626.984375,2707.994384765625,81,200,960,132,200,0,41,20,20,0,0
379,in_distribution,1.0,12589.4814453125,12475.9482421875,48,201,2936,310,201,0,13,15,20,0,0
380,in_distribution,1.0,16588.421875,4040.343505859375,117,200,1798,129,200,0,55,42,20,0,0
381,in_distribution,1.0,15218.646484375,5342.990234375,90,200,1475,138,200,0,28,42,20,0,0
382,in_distribution,1.0,16893.37890625,13859.630859375,45,204,1743,236,204,0,16,9,20,0,0
383,in_distribution,1.0,15861.482421875,8268.6826171875,58,200,1784,201,200,0,17,21,20,0,0
384,in_distribution,1.0,16637.376953125,12247.341796875,89,202,3073,348,202,0,27,42,20,0,0
385,in_distribution,1.0,16008.8173828125,8473.16796875,92,200,2211,252,200,0,46,26,20,0,0
386,in_distribution,1.0,17114.666015625,9359.587890625,98,200,2542,280,200,0,46,32,20,0,0
387,in_distribution,1.0,18466.9609375,13609.8525390625,49,203,1754,224,203,0,15,14,20,0,0
388,in_distribution,1.0,18198.45703125,8988.09375,71,200,2560,224,200,0,31,20,20,0,0
389,in_distribution,0.9,17346.908203125,0.0,100,200,2912,325,200,0,43,37,20,0,0
390,in_distribution,1.0,17487.57421875,13851.53515625,57,202,1278,193,202,0,14,23,20,0,0
391,in_distribution,1.0,18181.576171875,12989.5771484375,83,200,2759,324,200,0,38,25,20,0,0
392,in_distribution,1.0,19495.322265625,13648.7119140625,64,201,1649,190,201,0,14,30,20,0,0
393,in_distribution,1.0,16782.68359375,7753.80322265625,55,202,2702,341,202,0,12,23,20,0,0
394,in_distribution,1.0,16863.791015625,13200.2919921875,56,202,1688,204,202,0,16,20,20,0,0
395,in_distribution,1.0,16082.3017578125,15167.6240234375,46,208,2954,439,208,0,15,11,20,0,0
396,in_distribution,1.0,15737.1083984375,11738.326171875,52,202,2227,264,202,0,12,20,20,0,0
397,in_distribution,1.0,15383.75,8205.3798828125,71,200,2484,259,200,0,16,35,20,0,0
398,in_distribution,1.0,16999.056640625,5045.21630859375,80,200,997,119,200,0,38,22,20,0,0
399,in_distribution,1.0,15467.19140625,6332.451171875,90,200,1892,203,200,0,46,24,20,0,0
400,in_distribution,1.0,16221.88671875,8414.6279296875,74,200,2319,240,200,0,32,22,20,0,0
401,in_distribution,1.0,15573.677734375,7108.66259765625,126,200,2046,186,200,0,60,46,20,0,0
402,in_distribution,1.0,18035.828125,12259.232421875,61,201,2572,271,201,0,27,14,20,0,0
403,in_distribution,1.0,18771.75390625,6349.97705078125,100,200,1407,161,200,0,49,31,20,0,0
404,in_distribution,1.0,17945.13671875,7083.123046875,70,200,2305,200,200,0,40,10,20,0,0
405,in_distribution,1.0,16117.2890625,5559.59619140625,124,200,1730,175,200,0,77,27,20,0,0
406,in_distribution,1.0,16994.775390625,9662.3896484375,70,200,1978,213,200,0,27,23,20,0,0
407,in_distribution,1.0,18219.466796875,13229.2138671875,46,200,2693,282,200,0,15,11,20,0,0
408,in_distribution,1.0,16461.732421875,4799.349609375,113,200,1600,167,200,0,59,34,20,0,0
409,in_distribution,1.0,15381.568359375,8614.70703125,89,200,2710,279,200,0,32,37,20,0,0
410,in_distribution,1.0,15340.744140625,6498.3095703125,138,200,1694,164,200,0,58,60,20,0,0
411,in_distribution,1.0,16744.171875,9153.775390625,84,200,1745,139,200,0,15,49,20,0,0
412,in_distribution,1.0,15196.6923828125,12522.044921875,90,200,3196,340,200,0,44,26,20,0,0
413,in_distribution,1.0,16696.8671875,9767.4111328125,101,200,2469,258,200,0,45,36,20,0,0
414,in_distribution,1.0,15242.4072265625,7436.00537109375,56,200,1537,156,200,0,7,29,20,0,0
415,in_distribution,1.0,15468.5751953125,0.0,86,200,1648,154,200,0,43,23,20,0,0
416,in_distribution,1.0,14825.6005859375,8862.8349609375,90,200,2465,226,200,0,47,23,20,0,0
417,in_distribution,1.0,15818.8173828125,0.0,87,201,2998,308,201,0,30,37,20,0,0
418,in_distribution,1.0,16079.6474609375,7774.677734375,79,200,2528,240,200,0,27,32,20,0,0
419,in_distribution,1.0,17324.763671875,0.0,135,200,1240,165,200,0,72,43,20,0,0
420,in_distribution,1.0,17939.11328125,8297.92578125,91,200,2175,198,200,0,47,24,20,0,0
421,in_distribution,1.0,14575.505859375,3518.426025390625,94,200,1481,179,200,0,43,41,10,0,0
422,in_distribution,1.0,15340.744140625,8842.619140625,72,200,2412,266,200,0,16,36,20,0,0
423,in_distribution,1.0,15958.3818359375,6363.77783203125,103,200,2010,186,200,0,59,24,20,0,0
424,in_distribution,1.0,16318.80859375,7447.06298828125,95,200,1737,174,200,0,40,35,20,0,0
425,in_distribution,1.0,15578.349609375,10443.7392578125,66,202,2192,270,202,0,12,34,20,0,0
426,in_distribution,1.0,15996.26171875,0.0,137,200,2019,162,200,0,91,26,20,0,0
427,in_distribution,1.0,16752.234375,8726.3603515625,74,200,1145,167,200,0,42,12,20,0,0
428,in_distribution,1.0,17380.8515625,11555.03125,89,202,2616,256,202,0,56,13,20,0,0
429,in_distribution,1.0,17799.943359375,8764.9248046875,85,200,2052,184,200,0,14,51,20,0,0
430,in_distribution,1.0,16428.75390625,0.0,79,200,2584,269,200,0,45,14,20,0,0
431,in_distribution,1.0,16443.791015625,12628.896484375,94,202,3188,330,202,0,63,11,20,0,0
432,in_distribution,1.0,13610.2197265625,6667.47216796875,98,200,2087,220,200,0,41,47,10,0,0
433,in_distribution,1.0,16972.05078125,3914.06591796875,128,200,903,119,200,0,52,56,20,0,0
434,in_distribution,1.0,13834.259765625,5774.146484375,98,200,1775,166,200,0,39,39,20,0,0
435,in_distribution,1.0,17355.7578125,14581.873046875,49,206,1729,266,206,0,15,14,20,0,0
436,in_distribution,1.0,17002.2421875,13810.1484375,68,204,1872,216,204,0,15,43,10,0,0
437,in_distribution,1.0,17257.919921875,6135.63623046875,98,200,1630,198,200,0,37,41,20,0,0
438,in_distribution,1.0,16302.93359375,11851.2216796875,49,200,3231,325,200,0,15,14,20,0,0
439,in_distribution,1.0,18343.515625,0.0,98,200,1686,159,200,0,41,37,20,0,0
440,in_distribution,1.0,14104.3955078125,10575.681640625,66,201,2755,311,201,0,13,33,20,0,0
441,in_distribution,1.0,17556.8046875,5790.84765625,92,200,1311,136,200,0,50,22,20,0,0
442,in_distribution,1.0,16334.6962890625,13158.44140625,45,202,2160,270,202,0,16,9,20,0,0
443,in_distribution,1.0,14153.400390625,7785.671875,99,200,2065,211,200,0,28,51,20,0,0
444,in_distribution,1.0,16399.3046875,5016.7041015625,88,200,1500,128,200,0,55,13,20,0,0
445,in_distribution,1.0,17478.720703125,9690.640625,125,200,2674,254,200,0,81,24,20,0,0
446,in_distribution,1.0,17238.71875,14961.005859375,45,203,2527,311,203,0,16,9,20,0,0
447,in_distribution,1.0,15416.578125,10139.4365234375,100,200,2658,311,200,0,46,34,20,0,0
448,in_distribution,1.0,16730.5625,6985.18212890625,109,200,1282,162,200,0,55,34,20,0,0
449,in_distribution,1.0,13843.4345703125,0.0,97,200,1929,173,200,0,50,37,10,0,0
450,in_distribution,1.0,15845.83984375,9748.0654296875,78,200,2530,231,200,0,16,42,20,0,0
451,in_distribution,1.0,15058.3564453125,12610.09375,46,201,2862,302,201,0,15,11,20,0,0
452,in_distribution,1.0,16202.9599609375,9104.119140625,89,200,2332,264,200,0,32,37,20,0,0
453,in_distribution,1.0,13501.2001953125,5179.31494140625,88,200,1673,158,200,0,51,27,10,0,0
454,in_distribution,1.0,18184.236328125,8749.8486328125,93,200,1628,190,200,0,59,14,20,0,0
455,in_distribution,1.0,17021.212890625,7403.9345703125,60,200,1991,219,200,0,27,13,20,0,0
456,in_distribution,1.0,17136.06640625,5031.0556640625,77,200,1980,203,200,0,43,14,20,0,0
457,in_distribution,1.0,15881.7353515625,8090.60791015625,74,200,2370,202,200,0,30,24,20,0,0
458,in_distribution,1.0,15206.5908203125,0.0,102,200,1628,163,200,0,59,23,20,0,0
459,in_distribution,1.0,15898.6416015625,7511.07421875,130,200,2139,233,200,0,72,38,20,0,0
460,in_distribution,1.0,15084.0693359375,5685.455078125,120,200,1437,168,200,0,52,48,20,0,0
461,in_distribution,1.0,17640.44921875,9476.1142578125,84,200,1742,150,200,0,30,34,20,0,0
462,in_distribution,1.0,16460.470703125,4754.37060546875,81,200,1637,140,200,0,32,29,20,0,0
463,in_distribution,1.0,15661.298828125,9630.75,72,200,3010,308,200,0,28,24,20,0,0
464,in_distribution,1.0,17698.59765625,8051.71142578125,58,200,2139,220,200,0,16,22,20,0,0
465,in_distribution,1.0,14826.50390625,7243.48046875,67,200,1546,149,200,0,13,34,20,0,0
466,in_distribution,1.0,15532.1416015625,7184.638671875,77,200,1849,196,200,0,48,9,20,0,0
467,in_distribution,1.0,17192.009765625,7808.45556640625,110,200,2475,243,200,0,47,43,20,0,0
468,in_distribution,1.0,16527.48828125,12368.2685546875,73,201,2280,201,201,0,32,21,20,0,0
469,in_distribution,1.0,17476.5234375,10011.4951171875,54,200,2563,294,200,0,10,24,20,0,0
470,in_distribution,1.0,15030.4267578125,6395.41259765625,109,200,2363,220,200,0,69,20,20,0,0
471,in_distribution,1.0,16240.466796875,6911.4580078125,70,200,2027,178,200,0,40,10,20,0,0
472,in_distribution,1.0,15890.90234375,8130.865234375,111,200,1833,196,200,0,41,50,20,0,0
473,in_distribution,1.0,16236.8876953125,7311.771484375,110,200,1787,198,200,0,55,35,20,0,0
474,in_distribution,1.0,14131.6494140625,6466.39453125,101,200,1754,193,200,0,46,35,20,0,0
475,in_distribution,1.0,16441.4609375,5446.244140625,104,200,1928,195,200,0,28,56,20,0,0
476,in_distribution,1.0,12256.533203125,12006.8076171875,69,200,2401,220,200,0,31,28,10,0,0
477,in_distribution,1.0,15720.904296875,12463.662109375,62,202,2122,225,202,0,16,26,20,0,0
478,in_distribution,1.0,17382.73046875,10352.7568359375,68,200,1671,210,200,0,26,22,20,0,0
479,in_distribution,1.0,14661.2265625,7436.38671875,75,200,1576,163,200,0,26,39,10,0,0
480,in_distribution,1.0,15514.07421875,7921.73486328125,80,200,2253,235,200,0,46,14,20,0,0
481,in_distribution,1.0,16781.419921875,10391.4189453125,128,200,2609,301,200,0,74,34,20,0,0
482,in_distribution,1.0,17271.75390625,13828.912109375,59,202,2245,265,202,0,14,25,20,0,0
483,in_distribution,1.0,16546.287109375,12655.7236328125,57,204,2119,236,204,0,13,24,20,0,0
484,in_distribution,1.0,18543.609375,11119.5029296875,56,200,1265,188,200,0,25,11,20,0,0
485,in_distribution,1.0,17925.1171875,8687.072265625,78,200,1691,175,200,0,24,34,20,0,0
486,in_distribution,1.0,16472.142578125,5061.09765625,153,200,1750,171,200,0,100,33,20,0,0
487,in_distribution,1.0,17246.7421875,8562.365234375,66,202,1858,207,202,0,12,34,20,0,0
488,in_distribution,1.0,16147.3056640625,8004.9208984375,83,200,1447,189,200,0,22,41,20,0,0
489,in_distribution,1.0,18429.548828125,5530.68505859375,157,200,1705,169,200,0,57,80,20,0,0
490,in_distribution,1.0,17300.90625,7162.0732421875,84,200,2203,223,200,0,42,22,20,0,0
491,in_distribution,1.0,16473.294921875,4746.92919921875,104,200,1405,157,200,0,71,13,20,0,0
492,in_distribution,1.0,17089.4453125,11667.419921875,70,200,1977,249,200,0,11,39,20,0,0
493,in_distribution,1.0,12790.830078125,10522.880859375,51,200,2490,245,200,0,15,26,10,0,0
494,in_distribution,1.0,16366.537109375,7664.07568359375,58,200,1674,136,200,0,28,10,20,0,0
495,in_distribution,1.0,16933.029296875,9979.3828125,87,200,1598,142,200,0,32,35,20,0,0
496,in_distribution,1.0,15643.96875,4709.07275390625,102,200,1652,149,200,0,42,40,20,0,0
497,in_distribution,1.0,16700.90625,8938.357421875,90,200,1144,123,200,0,58,12,20,0,0
498,in_distribution,1.0,16028.716796875,8963.6787109375,81,201,2029,247,201,0,16,45,20,0,0
499,in_distribution,1.0,16711.87109375,6338.5703125,108,200,1522,161,200,0,16,72,20,0,0
500,in_distribution,1.0,16355.814453125,7950.26416015625,85,200,2194,208,200,0,16,49,20,0,0
501,in_distribution,1.0,16831.92578125,6863.6875,93,200,1635,164,200,0,12,61,20,0,0
502,in_distribution,1.0,16935.39453125,11486.833984375,62,200,2862,269,200,0,16,26,20,0,0
503,in_distribution,1.0,18163.314453125,8896.0244140625,83,200,1875,183,200,0,38,25,20,0,0
504,in_distribution,1.0,16226.6494140625,9413.51171875,106,200,2694,284,200,0,45,41,20,0,0
505,in_distribution,1.0,15958.7646484375,7143.98388671875,111,200,2238,222,200,0,38,53,20,0,0
506,in_distribution,1.0,17257.109375,9741.91015625,50,200,1803,217,200,0,10,20,20,0,0
507,in_distribution,1.0,15617.8662109375,9598.5791015625,87,200,2731,236,200,0,45,22,20,0,0
508,in_distribution,1.0,16514.51171875,9493.9267578125,70,200,2259,211,200,0,15,35,20,0,0
509,in_distribution,1.0,18355.802734375,13752.736328125,57,201,2295,268,201,0,11,26,20,0,0
510,in_distribution,1.0,16653.990234375,5822.7021484375,118,200,1474,154,200,0,58,40,20,0,0
511,in_distribution,1.0,15597.93359375,6299.677734375,77,200,1153,157,200,0,35,22,20,0,0
512,in_distribution,1.0,15815.9775390625,6751.72802734375,83,200,1751,195,200,0,11,52,20,0,0
513,in_distribution,1.0,16422.5078125,6199.38330078125,84,200,2440,199,200,0,44,20,20,0,0
514,in_distribution,1.0,15915.240234375,9327.96484375,90,200,1881,263,200,0,22,48,20,0,0
515,in_distribution,1.0,18791.501953125,14354.8974609375,71,203,1455,215,203,0,26,25,20,0,0
516,in_distribution,1.0,16389.509765625,12018.1064453125,78,201,2733,334,201,0,32,26,20,0,0
517,in_distribution,1.0,16817.71484375,9539.5361328125,68,200,2076,200,200,0,14,34,20,0,0
518,in_distribution,1.0,14919.98046875,8347.21875,88,200,2295,270,200,0,44,24,20,0,0
519,in_distribution,1.0,13834.341796875,5843.60205078125,96,200,1292,142,200,0,43,43,10,0,0
520,in_distribution,1.0,16684.8359375,10590.318359375,64,201,2421,299,201,0,15,29,20,0,0
521,in_distribution,1.0,17485.23046875,11951.1845703125,83,200,2334,231,200,0,40,23,20,0,0
522,in_distribution,1.0,15992.3212890625,8792.912109375,132,200,1957,180,200,0,97,15,20,0,0
523,in_distribution,1.0,14998.283203125,6521.45751953125,76,200,2555,238,200,0,30,26,20,0,0
524,in_distribution,1.0,16627.62109375,8710.3359375,74,200,2354,199,200,0,25,29,20,0,0
525,in_distribution,1.0,17225.859375,8071.669921875,63,200,1837,166,200,0,12,31,20,0,0
526,in_distribution,1.0,16644.30078125,0.0,75,200,2660,226,200,0,28,27,20,0,0
527,in_distribution,1.0,16881.193359375,11483.939453125,100,201,2689,259,201,0,43,37,20,0,0
528,in_distribution,1.0,15764.466796875,6096.5361328125,93,200,903,108,200,0,27,46,20,0,0
529,in_distribution,1.0,15556.0830078125,8581.4892578125,136,200,2664,313,200,0,62,54,20,0,0
530,in_distribution,1.0,19386.744140625,10115.744140625,133,200,1445,174,200,0,103,10,20,0,0
531,in_distribution,1.0,18413.880859375,12313.3564453125,50,200,2225,247,200,0,12,18,20,0,0
532,in_distribution,1.0,17775.595703125,2165.403076171875,54,200,953,114,200,0,22,12,20,0,0
533,in_distribution,1.0,16401.0234375,8826.4140625,82,200,2658,269,200,0,25,37,20,0,0
534,in_distribution,1.0,18225.85546875,4145.5546875,108,200,1309,139,200,0,54,34,20,0,0
535,in_distribution,1.0,16108.7998046875,12613.1953125,59,202,2046,257,202,0,25,14,20,0,0
536,in_distribution,1.0,17360.27734375,9366.5751953125,103,200,2532,221,200,0,47,36,20,0,0
537,in_distribution,1.0,14544.8681640625,9447.0048828125,94,200,2726,267,200,0,59,15,20,0,0
538,in_distribution,1.0,14264.4599609375,7094.87060546875,79,200,2276,201,200,0,25,34,20,0,0
539,in_distribution,1.0,16567.333984375,8074.375,85,200,2007,247,200,0,16,49,20,0,0
540,in_distribution,1.0,15950.9892578125,10126.138671875,80,200,2788,322,200,0,46,14,20,0,0
541,in_distribution,1.0,17420.40234375,11679.0087890625,81,200,2274,231,200,0,32,29,20,0,0
542,in_distribution,1.0,14812.3505859375,8505.2685546875,53,200,1834,207,200,0,11,22,20,0,0
543,in_distribution,1.0,17111.388671875,10179.05859375,78,200,2494,271,200,0,9,49,20,0,0
544,in_distribution,1.0,15332.54296875,12263.376953125,64,201,2797,301,201,0,15,39,10,0,0
545,in_distribution,1.0,15617.1513671875,6754.17822265625,108,200,1920,161,200,0,66,22,20,0,0
546,in_distribution,1.0,14599.5078125,10320.7607421875,82,200,2275,225,200,0,44,28,10,0,0
547,in_distribution,1.0,16305.052734375,0.0,79,200,2078,194,200,0,31,28,20,0,0
548,in_distribution,1.0,18282.16796875,7361.23974609375,69,200,1460,137,200,0,12,37,20,0,0
549,in_distribution,1.0,14549.1279296875,7655.38330078125,69,200,2236,250,200,0,29,20,20,0,0
550,in_distribution,1.0,15718.4873046875,13309.91015625,63,201,1486,202,201,0,11,32,20,0,0
551,in_distribution,1.0,17523.4296875,13348.1318359375,91,200,2318,242,200,0,49,22,20,0,0
552,in_distribution,1.0,16193.01953125,6536.5087890625,127,200,1868,186,200,0,55,52,20,0,0
553,in_distribution,1.0,16785.16796875,9284.95703125,82,200,2024,216,200,0,41,21,20,0,0
554,in_distribution,1.0,18390.02734375,13463.1669921875,59,200,1805,219,200,0,14,25,20,0,0
555,in_distribution,1.0,11867.8994140625,4699.62255859375,92,200,1920,134,200,0,43,39,10,0,0
556,in_distribution,1.0,14349.8603515625,10929.6904296875,65,200,2393,221,200,0,28,27,10,0,0
557,in_distribution,1.0,16415.505859375,6486.611328125,86,200,2054,208,200,0,30,36,20,0,0
558,in_distribution,1.0,16809.779296875,8490.0625,73,200,1125,105,200,0,30,23,20,0,0
559,in_distribution,1.0,15284.9716796875,6022.40576171875,64,200,1690,145,200,0,23,21,20,0,0
560,in_distribution,1.0,16176.705078125,11307.7001953125,85,200,2796,323,200,0,16,49,20,0,0
561,in_distribution,1.0,16861.4765625,10496.70703125,100,201,2764,255,201,0,45,35,20,0,0
562,in_distribution,1.0,17324.158203125,6655.42626953125,75,200,1662,202,200,0,21,34,20,0,0
563,in_distribution,1.0,14206.8525390625,10382.7236328125,62,203,2135,236,203,0,16,26,20,0,0
564,in_distribution,1.0,14287.8740234375,8115.03759765625,93,200,1547,152,200,0,28,45,20,0,0
565,in_distribution,1.0,17396.689453125,10841.4638671875,84,200,2494,272,200,0,31,33,20,0,0
566,in_distribution,1.0,17049.21875,7435.66015625,46,200,2066,203,200,0,16,10,20,0,0
567,in_distribution,1.0,15483.7431640625,12906.6953125,91,201,2833,329,201,0,32,39,20,0,0
568,in_distribution,1.0,17146.271484375,4346.0302734375,97,200,1458,130,200,0,25,52,20,0,0
569,in_distribution,1.0,16220.029296875,7061.05029296875,94,200,1710,182,200,0,41,33,20,0,0
570,in_distribution,1.0,17394.6875,10203.314453125,122,200,2062,205,200,0,82,20,20,0,0
571,in_distribution,1.0,17511.4296875,10067.1904296875,78,200,2825,299,200,0,44,14,20,0,0
572,in_distribution,1.0,16941.12109375,0.0,110,200,2283,174,200,0,46,44,20,0,0
573,in_distribution,1.0,14744.212890625,8266.8115234375,98,200,1449,173,200,0,30,48,20,0,0
574,in_distribution,1.0,15253.8466796875,8827.623046875,64,200,2836,296,200,0,15,29,20,0,0
575,in_distribution,1.0,15061.6474609375,9350.54296875,62,200,2556,287,200,0,28,14,20,0,0
576,in_distribution,1.0,15586.0419921875,10319.5625,65,201,1776,272,201,0,31,14,20,0,0
577,in_distribution,1.0,16887.599609375,9119.263671875,86,201,1737,146,201,0,15,51,20,0,0
578,in_distribution,1.0,18082.638671875,10861.2841796875,71,200,2197,179,200,0,22,29,20,0,0
579,in_distribution,1.0,15888.55859375,0.0,98,200,2242,265,200,0,43,35,20,0,0
580,in_distribution,1.0,16905.33984375,7697.107421875,85,200,1732,141,200,0,16,49,20,0,0
581,in_distribution,1.0,14888.5380859375,6376.98974609375,113,200,1713,136,200,0,59,34,20,0,0
582,in_distribution,1.0,14193.771484375,8321.6123046875,83,200,2250,255,200,0,12,51,20,0,0
583,in_distribution,1.0,15294.705078125,0.0,76,200,1589,159,200,0,23,33,20,0,0
584,in_distribution,1.0,17789.380859375,6743.47216796875,123,200,1486,157,200,0,75,28,20,0,0
585,in_distribution,1.0,15735.646484375,11131.0771484375,107,200,2386,239,200,0,58,29,20,0,0
586,in_distribution,1.0,16835.599609375,11690.607421875,77,200,2659,230,200,0,43,14,20,0,0
587,in_distribution,1.0,17796.8125,2916.986328125,60,200,994,131,200,0,20,20,20,0,0
588,in_distribution,1.0,16463.064453125,0.0,113,200,1755,137,200,0,43,50,20,0,0
589,in_distribution,1.0,18082.029296875,5624.9921875,105,200,1060,132,200,0,66,19,20,0,0
590,in_distribution,1.0,15690.2275390625,8359.6865234375,112,200,1763,158,200,0,60,42,10,0,0
591,in_distribution,1.0,16540.724609375,8804.8583984375,53,202,1821,221,202,0,11,22,20,0,0
592,in_distribution,1.0,15918.8662109375,10034.5009765625,59,200,2569,274,200,0,12,27,20,0,0
593,in_distribution,1.0,15147.92578125,6480.814453125,143,200,1762,182,200,0,37,86,20,0,0
594,in_distribution,1.0,17630.673828125,8498.3984375,75,200,1916,227,200,0,32,23,20,0,0
595,in_distribution,1.0,16746.65625,8024.01025390625,116,200,1131,135,200,0,82,14,20,0,0
596,in_distribution,1.0,15148.6982421875,9364.533203125,92,200,2055,183,200,0,34,38,20,0,0
597,in_distribution,1.0,16491.33203125,7808.5732421875,104,200,1950,218,200,0,45,39,20,0,0
598,in_distribution,1.0,16844.52734375,6903.3359375,86,200,1948,155,200,0,27,39,20,0,0
599,in_distribution,1.0,16910.65625,7776.05615234375,122,200,2472,222,200,0,62,40,20,0,0
600,in_distribution,1.0,16723.9296875,8364.6376953125,86,200,1945,179,200,0,45,21,20,0,0
601,in_distribution,1.0,15640.98046875,7126.6669921875,91,200,2249,165,200,0,42,29,20,0,0
602,in_distribution,1.0,15842.1416015625,8749.37109375,69,200,2429,227,200,0,16,33,20,0,0
603,in_distribution,1.0,17933.984375,6794.8017578125,69,200,2058,206,200,0,26,23,20,0,0
604,in_distribution,1.0,17506.59375,8383.56640625,91,200,2005,180,200,0,31,40,20,0,0
605,in_distribution,1.0,17438.0078125,13079.7890625,54,202,2307,240,202,0,13,21,20,0,0
606,in_distribution,1.0,17727.650390625,6666.3359375,102,200,1106,149,200,0,61,21,20,0,0
607,in_distribution,1.0,16308.310546875,8074.802734375,74,200,2347,250,200,0,27,27,20,0,0
608,in_distribution,1.0,17208.755859375,8838.1982421875,81,200,2477,333,200,0,25,36,20,0,0
609,in_distribution,1.0,15846.3935546875,10201.203125,113,201,1824,222,201,0,25,68,20,0,0
610,in_distribution,1.0,16183.0810546875,7123.46337890625,77,200,1645,178,200,0,44,13,20,0,0
611,in_distribution,1.0,16724.2421875,7498.72998046875,91,200,1571,131,200,0,30,41,20,0,0
612,in_distribution,1.0,17011.580078125,6883.28369140625,128,200,1979,180,200,0,88,20,20,0,0
613,in_distribution,1.0,16582.005859375,8339.3623046875,70,200,1808,207,200,0,29,21,20,0,0
614,in_distribution,1.0,18058.5390625,5296.84716796875,102,200,1777,213,200,0,56,26,20,0,0
615,in_distribution,1.0,17312.5234375,0.0,84,200,1807,120,200,0,41,23,20,0,0
616,in_distribution,1.0,17769.80078125,8677.3369140625,93,200,2095,149,200,0,64,9,20,0,0
617,in_distribution,1.0,14113.2294921875,6172.82177734375,148,200,1710,128,200,0,102,26,20,0,0
618,in_distribution,1.0,15343.134765625,6973.63623046875,74,200,1462,158,200,0,15,39,20,0,0
619,in_distribution,1.0,16691.955078125,11176.873046875,96,200,2895,271,200,0,47,29,20,0,0
620,in_distribution,1.0,15860.6748046875,14260.3310546875,54,202,2758,281,202,0,16,28,10,0,0
621,in_distribution,1.0,15225.7470703125,6796.119140625,83,200,1900,167,200,0,26,47,10,0,0
622,in_distribution,1.0,12640.0107421875,10762.6162109375,70,200,3172,336,200,0,30,30,10,0,0
623,in_distribution,1.0,17163.083984375,6551.19970703125,65,200,2449,247,200,0,23,22,20,0,0
624,in_distribution,1.0,17133.28515625,11048.0498046875,51,201,2081,219,201,0,7,24,20,0,0
625,in_distribution,1.0,12694.677734375,8358.0078125,89,200,2102,163,200,0,55,14,20,0,0
626,in_distribution,1.0,16221.5390625,9309.134765625,65,200,2131,184,200,0,31,14,20,0,0
627,in_distribution,1.0,16874.03515625,9905.9150390625,84,200,2219,214,200,0,30,34,20,0,0
628,in_distribution,1.0,15175.3564453125,8590.0634765625,98,200,1919,198,200,0,27,51,20,0,0
629,in_distribution,1.0,15733.23046875,4449.3740234375,101,200,1744,164,200,0,57,24,20,0,0
630,in_distribution,1.0,16257.66796875,8247.892578125,98,200,2238,260,200,0,40,38,20,0,0
631,in_distribution,1.0,14293.947265625,4482.2080078125,70,200,1512,146,200,0,14,36,20,0,0
632,in_distribution,1.0,16526.357421875,11944.5888671875,55,202,2728,362,202,0,10,25,20,0,0
633,in_distribution,1.0,14902.0703125,4924.642578125,88,200,1648,175,200,0,44,24,20,0,0
634,in_distribution,1.0,17621.880859375,15404.912109375,49,204,2263,295,204,0,15,14,20,0,0
635,in_distribution,1.0,15165.4453125,8484.6435546875,107,200,1780,182,200,0,41,46,20,0,0
636,in_distribution,1.0,15728.8759765625,10094.279296875,48,200,2870,259,200,0,13,15,20,0,0
637,in_distribution,1.0,18744.029296875,7052.68505859375,102,200,1023,149,200,0,43,39,20,0,0
638,in_distribution,1.0,18710.439453125,0.0,89,200,2650,257,200,0,13,56,20,0,0
639,in_distribution,1.0,16932.33984375,7141.88525390625,48,200,1745,174,200,0,7,21,20,0,0
640,in_distribution,1.0,15697.5859375,8137.650390625,131,200,1926,202,200,0,90,21,20,0,0
641,in_distribution,1.0,16641.693359375,6029.77880859375,102,200,2154,224,200,0,47,35,20,0,0
642,in_distribution,1.0,15280.9677734375,10311.7021484375,64,200,2235,267,200,0,30,14,20,0,0
643,in_distribution,1.0,17127.8046875,8220.5009765625,65,200,1982,170,200,0,31,14,20,0,0
644,in_distribution,1.0,16132.6982421875,10917.2451171875,87,200,2126,228,200,0,15,52,20,0,0
645,in_distribution,1.0,17635.78125,14086.44140625,64,204,2335,284,204,0,24,20,20,0,0
646,in_distribution,1.0,15829.7568359375,9254.0400390625,53,201,1862,211,201,0,11,22,20,0,0
647,in_distribution,1.0,18425.013671875,10995.44921875,88,200,2394,262,200,0,31,37,20,0,0
648,in_distribution,1.0,17380.55078125,10261.43359375,111,200,2723,282,200,0,55,36,20,0,0
649,in_distribution,1.0,17335.580078125,10274.927734375,90,200,1685,209,200,0,56,14,20,0,0
650,in_distribution,1.0,17886.53125,15985.2890625,60,206,2492,257,206,0,26,14,20,0,0
651,in_distribution,1.0,16880.072265625,11176.2841796875,71,200,2572,277,200,0,30,21,20,0,0
652,in_distribution,1.0,16878.408203125,7569.201171875,67,200,1751,184,200,0,8,39,20,0,0
653,in_distribution,1.0,17169.20703125,9460.869140625,71,200,2329,205,200,0,31,20,20,0,0
654,in_distribution,1.0,16554.474609375,6464.7734375,74,200,2047,197,200,0,21,33,20,0,0
655,in_distribution,1.0,14867.896484375,6543.38232421875,90,200,1713,142,200,0,61,9,20,0,0
656,in_distribution,1.0,16203.349609375,9369.880859375,77,200,2074,232,200,0,44,13,20,0,0
657,in_distribution,1.0,16924.779296875,9193.3701171875,86,200,2244,217,200,0,45,21,20,0,0
658,in_distribution,1.0,16274.4794921875,6910.38623046875,93,200,1691,159,200,0,38,35,20,0,0
659,in_distribution,1.0,16074.9970703125,7996.5986328125,92,200,2554,218,200,0,41,31,20,0,0
660,in_distribution,1.0,16518.048828125,9469.380859375,57,200,2591,241,200,0,16,21,20,0,0
661,in_distribution,1.0,16227.330078125,11630.43359375,65,200,2688,314,200,0,31,14,20,0,0
662,in_distribution,1.0,16006.8310546875,0.0,115,200,2350,205,200,0,83,12,20,0,0
663,in_distribution,1.0,15935.03125,7596.8056640625,64,200,1445,191,200,0,24,20,20,0,0
664,in_distribution,1.0,14588.900390625,11831.375,64,201,2714,273,201,0,16,28,20,0,0
665,in_distribution,1.0,17612.11328125,12420.2724609375,50,203,2621,247,203,0,10,20,20,0,0
666,in_distribution,1.0,15343.794921875,5519.50341796875,80,200,1590,144,200,0,30,30,20,0,0
667,in_distribution,1.0,13438.2041015625,9121.525390625,75,201,1837,227,201,0,12,43,20,0,0
668,in_distribution,1.0,16456.5078125,7864.625,83,201,1825,198,201,0,25,38,20,0,0
669,in_distribution,1.0,17395.166015625,11147.28125,89,200,2141,255,200,0,56,13,20,0,0
670,in_distribution,1.0,16239.556640625,8083.2490234375,70,200,2043,210,200,0,29,21,20,0,0
671,in_distribution,1.0,17028.0078125,4162.39599609375,118,200,1339,133,200,0,50,48,20,0,0
672,in_distribution,1.0,15341.078125,2264.83349609375,109,200,1212,136,200,0,64,25,20,0,0
673,in_distribution,1.0,17831.779296875,4795.482421875,108,200,979,106,200,0,54,34,20,0,0
674,in_distribution,1.0,17119.81640625,9227.6259765625,110,200,2432,225,200,0,64,26,20,0,0
675,in_distribution,1.0,15908.126953125,10641.1376953125,69,200,2929,361,200,0,16,33,20,0,0
676,in_distribution,1.0,18032.962890625,10043.4306640625,74,200,1882,173,200,0,32,22,20,0,0
677,in_distribution,1.0,17929.947265625,10603.5751953125,101,200,1509,175,200,0,55,26,20,0,0
678,in_distribution,1.0,17558.314453125,7625.89697265625,44,200,2184,224,200,0,14,10,20,0,0
679,in_distribution,1.0,17402.845703125,12783.6025390625,73,200,2287,208,200,0,15,38,20,0,0
680,in_distribution,1.0,17438.796875,9700.39453125,117,200,2629,294,200,0,62,35,20,0,0
681,in_distribution,1.0,17047.314453125,11814.171875,86,200,3174,336,200,0,28,38,20,0,0
682,in_distribution,1.0,14858.294921875,9469.6162109375,74,201,3036,304,201,0,16,38,20,0,0
683,in_distribution,1.0,15684.0244140625,10510.7763671875,66,200,1855,180,200,0,28,18,20,0,0
684,in_distribution,1.0,15191.076171875,6375.8447265625,86,200,1607,162,200,0,41,25,20,0,0
685,in_distribution,1.0,17501.02734375,7299.169921875,98,200,1789,171,200,0,34,44,20,0,0
686,in_distribution,1.0,17572.193359375,7986.83251953125,71,200,1998,183,200,0,28,23,20,0,0
687,in_distribution,1.0,17621.072265625,10049.82421875,74,200,1365,198,200,0,43,11,20,0,0
688,in_distribution,1.0,16786.708984375,5782.4697265625,94,200,1145,129,200,0,40,34,20,0,0
689,in_distribution,1.0,16042.58203125,10509.71484375,91,200,2570,251,200,0,31,40,20,0,0
690,in_distribution,1.0,17039.42578125,9299.69140625,85,200,1331,166,200,0,51,14,20,0,0
691,in_distribution,1.0,17909.046875,11521.076171875,96,200,2257,173,200,0,28,48,20,0,0
692,in_distribution,1.0,14773.8837890625,10576.78125,86,200,2677,289,200,0,27,39,20,0,0
693,in_distribution,1.0,15888.9306640625,10186.7587890625,77,200,2628,259,200,0,48,9,20,0,0
694,in_distribution,1.0,15750.767578125,0.0,120,200,1735,172,200,0,78,22,20,0,0
695,in_distribution,1.0,17313.96484375,6125.1435546875,62,200,1773,228,200,0,29,13,20,0,0
696,in_distribution,1.0,16216.09765625,9627.103515625,121,200,2911,297,200,0,81,20,20,0,0
697,in_distribution,1.0,15219.29296875,10716.9013671875,56,200,2789,300,200,0,27,9,20,0,0
698,in_distribution,1.0,16465.9453125,4570.56103515625,82,200,1430,152,200,0,53,9,20,0,0
699,in_distribution,1.0,13850.5771484375,4986.1591796875,80,200,1531,165,200,0,38,32,10,0,0
700,in_distribution,1.0,16207.466796875,9920.48828125,90,200,2849,322,200,0,47,23,20,0,0
701,in_distribution,1.0,17404.74609375,8063.66455078125,46,200,2162,238,200,0,13,13,20,0,0
702,in_distribution,1.0,17499.751953125,6186.91748046875,115,200,1645,197,200,0,40,55,20,0,0
703,in_distribution,1.0,16640.07421875,13181.7958984375,85,202,2211,281,202,0,16,49,20,0,0
704,in_distribution,1.0,18462.34375,13265.3837890625,62,204,1750,235,204,0,14,28,20,0,0
705,in_distribution,1.0,16585.865234375,9006.6875,96,201,2234,239,201,0,35,41,20,0,0
706,in_distribution,1.0,14634.544921875,5292.35986328125,106,200,1539,160,200,0,64,32,10,0,0
707,in_distribution,1.0,16547.201171875,8548.3837890625,97,200,1979,193,200,0,22,55,20,0,0
708,in_distribution,1.0,15130.1650390625,10387.0615234375,121,200,2483,340,200,0,88,13,20,0,0
709,in_distribution,1.0,15499.326171875,6430.03759765625,96,200,1722,181,200,0,58,18,20,0,0
710,in_distribution,1.0,16171.3779296875,7280.0166015625,96,200,1953,231,200,0,31,45,20,0,0
711,in_distribution,1.0,16024.056640625,10982.736328125,72,202,1617,216,202,0,43,9,20,0,0
712,in_distribution,1.0,13989.759765625,12164.29296875,49,200,2951,247,200,0,12,27,10,0,0
713,in_distribution,1.0,16163.4111328125,8563.62890625,107,200,2986,321,200,0,41,46,20,0,0
714,in_distribution,1.0,16387.005859375,11769.4599609375,103,200,2038,194,200,0,48,35,20,0,0
715,in_distribution,1.0,14832.5087890625,7893.79052734375,68,200,2368,215,200,0,30,18,20,0,0
716,in_distribution,1.0,17343.697265625,6175.697265625,83,200,1673,191,200,0,43,20,20,0,0
717,in_distribution,1.0,17192.48828125,13459.5302734375,73,201,1777,239,201,0,30,23,20,0,0
718,in_distribution,1.0,16179.51171875,7445.01953125,59,200,2037,171,200,0,30,9,20,0,0
719,in_distribution,1.0,16406.755859375,9282.2255859375,66,200,1542,169,200,0,26,20,20,0,0
720,in_distribution,1.0,16497.21875,6676.78857421875,114,200,2734,223,200,0,71,23,20,0,0
721,in_distribution,1.0,13834.16015625,8193.404296875,73,200,2590,272,200,0,44,9,20,0,0
722,in_distribution,1.0,15658.9609375,11011.216796875,61,201,2409,281,201,0,15,26,20,0,0
723,in_distribution,1.0,16057.4990234375,10036.68359375,94,200,2750,263,200,0,46,28,20,0,0
724,in_distribution,1.0,15966.482421875,10864.7978515625,67,200,1574,182,200,0,16,31,20,0,0
725,in_distribution,1.0,16526.31640625,6600.02197265625,67,200,1659,184,200,0,8,39,20,0,0
726,in_distribution,1.0,15046.6650390625,13064.724609375,125,201,2878,309,201,0,75,30,20,0,0
727,in_distribution,1.0,17130.880859375,6775.10302734375,83,200,1419,173,200,0,54,9,20,0,0
728,in_distribution,1.0,17252.8515625,7858.501953125,145,200,2448,195,200,0,75,50,20,0,0
729,in_distribution,1.0,15657.845703125,5811.9326171875,101,200,1637,165,200,0,45,36,20,0,0
730,in_distribution,1.0,17224.021484375,12381.986328125,46,200,2492,252,200,0,15,11,20,0,0
731,in_distribution,1.0,16217.5078125,7119.2685546875,83,200,1524,156,200,0,28,35,20,0,0
732,in_distribution,1.0,17483.462890625,4400.75048828125,133,200,1274,155,200,0,90,23,20,0,0
733,in_distribution,1.0,15487.541015625,8539.869140625,73,200,1873,217,200,0,42,11,20,0,0
734,in_distribution,1.0,15501.2919921875,10030.001953125,61,200,2232,238,200,0,27,14,20,0,0
735,in_distribution,1.0,16969.80859375,11030.083984375,66,201,2840,286,201,0,16,30,20,0,0
736,in_distribution,1.0,16082.921875,4770.93359375,94,200,1517,171,200,0,37,37,20,0,0
737,in_distribution,1.0,16296.5908203125,11708.2744140625,80,200,2954,294,200,0,46,14,20,0,0
738,in_distribution,1.0,18240.232421875,10176.7880859375,72,200,2041,226,200,0,29,23,20,0,0
739,in_distribution,1.0,16555.359375,8459.318359375,127,200,2604,255,200,0,78,29,20,0,0
740,in_distribution,1.0,16763.990234375,8680.009765625,84,200,2376,239,200,0,42,22,20,0,0
741,in_distribution,1.0,17088.337890625,9202.30078125,89,200,2767,258,200,0,27,42,20,0,0
742,in_distribution,1.0,14013.8408203125,0.0,96,200,1759,180,200,0,46,30,20,0,0
743,in_distribution,1.0,16336.001953125,10464.6259765625,76,200,2279,259,200,0,26,30,20,0,0
744,in_distribution,1.0,15440.3076171875,5959.35107421875,65,200,1622,170,200,0,27,28,10,0,0
745,in_distribution,1.0,16365.5439453125,9723.189453125,76,200,2158,214,200,0,30,26,20,0,0
746,in_distribution,1.0,15115.580078125,7524.15673828125,71,201,1845,193,201,0,25,26,20,0,0
747,in_distribution,1.0,18016.513671875,9294.1767578125,74,200,1968,224,200,0,42,12,20,0,0
748,in_distribution,1.0,16112.9248046875,8053.83203125,137,200,1927,201,200,0,59,58,20,0,0
749,in_distribution,1.0,15475.0849609375,10169.66015625,63,200,1892,159,200,0,29,14,20,0,0
750,in_distribution,1.0,15308.5673828125,8449.279296875,76,200,1834,197,200,0,45,11,20,0,0
751,in_distribution,1.0,16974.97265625,12528.2119140625,77,203,2428,312,203,0,31,26,20,0,0
752,in_distribution,1.0,16846.748046875,11054.837890625,90,200,2460,299,200,0,14,56,20,0,0
753,in_distribution,1.0,16075.759765625,8959.982421875,71,200,2001,196,200,0,14,37,20,0,0
754,in_distribution,1.0,15191.8505859375,11350.486328125,59,201,2411,282,201,0,12,27,20,0,0
755,in_distribution,1.0,14925.33203125,10524.302734375,46,200,2666,251,200,0,16,10,20,0,0
756,in_distribution,1.0,15995.8134765625,11485.2099609375,77,200,2763,300,200,0,29,28,20,0,0
757,in_distribution,1.0,16230.837890625,8332.98046875,115,200,1991,230,200,0,73,22,20,0,0
758,in_distribution,1.0,16458.982421875,8249.0361328125,98,200,2286,252,200,0,27,51,20,0,0
759,in_distribution,1.0,14048.380859375,11346.3603515625,78,200,2346,202,200,0,36,32,10,0,0
760,in_distribution,1.0,16153.7099609375,10747.51953125,94,202,2421,253,202,0,41,33,20,0,0
761,in_distribution,1.0,15390.8974609375,9681.06640625,71,201,1948,224,201,0,15,36,20,0,0
762,in_distribution,1.0,16953.421875,7838.9833984375,96,200,1824,217,200,0,56,20,20,0,0
763,in_distribution,1.0,16441.1015625,10428.62890625,74,200,2613,270,200,0,30,24,20,0,0
764,in_distribution,1.0,17055.708984375,0.0,101,200,2460,239,200,0,71,10,20,0,0
765,in_distribution,1.0,13806.146484375,11179.4716796875,62,200,3141,334,200,0,28,14,20,0,0
766,in_distribution,1.0,14595.4638671875,0.0,77,200,2027,222,200,0,31,26,20,0,0
767,in_distribution,1.0,13814.0380859375,0.0,48,200,2444,227,200,0,13,15,20,0,0
768,in_distribution,1.0,17321.755859375,8799.3701171875,74,200,2618,276,200,0,32,22,20,0,0
769,in_distribution,1.0,18371.318359375,12977.8056640625,77,200,2893,274,200,0,43,14,20,0,0
770,in_distribution,1.0,15116.2265625,8854.88671875,60,200,2282,271,200,0,27,13,20,0,0
771,in_distribution,1.0,11781.369140625,11781.369140625,36,200,2699,257,200,0,10,16,10,0,0
772,in_distribution,1.0,15428.814453125,7148.109375,110,200,1119,165,200,0,76,24,10,0,0
773,in_distribution,1.0,15327.0498046875,5462.58251953125,127,200,1631,195,200,0,73,34,20,0,0
774,in_distribution,1.0,16640.861328125,9732.2841796875,76,200,1854,227,200,0,42,14,20,0,0
775,in_distribution,1.0,16226.3564453125,11839.6728515625,69,202,2584,326,202,0,16,33,20,0,0
776,in_distribution,1.0,16740.837890625,5977.87451171875,115,200,1015,143,200,0,61,34,20,0,0
777,in_distribution,1.0,15942.0390625,6749.67626953125,92,200,2042,224,200,0,30,42,20,0,0
778,in_distribution,1.0,14588.7216796875,10225.6259765625,71,201,2454,250,201,0,16,35,20,0,0
779,in_distribution,1.0,17064.19140625,13665.16796875,61,201,2908,355,201,0,16,25,20,0,0
780,in_distribution,1.0,16083.7578125,6836.8994140625,73,200,1597,176,200,0,13,40,20,0,0
781,in_distribution,1.0,17480.53515625,13782.69921875,45,203,1558,229,203,0,16,9,20,0,0
782,in_distribution,1.0,15497.44140625,6368.677734375,95,200,2024,176,200,0,61,14,20,0,0
783,in_distribution,1.0,17187.75,4887.28759765625,116,200,1169,135,200,0,82,14,20,0,0
784,in_distribution,1.0,14320.8701171875,11642.6533203125,60,200,2680,290,200,0,16,24,20,0,0
785,in_distribution,1.0,16230.4794921875,12022.41796875,63,204,1651,260,204,0,16,27,20,0,0
786,in_distribution,1.0,15395.806640625,7659.02685546875,103,200,2662,284,200,0,47,36,20,0,0
787,in_distribution,1.0,15249.0,13141.01953125,64,201,2354,248,201,0,21,23,20,0,0
788,in_distribution,1.0,18210.36328125,7571.7724609375,95,200,2000,202,200,0,30,45,20,0,0
789,in_distribution,1.0,16389.94140625,12398.8681640625,76,201,1918,209,201,0,42,14,20,0,0
790,in_distribution,1.0,16782.826171875,6710.9296875,69,200,1669,130,200,0,26,23,20,0,0
791,in_distribution,1.0,17087.12109375,6964.19775390625,94,200,1225,162,200,0,29,45,20,0,0
792,in_distribution,1.0,12949.75390625,4770.1748046875,93,200,1802,155,200,0,47,26,20,0,0
793,in_distribution,1.0,15459.876953125,5923.01416015625,50,200,1225,152,200,0,10,20,20,0,0
794,in_distribution,1.0,17801.7265625,8224.603515625,87,200,2159,203,200,0,41,26,20,0,0
795,in_distribution,1.0,13060.7099609375,7725.09326171875,112,200,2136,216,200,0,77,15,20,0,0
796,in_distribution,1.0,17612.8203125,8208.5361328125,80,200,2253,222,200,0,31,29,20,0,0
797,in_distribution,1.0,16307.935546875,8840.771484375,85,200,2155,215,200,0,47,18,20,0,0
798,in_distribution,1.0,14482.5771484375,0.0,86,200,2578,278,200,0,41,35,10,0,0
799,in_distribution,1.0,16380.8798828125,8282.2529296875,86,200,2132,221,200,0,30,36,20,0,0
800,in_distribution,1.0,15406.08984375,9958.3603515625,75,200,2621,266,200,0,30,25,20,0,0
801,in_distribution,1.0,14192.728515625,0.0,108,200,2020,238,200,0,42,46,20,0,0
802,in_distribution,1.0,9999.130859375,8415.7587890625,53,200,2137,218,200,0,15,28,10,0,0
803,in_distribution,1.0,17047.65234375,7361.47900390625,91,200,2056,210,200,0,46,25,20,0,0
804,in_distribution,1.0,14890.2060546875,7694.29931640625,101,200,2097,191,200,0,57,24,20,0,0
805,in_distribution,1.0,15751.921875,7479.25048828125,64,200,2291,192,200,0,26,18,20,0,0
806,in_distribution,1.0,18151.802734375,9020.6767578125,71,200,2619,255,200,0,29,22,20,0,0
807,in_distribution,1.0,16973.85546875,14898.5771484375,45,201,2715,245,201,0,16,9,20,0,0
808,in_distribution,1.0,15267.740234375,7003.97900390625,87,200,1560,151,200,0,22,45,20,0,0
809,in_distribution,1.0,15414.7685546875,12010.9072265625,63,201,2549,260,201,0,29,14,20,0,0
810,in_distribution,1.0,16133.78125,0.0,109,200,2503,208,200,0,54,35,20,0,0
811,in_distribution,1.0,12734.734375,11427.029296875,53,201,2640,277,201,0,15,28,10,0,0
812,in_distribution,1.0,15258.447265625,12964.6728515625,67,201,2098,226,201,0,9,38,20,0,0
813,in_distribution,1.0,18233.0625,12809.2958984375,62,203,1697,222,203,0,16,26,20,0,0
814,in_distribution,1.0,17218.615234375,10305.6025390625,70,200,2485,279,200,0,16,34,20,0,0
815,in_distribution,1.0,15099.076171875,9873.3955078125,66,201,1681,162,201,0,12,34,20,0,0
816,in_distribution,1.0,15843.4296875,6454.4443359375,64,200,1545,192,200,0,24,20,20,0,0
817,in_distribution,1.0,14345.7138671875,5670.759765625,79,200,2020,203,200,0,31,28,20,0,0
818,in_distribution,1.0,16214.69921875,8658.3212890625,87,200,1545,142,200,0,58,9,20,0,0
819,in_distribution,1.0,17455.59375,11250.875,69,200,2865,379,200,0,16,33,20,0,0
820,in_distribution,1.0,17689.52734375,3461.57958984375,95,200,869,99,200,0,29,46,20,0,0
821,in_distribution,1.0,16162.9990234375,5802.61181640625,107,200,1173,141,200,0,38,49,20,0,0
822,in_distribution,1.0,16082.0400390625,8717.3037109375,62,200,2249,222,200,0,32,10,20,0,0
823,in_distribution,1.0,17307.57421875,7404.23486328125,87,200,2099,189,200,0,32,35,20,0,0
824,in_distribution,1.0,15019.611328125,6224.94384765625,72,200,1840,176,200,0,15,37,20,0,0
825,in_distribution,1.0,17544.759765625,9619.22265625,76,200,1278,177,200,0,30,26,20,0,0
826,in_distribution,1.0,16993.626953125,8444.330078125,99,200,2410,225,200,0,32,47,20,0,0
827,in_distribution,1.0,16901.3359375,8710.4052734375,90,200,2302,258,200,0,48,22,20,0,0
828,in_distribution,1.0,18043.93359375,10475.9072265625,58,200,2033,189,200,0,25,13,20,0,0
829,in_distribution,1.0,15110.255859375,10232.7197265625,67,200,2111,264,200,0,15,32,20,0,0
830,in_distribution,1.0,16693.927734375,7464.578125,122,200,1816,200,200,0,56,46,20,0,0
831,in_distribution,1.0,16797.2734375,7901.9423828125,80,200,2765,228,200,0,31,29,20,0,0
832,in_distribution,1.0,15760.3154296875,7981.81689453125,100,200,2615,240,200,0,30,50,20,0,0
833,in_distribution,1.0,17540.62890625,2850.203369140625,106,200,1887,205,200,0,63,23,20,0,0
834,in_distribution,1.0,16144.83984375,5516.80908203125,70,200,1694,161,200,0,14,36,20,0,0
835,in_distribution,1.0,15963.3251953125,7934.16357421875,84,200,1910,208,200,0,26,38,20,0,0
836,in_distribution,1.0,18891.646484375,10425.0068359375,103,200,2593,258,200,0,59,24,20,0,0
837,in_distribution,1.0,14781.048828125,6625.4326171875,82,200,1781,183,200,0,39,23,20,0,0
838,in_distribution,1.0,15532.416015625,5514.35009765625,85,200,1541,139,200,0,30,35,20,0,0
839,in_distribution,1.0,15130.962890625,6843.162109375,82,200,2240,199,200,0,31,31,20,0,0
840,in_distribution,1.0,16624.0546875,6058.4033203125,73,200,2229,206,200,0,44,9,20,0,0
841,in_distribution,1.0,17364.810546875,0.0,68,200,1795,154,200,0,25,23,20,0,0
842,in_distribution,1.0,17166.609375,3461.0634765625,60,200,943,141,200,0,20,20,20,0,0
843,in_distribution,1.0,15466.1533203125,10966.2802734375,80,201,2233,277,201,0,31,29,20,0,0
844,in_distribution,1.0,14151.162109375,0.0,121,200,2446,256,200,0,54,47,20,0,0
845,in_distribution,1.0,14268.4814453125,6925.90283203125,92,200,1931,221,200,0,44,28,20,0,0
846,in_distribution,1.0,17427.525390625,7056.0986328125,104,200,2463,233,200,0,46,38,20,0,0
847,in_distribution,1.0,16682.33203125,8929.685546875,123,200,2237,189,200,0,78,25,20,0,0
848,in_distribution,1.0,17231.556640625,10486.2109375,59,200,2128,235,200,0,16,23,20,0,0
849,in_distribution,1.0,14901.830078125,0.0,76,200,2303,218,200,0,14,42,20,0,0
850,in_distribution,1.0,17436.396484375,14693.8583984375,68,208,1066,274,208,0,24,24,20,0,0
851,in_distribution,1.0,16343.7099609375,7312.10791015625,97,200,2693,220,200,0,56,21,20,0,0
852,in_distribution,1.0,16694.798828125,14520.9111328125,49,203,2277,302,203,0,15,14,20,0,0
853,in_distribution,1.0,17559.8203125,4266.37890625,106,200,1541,162,200,0,57,29,20,0,0
854,in_distribution,1.0,14223.7509765625,7536.4912109375,108,200,1993,181,200,0,67,21,20,0,0
855,in_distribution,1.0,17558.560546875,8130.53564453125,77,201,2632,264,201,0,32,25,20,0,0
856,in_distribution,1.0,17445.8828125,8659.6708984375,85,200,1958,170,200,0,40,25,20,0,0
857,in_distribution,1.0,16056.169921875,6378.1396484375,77,200,1668,151,200,0,28,29,20,0,0
858,in_distribution,1.0,15690.4755859375,5531.48486328125,78,200,2305,204,200,0,48,10,20,0,0
859,in_distribution,1.0,16469.482421875,10613.787109375,86,200,2105,195,200,0,30,36,20,0,0
860,in_distribution,1.0,15785.255859375,10779.7138671875,71,200,2430,237,200,0,30,21,20,0,0
861,in_distribution,1.0,14399.2939453125,10944.16796875,48,200,2489,215,200,0,13,15,20,0,0
862,in_distribution,1.0,12686.76171875,10574.2724609375,77,200,2350,237,200,0,39,28,10,0,0
863,in_distribution,1.0,16775.5,12326.36328125,81,200,2219,186,200,0,16,45,20,0,0
864,in_distribution,1.0,17145.443359375,11299.4072265625,72,201,2426,216,201,0,11,41,20,0,0
865,in_distribution,1.0,17936.75,7443.01416015625,77,200,1286,132,200,0,28,29,20,0,0
866,in_distribution,1.0,14673.94140625,7553.75390625,70,200,1645,180,200,0,30,30,10,0,0
867,in_distribution,1.0,16079.6640625,12756.0947265625,46,200,2769,321,200,0,15,11,20,0,0
868,in_distribution,1.0,15760.564453125,9495.474609375,87,200,2199,184,200,0,46,21,20,0,0
869,in_distribution,1.0,14861.578125,0.0,67,200,1972,216,200,0,26,21,20,0,0
870,in_distribution,1.0,17064.560546875,0.0,93,200,2700,243,200,0,44,29,20,0,0
871,in_distribution,1.0,16465.439453125,9927.6708984375,86,202,1971,248,202,0,14,52,20,0,0
872,in_distribution,1.0,16559.935546875,8070.744140625,94,200,2142,231,200,0,46,28,20,0,0
873,in_distribution,1.0,14376.3564453125,4222.39990234375,117,200,1537,129,200,0,29,68,20,0,0
874,in_distribution,1.0,18310.955078125,5643.40283203125,107,200,1545,178,200,0,68,19,20,0,0
875,in_distribution,1.0,16527.05078125,9596.2607421875,59,200,2072,202,200,0,14,25,20,0,0
876,in_distribution,1.0,17399.72265625,5145.81884765625,109,200,1251,173,200,0,61,28,20,0,0
877,in_distribution,1.0,14748.359375,11302.3046875,90,200,2870,285,200,0,32,38,20,0,0
878,in_distribution,1.0,14328.3994140625,9788.8173828125,98,200,1938,179,200,0,58,30,10,0,0
879,in_distribution,1.0,16490.88671875,6687.83642578125,112,200,2013,169,200,0,61,31,20,0,0
880,in_distribution,1.0,17883.78125,12111.78125,46,201,2336,213,201,0,13,13,20,0,0
881,in_distribution,1.0,13313.396484375,9600.357421875,70,200,1640,231,200,0,28,32,10,0,0
882,in_distribution,1.0,17055.01171875,8839.6298828125,90,200,1532,153,200,0,46,24,20,0,0
883,in_distribution,1.0,16123.3212890625,6296.6328125,110,200,1615,153,200,0,30,60,20,0,0
884,in_distribution,1.0,16117.4248046875,4554.052734375,64,200,1456,104,200,0,23,21,20,0,0
885,in_distribution,1.0,16935.103515625,4604.6474609375,80,200,1457,129,200,0,30,30,20,0,0
886,in_distribution,1.0,16630.75,13816.80859375,46,201,3143,284,201,0,13,13,20,0,0
887,in_distribution,1.0,16142.52734375,12083.76171875,63,202,1417,222,202,0,16,27,20,0,0
888,in_distribution,1.0,17207.0078125,7173.521484375,95,200,2375,230,200,0,30,45,20,0,0
889,in_distribution,1.0,18072.705078125,14113.998046875,46,201,2504,242,201,0,13,13,20,0,0
890,in_distribution,1.0,18656.908203125,3644.826904296875,90,200,1242,193,200,0,56,14,20,0,0
891,in_distribution,1.0,16450.9453125,12112.056640625,62,201,2567,290,201,0,16,26,20,0,0
892,in_distribution,1.0,17546.62109375,10172.4716796875,108,200,2180,222,200,0,62,26,20,0,0
893,in_distribution,1.0,14805.484375,7750.6767578125,127,200,2659,295,200,0,87,20,20,0,0
894,in_distribution,1.0,15149.6650390625,4939.24267578125,90,200,1372,118,200,0,47,23,20,0,0
895,in_distribution,1.0,16755.95703125,9329.173828125,87,200,2548,278,200,0,58,9,20,0,0
896,in_distribution,1.0,15486.3232421875,12100.10546875,79,201,2784,284,201,0,32,27,20,0,0
897,in_distribution,1.0,18318.58984375,7031.8486328125,108,200,1581,146,200,0,43,45,20,0,0
898,in_distribution,1.0,13819.2529296875,7328.3369140625,85,200,2407,256,200,0,52,13,20,0,0
899,in_distribution,1.0,14611.8876953125,12452.1513671875,76,202,2604,287,202,0,42,14,20,0,0
900,in_distribution,1.0,16541.876953125,11063.162109375,85,200,3208,325,200,0,32,33,20,0,0
901,in_distribution,1.0,17199.3828125,7527.0126953125,71,200,1858,185,200,0,38,13,20,0,0
902,in_distribution,1.0,15975.5205078125,8598.94921875,95,200,2045,249,200,0,41,34,20,0,0
903,in_distribution,1.0,17252.814453125,6731.27685546875,120,200,1856,180,200,0,75,25,20,0,0
904,in_distribution,1.0,13189.1513671875,9622.8037109375,74,201,1820,172,201,0,26,28,20,0,0
905,in_distribution,1.0,17394.095703125,8367.421875,84,200,2822,327,200,0,14,50,20,0,0
906,in_distribution,1.0,16344.6015625,10689.388671875,94,200,2398,277,200,0,48,26,20,0,0
907,in_distribution,1.0,16351.228515625,9456.36328125,82,200,2406,225,200,0,41,21,20,0,0
908,in_distribution,1.0,17009.19921875,7859.9248046875,102,200,2089,220,200,0,60,22,20,0,0
909,in_distribution,1.0,16147.1826171875,10069.5888671875,52,201,2074,240,201,0,12,20,20,0,0
910,in_distribution,1.0,16094.224609375,8263.6923828125,84,200,1970,216,200,0,27,37,20,0,0
911,in_distribution,1.0,17023.20703125,9209.0830078125,94,200,2740,317,200,0,48,26,20,0,0
912,in_distribution,1.0,15113.7939453125,8760.1533203125,91,200,2554,225,200,0,46,25,20,0,0
913,in_distribution,1.0,15527.689453125,4222.2431640625,127,200,1784,158,200,0,69,38,20,0,0
914,in_distribution,1.0,17103.4453125,8585.5322265625,68,200,2180,195,200,0,27,21,20,0,0
915,in_distribution,1.0,17164.953125,11556.181640625,108,201,2662,272,201,0,79,9,20,0,0
916,in_distribution,1.0,18113.998046875,6422.34130859375,94,200,1625,201,200,0,45,29,20,0,0
917,in_distribution,1.0,16286.1015625,10097.3212890625,112,200,1559,158,200,0,52,40,20,0,0
918,in_distribution,1.0,16741.10546875,9187.890625,87,200,1967,212,200,0,26,41,20,0,0
919,in_distribution,1.0,17425.8125,5308.38916015625,78,200,1197,137,200,0,36,22,20,0,0
920,in_distribution,1.0,17744.7890625,7587.7197265625,108,200,2231,248,200,0,47,41,20,0,0
921,in_distribution,1.0,16295.0556640625,0.0,125,200,1615,189,200,0,60,45,20,0,0
922,in_distribution,1.0,16734.66015625,10048.0107421875,97,200,2647,251,200,0,61,16,20,0,0
923,in_distribution,1.0,17987.115234375,9782.6015625,70,200,2017,237,200,0,28,22,20,0,0
924,in_distribution,1.0,17300.29296875,9746.55859375,95,200,2205,237,200,0,46,29,20,0,0
925,in_distribution,1.0,15680.736328125,10680.767578125,85,200,2748,345,200,0,16,49,20,0,0
926,in_distribution,1.0,15280.4013671875,5838.5966796875,96,200,2539,249,200,0,44,32,20,0,0
927,in_distribution,1.0,15557.5869140625,9016.8955078125,98,200,2465,230,200,0,41,37,20,0,0
928,in_distribution,1.0,17459.16015625,8384.62890625,140,200,1731,181,200,0,61,59,20,0,0
929,in_distribution,1.0,17070.162109375,2051.056640625,86,200,1360,182,200,0,44,22,20,0,0
930,in_distribution,1.0,15554.2255859375,8705.4248046875,107,200,2317,215,200,0,61,26,20,0,0
931,in_distribution,1.0,17935.015625,12347.05859375,57,201,1693,178,201,0,15,22,20,0,0
932,in_distribution,1.0,15687.5654296875,6384.44287109375,80,200,2028,183,200,0,27,33,20,0,0
933,in_distribution,1.0,14941.1318359375,10456.173828125,61,200,2317,263,200,0,31,10,20,0,0
934,in_distribution,1.0,18150.001953125,11239.1748046875,87,200,2711,278,200,0,32,35,20,0,0
935,in_distribution,1.0,15900.0244140625,7907.8056640625,71,200,1964,180,200,0,42,9,20,0,0
936,in_distribution,1.0,16058.1552734375,9353.0556640625,69,200,2318,288,200,0,16,33,20,0,0
937,in_distribution,1.0,17178.109375,4134.6318359375,77,200,2907,427,200,0,26,31,20,0,0
938,in_distribution,1.0,16642.15234375,4510.13525390625,125,200,1206,151,200,0,76,29,20,0,0
939,in_distribution,1.0,15747.1533203125,12418.92578125,87,200,2675,353,200,0,25,42,20,0,0
940,in_distribution,1.0,17245.625,11238.8701171875,87,201,1761,193,201,0,44,23,20,0,0
941,in_distribution,1.0,17102.654296875,13540.673828125,89,207,1693,272,207,0,44,25,20,0,0
942,in_distribution,1.0,15873.90234375,6357.3447265625,104,200,1605,177,200,0,47,37,20,0,0
943,in_distribution,1.0,16074.4765625,6829.46923828125,78,200,1775,142,200,0,37,21,20,0,0
944,in_distribution,1.0,16536.046875,10076.5205078125,98,201,2535,307,201,0,50,28,20,0,0
945,in_distribution,1.0,17154.134765625,12710.5869140625,79,200,2323,277,200,0,13,46,20,0,0
946,in_distribution,1.0,17462.599609375,8853.8466796875,118,200,2093,196,200,0,37,61,20,0,0
947,in_distribution,1.0,15823.732421875,12374.7041015625,67,200,2780,326,200,0,25,22,20,0,0
948,in_distribution,1.0,14767.6005859375,10221.3076171875,77,200,2921,266,200,0,16,41,20,0,0
949,in_distribution,1.0,16796.66015625,5881.64306640625,84,200,1558,138,200,0,42,22,20,0,0
950,in_distribution,1.0,17157.33203125,11517.767578125,61,200,2559,252,200,0,28,13,20,0,0
951,in_distribution,1.0,16410.00390625,4199.68017578125,92,200,1505,170,200,0,35,37,20,0,0
952,in_distribution,1.0,15670.697265625,10473.0185546875,91,200,2571,243,200,0,43,28,20,0,0
953,in_distribution,1.0,17893.421875,7150.09765625,78,201,2028,218,201,0,45,13,20,0,0
954,in_distribution,1.0,15238.4658203125,8780.603515625,98,201,2122,182,201,0,57,21,20,0,0
955,in_distribution,1.0,14685.7041015625,7721.08203125,63,200,1783,157,200,0,15,28,20,0,0
956,in_distribution,1.0,13666.6435546875,6893.48876953125,85,200,1739,160,200,0,47,28,10,0,0
957,in_distribution,1.0,18347.85546875,11257.013671875,60,200,2887,266,200,0,28,12,20,0,0
958,in_distribution,1.0,17424.095703125,8203.0361328125,88,200,2057,207,200,0,58,10,20,0,0
959,in_distribution,1.0,16023.2978515625,8293.1318359375,72,200,2289,250,200,0,30,22,20,0,0
960,in_distribution,1.0,16368.3154296875,6231.35205078125,88,200,2062,177,200,0,58,10,20,0,0
961,in_distribution,1.0,15194.8154296875,11483.9482421875,77,200,2978,345,200,0,31,26,20,0,0
962,in_distribution,1.0,15025.9326171875,5099.69091796875,85,200,1335,149,200,0,30,35,20,0,0
963,in_distribution,1.0,14723.7763671875,8317.4091796875,86,200,2692,255,200,0,48,18,20,0,0
964,in_distribution,1.0,16841.36328125,9872.31640625,84,200,2081,229,200,0,42,22,20,0,0
965,in_distribution,1.0,16539.7109375,12302.21875,55,200,2854,261,200,0,26,9,20,0,0
966,in_distribution,1.0,16024.0341796875,5656.90625,84,200,1456,158,200,0,27,37,20,0,0
967,in_distribution,1.0,16019.396484375,10243.6396484375,67,200,2600,300,200,0,13,34,20,0,0
968,in_distribution,1.0,17109.193359375,7200.7412109375,92,200,1720,163,200,0,52,20,20,0,0
969,in_distribution,1.0,15164.3037109375,7131.43798828125,94,200,2284,211,200,0,54,20,20,0,0
970,in_distribution,1.0,17057.451171875,8561.0654296875,107,200,2000,167,200,0,74,13,20,0,0
971,in_distribution,1.0,14730.498046875,8059.48046875,116,200,1852,185,200,0,45,51,20,0,0
972,in_distribution,1.0,16673.58984375,7167.892578125,118,200,2209,191,200,0,52,46,20,0,0
973,in_distribution,1.0,16532.623046875,10942.41796875,81,200,2342,249,200,0,16,45,20,0,0
974,in_distribution,1.0,16417.751953125,6698.0517578125,74,200,2299,218,200,0,31,23,20,0,0
975,in_distribution,1.0,18120.4453125,7079.52734375,116,200,1564,164,200,0,46,50,20,0,0
976,in_distribution,1.0,15483.072265625,6476.494140625,118,200,1562,154,200,0,46,52,20,0,0
977,in_distribution,1.0,16691.83203125,10828.060546875,93,200,2639,206,200,0,16,57,20,0,0
978,in_distribution,0.9,17361.890625,13278.0615234375,61,210,2973,429,210,0,32,9,20,0,0
979,in_distribution,1.0,16444.20703125,10436.34765625,46,200,2890,340,200,0,13,13,20,0,0
980,in_distribution,1.0,15787.38671875,7546.99853515625,66,200,1521,168,200,0,24,22,20,0,0
981,in_distribution,1.0,16857.314453125,7870.3642578125,83,200,2100,185,200,0,39,24,20,0,0
982,in_distribution,1.0,17022.75,7741.666015625,70,200,2210,233,200,0,23,27,20,0,0
983,in_distribution,1.0,14987.6943359375,9139.2109375,77,200,2405,216,200,0,25,32,20,0,0
984,in_distribution,1.0,19337.189453125,8826.197265625,79,200,1642,189,200,0,16,43,20,0,0
985,in_distribution,1.0,16276.466796875,8214.111328125,65,200,2184,208,200,0,16,29,20,0,0
986,in_distribution,1.0,15569.1640625,5665.556640625,101,200,1188,142,200,0,44,37,20,0,0
987,in_distribution,1.0,18659.3046875,5070.6865234375,96,200,1769,138,200,0,41,35,20,0,0
988,in_distribution,1.0,17092.484375,10459.50390625,61,201,3095,270,201,0,16,25,20,0,0
989,in_distribution,1.0,17160.580078125,6040.53759765625,68,200,2606,213,200,0,27,21,20,0,0
990,in_distribution,1.0,15068.7080078125,9688.83203125,100,200,2885,307,200,0,29,51,20,0,0
991,in_distribution,1.0,12763.615234375,10060.248046875,114,200,2753,272,200,0,74,30,10,0,0
992,in_distribution,1.0,14639.7119140625,9773.4951171875,91,202,3105,405,202,0,42,29,20,0,0
993,in_distribution,1.0,16870.443359375,7496.77197265625,98,200,2309,208,200,0,44,34,20,0,0
994,in_distribution,1.0,17687.693359375,11575.4404296875,89,200,2259,250,200,0,44,25,20,0,0
995,in_distribution,1.0,16226.1806640625,15881.1181640625,53,202,1761,245,202,0,12,21,20,0,0
996,in_distribution,1.0,14569.3623046875,6722.41455078125,66,200,1580,169,200,0,24,32,10,0,0
997,in_distribution,1.0,14544.271484375,8040.26513671875,78,200,1923,220,200,0,15,43,20,0,0
998,in_distribution,1.0,15554.7802734375,8014.71533203125,85,200,2322,247,200,0,30,35,20,0,0
999,in_distribution,1.0,15645.966796875,10202.8095703125,59,201,2473,277,201,0,12,27,20,0,0
1000,in_distribution,1.0,16698.984375,11187.7021484375,74,202,2716,329,202,0,26,28,20,0,0
1001,in_distribution,1.0,16590.3671875,7086.13720703125,74,200,1717,221,200,0,30,24,20,0,0
1002,in_distribution,1.0,18525.40234375,7857.79638671875,86,200,2082,242,200,0,12,54,20,0,0
1003,in_distribution,1.0,18338.484375,12692.7607421875,86,200,2838,264,200,0,13,53,20,0,0
1004,in_distribution,1.0,16206.9052734375,10726.873046875,59,200,3109,318,200,0,13,26,20,0,0
1005,in_distribution,1.0,17188.716796875,8791.08984375,63,200,2237,257,200,0,10,33,20,0,0
1006,in_distribution,1.0,15300.79296875,10686.361328125,90,200,2769,342,200,0,31,39,20,0,0
1007,in_distribution,1.0,13483.755859375,11013.1416015625,52,201,2158,241,201,0,12,20,20,0,0
1008,in_distribution,1.0,15044.1328125,10706.29296875,58,200,2443,266,200,0,27,11,20,0,0
1009,in_distribution,1.0,15856.921875,11407.1806640625,62,202,2844,337,202,0,25,17,20,0,0
1010,in_distribution,1.0,16785.14453125,8476.73046875,105,200,1164,173,200,0,42,43,20,0,0
1011,in_distribution,1.0,11156.52734375,7436.28662109375,68,200,1924,155,200,0,30,28,10,0,0
1012,in_distribution,1.0,17160.68359375,5192.97314453125,83,200,1730,160,200,0,40,23,20,0,0
1013,in_distribution,1.0,17208.220703125,8808.8486328125,96,200,2475,243,200,0,62,14,20,0,0
1014,in_distribution,1.0,18207.73046875,9950.17578125,74,200,2751,288,200,0,31,23,20,0,0
1015,in_distribution,1.0,15848.982421875,10142.8193359375,99,201,2135,240,201,0,30,49,20,0,0
1016,in_distribution,1.0,15806.826171875,8542.162109375,91,200,2062,196,200,0,15,56,20,0,0
1017,in_distribution,1.0,9344.8779296875,9344.8779296875,36,200,2419,215,200,0,10,16,10,0,0
1018,in_distribution,1.0,14884.814453125,13482.8564453125,61,202,2490,268,202,0,30,11,20,0,0
1019,in_distribution,1.0,16459.611328125,5590.29248046875,90,200,1786,174,200,0,46,24,20,0,0
1020,in_distribution,1.0,17262.91015625,11174.7783203125,65,200,2591,334,200,0,11,34,20,0,0
1021,in_distribution,1.0,16673.794921875,12407.2958984375,65,201,2914,290,201,0,12,33,20,0,0
1022,in_distribution,1.0,15442.15625,10041.1533203125,70,200,2578,253,200,0,29,21,20,0,0
1023,in_distribution,1.0,15968.8818359375,6671.19970703125,57,200,1942,185,200,0,14,23,20,0,0
1024,in_distribution,1.0,16032.8388671875,6896.26708984375,108,200,1466,126,200,0,36,52,20,0,0
1025,in_distribution,1.0,16086.9287109375,3962.435302734375,116,200,1183,136,200,0,28,68,20,0,0
1026,in_distribution,1.0,16600.265625,8049.2421875,103,200,1861,217,200,0,57,26,20,0,0
1027,in_distribution,1.0,17516.505859375,6872.9326171875,112,200,1832,185,200,0,27,65,20,0,0
1028,in_distribution,1.0,18413.93359375,9120.5302734375,61,200,2341,222,200,0,32,9,20,0,0
1029,in_distribution,1.0,15987.681640625,6195.7314453125,88,200,1659,163,200,0,11,57,20,0,0
1030,in_distribution,1.0,16164.0517578125,12094.7900390625,88,200,2769,287,200,0,43,25,20,0,0
1031,in_distribution,1.0,12283.599609375,11238.056640625,51,202,2461,245,202,0,15,26,10,0,0
1032,in_distribution,0.9,17237.287109375,9819.78125,91,200,3130,285,200,0,30,41,20,0,0
1033,in_distribution,1.0,15607.58203125,10635.8369140625,75,200,2219,235,200,0,44,11,20,0,0
1034,in_distribution,1.0,17133.609375,9180.9970703125,75,201,2316,211,201,0,45,10,20,0,0
1035,in_distribution,1.0,16977.49609375,8806.697265625,64,200,1998,201,200,0,30,14,20,0,0
1036,in_distribution,1.0,17119.1796875,9236.86328125,113,200,1198,139,200,0,60,33,20,0,0
1037,in_distribution,1.0,16180.369140625,9878.677734375,68,200,2121,272,200,0,14,34,20,0,0
1038,in_distribution,1.0,18242.275390625,4615.1123046875,117,200,1772,184,200,0,54,43,20,0,0
1039,in_distribution,1.0,17008.84375,9756.45703125,101,200,2280,178,200,0,45,36,20,0,0
1040,in_distribution,1.0,17487.640625,8429.0791015625,116,200,1822,168,200,0,41,55,20,0,0
1041,in_distribution,1.0,15598.7001953125,6964.3837890625,59,200,2154,157,200,0,21,18,20,0,0
1042,in_distribution,1.0,15406.5361328125,6775.43701171875,90,200,1602,183,200,0,46,24,20,0,0
1043,in_distribution,1.0,15726.4560546875,11962.6015625,62,202,3138,355,202,0,16,26,20,0,0
1044,in_distribution,1.0,16603.9609375,10587.333984375,53,201,2146,208,201,0,11,22,20,0,0
1045,in_distribution,1.0,16553.14453125,0.0,74,200,2160,211,200,0,31,23,20,0,0
1046,in_distribution,1.0,17792.611328125,10946.37109375,78,200,2226,191,200,0,12,46,20,0,0
1047,in_distribution,1.0,16391.138671875,11575.9248046875,78,206,2351,293,206,0,16,42,20,0,0
1048,in_distribution,1.0,17618.91796875,14914.072265625,55,208,3013,385,208,0,9,26,20,0,0
1049,in_distribution,1.0,15256.345703125,0.0,111,200,1490,153,200,0,57,34,20,0,0
1050,in_distribution,1.0,18684.751953125,12624.6669921875,75,201,2511,327,201,0,16,39,20,0,0
1051,in_distribution,1.0,14370.384765625,7635.58447265625,92,200,1868,210,200,0,46,26,20,0,0
1052,in_distribution,1.0,15509.5986328125,9314.8935546875,53,201,2047,190,201,0,11,22,20,0,0
1053,in_distribution,1.0,15808.13671875,8327.798828125,84,201,2364,230,201,0,29,35,20,0,0
1054,in_distribution,1.0,14820.951171875,11871.9599609375,78,200,2986,263,200,0,10,58,10,0,0
1055,in_distribution,1.0,15042.3056640625,12734.056640625,87,201,2097,209,201,0,47,30,10,0,0
1056,in_distribution,1.0,16971.333984375,8685.02734375,71,200,2105,187,200,0,16,35,20,0,0
1057,in_distribution,1.0,15421.0498046875,6353.0927734375,174,200,1769,178,200,0,145,9,20,0,0
1058,in_distribution,1.0,14383.4970703125,7295.63134765625,110,201,1816,202,201,0,60,30,20,0,0
1059,in_distribution,1.0,14033.642578125,8285.4375,76,200,2036,221,200,0,28,38,10,0,0
1060,in_distribution,1.0,12522.533203125,9449.6953125,79,200,1959,180,200,0,53,16,10,0,0
1061,in_distribution,1.0,17018.708984375,14475.4541015625,60,202,2414,230,202,0,30,10,20,0,0
1062,in_distribution,1.0,16119.59375,9193.4248046875,52,200,2798,273,200,0,12,20,20,0,0
1063,in_distribution,1.0,15607.7880859375,7956.7724609375,91,200,2038,185,200,0,61,10,20,0,0
1064,in_distribution,1.0,14313.896484375,7417.736328125,83,200,1804,195,200,0,41,22,20,0,0
1065,in_distribution,1.0,16508.17578125,0.0,81,200,1735,195,200,0,29,32,20,0,0
1066,in_distribution,1.0,15260.587890625,8329.3984375,87,200,2519,238,200,0,57,10,20,0,0
1067,in_distribution,1.0,16084.8544921875,13633.818359375,46,202,2537,344,202,0,15,11,20,0,0
1068,in_distribution,1.0,17035.044921875,7472.1513671875,71,200,1737,165,200,0,13,38,20,0,0
1069,in_distribution,1.0,16132.2998046875,6333.6708984375,94,200,2334,235,200,0,64,10,20,0,0
1070,in_distribution,1.0,16215.8447265625,6718.7666015625,75,200,1648,193,200,0,14,41,20,0,0
1071,in_distribution,1.0,14793.8408203125,8435.57421875,108,201,2317,224,201,0,46,42,20,0,0
1072,in_distribution,1.0,15299.26953125,4870.3125,133,200,1560,124,200,0,45,68,20,0,0
1073,in_distribution,1.0,17034.048828125,9594.3642578125,86,200,2499,262,200,0,30,36,20,0,0
1074,in_distribution,1.0,16658.87890625,10523.453125,111,200,2563,251,200,0,62,29,20,0,0
1075,in_distribution,1.0,18026.21875,9088.2001953125,61,200,1320,155,200,0,30,11,20,0,0
1076,in_distribution,1.0,17189.04296875,9476.853515625,100,200,1947,216,200,0,40,40,20,0,0
1077,in_distribution,1.0,18261.43359375,0.0,105,200,1886,191,200,0,52,33,20,0,0
1078,in_distribution,1.0,15047.2724609375,10109.7822265625,77,200,2108,264,200,0,43,14,20,0,0
1079,in_distribution,1.0,16728.576171875,4960.40966796875,94,200,999,133,200,0,60,14,20,0,0
1080,in_distribution,1.0,16456.595703125,11771.4716796875,78,200,2823,290,200,0,43,15,20,0,0
1081,in_distribution,1.0,18043.048828125,14999.611328125,59,201,1756,177,201,0,14,25,20,0,0
1082,in_distribution,1.0,15475.5029296875,3224.101806640625,87,200,1657,132,200,0,58,9,20,0,0
1083,in_distribution,1.0,15534.7763671875,2865.33837890625,82,200,1745,137,200,0,42,20,20,0,0
1084,in_distribution,1.0,17390.1953125,7683.15087890625,107,200,2051,207,200,0,74,13,20,0,0
1085,in_distribution,1.0,17759.10546875,14607.5146484375,85,205,2339,267,205,0,16,49,20,0,0
1086,in_distribution,1.0,15079.3857421875,11344.4267578125,84,200,2858,266,200,0,44,20,20,0,0
1087,in_distribution,1.0,16189.2744140625,9896.6611328125,102,200,2941,319,200,0,45,37,20,0,0
1088,in_distribution,1.0,14916.0048828125,0.0,117,200,1729,151,200,0,44,53,20,0,0
1089,in_distribution,1.0,16426.7109375,11616.6533203125,77,201,2860,274,201,0,32,25,20,0,0
1090,in_distribution,1.0,16823.11328125,9327.4462890625,96,200,2154,230,200,0,43,33,20,0,0
1091,in_distribution,1.0,12383.3212890625,9188.5341796875,53,200,1998,164,200,0,15,28,10,0,0
1092,in_distribution,1.0,15046.5244140625,8678.5322265625,71,200,2522,272,200,0,41,10,20,0,0
1093,in_distribution,1.0,15371.4892578125,8660.208984375,103,200,2642,220,200,0,29,54,20,0,0
1094,in_distribution,1.0,17440.09375,0.0,97,200,3076,328,200,0,27,50,20,0,0
1095,in_distribution,1.0,16581.734375,7508.3349609375,131,200,1646,160,200,0,69,42,20,0,0
1096,in_distribution,1.0,14631.361328125,10665.5771484375,75,200,2021,254,200,0,31,24,20,0,0
1097,in_distribution,1.0,16106.9423828125,8267.6025390625,117,200,2329,225,200,0,29,68,20,0,0
1098,in_distribution,1.0,14785.8388671875,9694.9990234375,66,200,2090,195,200,0,23,23,20,0,0
1099,in_distribution,1.0,14830.7119140625,6897.46240234375,87,200,2247,232,200,0,24,43,20,0,0
1100,in_distribution,1.0,15511.8056640625,6615.98095703125,87,200,2015,160,200,0,26,41,20,0,0
1101,in_distribution,1.0,12334.7666015625,8634.49609375,63,200,1769,194,200,0,25,28,10,0,0
1102,in_distribution,1.0,16711.384765625,6506.54248046875,80,200,1776,153,200,0,12,48,20,0,0
1103,in_distribution,1.0,15328.798828125,5430.0302734375,99,200,2245,199,200,0,59,20,20,0,0
1104,in_distribution,1.0,15327.587890625,6309.87646484375,112,200,1812,197,200,0,27,65,20,0,0
1105,in_distribution,1.0,14859.5166015625,10100.4052734375,57,201,2189,271,201,0,14,23,20,0,0
1106,in_distribution,1.0,16460.162109375,8790.6103515625,60,200,2328,247,200,0,27,13,20,0,0
1107,in_distribution,1.0,15903.8095703125,6947.4951171875,108,200,1572,164,200,0,29,59,20,0,0
1108,in_distribution,1.0,15932.814453125,0.0,75,200,1652,185,200,0,12,43,20,0,0
1109,in_distribution,1.0,14912.21875,8357.87109375,86,201,2232,169,201,0,46,20,20,0,0
1110,in_distribution,1.0,16891.09765625,6836.77490234375,92,200,1660,173,200,0,43,29,20,0,0
1111,in_distribution,1.0,16582.013671875,9202.13671875,94,200,2859,252,200,0,48,26,20,0,0
1112,in_distribution,1.0,15474.75390625,4316.04736328125,86,200,1340,134,200,0,30,36,20,0,0
1113,in_distribution,1.0,15672.5986328125,7777.38720703125,132,200,2284,271,200,0,57,55,20,0,0
1114,in_distribution,1.0,17649.03125,10860.095703125,82,201,2099,221,201,0,40,22,20,0,0
1115,in_distribution,1.0,17137.521484375,11673.1806640625,62,200,2639,311,200,0,16,26,20,0,0
1116,in_distribution,1.0,18178.134765625,8210.146484375,75,200,1925,193,200,0,22,33,20,0,0
1117,in_distribution,1.0,15758.3740234375,8682.5830078125,74,200,2663,283,200,0,25,29,20,0,0
1118,in_distribution,1.0,16355.853515625,10069.6708984375,68,200,2530,295,200,0,26,22,20,0,0
1119,in_distribution,1.0,16387.365234375,11569.931640625,100,200,2857,289,200,0,32,48,20,0,0
1120,in_distribution,1.0,16638.8125,0.0,89,200,2839,306,200,0,43,26,20,0,0
1121,in_distribution,1.0,16647.650390625,6681.9619140625,106,200,2033,169,200,0,45,41,20,0,0
1122,in_distribution,1.0,15788.7373046875,5650.1005859375,103,200,2015,184,200,0,55,28,20,0,0
1123,in_distribution,1.0,17434.7578125,7120.58935546875,100,200,1582,136,200,0,24,56,20,0,0
1124,in_distribution,1.0,16839.962890625,9443.791015625,97,201,1497,144,201,0,52,25,20,0,0
1125,in_distribution,1.0,14208.0791015625,4521.623046875,62,200,1617,176,200,0,16,26,20,0,0
1126,in_distribution,1.0,16960.4609375,5117.63037109375,133,200,1782,194,200,0,69,44,20,0,0
1127,in_distribution,1.0,16739.4140625,5820.4501953125,87,200,1944,156,200,0,46,21,20,0,0
1128,in_distribution,1.0,17833.533203125,5500.07763671875,101,200,1142,170,200,0,55,26,20,0,0
1129,in_distribution,1.0,15596.6943359375,12949.427734375,97,202,1948,213,202,0,63,14,20,0,0
1130,in_distribution,1.0,16956.330078125,9544.353515625,52,201,1971,249,201,0,11,21,20,0,0
1131,in_distribution,1.0,15275.0791015625,11967.5458984375,49,202,2619,290,202,0,15,14,20,0,0
1132,in_distribution,1.0,16161.59765625,11133.2880859375,96,200,2800,238,200,0,56,20,20,0,0
1133,in_distribution,1.0,18426.2265625,10815.1396484375,53,200,2697,239,200,0,13,20,20,0,0
1134,in_distribution,1.0,15913.96875,8672.1494140625,97,200,1951,207,200,0,15,62,20,0,0
1135,in_distribution,1.0,15787.91015625,10226.072265625,79,201,2655,284,201,0,13,46,20,0,0
1136,in_distribution,1.0,15813.712890625,10387.5517578125,86,200,2276,296,200,0,16,50,20,0,0
1137,in_distribution,1.0,15327.3232421875,6368.15869140625,71,200,1275,140,200,0,11,40,20,0,0
1138,in_distribution,1.0,16516.892578125,11377.048828125,107,200,2865,266,200,0,61,26,20,0,0
1139,in_distribution,1.0,18017.693359375,9360.876953125,64,200,1683,188,200,0,12,32,20,0,0
1140,in_distribution,1.0,16596.28515625,7147.01416015625,80,200,1703,154,200,0,14,46,20,0,0
1141,in_distribution,1.0,16548.974609375,9580.0478515625,94,200,2367,209,200,0,48,26,20,0,0
1142,in_distribution,1.0,16260.337890625,5988.3603515625,68,200,1479,137,200,0,14,34,20,0,0
1143,in_distribution,1.0,16158.9677734375,11974.6953125,73,200,2192,330,200,0,43,10,20,0,0
1144,in_distribution,1.0,16773.3359375,8726.2373046875,92,200,2341,241,200,0,43,29,20,0,0
1145,in_distribution,1.0,16191.2783203125,6463.42626953125,76,200,2341,238,200,0,30,26,20,0,0
1146,in_distribution,1.0,18680.498046875,9801.9189453125,72,200,1997,219,200,0,30,22,20,0,0
1147,in_distribution,1.0,17450.86328125,7284.03662109375,108,200,2170,193,200,0,74,14,20,0,0
1148,in_distribution,1.0,16840.271484375,12684.541015625,71,200,3111,407,200,0,11,40,20,0,0
1149,in_distribution,1.0,15956.251953125,5846.78955078125,92,200,1563,166,200,0,30,42,20,0,0
1150,in_distribution,1.0,16509.81640625,7832.98779296875,138,200,2594,248,200,0,59,59,20,0,0
1151,in_distribution,1.0,17744.09765625,12114.59765625,86,201,2860,294,201,0,30,36,20,0,0
1152,in_distribution,1.0,16434.17578125,9390.6474609375,129,200,2263,217,200,0,87,22,20,0,0
1153,in_distribution,1.0,16464.638671875,8161.873046875,71,200,2005,186,200,0,41,10,20,0,0
1154,in_distribution,1.0,17692.853515625,5090.642578125,115,200,1804,179,200,0,45,50,20,0,0
1155,in_distribution,1.0,16355.59765625,13590.90234375,51,202,1959,208,202,0,10,21,20,0,0
1156,in_distribution,1.0,14938.1396484375,0.0,94,200,2498,257,200,0,25,49,20,0,0
1157,in_distribution,1.0,15689.0712890625,6880.2236328125,82,200,2296,206,200,0,42,20,20,0,0
1158,in_distribution,1.0,15301.7109375,8063.94189453125,86,200,1770,237,200,0,25,41,20,0,0
1159,in_distribution,1.0,18080.650390625,10883.7275390625,75,200,2452,272,200,0,29,26,20,0,0
1160,in_distribution,1.0,15567.08984375,10956.0224609375,105,200,2578,282,200,0,61,24,20,0,0
1161,in_distribution,1.0,17062.904296875,8641.552734375,77,200,1869,186,200,0,28,29,20,0,0
1162,in_distribution,1.0,17947.921875,11739.0400390625,98,200,1943,273,200,0,52,26,20,0,0
1163,in_distribution,1.0,16701.6484375,8811.0791015625,75,200,2340,307,200,0,12,43,20,0,0
1164,in_distribution,1.0,16377.013671875,0.0,89,200,2606,267,200,0,27,42,20,0,0
1165,in_distribution,1.0,15255.41015625,6133.77880859375,122,200,1679,162,200,0,46,56,20,0,0
1166,in_distribution,1.0,16174.8779296875,4958.26416015625,127,200,1394,140,200,0,35,72,20,0,0
1167,in_distribution,1.0,16707.53515625,5609.41455078125,77,200,1563,155,200,0,28,29,20,0,0
1168,in_distribution,1.0,15607.947265625,11032.2802734375,62,201,1956,248,201,0,28,14,20,0,0
1169,in_distribution,1.0,16858.6484375,8419.322265625,94,200,1928,195,200,0,60,14,20,0,0
1170,in_distribution,1.0,15416.212890625,7262.36572265625,53,200,2057,195,200,0,15,18,20,0,0
1171,in_distribution,1.0,16407.107421875,4729.759765625,95,200,1464,153,200,0,62,13,20,0,0
1172,in_distribution,1.0,15639.1650390625,0.0,84,200,2283,223,200,0,42,22,20,0,0
1173,in_distribution,1.0,17270.484375,5993.314453125,74,200,1934,234,200,0,30,24,20,0,0
1174,in_distribution,1.0,14161.396484375,7077.6865234375,71,200,1659,167,200,0,41,10,20,0,0
1175,in_distribution,1.0,16455.669921875,11036.833984375,105,200,2323,213,200,0,74,11,20,0,0
1176,in_distribution,1.0,17590.197265625,6745.6201171875,86,200,1400,169,200,0,54,12,20,0,0
1177,in_distribution,1.0,18066.271484375,14746.04296875,68,201,1985,246,201,0,15,33,20,0,0
1178,in_distribution,1.0,16846.904296875,8754.7001953125,76,200,2572,236,200,0,31,25,20,0,0
1179,in_distribution,1.0,13536.7734375,11494.6494140625,49,202,2438,329,202,0,15,14,20,0,0
1180,in_distribution,1.0,16853.5546875,8609.1728515625,86,200,2570,264,200,0,44,22,20,0,0
1181,in_distribution,1.0,16190.6865234375,7517.0419921875,104,200,2831,232,200,0,44,40,20,0,0
1182,in_distribution,1.0,16104.609375,7956.7744140625,61,200,2258,194,200,0,32,9,20,0,0
1183,in_distribution,1.0,14513.0078125,6322.404296875,77,200,1975,207,200,0,35,22,20,0,0
1184,in_distribution,1.0,14006.771484375,0.0,66,200,1992,169,200,0,28,28,10,0,0
1185,in_distribution,1.0,14642.5087890625,10510.583984375,49,200,2296,198,200,0,15,14,20,0,0
1186,in_distribution,1.0,14732.6591796875,9737.9462890625,70,203,2380,261,203,0,16,34,20,0,0
1187,in_distribution,1.0,13434.4365234375,5939.046875,94,200,1829,160,200,0,43,41,10,0,0
1188,in_distribution,1.0,16723.087890625,8891.9189453125,112,200,1623,206,200,0,72,20,20,0,0
1189,in_distribution,1.0,15009.01171875,6177.07861328125,114,200,1394,166,200,0,62,42,10,0,0
1190,in_distribution,1.0,16810.837890625,0.0,107,200,1936,179,200,0,62,25,20,0,0
1191,in_distribution,1.0,16461.501953125,11679.5302734375,104,200,2591,292,200,0,73,11,20,0,0
1192,in_distribution,1.0,16826.63671875,7170.21533203125,105,200,2124,177,200,0,16,69,20,0,0
1193,in_distribution,1.0,12863.8544921875,10252.4404296875,66,200,1843,238,200,0,24,32,10,0,0
1194,in_distribution,1.0,17940.091796875,10942.92578125,79,200,2464,196,200,0,39,20,20,0,0
1195,in_distribution,1.0,14833.7890625,8434.0732421875,62,201,2614,275,201,0,16,26,20,0,0
1196,in_distribution,1.0,14889.1064453125,6691.4140625,96,200,1636,168,200,0,46,30,20,0,0
1197,in_distribution,1.0,15502.958984375,6119.9677734375,87,200,2067,219,200,0,24,43,20,0,0
1198,in_distribution,1.0,15235.958984375,7253.87255859375,79,200,2260,305,200,0,31,28,20,0,0
1199,in_distribution,1.0,15218.0380859375,7937.62451171875,99,200,1993,198,200,0,28,51,20,0,0
1200,in_distribution,1.0,17264.888671875,11013.111328125,55,201,2016,253,201,0,13,22,20,0,0
1201,in_distribution,1.0,13487.6962890625,8929.0205078125,85,201,2135,269,201,0,39,26,20,0,0
1202,in_distribution,1.0,16345.869140625,6991.6943359375,110,200,1731,163,200,0,46,44,20,0,0
1203,in_distribution,1.0,16496.58203125,0.0,83,200,2767,237,200,0,43,20,20,0,0
1204,in_distribution,1.0,13638.0751953125,11715.056640625,54,201,1638,176,201,0,14,30,10,0,0
1205,in_distribution,1.0,17188.205078125,8936.87109375,73,201,1667,220,201,0,13,40,20,0,0
1206,in_distribution,1.0,15304.80078125,8584.072265625,71,200,1596,210,200,0,11,40,20,0,0
1207,in_distribution,1.0,12855.4814453125,10134.677734375,66,200,2479,234,200,0,30,26,10,0,0
1208,in_distribution,1.0,18597.087890625,13600.7177734375,46,200,2573,298,200,0,15,11,20,0,0
1209,in_distribution,1.0,14818.974609375,8555.958984375,108,200,2190,266,200,0,30,58,20,0,0
1210,in_distribution,1.0,16980.078125,10484.5390625,55,200,2216,226,200,0,14,21,20,0,0
1211,in_distribution,1.0,16592.408203125,4519.8798828125,141,200,1658,152,200,0,71,50,20,0,0
1212,in_distribution,1.0,16350.111328125,7121.037109375,59,200,2350,249,200,0,15,24,20,0,0
1213,in_distribution,1.0,17358.76171875,9017.6806640625,92,200,1432,178,200,0,58,14,20,0,0
1214,in_distribution,1.0,18004.00390625,8507.779296875,104,200,1919,164,200,0,70,14,20,0,0
1215,in_distribution,1.0,15000.21875,7444.6875,97,200,1671,153,200,0,42,35,20,0,0
1216,in_distribution,1.0,16905.10546875,9047.294921875,87,200,1204,213,200,0,11,56,20,0,0
1217,in_distribution,1.0,16029.1171875,13811.7392578125,45,203,1476,217,203,0,16,9,20,0,0
1218,in_distribution,1.0,17315.173828125,0.0,60,200,1706,177,200,0,30,10,20,0,0
1219,in_distribution,1.0,15061.8759765625,9868.52734375,85,200,2467,222,200,0,30,35,20,0,0
1220,in_distribution,1.0,16271.408203125,7968.34619140625,100,200,2138,188,200,0,54,36,10,0,0
1221,in_distribution,1.0,16487.693359375,8729.228515625,125,200,2298,236,200,0,67,38,20,0,0
1222,in_distribution,1.0,15638.9208984375,6775.35791015625,117,200,1978,164,200,0,22,75,20,0,0
1223,in_distribution,1.0,17162.390625,7278.76806640625,102,200,1095,135,200,0,60,22,20,0,0
1224,in_distribution,1.0,15875.640625,5464.04248046875,93,200,1767,192,200,0,60,13,20,0,0
1225,in_distribution,1.0,15833.2919921875,8386.857421875,77,200,2262,260,200,0,32,25,20,0,0
1226,in_distribution,1.0,16250.08203125,4089.791015625,96,200,1200,112,200,0,41,35,20,0,0
1227,in_distribution,1.0,16324.021484375,4659.36181640625,98,200,912,92,200,0,39,39,20,0,0
1228,in_distribution,1.0,16340.546875,5738.69384765625,90,200,1622,157,200,0,38,32,20,0,0
1229,in_distribution,1.0,16651.732421875,0.0,115,201,1991,199,201,0,83,12,20,0,0
1230,in_distribution,1.0,15929.189453125,9337.486328125,102,200,2018,185,200,0,26,56,20,0,0
1231,in_distribution,1.0,15343.4443359375,5622.9365234375,115,200,1790,167,200,0,67,28,20,0,0
1232,in_distribution,1.0,17902.38671875,8118.13037109375,93,200,1615,181,200,0,30,43,20,0,0
1233,in_distribution,1.0,15999.431640625,0.0,143,200,2255,213,200,0,85,38,20,0,0
1234,in_distribution,1.0,15687.1796875,14751.2607421875,45,202,1929,271,202,0,16,9,20,0,0
1235,in_distribution,1.0,16187.341796875,7015.21435546875,91,200,2102,203,200,0,47,24,20,0,0
1236,in_distribution,1.0,14771.48828125,8736.970703125,63,200,2174,190,200,0,29,14,20,0,0
1237,in_distribution,1.0,16454.0078125,7291.04736328125,118,200,2041,206,200,0,73,25,20,0,0
1238,in_distribution,1.0,14654.48046875,4483.2177734375,96,200,1234,152,200,0,43,43,10,0,0
1239,in_distribution,1.0,17588.27734375,14135.580078125,50,204,2488,323,204,0,10,20,20,0,0
1240,in_distribution,1.0,18005.470703125,13191.9111328125,57,200,1833,198,200,0,11,26,20,0,0
1241,in_distribution,1.0,18138.97265625,4991.869140625,124,200,1272,166,200,0,70,34,20,0,0
1242,in_distribution,1.0,16720.490234375,7170.6953125,124,200,1918,185,200,0,71,33,20,0,0
1243,in_distribution,1.0,16695.0390625,6396.64892578125,104,200,1534,205,200,0,26,58,20,0,0
1244,in_distribution,1.0,13182.09765625,10054.83203125,88,201,2214,202,201,0,30,38,20,0,0
1245,in_distribution,1.0,16053.1083984375,7886.130859375,113,200,2091,238,200,0,75,18,20,0,0
1246,in_distribution,0.9,17398.046875,13459.6708984375,59,204,3093,351,204,0,13,26,20,0,0
1247,in_distribution,1.0,15313.9814453125,7724.35791015625,120,200,2204,207,200,0,74,26,20,0,0
1248,in_distribution,1.0,15259.9052734375,7166.44287109375,99,200,2017,207,200,0,56,23,20,0,0
1249,in_distribution,1.0,18768.74609375,8054.83056640625,88,200,1125,142,200,0,56,12,20,0,0
1250,in_distribution,1.0,17719.294921875,10707.2685546875,62,201,2661,260,201,0,14,28,20,0,0
1251,in_distribution,1.0,15599.822265625,9217.951171875,99,200,2088,229,200,0,28,51,20,0,0
1252,in_distribution,1.0,17343.318359375,10355.3037109375,75,200,2465,259,200,0,41,14,20,0,0
1253,in_distribution,1.0,15696.19921875,6725.798828125,101,200,1411,174,200,0,46,35,20,0,0
1254,in_distribution,1.0,16051.955078125,11074.6376953125,52,201,2115,265,201,0,12,20,20,0,0
1255,in_distribution,1.0,16535.1953125,13684.0146484375,60,202,3002,324,202,0,27,13,20,0,0
1256,in_distribution,1.0,15604.82421875,12150.7138671875,56,203,3277,339,203,0,16,20,20,0,0
1257,in_distribution,1.0,15006.9482421875,6726.19140625,77,200,1256,156,200,0,35,32,10,0,0
1258,in_distribution,1.0,13193.1015625,12910.1748046875,46,202,3116,299,202,0,13,13,20,0,0
1259,in_distribution,1.0,16115.5927734375,8095.93017578125,71,200,1917,204,200,0,30,21,20,0,0
1260,in_distribution,1.0,15889.0166015625,7731.91455078125,109,200,1502,165,200,0,61,28,20,0,0
1261,in_distribution,1.0,16569.681640625,14529.7626953125,59,202,2836,306,202,0,14,25,20,0,0
1262,in_distribution,1.0,15033.126953125,9572.49609375,101,201,2187,210,201,0,29,52,20,0,0
1263,in_distribution,1.0,13580.900390625,11969.2724609375,49,201,2851,354,201,0,15,14,20,0,0
1264,in_distribution,1.0,14676.82421875,8009.0146484375,69,200,1643,144,200,0,32,17,20,0,0
1265,in_distribution,1.0,16778.814453125,11362.2646484375,58,201,2311,242,201,0,13,25,20,0,0
1266,in_distribution,1.0,17343.86328125,7689.32373046875,86,200,1721,191,200,0,40,26,20,0,0
1267,in_distribution,1.0,18125.537109375,13464.1767578125,77,203,3126,361,203,0,16,41,20,0,0
1268,in_distribution,1.0,14633.7509765625,3910.4541015625,104,200,1541,137,200,0,71,13,20,0,0
1269,in_distribution,1.0,17038.58203125,9554.6181640625,83,200,2010,189,200,0,8,55,20,0,0
1270,in_distribution,1.0,15951.9326171875,5948.85791015625,83,200,1801,166,200,0,41,22,20,0,0
1271,in_distribution,1.0,17069.515625,9870.3603515625,106,200,2464,266,200,0,45,41,20,0,0
1272,in_distribution,1.0,15752.4384765625,9434.87109375,91,200,2837,271,200,0,28,43,20,0,0
1273,in_distribution,1.0,15990.603515625,10166.513671875,68,200,2451,225,200,0,28,20,20,0,0
1274,in_distribution,1.0,16604.4609375,7307.91796875,67,200,1999,194,200,0,9,38,20,0,0
1275,in_distribution,1.0,15700.4453125,8302.8037109375,101,200,1721,168,200,0,67,14,20,0,0
1276,in_distribution,1.0,17791.052734375,11487.8525390625,49,200,2660,231,200,0,15,14,20,0,0
1277,in_distribution,1.0,16974.796875,13601.8662109375,52,204,2139,276,204,0,12,20,20,0,0
1278,in_distribution,1.0,16152.578125,0.0,138,200,2730,236,200,0,69,49,20,0,0
1279,in_distribution,1.0,14667.2783203125,6605.580078125,80,200,1847,190,200,0,15,45,20,0,0
1280,in_distribution,1.0,14991.6865234375,8885.3037109375,76,200,2102,201,200,0,30,26,20,0,0
1281,in_distribution,1.0,16432.6015625,7723.46875,76,200,2156,216,200,0,30,26,20,0,0
1282,in_distribution,1.0,17708.765625,9440.9736328125,91,200,2842,363,200,0,46,25,20,0,0
1283,in_distribution,1.0,16093.8818359375,7287.2900390625,77,200,2052,171,200,0,25,42,10,0,0
1284,in_distribution,1.0,15290.3486328125,8727.4794921875,103,200,1918,224,200,0,30,53,20,0,0
1285,in_distribution,1.0,15636.873046875,8162.2734375,98,200,2269,218,200,0,42,36,20,0,0
1286,in_distribution,1.0,11847.1103515625,5767.95556640625,75,200,1779,147,200,0,41,14,20,0,0
1287,in_distribution,1.0,13804.1806640625,13047.1240234375,46,201,3033,344,201,0,15,11,20,0,0
1288,in_distribution,1.0,18472.25390625,8343.482421875,91,200,2204,215,200,0,32,39,20,0,0
1289,in_distribution,1.0,14194.48828125,5427.07861328125,133,200,1676,145,200,0,74,39,20,0,0
1290,in_distribution,1.0,14125.7353515625,3403.706787109375,86,200,1620,163,200,0,27,39,20,0,0
1291,in_distribution,1.0,14879.37890625,0.0,87,200,1943,212,200,0,56,11,20,0,0
1292,in_distribution,1.0,16378.6376953125,7715.51611328125,72,200,1734,162,200,0,12,40,20,0,0
1293,in_distribution,1.0,16204.0341796875,7313.70068359375,69,200,1589,179,200,0,13,36,20,0,0
1294,in_distribution,1.0,17335.919921875,6412.8779296875,83,200,1629,177,200,0,40,23,20,0,0
1295,in_distribution,1.0,18612.3046875,12272.1962890625,64,202,1782,193,202,0,11,33,20,0,0
1296,in_distribution,1.0,16373.220703125,8021.353515625,77,200,2277,250,200,0,48,9,20,0,0
1297,in_distribution,1.0,15590.53125,9608.01171875,51,200,2376,255,200,0,10,21,20,0,0
1298,in_distribution,1.0,13714.5224609375,8281.5,87,200,1997,215,200,0,47,30,10,0,0
1299,in_distribution,1.0,17580.765625,11172.9921875,109,203,1850,236,203,0,41,48,20,0,0
1300,in_distribution,1.0,15961.5380859375,7560.2001953125,66,200,1647,169,200,0,24,22,20,0,0
1301,in_distribution,1.0,13822.0244140625,10548.556640625,72,200,2960,275,200,0,14,38,20,0,0
1302,in_distribution,1.0,15152.810546875,6495.75048828125,71,200,1500,157,200,0,14,37,20,0,0
1303,in_distribution,1.0,14447.88671875,4738.94140625,76,200,1290,141,200,0,34,32,10,0,0
1304,in_distribution,1.0,16569.259765625,6552.60546875,76,200,2118,240,200,0,42,14,20,0,0
1305,in_distribution,1.0,15798.75,14104.443359375,64,202,2254,251,202,0,30,14,20,0,0
1306,in_distribution,1.0,17289.955078125,9843.3232421875,72,200,2621,270,200,0,30,22,20,0,0
1307,in_distribution,1.0,16636.291015625,0.0,109,200,2303,177,200,0,53,36,20,0,0
1308,in_distribution,1.0,16665.154296875,5700.3056640625,111,200,1755,161,200,0,51,40,20,0,0
1309,in_distribution,0.9,16269.1240234375,11687.4130859375,105,200,2822,303,200,0,31,54,20,0,0
1310,in_distribution,1.0,16856.0390625,4998.5361328125,111,200,1251,138,200,0,66,25,20,0,0
1311,in_distribution,1.0,17080.125,9148.2861328125,86,201,2584,225,201,0,46,20,20,0,0
1312,in_distribution,1.0,17149.404296875,13695.123046875,75,201,3212,367,201,0,14,41,20,0,0
1313,in_distribution,1.0,18587.923828125,14441.6513671875,139,204,1569,264,204,0,62,57,20,0,0
1314,in_distribution,1.0,17854.83203125,9505.2255859375,93,200,1496,193,200,0,60,13,20,0,0
1315,in_distribution,1.0,16237.7490234375,6616.82177734375,96,200,2016,192,200,0,43,33,20,0,0
1316,in_distribution,1.0,16336.712890625,12182.3134765625,64,201,1989,227,201,0,14,30,20,0,0
1317,in_distribution,1.0,16247.9521484375,7448.96484375,53,200,2282,230,200,0,11,22,20,0,0
1318,in_distribution,1.0,15142.4345703125,5849.14013671875,130,200,1501,157,200,0,70,40,20,0,0
1319,in_distribution,1.0,14669.1640625,10851.8349609375,75,200,2548,262,200,0,31,24,20,0,0
1320,in_distribution,1.0,17352.92578125,10983.98828125,86,200,2520,304,200,0,43,23,20,0,0
1321,in_distribution,1.0,15230.943359375,9525.3154296875,52,201,2373,247,201,0,12,20,20,0,0
1322,in_distribution,1.0,16004.6767578125,10444.2060546875,78,200,3006,238,200,0,38,30,10,0,0
1323,in_distribution,1.0,16441.28515625,6981.5966796875,84,200,1816,154,200,0,41,23,20,0,0
1324,in_distribution,1.0,17074.044921875,8652.9306640625,72,200,1721,186,200,0,41,11,20,0,0
1325,in_distribution,1.0,16313.427734375,11781.5380859375,92,201,2994,262,201,0,58,14,20,0,0
1326,in_distribution,1.0,13738.6689453125,11628.21875,77,201,2052,209,201,0,31,26,20,0,0
1327,in_distribution,1.0,17206.18359375,7143.529296875,75,200,1948,179,200,0,46,9,20,0,0
1328,in_distribution,1.0,16000.451171875,6549.91748046875,74,200,2720,261,200,0,32,22,20,0,0
1329,in_distribution,1.0,17618.080078125,12530.5732421875,46,202,1449,214,202,0,13,13,20,0,0
1330,in_distribution,1.0,17901.568359375,8202.181640625,74,200,2127,171,200,0,44,10,20,0,0
1331,in_distribution,1.0,15414.060546875,9989.63671875,74,200,2416,257,200,0,21,33,20,0,0
1332,in_distribution,1.0,16524.568359375,3891.018798828125,96,200,979,127,200,0,41,35,20,0,0
1333,in_distribution,1.0,15145.7685546875,6797.37890625,84,200,1790,191,200,0,22,42,20,0,0
1334,in_distribution,1.0,14074.3291015625,7482.94873046875,83,200,1414,175,200,0,30,43,10,0,0
1335,in_distribution,1.0,15666.0625,11571.0107421875,87,200,3006,332,200,0,16,51,20,0,0
1336,in_distribution,1.0,15781.2607421875,6382.10888671875,115,200,1686,158,200,0,51,44,20,0,0
1337,in_distribution,1.0,16539.763671875,10489.0322265625,60,200,2731,257,200,0,30,10,20,0,0
1338,in_distribution,1.0,16431.146484375,7846.52392578125,165,200,1882,182,200,0,95,50,20,0,0
1339,in_distribution,1.0,15449.1259765625,10750.8955078125,77,200,2849,284,200,0,48,9,20,0,0
1340,in_distribution,1.0,17669.23046875,11603.6162109375,63,202,1081,197,202,0,29,14,20,0,0
1341,in_distribution,1.0,15921.203125,7096.74462890625,82,200,1787,241,200,0,42,20,20,0,0
1342,in_distribution,1.0,11868.2216796875,0.0,78,200,2239,193,200,0,52,16,10,0,0
1343,in_distribution,1.0,16030.728515625,5548.0322265625,115,200,1836,137,200,0,54,41,20,0,0
1344,in_distribution,1.0,17099.130859375,8935.978515625,88,201,2335,261,201,0,30,38,20,0,0
1345,in_distribution,1.0,15636.7138671875,7760.25146484375,88,200,1381,141,200,0,28,40,20,0,0
1346,in_distribution,1.0,17135.8828125,8773.1416015625,76,200,1832,228,200,0,26,30,20,0,0
1347,in_distribution,1.0,14771.01171875,10117.48828125,63,200,2434,213,200,0,25,18,20,0,0
1348,in_distribution,1.0,17527.7734375,14747.857421875,53,207,1945,412,207,0,11,22,20,0,0
1349,in_distribution,1.0,16981.099609375,12894.685546875,76,200,2893,353,200,0,46,10,20,0,0
1350,in_distribution,1.0,17690.271484375,8855.123046875,102,201,2018,214,201,0,49,33,20,0,0
1351,in_distribution,1.0,18011.224609375,9780.2998046875,49,200,2861,272,200,0,15,14,20,0,0
1352,in_distribution,1.0,15648.701171875,10776.681640625,64,202,1484,198,202,0,30,14,20,0,0
1353,in_distribution,1.0,15271.916015625,8985.88671875,100,200,3102,271,200,0,44,36,20,0,0
1354,in_distribution,1.0,14632.3203125,2246.77490234375,92,200,1877,158,200,0,51,31,10,0,0
1355,in_distribution,1.0,16770.26953125,12528.0029296875,77,200,2555,268,200,0,45,12,20,0,0
1356,in_distribution,1.0,17241.47265625,13271.98828125,45,204,2381,312,204,0,16,9,20,0,0
1357,in_distribution,1.0,13862.3203125,7460.69091796875,108,200,2098,201,200,0,60,28,20,0,0
1358,in_distribution,1.0,16351.53125,10001.068359375,107,200,2328,300,200,0,78,9,20,0,0
1359,in_distribution,1.0,17630.546875,8949.779296875,76,201,1673,161,201,0,12,44,20,0,0
1360,in_distribution,1.0,16307.4423828125,8510.4111328125,70,201,2440,245,201,0,29,21,20,0,0
1361,in_distribution,1.0,16085.55859375,5959.34423828125,66,200,1770,139,200,0,24,22,20,0,0
1362,in_distribution,1.0,17766.701171875,10365.9716796875,68,201,1462,192,201,0,28,20,20,0,0
1363,in_distribution,1.0,18047.755859375,14791.7490234375,69,214,1787,374,214,0,39,10,20,0,0
1364,in_distribution,1.0,15819.1953125,6368.09326171875,105,200,1398,123,200,0,38,47,20,0,0
1365,in_distribution,1.0,15952.9248046875,5540.041015625,99,200,1636,154,200,0,70,9,20,0,0
1366,in_distribution,1.0,16946.919921875,9089.58984375,121,201,1717,232,201,0,69,32,20,0,0
1367,in_distribution,1.0,16133.5283203125,8067.62939453125,91,200,1804,207,200,0,30,41,20,0,0
1368,in_distribution,1.0,15969.11328125,3406.504638671875,117,200,1598,149,200,0,29,68,20,0,0
1369,in_distribution,1.0,14631.9228515625,7495.21630859375,91,200,1718,168,200,0,26,45,20,0,0
1370,in_distribution,1.0,17662.611328125,6561.33935546875,65,200,1937,222,200,0,16,29,20,0,0
1371,in_distribution,1.0,16527.73046875,12254.4619140625,92,200,2765,290,200,0,57,15,20,0,0
1372,in_distribution,1.0,13912.734375,6537.736328125,120,200,1514,167,200,0,74,26,20,0,0
1373,in_distribution,1.0,12617.4287109375,9692.314453125,91,200,2204,239,200,0,43,28,20,0,0
1374,in_distribution,1.0,17513.58203125,9571.361328125,70,200,1719,207,200,0,31,19,20,0,0
1375,in_distribution,1.0,16016.6689453125,0.0,80,200,2081,194,200,0,46,14,20,0,0
1376,in_distribution,1.0,18208.236328125,6396.02734375,110,200,1128,147,200,0,56,34,20,0,0
1377,in_distribution,1.0,17301.12890625,9639.7587890625,144,200,2194,215,200,0,94,30,20,0,0
1378,in_distribution,0.9,16913.375,9297.4990234375,65,200,2725,268,200,0,16,29,20,0,0
1379,in_distribution,1.0,13324.7724609375,11553.0009765625,83,200,2450,291,200,0,57,16,10,0,0
1380,in_distribution,1.0,14568.8212890625,9930.7578125,93,200,1911,226,200,0,44,29,20,0,0
1381,in_distribution,1.0,16123.7509765625,8185.1494140625,97,200,2378,300,200,0,48,29,20,0,0
1382,in_distribution,1.0,16364.9638671875,8508.4716796875,94,200,1939,202,200,0,39,35,20,0,0
1383,in_distribution,1.0,17368.693359375,4932.13134765625,77,200,855,97,200,0,11,46,20,0,0
1384,in_distribution,1.0,16843.7109375,7089.6787109375,122,200,1993,213,200,0,31,71,20,0,0
1385,in_distribution,1.0,15378.1845703125,8681.861328125,89,200,1874,193,200,0,48,21,20,0,0
1386,in_distribution,1.0,16981.21875,10865.96875,57,200,2917,285,200,0,12,25,20,0,0
1387,in_distribution,1.0,17271.126953125,11606.6806640625,75,200,2677,269,200,0,32,23,20,0,0
1388,in_distribution,1.0,17131.80859375,7226.55517578125,86,200,2358,203,200,0,44,22,20,0,0
1389,in_distribution,1.0,15216.2080078125,9750.2724609375,54,200,1758,201,200,0,11,23,20,0,0
1390,in_distribution,1.0,16918.267578125,6905.4873046875,88,200,903,123,200,0,46,22,20,0,0
1391,in_distribution,1.0,16860.80859375,14438.8388671875,46,204,2941,331,204,0,13,13,20,0,0
1392,in_distribution,1.0,17189.0703125,0.0,142,200,2651,251,200,0,89,33,20,0,0
1393,in_distribution,1.0,16165.0888671875,12465.7822265625,133,200,2687,298,200,0,98,15,20,0,0
1394,in_distribution,1.0,16610.697265625,8497.19140625,90,200,1918,188,200,0,26,44,20,0,0
1395,in_distribution,1.0,16516.869140625,4173.486328125,114,200,1013,108,200,0,55,39,20,0,0
1396,in_distribution,1.0,15550.0478515625,0.0,104,200,1829,229,200,0,58,26,20,0,0
1397,in_distribution,1.0,16272.166015625,9994.869140625,62,201,2303,237,201,0,16,26,20,0,0
1398,in_distribution,1.0,15393.033203125,7371.64990234375,68,200,2000,158,200,0,27,21,20,0,0
1399,in_distribution,1.0,16007.1591796875,0.0,122,200,1523,133,200,0,49,53,20,0,0
1400,in_distribution,1.0,16418.84765625,7875.88037109375,112,200,1683,185,200,0,12,80,20,0,0
1401,in_distribution,1.0,17329.494140625,8360.048828125,120,200,2011,230,200,0,66,34,20,0,0
1402,in_distribution,1.0,16668.0,11001.8798828125,89,200,2585,269,200,0,15,54,20,0,0
1403,in_distribution,1.0,17367.78515625,8750.7373046875,79,200,2561,300,200,0,38,21,20,0,0
1404,in_distribution,1.0,18151.302734375,6370.05615234375,103,200,1056,111,200,0,61,22,20,0,0
1405,in_distribution,1.0,17081.388671875,11857.4091796875,74,200,2968,308,200,0,31,23,20,0,0
1406,in_distribution,1.0,16774.0546875,5948.20947265625,93,200,2106,223,200,0,60,13,20,0,0
1407,in_distribution,1.0,15903.4248046875,10168.203125,93,201,2252,251,201,0,16,57,20,0,0
1408,in_distribution,1.0,17544.33984375,8942.755859375,112,200,2525,271,200,0,67,25,20,0,0
1409,in_distribution,1.0,16141.9560546875,11188.2890625,59,201,2485,234,201,0,14,25,20,0,0
1410,in_distribution,1.0,14942.87109375,12262.5234375,86,200,3097,298,200,0,41,25,20,0,0
1411,in_distribution,1.0,15670.0078125,5636.9296875,60,200,1930,229,200,0,27,13,20,0,0
1412,in_distribution,1.0,15397.0849609375,5135.22314453125,103,200,1601,137,200,0,74,9,20,0,0
1413,in_distribution,1.0,16650.71875,12194.46484375,89,201,1880,226,201,0,30,39,20,0,0
1414,in_distribution,1.0,15801.439453125,8507.01953125,66,200,2316,211,200,0,29,17,20,0,0
1415,in_distribution,1.0,19397.150390625,10932.8232421875,61,200,2552,364,200,0,28,13,20,0,0
1416,in_distribution,1.0,18013.18359375,10027.263671875,70,200,2796,237,200,0,14,36,20,0,0
1417,in_distribution,1.0,14574.23046875,6088.66943359375,99,200,1867,200,200,0,70,9,20,0,0
1418,in_distribution,1.0,15225.5166015625,5866.671875,81,200,1807,139,200,0,39,22,20,0,0
1419,in_distribution,1.0,16866.462890625,9381.76953125,76,200,2197,206,200,0,30,26,20,0,0
1420,in_distribution,1.0,15454.9833984375,7966.45458984375,127,200,2667,238,200,0,77,30,20,0,0
1421,in_distribution,1.0,16229.283203125,11948.033203125,133,200,3032,307,200,0,76,47,10,0,0
1422,in_distribution,1.0,18197.05078125,5881.1201171875,102,200,1076,137,200,0,51,31,20,0,0
1423,in_distribution,1.0,15832.62109375,13821.88671875,45,203,2072,297,203,0,16,9,20,0,0
1424,in_distribution,1.0,12999.146484375,9658.9736328125,86,200,2257,231,200,0,42,24,20,0,0
1425,in_distribution,1.0,15133.51953125,8496.5849609375,84,200,1463,139,200,0,15,49,20,0,0
1426,in_distribution,1.0,15939.0693359375,14873.3935546875,53,206,1639,246,206,0,16,17,20,0,0
1427,in_distribution,1.0,17175.658203125,8530.1884765625,118,200,2617,217,200,0,64,34,20,0,0
1428,in_distribution,1.0,17918.310546875,11411.71484375,116,200,3092,285,200,0,46,50,20,0,0
1429,in_distribution,1.0,16637.017578125,11065.646484375,71,200,3142,331,200,0,11,40,20,0,0
1430,in_distribution,1.0,13509.9267578125,9643.3984375,56,201,1884,190,201,0,7,29,20,0,0
1431,in_distribution,1.0,15562.9599609375,5344.55078125,53,200,2324,207,200,0,11,22,20,0,0
1432,in_distribution,1.0,15461.994140625,8701.435546875,80,200,2158,267,200,0,30,30,20,0,0
1433,in_distribution,1.0,15284.74609375,6184.71875,78,200,2217,191,200,0,16,42,20,0,0
1434,in_distribution,1.0,16504.947265625,5747.58642578125,99,200,1978,211,200,0,29,50,20,0,0
1435,in_distribution,1.0,18331.158203125,4491.29931640625,71,200,992,120,200,0,31,20,20,0,0
1436,in_distribution,1.0,14852.2822265625,0.0,89,200,2160,205,200,0,46,23,20,0,0
1437,in_distribution,1.0,18318.22265625,12458.8798828125,98,200,2154,273,200,0,41,37,20,0,0
1438,in_distribution,1.0,16232.9443359375,6552.80517578125,116,200,1972,212,200,0,43,53,20,0,0
1439,in_distribution,1.0,17244.783203125,10565.744140625,122,200,1489,128,200,0,82,20,20,0,0
1440,in_distribution,1.0,16212.1650390625,10987.8115234375,76,202,2460,261,202,0,14,42,20,0,0
1441,in_distribution,1.0,14940.7861328125,10416.4140625,89,200,2304,242,200,0,52,27,10,0,0
1442,in_distribution,1.0,16502.033203125,9494.1044921875,103,200,2772,286,200,0,29,54,20,0,0
1443,in_distribution,1.0,15659.4892578125,7633.6123046875,90,200,2075,202,200,0,30,40,20,0,0
1444,in_distribution,1.0,15886.4111328125,5312.76171875,126,200,1486,177,200,0,28,78,20,0,0
1445,in_distribution,1.0,16726.65234375,9506.4716796875,93,200,2482,209,200,0,64,9,20,0,0
1446,in_distribution,1.0,16191.2060546875,9525.0673828125,70,200,2188,225,200,0,28,22,20,0,0
1447,in_distribution,1.0,17068.318359375,8250.3701171875,98,200,2103,275,200,0,53,25,20,0,0
1448,in_distribution,1.0,15683.115234375,11715.9052734375,67,201,1901,225,201,0,11,36,20,0,0
1449,in_distribution,1.0,16777.947265625,14904.2900390625,68,207,1727,271,207,0,16,32,20,0,0
1450,in_distribution,1.0,16109.544921875,7309.67236328125,107,200,1020,119,200,0,43,44,20,0,0
1451,in_distribution,1.0,17561.5625,13973.43359375,76,205,2665,275,205,0,47,9,20,0,0
1452,in_distribution,1.0,17404.466796875,8783.7646484375,98,200,2383,237,200,0,57,21,20,0,0
1453,in_distribution,1.0,17262.486328125,14865.42578125,49,204,1746,250,204,0,15,14,20,0,0
1454,in_distribution,1.0,17240.380859375,10800.5859375,68,201,3017,295,201,0,16,32,20,0,0
1455,in_distribution,1.0,13305.7861328125,9794.0283203125,80,200,2136,174,200,0,42,28,10,0,0
1456,in_distribution,1.0,18401.80859375,14182.6337890625,66,201,2922,270,201,0,13,33,20,0,0
1457,in_distribution,1.0,15673.599609375,3188.075927734375,104,200,1300,141,200,0,28,56,20,0,0
1458,in_distribution,1.0,14703.8994140625,4729.818359375,67,200,1248,126,200,0,25,32,10,0,0
1459,in_distribution,1.0,16440.474609375,7779.08251953125,86,200,2410,249,200,0,41,25,20,0,0
1460,in_distribution,1.0,17103.443359375,11050.37109375,62,200,3038,310,200,0,16,26,20,0,0
1461,in_distribution,1.0,16917.44140625,5921.4287109375,120,200,1527,124,200,0,52,48,20,0,0
1462,in_distribution,1.0,14804.5859375,8951.7333984375,63,200,1788,232,200,0,15,28,20,0,0
1463,in_distribution,1.0,17371.83203125,12027.5625,85,202,2004,263,202,0,39,26,20,0,0
1464,in_distribution,1.0,17148.029296875,12350.572265625,80,200,1952,211,200,0,31,29,20,0,0
1465,in_distribution,1.0,17610.767578125,0.0,86,200,1465,171,200,0,54,12,20,0,0
1466,in_distribution,1.0,16854.302734375,4607.3505859375,69,200,1416,121,200,0,26,23,20,0,0
1467,in_distribution,1.0,15303.849609375,9354.5849609375,79,200,2525,286,200,0,25,34,20,0,0
1468,in_distribution,1.0,15821.478515625,7105.6865234375,105,200,2071,194,200,0,75,10,20,0,0
1469,in_distribution,1.0,17060.0859375,8265.818359375,84,200,1491,169,200,0,29,35,20,0,0
1470,in_distribution,1.0,16862.92578125,8745.2412109375,116,200,2054,214,200,0,70,26,20,0,0
1471,in_distribution,1.0,15606.19140625,7605.5908203125,87,200,2346,200,200,0,47,20,20,0,0
1472,in_distribution,1.0,17467.802734375,6833.921875,114,200,1530,176,200,0,60,34,20,0,0
1473,in_distribution,1.0,15423.21484375,7942.74560546875,108,200,2109,227,200,0,41,47,20,0,0
1474,in_distribution,1.0,14694.734375,11348.7685546875,67,200,2878,348,200,0,31,26,10,0,0
1475,in_distribution,1.0,15444.8896484375,8316.388671875,104,200,2025,214,200,0,51,33,20,0,0
1476,in_distribution,1.0,14890.017578125,11312.2587890625,57,201,1986,193,201,0,22,15,20,0,0
1477,in_distribution,1.0,15985.6865234375,10965.9755859375,85,200,2457,247,200,0,28,37,20,0,0
1478,in_distribution,1.0,16391.09765625,7173.98486328125,104,200,1844,183,200,0,70,14,20,0,0
1479,in_distribution,1.0,16901.791015625,9621.296875,96,200,2194,242,200,0,31,45,20,0,0
1480,in_distribution,1.0,15731.166015625,7216.08740234375,93,200,1874,157,200,0,47,26,20,0,0
1481,in_distribution,1.0,16587.640625,8273.8603515625,111,200,2769,286,200,0,46,45,20,0,0
1482,in_distribution,1.0,19073.02734375,13035.0068359375,70,201,2712,263,201,0,16,34,20,0,0
1483,in_distribution,1.0,14833.2353515625,7124.56640625,104,200,1480,150,200,0,58,26,20,0,0
1484,in_distribution,1.0,14260.109375,7938.177734375,80,200,1559,140,200,0,12,48,20,0,0
1485,in_distribution,1.0,17240.955078125,13274.9033203125,56,208,2810,442,208,0,12,24,20,0,0
1486,in_distribution,1.0,17833.763671875,10193.587890625,64,200,2645,286,200,0,30,14,20,0,0
1487,in_distribution,1.0,16251.45703125,3212.095947265625,105,200,1476,179,200,0,43,42,20,0,0
1488,in_distribution,1.0,17346.498046875,9214.80859375,128,202,2267,310,202,0,72,36,20,0,0
1489,in_distribution,1.0,16870.126953125,10208.38671875,86,200,2415,266,200,0,13,53,20,0,0
1490,in_distribution,1.0,15647.546875,10170.1015625,62,202,2552,304,202,0,28,14,20,0,0
1491,in_distribution,1.0,15276.6455078125,8477.5537109375,87,200,2488,233,200,0,26,41,20,0,0
1492,in_distribution,1.0,15779.7783203125,10357.1884765625,73,202,1615,182,202,0,44,9,20,0,0
1493,in_distribution,1.0,17202.822265625,11899.9638671875,74,200,2936,259,200,0,29,25,20,0,0
1494,in_distribution,1.0,15937.8623046875,9179.044921875,92,200,2963,346,200,0,46,26,20,0,0
1495,in_distribution,1.0,15401.580078125,10331.138671875,69,201,2301,226,201,0,27,22,20,0,0
1496,in_distribution,1.0,14601.7841796875,8987.2548828125,80,200,1850,223,200,0,30,30,20,0,0
1497,in_distribution,1.0,16618.294921875,8572.7685546875,110,201,2299,224,201,0,40,50,20,0,0
1498,in_distribution,1.0,16782.3359375,5807.05224609375,91,200,925,86,200,0,34,37,20,0,0
1499,in_distribution,1.0,15783.5048828125,13203.2138671875,63,201,3072,353,201,0,16,27,20,0,0
1500,in_distribution,1.0,15951.6396484375,9836.642578125,109,201,2544,255,201,0,51,38,20,0,0
1501,in_distribution,1.0,17984.466796875,12291.1103515625,70,204,1713,207,204,0,16,34,20,0,0
1502,in_distribution,1.0,14827.2578125,0.0,49,200,2668,274,200,0,15,14,20,0,0
1503,in_distribution,1.0,15941.69921875,8672.27734375,73,200,1084,179,200,0,28,25,20,0,0
1504,in_distribution,1.0,17663.6171875,0.0,94,200,1681,155,200,0,29,45,20,0,0
1505,in_distribution,1.0,17701.1328125,9969.77734375,86,200,1716,217,200,0,44,22,20,0,0
1506,in_distribution,1.0,16805.44140625,8929.259765625,104,200,2413,246,200,0,74,10,20,0,0
1507,in_distribution,1.0,17932.158203125,13960.2001953125,60,202,3200,374,202,0,25,15,20,0,0
1508,in_distribution,1.0,17728.615234375,13748.328125,55,202,3142,330,202,0,16,19,20,0,0
1509,in_distribution,1.0,15106.447265625,9466.572265625,106,200,1972,207,200,0,76,10,20,0,0
1510,in_distribution,1.0,17815.494140625,10303.4248046875,44,201,2387,237,201,0,14,10,20,0,0
1511,in_distribution,1.0,16227.345703125,9854.3369140625,88,200,2072,251,200,0,23,45,20,0,0
1512,in_distribution,1.0,17838.03125,9914.9384765625,60,200,1419,198,200,0,28,12,20,0,0
1513,in_distribution,1.0,18464.16796875,6270.482421875,100,200,1098,117,200,0,68,12,20,0,0
1514,in_distribution,1.0,13963.400390625,0.0,78,200,2272,232,200,0,29,29,20,0,0
1515,in_distribution,1.0,17664.72265625,10283.4423828125,92,200,2857,279,200,0,58,14,20,0,0
1516,in_distribution,1.0,14610.9853515625,8352.5517578125,88,200,2458,287,200,0,47,21,20,0,0
1517,in_distribution,1.0,15426.392578125,7388.09375,59,200,1869,140,200,0,25,14,20,0,0
1518,in_distribution,1.0,17484.041015625,10020.623046875,95,201,2070,200,201,0,29,46,20,0,0
1519,in_distribution,1.0,16874.578125,6424.2607421875,75,200,2136,191,200,0,30,25,20,0,0
1520,in_distribution,1.0,15346.3779296875,8239.955078125,97,200,2596,273,200,0,27,50,20,0,0
1521,in_distribution,1.0,15484.99609375,9421.509765625,64,200,2000,193,200,0,15,29,20,0,0
1522,in_distribution,1.0,15850.2177734375,0.0,102,200,2323,245,200,0,47,35,20,0,0
1523,in_distribution,1.0,15815.259765625,5462.65283203125,116,200,1814,140,200,0,82,14,20,0,0
1524,in_distribution,1.0,16098.6650390625,8067.16015625,101,200,2062,208,200,0,53,28,20,0,0
1525,in_distribution,0.9,16520.599609375,8619.1044921875,65,200,2351,228,200,0,31,14,20,0,0
1526,in_distribution,1.0,15134.0048828125,11779.28125,120,200,2520,194,200,0,73,37,10,0,0
1527,in_distribution,1.0,16225.2265625,9970.9267578125,71,200,2380,216,200,0,37,14,20,0,0
1528,in_distribution,1.0,16859.259765625,8565.5029296875,66,200,2287,336,200,0,13,33,20,0,0
1529,in_distribution,1.0,14898.2392578125,12597.4921875,52,201,2829,311,201,0,12,20,20,0,0
1530,in_distribution,1.0,17392.1015625,10166.369140625,75,200,2390,249,200,0,45,10,20,0,0
1531,in_distribution,1.0,14596.2666015625,7095.72119140625,91,200,1820,200,200,0,26,45,20,0,0
1532,in_distribution,1.0,16351.314453125,10737.2392578125,87,200,3018,334,200,0,27,40,20,0,0
1533,in_distribution,1.0,16714.16015625,3053.040283203125,68,200,974,118,200,0,36,12,20,0,0
1534,in_distribution,1.0,15915.283203125,12798.15234375,45,202,1982,220,202,0,16,9,20,0,0
1535,in_distribution,1.0,16556.3984375,9107.6669921875,62,200,2370,186,200,0,16,26,20,0,0
1536,in_distribution,1.0,15705.439453125,7122.42919921875,82,200,2008,171,200,0,25,37,20,0,0
1537,in_distribution,1.0,17661.44140625,11831.408203125,97,200,2705,277,200,0,35,42,20,0,0
1538,in_distribution,1.0,14546.8193359375,6945.74462890625,75,200,2074,162,200,0,41,14,20,0,0
1539,in_distribution,1.0,15983.57421875,7698.62109375,80,200,2049,190,200,0,46,14,20,0,0
1540,in_distribution,1.0,16153.7236328125,6834.57666015625,73,200,1657,173,200,0,10,43,20,0,0
1541,in_distribution,1.0,15458.9091796875,9968.630859375,96,200,2468,295,200,0,55,21,20,0,0
1542,in_distribution,1.0,16409.41796875,7083.72021484375,109,200,2052,208,200,0,44,45,20,0,0
1543,in_distribution,1.0,14965.6787109375,0.0,69,201,3208,310,201,0,16,33,20,0,0
1544,in_distribution,1.0,16539.8515625,7189.50634765625,107,200,1800,163,200,0,42,45,20,0,0
1545,in_distribution,1.0,16702.759765625,3237.154052734375,84,200,1900,146,200,0,55,9,20,0,0
1546,in_distribution,1.0,16839.72265625,8694.5048828125,76,200,1971,213,200,0,15,41,20,0,0
1547,in_distribution,1.0,15555.3994140625,9488.1953125,69,200,2339,281,200,0,31,18,20,0,0
1548,in_distribution,1.0,17037.96875,10609.412109375,82,200,1378,192,200,0,44,18,20,0,0
1549,in_distribution,1.0,16709.162109375,9738.7265625,92,200,1985,195,200,0,29,43,20,0,0
1550,in_distribution,1.0,16182.658203125,10970.3515625,94,200,2352,185,200,0,60,14,20,0,0
1551,in_distribution,1.0,17261.498046875,9077.9931640625,103,200,1912,203,200,0,62,21,20,0,0
1552,in_distribution,1.0,15544.490234375,4483.517578125,146,200,2053,179,200,0,81,45,20,0,0
1553,in_distribution,1.0,16970.392578125,10666.6103515625,78,200,2244,225,200,0,32,26,20,0,0
1554,in_distribution,1.0,16685.060546875,8670.5966796875,86,200,2312,197,200,0,29,37,20,0,0
1555,in_distribution,1.0,17737.509765625,13216.46875,97,200,2847,294,200,0,32,45,20,0,0
1556,in_distribution,1.0,15642.26953125,13410.6455078125,49,202,2906,349,202,0,15,14,20,0,0
1557,in_distribution,1.0,14754.1181640625,6127.10107421875,75,200,1264,152,200,0,32,23,20,0,0
1558,in_distribution,1.0,17306.087890625,10618.2685546875,61,200,1501,168,200,0,30,11,20,0,0
1559,in_distribution,1.0,16535.314453125,13100.2041015625,52,200,2800,332,200,0,12,20,20,0,0
1560,in_distribution,1.0,17483.67578125,0.0,74,200,2556,234,200,0,45,9,20,0,0
1561,in_distribution,1.0,16024.685546875,6112.16845703125,79,200,1453,147,200,0,29,30,20,0,0
1562,in_distribution,1.0,15768.58203125,10305.3623046875,75,201,1391,129,201,0,29,26,20,0,0
1563,in_distribution,1.0,11661.5400390625,8377.984375,94,200,1915,188,200,0,47,37,10,0,0
1564,in_distribution,1.0,15120.6259765625,12048.90234375,63,201,3252,342,201,0,15,28,20,0,0
1565,in_distribution,1.0,16746.37109375,8418.34375,86,200,1628,188,200,0,52,14,20,0,0
1566,in_distribution,1.0,14450.0673828125,8727.275390625,69,201,1931,188,201,0,27,22,20,0,0
1567,in_distribution,1.0,17184.990234375,10451.8857421875,95,200,1797,195,200,0,42,33,20,0,0
1568,in_distribution,1.0,16258.4150390625,11449.7978515625,77,200,1471,164,200,0,14,43,20,0,0
1569,in_distribution,1.0,15057.5595703125,11185.521484375,71,201,1801,172,201,0,30,21,20,0,0
1570,in_distribution,1.0,15299.19140625,9200.4970703125,108,200,2685,286,200,0,66,22,20,0,0
1571,in_distribution,1.0,16410.666015625,5885.51416015625,108,200,1534,162,200,0,62,26,20,0,0
1572,in_distribution,1.0,16156.1298828125,9639.3671875,112,200,2190,243,200,0,42,50,20,0,0
1573,in_distribution,1.0,16037.55078125,9503.0283203125,53,200,2057,189,200,0,11,22,20,0,0
1574,in_distribution,1.0,15816.0546875,13691.96875,46,202,1934,216,202,0,15,11,20,0,0
1575,in_distribution,1.0,18179.580078125,11695.7138671875,69,200,2832,261,200,0,16,33,20,0,0
1576,in_distribution,1.0,17274.734375,10978.5908203125,80,201,2332,308,201,0,24,36,20,0,0
1577,in_distribution,1.0,14994.05078125,11203.5205078125,45,202,2504,287,202,0,16,9,20,0,0
1578,in_distribution,1.0,16884.220703125,8651.310546875,106,200,2134,212,200,0,69,17,20,0,0
1579,in_distribution,1.0,15002.1171875,3860.9658203125,113,200,1515,158,200,0,59,34,20,0,0
1580,in_distribution,1.0,14216.9833984375,9649.384765625,117,200,2014,279,200,0,47,60,10,0,0
1581,in_distribution,1.0,16565.359375,6885.62451171875,93,200,2241,229,200,0,39,34,20,0,0
1582,in_distribution,1.0,15446.4169921875,12325.1044921875,68,201,2901,359,201,0,31,17,20,0,0
1583,in_distribution,1.0,16196.712890625,8405.060546875,45,200,2246,242,200,0,16,9,20,0,0
1584,in_distribution,1.0,15482.4404296875,6052.10498046875,92,200,1667,145,200,0,46,26,20,0,0
1585,in_distribution,1.0,15766.3154296875,7229.14697265625,82,200,1978,133,200,0,45,17,20,0,0
1586,in_distribution,1.0,15005.4814453125,6565.33642578125,66,200,1995,201,200,0,12,34,20,0,0
1587,in_distribution,1.0,16540.75390625,8050.42822265625,82,200,1452,186,200,0,21,41,20,0,0
1588,in_distribution,1.0,15340.513671875,0.0,66,200,1995,172,200,0,9,37,20,0,0
1589,in_distribution,1.0,15139.49609375,0.0,79,200,2508,256,200,0,38,21,20,0,0
1590,in_distribution,1.0,16577.52734375,5754.28955078125,179,200,1669,172,200,0,150,9,20,0,0
1591,in_distribution,1.0,16339.828125,8840.58984375,66,201,2409,254,201,0,25,21,20,0,0
1592,in_distribution,1.0,17182.791015625,10421.029296875,88,200,2770,315,200,0,32,36,20,0,0
1593,in_distribution,1.0,15824.3671875,0.0,62,200,2161,231,200,0,32,10,20,0,0
1594,in_distribution,1.0,16147.0048828125,0.0,88,200,2140,209,200,0,44,24,20,0,0
1595,in_distribution,1.0,18321.951171875,9620.5048828125,69,200,2190,260,200,0,25,24,20,0,0
1596,in_distribution,1.0,18441.798828125,8033.11474609375,77,200,1823,215,200,0,44,13,20,0,0
1597,in_distribution,1.0,16412.240234375,10184.2216796875,74,201,2599,273,201,0,16,38,20,0,0
1598,in_distribution,1.0,15538.9580078125,7147.9853515625,86,200,2661,271,200,0,45,21,20,0,0
1599,in_distribution,1.0,15961.7373046875,10867.341796875,72,201,2773,292,201,0,15,37,20,0,0
1600,in_distribution,1.0,15400.640625,11800.3671875,74,200,2904,313,200,0,31,23,20,0,0
1601,in_distribution,1.0,17930.234375,15102.900390625,66,202,2649,305,202,0,12,34,20,0,0
1602,in_distribution,1.0,17064.48046875,9778.619140625,79,200,2554,258,200,0,45,14,20,0,0
1603,in_distribution,1.0,16971.056640625,9775.5361328125,48,200,1881,169,200,0,7,21,20,0,0
1604,in_distribution,1.0,16477.53125,3735.9140625,78,200,1318,152,200,0,24,34,20,0,0
1605,in_distribution,1.0,16946.388671875,13144.4677734375,76,201,1539,197,201,0,29,27,20,0,0
1606,in_distribution,1.0,17444.50390625,4602.375,50,200,1302,151,200,0,10,20,20,0,0
1607,in_distribution,1.0,13678.8447265625,7851.77001953125,66,201,2531,256,201,0,15,41,10,0,0
1608,in_distribution,1.0,17069.994140625,9395.9130859375,86,200,1877,247,200,0,38,28,20,0,0
1609,in_distribution,1.0,15316.552734375,6658.37109375,102,200,2213,223,200,0,57,25,20,0,0
1610,in_distribution,1.0,15791.341796875,12255.59375,59,201,2757,362,201,0,16,23,20,0,0
1611,in_distribution,1.0,16064.5869140625,7480.00146484375,110,200,2518,260,200,0,30,60,20,0,0
1612,in_distribution,1.0,16463.982421875,7989.5390625,107,200,2015,207,200,0,53,34,20,0,0
1613,in_distribution,1.0,14825.8642578125,7542.91162109375,102,200,1736,227,200,0,59,23,20,0,0
1614,in_distribution,1.0,16297.826171875,12159.111328125,71,202,3146,389,202,0,26,25,20,0,0
1615,in_distribution,1.0,17931.8125,14835.3984375,57,213,2125,349,213,0,14,23,20,0,0
1616,in_distribution,1.0,15562.2900390625,7828.45654296875,74,200,2297,210,200,0,44,10,20,0,0
1617,in_distribution,1.0,15596.828125,13306.1669921875,63,203,2910,335,203,0,16,27,20,0,0
1618,in_distribution,1.0,15682.3955078125,10945.947265625,61,201,2641,271,201,0,16,25,20,0,0
1619,in_distribution,1.0,17597.703125,5864.65185546875,110,200,800,118,200,0,29,61,20,0,0
1620,in_distribution,1.0,15941.0126953125,9372.1455078125,79,200,2668,248,200,0,45,14,20,0,0
1621,in_distribution,1.0,16457.775390625,0.0,82,200,1595,185,200,0,27,35,20,0,0
1622,in_distribution,1.0,15825.1533203125,7668.0458984375,81,200,2199,214,200,0,15,46,20,0,0
1623,in_distribution,1.0,15940.2392578125,2689.555419921875,91,200,1047,81,200,0,48,23,20,0,0
1624,in_distribution,1.0,15700.5390625,7148.04345703125,83,200,2123,248,200,0,28,35,20,0,0
1625,in_distribution,1.0,15571.0703125,8072.94677734375,70,201,2254,231,201,0,29,21,20,0,0
1626,in_distribution,1.0,17261.1875,10024.55078125,72,201,1874,179,201,0,23,29,20,0,0
1627,in_distribution,0.9,18234.52734375,10784.806640625,61,200,3011,392,200,0,16,25,20,0,0
1628,in_distribution,1.0,17225.861328125,7086.01171875,81,200,1750,176,200,0,15,46,20,0,0
1629,in_distribution,1.0,18109.841796875,3242.6337890625,60,200,969,102,200,0,20,20,20,0,0
1630,in_distribution,1.0,16658.212890625,7539.02685546875,78,200,2414,216,200,0,48,10,20,0,0
1631,in_distribution,1.0,18333.826171875,10958.1259765625,85,200,2396,263,200,0,27,38,20,0,0
1632,in_distribution,1.0,16040.501953125,4776.5546875,95,200,908,121,200,0,27,48,20,0,0
1633,in_distribution,1.0,15499.9716796875,0.0,92,200,2147,203,200,0,42,30,20,0,0
1634,in_distribution,1.0,17680.662109375,8361.75,44,200,1640,170,200,0,14,10,20,0,0
1635,in_distribution,1.0,17201.26171875,8207.9072265625,46,200,1780,252,200,0,13,13,20,0,0
1636,in_distribution,1.0,18584.421875,4559.00146484375,71,200,1121,142,200,0,39,12,20,0,0
1637,in_distribution,1.0,15572.1015625,10455.5478515625,49,200,2336,252,200,0,15,14,20,0,0
1638,in_distribution,1.0,14114.9970703125,8861.6494140625,77,200,2226,215,200,0,31,26,20,0,0
1639,in_distribution,1.0,17488.318359375,8334.435546875,96,200,2529,267,200,0,47,29,20,0,0
1640,in_distribution,1.0,16565.939453125,9526.5322265625,106,200,2458,246,200,0,47,39,20,0,0
1641,in_distribution,1.0,16904.083984375,0.0,93,200,1109,147,200,0,51,22,20,0,0
1642,in_distribution,1.0,17588.125,7637.5810546875,109,200,2176,199,200,0,45,44,20,0,0
1643,in_distribution,1.0,15611.3525390625,6869.3701171875,80,200,1845,188,200,0,30,30,20,0,0
1644,in_distribution,1.0,11999.8310546875,8665.2236328125,52,200,2276,240,200,0,26,16,10,0,0
1645,in_distribution,1.0,13039.3984375,5596.14208984375,94,200,1889,155,200,0,47,37,10,0,0
1646,in_distribution,1.0,15207.9345703125,10813.9609375,76,200,3065,375,200,0,14,42,20,0,0
1647,in_distribution,1.0,15397.6484375,9669.1455078125,111,200,2649,241,200,0,44,57,10,0,0
1648,in_distribution,1.0,18477.28515625,10186.4560546875,77,200,2264,239,200,0,31,26,20,0,0
1649,in_distribution,1.0,17195.900390625,12868.361328125,64,203,2971,279,203,0,30,14,20,0,0
1650,in_distribution,1.0,16647.9375,4934.6943359375,125,200,1806,175,200,0,96,9,20,0,0
1651,in_distribution,1.0,16962.48828125,11895.9287109375,58,200,2525,224,200,0,13,25,20,0,0
1652,in_distribution,1.0,16506.201171875,6346.17626953125,147,200,1782,179,200,0,68,59,20,0,0
1653,in_distribution,1.0,14875.0185546875,0.0,93,200,1639,174,200,0,16,57,20,0,0
1654,in_distribution,1.0,17957.767578125,7308.6982421875,87,200,1917,166,200,0,32,35,20,0,0
1655,in_distribution,1.0,16741.9765625,3036.590576171875,122,200,914,102,200,0,68,34,20,0,0
1656,in_distribution,1.0,16026.5224609375,10235.556640625,81,200,1917,226,200,0,47,14,20,0,0
1657,in_distribution,1.0,17925.61328125,6623.8662109375,108,200,1839,165,200,0,49,39,20,0,0
1658,in_distribution,1.0,16156.95703125,6159.77294921875,64,200,1605,140,200,0,14,30,20,0,0
1659,in_distribution,1.0,17354.154296875,12404.0263671875,76,203,1162,184,203,0,28,28,20,0,0
1660,in_distribution,1.0,15497.7197265625,10097.474609375,80,200,2108,220,200,0,39,21,20,0,0
1661,in_distribution,1.0,15241.142578125,8002.5869140625,83,200,1891,177,200,0,43,20,20,0,0
1662,in_distribution,1.0,14901.1572265625,8815.0810546875,75,200,2828,350,200,0,30,25,20,0,0
1663,in_distribution,1.0,16067.759765625,9971.8564453125,107,200,2546,321,200,0,31,56,20,0,0
1664,in_distribution,1.0,15063.2177734375,10484.6357421875,64,201,2490,275,201,0,12,32,20,0,0
1665,in_distribution,1.0,15713.6376953125,7330.212890625,96,200,1817,177,200,0,54,22,20,0,0
1666,in_distribution,1.0,16317.671875,6870.07470703125,84,200,1956,183,200,0,42,22,20,0,0
1667,in_distribution,1.0,15873.162109375,8992.8916015625,96,200,1975,227,200,0,15,61,20,0,0
1668,in_distribution,1.0,16122.7099609375,5247.5478515625,92,200,1175,136,200,0,43,29,20,0,0
1669,in_distribution,1.0,16592.048828125,8024.9482421875,87,200,1666,141,200,0,32,35,20,0,0
1670,in_distribution,1.0,18205.03515625,0.0,129,200,1650,185,200,0,72,37,20,0,0
1671,in_distribution,1.0,15420.119140625,9855.0224609375,97,201,2888,338,201,0,43,34,20,0,0
1672,in_distribution,1.0,16617.51171875,9955.90234375,90,200,1951,225,200,0,41,29,20,0,0
1673,in_distribution,0.9,16669.64453125,12896.1767578125,60,200,2999,320,200,0,14,26,20,0,0
1674,in_distribution,1.0,16156.740234375,6350.80810546875,85,200,2481,223,200,0,43,22,20,0,0
1675,in_distribution,1.0,17423.986328125,12667.4794921875,75,201,2541,317,201,0,30,25,20,0,0
1676,in_distribution,1.0,16177.0556640625,8043.51611328125,70,200,2303,228,200,0,27,23,20,0,0
1677,in_distribution,1.0,16022.9697265625,8129.39697265625,80,200,2574,223,200,0,37,23,20,0,0
1678,in_distribution,1.0,17719.830078125,7370.072265625,64,200,947,135,200,0,16,28,20,0,0
1679,in_distribution,1.0,17456.423828125,14304.47265625,70,205,1120,216,205,0,29,21,20,0,0
1680,in_distribution,1.0,12867.9287109375,10059.2802734375,53,200,2034,235,200,0,15,28,10,0,0
1681,in_distribution,1.0,15813.966796875,7416.72900390625,148,200,2298,249,200,0,104,24,20,0,0
1682,in_distribution,1.0,17634.517578125,10859.5107421875,62,200,2725,307,200,0,16,26,20,0,0
1683,in_distribution,1.0,16438.375,10564.970703125,75,200,2565,262,200,0,15,40,20,0,0
1684,in_distribution,1.0,17925.408203125,0.0,75,200,2027,172,200,0,34,21,20,0,0
1685,in_distribution,1.0,16047.5751953125,8137.0107421875,87,200,2025,154,200,0,56,11,20,0,0
1686,in_distribution,1.0,17318.208984375,7552.6357421875,101,200,2037,230,200,0,42,39,20,0,0
1687,in_distribution,1.0,16519.587890625,8536.548828125,83,200,1587,166,200,0,14,49,20,0,0
1688,in_distribution,1.0,16493.029296875,9867.3154296875,107,200,2588,231,200,0,65,22,20,0,0
1689,in_distribution,1.0,17144.7734375,0.0,75,200,1614,178,200,0,28,27,20,0,0
1690,in_distribution,1.0,15506.5048828125,6446.69384765625,106,200,1836,180,200,0,52,34,20,0,0
1691,in_distribution,1.0,17289.552734375,9973.775390625,96,200,1646,244,200,0,54,22,20,0,0
1692,in_distribution,1.0,16392.52734375,5662.19384765625,84,200,1672,166,200,0,36,28,20,0,0
1693,in_distribution,1.0,15636.9326171875,11484.40234375,63,205,1703,270,205,0,16,27,20,0,0
1694,in_distribution,1.0,16108.3076171875,8314.5517578125,71,200,1884,203,200,0,22,29,20,0,0
1695,in_distribution,1.0,15169.1337890625,14576.7158203125,46,203,2460,333,203,0,13,13,20,0,0
1696,in_distribution,1.0,17494.1328125,12417.5244140625,93,200,2086,226,200,0,29,44,20,0,0
1697,in_distribution,1.0,18713.669921875,10462.6103515625,45,200,2166,257,200,0,13,12,20,0,0
1698,in_distribution,1.0,18004.640625,0.0,128,200,2125,195,200,0,75,33,20,0,0
1699,in_distribution,1.0,15571.5244140625,8498.8603515625,101,200,1159,110,200,0,57,24,20,0,0
1700,in_distribution,1.0,16219.15234375,7506.6943359375,113,200,1834,164,200,0,71,22,20,0,0
1701,in_distribution,1.0,15614.7255859375,9190.0888671875,56,200,2034,226,200,0,26,10,20,0,0
1702,in_distribution,1.0,16574.552734375,8006.39599609375,54,200,1636,164,200,0,11,23,20,0,0
1703,in_distribution,1.0,15301.3349609375,5781.50830078125,96,200,1801,174,200,0,46,30,20,0,0
1704,in_distribution,1.0,16486.408203125,13406.693359375,45,202,1989,248,202,0,16,9,20,0,0
1705,in_distribution,1.0,16702.580078125,8551.271484375,105,200,1865,229,200,0,42,43,20,0,0
1706,in_distribution,1.0,17117.55859375,4247.24853515625,97,200,1681,150,200,0,58,19,20,0,0
1707,in_distribution,1.0,15884.7158203125,10261.890625,77,201,2181,268,201,0,48,9,20,0,0
1708,in_distribution,1.0,12524.12109375,4513.826171875,76,200,1919,159,200,0,27,39,10,0,0
1709,in_distribution,1.0,12332.1708984375,8079.119140625,52,200,2204,155,200,0,26,16,10,0,0
1710,in_distribution,1.0,17720.59765625,9214.771484375,103,200,2574,265,200,0,63,20,20,0,0
1711,in_distribution,1.0,16201.5751953125,7845.24658203125,79,200,2701,213,200,0,45,14,20,0,0
1712,in_distribution,1.0,16091.921875,12987.0791015625,70,202,2773,290,202,0,28,32,10,0,0
1713,in_distribution,1.0,16663.3203125,12609.0166015625,97,201,1036,141,201,0,55,22,20,0,0
1714,in_distribution,1.0,17450.974609375,7261.9013671875,91,200,1747,195,200,0,30,41,20,0,0
1715,in_distribution,1.0,17181.14453125,12890.431640625,55,202,2043,214,202,0,14,21,20,0,0
1716,in_distribution,1.0,14195.47265625,0.0,72,201,2362,248,201,0,26,26,20,0,0
1717,in_distribution,1.0,17457.404296875,6468.623046875,79,200,1162,122,200,0,37,22,20,0,0
1718,in_distribution,1.0,15932.7744140625,8325.3818359375,65,200,2323,214,200,0,31,14,20,0,0
1719,in_distribution,1.0,14594.7177734375,4490.876953125,99,200,1559,177,200,0,31,48,20,0,0
1720,in_distribution,1.0,15267.9697265625,6863.0947265625,68,200,1834,163,200,0,27,21,20,0,0
1721,in_distribution,1.0,13927.7529296875,10141.48046875,63,200,2989,282,200,0,16,27,20,0,0
1722,in_distribution,1.0,15173.052734375,3456.882080078125,89,200,1176,143,200,0,23,46,20,0,0
1723,in_distribution,1.0,16114.7197265625,5918.3173828125,80,200,1482,138,200,0,31,29,20,0,0
1724,in_distribution,1.0,16307.5126953125,9147.2265625,72,200,1940,184,200,0,27,25,20,0,0
1725,in_distribution,1.0,14205.53515625,3509.3193359375,74,200,1575,152,200,0,39,15,20,0,0
1726,in_distribution,1.0,16308.3330078125,4593.56494140625,64,200,1503,139,200,0,23,21,20,0,0
1727,in_distribution,1.0,17392.30078125,0.0,126,200,941,126,200,0,80,26,20,0,0
1728,in_distribution,1.0,17123.490234375,10815.490234375,103,200,2722,319,200,0,57,26,20,0,0
1729,in_distribution,1.0,16248.728515625,0.0,95,200,2171,208,200,0,56,19,20,0,0
1730,in_distribution,1.0,16596.1796875,6013.607421875,80,200,1093,142,200,0,38,22,20,0,0
1731,in_distribution,1.0,15279.2578125,11764.2900390625,95,200,2603,269,200,0,31,54,10,0,0
1732,in_distribution,1.0,16484.76953125,5725.54931640625,71,200,1722,158,200,0,28,23,20,0,0
1733,in_distribution,1.0,14593.103515625,6233.6259765625,105,200,1983,184,200,0,59,26,20,0,0
1734,in_distribution,1.0,17128.54296875,13041.453125,59,202,2710,236,202,0,15,24,20,0,0
1735,in_distribution,1.0,15287.095703125,7276.01220703125,87,200,1955,197,200,0,58,9,20,0,0
1736,in_distribution,1.0,13271.02734375,8553.19921875,81,200,2304,200,200,0,40,31,10,0,0
1737,in_distribution,1.0,16472.462890625,5671.26171875,99,200,1296,110,200,0,53,26,20,0,0
1738,in_distribution,1.0,14558.2890625,10480.5947265625,70,200,2141,232,200,0,29,21,20,0,0
1739,in_distribution,1.0,16775.126953125,10967.1357421875,74,200,2323,232,200,0,29,25,20,0,0
1740,in_distribution,1.0,16853.005859375,12219.685546875,49,201,2443,228,201,0,15,14,20,0,0
1741,in_distribution,1.0,16771.74609375,8883.849609375,72,200,2335,219,200,0,42,10,20,0,0
1742,in_distribution,1.0,17921.212890625,4974.10791015625,107,200,1710,203,200,0,53,34,20,0,0
1743,in_distribution,1.0,16815.5625,5787.73486328125,95,200,1842,197,200,0,15,60,20,0,0
1744,in_distribution,1.0,17694.740234375,5568.28955078125,98,200,1059,123,200,0,27,51,20,0,0
1745,in_distribution,0.9,16955.82421875,14689.9140625,58,202,2657,332,202,0,15,23,20,0,0
1746,in_distribution,1.0,16716.169921875,7924.8681640625,87,200,2236,207,200,0,32,35,20,0,0
1747,in_distribution,1.0,15808.6279296875,11291.7724609375,105,200,2438,215,200,0,41,44,20,0,0
1748,in_distribution,1.0,15489.4375,7314.341796875,46,200,1692,205,200,0,15,11,20,0,0
1749,in_distribution,1.0,14072.693359375,10393.5380859375,75,200,2419,229,200,0,30,25,20,0,0
1750,in_distribution,1.0,16260.7548828125,4952.841796875,118,200,2158,182,200,0,58,40,20,0,0
1751,in_distribution,1.0,16657.60546875,5245.607421875,116,200,1713,151,200,0,71,25,20,0,0
1752,in_distribution,1.0,15042.7548828125,8632.72265625,125,200,1860,186,200,0,52,53,20,0,0
1753,in_distribution,1.0,12844.279296875,8857.5751953125,107,200,2096,222,200,0,58,39,10,0,0
1754,in_distribution,1.0,15598.0439453125,7875.251953125,85,200,2388,282,200,0,43,22,20,0,0
1755,in_distribution,1.0,16588.716796875,9116.283203125,114,200,1902,158,200,0,85,9,20,0,0
1756,in_distribution,1.0,17471.263671875,7909.443359375,105,200,2584,252,200,0,28,57,20,0,0
1757,in_distribution,1.0,19019.658203125,13188.4267578125,59,200,3390,366,200,0,14,25,20,0,0
1758,in_distribution,1.0,15617.0654296875,7030.716796875,80,200,1942,156,200,0,27,33,20,0,0
1759,in_distribution,1.0,16226.00390625,6912.265625,119,200,1768,116,200,0,90,9,20,0,0
1760,in_distribution,1.0,15932.08984375,11994.9892578125,53,201,2672,233,201,0,13,20,20,0,0
1761,in_distribution,1.0,16229.169921875,11683.482421875,87,201,2027,233,201,0,30,37,20,0,0
1762,in_distribution,1.0,16028.1376953125,4738.9091796875,120,200,2087,168,200,0,74,26,20,0,0
1763,in_distribution,1.0,16022.248046875,4951.74609375,77,200,1494,132,200,0,28,29,20,0,0
1764,in_distribution,1.0,13994.326171875,12109.1875,74,202,2530,215,202,0,16,38,20,0,0
1765,in_distribution,1.0,16334.19140625,5178.81103515625,126,200,1625,186,200,0,45,61,20,0,0
1766,in_distribution,1.0,16557.388671875,0.0,83,200,2424,282,200,0,30,33,20,0,0
1767,in_distribution,1.0,15279.5576171875,13076.8505859375,45,203,1957,251,203,0,16,9,20,0,0
1768,in_distribution,1.0,17080.642578125,7284.32080078125,88,200,2110,175,200,0,46,22,20,0,0
1769,in_distribution,1.0,14596.9482421875,0.0,125,200,2502,219,200,0,57,48,20,0,0
1770,in_distribution,1.0,16531.169921875,0.0,71,200,2592,272,200,0,27,24,20,0,0
1771,in_distribution,1.0,16035.59765625,7434.0615234375,85,200,2090,204,200,0,40,25,20,0,0
1772,in_distribution,1.0,17384.763671875,5761.90185546875,107,200,1482,179,200,0,69,18,20,0,0
1773,in_distribution,1.0,15498.5068359375,4347.57470703125,129,200,1439,165,200,0,67,42,20,0,0
1774,in_distribution,1.0,16475.46875,5759.05224609375,96,200,1982,153,200,0,47,29,20,0,0
1775,in_distribution,1.0,16292.2451171875,0.0,95,200,2094,192,200,0,55,20,20,0,0
1776,in_distribution,1.0,16439.974609375,3989.919189453125,77,200,1486,97,200,0,25,32,20,0,0
1777,in_distribution,1.0,14388.83203125,7411.37548828125,53,200,2170,206,200,0,15,18,20,0,0
1778,in_distribution,1.0,14795.5234375,4085.1455078125,76,200,1511,150,200,0,42,14,20,0,0
1779,in_distribution,1.0,17591.74609375,10147.892578125,122,200,1843,198,200,0,75,27,20,0,0
1780,in_distribution,1.0,18743.833984375,12738.7451171875,78,200,1730,189,200,0,45,13,20,0,0
1781,in_distribution,1.0,17672.76171875,3681.437255859375,94,200,1255,182,200,0,59,15,20,0,0
1782,in_distribution,1.0,15343.998046875,9717.671875,96,200,2144,220,200,0,26,50,20,0,0
1783,in_distribution,1.0,14904.4345703125,8995.2919921875,82,200,2341,229,200,0,25,37,20,0,0
1784,in_distribution,1.0,15101.77734375,11995.5732421875,95,201,3162,360,201,0,47,28,20,0,0
1785,in_distribution,1.0,18002.1328125,7712.27978515625,98,200,1836,229,200,0,38,40,20,0,0
1786,in_distribution,1.0,18000.04296875,10915.5556640625,66,201,2846,329,201,0,16,30,20,0,0
1787,in_distribution,1.0,15076.6962890625,12684.1376953125,64,202,2771,333,202,0,24,20,20,0,0
1788,in_distribution,1.0,16763.068359375,0.0,101,200,2127,214,200,0,45,36,20,0,0
1789,in_distribution,1.0,16679.77734375,9219.0751953125,111,200,1966,209,200,0,60,31,20,0,0
1790,in_distribution,1.0,16636.5078125,11038.431640625,127,200,2790,264,200,0,74,33,20,0,0
1791,in_distribution,1.0,16726.720703125,13022.7626953125,110,203,2924,455,203,0,31,59,20,0,0
1792,in_distribution,1.0,18100.4921875,10009.443359375,58,201,2021,203,201,0,16,22,20,0,0
1793,in_distribution,1.0,17307.658203125,7138.38623046875,144,200,1847,169,200,0,86,38,20,0,0
1794,in_distribution,1.0,15699.66796875,7351.0751953125,80,200,1601,165,200,0,12,48,20,0,0
1795,in_distribution,1.0,16341.533203125,8416.7548828125,82,201,2149,192,201,0,15,47,20,0,0
1796,in_distribution,1.0,17785.27734375,11248.0439453125,133,200,2535,252,200,0,55,58,20,0,0
1797,in_distribution,1.0,16842.837890625,14261.2177734375,45,202,1915,214,202,0,16,9,20,0,0
1798,in_distribution,1.0,17985.9765625,12921.064453125,73,200,2052,264,200,0,27,26,20,0,0
1799,in_distribution,1.0,16387.705078125,4402.5654296875,104,200,943,105,200,0,55,29,20,0,0
1800,in_distribution,1.0,17824.59765625,8480.2138671875,46,200,2124,215,200,0,13,13,20,0,0
1801,in_distribution,0.9,12782.8935546875,11013.521484375,85,200,3220,371,200,0,41,24,20,0,0
1802,in_distribution,1.0,16576.130859375,14114.7080078125,62,201,2951,352,201,0,31,11,20,0,0
1803,in_distribution,1.0,17303.669921875,10923.755859375,74,200,2704,293,200,0,25,29,20,0,0
1804,in_distribution,1.0,16230.892578125,8277.984375,83,200,1871,171,200,0,30,33,20,0,0
1805,in_distribution,1.0,16835.642578125,6364.767578125,71,200,2352,210,200,0,29,22,20,0,0
1806,in_distribution,1.0,17755.203125,8126.3896484375,129,200,2041,203,200,0,53,56,20,0,0
1807,in_distribution,1.0,16692.357421875,11395.6201171875,69,202,2951,402,202,0,28,21,20,0,0
1808,in_distribution,1.0,16088.2060546875,10112.6083984375,56,201,1539,200,201,0,14,22,20,0,0
1809,in_distribution,1.0,15591.646484375,10374.306640625,61,200,2108,203,200,0,15,26,20,0,0
1810,in_distribution,1.0,15126.4306640625,4459.33251953125,96,200,1436,143,200,0,39,37,20,0,0
1811,in_distribution,1.0,15847.0556640625,7035.646484375,123,200,1811,198,200,0,93,10,20,0,0
1812,in_distribution,1.0,15084.234375,8679.7158203125,71,200,1850,163,200,0,22,29,20,0,0
1813,in_distribution,1.0,17618.2109375,4404.06005859375,79,200,1329,153,200,0,45,14,20,0,0
1814,in_distribution,1.0,16928.41796875,7203.40576171875,65,200,1414,212,200,0,23,22,20,0,0
1815,in_distribution,1.0,13942.6982421875,12408.0849609375,53,200,2500,242,200,0,15,28,10,0,0
1816,in_distribution,1.0,16341.0244140625,8757.3125,66,201,2866,254,201,0,16,30,20,0,0
1817,in_distribution,1.0,15186.6845703125,6294.37890625,126,200,1503,168,200,0,96,10,20,0,0
1818,in_distribution,1.0,15188.994140625,6652.06689453125,139,200,1624,211,200,0,97,22,20,0,0
1819,in_distribution,1.0,16316.03125,8170.19921875,76,200,2253,249,200,0,15,41,20,0,0
1820,in_distribution,1.0,17613.734375,8614.359375,119,200,1882,174,200,0,59,40,20,0,0
1821,in_distribution,1.0,16569.791015625,13941.5234375,59,201,2676,221,201,0,30,9,20,0,0
1822,in_distribution,1.0,16164.5263671875,11316.873046875,96,200,2712,244,200,0,16,60,20,0,0
1823,in_distribution,1.0,15298.001953125,7281.18896484375,116,200,2420,238,200,0,46,50,20,0,0
1824,in_distribution,1.0,17334.7265625,14516.8154296875,76,201,2424,301,201,0,45,11,20,0,0
1825,in_distribution,1.0,15730.3408203125,7472.166015625,89,200,2149,202,200,0,60,9,20,0,0
1826,in_distribution,1.0,16038.8994140625,0.0,83,200,1731,177,200,0,29,34,20,0,0
1827,in_distribution,1.0,17301.146484375,6778.26318359375,132,200,1767,151,200,0,77,35,20,0,0
1828,in_distribution,1.0,17925.78515625,8687.8515625,85,200,1299,146,200,0,44,21,20,0,0
1829,in_distribution,1.0,17818.45703125,0.0,65,200,2151,199,200,0,31,14,20,0,0
1830,in_distribution,1.0,15772.443359375,7939.27734375,106,200,2399,206,200,0,64,22,20,0,0
1831,in_distribution,1.0,14389.7578125,11709.2099609375,44,201,2561,284,201,0,14,10,20,0,0
1832,in_distribution,1.0,13666.1591796875,8436.451171875,93,200,1841,221,200,0,40,43,10,0,0
1833,in_distribution,1.0,16111.2880859375,7803.552734375,127,200,2286,212,200,0,72,35,20,0,0
1834,in_distribution,1.0,16364.2861328125,10131.72265625,76,201,2211,231,201,0,14,42,20,0,0
1835,in_distribution,1.0,16343.4033203125,8811.529296875,69,200,2237,216,200,0,22,27,20,0,0
1836,in_distribution,1.0,16698.318359375,8933.240234375,74,200,1959,238,200,0,27,27,20,0,0
1837,in_distribution,1.0,14421.1181640625,12254.3681640625,48,200,3108,325,200,0,13,15,20,0,0
1838,in_distribution,1.0,14140.4873046875,5959.71142578125,70,201,1667,144,201,0,14,36,20,0,0
1839,in_distribution,1.0,15499.7041015625,13657.1708984375,54,201,2580,276,201,0,12,32,10,0,0
1840,in_distribution,1.0,17978.8515625,7528.35888671875,82,200,2036,183,200,0,27,35,20,0,0
1841,in_distribution,1.0,16075.94140625,10997.1884765625,77,200,2657,272,200,0,44,13,20,0,0
1842,in_distribution,1.0,18396.716796875,6320.59912109375,106,200,1638,173,200,0,57,29,20,0,0
1843,in_distribution,1.0,15307.5693359375,5258.451171875,139,200,1771,188,200,0,71,48,20,0,0
1844,in_distribution,1.0,14734.99609375,6503.4375,88,200,2052,174,200,0,46,22,20,0,0
1845,in_distribution,1.0,18011.19921875,10942.517578125,73,200,2560,282,200,0,32,21,20,0,0
1846,in_distribution,1.0,17498.44921875,7707.54248046875,105,200,1808,192,200,0,43,42,20,0,0
1847,in_distribution,1.0,16206.2021484375,6948.412109375,90,200,1831,151,200,0,44,26,20,0,0
1848,in_distribution,1.0,17627.779296875,8785.9892578125,88,200,2245,282,200,0,59,9,20,0,0
1849,in_distribution,1.0,17818.599609375,12615.99609375,78,200,3020,308,200,0,44,14,20,0,0
1850,in_distribution,1.0,17047.376953125,7285.8994140625,99,200,2292,170,200,0,42,37,20,0,0
1851,in_distribution,1.0,16948.9921875,10064.1708984375,70,201,2931,327,201,0,11,39,20,0,0
1852,in_distribution,1.0,17199.744140625,8815.6376953125,93,200,2231,218,200,0,63,10,20,0,0
1853,in_distribution,1.0,15691.3896484375,7611.80419921875,60,200,2568,266,200,0,30,10,20,0,0
1854,in_distribution,1.0,17862.310546875,0.0,126,200,1139,140,200,0,94,12,20,0,0
1855,in_distribution,1.0,15301.7041015625,0.0,92,200,1663,185,200,0,42,30,20,0,0
1856,in_distribution,1.0,15919.8837890625,5809.77587890625,142,200,1819,188,200,0,71,51,20,0,0
1857,in_distribution,1.0,15540.3583984375,4089.866943359375,96,200,1281,157,200,0,42,34,20,0,0
1858,in_distribution,1.0,13327.787109375,10292.869140625,48,201,2135,203,201,0,13,15,20,0,0
1859,in_distribution,1.0,15984.015625,9258.443359375,92,200,2617,249,200,0,58,14,20,0,0
1860,in_distribution,1.0,15852.62890625,7696.1875,103,200,1930,228,200,0,55,28,20,0,0
1861,in_distribution,1.0,17135.578125,7403.33203125,97,200,2237,184,200,0,46,31,20,0,0
1862,in_distribution,1.0,17166.17578125,8075.84326171875,73,200,1599,142,200,0,32,21,20,0,0
1863,in_distribution,1.0,16403.626953125,8173.1240234375,59,200,2051,186,200,0,14,25,20,0,0
1864,in_distribution,1.0,17534.63671875,8440.701171875,84,200,1490,191,200,0,30,34,20,0,0
1865,in_distribution,1.0,17071.94140625,9627.4892578125,75,200,2734,278,200,0,45,10,20,0,0
1866,in_distribution,1.0,15914.0478515625,11314.7119140625,112,200,3079,366,200,0,68,24,20,0,0
1867,in_distribution,1.0,17414.28125,7489.35107421875,111,200,2499,244,200,0,77,14,20,0,0
1868,in_distribution,1.0,18614.556640625,5286.07666015625,96,200,1428,161,200,0,42,34,20,0,0
1869,in_distribution,1.0,16262.306640625,11196.1806640625,103,200,2904,304,200,0,57,26,20,0,0
1870,in_distribution,1.0,15570.7802734375,9438.0947265625,99,200,1955,201,200,0,44,35,20,0,0
1871,in_distribution,1.0,17950.98828125,10694.6220703125,83,200,2745,251,200,0,41,22,20,0,0
1872,in_distribution,1.0,17500.89453125,8299.6142578125,135,200,1358,176,200,0,81,34,20,0,0
1873,in_distribution,1.0,17841.12890625,11326.6025390625,63,201,1689,195,201,0,12,31,20,0,0
1874,in_distribution,1.0,15340.791015625,7942.669921875,99,203,2086,208,203,0,57,32,10,0,0
1875,in_distribution,1.0,18194.78515625,7515.90966796875,86,200,1985,203,200,0,57,9,20,0,0
1876,in_distribution,1.0,17377.126953125,8243.4599609375,60,201,1357,190,201,0,28,12,20,0,0
1877,in_distribution,1.0,16164.3779296875,4584.2978515625,85,200,1845,169,200,0,16,49,20,0,0
1878,in_distribution,1.0,15454.41015625,7302.2626953125,70,200,2385,213,200,0,29,21,20,0,0
1879,in_distribution,1.0,15918.26953125,11345.3125,76,201,3194,346,201,0,16,40,20,0,0
1880,in_distribution,1.0,16292.828125,7056.53271484375,84,200,2159,200,200,0,30,34,20,0,0
1881,in_distribution,1.0,15565.0439453125,7032.7646484375,95,200,1908,251,200,0,42,33,20,0,0
1882,in_distribution,1.0,16660.83984375,5221.23681640625,87,200,1328,136,200,0,41,26,20,0,0
1883,in_distribution,1.0,14142.4443359375,11147.419921875,77,200,2453,195,200,0,29,28,20,0,0
1884,in_distribution,1.0,16886.423828125,10988.630859375,50,201,1922,207,201,0,10,20,20,0,0
1885,in_distribution,1.0,15789.552734375,7509.71630859375,87,200,1647,192,200,0,30,37,20,0,0
1886,in_distribution,1.0,16314.0234375,9078.189453125,82,200,1808,174,200,0,28,34,20,0,0
1887,in_distribution,1.0,13554.697265625,10367.677734375,79,200,2604,259,200,0,30,39,10,0,0
1888,in_distribution,1.0,15867.119140625,10015.80078125,103,200,2611,275,200,0,48,35,20,0,0
1889,in_distribution,1.0,15772.5234375,11241.638671875,113,204,2884,278,204,0,47,46,20,0,0
1890,in_distribution,1.0,16511.4609375,9948.1318359375,84,201,2431,230,201,0,26,38,20,0,0
1891,in_distribution,1.0,16889.099609375,11461.095703125,77,200,2943,319,200,0,31,26,20,0,0
1892,in_distribution,1.0,16007.2333984375,10282.72265625,60,200,2309,228,200,0,12,28,20,0,0
1893,in_distribution,1.0,15499.53515625,7742.91015625,85,200,2199,225,200,0,54,11,20,0,0
1894,in_distribution,1.0,18063.693359375,13769.1806640625,110,201,2099,265,201,0,43,47,20,0,0
1895,in_distribution,1.0,14948.083984375,9510.822265625,59,200,2800,310,200,0,14,25,20,0,0
1896,in_distribution,1.0,16918.775390625,8068.94189453125,94,200,1505,152,200,0,24,50,20,0,0
1897,in_distribution,1.0,17633.94921875,13536.78515625,93,201,2368,270,201,0,47,26,20,0,0
1898,in_distribution,1.0,15319.1845703125,10903.1708984375,54,202,1860,203,202,0,14,20,20,0,0
1899,in_distribution,1.0,16772.060546875,12458.1875,86,200,2868,259,200,0,31,35,20,0,0
1900,in_distribution,1.0,15574.8857421875,10540.005859375,60,200,2802,244,200,0,12,28,20,0,0
1901,in_distribution,1.0,19022.640625,5264.7900390625,71,200,2653,274,200,0,30,21,20,0,0
1902,in_distribution,1.0,16880.7421875,10652.5048828125,63,200,2655,282,200,0,29,14,20,0,0
1903,in_distribution,1.0,15481.3115234375,5396.7919921875,86,200,1896,194,200,0,32,34,20,0,0
1904,in_distribution,1.0,16333.650390625,10505.572265625,111,200,2435,260,200,0,42,49,20,0,0
1905,in_distribution,1.0,17577.63671875,13053.02734375,89,201,2644,279,201,0,42,27,20,0,0
1906,in_distribution,1.0,16046.8984375,6962.2333984375,122,200,1911,172,200,0,54,48,20,0,0
1907,in_distribution,1.0,16642.705078125,5918.59521484375,79,200,1131,167,200,0,37,22,20,0,0
1908,in_distribution,1.0,16191.384765625,9753.62109375,106,200,1357,164,200,0,58,28,20,0,0
1909,in_distribution,1.0,16011.802734375,3466.97802734375,105,200,1595,163,200,0,43,42,20,0,0
1910,in_distribution,1.0,15936.30078125,9667.1298828125,63,201,1839,207,201,0,12,31,20,0,0
1911,in_distribution,1.0,16779.25,9108.626953125,85,200,1907,173,200,0,36,29,20,0,0
1912,in_distribution,1.0,17931.978515625,9113.1083984375,83,200,1761,173,200,0,13,50,20,0,0
1913,in_distribution,1.0,17035.734375,8110.00830078125,96,200,2084,188,200,0,26,50,20,0,0
1914,in_distribution,1.0,11854.6171875,10222.16796875,48,201,2160,258,201,0,14,24,10,0,0
1915,in_distribution,1.0,16140.6044921875,7536.486328125,81,200,1660,134,200,0,13,48,20,0,0
1916,in_distribution,1.0,16287.6748046875,7947.568359375,112,200,2253,259,200,0,74,18,20,0,0
1917,in_distribution,1.0,15860.181640625,6323.08251953125,126,200,1654,173,200,0,66,40,20,0,0
1918,in_distribution,1.0,16441.7265625,8379.9609375,80,200,1339,121,200,0,46,14,20,0,0
1919,in_distribution,1.0,14340.9833984375,13288.451171875,55,201,2510,272,201,0,15,30,10,0,0
1920,in_distribution,1.0,17962.298828125,12655.61328125,86,200,1979,247,200,0,31,35,20,0,0
1921,in_distribution,1.0,16269.2216796875,6692.76123046875,147,200,1673,158,200,0,90,37,20,0,0
1922,in_distribution,1.0,16798.341796875,10014.4755859375,46,200,2103,276,200,0,13,13,20,0,0
1923,in_distribution,1.0,14600.896484375,12115.9248046875,78,201,2829,312,201,0,32,26,20,0,0
1924,in_distribution,1.0,14691.162109375,10119.470703125,68,200,2523,245,200,0,31,17,20,0,0
1925,in_distribution,1.0,15477.6796875,4474.271484375,93,200,1657,150,200,0,51,22,20,0,0
1926,in_distribution,1.0,13846.4228515625,8162.2578125,88,200,2628,282,200,0,31,37,20,0,0
1927,in_distribution,1.0,16721.826171875,5278.716796875,52,200,1577,159,200,0,11,21,20,0,0
1928,in_distribution,1.0,18298.4375,13356.0947265625,45,203,2535,235,203,0,16,9,20,0,0
1929,in_distribution,1.0,17452.96875,7373.36328125,119,200,2155,217,200,0,39,60,20,0,0
1930,in_distribution,1.0,16485.77734375,10565.1201171875,65,200,1903,215,200,0,23,22,20,0,0
1931,in_distribution,1.0,16959.05859375,9534.7275390625,98,200,2174,226,200,0,29,49,20,0,0
1932,in_distribution,1.0,15549.109375,11988.904296875,89,201,2622,262,201,0,31,38,20,0,0
1933,in_distribution,1.0,14667.41015625,6201.615234375,122,200,1403,143,200,0,69,33,20,0,0
1934,in_distribution,1.0,15067.640625,10193.390625,102,200,2859,309,200,0,31,51,20,0,0
1935,in_distribution,1.0,15961.3896484375,5721.498046875,114,200,1889,179,200,0,45,49,20,0,0
1936,in_distribution,1.0,15591.2451171875,9302.0830078125,46,200,2220,179,200,0,16,10,20,0,0
1937,in_distribution,1.0,18345.38671875,8052.5068359375,103,200,1673,193,200,0,55,28,20,0,0
1938,in_distribution,1.0,14566.4873046875,12750.7958984375,105,202,2236,253,202,0,31,54,20,0,0
1939,in_distribution,1.0,17298.26953125,14727.1650390625,63,204,2772,356,204,0,32,11,20,0,0
1940,in_distribution,1.0,15177.9443359375,9001.55859375,72,200,2568,262,200,0,16,36,20,0,0
1941,in_distribution,1.0,18348.224609375,7290.52099609375,96,200,2050,203,200,0,53,23,20,0,0
1942,in_distribution,1.0,15165.7724609375,6153.568359375,103,200,1641,164,200,0,40,53,10,0,0
1943,in_distribution,1.0,17301.4921875,11253.96875,72,200,2804,280,200,0,40,12,20,0,0
1944,in_distribution,1.0,18731.75,15885.95703125,48,205,1514,218,205,0,13,15,20,0,0
1945,in_distribution,1.0,16021.689453125,9587.4443359375,73,200,2346,208,200,0,16,37,20,0,0
1946,in_distribution,1.0,16115.5517578125,8345.87890625,66,200,2203,221,200,0,26,20,20,0,0
1947,in_distribution,1.0,15380.2470703125,8777.6298828125,84,200,2878,282,200,0,16,48,20,0,0
1948,in_distribution,1.0,16092.640625,13289.7099609375,61,202,2733,279,202,0,13,28,20,0,0
1949,in_distribution,1.0,17299.4453125,9756.1474609375,65,200,2773,294,200,0,31,14,20,0,0
1950,in_distribution,1.0,14695.6044921875,11195.09765625,86,200,3125,281,200,0,43,23,20,0,0
1951,in_distribution,1.0,17944.095703125,7876.3505859375,65,200,2021,204,200,0,31,14,20,0,0
1952,in_distribution,1.0,17079.86328125,7205.91748046875,71,200,1915,189,200,0,28,23,20,0,0
1953,in_distribution,1.0,15184.978515625,13438.2255859375,63,201,1885,201,201,0,15,28,20,0,0
1954,in_distribution,1.0,11258.6201171875,8298.494140625,97,201,2036,205,201,0,57,30,10,0,0
1955,in_distribution,1.0,18015.93359375,6935.15673828125,134,200,1130,148,200,0,81,33,20,0,0
1956,in_distribution,1.0,15315.4228515625,0.0,62,200,1867,154,200,0,16,26,20,0,0
1957,in_distribution,1.0,15931.7099609375,4026.5986328125,80,200,2095,167,200,0,27,33,20,0,0
1958,in_distribution,1.0,16961.615234375,10173.2890625,84,200,2380,248,200,0,45,19,20,0,0
1959,in_distribution,1.0,17044.1796875,4928.83544921875,110,200,1906,164,200,0,76,14,20,0,0
1960,in_distribution,1.0,14239.0087890625,6879.3193359375,71,200,1699,204,200,0,41,10,20,0,0
1961,in_distribution,1.0,13147.8310546875,4242.3583984375,96,200,1630,179,200,0,70,16,10,0,0
1962,in_distribution,1.0,17460.41015625,8266.6396484375,113,200,1880,261,200,0,48,45,20,0,0
1963,in_distribution,1.0,15580.001953125,11898.166015625,60,201,3153,326,201,0,25,15,20,0,0
1964,in_distribution,1.0,16459.953125,9456.6591796875,59,201,1892,224,201,0,14,25,20,0,0
1965,in_distribution,1.0,15127.6689453125,7546.07080078125,61,200,2332,230,200,0,16,25,20,0,0
1966,in_distribution,1.0,16766.462890625,5664.787109375,72,200,1476,160,200,0,31,21,20,0,0
1967,in_distribution,1.0,16532.896484375,8398.0595703125,92,200,2152,167,200,0,44,28,20,0,0
1968,in_distribution,1.0,16517.21484375,8056.9765625,70,200,2145,244,200,0,16,34,20,0,0
1969,in_distribution,1.0,16304.9013671875,10651.5888671875,94,200,2763,270,200,0,60,14,20,0,0
1970,in_distribution,1.0,15887.8369140625,9138.1416015625,114,200,2792,208,200,0,70,24,20,0,0
1971,in_distribution,1.0,16628.9453125,6078.84619140625,107,200,1668,165,200,0,57,30,20,0,0
1972,in_distribution,1.0,14714.447265625,10151.8232421875,63,200,1925,248,200,0,11,32,20,0,0
1973,in_distribution,1.0,14954.48046875,0.0,123,200,1610,195,200,0,62,41,20,0,0
1974,in_distribution,1.0,16089.650390625,6879.14990234375,74,200,1189,164,200,0,43,11,20,0,0
1975,in_distribution,1.0,18257.580078125,0.0,110,200,2479,215,200,0,76,14,20,0,0
1976,in_distribution,1.0,16422.240234375,13008.666015625,65,202,3008,299,202,0,31,14,20,0,0
1977,in_distribution,1.0,14386.69140625,5934.0263671875,78,200,1463,145,200,0,38,30,10,0,0
1978,in_distribution,1.0,15610.876953125,9678.8017578125,123,200,2093,219,200,0,77,26,20,0,0
1979,in_distribution,1.0,17448.818359375,10397.5703125,72,200,2898,291,200,0,26,26,20,0,0
1980,in_distribution,1.0,17207.78515625,8170.72216796875,80,200,2536,266,200,0,31,29,20,0,0
1981,in_distribution,1.0,16496.845703125,7961.24560546875,93,201,2650,297,201,0,40,33,20,0,0
1982,in_distribution,1.0,16430.251953125,8816.341796875,74,200,1713,225,200,0,36,18,20,0,0
1983,in_distribution,1.0,16939.2109375,8828.3984375,86,200,2067,177,200,0,13,53,20,0,0
1984,in_distribution,1.0,14185.8779296875,4353.8564453125,82,200,1489,159,200,0,28,34,20,0,0
1985,in_distribution,1.0,15996.6240234375,13533.21484375,48,201,2897,312,201,0,13,15,20,0,0
1986,in_distribution,1.0,18130.439453125,10395.443359375,109,200,1777,202,200,0,55,34,20,0,0
1987,in_distribution,1.0,15489.5390625,11515.28125,45,203,1794,209,203,0,16,9,20,0,0
1988,in_distribution,1.0,17061.115234375,11369.7412109375,75,200,1686,211,200,0,30,25,20,0,0
1989,in_distribution,1.0,16133.6533203125,8715.5400390625,63,200,1720,161,200,0,12,31,20,0,0
1990,in_distribution,1.0,16760.904296875,8774.5390625,89,201,2490,231,201,0,43,26,20,0,0
1991,in_distribution,1.0,16105.216796875,6473.95361328125,77,200,1899,156,200,0,48,9,20,0,0
1992,in_distribution,1.0,17200.43359375,7024.83349609375,87,200,1994,217,200,0,28,39,20,0,0
1993,in_distribution,1.0,17678.890625,3569.724365234375,92,200,1427,147,200,0,58,14,20,0,0
1994,in_distribution,1.0,17611.6875,10824.9755859375,77,200,2551,223,200,0,32,25,20,0,0
1995,in_distribution,1.0,15944.0087890625,5750.1474609375,142,200,1641,140,200,0,100,22,20,0,0
1996,in_distribution,1.0,18561.787109375,9029.9794921875,87,200,1722,223,200,0,22,45,20,0,0
1997,in_distribution,1.0,17084.826171875,0.0,104,200,2213,202,200,0,46,38,20,0,0
1998,in_distribution,1.0,15413.431640625,6298.564453125,73,200,1466,151,200,0,40,13,20,0,0
1999,in_distribution,1.0,17217.8359375,10096.201171875,111,200,2289,219,200,0,43,48,20,0,0
0,mild_drift,1.0,16884.892578125,3824.875244140625,79,200,829,79,200,0,11,48,20,0,0
1,mild_drift,1.0,15686.6943359375,7636.5166015625,89,200,1876,166,200,0,43,26,20,0,0
2,mild_drift,1.0,14028.021484375,10746.5947265625,79,202,2921,361,202,0,32,27,20,0,0
3,mild_drift,1.0,15945.09375,7514.24609375,63,200,1920,194,200,0,12,31,20,0,0
4,mild_drift,1.0,17023.193359375,6581.65673828125,87,200,1735,184,200,0,44,23,20,0,0
5,mild_drift,1.0,14895.28515625,4000.7666015625,101,200,2099,163,200,0,44,37,20,0,0
6,mild_drift,1.0,15754.6220703125,8978.359375,80,200,2333,224,200,0,27,33,20,0,0
7,mild_drift,1.0,16590.876953125,4941.05615234375,86,200,1006,114,200,0,44,22,20,0,0
8,mild_drift,1.0,15605.16015625,6994.8759765625,94,200,1705,171,200,0,44,30,20,0,0
9,mild_drift,1.0,16401.435546875,8695.77734375,95,200,2255,276,200,0,43,32,20,0,0
10,mild_drift,1.0,15486.2607421875,8433.484375,93,200,2505,257,200,0,63,10,20,0,0
11,mild_drift,1.0,15054.498046875,4934.408203125,78,200,1646,165,200,0,16,42,20,0,0
12,mild_drift,1.0,14484.2890625,14024.65625,54,203,2601,314,203,0,12,32,10,0,0
13,mild_drift,1.0,15450.9951171875,9560.1630859375,90,200,2357,272,200,0,46,24,20,0,0
14,mild_drift,1.0,17495.060546875,8900.443359375,65,200,1886,176,200,0,31,14,20,0,0
15,mild_drift,1.0,15093.1982421875,7678.0263671875,80,200,1563,211,200,0,15,45,20,0,0
16,mild_drift,1.0,16629.482421875,8130.78662109375,94,200,1755,183,200,0,40,34,20,0,0
17,mild_drift,1.0,16834.12109375,4726.11767578125,98,200,1791,176,200,0,41,37,20,0,0
18,mild_drift,1.0,17037.126953125,7953.5703125,51,200,1698,213,200,0,13,18,20,0,0
19,mild_drift,1.0,15676.49609375,10516.5517578125,101,200,2455,258,200,0,61,30,10,0,0
20,mild_drift,0.9,15912.470703125,9755.9111328125,80,200,2638,289,200,0,27,33,20,0,0
21,mild_drift,1.0,14178.3525390625,12486.525390625,49,202,3129,375,202,0,15,14,20,0,0
22,mild_drift,1.0,18608.177734375,14138.2998046875,75,212,2901,455,212,0,23,32,20,0,0
23,mild_drift,1.0,15006.8994140625,10637.2890625,80,200,1445,191,200,0,31,29,20,0,0
24,mild_drift,1.0,18110.931640625,9268.0791015625,64,200,2140,235,200,0,30,14,20,0,0
25,mild_drift,1.0,16524.84375,7725.37060546875,74,200,2140,248,200,0,44,10,20,0,0
26,mild_drift,0.9,15741.4169921875,11555.3076171875,65,201,2731,340,201,0,13,32,20,0,0
27,mild_drift,1.0,15744.876953125,6108.4853515625,90,200,1955,173,200,0,37,33,20,0,0
28,mild_drift,1.0,18313.619140625,10462.2294921875,111,200,2382,223,200,0,77,14,20,0,0
29,mild_drift,1.0,14083.060546875,8452.1689453125,63,200,2439,257,200,0,15,28,20,0,0
30,mild_drift,1.0,17736.779296875,11132.787109375,108,200,1674,175,200,0,30,58,20,0,0
31,mild_drift,1.0,15286.9326171875,9441.90625,60,201,2094,227,201,0,12,28,20,0,0
32,mild_drift,1.0,16524.67578125,10797.087890625,76,200,2607,373,200,0,42,14,20,0,0
33,mild_drift,1.0,14589.6513671875,8518.798828125,70,200,2132,189,200,0,24,26,20,0,0
34,mild_drift,1.0,17067.912109375,6077.7939453125,103,200,1652,169,200,0,74,9,20,0,0
35,mild_drift,1.0,14977.744140625,8545.9189453125,80,200,1495,151,200,0,31,29,20,0,0
36,mild_drift,1.0,15743.1181640625,6177.31103515625,69,200,1624,166,200,0,15,34,20,0,0
37,mild_drift,1.0,16498.9140625,9571.0458984375,120,200,2485,257,200,0,75,25,20,0,0
38,mild_drift,1.0,16860.93359375,8050.46728515625,102,200,1090,158,200,0,70,12,20,0,0
39,mild_drift,1.0,14340.4794921875,7129.62646484375,113,200,1406,144,200,0,43,50,20,0,0
40,mild_drift,1.0,14028.4921875,9211.36328125,84,200,2598,297,200,0,29,35,20,0,0
41,mild_drift,1.0,19161.4609375,5330.5048828125,71,200,2681,225,200,0,30,21,20,0,0
42,mild_drift,1.0,15903.2138671875,11923.123046875,99,200,2280,203,200,0,48,31,20,0,0
43,mild_drift,1.0,17259.787109375,8327.1201171875,68,200,2615,286,200,0,28,20,20,0,0
44,mild_drift,1.0,16101.1435546875,7530.42138671875,94,200,2472,201,200,0,54,20,20,0,0
45,mild_drift,1.0,17103.5546875,13574.42578125,45,203,1691,190,203,0,16,9,20,0,0
46,mild_drift,1.0,16027.177734375,11528.2275390625,71,202,2860,312,202,0,29,22,20,0,0
47,mild_drift,1.0,16584.94921875,6603.7578125,71,200,1696,192,200,0,14,37,20,0,0
48,mild_drift,1.0,16389.1953125,5838.83251953125,69,200,1332,140,200,0,18,31,20,0,0
49,mild_drift,1.0,15570.091796875,12659.759765625,45,202,1877,235,202,0,16,9,20,0,0
50,mild_drift,1.0,16074.9375,8461.310546875,92,200,2168,193,200,0,58,14,20,0,0
51,mild_drift,1.0,15336.55859375,10402.6396484375,76,200,2531,318,200,0,45,11,20,0,0
52,mild_drift,1.0,17100.451171875,8710.4619140625,91,200,2148,221,200,0,37,34,20,0,0
53,mild_drift,1.0,14994.775390625,7807.49462890625,88,200,1491,220,200,0,30,38,20,0,0
54,mild_drift,1.0,16217.2529296875,10078.3095703125,53,201,1964,212,201,0,11,22,20,0,0
55,mild_drift,1.0,16303.8154296875,5825.52734375,71,200,1630,160,200,0,28,23,20,0,0
56,mild_drift,1.0,17781.10546875,13527.5244140625,46,201,2686,272,201,0,13,13,20,0,0
57,mild_drift,1.0,14253.5234375,8306.037109375,47,200,1872,172,200,0,7,30,10,0,0
58,mild_drift,1.0,15583.2978515625,5692.77099609375,85,200,2317,218,200,0,15,50,20,0,0
59,mild_drift,1.0,16086.1962890625,9217.388671875,73,200,1907,190,200,0,31,22,20,0,0
60,mild_drift,1.0,16161.7724609375,8956.685546875,61,200,2835,315,200,0,16,25,20,0,0
61,mild_drift,1.0,12968.7001953125,10794.49609375,52,200,2873,307,200,0,26,16,10,0,0
62,mild_drift,1.0,18132.0859375,10100.9443359375,61,200,2716,303,200,0,15,26,20,0,0
63,mild_drift,1.0,17503.2578125,8171.31640625,119,200,1149,126,200,0,67,32,20,0,0
64,mild_drift,1.0,15681.3818359375,10483.103515625,82,200,2906,323,200,0,42,20,20,0,0
65,mild_drift,1.0,15419.5263671875,3591.3271484375,108,200,1213,128,200,0,39,49,20,0,0
66,mild_drift,1.0,16059.8173828125,12025.91796875,69,202,3254,402,202,0,11,38,20,0,0
67,mild_drift,1.0,15152.0478515625,11654.4375,64,201,2225,265,201,0,29,25,10,0,0
68,mild_drift,1.0,15265.8525390625,7730.2587890625,81,201,1804,191,201,0,39,22,20,0,0
69,mild_drift,1.0,17018.236328125,3511.513671875,69,200,1535,166,200,0,26,23,20,0,0
70,mild_drift,1.0,15448.9375,7702.83642578125,85,200,1776,176,200,0,42,23,20,0,0
71,mild_drift,1.0,17386.11328125,7287.0615234375,68,200,1698,180,200,0,7,41,20,0,0
72,mild_drift,1.0,17385.00390625,8496.1689453125,59,200,2247,217,200,0,30,9,20,0,0
73,mild_drift,1.0,15734.0703125,8704.6953125,61,200,2705,288,200,0,32,9,20,0,0
74,mild_drift,1.0,17548.533203125,12857.9599609375,57,200,2075,213,200,0,11,26,20,0,0
75,mild_drift,1.0,15104.3984375,4883.4013671875,71,200,1526,134,200,0,22,29,20,0,0
76,mild_drift,1.0,16483.18359375,12381.47265625,46,200,2219,236,200,0,15,11,20,0,0
77,mild_drift,1.0,16564.68359375,5415.09619140625,63,200,1046,108,200,0,21,22,20,0,0
78,mild_drift,1.0,14668.5107421875,8637.88671875,108,200,1682,189,200,0,32,56,20,0,0
79,mild_drift,1.0,19224.046875,11252.8759765625,72,200,1548,144,200,0,14,38,20,0,0
80,mild_drift,1.0,14560.556640625,10061.384765625,95,201,2331,241,201,0,30,45,20,0,0
81,mild_drift,1.0,17302.02734375,9595.423828125,72,200,2513,266,200,0,27,25,20,0,0
82,mild_drift,1.0,17183.388671875,6108.76220703125,101,200,1892,203,200,0,27,54,20,0,0
83,mild_drift,1.0,15793.50390625,6553.51220703125,71,200,2507,250,200,0,30,21,20,0,0
84,mild_drift,1.0,16627.982421875,11364.337890625,72,200,2104,265,200,0,39,13,20,0,0
85,mild_drift,1.0,13791.9765625,5775.9140625,75,200,1802,129,200,0,41,14,20,0,0
86,mild_drift,1.0,15936.708984375,11474.4697265625,58,201,3148,383,201,0,15,23,20,0,0
87,mild_drift,1.0,16433.931640625,8636.0986328125,84,200,1886,159,200,0,26,38,20,0,0
88,mild_drift,1.0,18902.271484375,11003.7412109375,103,200,2024,241,200,0,57,26,20,0,0
89,mild_drift,1.0,14811.3046875,6451.50146484375,55,200,2298,239,200,0,15,30,10,0,0
90,mild_drift,1.0,15121.3798828125,13135.310546875,57,201,2025,212,201,0,11,26,20,0,0
91,mild_drift,1.0,16267.6650390625,10881.0322265625,62,202,2338,306,202,0,14,28,20,0,0
92,mild_drift,1.0,17230.05859375,11733.7998046875,85,205,3037,406,205,0,32,33,20,0,0
93,mild_drift,1.0,17088.765625,13806.294921875,76,203,2520,440,203,0,12,44,20,0,0
94,mild_drift,1.0,15533.49609375,7715.12890625,69,200,1980,181,200,0,31,18,20,0,0
95,mild_drift,1.0,15895.2060546875,14215.970703125,49,202,1434,197,202,0,15,14,20,0,0
96,mild_drift,1.0,17652.099609375,8097.62841796875,76,200,1362,177,200,0,36,20,20,0,0
97,mild_drift,1.0,17159.015625,8559.9677734375,88,200,2266,253,200,0,27,41,20,0,0
98,mild_drift,1.0,15418.0576171875,8768.26953125,74,200,2319,219,200,0,22,32,20,0,0
99,mild_drift,1.0,14310.3486328125,6999.27880859375,100,200,1843,184,200,0,31,49,20,0,0
100,mild_drift,1.0,17507.455078125,11278.146484375,61,200,1634,226,200,0,29,12,20,0,0
101,mild_drift,1.0,17707.75390625,6718.00439453125,105,200,1828,252,200,0,54,31,20,0,0
102,mild_drift,1.0,15707.8369140625,10247.291015625,60,201,1927,227,201,0,12,28,20,0,0
103,mild_drift,1.0,15571.380859375,9011.5576171875,74,200,2338,297,200,0,31,23,20,0,0
104,mild_drift,1.0,12553.2041015625,11364.6806640625,76,201,2288,285,201,0,39,27,10,0,0
105,mild_drift,1.0,16344.123046875,10460.6875,92,203,2987,289,203,0,60,12,20,0,0
106,mild_drift,0.8,16106.568359375,11268.8310546875,65,201,3004,414,201,0,16,29,20,0,0
107,mild_drift,1.0,18296.56640625,6996.37744140625,103,200,1149,124,200,0,71,12,20,0,0
108,mild_drift,1.0,17332.599609375,14085.3916015625,67,203,1956,270,203,0,15,32,20,0,0
109,mild_drift,1.0,16146.1474609375,8106.18115234375,72,200,1903,221,200,0,30,22,20,0,0
110,mild_drift,1.0,16115.1455078125,6944.24169921875,74,200,2033,227,200,0,26,28,20,0,0
111,mild_drift,1.0,17033.951171875,6463.80419921875,107,200,1766,136,200,0,55,32,20,0,0
112,mild_drift,1.0,14357.4736328125,9523.9775390625,82,200,1812,200,200,0,31,41,10,0,0
113,mild_drift,1.0,17282.5234375,9564.953125,65,200,2162,225,200,0,25,20,20,0,0
114,mild_drift,1.0,16753.90625,9962.4111328125,91,200,2138,244,200,0,15,56,20,0,0
115,mild_drift,1.0,18121.00390625,9848.83203125,86,200,2416,284,200,0,30,36,20,0,0
116,mild_drift,1.0,16696.908203125,8889.8447265625,60,200,1993,223,200,0,27,13,20,0,0
117,mild_drift,1.0,14478.3046875,9037.935546875,53,201,1782,194,201,0,11,22,20,0,0
118,mild_drift,1.0,16972.3671875,7001.4169921875,123,200,2081,207,200,0,82,21,20,0,0
119,mild_drift,1.0,14883.056640625,11132.6513671875,80,201,3007,364,201,0,31,29,20,0,0
120,mild_drift,1.0,17034.5,8366.7568359375,60,200,2367,221,200,0,27,13,20,0,0
121,mild_drift,1.0,15363.4697265625,4274.67578125,85,200,1755,123,200,0,16,49,20,0,0
122,mild_drift,1.0,17976.66796875,12451.46484375,83,201,1741,261,201,0,42,21,20,0,0
123,mild_drift,1.0,16330.5224609375,7532.4248046875,97,200,2075,181,200,0,41,36,20,0,0
124,mild_drift,1.0,15694.134765625,6946.18994140625,53,200,1906,174,200,0,15,18,20,0,0
125,mild_drift,1.0,17146.01171875,7970.314453125,102,200,2166,201,200,0,24,58,20,0,0
126,mild_drift,1.0,15719.87890625,5158.734375,84,200,1216,141,200,0,41,23,20,0,0
127,mild_drift,1.0,15764.26953125,13184.267578125,60,203,2013,295,203,0,12,28,20,0,0
128,mild_drift,1.0,16322.7275390625,5817.62890625,62,200,2096,183,200,0,32,10,20,0,0
129,mild_drift,1.0,15828.6435546875,12939.1669921875,104,200,2847,277,200,0,78,16,10,0,0
130,mild_drift,1.0,15807.80078125,5252.33203125,90,200,1779,171,200,0,50,20,20,0,0
131,mild_drift,1.0,17460.826171875,5914.74609375,90,200,1627,148,200,0,39,31,20,0,0
132,mild_drift,1.0,17682.2578125,5054.103515625,81,200,1629,179,200,0,22,39,20,0,0
133,mild_drift,1.0,16388.796875,7974.40625,52,200,1810,219,200,0,11,21,20,0,0
134,mild_drift,1.0,18068.712890625,6573.29052734375,69,200,1451,186,200,0,16,33,20,0,0
135,mild_drift,1.0,14784.96875,4746.4951171875,112,200,1296,178,200,0,69,23,20,0,0
136,mild_drift,1.0,18453.31640625,10163.04296875,78,200,2230,230,200,0,16,42,20,0,0
137,mild_drift,1.0,13581.4150390625,7735.84716796875,100,200,1661,164,200,0,58,32,10,0,0
138,mild_drift,1.0,18187.640625,7344.431640625,92,200,1784,155,200,0,59,13,20,0,0
139,mild_drift,1.0,16444.0,12185.3916015625,63,200,2657,293,200,0,29,14,20,0,0
140,mild_drift,1.0,17293.6640625,6874.39599609375,81,200,1788,192,200,0,41,20,20,0,0
141,mild_drift,1.0,15266.095703125,9314.7919921875,66,200,2506,292,200,0,26,20,20,0,0
142,mild_drift,1.0,15776.294921875,8770.3857421875,78,200,2656,259,200,0,32,26,20,0,0
143,mild_drift,1.0,17958.54296875,5369.04248046875,64,200,1364,150,200,0,16,28,20,0,0
144,mild_drift,1.0,15466.4892578125,6282.3056640625,94,200,1810,187,200,0,40,34,20,0,0
145,mild_drift,1.0,14743.744140625,10927.7724609375,63,200,2617,379,200,0,16,27,20,0,0
146,mild_drift,1.0,16120.6611328125,6543.44677734375,90,201,2177,249,201,0,60,10,20,0,0
147,mild_drift,1.0,14786.033203125,11056.1396484375,86,200,2600,327,200,0,48,18,20,0,0
148,mild_drift,1.0,14946.8427734375,9129.6923828125,90,200,2196,275,200,0,46,24,20,0,0
149,mild_drift,1.0,13360.2919921875,9609.4619140625,64,200,1940,192,200,0,15,29,20,0,0
150,mild_drift,1.0,13776.5029296875,8095.58642578125,78,200,1488,162,200,0,36,32,10,0,0
151,mild_drift,1.0,17362.8984375,6089.56787109375,72,200,1376,154,200,0,32,20,20,0,0
152,mild_drift,1.0,15606.84765625,9609.974609375,120,200,2458,229,200,0,77,23,20,0,0
153,mild_drift,1.0,14218.5654296875,9472.376953125,103,200,2675,282,200,0,47,36,20,0,0
154,mild_drift,1.0,16776.90625,9381.2470703125,74,200,2534,257,200,0,29,25,20,0,0
155,mild_drift,1.0,15891.908203125,6634.72900390625,53,200,1787,210,200,0,11,22,20,0,0
156,mild_drift,1.0,16098.73828125,9151.0869140625,86,200,1728,177,200,0,23,43,20,0,0
157,mild_drift,1.0,16587.82421875,7564.2529296875,66,200,1086,131,200,0,26,20,20,0,0
158,mild_drift,1.0,16554.62890625,11201.78125,72,200,2854,315,200,0,43,9,20,0,0
159,mild_drift,1.0,18270.701171875,13357.8896484375,75,200,3225,408,200,0,16,39,20,0,0
160,mild_drift,1.0,15306.751953125,10141.5322265625,59,202,2198,318,202,0,14,25,20,0,0
161,mild_drift,1.0,16468.9140625,10818.046875,59,201,1942,254,201,0,15,24,20,0,0
162,mild_drift,0.9,16112.3017578125,9237.423828125,68,201,2543,316,201,0,27,21,20,0,0
163,mild_drift,1.0,16260.6875,9701.7919921875,63,200,1214,168,200,0,21,22,20,0,0
164,mild_drift,1.0,17758.6328125,7336.55810546875,108,200,1967,190,200,0,47,41,20,0,0
165,mild_drift,1.0,17890.591796875,8764.068359375,73,200,2568,253,200,0,29,24,20,0,0
166,mild_drift,1.0,16052.8115234375,13010.001953125,48,203,2757,349,203,0,13,15,20,0,0
167,mild_drift,1.0,16052.978515625,4052.456787109375,75,200,1264,134,200,0,32,23,20,0,0
168,mild_drift,1.0,16201.658203125,8719.015625,89,200,2112,210,200,0,42,27,20,0,0
169,mild_drift,1.0,17488.27734375,14765.1923828125,63,203,1763,268,203,0,15,28,20,0,0
170,mild_drift,1.0,14777.4228515625,9078.2021484375,87,200,1723,181,200,0,46,21,20,0,0
171,mild_drift,1.0,16339.556640625,12972.7734375,56,203,2525,309,203,0,27,9,20,0,0
172,mild_drift,1.0,16884.32421875,8084.07861328125,80,200,2202,226,200,0,46,14,20,0,0
173,mild_drift,1.0,14572.3046875,10887.6416015625,91,200,2618,322,200,0,45,26,20,0,0
174,mild_drift,1.0,16426.88671875,10958.40625,75,200,2843,324,200,0,32,23,20,0,0
175,mild_drift,1.0,14685.171875,5338.6923828125,62,200,1904,187,200,0,21,21,20,0,0
176,mild_drift,1.0,16916.78125,7834.26171875,77,202,2460,239,202,0,25,42,10,0,0
177,mild_drift,1.0,14482.2021484375,8454.5322265625,93,202,2225,286,202,0,47,26,20,0,0
178,mild_drift,1.0,15105.69140625,9450.72265625,56,201,2409,302,201,0,14,22,20,0,0
179,mild_drift,1.0,16796.640625,6644.5419921875,60,200,2027,259,200,0,27,13,20,0,0
180,mild_drift,1.0,18132.85546875,14357.935546875,54,213,1847,379,213,0,13,21,20,0,0
181,mild_drift,1.0,15189.2431640625,8108.15234375,61,200,2473,249,200,0,16,25,20,0,0
182,mild_drift,1.0,17072.662109375,7740.47607421875,81,200,1791,208,200,0,40,21,20,0,0
183,mild_drift,1.0,16549.498046875,5457.6279296875,97,200,1671,166,200,0,16,61,20,0,0
184,mild_drift,1.0,12140.703125,7916.244140625,62,200,1883,194,200,0,22,30,10,0,0
185,mild_drift,1.0,15488.5146484375,5995.208984375,90,200,1460,170,200,0,25,45,20,0,0
186,mild_drift,1.0,15240.470703125,10081.4599609375,56,200,1853,184,200,0,7,29,20,0,0
187,mild_drift,1.0,16040.3642578125,5362.31884765625,119,200,1653,185,200,0,90,9,20,0,0
188,mild_drift,1.0,16573.28125,6697.1865234375,88,200,1569,191,200,0,24,44,20,0,0
189,mild_drift,1.0,14953.203125,6484.36083984375,76,200,2232,208,200,0,28,28,20,0,0
190,mild_drift,1.0,17309.84375,8718.408203125,142,200,1562,194,200,0,64,58,20,0,0
191,mild_drift,1.0,17498.98828125,10839.263671875,104,200,2548,307,200,0,71,13,20,0,0
192,mild_drift,1.0,18340.97265625,7255.73583984375,90,200,1986,203,200,0,45,25,20,0,0
193,mild_drift,1.0,15167.2646484375,7112.29833984375,84,200,2104,176,200,0,29,35,20,0,0
194,mild_drift,1.0,15667.8251953125,4304.01123046875,71,200,1453,128,200,0,28,23,20,0,0
195,mild_drift,1.0,15126.6416015625,6263.576171875,80,200,1579,161,200,0,22,38,20,0,0
196,mild_drift,1.0,17712.87109375,8924.37109375,91,200,2432,255,200,0,46,25,20,0,0
197,mild_drift,1.0,17074.60546875,7036.2412109375,74,200,1972,179,200,0,21,33,20,0,0
198,mild_drift,1.0,17228.564453125,12983.517578125,48,204,1587,215,204,0,7,21,20,0,0
199,mild_drift,1.0,17119.12109375,7505.21044921875,95,200,1313,151,200,0,50,25,20,0,0
200,mild_drift,1.0,19068.90234375,11256.333984375,65,202,2199,238,202,0,31,14,20,0,0
201,mild_drift,1.0,16648.759765625,9945.7021484375,92,200,2641,256,200,0,16,56,20,0,0
202,mild_drift,1.0,12965.611328125,10470.876953125,51,200,2412,256,200,0,15,26,10,0,0
203,mild_drift,1.0,16301.3349609375,7067.81396484375,64,200,2507,205,200,0,30,14,20,0,0
204,mild_drift,1.0,17093.3203125,9679.171875,53,201,2135,269,201,0,15,18,20,0,0
205,mild_drift,1.0,15994.3466796875,4184.10986328125,95,200,1424,130,200,0,45,30,20,0,0
206,mild_drift,1.0,16673.275390625,11522.7666015625,56,205,2065,274,205,0,16,20,20,0,0
207,mild_drift,1.0,17290.708984375,7767.009765625,88,200,2274,215,200,0,59,9,20,0,0
208,mild_drift,1.0,15354.365234375,7492.43310546875,90,200,2007,189,200,0,28,42,20,0,0
209,mild_drift,1.0,17774.193359375,8100.1279296875,101,200,1385,152,200,0,28,53,20,0,0
210,mild_drift,1.0,17643.8125,12924.6953125,64,200,3051,345,200,0,14,30,20,0,0
211,mild_drift,1.0,14820.865234375,5565.013671875,69,200,1910,165,200,0,31,18,20,0,0
212,mild_drift,1.0,14531.482421875,9395.1083984375,89,203,2861,361,203,0,27,42,20,0,0
213,mild_drift,1.0,15864.2236328125,10162.291015625,46,201,2111,279,201,0,13,13,20,0,0
214,mild_drift,1.0,16114.583984375,5852.244140625,114,200,1735,152,200,0,45,49,20,0,0
215,mild_drift,1.0,15007.34765625,8887.0927734375,86,200,1661,151,200,0,57,9,20,0,0
216,mild_drift,1.0,17062.306640625,14481.0966796875,65,203,1452,207,203,0,31,14,20,0,0
217,mild_drift,1.0,14603.986328125,7777.04931640625,95,200,1987,188,200,0,28,57,10,0,0
218,mild_drift,1.0,14589.796875,12296.802734375,79,203,3347,450,203,0,45,14,20,0,0
219,mild_drift,1.0,17359.537109375,4388.5654296875,60,200,1058,151,200,0,20,20,20,0,0
220,mild_drift,1.0,15890.775390625,9210.9150390625,75,200,1535,177,200,0,30,25,20,0,0
221,mild_drift,1.0,16622.185546875,9440.62890625,60,200,2244,272,200,0,30,10,20,0,0
222,mild_drift,1.0,17703.841796875,14515.216796875,77,202,2050,286,202,0,32,25,20,0,0
223,mild_drift,1.0,16465.18359375,6477.35595703125,83,200,2317,245,200,0,41,22,20,0,0
224,mild_drift,1.0,15443.19140625,12315.5576171875,70,202,1542,182,202,0,25,25,20,0,0
225,mild_drift,1.0,15494.78125,7010.41796875,96,200,1787,179,200,0,54,22,20,0,0
226,mild_drift,1.0,14494.8896484375,8639.0478515625,86,200,2066,227,200,0,28,38,20,0,0
227,mild_drift,1.0,16076.306640625,9160.00390625,56,200,2721,282,200,0,14,22,20,0,0
228,mild_drift,1.0,16631.212890625,14347.28125,45,202,1804,246,202,0,16,9,20,0,0
229,mild_drift,1.0,15726.30859375,11747.29296875,66,201,2895,350,201,0,26,20,20,0,0
230,mild_drift,1.0,15599.5537109375,6832.05126953125,77,200,838,106,200,0,11,46,20,0,0
231,mild_drift,1.0,14669.08984375,9290.197265625,88,200,2554,266,200,0,59,9,20,0,0
232,mild_drift,1.0,15961.4501953125,8645.419921875,90,200,2256,215,200,0,40,30,20,0,0
233,mild_drift,1.0,14676.294921875,7281.5166015625,115,200,2350,231,200,0,61,34,20,0,0
234,mild_drift,1.0,19112.255859375,5419.31591796875,96,200,1717,261,200,0,41,35,20,0,0
235,mild_drift,1.0,18035.109375,5826.67041015625,121,200,1631,156,200,0,48,53,20,0,0
236,mild_drift,1.0,17821.822265625,11213.5634765625,86,200,1697,181,200,0,44,22,20,0,0
237,mild_drift,1.0,15565.8525390625,10427.6884765625,61,200,2754,321,200,0,32,9,20,0,0
238,mild_drift,1.0,16118.0390625,8172.42822265625,91,200,1927,265,200,0,21,50,20,0,0
239,mild_drift,1.0,17420.509765625,7030.16748046875,95,200,1962,181,200,0,42,33,20,0,0
240,mild_drift,1.0,13914.6103515625,8966.5791015625,71,201,3091,347,201,0,29,22,20,0,0
241,mild_drift,1.0,13561.474609375,9992.953125,123,200,2292,256,200,0,87,26,10,0,0
242,mild_drift,1.0,17034.712890625,8099.845703125,84,201,1792,194,201,0,27,37,20,0,0
243,mild_drift,1.0,16656.15625,3489.68603515625,141,200,891,152,200,0,57,64,20,0,0
244,mild_drift,1.0,13726.4853515625,5801.34619140625,62,200,1709,182,200,0,22,30,10,0,0
245,mild_drift,1.0,16062.3466796875,8570.1142578125,96,200,2215,242,200,0,44,32,20,0,0
246,mild_drift,1.0,16705.736328125,4197.98583984375,126,200,1336,154,200,0,44,62,20,0,0
247,mild_drift,1.0,17734.681640625,13179.58984375,69,205,1778,350,205,0,16,33,20,0,0
248,mild_drift,1.0,15902.041015625,13517.396484375,45,203,2202,316,203,0,16,9,20,0,0
249,mild_drift,1.0,17240.796875,6913.27880859375,68,200,1496,167,200,0,25,23,20,0,0
250,mild_drift,1.0,16465.62890625,11772.7841796875,71,200,2330,238,200,0,16,35,20,0,0
251,mild_drift,1.0,16208.693359375,7701.20654296875,77,200,2065,181,200,0,23,34,20,0,0
252,mild_drift,1.0,14861.111328125,4887.53173828125,90,200,1496,165,200,0,42,28,20,0,0
253,mild_drift,1.0,17776.138671875,14431.40234375,54,206,1824,299,206,0,13,21,20,0,0
254,mild_drift,1.0,15599.8017578125,6284.4140625,97,200,1613,197,200,0,40,47,10,0,0
255,mild_drift,1.0,17500.4765625,11841.8466796875,61,201,2306,375,201,0,28,13,20,0,0
256,mild_drift,1.0,18053.732421875,5454.4111328125,105,200,1811,179,200,0,72,13,20,0,0
257,mild_drift,1.0,15314.0,6681.6640625,71,200,1792,184,200,0,22,29,20,0,0
258,mild_drift,1.0,16072.068359375,7843.88134765625,116,200,2129,255,200,0,29,67,20,0,0
259,mild_drift,1.0,17643.927734375,14080.1298828125,78,201,2923,311,201,0,45,13,20,0,0
260,mild_drift,1.0,16257.62890625,13142.357421875,74,200,1759,210,200,0,33,21,20,0,0
261,mild_drift,1.0,15527.3046875,6178.83056640625,99,200,2127,228,200,0,43,36,20,0,0
262,mild_drift,1.0,15005.4169921875,9769.8310546875,87,200,2728,311,200,0,42,25,20,0,0
263,mild_drift,1.0,17009.58984375,13004.9521484375,57,200,2867,353,200,0,16,21,20,0,0
264,mild_drift,1.0,14576.51953125,5261.23876953125,88,200,1310,133,200,0,39,29,20,0,0
265,mild_drift,1.0,15495.0693359375,8033.55712890625,107,200,2252,220,200,0,31,56,20,0,0
266,mild_drift,1.0,16515.5078125,9497.9921875,71,200,2386,240,200,0,15,36,20,0,0
267,mild_drift,1.0,18067.388671875,11584.7158203125,71,201,2856,336,201,0,11,40,20,0,0
268,mild_drift,1.0,16622.8984375,5352.89990234375,80,200,1714,153,200,0,39,21,20,0,0
269,mild_drift,1.0,13831.9228515625,7844.4501953125,89,200,2140,233,200,0,32,47,10,0,0
270,mild_drift,1.0,15874.865234375,8788.6962890625,71,200,2556,318,200,0,16,35,20,0,0
271,mild_drift,1.0,16850.72265625,7281.912109375,60,200,1703,169,200,0,27,13,20,0,0
272,mild_drift,1.0,15375.224609375,9823.626953125,82,200,1896,198,200,0,26,36,20,0,0
273,mild_drift,1.0,15022.4912109375,9005.484375,86,200,2586,291,200,0,32,34,20,0,0
274,mild_drift,1.0,16524.70703125,10229.439453125,62,200,2133,192,200,0,29,13,20,0,0
275,mild_drift,1.0,13139.4072265625,12332.0419921875,60,201,2856,316,201,0,23,27,10,0,0
276,mild_drift,1.0,15603.837890625,5213.3447265625,64,200,1332,149,200,0,22,32,10,0,0
277,mild_drift,1.0,14748.1865234375,9199.9404296875,112,200,2422,239,200,0,40,52,20,0,0
278,mild_drift,1.0,14931.9326171875,6014.80224609375,87,200,2049,171,200,0,32,35,20,0,0
279,mild_drift,1.0,16068.83203125,7624.125,72,200,2700,304,200,0,30,22,20,0,0
280,mild_drift,1.0,16120.1005859375,6890.06982421875,134,200,1496,161,200,0,69,45,20,0,0
281,mild_drift,1.0,17267.294921875,7803.97021484375,103,200,1933,234,200,0,62,21,20,0,0
282,mild_drift,1.0,15838.9599609375,5082.2880859375,109,200,1273,129,200,0,55,34,20,0,0
283,mild_drift,1.0,18863.501953125,4776.83740234375,84,200,1486,139,200,0,43,21,20,0,0
284,mild_drift,1.0,16276.0732421875,4013.22021484375,85,200,1786,126,200,0,16,49,20,0,0
285,mild_drift,1.0,15938.7666015625,10320.890625,92,200,2901,295,200,0,45,27,20,0,0
286,mild_drift,1.0,16929.86328125,4677.0986328125,109,200,959,146,200,0,57,32,20,0,0
287,mild_drift,1.0,17019.646484375,7318.470703125,89,200,2076,205,200,0,36,33,20,0,0
288,mild_drift,1.0,14948.2138671875,9567.703125,88,201,2234,266,201,0,15,53,20,0,0
289,mild_drift,0.9,15753.748046875,10006.4990234375,90,200,2452,291,200,0,45,25,20,0,0
290,mild_drift,1.0,17282.455078125,12055.384765625,78,200,2703,299,200,0,44,14,20,0,0
291,mild_drift,1.0,16182.248046875,11094.791015625,71,201,1708,207,201,0,30,21,20,0,0
292,mild_drift,1.0,16748.6953125,10901.833984375,59,200,1547,189,200,0,27,12,20,0,0
293,mild_drift,1.0,16937.970703125,11506.4775390625,76,201,2209,222,201,0,32,24,20,0,0
294,mild_drift,1.0,14152.697265625,8876.45703125,78,200,2541,276,200,0,48,10,20,0,0
295,mild_drift,1.0,15221.6943359375,8982.8115234375,118,200,2601,250,200,0,64,34,20,0,0
296,mild_drift,1.0,15827.193359375,9340.3466796875,82,200,2542,279,200,0,30,32,20,0,0
297,mild_drift,1.0,16281.1806640625,9483.3544921875,71,200,2592,301,200,0,14,37,20,0,0
298,mild_drift,1.0,16326.71875,5694.982421875,96,200,2231,243,200,0,47,29,20,0,0
299,mild_drift,1.0,15852.640625,5968.01171875,85,200,1745,135,200,0,16,49,20,0,0
300,mild_drift,1.0,16626.388671875,11855.40625,62,200,2851,293,200,0,22,20,20,0,0
301,mild_drift,1.0,16550.455078125,8878.068359375,82,200,2798,293,200,0,15,47,20,0,0
302,mild_drift,1.0,15248.880859375,3954.85888671875,84,200,1743,168,200,0,26,38,20,0,0
303,mild_drift,1.0,18019.59375,5469.87109375,62,200,1735,139,200,0,29,13,20,0,0
304,mild_drift,1.0,17160.44140625,3561.716552734375,94,200,1520,147,200,0,30,44,20,0,0
305,mild_drift,1.0,17493.8125,8998.7783203125,61,200,1417,180,200,0,30,11,20,0,0
306,mild_drift,1.0,15825.6953125,13391.4658203125,61,201,2203,255,201,0,28,13,20,0,0
307,mild_drift,1.0,15865.9755859375,9629.455078125,52,200,2599,286,200,0,12,20,20,0,0
308,mild_drift,1.0,15716.2470703125,6711.10302734375,80,200,1630,200,200,0,46,14,20,0,0
309,mild_drift,1.0,17865.10546875,12932.2587890625,52,203,3222,422,203,0,13,19,20,0,0
310,mild_drift,1.0,13813.2998046875,2465.678955078125,104,200,1289,145,200,0,47,47,10,0,0
311,mild_drift,0.9,17464.85546875,11114.6923828125,50,200,2989,381,200,0,10,20,20,0,0
312,mild_drift,1.0,15727.6318359375,9572.2119140625,63,200,2137,292,200,0,25,18,20,0,0
313,mild_drift,1.0,15931.0556640625,10797.28125,46,201,2423,253,201,0,15,11,20,0,0
314,mild_drift,1.0,12583.7529296875,10226.7548828125,58,200,2060,226,200,0,11,37,10,0,0
315,mild_drift,1.0,16323.873046875,6466.56640625,79,200,1574,162,200,0,11,48,20,0,0
316,mild_drift,1.0,16423.208984375,15497.416015625,46,202,2973,375,202,0,15,11,20,0,0
317,mild_drift,1.0,17002.107421875,7225.62939453125,74,200,2199,229,200,0,21,33,20,0,0
318,mild_drift,1.0,16368.6162109375,11314.015625,97,201,1943,228,201,0,44,33,20,0,0
319,mild_drift,1.0,15612.279296875,11106.794921875,77,201,1712,189,201,0,47,10,20,0,0
320,mild_drift,1.0,15355.9248046875,9459.1259765625,60,200,2927,317,200,0,11,29,20,0,0
321,mild_drift,1.0,17051.9921875,7184.21435546875,112,200,1370,157,200,0,70,22,20,0,0
322,mild_drift,1.0,14441.4833984375,11255.8623046875,73,200,2536,257,200,0,27,26,20,0,0
323,mild_drift,1.0,16455.83984375,8577.966796875,87,200,2511,279,200,0,16,51,20,0,0
324,mild_drift,1.0,16790.6328125,12378.1552734375,107,200,3032,293,200,0,68,19,20,0,0
325,mild_drift,1.0,15989.5146484375,5825.58349609375,127,200,1520,137,200,0,84,23,20,0,0
326,mild_drift,1.0,15209.4140625,3602.04931640625,96,200,1190,115,200,0,41,35,20,0,0
327,mild_drift,1.0,15207.275390625,5459.6533203125,97,200,1518,154,200,0,31,46,20,0,0
328,mild_drift,1.0,17239.296875,11554.1220703125,116,200,3001,351,200,0,46,50,20,0,0
329,mild_drift,1.0,16470.287109375,7181.7353515625,71,200,2574,230,200,0,30,21,20,0,0
330,mild_drift,1.0,18168.62890625,5446.77099609375,77,200,1288,124,200,0,25,32,20,0,0
331,mild_drift,1.0,18190.69921875,9426.1591796875,71,200,1370,154,200,0,26,25,20,0,0
332,mild_drift,1.0,12440.4326171875,5989.98779296875,77,200,1704,177,200,0,43,14,20,0,0
333,mild_drift,1.0,17268.396484375,9992.30078125,97,200,1866,178,200,0,38,39,20,0,0
334,mild_drift,1.0,17466.427734375,10915.2607421875,72,201,2402,276,201,0,16,36,20,0,0
335,mild_drift,1.0,18103.625,7391.6552734375,86,200,1165,141,200,0,39,27,20,0,0
336,mild_drift,1.0,15932.0732421875,9046.7802734375,105,200,2585,244,200,0,45,40,20,0,0
337,mild_drift,1.0,15721.0703125,9602.18359375,66,200,1950,212,200,0,23,23,20,0,0
338,mild_drift,1.0,17426.79296875,13114.6826171875,93,204,1566,237,204,0,45,28,20,0,0
339,mild_drift,1.0,16298.4404296875,12265.3759765625,101,201,2464,271,201,0,43,38,20,0,0
340,mild_drift,1.0,15877.66015625,7769.96435546875,90,200,1837,186,200,0,33,37,20,0,0
341,mild_drift,1.0,16092.822265625,10163.0419921875,96,200,2328,250,200,0,42,34,20,0,0
342,mild_drift,1.0,16330.4775390625,7437.6533203125,88,200,1907,171,200,0,43,25,20,0,0
343,mild_drift,1.0,16574.017578125,12087.478515625,70,200,3138,344,200,0,11,39,20,0,0
344,mild_drift,1.0,16204.126953125,11146.5048828125,103,200,2601,290,200,0,69,14,20,0,0
345,mild_drift,1.0,16501.90234375,9395.2041015625,82,201,2449,259,201,0,25,37,20,0,0
346,mild_drift,1.0,15987.3720703125,6365.1103515625,102,200,1570,184,200,0,45,37,20,0,0
347,mild_drift,1.0,16677.064453125,6462.16259765625,97,200,1763,124,200,0,24,53,20,0,0
348,mild_drift,1.0,16601.580078125,5895.3896484375,97,200,2231,210,200,0,68,9,20,0,0
349,mild_drift,1.0,16104.3564453125,12363.302734375,92,203,3221,420,203,0,31,41,20,0,0
350,mild_drift,1.0,18659.03515625,10620.095703125,109,200,2771,289,200,0,44,45,20,0,0
351,mild_drift,1.0,17293.001953125,7676.94482421875,99,200,1738,193,200,0,38,41,20,0,0
352,mild_drift,1.0,15222.0009765625,5135.8779296875,57,200,2045,231,200,0,12,25,20,0,0
353,mild_drift,1.0,15512.2744140625,5185.89990234375,87,200,2286,246,200,0,45,22,20,0,0
354,mild_drift,1.0,16854.34765625,5450.18017578125,114,200,1024,110,200,0,75,19,20,0,0
355,mild_drift,1.0,16923.54296875,9233.5517578125,76,200,2378,270,200,0,42,14,20,0,0
356,mild_drift,1.0,17101.34765625,6067.9189453125,135,200,1960,247,200,0,81,34,20,0,0
357,mild_drift,0.9,17561.509765625,10309.8232421875,86,200,2031,253,200,0,45,21,20,0,0
358,mild_drift,1.0,18151.037109375,9603.8984375,66,200,2413,252,200,0,26,20,20,0,0
359,mild_drift,1.0,16401.53515625,12934.068359375,83,201,2279,257,201,0,52,11,20,0,0
360,mild_drift,1.0,10750.46484375,10750.46484375,36,200,2151,249,200,0,10,16,10,0,0
361,mild_drift,1.0,14317.26953125,9000.6259765625,66,200,1971,174,200,0,28,28,10,0,0
362,mild_drift,1.0,15760.21875,12297.23828125,91,201,2463,238,201,0,29,42,20,0,0
363,mild_drift,1.0,18515.525390625,7625.4384765625,99,200,1778,202,200,0,29,50,20,0,0
364,mild_drift,1.0,14288.54296875,12847.890625,48,201,2504,257,201,0,13,15,20,0,0
365,mild_drift,1.0,17532.892578125,9992.2275390625,106,200,1939,181,200,0,58,28,20,0,0
366,mild_drift,1.0,16850.912109375,9719.6650390625,55,201,2975,364,201,0,14,21,20,0,0
367,mild_drift,1.0,12271.4130859375,12271.4130859375,36,202,1696,226,202,0,10,16,10,0,0
368,mild_drift,1.0,16243.205078125,4119.14306640625,76,200,1461,138,200,0,15,41,20,0,0
369,mild_drift,1.0,15919.58984375,5842.654296875,91,200,1329,175,200,0,30,41,20,0,0
370,mild_drift,1.0,16425.435546875,7136.96826171875,101,200,1550,195,200,0,19,62,20,0,0
371,mild_drift,1.0,12462.2822265625,8910.1376953125,61,200,2463,231,200,0,32,9,20,0,0
372,mild_drift,1.0,16874.59375,8335.697265625,78,200,1674,164,200,0,15,43,20,0,0
373,mild_drift,1.0,15723.939453125,9583.0966796875,72,200,2485,278,200,0,43,9,20,0,0
374,mild_drift,1.0,16122.587890625,7042.68359375,92,200,2658,279,200,0,62,10,20,0,0
375,mild_drift,1.0,17209.990234375,10732.01171875,100,200,2169,217,200,0,47,33,20,0,0
376,mild_drift,1.0,16223.0166015625,14593.154296875,45,204,1808,265,204,0,16,9,20,0,0
377,mild_drift,1.0,16883.69921875,12877.4775390625,85,201,1648,219,201,0,42,23,20,0,0
378,mild_drift,1.0,16964.876953125,6740.31982421875,94,200,1020,141,200,0,30,44,20,0,0
379,mild_drift,1.0,15236.11328125,11895.8720703125,122,201,2860,356,201,0,15,87,20,0,0
380,mild_drift,1.0,15601.0986328125,10999.9248046875,81,200,2583,264,200,0,47,14,20,0,0
381,mild_drift,1.0,16824.453125,8857.3212890625,65,200,1495,176,200,0,23,22,20,0,0
382,mild_drift,1.0,16442.3828125,9947.87109375,98,201,2457,274,201,0,30,48,20,0,0
383,mild_drift,1.0,17359.35546875,12862.830078125,60,201,2266,221,201,0,28,12,20,0,0
384,mild_drift,1.0,15716.4130859375,8916.0693359375,78,200,2879,288,200,0,48,10,20,0,0
385,mild_drift,1.0,15964.552734375,8083.67041015625,81,200,1928,211,200,0,27,34,20,0,0
386,mild_drift,1.0,13267.5126953125,10448.064453125,74,200,2995,341,200,0,26,28,20,0,0
387,mild_drift,1.0,15923.9677734375,14109.642578125,49,204,2708,331,204,0,15,14,20,0,0
388,mild_drift,1.0,15797.5048828125,4604.68017578125,64,200,1526,142,200,0,23,21,20,0,0
389,mild_drift,0.9,14887.2392578125,9664.4150390625,78,200,2827,355,200,0,32,26,20,0,0
390,mild_drift,1.0,17494.07421875,11146.1044921875,125,200,2628,273,200,0,77,28,20,0,0
391,mild_drift,1.0,16445.6796875,11803.6337890625,70,201,2180,236,201,0,25,25,20,0,0
392,mild_drift,1.0,13333.6025390625,8588.5087890625,48,200,2223,220,200,0,14,24,10,0,0
393,mild_drift,1.0,17075.3671875,7279.70361328125,87,200,1842,175,200,0,27,40,20,0,0
394,mild_drift,1.0,17426.408203125,13092.42578125,49,200,2838,322,200,0,15,14,20,0,0
395,mild_drift,1.0,14041.44140625,8480.1572265625,120,200,2559,259,200,0,77,23,20,0,0
396,mild_drift,1.0,16601.884765625,6571.8388671875,63,200,1156,150,200,0,21,22,20,0,0
397,mild_drift,1.0,16461.85546875,4648.81494140625,79,200,978,122,200,0,37,22,20,0,0
398,mild_drift,1.0,15711.302734375,7869.5830078125,67,200,1841,200,200,0,29,18,20,0,0
399,mild_drift,1.0,17535.927734375,13755.7529296875,96,202,2256,289,202,0,56,20,20,0,0
400,mild_drift,1.0,15091.12109375,9132.2626953125,133,200,2249,253,200,0,75,38,20,0,0
401,mild_drift,1.0,15640.474609375,7439.82275390625,74,200,2450,249,200,0,45,9,20,0,0
402,mild_drift,1.0,15922.0615234375,8555.0849609375,154,200,2079,195,200,0,59,75,20,0,0
403,mild_drift,1.0,16881.7734375,9164.6279296875,78,200,1951,243,200,0,48,10,20,0,0
404,mild_drift,1.0,15087.623046875,3850.89794921875,112,200,1748,167,200,0,83,9,20,0,0
405,mild_drift,1.0,16643.326171875,7795.61865234375,98,200,2303,227,200,0,56,22,20,0,0
406,mild_drift,1.0,15841.7021484375,9010.9912109375,70,200,1867,162,200,0,26,24,20,0,0
407,mild_drift,1.0,17670.11328125,7813.69189453125,100,200,2164,188,200,0,15,65,20,0,0
408,mild_drift,1.0,14171.458984375,10319.462890625,60,200,2543,259,200,0,31,9,20,0,0
409,mild_drift,1.0,17671.9765625,6933.2822265625,78,200,1966,194,200,0,45,13,20,0,0
410,mild_drift,1.0,17149.955078125,4020.177734375,102,200,1371,140,200,0,48,34,20,0,0
411,mild_drift,1.0,17372.974609375,13138.96484375,91,203,2225,309,203,0,32,39,20,0,0
412,mild_drift,1.0,14930.712890625,7864.890625,88,200,2287,283,200,0,45,23,20,0,0
413,mild_drift,1.0,17336.791015625,12648.2353515625,94,200,2929,320,200,0,48,26,20,0,0
414,mild_drift,1.0,17355.333984375,11199.9150390625,103,200,1421,178,200,0,30,53,20,0,0
415,mild_drift,1.0,15549.00390625,6168.14892578125,101,200,2045,202,200,0,59,22,20,0,0
416,mild_drift,1.0,15706.849609375,5201.96142578125,84,200,1711,186,200,0,26,38,20,0,0
417,mild_drift,1.0,14530.2998046875,12229.3291015625,65,201,2979,381,201,0,31,14,20,0,0
418,mild_drift,1.0,15895.8955078125,13236.30078125,85,201,1448,167,201,0,43,32,10,0,0
419,mild_drift,1.0,16934.5546875,4500.91162109375,76,200,1767,182,200,0,16,40,20,0,0
420,mild_drift,1.0,16460.845703125,6156.6455078125,100,200,2013,172,200,0,42,38,20,0,0
421,mild_drift,1.0,16416.59375,3603.312744140625,104,200,1483,151,200,0,28,56,20,0,0
422,mild_drift,1.0,15032.408203125,7186.287109375,129,200,1826,190,200,0,31,78,20,0,0
423,mild_drift,1.0,16671.271484375,9192.8154296875,87,200,2550,296,200,0,32,35,20,0,0
424,mild_drift,1.0,15345.2119140625,7641.81689453125,82,200,1993,239,200,0,12,50,20,0,0
425,mild_drift,1.0,15635.685546875,7569.8681640625,115,200,1823,179,200,0,42,53,20,0,0
426,mild_drift,1.0,15644.3408203125,6551.32568359375,50,200,1399,179,200,0,10,20,20,0,0
427,mild_drift,1.0,18976.0703125,10533.0537109375,65,200,2561,299,200,0,31,14,20,0,0
428,mild_drift,1.0,15390.5576171875,7559.16943359375,101,200,1870,222,200,0,59,22,20,0,0
429,mild_drift,1.0,17474.31640625,7042.84033203125,106,200,1621,213,200,0,59,27,20,0,0
430,mild_drift,1.0,18922.84765625,8451.6103515625,105,200,2040,184,200,0,60,25,20,0,0
431,mild_drift,1.0,18416.302734375,13172.3046875,75,201,2781,323,201,0,32,23,20,0,0
432,mild_drift,1.0,15248.58203125,12944.5849609375,77,203,2066,272,203,0,29,28,20,0,0
433,mild_drift,1.0,15792.423828125,8892.779296875,46,201,2445,258,201,0,13,13,20,0,0
434,mild_drift,1.0,14892.4453125,7777.146484375,72,200,2027,230,200,0,30,22,20,0,0
435,mild_drift,1.0,17240.94140625,5776.59130859375,85,200,1501,165,200,0,42,23,20,0,0
436,mild_drift,1.0,14188.2021484375,6084.26513671875,75,200,1988,157,200,0,41,14,20,0,0
437,mild_drift,1.0,17528.283203125,7818.93701171875,63,200,1738,160,200,0,12,31,20,0,0
438,mild_drift,1.0,15400.6806640625,10147.1796875,86,201,1588,204,201,0,30,36,20,0,0
439,mild_drift,1.0,14951.0693359375,7133.1552734375,68,200,2056,215,200,0,15,33,20,0,0
440,mild_drift,1.0,17395.33984375,9910.5888671875,93,200,2370,278,200,0,59,14,20,0,0
441,mild_drift,1.0,18487.658203125,6427.97412109375,67,200,1965,184,200,0,29,18,20,0,0
442,mild_drift,1.0,16533.15234375,12022.5810546875,60,200,2443,294,200,0,14,26,20,0,0
443,mild_drift,1.0,16059.3896484375,3928.36962890625,78,200,1614,143,200,0,16,42,20,0,0
444,mild_drift,1.0,18262.44140625,13070.6826171875,46,202,3094,394,202,0,13,13,20,0,0
445,mild_drift,1.0,17676.2421875,11783.5927734375,82,203,1935,224,203,0,49,13,20,0,0
446,mild_drift,1.0,17734.978515625,12161.732421875,96,200,2294,251,200,0,27,49,20,0,0
447,mild_drift,1.0,17694.44921875,5595.478515625,113,200,1176,130,200,0,71,22,20,0,0
448,mild_drift,1.0,15896.5419921875,9067.533203125,77,200,2328,232,200,0,32,25,20,0,0
449,mild_drift,1.0,16583.984375,8161.72607421875,108,200,2406,238,200,0,54,34,20,0,0
450,mild_drift,1.0,16296.951171875,6978.19482421875,75,200,1875,213,200,0,20,35,20,0,0
451,mild_drift,1.0,14478.30859375,9754.7705078125,60,200,2333,253,200,0,16,24,20,0,0
452,mild_drift,1.0,16746.876953125,9924.66015625,75,200,1896,205,200,0,29,26,20,0,0
453,mild_drift,1.0,15413.5908203125,11661.154296875,45,201,2511,299,201,0,16,9,20,0,0
454,mild_drift,1.0,17790.86328125,6816.3779296875,74,200,1965,176,200,0,31,23,20,0,0
455,mild_drift,1.0,16921.109375,15410.572265625,45,202,2066,251,202,0,16,9,20,0,0
456,mild_drift,1.0,16998.271484375,8407.54296875,124,200,2113,234,200,0,46,58,20,0,0
457,mild_drift,1.0,15949.416015625,7725.40966796875,46,202,2357,237,202,0,16,10,20,0,0
458,mild_drift,1.0,16916.759765625,10074.7802734375,60,200,1792,240,200,0,29,11,20,0,0
459,mild_drift,1.0,15323.2041015625,8048.82177734375,94,200,2404,265,200,0,48,26,20,0,0
460,mild_drift,1.0,16044.0625,9090.830078125,109,201,1803,182,201,0,67,22,20,0,0
461,mild_drift,1.0,16383.8818359375,9733.7431640625,87,200,1204,152,200,0,31,36,20,0,0
462,mild_drift,0.9,15992.021484375,13387.3271484375,76,202,2910,338,202,0,46,10,20,0,0
463,mild_drift,1.0,12510.7041015625,5726.63623046875,100,200,1747,173,200,0,62,28,10,0,0
464,mild_drift,1.0,16071.5419921875,8659.1982421875,131,200,1863,175,200,0,50,61,20,0,0
465,mild_drift,1.0,16766.765625,10196.591796875,91,200,2676,305,200,0,14,57,20,0,0
466,mild_drift,1.0,17510.9921875,11565.76953125,64,203,2928,352,203,0,11,33,20,0,0
467,mild_drift,1.0,18488.05078125,11462.228515625,73,200,2522,261,200,0,29,24,20,0,0
468,mild_drift,1.0,15826.3486328125,9734.4521484375,69,200,2050,204,200,0,32,17,20,0,0
469,mild_drift,1.0,17264.9609375,6845.27490234375,75,200,2254,232,200,0,30,25,20,0,0
470,mild_drift,1.0,15558.853515625,10363.490234375,69,200,2564,285,200,0,37,12,20,0,0
471,mild_drift,1.0,16996.126953125,11047.3291015625,143,200,2262,271,200,0,46,77,20,0,0
472,mild_drift,1.0,15167.9228515625,9008.8486328125,108,200,2740,324,200,0,79,9,20,0,0
473,mild_drift,1.0,17608.716796875,7181.62744140625,114,200,1170,158,200,0,49,45,20,0,0
474,mild_drift,1.0,16848.099609375,9994.0947265625,65,200,2469,264,200,0,31,14,20,0,0
475,mild_drift,1.0,17602.798828125,13826.1064453125,62,204,1991,289,204,0,16,26,20,0,0
476,mild_drift,1.0,14723.6435546875,11953.34765625,77,200,2747,314,200,0,29,28,20,0,0
477,mild_drift,1.0,15616.115234375,9918.111328125,82,200,2829,283,200,0,41,21,20,0,0
478,mild_drift,1.0,16909.306640625,9207.3232421875,85,201,2494,288,201,0,42,23,20,0,0
479,mild_drift,1.0,17542.541015625,11471.5478515625,45,200,2021,238,200,0,13,12,20,0,0
480,mild_drift,1.0,16957.48046875,5699.33447265625,87,200,2269,186,200,0,32,35,20,0,0
481,mild_drift,1.0,15014.9638671875,6723.0341796875,71,200,2102,198,200,0,15,36,20,0,0
482,mild_drift,1.0,14236.9580078125,5376.14404296875,93,200,1717,163,200,0,51,22,20,0,0
483,mild_drift,1.0,15854.3466796875,8590.6962890625,100,200,2237,218,200,0,42,48,10,0,0
484,mild_drift,1.0,16331.884765625,13466.1279296875,45,203,1609,260,203,0,16,9,20,0,0
485,mild_drift,1.0,16402.287109375,13363.4091796875,70,204,2034,315,204,0,16,34,20,0,0
486,mild_drift,1.0,15734.720703125,8170.26904296875,85,200,1838,207,200,0,30,35,20,0,0
487,mild_drift,1.0,15723.875,6865.2158203125,91,200,1965,152,200,0,32,39,20,0,0
488,mild_drift,1.0,14755.720703125,8434.9443359375,78,200,1834,183,200,0,35,23,20,0,0
489,mild_drift,1.0,17603.330078125,5249.95166015625,114,200,1060,122,200,0,82,12,20,0,0
490,mild_drift,1.0,15949.0224609375,9575.7119140625,120,201,2657,308,201,0,57,43,20,0,0
491,mild_drift,1.0,15097.4365234375,8181.99462890625,114,201,2070,210,201,0,44,50,20,0,0
492,mild_drift,1.0,17131.47265625,8066.5673828125,120,200,1827,215,200,0,36,64,20,0,0
493,mild_drift,1.0,16722.90234375,9031.4248046875,93,200,2119,211,200,0,44,29,20,0,0
494,mild_drift,1.0,16339.53515625,12563.5654296875,105,200,2791,327,200,0,57,28,20,0,0
495,mild_drift,1.0,16417.408203125,6785.31640625,54,200,1017,144,200,0,22,12,20,0,0
496,mild_drift,1.0,15490.919921875,15454.181640625,49,202,2409,268,202,0,15,14,20,0,0
497,mild_drift,1.0,15446.75390625,6892.302734375,123,200,1883,181,200,0,94,9,20,0,0
498,mild_drift,1.0,16616.701171875,6995.845703125,95,200,2145,227,200,0,28,47,20,0,0
499,mild_drift,1.0,18476.853515625,7999.810546875,68,200,1600,195,200,0,28,20,20,0,0
500,mild_drift,1.0,18430.2265625,6233.7373046875,135,200,1353,157,200,0,84,31,20,0,0
501,mild_drift,1.0,16425.98828125,9963.6845703125,85,200,2589,242,200,0,43,22,20,0,0
502,mild_drift,1.0,16617.154296875,3612.7138671875,106,200,857,114,200,0,39,47,20,0,0
503,mild_drift,1.0,16522.44921875,9996.529296875,118,200,2535,275,200,0,75,23,20,0,0
504,mild_drift,1.0,14899.0869140625,9747.158203125,82,200,2472,258,200,0,53,9,20,0,0
505,mild_drift,1.0,16872.26953125,6559.12060546875,95,200,1935,197,200,0,26,49,20,0,0
506,mild_drift,1.0,15808.96875,7575.8701171875,92,200,2304,252,200,0,62,10,20,0,0
507,mild_drift,1.0,17383.033203125,4330.9423828125,121,200,1775,177,200,0,77,24,20,0,0
508,mild_drift,1.0,17132.638671875,12684.0498046875,92,200,2930,358,200,0,46,26,20,0,0
509,mild_drift,1.0,14680.958984375,8656.498046875,54,200,2289,254,200,0,13,21,20,0,0
510,mild_drift,1.0,16957.6796875,9460.5478515625,101,200,2284,207,200,0,67,14,20,0,0
511,mild_drift,1.0,15757.8486328125,11415.4775390625,81,201,3224,412,201,0,47,14,20,0,0
512,mild_drift,1.0,16654.060546875,6034.58447265625,63,200,1131,139,200,0,21,22,20,0,0
513,mild_drift,0.9,15756.9248046875,11531.0302734375,71,201,2890,351,201,0,14,37,20,0,0
514,mild_drift,1.0,15574.705078125,8418.8447265625,114,200,2264,226,200,0,74,20,20,0,0
515,mild_drift,1.0,17706.3125,12373.078125,74,200,3033,364,200,0,13,41,20,0,0
516,mild_drift,1.0,17802.6015625,7472.4404296875,111,200,1769,172,200,0,66,25,20,0,0
517,mild_drift,1.0,16387.98828125,8982.2431640625,66,202,1986,232,202,0,26,20,20,0,0
518,mild_drift,1.0,15696.3125,10624.5068359375,62,200,3085,349,200,0,16,26,20,0,0
519,mild_drift,1.0,15053.62890625,8379.201171875,67,200,1976,309,200,0,29,18,20,0,0
520,mild_drift,1.0,16240.0302734375,5618.76318359375,110,200,2087,204,200,0,57,33,20,0,0
521,mild_drift,1.0,14017.66015625,8285.8642578125,83,200,2545,336,200,0,32,31,20,0,0
522,mild_drift,1.0,15691.4794921875,7309.92529296875,115,200,2493,237,200,0,74,21,20,0,0
523,mild_drift,1.0,16444.798828125,9841.6572265625,71,200,2406,289,200,0,16,35,20,0,0
524,mild_drift,1.0,16464.4921875,9715.1845703125,88,200,2467,339,200,0,44,24,20,0,0
525,mild_drift,1.0,16829.6171875,9304.2333984375,83,200,2362,252,200,0,41,22,20,0,0
526,mild_drift,1.0,16521.1484375,6108.33251953125,116,200,2004,165,200,0,87,9,20,0,0
527,mild_drift,1.0,17082.66796875,7878.2470703125,106,200,1860,198,200,0,72,14,20,0,0
528,mild_drift,1.0,13624.953125,8171.8291015625,91,200,1805,173,200,0,40,41,10,0,0
529,mild_drift,1.0,15738.447265625,12101.46875,119,201,2572,296,201,0,39,60,20,0,0
530,mild_drift,1.0,15605.470703125,5452.92578125,72,200,2175,214,200,0,42,10,20,0,0
531,mild_drift,1.0,14143.9873046875,5800.87451171875,69,200,1995,198,200,0,27,22,20,0,0
532,mild_drift,1.0,16225.1396484375,11835.755859375,72,202,3435,390,202,0,15,37,20,0,0
533,mild_drift,1.0,17503.189453125,12633.515625,56,200,2827,352,200,0,7,29,20,0,0
534,mild_drift,1.0,16021.857421875,8429.375,159,200,2109,203,200,0,82,57,20,0,0
535,mild_drift,1.0,16869.779296875,10656.4326171875,52,201,2702,279,201,0,12,20,20,0,0
536,mild_drift,1.0,17505.2265625,4358.4833984375,72,200,1694,173,200,0,42,10,20,0,0
537,mild_drift,1.0,15629.5986328125,10924.443359375,96,200,2471,237,200,0,45,31,20,0,0
538,mild_drift,1.0,15788.029296875,5105.6201171875,63,200,1620,134,200,0,22,21,20,0,0
539,mild_drift,1.0,15575.28125,11502.93359375,58,201,1772,248,201,0,13,25,20,0,0
540,mild_drift,1.0,16562.30078125,9581.1298828125,68,200,1925,200,200,0,37,11,20,0,0
541,mild_drift,1.0,14346.142578125,8587.0537109375,89,201,2365,228,201,0,45,24,20,0,0
542,mild_drift,1.0,14184.7294921875,5815.41162109375,100,200,1983,207,200,0,39,41,20,0,0
543,mild_drift,1.0,16570.05859375,9740.15625,71,201,1914,210,201,0,30,21,20,0,0
544,mild_drift,1.0,13309.03515625,7607.87744140625,75,200,1939,170,200,0,41,14,20,0,0
545,mild_drift,1.0,15904.2314453125,10550.74609375,61,201,3037,301,201,0,32,9,20,0,0
546,mild_drift,1.0,18694.4921875,10321.8740234375,92,200,2580,275,200,0,38,34,20,0,0
547,mild_drift,1.0,17879.923828125,13150.2490234375,82,201,2226,296,201,0,13,49,20,0,0
548,mild_drift,1.0,17064.001953125,7841.9794921875,64,200,1965,227,200,0,30,14,20,0,0
549,mild_drift,1.0,16024.08984375,13368.7060546875,72,201,2565,257,201,0,26,26,20,0,0
550,mild_drift,1.0,18035.810546875,13388.2763671875,66,201,1981,233,201,0,13,33,20,0,0
551,mild_drift,1.0,18300.38671875,11930.96484375,57,200,3421,435,200,0,16,21,20,0,0
552,mild_drift,1.0,12558.9052734375,9866.064453125,64,200,2023,243,200,0,24,30,10,0,0
553,mild_drift,1.0,15934.08203125,7189.07763671875,72,200,2419,244,200,0,30,22,20,0,0
554,mild_drift,1.0,18856.94140625,11158.2509765625,110,200,2603,244,200,0,57,33,20,0,0
555,mild_drift,1.0,18052.294921875,2676.604736328125,60,200,964,134,200,0,20,20,20,0,0
556,mild_drift,1.0,15752.166015625,6010.029296875,76,200,1330,134,200,0,36,20,20,0,0
557,mild_drift,1.0,14342.6015625,9110.30859375,59,200,1594,160,200,0,14,25,20,0,0
558,mild_drift,1.0,15662.94921875,6500.64013671875,62,200,2406,206,200,0,32,10,20,0,0
559,mild_drift,1.0,17439.8046875,6569.65625,62,200,1451,172,200,0,24,18,20,0,0
560,mild_drift,1.0,15556.470703125,10756.7802734375,74,201,2127,235,201,0,32,22,20,0,0
561,mild_drift,1.0,12343.564453125,9790.1435546875,85,200,2296,257,200,0,47,28,10,0,0
562,mild_drift,1.0,16252.4228515625,9598.919921875,78,200,2356,260,200,0,38,20,20,0,0
563,mild_drift,1.0,16509.755859375,7460.78857421875,112,200,2010,207,200,0,46,46,20,0,0
564,mild_drift,1.0,15217.5361328125,9389.623046875,85,200,2717,276,200,0,27,38,20,0,0
565,mild_drift,1.0,14940.94140625,9168.1416015625,56,200,2839,318,200,0,16,20,20,0,0
566,mild_drift,1.0,18357.138671875,6262.2421875,124,200,1624,204,200,0,76,28,20,0,0
567,mild_drift,1.0,14809.0615234375,8241.0703125,76,200,1930,240,200,0,27,29,20,0,0
568,mild_drift,1.0,15727.98046875,11358.908203125,114,200,2604,282,200,0,47,47,20,0,0
569,mild_drift,1.0,16059.84375,10122.4287109375,60,201,2264,314,201,0,12,28,20,0,0
570,mild_drift,1.0,16277.6923828125,8126.85205078125,84,200,2100,298,200,0,26,38,20,0,0
571,mild_drift,1.0,14910.0380859375,9625.578125,83,200,2504,297,200,0,41,22,20,0,0
572,mild_drift,1.0,16811.390625,11163.0546875,67,200,2469,289,200,0,30,17,20,0,0
573,mild_drift,1.0,16740.6484375,8328.7392578125,105,201,1910,219,201,0,15,70,20,0,0
574,mild_drift,1.0,16920.94921875,7343.32177734375,73,200,1859,166,200,0,44,9,20,0,0
575,mild_drift,1.0,17174.154296875,7749.7041015625,65,200,1866,178,200,0,11,34,20,0,0
576,mild_drift,1.0,15452.54296875,8566.896484375,75,201,2357,278,201,0,12,43,20,0,0
577,mild_drift,1.0,14963.3798828125,9785.5576171875,68,200,2125,265,200,0,15,43,10,0,0
578,mild_drift,1.0,14372.19921875,3637.396240234375,100,200,2082,175,200,0,30,50,20,0,0
579,mild_drift,1.0,16101.96875,8348.3916015625,59,200,2570,263,200,0,30,9,20,0,0
580,mild_drift,1.0,17926.546875,8890.5654296875,99,200,1636,183,200,0,60,19,20,0,0
581,mild_drift,1.0,14982.755859375,5356.62353515625,104,200,1686,188,200,0,43,51,10,0,0
582,mild_drift,1.0,15251.7568359375,7068.44775390625,92,200,2082,248,200,0,59,13,20,0,0
583,mild_drift,1.0,15295.4951171875,9596.21875,82,200,2456,237,200,0,42,20,20,0,0
584,mild_drift,1.0,16004.3603515625,12220.5615234375,45,201,2250,256,201,0,16,9,20,0,0
585,mild_drift,1.0,15271.4140625,8454.478515625,83,200,1942,200,200,0,32,31,20,0,0
586,mild_drift,1.0,18802.162109375,12632.2109375,71,200,1764,343,200,0,30,21,20,0,0
587,mild_drift,1.0,17769.8515625,11035.28125,65,201,1662,184,201,0,27,18,20,0,0
588,mild_drift,1.0,14316.61328125,10701.48046875,75,201,1970,295,201,0,31,24,20,0,0
589,mild_drift,1.0,15167.9521484375,7841.552734375,46,200,2230,207,200,0,16,10,20,0,0
590,mild_drift,1.0,14677.21875,10793.6630859375,61,202,2169,256,202,0,15,26,20,0,0
591,mild_drift,1.0,15834.736328125,6022.3642578125,102,201,1858,222,201,0,48,34,20,0,0
592,mild_drift,1.0,16500.322265625,5931.49951171875,92,200,1327,127,200,0,22,50,20,0,0
593,mild_drift,1.0,16230.708984375,9420.1123046875,58,200,2655,313,200,0,15,23,20,0,0
594,mild_drift,1.0,17208.908203125,9881.427734375,57,200,2169,278,200,0,24,13,20,0,0
595,mild_drift,1.0,14619.5791015625,12365.701171875,69,203,2080,290,203,0,14,35,20,0,0
596,mild_drift,1.0,15327.990234375,5428.359375,87,200,1590,147,200,0,36,31,20,0,0
597,mild_drift,1.0,14831.4130859375,8042.55615234375,84,200,1892,230,200,0,15,49,20,0,0
598,mild_drift,1.0,16748.71875,7869.67333984375,116,200,2181,235,200,0,73,23,20,0,0
599,mild_drift,1.0,16625.044921875,9550.873046875,90,200,2004,226,200,0,40,30,20,0,0
600,mild_drift,1.0,13737.4228515625,6009.35986328125,53,200,1335,153,200,0,11,32,10,0,0
601,mild_drift,1.0,16067.5859375,9624.251953125,75,201,2394,264,201,0,30,25,20,0,0
602,mild_drift,1.0,16132.8134765625,13021.8251953125,86,205,2238,311,205,0,31,35,20,0,0
603,mild_drift,1.0,17431.4609375,4976.92431640625,69,200,1948,192,200,0,39,10,20,0,0
604,mild_drift,1.0,16000.25,7273.80029296875,122,200,1461,159,200,0,28,74,20,0,0
605,mild_drift,1.0,17554.96875,10764.248046875,71,200,2893,347,200,0,38,13,20,0,0
606,mild_drift,1.0,17786.8359375,5587.76513671875,104,200,1586,243,200,0,64,20,20,0,0
607,mild_drift,1.0,15834.2939453125,6590.673828125,97,200,1466,193,200,0,43,34,20,0,0
608,mild_drift,1.0,14079.58203125,11429.0205078125,99,203,3089,381,203,0,61,28,10,0,0
609,mild_drift,1.0,16301.0087890625,6496.1123046875,97,201,2131,228,201,0,41,36,20,0,0
610,mild_drift,1.0,16154.6318359375,7148.58935546875,97,200,2346,239,200,0,28,49,20,0,0
611,mild_drift,1.0,14579.998046875,6400.93359375,108,200,1266,144,200,0,59,29,20,0,0
612,mild_drift,1.0,16370.08203125,11835.6318359375,80,201,2424,244,201,0,27,33,20,0,0
613,mild_drift,1.0,15708.009765625,7725.75390625,99,200,2118,231,200,0,42,37,20,0,0
614,mild_drift,1.0,14304.064453125,7557.77197265625,141,200,2281,226,200,0,75,46,20,0,0
615,mild_drift,1.0,16271.306640625,7365.17724609375,80,200,2111,239,200,0,30,30,20,0,0
616,mild_drift,1.0,15935.1533203125,8774.2080078125,70,200,2679,269,200,0,15,35,20,0,0
617,mild_drift,1.0,16707.505859375,7703.2216796875,80,200,2245,246,200,0,31,29,20,0,0
618,mild_drift,1.0,17242.54296875,9831.056640625,77,200,2297,300,200,0,32,25,20,0,0
619,mild_drift,1.0,18244.578125,5833.00634765625,105,200,1121,190,200,0,71,14,20,0,0
620,mild_drift,1.0,15833.5625,10746.1962890625,86,200,2507,279,200,0,46,20,20,0,0
621,mild_drift,1.0,15585.048828125,11695.7763671875,60,202,2143,259,202,0,16,24,20,0,0
622,mild_drift,1.0,18363.732421875,4897.767578125,84,200,1472,152,200,0,43,21,20,0,0
623,mild_drift,1.0,18695.076171875,11391.8125,86,200,1645,218,200,0,44,22,20,0,0
624,mild_drift,1.0,15892.1142578125,4425.943359375,85,200,1439,134,200,0,30,35,20,0,0
625,mild_drift,1.0,15948.859375,6437.69677734375,70,200,1519,150,200,0,27,23,20,0,0
626,mild_drift,1.0,15414.490234375,9315.630859375,110,201,1930,205,201,0,23,67,20,0,0
627,mild_drift,1.0,17796.318359375,10453.8681640625,69,201,2083,247,201,0,16,33,20,0,0
628,mild_drift,1.0,16907.099609375,5125.67724609375,120,200,1949,186,200,0,74,26,20,0,0
629,mild_drift,1.0,17026.068359375,5401.09814453125,125,200,1925,154,200,0,71,34,20,0,0
630,mild_drift,1.0,16799.736328125,8631.5146484375,72,200,2060,239,200,0,23,29,20,0,0
631,mild_drift,1.0,17036.162109375,8404.12109375,72,200,1993,205,200,0,29,23,20,0,0
632,mild_drift,1.0,16499.46875,5473.53076171875,105,200,1364,119,200,0,38,47,20,0,0
633,mild_drift,1.0,14458.552734375,8566.8134765625,108,200,2321,242,200,0,55,33,20,0,0
634,mild_drift,1.0,18368.900390625,12581.2783203125,94,200,2657,303,200,0,54,20,20,0,0
635,mild_drift,1.0,17554.09375,12682.8408203125,62,200,2537,343,200,0,31,11,20,0,0
636,mild_drift,1.0,16138.23828125,4881.72607421875,118,200,1366,145,200,0,12,86,20,0,0
637,mild_drift,1.0,17308.447265625,9211.61328125,106,200,2400,328,200,0,36,50,20,0,0
638,mild_drift,1.0,16940.83984375,6851.93212890625,104,200,2164,191,200,0,75,9,20,0,0
639,mild_drift,1.0,16868.234375,7103.11767578125,104,200,2095,177,200,0,15,69,20,0,0
640,mild_drift,1.0,17328.150390625,3030.022705078125,88,200,1913,153,200,0,59,9,20,0,0
641,mild_drift,1.0,15599.0947265625,11632.4150390625,72,203,2170,363,203,0,30,22,20,0,0
642,mild_drift,1.0,16596.65625,7596.07177734375,71,200,1777,169,200,0,30,21,20,0,0
643,mild_drift,1.0,15038.0927734375,12223.9716796875,45,201,2652,339,201,0,16,9,20,0,0
644,mild_drift,1.0,15869.6767578125,4020.156494140625,114,200,1574,138,200,0,54,40,20,0,0
645,mild_drift,1.0,14289.5087890625,7870.58642578125,85,200,1852,196,200,0,31,34,20,0,0
646,mild_drift,1.0,15288.8154296875,9637.5703125,61,201,2331,225,201,0,31,10,20,0,0
647,mild_drift,1.0,14954.419921875,14432.919921875,63,203,1896,241,203,0,16,27,20,0,0
648,mild_drift,1.0,16943.076171875,10088.0263671875,104,200,2710,288,200,0,43,41,20,0,0
649,mild_drift,1.0,16996.9375,6872.138671875,82,200,2386,263,200,0,31,31,20,0,0
650,mild_drift,1.0,15243.5859375,6005.39013671875,111,200,2288,208,200,0,44,47,20,0,0
651,mild_drift,1.0,15352.6767578125,8364.6181640625,63,200,2353,216,200,0,29,14,20,0,0
652,mild_drift,1.0,18398.06640625,11164.6572265625,92,200,2726,289,200,0,58,14,20,0,0
653,mild_drift,1.0,16537.150390625,6369.17626953125,90,200,2099,172,200,0,45,25,20,0,0
654,mild_drift,1.0,16687.8046875,11567.42578125,57,200,2660,245,200,0,16,21,20,0,0
655,mild_drift,1.0,15835.322265625,14370.060546875,54,205,2721,352,205,0,14,30,10,0,0
656,mild_drift,1.0,14463.3818359375,9753.2490234375,66,200,2258,265,200,0,13,33,20,0,0
657,mild_drift,1.0,16582.98828125,4893.4326171875,88,200,1316,110,200,0,29,39,20,0,0
658,mild_drift,1.0,17004.076171875,11844.3828125,96,201,1817,198,201,0,47,29,20,0,0
659,mild_drift,1.0,18367.478515625,6369.33203125,67,200,1739,176,200,0,29,18,20,0,0
660,mild_drift,1.0,15808.4873046875,9152.1201171875,102,201,2641,301,201,0,47,35,20,0,0
661,mild_drift,1.0,16849.513671875,4469.81982421875,101,200,1943,156,200,0,24,57,20,0,0
662,mild_drift,1.0,17314.380859375,8602.556640625,106,201,1914,202,201,0,66,20,20,0,0
663,mild_drift,1.0,16930.703125,9138.0068359375,55,200,2721,243,200,0,14,21,20,0,0
664,mild_drift,1.0,15772.5703125,10620.1513671875,63,201,2784,294,201,0,29,14,20,0,0
665,mild_drift,1.0,16101.3076171875,4834.30615234375,144,200,1926,173,200,0,78,46,20,0,0
666,mild_drift,1.0,14959.427734375,5277.79638671875,113,200,1853,171,200,0,29,64,20,0,0
667,mild_drift,1.0,16466.509765625,8275.7314453125,74,200,2406,272,200,0,44,10,20,0,0
668,mild_drift,1.0,15302.5595703125,6713.48974609375,89,200,2263,182,200,0,45,24,20,0,0
669,mild_drift,1.0,15204.0576171875,7588.37548828125,60,200,1844,156,200,0,26,14,20,0,0
670,mild_drift,1.0,14086.86328125,8495.2021484375,86,200,2645,277,200,0,45,21,20,0,0
671,mild_drift,1.0,17479.41015625,15102.1044921875,49,202,2587,340,202,0,15,14,20,0,0
672,mild_drift,1.0,15964.1455078125,11030.7177734375,65,200,3009,305,200,0,31,14,20,0,0
673,mild_drift,1.0,16488.400390625,6823.17138671875,71,200,1757,182,200,0,28,23,20,0,0
674,mild_drift,1.0,10984.8671875,10963.419921875,53,200,2712,350,200,0,15,28,10,0,0
675,mild_drift,1.0,18478.365234375,3594.913818359375,72,200,1238,159,200,0,32,20,20,0,0
676,mild_drift,1.0,15037.78515625,6417.134765625,94,200,2342,222,200,0,52,22,20,0,0
677,mild_drift,1.0,14655.17578125,12162.646484375,57,201,2793,304,201,0,28,9,20,0,0
678,mild_drift,1.0,15584.4912109375,11167.880859375,56,201,1950,213,201,0,7,29,20,0,0
679,mild_drift,1.0,17802.4921875,14426.35546875,76,201,1674,240,201,0,15,41,20,0,0
680,mild_drift,1.0,18153.09765625,9269.2314453125,84,200,2234,223,200,0,42,22,20,0,0
681,mild_drift,1.0,16967.07421875,14397.732421875,82,203,2264,254,203,0,11,51,20,0,0
682,mild_drift,1.0,16275.2216796875,9453.30859375,96,200,2387,256,200,0,31,45,20,0,0
683,mild_drift,1.0,14371.2568359375,9751.7744140625,99,200,2757,306,200,0,40,39,20,0,0
684,mild_drift,1.0,16273.3525390625,8642.7978515625,104,200,2873,310,200,0,71,13,20,0,0
685,mild_drift,1.0,17008.626953125,7533.28369140625,66,200,1885,226,200,0,26,20,20,0,0
686,mild_drift,1.0,17522.310546875,7796.9970703125,46,200,1819,194,200,0,13,13,20,0,0
687,mild_drift,1.0,16217.779296875,11027.189453125,54,202,1972,205,202,0,16,18,20,0,0
688,mild_drift,1.0,17655.892578125,6260.78466796875,79,200,1973,178,200,0,25,34,20,0,0
689,mild_drift,1.0,16370.37109375,8446.12109375,59,200,2144,192,200,0,30,9,20,0,0
690,mild_drift,1.0,15694.6533203125,12129.5625,77,200,1833,254,200,0,28,29,20,0,0
691,mild_drift,1.0,15822.3486328125,6941.22119140625,76,200,2111,227,200,0,35,21,20,0,0
692,mild_drift,1.0,15914.44140625,8932.2685546875,107,200,1863,203,200,0,61,26,20,0,0
693,mild_drift,1.0,15637.1396484375,7019.03759765625,97,200,1630,170,200,0,43,34,20,0,0
694,mild_drift,1.0,16846.826171875,10132.8720703125,82,200,2935,334,200,0,32,30,20,0,0
695,mild_drift,1.0,16364.607421875,7017.4306640625,82,200,1689,178,200,0,36,26,20,0,0
696,mild_drift,1.0,16705.91015625,5125.3779296875,65,200,1992,190,200,0,31,14,20,0,0
697,mild_drift,1.0,16952.9921875,11378.1923828125,62,201,2782,326,201,0,29,13,20,0,0
698,mild_drift,1.0,16487.01953125,7335.1689453125,60,200,1988,210,200,0,27,13,20,0,0
699,mild_drift,1.0,16009.111328125,11970.5654296875,64,205,2206,332,205,0,11,33,20,0,0
700,mild_drift,1.0,15248.984375,13469.240234375,55,203,2471,290,203,0,15,30,10,0,0
701,mild_drift,1.0,14520.8671875,13240.0146484375,92,201,2861,339,201,0,42,40,10,0,0
702,mild_drift,1.0,17697.8203125,10300.177734375,64,200,1694,160,200,0,11,33,20,0,0
703,mild_drift,1.0,15267.333984375,8635.7607421875,141,200,1941,223,200,0,58,63,20,0,0
704,mild_drift,1.0,16896.294921875,5271.146484375,67,200,1687,152,200,0,37,10,20,0,0
705,mild_drift,1.0,17020.818359375,7438.095703125,71,200,1997,179,200,0,29,22,20,0,0
706,mild_drift,1.0,17397.916015625,8649.9931640625,72,200,1947,183,200,0,16,36,20,0,0
707,mild_drift,1.0,16974.01171875,13592.75,72,202,1654,220,202,0,16,36,20,0,0
708,mild_drift,1.0,17020.4375,10193.25,95,200,2695,334,200,0,39,36,20,0,0
709,mild_drift,1.0,15192.162109375,5790.798828125,140,200,1633,143,200,0,98,22,20,0,0
710,mild_drift,1.0,16771.0390625,5602.8994140625,105,200,1541,139,200,0,38,47,20,0,0
711,mild_drift,1.0,14770.7705078125,10245.9736328125,123,200,2777,357,200,0,60,43,20,0,0
712,mild_drift,1.0,16965.541015625,6521.8359375,89,200,2046,188,200,0,13,56,20,0,0
713,mild_drift,1.0,16068.5341796875,6220.1943359375,113,200,1922,198,200,0,54,39,20,0,0
714,mild_drift,1.0,16374.2275390625,9327.2060546875,92,200,2194,234,200,0,58,14,20,0,0
715,mild_drift,1.0,16215.8564453125,3722.005859375,94,200,1712,151,200,0,54,20,20,0,0
716,mild_drift,1.0,16070.8515625,14653.9638671875,57,202,2043,222,202,0,13,24,20,0,0
717,mild_drift,1.0,16171.248046875,12180.7939453125,68,200,1684,205,200,0,26,22,20,0,0
718,mild_drift,1.0,16420.662109375,5617.62841796875,95,200,1644,167,200,0,38,37,20,0,0
719,mild_drift,1.0,16371.9365234375,13176.51171875,77,204,1660,237,204,0,23,34,20,0,0
720,mild_drift,1.0,17603.91015625,14295.306640625,77,206,1977,299,206,0,29,28,20,0,0
721,mild_drift,1.0,15451.56640625,13464.3486328125,60,203,2855,416,203,0,28,12,20,0,0
722,mild_drift,1.0,16705.666015625,3439.73095703125,57,200,1435,126,200,0,14,23,20,0,0
723,mild_drift,1.0,14994.2412109375,10153.1162109375,54,200,2207,227,200,0,11,23,20,0,0
724,mild_drift,1.0,15647.2158203125,8528.9912109375,60,200,2497,280,200,0,30,10,20,0,0
725,mild_drift,1.0,15815.666015625,4097.97119140625,120,200,1797,156,200,0,87,13,20,0,0
726,mild_drift,1.0,15345.4208984375,9838.744140625,72,200,2557,320,200,0,27,25,20,0,0
727,mild_drift,1.0,15286.634765625,5480.12646484375,84,200,1529,190,200,0,44,20,20,0,0
728,mild_drift,1.0,15628.49609375,7748.48486328125,86,200,1813,216,200,0,43,23,20,0,0
729,mild_drift,1.0,17961.763671875,8231.49609375,91,200,1914,233,200,0,30,41,20,0,0
730,mild_drift,1.0,17852.626953125,9007.57421875,73,200,2056,219,200,0,40,13,20,0,0
731,mild_drift,1.0,17420.34765625,7702.64794921875,101,200,1714,171,200,0,58,23,20,0,0
732,mild_drift,1.0,17081.130859375,9026.3759765625,90,200,2643,262,200,0,61,9,20,0,0
733,mild_drift,1.0,13283.54296875,10707.5966796875,103,200,2181,313,200,0,55,38,10,0,0
734,mild_drift,1.0,15235.0712890625,9362.833984375,68,200,2466,293,200,0,27,21,20,0,0
735,mild_drift,1.0,17685.138671875,9037.8642578125,155,200,1762,170,200,0,70,65,20,0,0
736,mild_drift,1.0,17585.59765625,6428.48583984375,46,200,1229,163,200,0,16,10,20,0,0
737,mild_drift,1.0,15647.9013671875,4261.76513671875,94,200,1367,141,200,0,48,26,20,0,0
738,mild_drift,1.0,17933.111328125,9219.9814453125,76,201,1490,142,201,0,8,48,20,0,0
739,mild_drift,1.0,19600.271484375,15651.169921875,77,203,2384,326,203,0,32,25,20,0,0
740,mild_drift,1.0,17398.16796875,3405.68798828125,68,200,802,108,200,0,35,13,20,0,0
741,mild_drift,1.0,18990.87109375,9280.83984375,113,200,1730,200,200,0,46,47,20,0,0
742,mild_drift,1.0,13602.9677734375,6385.1416015625,85,200,1880,171,200,0,41,24,20,0,0
743,mild_drift,1.0,15246.6962890625,9365.0791015625,92,200,2666,296,200,0,30,42,20,0,0
744,mild_drift,1.0,14478.296875,9292.0419921875,101,200,2714,264,200,0,58,23,20,0,0
745,mild_drift,1.0,15678.302734375,9386.7587890625,102,200,2146,279,200,0,43,39,20,0,0
746,mild_drift,1.0,15928.056640625,6607.14111328125,85,200,1730,139,200,0,16,49,20,0,0
747,mild_drift,1.0,13678.5830078125,7463.11474609375,115,200,2167,204,200,0,44,51,20,0,0
748,mild_drift,1.0,17070.916015625,6269.83984375,51,200,1338,196,200,0,13,18,20,0,0
749,mild_drift,1.0,16526.66015625,10309.322265625,52,200,2538,290,200,0,12,20,20,0,0
750,mild_drift,1.0,16348.2763671875,6085.2783203125,93,200,1840,171,200,0,59,14,20,0,0
751,mild_drift,1.0,17168.5546875,11592.9013671875,61,202,2184,306,202,0,32,9,20,0,0
752,mild_drift,1.0,15629.705078125,11175.3828125,61,200,2942,338,200,0,16,25,20,0,0
753,mild_drift,1.0,13391.03515625,12921.7919921875,50,201,2671,355,201,0,24,16,10,0,0
754,mild_drift,1.0,16015.73828125,1590.4168701171875,147,200,1619,118,200,0,94,33,20,0,0
755,mild_drift,1.0,14481.5703125,9174.5341796875,72,201,2168,238,201,0,14,38,20,0,0
756,mild_drift,1.0,15429.23046875,12865.51171875,71,202,2143,231,202,0,12,39,20,0,0
757,mild_drift,1.0,17332.47265625,9988.7880859375,88,200,2104,274,200,0,55,13,20,0,0
758,mild_drift,1.0,17658.68359375,10703.453125,61,200,2745,343,200,0,29,12,20,0,0
759,mild_drift,1.0,17568.701171875,11423.25,111,200,2182,208,200,0,60,31,20,0,0
760,mild_drift,1.0,13227.25,10247.583984375,64,201,1651,224,201,0,15,29,20,0,0
761,mild_drift,1.0,16914.45703125,7542.00244140625,77,200,2212,196,200,0,32,25,20,0,0
762,mild_drift,1.0,15540.646484375,9334.955078125,88,200,2285,284,200,0,15,53,20,0,0
763,mild_drift,1.0,15435.005859375,11270.494140625,86,200,2457,290,200,0,48,18,20,0,0
764,mild_drift,1.0,14854.7578125,8373.546875,53,200,2107,185,200,0,15,18,20,0,0
765,mild_drift,1.0,16624.54296875,5164.9482421875,121,200,1095,169,200,0,62,39,20,0,0
766,mild_drift,1.0,14703.1220703125,13038.8056640625,91,201,3013,349,201,0,45,26,20,0,0
767,mild_drift,1.0,14683.5400390625,8486.7353515625,77,200,2501,300,200,0,25,32,20,0,0
768,mild_drift,1.0,17004.125,6641.22119140625,106,200,2387,256,200,0,57,29,20,0,0
769,mild_drift,1.0,11609.439453125,7840.64501953125,66,200,2032,204,200,0,40,16,10,0,0
770,mild_drift,1.0,15691.275390625,13173.8935546875,96,201,3297,465,201,0,27,49,20,0,0
771,mild_drift,1.0,19221.056640625,12953.7958984375,75,200,2958,379,200,0,11,44,20,0,0
772,mild_drift,1.0,17106.70703125,9036.9267578125,64,200,2459,240,200,0,30,14,20,0,0
773,mild_drift,1.0,15735.873046875,7469.2294921875,73,200,2121,251,200,0,28,25,20,0,0
774,mild_drift,1.0,17055.85546875,5839.99169921875,93,200,1794,161,200,0,59,14,20,0,0
775,mild_drift,1.0,17451.396484375,8340.9052734375,65,200,1985,223,200,0,31,14,20,0,0
776,mild_drift,1.0,17178.982421875,9199.509765625,87,200,2693,283,200,0,30,37,20,0,0
777,mild_drift,1.0,15858.30078125,6705.34423828125,78,200,2397,296,200,0,37,21,20,0,0
778,mild_drift,1.0,15282.6806640625,13095.0146484375,65,201,1936,211,201,0,31,14,20,0,0
779,mild_drift,1.0,14131.4462890625,11281.3076171875,64,200,2663,329,200,0,28,26,10,0,0
780,mild_drift,1.0,16324.93359375,7477.55517578125,75,200,2283,243,200,0,26,29,20,0,0
781,mild_drift,1.0,15214.65625,10355.7548828125,62,200,2063,236,200,0,32,10,20,0,0
782,mild_drift,1.0,17362.8515625,12019.587890625,104,200,2709,292,200,0,58,26,20,0,0
783,mild_drift,1.0,15352.4853515625,11981.6455078125,49,202,3027,368,202,0,15,14,20,0,0
784,mild_drift,1.0,17148.96875,10184.361328125,69,200,2353,335,200,0,28,21,20,0,0
785,mild_drift,1.0,15986.7216796875,6145.259765625,116,200,2057,206,200,0,54,42,20,0,0
786,mild_drift,1.0,17039.71484375,7722.4501953125,87,200,2129,194,200,0,57,10,20,0,0
787,mild_drift,1.0,15564.7294921875,8004.474609375,69,200,2249,257,200,0,27,22,20,0,0
788,mild_drift,1.0,16482.0625,5756.70947265625,57,200,1610,150,200,0,26,11,20,0,0
789,mild_drift,1.0,17052.630859375,13936.61328125,61,202,2634,296,202,0,28,13,20,0,0
790,mild_drift,1.0,17162.453125,10866.0693359375,71,201,3173,369,201,0,29,22,20,0,0
791,mild_drift,1.0,16781.2109375,4246.75146484375,81,200,1387,165,200,0,24,37,20,0,0
792,mild_drift,1.0,14790.16796875,11253.330078125,120,200,2068,184,200,0,90,10,20,0,0
793,mild_drift,1.0,15634.3232421875,9090.201171875,109,200,2973,287,200,0,61,28,20,0,0
794,mild_drift,1.0,16726.59375,8725.359375,66,200,1755,203,200,0,22,24,20,0,0
795,mild_drift,1.0,13962.1494140625,7586.306640625,89,200,1711,182,200,0,44,25,20,0,0
796,mild_drift,1.0,16234.7548828125,8276.1162109375,71,200,2397,239,200,0,30,21,20,0,0
797,mild_drift,1.0,14458.197265625,9844.21875,103,200,2662,357,200,0,16,67,20,0,0
798,mild_drift,1.0,15483.404296875,9468.7529296875,127,200,2130,253,200,0,72,35,20,0,0
799,mild_drift,1.0,14002.1865234375,8005.6337890625,63,200,1747,183,200,0,7,36,20,0,0
800,mild_drift,1.0,16407.951171875,11252.50390625,59,201,2319,254,201,0,14,25,20,0,0
801,mild_drift,1.0,16946.734375,12449.9697265625,53,200,2262,242,200,0,12,21,20,0,0
802,mild_drift,1.0,16596.39453125,10183.212890625,82,200,2769,292,200,0,41,21,20,0,0
803,mild_drift,1.0,18603.03515625,12679.3466796875,75,201,3088,393,201,0,16,39,20,0,0
804,mild_drift,1.0,16090.1005859375,10873.107421875,62,208,1084,255,208,0,32,10,20,0,0
805,mild_drift,1.0,14056.34375,8093.94287109375,111,200,2259,257,200,0,62,29,20,0,0
806,mild_drift,1.0,15908.5439453125,7413.03173828125,96,200,2085,190,200,0,54,22,20,0,0
807,mild_drift,1.0,16566.302734375,8632.537109375,68,200,2007,175,200,0,28,20,20,0,0
808,mild_drift,1.0,13377.7119140625,13377.7119140625,36,201,2425,267,201,0,10,16,10,0,0
809,mild_drift,1.0,16518.490234375,10965.07421875,74,200,3100,346,200,0,16,38,20,0,0
810,mild_drift,1.0,15237.861328125,6318.53369140625,95,200,1894,175,200,0,53,22,20,0,0
811,mild_drift,1.0,15471.0859375,11369.16015625,48,202,2533,325,202,0,13,15,20,0,0
812,mild_drift,1.0,15394.2021484375,8468.244140625,101,200,2256,272,200,0,36,45,20,0,0
813,mild_drift,1.0,15953.275390625,7177.431640625,105,200,2164,205,200,0,75,10,20,0,0
814,mild_drift,1.0,16853.134765625,9662.771484375,79,200,2432,248,200,0,28,31,20,0,0
815,mild_drift,1.0,17215.416015625,10320.77734375,84,201,1601,183,201,0,44,20,20,0,0
816,mild_drift,1.0,16927.607421875,11730.740234375,83,201,1944,207,201,0,41,22,20,0,0
817,mild_drift,1.0,17896.86328125,10801.06640625,100,200,1475,214,200,0,43,37,20,0,0
818,mild_drift,1.0,15826.052734375,7484.7548828125,96,200,1924,221,200,0,54,22,20,0,0
819,mild_drift,1.0,15441.4853515625,8182.8994140625,84,200,1978,208,200,0,26,38,20,0,0
820,mild_drift,1.0,17437.41015625,13253.8056640625,64,201,2073,184,201,0,30,14,20,0,0
821,mild_drift,1.0,17260.025390625,3521.2587890625,76,200,2572,243,200,0,32,24,20,0,0
822,mild_drift,1.0,16699.87890625,9471.359375,94,200,2383,261,200,0,13,61,20,0,0
823,mild_drift,1.0,15975.2314453125,5622.0693359375,105,200,1312,142,200,0,63,32,10,0,0
824,mild_drift,1.0,16351.998046875,6937.63330078125,66,200,1847,211,200,0,26,20,20,0,0
825,mild_drift,1.0,15204.9423828125,7406.095703125,73,200,2056,228,200,0,32,21,20,0,0
826,mild_drift,1.0,18280.849609375,10324.7451171875,56,200,3121,305,200,0,16,20,20,0,0
827,mild_drift,1.0,15916.095703125,9875.232421875,95,200,2805,297,200,0,41,34,20,0,0
828,mild_drift,1.0,16385.91796875,10435.8212890625,85,200,2169,245,200,0,32,33,20,0,0
829,mild_drift,1.0,13852.0380859375,7951.291015625,109,200,1967,220,200,0,61,28,20,0,0
830,mild_drift,1.0,14083.59375,10305.3681640625,56,201,2752,324,201,0,16,20,20,0,0
831,mild_drift,1.0,16550.19140625,10822.330078125,52,201,2745,278,201,0,13,19,20,0,0
832,mild_drift,1.0,13765.7646484375,6804.4111328125,107,200,1755,175,200,0,63,24,20,0,0
833,mild_drift,1.0,13544.2919921875,9434.46875,78,200,2220,244,200,0,31,37,10,0,0
834,mild_drift,1.0,16343.470703125,11759.9482421875,73,208,2908,493,208,0,11,42,20,0,0
835,mild_drift,1.0,16200.783203125,4902.87353515625,99,200,1396,142,200,0,42,37,20,0,0
836,mild_drift,0.9,14768.466796875,10608.77734375,61,200,2955,384,200,0,16,25,20,0,0
837,mild_drift,1.0,16219.0703125,5350.4052734375,87,200,1699,150,200,0,58,9,20,0,0
838,mild_drift,1.0,15385.517578125,11092.814453125,82,201,2548,252,201,0,15,47,20,0,0
839,mild_drift,1.0,15640.6103515625,7545.1259765625,86,200,2378,219,200,0,25,41,20,0,0
840,mild_drift,1.0,16636.705078125,9126.310546875,79,201,2439,242,201,0,27,32,20,0,0
841,mild_drift,1.0,17479.787109375,9533.0166015625,84,200,2269,274,200,0,14,50,20,0,0
842,mild_drift,1.0,16803.3046875,14949.65625,62,220,2368,508,220,0,14,28,20,0,0
843,mild_drift,1.0,16660.74609375,7233.494140625,91,200,1532,111,200,0,49,22,20,0,0
844,mild_drift,1.0,15894.3017578125,7885.72412109375,88,200,2142,236,200,0,58,10,20,0,0
845,mild_drift,1.0,18152.54296875,8704.287109375,104,200,2533,297,200,0,43,41,20,0,0
846,mild_drift,1.0,16558.037109375,6477.44775390625,108,200,2037,201,200,0,47,41,20,0,0
847,mild_drift,1.0,16507.220703125,10796.576171875,53,200,1970,185,200,0,13,20,20,0,0
848,mild_drift,1.0,16335.677734375,10639.1142578125,46,201,2963,372,201,0,13,13,20,0,0
849,mild_drift,1.0,16100.4091796875,8537.419921875,85,200,2257,277,200,0,43,22,20,0,0
850,mild_drift,1.0,16482.6484375,4503.7666015625,92,200,1350,133,200,0,24,48,20,0,0
851,mild_drift,1.0,18268.1796875,7405.40625,84,200,2512,251,200,0,54,10,20,0,0
852,mild_drift,1.0,16769.787109375,10921.7216796875,115,200,2649,296,200,0,86,9,20,0,0
853,mild_drift,1.0,15823.900390625,15796.0478515625,48,204,2022,317,204,0,13,25,10,0,0
854,mild_drift,1.0,16748.427734375,5130.41357421875,96,200,1256,111,200,0,62,14,20,0,0
855,mild_drift,1.0,15720.6376953125,7852.31689453125,90,200,1210,150,200,0,56,14,20,0,0
856,mild_drift,1.0,16710.576171875,5736.50390625,74,200,1646,155,200,0,45,9,20,0,0
857,mild_drift,1.0,17082.296875,6353.3662109375,112,200,1651,219,200,0,79,13,20,0,0
858,mild_drift,1.0,14820.8291015625,10395.982421875,48,200,3074,318,200,0,13,15,20,0,0
859,mild_drift,1.0,16017.0009765625,7006.3037109375,71,200,2077,225,200,0,14,37,20,0,0
860,mild_drift,1.0,17109.103515625,11129.1259765625,63,200,2882,301,200,0,32,11,20,0,0
861,mild_drift,1.0,15050.69140625,10041.7353515625,82,200,2469,250,200,0,44,18,20,0,0
862,mild_drift,1.0,16062.6748046875,9084.716796875,107,200,2022,256,200,0,33,54,20,0,0
863,mild_drift,1.0,14074.345703125,13252.2626953125,50,201,2638,282,201,0,16,24,10,0,0
864,mild_drift,1.0,13838.568359375,10774.771484375,82,201,2161,184,201,0,30,32,20,0,0
865,mild_drift,1.0,15333.9482421875,7859.2626953125,90,201,1643,196,201,0,25,45,20,0,0
866,mild_drift,1.0,16583.505859375,11217.4287109375,77,200,2110,213,200,0,24,33,20,0,0
867,mild_drift,1.0,18511.568359375,8782.83203125,78,200,2457,267,200,0,30,28,20,0,0
868,mild_drift,1.0,18010.578125,14034.03125,90,211,1688,341,211,0,32,38,20,0,0
869,mild_drift,1.0,15476.3515625,2858.852294921875,114,200,1109,111,200,0,57,37,20,0,0
870,mild_drift,1.0,14387.1337890625,6261.154296875,53,200,2032,220,200,0,11,22,20,0,0
871,mild_drift,1.0,16143.501953125,5671.470703125,84,200,1227,144,200,0,30,34,20,0,0
872,mild_drift,1.0,14755.0283203125,7583.94140625,59,200,2151,214,200,0,14,25,20,0,0
873,mild_drift,1.0,17999.158203125,15807.1533203125,81,206,1848,273,206,0,27,34,20,0,0
874,mild_drift,1.0,18190.603515625,12535.1708984375,64,200,2052,214,200,0,25,19,20,0,0
875,mild_drift,1.0,14116.4423828125,11041.3115234375,46,201,2622,345,201,0,16,10,20,0,0
876,mild_drift,1.0,14992.974609375,7629.1220703125,79,200,1677,159,200,0,11,48,20,0,0
877,mild_drift,1.0,15815.0888671875,7209.447265625,107,200,1707,167,200,0,28,59,20,0,0
878,mild_drift,1.0,15738.4501953125,12372.0732421875,45,203,1820,229,203,0,16,9,20,0,0
879,mild_drift,1.0,14895.025390625,10887.322265625,103,200,2319,226,200,0,69,14,20,0,0
880,mild_drift,1.0,16058.8515625,11489.4150390625,69,203,2503,330,203,0,16,33,20,0,0
881,mild_drift,1.0,17820.65625,11686.0693359375,68,200,1801,223,200,0,26,22,20,0,0
882,mild_drift,1.0,15012.8212890625,10448.9560546875,70,201,2458,292,201,0,16,34,20,0,0
883,mild_drift,1.0,15418.62890625,8572.9208984375,78,201,2243,214,201,0,9,49,20,0,0
884,mild_drift,1.0,15483.1220703125,12375.93359375,62,200,2931,303,200,0,28,14,20,0,0
885,mild_drift,1.0,13214.625,9104.470703125,53,200,1674,167,200,0,15,28,10,0,0
886,mild_drift,1.0,16958.46484375,5860.36767578125,98,200,1144,146,200,0,27,51,20,0,0
887,mild_drift,1.0,16327.6875,9215.353515625,74,200,3032,309,200,0,45,9,20,0,0
888,mild_drift,1.0,15947.3984375,7906.64990234375,81,200,2181,215,200,0,40,21,20,0,0
889,mild_drift,1.0,14499.03515625,8071.76708984375,66,200,1563,188,200,0,26,30,10,0,0
890,mild_drift,1.0,17940.45703125,10952.2734375,94,201,1768,216,201,0,30,44,20,0,0
891,mild_drift,1.0,14843.861328125,8867.115234375,99,200,2126,224,200,0,48,41,10,0,0
892,mild_drift,1.0,17295.509765625,11572.6767578125,86,201,1559,161,201,0,31,35,20,0,0
893,mild_drift,1.0,16599.333984375,9115.984375,59,200,2363,200,200,0,14,25,20,0,0
894,mild_drift,1.0,16844.763671875,9673.3193359375,79,200,2483,285,200,0,26,33,20,0,0
895,mild_drift,1.0,13128.7451171875,11081.193359375,92,200,2811,341,200,0,29,53,10,0,0
896,mild_drift,1.0,15981.599609375,9240.033203125,93,200,2519,270,200,0,40,33,20,0,0
897,mild_drift,1.0,17221.380859375,7468.2587890625,110,200,2112,210,200,0,41,49,20,0,0
898,mild_drift,1.0,16699.771484375,11003.25,99,200,2975,358,200,0,70,9,20,0,0
899,mild_drift,1.0,15296.0556640625,11628.40234375,113,200,3048,376,200,0,79,14,20,0,0
900,mild_drift,1.0,18839.365234375,12083.158203125,74,202,3051,332,202,0,16,38,20,0,0
901,mild_drift,1.0,17551.255859375,10051.6064453125,100,200,2039,198,200,0,63,17,20,0,0
902,mild_drift,1.0,12757.322265625,7019.88916015625,78,200,2267,198,200,0,44,14,20,0,0
903,mild_drift,1.0,17628.861328125,11219.0205078125,65,202,2513,261,202,0,31,14,20,0,0
904,mild_drift,1.0,19481.84375,8310.04296875,93,200,1871,242,200,0,40,33,20,0,0
905,mild_drift,1.0,15011.89453125,11135.56640625,103,200,2961,306,200,0,69,14,20,0,0
906,mild_drift,1.0,17557.93359375,13343.158203125,73,201,3125,343,201,0,16,37,20,0,0
907,mild_drift,1.0,16121.2763671875,8199.3759765625,131,200,1877,192,200,0,61,50,20,0,0
908,mild_drift,1.0,15433.0791015625,10573.1083984375,65,201,2762,308,201,0,31,14,20,0,0
909,mild_drift,1.0,18160.34375,4770.72705078125,149,200,879,156,200,0,115,14,20,0,0
910,mild_drift,1.0,17632.830078125,11918.0751953125,103,200,2236,239,200,0,42,41,20,0,0
911,mild_drift,1.0,16485.6015625,7911.27001953125,91,200,2007,257,200,0,46,25,20,0,0
912,mild_drift,1.0,17260.234375,13864.9912109375,60,204,1126,195,204,0,12,28,20,0,0
913,mild_drift,1.0,12314.01953125,12026.21484375,51,200,2722,283,200,0,15,26,10,0,0
914,mild_drift,1.0,15283.7109375,7900.9716796875,95,200,1851,204,200,0,44,41,10,0,0
915,mild_drift,1.0,15474.4931640625,9090.77734375,65,200,2635,312,200,0,31,14,20,0,0
916,mild_drift,1.0,15399.3740234375,7368.8359375,122,200,1984,180,200,0,93,9,20,0,0
917,mild_drift,1.0,16839.109375,12862.9140625,68,200,1903,286,200,0,29,19,20,0,0
918,mild_drift,1.0,15694.3359375,6153.7490234375,117,200,1567,135,200,0,42,55,20,0,0
919,mild_drift,1.0,15969.3740234375,7349.88525390625,86,200,2027,207,200,0,41,25,20,0,0
920,mild_drift,1.0,13997.2216796875,12602.4189453125,50,202,1806,190,202,0,16,24,10,0,0
921,mild_drift,1.0,16231.1669921875,8472.8837890625,89,200,2377,255,200,0,32,37,20,0,0
922,mild_drift,1.0,16767.31640625,12825.4716796875,46,202,2749,390,202,0,13,13,20,0,0
923,mild_drift,1.0,16718.93359375,9912.8642578125,113,201,2688,352,201,0,76,17,20,0,0
924,mild_drift,1.0,13882.9580078125,4324.74560546875,93,200,1478,160,200,0,53,30,10,0,0
925,mild_drift,1.0,16813.87109375,7428.22021484375,70,200,2038,195,200,0,15,35,20,0,0
926,mild_drift,1.0,18674.24609375,14518.951171875,65,202,2631,242,202,0,25,20,20,0,0
927,mild_drift,1.0,15243.08203125,6999.04638671875,70,200,2378,242,200,0,40,10,20,0,0
928,mild_drift,1.0,15015.83984375,7809.4755859375,83,200,2423,304,200,0,27,36,20,0,0
929,mild_drift,1.0,16762.2578125,13251.5634765625,97,202,1479,230,202,0,44,33,20,0,0
930,mild_drift,1.0,17595.43359375,13686.9326171875,59,201,2554,256,201,0,16,23,20,0,0
931,mild_drift,1.0,16307.890625,10771.3583984375,88,201,2690,346,201,0,43,25,20,0,0
932,mild_drift,1.0,15491.162109375,12272.943359375,66,200,2794,313,200,0,9,37,20,0,0
933,mild_drift,1.0,16663.251953125,9069.4716796875,74,200,2120,190,200,0,41,13,20,0,0
934,mild_drift,1.0,15392.224609375,5462.81591796875,88,200,1527,158,200,0,26,42,20,0,0
935,mild_drift,1.0,16633.8046875,5583.04296875,79,200,1912,174,200,0,25,34,20,0,0
936,mild_drift,1.0,15869.44921875,12504.8837890625,61,202,2055,237,202,0,30,11,20,0,0
937,mild_drift,1.0,16924.16015625,4484.3212890625,117,200,1462,154,200,0,41,56,20,0,0
938,mild_drift,1.0,16199.7998046875,7938.75927734375,78,200,2148,252,200,0,24,34,20,0,0
939,mild_drift,1.0,17462.078125,5716.84326171875,105,200,1850,180,200,0,43,42,20,0,0
940,mild_drift,1.0,16869.716796875,9133.2861328125,65,200,1646,197,200,0,25,20,20,0,0
941,mild_drift,1.0,15632.8046875,9487.9072265625,97,200,2630,302,200,0,32,45,20,0,0
942,mild_drift,1.0,16641.087890625,8309.09765625,85,200,2045,163,200,0,40,25,20,0,0
943,mild_drift,1.0,16474.85546875,8941.47265625,78,200,2488,274,200,0,29,29,20,0,0
944,mild_drift,1.0,17076.357421875,5783.14453125,62,200,1895,210,200,0,29,13,20,0,0
945,mild_drift,1.0,15476.2177734375,5569.23193359375,137,200,1155,107,200,0,80,37,20,0,0
946,mild_drift,1.0,16742.416015625,13232.1103515625,49,205,2730,355,205,0,15,14,20,0,0
947,mild_drift,1.0,17874.232421875,11931.998046875,79,201,2793,393,201,0,27,32,20,0,0
948,mild_drift,1.0,17357.83984375,11301.580078125,72,201,2058,226,201,0,8,44,20,0,0
949,mild_drift,1.0,14368.708984375,9353.427734375,85,200,2330,227,200,0,30,35,20,0,0
950,mild_drift,1.0,15688.396484375,4821.2666015625,124,200,1581,119,200,0,58,56,10,0,0
951,mild_drift,1.0,16722.751953125,10679.6376953125,50,201,2493,302,201,0,10,20,20,0,0
952,mild_drift,1.0,15792.044921875,4214.44873046875,114,200,1223,129,200,0,59,35,20,0,0
953,mild_drift,1.0,16641.087890625,6873.794921875,92,200,1323,160,200,0,35,37,20,0,0
954,mild_drift,1.0,15322.0205078125,6725.3857421875,60,200,2366,239,200,0,30,10,20,0,0
955,mild_drift,1.0,16300.0615234375,9825.4677734375,97,200,1934,218,200,0,64,13,20,0,0
956,mild_drift,1.0,18431.845703125,10725.3701171875,103,200,2906,315,200,0,38,45,20,0,0
957,mild_drift,1.0,15099.6162109375,9609.9755859375,53,201,2287,223,201,0,11,22,20,0,0
958,mild_drift,1.0,16588.765625,7934.01171875,61,200,2374,228,200,0,16,25,20,0,0
959,mild_drift,1.0,14624.00390625,10990.0498046875,62,200,2490,263,200,0,12,30,20,0,0
960,mild_drift,1.0,17787.732421875,10964.2001953125,78,201,2513,289,201,0,26,32,20,0,0
961,mild_drift,1.0,15976.248046875,2923.0185546875,118,200,1375,140,200,0,30,68,20,0,0
962,mild_drift,1.0,15023.271484375,8151.53271484375,86,200,2484,240,200,0,44,22,20,0,0
963,mild_drift,1.0,16500.634765625,11028.412109375,52,201,2318,248,201,0,12,20,20,0,0
964,mild_drift,1.0,16444.93359375,11396.5859375,54,202,1849,227,202,0,14,20,20,0,0
965,mild_drift,1.0,13102.9384765625,13102.9384765625,36,200,2476,260,200,0,10,16,10,0,0
966,mild_drift,1.0,17213.984375,8427.1103515625,62,200,2293,265,200,0,29,13,20,0,0
967,mild_drift,1.0,15098.6884765625,10013.826171875,63,200,2350,222,200,0,25,18,20,0,0
968,mild_drift,1.0,17883.51953125,9304.3330078125,79,200,2235,229,200,0,12,47,20,0,0
969,mild_drift,1.0,16170.9462890625,9269.4033203125,60,201,1896,233,201,0,27,13,20,0,0
970,mild_drift,1.0,16596.001953125,4300.73046875,95,200,812,101,200,0,27,48,20,0,0
971,mild_drift,1.0,16362.6875,6945.7841796875,91,200,2291,252,200,0,46,25,20,0,0
972,mild_drift,1.0,15798.4560546875,6973.9560546875,100,200,1801,198,200,0,30,50,20,0,0
973,mild_drift,1.0,15168.0791015625,4314.490234375,91,200,1291,142,200,0,48,23,20,0,0
974,mild_drift,1.0,16841.384765625,7542.603515625,76,200,1227,170,200,0,36,20,20,0,0
975,mild_drift,1.0,17002.71484375,5551.5400390625,96,200,1489,120,200,0,58,18,20,0,0
976,mild_drift,1.0,16718.81640625,9235.7763671875,76,200,2433,296,200,0,15,41,20,0,0
977,mild_drift,1.0,16707.888671875,1995.0179443359375,121,200,1806,165,200,0,75,26,20,0,0
978,mild_drift,1.0,16732.580078125,8255.44921875,76,200,2027,190,200,0,35,21,20,0,0
979,mild_drift,1.0,17110.35546875,9536.6318359375,103,200,1237,205,200,0,61,22,20,0,0
980,mild_drift,1.0,15657.810546875,7923.14404296875,110,200,2164,247,200,0,28,62,20,0,0
981,mild_drift,1.0,17452.9140625,8660.869140625,70,200,2914,287,200,0,14,36,20,0,0
982,mild_drift,1.0,16468.37890625,9414.0302734375,78,200,2764,286,200,0,16,42,20,0,0
983,mild_drift,1.0,12996.8046875,7816.478515625,112,200,2335,229,200,0,74,28,10,0,0
984,mild_drift,1.0,15560.6328125,9263.015625,103,200,2352,274,200,0,60,23,20,0,0
985,mild_drift,1.0,16146.556640625,7662.58349609375,63,200,1528,185,200,0,29,14,20,0,0
986,mild_drift,1.0,16826.796875,5389.9462890625,86,200,1904,169,200,0,49,17,20,0,0
987,mild_drift,1.0,17040.92578125,5932.35595703125,115,200,2482,254,200,0,62,33,20,0,0
988,mild_drift,1.0,13481.2099609375,9479.5908203125,53,200,1908,210,200,0,15,28,10,0,0
989,mild_drift,1.0,14689.3984375,7538.26025390625,95,200,2045,229,200,0,45,30,20,0,0
990,mild_drift,1.0,18963.275390625,13746.2392578125,48,203,2798,400,203,0,13,15,20,0,0
991,mild_drift,1.0,15977.5634765625,12799.341796875,86,203,2859,374,203,0,42,24,20,0,0
992,mild_drift,1.0,16456.83984375,4078.080810546875,133,200,1606,137,200,0,74,39,20,0,0
993,mild_drift,1.0,16748.2734375,6839.10546875,126,200,1694,187,200,0,97,9,20,0,0
994,mild_drift,1.0,16862.97265625,6822.978515625,107,200,1954,216,200,0,61,26,20,0,0
995,mild_drift,1.0,17261.232421875,8686.3017578125,63,200,1273,204,200,0,21,22,20,0,0
996,mild_drift,1.0,17414.486328125,5718.48681640625,99,200,1405,141,200,0,54,25,20,0,0
997,mild_drift,1.0,17388.64453125,8358.09765625,121,200,1811,211,200,0,70,31,20,0,0
998,mild_drift,1.0,17691.068359375,14122.478515625,61,206,2154,330,206,0,31,10,20,0,0
999,mild_drift,1.0,15418.1171875,8609.8369140625,61,200,2495,251,200,0,16,25,20,0,0
1000,mild_drift,1.0,17473.716796875,12528.947265625,76,200,2281,267,200,0,42,14,20,0,0
1001,mild_drift,1.0,13883.84765625,9380.912109375,74,200,2897,363,200,0,30,24,20,0,0
1002,mild_drift,1.0,15251.244140625,5113.083984375,59,200,1806,147,200,0,25,14,20,0,0
1003,mild_drift,1.0,16521.1015625,6727.01611328125,88,200,1757,177,200,0,31,37,20,0,0
1004,mild_drift,1.0,17216.318359375,8298.1591796875,90,200,2636,282,200,0,49,21,20,0,0
1005,mild_drift,0.9,15858.033203125,9743.103515625,60,200,2619,293,200,0,31,9,20,0,0
1006,mild_drift,1.0,17873.345703125,5916.62548828125,103,200,2129,184,200,0,46,37,20,0,0
1007,mild_drift,1.0,16426.95703125,3816.696044921875,96,200,1515,139,200,0,45,31,20,0,0
1008,mild_drift,1.0,13086.8154296875,6228.2509765625,83,200,2392,260,200,0,43,30,10,0,0
1009,mild_drift,1.0,16583.794921875,6990.73388671875,85,200,1727,141,200,0,51,14,20,0,0
1010,mild_drift,1.0,16820.033203125,12402.4560546875,48,201,3085,389,201,0,13,15,20,0,0
1011,mild_drift,1.0,13607.685546875,4497.19287109375,104,200,1308,153,200,0,47,47,10,0,0
1012,mild_drift,1.0,18503.880859375,7635.31005859375,113,200,1260,157,200,0,71,22,20,0,0
1013,mild_drift,1.0,15646.60546875,5872.54345703125,90,200,1720,163,200,0,13,57,20,0,0
1014,mild_drift,1.0,17458.158203125,11297.1025390625,93,200,1506,162,200,0,41,32,20,0,0
1015,mild_drift,1.0,16301.7783203125,9516.35546875,50,200,2386,195,200,0,10,20,20,0,0
1016,mild_drift,1.0,15557.56640625,5604.78271484375,81,200,2074,190,200,0,43,18,20,0,0
1017,mild_drift,1.0,14119.2763671875,8493.0283203125,69,200,2305,215,200,0,10,49,10,0,0
1018,mild_drift,1.0,17155.177734375,8309.7783203125,86,200,2910,319,200,0,43,23,20,0,0
1019,mild_drift,1.0,14598.517578125,7266.6533203125,56,200,1593,161,200,0,7,29,20,0,0
1020,mild_drift,1.0,14311.0185546875,5416.52685546875,84,200,1724,144,200,0,26,38,20,0,0
1021,mild_drift,1.0,17808.236328125,13482.2451171875,69,202,2604,299,202,0,39,10,20,0,0
1022,mild_drift,1.0,17795.689453125,5792.23388671875,85,200,1570,141,200,0,42,23,20,0,0
1023,mild_drift,1.0,16390.490234375,6978.65625,98,200,2581,269,200,0,43,35,20,0,0
1024,mild_drift,1.0,17607.291015625,6144.08837890625,92,200,2531,263,200,0,58,14,20,0,0
1025,mild_drift,1.0,17528.896484375,10098.08984375,100,201,2545,270,201,0,57,23,20,0,0
1026,mild_drift,1.0,16008.2373046875,5144.146484375,60,200,1190,109,200,0,28,12,20,0,0
1027,mild_drift,1.0,17459.689453125,12451.0947265625,66,201,1824,203,201,0,13,33,20,0,0
1028,mild_drift,1.0,14571.6455078125,12964.0498046875,50,202,3088,348,202,0,10,20,20,0,0
1029,mild_drift,1.0,15284.2412109375,6450.17041015625,63,200,1704,170,200,0,22,21,20,0,0
1030,mild_drift,1.0,15206.603515625,11566.998046875,75,203,1773,201,203,0,32,23,20,0,0
1031,mild_drift,1.0,15867.5283203125,10016.908203125,105,200,2452,227,200,0,44,41,20,0,0
1032,mild_drift,1.0,16904.36328125,10022.21484375,65,200,2274,260,200,0,10,35,20,0,0
1033,mild_drift,1.0,16496.431640625,7837.486328125,56,202,1675,264,202,0,26,10,20,0,0
1034,mild_drift,1.0,15990.806640625,7425.26220703125,80,201,2285,258,201,0,39,21,20,0,0
1035,mild_drift,1.0,12936.935546875,12243.662109375,82,202,2784,359,202,0,46,26,10,0,0
1036,mild_drift,1.0,17305.314453125,10966.52734375,68,200,2533,272,200,0,16,32,20,0,0
1037,mild_drift,1.0,14594.0908203125,4927.90185546875,85,200,1987,177,200,0,30,35,20,0,0
1038,mild_drift,1.0,15713.5703125,8937.935546875,54,201,1886,198,201,0,7,27,20,0,0
1039,mild_drift,1.0,15522.8876953125,11259.3251953125,49,201,2649,370,201,0,15,14,20,0,0
1040,mild_drift,1.0,16302.1767578125,10712.5986328125,50,200,3000,355,200,0,10,20,20,0,0
1041,mild_drift,1.0,16910.681640625,9704.025390625,90,200,2134,229,200,0,30,40,20,0,0
1042,mild_drift,1.0,16646.0,11081.0849609375,45,201,2293,273,201,0,13,12,20,0,0
1043,mild_drift,1.0,14744.29296875,7876.4072265625,111,200,1825,203,200,0,57,34,20,0,0
1044,mild_drift,1.0,16418.923828125,8256.7626953125,68,200,2670,229,200,0,27,21,20,0,0
1045,mild_drift,1.0,17989.34375,6674.05615234375,92,200,1096,130,200,0,50,22,20,0,0
1046,mild_drift,1.0,16016.2138671875,11498.26953125,75,200,2792,334,200,0,29,26,20,0,0
1047,mild_drift,1.0,16449.28125,8107.3466796875,69,200,1085,159,200,0,21,28,20,0,0
1048,mild_drift,1.0,15941.3125,8127.7822265625,74,200,2591,264,200,0,32,22,20,0,0
1049,mild_drift,1.0,16524.41796875,10186.892578125,127,200,2557,292,200,0,59,48,20,0,0
1050,mild_drift,1.0,17712.48046875,9364.7822265625,111,201,1079,144,201,0,28,63,20,0,0
1051,mild_drift,1.0,16193.150390625,11937.9873046875,144,202,1261,185,202,0,103,21,20,0,0
1052,mild_drift,1.0,15757.1650390625,5968.25634765625,53,200,2040,238,200,0,11,22,20,0,0
1053,mild_drift,1.0,16907.712890625,5701.4306640625,109,200,1685,175,200,0,76,13,20,0,0
1054,mild_drift,1.0,16029.6279296875,9283.869140625,89,200,2495,294,200,0,47,22,20,0,0
1055,mild_drift,1.0,14366.78515625,12494.0771484375,54,201,2343,285,201,0,14,30,10,0,0
1056,mild_drift,1.0,15549.453125,10972.0205078125,59,200,2699,369,200,0,12,27,20,0,0
1057,mild_drift,1.0,15803.6142578125,4701.24267578125,76,200,1512,161,200,0,35,21,20,0,0
1058,mild_drift,1.0,16954.7265625,5150.6220703125,141,200,1078,109,200,0,107,14,20,0,0
1059,mild_drift,1.0,17140.84375,10405.8603515625,132,200,2640,305,200,0,75,37,20,0,0
1060,mild_drift,1.0,16318.33984375,9209.798828125,94,200,2469,210,200,0,56,18,20,0,0
1061,mild_drift,1.0,16975.1875,7748.94921875,74,200,2339,267,200,0,16,38,20,0,0
1062,mild_drift,1.0,16692.48828125,10253.103515625,104,200,3067,310,200,0,30,54,20,0,0
1063,mild_drift,1.0,16523.744140625,7787.85888671875,78,200,2198,282,200,0,45,13,20,0,0
1064,mild_drift,1.0,15546.025390625,11938.998046875,84,201,3121,338,201,0,29,35,20,0,0
1065,mild_drift,1.0,14899.16796875,11125.28515625,66,200,2763,363,200,0,16,30,20,0,0
1066,mild_drift,1.0,17054.90234375,12979.8583984375,50,202,1337,151,202,0,10,20,20,0,0
1067,mild_drift,1.0,15220.7412109375,6303.609375,101,200,1977,187,200,0,33,48,20,0,0
1068,mild_drift,1.0,17537.0859375,4071.76904296875,87,200,1294,135,200,0,19,48,20,0,0
1069,mild_drift,1.0,16975.92578125,6559.69970703125,105,200,1759,234,200,0,56,29,20,0,0
1070,mild_drift,1.0,17883.2890625,11404.5634765625,91,200,1907,175,200,0,24,47,20,0,0
1071,mild_drift,1.0,16287.1650390625,12427.78125,52,202,2575,304,202,0,13,19,20,0,0
1072,mild_drift,1.0,15746.7236328125,8202.1669921875,86,201,1848,186,201,0,13,53,20,0,0
1073,mild_drift,1.0,13896.4609375,12911.34765625,48,203,2487,248,203,0,13,15,20,0,0
1074,mild_drift,1.0,15145.6962890625,6658.00830078125,59,200,2207,197,200,0,14,25,20,0,0
1075,mild_drift,1.0,15869.8291015625,7605.41064453125,80,200,2459,238,200,0,15,45,20,0,0
1076,mild_drift,1.0,18048.603515625,10457.8779296875,91,200,2468,233,200,0,46,25,20,0,0
1077,mild_drift,1.0,17532.078125,11614.943359375,46,200,2388,395,200,0,13,13,20,0,0
1078,mild_drift,1.0,16464.625,8791.724609375,77,200,2223,258,200,0,31,26,20,0,0
1079,mild_drift,1.0,16619.986328125,9051.541015625,123,200,2530,230,200,0,94,9,20,0,0
1080,mild_drift,1.0,17915.42578125,7098.21728515625,97,200,1432,182,200,0,27,50,20,0,0
1081,mild_drift,1.0,16765.17578125,9789.6201171875,126,201,1502,190,201,0,84,22,20,0,0
1082,mild_drift,1.0,15415.8076171875,6659.65087890625,77,200,2098,187,200,0,43,14,20,0,0
1083,mild_drift,1.0,16459.484375,10472.3056640625,57,200,2485,300,200,0,13,24,20,0,0
1084,mild_drift,1.0,16897.3984375,5982.0908203125,99,200,1152,149,200,0,57,22,20,0,0
1085,mild_drift,1.0,15880.24609375,10331.7978515625,86,200,2353,254,200,0,52,14,20,0,0
1086,mild_drift,1.0,14452.0029296875,8788.1123046875,61,200,2448,248,200,0,32,9,20,0,0
1087,mild_drift,1.0,15858.3515625,7963.27685546875,102,200,2406,284,200,0,48,34,20,0,0
1088,mild_drift,1.0,17335.12890625,11021.560546875,90,200,2917,302,200,0,44,26,20,0,0
1089,mild_drift,1.0,18468.70703125,11643.015625,71,200,2473,313,200,0,26,25,20,0,0
1090,mild_drift,1.0,17661.515625,9615.017578125,89,200,2574,279,200,0,12,57,20,0,0
1091,mild_drift,1.0,13804.33984375,10057.423828125,65,200,1900,196,200,0,16,39,10,0,0
1092,mild_drift,1.0,17237.3515625,6400.38037109375,63,200,1325,134,200,0,21,22,20,0,0
1093,mild_drift,1.0,15567.189453125,8520.453125,101,200,2261,238,200,0,39,42,20,0,0
1094,mild_drift,1.0,18125.978515625,6470.9755859375,108,200,1934,244,200,0,45,43,20,0,0
1095,mild_drift,1.0,17647.1015625,5296.880859375,79,200,1665,175,200,0,31,28,20,0,0
1096,mild_drift,1.0,15205.4306640625,9782.078125,108,200,2307,266,200,0,62,26,20,0,0
1097,mild_drift,0.9,15209.1279296875,12897.3564453125,66,201,3390,402,201,0,16,30,20,0,0
1098,mild_drift,1.0,17061.755859375,6761.419921875,127,200,2141,209,200,0,80,27,20,0,0
1099,mild_drift,1.0,16731.208984375,7545.7158203125,90,200,2313,249,200,0,29,41,20,0,0
1100,mild_drift,1.0,16144.833984375,10391.5859375,77,200,2723,276,200,0,15,42,20,0,0
1101,mild_drift,1.0,15602.55859375,3938.655517578125,87,200,1410,179,200,0,44,23,20,0,0
1102,mild_drift,1.0,15397.1796875,5461.76416015625,78,200,1583,169,200,0,14,44,20,0,0
1103,mild_drift,1.0,16419.40625,6384.30517578125,78,200,2125,221,200,0,38,20,20,0,0
1104,mild_drift,1.0,14915.947265625,9249.9873046875,110,200,2275,247,200,0,45,45,20,0,0
1105,mild_drift,1.0,17671.01171875,13589.744140625,62,202,3085,375,202,0,16,26,20,0,0
1106,mild_drift,1.0,15238.7587890625,10144.328125,48,201,1821,212,201,0,13,15,20,0,0
1107,mild_drift,1.0,16221.46484375,9900.7763671875,72,200,2472,288,200,0,7,45,20,0,0
1108,mild_drift,1.0,17329.978515625,9398.5966796875,74,200,1370,163,200,0,29,25,20,0,0
1109,mild_drift,0.9,17794.4765625,8927.5703125,78,201,1938,225,201,0,40,18,20,0,0
1110,mild_drift,1.0,14996.404296875,5805.57958984375,114,200,1763,132,200,0,45,49,20,0,0
1111,mild_drift,1.0,17250.998046875,9540.5947265625,66,200,2382,262,200,0,12,34,20,0,0
1112,mild_drift,1.0,17707.171875,5524.48388671875,79,200,840,106,200,0,13,46,20,0,0
1113,mild_drift,0.8,16399.908203125,12534.0126953125,72,200,3023,411,200,0,28,24,20,0,0
1114,mild_drift,1.0,16181.7373046875,10334.400390625,70,200,1444,185,200,0,28,22,20,0,0
1115,mild_drift,1.0,16562.70703125,9302.0732421875,95,200,2556,246,200,0,29,46,20,0,0
1116,mild_drift,1.0,17925.537109375,9713.267578125,78,200,2085,229,200,0,45,13,20,0,0
1117,mild_drift,1.0,13253.939453125,6696.64306640625,64,200,1427,179,200,0,22,32,10,0,0
1118,mild_drift,1.0,14255.826171875,8541.796875,100,200,2048,196,200,0,30,50,20,0,0
1119,mild_drift,1.0,11593.9267578125,11593.9267578125,36,200,2140,210,200,0,10,16,10,0,0
1120,mild_drift,1.0,17563.232421875,5144.57861328125,75,200,1039,110,200,0,35,20,20,0,0
1121,mild_drift,1.0,14510.3642578125,5530.01123046875,79,200,1525,168,200,0,29,30,20,0,0
1122,mild_drift,0.9,14624.76171875,13436.595703125,87,204,3399,416,204,0,9,68,10,0,0
1123,mild_drift,1.0,16004.7744140625,11781.23828125,67,202,2904,320,202,0,28,19,20,0,0
1124,mild_drift,1.0,16858.349609375,7502.04150390625,104,200,2462,244,200,0,60,24,20,0,0
1125,mild_drift,1.0,18773.515625,13073.6796875,93,202,2611,289,202,0,13,60,20,0,0
1126,mild_drift,1.0,16392.611328125,6290.91455078125,79,200,1887,214,200,0,38,21,20,0,0
1127,mild_drift,1.0,16758.58984375,8833.3955078125,48,200,2358,253,200,0,7,21,20,0,0
1128,mild_drift,1.0,16117.564453125,8414.23828125,67,200,2361,272,200,0,15,32,20,0,0
1129,mild_drift,1.0,15673.3291015625,6924.17041015625,57,200,1604,166,200,0,14,23,20,0,0
1130,mild_drift,1.0,17478.005859375,4625.8955078125,93,200,1607,163,200,0,45,28,20,0,0
1131,mild_drift,1.0,14778.357421875,5527.30908203125,93,200,1636,177,200,0,29,44,20,0,0
1132,mild_drift,1.0,12695.734375,9725.62109375,57,201,2239,213,201,0,31,16,10,0,0
1133,mild_drift,1.0,15153.75390625,5485.20654296875,124,200,2168,242,200,0,45,59,20,0,0
1134,mild_drift,1.0,16155.40625,9334.5546875,81,200,2428,251,200,0,47,14,20,0,0
1135,mild_drift,1.0,15914.7470703125,5551.6552734375,131,200,1185,148,200,0,88,23,20,0,0
1136,mild_drift,1.0,16103.6162109375,11348.9609375,84,200,1683,222,200,0,30,34,20,0,0
1137,mild_drift,1.0,18210.443359375,12889.947265625,88,202,1766,216,202,0,16,52,20,0,0
1138,mild_drift,1.0,16287.1962890625,11259.9013671875,68,200,2907,290,200,0,16,32,20,0,0
1139,mild_drift,1.0,13669.7568359375,8281.35546875,104,200,1552,170,200,0,46,38,20,0,0
1140,mild_drift,1.0,13187.30859375,8015.572265625,63,200,2006,190,200,0,28,25,10,0,0
1141,mild_drift,1.0,14852.9091796875,12406.755859375,72,201,2433,293,201,0,24,28,20,0,0
1142,mild_drift,1.0,17292.6015625,13062.9365234375,77,202,2184,287,202,0,26,31,20,0,0
1143,mild_drift,1.0,17890.44140625,11997.8095703125,78,200,2892,366,200,0,30,28,20,0,0
1144,mild_drift,1.0,17759.59765625,12422.04296875,80,200,1891,212,200,0,31,29,20,0,0
1145,mild_drift,1.0,17849.541015625,7697.51806640625,74,200,1189,137,200,0,42,12,20,0,0
1146,mild_drift,1.0,15658.083984375,3396.612548828125,94,200,1598,163,200,0,28,46,20,0,0
1147,mild_drift,1.0,15086.1396484375,8855.443359375,84,200,2318,217,200,0,32,42,10,0,0
1148,mild_drift,1.0,16463.970703125,9774.416015625,90,200,2584,326,200,0,60,10,20,0,0
1149,mild_drift,1.0,16728.384765625,11290.3203125,72,202,1863,210,202,0,15,37,20,0,0
1150,mild_drift,1.0,15052.4970703125,12671.6181640625,96,200,3025,358,200,0,59,27,10,0,0
1151,mild_drift,1.0,14910.5595703125,4116.49951171875,59,200,1621,186,200,0,7,32,20,0,0
1152,mild_drift,1.0,13981.2041015625,10567.5712890625,105,201,1518,195,201,0,29,56,20,0,0
1153,mild_drift,1.0,16225.337890625,3884.671142578125,81,200,1174,129,200,0,41,20,20,0,0
1154,mild_drift,1.0,17359.8828125,5769.17822265625,114,200,1145,178,200,0,71,23,20,0,0
1155,mild_drift,1.0,15473.94921875,11455.3974609375,72,200,3219,400,200,0,16,36,20,0,0
1156,mild_drift,1.0,16682.30078125,8428.8369140625,99,200,2458,272,200,0,30,49,20,0,0
1157,mild_drift,1.0,14359.3388671875,8700.9462890625,72,201,1960,202,201,0,14,38,20,0,0
1158,mild_drift,1.0,17018.142578125,8535.51953125,91,200,1789,192,200,0,22,49,20,0,0
1159,mild_drift,1.0,15098.0087890625,7928.15771484375,72,200,2306,230,200,0,30,22,20,0,0
1160,mild_drift,1.0,17644.087890625,10144.5478515625,78,200,2795,323,200,0,45,13,20,0,0
1161,mild_drift,1.0,15707.318359375,9044.1376953125,78,200,2192,260,200,0,10,48,20,0,0
1162,mild_drift,1.0,16285.828125,9605.8857421875,97,200,2905,284,200,0,47,30,20,0,0
1163,mild_drift,1.0,17192.84375,11075.0068359375,104,200,1235,159,200,0,61,23,20,0,0
1164,mild_drift,1.0,16322.59375,8466.572265625,114,200,1619,197,200,0,65,29,20,0,0
1165,mild_drift,1.0,15558.9296875,7709.20751953125,126,200,1863,180,200,0,71,45,10,0,0
1166,mild_drift,1.0,17108.2734375,4579.79736328125,76,200,2229,254,200,0,32,24,20,0,0
1167,mild_drift,1.0,15982.958984375,6026.09228515625,93,200,1113,139,200,0,51,22,20,0,0
1168,mild_drift,1.0,15769.208984375,8631.2353515625,82,200,2169,236,200,0,25,37,20,0,0
1169,mild_drift,0.9,16015.6806640625,10532.1044921875,78,200,2691,324,200,0,32,26,20,0,0
1170,mild_drift,1.0,15653.216796875,13664.0185546875,45,204,1883,282,204,0,16,9,20,0,0
1171,mild_drift,1.0,15509.310546875,8351.970703125,104,200,2168,258,200,0,62,22,20,0,0
1172,mild_drift,1.0,17711.560546875,12163.4873046875,73,202,2437,354,202,0,32,21,20,0,0
1173,mild_drift,1.0,17286.44140625,4826.25439453125,132,200,1822,162,200,0,74,38,20,0,0
1174,mild_drift,1.0,15537.2783203125,9146.703125,107,200,2201,272,200,0,61,26,20,0,0
1175,mild_drift,1.0,17878.490234375,9106.8486328125,86,200,1316,170,200,0,44,22,20,0,0
1176,mild_drift,1.0,16729.4140625,9212.111328125,76,200,2503,256,200,0,16,40,20,0,0
1177,mild_drift,1.0,16920.69140625,14785.5400390625,76,202,1887,230,202,0,31,25,20,0,0
1178,mild_drift,1.0,16602.888671875,10419.630859375,84,200,2718,250,200,0,31,33,20,0,0
1179,mild_drift,1.0,16061.341796875,5309.09423828125,89,200,1733,144,200,0,45,24,20,0,0
1180,mild_drift,1.0,15887.943359375,8829.0068359375,68,200,2302,286,200,0,14,34,20,0,0
1181,mild_drift,1.0,18602.58984375,15261.5361328125,49,202,1752,267,202,0,15,14,20,0,0
1182,mild_drift,1.0,14952.2353515625,11027.630859375,66,201,1765,197,201,0,26,20,20,0,0
1183,mild_drift,1.0,17191.07421875,11712.37109375,49,201,1465,167,201,0,15,14,20,0,0
1184,mild_drift,1.0,16963.037109375,12028.611328125,90,201,2078,203,201,0,59,11,20,0,0
1185,mild_drift,1.0,14930.2490234375,7729.708984375,75,200,2323,296,200,0,30,25,20,0,0
1186,mild_drift,1.0,16011.0576171875,14000.1201171875,60,201,2305,336,201,0,16,24,20,0,0
1187,mild_drift,1.0,15683.345703125,5127.2109375,104,200,1473,138,200,0,28,56,20,0,0
1188,mild_drift,1.0,18102.255859375,6998.30419921875,89,200,1070,159,200,0,44,25,20,0,0
1189,mild_drift,1.0,16654.416015625,6866.5390625,150,200,1201,184,200,0,116,14,20,0,0
1190,mild_drift,0.9,15896.33984375,10053.474609375,60,200,2023,300,200,0,27,13,20,0,0
1191,mild_drift,1.0,15596.5146484375,9871.626953125,87,201,1672,189,201,0,15,52,20,0,0
1192,mild_drift,1.0,15527.6796875,7670.43212890625,92,200,2437,298,200,0,30,42,20,0,0
1193,mild_drift,1.0,16840.310546875,7779.23291015625,74,200,1981,170,200,0,31,23,20,0,0
1194,mild_drift,1.0,14449.9189453125,7431.93212890625,85,200,1806,152,200,0,16,49,20,0,0
1195,mild_drift,1.0,16398.345703125,7733.51904296875,71,200,2187,220,200,0,29,22,20,0,0
1196,mild_drift,1.0,17614.640625,12489.0634765625,78,201,2477,323,201,0,15,43,20,0,0
1197,mild_drift,1.0,13639.068359375,8656.6640625,75,200,1578,179,200,0,24,41,10,0,0
1198,mild_drift,1.0,17564.3046875,12938.208984375,68,201,2406,236,201,0,28,20,20,0,0
1199,mild_drift,1.0,15546.583984375,13678.453125,45,204,2120,282,204,0,16,9,20,0,0
1200,mild_drift,1.0,16996.583984375,11714.841796875,85,201,3165,401,201,0,45,20,20,0,0
1201,mild_drift,1.0,16695.96875,8389.931640625,52,201,1939,227,201,0,11,21,20,0,0
1202,mild_drift,1.0,16633.78515625,14523.7978515625,81,204,1689,253,204,0,37,24,20,0,0
1203,mild_drift,1.0,15757.3955078125,6020.5556640625,100,200,1527,143,200,0,27,53,20,0,0
1204,mild_drift,1.0,16065.6669921875,10798.8916015625,61,203,2962,349,203,0,16,25,20,0,0
1205,mild_drift,1.0,17452.181640625,7901.6875,87,200,1576,132,200,0,44,23,20,0,0
1206,mild_drift,1.0,15839.517578125,5410.3115234375,63,200,1674,165,200,0,22,21,20,0,0
1207,mild_drift,1.0,15625.1357421875,7271.20458984375,96,200,2433,259,200,0,47,29,20,0,0
1208,mild_drift,1.0,16569.4453125,5117.48583984375,97,200,1929,192,200,0,55,22,20,0,0
1209,mild_drift,1.0,16565.10546875,5796.3935546875,130,200,1045,132,200,0,89,21,20,0,0
1210,mild_drift,1.0,16478.333984375,4098.302734375,102,200,1025,136,200,0,41,41,20,0,0
1211,mild_drift,1.0,17367.359375,9128.6279296875,102,200,1850,192,200,0,29,53,20,0,0
1212,mild_drift,1.0,15729.8388671875,7974.30517578125,82,200,1616,191,200,0,37,25,20,0,0
1213,mild_drift,1.0,15916.599609375,8134.88720703125,85,200,2590,221,200,0,31,34,20,0,0
1214,mild_drift,1.0,13893.2001953125,10089.8603515625,57,200,2367,274,200,0,16,21,20,0,0
1215,mild_drift,1.0,14794.4052734375,7687.08837890625,84,200,2687,248,200,0,27,37,20,0,0
1216,mild_drift,1.0,17094.748046875,8601.5673828125,75,200,2696,281,200,0,45,10,20,0,0
1217,mild_drift,1.0,17065.84375,7939.09765625,74,200,2286,361,200,0,28,26,20,0,0
1218,mild_drift,1.0,16809.7109375,9044.7451171875,125,200,1760,246,200,0,49,56,20,0,0
1219,mild_drift,1.0,16510.38671875,12698.2275390625,77,202,2068,232,202,0,31,26,20,0,0
1220,mild_drift,1.0,16225.8701171875,10567.8564453125,71,200,2411,250,200,0,16,35,20,0,0
1221,mild_drift,1.0,14084.4599609375,10105.166015625,102,200,2029,229,200,0,66,26,10,0,0
1222,mild_drift,1.0,14905.7451171875,10066.095703125,53,201,1885,248,201,0,11,22,20,0,0
1223,mild_drift,1.0,17074.173828125,6795.7646484375,66,200,1125,161,200,0,26,20,20,0,0
1224,mild_drift,1.0,13171.16015625,9141.6279296875,74,201,2131,263,201,0,27,37,10,0,0
1225,mild_drift,1.0,16692.0703125,4880.66064453125,106,200,1399,132,200,0,56,30,20,0,0
1226,mild_drift,1.0,17625.041015625,7344.42626953125,72,200,2237,196,200,0,42,10,20,0,0
1227,mild_drift,1.0,17148.263671875,14662.482421875,68,202,2769,306,202,0,15,33,20,0,0
1228,mild_drift,1.0,16639.990234375,9775.7568359375,92,201,1856,191,201,0,25,47,20,0,0
1229,mild_drift,1.0,16531.462890625,13599.1025390625,57,201,2602,324,201,0,11,26,20,0,0
1230,mild_drift,1.0,15431.1650390625,7710.517578125,65,200,2140,254,200,0,23,22,20,0,0
1231,mild_drift,1.0,17081.32421875,13294.7890625,56,200,2750,315,200,0,25,11,20,0,0
1232,mild_drift,1.0,14811.177734375,8833.8447265625,80,200,1994,164,200,0,25,35,20,0,0
1233,mild_drift,1.0,15047.7333984375,5442.52783203125,86,200,1522,153,200,0,30,36,20,0,0
1234,mild_drift,1.0,17273.59765625,10915.6865234375,66,200,2771,359,200,0,13,33,20,0,0
1235,mild_drift,1.0,17902.734375,9371.90234375,59,200,2719,259,200,0,15,24,20,0,0
1236,mild_drift,1.0,15388.9345703125,4728.568359375,102,200,1948,185,200,0,44,38,20,0,0
1237,mild_drift,1.0,15280.2314453125,9061.1220703125,56,200,2418,243,200,0,16,20,20,0,0
1238,mild_drift,1.0,16595.240234375,7903.7626953125,53,200,1665,177,200,0,13,20,20,0,0
1239,mild_drift,1.0,17530.95703125,11720.326171875,78,200,2124,286,200,0,31,27,20,0,0
1240,mild_drift,1.0,15977.359375,8330.5302734375,101,200,2164,221,200,0,46,35,20,0,0
1241,mild_drift,1.0,17421.779296875,8099.46875,95,200,1438,161,200,0,53,22,20,0,0
1242,mild_drift,1.0,13929.884765625,3337.78466796875,86,200,1630,155,200,0,27,39,20,0,0
1243,mild_drift,1.0,16194.669921875,14178.0732421875,60,202,3006,373,202,0,14,26,20,0,0
1244,mild_drift,1.0,15700.3359375,6622.18017578125,92,200,1919,206,200,0,35,37,20,0,0
1245,mild_drift,1.0,16343.5322265625,13905.79296875,81,211,1257,312,211,0,16,55,10,0,0
1246,mild_drift,1.0,15599.3330078125,8768.1953125,109,200,2116,253,200,0,63,26,20,0,0
1247,mild_drift,1.0,16100.216796875,6893.43115234375,94,200,1817,193,200,0,30,44,20,0,0
1248,mild_drift,1.0,14785.94140625,6893.369140625,113,200,1614,187,200,0,55,48,10,0,0
1249,mild_drift,1.0,15555.4130859375,6672.45068359375,113,200,1950,191,200,0,55,38,20,0,0
1250,mild_drift,1.0,17332.14453125,7569.08154296875,91,200,1639,175,200,0,37,34,20,0,0
1251,mild_drift,1.0,15643.65234375,6623.94677734375,128,200,1696,171,200,0,22,86,20,0,0
1252,mild_drift,1.0,16266.9072265625,6355.52001953125,126,200,2255,192,200,0,96,10,20,0,0
1253,mild_drift,1.0,15499.8369140625,6516.51025390625,93,200,1581,160,200,0,28,45,20,0,0
1254,mild_drift,1.0,17131.708984375,4987.3583984375,88,200,959,135,200,0,54,14,20,0,0
1255,mild_drift,1.0,14954.43359375,6548.24072265625,93,200,2039,206,200,0,37,36,20,0,0
1256,mild_drift,1.0,16139.3212890625,8979.845703125,72,202,2405,273,202,0,30,22,20,0,0
1257,mild_drift,1.0,17461.541015625,9477.5087890625,111,200,2335,309,200,0,46,45,20,0,0
1258,mild_drift,1.0,15528.2265625,7090.72216796875,85,200,1630,178,200,0,30,35,20,0,0
1259,mild_drift,1.0,17214.515625,8510.8330078125,81,200,2042,224,200,0,41,20,20,0,0
1260,mild_drift,1.0,17825.62109375,12454.3837890625,87,201,2354,302,201,0,42,25,20,0,0
1261,mild_drift,1.0,18113.37890625,10276.185546875,79,200,2024,183,200,0,27,32,20,0,0
1262,mild_drift,1.0,14440.412109375,6349.58447265625,100,200,1570,147,200,0,58,32,10,0,0
1263,mild_drift,1.0,15398.41015625,7231.69482421875,82,200,1966,176,200,0,41,21,20,0,0
1264,mild_drift,1.0,17618.8671875,8830.5556640625,57,200,1525,188,200,0,13,24,20,0,0
1265,mild_drift,1.0,17013.0625,4501.63525390625,105,200,1664,123,200,0,56,29,20,0,0
1266,mild_drift,1.0,17699.060546875,3562.414794921875,92,200,1362,118,200,0,49,23,20,0,0
1267,mild_drift,1.0,12213.7138671875,8533.6865234375,89,200,2793,280,200,0,55,24,10,0,0
1268,mild_drift,1.0,16953.568359375,10863.8251953125,75,201,2436,270,201,0,15,40,20,0,0
1269,mild_drift,1.0,15157.8642578125,10704.5068359375,88,201,2912,332,201,0,44,24,20,0,0
1270,mild_drift,1.0,15854.431640625,6465.7138671875,93,200,2017,195,200,0,59,14,20,0,0
1271,mild_drift,1.0,17070.98828125,5198.62255859375,96,200,1962,178,200,0,43,33,20,0,0
1272,mild_drift,1.0,16105.56640625,11451.6669921875,117,200,2148,241,200,0,46,51,20,0,0
1273,mild_drift,1.0,18236.775390625,9913.853515625,96,200,2501,230,200,0,58,18,20,0,0
1274,mild_drift,1.0,17997.572265625,6559.3828125,74,200,1140,137,200,0,26,28,20,0,0
1275,mild_drift,1.0,16615.494140625,8138.8623046875,59,200,2259,232,200,0,14,25,20,0,0
1276,mild_drift,1.0,17142.373046875,6903.6689453125,83,200,1748,195,200,0,29,34,20,0,0
1277,mild_drift,1.0,14519.3056640625,5476.775390625,91,200,1615,152,200,0,35,36,20,0,0
1278,mild_drift,1.0,16119.888671875,12915.2314453125,73,200,2488,260,200,0,30,23,20,0,0
1279,mild_drift,1.0,15950.1298828125,11419.671875,71,201,2433,292,201,0,15,36,20,0,0
1280,mild_drift,1.0,14823.6884765625,9517.8837890625,100,200,2474,224,200,0,55,25,20,0,0
1281,mild_drift,1.0,18351.3046875,8158.70703125,119,200,1752,191,200,0,71,28,20,0,0
1282,mild_drift,1.0,16545.4609375,9661.5986328125,59,200,2164,269,200,0,14,25,20,0,0
1283,mild_drift,1.0,16673.4296875,6086.98779296875,73,200,2034,182,200,0,44,9,20,0,0
1284,mild_drift,1.0,15681.4521484375,11025.15625,48,201,2156,254,201,0,13,15,20,0,0
1285,mild_drift,1.0,16112.2734375,9023.1357421875,64,200,2044,238,200,0,10,34,20,0,0
1286,mild_drift,1.0,16036.8623046875,8915.0673828125,75,200,2532,248,200,0,30,25,20,0,0
1287,mild_drift,1.0,16264.8974609375,9406.951171875,120,200,1977,292,200,0,58,42,20,0,0
1288,mild_drift,1.0,18101.7578125,9045.541015625,96,200,1567,200,200,0,40,36,20,0,0
1289,mild_drift,1.0,15570.599609375,10072.6376953125,46,200,1986,197,200,0,13,13,20,0,0
1290,mild_drift,1.0,18957.7578125,9254.484375,108,200,1784,197,200,0,54,34,20,0,0
1291,mild_drift,1.0,16625.4296875,11732.2333984375,46,203,1746,288,203,0,13,13,20,0,0
1292,mild_drift,1.0,17321.72265625,7162.4013671875,89,200,1667,188,200,0,27,42,20,0,0
1293,mild_drift,1.0,18617.599609375,9995.7548828125,125,200,2411,218,200,0,85,20,20,0,0
1294,mild_drift,1.0,16199.8740234375,9860.841796875,95,200,1842,207,200,0,31,44,20,0,0
1295,mild_drift,1.0,18310.16796875,12717.36328125,98,201,1719,189,201,0,57,21,20,0,0
1296,mild_drift,1.0,16992.783203125,9694.4580078125,66,200,2518,230,200,0,16,30,20,0,0
1297,mild_drift,1.0,14398.7177734375,11202.2080078125,48,201,2223,197,201,0,13,25,10,0,0
1298,mild_drift,1.0,17419.896484375,8016.716796875,73,200,1708,164,200,0,44,9,20,0,0
1299,mild_drift,1.0,17285.185546875,4599.0908203125,71,200,1508,145,200,0,28,23,20,0,0
1300,mild_drift,1.0,11926.900390625,9086.43359375,53,200,1998,173,200,0,15,28,10,0,0
1301,mild_drift,1.0,14391.0634765625,8720.6552734375,101,200,2601,314,200,0,47,34,20,0,0
1302,mild_drift,1.0,16031.7568359375,10477.19921875,48,200,2550,264,200,0,13,15,20,0,0
1303,mild_drift,1.0,15480.982421875,9684.916015625,106,201,2219,192,201,0,58,28,20,0,0
1304,mild_drift,1.0,16749.369140625,6461.79931640625,96,200,1604,183,200,0,35,41,20,0,0
1305,mild_drift,1.0,17474.201171875,14448.0224609375,59,204,2439,312,204,0,12,27,20,0,0
1306,mild_drift,1.0,17238.9609375,8049.80078125,76,200,1382,195,200,0,36,20,20,0,0
1307,mild_drift,1.0,13359.646484375,8578.79296875,93,200,2608,273,200,0,63,10,20,0,0
1308,mild_drift,1.0,16931.439453125,11217.240234375,102,200,2957,306,200,0,60,22,20,0,0
1309,mild_drift,1.0,17671.46875,6703.87646484375,84,200,2235,234,200,0,51,13,20,0,0
1310,mild_drift,1.0,14672.8876953125,10482.4111328125,61,200,2393,264,200,0,32,9,20,0,0
1311,mild_drift,1.0,15711.33984375,6120.341796875,88,200,2616,245,200,0,54,14,20,0,0
1312,mild_drift,1.0,15335.9912109375,6314.7529296875,102,200,1641,178,200,0,26,56,20,0,0
1313,mild_drift,1.0,17159.587890625,6948.009765625,70,200,2420,225,200,0,40,10,20,0,0
1314,mild_drift,1.0,16023.1181640625,5797.80078125,127,200,1553,172,200,0,46,61,20,0,0
1315,mild_drift,1.0,15549.5439453125,6560.43017578125,107,200,1766,169,200,0,41,46,20,0,0
1316,mild_drift,1.0,15816.3994140625,8294.7978515625,105,200,2304,240,200,0,55,30,20,0,0
1317,mild_drift,1.0,16957.076171875,12112.458984375,68,200,2564,279,200,0,27,21,20,0,0
1318,mild_drift,1.0,15306.5439453125,9185.44140625,93,200,2899,342,200,0,48,25,20,0,0
1319,mild_drift,1.0,16063.41796875,11967.314453125,54,201,2677,317,201,0,16,18,20,0,0
1320,mild_drift,1.0,17273.3125,10985.283203125,75,200,2923,313,200,0,30,25,20,0,0
1321,mild_drift,1.0,14993.208984375,8202.7783203125,76,200,2333,204,200,0,42,14,20,0,0
1322,mild_drift,1.0,15752.9912109375,9559.8115234375,93,200,2382,284,200,0,47,26,20,0,0
1323,mild_drift,1.0,17084.62109375,7349.05859375,71,200,2299,258,200,0,16,35,20,0,0
1324,mild_drift,1.0,17701.779296875,9424.359375,84,200,2112,243,200,0,54,10,20,0,0
1325,mild_drift,1.0,13541.4443359375,9328.5009765625,72,200,2908,336,200,0,16,36,20,0,0
1326,mild_drift,1.0,15227.0810546875,13794.58984375,46,201,1749,180,201,0,13,13,20,0,0
1327,mild_drift,1.0,17223.20703125,9017.8291015625,92,200,2077,220,200,0,58,14,20,0,0
1328,mild_drift,1.0,16691.845703125,13534.0205078125,56,201,1703,249,201,0,25,11,20,0,0
1329,mild_drift,1.0,17575.375,8857.1337890625,145,200,2282,225,200,0,61,64,20,0,0
1330,mild_drift,1.0,16251.1357421875,7172.81640625,82,200,1483,154,200,0,12,50,20,0,0
1331,mild_drift,1.0,16383.166015625,7762.77685546875,89,200,2412,219,200,0,44,25,20,0,0
1332,mild_drift,1.0,16022.1005859375,10335.3701171875,75,200,2439,232,200,0,46,9,20,0,0
1333,mild_drift,1.0,15093.544921875,7418.5859375,64,200,1980,260,200,0,24,20,20,0,0
1334,mild_drift,1.0,16748.90625,6701.0068359375,113,200,1836,207,200,0,56,37,20,0,0
1335,mild_drift,1.0,16939.826171875,5548.24853515625,103,200,2214,186,200,0,61,22,20,0,0
1336,mild_drift,1.0,15876.0673828125,5644.70703125,95,200,1795,171,200,0,53,22,20,0,0
1337,mild_drift,1.0,15837.6181640625,12208.353515625,72,203,1620,210,203,0,32,20,20,0,0
1338,mild_drift,1.0,13026.9853515625,7141.033203125,77,200,2266,204,200,0,39,18,20,0,0
1339,mild_drift,1.0,14647.396484375,13009.1318359375,48,201,2075,234,201,0,13,15,20,0,0
1340,mild_drift,1.0,16014.17578125,11294.2294921875,70,200,2086,233,200,0,31,19,20,0,0
1341,mild_drift,1.0,18070.11328125,8599.728515625,114,200,1482,156,200,0,42,52,20,0,0
1342,mild_drift,1.0,16784.9609375,12044.583984375,93,201,3141,376,201,0,47,26,20,0,0
1343,mild_drift,1.0,14849.4951171875,7836.98046875,124,200,1908,211,200,0,30,74,20,0,0
1344,mild_drift,1.0,15672.8271484375,8802.98828125,127,200,2464,282,200,0,78,29,20,0,0
1345,mild_drift,1.0,16386.0625,7801.49267578125,72,201,1741,207,201,0,15,37,20,0,0
1346,mild_drift,1.0,15654.2265625,5884.46728515625,118,200,1819,181,200,0,26,72,20,0,0
1347,mild_drift,1.0,16874.92578125,6181.7744140625,80,200,1557,168,200,0,22,38,20,0,0
1348,mild_drift,1.0,16432.76953125,4779.44873046875,84,200,1074,160,200,0,42,22,20,0,0
1349,mild_drift,1.0,17708.7890625,7604.638671875,110,200,1377,209,200,0,54,36,20,0,0
1350,mild_drift,1.0,18368.896484375,8478.787109375,106,200,1680,204,200,0,29,57,20,0,0
1351,mild_drift,1.0,16609.505859375,2562.660888671875,150,200,1340,148,200,0,93,37,20,0,0
1352,mild_drift,1.0,17738.708984375,12666.7919921875,52,202,2194,261,202,0,13,19,20,0,0
1353,mild_drift,1.0,17250.474609375,3986.970458984375,104,200,1332,102,200,0,37,47,20,0,0
1354,mild_drift,1.0,17997.93359375,12276.869140625,63,202,1067,164,202,0,11,32,20,0,0
1355,mild_drift,1.0,14661.23828125,7632.80029296875,77,200,2431,248,200,0,32,25,20,0,0
1356,mild_drift,1.0,18051.14453125,10167.5791015625,110,200,1507,197,200,0,48,42,20,0,0
1357,mild_drift,1.0,15812.646484375,10992.03125,81,200,3304,459,200,0,47,14,20,0,0
1358,mild_drift,1.0,17048.587890625,10538.1484375,73,200,2502,251,200,0,29,24,20,0,0
1359,mild_drift,1.0,17254.962890625,7488.89208984375,91,200,1635,165,200,0,33,38,20,0,0
1360,mild_drift,1.0,14148.8095703125,6027.5595703125,70,200,1702,161,200,0,28,32,10,0,0
1361,mild_drift,1.0,14169.4736328125,7131.1708984375,89,200,2690,261,200,0,28,41,20,0,0
1362,mild_drift,1.0,16319.1103515625,10398.5244140625,100,200,2506,275,200,0,41,39,20,0,0
1363,mild_drift,1.0,12214.59765625,12214.59765625,36,202,1992,200,202,0,10,16,10,0,0
1364,mild_drift,1.0,16557.404296875,5440.74365234375,101,200,1999,187,200,0,39,42,20,0,0
1365,mild_drift,1.0,17993.6875,11326.87109375,83,200,2360,251,200,0,42,21,20,0,0
1366,mild_drift,1.0,17003.513671875,6617.3720703125,85,200,2339,235,200,0,44,21,20,0,0
1367,mild_drift,1.0,13808.482421875,8332.4580078125,133,200,2253,244,200,0,89,24,20,0,0
1368,mild_drift,1.0,15777.6181640625,10051.2392578125,46,202,1587,263,202,0,13,13,20,0,0
1369,mild_drift,1.0,18870.1328125,14636.1328125,63,202,1990,235,202,0,10,33,20,0,0
1370,mild_drift,1.0,16329.802734375,5720.00146484375,95,200,1545,141,200,0,53,22,20,0,0
1371,mild_drift,1.0,17270.005859375,8011.00439453125,81,200,2087,208,200,0,47,14,20,0,0
1372,mild_drift,1.0,17912.4453125,11451.23046875,104,200,2037,241,200,0,45,39,20,0,0
1373,mild_drift,1.0,15358.041015625,7105.2255859375,80,200,1676,184,200,0,15,45,20,0,0
1374,mild_drift,1.0,17745.857421875,8973.201171875,100,200,2352,310,200,0,45,35,20,0,0
1375,mild_drift,1.0,16379.603515625,6438.02001953125,66,200,1676,181,200,0,26,20,20,0,0
1376,mild_drift,1.0,18431.80078125,10387.0546875,75,200,2759,276,200,0,16,39,20,0,0
1377,mild_drift,1.0,16581.921875,5067.16015625,93,200,1922,161,200,0,40,33,20,0,0
1378,mild_drift,1.0,17033.974609375,9387.5234375,58,201,1597,149,201,0,13,25,20,0,0
1379,mild_drift,0.9,14442.421875,10753.2509765625,63,200,2610,268,200,0,15,28,20,0,0
1380,mild_drift,1.0,16426.828125,8126.9423828125,114,200,2356,210,200,0,61,33,20,0,0
1381,mild_drift,1.0,15664.17578125,5494.18359375,84,200,1715,188,200,0,29,35,20,0,0
1382,mild_drift,1.0,15417.125,6652.470703125,79,200,1544,164,200,0,14,45,20,0,0
1383,mild_drift,1.0,16738.708984375,7676.7685546875,107,200,1676,138,200,0,58,29,20,0,0
1384,mild_drift,1.0,15902.07421875,7277.2734375,63,201,2256,217,201,0,25,18,20,0,0
1385,mild_drift,1.0,14915.7294921875,6376.64013671875,90,200,1585,158,200,0,28,42,20,0,0
1386,mild_drift,1.0,14700.7392578125,8945.15234375,78,200,1804,212,200,0,36,32,10,0,0
1387,mild_drift,1.0,16562.19921875,8045.27978515625,80,200,2041,224,200,0,31,29,20,0,0
1388,mild_drift,1.0,16496.6640625,13331.720703125,76,201,2600,300,201,0,42,14,20,0,0
1389,mild_drift,1.0,15382.0625,12277.625,58,201,2859,391,201,0,16,22,20,0,0
1390,mild_drift,1.0,17170.896484375,9139.1806640625,75,200,2421,276,200,0,12,43,20,0,0
1391,mild_drift,1.0,16461.501953125,5370.1455078125,85,200,1940,198,200,0,29,36,20,0,0
1392,mild_drift,1.0,16100.1416015625,7529.5888671875,86,200,1601,127,200,0,23,43,20,0,0
1393,mild_drift,1.0,16490.2734375,8550.6181640625,61,200,1497,178,200,0,7,34,20,0,0
1394,mild_drift,1.0,15401.2998046875,7784.55126953125,102,200,2004,238,200,0,46,36,20,0,0
1395,mild_drift,1.0,14106.279296875,10383.47265625,74,201,2653,357,201,0,27,37,10,0,0
1396,mild_drift,1.0,15740.716796875,10225.0458984375,82,200,1743,189,200,0,41,21,20,0,0
1397,mild_drift,1.0,16396.173828125,7723.37744140625,97,200,1930,214,200,0,27,50,20,0,0
1398,mild_drift,1.0,15234.8857421875,11603.1611328125,93,200,1965,253,200,0,47,26,20,0,0
1399,mild_drift,1.0,16856.26171875,9160.728515625,66,200,2742,371,200,0,26,20,20,0,0
1400,mild_drift,1.0,16314.8232421875,11586.119140625,52,200,2648,280,200,0,12,20,20,0,0
1401,mild_drift,1.0,15649.6943359375,9635.1376953125,91,200,1959,209,200,0,28,43,20,0,0
1402,mild_drift,1.0,17306.095703125,10912.123046875,95,200,1989,200,200,0,43,32,20,0,0
1403,mild_drift,1.0,16099.09765625,7764.34765625,76,200,1244,188,200,0,36,20,20,0,0
1404,mild_drift,1.0,16075.4296875,10938.1298828125,88,200,2432,292,200,0,56,12,20,0,0
1405,mild_drift,1.0,15017.419921875,6345.8515625,86,200,1433,196,200,0,25,41,20,0,0
1406,mild_drift,1.0,14285.130859375,9759.91015625,77,200,2974,447,200,0,31,26,20,0,0
1407,mild_drift,1.0,16810.67578125,9505.1982421875,75,201,2239,228,201,0,29,26,20,0,0
1408,mild_drift,1.0,16395.84765625,5543.123046875,93,200,1169,153,200,0,51,22,20,0,0
1409,mild_drift,1.0,16987.4296875,9017.5546875,50,201,2107,205,201,0,10,20,20,0,0
1410,mild_drift,1.0,14584.0751953125,8313.1220703125,65,200,2488,282,200,0,16,29,20,0,0
1411,mild_drift,1.0,16969.255859375,6066.53857421875,80,200,1420,162,200,0,12,48,20,0,0
1412,mild_drift,1.0,15696.12109375,10532.76953125,78,200,2994,379,200,0,31,27,20,0,0
1413,mild_drift,1.0,17627.71875,6213.921875,58,200,1387,133,200,0,28,10,20,0,0
1414,mild_drift,1.0,16586.59765625,7925.42333984375,144,200,1830,178,200,0,86,38,20,0,0
1415,mild_drift,1.0,11899.9287109375,9486.0908203125,69,200,2416,246,200,0,31,28,10,0,0
1416,mild_drift,1.0,15876.5439453125,9099.330078125,96,200,2252,194,200,0,21,55,20,0,0
1417,mild_drift,0.9,17269.943359375,12897.1728515625,92,200,3045,355,200,0,58,14,20,0,0
1418,mild_drift,1.0,15211.88671875,6904.5322265625,74,200,2072,246,200,0,30,24,20,0,0
1419,mild_drift,1.0,15083.7041015625,12573.203125,59,201,3034,417,201,0,16,23,20,0,0
1420,mild_drift,1.0,16690.142578125,7601.78515625,92,200,2158,213,200,0,61,11,20,0,0
1421,mild_drift,1.0,18415.845703125,10680.169921875,73,200,2552,229,200,0,40,13,20,0,0
1422,mild_drift,1.0,15457.6416015625,8909.2265625,102,200,2536,248,200,0,43,39,20,0,0
1423,mild_drift,1.0,17436.841796875,6951.7021484375,80,200,2289,225,200,0,27,33,20,0,0
1424,mild_drift,1.0,17991.279296875,8307.9345703125,72,201,2723,293,201,0,39,13,20,0,0
1425,mild_drift,1.0,16850.0546875,6617.822265625,130,200,1878,207,200,0,54,56,20,0,0
1426,mild_drift,1.0,16927.1171875,11307.9287109375,73,201,2779,336,201,0,15,38,20,0,0
1427,mild_drift,1.0,15333.0908203125,6936.42822265625,99,200,1989,192,200,0,61,18,20,0,0
1428,mild_drift,1.0,17092.802734375,7906.9873046875,97,200,1877,215,200,0,31,46,20,0,0
1429,mild_drift,1.0,13971.986328125,7106.39111328125,77,201,2266,188,201,0,39,18,20,0,0
1430,mild_drift,1.0,15230.35546875,6641.388671875,69,200,2444,242,200,0,27,22,20,0,0
1431,mild_drift,1.0,16346.1494140625,8324.365234375,48,200,2296,226,200,0,7,21,20,0,0
1432,mild_drift,1.0,14798.2265625,13002.0107421875,51,201,2709,284,201,0,15,26,10,0,0
1433,mild_drift,1.0,14997.3720703125,8680.396484375,48,200,1935,248,200,0,13,15,20,0,0
1434,mild_drift,1.0,14872.1513671875,9842.39453125,75,200,2121,274,200,0,41,14,20,0,0
1435,mild_drift,1.0,14953.4150390625,7870.61181640625,71,200,2093,223,200,0,30,21,20,0,0
1436,mild_drift,1.0,15786.3828125,6454.4140625,71,200,1650,176,200,0,14,37,20,0,0
1437,mild_drift,1.0,17045.509765625,6021.57861328125,99,200,1024,134,200,0,47,32,20,0,0
1438,mild_drift,1.0,15402.2548828125,9083.849609375,97,200,1877,183,200,0,27,50,20,0,0
1439,mild_drift,1.0,15416.3427734375,11091.3974609375,46,201,2665,392,201,0,13,13,20,0,0
1440,mild_drift,1.0,15413.71484375,13499.2265625,80,205,3538,429,205,0,31,29,20,0,0
1441,mild_drift,1.0,16044.5947265625,10413.3271484375,108,200,2622,279,200,0,75,13,20,0,0
1442,mild_drift,1.0,15503.9521484375,11011.3837890625,68,201,1921,201,201,0,28,20,20,0,0
1443,mild_drift,1.0,16933.173828125,13894.8759765625,63,202,2888,350,202,0,12,31,20,0,0
1444,mild_drift,1.0,15494.8876953125,7303.60302734375,85,200,1459,213,200,0,30,35,20,0,0
1445,mild_drift,1.0,15997.2783203125,6192.84033203125,116,200,2093,196,200,0,60,36,20,0,0
1446,mild_drift,1.0,14095.5673828125,9122.560546875,77,201,2172,271,201,0,43,14,20,0,0
1447,mild_drift,1.0,15309.66015625,5911.9326171875,100,200,1655,166,200,0,62,18,20,0,0
1448,mild_drift,1.0,17213.53125,7628.314453125,86,200,1727,211,200,0,41,25,20,0,0
1449,mild_drift,1.0,17413.421875,4891.62890625,86,200,1800,162,200,0,16,50,20,0,0
1450,mild_drift,1.0,17382.23046875,12228.3974609375,58,200,2750,359,200,0,16,22,20,0,0
1451,mild_drift,1.0,11382.80078125,9271.10546875,72,200,2712,298,200,0,30,22,20,0,0
1452,mild_drift,1.0,18245.943359375,8994.953125,111,200,1267,180,200,0,58,33,20,0,0
1453,mild_drift,1.0,16596.306640625,11284.6865234375,82,204,2783,291,204,0,32,30,20,0,0
1454,mild_drift,1.0,16270.5068359375,8932.599609375,82,200,1943,183,200,0,26,36,20,0,0
1455,mild_drift,1.0,17438.078125,10179.798828125,82,200,1770,193,200,0,32,30,20,0,0
1456,mild_drift,1.0,15089.2373046875,8976.3193359375,86,201,2553,286,201,0,32,34,20,0,0
1457,mild_drift,1.0,14575.65625,8990.462890625,119,202,2014,226,202,0,79,30,10,0,0
1458,mild_drift,1.0,15770.8232421875,9058.310546875,143,200,2584,277,200,0,85,38,20,0,0
1459,mild_drift,1.0,17477.4296875,10134.0556640625,93,200,2188,228,200,0,30,43,20,0,0
1460,mild_drift,1.0,15033.5263671875,9142.4931640625,93,200,2332,243,200,0,47,26,20,0,0
1461,mild_drift,1.0,17882.17578125,14502.2412109375,56,204,3148,422,204,0,12,24,20,0,0
1462,mild_drift,1.0,17198.951171875,13604.7353515625,45,202,2267,269,202,0,16,9,20,0,0
1463,mild_drift,1.0,16946.44921875,8984.0849609375,85,200,2699,308,200,0,27,38,20,0,0
1464,mild_drift,1.0,16569.58984375,6784.25634765625,46,200,1967,191,200,0,16,10,20,0,0
1465,mild_drift,1.0,15291.8330078125,4771.76904296875,95,200,1692,177,200,0,45,30,20,0,0
1466,mild_drift,1.0,15508.4873046875,12260.9755859375,59,203,2199,265,203,0,14,25,20,0,0
1467,mild_drift,1.0,16028.484375,6334.79296875,87,200,2027,209,200,0,58,9,20,0,0
1468,mild_drift,1.0,16471.150390625,13815.2158203125,71,202,1905,287,202,0,30,21,20,0,0
1469,mild_drift,1.0,16903.779296875,8034.94287109375,82,200,2050,216,200,0,16,46,20,0,0
1470,mild_drift,1.0,14238.1376953125,14238.1376953125,36,203,2728,297,203,0,10,16,10,0,0
1471,mild_drift,1.0,15627.208984375,12463.0673828125,92,201,2849,324,201,0,59,13,20,0,0
1472,mild_drift,1.0,17023.875,3769.9775390625,117,200,1584,149,200,0,67,30,20,0,0
1473,mild_drift,1.0,15533.9228515625,8863.291015625,90,200,2053,232,200,0,27,43,20,0,0
1474,mild_drift,1.0,15550.220703125,15067.2275390625,49,202,1847,224,202,0,15,14,20,0,0
1475,mild_drift,1.0,16826.830078125,5247.24072265625,100,200,1368,199,200,0,45,35,20,0,0
1476,mild_drift,1.0,16780.69140625,11047.7578125,60,200,2964,277,200,0,14,26,20,0,0
1477,mild_drift,1.0,12541.08984375,9104.693359375,109,200,2348,248,200,0,62,37,10,0,0
1478,mild_drift,1.0,15265.3818359375,6455.1962890625,100,200,1877,180,200,0,31,49,20,0,0
1479,mild_drift,1.0,17580.310546875,14448.8779296875,68,204,1249,207,204,0,12,36,20,0,0
1480,mild_drift,1.0,15779.3935546875,8400.6611328125,106,200,2461,239,200,0,45,41,20,0,0
1481,mild_drift,1.0,12847.9619140625,11275.7431640625,55,201,2441,278,201,0,15,30,10,0,0
1482,mild_drift,1.0,17015.69140625,4361.3115234375,110,200,1080,122,200,0,40,50,20,0,0
1483,mild_drift,1.0,15888.294921875,10715.9609375,64,200,2545,262,200,0,16,28,20,0,0
1484,mild_drift,1.0,12741.56640625,9164.00390625,53,200,1992,182,200,0,15,28,10,0,0
1485,mild_drift,1.0,16828.099609375,9547.755859375,113,200,2196,195,200,0,72,21,20,0,0
1486,mild_drift,1.0,16186.5234375,11475.138671875,96,200,3060,316,200,0,61,15,20,0,0
1487,mild_drift,1.0,15963.8984375,10148.7314453125,77,200,2408,274,200,0,25,32,20,0,0
1488,mild_drift,1.0,13600.28515625,10038.2548828125,104,200,2576,307,200,0,46,38,20,0,0
1489,mild_drift,1.0,15864.7197265625,5222.6826171875,108,200,966,135,200,0,74,14,20,0,0
1490,mild_drift,1.0,16831.173828125,5867.71923828125,79,200,1033,119,200,0,37,22,20,0,0
1491,mild_drift,1.0,12404.1630859375,11577.890625,53,200,2409,250,200,0,15,28,10,0,0
1492,mild_drift,1.0,16375.1904296875,7308.59912109375,73,200,1310,176,200,0,32,21,20,0,0
1493,mild_drift,1.0,16713.34765625,9302.5751953125,76,200,2475,275,200,0,30,26,20,0,0
1494,mild_drift,1.0,16585.28125,9294.8662109375,89,200,2611,224,200,0,43,26,20,0,0
1495,mild_drift,1.0,16051.69140625,9058.07421875,72,200,2324,266,200,0,14,38,20,0,0
1496,mild_drift,1.0,16038.939453125,9738.755859375,95,200,2243,221,200,0,46,29,20,0,0
1497,mild_drift,1.0,15918.095703125,7619.12646484375,73,200,2544,256,200,0,16,37,20,0,0
1498,mild_drift,1.0,16730.41015625,7537.4443359375,94,200,2071,205,200,0,52,22,20,0,0
1499,mild_drift,1.0,16538.8671875,10232.7314453125,82,200,3258,410,200,0,26,36,20,0,0
1500,mild_drift,1.0,14493.171875,5526.14208984375,97,200,1697,161,200,0,55,22,20,0,0
1501,mild_drift,1.0,17110.26953125,11206.5302734375,59,200,2734,360,200,0,14,25,20,0,0
1502,mild_drift,1.0,16537.76953125,7093.8623046875,77,200,2490,278,200,0,47,10,20,0,0
1503,mild_drift,1.0,17643.984375,12811.994140625,76,200,2174,268,200,0,46,10,20,0,0
1504,mild_drift,1.0,17540.92578125,12334.0048828125,106,200,3178,387,200,0,60,26,20,0,0
1505,mild_drift,1.0,16876.302734375,6852.9921875,89,200,1727,220,200,0,39,30,20,0,0
1506,mild_drift,1.0,15795.216796875,11150.203125,56,201,2146,221,201,0,25,11,20,0,0
1507,mild_drift,1.0,16566.853515625,12130.55078125,75,200,2898,354,200,0,43,12,20,0,0
1508,mild_drift,1.0,15982.13671875,6232.85546875,71,200,1571,159,200,0,14,37,20,0,0
1509,mild_drift,1.0,14827.453125,10107.9453125,79,200,2384,239,200,0,41,18,20,0,0
1510,mild_drift,1.0,16876.328125,10155.0947265625,91,200,2193,240,200,0,45,26,20,0,0
1511,mild_drift,1.0,14587.7021484375,6077.62841796875,85,200,1517,174,200,0,51,14,20,0,0
1512,mild_drift,1.0,17010.791015625,4671.060546875,104,200,1291,131,200,0,47,37,20,0,0
1513,mild_drift,1.0,17073.466796875,5722.7529296875,62,200,1574,170,200,0,24,18,20,0,0
1514,mild_drift,1.0,16984.962890625,8421.310546875,91,200,2250,190,200,0,58,13,20,0,0
1515,mild_drift,1.0,16618.65625,8358.0927734375,77,200,1989,220,200,0,32,25,20,0,0
1516,mild_drift,1.0,15708.91015625,7324.841796875,77,200,1269,153,200,0,35,22,20,0,0
1517,mild_drift,1.0,14837.4921875,6215.576171875,72,200,1569,161,200,0,26,26,20,0,0
1518,mild_drift,1.0,17162.1171875,11509.2119140625,74,200,3311,365,200,0,16,38,20,0,0
1519,mild_drift,1.0,16528.33984375,12912.7275390625,55,200,2835,325,200,0,16,19,20,0,0
1520,mild_drift,1.0,15638.150390625,7242.99462890625,74,200,2355,227,200,0,30,24,20,0,0
1521,mild_drift,1.0,16263.8369140625,5931.08544921875,86,200,1615,181,200,0,43,23,20,0,0
1522,mild_drift,1.0,14766.5517578125,7706.46044921875,96,200,1752,166,200,0,47,39,10,0,0
1523,mild_drift,1.0,15340.17578125,9623.630859375,100,200,2373,282,200,0,54,26,20,0,0
1524,mild_drift,1.0,16145.0576171875,14458.6884765625,53,204,2749,353,204,0,15,28,10,0,0
1525,mild_drift,1.0,16403.8125,9699.701171875,70,200,2502,257,200,0,16,34,20,0,0
1526,mild_drift,1.0,16327.75390625,6665.50146484375,63,200,1118,158,200,0,21,22,20,0,0
1527,mild_drift,1.0,16583.580078125,9934.1494140625,92,201,2618,321,201,0,32,40,20,0,0
1528,mild_drift,1.0,16863.37890625,6415.81103515625,92,200,1959,161,200,0,30,42,20,0,0
1529,mild_drift,1.0,17503.939453125,6005.88037109375,102,200,1116,123,200,0,70,12,20,0,0
1530,mild_drift,1.0,15535.23828125,6356.0927734375,90,200,1543,172,200,0,28,42,20,0,0
1531,mild_drift,1.0,15456.0498046875,9715.9677734375,70,201,2447,282,201,0,29,21,20,0,0
1532,mild_drift,1.0,14673.783203125,10032.1630859375,48,200,2931,294,200,0,13,15,20,0,0
1533,mild_drift,1.0,16344.6689453125,11330.908203125,76,200,2049,222,200,0,28,28,20,0,0
1534,mild_drift,1.0,16986.505859375,12863.7265625,85,201,3013,359,201,0,32,33,20,0,0
1535,mild_drift,1.0,15520.732421875,6264.55322265625,84,200,1712,154,200,0,55,9,20,0,0
1536,mild_drift,1.0,15688.2158203125,4778.0439453125,115,200,1563,130,200,0,15,80,20,0,0
1537,mild_drift,1.0,16060.05859375,5868.2080078125,92,200,1628,178,200,0,51,21,20,0,0
1538,mild_drift,1.0,16612.35546875,8414.1005859375,76,200,2406,219,200,0,42,14,20,0,0
1539,mild_drift,1.0,16413.580078125,12622.94140625,52,202,2592,228,202,0,11,21,20,0,0
1540,mild_drift,1.0,16709.232421875,8314.484375,66,200,1393,167,200,0,26,20,20,0,0
1541,mild_drift,1.0,16201.58203125,8299.9677734375,91,200,2562,243,200,0,61,10,20,0,0
1542,mild_drift,1.0,12957.14453125,10593.72265625,48,200,2694,294,200,0,13,25,10,0,0
1543,mild_drift,1.0,14752.1708984375,5213.68408203125,111,200,1647,194,200,0,28,63,20,0,0
1544,mild_drift,1.0,18923.291015625,6686.9658203125,94,200,2231,201,200,0,60,14,20,0,0
1545,mild_drift,1.0,16420.7421875,9888.84765625,94,200,1147,160,200,0,42,32,20,0,0
1546,mild_drift,1.0,18107.30078125,11783.0732421875,85,200,2867,322,200,0,28,37,20,0,0
1547,mild_drift,1.0,15242.638671875,9835.71875,87,201,2772,288,201,0,46,21,20,0,0
1548,mild_drift,1.0,16592.478515625,5162.8515625,93,200,1268,119,200,0,33,40,20,0,0
1549,mild_drift,1.0,15864.2265625,12933.2431640625,62,200,2660,243,200,0,28,14,20,0,0
1550,mild_drift,1.0,16215.2021484375,10037.828125,58,200,2578,277,200,0,16,22,20,0,0
1551,mild_drift,1.0,16650.10546875,11352.3349609375,57,201,2859,375,201,0,24,13,20,0,0
1552,mild_drift,1.0,17786.80859375,9074.8466796875,134,200,1934,201,200,0,48,66,20,0,0
1553,mild_drift,1.0,17327.451171875,11187.2685546875,76,202,1605,191,202,0,31,25,20,0,0
1554,mild_drift,1.0,17685.748046875,14811.89453125,45,203,1643,233,203,0,16,9,20,0,0
1555,mild_drift,1.0,16158.146484375,8651.8701171875,85,200,2064,244,200,0,28,37,20,0,0
1556,mild_drift,1.0,16619.732421875,11865.43359375,86,200,2529,215,200,0,32,34,20,0,0
1557,mild_drift,1.0,20184.689453125,12263.2626953125,80,200,1586,185,200,0,15,45,20,0,0
1558,mild_drift,1.0,17504.712890625,7494.79052734375,76,200,1331,137,200,0,44,12,20,0,0
1559,mild_drift,1.0,15019.2763671875,11010.505859375,93,200,3098,350,200,0,47,26,20,0,0
1560,mild_drift,1.0,17294.79296875,10940.8447265625,67,200,2509,301,200,0,20,27,20,0,0
1561,mild_drift,1.0,17234.27734375,10387.5849609375,116,200,2449,263,200,0,50,46,20,0,0
1562,mild_drift,1.0,15096.693359375,9028.0087890625,94,200,2350,222,200,0,41,33,20,0,0
1563,mild_drift,1.0,16660.318359375,3615.31298828125,92,200,1475,139,200,0,24,48,20,0,0
1564,mild_drift,1.0,16493.34765625,3336.62890625,63,200,1470,152,200,0,22,21,20,0,0
1565,mild_drift,1.0,15597.0673828125,9738.2421875,104,200,2486,285,200,0,31,53,20,0,0
1566,mild_drift,1.0,17163.83984375,8917.529296875,81,200,2523,281,200,0,41,20,20,0,0
1567,mild_drift,1.0,17254.70703125,14533.146484375,75,201,1774,249,201,0,13,42,20,0,0
1568,mild_drift,1.0,14329.5029296875,10141.3212890625,136,200,2904,328,200,0,78,38,20,0,0
1569,mild_drift,1.0,14567.326171875,9143.5322265625,85,200,2291,245,200,0,37,28,20,0,0
1570,mild_drift,1.0,16202.9033203125,7106.1318359375,97,200,2084,207,200,0,40,37,20,0,0
1571,mild_drift,1.0,15956.9921875,14478.9404296875,95,206,2095,307,206,0,26,49,20,0,0
1572,mild_drift,1.0,15978.2431640625,9301.75390625,78,200,1899,171,200,0,16,42,20,0,0
1573,mild_drift,1.0,17082.74609375,10576.2998046875,90,200,1611,190,200,0,58,12,20,0,0
1574,mild_drift,1.0,15492.267578125,3628.88818359375,95,200,1489,123,200,0,42,33,20,0,0
1575,mild_drift,1.0,16035.9287109375,5967.72705078125,151,200,1848,143,200,0,105,26,20,0,0
1576,mild_drift,1.0,12979.4716796875,8591.6796875,66,200,1556,186,200,0,26,30,10,0,0
1577,mild_drift,1.0,17347.4765625,4363.16259765625,86,200,1350,119,200,0,37,29,20,0,0
1578,mild_drift,1.0,15832.3818359375,6894.23095703125,76,200,2399,276,200,0,14,42,20,0,0
1579,mild_drift,1.0,15721.4326171875,5524.10791015625,92,200,1336,168,200,0,43,29,20,0,0
1580,mild_drift,1.0,15974.2041015625,6389.07958984375,95,200,1550,197,200,0,38,37,20,0,0
1581,mild_drift,1.0,14653.9658203125,4828.35986328125,71,200,1200,128,200,0,23,28,20,0,0
1582,mild_drift,1.0,14661.15234375,9309.2861328125,79,200,2781,323,200,0,31,28,20,0,0
1583,mild_drift,1.0,17352.59375,8820.6572265625,70,201,2338,213,201,0,15,35,20,0,0
1584,mild_drift,1.0,16952.8828125,5700.275390625,118,200,1122,139,200,0,43,55,20,0,0
1585,mild_drift,1.0,16403.8046875,8802.1083984375,146,200,1280,136,200,0,107,19,20,0,0
1586,mild_drift,1.0,14441.26171875,8571.111328125,64,200,2234,245,200,0,26,18,20,0,0
1587,mild_drift,1.0,16820.525390625,9107.8310546875,106,200,1982,197,200,0,26,60,20,0,0
1588,mild_drift,1.0,16111.7080078125,11258.6494140625,96,201,2783,313,201,0,28,48,20,0,0
1589,mild_drift,1.0,17616.39453125,13170.1083984375,62,204,925,199,204,0,29,13,20,0,0
1590,mild_drift,1.0,15210.1796875,6378.1796875,114,200,1838,161,200,0,45,49,20,0,0
1591,mild_drift,1.0,16393.564453125,6380.8037109375,75,200,1695,184,200,0,12,43,20,0,0
1592,mild_drift,1.0,15248.419921875,9990.98046875,63,200,2684,291,200,0,16,27,20,0,0
1593,mild_drift,1.0,14952.9970703125,11595.8720703125,77,201,2002,195,201,0,29,28,20,0,0
1594,mild_drift,1.0,15365.40625,6595.94482421875,96,200,1734,165,200,0,46,30,20,0,0
1595,mild_drift,1.0,18126.099609375,10034.298828125,93,200,2360,255,200,0,42,31,20,0,0
1596,mild_drift,1.0,15162.1552734375,12892.7197265625,66,202,2152,246,202,0,13,43,10,0,0
1597,mild_drift,1.0,16737.5546875,7739.3505859375,111,200,1208,119,200,0,40,51,20,0,0
1598,mild_drift,1.0,16153.755859375,9603.5361328125,56,200,2396,274,200,0,14,22,20,0,0
1599,mild_drift,1.0,14568.1298828125,11456.5517578125,76,202,1859,179,202,0,30,26,20,0,0
1600,mild_drift,1.0,16856.673828125,7997.70361328125,155,200,1755,174,200,0,56,79,20,0,0
1601,mild_drift,1.0,16915.671875,9589.779296875,69,200,1753,226,200,0,27,22,20,0,0
1602,mild_drift,1.0,16091.5390625,8058.7255859375,100,200,2298,245,200,0,43,37,20,0,0
1603,mild_drift,1.0,14505.412109375,10554.6982421875,77,200,2888,274,200,0,32,25,20,0,0
1604,mild_drift,1.0,17777.9609375,10632.31640625,61,200,2378,272,200,0,29,12,20,0,0
1605,mild_drift,1.0,14634.5302734375,7548.93896484375,102,200,2509,290,200,0,60,22,20,0,0
1606,mild_drift,1.0,13714.8701171875,5721.83056640625,74,200,1701,169,200,0,22,32,20,0,0
1607,mild_drift,1.0,16710.369140625,5909.8759765625,74,200,1283,156,200,0,36,18,20,0,0
1608,mild_drift,1.0,15770.748046875,7417.0556640625,114,200,2186,225,200,0,47,47,20,0,0
1609,mild_drift,0.9,13562.69140625,12436.802734375,49,201,2949,443,201,0,15,14,20,0,0
1610,mild_drift,1.0,15911.9853515625,11177.2880859375,53,201,2134,218,201,0,11,22,20,0,0
1611,mild_drift,1.0,16846.666015625,5293.34033203125,103,200,1572,139,200,0,74,9,20,0,0
1612,mild_drift,1.0,17187.994140625,3152.38671875,105,200,996,114,200,0,50,35,20,0,0
1613,mild_drift,1.0,17234.05859375,5527.8154296875,75,200,1734,186,200,0,26,29,20,0,0
1614,mild_drift,1.0,17044.306640625,7377.53076171875,100,200,2048,184,200,0,42,38,20,0,0
1615,mild_drift,1.0,14775.2734375,11931.455078125,61,202,2552,289,202,0,32,9,20,0,0
1616,mild_drift,1.0,16204.9404296875,3717.069580078125,71,200,1523,148,200,0,28,23,20,0,0
1617,mild_drift,1.0,15318.4130859375,9229.6611328125,114,200,2324,208,200,0,55,39,20,0,0
1618,mild_drift,1.0,16276.158203125,8481.3583984375,107,200,2196,242,200,0,65,22,20,0,0
1619,mild_drift,1.0,17475.517578125,5059.9462890625,96,200,2081,157,200,0,62,14,20,0,0
1620,mild_drift,1.0,16620.994140625,9832.4169921875,75,200,2805,330,200,0,30,25,20,0,0
1621,mild_drift,1.0,16424.55078125,6984.765625,79,200,1197,124,200,0,37,22,20,0,0
1622,mild_drift,1.0,16881.79296875,15293.408203125,54,210,1665,334,210,0,13,21,20,0,0
1623,mild_drift,1.0,15653.701171875,9613.1044921875,82,200,2441,380,200,0,41,21,20,0,0
1624,mild_drift,1.0,17177.884765625,6728.4208984375,76,200,1893,195,200,0,27,29,20,0,0
1625,mild_drift,1.0,16568.908203125,9475.9912109375,65,200,2668,271,200,0,16,29,20,0,0
1626,mild_drift,1.0,17331.15625,9992.2939453125,81,200,2758,325,200,0,28,33,20,0,0
1627,mild_drift,1.0,15945.154296875,10281.7421875,62,201,2619,397,201,0,16,26,20,0,0
1628,mild_drift,1.0,15770.259765625,12348.193359375,73,200,2773,280,200,0,14,39,20,0,0
1629,mild_drift,1.0,17064.912109375,6097.1923828125,107,200,1786,174,200,0,24,63,20,0,0
1630,mild_drift,1.0,16052.24609375,6603.58984375,83,200,2158,219,200,0,41,22,20,0,0
1631,mild_drift,1.0,16294.3818359375,12688.33984375,76,200,1657,222,200,0,16,40,20,0,0
1632,mild_drift,1.0,16294.056640625,4997.337890625,71,200,1562,165,200,0,28,23,20,0,0
1633,mild_drift,1.0,17143.267578125,8861.4638671875,70,201,2570,264,201,0,11,39,20,0,0
1634,mild_drift,1.0,16547.677734375,9136.4990234375,99,200,2331,213,200,0,44,35,20,0,0
1635,mild_drift,1.0,15242.384765625,12008.7998046875,66,200,2922,295,200,0,13,33,20,0,0
1636,mild_drift,1.0,17292.525390625,6396.84033203125,83,200,2094,197,200,0,41,22,20,0,0
1637,mild_drift,1.0,15241.24609375,6212.900390625,94,200,2222,201,200,0,41,33,20,0,0
1638,mild_drift,1.0,16796.34765625,10457.4365234375,91,200,2358,214,200,0,28,43,20,0,0
1639,mild_drift,1.0,18244.185546875,10916.6376953125,114,201,2703,259,201,0,46,48,20,0,0
1640,mild_drift,1.0,17237.2734375,10298.1962890625,65,200,2294,232,200,0,25,20,20,0,0
1641,mild_drift,1.0,16544.755859375,3518.1162109375,111,200,895,98,200,0,43,48,20,0,0
1642,mild_drift,1.0,15540.056640625,7861.88037109375,81,200,1710,184,200,0,15,46,20,0,0
1643,mild_drift,1.0,15654.859375,6491.78466796875,103,200,1896,170,200,0,59,24,20,0,0
1644,mild_drift,1.0,15803.0009765625,9978.6943359375,46,201,2327,225,201,0,16,10,20,0,0
1645,mild_drift,1.0,15548.4970703125,7901.86279296875,98,200,1862,183,200,0,60,18,20,0,0
1646,mild_drift,1.0,16793.81640625,12746.2060546875,59,201,3223,393,201,0,16,23,20,0,0
1647,mild_drift,1.0,16249.6162109375,6055.03759765625,120,200,1349,135,200,0,57,43,20,0,0
1648,mild_drift,1.0,16941.29296875,5886.49267578125,79,200,1032,114,200,0,37,22,20,0,0
1649,mild_drift,1.0,15085.0634765625,9972.3427734375,74,202,1597,216,202,0,30,24,20,0,0
1650,mild_drift,1.0,16622.044921875,12180.7001953125,81,202,2041,251,202,0,29,32,20,0,0
1651,mild_drift,1.0,16404.46484375,7833.0625,75,201,2205,223,201,0,29,26,20,0,0
1652,mild_drift,1.0,14804.42578125,4985.1669921875,68,200,1503,163,200,0,26,32,10,0,0
1653,mild_drift,1.0,16242.2470703125,12097.9033203125,62,200,2242,233,200,0,16,26,20,0,0
1654,mild_drift,1.0,16793.5625,11260.4072265625,49,200,2855,393,200,0,15,14,20,0,0
1655,mild_drift,0.9,16053.171875,12462.69140625,70,201,2903,387,201,0,32,18,20,0,0
1656,mild_drift,1.0,15370.14453125,12828.09375,45,203,1769,256,203,0,16,9,20,0,0
1657,mild_drift,1.0,18023.880859375,8888.9306640625,119,200,2282,262,200,0,64,35,20,0,0
1658,mild_drift,1.0,16129.587890625,7538.3544921875,136,200,1993,205,200,0,61,55,20,0,0
1659,mild_drift,1.0,16051.193359375,8280.8115234375,96,200,2130,211,200,0,54,22,20,0,0
1660,mild_drift,1.0,15792.6455078125,10959.076171875,77,200,2457,251,200,0,31,26,20,0,0
1661,mild_drift,1.0,12287.248046875,12287.248046875,36,200,2594,255,200,0,10,16,10,0,0
1662,mild_drift,1.0,17788.908203125,9298.6396484375,65,200,2437,234,200,0,16,29,20,0,0
1663,mild_drift,1.0,15168.9404296875,10089.73828125,71,201,2492,230,201,0,15,36,20,0,0
1664,mild_drift,1.0,16437.94140625,4807.23388671875,87,200,1707,167,200,0,22,45,20,0,0
1665,mild_drift,1.0,9929.978515625,9929.978515625,36,200,2062,195,200,0,10,16,10,0,0
1666,mild_drift,1.0,15876.302734375,9974.662109375,88,200,2464,265,200,0,45,23,20,0,0
1667,mild_drift,1.0,13981.962890625,5537.0537109375,67,200,1286,141,200,0,25,32,10,0,0
1668,mild_drift,1.0,16113.9677734375,4903.15966796875,55,200,2042,224,200,0,25,10,20,0,0
1669,mild_drift,1.0,15809.9140625,9137.28125,112,200,1915,192,200,0,46,46,20,0,0
1670,mild_drift,1.0,16005.1904296875,7882.1259765625,46,200,2190,211,200,0,16,10,20,0,0
1671,mild_drift,1.0,15778.9140625,11443.3740234375,105,200,2697,318,200,0,62,23,20,0,0
1672,mild_drift,1.0,15931.1748046875,8723.599609375,115,200,2591,256,200,0,48,47,20,0,0
1673,mild_drift,1.0,15573.720703125,10312.853515625,49,200,2660,257,200,0,15,14,20,0,0
1674,mild_drift,1.0,16450.193359375,6401.41064453125,97,200,1606,179,200,0,56,21,20,0,0
1675,mild_drift,1.0,15644.1748046875,6850.22705078125,104,200,1345,139,200,0,39,45,20,0,0
1676,mild_drift,1.0,13453.6396484375,11748.70703125,82,201,2373,270,201,0,16,46,20,0,0
1677,mild_drift,1.0,17094.216796875,11005.9755859375,73,200,1667,278,200,0,32,21,20,0,0
1678,mild_drift,1.0,14784.986328125,7981.18798828125,129,200,2207,257,200,0,81,28,20,0,0
1679,mild_drift,1.0,16812.806640625,9579.42578125,103,200,1520,161,200,0,40,43,20,0,0
1680,mild_drift,1.0,15238.0498046875,12152.5615234375,45,202,1907,247,202,0,16,9,20,0,0
1681,mild_drift,1.0,17349.68359375,6548.736328125,77,200,1092,121,200,0,37,20,20,0,0
1682,mild_drift,1.0,16582.95703125,4567.43896484375,82,200,1364,141,200,0,42,20,20,0,0
1683,mild_drift,1.0,16640.685546875,7416.6962890625,85,200,2082,239,200,0,43,22,20,0,0
1684,mild_drift,1.0,14301.1865234375,6091.85595703125,95,200,1684,152,200,0,60,15,20,0,0
1685,mild_drift,1.0,18025.765625,10675.45703125,84,200,1856,199,200,0,39,25,20,0,0
1686,mild_drift,1.0,17196.486328125,13028.6083984375,62,201,2918,310,201,0,29,13,20,0,0
1687,mild_drift,1.0,15502.83203125,10040.6591796875,76,201,2247,316,201,0,14,42,20,0,0
1688,mild_drift,1.0,17472.201171875,13654.390625,86,200,3088,398,200,0,40,26,20,0,0
1689,mild_drift,1.0,16438.6015625,6014.84765625,115,200,1901,171,200,0,86,9,20,0,0
1690,mild_drift,1.0,16880.376953125,5987.40625,100,200,1854,162,200,0,58,22,20,0,0
1691,mild_drift,1.0,16723.716796875,3199.53125,118,201,2839,338,201,0,75,23,20,0,0
1692,mild_drift,1.0,17455.955078125,6953.33447265625,88,200,1080,113,200,0,56,12,20,0,0
1693,mild_drift,1.0,15239.6650390625,6788.10498046875,85,200,1757,181,200,0,48,17,20,0,0
1694,mild_drift,1.0,16717.57421875,10417.083984375,95,200,2308,284,200,0,41,34,20,0,0
1695,mild_drift,1.0,15251.25,9499.4560546875,74,200,2675,329,200,0,28,26,20,0,0
1696,mild_drift,1.0,18025.01953125,5787.8349609375,80,200,1121,141,200,0,40,20,20,0,0
1697,mild_drift,1.0,16465.94140625,8478.9658203125,119,200,2115,223,200,0,50,49,20,0,0
1698,mild_drift,1.0,16490.14453125,6388.4736328125,66,200,1682,212,200,0,28,18,20,0,0
1699,mild_drift,1.0,17137.509765625,8822.2197265625,122,200,1941,190,200,0,88,14,20,0,0
1700,mild_drift,1.0,16462.599609375,6839.94677734375,101,200,1771,228,200,0,68,13,20,0,0
1701,mild_drift,1.0,16867.783203125,11232.2470703125,60,200,2616,311,200,0,30,10,20,0,0
1702,mild_drift,1.0,15820.46875,11474.400390625,45,202,2409,265,202,0,16,9,20,0,0
1703,mild_drift,1.0,15324.94140625,5897.52001953125,74,200,2157,192,200,0,30,24,20,0,0
1704,mild_drift,1.0,16216.3154296875,12062.7236328125,92,200,2669,334,200,0,58,14,20,0,0
1705,mild_drift,1.0,15202.5732421875,5652.9833984375,107,200,1774,178,200,0,15,72,20,0,0
1706,mild_drift,1.0,17103.22265625,9809.103515625,84,201,1711,213,201,0,55,9,20,0,0
1707,mild_drift,1.0,15051.849609375,9851.9599609375,95,200,2206,285,200,0,40,45,10,0,0
1708,mild_drift,1.0,17236.033203125,14828.607421875,58,208,1760,328,208,0,12,26,20,0,0
1709,mild_drift,1.0,15473.9619140625,12354.3603515625,46,200,2894,332,200,0,13,13,20,0,0
1710,mild_drift,1.0,17692.66796875,8776.1513671875,106,201,1947,212,201,0,60,26,20,0,0
1711,mild_drift,1.0,15868.78515625,7902.4189453125,75,200,2528,279,200,0,30,25,20,0,0
1712,mild_drift,1.0,18285.080078125,4417.841796875,109,200,1285,162,200,0,61,28,20,0,0
1713,mild_drift,1.0,13612.99609375,7851.05810546875,76,200,1662,137,200,0,39,27,10,0,0
1714,mild_drift,1.0,17058.568359375,9520.5546875,124,200,2690,313,200,0,56,48,20,0,0
1715,mild_drift,1.0,17200.337890625,14179.916015625,114,201,2322,250,201,0,66,28,20,0,0
1716,mild_drift,1.0,17267.96875,9123.9462890625,59,200,2157,206,200,0,14,25,20,0,0
1717,mild_drift,1.0,16618.18359375,12383.57421875,70,203,2058,230,203,0,15,35,20,0,0
1718,mild_drift,1.0,15761.1005859375,4734.59814453125,105,200,1337,122,200,0,59,26,20,0,0
1719,mild_drift,1.0,16084.095703125,5881.9375,115,200,1854,200,200,0,82,13,20,0,0
1720,mild_drift,1.0,17326.654296875,8245.3349609375,85,200,2465,267,200,0,28,37,20,0,0
1721,mild_drift,1.0,15929.8369140625,8807.3212890625,79,200,1783,164,200,0,12,47,20,0,0
1722,mild_drift,1.0,16869.158203125,9409.3134765625,56,200,2249,232,200,0,14,22,20,0,0
1723,mild_drift,1.0,17588.294921875,6173.1904296875,74,200,1567,157,200,0,40,14,20,0,0
1724,mild_drift,1.0,13577.8818359375,8949.4658203125,99,200,2941,317,200,0,45,34,20,0,0
1725,mild_drift,1.0,16739.5546875,13369.046875,74,206,1660,250,206,0,44,10,20,0,0
1726,mild_drift,1.0,16545.765625,7037.95703125,92,200,1759,241,200,0,29,43,20,0,0
1727,mild_drift,1.0,15054.8740234375,9673.9609375,119,200,1864,199,200,0,29,70,20,0,0
1728,mild_drift,1.0,17622.021484375,11568.544921875,46,202,1694,219,202,0,13,13,20,0,0
1729,mild_drift,1.0,16139.27734375,13025.6787109375,58,201,1702,195,201,0,13,25,20,0,0
1730,mild_drift,1.0,14842.4453125,10774.2822265625,81,200,2822,279,200,0,30,41,10,0,0
1731,mild_drift,1.0,18505.75,15693.2431640625,44,203,2465,338,203,0,14,10,20,0,0
1732,mild_drift,1.0,17020.052734375,14523.8994140625,68,207,2039,361,207,0,16,32,20,0,0
1733,mild_drift,1.0,17913.861328125,7778.09716796875,121,200,1948,178,200,0,50,51,20,0,0
1734,mild_drift,1.0,15370.13671875,6320.6025390625,115,200,1837,156,200,0,46,49,20,0,0
1735,mild_drift,1.0,14526.818359375,10428.900390625,61,201,2447,300,201,0,32,9,20,0,0
1736,mild_drift,1.0,17336.1328125,15083.775390625,64,206,1631,293,206,0,30,14,20,0,0
1737,mild_drift,1.0,13587.166015625,5633.0400390625,95,200,2185,212,200,0,47,28,20,0,0
1738,mild_drift,1.0,17464.3515625,6033.2509765625,88,200,2201,208,200,0,55,13,20,0,0
1739,mild_drift,1.0,16511.419921875,10646.5634765625,90,200,2500,268,200,0,46,24,20,0,0
1740,mild_drift,1.0,14558.4970703125,7572.177734375,71,200,1895,185,200,0,16,35,20,0,0
1741,mild_drift,1.0,15241.0703125,9986.693359375,68,200,2388,258,200,0,29,19,20,0,0
1742,mild_drift,1.0,15303.12890625,8015.7431640625,85,201,1823,160,201,0,16,49,20,0,0
1743,mild_drift,1.0,16659.15234375,6597.921875,122,200,1872,147,200,0,93,9,20,0,0
1744,mild_drift,1.0,15013.615234375,7659.46533203125,83,200,2200,238,200,0,12,51,20,0,0
1745,mild_drift,1.0,15850.2138671875,9454.03515625,83,200,1722,167,200,0,46,17,20,0,0
1746,mild_drift,1.0,13711.7451171875,10934.029296875,66,200,2878,328,200,0,32,24,10,0,0
1747,mild_drift,1.0,17032.74609375,7669.79150390625,118,201,1976,172,201,0,75,23,20,0,0
1748,mild_drift,1.0,16285.466796875,9332.580078125,50,200,1770,220,200,0,10,20,20,0,0
1749,mild_drift,1.0,15387.1865234375,6710.2919921875,88,200,2194,265,200,0,55,13,20,0,0
1750,mild_drift,1.0,16434.27734375,9212.4013671875,86,201,2640,270,201,0,16,50,20,0,0
1751,mild_drift,1.0,17006.9765625,12124.9306640625,49,202,2819,329,202,0,15,14,20,0,0
1752,mild_drift,1.0,13952.4384765625,8761.8896484375,80,200,1535,176,200,0,37,23,20,0,0
1753,mild_drift,1.0,17035.50390625,8628.447265625,46,200,1977,197,200,0,13,13,20,0,0
1754,mild_drift,1.0,15567.0439453125,9193.1220703125,66,200,2153,283,200,0,25,21,20,0,0
1755,mild_drift,1.0,17768.724609375,12920.3017578125,81,202,1850,181,202,0,30,31,20,0,0
1756,mild_drift,1.0,17378.142578125,14512.533203125,45,203,1930,235,203,0,16,9,20,0,0
1757,mild_drift,1.0,18333.607421875,11510.607421875,54,200,1458,183,200,0,22,12,20,0,0
1758,mild_drift,1.0,16998.330078125,4716.69091796875,57,200,1447,121,200,0,14,23,20,0,0
1759,mild_drift,1.0,14751.259765625,10167.8837890625,98,200,3029,326,200,0,43,45,10,0,0
1760,mild_drift,1.0,14649.6806640625,9207.7099609375,72,201,2092,230,201,0,14,38,20,0,0
1761,mild_drift,1.0,18499.609375,7198.7744140625,73,200,1234,174,200,0,41,12,20,0,0
1762,mild_drift,1.0,14528.263671875,12136.9931640625,63,203,3294,387,203,0,16,27,20,0,0
1763,mild_drift,1.0,16710.220703125,5757.68896484375,82,200,1658,157,200,0,23,39,20,0,0
1764,mild_drift,1.0,16101.7314453125,6682.103515625,96,200,2060,192,200,0,31,45,20,0,0
1765,mild_drift,1.0,14336.4150390625,11207.3515625,71,201,2439,268,201,0,26,35,10,0,0
1766,mild_drift,1.0,15461.9482421875,6583.9013671875,66,200,1505,210,200,0,13,33,20,0,0
1767,mild_drift,1.0,15338.978515625,9598.58984375,67,201,2246,213,201,0,13,34,20,0,0
1768,mild_drift,1.0,15204.70703125,6716.3115234375,56,201,1445,136,201,0,7,29,20,0,0
1769,mild_drift,1.0,14977.2666015625,10127.5634765625,79,200,2005,184,200,0,31,28,20,0,0
1770,mild_drift,1.0,15467.6533203125,7956.8193359375,62,200,2352,262,200,0,32,10,20,0,0
1771,mild_drift,1.0,14582.794921875,8700.38671875,75,200,2830,301,200,0,30,25,20,0,0
1772,mild_drift,1.0,15868.1103515625,8001.943359375,82,200,2296,282,200,0,27,35,20,0,0
1773,mild_drift,1.0,17082.251953125,7945.6298828125,71,200,2288,263,200,0,16,35,20,0,0
1774,mild_drift,1.0,16507.3203125,10200.888671875,61,201,2809,326,201,0,29,12,20,0,0
1775,mild_drift,1.0,15490.5458984375,12362.6611328125,85,201,2704,319,201,0,29,36,20,0,0
1776,mild_drift,1.0,14292.583984375,11745.623046875,52,202,2010,219,202,0,13,19,20,0,0
1777,mild_drift,1.0,15435.017578125,8274.685546875,112,200,1949,217,200,0,47,45,20,0,0
1778,mild_drift,1.0,16985.61328125,10656.4853515625,71,200,2805,327,200,0,29,22,20,0,0
1779,mild_drift,1.0,13429.8310546875,4544.5498046875,101,200,1554,146,200,0,55,26,20,0,0
1780,mild_drift,1.0,15464.6298828125,9740.501953125,107,200,1616,176,200,0,74,13,20,0,0
1781,mild_drift,1.0,16343.4580078125,7176.69677734375,100,200,1875,185,200,0,58,22,20,0,0
1782,mild_drift,1.0,15578.43359375,9923.447265625,96,200,3028,382,200,0,56,20,20,0,0
1783,mild_drift,1.0,16276.919921875,8286.2568359375,62,200,1797,253,200,0,21,21,20,0,0
1784,mild_drift,1.0,16985.400390625,9238.6455078125,76,200,2907,276,200,0,29,27,20,0,0
1785,mild_drift,1.0,15107.119140625,7842.56005859375,72,200,2235,231,200,0,14,38,20,0,0
1786,mild_drift,1.0,16457.130859375,5779.30810546875,116,200,1951,170,200,0,57,39,20,0,0
1787,mild_drift,1.0,15711.560546875,5184.5966796875,117,200,1838,160,200,0,36,61,20,0,0
1788,mild_drift,1.0,18179.3125,4301.8642578125,91,200,822,88,200,0,26,45,20,0,0
1789,mild_drift,1.0,16180.6904296875,8294.3173828125,95,200,2362,207,200,0,43,32,20,0,0
1790,mild_drift,1.0,15695.681640625,11099.53515625,56,201,2368,281,201,0,14,22,20,0,0
1791,mild_drift,1.0,16888.943359375,9572.4697265625,107,201,1377,183,201,0,46,41,20,0,0
1792,mild_drift,1.0,16156.9072265625,4517.35498046875,80,200,801,115,200,0,13,47,20,0,0
1793,mild_drift,1.0,16891.025390625,6875.0146484375,91,200,1912,159,200,0,46,25,20,0,0
1794,mild_drift,1.0,15768.3447265625,7824.04052734375,83,200,2579,326,200,0,29,34,20,0,0
1795,mild_drift,1.0,16666.01953125,6781.5048828125,182,200,1932,210,200,0,116,46,20,0,0
1796,mild_drift,1.0,14472.6015625,6434.04443359375,91,200,1952,213,200,0,45,26,20,0,0
1797,mild_drift,1.0,17328.953125,14314.6171875,46,204,2321,299,204,0,16,10,20,0,0
1798,mild_drift,1.0,17374.935546875,5982.5458984375,84,200,1414,137,200,0,43,21,20,0,0
1799,mild_drift,1.0,17028.8984375,9294.591796875,63,201,1601,142,201,0,12,31,20,0,0
1800,mild_drift,1.0,17766.587890625,7264.04150390625,102,200,1151,127,200,0,60,22,20,0,0
1801,mild_drift,1.0,17338.837890625,6084.681640625,115,200,2168,230,200,0,58,37,20,0,0
1802,mild_drift,1.0,16791.076171875,7695.4111328125,55,200,2005,176,200,0,25,10,20,0,0
1803,mild_drift,1.0,15973.5517578125,7684.2646484375,94,200,2431,283,200,0,41,33,20,0,0
1804,mild_drift,1.0,15670.8359375,5511.67431640625,163,200,1389,172,200,0,77,66,20,0,0
1805,mild_drift,1.0,16158.572265625,9487.638671875,75,200,2758,299,200,0,46,9,20,0,0
1806,mild_drift,1.0,16257.7509765625,5993.54345703125,81,200,1724,190,200,0,32,29,20,0,0
1807,mild_drift,1.0,17000.314453125,7781.99853515625,92,200,2228,226,200,0,30,42,20,0,0
1808,mild_drift,1.0,17070.31640625,7979.07568359375,71,201,1819,228,201,0,16,35,20,0,0
1809,mild_drift,1.0,14115.97265625,7836.67724609375,87,200,2451,217,200,0,55,12,20,0,0
1810,mild_drift,1.0,13468.9482421875,8379.40234375,93,200,1591,199,200,0,42,41,10,0,0
1811,mild_drift,1.0,17516.13671875,9457.7919921875,73,200,1811,194,200,0,14,39,20,0,0
1812,mild_drift,1.0,15667.0,4443.59814453125,109,200,1949,167,200,0,55,34,20,0,0
1813,mild_drift,1.0,17679.80859375,7874.7607421875,75,201,1901,227,201,0,30,25,20,0,0
1814,mild_drift,1.0,16239.6435546875,7710.5888671875,69,200,2295,248,200,0,39,10,20,0,0
1815,mild_drift,1.0,13260.40625,8737.9912109375,53,200,2249,252,200,0,11,22,20,0,0
1816,mild_drift,1.0,16847.23046875,6727.05224609375,107,201,1638,166,201,0,37,50,20,0,0
1817,mild_drift,1.0,16446.833984375,3409.119384765625,92,200,1444,134,200,0,24,48,20,0,0
1818,mild_drift,1.0,15672.9189453125,6648.7197265625,65,200,1807,210,200,0,14,31,20,0,0
1819,mild_drift,1.0,14303.2099609375,7740.17626953125,131,200,1860,186,200,0,62,49,20,0,0
1820,mild_drift,1.0,16240.89453125,10097.1796875,86,200,2211,232,200,0,31,35,20,0,0
1821,mild_drift,1.0,15271.984375,11748.25390625,73,202,2030,242,202,0,30,23,20,0,0
1822,mild_drift,1.0,14696.6201171875,7810.52001953125,75,200,2409,223,200,0,45,10,20,0,0
1823,mild_drift,1.0,13936.3994140625,13936.3994140625,36,205,2638,259,205,0,10,16,10,0,0
1824,mild_drift,1.0,17714.1015625,11233.4189453125,49,200,2687,314,200,0,15,14,20,0,0
1825,mild_drift,1.0,16911.302734375,8333.4130859375,118,200,2699,273,200,0,44,54,20,0,0
1826,mild_drift,1.0,15896.802734375,6899.81982421875,64,200,1418,162,200,0,11,33,20,0,0
1827,mild_drift,1.0,16393.8125,8517.716796875,77,200,2365,274,200,0,31,26,20,0,0
1828,mild_drift,1.0,16472.357421875,10736.15234375,59,201,1894,193,201,0,14,25,20,0,0
1829,mild_drift,1.0,15882.6220703125,8272.5009765625,103,200,2442,254,200,0,44,39,20,0,0
1830,mild_drift,1.0,15806.4736328125,9051.8798828125,100,200,1867,196,200,0,63,17,20,0,0
1831,mild_drift,1.0,15938.9580078125,9603.6640625,83,200,2519,305,200,0,32,31,20,0,0
1832,mild_drift,1.0,16094.189453125,5874.83447265625,95,200,1676,164,200,0,45,30,20,0,0
1833,mild_drift,1.0,14753.3525390625,7215.19775390625,78,200,1743,199,200,0,31,37,10,0,0
1834,mild_drift,1.0,15265.6337890625,7899.1201171875,126,200,2019,217,200,0,60,46,20,0,0
1835,mild_drift,1.0,14155.8203125,9027.7314453125,68,200,1950,197,200,0,11,37,20,0,0
1836,mild_drift,1.0,16330.6884765625,6883.66455078125,92,200,2248,225,200,0,62,10,20,0,0
1837,mild_drift,1.0,15736.650390625,8160.1484375,90,200,2032,231,200,0,13,57,20,0,0
1838,mild_drift,1.0,18505.197265625,11965.8427734375,52,202,2776,359,202,0,13,19,20,0,0
1839,mild_drift,1.0,17027.126953125,7612.6728515625,106,200,2239,181,200,0,60,26,20,0,0
1840,mild_drift,1.0,17743.66796875,4438.39404296875,111,200,987,139,200,0,69,22,20,0,0
1841,mild_drift,1.0,16216.29296875,7302.2353515625,71,200,1896,173,200,0,15,36,20,0,0
1842,mild_drift,1.0,17913.02734375,12288.9140625,77,202,2756,385,202,0,24,33,20,0,0
1843,mild_drift,1.0,16183.267578125,14202.7685546875,75,205,2115,324,205,0,46,9,20,0,0
1844,mild_drift,1.0,16539.8984375,9117.341796875,97,200,2297,233,200,0,42,35,20,0,0
1845,mild_drift,1.0,17254.6640625,11344.0439453125,104,200,2861,303,200,0,43,41,20,0,0
1846,mild_drift,1.0,14721.6943359375,10290.61328125,79,200,2719,310,200,0,45,14,20,0,0
1847,mild_drift,1.0,15980.7900390625,8638.564453125,100,200,2425,254,200,0,47,33,20,0,0
1848,mild_drift,1.0,17196.26171875,6241.7900390625,88,200,1111,141,200,0,37,31,20,0,0
1849,mild_drift,1.0,17486.546875,6005.58349609375,116,200,2104,185,200,0,55,41,20,0,0
1850,mild_drift,1.0,16199.5341796875,11033.2255859375,89,201,2507,263,201,0,43,26,20,0,0
1851,mild_drift,1.0,16104.7236328125,5451.5966796875,84,200,1766,166,200,0,46,18,20,0,0
1852,mild_drift,1.0,14229.0869140625,12030.546875,61,203,2763,277,203,0,15,26,20,0,0
1853,mild_drift,1.0,15804.509765625,7968.0009765625,96,200,2389,223,200,0,45,31,20,0,0
1854,mild_drift,1.0,14791.466796875,8687.0615234375,82,200,1986,178,200,0,33,29,20,0,0
1855,mild_drift,1.0,16014.1494140625,8970.017578125,108,200,2559,346,200,0,31,57,20,0,0
1856,mild_drift,1.0,15496.5224609375,10173.8291015625,96,201,2852,297,201,0,27,49,20,0,0
1857,mild_drift,1.0,17596.529296875,7876.96142578125,123,200,1870,219,200,0,82,21,20,0,0
1858,mild_drift,1.0,15019.365234375,7005.54541015625,60,200,2495,274,200,0,12,28,20,0,0
1859,mild_drift,1.0,15886.2529296875,6309.44189453125,46,200,1926,200,200,0,16,10,20,0,0
1860,mild_drift,1.0,17311.767578125,8394.2109375,98,200,1222,164,200,0,43,35,20,0,0
1861,mild_drift,1.0,14721.7275390625,9508.365234375,82,200,2147,254,200,0,32,30,20,0,0
1862,mild_drift,1.0,16693.994140625,4827.7919921875,121,200,1317,125,200,0,87,14,20,0,0
1863,mild_drift,1.0,17762.37890625,8125.54541015625,68,200,2188,235,200,0,28,20,20,0,0
1864,mild_drift,1.0,17665.24609375,11382.3408203125,85,200,2277,206,200,0,15,50,20,0,0
1865,mild_drift,1.0,17824.5078125,10391.53125,64,200,2820,301,200,0,24,20,20,0,0
1866,mild_drift,1.0,15581.2001953125,6712.77099609375,126,200,2125,192,200,0,84,22,20,0,0
1867,mild_drift,1.0,16382.2021484375,7697.1474609375,104,200,1769,231,200,0,71,13,20,0,0
1868,mild_drift,1.0,16780.890625,7984.50244140625,86,200,1853,251,200,0,32,34,20,0,0
1869,mild_drift,1.0,16750.44921875,8806.0595703125,59,200,1923,171,200,0,14,25,20,0,0
1870,mild_drift,1.0,16707.099609375,8798.1015625,73,200,1336,165,200,0,41,12,20,0,0
1871,mild_drift,1.0,16853.248046875,8975.6533203125,79,200,2014,177,200,0,45,14,20,0,0
1872,mild_drift,1.0,12480.3671875,5419.88818359375,94,200,1821,146,200,0,47,37,10,0,0
1873,mild_drift,1.0,17624.076171875,7365.140625,73,200,2069,196,200,0,35,18,20,0,0
1874,mild_drift,1.0,13351.21875,11090.08203125,80,201,2757,258,201,0,31,29,20,0,0
1875,mild_drift,1.0,18293.400390625,5841.8115234375,80,200,1487,162,200,0,41,19,20,0,0
1876,mild_drift,1.0,17289.583984375,5680.78662109375,77,200,1979,172,200,0,28,29,20,0,0
1877,mild_drift,1.0,16937.78515625,11788.22265625,70,200,2478,347,200,0,29,21,20,0,0
1878,mild_drift,1.0,15858.263671875,12951.82421875,72,202,2726,391,202,0,43,9,20,0,0
1879,mild_drift,1.0,16508.984375,8808.4033203125,48,200,2171,213,200,0,7,21,20,0,0
1880,mild_drift,1.0,13477.154296875,9322.6689453125,111,201,2064,293,201,0,63,28,20,0,0
1881,mild_drift,1.0,17688.45703125,6987.341796875,104,200,1328,143,200,0,72,12,20,0,0
1882,mild_drift,1.0,16268.48828125,7289.9951171875,111,200,1602,161,200,0,66,25,20,0,0
1883,mild_drift,1.0,16361.69921875,9857.421875,80,200,1404,188,200,0,27,33,20,0,0
1884,mild_drift,1.0,17419.75,13252.5380859375,48,202,3091,378,202,0,13,15,20,0,0
1885,mild_drift,1.0,16939.53515625,3706.81298828125,95,200,1382,168,200,0,36,39,20,0,0
1886,mild_drift,1.0,15066.4892578125,10650.13671875,60,201,2892,341,201,0,27,13,20,0,0
1887,mild_drift,1.0,14851.0185546875,8296.904296875,76,200,2509,254,200,0,28,28,20,0,0
1888,mild_drift,1.0,17301.076171875,11242.8115234375,76,200,2920,350,200,0,28,28,20,0,0
1889,mild_drift,1.0,16594.67578125,6042.728515625,79,200,1114,130,200,0,37,22,20,0,0
1890,mild_drift,1.0,13573.51171875,3633.3818359375,111,200,1294,142,200,0,52,39,20,0,0
1891,mild_drift,1.0,14907.2646484375,8890.3076171875,57,201,1966,207,201,0,24,13,20,0,0
1892,mild_drift,1.0,13462.251953125,7101.52294921875,78,200,1677,161,200,0,31,37,10,0,0
1893,mild_drift,1.0,15410.2783203125,10195.4580078125,54,201,2427,281,201,0,16,18,20,0,0
1894,mild_drift,1.0,17790.435546875,13819.1162109375,62,204,1302,215,204,0,16,26,20,0,0
1895,mild_drift,1.0,12404.6318359375,9669.8056640625,59,200,1912,157,200,0,15,24,20,0,0
1896,mild_drift,1.0,16611.041015625,6715.01806640625,91,200,2006,179,200,0,28,43,20,0,0
1897,mild_drift,1.0,16728.10546875,5984.12744140625,94,200,2367,246,200,0,39,35,20,0,0
1898,mild_drift,1.0,17199.22265625,8093.1455078125,63,200,1208,145,200,0,21,22,20,0,0
1899,mild_drift,1.0,16890.00390625,8349.1259765625,86,200,2133,181,200,0,43,23,20,0,0
1900,mild_drift,1.0,16305.5224609375,11739.755859375,84,201,2010,248,201,0,24,40,20,0,0
1901,mild_drift,1.0,14903.81640625,9330.1015625,60,200,1612,202,200,0,28,12,20,0,0
1902,mild_drift,1.0,18267.81640625,6904.45556640625,71,200,1918,199,200,0,38,13,20,0,0
1903,mild_drift,1.0,15622.5361328125,12046.158203125,51,200,2620,262,200,0,15,26,10,0,0
1904,mild_drift,1.0,16516.73046875,8490.587890625,102,200,1976,221,200,0,55,27,20,0,0
1905,mild_drift,1.0,15959.443359375,7561.6259765625,88,200,1768,203,200,0,29,39,20,0,0
1906,mild_drift,1.0,17300.1796875,9357.830078125,91,200,1594,193,200,0,30,41,20,0,0
1907,mild_drift,1.0,16030.4521484375,10581.0869140625,69,200,2195,211,200,0,16,33,20,0,0
1908,mild_drift,1.0,16578.263671875,9780.041015625,81,200,1840,211,200,0,41,20,20,0,0
1909,mild_drift,1.0,17355.3203125,4296.07958984375,109,200,1646,169,200,0,45,44,20,0,0
1910,mild_drift,1.0,14809.7490234375,11510.7724609375,92,200,3198,387,200,0,32,40,20,0,0
1911,mild_drift,1.0,17401.60546875,9631.2646484375,67,200,1956,197,200,0,34,13,20,0,0
1912,mild_drift,1.0,14902.4482421875,4144.37890625,101,200,1708,155,200,0,59,22,20,0,0
1913,mild_drift,1.0,16804.1015625,14669.8046875,45,202,2182,270,202,0,16,9,20,0,0
1914,mild_drift,1.0,17389.5,11635.8095703125,52,200,2453,209,200,0,12,20,20,0,0
1915,mild_drift,1.0,14839.810546875,11321.15234375,65,200,3235,345,200,0,31,14,20,0,0
1916,mild_drift,1.0,15452.447265625,11163.5361328125,48,200,2181,351,200,0,13,15,20,0,0
1917,mild_drift,1.0,15370.837890625,6793.39111328125,71,200,2289,229,200,0,16,35,20,0,0
1918,mild_drift,1.0,16520.1640625,8719.5263671875,102,200,1963,178,200,0,44,38,20,0,0
1919,mild_drift,1.0,16075.3212890625,8669.744140625,61,200,2295,232,200,0,16,25,20,0,0
1920,mild_drift,1.0,15338.2314453125,7131.88037109375,106,200,2185,194,200,0,76,10,20,0,0
1921,mild_drift,1.0,16291.7060546875,13494.53515625,78,203,2671,286,203,0,30,28,20,0,0
1922,mild_drift,1.0,16827.04296875,7422.42724609375,84,200,1563,171,200,0,15,49,20,0,0
1923,mild_drift,1.0,15283.8759765625,11320.43359375,62,200,2578,299,200,0,16,26,20,0,0
1924,mild_drift,1.0,15013.1044921875,7097.40185546875,78,200,1934,230,200,0,16,42,20,0,0
1925,mild_drift,1.0,15367.91796875,6298.59814453125,99,200,2338,197,200,0,61,18,20,0,0
1926,mild_drift,1.0,17377.53515625,13153.291015625,77,200,2285,267,200,0,15,42,20,0,0
1927,mild_drift,1.0,16501.2734375,10752.0205078125,62,200,2484,358,200,0,16,26,20,0,0
1928,mild_drift,1.0,15838.9619140625,7494.50927734375,68,200,2306,264,200,0,28,20,20,0,0
1929,mild_drift,1.0,15791.0361328125,4187.05810546875,74,200,1562,162,200,0,31,23,20,0,0
1930,mild_drift,1.0,14392.740234375,8461.580078125,99,200,2606,318,200,0,48,31,20,0,0
1931,mild_drift,1.0,16608.642578125,6798.15576171875,106,200,1843,209,200,0,72,14,20,0,0
1932,mild_drift,1.0,15946.974609375,10340.2548828125,58,200,2788,343,200,0,15,23,20,0,0
1933,mild_drift,1.0,15647.0595703125,9908.73828125,72,200,2508,250,200,0,24,28,20,0,0
1934,mild_drift,1.0,15475.208984375,8679.3701171875,71,200,1890,175,200,0,16,35,20,0,0
1935,mild_drift,1.0,14373.66015625,8584.59765625,117,200,2068,217,200,0,48,59,10,0,0
1936,mild_drift,1.0,17571.025390625,13947.05078125,66,200,2885,346,200,0,13,33,20,0,0
1937,mild_drift,1.0,17305.34375,14344.990234375,78,201,2587,241,201,0,30,28,20,0,0
1938,mild_drift,1.0,15644.6650390625,10366.6708984375,116,201,2261,259,201,0,54,42,20,0,0
1939,mild_drift,1.0,15851.80859375,10355.6044921875,133,200,1968,226,200,0,78,35,20,0,0
1940,mild_drift,1.0,18011.611328125,8639.9365234375,102,200,2070,248,200,0,26,56,20,0,0
1941,mild_drift,1.0,14494.0771484375,12374.203125,64,201,3268,409,201,0,29,15,20,0,0
1942,mild_drift,1.0,16546.6171875,7148.88525390625,107,200,1705,163,200,0,61,26,20,0,0
1943,mild_drift,1.0,17675.390625,11882.525390625,102,200,2953,327,200,0,46,36,20,0,0
1944,mild_drift,1.0,17822.28125,9230.61328125,91,200,2307,229,200,0,42,29,20,0,0
1945,mild_drift,1.0,15763.7099609375,5014.607421875,82,200,1546,153,200,0,28,34,20,0,0
1946,mild_drift,1.0,15027.06640625,7333.009765625,120,200,1842,208,200,0,54,46,20,0,0
1947,mild_drift,1.0,17929.763671875,13883.5859375,65,203,1401,283,203,0,31,14,20,0,0
1948,mild_drift,1.0,16029.1435546875,10673.1484375,71,200,2487,275,200,0,31,20,20,0,0
1949,mild_drift,1.0,16528.75,8522.5107421875,53,201,1857,195,201,0,11,22,20,0,0
1950,mild_drift,1.0,16401.166015625,6646.25634765625,116,200,1565,152,200,0,74,22,20,0,0
1951,mild_drift,1.0,16368.35546875,8583.6708984375,77,200,2229,261,200,0,48,9,20,0,0
1952,mild_drift,1.0,17647.734375,4255.38330078125,134,200,1349,147,200,0,81,33,20,0,0
1953,mild_drift,1.0,17625.9140625,9306.6259765625,76,200,2537,260,200,0,42,14,20,0,0
1954,mild_drift,1.0,16053.8359375,8530.8603515625,117,200,2662,260,200,0,40,57,20,0,0
1955,mild_drift,1.0,15526.75,7775.697265625,88,200,2082,202,200,0,15,53,20,0,0
1956,mild_drift,1.0,15061.8798828125,6660.1220703125,55,200,2345,199,200,0,14,21,20,0,0
1957,mild_drift,1.0,16524.34375,9682.2197265625,71,200,2117,230,200,0,38,13,20,0,0
1958,mild_drift,1.0,12495.2607421875,9752.4345703125,47,200,2277,227,200,0,21,16,10,0,0
1959,mild_drift,1.0,13798.76171875,11287.5849609375,70,200,2408,234,200,0,25,35,10,0,0
1960,mild_drift,1.0,13766.6259765625,7737.60595703125,97,200,2119,241,200,0,57,30,10,0,0
1961,mild_drift,1.0,16268.685546875,6700.49072265625,86,200,1086,126,200,0,44,22,20,0,0
1962,mild_drift,1.0,15715.33984375,9203.0234375,90,200,2217,218,200,0,29,41,20,0,0
1963,mild_drift,1.0,17043.44921875,12481.52734375,62,200,2483,274,200,0,16,26,20,0,0
1964,mild_drift,1.0,17005.955078125,14500.9638671875,63,202,1424,193,202,0,23,20,20,0,0
1965,mild_drift,1.0,17460.78125,3347.60009765625,120,200,988,132,200,0,68,32,20,0,0
1966,mild_drift,1.0,16081.970703125,11257.853515625,82,202,1892,224,202,0,32,30,20,0,0
1967,mild_drift,1.0,17157.88671875,11131.513671875,46,200,2172,267,200,0,15,11,20,0,0
1968,mild_drift,1.0,12838.33984375,9949.572265625,68,200,2315,436,200,0,42,16,10,0,0
1969,mild_drift,1.0,14274.15625,10046.89453125,60,200,2552,295,200,0,25,15,20,0,0
1970,mild_drift,1.0,15029.6796875,7092.01171875,100,200,2116,221,200,0,71,9,20,0,0
1971,mild_drift,1.0,15591.91015625,7518.44580078125,75,200,2222,252,200,0,30,25,20,0,0
1972,mild_drift,1.0,17872.140625,8936.4677734375,89,200,1736,156,200,0,43,26,20,0,0
1973,mild_drift,1.0,15949.5478515625,9424.53125,78,200,1928,205,200,0,11,47,20,0,0
1974,mild_drift,1.0,16306.9765625,10995.912109375,64,201,2744,259,201,0,27,27,10,0,0
1975,mild_drift,1.0,14873.6748046875,8747.541015625,64,200,2750,311,200,0,30,14,20,0,0
1976,mild_drift,1.0,14692.765625,9410.0966796875,99,200,2274,220,200,0,43,36,20,0,0
1977,mild_drift,1.0,17821.71484375,10355.3798828125,111,200,2366,242,200,0,77,14,20,0,0
1978,mild_drift,1.0,17077.5625,9193.75390625,99,200,2419,277,200,0,60,19,20,0,0
1979,mild_drift,1.0,15320.7587890625,9457.7744140625,98,200,1698,167,200,0,58,20,20,0,0
1980,mild_drift,1.0,15806.203125,8115.52001953125,74,200,2131,227,200,0,30,24,20,0,0
1981,mild_drift,1.0,17263.03125,11538.564453125,121,200,2468,253,200,0,76,25,20,0,0
1982,mild_drift,1.0,16299.5302734375,9657.3544921875,86,200,3195,363,200,0,29,37,20,0,0
1983,mild_drift,1.0,15251.373046875,13778.8056640625,64,202,1866,184,202,0,15,39,10,0,0
1984,mild_drift,1.0,17476.873046875,10330.0615234375,72,200,2474,287,200,0,29,23,20,0,0
1985,mild_drift,1.0,14748.619140625,6422.41943359375,91,200,1619,140,200,0,28,43,20,0,0
1986,mild_drift,1.0,17215.349609375,10268.5625,86,200,2699,290,200,0,31,35,20,0,0
1987,mild_drift,1.0,15704.7080078125,7052.265625,75,200,1319,158,200,0,32,23,20,0,0
1988,mild_drift,1.0,16781.23828125,8668.7041015625,80,200,2149,229,200,0,46,14,20,0,0
1989,mild_drift,1.0,16248.87890625,10489.5439453125,118,201,2006,234,201,0,61,37,20,0,0
1990,mild_drift,1.0,16790.9375,4281.4912109375,84,200,2269,249,200,0,30,34,20,0,0
1991,mild_drift,1.0,14907.8173828125,3889.01318359375,123,200,1222,146,200,0,43,60,20,0,0
1992,mild_drift,1.0,13573.2734375,6579.560546875,107,200,1977,198,200,0,59,28,20,0,0
1993,mild_drift,1.0,17023.248046875,7255.15283203125,70,200,1190,180,200,0,31,19,20,0,0
1994,mild_drift,1.0,16462.888671875,10643.0361328125,70,200,1649,199,200,0,29,21,20,0,0
1995,mild_drift,1.0,16771.251953125,9259.6904296875,74,200,2049,212,200,0,14,40,20,0,0
1996,mild_drift,1.0,14531.912109375,10016.2763671875,130,200,2425,281,200,0,47,63,20,0,0
1997,mild_drift,1.0,17699.25390625,7976.44873046875,140,200,1166,134,200,0,70,50,20,0,0
1998,mild_drift,1.0,15907.2119140625,8269.548828125,81,200,1917,203,200,0,47,14,20,0,0
1999,mild_drift,1.0,17388.767578125,9428.2470703125,111,200,2018,208,200,0,48,43,20,0,0
0,moderate_drift,1.0,17203.43359375,6446.0537109375,115,200,1931,162,200,0,61,34,20,0,0
1,moderate_drift,1.0,18180.017578125,11563.923828125,57,200,2508,263,200,0,15,22,20,0,0
2,moderate_drift,1.0,11626.8798828125,9039.5595703125,66,200,2554,238,200,0,30,26,10,0,0
3,moderate_drift,1.0,15153.67578125,4466.6572265625,79,200,1468,135,200,0,36,23,20,0,0
4,moderate_drift,1.0,15304.5390625,10053.38671875,80,200,2405,245,200,0,31,29,20,0,0
5,moderate_drift,1.0,17266.5625,6451.65625,89,200,1828,165,200,0,44,25,20,0,0
6,moderate_drift,1.0,17728.18359375,8087.083984375,55,200,2374,239,200,0,13,22,20,0,0
7,moderate_drift,1.0,15733.375,6758.26806640625,72,200,2111,207,200,0,14,38,20,0,0
8,moderate_drift,1.0,17398.826171875,5259.16943359375,170,200,1500,101,200,0,87,63,20,0,0
9,moderate_drift,1.0,16422.05078125,7400.15478515625,46,200,1964,174,200,0,16,10,20,0,0
10,moderate_drift,1.0,18102.896484375,15361.09765625,59,202,2215,250,202,0,14,25,20,0,0
11,moderate_drift,1.0,15327.0830078125,5653.4951171875,71,200,1194,145,200,0,28,23,20,0,0
12,moderate_drift,1.0,15252.0712890625,5123.14111328125,141,200,1830,155,200,0,72,49,20,0,0
13,moderate_drift,1.0,13705.375,7781.30224609375,74,200,2154,187,200,0,28,26,20,0,0
14,moderate_drift,1.0,15888.974609375,9480.43359375,119,200,2344,283,200,0,71,28,20,0,0
15,moderate_drift,1.0,17336.484375,6132.978515625,106,200,1200,160,200,0,39,47,20,0,0
16,moderate_drift,1.0,16248.501953125,12186.4970703125,45,202,2143,239,202,0,16,9,20,0,0
17,moderate_drift,1.0,15608.455078125,10244.056640625,67,200,2505,266,200,0,15,32,20,0,0
18,moderate_drift,1.0,17614.802734375,9433.6611328125,87,200,2060,218,200,0,44,23,20,0,0
19,moderate_drift,1.0,16623.87890625,11576.71484375,75,200,2560,248,200,0,25,30,20,0,0
20,moderate_drift,1.0,18427.8515625,8660.1064453125,71,200,2023,192,200,0,29,22,20,0,0
21,moderate_drift,1.0,17493.95703125,5692.708984375,97,200,1296,173,200,0,54,23,20,0,0
22,moderate_drift,1.0,16994.189453125,9555.2666015625,83,200,1988,243,200,0,41,22,20,0,0
23,moderate_drift,1.0,15790.65234375,7603.75048828125,99,200,2498,282,200,0,43,36,20,0,0
24,moderate_drift,1.0,17473.216796875,14515.8017578125,45,204,2549,352,204,0,16,9,20,0,0
25,moderate_drift,1.0,15740.7177734375,8316.720703125,90,200,2392,280,200,0,43,27,20,0,0
26,moderate_drift,1.0,14836.9794921875,6967.86376953125,95,200,1872,152,200,0,46,29,20,0,0
27,moderate_drift,1.0,15612.005859375,5928.4990234375,130,200,2089,173,200,0,58,52,20,0,0
28,moderate_drift,1.0,16429.65625,5150.3310546875,77,200,1038,118,200,0,35,22,20,0,0
29,moderate_drift,1.0,17026.984375,9512.6220703125,56,200,2684,334,200,0,14,22,20,0,0
30,moderate_drift,1.0,15511.365234375,6447.6572265625,74,200,2078,200,200,0,36,18,20,0,0
31,moderate_drift,1.0,16975.669921875,13256.181640625,55,201,2788,328,201,0,14,21,20,0,0
32,moderate_drift,1.0,17103.025390625,12405.8544921875,48,200,3190,342,200,0,13,15,20,0,0
33,moderate_drift,1.0,16840.408203125,4303.162109375,107,200,1398,130,200,0,21,66,20,0,0
34,moderate_drift,1.0,16374.6015625,9070.478515625,80,200,2625,364,200,0,29,31,20,0,0
35,moderate_drift,1.0,17154.5,3649.568359375,116,200,1894,132,200,0,58,38,20,0,0
36,moderate_drift,1.0,17508.30859375,9410.4755859375,109,200,2064,199,200,0,75,14,20,0,0
37,moderate_drift,1.0,14167.337890625,6681.41552734375,97,200,2195,242,200,0,63,14,20,0,0
38,moderate_drift,1.0,14313.7490234375,9109.3359375,78,200,2163,203,200,0,38,30,10,0,0
39,moderate_drift,1.0,17030.447265625,8393.697265625,70,200,2488,278,200,0,29,21,20,0,0
40,moderate_drift,1.0,14346.552734375,9295.3203125,107,200,2246,212,200,0,34,53,20,0,0
41,moderate_drift,1.0,16489.421875,6145.29541015625,131,200,1664,186,200,0,102,9,20,0,0
42,moderate_drift,1.0,16444.95703125,5664.771484375,121,200,1784,248,200,0,91,10,20,0,0
43,moderate_drift,1.0,16027.6513671875,8099.72607421875,71,200,2211,244,200,0,16,35,20,0,0
44,moderate_drift,1.0,19824.83984375,8775.826171875,65,200,1609,190,200,0,27,18,20,0,0
45,moderate_drift,1.0,16135.4794921875,12478.4501953125,76,201,2522,264,201,0,30,26,20,0,0
46,moderate_drift,1.0,17620.830078125,12407.2294921875,52,205,2659,439,205,0,13,19,20,0,0
47,moderate_drift,1.0,16153.3935546875,3733.082275390625,76,200,1270,139,200,0,11,45,20,0,0
48,moderate_drift,1.0,18024.46484375,8150.6005859375,106,200,1847,180,200,0,53,33,20,0,0
49,moderate_drift,1.0,18784.75,13326.7607421875,58,201,2677,310,201,0,28,10,20,0,0
50,moderate_drift,1.0,16945.72265625,12575.38671875,70,200,2823,333,200,0,15,35,20,0,0
51,moderate_drift,1.0,17871.1875,13192.818359375,78,201,2106,243,201,0,24,34,20,0,0
52,moderate_drift,1.0,16053.4326171875,3094.159912109375,140,200,2121,227,200,0,110,10,20,0,0
53,moderate_drift,1.0,14944.8974609375,8978.2626953125,82,200,2053,233,200,0,30,32,20,0,0
54,moderate_drift,1.0,15970.6572265625,5375.349609375,85,200,1909,178,200,0,43,22,20,0,0
55,moderate_drift,1.0,16322.5791015625,7730.30712890625,69,200,1770,192,200,0,38,11,20,0,0
56,moderate_drift,1.0,16662.21484375,7122.71484375,86,200,2448,218,200,0,44,22,20,0,0
57,moderate_drift,1.0,15420.9921875,11279.525390625,65,201,2946,316,201,0,31,14,20,0,0
58,moderate_drift,1.0,17874.37890625,10004.810546875,112,200,2663,314,200,0,42,50,20,0,0
59,moderate_drift,1.0,15171.4970703125,5428.59716796875,100,200,1367,168,200,0,27,53,20,0,0
60,moderate_drift,1.0,16690.26953125,11772.73828125,91,201,3139,342,201,0,31,40,20,0,0
61,moderate_drift,1.0,16915.431640625,10992.1591796875,96,200,3044,302,200,0,16,60,20,0,0
62,moderate_drift,1.0,16395.189453125,11800.4072265625,61,203,2311,286,203,0,32,9,20,0,0
63,moderate_drift,1.0,16580.841796875,12467.9775390625,75,200,2940,341,200,0,28,27,20,0,0
64,moderate_drift,1.0,16264.4365234375,10062.7001953125,99,200,2720,364,200,0,43,36,20,0,0
65,moderate_drift,1.0,16942.857421875,6827.37060546875,96,200,1702,193,200,0,46,30,20,0,0
66,moderate_drift,1.0,16819.173828125,11478.9599609375,70,200,3393,408,200,0,16,34,20,0,0
67,moderate_drift,1.0,17806.375,13766.8369140625,71,213,1712,326,213,0,16,35,20,0,0
68,moderate_drift,1.0,17144.98828125,13812.609375,59,201,3473,430,201,0,12,27,20,0,0
69,moderate_drift,1.0,16848.814453125,11260.7734375,101,200,1670,199,200,0,58,23,20,0,0
70,moderate_drift,1.0,15783.244140625,9425.2724609375,86,200,2087,233,200,0,14,52,20,0,0
71,moderate_drift,1.0,13772.8193359375,7306.3642578125,139,200,1856,191,200,0,78,41,20,0,0
72,moderate_drift,1.0,16813.103515625,8661.748046875,69,200,2180,235,200,0,15,34,20,0,0
73,moderate_drift,1.0,17157.23828125,10735.533203125,50,200,1967,238,200,0,12,18,20,0,0
74,moderate_drift,1.0,15963.57421875,9534.6064453125,78,200,2345,249,200,0,30,28,20,0,0
75,moderate_drift,1.0,16904.87890625,11114.15625,95,201,2385,318,201,0,30,45,20,0,0
76,moderate_drift,1.0,15272.0146484375,7344.45849609375,100,200,2046,225,200,0,57,23,20,0,0
77,moderate_drift,1.0,18037.435546875,11201.5537109375,82,200,2983,354,200,0,28,34,20,0,0
78,moderate_drift,1.0,15933.263671875,4884.16064453125,99,200,1525,155,200,0,57,22,20,0,0
79,moderate_drift,1.0,15468.451171875,9939.8623046875,78,202,2823,298,202,0,25,33,20,0,0
80,moderate_drift,1.0,16268.2607421875,13258.3037109375,58,202,1689,241,202,0,29,9,20,0,0
81,moderate_drift,1.0,17474.3125,12157.7236328125,85,200,2676,278,200,0,29,36,20,0,0
82,moderate_drift,1.0,15026.8896484375,8641.25,72,200,2221,249,200,0,27,25,20,0,0
83,moderate_drift,1.0,16323.111328125,12113.1435546875,81,201,2428,250,201,0,47,14,20,0,0
84,moderate_drift,1.0,17203.7578125,12510.9541015625,89,202,2663,305,202,0,29,40,20,0,0
85,moderate_drift,1.0,16024.0576171875,9229.876953125,101,200,2811,324,200,0,25,56,20,0,0
86,moderate_drift,1.0,14824.2421875,4138.09033203125,103,200,1560,177,200,0,74,9,20,0,0
87,moderate_drift,1.0,14609.900390625,9878.6044921875,78,201,1828,206,201,0,15,43,20,0,0
88,moderate_drift,1.0,16738.919921875,5797.10498046875,104,200,1509,129,200,0,62,22,20,0,0
89,moderate_drift,1.0,16877.00390625,9896.3203125,55,200,2248,279,200,0,14,21,20,0,0
90,moderate_drift,1.0,15533.375,8401.4501953125,63,200,2645,247,200,0,29,14,20,0,0
91,moderate_drift,1.0,15372.701171875,12353.2373046875,89,200,2903,392,200,0,54,15,20,0,0
92,moderate_drift,1.0,13072.685546875,7800.5654296875,64,200,2148,222,200,0,15,29,20,0,0
93,moderate_drift,1.0,16562.677734375,10720.603515625,90,201,2984,361,201,0,13,57,20,0,0
94,moderate_drift,1.0,17874.5078125,9983.9609375,79,200,2215,208,200,0,31,28,20,0,0
95,moderate_drift,1.0,16745.32421875,6390.95947265625,80,200,1619,159,200,0,31,29,20,0,0
96,moderate_drift,1.0,16815.015625,9470.32421875,82,200,2343,249,200,0,15,47,20,0,0
97,moderate_drift,1.0,16794.650390625,10930.263671875,75,200,2257,251,200,0,31,24,20,0,0
98,moderate_drift,1.0,15158.6162109375,8646.4658203125,75,201,2822,324,201,0,30,25,20,0,0
99,moderate_drift,1.0,15926.05859375,6563.22509765625,83,200,1651,188,200,0,29,34,20,0,0
100,moderate_drift,1.0,17493.427734375,4780.806640625,92,200,1034,135,200,0,50,22,20,0,0
101,moderate_drift,1.0,15640.7890625,10626.8515625,101,200,2297,257,200,0,72,9,20,0,0
102,moderate_drift,1.0,17134.451171875,6688.900390625,126,200,1946,172,200,0,46,60,20,0,0
103,moderate_drift,1.0,16897.650390625,5188.53173828125,62,200,1615,144,200,0,24,18,20,0,0
104,moderate_drift,1.0,16934.1328125,10950.798828125,93,200,1820,195,200,0,40,33,20,0,0
105,moderate_drift,1.0,17417.900390625,10539.2431640625,94,200,2338,207,200,0,44,30,20,0,0
106,moderate_drift,1.0,15252.5693359375,14693.7099609375,74,207,1531,292,207,0,41,13,20,0,0
107,moderate_drift,1.0,17172.42578125,14016.810546875,62,204,1855,246,204,0,16,26,20,0,0
108,moderate_drift,1.0,16483.84375,4248.6845703125,96,200,1469,161,200,0,63,13,20,0,0
109,moderate_drift,0.8,14059.8291015625,12761.9306640625,87,201,3062,382,201,0,47,30,10,0,0
110,moderate_drift,1.0,15688.8876953125,9890.46875,61,200,1379,170,200,0,29,12,20,0,0
111,moderate_drift,1.0,15812.37890625,8976.986328125,101,200,2294,270,200,0,53,28,20,0,0
112,moderate_drift,1.0,17214.9296875,6964.11474609375,94,200,1868,205,200,0,30,44,20,0,0
113,moderate_drift,1.0,13297.2861328125,11797.9541015625,51,200,2408,269,200,0,15,26,10,0,0
114,moderate_drift,1.0,16813.677734375,9340.037109375,52,200,2467,257,200,0,12,20,20,0,0
115,moderate_drift,1.0,15837.7451171875,8275.3828125,76,201,2286,260,201,0,43,13,20,0,0
116,moderate_drift,1.0,14677.5068359375,4644.19970703125,106,200,1273,154,200,0,30,56,20,0,0
117,moderate_drift,1.0,16992.80859375,8929.470703125,69,200,2266,259,200,0,28,21,20,0,0
118,moderate_drift,1.0,16215.451171875,2810.285888671875,104,200,1367,149,200,0,28,56,20,0,0
119,moderate_drift,1.0,15668.970703125,6820.17724609375,92,200,1917,186,200,0,43,29,20,0,0
120,moderate_drift,1.0,18108.7578125,11548.078125,86,200,2205,214,200,0,47,19,20,0,0
121,moderate_drift,1.0,16468.291015625,7711.64794921875,85,200,2337,229,200,0,44,21,20,0,0
122,moderate_drift,1.0,15878.2626953125,8203.208984375,93,200,2546,314,200,0,48,25,20,0,0
123,moderate_drift,1.0,17142.19140625,4443.8447265625,70,200,774,73,200,0,11,39,20,0,0
124,moderate_drift,1.0,16942.625,11606.64453125,90,201,1333,150,201,0,46,24,20,0,0
125,moderate_drift,1.0,16736.876953125,7579.21435546875,106,200,2455,270,200,0,61,25,20,0,0
126,moderate_drift,1.0,16467.296875,9274.689453125,89,200,2518,253,200,0,47,22,20,0,0
127,moderate_drift,1.0,17874.66015625,6679.59814453125,115,200,1042,130,200,0,73,22,20,0,0
128,moderate_drift,1.0,16124.8251953125,8570.26953125,108,200,2330,222,200,0,41,47,20,0,0
129,moderate_drift,1.0,15174.3837890625,9095.052734375,110,200,1889,171,200,0,55,35,20,0,0
130,moderate_drift,1.0,18472.412109375,13553.0947265625,108,201,2304,246,201,0,60,28,20,0,0
131,moderate_drift,1.0,15139.669921875,3843.079345703125,113,200,1256,121,200,0,70,23,20,0,0
132,moderate_drift,1.0,16788.966796875,6827.08251953125,63,200,1782,157,200,0,14,29,20,0,0
133,moderate_drift,1.0,17645.41015625,10770.3828125,61,200,1846,243,200,0,29,12,20,0,0
134,moderate_drift,1.0,16831.380859375,7014.35400390625,99,200,1323,177,200,0,54,25,20,0,0
135,moderate_drift,1.0,16657.287109375,13963.951171875,86,215,2428,480,215,0,57,9,20,0,0
136,moderate_drift,1.0,17636.0234375,15425.26171875,73,202,2073,283,202,0,15,38,20,0,0
137,moderate_drift,1.0,17159.52734375,11969.373046875,60,201,1446,172,201,0,12,28,20,0,0
138,moderate_drift,1.0,15995.1728515625,10521.2568359375,150,200,3149,334,200,0,76,54,20,0,0
139,moderate_drift,1.0,17529.59765625,4844.1923828125,104,200,1453,140,200,0,62,22,20,0,0
140,moderate_drift,1.0,16416.392578125,9191.8642578125,100,200,2649,234,200,0,41,39,20,0,0
141,moderate_drift,1.0,17433.083984375,10486.189453125,104,200,2700,306,200,0,61,23,20,0,0
142,moderate_drift,1.0,15254.8330078125,6357.26953125,114,200,1775,134,200,0,45,49,20,0,0
143,moderate_drift,1.0,15555.501953125,6906.41796875,66,200,1814,160,200,0,24,22,20,0,0
144,moderate_drift,1.0,17647.291015625,5105.298828125,91,200,1130,133,200,0,49,22,20,0,0
145,moderate_drift,1.0,16877.3671875,9032.322265625,70,202,2191,227,202,0,15,35,20,0,0
146,moderate_drift,1.0,16244.23046875,10178.833984375,78,200,2711,319,200,0,28,30,20,0,0
147,moderate_drift,1.0,16211.5869140625,7130.94873046875,82,200,2144,193,200,0,40,22,20,0,0
148,moderate_drift,1.0,15505.18359375,7511.72900390625,108,200,1894,210,200,0,39,49,20,0,0
149,moderate_drift,1.0,18310.287109375,4685.85595703125,79,200,984,127,200,0,27,32,20,0,0
150,moderate_drift,1.0,17196.98046875,11528.9365234375,76,200,1878,236,200,0,30,26,20,0,0
151,moderate_drift,1.0,17280.6875,8080.7197265625,62,200,2435,275,200,0,29,13,20,0,0
152,moderate_drift,0.8,15507.5576171875,9970.482421875,114,200,1782,254,200,0,75,19,20,0,0
153,moderate_drift,1.0,16347.4521484375,6035.41943359375,90,200,1937,228,200,0,56,14,20,0,0
154,moderate_drift,0.8,14073.9873046875,12834.69140625,52,201,3374,497,201,0,26,16,10,0,0
155,moderate_drift,1.0,17644.67578125,8892.556640625,103,200,2012,253,200,0,42,41,20,0,0
156,moderate_drift,1.0,15228.009765625,6849.86328125,89,200,1956,153,200,0,45,24,20,0,0
157,moderate_drift,1.0,14078.77734375,9358.552734375,80,201,1974,221,201,0,14,46,20,0,0
158,moderate_drift,1.0,15953.5556640625,6091.03857421875,112,200,1536,123,200,0,79,13,20,0,0
159,moderate_drift,1.0,14092.0888671875,7796.44287109375,73,200,1881,249,200,0,16,47,10,0,0
160,moderate_drift,1.0,17948.79296875,9284.7734375,108,200,2145,244,200,0,47,41,20,0,0
161,moderate_drift,1.0,15710.0615234375,8452.3125,87,200,2482,282,200,0,16,51,20,0,0
162,moderate_drift,1.0,14962.0380859375,5979.03759765625,100,200,1785,171,200,0,30,50,20,0,0
163,moderate_drift,1.0,15429.4833984375,10292.4755859375,102,201,3270,430,201,0,32,50,20,0,0
164,moderate_drift,1.0,16460.890625,5941.90234375,125,200,1683,170,200,0,96,9,20,0,0
165,moderate_drift,1.0,16306.6982421875,4412.669921875,71,200,1469,119,200,0,28,23,20,0,0
166,moderate_drift,1.0,15697.765625,11118.6884765625,77,201,2998,342,201,0,47,10,20,0,0
167,moderate_drift,1.0,17140.865234375,4853.8056640625,105,200,1717,145,200,0,59,26,20,0,0
168,moderate_drift,1.0,14841.9296875,12921.357421875,49,201,2149,241,201,0,15,14,20,0,0
169,moderate_drift,1.0,16487.69140625,9717.228515625,95,200,1687,190,200,0,42,33,20,0,0
170,moderate_drift,1.0,16253.078125,9073.060546875,82,200,2465,238,200,0,42,20,20,0,0
171,moderate_drift,1.0,16309.6376953125,8975.8515625,89,200,2189,311,200,0,55,14,20,0,0
172,moderate_drift,1.0,16692.14453125,13129.2138671875,52,201,3040,316,201,0,12,20,20,0,0
173,moderate_drift,1.0,17223.349609375,10503.724609375,95,200,2032,223,200,0,40,35,20,0,0
174,moderate_drift,1.0,15897.89453125,8608.28125,69,201,2110,221,201,0,31,18,20,0,0
175,moderate_drift,1.0,16105.333984375,9283.294921875,60,201,2706,308,201,0,30,10,20,0,0
176,moderate_drift,1.0,16079.8681640625,7897.67724609375,60,200,2154,240,200,0,27,13,20,0,0
177,moderate_drift,1.0,16680.1796875,8108.0185546875,89,200,2381,270,200,0,27,42,20,0,0
178,moderate_drift,1.0,15900.94921875,7376.1396484375,89,200,2386,236,200,0,47,22,20,0,0
179,moderate_drift,1.0,14901.4775390625,13634.3154296875,69,202,2669,308,202,0,16,43,10,0,0
180,moderate_drift,1.0,15000.6025390625,4252.1748046875,98,200,1454,164,200,0,41,37,20,0,0
181,moderate_drift,1.0,15105.8056640625,8044.421875,95,200,2181,212,200,0,30,45,20,0,0
182,moderate_drift,1.0,14121.7529296875,6879.59228515625,72,200,2425,231,200,0,30,22,20,0,0
183,moderate_drift,1.0,14329.28515625,9084.9873046875,59,201,1916,247,201,0,14,25,20,0,0
184,moderate_drift,1.0,17570.32421875,10926.21484375,73,200,2192,236,200,0,30,23,20,0,0
185,moderate_drift,1.0,16194.255859375,4920.04150390625,98,200,1763,185,200,0,30,48,20,0,0
186,moderate_drift,1.0,16875.140625,10859.427734375,101,200,1475,176,200,0,57,24,20,0,0
187,moderate_drift,1.0,16851.39453125,9068.8515625,76,200,2695,278,200,0,31,25,20,0,0
188,moderate_drift,1.0,15545.1201171875,6172.17724609375,63,200,1648,158,200,0,14,29,20,0,0
189,moderate_drift,1.0,13615.94140625,9868.6416015625,63,200,1769,196,200,0,37,16,10,0,0
190,moderate_drift,1.0,16501.32421875,7985.890625,93,200,2659,287,200,0,48,25,20,0,0
191,moderate_drift,1.0,15776.11328125,8187.322265625,61,200,2187,185,200,0,16,25,20,0,0
192,moderate_drift,1.0,15597.4287109375,8257.99609375,83,201,2337,247,201,0,25,38,20,0,0
193,moderate_drift,1.0,14215.8779296875,10365.2978515625,77,201,2417,302,201,0,29,28,20,0,0
194,moderate_drift,1.0,15452.7783203125,8653.71875,103,200,1829,200,200,0,62,21,20,0,0
195,moderate_drift,1.0,17151.271484375,6453.92724609375,86,200,2507,232,200,0,32,34,20,0,0
196,moderate_drift,1.0,16894.544921875,9801.0390625,71,200,2453,302,200,0,25,26,20,0,0
197,moderate_drift,1.0,15523.8388671875,9042.3271484375,96,200,2932,322,200,0,38,38,20,0,0
198,moderate_drift,1.0,17009.9765625,13155.470703125,77,203,3042,364,203,0,31,26,20,0,0
199,moderate_drift,1.0,16391.75390625,7731.08447265625,127,200,1765,222,200,0,44,63,20,0,0
200,moderate_drift,1.0,16333.68359375,6804.16845703125,94,200,2282,244,200,0,31,43,20,0,0
201,moderate_drift,1.0,15569.6806640625,6110.36181640625,90,200,1600,159,200,0,39,31,20,0,0
202,moderate_drift,1.0,16481.34375,8012.3466796875,92,200,1993,217,200,0,30,42,20,0,0
203,moderate_drift,1.0,15693.552734375,8149.7060546875,106,200,1984,217,200,0,54,32,20,0,0
204,moderate_drift,1.0,14657.0986328125,9984.2529296875,93,200,2336,294,200,0,25,48,20,0,0
205,moderate_drift,1.0,15412.4609375,9196.8984375,80,200,2302,261,200,0,27,33,20,0,0
206,moderate_drift,1.0,16811.755859375,8195.5009765625,135,200,1422,155,200,0,53,62,20,0,0
207,moderate_drift,0.9,15796.302734375,10331.2197265625,82,200,3290,389,200,0,32,30,20,0,0
208,moderate_drift,1.0,16360.107421875,7997.75927734375,118,200,1784,157,200,0,64,34,20,0,0
209,moderate_drift,1.0,17108.4765625,6994.80908203125,88,200,2086,215,200,0,43,25,20,0,0
210,moderate_drift,1.0,14460.833984375,7847.31005859375,70,200,1829,189,200,0,30,30,10,0,0
211,moderate_drift,1.0,16336.703125,11157.37109375,58,201,1641,190,201,0,13,25,20,0,0
212,moderate_drift,1.0,12700.904296875,6927.65673828125,78,200,2116,186,200,0,42,26,10,0,0
213,moderate_drift,1.0,13968.04296875,8392.546875,76,200,2456,289,200,0,28,28,20,0,0
214,moderate_drift,1.0,15254.2060546875,5194.3720703125,109,200,1308,127,200,0,46,43,20,0,0
215,moderate_drift,1.0,17474.78515625,4326.06884765625,113,200,919,139,200,0,59,34,20,0,0
216,moderate_drift,1.0,16039.5634765625,11541.595703125,64,200,1689,274,200,0,26,18,20,0,0
217,moderate_drift,1.0,16411.728515625,10704.6650390625,90,201,2009,220,201,0,8,62,20,0,0
218,moderate_drift,1.0,17946.19140625,8702.171875,73,200,1683,164,200,0,41,12,20,0,0
219,moderate_drift,1.0,17480.76171875,14549.8193359375,46,201,2800,313,201,0,15,11,20,0,0
220,moderate_drift,1.0,16741.93359375,12838.9599609375,75,200,2966,397,200,0,15,40,20,0,0
221,moderate_drift,1.0,15707.08984375,6113.322265625,101,200,1371,167,200,0,28,53,20,0,0
222,moderate_drift,1.0,15098.447265625,11301.0,76,201,2518,283,201,0,32,24,20,0,0
223,moderate_drift,1.0,16966.6015625,8464.685546875,88,200,2534,269,200,0,27,41,20,0,0
224,moderate_drift,1.0,15213.900390625,8713.1650390625,91,200,1492,166,200,0,48,23,20,0,0
225,moderate_drift,1.0,17646.251953125,11268.990234375,86,200,2731,372,200,0,30,36,20,0,0
226,moderate_drift,1.0,16928.421875,4501.16259765625,108,200,1259,148,200,0,21,67,20,0,0
227,moderate_drift,1.0,17803.625,9774.6669921875,116,200,1985,227,200,0,61,35,20,0,0
228,moderate_drift,1.0,16775.45703125,5874.7802734375,101,200,1509,140,200,0,33,48,20,0,0
229,moderate_drift,1.0,16586.3125,5921.55712890625,89,200,2034,165,200,0,26,43,20,0,0
230,moderate_drift,1.0,16029.0791015625,8483.9150390625,81,200,2091,220,200,0,47,14,20,0,0
231,moderate_drift,1.0,15156.7119140625,7734.28564453125,81,200,1702,182,200,0,24,37,20,0,0
232,moderate_drift,1.0,13083.623046875,12260.1142578125,46,201,2173,187,201,0,15,11,20,0,0
233,moderate_drift,1.0,15908.51171875,9475.35546875,115,200,2894,326,200,0,47,48,20,0,0
234,moderate_drift,1.0,16649.607421875,8844.9912109375,63,200,1417,178,200,0,29,14,20,0,0
235,moderate_drift,1.0,16395.072265625,7525.59326171875,102,200,2077,178,200,0,60,22,20,0,0
236,moderate_drift,1.0,17837.38671875,12035.2578125,74,200,2693,311,200,0,30,24,20,0,0
237,moderate_drift,1.0,16444.32421875,4290.0458984375,158,200,822,103,200,0,117,21,20,0,0
238,moderate_drift,1.0,16419.3125,8574.08203125,84,200,1920,177,200,0,41,23,20,0,0
239,moderate_drift,1.0,17399.712890625,11117.677734375,78,200,2533,281,200,0,45,13,20,0,0
240,moderate_drift,1.0,16741.0234375,14653.5966796875,59,203,2031,234,203,0,30,9,20,0,0
241,moderate_drift,1.0,14123.3583984375,4845.5400390625,64,200,1234,126,200,0,21,23,20,0,0
242,moderate_drift,1.0,14088.8955078125,11271.69921875,77,201,2942,388,201,0,43,14,20,0,0
243,moderate_drift,1.0,16656.65625,10088.775390625,77,200,2565,234,200,0,44,13,20,0,0
244,moderate_drift,1.0,14242.5166015625,13896.380859375,48,202,1856,233,202,0,13,15,20,0,0
245,moderate_drift,1.0,13970.62109375,7211.06884765625,86,201,1773,167,201,0,46,30,10,0,0
246,moderate_drift,1.0,17525.412109375,13053.5732421875,63,202,1001,175,202,0,29,14,20,0,0
247,moderate_drift,1.0,16328.41015625,7368.72998046875,99,200,2183,208,200,0,57,22,20,0,0
248,moderate_drift,1.0,16379.4580078125,6955.0537109375,70,200,1135,151,200,0,31,19,20,0,0
249,moderate_drift,1.0,17045.49609375,11336.205078125,81,201,2383,270,201,0,41,20,20,0,0
250,moderate_drift,1.0,16021.4140625,9513.6904296875,53,201,2124,247,201,0,11,22,20,0,0
251,moderate_drift,1.0,17371.4296875,7673.5859375,102,200,1700,205,200,0,58,24,20,0,0
252,moderate_drift,1.0,17001.71875,9960.16015625,90,200,2011,180,200,0,57,13,20,0,0
253,moderate_drift,1.0,18542.337890625,6638.4111328125,120,200,1434,175,200,0,70,30,20,0,0
254,moderate_drift,1.0,17223.5703125,6578.53759765625,72,200,2253,215,200,0,43,9,20,0,0
255,moderate_drift,1.0,17320.65234375,8462.720703125,82,200,1629,184,200,0,32,30,20,0,0
256,moderate_drift,1.0,17669.1640625,8454.939453125,76,200,2118,182,200,0,44,12,20,0,0
257,moderate_drift,1.0,15814.4609375,9626.6533203125,71,200,2570,226,200,0,37,14,20,0,0
258,moderate_drift,1.0,14868.892578125,6715.376953125,109,200,2408,227,200,0,64,25,20,0,0
259,moderate_drift,1.0,17078.5546875,7677.28515625,86,200,1896,218,200,0,10,56,20,0,0
260,moderate_drift,1.0,18072.9140625,7316.8896484375,135,200,2194,247,200,0,82,33,20,0,0
261,moderate_drift,1.0,16487.646484375,4922.50830078125,96,200,1179,135,200,0,39,37,20,0,0
262,moderate_drift,1.0,16507.08203125,13617.98828125,46,202,1245,196,202,0,13,13,20,0,0
263,moderate_drift,1.0,18037.974609375,6328.5830078125,97,200,1460,160,200,0,41,36,20,0,0
264,moderate_drift,1.0,16256.119140625,6201.24951171875,77,200,2277,198,200,0,47,10,20,0,0
265,moderate_drift,1.0,18622.6640625,8962.7275390625,91,200,1531,172,200,0,27,44,20,0,0
266,moderate_drift,1.0,15063.78125,8545.82421875,108,200,2422,246,200,0,74,14,20,0,0
267,moderate_drift,1.0,16757.890625,13011.978515625,52,201,1588,181,201,0,10,22,20,0,0
268,moderate_drift,1.0,16229.4521484375,9577.3984375,156,200,2558,258,200,0,109,27,20,0,0
269,moderate_drift,1.0,15886.791015625,3866.31005859375,95,200,1462,146,200,0,45,30,20,0,0
270,moderate_drift,1.0,16316.3330078125,7018.7294921875,92,200,1540,154,200,0,49,23,20,0,0
271,moderate_drift,1.0,16552.52734375,13657.4970703125,110,205,2992,366,205,0,16,74,20,0,0
272,moderate_drift,1.0,17556.224609375,7328.95556640625,58,200,1494,152,200,0,28,10,20,0,0
273,moderate_drift,1.0,14722.37890625,10774.0859375,89,200,2468,278,200,0,16,53,20,0,0
274,moderate_drift,1.0,17805.244140625,5475.3203125,79,200,976,114,200,0,25,34,20,0,0
275,moderate_drift,1.0,15232.130859375,13317.47265625,76,201,2400,251,201,0,36,20,20,0,0
276,moderate_drift,1.0,15059.03125,8160.46484375,72,200,1959,216,200,0,10,42,20,0,0
277,moderate_drift,1.0,17666.6796875,7223.17822265625,61,200,1605,188,200,0,31,10,20,0,0
278,moderate_drift,1.0,15460.037109375,13024.861328125,45,202,1946,273,202,0,16,9,20,0,0
279,moderate_drift,1.0,13594.5380859375,8333.662109375,81,200,2786,341,200,0,16,45,20,0,0
280,moderate_drift,1.0,17858.35546875,9919.0146484375,46,202,1714,202,202,0,13,13,20,0,0
281,moderate_drift,1.0,16474.390625,6511.421875,91,200,2227,185,200,0,46,25,20,0,0
282,moderate_drift,1.0,15183.6328125,9529.3984375,63,201,2209,231,201,0,29,14,20,0,0
283,moderate_drift,1.0,15295.232421875,10177.009765625,107,200,2378,281,200,0,61,26,20,0,0
284,moderate_drift,1.0,17871.01953125,6028.9970703125,90,200,1068,132,200,0,48,22,20,0,0
285,moderate_drift,1.0,15177.779296875,10977.18359375,135,201,1973,209,201,0,42,83,10,0,0
286,moderate_drift,1.0,17963.439453125,12447.17578125,99,201,2165,199,201,0,57,22,20,0,0
287,moderate_drift,1.0,12476.1728515625,9207.951171875,58,200,2464,299,200,0,11,37,10,0,0
288,moderate_drift,1.0,17840.90625,7692.7958984375,84,200,2132,207,200,0,41,23,20,0,0
289,moderate_drift,1.0,17036.888671875,5820.90625,99,200,1745,144,200,0,29,50,20,0,0
290,moderate_drift,1.0,17568.669921875,8897.837890625,60,201,1854,200,201,0,19,21,20,0,0
291,moderate_drift,1.0,16568.576171875,8385.501953125,78,200,1763,207,200,0,29,29,20,0,0
292,moderate_drift,1.0,18224.748046875,7549.00390625,97,200,1590,163,200,0,63,14,20,0,0
293,moderate_drift,1.0,16268.927734375,7549.46240234375,102,200,1211,170,200,0,34,48,20,0,0
294,moderate_drift,1.0,15291.71875,8867.4287109375,86,200,1597,188,200,0,42,24,20,0,0
295,moderate_drift,1.0,16093.2021484375,9612.794921875,93,200,1756,189,200,0,31,42,20,0,0
296,moderate_drift,0.9,15763.470703125,13227.087890625,60,204,3252,419,204,0,25,15,20,0,0
297,moderate_drift,1.0,15121.455078125,11094.912109375,83,200,2577,231,200,0,31,42,10,0,0
298,moderate_drift,1.0,16060.6337890625,7753.09521484375,83,200,1622,160,200,0,42,21,20,0,0
299,moderate_drift,1.0,16239.2666015625,8338.451171875,88,200,2043,200,200,0,37,31,20,0,0
300,moderate_drift,1.0,16014.0302734375,7864.76806640625,75,200,2824,340,200,0,30,25,20,0,0
301,moderate_drift,1.0,11368.0322265625,11368.0322265625,36,200,2200,229,200,0,10,16,10,0,0
302,moderate_drift,1.0,16340.349609375,11777.7978515625,74,201,2066,203,201,0,27,27,20,0,0
303,moderate_drift,1.0,16622.265625,12935.0849609375,64,200,2803,257,200,0,14,30,20,0,0
304,moderate_drift,1.0,15585.369140625,13400.1259765625,85,202,2825,355,202,0,41,24,20,0,0
305,moderate_drift,1.0,15616.42578125,9047.4052734375,72,200,2134,208,200,0,27,25,20,0,0
306,moderate_drift,1.0,15599.73046875,3933.752197265625,104,200,980,121,200,0,55,29,20,0,0
307,moderate_drift,1.0,14408.44140625,7492.37841796875,54,200,2026,239,200,0,13,21,20,0,0
308,moderate_drift,1.0,17608.009765625,13150.7958984375,100,201,2187,243,201,0,46,34,20,0,0
309,moderate_drift,1.0,15498.58203125,9610.30078125,101,200,1895,174,200,0,72,9,20,0,0
310,moderate_drift,1.0,16666.2109375,5509.2001953125,95,200,1153,134,200,0,55,20,20,0,0
311,moderate_drift,1.0,16997.419921875,4577.9765625,71,200,1512,122,200,0,28,23,20,0,0
312,moderate_drift,1.0,16928.708984375,13811.826171875,55,201,2363,249,201,0,26,9,20,0,0
313,moderate_drift,1.0,17578.64453125,10257.474609375,107,200,1451,135,200,0,58,29,20,0,0
314,moderate_drift,1.0,18046.634765625,10419.974609375,135,200,1196,179,200,0,76,39,20,0,0
315,moderate_drift,1.0,16903.630859375,8678.462890625,63,201,2497,291,201,0,10,33,20,0,0
316,moderate_drift,1.0,15136.8212890625,8662.40625,94,200,1635,147,200,0,43,41,10,0,0
317,moderate_drift,1.0,15484.4951171875,7110.47900390625,85,200,1943,194,200,0,43,22,20,0,0
318,moderate_drift,1.0,17019.640625,10003.08203125,70,201,2499,291,201,0,16,34,20,0,0
319,moderate_drift,1.0,13966.6826171875,7007.79931640625,99,200,1774,234,200,0,66,13,20,0,0
320,moderate_drift,1.0,14916.5341796875,12569.44921875,60,200,2676,346,200,0,28,12,20,0,0
321,moderate_drift,1.0,15458.673828125,6948.509765625,112,200,2113,220,200,0,59,33,20,0,0
322,moderate_drift,1.0,15764.7451171875,11838.8623046875,76,200,2515,261,200,0,44,12,20,0,0
323,moderate_drift,1.0,14917.609375,8865.1826171875,67,200,2110,197,200,0,26,21,20,0,0
324,moderate_drift,1.0,14001.80859375,8077.42236328125,104,201,2875,313,201,0,70,14,20,0,0
325,moderate_drift,1.0,14780.9755859375,5324.88232421875,98,200,1711,141,200,0,39,39,20,0,0
326,moderate_drift,1.0,15314.4609375,9558.7763671875,101,200,2274,221,200,0,70,11,20,0,0
327,moderate_drift,1.0,14602.45703125,12634.3798828125,46,201,2577,264,201,0,15,11,20,0,0
328,moderate_drift,1.0,16026.0283203125,7466.8837890625,88,200,1989,200,200,0,29,39,20,0,0
329,moderate_drift,1.0,16256.845703125,8382.36328125,71,200,2105,257,200,0,26,25,20,0,0
330,moderate_drift,1.0,16736.91015625,7506.9638671875,60,200,2108,195,200,0,26,14,20,0,0
331,moderate_drift,1.0,16746.462890625,9864.783203125,64,200,2411,296,200,0,30,14,20,0,0
332,moderate_drift,1.0,17098.44921875,10109.5283203125,112,200,2899,268,200,0,31,61,20,0,0
333,moderate_drift,1.0,16147.9287109375,6265.22998046875,99,200,1841,165,200,0,61,18,20,0,0
334,moderate_drift,1.0,15183.9111328125,6865.77197265625,105,200,2061,238,200,0,63,22,20,0,0
335,moderate_drift,1.0,17211.826171875,11028.125,75,202,2283,271,202,0,30,25,20,0,0
336,moderate_drift,1.0,15754.515625,8902.59375,75,202,2492,311,202,0,30,25,20,0,0
337,moderate_drift,1.0,16974.705078125,6951.408203125,68,200,1760,174,200,0,25,23,20,0,0
338,moderate_drift,1.0,18113.212890625,11656.2392578125,85,200,1550,200,200,0,55,10,20,0,0
339,moderate_drift,1.0,16105.7783203125,5991.1240234375,78,200,1250,149,200,0,38,20,20,0,0
340,moderate_drift,1.0,15755.1845703125,10553.4775390625,57,201,2143,262,201,0,16,21,20,0,0
341,moderate_drift,1.0,16935.484375,5490.00634765625,50,200,1517,167,200,0,10,20,20,0,0
342,moderate_drift,1.0,12044.0390625,7471.0419921875,65,200,1624,173,200,0,27,28,10,0,0
343,moderate_drift,1.0,18910.705078125,12971.30078125,55,201,2809,363,201,0,14,21,20,0,0
344,moderate_drift,1.0,15261.1845703125,10085.62890625,82,201,1431,189,201,0,25,37,20,0,0
345,moderate_drift,1.0,14581.48046875,8522.9267578125,94,200,2163,204,200,0,57,17,20,0,0
346,moderate_drift,1.0,16164.1376953125,8733.05859375,78,200,1700,171,200,0,27,31,20,0,0
347,moderate_drift,1.0,15556.3115234375,11080.072265625,62,201,2922,421,201,0,16,26,20,0,0
348,moderate_drift,1.0,15768.171875,5238.81494140625,95,200,1923,179,200,0,30,45,20,0,0
349,moderate_drift,1.0,15068.5810546875,7903.74951171875,163,200,2205,208,200,0,92,51,20,0,0
350,moderate_drift,1.0,16168.1689453125,7407.3515625,71,200,2278,200,200,0,30,21,20,0,0
351,moderate_drift,1.0,17453.87109375,4308.6669921875,140,200,1058,144,200,0,87,33,20,0,0
352,moderate_drift,1.0,17883.265625,13852.640625,53,201,1997,279,201,0,12,21,20,0,0
353,moderate_drift,1.0,15252.9306640625,9165.2265625,53,200,2346,191,200,0,11,22,20,0,0
354,moderate_drift,1.0,12936.701171875,8909.7490234375,67,200,1514,208,200,0,22,25,20,0,0
355,moderate_drift,1.0,17019.26171875,12424.0185546875,67,200,2803,356,200,0,27,20,20,0,0
356,moderate_drift,1.0,17963.296875,9560.015625,93,200,1667,208,200,0,22,51,20,0,0
357,moderate_drift,1.0,16790.044921875,13099.7529296875,77,201,2805,368,201,0,37,20,20,0,0
358,moderate_drift,1.0,14948.6435546875,8823.5546875,46,201,2389,227,201,0,16,10,20,0,0
359,moderate_drift,1.0,16248.671875,4948.84765625,112,200,2203,215,200,0,70,22,20,0,0
360,moderate_drift,1.0,15735.7041015625,9527.5322265625,67,201,1951,208,201,0,13,34,20,0,0
361,moderate_drift,1.0,17930.796875,6041.654296875,85,200,1448,150,200,0,40,25,20,0,0
362,moderate_drift,1.0,16404.265625,11862.8603515625,81,200,2837,293,200,0,42,19,20,0,0
363,moderate_drift,1.0,16524.810546875,11072.0849609375,88,200,2994,340,200,0,45,23,20,0,0
364,moderate_drift,1.0,16894.333984375,12352.7021484375,77,202,1626,218,202,0,16,41,20,0,0
365,moderate_drift,1.0,16839.00390625,7837.66015625,91,200,1263,149,200,0,27,44,20,0,0
366,moderate_drift,1.0,15129.279296875,11100.90625,93,200,2647,285,200,0,59,14,20,0,0
367,moderate_drift,1.0,15963.0146484375,6911.63427734375,90,200,2190,201,200,0,61,9,20,0,0
368,moderate_drift,1.0,18123.16796875,11611.76171875,89,200,2555,283,200,0,26,43,20,0,0
369,moderate_drift,1.0,15527.6552734375,12473.7783203125,49,204,2680,352,204,0,15,14,20,0,0
370,moderate_drift,1.0,16795.25,12243.42578125,52,202,3001,364,202,0,11,21,20,0,0
371,moderate_drift,1.0,16600.13671875,8005.576171875,156,200,2187,251,200,0,70,66,20,0,0
372,moderate_drift,1.0,16446.99609375,11893.615234375,86,200,2708,303,200,0,11,55,20,0,0
373,moderate_drift,1.0,13813.8408203125,8422.869140625,80,200,1909,172,200,0,31,39,10,0,0
374,moderate_drift,1.0,13490.3876953125,10215.6669921875,84,200,2389,204,200,0,29,35,20,0,0
375,moderate_drift,1.0,14868.4912109375,9224.330078125,72,200,2122,260,200,0,39,13,20,0,0
376,moderate_drift,1.0,17779.185546875,12275.8642578125,76,201,2846,326,201,0,46,10,20,0,0
377,moderate_drift,1.0,15569.884765625,6100.98779296875,71,200,1957,200,200,0,15,36,20,0,0
378,moderate_drift,1.0,13745.654296875,9814.427734375,61,200,2800,338,200,0,31,10,20,0,0
379,moderate_drift,1.0,15805.7890625,2880.489990234375,94,200,1082,157,200,0,60,14,20,0,0
380,moderate_drift,1.0,17638.453125,9195.1201171875,73,200,1686,164,200,0,32,21,20,0,0
381,moderate_drift,1.0,15543.3408203125,6575.796875,69,200,1558,172,200,0,15,34,20,0,0
382,moderate_drift,1.0,17166.197265625,6632.1953125,100,200,1595,157,200,0,58,22,20,0,0
383,moderate_drift,1.0,14397.2626953125,8374.521484375,105,200,2285,267,200,0,59,26,20,0,0
384,moderate_drift,1.0,17192.34375,10400.71484375,90,200,2544,273,200,0,45,25,20,0,0
385,moderate_drift,1.0,17464.84375,5479.02880859375,89,200,1797,167,200,0,59,10,20,0,0
386,moderate_drift,1.0,16370.375,12512.2373046875,118,204,2719,254,204,0,47,51,20,0,0
387,moderate_drift,1.0,17978.333984375,5668.7412109375,102,200,1722,166,200,0,61,21,20,0,0
388,moderate_drift,1.0,14638.3193359375,7322.888671875,74,200,1990,170,200,0,30,24,20,0,0
389,moderate_drift,1.0,13200.1337890625,10996.86328125,66,200,2191,192,200,0,40,16,10,0,0
390,moderate_drift,1.0,13285.37890625,9363.6044921875,66,200,2065,181,200,0,30,26,10,0,0
391,moderate_drift,1.0,17979.501953125,8021.40869140625,56,200,2135,208,200,0,26,10,20,0,0
392,moderate_drift,1.0,16266.6787109375,8483.83203125,46,201,2299,185,201,0,16,10,20,0,0
393,moderate_drift,1.0,16608.30078125,5710.361328125,80,200,1903,179,200,0,27,33,20,0,0
394,moderate_drift,1.0,15843.638671875,7230.81298828125,80,200,2258,234,200,0,29,31,20,0,0
395,moderate_drift,1.0,12300.9296875,10597.75390625,69,201,2608,266,201,0,31,28,10,0,0
396,moderate_drift,1.0,16425.599609375,9657.0556640625,79,200,2250,291,200,0,27,32,20,0,0
397,moderate_drift,1.0,17397.353515625,9837.455078125,108,200,2225,255,200,0,67,21,20,0,0
398,moderate_drift,1.0,16432.205078125,7934.93115234375,118,200,1835,226,200,0,50,48,20,0,0
399,moderate_drift,1.0,16219.4482421875,8209.9169921875,76,200,1882,221,200,0,35,21,20,0,0
400,moderate_drift,1.0,15423.8427734375,5185.6767578125,132,200,1696,154,200,0,84,28,20,0,0
401,moderate_drift,1.0,16414.22265625,7107.27587890625,126,200,1893,187,200,0,84,22,20,0,0
402,moderate_drift,1.0,14988.3818359375,6964.4296875,59,200,2445,250,200,0,15,24,20,0,0
403,moderate_drift,1.0,16719.892578125,11414.58984375,74,200,3195,355,200,0,14,40,20,0,0
404,moderate_drift,1.0,17132.57421875,4935.5556640625,104,200,1174,170,200,0,58,26,20,0,0
405,moderate_drift,1.0,18257.048828125,5349.623046875,68,200,1029,118,200,0,36,12,20,0,0
406,moderate_drift,1.0,17126.234375,14642.130859375,60,211,2903,512,211,0,14,26,20,0,0
407,moderate_drift,1.0,15100.4306640625,6423.1591796875,58,200,1511,175,200,0,17,21,20,0,0
408,moderate_drift,1.0,16034.498046875,4897.73828125,77,200,862,103,200,0,11,46,20,0,0
409,moderate_drift,1.0,16740.845703125,7707.98291015625,60,200,2010,179,200,0,29,11,20,0,0
410,moderate_drift,1.0,14693.283203125,5165.10791015625,93,200,1813,151,200,0,59,14,20,0,0
411,moderate_drift,1.0,17103.4453125,4349.962890625,94,200,1891,156,200,0,54,20,20,0,0
412,moderate_drift,1.0,16494.451171875,4539.35400390625,145,200,1145,129,200,0,83,42,20,0,0
413,moderate_drift,1.0,16550.330078125,11929.828125,86,200,2868,402,200,0,30,36,20,0,0
414,moderate_drift,1.0,17453.056640625,14326.2041015625,60,205,1539,219,205,0,28,12,20,0,0
415,moderate_drift,1.0,16738.69140625,7925.5126953125,73,200,1792,180,200,0,40,13,20,0,0
416,moderate_drift,1.0,14892.4462890625,7664.4423828125,85,200,2485,281,200,0,31,34,20,0,0
417,moderate_drift,1.0,16859.126953125,8466.767578125,88,200,2053,216,200,0,32,36,20,0,0
418,moderate_drift,1.0,16266.1318359375,8768.203125,85,200,2458,267,200,0,30,35,20,0,0
419,moderate_drift,1.0,13329.6875,8256.40234375,72,200,2360,272,200,0,14,38,20,0,0
420,moderate_drift,1.0,17459.6640625,10829.2607421875,64,200,2114,180,200,0,16,28,20,0,0
421,moderate_drift,1.0,15135.125,8419.0146484375,127,201,2450,276,201,0,77,30,20,0,0
422,moderate_drift,1.0,15528.0498046875,7945.732421875,83,200,2252,234,200,0,41,22,20,0,0
423,moderate_drift,1.0,16837.677734375,10001.8740234375,82,200,2006,208,200,0,37,25,20,0,0
424,moderate_drift,1.0,16026.9658203125,6553.83984375,59,200,2210,325,200,0,30,9,20,0,0
425,moderate_drift,1.0,17220.716796875,8423.208984375,86,200,1932,232,200,0,29,37,20,0,0
426,moderate_drift,1.0,15982.365234375,5127.54638671875,81,200,1833,164,200,0,27,34,20,0,0
427,moderate_drift,1.0,16694.654296875,10185.623046875,63,200,2077,275,200,0,32,11,20,0,0
428,moderate_drift,1.0,17503.20703125,11237.20703125,76,200,2285,268,200,0,45,11,20,0,0
429,moderate_drift,1.0,16461.33984375,5679.43408203125,99,200,1865,189,200,0,57,22,20,0,0
430,moderate_drift,1.0,16776.1484375,4880.73681640625,98,200,1472,163,200,0,60,18,20,0,0
431,moderate_drift,1.0,17053.009765625,10695.0244140625,70,200,2289,304,200,0,10,40,20,0,0
432,moderate_drift,1.0,16139.1650390625,6803.67724609375,70,200,1461,149,200,0,27,23,20,0,0
433,moderate_drift,1.0,15748.486328125,7111.56787109375,85,200,2355,217,200,0,44,21,20,0,0
434,moderate_drift,1.0,13984.2529296875,6923.06640625,108,200,1545,204,200,0,74,14,20,0,0
435,moderate_drift,1.0,17654.478515625,11450.7578125,100,200,2493,260,200,0,44,36,20,0,0
436,moderate_drift,1.0,15534.3154296875,7195.41064453125,101,200,2190,255,200,0,39,42,20,0,0
437,moderate_drift,1.0,15502.4287109375,7295.744140625,80,200,1850,190,200,0,39,21,20,0,0
438,moderate_drift,1.0,16890.740234375,8451.6611328125,87,200,1583,196,200,0,44,23,20,0,0
439,moderate_drift,1.0,16088.560546875,9049.7861328125,77,200,1607,198,200,0,13,44,20,0,0
440,moderate_drift,1.0,15972.26953125,6632.19775390625,88,200,2396,253,200,0,40,28,20,0,0
441,moderate_drift,1.0,16112.2138671875,9467.908203125,94,202,1526,175,202,0,39,35,20,0,0
442,moderate_drift,1.0,16916.150390625,9312.779296875,115,200,2481,265,200,0,54,41,20,0,0
443,moderate_drift,1.0,18650.724609375,14553.7373046875,56,223,2120,486,223,0,16,20,20,0,0
444,moderate_drift,1.0,15973.8408203125,5232.03955078125,60,200,2036,194,200,0,29,11,20,0,0
445,moderate_drift,1.0,15954.859375,8009.00244140625,84,200,2129,207,200,0,41,23,20,0,0
446,moderate_drift,1.0,16669.16796875,15054.95703125,70,201,2500,265,201,0,32,18,20,0,0
447,moderate_drift,1.0,15620.6962890625,11336.7744140625,60,200,2321,270,200,0,14,26,20,0,0
448,moderate_drift,1.0,17237.9765625,13963.9599609375,50,203,2845,359,203,0,10,20,20,0,0
449,moderate_drift,1.0,16739.3125,10850.6943359375,98,200,3161,343,200,0,45,33,20,0,0
450,moderate_drift,1.0,12208.912109375,6063.89013671875,105,200,1893,162,200,0,64,21,20,0,0
451,moderate_drift,0.9,13619.8017578125,11320.0947265625,97,200,3006,396,200,0,47,40,10,0,0
452,moderate_drift,1.0,15342.4111328125,8895.7431640625,92,200,2729,302,200,0,31,41,20,0,0
453,moderate_drift,1.0,17608.466796875,8358.2958984375,59,200,2714,268,200,0,15,24,20,0,0
454,moderate_drift,1.0,15006.380859375,12484.591796875,50,201,2090,255,201,0,16,24,10,0,0
455,moderate_drift,1.0,13873.689453125,10486.1923828125,51,200,2484,257,200,0,15,26,10,0,0
456,moderate_drift,1.0,15963.6513671875,11155.4111328125,56,200,2782,323,200,0,27,9,20,0,0
457,moderate_drift,1.0,15649.71875,9850.6396484375,73,202,2173,318,202,0,13,40,20,0,0
458,moderate_drift,1.0,15610.5751953125,7558.681640625,70,200,2250,267,200,0,29,21,20,0,0
459,moderate_drift,1.0,16781.12109375,12805.734375,70,202,2543,298,202,0,24,26,20,0,0
460,moderate_drift,1.0,14959.4912109375,5487.8955078125,98,200,2010,213,200,0,22,56,20,0,0
461,moderate_drift,1.0,16808.283203125,6842.8779296875,126,200,2428,246,200,0,76,30,20,0,0
462,moderate_drift,1.0,18138.107421875,14331.1416015625,81,213,1608,387,213,0,13,48,20,0,0
463,moderate_drift,1.0,17052.0390625,10552.5068359375,70,200,2374,225,200,0,11,39,20,0,0
464,moderate_drift,1.0,17240.615234375,15508.5458984375,45,207,2193,320,207,0,16,9,20,0,0
465,moderate_drift,1.0,16942.814453125,12019.8505859375,82,200,2190,255,200,0,15,47,20,0,0
466,moderate_drift,1.0,15879.169921875,9747.57421875,81,200,2269,269,200,0,31,30,20,0,0
467,moderate_drift,1.0,16708.3203125,9829.2890625,88,200,2732,309,200,0,32,36,20,0,0
468,moderate_drift,1.0,15283.6279296875,9551.7763671875,88,200,2633,289,200,0,42,26,20,0,0
469,moderate_drift,1.0,14557.6259765625,7491.72607421875,50,200,1710,168,200,0,10,20,20,0,0
470,moderate_drift,1.0,16879.53515625,13259.4208984375,50,201,2158,249,201,0,12,18,20,0,0
471,moderate_drift,1.0,15882.7001953125,9531.1279296875,60,200,2125,206,200,0,31,9,20,0,0
472,moderate_drift,1.0,16527.470703125,11592.75390625,91,200,3292,367,200,0,46,25,20,0,0
473,moderate_drift,1.0,13626.4189453125,11060.3349609375,62,200,2559,342,200,0,16,26,20,0,0
474,moderate_drift,1.0,16945.083984375,5941.7255859375,80,200,1762,156,200,0,27,33,20,0,0
475,moderate_drift,1.0,16903.32421875,10063.5654296875,86,200,2230,272,200,0,32,34,20,0,0
476,moderate_drift,1.0,15842.3173828125,14367.1875,45,205,3006,358,205,0,16,9,20,0,0
477,moderate_drift,1.0,18729.787109375,8758.2900390625,125,200,1344,149,200,0,55,50,20,0,0
478,moderate_drift,1.0,16660.884765625,7157.28955078125,98,200,998,139,200,0,27,51,20,0,0
479,moderate_drift,1.0,18445.73046875,5702.86572265625,82,200,1849,206,200,0,30,32,20,0,0
480,moderate_drift,1.0,18958.328125,6607.435546875,100,200,1152,157,200,0,46,34,20,0,0
481,moderate_drift,1.0,16725.337890625,7771.1826171875,128,200,2290,250,200,0,75,33,20,0,0
482,moderate_drift,1.0,17154.271484375,10436.041015625,63,200,2374,274,200,0,11,32,20,0,0
483,moderate_drift,1.0,17045.841796875,12729.484375,120,200,2597,304,200,0,74,26,20,0,0
484,moderate_drift,1.0,16243.9814453125,11717.033203125,78,200,3042,342,200,0,32,26,20,0,0
485,moderate_drift,1.0,16230.177734375,4625.54638671875,95,200,1060,128,200,0,53,22,20,0,0
486,moderate_drift,1.0,17333.828125,8897.8193359375,63,200,2021,194,200,0,22,21,20,0,0
487,moderate_drift,1.0,16243.7841796875,3177.916015625,85,200,1771,154,200,0,43,22,20,0,0
488,moderate_drift,1.0,15550.791015625,6315.0107421875,121,200,1701,153,200,0,78,23,20,0,0
489,moderate_drift,1.0,17780.912109375,11240.6552734375,107,200,2518,260,200,0,57,30,20,0,0
490,moderate_drift,1.0,16778.669921875,10155.2373046875,96,200,2658,323,200,0,28,48,20,0,0
491,moderate_drift,1.0,14178.5517578125,11857.1630859375,72,201,2387,253,201,0,28,24,20,0,0
492,moderate_drift,1.0,16219.2919921875,8019.796875,66,201,1614,203,201,0,24,22,20,0,0
493,moderate_drift,1.0,19065.91015625,13435.6484375,60,201,2121,295,201,0,28,12,20,0,0
494,moderate_drift,1.0,17338.140625,7818.59033203125,92,200,1700,164,200,0,29,43,20,0,0
495,moderate_drift,1.0,15058.4697265625,11245.998046875,68,200,3022,346,200,0,27,21,20,0,0
496,moderate_drift,1.0,16161.8291015625,11654.494140625,65,201,2465,263,201,0,31,14,20,0,0
497,moderate_drift,1.0,16745.759765625,15374.9697265625,45,202,2080,248,202,0,16,9,20,0,0
498,moderate_drift,1.0,16428.685546875,8257.8076171875,79,200,2193,218,200,0,25,34,20,0,0
499,moderate_drift,1.0,16282.51953125,3201.60107421875,125,200,1026,144,200,0,45,60,20,0,0
500,moderate_drift,1.0,17033.265625,9136.9677734375,70,200,1947,198,200,0,28,22,20,0,0
501,moderate_drift,1.0,16692.033203125,6097.67041015625,62,200,2324,226,200,0,32,10,20,0,0
502,moderate_drift,1.0,13587.6884765625,7550.6474609375,126,200,2030,214,200,0,75,41,10,0,0
503,moderate_drift,1.0,16077.0126953125,7717.0712890625,99,200,2260,225,200,0,36,43,20,0,0
504,moderate_drift,1.0,14918.98046875,8422.900390625,85,200,1668,147,200,0,43,32,10,0,0
505,moderate_drift,1.0,15667.1015625,9493.5302734375,75,201,2159,272,201,0,41,14,20,0,0
506,moderate_drift,1.0,17389.7578125,7235.47509765625,98,200,1779,175,200,0,41,37,20,0,0
507,moderate_drift,1.0,16430.98828125,8020.857421875,91,200,2019,264,200,0,42,29,20,0,0
508,moderate_drift,1.0,16118.638671875,7089.68994140625,138,200,1831,174,200,0,69,49,20,0,0
509,moderate_drift,1.0,16576.8984375,11344.8896484375,76,200,2692,319,200,0,30,26,20,0,0
510,moderate_drift,1.0,16241.3818359375,10844.8955078125,46,203,2092,297,203,0,13,13,20,0,0
511,moderate_drift,1.0,17369.1171875,9103.0595703125,62,200,2483,302,200,0,29,13,20,0,0
512,moderate_drift,1.0,13505.1201171875,8344.353515625,69,200,1696,204,200,0,27,32,10,0,0
513,moderate_drift,1.0,15635.2744140625,10468.4150390625,59,200,2990,369,200,0,29,10,20,0,0
514,moderate_drift,1.0,16445.392578125,6278.388671875,111,200,1013,121,200,0,41,50,20,0,0
515,moderate_drift,1.0,16263.6044921875,6829.2197265625,82,200,1868,156,200,0,45,17,20,0,0
516,moderate_drift,1.0,17177.205078125,6647.4462890625,90,200,1951,185,200,0,35,35,20,0,0
517,moderate_drift,1.0,17013.923828125,7611.244140625,63,200,1847,192,200,0,22,21,20,0,0
518,moderate_drift,1.0,16378.234375,9965.2490234375,76,200,2279,363,200,0,31,25,20,0,0
519,moderate_drift,1.0,15816.5458984375,13650.3173828125,45,202,1985,215,202,0,16,9,20,0,0
520,moderate_drift,1.0,15219.3134765625,8815.3232421875,78,200,1896,209,200,0,27,41,10,0,0
521,moderate_drift,1.0,15502.7666015625,5345.46240234375,93,200,1662,167,200,0,44,29,20,0,0
522,moderate_drift,1.0,16903.34765625,11627.0283203125,59,200,2460,305,200,0,27,12,20,0,0
523,moderate_drift,1.0,16196.5771484375,8903.169921875,53,200,2269,265,200,0,15,18,20,0,0
524,moderate_drift,1.0,15887.548828125,9381.1435546875,132,200,2655,252,200,0,84,28,20,0,0
525,moderate_drift,1.0,16158.5771484375,5631.95458984375,78,200,1365,139,200,0,38,20,20,0,0
526,moderate_drift,1.0,16546.03515625,10842.26171875,60,201,2329,256,201,0,27,13,20,0,0
527,moderate_drift,1.0,15400.998046875,7119.0087890625,83,200,1744,169,200,0,29,34,20,0,0
528,moderate_drift,1.0,14953.5400390625,8657.7353515625,91,200,1984,192,200,0,47,24,20,0,0
529,moderate_drift,1.0,15345.5791015625,4792.50537109375,100,200,1834,142,200,0,30,50,20,0,0
530,moderate_drift,1.0,15109.8056640625,9451.208984375,67,200,3042,347,200,0,15,32,20,0,0
531,moderate_drift,1.0,17291.60546875,9467.5625,79,200,1262,163,200,0,37,22,20,0,0
532,moderate_drift,1.0,16852.744140625,10837.5029296875,101,201,2492,307,201,0,16,65,20,0,0
533,moderate_drift,1.0,13754.869140625,3757.3056640625,126,200,1210,145,200,0,60,56,10,0,0
534,moderate_drift,1.0,14815.82421875,8122.349609375,81,200,1306,172,200,0,39,32,10,0,0
535,moderate_drift,1.0,17864.89453125,7313.46728515625,102,200,2056,201,200,0,43,39,20,0,0
536,moderate_drift,1.0,15082.75390625,13140.970703125,66,202,3188,391,202,0,28,28,10,0,0
537,moderate_drift,1.0,17104.048828125,10895.4365234375,65,202,2145,213,202,0,16,29,20,0,0
538,moderate_drift,1.0,15711.498046875,10316.4287109375,78,200,2423,230,200,0,32,26,20,0,0
539,moderate_drift,1.0,16704.765625,8493.6845703125,63,200,2181,237,200,0,23,20,20,0,0
540,moderate_drift,1.0,15797.1689453125,9096.7119140625,77,200,2469,253,200,0,29,28,20,0,0
541,moderate_drift,1.0,18448.439453125,9574.7265625,103,201,2492,271,201,0,56,27,20,0,0
542,moderate_drift,1.0,16784.291015625,10734.2568359375,72,200,1490,204,200,0,27,25,20,0,0
543,moderate_drift,1.0,17438.537109375,10976.529296875,108,200,2286,216,200,0,71,17,20,0,0
544,moderate_drift,1.0,17250.927734375,8437.75,115,200,1126,122,200,0,73,22,20,0,0
545,moderate_drift,1.0,16474.771484375,7723.599609375,78,200,2075,167,200,0,36,22,20,0,0
546,moderate_drift,1.0,17179.60546875,8988.8662109375,62,200,2349,246,200,0,32,10,20,0,0
547,moderate_drift,1.0,16762.25390625,14208.248046875,45,202,1875,187,202,0,16,9,20,0,0
548,moderate_drift,1.0,16148.029296875,8001.84326171875,76,200,2309,288,200,0,43,13,20,0,0
549,moderate_drift,1.0,13403.4794921875,7168.96044921875,77,200,2075,210,200,0,14,43,20,0,0
550,moderate_drift,1.0,18213.24609375,10394.3935546875,85,200,2401,260,200,0,39,26,20,0,0
551,moderate_drift,1.0,17529.98828125,4191.51318359375,64,200,1533,141,200,0,23,21,20,0,0
552,moderate_drift,1.0,15850.068359375,8093.8505859375,66,200,2093,212,200,0,9,37,20,0,0
553,moderate_drift,1.0,15981.0068359375,4391.58154296875,111,200,1597,157,200,0,35,56,20,0,0
554,moderate_drift,1.0,12376.0595703125,10748.060546875,53,200,2259,273,200,0,15,28,10,0,0
555,moderate_drift,1.0,17586.84765625,12055.55859375,90,201,3147,344,201,0,44,26,20,0,0
556,moderate_drift,1.0,15504.1455078125,9189.5380859375,101,200,2256,256,200,0,43,38,20,0,0
557,moderate_drift,1.0,17406.02734375,13172.8876953125,79,200,2337,247,200,0,16,43,20,0,0
558,moderate_drift,1.0,15767.9208984375,10756.388671875,90,200,2744,301,200,0,48,22,20,0,0
559,moderate_drift,1.0,15800.2080078125,7878.833984375,89,200,2373,257,200,0,48,21,20,0,0
560,moderate_drift,1.0,15873.9609375,7520.55078125,114,200,1878,191,200,0,45,49,20,0,0
561,moderate_drift,1.0,17604.275390625,7887.126953125,116,200,1965,228,200,0,44,52,20,0,0
562,moderate_drift,1.0,17747.70703125,12934.947265625,88,200,1980,221,200,0,26,42,20,0,0
563,moderate_drift,1.0,15944.87890625,6398.42724609375,46,200,2064,203,200,0,16,10,20,0,0
564,moderate_drift,1.0,16635.763671875,8839.9501953125,103,200,2038,258,200,0,29,54,20,0,0
565,moderate_drift,1.0,19509.904296875,6186.76953125,90,201,1357,173,201,0,34,36,20,0,0
566,moderate_drift,1.0,17291.970703125,4025.380859375,121,200,1027,111,200,0,89,12,20,0,0
567,moderate_drift,1.0,17588.4921875,5370.10791015625,100,200,1563,152,200,0,37,43,20,0,0
568,moderate_drift,1.0,14658.583984375,12527.73828125,73,204,2145,262,204,0,27,26,20,0,0
569,moderate_drift,1.0,17220.77734375,9181.9873046875,86,200,1624,208,200,0,41,25,20,0,0
570,moderate_drift,1.0,16869.13671875,8246.953125,85,200,2203,218,200,0,43,22,20,0,0
571,moderate_drift,1.0,15761.154296875,9891.0634765625,71,202,2498,286,202,0,14,37,20,0,0
572,moderate_drift,1.0,17431.189453125,12639.103515625,95,201,2822,258,201,0,30,45,20,0,0
573,moderate_drift,1.0,15866.9521484375,8432.6572265625,79,200,2283,223,200,0,31,28,20,0,0
574,moderate_drift,1.0,17436.576171875,9122.998046875,104,200,2247,235,200,0,75,9,20,0,0
575,moderate_drift,1.0,16359.5380859375,9476.0537109375,101,200,2653,293,200,0,41,40,20,0,0
576,moderate_drift,1.0,16541.392578125,6781.9091796875,73,200,1859,201,200,0,32,21,20,0,0
577,moderate_drift,1.0,16349.2490234375,6571.73876953125,78,200,1370,159,200,0,40,18,20,0,0
578,moderate_drift,1.0,16923.107421875,7127.14599609375,85,200,1178,142,200,0,42,23,20,0,0
579,moderate_drift,1.0,16480.26953125,7938.2431640625,119,200,2871,327,200,0,59,40,20,0,0
580,moderate_drift,1.0,16521.640625,13853.3193359375,82,201,2481,304,201,0,29,33,20,0,0
581,moderate_drift,1.0,18008.50390625,4315.39404296875,102,200,953,145,200,0,42,40,20,0,0
582,moderate_drift,1.0,15814.091796875,9654.0185546875,92,200,2148,288,200,0,46,26,20,0,0
583,moderate_drift,1.0,14465.6142578125,10082.396484375,93,201,2261,266,201,0,26,57,10,0,0
584,moderate_drift,1.0,17095.09375,15468.1455078125,45,207,2184,320,207,0,16,9,20,0,0
585,moderate_drift,1.0,14147.640625,9578.060546875,93,201,2227,231,201,0,42,41,10,0,0
586,moderate_drift,1.0,17244.462890625,7242.98291015625,98,200,1689,190,200,0,54,24,20,0,0
587,moderate_drift,1.0,17877.66015625,13067.095703125,71,200,2600,335,200,0,40,11,20,0,0
588,moderate_drift,1.0,15601.9892578125,7320.99560546875,85,200,2305,223,200,0,32,33,20,0,0
589,moderate_drift,1.0,17310.408203125,10483.236328125,113,200,2475,269,200,0,44,49,20,0,0
590,moderate_drift,1.0,14260.490234375,7288.52880859375,91,200,2286,214,200,0,30,41,20,0,0
591,moderate_drift,1.0,15494.0361328125,11917.9443359375,45,203,1821,259,203,0,16,9,20,0,0
592,moderate_drift,1.0,15440.62890625,9490.2138671875,77,200,2392,252,200,0,31,26,20,0,0
593,moderate_drift,1.0,15879.4814453125,8728.640625,103,200,2407,249,200,0,61,22,20,0,0
594,moderate_drift,0.9,16263.6708984375,12204.9501953125,60,200,2644,319,200,0,16,24,20,0,0
595,moderate_drift,1.0,15260.0419921875,6449.36865234375,92,200,1874,207,200,0,51,21,20,0,0
596,moderate_drift,1.0,15389.5380859375,6901.34619140625,103,200,1861,185,200,0,74,9,20,0,0
597,moderate_drift,1.0,16561.732421875,8376.8271484375,100,200,1885,161,200,0,69,11,20,0,0
598,moderate_drift,1.0,16939.822265625,5556.49267578125,78,200,1451,171,200,0,38,20,20,0,0
599,moderate_drift,1.0,17624.447265625,5458.63232421875,91,200,2092,211,200,0,46,25,20,0,0
600,moderate_drift,1.0,16415.625,6338.75244140625,69,200,2187,271,200,0,27,22,20,0,0
601,moderate_drift,1.0,18026.677734375,7881.044921875,76,200,1409,179,200,0,44,12,20,0,0
602,moderate_drift,1.0,16305.767578125,8641.8583984375,106,200,2139,211,200,0,45,41,20,0,0
603,moderate_drift,1.0,18037.548828125,9247.9873046875,62,200,2234,235,200,0,29,13,20,0,0
604,moderate_drift,1.0,14507.396484375,9205.9267578125,83,200,1958,231,200,0,31,32,20,0,0
605,moderate_drift,1.0,17881.69140625,3899.325927734375,102,200,908,122,200,0,41,41,20,0,0
606,moderate_drift,1.0,15082.34765625,6171.63232421875,53,200,1905,171,200,0,11,22,20,0,0
607,moderate_drift,1.0,16984.66796875,7893.67529296875,108,200,1770,182,200,0,32,56,20,0,0
608,moderate_drift,1.0,15778.853515625,8535.0498046875,109,200,2464,258,200,0,55,34,20,0,0
609,moderate_drift,1.0,17221.962890625,7858.28955078125,91,200,2175,267,200,0,32,39,20,0,0
610,moderate_drift,1.0,18044.912109375,9595.884765625,116,200,1507,155,200,0,84,12,20,0,0
611,moderate_drift,1.0,17485.02734375,6419.578125,114,200,1622,178,200,0,60,34,20,0,0
612,moderate_drift,1.0,13441.7216796875,5568.158203125,86,200,2081,208,200,0,38,38,10,0,0
613,moderate_drift,1.0,14692.953125,11120.666015625,60,201,2244,251,201,0,16,24,20,0,0
614,moderate_drift,1.0,17084.748046875,14101.1845703125,60,201,1131,201,201,0,30,10,20,0,0
615,moderate_drift,1.0,17597.93359375,8446.0439453125,93,200,1785,181,200,0,37,36,20,0,0
616,moderate_drift,1.0,15515.6474609375,8908.8828125,55,200,2053,192,200,0,25,10,20,0,0
617,moderate_drift,1.0,16774.537109375,8550.2890625,99,200,1777,190,200,0,39,40,20,0,0
618,moderate_drift,1.0,16152.7548828125,6786.7509765625,85,200,1767,216,200,0,42,23,20,0,0
619,moderate_drift,1.0,16754.91015625,4801.6591796875,80,200,1533,173,200,0,46,14,20,0,0
620,moderate_drift,1.0,16548.486328125,8179.91796875,80,200,1982,214,200,0,42,18,20,0,0
621,moderate_drift,1.0,16128.8798828125,5666.8818359375,109,200,1572,162,200,0,47,42,20,0,0
622,moderate_drift,1.0,15299.015625,7925.19140625,68,200,2281,208,200,0,38,10,20,0,0
623,moderate_drift,1.0,15120.4111328125,6618.625,46,200,2212,175,200,0,16,10,20,0,0
624,moderate_drift,1.0,17151.134765625,10347.166015625,76,200,2631,324,200,0,42,14,20,0,0
625,moderate_drift,1.0,13291.7734375,6868.4169921875,80,200,1728,207,200,0,22,38,20,0,0
626,moderate_drift,1.0,15967.0126953125,11089.2822265625,78,200,2504,257,200,0,37,21,20,0,0
627,moderate_drift,1.0,19178.587890625,14664.12890625,73,201,2286,207,201,0,28,25,20,0,0
628,moderate_drift,1.0,15981.4091796875,9453.6376953125,63,201,1655,146,201,0,12,31,20,0,0
629,moderate_drift,1.0,17373.72265625,5175.17138671875,111,200,1470,126,200,0,47,44,20,0,0
630,moderate_drift,1.0,14060.2080078125,10104.0361328125,67,200,2335,262,200,0,34,13,20,0,0
631,moderate_drift,1.0,17378.935546875,9973.2041015625,73,200,1990,233,200,0,32,21,20,0,0
632,moderate_drift,1.0,17182.50390625,10938.224609375,113,200,2871,292,200,0,59,34,20,0,0
633,moderate_drift,1.0,14184.171875,7181.75,67,200,1513,196,200,0,25,32,10,0,0
634,moderate_drift,1.0,18320.720703125,7847.21044921875,73,200,1210,162,200,0,41,12,20,0,0
635,moderate_drift,1.0,18560.40625,5571.8701171875,104,200,1706,150,200,0,74,10,20,0,0
636,moderate_drift,1.0,18192.716796875,3540.885009765625,97,200,986,116,200,0,41,36,20,0,0
637,moderate_drift,1.0,15256.599609375,6106.384765625,135,200,1706,162,200,0,59,56,20,0,0
638,moderate_drift,1.0,15399.384765625,9158.998046875,58,201,2192,262,201,0,28,10,20,0,0
639,moderate_drift,1.0,15668.794921875,6154.00048828125,90,200,1794,145,200,0,34,36,20,0,0
640,moderate_drift,1.0,15724.4541015625,10610.5859375,70,200,2397,230,200,0,24,26,20,0,0
641,moderate_drift,1.0,16037.21875,7682.154296875,68,200,2240,249,200,0,27,21,20,0,0
642,moderate_drift,1.0,16921.02734375,13689.7568359375,52,201,2849,261,201,0,12,20,20,0,0
643,moderate_drift,1.0,15439.0791015625,8861.693359375,55,200,2649,269,200,0,12,23,20,0,0
644,moderate_drift,1.0,16657.7734375,10160.810546875,53,201,2056,187,201,0,11,22,20,0,0
645,moderate_drift,1.0,15145.27734375,8917.7607421875,55,200,2122,264,200,0,25,10,20,0,0
646,moderate_drift,1.0,11813.94921875,7791.6767578125,95,200,2357,262,200,0,55,30,10,0,0
647,moderate_drift,1.0,15609.19921875,5876.33544921875,67,200,1541,148,200,0,29,28,10,0,0
648,moderate_drift,1.0,16636.3828125,7560.02392578125,103,200,1504,172,200,0,42,41,20,0,0
649,moderate_drift,1.0,14989.2841796875,9306.4462890625,87,200,2472,313,200,0,45,22,20,0,0
650,moderate_drift,1.0,17487.9765625,6525.59814453125,84,200,1638,140,200,0,42,22,20,0,0
651,moderate_drift,1.0,17620.51953125,9906.8349609375,45,200,1579,192,200,0,13,12,20,0,0
652,moderate_drift,1.0,16840.822265625,8055.62060546875,101,200,2606,282,200,0,45,36,20,0,0
653,moderate_drift,1.0,15924.521484375,4481.57666015625,81,200,1624,148,200,0,39,22,20,0,0
654,moderate_drift,1.0,14912.080078125,6873.8154296875,90,200,1826,230,200,0,48,22,20,0,0
655,moderate_drift,1.0,17455.671875,6929.00927734375,168,200,1829,146,200,0,115,33,20,0,0
656,moderate_drift,1.0,17358.55859375,9116.474609375,91,200,2092,249,200,0,25,46,20,0,0
657,moderate_drift,1.0,15691.1015625,7447.16259765625,133,200,1791,177,200,0,81,32,20,0,0
658,moderate_drift,1.0,14195.5458984375,7842.70703125,88,200,2119,223,200,0,62,16,10,0,0
659,moderate_drift,1.0,17534.357421875,9163.703125,115,200,2560,294,200,0,42,53,20,0,0
660,moderate_drift,1.0,16331.806640625,8961.3779296875,71,201,2130,272,201,0,14,37,20,0,0
661,moderate_drift,1.0,17458.900390625,10074.3173828125,91,200,2730,272,200,0,38,33,20,0,0
662,moderate_drift,1.0,16334.33203125,9239.5986328125,84,200,1938,194,200,0,53,11,20,0,0
663,moderate_drift,1.0,18431.119140625,12222.1552734375,93,203,1640,199,203,0,22,51,20,0,0
664,moderate_drift,1.0,15321.1162109375,7743.1279296875,81,201,1826,191,201,0,39,22,20,0,0
665,moderate_drift,1.0,15727.8193359375,8039.912109375,107,200,2249,258,200,0,31,66,10,0,0
666,moderate_drift,1.0,16957.65234375,12183.962890625,80,201,2937,325,201,0,15,45,20,0,0
667,moderate_drift,1.0,16898.646484375,13903.376953125,59,206,1802,344,206,0,13,26,20,0,0
668,moderate_drift,1.0,18579.15234375,12565.0185546875,88,200,1972,231,200,0,45,23,20,0,0
669,moderate_drift,1.0,14273.4345703125,7820.921875,86,200,2445,195,200,0,42,24,20,0,0
670,moderate_drift,1.0,16305.47265625,6492.98828125,109,200,1947,184,200,0,30,59,20,0,0
671,moderate_drift,1.0,14957.3671875,7044.6962890625,84,200,2379,254,200,0,29,35,20,0,0
672,moderate_drift,1.0,15452.33203125,7336.68798828125,81,200,1907,174,200,0,39,22,20,0,0
673,moderate_drift,1.0,16126.5517578125,10984.5498046875,63,200,2576,330,200,0,10,33,20,0,0
674,moderate_drift,1.0,14660.7412109375,10567.5400390625,53,201,2789,292,201,0,15,18,20,0,0
675,moderate_drift,1.0,15969.1591796875,10702.51171875,101,200,2870,334,200,0,55,26,20,0,0
676,moderate_drift,1.0,16011.880859375,8557.517578125,80,200,2211,298,200,0,30,30,20,0,0
677,moderate_drift,1.0,15454.40625,4192.3642578125,100,200,1773,126,200,0,31,49,20,0,0
678,moderate_drift,1.0,17349.3125,9439.3486328125,84,200,2232,193,200,0,29,35,20,0,0
679,moderate_drift,1.0,13869.3623046875,10269.9931640625,71,201,2525,313,201,0,15,36,20,0,0
680,moderate_drift,1.0,16739.1015625,6286.6123046875,74,200,1602,214,200,0,30,24,20,0,0
681,moderate_drift,0.9,15836.390625,12449.5009765625,98,201,3453,438,201,0,59,19,20,0,0
682,moderate_drift,1.0,15729.7080078125,12569.5810546875,103,201,2808,372,201,0,55,28,20,0,0
683,moderate_drift,1.0,16714.79296875,3072.375,80,200,984,137,200,0,38,22,20,0,0
684,moderate_drift,1.0,16943.02734375,7083.51708984375,75,200,2005,172,200,0,30,25,20,0,0
685,moderate_drift,1.0,17576.09375,8435.6650390625,63,200,1468,158,200,0,29,14,20,0,0
686,moderate_drift,1.0,16685.865234375,9871.9140625,52,200,2383,252,200,0,12,20,20,0,0
687,moderate_drift,1.0,15689.697265625,5297.546875,71,200,1559,147,200,0,28,23,20,0,0
688,moderate_drift,1.0,17220.4296875,3760.13818359375,85,200,1010,147,200,0,45,20,20,0,0
689,moderate_drift,1.0,14404.39453125,9109.314453125,81,200,1837,224,200,0,30,41,10,0,0
690,moderate_drift,1.0,16536.455078125,10396.640625,109,200,2197,244,200,0,63,26,20,0,0
691,moderate_drift,1.0,15737.2587890625,4312.74365234375,100,200,1872,175,200,0,30,50,20,0,0
692,moderate_drift,1.0,15882.33203125,10765.80859375,107,200,2387,255,200,0,44,43,20,0,0
693,moderate_drift,1.0,12208.03515625,9634.330078125,51,200,2024,173,200,0,15,26,10,0,0
694,moderate_drift,1.0,15894.2265625,9710.064453125,107,200,2674,261,200,0,62,25,20,0,0
695,moderate_drift,1.0,15210.521484375,12709.5869140625,76,201,3240,358,201,0,28,28,20,0,0
696,moderate_drift,1.0,15525.3876953125,7844.31884765625,106,200,2467,259,200,0,54,32,20,0,0
697,moderate_drift,1.0,14932.4208984375,7470.5703125,96,200,1892,206,200,0,25,51,20,0,0
698,moderate_drift,1.0,15762.8828125,7792.6640625,93,200,2006,197,200,0,59,14,20,0,0
699,moderate_drift,1.0,15612.09375,7368.58544921875,92,200,2221,236,200,0,59,13,20,0,0
700,moderate_drift,1.0,16300.2705078125,9793.1982421875,99,200,2079,188,200,0,41,38,20,0,0
701,moderate_drift,1.0,17315.53515625,11163.9228515625,75,200,2655,258,200,0,28,27,20,0,0
702,moderate_drift,1.0,15291.041015625,13552.9521484375,62,215,2543,480,215,0,16,26,20,0,0
703,moderate_drift,1.0,16756.220703125,4096.62451171875,86,200,870,101,200,0,27,39,20,0,0
704,moderate_drift,1.0,19591.88671875,8530.458984375,94,200,1703,175,200,0,38,36,20,0,0
705,moderate_drift,1.0,16242.296875,7908.4560546875,90,200,2160,209,200,0,45,25,20,0,0
706,moderate_drift,1.0,17288.43359375,9022.36328125,65,200,1955,214,200,0,23,22,20,0,0
707,moderate_drift,1.0,17094.09765625,13649.703125,56,201,2750,275,201,0,26,10,20,0,0
708,moderate_drift,1.0,16845.876953125,10287.341796875,79,200,2482,244,200,0,30,29,20,0,0
709,moderate_drift,1.0,14829.5986328125,10693.7255859375,64,200,2144,233,200,0,16,38,10,0,0
710,moderate_drift,1.0,14166.33203125,6436.83642578125,56,200,1777,198,200,0,7,29,20,0,0
711,moderate_drift,1.0,13515.818359375,12606.8701171875,53,201,3073,419,201,0,15,28,10,0,0
712,moderate_drift,1.0,14432.01953125,7215.490234375,88,200,2300,242,200,0,30,38,20,0,0
713,moderate_drift,1.0,14627.09765625,9673.6806640625,79,200,2241,240,200,0,36,23,20,0,0
714,moderate_drift,1.0,17424.68359375,10628.1806640625,90,200,2565,358,200,0,47,23,20,0,0
715,moderate_drift,1.0,17650.916015625,8860.9423828125,79,200,2089,252,200,0,25,34,20,0,0
716,moderate_drift,1.0,15826.20703125,8720.6015625,114,200,2292,272,200,0,77,17,20,0,0
717,moderate_drift,1.0,13575.19921875,11243.09765625,87,200,2669,256,200,0,41,36,10,0,0
718,moderate_drift,1.0,15306.8720703125,13702.74609375,49,201,3002,319,201,0,15,14,20,0,0
719,moderate_drift,1.0,16472.400390625,9992.58203125,100,200,2486,244,200,0,71,9,20,0,0
720,moderate_drift,1.0,17234.107421875,11219.4150390625,91,200,2564,300,200,0,57,14,20,0,0
721,moderate_drift,1.0,16542.853515625,7820.59716796875,82,200,1788,140,200,0,40,22,20,0,0
722,moderate_drift,1.0,17777.08203125,3442.482177734375,128,200,1406,166,200,0,47,61,20,0,0
723,moderate_drift,1.0,15921.671875,9564.3720703125,94,200,2542,266,200,0,45,29,20,0,0
724,moderate_drift,1.0,16765.4609375,6024.04833984375,95,200,1512,160,200,0,14,61,20,0,0
725,moderate_drift,1.0,15472.970703125,9814.205078125,83,200,2665,264,200,0,15,48,20,0,0
726,moderate_drift,1.0,17577.62109375,13982.91015625,89,206,1123,223,206,0,12,57,20,0,0
727,moderate_drift,1.0,16494.93359375,13553.1611328125,58,201,1892,262,201,0,12,26,20,0,0
728,moderate_drift,1.0,16069.02734375,5393.75830078125,81,200,1799,164,200,0,39,22,20,0,0
729,moderate_drift,1.0,15987.546875,8597.2666015625,71,201,2465,312,201,0,41,10,20,0,0
730,moderate_drift,1.0,15928.1171875,9694.2216796875,90,201,2775,266,201,0,45,25,20,0,0
731,moderate_drift,1.0,16770.36328125,10163.458984375,75,200,2756,304,200,0,31,24,20,0,0
732,moderate_drift,1.0,16733.2109375,4360.97607421875,69,200,1794,188,200,0,26,23,20,0,0
733,moderate_drift,1.0,17021.26171875,11071.47265625,112,200,2597,322,200,0,70,22,20,0,0
734,moderate_drift,1.0,18463.322265625,10792.373046875,45,200,2005,233,200,0,13,12,20,0,0
735,moderate_drift,1.0,16553.193359375,7092.783203125,84,200,1574,193,200,0,33,31,20,0,0
736,moderate_drift,1.0,16577.40625,9638.970703125,77,200,2146,241,200,0,32,25,20,0,0
737,moderate_drift,1.0,16539.666015625,11896.552734375,69,202,2946,277,202,0,28,21,20,0,0
738,moderate_drift,1.0,16030.9326171875,6825.92431640625,95,200,1533,157,200,0,45,30,20,0,0
739,moderate_drift,1.0,13487.30859375,11342.130859375,74,201,2618,299,201,0,30,24,20,0,0
740,moderate_drift,1.0,16458.185546875,10076.97265625,85,201,2230,256,201,0,11,54,20,0,0
741,moderate_drift,1.0,15780.1259765625,9065.849609375,118,200,2329,239,200,0,32,66,20,0,0
742,moderate_drift,1.0,16265.01171875,7250.4599609375,129,200,1841,169,200,0,60,49,20,0,0
743,moderate_drift,1.0,16889.5703125,4176.18359375,144,200,1917,231,200,0,79,45,20,0,0
744,moderate_drift,1.0,16481.10546875,15062.9150390625,45,208,2895,389,208,0,16,9,20,0,0
745,moderate_drift,1.0,17236.947265625,7973.3974609375,95,200,1274,153,200,0,53,22,20,0,0
746,moderate_drift,1.0,16268.7392578125,4373.33349609375,85,200,1443,138,200,0,28,37,20,0,0
747,moderate_drift,1.0,14771.7021484375,9010.267578125,53,200,2211,289,200,0,11,22,20,0,0
748,moderate_drift,1.0,15607.078125,10486.61328125,112,201,2720,306,201,0,16,76,20,0,0
749,moderate_drift,1.0,16725.869140625,11909.6279296875,83,200,2035,231,200,0,27,36,20,0,0
750,moderate_drift,1.0,15925.7451171875,3075.6865234375,59,200,1398,125,200,0,12,27,20,0,0
751,moderate_drift,1.0,16220.46875,7076.96337890625,95,200,2643,221,200,0,46,29,20,0,0
752,moderate_drift,1.0,14795.126953125,5628.1376953125,116,200,1685,146,200,0,87,9,20,0,0
753,moderate_drift,1.0,14950.5419921875,6996.77001953125,79,200,2048,198,200,0,31,28,20,0,0
754,moderate_drift,1.0,16915.806640625,6368.9189453125,82,200,1087,114,200,0,43,19,20,0,0
755,moderate_drift,1.0,15778.34375,9113.0712890625,103,200,2037,197,200,0,45,38,20,0,0
756,moderate_drift,1.0,15652.2724609375,10452.4580078125,78,200,2632,285,200,0,29,39,10,0,0
757,moderate_drift,1.0,16268.9580078125,8754.7783203125,79,201,2154,225,201,0,45,14,20,0,0
758,moderate_drift,0.8,16196.27734375,12025.0849609375,76,200,3111,325,200,0,16,40,20,0,0
759,moderate_drift,1.0,17207.822265625,13637.439453125,45,204,1862,351,204,0,13,12,20,0,0
760,moderate_drift,1.0,17041.091796875,11131.453125,69,201,2888,344,201,0,14,35,20,0,0
761,moderate_drift,1.0,17126.56640625,4824.67626953125,111,201,1549,155,201,0,51,40,20,0,0
762,moderate_drift,1.0,18708.28125,7919.9619140625,116,200,1410,153,200,0,70,26,20,0,0
763,moderate_drift,1.0,15579.3408203125,12519.873046875,96,200,3027,358,200,0,62,14,20,0,0
764,moderate_drift,1.0,18006.560546875,5671.31005859375,101,200,1019,119,200,0,69,12,20,0,0
765,moderate_drift,1.0,16460.6171875,8609.896484375,61,200,2082,223,200,0,10,31,20,0,0
766,moderate_drift,1.0,18524.72265625,5452.65380859375,104,200,2356,210,200,0,45,39,20,0,0
767,moderate_drift,1.0,17288.556640625,8208.578125,109,201,2100,207,201,0,52,37,20,0,0
768,moderate_drift,1.0,17210.947265625,13007.3779296875,45,201,1362,166,201,0,13,12,20,0,0
769,moderate_drift,1.0,16091.2265625,6712.6943359375,74,200,2347,228,200,0,32,22,20,0,0
770,moderate_drift,1.0,15882.8115234375,6273.21337890625,86,200,2325,239,200,0,32,34,20,0,0
771,moderate_drift,1.0,16886.87890625,6490.22509765625,101,200,1905,222,200,0,27,54,20,0,0
772,moderate_drift,1.0,15371.8857421875,8783.017578125,87,200,2505,293,200,0,30,37,20,0,0
773,moderate_drift,1.0,16158.89453125,7252.20458984375,85,200,1767,187,200,0,25,40,20,0,0
774,moderate_drift,1.0,16814.90234375,11280.71875,84,200,2020,208,200,0,49,15,20,0,0
775,moderate_drift,1.0,18666.0078125,10345.49609375,102,200,1942,232,200,0,55,27,20,0,0
776,moderate_drift,1.0,15793.6103515625,5793.23388671875,123,200,1635,174,200,0,42,61,20,0,0
777,moderate_drift,1.0,15344.1962890625,7820.34326171875,59,200,2206,228,200,0,14,25,20,0,0
778,moderate_drift,1.0,17533.828125,6221.29931640625,51,200,2065,194,200,0,10,21,20,0,0
779,moderate_drift,1.0,17124.458984375,9745.3173828125,98,200,1781,228,200,0,35,43,20,0,0
780,moderate_drift,1.0,14636.9794921875,9871.1416015625,73,200,2966,302,200,0,11,42,20,0,0
781,moderate_drift,1.0,17120.2109375,7553.33642578125,80,200,1434,146,200,0,13,47,20,0,0
782,moderate_drift,0.8,16396.4921875,12444.46484375,62,202,3356,452,202,0,28,14,20,0,0
783,moderate_drift,1.0,17165.599609375,6973.15625,111,200,2598,238,200,0,77,14,20,0,0
784,moderate_drift,1.0,15558.9814453125,10796.724609375,76,200,1751,200,200,0,47,9,20,0,0
785,moderate_drift,1.0,16997.390625,5587.94482421875,105,200,1046,122,200,0,42,43,20,0,0
786,moderate_drift,1.0,15742.2255859375,14365.3505859375,59,201,2593,318,201,0,14,25,20,0,0
787,moderate_drift,1.0,16409.11328125,5453.2734375,74,200,1691,188,200,0,40,14,20,0,0
788,moderate_drift,1.0,15779.3271484375,6082.50341796875,108,200,1252,132,200,0,48,40,20,0,0
789,moderate_drift,1.0,15841.09375,8918.1806640625,88,200,2103,201,200,0,44,24,20,0,0
790,moderate_drift,1.0,15984.9814453125,7882.43359375,87,200,2354,216,200,0,44,23,20,0,0
791,moderate_drift,1.0,13493.6005859375,10498.5908203125,47,200,2671,290,200,0,21,16,10,0,0
792,moderate_drift,1.0,16232.04296875,7465.9365234375,89,200,2492,215,200,0,47,22,20,0,0
793,moderate_drift,1.0,14568.2734375,9072.6171875,80,200,2134,216,200,0,28,42,10,0,0
794,moderate_drift,1.0,15648.318359375,10251.9755859375,58,200,2572,289,200,0,15,23,20,0,0
795,moderate_drift,1.0,18245.04296875,4180.16357421875,124,200,982,135,200,0,70,34,20,0,0
796,moderate_drift,1.0,14163.322265625,9423.6064453125,76,201,2083,210,201,0,30,26,20,0,0
797,moderate_drift,1.0,17385.27734375,9703.7041015625,110,200,2445,240,200,0,57,33,20,0,0
798,moderate_drift,1.0,15169.2490234375,9023.5068359375,69,200,1887,228,200,0,38,11,20,0,0
799,moderate_drift,1.0,16031.3974609375,6633.57861328125,50,200,1207,195,200,0,10,20,20,0,0
800,moderate_drift,1.0,17276.72265625,8878.689453125,91,200,2230,210,200,0,47,24,20,0,0
801,moderate_drift,1.0,17235.603515625,7494.1484375,106,200,2047,219,200,0,58,28,20,0,0
802,moderate_drift,1.0,16409.8671875,6469.15966796875,97,200,2097,183,200,0,39,38,20,0,0
803,moderate_drift,1.0,17335.583984375,5172.7001953125,101,200,1400,121,200,0,24,57,20,0,0
804,moderate_drift,1.0,17700.748046875,6708.9404296875,104,200,2017,184,200,0,30,54,20,0,0
805,moderate_drift,1.0,14605.5908203125,14058.2109375,44,205,2366,362,205,0,14,10,20,0,0
806,moderate_drift,1.0,17486.7421875,9231.39453125,44,201,2037,212,201,0,14,10,20,0,0
807,moderate_drift,1.0,15106.4306640625,10193.8994140625,62,200,2597,261,200,0,32,10,20,0,0
808,moderate_drift,1.0,17597.36328125,11321.595703125,55,201,1389,158,201,0,16,19,20,0,0
809,moderate_drift,1.0,15949.11328125,10210.9794921875,102,200,2896,308,200,0,56,26,20,0,0
810,moderate_drift,1.0,15004.5302734375,7848.20849609375,83,200,2057,215,200,0,31,42,10,0,0
811,moderate_drift,1.0,16470.0234375,6634.11279296875,137,200,1679,137,200,0,83,34,20,0,0
812,moderate_drift,1.0,14660.5595703125,9312.1142578125,64,200,2315,260,200,0,24,20,20,0,0
813,moderate_drift,1.0,16814.0390625,8868.5283203125,94,200,2619,222,200,0,61,13,20,0,0
814,moderate_drift,1.0,17290.947265625,9817.3203125,94,200,1936,202,200,0,54,20,20,0,0
815,moderate_drift,1.0,16844.044921875,14659.419921875,71,203,1397,202,203,0,16,35,20,0,0
816,moderate_drift,1.0,13068.7451171875,9097.966796875,92,201,1982,240,201,0,43,39,10,0,0
817,moderate_drift,1.0,17974.7265625,10003.490234375,96,200,2534,230,200,0,43,33,20,0,0
818,moderate_drift,1.0,16977.01171875,9942.802734375,83,200,2472,261,200,0,42,21,20,0,0
819,moderate_drift,1.0,15702.087890625,12816.396484375,59,201,2704,367,201,0,15,24,20,0,0
820,moderate_drift,1.0,16890.708984375,14096.20703125,46,201,2881,336,201,0,15,11,20,0,0
821,moderate_drift,1.0,18282.876953125,12470.634765625,49,202,2343,322,202,0,15,14,20,0,0
822,moderate_drift,1.0,16095.1845703125,11920.8232421875,88,201,2200,225,201,0,11,57,20,0,0
823,moderate_drift,1.0,17263.666015625,5830.23779296875,124,200,2256,185,200,0,58,46,20,0,0
824,moderate_drift,1.0,16213.8115234375,6462.1982421875,106,200,1941,212,200,0,51,35,20,0,0
825,moderate_drift,1.0,14095.486328125,4889.185546875,106,200,1675,160,200,0,57,29,20,0,0
826,moderate_drift,1.0,16584.04296875,5289.86474609375,77,200,1240,167,200,0,35,22,20,0,0
827,moderate_drift,1.0,17147.41015625,9659.919921875,64,200,3010,326,200,0,24,20,20,0,0
828,moderate_drift,1.0,16502.599609375,13197.080078125,85,200,3089,353,200,0,23,42,20,0,0
829,moderate_drift,1.0,17813.8671875,12878.8125,90,207,2947,504,207,0,47,23,20,0,0
830,moderate_drift,1.0,14738.638671875,4501.22314453125,106,200,1281,131,200,0,64,32,10,0,0
831,moderate_drift,1.0,16267.45703125,8746.525390625,79,201,2520,279,201,0,16,43,20,0,0
832,moderate_drift,1.0,16233.580078125,8398.130859375,50,200,2058,209,200,0,10,20,20,0,0
833,moderate_drift,1.0,16296.412109375,9352.6435546875,71,201,2287,218,201,0,15,36,20,0,0
834,moderate_drift,1.0,18702.86328125,9351.19921875,112,200,1784,218,200,0,48,44,20,0,0
835,moderate_drift,1.0,16867.462890625,9182.705078125,74,200,2564,266,200,0,32,22,20,0,0
836,moderate_drift,1.0,15368.2275390625,7028.87939453125,85,200,2047,204,200,0,28,37,20,0,0
837,moderate_drift,1.0,16140.365234375,9122.1611328125,162,200,1650,150,200,0,87,55,20,0,0
838,moderate_drift,1.0,15665.8759765625,7757.29541015625,74,200,2281,216,200,0,29,25,20,0,0
839,moderate_drift,1.0,16392.638671875,8598.1845703125,58,200,2154,244,200,0,10,28,20,0,0
840,moderate_drift,1.0,16500.185546875,7253.43212890625,75,200,2555,295,200,0,30,25,20,0,0
841,moderate_drift,1.0,16087.4169921875,4117.74658203125,102,200,873,99,200,0,43,39,20,0,0
842,moderate_drift,1.0,16993.09375,8326.9736328125,79,200,2071,271,200,0,36,23,20,0,0
843,moderate_drift,1.0,16640.578125,9514.4580078125,83,200,1966,226,200,0,21,52,10,0,0
844,moderate_drift,1.0,13212.3046875,10013.1669921875,76,200,2117,218,200,0,27,39,10,0,0
845,moderate_drift,1.0,14653.3701171875,8844.9892578125,71,200,2360,243,200,0,30,21,20,0,0
846,moderate_drift,1.0,15803.6748046875,6208.630859375,80,200,1181,142,200,0,37,23,20,0,0
847,moderate_drift,1.0,16549.140625,12798.71484375,73,202,2086,253,202,0,11,42,20,0,0
848,moderate_drift,1.0,16049.587890625,5182.33642578125,81,200,2031,180,200,0,51,10,20,0,0
849,moderate_drift,1.0,18887.458984375,12501.8369140625,61,200,1995,223,200,0,16,25,20,0,0
850,moderate_drift,1.0,16636.228515625,7425.1318359375,124,200,2299,237,200,0,50,54,20,0,0
851,moderate_drift,1.0,17565.62890625,14148.4912109375,45,203,1131,231,203,0,13,12,20,0,0
852,moderate_drift,1.0,17548.755859375,9664.9619140625,86,200,1496,166,200,0,29,37,20,0,0
853,moderate_drift,1.0,13417.25390625,10628.8173828125,90,200,2985,276,200,0,49,31,10,0,0
854,moderate_drift,1.0,16001.8681640625,4446.6826171875,118,200,1423,154,200,0,42,56,20,0,0
855,moderate_drift,1.0,14332.322265625,7762.462890625,98,200,1778,163,200,0,61,17,20,0,0
856,moderate_drift,1.0,15686.2041015625,6371.51123046875,111,200,1824,208,200,0,46,45,20,0,0
857,moderate_drift,1.0,16660.076171875,11354.4970703125,59,202,2035,263,202,0,12,27,20,0,0
858,moderate_drift,1.0,14983.9990234375,7370.1162109375,85,200,1916,186,200,0,43,22,20,0,0
859,moderate_drift,1.0,15429.4072265625,9598.9619140625,69,200,2650,326,200,0,32,17,20,0,0
860,moderate_drift,1.0,14544.984375,7313.09375,85,200,2582,286,200,0,44,21,20,0,0
861,moderate_drift,1.0,16038.2744140625,11297.8134765625,78,200,3226,391,200,0,44,14,20,0,0
862,moderate_drift,1.0,16300.4169921875,11461.3134765625,104,200,2240,247,200,0,46,38,20,0,0
863,moderate_drift,1.0,16641.8515625,7896.6572265625,83,200,2196,297,200,0,10,53,20,0,0
864,moderate_drift,1.0,16477.82421875,10500.2099609375,84,200,2925,306,200,0,15,49,20,0,0
865,moderate_drift,1.0,15122.3125,3528.41748046875,106,200,1178,142,200,0,66,20,20,0,0
866,moderate_drift,1.0,15906.2275390625,5382.56591796875,75,200,1496,148,200,0,32,23,20,0,0
867,moderate_drift,1.0,16202.390625,6603.61328125,135,200,1866,145,200,0,106,9,20,0,0
868,moderate_drift,1.0,12805.4140625,9524.595703125,68,200,2793,304,200,0,30,28,10,0,0
869,moderate_drift,1.0,15768.623046875,7213.5966796875,87,200,2140,205,200,0,45,22,20,0,0
870,moderate_drift,1.0,15273.404296875,8922.677734375,59,201,1841,244,201,0,12,27,20,0,0
871,moderate_drift,1.0,15521.5302734375,5971.79931640625,110,200,1799,177,200,0,37,53,20,0,0
872,moderate_drift,1.0,17423.666015625,12099.0927734375,52,204,2752,356,204,0,12,20,20,0,0
873,moderate_drift,1.0,17069.552734375,9766.556640625,72,200,2467,275,200,0,30,22,20,0,0
874,moderate_drift,1.0,17205.44921875,10926.6796875,66,200,2280,241,200,0,26,20,20,0,0
875,moderate_drift,1.0,17518.107421875,12490.3359375,69,200,2831,367,200,0,28,21,20,0,0
876,moderate_drift,1.0,13760.794921875,12327.07421875,67,200,2814,379,200,0,27,30,10,0,0
877,moderate_drift,1.0,14453.2373046875,7847.74609375,84,200,1694,187,200,0,29,35,20,0,0
878,moderate_drift,1.0,16646.896484375,6028.44580078125,105,200,1301,164,200,0,38,47,20,0,0
879,moderate_drift,1.0,16436.619140625,4418.4189453125,86,200,788,77,200,0,27,39,20,0,0
880,moderate_drift,1.0,14787.7060546875,10146.0703125,94,200,3017,332,200,0,45,29,20,0,0
881,moderate_drift,1.0,18276.140625,10827.42578125,74,200,3034,352,200,0,16,38,20,0,0
882,moderate_drift,1.0,14901.5380859375,6414.48681640625,108,200,1744,206,200,0,28,60,20,0,0
883,moderate_drift,1.0,16780.447265625,9601.05859375,62,200,2686,345,200,0,29,13,20,0,0
884,moderate_drift,1.0,16698.736328125,10140.9462890625,84,200,2484,269,200,0,32,32,20,0,0
885,moderate_drift,1.0,16581.859375,8906.2763671875,74,200,2637,290,200,0,44,10,20,0,0
886,moderate_drift,1.0,16639.708984375,8414.439453125,118,200,1678,184,200,0,84,14,20,0,0
887,moderate_drift,1.0,14707.912109375,9464.5322265625,118,200,2376,264,200,0,78,30,10,0,0
888,moderate_drift,1.0,14958.80078125,7513.02099609375,95,201,2369,180,201,0,30,45,20,0,0
889,moderate_drift,1.0,16466.2421875,8505.9169921875,105,202,2594,262,202,0,46,39,20,0,0
890,moderate_drift,1.0,15086.046875,10473.6806640625,85,200,2337,280,200,0,47,18,20,0,0
891,moderate_drift,1.0,16592.431640625,9516.275390625,118,200,1937,200,200,0,89,9,20,0,0
892,moderate_drift,1.0,17208.376953125,13935.1640625,60,202,2497,381,202,0,14,26,20,0,0
893,moderate_drift,1.0,16777.298828125,13186.1005859375,54,205,2892,369,205,0,16,18,20,0,0
894,moderate_drift,1.0,17203.880859375,10351.37890625,96,200,2907,371,200,0,32,44,20,0,0
895,moderate_drift,1.0,15188.71875,12482.1708984375,62,202,2521,319,202,0,22,20,20,0,0
896,moderate_drift,1.0,16958.640625,9093.6513671875,103,201,1634,170,201,0,57,26,20,0,0
897,moderate_drift,1.0,14122.41796875,7507.9560546875,111,200,2274,278,200,0,42,49,20,0,0
898,moderate_drift,1.0,14681.3076171875,9578.2431640625,70,202,1463,203,202,0,15,35,20,0,0
899,moderate_drift,1.0,15433.17578125,11990.720703125,88,201,3067,313,201,0,32,36,20,0,0
900,moderate_drift,1.0,16219.0078125,9837.3857421875,109,200,2316,275,200,0,30,59,20,0,0
901,moderate_drift,1.0,17299.466796875,12411.53125,80,201,1081,152,201,0,28,32,20,0,0
902,moderate_drift,1.0,14757.958984375,5515.14990234375,95,200,1846,175,200,0,53,22,20,0,0
903,moderate_drift,1.0,15932.55859375,4917.1669921875,82,200,1277,133,200,0,25,37,20,0,0
904,moderate_drift,1.0,13464.83203125,8609.814453125,89,200,1891,212,200,0,31,48,10,0,0
905,moderate_drift,1.0,17638.19140625,7144.71337890625,105,200,1741,138,200,0,24,61,20,0,0
906,moderate_drift,1.0,16717.130859375,10990.689453125,89,200,1593,199,200,0,43,26,20,0,0
907,moderate_drift,1.0,15962.6044921875,8554.9912109375,84,200,2015,214,200,0,42,22,20,0,0
908,moderate_drift,1.0,16432.8984375,7283.99853515625,95,200,2508,253,200,0,46,29,20,0,0
909,moderate_drift,1.0,16595.1171875,13800.732421875,72,201,2069,210,201,0,43,9,20,0,0
910,moderate_drift,1.0,18116.1875,7924.3310546875,95,200,2493,292,200,0,42,33,20,0,0
911,moderate_drift,1.0,17854.361328125,8202.29296875,95,200,1145,140,200,0,43,32,20,0,0
912,moderate_drift,1.0,11815.2900390625,11815.2900390625,36,200,2409,263,200,0,10,16,10,0,0
913,moderate_drift,1.0,16339.8583984375,8424.9521484375,56,200,2113,219,200,0,26,10,20,0,0
914,moderate_drift,1.0,15494.802734375,11248.248046875,70,200,2424,301,200,0,16,34,20,0,0
915,moderate_drift,1.0,15574.07421875,8240.5546875,80,200,2088,198,200,0,46,14,20,0,0
916,moderate_drift,1.0,16588.318359375,3455.1474609375,99,200,1463,115,200,0,54,25,20,0,0
917,moderate_drift,1.0,15188.5625,5969.80517578125,113,200,1723,152,200,0,71,22,20,0,0
918,moderate_drift,1.0,16714.107421875,7787.30078125,137,200,1307,132,200,0,85,32,20,0,0
919,moderate_drift,1.0,15981.73828125,6164.95458984375,74,200,1771,188,200,0,30,24,20,0,0
920,moderate_drift,1.0,16642.880859375,7359.16455078125,95,200,1925,223,200,0,53,22,20,0,0
921,moderate_drift,1.0,16623.32421875,5864.033203125,76,200,1701,196,200,0,35,21,20,0,0
922,moderate_drift,1.0,17626.7578125,14074.810546875,61,202,3070,328,202,0,16,25,20,0,0
923,moderate_drift,1.0,14332.1259765625,12791.1474609375,62,201,3183,373,201,0,16,26,20,0,0
924,moderate_drift,1.0,16066.447265625,9727.681640625,89,201,2635,342,201,0,32,37,20,0,0
925,moderate_drift,1.0,15026.8916015625,5086.935546875,98,200,1388,147,200,0,36,42,20,0,0
926,moderate_drift,1.0,14841.4833984375,10480.5947265625,106,200,2434,255,200,0,72,14,20,0,0
927,moderate_drift,1.0,15018.8955078125,6504.06640625,105,200,2068,226,200,0,76,9,20,0,0
928,moderate_drift,1.0,14834.3779296875,10164.2216796875,88,200,2147,220,200,0,23,45,20,0,0
929,moderate_drift,1.0,15791.4677734375,7931.64208984375,82,200,2167,267,200,0,44,18,20,0,0
930,moderate_drift,1.0,15009.9833984375,7974.52294921875,69,201,2172,230,201,0,28,21,20,0,0
931,moderate_drift,1.0,14870.2763671875,11756.2099609375,68,201,2657,308,201,0,14,34,20,0,0
932,moderate_drift,1.0,17799.697265625,11386.017578125,131,200,1972,185,200,0,102,9,20,0,0
933,moderate_drift,1.0,15474.0341796875,8482.28515625,57,200,2376,358,200,0,22,15,20,0,0
934,moderate_drift,1.0,16597.50390625,8507.4111328125,61,200,2468,289,200,0,16,25,20,0,0
935,moderate_drift,1.0,16824.5859375,10742.0341796875,90,202,2484,274,202,0,42,28,20,0,0
936,moderate_drift,1.0,16390.234375,9139.064453125,126,200,2668,366,200,0,88,18,20,0,0
937,moderate_drift,1.0,16193.5751953125,5527.13427734375,80,200,1658,164,200,0,37,23,20,0,0
938,moderate_drift,1.0,17664.029296875,13000.1357421875,89,200,2577,311,200,0,16,53,20,0,0
939,moderate_drift,1.0,16784.0859375,5829.33984375,95,200,1880,157,200,0,30,45,20,0,0
940,moderate_drift,1.0,18612.7109375,6109.5322265625,73,200,1266,152,200,0,41,12,20,0,0
941,moderate_drift,1.0,16524.673828125,6806.8037109375,88,200,1943,155,200,0,59,9,20,0,0
942,moderate_drift,1.0,18279.36328125,13725.865234375,79,201,2895,326,201,0,45,14,20,0,0
943,moderate_drift,1.0,18601.044921875,11682.951171875,77,202,2994,362,202,0,16,41,20,0,0
944,moderate_drift,1.0,15422.935546875,5824.375,131,200,1567,169,200,0,31,80,20,0,0
945,moderate_drift,1.0,16534.44921875,6366.61962890625,108,200,1952,135,200,0,79,9,20,0,0
946,moderate_drift,1.0,16104.2529296875,7865.6484375,86,200,1955,175,200,0,43,23,20,0,0
947,moderate_drift,1.0,18976.302734375,13707.7412109375,76,203,2697,339,203,0,16,40,20,0,0
948,moderate_drift,1.0,17396.01171875,7567.181640625,59,200,2243,192,200,0,14,25,20,0,0
949,moderate_drift,1.0,15481.0849609375,8019.560546875,90,200,2555,294,200,0,36,34,20,0,0
950,moderate_drift,1.0,13076.9677734375,4948.9228515625,81,200,1627,156,200,0,39,32,10,0,0
951,moderate_drift,1.0,14366.9775390625,5773.34814453125,70,200,1518,163,200,0,14,36,20,0,0
952,moderate_drift,1.0,17155.60546875,10007.5107421875,63,201,1667,158,201,0,12,31,20,0,0
953,moderate_drift,1.0,17050.974609375,9950.4287109375,74,200,1830,229,200,0,26,28,20,0,0
954,moderate_drift,1.0,15591.4658203125,7006.3564453125,78,200,2695,280,200,0,28,30,20,0,0
955,moderate_drift,1.0,16974.619140625,6975.921875,102,200,1905,222,200,0,45,37,20,0,0
956,moderate_drift,1.0,15100.7099609375,10005.3798828125,76,200,2310,182,200,0,24,32,20,0,0
957,moderate_drift,1.0,15769.8017578125,9222.0361328125,68,200,2375,246,200,0,16,32,20,0,0
958,moderate_drift,1.0,16219.7958984375,11319.3955078125,56,200,2422,236,200,0,25,11,20,0,0
959,moderate_drift,1.0,12584.45703125,12584.45703125,36,201,2778,299,201,0,10,16,10,0,0
960,moderate_drift,1.0,16121.884765625,6044.89306640625,100,200,1666,198,200,0,60,30,10,0,0
961,moderate_drift,1.0,16888.0078125,13013.4326171875,57,202,1281,163,202,0,14,23,20,0,0
962,moderate_drift,1.0,17411.93359375,9227.4267578125,71,200,2420,281,200,0,16,35,20,0,0
963,moderate_drift,0.9,15919.701171875,9855.591796875,52,200,3046,435,200,0,13,19,20,0,0
964,moderate_drift,1.0,16585.9609375,7108.33837890625,129,200,2341,275,200,0,73,36,20,0,0
965,moderate_drift,1.0,13916.498046875,5559.19970703125,78,200,1698,162,200,0,38,30,10,0,0
966,moderate_drift,1.0,17440.75,14336.6982421875,45,202,2004,219,202,0,16,9,20,0,0
967,moderate_drift,1.0,14688.3447265625,9548.744140625,76,202,2623,345,202,0,14,42,20,0,0
968,moderate_drift,1.0,16624.783203125,7851.84521484375,82,200,2796,292,200,0,41,21,20,0,0
969,moderate_drift,1.0,15945.1240234375,7742.27001953125,77,200,2356,187,200,0,47,10,20,0,0
970,moderate_drift,1.0,15603.9873046875,4830.28955078125,96,200,1537,153,200,0,46,30,20,0,0
971,moderate_drift,1.0,17766.693359375,9471.2763671875,69,200,3006,334,200,0,27,22,20,0,0
972,moderate_drift,1.0,15528.4677734375,7210.6787109375,83,200,1956,147,200,0,25,38,20,0,0
973,moderate_drift,1.0,14719.2421875,11315.0283203125,81,200,2925,300,200,0,47,14,20,0,0
974,moderate_drift,1.0,17477.369140625,15453.939453125,45,207,2179,322,207,0,16,9,20,0,0
975,moderate_drift,1.0,15786.1455078125,10447.0830078125,61,201,2634,333,201,0,16,25,20,0,0
976,moderate_drift,1.0,15814.7353515625,7387.22900390625,66,200,1880,185,200,0,36,10,20,0,0
977,moderate_drift,1.0,17241.234375,6388.33642578125,109,200,2352,204,200,0,75,14,20,0,0
978,moderate_drift,1.0,16566.884765625,10700.8935546875,77,200,1435,181,200,0,15,42,20,0,0
979,moderate_drift,1.0,17072.095703125,10787.671875,136,200,2650,308,200,0,88,28,20,0,0
980,moderate_drift,1.0,16246.525390625,9070.7783203125,82,200,2132,199,200,0,42,20,20,0,0
981,moderate_drift,1.0,16059.349609375,9150.7626953125,81,200,2216,224,200,0,47,14,20,0,0
982,moderate_drift,1.0,17345.33984375,8447.736328125,68,200,2546,255,200,0,28,20,20,0,0
983,moderate_drift,1.0,15334.5537109375,6101.49951171875,86,200,2406,227,200,0,32,34,20,0,0
984,moderate_drift,1.0,16612.87890625,4811.41259765625,104,200,1418,129,200,0,28,56,20,0,0
985,moderate_drift,1.0,17521.705078125,11888.12890625,70,200,3212,367,200,0,16,34,20,0,0
986,moderate_drift,1.0,16758.267578125,7240.4453125,108,200,2233,208,200,0,79,9,20,0,0
987,moderate_drift,1.0,15487.2490234375,13112.4755859375,113,201,2333,255,201,0,72,31,10,0,0
988,moderate_drift,1.0,16114.392578125,7378.47607421875,119,200,2027,190,200,0,30,69,20,0,0
989,moderate_drift,1.0,16151.9521484375,14902.1044921875,45,217,2053,416,217,0,16,9,20,0,0
990,moderate_drift,1.0,15746.90234375,12626.7744140625,52,204,2439,363,204,0,13,19,20,0,0
991,moderate_drift,1.0,14993.7880859375,10367.6728515625,80,200,2714,260,200,0,27,33,20,0,0
992,moderate_drift,1.0,15926.3583984375,5974.9453125,120,200,2045,182,200,0,75,25,20,0,0
993,moderate_drift,1.0,17244.736328125,9678.1337890625,122,200,2852,314,200,0,44,58,20,0,0
994,moderate_drift,1.0,16504.599609375,7297.0009765625,80,200,2187,189,200,0,27,33,20,0,0
995,moderate_drift,1.0,17344.63671875,6285.234375,125,200,989,132,200,0,42,63,20,0,0
996,moderate_drift,1.0,16724.53125,14220.49609375,84,204,2452,283,204,0,14,50,20,0,0
997,moderate_drift,1.0,17802.958984375,12420.1279296875,69,201,3057,363,201,0,13,36,20,0,0
998,moderate_drift,1.0,17650.4140625,7617.97021484375,80,200,1355,148,200,0,16,44,20,0,0
999,moderate_drift,1.0,17061.697265625,13737.9755859375,73,202,2982,354,202,0,28,25,20,0,0
1000,moderate_drift,1.0,17158.25390625,11363.2880859375,72,200,1520,178,200,0,27,25,20,0,0
1001,moderate_drift,1.0,17348.59375,7626.72265625,101,200,2424,216,200,0,28,53,20,0,0
1002,moderate_drift,1.0,15613.3564453125,8577.37890625,83,200,2347,288,200,0,25,38,20,0,0
1003,moderate_drift,1.0,16364.2119140625,13477.63671875,76,201,2900,288,201,0,30,26,20,0,0
1004,moderate_drift,1.0,18015.693359375,7163.08447265625,102,200,1130,133,200,0,70,12,20,0,0
1005,moderate_drift,1.0,14935.0849609375,5635.537109375,121,200,1721,151,200,0,55,46,20,0,0
1006,moderate_drift,1.0,15720.287109375,8071.8818359375,71,200,2298,256,200,0,41,10,20,0,0
1007,moderate_drift,1.0,15353.197265625,8528.3828125,79,200,1958,237,200,0,37,22,20,0,0
1008,moderate_drift,1.0,15851.384765625,6566.63720703125,55,200,1809,192,200,0,25,10,20,0,0
1009,moderate_drift,1.0,14783.5888671875,11692.1650390625,72,203,2315,300,203,0,16,36,20,0,0
1010,moderate_drift,1.0,15366.8544921875,10242.5625,150,201,2588,363,201,0,77,53,20,0,0
1011,moderate_drift,1.0,17207.95703125,4157.29248046875,77,200,1049,156,200,0,35,22,20,0,0
1012,moderate_drift,1.0,17357.56640625,9655.8134765625,83,201,2443,246,201,0,30,33,20,0,0
1013,moderate_drift,1.0,18091.5859375,5250.35546875,77,200,2059,218,200,0,43,14,20,0,0
1014,moderate_drift,1.0,13520.0400390625,8735.04296875,70,200,2122,246,200,0,29,21,20,0,0
1015,moderate_drift,1.0,15027.9375,9633.6357421875,77,200,1980,212,200,0,48,9,20,0,0
1016,moderate_drift,1.0,15765.33203125,12174.4970703125,82,201,2307,210,201,0,10,52,20,0,0
1017,moderate_drift,1.0,17149.7734375,9519.3134765625,91,200,2867,318,200,0,46,25,20,0,0
1018,moderate_drift,1.0,17091.69140625,9209.197265625,76,200,2774,247,200,0,30,26,20,0,0
1019,moderate_drift,1.0,17637.119140625,6323.37744140625,95,200,2030,195,200,0,53,22,20,0,0
1020,moderate_drift,1.0,15541.6181640625,9443.6728515625,117,200,2370,194,200,0,77,30,10,0,0
1021,moderate_drift,1.0,15389.2216796875,9177.634765625,108,200,2155,246,200,0,22,66,20,0,0
1022,moderate_drift,1.0,17975.681640625,4836.36474609375,150,200,1005,134,200,0,76,54,20,0,0
1023,moderate_drift,1.0,16060.451171875,9178.5224609375,85,200,2179,247,200,0,28,37,20,0,0
1024,moderate_drift,1.0,18466.947265625,9177.5380859375,65,200,2402,217,200,0,31,14,20,0,0
1025,moderate_drift,1.0,16558.736328125,5451.6513671875,107,200,1983,181,200,0,57,30,20,0,0
1026,moderate_drift,1.0,16708.96875,7580.2548828125,102,200,2174,228,200,0,59,23,20,0,0
1027,moderate_drift,1.0,17257.544921875,7953.84228515625,113,200,1435,179,200,0,70,23,20,0,0
1028,moderate_drift,1.0,16099.609375,9566.6337890625,62,201,2338,301,201,0,16,26,20,0,0
1029,moderate_drift,1.0,15933.7998046875,8110.1455078125,72,200,1906,178,200,0,29,23,20,0,0
1030,moderate_drift,1.0,17073.41015625,7289.265625,60,200,1936,214,200,0,27,13,20,0,0
1031,moderate_drift,1.0,15050.328125,9109.4951171875,69,200,2591,316,200,0,16,33,20,0,0
1032,moderate_drift,1.0,15629.3388671875,6192.8583984375,90,200,1586,197,200,0,27,43,20,0,0
1033,moderate_drift,1.0,14134.8798828125,11370.3447265625,117,200,2423,310,200,0,63,34,20,0,0
1034,moderate_drift,1.0,15059.220703125,12328.865234375,64,201,2920,333,201,0,30,14,20,0,0
1035,moderate_drift,1.0,17483.9921875,6855.9619140625,129,200,1476,150,200,0,75,34,20,0,0
1036,moderate_drift,1.0,17403.119140625,15514.46875,45,205,2126,265,205,0,16,9,20,0,0
1037,moderate_drift,1.0,15121.7197265625,9588.2470703125,110,200,2491,275,200,0,28,62,20,0,0
1038,moderate_drift,1.0,16992.6796875,6717.59228515625,139,200,1387,150,200,0,96,23,20,0,0
1039,moderate_drift,1.0,17618.19921875,9989.794921875,59,200,2877,308,200,0,15,24,20,0,0
1040,moderate_drift,1.0,14537.7939453125,8375.771484375,71,200,1902,186,200,0,16,35,20,0,0
1041,moderate_drift,1.0,17341.623046875,6716.4462890625,60,200,2311,272,200,0,27,13,20,0,0
1042,moderate_drift,1.0,17755.072265625,6031.21435546875,63,200,1104,132,200,0,21,22,20,0,0
1043,moderate_drift,1.0,16240.513671875,7321.57275390625,103,200,2227,195,200,0,46,37,20,0,0
1044,moderate_drift,1.0,16810.130859375,8582.529296875,83,200,1941,256,200,0,31,32,20,0,0
1045,moderate_drift,1.0,17642.791015625,11286.384765625,65,200,2611,318,200,0,22,23,20,0,0
1046,moderate_drift,1.0,16950.736328125,12943.7880859375,59,202,2844,320,202,0,14,25,20,0,0
1047,moderate_drift,1.0,16647.140625,7289.81982421875,56,200,1650,162,200,0,7,29,20,0,0
1048,moderate_drift,1.0,18049.513671875,12951.37109375,83,202,2839,330,202,0,42,21,20,0,0
1049,moderate_drift,1.0,15396.87109375,6476.9326171875,86,200,2132,171,200,0,31,35,20,0,0
1050,moderate_drift,1.0,15593.5595703125,9917.5302734375,69,201,1584,209,201,0,16,33,20,0,0
1051,moderate_drift,1.0,16253.6220703125,9444.576171875,109,200,2706,368,200,0,54,35,20,0,0
1052,moderate_drift,1.0,16237.2265625,10043.501953125,86,200,2961,327,200,0,44,22,20,0,0
1053,moderate_drift,1.0,14440.2626953125,8804.466796875,145,200,2583,232,200,0,112,13,20,0,0
1054,moderate_drift,1.0,16955.181640625,13173.2333984375,48,202,3147,412,202,0,13,15,20,0,0
1055,moderate_drift,1.0,17124.732421875,7703.00244140625,50,200,1187,120,200,0,10,20,20,0,0
1056,moderate_drift,1.0,18143.935546875,6816.427734375,106,200,2334,197,200,0,58,28,20,0,0
1057,moderate_drift,1.0,16553.78515625,8966.2197265625,101,200,2381,282,200,0,53,28,20,0,0
1058,moderate_drift,1.0,15765.1201171875,5883.14501953125,79,200,1078,153,200,0,23,36,20,0,0
1059,moderate_drift,1.0,16100.7939453125,7242.58349609375,83,200,2155,200,200,0,25,38,20,0,0
1060,moderate_drift,1.0,16852.119140625,12588.9521484375,54,201,2211,225,201,0,16,18,20,0,0
1061,moderate_drift,1.0,17248.912109375,7530.126953125,113,200,1925,137,200,0,57,36,20,0,0
1062,moderate_drift,1.0,15342.5126953125,9486.8203125,59,201,2534,291,201,0,14,25,20,0,0
1063,moderate_drift,1.0,15909.4892578125,9786.931640625,76,200,2447,299,200,0,26,30,20,0,0
1064,moderate_drift,1.0,17395.169921875,4015.726318359375,98,200,847,95,200,0,29,49,20,0,0
1065,moderate_drift,1.0,15319.7255859375,6396.73974609375,76,200,1635,173,200,0,42,14,20,0,0
1066,moderate_drift,1.0,16506.5234375,5943.38818359375,92,200,2044,184,200,0,43,29,20,0,0
1067,moderate_drift,1.0,14085.466796875,9765.62109375,70,200,2898,286,200,0,24,26,20,0,0
1068,moderate_drift,1.0,16869.33203125,6737.06884765625,89,200,2325,199,200,0,30,39,20,0,0
1069,moderate_drift,1.0,14336.5810546875,8363.2783203125,60,200,2145,243,200,0,29,11,20,0,0
1070,moderate_drift,1.0,15878.484375,11987.509765625,62,201,2351,293,201,0,16,26,20,0,0
1071,moderate_drift,1.0,17310.236328125,12741.3671875,68,200,2236,251,200,0,27,21,20,0,0
1072,moderate_drift,1.0,15801.638671875,4556.1572265625,95,200,1768,142,200,0,41,34,20,0,0
1073,moderate_drift,1.0,14147.4345703125,6591.6767578125,89,200,1866,207,200,0,28,51,10,0,0
1074,moderate_drift,1.0,15125.3193359375,11977.0830078125,77,201,2892,308,201,0,31,26,20,0,0
1075,moderate_drift,1.0,15472.4638671875,10560.123046875,71,200,2361,283,200,0,16,35,20,0,0
1076,moderate_drift,1.0,16858.947265625,4542.6474609375,90,200,1707,190,200,0,28,42,20,0,0
1077,moderate_drift,1.0,17518.142578125,9021.57421875,101,200,2521,281,200,0,31,50,20,0,0
1078,moderate_drift,1.0,16328.58203125,7315.1103515625,70,200,1256,142,200,0,28,22,20,0,0
1079,moderate_drift,1.0,15954.30078125,7052.70556640625,74,200,1047,169,200,0,43,11,20,0,0
1080,moderate_drift,1.0,15054.3271484375,8271.8310546875,110,200,2426,306,200,0,46,44,20,0,0
1081,moderate_drift,1.0,16179.47265625,6301.6123046875,73,200,1912,158,200,0,44,9,20,0,0
1082,moderate_drift,1.0,17027.908203125,14001.8271484375,87,206,2329,368,206,0,32,35,20,0,0
1083,moderate_drift,1.0,16326.0478515625,8870.7373046875,100,200,2185,206,200,0,60,20,20,0,0
1084,moderate_drift,1.0,14968.958984375,5462.83154296875,103,200,1198,158,200,0,29,54,20,0,0
1085,moderate_drift,1.0,16539.27734375,10027.3642578125,71,200,2324,269,200,0,11,40,20,0,0
1086,moderate_drift,1.0,17381.759765625,15294.732421875,45,207,2152,321,207,0,16,9,20,0,0
1087,moderate_drift,1.0,16887.30859375,14747.98828125,45,205,2050,276,205,0,16,9,20,0,0
1088,moderate_drift,1.0,14516.986328125,6254.2705078125,110,200,1516,165,200,0,44,46,20,0,0
1089,moderate_drift,1.0,14427.2626953125,12238.0546875,54,201,2667,287,201,0,16,18,20,0,0
1090,moderate_drift,1.0,17334.421875,14774.580078125,63,202,2513,334,202,0,22,21,20,0,0
1091,moderate_drift,1.0,17377.177734375,4182.63427734375,132,200,1090,152,200,0,98,14,20,0,0
1092,moderate_drift,1.0,17939.623046875,6744.138671875,93,200,1896,137,200,0,51,22,20,0,0
1093,moderate_drift,1.0,17010.74609375,9952.8056640625,90,200,1520,184,200,0,56,14,20,0,0
1094,moderate_drift,1.0,15955.041015625,11655.2412109375,110,200,2707,402,200,0,42,48,20,0,0
1095,moderate_drift,1.0,19138.00390625,5413.404296875,65,200,1191,146,200,0,27,18,20,0,0
1096,moderate_drift,1.0,14773.005859375,10712.5556640625,59,200,2856,315,200,0,15,24,20,0,0
1097,moderate_drift,1.0,15610.2900390625,9662.6962890625,60,200,2407,241,200,0,26,14,20,0,0
1098,moderate_drift,1.0,16868.470703125,9085.974609375,70,200,2455,263,200,0,11,39,20,0,0
1099,moderate_drift,1.0,17210.87890625,12191.0908203125,71,201,2115,260,201,0,28,23,20,0,0
1100,moderate_drift,1.0,15721.95703125,7468.79248046875,122,200,1922,138,200,0,56,46,20,0,0
1101,moderate_drift,1.0,14871.4697265625,8452.89453125,78,200,1737,191,200,0,38,30,10,0,0
1102,moderate_drift,1.0,18096.947265625,4661.46142578125,85,200,2070,213,200,0,55,10,20,0,0
1103,moderate_drift,1.0,15263.072265625,9955.0576171875,76,202,2198,290,202,0,30,26,20,0,0
1104,moderate_drift,1.0,14329.427734375,5002.67724609375,79,200,1561,138,200,0,45,24,10,0,0
1105,moderate_drift,1.0,15237.88671875,9403.767578125,75,200,1896,222,200,0,28,37,10,0,0
1106,moderate_drift,1.0,17323.462890625,10337.146484375,85,200,3099,345,200,0,43,22,20,0,0
1107,moderate_drift,1.0,17494.638671875,8277.078125,81,200,1748,188,200,0,41,20,20,0,0
1108,moderate_drift,1.0,18650.26171875,6620.11767578125,76,200,1385,261,200,0,37,19,20,0,0
1109,moderate_drift,1.0,16501.9375,9582.9033203125,46,200,2757,284,200,0,16,10,20,0,0
1110,moderate_drift,1.0,16644.3671875,7753.548828125,85,200,1992,192,200,0,43,22,20,0,0
1111,moderate_drift,1.0,15802.876953125,5257.01708984375,69,200,1534,130,200,0,26,23,20,0,0
1112,moderate_drift,1.0,16277.8125,10309.5888671875,44,200,2181,215,200,0,14,10,20,0,0
1113,moderate_drift,1.0,16073.90625,7561.3662109375,117,200,2654,305,200,0,63,34,20,0,0
1114,moderate_drift,1.0,15815.1826171875,5433.58447265625,69,200,1579,160,200,0,26,23,20,0,0
1115,moderate_drift,1.0,15627.068359375,7338.5029296875,78,200,1702,176,200,0,23,35,20,0,0
1116,moderate_drift,1.0,17618.4296875,6464.28662109375,106,200,1675,156,200,0,53,33,20,0,0
1117,moderate_drift,1.0,16705.708984375,6412.01171875,130,200,1440,154,200,0,28,82,20,0,0
1118,moderate_drift,1.0,15599.1884765625,7763.484375,94,200,2277,205,200,0,41,33,20,0,0
1119,moderate_drift,1.0,17535.060546875,13662.15625,52,201,2679,306,201,0,12,20,20,0,0
1120,moderate_drift,1.0,15524.423828125,10876.2109375,51,200,1826,290,200,0,14,17,20,0,0
1121,moderate_drift,1.0,14776.1005859375,6117.93212890625,92,200,1984,162,200,0,46,26,20,0,0
1122,moderate_drift,1.0,14011.03515625,9295.9033203125,79,200,2551,249,200,0,45,14,20,0,0
1123,moderate_drift,1.0,15938.21875,10579.4794921875,52,201,2628,247,201,0,12,20,20,0,0
1124,moderate_drift,1.0,17995.21875,11102.380859375,46,200,2214,212,200,0,13,13,20,0,0
1125,moderate_drift,1.0,17863.8359375,3000.168701171875,110,200,1398,124,200,0,55,35,20,0,0
1126,moderate_drift,1.0,16305.4384765625,6796.1884765625,79,200,2135,211,200,0,39,20,20,0,0
1127,moderate_drift,1.0,17339.087890625,7782.98681640625,111,200,1964,233,200,0,82,9,20,0,0
1128,moderate_drift,1.0,17117.462890625,6871.46923828125,112,200,1199,157,200,0,80,12,20,0,0
1129,moderate_drift,1.0,15895.525390625,11549.005859375,57,200,2692,338,200,0,15,22,20,0,0
1130,moderate_drift,1.0,16520.119140625,11204.603515625,87,200,2585,297,200,0,42,25,20,0,0
1131,moderate_drift,1.0,17976.0390625,8177.61083984375,115,200,1962,204,200,0,58,37,20,0,0
1132,moderate_drift,1.0,18398.859375,9464.8427734375,85,200,2178,191,200,0,52,13,20,0,0
1133,moderate_drift,1.0,16376.8056640625,7430.25830078125,105,200,2361,280,200,0,75,10,20,0,0
1134,moderate_drift,1.0,18077.6328125,8457.853515625,85,200,2430,241,200,0,42,23,20,0,0
1135,moderate_drift,1.0,16736.6328125,8890.052734375,66,200,2291,253,200,0,9,37,20,0,0
1136,moderate_drift,1.0,15222.4208984375,8298.4658203125,111,200,2129,252,200,0,47,44,20,0,0
1137,moderate_drift,1.0,16282.88671875,4248.2958984375,64,200,1441,115,200,0,23,21,20,0,0
1138,moderate_drift,1.0,18803.193359375,5968.9169921875,75,200,1788,182,200,0,29,26,20,0,0
1139,moderate_drift,1.0,15909.4873046875,14929.69140625,45,203,2629,324,203,0,16,9,20,0,0
1140,moderate_drift,1.0,16528.904296875,8996.29296875,114,200,2337,262,200,0,59,35,20,0,0
1141,moderate_drift,1.0,15692.798828125,8446.5263671875,123,200,1618,215,200,0,45,58,20,0,0
1142,moderate_drift,1.0,17020.865234375,7193.552734375,83,200,1595,183,200,0,42,21,20,0,0
1143,moderate_drift,1.0,16587.017578125,7879.037109375,103,200,2155,243,200,0,61,22,20,0,0
1144,moderate_drift,1.0,16058.69140625,8405.634765625,86,201,2281,265,201,0,25,41,20,0,0
1145,moderate_drift,1.0,17497.89453125,8975.439453125,93,200,2420,270,200,0,31,42,20,0,0
1146,moderate_drift,1.0,17469.01953125,13214.0234375,71,201,2971,286,201,0,25,26,20,0,0
1147,moderate_drift,1.0,16079.501953125,9765.369140625,119,200,2843,323,200,0,77,22,20,0,0
1148,moderate_drift,1.0,16617.935546875,10588.546875,59,201,1930,193,201,0,14,25,20,0,0
1149,moderate_drift,1.0,18449.447265625,13231.90234375,46,200,1872,312,200,0,15,11,20,0,0
1150,moderate_drift,1.0,16650.509765625,14803.91015625,45,202,2193,257,202,0,16,9,20,0,0
1151,moderate_drift,1.0,17874.927734375,9637.21484375,79,200,2668,274,200,0,45,14,20,0,0
1152,moderate_drift,1.0,16879.1484375,8389.68359375,58,200,1791,178,200,0,15,23,20,0,0
1153,moderate_drift,1.0,17801.5546875,12378.26953125,74,200,3145,356,200,0,32,22,20,0,0
1154,moderate_drift,1.0,18927.880859375,12875.2666015625,45,201,2543,272,201,0,13,12,20,0,0
1155,moderate_drift,1.0,14104.4501953125,6064.173828125,68,200,1617,207,200,0,26,32,10,0,0
1156,moderate_drift,1.0,16031.1015625,13553.8828125,70,202,2824,315,202,0,16,34,20,0,0
1157,moderate_drift,0.9,15998.1806640625,11226.611328125,97,200,2984,365,200,0,42,35,20,0,0
1158,moderate_drift,0.9,15714.5068359375,12524.1552734375,58,201,3080,380,201,0,29,9,20,0,0
1159,moderate_drift,1.0,15937.3525390625,11408.185546875,113,202,2948,447,202,0,32,61,20,0,0
1160,moderate_drift,1.0,15287.748046875,7839.98583984375,126,200,1962,183,200,0,46,60,20,0,0
1161,moderate_drift,1.0,13680.4208984375,11841.3203125,65,200,2281,224,200,0,28,27,10,0,0
1162,moderate_drift,1.0,16773.69140625,7654.8076171875,85,200,1864,190,200,0,42,23,20,0,0
1163,moderate_drift,1.0,15788.5771484375,13168.0478515625,68,201,2626,304,201,0,15,43,10,0,0
1164,moderate_drift,0.9,18065.65625,12457.80859375,89,201,3162,398,201,0,46,23,20,0,0
1165,moderate_drift,1.0,16946.00390625,8638.470703125,99,200,1903,193,200,0,30,49,20,0,0
1166,moderate_drift,1.0,16712.720703125,13707.4912109375,72,200,1802,212,200,0,41,11,20,0,0
1167,moderate_drift,1.0,16821.734375,11337.57421875,74,200,3020,267,200,0,42,12,20,0,0
1168,moderate_drift,1.0,16584.578125,4717.4765625,102,200,1045,120,200,0,27,55,20,0,0
1169,moderate_drift,1.0,16474.01171875,11220.3447265625,85,200,2904,385,200,0,26,39,20,0,0
1170,moderate_drift,1.0,14892.05859375,9243.4912109375,60,200,1730,177,200,0,16,24,20,0,0
1171,moderate_drift,1.0,16755.095703125,13999.26953125,72,201,2438,247,201,0,15,37,20,0,0
1172,moderate_drift,1.0,15296.1357421875,10651.0693359375,72,200,2440,324,200,0,29,23,20,0,0
1173,moderate_drift,1.0,18309.310546875,11363.6572265625,45,200,2825,318,200,0,13,12,20,0,0
1174,moderate_drift,1.0,15990.1162109375,12457.9638671875,49,201,2471,262,201,0,15,14,20,0,0
1175,moderate_drift,1.0,16220.7080078125,6532.34033203125,88,200,2042,181,200,0,58,10,20,0,0
1176,moderate_drift,1.0,16197.193359375,10423.9267578125,61,200,2787,379,200,0,16,25,20,0,0
1177,moderate_drift,1.0,14130.125,13515.8505859375,45,205,2221,332,205,0,16,9,20,0,0
1178,moderate_drift,1.0,17000.626953125,14651.4755859375,89,204,2641,396,204,0,42,27,20,0,0
1179,moderate_drift,1.0,16851.8046875,8899.744140625,113,200,2423,227,200,0,44,49,20,0,0
1180,moderate_drift,1.0,16862.787109375,7541.67138671875,114,200,2180,205,200,0,48,46,20,0,0
1181,moderate_drift,1.0,16322.5732421875,5437.91259765625,94,200,1224,152,200,0,51,23,20,0,0
1182,moderate_drift,1.0,17539.47265625,10127.9794921875,53,200,1729,168,200,0,13,20,20,0,0
1183,moderate_drift,1.0,17054.50390625,15383.640625,45,207,2187,323,207,0,16,9,20,0,0
1184,moderate_drift,0.9,13231.2080078125,12324.2783203125,52,200,3061,363,200,0,26,16,10,0,0
1185,moderate_drift,1.0,15573.8515625,6196.85009765625,121,200,1323,138,200,0,70,31,20,0,0
1186,moderate_drift,1.0,15634.8388671875,8973.638671875,64,200,2071,227,200,0,26,18,20,0,0
1187,moderate_drift,1.0,16460.21484375,11984.07421875,71,201,1325,180,201,0,29,22,20,0,0
1188,moderate_drift,1.0,16691.427734375,6715.697265625,115,200,1429,168,200,0,30,65,20,0,0
1189,moderate_drift,1.0,17788.193359375,15074.9384765625,57,207,1789,327,207,0,14,23,20,0,0
1190,moderate_drift,1.0,16475.91015625,10401.9580078125,80,200,2089,214,200,0,27,33,20,0,0
1191,moderate_drift,1.0,16410.98828125,10757.1962890625,86,201,2702,292,201,0,32,34,20,0,0
1192,moderate_drift,1.0,17621.650390625,9725.1923828125,111,200,1826,190,200,0,77,14,20,0,0
1193,moderate_drift,1.0,16952.662109375,13556.1953125,84,201,1760,239,201,0,43,21,20,0,0
1194,moderate_drift,1.0,18305.236328125,12642.2705078125,62,200,2657,305,200,0,16,26,20,0,0
1195,moderate_drift,1.0,15412.7177734375,7532.08154296875,88,200,1606,173,200,0,31,37,20,0,0
1196,moderate_drift,1.0,17492.55078125,11281.646484375,77,200,2937,348,200,0,31,26,20,0,0
1197,moderate_drift,1.0,18745.833984375,11106.9912109375,60,200,2255,240,200,0,27,13,20,0,0
1198,moderate_drift,1.0,15827.4208984375,9890.5966796875,69,200,2308,252,200,0,16,33,20,0,0
1199,moderate_drift,1.0,16232.0458984375,12668.0419921875,85,201,2177,246,201,0,15,50,20,0,0
1200,moderate_drift,1.0,17770.013671875,12066.203125,92,200,3162,418,200,0,46,26,20,0,0
1201,moderate_drift,1.0,16649.76953125,6960.0966796875,121,200,1621,158,200,0,42,59,20,0,0
1202,moderate_drift,1.0,14508.1142578125,7392.40478515625,66,200,1962,235,200,0,25,21,20,0,0
1203,moderate_drift,1.0,15449.255859375,8327.2119140625,100,200,2051,199,200,0,71,9,20,0,0
1204,moderate_drift,1.0,15925.8662109375,4325.302734375,59,200,1455,155,200,0,16,23,20,0,0
1205,moderate_drift,1.0,15583.0595703125,9695.908203125,83,200,2487,234,200,0,32,31,20,0,0
1206,moderate_drift,1.0,14141.4228515625,10055.08203125,61,200,2106,191,200,0,31,10,20,0,0
1207,moderate_drift,1.0,16086.2421875,10773.4306640625,97,201,2349,283,201,0,15,62,20,0,0
1208,moderate_drift,1.0,16798.35546875,12178.033203125,68,202,2249,280,202,0,28,20,20,0,0
1209,moderate_drift,1.0,16658.19921875,8679.9912109375,182,200,2274,215,200,0,114,48,20,0,0
1210,moderate_drift,1.0,15189.5859375,6679.818359375,98,200,1236,159,200,0,27,51,20,0,0
1211,moderate_drift,1.0,16533.646484375,10894.662109375,61,201,1050,159,201,0,16,25,20,0,0
1212,moderate_drift,1.0,15544.6630859375,9709.287109375,81,200,2471,287,200,0,32,29,20,0,0
1213,moderate_drift,1.0,16702.70703125,12789.279296875,65,201,2994,352,201,0,25,20,20,0,0
1214,moderate_drift,1.0,15831.58984375,7221.53515625,92,200,2528,236,200,0,47,25,20,0,0
1215,moderate_drift,1.0,15271.9638671875,7130.98974609375,79,200,1640,163,200,0,22,37,20,0,0
1216,moderate_drift,1.0,16688.552734375,12440.9375,46,201,2602,329,201,0,13,13,20,0,0
1217,moderate_drift,1.0,16031.1708984375,12271.4619140625,69,201,2418,242,201,0,15,34,20,0,0
1218,moderate_drift,1.0,16313.857421875,5999.57373046875,88,200,2197,228,200,0,30,48,10,0,0
1219,moderate_drift,1.0,16386.79296875,9156.603515625,79,200,2351,274,200,0,38,21,20,0,0
1220,moderate_drift,1.0,18475.765625,12820.6787109375,92,200,3062,370,200,0,55,17,20,0,0
1221,moderate_drift,1.0,16885.662109375,9571.2333984375,120,201,2253,223,201,0,43,57,20,0,0
1222,moderate_drift,1.0,17203.48828125,4760.654296875,85,200,1437,123,200,0,42,23,20,0,0
1223,moderate_drift,1.0,16839.576171875,6270.0400390625,86,200,2440,216,200,0,31,35,20,0,0
1224,moderate_drift,1.0,16588.5546875,12529.482421875,82,201,2822,332,201,0,15,47,20,0,0
1225,moderate_drift,1.0,16867.853515625,9096.7607421875,75,200,2314,240,200,0,12,43,20,0,0
1226,moderate_drift,1.0,14654.1669921875,8432.9814453125,94,200,2642,263,200,0,54,20,20,0,0
1227,moderate_drift,1.0,17183.533203125,7390.91259765625,87,200,1537,168,200,0,45,22,20,0,0
1228,moderate_drift,1.0,16550.970703125,6952.1328125,104,200,2544,318,200,0,45,39,20,0,0
1229,moderate_drift,1.0,17406.09765625,12134.701171875,103,201,1600,205,201,0,38,45,20,0,0
1230,moderate_drift,1.0,15638.7109375,6137.16796875,100,200,2107,193,200,0,53,27,20,0,0
1231,moderate_drift,1.0,15366.15234375,13624.0947265625,49,202,3085,416,202,0,15,14,20,0,0
1232,moderate_drift,1.0,16375.859375,7716.70849609375,120,200,2613,295,200,0,44,56,20,0,0
1233,moderate_drift,1.0,16875.375,9952.05078125,90,200,1683,168,200,0,45,25,20,0,0
1234,moderate_drift,1.0,17445.115234375,11226.0771484375,95,200,1727,191,200,0,46,29,20,0,0
1235,moderate_drift,1.0,18106.89453125,12058.0849609375,58,201,1444,173,201,0,15,23,20,0,0
1236,moderate_drift,1.0,15688.4443359375,5889.79541015625,104,200,1526,140,200,0,28,56,20,0,0
1237,moderate_drift,1.0,17298.888671875,10047.521484375,96,200,1787,203,200,0,46,30,20,0,0
1238,moderate_drift,1.0,17085.556640625,3648.066162109375,79,200,1322,169,200,0,45,14,20,0,0
1239,moderate_drift,1.0,14475.572265625,9766.4873046875,78,201,2980,350,201,0,23,35,20,0,0
1240,moderate_drift,1.0,16196.5087890625,15321.994140625,45,203,2119,295,203,0,16,9,20,0,0
1241,moderate_drift,1.0,16564.23828125,5910.587890625,71,200,1662,178,200,0,28,23,20,0,0
1242,moderate_drift,1.0,12560.9990234375,7307.08203125,95,200,2155,239,200,0,46,39,10,0,0
1243,moderate_drift,1.0,17044.607421875,4942.2470703125,63,200,1514,145,200,0,22,21,20,0,0
1244,moderate_drift,1.0,16947.009765625,14290.6787109375,83,203,2460,348,203,0,41,22,20,0,0
1245,moderate_drift,1.0,17956.794921875,7101.18310546875,69,200,1690,202,200,0,25,24,20,0,0
1246,moderate_drift,1.0,17192.98046875,9543.0439453125,46,200,2653,354,200,0,13,13,20,0,0
1247,moderate_drift,1.0,14655.9033203125,7992.150390625,109,200,1579,174,200,0,45,44,20,0,0
1248,moderate_drift,1.0,17743.80859375,13699.0224609375,68,201,1871,227,201,0,15,33,20,0,0
1249,moderate_drift,1.0,14945.3310546875,12899.640625,45,203,2078,261,203,0,16,9,20,0,0
1250,moderate_drift,1.0,16113.453125,10254.900390625,96,200,2820,314,200,0,32,44,20,0,0
1251,moderate_drift,1.0,17709.7734375,7718.4267578125,92,200,1853,174,200,0,58,14,20,0,0
1252,moderate_drift,1.0,14733.68359375,6774.4619140625,141,200,1201,160,200,0,107,14,20,0,0
1253,moderate_drift,1.0,12738.822265625,8421.5546875,84,200,2069,187,200,0,46,28,10,0,0
1254,moderate_drift,1.0,15902.92578125,7728.87060546875,112,200,1989,193,200,0,42,50,20,0,0
1255,moderate_drift,1.0,16172.76171875,9291.7333984375,75,200,2482,243,200,0,41,14,20,0,0
1256,moderate_drift,1.0,17290.267578125,9168.4306640625,82,200,2295,288,200,0,32,30,20,0,0
1257,moderate_drift,1.0,15653.615234375,7719.62646484375,75,200,2412,291,200,0,30,25,20,0,0
1258,moderate_drift,1.0,16118.396484375,10062.5888671875,65,202,2289,246,202,0,23,22,20,0,0
1259,moderate_drift,1.0,15533.6845703125,6247.12451171875,89,200,1729,195,200,0,37,32,20,0,0
1260,moderate_drift,1.0,18063.95703125,10902.4951171875,82,200,2536,234,200,0,29,33,20,0,0
1261,moderate_drift,1.0,12924.986328125,7584.37255859375,75,200,1723,191,200,0,27,38,10,0,0
1262,moderate_drift,1.0,15227.9775390625,9200.72265625,82,200,2415,229,200,0,30,32,20,0,0
1263,moderate_drift,1.0,16366.791015625,10621.041015625,66,200,2560,308,200,0,16,30,20,0,0
1264,moderate_drift,1.0,16960.80859375,7218.58984375,74,200,1063,131,200,0,42,12,20,0,0
1265,moderate_drift,1.0,14800.9775390625,9932.515625,96,200,2485,281,200,0,28,48,20,0,0
1266,moderate_drift,1.0,16153.267578125,5915.79638671875,81,200,1579,151,200,0,30,31,20,0,0
1267,moderate_drift,1.0,15525.958984375,9904.0048828125,70,200,2866,329,200,0,15,35,20,0,0
1268,moderate_drift,1.0,15954.9267578125,7940.19384765625,81,200,1898,179,200,0,24,37,20,0,0
1269,moderate_drift,1.0,16262.8125,6400.04541015625,137,200,2460,215,200,0,56,61,20,0,0
1270,moderate_drift,1.0,16475.962890625,13722.189453125,45,204,1508,209,204,0,16,9,20,0,0
1271,moderate_drift,1.0,16322.26953125,5579.82470703125,110,200,2368,250,200,0,46,44,20,0,0
1272,moderate_drift,1.0,16366.8896484375,9558.9619140625,84,200,2478,317,200,0,26,38,20,0,0
1273,moderate_drift,1.0,16760.0390625,5345.13037109375,83,200,1654,170,200,0,41,22,20,0,0
1274,moderate_drift,1.0,15747.5830078125,9162.515625,127,200,2412,257,200,0,72,35,20,0,0
1275,moderate_drift,1.0,15099.291015625,7844.0634765625,69,200,1838,196,200,0,38,11,20,0,0
1276,moderate_drift,1.0,14416.736328125,6642.9833984375,65,200,1696,146,200,0,27,28,10,0,0
1277,moderate_drift,1.0,14827.1396484375,10489.1875,56,201,2085,281,201,0,16,20,20,0,0
1278,moderate_drift,1.0,17212.220703125,13988.708984375,75,204,2266,343,204,0,28,27,20,0,0
1279,moderate_drift,1.0,13437.802734375,7986.34912109375,77,200,1795,171,200,0,30,37,10,0,0
1280,moderate_drift,1.0,16032.3876953125,3551.3916015625,107,200,1568,190,200,0,21,66,20,0,0
1281,moderate_drift,1.0,16019.60546875,7140.28857421875,99,200,2221,207,200,0,70,9,20,0,0
1282,moderate_drift,1.0,14422.4775390625,6341.98291015625,71,200,1591,140,200,0,22,29,20,0,0
1283,moderate_drift,1.0,16425.86328125,12335.3583984375,65,201,2742,353,201,0,25,20,20,0,0
1284,moderate_drift,1.0,16055.259765625,9756.1123046875,64,200,2209,172,200,0,15,29,20,0,0
1285,moderate_drift,1.0,15903.3671875,7348.0615234375,123,200,1796,162,200,0,57,46,20,0,0
1286,moderate_drift,1.0,17343.6640625,6479.435546875,107,200,2146,227,200,0,62,25,20,0,0
1287,moderate_drift,1.0,16797.8203125,13239.8798828125,46,203,2669,355,203,0,13,13,20,0,0
1288,moderate_drift,1.0,17413.078125,7992.8232421875,75,200,1254,187,200,0,43,12,20,0,0
1289,moderate_drift,1.0,15855.1025390625,9043.88671875,84,200,2786,337,200,0,15,49,20,0,0
1290,moderate_drift,1.0,17498.28125,11146.2470703125,59,200,2484,410,200,0,27,12,20,0,0
1291,moderate_drift,1.0,12813.8486328125,9678.314453125,80,200,2140,231,200,0,31,39,10,0,0
1292,moderate_drift,1.0,19173.357421875,8689.9931640625,64,200,2260,220,200,0,30,14,20,0,0
1293,moderate_drift,1.0,19134.69140625,10087.7392578125,95,200,1567,208,200,0,41,34,20,0,0
1294,moderate_drift,1.0,15724.2880859375,7224.748046875,82,200,1606,180,200,0,9,53,20,0,0
1295,moderate_drift,1.0,15252.767578125,8711.5302734375,100,200,1857,176,200,0,31,49,20,0,0
1296,moderate_drift,1.0,13443.32421875,7989.0341796875,149,200,2085,245,200,0,107,22,20,0,0
1297,moderate_drift,1.0,17230.1171875,13524.7890625,72,203,2284,246,203,0,15,37,20,0,0
1298,moderate_drift,1.0,16363.63671875,11499.8017578125,114,200,2522,282,200,0,46,48,20,0,0
1299,moderate_drift,1.0,15808.390625,13699.482421875,45,204,1641,270,204,0,16,9,20,0,0
1300,moderate_drift,1.0,15579.609375,8030.26318359375,69,200,1859,160,200,0,38,11,20,0,0
1301,moderate_drift,1.0,15069.98828125,10872.7578125,69,200,2522,258,200,0,16,33,20,0,0
1302,moderate_drift,1.0,15484.505859375,11617.3916015625,93,223,1311,447,223,0,15,58,20,0,0
1303,moderate_drift,1.0,13969.7822265625,8913.0830078125,90,200,2632,319,200,0,48,22,20,0,0
1304,moderate_drift,1.0,18514.353515625,10647.091796875,71,200,2458,296,200,0,26,25,20,0,0
1305,moderate_drift,1.0,14351.3740234375,10455.69140625,53,200,2513,310,200,0,15,28,10,0,0
1306,moderate_drift,1.0,15203.9697265625,7585.45947265625,53,202,1768,179,202,0,11,22,20,0,0
1307,moderate_drift,1.0,16137.2626953125,8004.94873046875,80,200,1843,194,200,0,35,25,20,0,0
1308,moderate_drift,1.0,18125.36328125,7032.41259765625,88,200,1945,203,200,0,55,13,20,0,0
1309,moderate_drift,1.0,15592.486328125,5928.732421875,112,200,1733,190,200,0,66,26,20,0,0
1310,moderate_drift,1.0,15974.59765625,9900.3154296875,62,200,2726,353,200,0,16,26,20,0,0
1311,moderate_drift,1.0,18376.3671875,4957.2470703125,72,200,1074,159,200,0,32,20,20,0,0
1312,moderate_drift,1.0,16859.61328125,11611.251953125,110,202,3027,363,202,0,64,26,20,0,0
1313,moderate_drift,1.0,17382.41796875,10998.6044921875,92,200,2846,339,200,0,58,14,20,0,0
1314,moderate_drift,1.0,17216.54296875,6558.2626953125,116,200,1074,159,200,0,84,12,20,0,0
1315,moderate_drift,1.0,15084.3544921875,10886.8828125,81,201,2930,315,201,0,41,20,20,0,0
1316,moderate_drift,1.0,13488.634765625,9345.3154296875,70,200,1936,236,200,0,14,36,20,0,0
1317,moderate_drift,1.0,16208.166015625,9591.0205078125,104,200,1496,154,200,0,58,26,20,0,0
1318,moderate_drift,1.0,16761.423828125,8371.662109375,66,200,2378,244,200,0,28,18,20,0,0
1319,moderate_drift,1.0,15094.1357421875,6975.6875,79,200,2156,203,200,0,26,33,20,0,0
1320,moderate_drift,1.0,17025.6875,7325.24462890625,66,200,1640,151,200,0,26,20,20,0,0
1321,moderate_drift,1.0,15103.337890625,4366.78857421875,80,200,1560,161,200,0,30,30,20,0,0
1322,moderate_drift,1.0,14636.08984375,8185.79248046875,114,200,2375,236,200,0,62,32,20,0,0
1323,moderate_drift,1.0,14893.5244140625,13639.06640625,69,206,1788,277,206,0,29,30,10,0,0
1324,moderate_drift,1.0,16450.341796875,12363.2763671875,58,200,2832,289,200,0,16,22,20,0,0
1325,moderate_drift,1.0,15864.021484375,11175.5166015625,108,200,2507,338,200,0,15,73,20,0,0
1326,moderate_drift,1.0,15487.49609375,12516.1787109375,56,202,2657,316,202,0,12,24,20,0,0
1327,moderate_drift,1.0,16068.6982421875,7223.896484375,88,200,2076,145,200,0,44,24,20,0,0
1328,moderate_drift,1.0,16302.0576171875,10368.412109375,122,200,2419,220,200,0,88,14,20,0,0
1329,moderate_drift,1.0,16628.203125,4370.0771484375,71,200,1374,120,200,0,28,23,20,0,0
1330,moderate_drift,1.0,17105.513671875,7559.01123046875,117,200,1044,158,200,0,60,37,20,0,0
1331,moderate_drift,1.0,15739.6015625,8890.7646484375,71,200,2434,250,200,0,42,9,20,0,0
1332,moderate_drift,1.0,16844.5078125,11402.447265625,80,200,2151,260,200,0,15,55,10,0,0
1333,moderate_drift,1.0,17390.923828125,7839.45947265625,129,200,2012,205,200,0,42,67,20,0,0
1334,moderate_drift,1.0,17011.607421875,7324.427734375,122,200,2009,187,200,0,26,76,20,0,0
1335,moderate_drift,1.0,17130.4453125,9876.1103515625,106,200,1430,135,200,0,53,33,20,0,0
1336,moderate_drift,1.0,17710.30859375,11024.314453125,75,200,2906,278,200,0,29,26,20,0,0
1337,moderate_drift,1.0,18053.490234375,7963.11279296875,107,200,2155,243,200,0,76,11,20,0,0
1338,moderate_drift,1.0,16343.5380859375,11598.306640625,121,200,2654,340,200,0,30,71,20,0,0
1339,moderate_drift,1.0,16543.541015625,10331.953125,98,200,2935,306,200,0,28,50,20,0,0
1340,moderate_drift,1.0,17585.310546875,10525.775390625,83,200,2643,293,200,0,41,22,20,0,0
1341,moderate_drift,1.0,16991.02734375,6102.95654296875,106,200,2460,283,200,0,61,25,20,0,0
1342,moderate_drift,1.0,16850.96875,6604.380859375,83,200,2273,235,200,0,29,34,20,0,0
1343,moderate_drift,1.0,16608.080078125,7508.7529296875,91,200,1935,170,200,0,37,34,20,0,0
1344,moderate_drift,1.0,16352.591796875,5555.44384765625,73,200,1518,148,200,0,16,37,20,0,0
1345,moderate_drift,1.0,15349.134765625,6051.00927734375,71,200,1961,175,200,0,15,36,20,0,0
1346,moderate_drift,1.0,16108.7626953125,9385.953125,81,200,2940,281,200,0,47,14,20,0,0
1347,moderate_drift,1.0,16120.16796875,11855.0244140625,63,202,1030,156,202,0,29,14,20,0,0
1348,moderate_drift,1.0,17368.392578125,8147.7978515625,94,200,1783,182,200,0,25,49,20,0,0
1349,moderate_drift,1.0,15255.6220703125,9525.7060546875,73,200,2231,326,200,0,32,21,20,0,0
1350,moderate_drift,1.0,15569.5771484375,11914.646484375,66,203,1677,245,203,0,13,33,20,0,0
1351,moderate_drift,0.9,16227.1904296875,12128.58203125,86,200,3261,401,200,0,28,38,20,0,0
1352,moderate_drift,1.0,16299.166015625,6891.97705078125,79,200,2152,204,200,0,44,15,20,0,0
1353,moderate_drift,1.0,16321.9248046875,9579.4248046875,88,200,2590,275,200,0,44,24,20,0,0
1354,moderate_drift,1.0,17739.63671875,11788.525390625,83,200,2100,237,200,0,40,23,20,0,0
1355,moderate_drift,1.0,13721.3447265625,10211.068359375,76,200,2304,228,200,0,39,27,10,0,0
1356,moderate_drift,1.0,16011.0693359375,8374.259765625,101,201,2485,221,201,0,39,42,20,0,0
1357,moderate_drift,1.0,16328.5966796875,4806.73046875,63,200,1633,149,200,0,14,29,20,0,0
1358,moderate_drift,1.0,16002.017578125,6352.2001953125,128,200,1372,171,200,0,69,39,20,0,0
1359,moderate_drift,1.0,14462.857421875,3517.866455078125,94,200,1454,162,200,0,43,41,10,0,0
1360,moderate_drift,1.0,15984.1669921875,8108.36083984375,103,200,2480,247,200,0,47,36,20,0,0
1361,moderate_drift,1.0,17676.986328125,8538.814453125,100,200,2338,208,200,0,67,13,20,0,0
1362,moderate_drift,1.0,16550.373046875,10047.564453125,76,200,1777,208,200,0,8,48,20,0,0
1363,moderate_drift,1.0,16508.12109375,10062.8544921875,61,201,2083,201,201,0,16,25,20,0,0
1364,moderate_drift,1.0,15276.443359375,7882.423828125,71,200,2448,260,200,0,26,25,20,0,0
1365,moderate_drift,1.0,15754.8251953125,7421.2490234375,90,201,2306,204,201,0,45,25,20,0,0
1366,moderate_drift,1.0,16969.091796875,6524.93701171875,76,200,1456,185,200,0,27,29,20,0,0
1367,moderate_drift,1.0,15120.947265625,12755.2587890625,72,201,3218,350,201,0,27,25,20,0,0
1368,moderate_drift,1.0,16339.15625,5440.3203125,60,200,1082,133,200,0,20,20,20,0,0
1369,moderate_drift,1.0,17854.908203125,13328.482421875,71,202,2342,293,202,0,16,35,20,0,0
1370,moderate_drift,1.0,17937.2890625,12946.5830078125,75,201,2272,330,201,0,28,27,20,0,0
1371,moderate_drift,1.0,17665.744140625,11062.556640625,64,201,2342,289,201,0,11,33,20,0,0
1372,moderate_drift,1.0,15672.2939453125,6705.2744140625,80,200,1571,148,200,0,12,48,20,0,0
1373,moderate_drift,1.0,16681.041015625,12734.5224609375,61,200,2491,330,200,0,16,25,20,0,0
1374,moderate_drift,1.0,16406.33984375,9398.0205078125,59,201,2154,260,201,0,14,25,20,0,0
1375,moderate_drift,1.0,15622.79296875,10897.283203125,93,200,2506,220,200,0,46,27,20,0,0
1376,moderate_drift,1.0,14181.5,11997.10546875,83,206,2917,353,206,0,15,48,20,0,0
1377,moderate_drift,1.0,17498.9375,12504.04296875,91,200,2800,296,200,0,44,27,20,0,0
1378,moderate_drift,1.0,17762.0078125,8350.1650390625,82,200,2489,261,200,0,39,23,20,0,0
1379,moderate_drift,1.0,16945.400390625,10357.486328125,78,200,2173,199,200,0,24,34,20,0,0
1380,moderate_drift,1.0,15886.396484375,7793.23681640625,53,200,2089,203,200,0,11,22,20,0,0
1381,moderate_drift,1.0,15306.068359375,6496.40283203125,92,200,1072,158,200,0,58,14,20,0,0
1382,moderate_drift,1.0,17345.732421875,14236.4326171875,64,202,2532,359,202,0,15,29,20,0,0
1383,moderate_drift,1.0,15512.23046875,7454.80224609375,95,200,2110,192,200,0,43,32,20,0,0
1384,moderate_drift,0.9,16709.41015625,15895.75,55,205,3159,472,205,0,13,22,20,0,0
1385,moderate_drift,1.0,17081.357421875,5162.99072265625,62,200,1933,199,200,0,29,13,20,0,0
1386,moderate_drift,1.0,17413.220703125,8401.6318359375,69,200,1842,144,200,0,26,23,20,0,0
1387,moderate_drift,1.0,16231.3837890625,5255.505859375,110,200,1646,155,200,0,68,22,20,0,0
1388,moderate_drift,1.0,16049.837890625,11006.0302734375,57,200,2587,287,200,0,16,21,20,0,0
1389,moderate_drift,1.0,16440.173828125,8342.8564453125,93,201,2071,292,201,0,47,26,20,0,0
1390,moderate_drift,1.0,15723.283203125,10684.8994140625,68,200,2649,296,200,0,28,20,20,0,0
1391,moderate_drift,1.0,14232.1318359375,13242.5244140625,68,202,2820,345,202,0,30,28,10,0,0
1392,moderate_drift,1.0,13012.0986328125,10465.0166015625,48,201,2422,257,201,0,14,24,10,0,0
1393,moderate_drift,1.0,15903.5732421875,9077.072265625,69,200,1646,183,200,0,15,34,20,0,0
1394,moderate_drift,1.0,16509.244140625,6919.54833984375,66,200,1715,183,200,0,9,37,20,0,0
1395,moderate_drift,1.0,17261.26171875,4438.55908203125,79,200,1277,159,200,0,45,14,20,0,0
1396,moderate_drift,1.0,18104.77734375,6885.35498046875,91,200,1328,169,200,0,27,44,20,0,0
1397,moderate_drift,1.0,17016.376953125,14076.1806640625,56,202,1765,227,202,0,25,11,20,0,0
1398,moderate_drift,1.0,19249.328125,12479.1806640625,75,201,2927,430,201,0,30,25,20,0,0
1399,moderate_drift,1.0,18490.025390625,9636.1435546875,75,201,1509,182,201,0,43,12,20,0,0
1400,moderate_drift,1.0,15973.951171875,7902.98388671875,99,200,1797,204,200,0,44,35,20,0,0
1401,moderate_drift,0.9,16872.123046875,12089.279296875,88,200,3217,423,200,0,42,26,20,0,0
1402,moderate_drift,1.0,15402.2509765625,7707.65673828125,84,200,1354,132,200,0,18,46,20,0,0
1403,moderate_drift,1.0,15966.806640625,5512.24072265625,74,200,2018,169,200,0,36,18,20,0,0
1404,moderate_drift,1.0,15158.9580078125,6666.6396484375,93,200,2352,234,200,0,63,10,20,0,0
1405,moderate_drift,1.0,14317.5810546875,9384.0302734375,60,200,2631,283,200,0,12,28,20,0,0
1406,moderate_drift,1.0,14165.8779296875,5988.275390625,99,200,1987,190,200,0,29,50,20,0,0
1407,moderate_drift,1.0,16843.185546875,10464.1923828125,72,201,2456,262,201,0,29,23,20,0,0
1408,moderate_drift,1.0,17472.884765625,9519.9404296875,85,200,1197,169,200,0,30,35,20,0,0
1409,moderate_drift,1.0,13963.93359375,11129.1064453125,79,200,2707,284,200,0,31,28,20,0,0
1410,moderate_drift,1.0,15743.4365234375,10447.244140625,91,200,2105,259,200,0,43,28,20,0,0
1411,moderate_drift,1.0,16895.95703125,10597.255859375,121,202,3162,394,202,0,73,28,20,0,0
1412,moderate_drift,1.0,16147.4208984375,13160.3779296875,77,206,1181,271,206,0,31,26,20,0,0
1413,moderate_drift,1.0,14366.6943359375,10303.1220703125,117,200,2153,221,200,0,74,23,20,0,0
1414,moderate_drift,1.0,15714.3017578125,6256.26025390625,69,200,1895,208,200,0,27,22,20,0,0
1415,moderate_drift,1.0,17458.98046875,6013.693359375,69,200,1521,125,200,0,12,37,20,0,0
1416,moderate_drift,1.0,15341.0859375,9118.181640625,133,200,1843,226,200,0,90,23,20,0,0
1417,moderate_drift,1.0,16682.916015625,11862.8203125,45,201,2092,275,201,0,16,9,20,0,0
1418,moderate_drift,1.0,16757.9609375,12260.904296875,80,202,1609,211,202,0,31,29,20,0,0
1419,moderate_drift,1.0,16977.45703125,13596.8056640625,45,202,2996,340,202,0,13,12,20,0,0
1420,moderate_drift,1.0,17723.234375,4553.720703125,104,200,1083,129,200,0,55,29,20,0,0
1421,moderate_drift,1.0,14794.3046875,8789.3525390625,70,200,1740,204,200,0,30,30,10,0,0
1422,moderate_drift,1.0,17003.45703125,5417.06689453125,83,200,1660,158,200,0,40,23,20,0,0
1423,moderate_drift,1.0,16673.615234375,10338.6552734375,91,200,2584,286,200,0,21,50,20,0,0
1424,moderate_drift,1.0,16336.5361328125,7018.8642578125,66,200,1402,133,200,0,18,28,20,0,0
1425,moderate_drift,1.0,14541.42578125,10879.1513671875,84,200,2280,232,200,0,46,28,10,0,0
1426,moderate_drift,1.0,17377.759765625,11787.423828125,45,200,1920,201,200,0,13,12,20,0,0
1427,moderate_drift,1.0,18300.94140625,14781.962890625,46,206,1659,286,206,0,16,10,20,0,0
1428,moderate_drift,1.0,18297.287109375,11382.0556640625,96,200,2071,239,200,0,43,33,20,0,0
1429,moderate_drift,1.0,18210.541015625,12524.212890625,65,203,1783,268,203,0,31,14,20,0,0
1430,moderate_drift,1.0,18004.05078125,8491.9912109375,85,200,2874,301,200,0,45,20,20,0,0
1431,moderate_drift,1.0,16120.0380859375,11204.255859375,73,200,2644,245,200,0,27,26,20,0,0
1432,moderate_drift,1.0,17093.97265625,15125.0712890625,63,202,2899,405,202,0,11,32,20,0,0
1433,moderate_drift,1.0,16478.041015625,7793.68359375,62,200,2302,261,200,0,32,10,20,0,0
1434,moderate_drift,1.0,16774.826171875,14019.5439453125,48,210,1071,276,210,0,7,21,20,0,0
1435,moderate_drift,1.0,16215.4296875,11387.119140625,76,200,2552,270,200,0,28,28,20,0,0
1436,moderate_drift,1.0,17020.80859375,11539.466796875,102,201,2211,255,201,0,61,21,20,0,0
1437,moderate_drift,1.0,16623.62890625,12639.375,81,202,2811,266,202,0,40,21,20,0,0
1438,moderate_drift,1.0,15513.1953125,4998.00390625,114,200,1740,141,200,0,45,49,20,0,0
1439,moderate_drift,1.0,16391.17578125,7916.095703125,131,200,2550,273,200,0,77,34,20,0,0
1440,moderate_drift,1.0,17931.107421875,10148.8271484375,53,201,1850,174,201,0,13,20,20,0,0
1441,moderate_drift,1.0,15359.3017578125,7106.2587890625,73,200,1820,200,200,0,31,22,20,0,0
1442,moderate_drift,0.9,16554.56640625,13153.8564453125,75,200,3454,422,200,0,30,25,20,0,0
1443,moderate_drift,1.0,17761.517578125,11368.35546875,72,201,2682,335,201,0,31,21,20,0,0
1444,moderate_drift,1.0,16884.5390625,14457.2255859375,45,205,1910,231,205,0,16,9,20,0,0
1445,moderate_drift,1.0,15772.4052734375,9378.892578125,53,201,2217,252,201,0,15,18,20,0,0
1446,moderate_drift,1.0,15995.390625,6626.58984375,111,200,2588,237,200,0,29,62,20,0,0
1447,moderate_drift,1.0,17356.24609375,8604.1337890625,92,200,2303,291,200,0,30,42,20,0,0
1448,moderate_drift,1.0,16768.927734375,3265.34228515625,86,200,1524,147,200,0,31,35,20,0,0
1449,moderate_drift,1.0,18480.025390625,12479.705078125,57,200,2410,209,200,0,16,21,20,0,0
1450,moderate_drift,1.0,16521.095703125,13028.2451171875,63,202,1174,178,202,0,29,14,20,0,0
1451,moderate_drift,1.0,16947.318359375,7677.474609375,51,200,1780,229,200,0,13,18,20,0,0
1452,moderate_drift,1.0,16076.82421875,5753.43212890625,77,200,1857,182,200,0,14,43,20,0,0
1453,moderate_drift,1.0,16117.9609375,7379.1826171875,96,200,1892,151,200,0,48,28,20,0,0
1454,moderate_drift,1.0,15004.8974609375,10411.5224609375,74,200,2486,332,200,0,32,22,20,0,0
1455,moderate_drift,1.0,17033.0703125,8842.2861328125,58,201,1683,175,201,0,28,10,20,0,0
1456,moderate_drift,1.0,16261.2626953125,6915.53369140625,102,200,1959,157,200,0,73,9,20,0,0
1457,moderate_drift,1.0,15745.8095703125,7154.2001953125,86,200,1963,244,200,0,43,23,20,0,0
1458,moderate_drift,1.0,15141.0546875,9000.45703125,95,200,2269,261,200,0,26,49,20,0,0
1459,moderate_drift,1.0,15825.4814453125,11922.1416015625,78,201,2375,224,201,0,16,42,20,0,0
1460,moderate_drift,1.0,15312.591796875,5680.69482421875,121,200,1830,170,200,0,75,26,20,0,0
1461,moderate_drift,1.0,14055.548828125,8776.123046875,69,200,2497,285,200,0,11,38,20,0,0
1462,moderate_drift,1.0,16213.0439453125,10896.541015625,77,200,2449,290,200,0,28,29,20,0,0
1463,moderate_drift,1.0,18289.716796875,6318.01953125,60,200,1251,166,200,0,20,20,20,0,0
1464,moderate_drift,1.0,16691.337890625,10691.0439453125,79,200,2014,206,200,0,27,32,20,0,0
1465,moderate_drift,1.0,16294.107421875,8085.94677734375,116,200,1824,152,200,0,87,9,20,0,0
1466,moderate_drift,1.0,14938.091796875,6345.234375,93,200,1795,147,200,0,47,26,20,0,0
1467,moderate_drift,1.0,16869.798828125,8585.2880859375,71,200,2223,252,200,0,41,10,20,0,0
1468,moderate_drift,1.0,14974.033203125,3674.381103515625,98,201,1802,184,201,0,56,22,20,0,0
1469,moderate_drift,1.0,16359.0224609375,8222.3876953125,109,200,1762,181,200,0,75,14,20,0,0
1470,moderate_drift,1.0,17770.640625,7531.93359375,106,200,2104,188,200,0,61,25,20,0,0
1471,moderate_drift,1.0,16291.751953125,8229.0302734375,92,200,2460,281,200,0,30,42,20,0,0
1472,moderate_drift,1.0,18135.990234375,7599.93798828125,103,200,1893,245,200,0,48,35,20,0,0
1473,moderate_drift,1.0,15689.4814453125,12491.3779296875,56,200,3123,309,200,0,27,9,20,0,0
1474,moderate_drift,1.0,18058.640625,8449.814453125,92,200,1577,185,200,0,24,48,20,0,0
1475,moderate_drift,1.0,15616.4365234375,7041.541015625,103,200,2344,280,200,0,73,10,20,0,0
1476,moderate_drift,1.0,16899.9765625,10978.3818359375,71,201,2571,273,201,0,15,36,20,0,0
1477,moderate_drift,1.0,17666.93359375,10155.7646484375,46,200,2009,187,200,0,13,13,20,0,0
1478,moderate_drift,1.0,16775.572265625,8620.90234375,82,200,2036,206,200,0,40,22,20,0,0
1479,moderate_drift,1.0,17115.416015625,7442.3125,96,200,2515,314,200,0,48,28,20,0,0
1480,moderate_drift,1.0,15874.62890625,6366.7724609375,95,200,1916,206,200,0,54,21,20,0,0
1481,moderate_drift,1.0,17711.154296875,10110.5625,115,201,2324,239,201,0,42,53,20,0,0
1482,moderate_drift,1.0,16190.9921875,14073.0830078125,45,204,1886,199,204,0,16,9,20,0,0
1483,moderate_drift,1.0,17731.890625,11940.2734375,63,200,2970,347,200,0,16,27,20,0,0
1484,moderate_drift,1.0,17222.98046875,9187.6064453125,92,200,2565,285,200,0,46,26,20,0,0
1485,moderate_drift,1.0,15374.65625,7382.375,95,200,2425,238,200,0,53,22,20,0,0
1486,moderate_drift,1.0,16131.53125,6301.9267578125,76,200,862,106,200,0,11,45,20,0,0
1487,moderate_drift,1.0,13213.560546875,7828.1806640625,95,200,1985,198,200,0,47,28,20,0,0
1488,moderate_drift,1.0,16666.1640625,10385.6416015625,54,200,2430,302,200,0,13,21,20,0,0
1489,moderate_drift,1.0,16820.08984375,8124.31787109375,114,200,1199,142,200,0,75,19,20,0,0
1490,moderate_drift,1.0,15619.1630859375,10902.126953125,87,200,2249,227,200,0,46,21,20,0,0
1491,moderate_drift,1.0,18318.8203125,6828.90966796875,114,200,1156,162,200,0,73,21,20,0,0
1492,moderate_drift,1.0,17985.251953125,9750.00390625,71,202,1773,212,202,0,41,10,20,0,0
1493,moderate_drift,1.0,14513.1806640625,11895.568359375,79,200,2605,261,200,0,45,14,20,0,0
1494,moderate_drift,1.0,15306.388671875,12772.6953125,69,205,2535,459,205,0,32,17,20,0,0
1495,moderate_drift,1.0,15872.4443359375,7187.18505859375,59,200,2054,179,200,0,14,25,20,0,0
1496,moderate_drift,1.0,16706.41015625,8831.431640625,92,200,1453,156,200,0,29,43,20,0,0
1497,moderate_drift,1.0,16282.564453125,7475.7509765625,66,200,1406,160,200,0,26,20,20,0,0
1498,moderate_drift,1.0,17051.689453125,6251.6689453125,99,200,1037,142,200,0,67,12,20,0,0
1499,moderate_drift,1.0,16076.9580078125,9596.4501953125,96,200,2332,281,200,0,43,33,20,0,0
1500,moderate_drift,1.0,17267.900390625,4919.201171875,98,200,831,97,200,0,28,50,20,0,0
1501,moderate_drift,1.0,16384.642578125,9934.3125,61,200,2280,232,200,0,29,12,20,0,0
1502,moderate_drift,1.0,16440.451171875,11754.3583984375,77,200,2970,366,200,0,44,13,20,0,0
1503,moderate_drift,1.0,17059.51953125,9213.767578125,78,200,2674,286,200,0,30,28,20,0,0
1504,moderate_drift,1.0,15923.3779296875,7597.15380859375,98,200,2035,251,200,0,32,46,20,0,0
1505,moderate_drift,1.0,17747.25390625,7629.81494140625,87,200,2322,250,200,0,32,35,20,0,0
1506,moderate_drift,1.0,17477.146484375,12188.1572265625,85,200,2377,360,200,0,51,14,20,0,0
1507,moderate_drift,1.0,16772.298828125,8707.9169921875,86,201,1589,167,201,0,30,36,20,0,0
1508,moderate_drift,1.0,18217.52734375,3384.141357421875,60,200,949,119,200,0,20,20,20,0,0
1509,moderate_drift,1.0,16032.5107421875,5694.02490234375,116,200,1312,179,200,0,56,40,20,0,0
1510,moderate_drift,1.0,17148.068359375,11232.87890625,62,200,2187,217,200,0,28,14,20,0,0
1511,moderate_drift,1.0,15300.4267578125,5626.58935546875,94,200,1477,161,200,0,29,45,20,0,0
1512,moderate_drift,1.0,16152.97265625,8801.333984375,75,200,2926,318,200,0,30,25,20,0,0
1513,moderate_drift,1.0,18597.427734375,14192.318359375,58,201,1902,249,201,0,12,26,20,0,0
1514,moderate_drift,1.0,17824.203125,9381.482421875,105,200,1980,261,200,0,62,23,20,0,0
1515,moderate_drift,1.0,17539.947265625,9523.1357421875,62,200,1684,188,200,0,25,17,20,0,0
1516,moderate_drift,1.0,17164.37109375,9236.1953125,86,200,2796,295,200,0,32,34,20,0,0
1517,moderate_drift,1.0,14174.515625,6500.91845703125,114,200,1842,168,200,0,26,68,20,0,0
1518,moderate_drift,1.0,15680.4189453125,9239.615234375,105,200,2578,261,200,0,43,42,20,0,0
1519,moderate_drift,1.0,17718.998046875,4475.75927734375,60,200,1019,138,200,0,20,20,20,0,0
1520,moderate_drift,1.0,16716.3046875,12465.9599609375,101,200,2270,243,200,0,46,35,20,0,0
1521,moderate_drift,1.0,12335.919921875,10641.3955078125,61,200,2766,295,200,0,32,9,20,0,0
1522,moderate_drift,1.0,17902.51171875,15240.1962890625,45,207,2978,533,207,0,16,9,20,0,0
1523,moderate_drift,1.0,16862.177734375,13405.7412109375,45,204,1581,264,204,0,16,9,20,0,0
1524,moderate_drift,1.0,15862.0166015625,8994.658203125,83,200,2504,321,200,0,32,31,20,0,0
1525,moderate_drift,1.0,17325.3125,6593.69921875,105,200,2189,200,200,0,75,10,20,0,0
1526,moderate_drift,1.0,17652.447265625,9221.451171875,106,200,2048,231,200,0,23,63,20,0,0
1527,moderate_drift,1.0,16362.546875,6487.26513671875,107,200,1714,174,200,0,37,50,20,0,0
1528,moderate_drift,1.0,15504.9033203125,6259.93896484375,103,202,2436,258,202,0,32,51,20,0,0
1529,moderate_drift,1.0,17685.619140625,12553.1357421875,63,201,1111,153,201,0,11,32,20,0,0
1530,moderate_drift,1.0,16392.46484375,5741.2890625,87,200,1620,157,200,0,44,23,20,0,0
1531,moderate_drift,1.0,16963.2421875,13649.2080078125,45,203,1534,219,203,0,16,9,20,0,0
1532,moderate_drift,1.0,13158.185546875,10427.953125,69,200,2460,270,200,0,28,31,10,0,0
1533,moderate_drift,1.0,13566.5537109375,11378.8359375,46,200,2899,290,200,0,16,10,20,0,0
1534,moderate_drift,1.0,16702.28125,11842.29296875,96,202,1752,239,202,0,28,48,20,0,0
1535,moderate_drift,1.0,14958.5595703125,8510.7060546875,116,200,2102,226,200,0,61,35,20,0,0
1536,moderate_drift,1.0,17678.4453125,11969.07421875,61,201,2663,281,201,0,16,25,20,0,0
1537,moderate_drift,1.0,15044.0234375,4885.1494140625,119,200,1718,111,200,0,50,49,20,0,0
1538,moderate_drift,1.0,16548.037109375,8580.033203125,82,200,2577,280,200,0,45,17,20,0,0
1539,moderate_drift,1.0,13705.0673828125,4663.7099609375,93,200,1750,163,200,0,47,26,20,0,0
1540,moderate_drift,1.0,16597.796875,4354.6474609375,85,200,1531,145,200,0,42,23,20,0,0
1541,moderate_drift,1.0,16398.9453125,9655.5908203125,62,200,1662,252,200,0,28,14,20,0,0
1542,moderate_drift,1.0,15580.7939453125,8051.1591796875,74,200,2692,330,200,0,29,25,20,0,0
1543,moderate_drift,1.0,17287.65625,9971.4140625,113,200,2095,182,200,0,54,39,20,0,0
1544,moderate_drift,1.0,18075.759765625,9532.91796875,102,201,1726,164,201,0,38,44,20,0,0
1545,moderate_drift,1.0,14781.58984375,7821.224609375,112,200,2223,238,200,0,46,46,20,0,0
1546,moderate_drift,1.0,15698.4306640625,7852.06494140625,129,200,1983,210,200,0,84,25,20,0,0
1547,moderate_drift,1.0,16757.677734375,12214.6171875,63,201,1779,203,201,0,15,28,20,0,0
1548,moderate_drift,1.0,14925.8818359375,9963.994140625,113,200,2489,293,200,0,29,64,20,0,0
1549,moderate_drift,1.0,13805.6376953125,7777.537109375,68,200,1827,190,200,0,30,28,10,0,0
1550,moderate_drift,1.0,15403.412109375,6450.7939453125,64,200,1415,135,200,0,15,29,20,0,0
1551,moderate_drift,1.0,15045.2890625,8494.259765625,68,200,2692,351,200,0,28,20,20,0,0
1552,moderate_drift,1.0,17875.080078125,6746.1181640625,117,200,1161,142,200,0,75,22,20,0,0
1553,moderate_drift,1.0,17062.666015625,12191.7607421875,97,200,3371,444,200,0,43,34,20,0,0
1554,moderate_drift,1.0,16468.712890625,7816.8681640625,84,200,1447,145,200,0,29,35,20,0,0
1555,moderate_drift,1.0,16391.755859375,9012.7041015625,56,200,2537,287,200,0,26,10,20,0,0
1556,moderate_drift,1.0,17106.69921875,14771.09765625,45,203,1738,224,203,0,16,9,20,0,0
1557,moderate_drift,1.0,17936.58984375,12097.7578125,88,200,2706,338,200,0,43,25,20,0,0
1558,moderate_drift,1.0,17010.056640625,11794.3603515625,94,201,2748,292,201,0,15,59,20,0,0
1559,moderate_drift,1.0,14160.14453125,8859.9677734375,61,200,2550,285,200,0,32,9,20,0,0
1560,moderate_drift,1.0,14579.2431640625,9711.5849609375,78,200,2581,314,200,0,44,14,20,0,0
1561,moderate_drift,1.0,15851.251953125,7619.46728515625,94,200,2391,281,200,0,42,32,20,0,0
1562,moderate_drift,1.0,16235.8935546875,13046.4345703125,73,200,2691,296,200,0,12,41,20,0,0
1563,moderate_drift,1.0,14947.3115234375,6182.40869140625,70,200,1723,149,200,0,28,32,10,0,0
1564,moderate_drift,1.0,17829.486328125,10855.296875,97,200,2644,233,200,0,63,14,20,0,0
1565,moderate_drift,1.0,17252.16015625,10984.7666015625,100,200,2823,300,200,0,44,36,20,0,0
1566,moderate_drift,1.0,15756.9794921875,11084.1455078125,62,201,1930,215,201,0,16,26,20,0,0
1567,moderate_drift,1.0,17410.984375,7304.43212890625,66,200,2509,292,200,0,28,18,20,0,0
1568,moderate_drift,1.0,13785.34765625,12829.9130859375,54,201,2355,332,201,0,12,32,10,0,0
1569,moderate_drift,1.0,17744.427734375,7380.13427734375,79,200,1841,148,200,0,37,22,20,0,0
1570,moderate_drift,0.9,17490.412109375,12020.1904296875,74,200,3064,405,200,0,31,23,20,0,0
1571,moderate_drift,1.0,16148.212890625,10114.119140625,87,201,2784,317,201,0,16,51,20,0,0
1572,moderate_drift,1.0,16073.798828125,8539.6513671875,74,200,1653,221,200,0,10,44,20,0,0
1573,moderate_drift,1.0,15346.703125,4897.36767578125,81,200,838,99,200,0,11,50,20,0,0
1574,moderate_drift,1.0,18117.955078125,10509.8134765625,134,201,2489,245,201,0,64,50,20,0,0
1575,moderate_drift,1.0,9273.7109375,9273.7109375,36,200,2757,347,200,0,10,16,10,0,0
1576,moderate_drift,1.0,17062.55078125,5584.125,90,200,957,127,200,0,12,58,20,0,0
1577,moderate_drift,1.0,17510.689453125,14062.1669921875,72,202,2145,269,202,0,14,38,20,0,0
1578,moderate_drift,1.0,17486.181640625,5034.859375,105,200,1477,142,200,0,39,46,20,0,0
1579,moderate_drift,1.0,16543.869140625,10680.5966796875,118,200,2357,297,200,0,86,12,20,0,0
1580,moderate_drift,1.0,14664.38671875,8258.857421875,89,200,2055,189,200,0,27,42,20,0,0
1581,moderate_drift,1.0,16228.3837890625,9281.0712890625,82,200,2990,357,200,0,40,22,20,0,0
1582,moderate_drift,1.0,15683.072265625,7841.86376953125,106,201,1976,226,201,0,45,41,20,0,0
1583,moderate_drift,1.0,16617.66015625,8002.0966796875,75,200,2571,274,200,0,16,39,20,0,0
1584,moderate_drift,1.0,16485.859375,7707.3671875,153,200,2182,212,200,0,92,41,20,0,0
1585,moderate_drift,1.0,16675.875,11117.337890625,71,200,2697,264,200,0,26,25,20,0,0
1586,moderate_drift,1.0,16958.73046875,8762.4658203125,103,200,2940,277,200,0,26,57,20,0,0
1587,moderate_drift,1.0,17693.236328125,11140.201171875,75,200,3147,408,200,0,14,41,20,0,0
1588,moderate_drift,1.0,15461.9912109375,7311.052734375,102,200,1749,199,200,0,62,20,20,0,0
1589,moderate_drift,1.0,17635.68359375,4312.474609375,71,200,1454,120,200,0,28,23,20,0,0
1590,moderate_drift,1.0,15894.771484375,7291.45068359375,106,200,2414,235,200,0,61,25,20,0,0
1591,moderate_drift,1.0,15161.1572265625,8935.9794921875,61,200,2671,332,200,0,16,25,20,0,0
1592,moderate_drift,1.0,14247.658203125,11240.2880859375,67,200,2830,291,200,0,16,41,10,0,0
1593,moderate_drift,1.0,15629.9306640625,3768.557373046875,91,200,1103,90,200,0,48,23,20,0,0
1594,moderate_drift,1.0,17555.876953125,9761.0654296875,89,200,1696,172,200,0,43,26,20,0,0
1595,moderate_drift,1.0,16439.5703125,6197.1572265625,125,200,1378,157,200,0,84,21,20,0,0
1596,moderate_drift,1.0,15803.30078125,10112.345703125,61,203,2389,320,203,0,16,25,20,0,0
1597,moderate_drift,1.0,15928.625,8901.8916015625,74,200,2076,199,200,0,16,38,20,0,0
1598,moderate_drift,1.0,16939.1015625,7930.57421875,51,200,2084,227,200,0,10,21,20,0,0
1599,moderate_drift,1.0,16852.634765625,10327.4736328125,64,201,1561,165,201,0,26,18,20,0,0
1600,moderate_drift,1.0,15499.755859375,12319.4267578125,103,201,2850,341,201,0,55,28,20,0,0
1601,moderate_drift,1.0,16345.6416015625,8551.9052734375,80,200,1758,189,200,0,22,38,20,0,0
1602,moderate_drift,1.0,17053.341796875,7679.04541015625,79,200,1822,152,200,0,25,34,20,0,0
1603,moderate_drift,1.0,16643.6875,6561.57666015625,136,200,1897,194,200,0,93,23,20,0,0
1604,moderate_drift,1.0,17208.7890625,8360.2314453125,69,200,1799,147,200,0,26,23,20,0,0
1605,moderate_drift,1.0,15458.580078125,11621.8779296875,69,201,2983,427,201,0,11,38,20,0,0
1606,moderate_drift,1.0,17332.978515625,6717.52978515625,99,200,1035,149,200,0,43,36,20,0,0
1607,moderate_drift,1.0,16778.462890625,11310.919921875,125,200,2367,248,200,0,57,48,20,0,0
1608,moderate_drift,1.0,17564.568359375,9632.7763671875,91,200,3009,347,200,0,29,42,20,0,0
1609,moderate_drift,1.0,14264.607421875,7268.47119140625,95,200,2651,303,200,0,47,28,20,0,0
1610,moderate_drift,1.0,16173.1337890625,6578.21044921875,133,200,2500,249,200,0,79,34,20,0,0
1611,moderate_drift,1.0,14581.1025390625,4759.54443359375,56,200,1497,172,200,0,7,29,20,0,0
1612,moderate_drift,1.0,15302.1259765625,7733.4189453125,66,200,1401,147,200,0,12,34,20,0,0
1613,moderate_drift,1.0,16904.458984375,6046.21826171875,63,200,1047,143,200,0,21,22,20,0,0
1614,moderate_drift,1.0,17306.79296875,11721.9580078125,91,200,2544,292,200,0,41,30,20,0,0
1615,moderate_drift,1.0,16704.119140625,12031.1083984375,68,200,1531,170,200,0,36,12,20,0,0
1616,moderate_drift,1.0,16938.72265625,8106.02734375,66,200,2673,300,200,0,28,18,20,0,0
1617,moderate_drift,1.0,16276.5732421875,5060.0849609375,95,200,1551,146,200,0,45,30,20,0,0
1618,moderate_drift,1.0,18651.91015625,5191.251953125,108,200,1138,161,200,0,54,34,20,0,0
1619,moderate_drift,1.0,14737.427734375,12832.4794921875,70,205,3287,433,205,0,13,37,20,0,0
1620,moderate_drift,1.0,16375.8974609375,8689.55078125,87,202,2544,255,202,0,44,23,20,0,0
1621,moderate_drift,1.0,15602.6162109375,8741.6728515625,63,200,1562,181,200,0,21,22,20,0,0
1622,moderate_drift,1.0,12339.2373046875,6663.29052734375,88,200,2281,211,200,0,53,15,20,0,0
1623,moderate_drift,1.0,15260.2822265625,6945.294921875,124,200,1724,185,200,0,46,58,20,0,0
1624,moderate_drift,1.0,15593.4013671875,11730.150390625,67,201,2818,312,201,0,13,34,20,0,0
1625,moderate_drift,1.0,17590.9921875,8975.923828125,115,200,2022,209,200,0,58,37,20,0,0
1626,moderate_drift,1.0,13188.5595703125,9934.365234375,82,200,2032,218,200,0,44,28,10,0,0
1627,moderate_drift,1.0,17385.75,8259.755859375,72,201,1995,180,201,0,29,23,20,0,0
1628,moderate_drift,1.0,16269.7880859375,13485.3310546875,79,201,2730,331,201,0,14,45,20,0,0
1629,moderate_drift,1.0,15369.521484375,4360.63134765625,56,200,1392,160,200,0,7,29,20,0,0
1630,moderate_drift,1.0,16196.5478515625,6718.76611328125,95,200,1273,170,200,0,15,60,20,0,0
1631,moderate_drift,1.0,15551.3076171875,9559.0009765625,63,202,2546,295,202,0,23,20,20,0,0
1632,moderate_drift,1.0,16202.400390625,5657.55615234375,128,200,1396,135,200,0,56,52,20,0,0
1633,moderate_drift,1.0,18558.4375,9383.0029296875,70,200,1428,251,200,0,31,19,20,0,0
1634,moderate_drift,1.0,17033.5390625,7755.0927734375,90,200,2149,227,200,0,45,25,20,0,0
1635,moderate_drift,1.0,16655.96875,9798.5390625,83,200,2502,245,200,0,37,26,20,0,0
1636,moderate_drift,1.0,15540.6015625,5714.94384765625,73,200,1375,172,200,0,33,20,20,0,0
1637,moderate_drift,1.0,16412.76953125,12538.478515625,75,203,1949,268,203,0,15,40,20,0,0
1638,moderate_drift,1.0,16889.890625,9414.5625,57,200,1907,183,200,0,11,26,20,0,0
1639,moderate_drift,1.0,16634.443359375,8223.8349609375,108,200,2386,264,200,0,59,29,20,0,0
1640,moderate_drift,1.0,16518.05859375,8806.73828125,77,200,2410,287,200,0,32,25,20,0,0
1641,moderate_drift,1.0,17752.5703125,15121.9501953125,75,203,1824,254,203,0,32,23,20,0,0
1642,moderate_drift,1.0,15907.3447265625,4375.39697265625,120,200,1276,135,200,0,48,52,20,0,0
1643,moderate_drift,1.0,15635.318359375,11055.12890625,86,202,2314,325,202,0,14,52,20,0,0
1644,moderate_drift,1.0,16452.21875,7337.025390625,81,200,1960,202,200,0,16,45,20,0,0
1645,moderate_drift,1.0,16300.7265625,8407.51171875,87,200,1855,174,200,0,30,37,20,0,0
1646,moderate_drift,1.0,16010.2724609375,6406.71484375,64,200,1959,235,200,0,24,20,20,0,0
1647,moderate_drift,1.0,17200.890625,4763.66943359375,81,200,1778,150,200,0,47,14,20,0,0
1648,moderate_drift,1.0,14018.359375,8705.9833984375,60,200,2117,232,200,0,11,39,10,0,0
1649,moderate_drift,1.0,17683.865234375,10673.62109375,87,200,2212,249,200,0,44,23,20,0,0
1650,moderate_drift,1.0,10423.9619140625,10409.6416015625,51,200,1972,191,200,0,15,26,10,0,0
1651,moderate_drift,1.0,13515.541015625,7033.51708984375,115,200,1824,194,200,0,74,21,20,0,0
1652,moderate_drift,1.0,16173.4501953125,13452.9697265625,64,202,1732,203,202,0,11,43,10,0,0
1653,moderate_drift,1.0,16670.396484375,4958.6572265625,71,200,1390,170,200,0,28,23,20,0,0
1654,moderate_drift,1.0,16156.205078125,6886.7275390625,76,200,2010,159,200,0,47,9,20,0,0
1655,moderate_drift,1.0,16395.640625,9038.5751953125,77,200,2028,199,200,0,26,31,20,0,0
1656,moderate_drift,1.0,15876.015625,5169.89892578125,80,200,1554,177,200,0,30,30,20,0,0
1657,moderate_drift,1.0,18433.9296875,6588.861328125,125,200,1803,180,200,0,74,31,20,0,0
1658,moderate_drift,1.0,14941.2158203125,5916.54296875,85,200,1558,141,200,0,45,30,10,0,0
1659,moderate_drift,1.0,14866.2890625,5552.7783203125,63,200,1582,152,200,0,16,37,10,0,0
1660,moderate_drift,1.0,15836.0400390625,9353.1396484375,89,200,3032,366,200,0,31,38,20,0,0
1661,moderate_drift,1.0,16859.19921875,13040.7529296875,52,204,2914,375,204,0,10,22,20,0,0
1662,moderate_drift,1.0,17080.181640625,8682.3154296875,94,200,2463,232,200,0,48,26,20,0,0
1663,moderate_drift,1.0,14649.2568359375,7612.7197265625,125,201,2355,213,201,0,79,26,20,0,0
1664,moderate_drift,1.0,18501.517578125,3065.306640625,60,200,949,121,200,0,20,20,20,0,0
1665,moderate_drift,1.0,16696.607421875,9952.96875,51,200,1868,187,200,0,7,24,20,0,0
1666,moderate_drift,1.0,16547.84765625,8472.923828125,99,200,2398,241,200,0,58,21,20,0,0
1667,moderate_drift,1.0,16854.939453125,7078.73486328125,74,200,2368,236,200,0,29,25,20,0,0
1668,moderate_drift,1.0,18458.64453125,10837.4794921875,78,201,3029,359,201,0,16,42,20,0,0
1669,moderate_drift,1.0,15316.494140625,7908.6279296875,91,200,2311,221,200,0,42,29,20,0,0
1670,moderate_drift,1.0,15117.484375,9455.0,80,200,1800,203,200,0,15,45,20,0,0
1671,moderate_drift,1.0,15925.8564453125,8615.9462890625,119,200,1913,227,200,0,46,53,20,0,0
1672,moderate_drift,1.0,16815.677734375,9663.765625,103,200,2378,283,200,0,58,25,20,0,0
1673,moderate_drift,1.0,16408.537109375,8124.15625,74,200,2320,232,200,0,44,10,20,0,0
1674,moderate_drift,1.0,15817.27734375,7680.21435546875,117,200,2308,225,200,0,59,38,20,0,0
1675,moderate_drift,1.0,12577.2978515625,7341.87255859375,68,200,1963,169,200,0,30,28,10,0,0
1676,moderate_drift,1.0,15262.2255859375,9135.818359375,106,200,2101,244,200,0,48,38,20,0,0
1677,moderate_drift,1.0,17556.07421875,6306.20458984375,71,200,1240,168,200,0,31,20,20,0,0
1678,moderate_drift,1.0,16223.787109375,9551.54296875,103,201,2985,311,201,0,46,37,20,0,0
1679,moderate_drift,1.0,17713.11328125,5785.2431640625,78,200,1949,176,200,0,45,13,20,0,0
1680,moderate_drift,1.0,17220.43359375,10181.287109375,107,200,2616,267,200,0,61,26,20,0,0
1681,moderate_drift,1.0,17258.36328125,14499.517578125,52,208,2730,437,208,0,12,20,20,0,0
1682,moderate_drift,1.0,16261.77734375,8126.35302734375,83,200,1949,219,200,0,29,34,20,0,0
1683,moderate_drift,1.0,16085.9501953125,7057.40771484375,63,200,1627,164,200,0,29,14,20,0,0
1684,moderate_drift,1.0,16457.185546875,6070.34765625,91,200,1576,190,200,0,34,37,20,0,0
1685,moderate_drift,1.0,12411.5380859375,4843.88818359375,77,200,1669,156,200,0,51,16,10,0,0
1686,moderate_drift,1.0,16209.158203125,11292.1943359375,61,202,2503,313,202,0,32,9,20,0,0
1687,moderate_drift,1.0,16625.166015625,9502.46484375,73,201,2596,293,201,0,16,37,20,0,0
1688,moderate_drift,1.0,16466.306640625,9386.8759765625,63,201,1651,242,201,0,29,14,20,0,0
1689,moderate_drift,1.0,16206.900390625,8501.361328125,81,200,2405,257,200,0,16,45,20,0,0
1690,moderate_drift,1.0,18091.517578125,12488.65234375,77,200,2839,301,200,0,29,28,20,0,0
1691,moderate_drift,1.0,13954.5703125,7702.6533203125,81,200,1990,221,200,0,16,55,10,0,0
1692,moderate_drift,1.0,15733.470703125,6923.935546875,72,200,1751,195,200,0,7,45,20,0,0
1693,moderate_drift,1.0,17340.53515625,9630.3173828125,72,201,2486,280,201,0,10,42,20,0,0
1694,moderate_drift,1.0,17003.13671875,7630.26708984375,79,200,1858,201,200,0,49,10,20,0,0
1695,moderate_drift,1.0,15992.392578125,8217.783203125,61,200,1779,198,200,0,27,14,20,0,0
1696,moderate_drift,1.0,15030.01953125,9202.9794921875,61,200,2595,295,200,0,16,25,20,0,0
1697,moderate_drift,1.0,13217.1953125,6152.87744140625,77,200,1403,147,200,0,35,32,10,0,0
1698,moderate_drift,1.0,17296.98828125,7086.8271484375,90,200,1603,163,200,0,58,12,20,0,0
1699,moderate_drift,1.0,16992.36328125,6918.65966796875,117,200,2195,233,200,0,75,22,20,0,0
1700,moderate_drift,1.0,16559.455078125,13791.0751953125,72,201,2072,207,201,0,43,9,20,0,0
1701,moderate_drift,1.0,17831.66796875,5972.697265625,104,200,1122,159,200,0,61,23,20,0,0
1702,moderate_drift,1.0,15058.5185546875,11162.154296875,91,200,2522,259,200,0,42,29,20,0,0
1703,moderate_drift,1.0,16769.591796875,9619.615234375,136,200,1987,201,200,0,71,45,20,0,0
1704,moderate_drift,1.0,17672.158203125,4759.9150390625,74,200,1535,148,200,0,40,14,20,0,0
1705,moderate_drift,1.0,14045.794921875,12777.53515625,80,202,2949,347,202,0,46,14,20,0,0
1706,moderate_drift,1.0,14137.0966796875,5989.841796875,69,200,2015,197,200,0,27,22,20,0,0
1707,moderate_drift,1.0,17698.9921875,13861.494140625,78,205,1058,224,205,0,16,42,20,0,0
1708,moderate_drift,1.0,15241.0654296875,11471.4697265625,83,200,2586,255,200,0,32,41,10,0,0
1709,moderate_drift,0.9,16484.904296875,12737.7587890625,60,200,3063,349,200,0,12,28,20,0,0
1710,moderate_drift,1.0,13803.203125,12302.2119140625,67,200,2421,255,200,0,41,16,10,0,0
1711,moderate_drift,1.0,19169.279296875,9768.0556640625,91,200,1731,227,200,0,40,31,20,0,0
1712,moderate_drift,1.0,13208.6689453125,9993.1708984375,60,200,2516,295,200,0,25,15,20,0,0
1713,moderate_drift,1.0,16118.1669921875,9850.3974609375,93,200,2527,321,200,0,44,29,20,0,0
1714,moderate_drift,1.0,15617.4638671875,8673.08984375,87,200,2414,285,200,0,32,35,20,0,0
1715,moderate_drift,1.0,14951.7109375,7311.93212890625,97,200,2052,212,200,0,63,14,20,0,0
1716,moderate_drift,1.0,17825.126953125,11458.5673828125,71,201,2280,195,201,0,26,25,20,0,0
1717,moderate_drift,1.0,16737.892578125,12963.603515625,84,201,1824,198,201,0,32,32,20,0,0
1718,moderate_drift,1.0,16729.375,9019.1474609375,112,200,1854,183,200,0,30,62,20,0,0
1719,moderate_drift,1.0,16579.9375,5640.80029296875,78,200,912,130,200,0,11,47,20,0,0
1720,moderate_drift,1.0,16930.427734375,6125.99560546875,71,200,1683,172,200,0,28,23,20,0,0
1721,moderate_drift,1.0,16539.6171875,11192.5419921875,80,200,2410,257,200,0,46,14,20,0,0
1722,moderate_drift,1.0,12907.931640625,8158.337890625,101,200,1451,164,200,0,46,45,10,0,0
1723,moderate_drift,1.0,15886.6015625,7231.26123046875,109,200,2519,268,200,0,46,43,20,0,0
1724,moderate_drift,1.0,18305.6875,8626.4091796875,114,200,2687,298,200,0,85,9,20,0,0
1725,moderate_drift,1.0,15351.4365234375,10664.16796875,70,200,3443,389,200,0,11,39,20,0,0
1726,moderate_drift,1.0,16657.72265625,9535.5810546875,63,200,2620,315,200,0,29,14,20,0,0
1727,moderate_drift,1.0,13795.1982421875,10350.2939453125,66,200,2546,237,200,0,15,41,10,0,0
1728,moderate_drift,1.0,18480.90625,11662.8310546875,70,200,2441,311,200,0,15,35,20,0,0
1729,moderate_drift,1.0,16376.27734375,5169.490234375,126,200,1977,201,200,0,59,47,20,0,0
1730,moderate_drift,1.0,16871.83203125,8846.3564453125,99,201,2594,307,201,0,59,20,20,0,0
1731,moderate_drift,1.0,18120.90625,14697.8115234375,73,205,1698,265,205,0,30,23,20,0,0
1732,moderate_drift,1.0,17117.484375,7697.4619140625,89,201,2553,269,201,0,47,22,20,0,0
1733,moderate_drift,1.0,17760.826171875,5629.10693359375,92,200,1485,154,200,0,52,20,20,0,0
1734,moderate_drift,1.0,13701.8935546875,4608.14892578125,124,200,1393,163,200,0,58,56,10,0,0
1735,moderate_drift,1.0,14783.39453125,8281.4990234375,71,201,2118,227,201,0,15,36,20,0,0
1736,moderate_drift,1.0,15109.5458984375,8402.7021484375,83,200,2675,301,200,0,30,33,20,0,0
1737,moderate_drift,1.0,16085.546875,11881.033203125,91,203,2213,340,203,0,16,55,20,0,0
1738,moderate_drift,1.0,15756.3046875,9710.703125,77,203,923,162,203,0,47,10,20,0,0
1739,moderate_drift,1.0,17094.29296875,10028.7490234375,120,200,2757,310,200,0,32,68,20,0,0
1740,moderate_drift,1.0,16215.01953125,10395.6513671875,84,200,3111,328,200,0,16,48,20,0,0
1741,moderate_drift,1.0,16101.4140625,9499.18359375,72,201,2488,248,201,0,27,25,20,0,0
1742,moderate_drift,1.0,18010.41015625,13173.75,83,200,2754,360,200,0,25,38,20,0,0
1743,moderate_drift,1.0,16399.11328125,9345.5263671875,86,200,2124,281,200,0,57,9,20,0,0
1744,moderate_drift,1.0,17159.7421875,4890.6552734375,91,200,979,114,200,0,49,22,20,0,0
1745,moderate_drift,1.0,15705.7734375,9437.84375,56,200,2789,260,200,0,16,20,20,0,0
1746,moderate_drift,1.0,14745.337890625,13245.7041015625,45,203,1640,209,203,0,16,9,20,0,0
1747,moderate_drift,1.0,15839.595703125,11410.5615234375,74,200,2358,277,200,0,29,25,20,0,0
1748,moderate_drift,1.0,17986.34765625,8285.546875,98,200,1840,206,200,0,30,48,20,0,0
1749,moderate_drift,1.0,16618.9765625,8317.06640625,98,200,2366,232,200,0,57,21,20,0,0
1750,moderate_drift,1.0,16809.607421875,4959.90869140625,66,200,1621,153,200,0,24,22,20,0,0
1751,moderate_drift,1.0,16857.84375,8063.07958984375,80,200,1097,146,200,0,42,18,20,0,0
1752,moderate_drift,1.0,16863.5546875,10250.5869140625,79,200,2189,208,200,0,45,14,20,0,0
1753,moderate_drift,1.0,16554.0078125,11939.546875,60,202,1944,233,202,0,11,29,20,0,0
1754,moderate_drift,1.0,14176.4150390625,5117.5478515625,134,200,1739,143,200,0,99,15,20,0,0
1755,moderate_drift,1.0,17768.1796875,13904.34375,77,203,2850,357,203,0,28,29,20,0,0
1756,moderate_drift,1.0,18596.6640625,5519.25244140625,74,200,1773,170,200,0,31,23,20,0,0
1757,moderate_drift,1.0,15404.2890625,5933.74853515625,70,200,1689,159,200,0,14,36,20,0,0
1758,moderate_drift,1.0,16569.55859375,11825.6982421875,63,200,2986,388,200,0,16,27,20,0,0
1759,moderate_drift,1.0,17024.4296875,7961.94970703125,116,200,2308,223,200,0,46,50,20,0,0
1760,moderate_drift,1.0,16818.201171875,3749.25341796875,71,200,1502,134,200,0,28,23,20,0,0
1761,moderate_drift,1.0,16871.833984375,12904.7490234375,45,202,2127,262,202,0,16,9,20,0,0
1762,moderate_drift,1.0,16968.609375,7343.61962890625,86,200,1866,157,200,0,54,12,20,0,0
1763,moderate_drift,1.0,16217.73828125,12485.783203125,45,203,2192,266,203,0,16,9,20,0,0
1764,moderate_drift,1.0,15939.6591796875,7761.23486328125,98,200,1956,192,200,0,29,49,20,0,0
1765,moderate_drift,1.0,15674.0322265625,5164.06494140625,111,200,1563,160,200,0,27,64,20,0,0
1766,moderate_drift,1.0,12996.06640625,9490.69140625,79,202,2687,270,202,0,45,14,20,0,0
1767,moderate_drift,1.0,14357.595703125,7702.38671875,56,200,2426,250,200,0,14,22,20,0,0
1768,moderate_drift,1.0,16213.4423828125,10395.1376953125,69,200,2885,328,200,0,15,34,20,0,0
1769,moderate_drift,1.0,15072.61328125,12429.5908203125,70,201,2559,245,201,0,16,34,20,0,0
1770,moderate_drift,1.0,14214.4658203125,9572.6767578125,82,200,1911,220,200,0,42,20,20,0,0
1771,moderate_drift,1.0,17807.259765625,13709.6875,77,200,2148,268,200,0,31,26,20,0,0
1772,moderate_drift,1.0,15032.58203125,6662.052734375,110,200,1688,187,200,0,45,45,20,0,0
1773,moderate_drift,1.0,14541.9638671875,10225.0166015625,102,200,2718,278,200,0,16,66,20,0,0
1774,moderate_drift,1.0,15823.638671875,6371.99267578125,103,200,2009,242,200,0,52,31,20,0,0
1775,moderate_drift,1.0,17916.998046875,7350.5302734375,109,200,1147,146,200,0,44,45,20,0,0
1776,moderate_drift,1.0,17547.14453125,10341.6953125,63,200,1429,186,200,0,11,32,20,0,0
1777,moderate_drift,1.0,18260.044921875,11176.0478515625,64,200,2536,265,200,0,14,30,20,0,0
1778,moderate_drift,1.0,16663.400390625,10916.2900390625,65,201,2739,313,201,0,16,29,20,0,0
1779,moderate_drift,1.0,16463.7734375,12322.6220703125,74,201,2749,457,201,0,16,38,20,0,0
1780,moderate_drift,1.0,16568.951171875,7517.61474609375,109,200,2060,254,200,0,58,31,20,0,0
1781,moderate_drift,1.0,16614.4453125,6049.2451171875,108,200,2230,173,200,0,16,72,20,0,0
1782,moderate_drift,1.0,16688.322265625,6423.48193359375,85,200,1740,159,200,0,43,22,20,0,0
1783,moderate_drift,1.0,15901.5009765625,10842.4970703125,52,200,2578,280,200,0,12,20,20,0,0
1784,moderate_drift,1.0,19467.18359375,14110.8134765625,75,204,1730,276,204,0,16,39,20,0,0
1785,moderate_drift,1.0,15786.2236328125,7413.310546875,69,200,2332,303,200,0,21,28,20,0,0
1786,moderate_drift,1.0,15879.9423828125,7644.96484375,110,200,1632,201,200,0,70,20,20,0,0
1787,moderate_drift,1.0,17757.82421875,9522.3095703125,67,200,1911,193,200,0,16,31,20,0,0
1788,moderate_drift,1.0,15956.185546875,9290.7294921875,121,200,2043,211,200,0,32,69,20,0,0
1789,moderate_drift,1.0,17708.841796875,10868.3828125,77,200,2034,200,200,0,29,28,20,0,0
1790,moderate_drift,1.0,18296.84375,12073.330078125,116,200,2284,206,200,0,63,33,20,0,0
1791,moderate_drift,1.0,13679.294921875,11723.8359375,46,200,2671,293,200,0,15,11,20,0,0
1792,moderate_drift,1.0,16336.982421875,5415.509765625,98,200,1024,158,200,0,44,34,20,0,0
1793,moderate_drift,1.0,18780.4296875,12369.4892578125,72,200,3002,343,200,0,30,22,20,0,0
1794,moderate_drift,1.0,14280.779296875,10405.5400390625,87,200,2946,388,200,0,15,52,20,0,0
1795,moderate_drift,1.0,15083.3544921875,12260.427734375,74,202,2016,206,202,0,30,24,20,0,0
1796,moderate_drift,1.0,18555.90625,3098.564453125,78,200,1391,177,200,0,30,28,20,0,0
1797,moderate_drift,1.0,14326.5947265625,5400.927734375,90,200,2122,211,200,0,24,46,20,0,0
1798,moderate_drift,1.0,15850.9326171875,10792.787109375,57,201,2007,210,201,0,13,24,20,0,0
1799,moderate_drift,1.0,16967.974609375,10635.6328125,61,200,1689,221,200,0,12,29,20,0,0
1800,moderate_drift,1.0,17745.22265625,8271.251953125,65,200,2885,293,200,0,31,14,20,0,0
1801,moderate_drift,1.0,16716.44921875,10620.6845703125,67,200,2443,276,200,0,15,32,20,0,0
1802,moderate_drift,1.0,17045.048828125,11167.8974609375,73,201,3338,377,201,0,30,23,20,0,0
1803,moderate_drift,1.0,16233.3955078125,13626.3564453125,53,205,1843,241,205,0,16,17,20,0,0
1804,moderate_drift,1.0,16027.54296875,6396.94091796875,83,200,1152,157,200,0,51,12,20,0,0
1805,moderate_drift,1.0,15247.6591796875,8064.615234375,96,201,1865,156,201,0,46,30,20,0,0
1806,moderate_drift,1.0,15952.19140625,4068.7451171875,69,200,1273,107,200,0,18,31,20,0,0
1807,moderate_drift,1.0,18734.08984375,14191.5830078125,55,202,1227,181,202,0,16,19,20,0,0
1808,moderate_drift,1.0,16964.07421875,7977.26708984375,68,200,1513,180,200,0,12,36,20,0,0
1809,moderate_drift,1.0,16645.044921875,7730.60693359375,96,200,1993,194,200,0,21,55,20,0,0
1810,moderate_drift,1.0,17547.13671875,11507.8779296875,80,203,1707,196,203,0,15,45,20,0,0
1811,moderate_drift,1.0,16263.2392578125,6389.07080078125,103,200,1228,127,200,0,44,39,20,0,0
1812,moderate_drift,1.0,16404.80859375,8705.6103515625,115,200,2278,241,200,0,57,38,20,0,0
1813,moderate_drift,1.0,15992.0,5211.33837890625,84,200,2075,224,200,0,30,34,20,0,0
1814,moderate_drift,1.0,17417.13671875,3246.470458984375,79,200,1407,128,200,0,24,35,20,0,0
1815,moderate_drift,1.0,17622.15625,13441.4423828125,111,200,2831,310,200,0,54,37,20,0,0
1816,moderate_drift,1.0,19267.025390625,11108.3720703125,64,200,2281,254,200,0,24,20,20,0,0
1817,moderate_drift,1.0,15156.6103515625,8828.099609375,86,200,2672,263,200,0,30,36,20,0,0
1818,moderate_drift,1.0,16090.46875,14160.162109375,90,209,2533,449,209,0,14,56,20,0,0
1819,moderate_drift,1.0,15497.9443359375,8306.76171875,92,200,2785,321,200,0,30,42,20,0,0
1820,moderate_drift,1.0,16283.3876953125,14265.546875,75,202,2656,327,202,0,15,40,20,0,0
1821,moderate_drift,1.0,17250.99609375,11130.4814453125,78,205,3097,390,205,0,45,13,20,0,0
1822,moderate_drift,1.0,15219.181640625,11961.5556640625,91,200,2727,264,200,0,29,52,10,0,0
1823,moderate_drift,1.0,15168.611328125,7461.43798828125,100,200,1624,229,200,0,57,23,20,0,0
1824,moderate_drift,1.0,17964.45703125,11723.328125,88,202,3031,392,202,0,29,39,20,0,0
1825,moderate_drift,1.0,17208.017578125,14634.32421875,91,203,2499,317,203,0,16,55,20,0,0
1826,moderate_drift,1.0,17337.421875,7200.17138671875,90,200,2367,256,200,0,13,57,20,0,0
1827,moderate_drift,1.0,17020.5859375,7240.23876953125,87,200,1447,161,200,0,30,37,20,0,0
1828,moderate_drift,1.0,15259.494140625,4420.4091796875,109,200,1491,174,200,0,51,38,20,0,0
1829,moderate_drift,1.0,15072.0908203125,11277.4306640625,88,200,3002,352,200,0,40,28,20,0,0
1830,moderate_drift,1.0,15072.3779296875,12160.66015625,45,202,1881,245,202,0,16,9,20,0,0
1831,moderate_drift,1.0,17184.775390625,5968.4150390625,99,200,908,131,200,0,44,35,20,0,0
1832,moderate_drift,1.0,17548.697265625,7712.98876953125,82,200,1420,178,200,0,42,20,20,0,0
1833,moderate_drift,1.0,13499.7431640625,4634.8310546875,132,200,1407,144,200,0,84,28,20,0,0
1834,moderate_drift,1.0,15944.642578125,7478.35302734375,87,200,2063,194,200,0,57,10,20,0,0
1835,moderate_drift,1.0,15851.6884765625,7328.66259765625,61,200,2172,201,200,0,16,25,20,0,0
1836,moderate_drift,1.0,18103.091796875,10026.34375,72,200,1972,218,200,0,41,11,20,0,0
1837,moderate_drift,1.0,16165.2841796875,7106.837890625,100,200,1421,129,200,0,24,56,20,0,0
1838,moderate_drift,1.0,14519.1083984375,6718.94091796875,103,200,1539,182,200,0,52,41,10,0,0
1839,moderate_drift,1.0,15646.474609375,4697.77490234375,127,200,1406,152,200,0,70,37,20,0,0
1840,moderate_drift,1.0,16428.3984375,12320.0,78,200,2345,269,200,0,47,11,20,0,0
1841,moderate_drift,1.0,16966.431640625,8354.267578125,73,200,2660,358,200,0,11,42,20,0,0
1842,moderate_drift,1.0,17170.439453125,7643.0,128,200,2434,226,200,0,88,20,20,0,0
1843,moderate_drift,1.0,17332.37109375,15488.4365234375,45,207,2184,321,207,0,16,9,20,0,0
1844,moderate_drift,1.0,17781.888671875,11173.4697265625,104,200,2668,267,200,0,61,23,20,0,0
1845,moderate_drift,1.0,15704.7705078125,6295.5869140625,83,200,1963,165,200,0,36,27,20,0,0
1846,moderate_drift,1.0,13544.71484375,10456.7548828125,65,200,2627,295,200,0,31,14,20,0,0
1847,moderate_drift,1.0,16701.9609375,5788.92236328125,64,200,1656,185,200,0,23,21,20,0,0
1848,moderate_drift,1.0,14822.8935546875,7078.84912109375,100,200,2032,197,200,0,41,39,20,0,0
1849,moderate_drift,1.0,17139.65625,9778.4013671875,58,201,1747,230,201,0,13,25,20,0,0
1850,moderate_drift,1.0,16263.38671875,13879.859375,45,205,2018,237,205,0,16,9,20,0,0
1851,moderate_drift,1.0,14586.623046875,11615.109375,64,201,1210,182,201,0,30,14,20,0,0
1852,moderate_drift,1.0,16343.3525390625,8347.56640625,92,200,1672,155,200,0,58,14,20,0,0
1853,moderate_drift,1.0,15395.533203125,11276.9208984375,72,201,2151,261,201,0,27,25,20,0,0
1854,moderate_drift,1.0,16018.4912109375,7500.388671875,89,200,2058,215,200,0,29,40,20,0,0
1855,moderate_drift,1.0,17424.712890625,7794.18310546875,63,200,1911,169,200,0,10,33,20,0,0
1856,moderate_drift,1.0,16615.642578125,7789.21142578125,94,200,1178,194,200,0,29,45,20,0,0
1857,moderate_drift,1.0,17166.10546875,11509.3369140625,84,200,1834,269,200,0,30,34,20,0,0
1858,moderate_drift,1.0,14210.72265625,11725.455078125,55,204,1815,239,204,0,15,30,10,0,0
1859,moderate_drift,1.0,15500.6064453125,9475.7119140625,76,200,2706,274,200,0,41,25,10,0,0
1860,moderate_drift,1.0,17116.708984375,12171.6083984375,81,200,2736,338,200,0,41,20,20,0,0
1861,moderate_drift,1.0,16303.9013671875,7516.95361328125,119,200,2150,217,200,0,36,63,20,0,0
1862,moderate_drift,1.0,16898.458984375,4183.57861328125,105,200,991,114,200,0,50,35,20,0,0
1863,moderate_drift,0.9,14408.3037109375,12071.326171875,54,201,2222,290,201,0,14,20,20,0,0
1864,moderate_drift,1.0,16978.029296875,7100.23583984375,115,200,1920,184,200,0,69,26,20,0,0
1865,moderate_drift,1.0,17502.697265625,5765.01220703125,124,200,1904,179,200,0,82,22,20,0,0
1866,moderate_drift,1.0,17599.0078125,12693.76953125,77,202,1686,216,202,0,31,26,20,0,0
1867,moderate_drift,1.0,15908.3486328125,9067.6220703125,80,203,2654,270,203,0,31,29,20,0,0
1868,moderate_drift,1.0,17349.478515625,11631.486328125,117,200,3187,374,200,0,69,28,20,0,0
1869,moderate_drift,1.0,15560.06640625,8195.669921875,69,200,2088,222,200,0,27,22,20,0,0
1870,moderate_drift,1.0,17584.138671875,10340.9970703125,82,200,2792,343,200,0,40,22,20,0,0
1871,moderate_drift,1.0,17259.984375,8213.2783203125,102,200,2100,218,200,0,56,26,20,0,0
1872,moderate_drift,1.0,14111.5693359375,6655.85205078125,77,200,2453,195,200,0,40,27,10,0,0
1873,moderate_drift,1.0,14631.083984375,9381.3408203125,77,200,2914,278,200,0,32,25,20,0,0
1874,moderate_drift,1.0,13685.80078125,7157.2861328125,56,200,1674,184,200,0,7,29,20,0,0
1875,moderate_drift,1.0,15417.8134765625,9732.0068359375,97,200,2844,339,200,0,30,47,20,0,0
1876,moderate_drift,1.0,14098.6142578125,12310.4814453125,67,200,2508,314,200,0,31,26,10,0,0
1877,moderate_drift,1.0,13210.62890625,9094.3466796875,74,200,2471,236,200,0,30,24,20,0,0
1878,moderate_drift,1.0,16019.7431640625,4851.98876953125,51,200,1412,213,200,0,13,18,20,0,0
1879,moderate_drift,1.0,17062.68359375,10130.0546875,93,200,2397,293,200,0,44,29,20,0,0
1880,moderate_drift,1.0,16539.87109375,12701.00390625,76,201,2620,302,201,0,14,42,20,0,0
1881,moderate_drift,1.0,17083.4140625,6445.90673828125,76,200,1930,187,200,0,38,18,20,0,0
1882,moderate_drift,1.0,16825.349609375,9593.6533203125,97,200,1545,147,200,0,48,29,20,0,0
1883,moderate_drift,1.0,13585.0224609375,12607.4521484375,67,200,2418,299,200,0,31,26,10,0,0
1884,moderate_drift,1.0,15186.166015625,6465.58935546875,73,200,1398,194,200,0,33,20,20,0,0
1885,moderate_drift,1.0,17915.32421875,2587.264892578125,157,200,1580,188,200,0,123,14,20,0,0
1886,moderate_drift,1.0,15834.8115234375,7324.7822265625,76,200,1880,234,200,0,14,42,20,0,0
1887,moderate_drift,1.0,16820.125,9840.3134765625,70,201,2525,302,201,0,16,34,20,0,0
1888,moderate_drift,1.0,17502.26171875,4869.01806640625,72,200,1105,156,200,0,32,20,20,0,0
1889,moderate_drift,1.0,15585.3037109375,9479.984375,124,200,2423,247,200,0,62,42,20,0,0
1890,moderate_drift,1.0,14415.767578125,8246.4765625,77,200,2432,198,200,0,40,27,10,0,0
1891,moderate_drift,1.0,16213.2275390625,14843.2255859375,84,203,2370,263,203,0,28,36,20,0,0
1892,moderate_drift,1.0,17029.427734375,10950.0029296875,68,201,2915,410,201,0,28,20,20,0,0
1893,moderate_drift,1.0,14847.7578125,8140.50390625,86,200,2200,236,200,0,44,22,20,0,0
1894,moderate_drift,1.0,15445.5078125,13545.4453125,45,202,1906,209,202,0,16,9,20,0,0
1895,moderate_drift,1.0,15419.4326171875,12291.876953125,77,201,2861,312,201,0,43,14,20,0,0
1896,moderate_drift,0.9,14559.7607421875,12091.6064453125,71,201,2911,444,201,0,15,36,20,0,0
1897,moderate_drift,1.0,15828.0546875,7507.1943359375,72,200,2210,211,200,0,30,22,20,0,0
1898,moderate_drift,1.0,19360.853515625,6925.9658203125,61,200,2183,224,200,0,30,11,20,0,0
1899,moderate_drift,1.0,14361.7578125,5188.96337890625,111,200,1226,152,200,0,62,39,10,0,0
1900,moderate_drift,1.0,15021.388671875,9885.5498046875,68,200,3204,318,200,0,31,17,20,0,0
1901,moderate_drift,1.0,16631.908203125,10615.564453125,107,200,2074,206,200,0,40,47,20,0,0
1902,moderate_drift,1.0,15862.8349609375,6272.111328125,90,200,1725,182,200,0,28,42,20,0,0
1903,moderate_drift,1.0,16871.201171875,5160.5859375,120,200,2003,173,200,0,67,33,20,0,0
1904,moderate_drift,1.0,15191.595703125,7629.7529296875,97,200,1727,216,200,0,11,66,20,0,0
1905,moderate_drift,1.0,16525.177734375,8780.9833984375,75,200,2135,226,200,0,30,25,20,0,0
1906,moderate_drift,1.0,14768.19140625,5789.45361328125,102,200,1758,165,200,0,40,42,20,0,0
1907,moderate_drift,1.0,15848.4765625,4173.35546875,80,200,1474,143,200,0,12,48,20,0,0
1908,moderate_drift,1.0,15342.470703125,8415.05078125,121,202,2511,265,202,0,75,26,20,0,0
1909,moderate_drift,1.0,15643.2763671875,5829.4658203125,100,200,1732,183,200,0,31,49,20,0,0
1910,moderate_drift,1.0,15219.5,7899.77294921875,57,200,2504,240,200,0,16,21,20,0,0
1911,moderate_drift,1.0,18969.150390625,10330.951171875,101,200,2117,244,200,0,49,32,20,0,0
1912,moderate_drift,1.0,15857.3212890625,8146.9345703125,77,200,1920,244,200,0,28,29,20,0,0
1913,moderate_drift,1.0,16697.228515625,5585.00732421875,111,200,1996,184,200,0,70,21,20,0,0
1914,moderate_drift,1.0,15604.6630859375,8086.7724609375,96,200,1983,223,200,0,26,50,20,0,0
1915,moderate_drift,1.0,16110.9716796875,6618.095703125,82,200,1750,212,200,0,32,30,20,0,0
1916,moderate_drift,1.0,16856.958984375,12809.845703125,61,201,3419,451,201,0,16,25,20,0,0
1917,moderate_drift,1.0,17708.34765625,7973.7509765625,86,200,1985,203,200,0,43,23,20,0,0
1918,moderate_drift,1.0,16960.15234375,6169.0556640625,71,200,1752,176,200,0,28,23,20,0,0
1919,moderate_drift,0.9,16626.4375,13480.9052734375,57,200,2592,325,200,0,15,22,20,0,0
1920,moderate_drift,1.0,16665.283203125,7255.02197265625,71,200,2222,228,200,0,29,22,20,0,0
1921,moderate_drift,1.0,15624.3271484375,8237.1240234375,113,200,2228,202,200,0,56,37,20,0,0
1922,moderate_drift,1.0,14398.34375,11980.8740234375,84,200,2706,331,200,0,31,43,10,0,0
1923,moderate_drift,1.0,13377.6181640625,10127.56640625,83,200,2595,325,200,0,41,22,20,0,0
1924,moderate_drift,1.0,16006.1689453125,7615.6279296875,126,200,1876,223,200,0,46,60,20,0,0
1925,moderate_drift,1.0,16623.470703125,11290.6728515625,78,200,2632,250,200,0,45,13,20,0,0
1926,moderate_drift,1.0,15669.7177734375,8985.2958984375,76,200,1992,178,200,0,36,20,20,0,0
1927,moderate_drift,1.0,14514.7138671875,8388.9423828125,79,200,1659,204,200,0,45,14,20,0,0
1928,moderate_drift,1.0,16187.119140625,8688.44921875,96,200,2107,223,200,0,46,30,20,0,0
1929,moderate_drift,1.0,14448.79296875,8477.6103515625,79,200,2755,305,200,0,12,47,20,0,0
1930,moderate_drift,1.0,17309.546875,9882.19921875,110,200,3174,395,200,0,58,32,20,0,0
1931,moderate_drift,1.0,16014.5322265625,6722.685546875,99,200,2246,211,200,0,70,9,20,0,0
1932,moderate_drift,1.0,16183.3056640625,10680.779296875,76,200,2417,193,200,0,30,26,20,0,0
1933,moderate_drift,1.0,17373.802734375,13550.6513671875,72,203,2745,368,203,0,28,24,20,0,0
1934,moderate_drift,1.0,15862.9951171875,13562.1318359375,50,202,2956,395,202,0,10,20,20,0,0
1935,moderate_drift,1.0,16927.26953125,6529.3720703125,106,200,1321,163,200,0,41,45,20,0,0
1936,moderate_drift,1.0,16052.5546875,7365.17333984375,71,200,1984,202,200,0,28,23,20,0,0
1937,moderate_drift,1.0,16679.099609375,6125.07958984375,69,200,1431,154,200,0,26,23,20,0,0
1938,moderate_drift,1.0,16588.7265625,5760.595703125,95,200,1644,162,200,0,37,38,20,0,0
1939,moderate_drift,1.0,16596.638671875,8851.322265625,94,200,1757,263,200,0,40,34,20,0,0
1940,moderate_drift,1.0,15898.859375,8571.181640625,112,200,2434,226,200,0,47,45,20,0,0
1941,moderate_drift,1.0,16792.587890625,9568.8212890625,86,200,2494,291,200,0,44,22,20,0,0
1942,moderate_drift,1.0,16575.9375,9620.02734375,87,204,2872,358,204,0,42,25,20,0,0
1943,moderate_drift,1.0,17395.9765625,13470.322265625,76,208,1974,368,208,0,28,28,20,0,0
1944,moderate_drift,1.0,15077.5703125,7877.193359375,75,200,1671,183,200,0,28,37,10,0,0
1945,moderate_drift,1.0,17444.2890625,14806.2744140625,72,203,1628,214,203,0,12,40,20,0,0
1946,moderate_drift,1.0,15021.607421875,4316.0673828125,81,200,1616,162,200,0,32,29,20,0,0
1947,moderate_drift,1.0,15260.76953125,7114.94775390625,91,200,2126,150,200,0,57,14,20,0,0
1948,moderate_drift,1.0,16620.814453125,14299.0380859375,45,202,2112,269,202,0,16,9,20,0,0
1949,moderate_drift,1.0,16915.26171875,10822.66796875,83,200,2412,324,200,0,32,31,20,0,0
1950,moderate_drift,1.0,15450.4677734375,7124.5390625,93,200,1612,167,200,0,43,30,20,0,0
1951,moderate_drift,1.0,17699.892578125,8026.6484375,131,200,1518,170,200,0,101,10,20,0,0
1952,moderate_drift,0.9,16489.107421875,11649.4765625,58,202,2720,328,202,0,15,23,20,0,0
1953,moderate_drift,1.0,16431.87890625,8882.833984375,84,200,2607,284,200,0,29,35,20,0,0
1954,moderate_drift,1.0,15847.3388671875,9880.7265625,60,201,2043,179,201,0,30,10,20,0,0
1955,moderate_drift,0.9,15292.470703125,11143.802734375,75,200,3160,337,200,0,40,15,20,0,0
1956,moderate_drift,1.0,15965.458984375,13335.1064453125,74,202,2540,294,202,0,16,38,20,0,0
1957,moderate_drift,1.0,18544.205078125,12600.0810546875,67,201,2432,232,201,0,15,32,20,0,0
1958,moderate_drift,1.0,15483.3720703125,4685.13134765625,83,200,1642,148,200,0,29,34,20,0,0
1959,moderate_drift,1.0,16237.689453125,10196.5244140625,73,200,2998,369,200,0,16,37,20,0,0
1960,moderate_drift,1.0,15388.671875,9445.322265625,94,200,2773,316,200,0,48,26,20,0,0
1961,moderate_drift,1.0,14055.36328125,7484.912109375,93,200,1982,218,200,0,28,55,10,0,0
1962,moderate_drift,1.0,16195.7734375,5820.095703125,117,200,1497,156,200,0,84,13,20,0,0
1963,moderate_drift,1.0,16726.111328125,10453.0283203125,70,200,2908,321,200,0,13,37,20,0,0
1964,moderate_drift,1.0,18354.470703125,10518.1787109375,71,200,2333,208,200,0,11,40,20,0,0
1965,moderate_drift,1.0,14655.71875,8818.6435546875,108,200,2558,274,200,0,62,26,20,0,0
1966,moderate_drift,1.0,17861.810546875,7429.1728515625,99,200,1754,192,200,0,42,37,20,0,0
1967,moderate_drift,1.0,15424.1513671875,12052.7744140625,61,202,2518,323,202,0,16,25,20,0,0
1968,moderate_drift,1.0,15676.7578125,11436.9443359375,89,201,2900,332,201,0,30,39,20,0,0
1969,moderate_drift,1.0,16515.39453125,7982.673828125,55,202,2261,228,202,0,25,10,20,0,0
1970,moderate_drift,1.0,15478.5126953125,5147.248046875,62,200,1875,184,200,0,21,21,20,0,0
1971,moderate_drift,1.0,16371.0869140625,6363.44189453125,120,200,2101,199,200,0,58,42,20,0,0
1972,moderate_drift,1.0,14906.0068359375,6775.24560546875,94,200,1978,185,200,0,53,21,20,0,0
1973,moderate_drift,1.0,16062.6943359375,8852.0947265625,74,200,2660,255,200,0,13,41,20,0,0
1974,moderate_drift,1.0,18510.673828125,10266.4599609375,105,200,1987,245,200,0,74,11,20,0,0
1975,moderate_drift,1.0,13280.142578125,9759.5205078125,80,200,2045,230,200,0,31,29,20,0,0
1976,moderate_drift,1.0,18208.740234375,8890.447265625,76,200,1546,186,200,0,37,19,20,0,0
1977,moderate_drift,1.0,15986.5556640625,10409.6923828125,59,201,1784,201,201,0,7,32,20,0,0
1978,moderate_drift,1.0,14696.9560546875,6923.67919921875,46,200,2189,194,200,0,16,10,20,0,0
1979,moderate_drift,1.0,14010.89453125,6927.66650390625,86,200,1729,166,200,0,29,47,10,0,0
1980,moderate_drift,1.0,16127.8427734375,9356.5966796875,84,200,2027,224,200,0,29,35,20,0,0
1981,moderate_drift,1.0,15083.16796875,7897.77099609375,46,200,2162,185,200,0,16,10,20,0,0
1982,moderate_drift,1.0,17092.4765625,10475.3330078125,73,200,2602,322,200,0,31,22,20,0,0
1983,moderate_drift,1.0,18458.125,9085.984375,87,200,2969,308,200,0,53,14,20,0,0
1984,moderate_drift,1.0,16356.3671875,9046.072265625,70,201,2239,266,201,0,16,34,20,0,0
1985,moderate_drift,1.0,15971.0439453125,10455.892578125,88,200,2304,289,200,0,45,23,20,0,0
1986,moderate_drift,1.0,16707.080078125,10552.3701171875,102,200,2788,304,200,0,48,34,20,0,0
1987,moderate_drift,1.0,17600.794921875,8189.25830078125,82,200,2214,237,200,0,40,22,20,0,0
1988,moderate_drift,0.9,16280.26171875,10438.80859375,94,200,3067,327,200,0,11,63,20,0,0
1989,moderate_drift,1.0,17319.18359375,4514.20263671875,132,200,1386,141,200,0,49,63,20,0,0
1990,moderate_drift,1.0,15007.517578125,6693.70849609375,111,200,1812,223,200,0,63,28,20,0,0
1991,moderate_drift,1.0,15921.75,14167.865234375,55,202,1956,231,202,0,16,19,20,0,0
1992,moderate_drift,1.0,17387.78125,7127.1904296875,83,200,2159,224,200,0,30,33,20,0,0
1993,moderate_drift,1.0,15357.533203125,6288.80078125,115,200,1797,205,200,0,46,49,20,0,0
1994,moderate_drift,1.0,15644.2314453125,7233.44482421875,101,200,2268,281,200,0,36,45,20,0,0
1995,moderate_drift,1.0,16041.2060546875,13718.3955078125,45,202,1839,198,202,0,16,9,20,0,0
1996,moderate_drift,1.0,16883.921875,6836.72265625,83,200,2061,219,200,0,27,36,20,0,0
1997,moderate_drift,1.0,16104.4873046875,5370.93798828125,94,200,1687,175,200,0,53,21,20,0,0
1998,moderate_drift,1.0,19367.28515625,12485.451171875,88,200,2937,373,200,0,31,37,20,0,0
1999,moderate_drift,1.0,16696.3046875,8823.009765625,82,200,2811,344,200,0,16,46,20,0,0
0,large_drift,1.0,15685.890625,10087.837890625,102,200,2837,352,200,0,47,35,20,0,0
1,large_drift,1.0,16855.53515625,6065.9892578125,121,200,2312,203,200,0,68,33,20,0,0
2,large_drift,1.0,14629.259765625,9400.4599609375,81,200,1808,160,200,0,47,14,20,0,0
3,large_drift,1.0,16758.7890625,12258.828125,45,202,1721,208,202,0,16,9,20,0,0
4,large_drift,1.0,13929.6806640625,11073.6103515625,70,200,2645,252,200,0,26,24,20,0,0
5,large_drift,1.0,15688.9892578125,11060.3876953125,122,202,1482,207,202,0,74,28,20,0,0
6,large_drift,1.0,16288.1240234375,6369.79638671875,97,200,1978,175,200,0,39,38,20,0,0
7,large_drift,1.0,13314.7919921875,7474.04150390625,81,200,2042,182,200,0,40,31,10,0,0
8,large_drift,1.0,16281.88671875,4434.64990234375,102,200,1300,152,200,0,42,40,20,0,0
9,large_drift,1.0,16370.5634765625,5101.5087890625,109,200,2067,175,200,0,52,37,20,0,0
10,large_drift,1.0,16495.19140625,4504.447265625,110,200,1248,146,200,0,65,25,20,0,0
11,large_drift,1.0,15360.27734375,8102.17919921875,69,201,1450,179,201,0,12,37,20,0,0
12,large_drift,1.0,16142.076171875,8100.20556640625,123,200,2295,205,200,0,71,42,10,0,0
13,large_drift,1.0,14513.03515625,6343.90087890625,93,200,1897,195,200,0,26,57,10,0,0
14,large_drift,1.0,15795.560546875,7097.291015625,101,200,1360,168,200,0,59,22,20,0,0
15,large_drift,1.0,16783.76171875,14335.44921875,45,202,1252,256,202,0,13,12,20,0,0
16,large_drift,1.0,16527.759765625,4761.572265625,80,200,1528,124,200,0,30,30,20,0,0
17,large_drift,1.0,16478.533203125,8007.12353515625,106,200,1150,113,200,0,57,29,20,0,0
18,large_drift,1.0,15120.3603515625,11529.640625,97,200,2630,300,200,0,42,35,20,0,0
19,large_drift,1.0,15416.396484375,7178.423828125,98,200,1682,170,200,0,57,21,20,0,0
20,large_drift,1.0,15612.34765625,10619.67578125,79,200,2717,317,200,0,31,28,20,0,0
21,large_drift,1.0,16860.10546875,13912.4140625,76,201,2135,333,201,0,16,40,20,0,0
22,large_drift,1.0,16429.25390625,7916.87109375,71,200,1736,175,200,0,28,23,20,0,0
23,large_drift,1.0,16794.794921875,12556.40625,81,200,2174,256,200,0,28,33,20,0,0
24,large_drift,1.0,16420.04296875,3731.721435546875,79,200,1021,128,200,0,37,22,20,0,0
25,large_drift,1.0,18273.810546875,9178.154296875,118,200,1714,219,200,0,53,45,20,0,0
26,large_drift,1.0,16787.12890625,9194.896484375,115,200,2135,257,200,0,69,26,20,0,0
27,large_drift,1.0,13333.82421875,7326.47998046875,65,200,1757,175,200,0,27,28,10,0,0
28,large_drift,1.0,17324.140625,9384.4921875,86,200,1237,173,200,0,54,12,20,0,0
29,large_drift,1.0,17294.10546875,6248.72216796875,71,200,1968,223,200,0,28,23,20,0,0
30,large_drift,1.0,12595.0185546875,10633.787109375,59,201,2135,255,201,0,15,24,20,0,0
31,large_drift,1.0,16487.515625,10645.7998046875,59,201,2012,218,201,0,12,27,20,0,0
32,large_drift,1.0,16981.373046875,7258.671875,112,200,2073,217,200,0,47,45,20,0,0
33,large_drift,1.0,15985.2568359375,10733.7109375,73,200,2677,321,200,0,15,38,20,0,0
34,large_drift,1.0,14723.7666015625,6269.64306640625,92,200,1791,164,200,0,50,22,20,0,0
35,large_drift,1.0,15823.2041015625,7806.14990234375,94,200,2127,202,200,0,40,34,20,0,0
36,large_drift,1.0,16986.896484375,8687.6396484375,74,200,2645,287,200,0,32,22,20,0,0
37,large_drift,1.0,15640.537109375,7421.5107421875,87,200,2102,183,200,0,32,35,20,0,0
38,large_drift,1.0,17026.59765625,6544.291015625,111,200,2162,210,200,0,77,14,20,0,0
39,large_drift,1.0,15359.5107421875,5555.6826171875,94,200,1926,189,200,0,52,22,20,0,0
40,large_drift,1.0,16576.6875,8418.2919921875,117,200,1870,199,200,0,71,26,20,0,0
41,large_drift,1.0,18519.041015625,5548.37451171875,65,200,1493,171,200,0,27,18,20,0,0
42,large_drift,1.0,15871.76171875,5729.47265625,78,200,1550,154,200,0,38,20,20,0,0
43,large_drift,1.0,14107.7666015625,9531.4248046875,59,203,2871,281,203,0,14,25,20,0,0
44,large_drift,1.0,14496.306640625,8474.2470703125,89,201,2383,214,201,0,55,14,20,0,0
45,large_drift,1.0,15921.162109375,7791.623046875,102,200,2289,229,200,0,59,23,20,0,0
46,large_drift,1.0,14333.7939453125,5016.9921875,126,200,1638,143,200,0,52,54,20,0,0
47,large_drift,1.0,15376.708984375,8165.1845703125,70,200,1855,195,200,0,27,23,20,0,0
48,large_drift,1.0,14966.234375,12159.5498046875,48,201,2419,241,201,0,13,15,20,0,0
49,large_drift,1.0,14979.884765625,8554.609375,97,200,2452,284,200,0,41,36,20,0,0
50,large_drift,1.0,16527.373046875,8937.392578125,80,200,2055,192,200,0,31,29,20,0,0
51,large_drift,1.0,17604.80859375,6229.67138671875,80,200,2196,201,200,0,27,33,20,0,0
52,large_drift,1.0,15880.54296875,10356.5166015625,82,200,2594,261,200,0,45,17,20,0,0
53,large_drift,1.0,18219.5234375,7690.625,77,200,1838,170,200,0,16,41,20,0,0
54,large_drift,1.0,14761.1494140625,9026.2998046875,80,200,1947,188,200,0,31,29,20,0,0
55,large_drift,1.0,14472.1376953125,7128.60595703125,104,200,1556,185,200,0,53,41,10,0,0
56,large_drift,1.0,15842.400390625,8292.18359375,74,200,2263,212,200,0,44,10,20,0,0
57,large_drift,1.0,15595.9853515625,7350.3037109375,117,200,2398,206,200,0,59,38,20,0,0
58,large_drift,1.0,14752.73046875,13396.3193359375,45,202,1812,228,202,0,16,9,20,0,0
59,large_drift,1.0,18904.04296875,9011.0341796875,91,200,1923,201,200,0,35,36,20,0,0
60,large_drift,1.0,16843.623046875,3797.037353515625,63,205,1476,169,205,0,29,14,20,0,0
61,large_drift,1.0,16300.5009765625,12837.541015625,60,201,2685,325,201,0,28,12,20,0,0
62,large_drift,1.0,16456.123046875,8178.72314453125,75,200,2254,234,200,0,14,41,20,0,0
63,large_drift,1.0,15003.7451171875,3991.386474609375,98,200,1606,176,200,0,58,20,20,0,0
64,large_drift,1.0,14238.31640625,6056.31884765625,84,200,1899,200,200,0,26,38,20,0,0
65,large_drift,1.0,15221.2626953125,4877.10693359375,105,200,1336,140,200,0,63,32,10,0,0
66,large_drift,1.0,17883.57421875,7545.61865234375,98,200,1139,150,200,0,65,13,20,0,0
67,large_drift,1.0,15865.9931640625,7818.50390625,83,200,2319,193,200,0,12,51,20,0,0
68,large_drift,1.0,17218.53515625,8721.9072265625,89,200,1521,173,200,0,24,45,20,0,0
69,large_drift,1.0,17665.9765625,10889.7138671875,90,200,2740,315,200,0,57,13,20,0,0
70,large_drift,1.0,17560.876953125,12129.1962890625,57,201,2702,333,201,0,11,26,20,0,0
71,large_drift,1.0,17119.423828125,7833.08056640625,118,200,1659,179,200,0,89,9,20,0,0
72,large_drift,1.0,15493.7744140625,6002.798828125,79,200,1580,153,200,0,32,37,10,0,0
73,large_drift,1.0,17545.482421875,10902.4013671875,99,200,2896,368,200,0,43,36,20,0,0
74,large_drift,1.0,15124.4013671875,9292.830078125,64,200,2517,261,200,0,22,22,20,0,0
75,large_drift,1.0,17224.1015625,5855.4375,113,200,1034,176,200,0,52,41,20,0,0
76,large_drift,1.0,15403.603515625,11033.4375,61,201,2583,320,201,0,31,10,20,0,0
77,large_drift,1.0,17372.087890625,10266.9736328125,85,200,2678,347,200,0,42,23,20,0,0
78,large_drift,1.0,17467.45703125,9509.4755859375,81,200,2733,284,200,0,28,33,20,0,0
79,large_drift,1.0,15280.8291015625,7990.79052734375,91,200,1760,197,200,0,29,42,20,0,0
80,large_drift,1.0,14470.3359375,13276.185546875,46,201,2703,288,201,0,15,11,20,0,0
81,large_drift,1.0,17625.064453125,12070.615234375,46,200,2286,287,200,0,15,11,20,0,0
82,large_drift,1.0,17155.6953125,8297.5087890625,120,200,3055,309,200,0,64,36,20,0,0
83,large_drift,1.0,16809.18359375,5481.03125,93,200,1827,159,200,0,60,13,20,0,0
84,large_drift,1.0,15282.4248046875,7088.5732421875,105,200,1631,179,200,0,53,32,20,0,0
85,large_drift,1.0,15880.734375,8453.0732421875,133,200,1987,205,200,0,47,66,20,0,0
86,large_drift,1.0,17760.37890625,5531.29443359375,81,200,968,130,200,0,27,34,20,0,0
87,large_drift,1.0,16482.025390625,9979.26171875,97,200,1649,150,200,0,53,24,20,0,0
88,large_drift,1.0,13069.8505859375,8279.4658203125,80,200,2464,268,200,0,27,33,20,0,0
89,large_drift,1.0,16083.2001953125,5447.208984375,102,200,1465,141,200,0,23,59,20,0,0
90,large_drift,1.0,16103.4365234375,11873.10546875,83,200,2499,262,200,0,26,37,20,0,0
91,large_drift,1.0,16904.09375,6043.62451171875,101,200,1588,183,200,0,56,25,20,0,0
92,large_drift,1.0,14964.6826171875,11874.3037109375,59,201,2626,335,201,0,14,25,20,0,0
93,large_drift,1.0,14669.7275390625,9092.7294921875,63,200,2179,233,200,0,29,14,20,0,0
94,large_drift,1.0,16590.423828125,8395.5224609375,77,200,2435,232,200,0,47,10,20,0,0
95,large_drift,1.0,16605.1328125,8894.337890625,99,201,2478,256,201,0,44,35,20,0,0
96,large_drift,1.0,16480.78125,8998.4912109375,90,200,2937,376,200,0,41,29,20,0,0
97,large_drift,1.0,13423.5849609375,9004.3623046875,109,200,2330,224,200,0,73,26,10,0,0
98,large_drift,1.0,16873.623046875,7718.45068359375,102,200,2188,211,200,0,47,35,20,0,0
99,large_drift,1.0,17976.60546875,11487.2841796875,71,200,2448,264,200,0,26,25,20,0,0
100,large_drift,1.0,14290.15234375,4068.7353515625,97,200,1499,129,200,0,26,51,20,0,0
101,large_drift,1.0,16256.818359375,8528.572265625,86,200,1978,237,200,0,40,26,20,0,0
102,large_drift,1.0,17021.650390625,3901.22021484375,115,200,2264,187,200,0,63,32,20,0,0
103,large_drift,1.0,16621.3125,3820.79345703125,107,200,1339,150,200,0,21,66,20,0,0
104,large_drift,1.0,15971.2548828125,8384.712890625,48,200,2256,265,200,0,7,21,20,0,0
105,large_drift,1.0,16273.353515625,7369.51025390625,99,200,2279,235,200,0,56,23,20,0,0
106,large_drift,1.0,17444.294921875,9063.40234375,86,200,1574,199,200,0,39,27,20,0,0
107,large_drift,1.0,17222.90625,11860.2001953125,92,200,1476,146,200,0,15,57,20,0,0
108,large_drift,1.0,18276.35546875,3693.390380859375,94,200,1273,154,200,0,60,14,20,0,0
109,large_drift,1.0,15319.22265625,8269.58984375,60,200,1899,214,200,0,30,10,20,0,0
110,large_drift,1.0,14260.6845703125,6169.07763671875,100,200,2115,216,200,0,58,22,20,0,0
111,large_drift,1.0,16529.4921875,6009.6650390625,74,200,1777,208,200,0,40,14,20,0,0
112,large_drift,1.0,16779.49609375,12307.830078125,64,201,1888,198,201,0,21,23,20,0,0
113,large_drift,1.0,17290.013671875,10876.5419921875,103,200,2516,303,200,0,59,24,20,0,0
114,large_drift,1.0,16589.5234375,6457.8115234375,51,200,1622,213,200,0,13,18,20,0,0
115,large_drift,1.0,15019.654296875,12267.1533203125,52,201,2215,246,201,0,12,20,20,0,0
116,large_drift,1.0,15632.734375,11009.423828125,77,200,2138,238,200,0,31,26,20,0,0
117,large_drift,1.0,17758.173828125,13817.357421875,60,204,2073,242,204,0,28,12,20,0,0
118,large_drift,1.0,16451.9921875,6677.76416015625,60,200,1773,226,200,0,29,11,20,0,0
119,large_drift,1.0,15547.7705078125,12488.630859375,64,201,2657,328,201,0,30,14,20,0,0
120,large_drift,1.0,17671.51171875,9316.3857421875,64,200,2542,299,200,0,30,14,20,0,0
121,large_drift,1.0,15534.90625,4542.6923828125,143,200,1598,186,200,0,87,36,20,0,0
122,large_drift,1.0,16925.201171875,9575.107421875,76,200,2427,261,200,0,26,30,20,0,0
123,large_drift,1.0,17169.94921875,12661.1083984375,70,200,2760,329,200,0,29,21,20,0,0
124,large_drift,1.0,17916.755859375,7057.5869140625,98,200,2181,204,200,0,49,29,20,0,0
125,large_drift,1.0,15211.6435546875,7773.568359375,77,200,1985,207,200,0,35,32,10,0,0
126,large_drift,1.0,17897.294921875,5889.3251953125,89,200,1890,162,200,0,44,25,20,0,0
127,large_drift,1.0,10763.314453125,10763.314453125,36,200,2276,224,200,0,10,16,10,0,0
128,large_drift,1.0,13777.482421875,8921.4609375,80,200,2018,217,200,0,15,45,20,0,0
129,large_drift,1.0,14691.7490234375,9115.369140625,95,200,2214,238,200,0,40,35,20,0,0
130,large_drift,1.0,16180.953125,9842.02734375,93,200,2506,317,200,0,48,25,20,0,0
131,large_drift,1.0,12447.611328125,9341.6806640625,51,200,2232,218,200,0,15,26,10,0,0
132,large_drift,1.0,16543.810546875,10508.9423828125,94,200,2580,329,200,0,48,26,20,0,0
133,large_drift,1.0,16576.4453125,6000.39501953125,87,200,935,118,200,0,38,29,20,0,0
134,large_drift,1.0,16638.78515625,12968.779296875,63,202,3278,404,202,0,16,27,20,0,0
135,large_drift,1.0,18859.236328125,13106.0068359375,54,201,2786,325,201,0,24,10,20,0,0
136,large_drift,1.0,14904.3623046875,9656.8447265625,62,200,2368,257,200,0,21,21,20,0,0
137,large_drift,1.0,15978.271484375,8574.5751953125,83,200,2477,255,200,0,42,21,20,0,0
138,large_drift,1.0,18344.935546875,11383.3818359375,89,200,1816,219,200,0,37,32,20,0,0
139,large_drift,1.0,17157.646484375,10238.5654296875,74,200,2799,333,200,0,31,23,20,0,0
140,large_drift,0.9,16152.8994140625,12389.0380859375,79,202,2744,336,202,0,32,27,20,0,0
141,large_drift,1.0,15967.177734375,6567.09228515625,98,200,1552,156,200,0,46,32,20,0,0
142,large_drift,1.0,15938.7822265625,6593.8740234375,80,200,1854,191,200,0,39,21,20,0,0
143,large_drift,1.0,15629.1494140625,6063.43798828125,81,200,1605,161,200,0,30,31,20,0,0
144,large_drift,1.0,13443.853515625,8994.5361328125,61,200,1795,197,200,0,24,27,10,0,0
145,large_drift,1.0,15788.8486328125,6497.70703125,66,200,1783,160,200,0,24,22,20,0,0
146,large_drift,1.0,16437.189453125,8098.15869140625,83,200,2000,196,200,0,30,33,20,0,0
147,large_drift,1.0,17894.73046875,8399.169921875,72,201,2217,245,201,0,42,10,20,0,0
148,large_drift,1.0,17257.4375,11153.0146484375,70,200,2427,239,200,0,16,34,20,0,0
149,large_drift,1.0,17557.7109375,8299.7158203125,94,200,1732,200,200,0,40,34,20,0,0
150,large_drift,1.0,12755.158203125,10682.1171875,69,203,1845,213,203,0,29,30,10,0,0
151,large_drift,1.0,16436.001953125,8635.71484375,57,200,1422,169,200,0,14,23,20,0,0
152,large_drift,1.0,15936.158203125,6508.7314453125,106,200,1690,183,200,0,57,29,20,0,0
153,large_drift,1.0,16827.134765625,10942.9140625,62,200,3087,355,200,0,16,26,20,0,0
154,large_drift,1.0,16167.9306640625,10501.9345703125,90,200,1955,265,200,0,46,24,20,0,0
155,large_drift,1.0,16355.17578125,5585.7919921875,156,200,1281,142,200,0,116,20,20,0,0
156,large_drift,1.0,17134.23828125,4695.39892578125,105,200,1655,122,200,0,56,29,20,0,0
157,large_drift,1.0,16237.169921875,9064.955078125,92,200,2449,282,200,0,31,41,20,0,0
158,large_drift,1.0,16983.509765625,6037.67236328125,78,200,1577,158,200,0,15,43,20,0,0
159,large_drift,1.0,17210.3203125,9257.6953125,70,200,2594,324,200,0,11,39,20,0,0
160,large_drift,1.0,15629.3505859375,11291.28125,73,201,2635,286,201,0,14,39,20,0,0
161,large_drift,1.0,17381.0078125,8512.0673828125,94,200,2201,274,200,0,53,21,20,0,0
162,large_drift,1.0,17614.91015625,13616.6005859375,74,201,1127,185,201,0,31,23,20,0,0
163,large_drift,1.0,17890.44921875,10213.775390625,95,200,1423,180,200,0,66,9,20,0,0
164,large_drift,1.0,17039.01953125,7485.99462890625,139,200,1675,175,200,0,94,25,20,0,0
165,large_drift,1.0,16227.4990234375,4136.25732421875,110,200,1225,145,200,0,65,25,20,0,0
166,large_drift,1.0,16651.416015625,8341.2548828125,60,200,2022,206,200,0,29,11,20,0,0
167,large_drift,1.0,15641.5625,11260.5576171875,73,200,2792,351,200,0,31,22,20,0,0
168,large_drift,1.0,17582.44921875,9533.822265625,96,200,2140,225,200,0,62,14,20,0,0
169,large_drift,1.0,16115.994140625,8917.0478515625,65,200,2167,271,200,0,26,19,20,0,0
170,large_drift,1.0,15484.3623046875,7431.78369140625,107,200,2042,175,200,0,41,46,20,0,0
171,large_drift,1.0,17695.220703125,13179.22265625,81,202,2666,320,202,0,41,20,20,0,0
172,large_drift,1.0,16030.28125,9146.587890625,111,200,2039,195,200,0,31,60,20,0,0
173,large_drift,1.0,15190.240234375,8749.865234375,82,200,2840,327,200,0,32,30,20,0,0
174,large_drift,1.0,16600.201171875,5819.26025390625,121,200,1927,165,200,0,69,32,20,0,0
175,large_drift,1.0,15684.8671875,7111.42578125,96,200,1653,169,200,0,42,34,20,0,0
176,large_drift,1.0,17886.203125,10504.7529296875,51,200,2363,299,200,0,13,18,20,0,0
177,large_drift,1.0,15213.8271484375,8872.703125,114,200,1580,219,200,0,54,40,20,0,0
178,large_drift,1.0,17692.888671875,9883.01171875,79,200,2378,238,200,0,31,28,20,0,0
179,large_drift,1.0,15126.8037109375,13250.2880859375,66,201,2576,283,201,0,15,41,10,0,0
180,large_drift,1.0,16526.052734375,6775.51806640625,117,200,1781,152,200,0,72,25,20,0,0
181,large_drift,1.0,17405.494140625,6596.6298828125,60,200,1134,119,200,0,28,12,20,0,0
182,large_drift,1.0,17717.244140625,10553.416015625,62,200,2442,262,200,0,29,13,20,0,0
183,large_drift,1.0,16610.111328125,15050.7412109375,45,202,2007,248,202,0,16,9,20,0,0
184,large_drift,1.0,16591.4921875,8317.001953125,46,200,2303,251,200,0,13,13,20,0,0
185,large_drift,1.0,17077.138671875,8700.8359375,99,200,2226,233,200,0,57,22,20,0,0
186,large_drift,1.0,15619.341796875,6131.689453125,110,200,1936,187,200,0,68,22,20,0,0
187,large_drift,1.0,16399.169921875,13882.1865234375,72,204,1571,272,204,0,30,22,20,0,0
188,large_drift,1.0,16070.2421875,6048.654296875,46,200,1992,179,200,0,15,11,20,0,0
189,large_drift,1.0,16332.6298828125,5430.017578125,114,200,2022,183,200,0,73,21,20,0,0
190,large_drift,1.0,15543.6298828125,7751.482421875,93,200,1772,156,200,0,43,30,20,0,0
191,large_drift,1.0,16686.568359375,11692.138671875,67,200,2620,257,200,0,16,31,20,0,0
192,large_drift,1.0,17265.373046875,7699.58447265625,46,200,1681,156,200,0,13,13,20,0,0
193,large_drift,1.0,15257.677734375,9244.138671875,99,200,2139,232,200,0,69,10,20,0,0
194,large_drift,1.0,17064.79296875,8288.9130859375,106,200,2240,264,200,0,31,55,20,0,0
195,large_drift,1.0,16878.53125,9475.8896484375,90,200,3128,375,200,0,30,40,20,0,0
196,large_drift,1.0,17681.6796875,14471.8134765625,45,203,1966,290,203,0,16,9,20,0,0
197,large_drift,1.0,13646.1416015625,11289.9443359375,86,200,2815,293,200,0,57,9,20,0,0
198,large_drift,0.9,15768.2705078125,10756.734375,92,203,3042,373,203,0,30,42,20,0,0
199,large_drift,1.0,14414.783203125,12469.3271484375,48,203,2218,245,203,0,13,15,20,0,0
200,large_drift,1.0,15954.6533203125,9953.4599609375,68,200,1940,244,200,0,29,19,20,0,0
201,large_drift,1.0,16775.419921875,9490.0419921875,134,200,1932,214,200,0,38,76,20,0,0
202,large_drift,1.0,19171.99609375,14530.7744140625,87,204,1539,234,204,0,32,35,20,0,0
203,large_drift,1.0,16302.255859375,9722.203125,76,200,2215,272,200,0,15,41,20,0,0
204,large_drift,1.0,17378.400390625,6675.984375,164,200,2253,177,200,0,103,41,20,0,0
205,large_drift,1.0,17067.66015625,10987.7333984375,115,200,1771,215,200,0,74,21,20,0,0
206,large_drift,1.0,17334.212890625,11335.5888671875,74,200,2281,280,200,0,29,25,20,0,0
207,large_drift,1.0,16217.5009765625,6462.1845703125,85,200,1958,166,200,0,54,11,20,0,0
208,large_drift,1.0,15605.9609375,2841.551025390625,134,200,1221,148,200,0,42,72,20,0,0
209,large_drift,1.0,16062.2998046875,7399.88916015625,78,200,1777,220,200,0,21,37,20,0,0
210,large_drift,1.0,17483.009765625,11941.9794921875,84,200,2694,288,200,0,38,26,20,0,0
211,large_drift,1.0,17747.701171875,11273.345703125,131,201,2377,253,201,0,87,24,20,0,0
212,large_drift,1.0,15749.4189453125,5886.046875,118,200,1815,185,200,0,64,34,20,0,0
213,large_drift,1.0,16551.779296875,8789.9072265625,73,200,1775,140,200,0,27,26,20,0,0
214,large_drift,1.0,15161.8623046875,5497.4970703125,94,200,1508,178,200,0,26,48,20,0,0
215,large_drift,1.0,18216.2734375,7684.01025390625,46,200,1945,181,200,0,13,13,20,0,0
216,large_drift,0.9,16797.087890625,11077.8271484375,49,200,2908,367,200,0,15,14,20,0,0
217,large_drift,1.0,15670.8740234375,8325.07421875,82,200,2399,249,200,0,30,42,10,0,0
218,large_drift,1.0,14864.36328125,6706.8583984375,75,200,1858,195,200,0,34,21,20,0,0
219,large_drift,1.0,17133.2109375,10042.3662109375,75,200,2483,301,200,0,30,25,20,0,0
220,large_drift,1.0,15466.2412109375,10034.46875,103,200,2686,294,200,0,45,38,20,0,0
221,large_drift,1.0,16860.984375,14327.0693359375,86,201,2815,295,201,0,46,30,10,0,0
222,large_drift,1.0,16213.0673828125,4033.37548828125,86,200,826,82,200,0,27,39,20,0,0
223,large_drift,1.0,16267.5166015625,10124.62109375,62,200,2291,225,200,0,16,26,20,0,0
224,large_drift,1.0,16928.154296875,5600.80859375,61,200,2333,224,200,0,32,9,20,0,0
225,large_drift,1.0,15500.28125,9780.1689453125,85,200,2574,254,200,0,44,21,20,0,0
226,large_drift,1.0,17861.7890625,10456.3544921875,68,200,2004,298,200,0,28,20,20,0,0
227,large_drift,1.0,17213.45703125,6813.7783203125,98,200,1997,201,200,0,43,35,20,0,0
228,large_drift,1.0,16626.408203125,8429.1875,71,200,2140,277,200,0,41,10,20,0,0
229,large_drift,1.0,16323.6240234375,9742.6865234375,90,201,2680,345,201,0,28,42,20,0,0
230,large_drift,1.0,17207.427734375,8320.28125,55,200,2326,253,200,0,25,10,20,0,0
231,large_drift,1.0,17922.068359375,14970.505859375,74,205,2201,324,205,0,14,40,20,0,0
232,large_drift,1.0,18020.521484375,3438.226806640625,105,200,966,131,200,0,41,44,20,0,0
233,large_drift,1.0,16861.96484375,10710.962890625,84,200,2728,332,200,0,31,33,20,0,0
234,large_drift,1.0,15931.6328125,8461.71875,72,200,2025,215,200,0,15,37,20,0,0
235,large_drift,1.0,16925.353515625,10980.4423828125,83,200,1723,200,200,0,29,34,20,0,0
236,large_drift,1.0,17198.0703125,7763.23291015625,71,200,2439,247,200,0,16,35,20,0,0
237,large_drift,1.0,15232.4384765625,9495.0234375,59,200,1609,181,200,0,14,25,20,0,0
238,large_drift,1.0,13914.6435546875,8621.76171875,90,200,2156,216,200,0,42,28,20,0,0
239,large_drift,1.0,14797.4384765625,6657.4892578125,94,200,2092,213,200,0,48,26,20,0,0
240,large_drift,1.0,16585.255859375,9027.2265625,144,200,2221,198,200,0,90,34,20,0,0
241,large_drift,1.0,16818.45703125,4455.20654296875,71,200,1499,114,200,0,28,23,20,0,0
242,large_drift,1.0,17237.935546875,7103.75634765625,46,200,2127,189,200,0,16,10,20,0,0
243,large_drift,1.0,15716.267578125,9408.2021484375,90,200,2474,234,200,0,46,24,20,0,0
244,large_drift,1.0,15178.75390625,3244.853759765625,84,200,1662,180,200,0,22,42,20,0,0
245,large_drift,1.0,16902.181640625,8661.775390625,89,200,2424,257,200,0,43,26,20,0,0
246,large_drift,1.0,15231.8837890625,10284.939453125,95,200,2236,293,200,0,61,14,20,0,0
247,large_drift,1.0,15981.2939453125,6335.19970703125,62,200,2278,224,200,0,29,13,20,0,0
248,large_drift,1.0,9172.7001953125,9172.7001953125,36,200,2873,341,200,0,10,16,10,0,0
249,large_drift,1.0,16553.078125,10365.62890625,92,201,2790,320,201,0,11,61,20,0,0
250,large_drift,1.0,16789.271484375,9852.306640625,69,201,2069,229,201,0,27,22,20,0,0
251,large_drift,1.0,16073.4921875,5589.65283203125,84,200,1698,164,200,0,30,34,20,0,0
252,large_drift,1.0,16437.388671875,6895.20947265625,125,200,1520,182,200,0,39,66,20,0,0
253,large_drift,1.0,15767.1318359375,10288.98828125,50,201,1342,204,201,0,12,18,20,0,0
254,large_drift,1.0,14835.9853515625,12334.0341796875,59,203,2258,268,203,0,13,26,20,0,0
255,large_drift,1.0,16714.359375,9046.75,86,200,2071,228,200,0,29,37,20,0,0
256,large_drift,1.0,15843.9033203125,9381.93359375,58,200,2096,225,200,0,15,23,20,0,0
257,large_drift,1.0,14148.3896484375,8993.88671875,96,200,2113,161,200,0,41,45,10,0,0
258,large_drift,1.0,18796.2578125,10703.0263671875,82,200,2166,193,200,0,16,46,20,0,0
259,large_drift,1.0,17772.95703125,4991.7646484375,88,200,1779,200,200,0,54,14,20,0,0
260,large_drift,1.0,16002.263671875,9225.732421875,81,200,2138,245,200,0,11,50,20,0,0
261,large_drift,1.0,17920.751953125,9468.689453125,91,200,2388,298,200,0,62,9,20,0,0
262,large_drift,1.0,18305.109375,3865.798828125,74,200,1358,191,200,0,40,14,20,0,0
263,large_drift,1.0,14297.3154296875,7100.72119140625,102,200,1684,211,200,0,44,38,20,0,0
264,large_drift,1.0,16733.142578125,3852.5888671875,138,200,1216,165,200,0,97,21,20,0,0
265,large_drift,1.0,16751.580078125,13123.7373046875,90,202,1957,253,202,0,42,28,20,0,0
266,large_drift,1.0,16042.1162109375,6672.97607421875,79,200,2240,179,200,0,30,29,20,0,0
267,large_drift,1.0,17676.248046875,6686.2412109375,91,200,1461,163,200,0,27,44,20,0,0
268,large_drift,1.0,16944.51171875,7847.55126953125,85,200,2285,207,200,0,48,17,20,0,0
269,large_drift,1.0,15102.4638671875,9536.0224609375,72,200,2755,337,200,0,16,36,20,0,0
270,large_drift,1.0,17825.85546875,3367.0947265625,60,200,959,118,200,0,20,20,20,0,0
271,large_drift,1.0,17241.740234375,12514.779296875,60,202,2299,305,202,0,14,26,20,0,0
272,large_drift,1.0,14954.3642578125,5633.0029296875,101,200,1237,147,200,0,46,35,20,0,0
273,large_drift,0.9,17507.44921875,11761.90234375,57,202,2589,310,202,0,12,25,20,0,0
274,large_drift,1.0,16668.427734375,11079.7109375,87,200,2555,301,200,0,56,11,20,0,0
275,large_drift,1.0,14824.8935546875,8037.41552734375,132,200,1389,137,200,0,62,50,20,0,0
276,large_drift,1.0,17232.013671875,5564.28662109375,105,200,1064,152,200,0,50,35,20,0,0
277,large_drift,1.0,17770.4765625,9953.2197265625,82,200,1714,222,200,0,26,36,20,0,0
278,large_drift,1.0,17546.205078125,8313.826171875,87,201,1904,188,201,0,31,36,20,0,0
279,large_drift,1.0,16370.951171875,5642.607421875,99,200,1595,166,200,0,35,44,20,0,0
280,large_drift,1.0,16028.0517578125,8417.283203125,62,200,2355,258,200,0,32,10,20,0,0
281,large_drift,1.0,17200.787109375,5619.60009765625,60,200,2011,173,200,0,29,11,20,0,0
282,large_drift,1.0,16310.9072265625,5827.22705078125,46,200,1872,188,200,0,15,11,20,0,0
283,large_drift,1.0,16404.21484375,7259.4833984375,109,200,2262,249,200,0,40,49,20,0,0
284,large_drift,1.0,16450.373046875,9689.39453125,92,200,2108,207,200,0,58,14,20,0,0
285,large_drift,1.0,16034.7080078125,6671.85595703125,113,200,2240,203,200,0,83,10,20,0,0
286,large_drift,1.0,15978.1435546875,9850.474609375,127,200,2277,255,200,0,68,39,20,0,0
287,large_drift,1.0,17186.201171875,7993.8671875,57,200,2151,197,200,0,24,13,20,0,0
288,large_drift,1.0,15405.642578125,9328.919921875,91,200,2683,331,200,0,46,25,20,0,0
289,large_drift,1.0,14475.107421875,9136.3251953125,80,200,2149,223,200,0,38,22,20,0,0
290,large_drift,1.0,14838.7392578125,7757.603515625,93,200,1985,209,200,0,64,9,20,0,0
291,large_drift,1.0,15385.7958984375,7655.34130859375,109,200,2387,269,200,0,64,25,20,0,0
292,large_drift,1.0,14367.548828125,14030.7001953125,46,205,1905,266,205,0,13,13,20,0,0
293,large_drift,1.0,16782.5546875,9991.9189453125,81,201,1594,186,201,0,39,22,20,0,0
294,large_drift,1.0,16543.142578125,8748.93359375,78,200,2245,281,200,0,29,29,20,0,0
295,large_drift,1.0,17278.53125,8710.8154296875,95,200,2367,249,200,0,54,21,20,0,0
296,large_drift,1.0,16508.265625,7408.7431640625,115,200,1905,245,200,0,74,21,20,0,0
297,large_drift,1.0,15418.5322265625,9219.517578125,86,200,2895,341,200,0,30,36,20,0,0
298,large_drift,1.0,17313.0,12433.142578125,53,200,2287,332,200,0,13,20,20,0,0
299,large_drift,1.0,14805.283203125,9768.0107421875,50,201,1990,183,201,0,10,20,20,0,0
300,large_drift,1.0,16436.609375,10766.419921875,45,202,1912,250,202,0,16,9,20,0,0
301,large_drift,1.0,13479.912109375,10496.9462890625,92,200,2922,320,200,0,44,28,20,0,0
302,large_drift,1.0,15374.6962890625,7464.93505859375,146,200,1573,167,200,0,56,70,20,0,0
303,large_drift,1.0,15961.2138671875,6136.53369140625,113,200,1958,180,200,0,59,34,20,0,0
304,large_drift,1.0,16837.150390625,7810.7861328125,73,200,2376,271,200,0,31,22,20,0,0
305,large_drift,1.0,15672.2822265625,9442.521484375,75,200,2193,237,200,0,41,14,20,0,0
306,large_drift,1.0,17591.603515625,11183.5390625,77,200,2527,324,200,0,43,14,20,0,0
307,large_drift,1.0,17259.970703125,6383.7236328125,131,200,2227,219,200,0,70,41,20,0,0
308,large_drift,1.0,16261.85546875,11409.9267578125,81,200,3181,461,200,0,32,29,20,0,0
309,large_drift,1.0,16719.31640625,6106.154296875,69,200,1658,168,200,0,26,23,20,0,0
310,large_drift,1.0,16200.021484375,12932.583984375,45,202,2351,324,202,0,16,9,20,0,0
311,large_drift,1.0,15857.6494140625,6139.21337890625,74,200,1878,218,200,0,31,23,20,0,0
312,large_drift,1.0,16050.9931640625,6885.84326171875,124,200,1989,191,200,0,70,34,20,0,0
313,large_drift,1.0,16335.7119140625,5158.26318359375,64,200,1398,165,200,0,24,20,20,0,0
314,large_drift,1.0,16852.583984375,14956.1259765625,69,203,2090,252,203,0,32,17,20,0,0
315,large_drift,1.0,17628.64453125,4741.0361328125,105,200,1540,144,200,0,56,29,20,0,0
316,large_drift,1.0,17693.228515625,13499.35546875,52,204,1991,253,204,0,12,20,20,0,0
317,large_drift,1.0,16310.6923828125,6351.494140625,61,200,1260,141,200,0,21,20,20,0,0
318,large_drift,1.0,17091.0078125,7412.08740234375,127,200,1793,202,200,0,93,14,20,0,0
319,large_drift,1.0,17192.224609375,7205.89404296875,48,200,1534,168,200,0,7,21,20,0,0
320,large_drift,1.0,16417.259765625,10028.154296875,83,200,2599,304,200,0,27,36,20,0,0
321,large_drift,1.0,15933.205078125,5088.95751953125,84,200,1513,163,200,0,26,38,20,0,0
322,large_drift,1.0,18192.21875,11982.435546875,78,201,1506,247,201,0,26,32,20,0,0
323,large_drift,1.0,15033.828125,9680.4677734375,107,200,2498,322,200,0,66,21,20,0,0
324,large_drift,1.0,18392.0234375,9179.0283203125,84,200,2519,309,200,0,30,34,20,0,0
325,large_drift,1.0,17974.314453125,8320.2412109375,86,200,2216,173,200,0,24,42,20,0,0
326,large_drift,1.0,16961.5390625,8335.134765625,82,200,2289,233,200,0,16,46,20,0,0
327,large_drift,1.0,16878.4609375,12525.578125,60,203,1139,228,203,0,12,28,20,0,0
328,large_drift,1.0,16731.10546875,13158.6669921875,71,201,3113,460,201,0,25,26,20,0,0
329,large_drift,1.0,13149.466796875,5851.08935546875,124,200,2418,240,200,0,74,40,10,0,0
330,large_drift,1.0,15451.2431640625,10491.7158203125,109,200,2085,254,200,0,75,14,20,0,0
331,large_drift,1.0,17332.546875,11335.9091796875,80,201,2361,312,201,0,14,46,20,0,0
332,large_drift,1.0,17062.734375,13435.609375,79,202,2014,228,202,0,14,45,20,0,0
333,large_drift,1.0,17698.685546875,9049.9541015625,105,200,2339,204,200,0,44,41,20,0,0
334,large_drift,1.0,13948.1494140625,7627.5009765625,89,200,1533,175,200,0,29,40,20,0,0
335,large_drift,1.0,15851.5087890625,8086.736328125,94,200,2263,258,200,0,64,10,20,0,0
336,large_drift,1.0,16760.888671875,9979.1884765625,95,200,2864,323,200,0,24,51,20,0,0
337,large_drift,1.0,16626.123046875,7533.0244140625,97,200,1712,191,200,0,55,22,20,0,0
338,large_drift,1.0,15275.33203125,4444.15234375,122,200,1638,160,200,0,66,36,20,0,0
339,large_drift,1.0,14181.943359375,10602.5068359375,81,200,2718,291,200,0,15,56,10,0,0
340,large_drift,1.0,13880.705078125,7773.02734375,76,200,1521,184,200,0,40,26,10,0,0
341,large_drift,1.0,17720.5703125,8868.388671875,72,200,1579,191,200,0,40,12,20,0,0
342,large_drift,1.0,13715.4970703125,10862.44140625,64,200,2529,338,200,0,14,40,10,0,0
343,large_drift,1.0,13752.59765625,11096.4130859375,49,200,2345,248,200,0,15,14,20,0,0
344,large_drift,1.0,17203.595703125,9380.71875,85,200,2534,236,200,0,43,22,20,0,0
345,large_drift,1.0,18157.58203125,13473.1005859375,129,202,2136,349,202,0,63,46,20,0,0
346,large_drift,1.0,17272.541015625,7791.138671875,106,200,1373,226,200,0,71,15,20,0,0
347,large_drift,1.0,15991.83984375,8704.1337890625,79,200,2146,230,200,0,27,32,20,0,0
348,large_drift,1.0,16869.18359375,3552.262451171875,98,200,1507,168,200,0,33,45,20,0,0
349,large_drift,1.0,16724.595703125,9014.51953125,104,200,2631,265,200,0,31,53,20,0,0
350,large_drift,1.0,17978.708984375,9878.845703125,121,200,1352,180,200,0,57,44,20,0,0
351,large_drift,1.0,15731.4892578125,9132.9140625,73,202,1954,262,202,0,44,9,20,0,0
352,large_drift,1.0,15406.3681640625,11662.7041015625,74,203,2682,419,203,0,16,38,20,0,0
353,large_drift,1.0,15868.505859375,12671.7392578125,60,200,2996,447,200,0,28,12,20,0,0
354,large_drift,1.0,16601.064453125,10091.818359375,124,200,1233,162,200,0,60,44,20,0,0
355,large_drift,1.0,13636.0673828125,9486.7587890625,69,201,2144,228,201,0,11,38,20,0,0
356,large_drift,1.0,16350.287109375,11733.6884765625,62,200,2421,292,200,0,14,28,20,0,0
357,large_drift,1.0,16734.060546875,11025.0537109375,97,200,2298,231,200,0,52,25,20,0,0
358,large_drift,1.0,15563.33984375,9643.5400390625,110,200,1725,193,200,0,28,62,20,0,0
359,large_drift,1.0,15973.5498046875,7521.35888671875,111,200,2016,204,200,0,27,64,20,0,0
360,large_drift,1.0,14366.0283203125,7383.0673828125,90,200,2250,276,200,0,45,25,20,0,0
361,large_drift,1.0,16629.29296875,10239.8076171875,76,200,2569,261,200,0,30,26,20,0,0
362,large_drift,1.0,14511.4169921875,12676.2470703125,64,200,2926,332,200,0,29,15,20,0,0
363,large_drift,1.0,17111.873046875,7469.54833984375,87,200,1879,180,200,0,58,9,20,0,0
364,large_drift,1.0,16290.1083984375,6255.6171875,81,200,2101,193,200,0,47,14,20,0,0
365,large_drift,1.0,14945.8486328125,10186.583984375,83,200,2407,209,200,0,28,35,20,0,0
366,large_drift,1.0,17602.080078125,15077.4716796875,48,201,3039,428,201,0,13,15,20,0,0
367,large_drift,1.0,15274.2607421875,6131.45166015625,91,200,1174,119,200,0,48,23,20,0,0
368,large_drift,1.0,16694.666015625,11127.8564453125,77,200,2912,373,200,0,32,25,20,0,0
369,large_drift,1.0,16298.49609375,13852.4765625,58,204,2109,233,204,0,15,23,20,0,0
370,large_drift,1.0,15509.7822265625,5038.71435546875,108,200,1675,167,200,0,52,36,20,0,0
371,large_drift,1.0,18138.46875,11278.10546875,62,202,2317,282,202,0,16,26,20,0,0
372,large_drift,1.0,16273.0986328125,10083.0859375,77,200,2360,279,200,0,32,25,20,0,0
373,large_drift,1.0,13376.767578125,9219.8974609375,64,201,2036,206,201,0,14,30,20,0,0
374,large_drift,1.0,14326.013671875,9948.822265625,79,200,2265,332,200,0,31,28,20,0,0
375,large_drift,1.0,15296.3837890625,4470.79931640625,95,200,1491,117,200,0,45,30,20,0,0
376,large_drift,1.0,13415.98046875,13186.4736328125,54,201,2819,356,201,0,12,32,10,0,0
377,large_drift,1.0,15124.748046875,13465.912109375,62,204,1513,238,204,0,16,26,20,0,0
378,large_drift,1.0,15829.0361328125,6097.07275390625,60,200,1896,216,200,0,29,11,20,0,0
379,large_drift,1.0,16393.494140625,8773.8515625,85,200,2245,235,200,0,15,50,20,0,0
380,large_drift,1.0,16082.2255859375,8722.58984375,63,200,2298,270,200,0,29,14,20,0,0
381,large_drift,1.0,18160.861328125,5929.2001953125,115,200,2016,186,200,0,73,22,20,0,0
382,large_drift,1.0,17265.158203125,11049.107421875,69,202,1830,227,202,0,11,38,20,0,0
383,large_drift,1.0,18112.009765625,7143.1533203125,73,200,1408,240,200,0,41,12,20,0,0
384,large_drift,1.0,14432.6826171875,9644.3740234375,110,200,2062,223,200,0,58,42,10,0,0
385,large_drift,1.0,16484.478515625,10453.095703125,59,200,2133,219,200,0,14,25,20,0,0
386,large_drift,1.0,16327.625,3608.5322265625,84,200,1512,167,200,0,26,38,20,0,0
387,large_drift,1.0,15396.271484375,8072.20458984375,97,200,2041,178,200,0,46,41,10,0,0
388,large_drift,1.0,16026.333984375,6453.13232421875,88,200,1127,153,200,0,39,29,20,0,0
389,large_drift,1.0,17313.345703125,11331.234375,59,202,2383,268,202,0,14,25,20,0,0
390,large_drift,1.0,14843.701171875,4075.66552734375,107,200,1580,143,200,0,65,22,20,0,0
391,large_drift,1.0,15645.2666015625,6522.990234375,93,200,1594,178,200,0,45,28,20,0,0
392,large_drift,1.0,15843.986328125,6997.669921875,116,200,1583,172,200,0,27,69,20,0,0
393,large_drift,1.0,16341.5888671875,4599.474609375,98,200,1255,130,200,0,38,40,20,0,0
394,large_drift,1.0,17101.689453125,4226.47412109375,109,200,1207,149,200,0,61,28,20,0,0
395,large_drift,1.0,16160.8974609375,7485.85205078125,116,200,2108,200,200,0,74,22,20,0,0
396,large_drift,1.0,15783.9736328125,8796.890625,53,200,2318,217,200,0,15,18,20,0,0
397,large_drift,1.0,15768.9453125,8406.9462890625,93,200,2200,239,200,0,47,26,20,0,0
398,large_drift,1.0,16379.5712890625,11262.95703125,55,200,2561,246,200,0,14,21,20,0,0
399,large_drift,1.0,13414.794921875,11333.501953125,84,201,1839,266,201,0,58,16,10,0,0
400,large_drift,1.0,17583.16796875,7745.0322265625,51,200,2326,283,200,0,10,21,20,0,0
401,large_drift,1.0,15634.46875,8647.458984375,67,200,2622,304,200,0,16,31,20,0,0
402,large_drift,1.0,17305.62109375,4097.01416015625,90,200,2197,230,200,0,50,20,20,0,0
403,large_drift,1.0,16966.83203125,9650.05078125,60,200,2462,257,200,0,27,13,20,0,0
404,large_drift,1.0,14820.197265625,7690.22802734375,96,200,1674,197,200,0,27,49,20,0,0
405,large_drift,1.0,14915.6142578125,10615.2734375,90,200,2406,248,200,0,44,26,20,0,0
406,large_drift,1.0,15186.8193359375,11990.3818359375,49,201,2070,229,201,0,15,14,20,0,0
407,large_drift,1.0,16417.61328125,4991.71923828125,77,200,1821,206,200,0,44,13,20,0,0
408,large_drift,1.0,16792.91015625,8689.9755859375,106,200,2614,259,200,0,57,29,20,0,0
409,large_drift,1.0,15281.7265625,6835.02685546875,115,200,2079,218,200,0,74,21,20,0,0
410,large_drift,1.0,15815.6337890625,8330.697265625,61,200,2145,226,200,0,16,25,20,0,0
411,large_drift,1.0,18206.8671875,13252.96875,75,200,2608,298,200,0,26,29,20,0,0
412,large_drift,1.0,16259.0283203125,6462.6435546875,136,200,1671,182,200,0,40,76,20,0,0
413,large_drift,1.0,16426.498046875,6633.93115234375,66,200,1743,148,200,0,24,22,20,0,0
414,large_drift,1.0,15411.931640625,7464.51904296875,74,200,2457,261,200,0,12,42,20,0,0
415,large_drift,1.0,17072.36328125,6524.75048828125,75,200,1589,120,200,0,26,29,20,0,0
416,large_drift,1.0,15089.9462890625,10572.474609375,84,201,2059,240,201,0,43,21,20,0,0
417,large_drift,1.0,15783.625,7945.65234375,100,200,2741,291,200,0,32,48,20,0,0
418,large_drift,1.0,17139.626953125,5720.4384765625,94,200,1678,161,200,0,40,34,20,0,0
419,large_drift,1.0,15219.853515625,9195.287109375,79,200,1553,172,200,0,26,33,20,0,0
420,large_drift,1.0,15876.697265625,5372.15380859375,90,200,2095,194,200,0,50,20,20,0,0
421,large_drift,1.0,17554.72265625,4782.078125,140,200,924,133,200,0,106,14,20,0,0
422,large_drift,1.0,16379.017578125,7914.36962890625,145,200,2427,252,200,0,116,9,20,0,0
423,large_drift,1.0,16333.9619140625,6382.84619140625,85,200,1576,158,200,0,30,35,20,0,0
424,large_drift,1.0,16161.6005859375,11263.8095703125,115,200,2800,312,200,0,48,47,20,0,0
425,large_drift,1.0,15845.734375,6419.025390625,64,200,1627,185,200,0,23,21,20,0,0
426,large_drift,1.0,16376.0224609375,3101.498291015625,97,200,840,96,200,0,38,39,20,0,0
427,large_drift,1.0,17869.314453125,8834.1015625,60,201,2464,270,201,0,31,9,20,0,0
428,large_drift,1.0,16604.888671875,9224.6640625,78,200,2639,244,200,0,45,13,20,0,0
429,large_drift,1.0,15600.7431640625,7661.50732421875,88,200,2679,242,200,0,30,38,20,0,0
430,large_drift,1.0,16484.4609375,5668.4248046875,92,200,1656,166,200,0,52,20,20,0,0
431,large_drift,1.0,16242.4892578125,11952.548828125,82,200,2589,318,200,0,40,22,20,0,0
432,large_drift,1.0,17134.466796875,5080.806640625,98,200,1408,127,200,0,12,66,20,0,0
433,large_drift,1.0,18258.708984375,11561.7578125,67,200,2494,209,200,0,25,22,20,0,0
434,large_drift,1.0,14070.484375,10183.880859375,107,200,2751,297,200,0,62,25,20,0,0
435,large_drift,1.0,17696.4140625,14560.6083984375,72,203,1480,266,203,0,14,38,20,0,0
436,large_drift,1.0,15294.025390625,9045.2548828125,44,200,2333,272,200,0,14,10,20,0,0
437,large_drift,1.0,15990.85546875,11220.5556640625,94,200,2792,346,200,0,46,28,20,0,0
438,large_drift,1.0,16629.34765625,9259.9013671875,115,200,2411,245,200,0,64,31,20,0,0
439,large_drift,1.0,15490.076171875,8964.54296875,116,200,1568,188,200,0,46,50,20,0,0
440,large_drift,1.0,19136.22265625,11901.2880859375,53,200,2098,284,200,0,12,21,20,0,0
441,large_drift,1.0,15455.2197265625,9524.654296875,111,200,1567,191,200,0,41,50,20,0,0
442,large_drift,1.0,16063.578125,5838.10498046875,63,200,1584,180,200,0,29,14,20,0,0
443,large_drift,1.0,15009.70703125,8388.1337890625,61,200,2440,267,200,0,32,9,20,0,0
444,large_drift,1.0,15047.19921875,12050.298828125,73,202,2806,385,202,0,44,9,20,0,0
445,large_drift,0.9,16815.826171875,10443.126953125,76,202,2813,348,202,0,30,26,20,0,0
446,large_drift,1.0,15925.00390625,8613.142578125,96,200,2464,233,200,0,44,42,10,0,0
447,large_drift,1.0,15386.6064453125,5216.88818359375,114,200,1741,143,200,0,45,49,20,0,0
448,large_drift,1.0,18402.7421875,13856.9091796875,86,201,1870,214,201,0,26,40,20,0,0
449,large_drift,1.0,14143.775390625,11661.1416015625,92,200,2869,317,200,0,43,39,10,0,0
450,large_drift,1.0,17649.099609375,12547.80078125,46,200,2995,328,200,0,13,13,20,0,0
451,large_drift,1.0,17925.98828125,6793.2373046875,68,200,1998,212,200,0,28,20,20,0,0
452,large_drift,1.0,14927.453125,5577.5048828125,84,200,962,129,200,0,28,36,20,0,0
453,large_drift,1.0,18345.7890625,10712.1904296875,61,201,2574,249,201,0,16,25,20,0,0
454,large_drift,1.0,16206.9345703125,6007.36328125,98,200,1639,145,200,0,56,22,20,0,0
455,large_drift,1.0,16903.134765625,8183.0546875,88,200,1255,155,200,0,48,20,20,0,0
456,large_drift,1.0,14620.59375,11435.388671875,95,201,1830,168,201,0,61,24,10,0,0
457,large_drift,1.0,18671.482421875,13919.6162109375,76,206,1697,287,206,0,36,20,20,0,0
458,large_drift,1.0,16313.2275390625,7281.5439453125,90,200,1967,206,200,0,42,28,20,0,0
459,large_drift,1.0,15950.71484375,5308.96435546875,97,200,1616,140,200,0,55,22,20,0,0
460,large_drift,1.0,14560.2548828125,9535.3359375,107,200,2715,284,200,0,75,12,20,0,0
461,large_drift,1.0,14929.166015625,5375.38232421875,94,200,1269,157,200,0,52,32,10,0,0
462,large_drift,1.0,17093.478515625,4112.32470703125,98,200,820,78,200,0,39,39,20,0,0
463,large_drift,1.0,17081.140625,9371.5869140625,113,200,2871,248,200,0,55,38,20,0,0
464,large_drift,1.0,14176.7421875,10676.01953125,87,200,1924,240,200,0,32,35,20,0,0
465,large_drift,1.0,19415.923828125,13731.4306640625,55,203,1897,222,203,0,13,22,20,0,0
466,large_drift,1.0,15470.87109375,7108.548828125,122,200,2127,188,200,0,75,27,20,0,0
467,large_drift,1.0,15547.380859375,5549.59716796875,91,200,1565,149,200,0,28,43,20,0,0
468,large_drift,1.0,17398.048828125,5633.50732421875,95,200,1466,188,200,0,19,56,20,0,0
469,large_drift,1.0,14439.576171875,8178.2734375,93,200,1841,204,200,0,26,57,10,0,0
470,large_drift,1.0,16616.09375,9095.2197265625,128,200,2925,342,200,0,63,45,20,0,0
471,large_drift,1.0,16283.6171875,7935.86572265625,68,200,2254,217,200,0,16,32,20,0,0
472,large_drift,1.0,17922.73046875,9650.666015625,94,200,2309,226,200,0,41,33,20,0,0
473,large_drift,1.0,16890.798828125,10033.1953125,96,200,2845,310,200,0,54,22,20,0,0
474,large_drift,1.0,16731.5,8748.4736328125,72,200,2697,307,200,0,30,22,20,0,0
475,large_drift,1.0,18156.251953125,5987.17626953125,89,200,2336,215,200,0,56,13,20,0,0
476,large_drift,1.0,16659.62109375,6882.984375,103,200,1076,118,200,0,61,22,20,0,0
477,large_drift,1.0,17291.291015625,7225.48291015625,91,200,1539,172,200,0,37,34,20,0,0
478,large_drift,1.0,17246.728515625,5850.5576171875,88,200,1706,134,200,0,59,9,20,0,0
479,large_drift,1.0,16323.0078125,8846.041015625,84,201,2388,237,201,0,30,34,20,0,0
480,large_drift,1.0,17049.65234375,10001.3349609375,75,200,2525,257,200,0,16,39,20,0,0
481,large_drift,1.0,15898.5439453125,8406.34765625,50,200,2228,228,200,0,10,20,20,0,0
482,large_drift,1.0,15360.0927734375,4255.7392578125,82,200,1097,126,200,0,39,23,20,0,0
483,large_drift,1.0,16985.125,7688.2177734375,103,200,2295,230,200,0,48,35,20,0,0
484,large_drift,1.0,14413.7861328125,13730.8310546875,59,201,3034,336,201,0,13,26,20,0,0
485,large_drift,1.0,17621.46484375,9520.43359375,97,200,1873,183,200,0,63,14,20,0,0
486,large_drift,1.0,16645.984375,7459.81103515625,105,200,1835,143,200,0,71,14,20,0,0
487,large_drift,1.0,16574.2890625,11091.9228515625,108,200,2186,255,200,0,46,42,20,0,0
488,large_drift,1.0,17751.265625,10205.4609375,56,200,1696,209,200,0,25,11,20,0,0
489,large_drift,1.0,15613.240234375,6425.349609375,101,200,2165,213,200,0,59,22,20,0,0
490,large_drift,1.0,16858.134765625,13469.68359375,55,202,1987,293,202,0,12,23,20,0,0
491,large_drift,1.0,17350.439453125,8406.4462890625,127,200,1517,169,200,0,64,43,20,0,0
492,large_drift,1.0,16522.083984375,10794.5673828125,99,200,2557,247,200,0,44,35,20,0,0
493,large_drift,1.0,14694.2607421875,9693.353515625,74,200,2406,252,200,0,29,25,20,0,0
494,large_drift,1.0,16597.75,10679.517578125,87,200,1648,202,200,0,46,21,20,0,0
495,large_drift,1.0,16036.92578125,10923.3017578125,82,200,1772,198,200,0,12,50,20,0,0
496,large_drift,1.0,17916.37890625,9781.1015625,82,200,2468,293,200,0,32,30,20,0,0
497,large_drift,1.0,15448.0732421875,9248.1162109375,56,200,2302,248,200,0,14,22,20,0,0
498,large_drift,1.0,16258.2763671875,13057.6494140625,60,201,2636,270,201,0,26,14,20,0,0
499,large_drift,1.0,16722.125,5419.59130859375,88,200,2030,177,200,0,58,10,20,0,0
500,large_drift,1.0,15470.3271484375,8388.4921875,85,200,2370,248,200,0,28,37,20,0,0
501,large_drift,1.0,15494.982421875,12884.0732421875,52,201,3299,374,201,0,13,19,20,0,0
502,large_drift,1.0,13313.875,5984.61572265625,83,200,1976,197,200,0,26,47,10,0,0
503,large_drift,1.0,14399.1103515625,9477.2978515625,70,200,3018,321,200,0,14,36,20,0,0
504,large_drift,1.0,15760.0439453125,6601.90185546875,112,200,1294,185,200,0,57,35,20,0,0
505,large_drift,1.0,15940.1953125,5668.986328125,125,200,1555,201,200,0,58,47,20,0,0
506,large_drift,1.0,16814.134765625,9678.0234375,119,200,2324,206,200,0,48,51,20,0,0
507,large_drift,1.0,14893.9833984375,10549.34765625,78,200,2018,238,200,0,44,14,20,0,0
508,large_drift,1.0,16001.33984375,13555.796875,75,202,2627,249,202,0,15,40,20,0,0
509,large_drift,1.0,17176.59765625,11245.244140625,74,200,2473,286,200,0,41,13,20,0,0
510,large_drift,1.0,17659.884765625,12659.447265625,77,201,2417,261,201,0,27,30,20,0,0
511,large_drift,1.0,15388.3349609375,7256.6845703125,93,200,1871,183,200,0,59,14,20,0,0
512,large_drift,1.0,12195.0361328125,9097.5517578125,51,200,2234,247,200,0,15,26,10,0,0
513,large_drift,1.0,15710.154296875,4699.16357421875,94,200,1789,193,200,0,52,22,20,0,0
514,large_drift,1.0,17048.248046875,9215.6103515625,71,200,1654,185,200,0,26,25,20,0,0
515,large_drift,1.0,15942.1396484375,8757.2919921875,75,200,2037,189,200,0,45,10,20,0,0
516,large_drift,1.0,14648.7509765625,9018.4501953125,80,200,2135,197,200,0,46,14,20,0,0
517,large_drift,1.0,18004.7109375,10337.7158203125,82,200,1703,261,200,0,42,20,20,0,0
518,large_drift,1.0,15784.4541015625,4224.4306640625,94,200,1303,149,200,0,60,14,20,0,0
519,large_drift,1.0,18229.88671875,8656.4521484375,66,200,1219,216,200,0,26,20,20,0,0
520,large_drift,1.0,15594.09765625,5963.4013671875,141,200,2238,253,200,0,96,25,20,0,0
521,large_drift,1.0,17391.962890625,7126.50341796875,94,200,1929,233,200,0,61,13,20,0,0
522,large_drift,1.0,16681.23828125,14294.9775390625,45,202,1943,278,202,0,16,9,20,0,0
523,large_drift,1.0,15300.3720703125,9013.861328125,90,200,2676,290,200,0,29,41,20,0,0
524,large_drift,1.0,15052.505859375,8140.82177734375,97,200,2571,189,200,0,46,41,10,0,0
525,large_drift,1.0,16940.82421875,13159.46484375,81,201,2549,332,201,0,47,14,20,0,0
526,large_drift,1.0,17229.404296875,11547.142578125,108,200,2198,218,200,0,46,42,20,0,0
527,large_drift,1.0,17006.923828125,8481.048828125,91,200,2135,250,200,0,16,55,20,0,0
528,large_drift,1.0,14718.7275390625,7390.83056640625,78,200,1734,168,200,0,38,20,20,0,0
529,large_drift,1.0,17959.162109375,14977.4013671875,60,227,2023,498,227,0,14,26,20,0,0
530,large_drift,1.0,15655.0703125,12608.9462890625,62,202,1801,260,202,0,16,26,20,0,0
531,large_drift,1.0,16311.580078125,8031.4814453125,79,200,1821,200,200,0,45,14,20,0,0
532,large_drift,1.0,16027.7724609375,11834.083984375,105,200,2680,290,200,0,46,39,20,0,0
533,large_drift,1.0,17094.30859375,8804.330078125,60,200,2278,243,200,0,19,21,20,0,0
534,large_drift,1.0,15267.740234375,6865.84423828125,153,200,1590,162,200,0,108,25,20,0,0
535,large_drift,1.0,17392.55859375,11787.51953125,69,200,2822,297,200,0,11,38,20,0,0
536,large_drift,1.0,15879.2490234375,9185.572265625,71,201,2524,242,201,0,16,35,20,0,0
537,large_drift,1.0,16115.5771484375,8810.6064453125,88,200,2855,250,200,0,31,37,20,0,0
538,large_drift,1.0,14925.7861328125,11354.26171875,64,200,2249,236,200,0,12,32,20,0,0
539,large_drift,1.0,15310.85546875,7131.1953125,87,200,2573,241,200,0,31,36,20,0,0
540,large_drift,1.0,18245.232421875,6132.5380859375,54,200,1013,108,200,0,22,12,20,0,0
541,large_drift,1.0,14954.5712890625,7355.98486328125,73,200,1469,165,200,0,39,14,20,0,0
542,large_drift,1.0,15712.7587890625,6122.15966796875,61,200,2453,259,200,0,16,25,20,0,0
543,large_drift,1.0,15986.20703125,11938.763671875,84,200,2343,238,200,0,15,59,10,0,0
544,large_drift,1.0,16744.240234375,7504.37744140625,66,200,1610,218,200,0,23,23,20,0,0
545,large_drift,1.0,17185.890625,6029.97802734375,78,200,1765,163,200,0,14,44,20,0,0
546,large_drift,1.0,17864.404296875,8165.80908203125,112,200,1996,199,200,0,30,62,20,0,0
547,large_drift,1.0,15901.05859375,7898.107421875,60,200,2370,260,200,0,30,10,20,0,0
548,large_drift,1.0,14697.76953125,9071.705078125,71,200,2239,259,200,0,16,35,20,0,0
549,large_drift,1.0,16663.298828125,15803.080078125,49,204,1037,175,204,0,15,14,20,0,0
550,large_drift,1.0,18085.0859375,7142.99560546875,89,200,2050,202,200,0,45,24,20,0,0
551,large_drift,1.0,15480.388671875,5958.53564453125,87,200,1833,178,200,0,26,41,20,0,0
552,large_drift,1.0,17374.58984375,14577.8701171875,46,202,2300,281,202,0,15,11,20,0,0
553,large_drift,1.0,15667.4306640625,5497.4912109375,80,200,1644,192,200,0,30,30,20,0,0
554,large_drift,1.0,16433.51171875,10580.595703125,81,200,3197,343,200,0,47,14,20,0,0
555,large_drift,1.0,17193.251953125,5421.17041015625,64,200,1300,145,200,0,24,20,20,0,0
556,large_drift,1.0,15713.9619140625,4979.0146484375,85,200,1309,154,200,0,42,23,20,0,0
557,large_drift,1.0,15883.84375,8824.3154296875,53,200,2360,270,200,0,11,22,20,0,0
558,large_drift,1.0,15226.1083984375,7575.7119140625,83,200,2250,213,200,0,32,31,20,0,0
559,large_drift,1.0,15669.2607421875,6502.72509765625,67,200,2376,277,200,0,16,31,20,0,0
560,large_drift,1.0,16251.623046875,7860.73974609375,87,200,2175,254,200,0,45,22,20,0,0
561,large_drift,1.0,15771.6328125,10103.5107421875,65,200,2560,258,200,0,31,14,20,0,0
562,large_drift,1.0,13544.8759765625,10429.7880859375,85,200,2098,229,200,0,39,36,10,0,0
563,large_drift,0.9,18412.66015625,10815.734375,62,200,3076,392,200,0,29,13,20,0,0
564,large_drift,1.0,17658.875,7748.263671875,60,200,2328,245,200,0,30,10,20,0,0
565,large_drift,1.0,15608.572265625,7642.20556640625,107,200,2347,247,200,0,56,31,20,0,0
566,large_drift,1.0,15663.3818359375,12674.3095703125,96,201,2326,251,201,0,43,33,20,0,0
567,large_drift,1.0,17226.32421875,7585.93896484375,102,200,2255,218,200,0,43,39,20,0,0
568,large_drift,1.0,14255.33203125,10625.19921875,61,200,2832,318,200,0,32,9,20,0,0
569,large_drift,1.0,15519.2490234375,8050.8916015625,87,200,2355,240,200,0,57,10,20,0,0
570,large_drift,1.0,16650.6171875,7288.04638671875,119,200,1594,162,200,0,40,59,20,0,0
571,large_drift,1.0,14305.4140625,9808.9560546875,96,200,2945,375,200,0,30,46,20,0,0
572,large_drift,1.0,16624.94140625,3897.905029296875,94,200,1461,139,200,0,40,34,20,0,0
573,large_drift,1.0,16582.26953125,7160.81103515625,62,200,2283,229,200,0,32,10,20,0,0
574,large_drift,1.0,15120.3984375,5308.9482421875,103,200,2040,191,200,0,29,54,20,0,0
575,large_drift,1.0,15966.841796875,12450.9267578125,107,200,2995,402,200,0,64,23,20,0,0
576,large_drift,1.0,14919.5244140625,5821.44580078125,53,200,1986,156,200,0,11,22,20,0,0
577,large_drift,1.0,16024.5078125,11528.126953125,92,200,2127,263,200,0,46,26,20,0,0
578,large_drift,1.0,15909.38671875,11537.267578125,102,200,2521,291,200,0,53,29,20,0,0
579,large_drift,1.0,15299.5302734375,10707.0390625,75,202,3188,407,202,0,45,10,20,0,0
580,large_drift,1.0,15588.484375,4261.5146484375,121,200,1276,158,200,0,81,20,20,0,0
581,large_drift,1.0,17345.37890625,7769.78662109375,99,200,1110,157,200,0,67,12,20,0,0
582,large_drift,1.0,15785.1015625,7517.96240234375,95,200,2439,259,200,0,40,35,20,0,0
583,large_drift,1.0,17009.34765625,7390.68798828125,69,200,1590,198,200,0,26,23,20,0,0
584,large_drift,1.0,17367.88671875,10064.31640625,75,200,2364,250,200,0,30,25,20,0,0
585,large_drift,1.0,15268.640625,12353.134765625,79,201,2691,370,201,0,28,31,20,0,0
586,large_drift,1.0,18243.740234375,15169.0810546875,65,213,1758,371,213,0,31,14,20,0,0
587,large_drift,1.0,16331.5380859375,9213.5927734375,96,200,1850,212,200,0,43,33,20,0,0
588,large_drift,1.0,17349.0703125,8832.509765625,107,201,2289,215,201,0,42,45,20,0,0
589,large_drift,1.0,18026.14453125,11572.5888671875,71,200,2794,291,200,0,28,23,20,0,0
590,large_drift,1.0,17018.505859375,12474.384765625,59,200,2713,289,200,0,15,24,20,0,0
591,large_drift,1.0,15688.6640625,10435.810546875,63,200,3362,378,200,0,16,27,20,0,0
592,large_drift,1.0,17329.708984375,14032.341796875,60,215,2847,436,215,0,30,10,20,0,0
593,large_drift,1.0,13706.501953125,6171.40966796875,65,200,1667,153,200,0,27,28,10,0,0
594,large_drift,1.0,17740.466796875,11357.96484375,71,200,2546,290,200,0,30,21,20,0,0
595,large_drift,1.0,17724.3828125,12633.287109375,66,201,1839,227,201,0,12,34,20,0,0
596,large_drift,1.0,14395.4736328125,3718.394287109375,85,200,1376,122,200,0,34,31,20,0,0
597,large_drift,1.0,15454.3876953125,9170.15625,101,200,2174,243,200,0,53,28,20,0,0
598,large_drift,1.0,14661.4619140625,7304.87158203125,61,200,1866,191,200,0,15,26,20,0,0
599,large_drift,1.0,16698.677734375,5273.54296875,102,200,1647,134,200,0,43,39,20,0,0
600,large_drift,0.9,16370.2412109375,11451.9169921875,105,200,2807,481,200,0,23,62,20,0,0
601,large_drift,1.0,18129.064453125,10260.4150390625,117,201,2407,274,201,0,75,22,20,0,0
602,large_drift,1.0,16935.869140625,12631.974609375,76,202,2451,268,202,0,19,37,20,0,0
603,large_drift,1.0,16946.806640625,10839.55859375,87,200,1607,174,200,0,15,52,20,0,0
604,large_drift,1.0,16362.7978515625,6577.20556640625,76,200,1521,166,200,0,19,37,20,0,0
605,large_drift,1.0,17208.28125,9170.1669921875,86,200,2457,246,200,0,44,22,20,0,0
606,large_drift,1.0,15528.408203125,9576.39453125,76,201,2025,308,201,0,14,52,10,0,0
607,large_drift,1.0,17480.890625,11384.1650390625,46,201,2703,255,201,0,13,13,20,0,0
608,large_drift,1.0,17232.98828125,9332.8203125,108,200,2582,266,200,0,63,25,20,0,0
609,large_drift,1.0,16534.4140625,2026.684814453125,76,200,1653,188,200,0,38,18,20,0,0
610,large_drift,1.0,16205.7939453125,5583.20751953125,100,200,1768,153,200,0,58,22,20,0,0
611,large_drift,1.0,17143.587890625,5598.04443359375,109,200,1427,151,200,0,71,18,20,0,0
612,large_drift,1.0,16319.2685546875,6843.0546875,80,200,1550,192,200,0,40,20,20,0,0
613,large_drift,1.0,15160.7353515625,9179.169921875,104,200,1875,226,200,0,41,43,20,0,0
614,large_drift,1.0,15666.1748046875,8535.759765625,57,200,2434,293,200,0,14,23,20,0,0
615,large_drift,1.0,15397.3701171875,6927.328125,96,200,1557,163,200,0,46,30,20,0,0
616,large_drift,1.0,17286.125,10118.7197265625,86,200,2813,297,200,0,44,22,20,0,0
617,large_drift,1.0,14085.8779296875,7784.2685546875,102,200,2294,223,200,0,44,38,20,0,0
618,large_drift,1.0,16469.58984375,10052.484375,68,200,1652,179,200,0,14,34,20,0,0
619,large_drift,1.0,18049.4140625,15141.3046875,62,207,1728,357,207,0,14,28,20,0,0
620,large_drift,1.0,15271.4033203125,7884.80908203125,85,200,1700,170,200,0,39,26,20,0,0
621,large_drift,1.0,16574.8515625,6800.67236328125,74,200,2365,204,200,0,32,22,20,0,0
622,large_drift,1.0,15672.1240234375,8624.9833984375,102,200,2139,248,200,0,45,37,20,0,0
623,large_drift,1.0,16817.46875,4513.916015625,116,200,1401,154,200,0,24,72,20,0,0
624,large_drift,1.0,15950.77734375,10373.341796875,51,200,2117,215,200,0,13,18,20,0,0
625,large_drift,1.0,15639.2314453125,9571.1484375,71,201,1897,212,201,0,42,9,20,0,0
626,large_drift,1.0,15856.8369140625,10280.228515625,93,201,2746,254,201,0,47,26,20,0,0
627,large_drift,1.0,16181.1806640625,8443.0419921875,95,200,2323,229,200,0,57,18,20,0,0
628,large_drift,1.0,15958.060546875,8170.259765625,70,200,1998,222,200,0,29,21,20,0,0
629,large_drift,1.0,17441.49609375,8445.94140625,95,200,2020,210,200,0,61,14,20,0,0
630,large_drift,1.0,17040.802734375,7278.32275390625,61,200,2660,273,200,0,32,9,20,0,0
631,large_drift,1.0,16478.4765625,2708.23046875,116,200,1351,137,200,0,82,14,20,0,0
632,large_drift,1.0,17610.845703125,7754.57421875,97,200,2040,194,200,0,42,35,20,0,0
633,large_drift,1.0,17340.279296875,8818.9462890625,77,200,2328,257,200,0,31,26,20,0,0
634,large_drift,1.0,14525.5048828125,7084.984375,98,200,2178,220,200,0,57,21,20,0,0
635,large_drift,1.0,17172.72265625,12567.1806640625,62,201,3202,354,201,0,16,26,20,0,0
636,large_drift,1.0,17807.84765625,12477.880859375,83,201,3086,381,201,0,16,47,20,0,0
637,large_drift,1.0,15471.951171875,9421.337890625,105,200,2264,265,200,0,59,26,20,0,0
638,large_drift,1.0,15495.4677734375,4343.310546875,92,200,1280,148,200,0,35,37,20,0,0
639,large_drift,1.0,19361.90234375,5411.9970703125,104,200,1734,172,200,0,38,46,20,0,0
640,large_drift,0.9,18653.560546875,11247.634765625,73,200,2826,282,200,0,32,21,20,0,0
641,large_drift,1.0,18282.595703125,11067.2978515625,127,200,1752,181,200,0,93,14,20,0,0
642,large_drift,1.0,16717.1484375,13873.5302734375,77,207,1837,301,207,0,31,26,20,0,0
643,large_drift,1.0,16757.919921875,9510.0673828125,87,200,2900,382,200,0,30,37,20,0,0
644,large_drift,1.0,16114.79296875,4574.60498046875,105,200,1374,131,200,0,44,41,20,0,0
645,large_drift,1.0,15974.50390625,6787.76806640625,62,200,1967,228,200,0,21,21,20,0,0
646,large_drift,1.0,15646.58203125,7195.296875,77,200,1982,235,200,0,36,21,20,0,0
647,large_drift,1.0,15434.412109375,6161.90771484375,122,200,1501,168,200,0,72,30,20,0,0
648,large_drift,1.0,17722.625,11833.8544921875,72,206,2147,300,206,0,39,13,20,0,0
649,large_drift,1.0,15362.859375,6214.0380859375,87,200,1638,152,200,0,44,23,20,0,0
650,large_drift,1.0,16889.8671875,9682.0185546875,94,200,2037,231,200,0,60,14,20,0,0
651,large_drift,1.0,15909.5546875,10392.4169921875,74,200,1636,216,200,0,36,18,20,0,0
652,large_drift,1.0,15963.5419921875,11063.693359375,72,200,2770,284,200,0,16,36,20,0,0
653,large_drift,1.0,16942.361328125,5892.3544921875,93,200,1875,209,200,0,60,13,20,0,0
654,large_drift,1.0,16434.283203125,6232.99560546875,64,200,1909,187,200,0,23,21,20,0,0
655,large_drift,1.0,17822.388671875,10433.9931640625,59,200,2811,335,200,0,15,24,20,0,0
656,large_drift,1.0,17810.5,13679.833984375,73,204,2745,349,204,0,30,23,20,0,0
657,large_drift,1.0,16199.5556640625,7473.76806640625,76,200,1672,167,200,0,35,21,20,0,0
658,large_drift,1.0,17959.837890625,4289.88671875,106,200,999,113,200,0,74,12,20,0,0
659,large_drift,1.0,15710.021484375,7938.685546875,69,200,2310,216,200,0,13,36,20,0,0
660,large_drift,1.0,16715.73828125,9087.9267578125,76,200,1834,226,200,0,11,45,20,0,0
661,large_drift,1.0,17859.384765625,12015.0712890625,46,201,2949,363,201,0,13,13,20,0,0
662,large_drift,1.0,15406.5625,10828.8984375,83,200,2292,233,200,0,43,20,20,0,0
663,large_drift,1.0,17240.3828125,10075.98046875,51,200,2504,297,200,0,10,21,20,0,0
664,large_drift,1.0,17089.53125,5886.92041015625,113,200,1792,175,200,0,71,22,20,0,0
665,large_drift,1.0,18419.23046875,14333.3701171875,68,208,2356,394,208,0,28,20,20,0,0
666,large_drift,1.0,18426.21484375,8511.767578125,71,200,1930,222,200,0,30,21,20,0,0
667,large_drift,1.0,14454.126953125,10963.0732421875,115,200,2491,236,200,0,58,37,20,0,0
668,large_drift,1.0,17013.982421875,11709.58203125,64,201,1679,249,201,0,12,32,20,0,0
669,large_drift,1.0,16133.0986328125,6558.7900390625,69,200,1793,190,200,0,31,18,20,0,0
670,large_drift,1.0,15285.373046875,10486.9248046875,64,201,2021,242,201,0,15,39,10,0,0
671,large_drift,1.0,16667.400390625,12613.9482421875,104,202,2212,270,202,0,15,69,20,0,0
672,large_drift,1.0,18319.076171875,5098.23291015625,72,200,1030,164,200,0,32,20,20,0,0
673,large_drift,1.0,15804.380859375,7217.38134765625,95,200,2339,242,200,0,43,32,20,0,0
674,large_drift,1.0,14989.05078125,11103.740234375,76,200,2615,289,200,0,30,26,20,0,0
675,large_drift,1.0,14932.7470703125,6070.54736328125,112,201,3230,319,201,0,61,31,20,0,0
676,large_drift,1.0,16397.0,10687.265625,53,201,1441,186,201,0,12,21,20,0,0
677,large_drift,1.0,17284.955078125,9640.0849609375,106,200,1778,248,200,0,44,42,20,0,0
678,large_drift,1.0,16482.49609375,9703.8271484375,122,200,2568,309,200,0,77,25,20,0,0
679,large_drift,1.0,15432.27734375,8528.7412109375,53,200,1873,237,200,0,11,22,20,0,0
680,large_drift,1.0,16414.26171875,4312.65234375,107,200,1613,183,200,0,67,20,20,0,0
681,large_drift,1.0,17805.322265625,12611.7138671875,53,201,2558,195,201,0,11,22,20,0,0
682,large_drift,1.0,16351.3818359375,9153.78125,83,201,1790,204,201,0,13,50,20,0,0
683,large_drift,1.0,15395.8759765625,6197.4873046875,104,200,1919,207,200,0,75,9,20,0,0
684,large_drift,1.0,15533.4365234375,11827.1572265625,62,204,3010,313,204,0,14,28,20,0,0
685,large_drift,1.0,16542.30078125,8233.2685546875,68,200,1507,180,200,0,28,20,20,0,0
686,large_drift,1.0,15005.759765625,11883.83203125,49,201,3313,452,201,0,15,14,20,0,0
687,large_drift,1.0,17937.029296875,4615.55712890625,91,200,1031,151,200,0,59,12,20,0,0
688,large_drift,1.0,15370.9130859375,8292.4970703125,89,200,1980,207,200,0,43,26,20,0,0
689,large_drift,1.0,16115.6376953125,10077.18359375,56,201,2847,372,201,0,16,20,20,0,0
690,large_drift,1.0,15373.267578125,10175.6494140625,92,200,2986,371,200,0,47,25,20,0,0
691,large_drift,1.0,15224.7490234375,4246.35595703125,124,200,1586,148,200,0,35,69,20,0,0
692,large_drift,1.0,17310.29296875,11622.896484375,118,200,2715,330,200,0,63,35,20,0,0
693,large_drift,1.0,15018.1767578125,8360.71484375,91,200,2437,303,200,0,46,25,20,0,0
694,large_drift,1.0,14869.0634765625,12932.6328125,48,202,2694,295,202,0,13,15,20,0,0
695,large_drift,1.0,16028.8046875,10739.900390625,78,200,2562,251,200,0,32,26,20,0,0
696,large_drift,1.0,15947.1357421875,9171.6142578125,82,200,2564,269,200,0,15,47,20,0,0
697,large_drift,1.0,17638.1796875,4645.1484375,108,200,2002,190,200,0,55,33,20,0,0
698,large_drift,1.0,17136.078125,9844.1142578125,89,200,2396,290,200,0,59,10,20,0,0
699,large_drift,1.0,14753.46875,3939.764404296875,93,200,1280,112,200,0,47,26,20,0,0
700,large_drift,1.0,16348.208984375,11534.455078125,61,200,2247,249,200,0,28,13,20,0,0
701,large_drift,1.0,16247.4208984375,9976.671875,70,200,2712,297,200,0,15,35,20,0,0
702,large_drift,1.0,17023.25,8149.841796875,85,200,1794,223,200,0,54,11,20,0,0
703,large_drift,1.0,15403.021484375,4855.80419921875,141,200,1979,175,200,0,76,45,20,0,0
704,large_drift,1.0,12945.365234375,8846.673828125,83,200,2361,272,200,0,42,21,20,0,0
705,large_drift,1.0,15139.0390625,6462.75244140625,91,200,1742,176,200,0,29,42,20,0,0
706,large_drift,1.0,16206.2607421875,8052.39453125,90,200,2160,221,200,0,45,25,20,0,0
707,large_drift,1.0,16564.62890625,7187.07861328125,107,200,1949,181,200,0,69,18,20,0,0
708,large_drift,1.0,16272.46484375,9318.6953125,109,200,2287,196,200,0,61,28,20,0,0
709,large_drift,1.0,15825.5859375,8858.0341796875,92,200,2511,273,200,0,30,42,20,0,0
710,large_drift,1.0,16321.1513671875,5662.32763671875,84,200,1690,174,200,0,42,22,20,0,0
711,large_drift,1.0,18221.404296875,6950.66162109375,91,200,1496,150,200,0,37,34,20,0,0
712,large_drift,1.0,14617.0859375,11544.39453125,62,201,2440,247,201,0,32,10,20,0,0
713,large_drift,1.0,17385.080078125,9553.8515625,88,200,2047,193,200,0,26,42,20,0,0
714,large_drift,1.0,15412.708984375,5338.62060546875,81,200,2200,293,200,0,12,49,20,0,0
715,large_drift,1.0,18106.982421875,13677.9833984375,67,205,2298,313,205,0,13,34,20,0,0
716,large_drift,1.0,17547.220703125,11635.318359375,94,200,2762,342,200,0,27,47,20,0,0
717,large_drift,1.0,18739.421875,11630.3466796875,49,200,1654,214,200,0,15,14,20,0,0
718,large_drift,1.0,17177.564453125,6022.421875,75,200,2178,215,200,0,16,39,20,0,0
719,large_drift,1.0,12932.9658203125,7028.8779296875,94,200,1678,165,200,0,56,28,10,0,0
720,large_drift,1.0,16823.765625,9284.1181640625,67,200,2499,265,200,0,14,33,20,0,0
721,large_drift,1.0,15255.51953125,9357.0166015625,79,200,2372,276,200,0,26,33,20,0,0
722,large_drift,1.0,18619.744140625,13863.5869140625,66,201,2265,280,201,0,13,33,20,0,0
723,large_drift,1.0,15899.5634765625,7593.95849609375,76,200,1865,213,200,0,30,26,20,0,0
724,large_drift,1.0,14316.099609375,5394.13818359375,84,200,1633,170,200,0,26,38,20,0,0
725,large_drift,1.0,15790.9873046875,8751.220703125,73,200,2311,327,200,0,44,9,20,0,0
726,large_drift,1.0,16471.265625,8933.9521484375,93,200,1887,200,200,0,45,28,20,0,0
727,large_drift,1.0,18150.224609375,7387.30859375,114,200,1352,139,200,0,71,23,20,0,0
728,large_drift,1.0,18644.796875,9506.232421875,73,200,3087,335,200,0,16,37,20,0,0
729,large_drift,1.0,16951.216796875,9708.3369140625,120,200,1907,259,200,0,58,42,20,0,0
730,large_drift,1.0,14834.076171875,8550.7919921875,72,200,2374,214,200,0,16,36,20,0,0
731,large_drift,1.0,16134.591796875,11173.421875,78,201,1819,238,201,0,32,26,20,0,0
732,large_drift,1.0,15419.9443359375,5719.89111328125,86,200,1289,155,200,0,43,23,20,0,0
733,large_drift,1.0,16544.498046875,10527.404296875,68,200,2277,270,200,0,29,19,20,0,0
734,large_drift,1.0,15240.8720703125,9536.1396484375,79,200,2108,211,200,0,10,49,20,0,0
735,large_drift,1.0,17310.234375,10594.98828125,86,200,2218,228,200,0,16,50,20,0,0
736,large_drift,1.0,15791.0654296875,8687.404296875,59,200,1553,161,200,0,12,27,20,0,0
737,large_drift,1.0,16806.15234375,8729.5595703125,92,200,1924,258,200,0,43,29,20,0,0
738,large_drift,1.0,16031.5771484375,3114.764404296875,92,200,1482,131,200,0,24,48,20,0,0
739,large_drift,1.0,17033.541015625,3741.079345703125,75,200,1199,128,200,0,32,23,20,0,0
740,large_drift,1.0,13049.0869140625,11005.7421875,53,200,2239,227,200,0,15,28,10,0,0
741,large_drift,1.0,16800.951171875,3905.433349609375,116,200,1259,119,200,0,57,39,20,0,0
742,large_drift,1.0,16817.66796875,10722.8408203125,66,201,2022,235,201,0,9,37,20,0,0
743,large_drift,1.0,16922.322265625,7726.25048828125,81,200,2175,247,200,0,16,45,20,0,0
744,large_drift,1.0,18439.41796875,14708.8125,55,208,1479,272,208,0,9,26,20,0,0
745,large_drift,1.0,15316.7333984375,8437.34765625,62,200,2683,317,200,0,32,10,20,0,0
746,large_drift,1.0,16421.4921875,4835.28369140625,79,200,1050,119,200,0,37,22,20,0,0
747,large_drift,1.0,16477.67578125,9175.3818359375,88,200,2058,239,200,0,54,14,20,0,0
748,large_drift,1.0,16928.041015625,5653.20458984375,97,200,1615,136,200,0,15,62,20,0,0
749,large_drift,1.0,15126.916015625,7279.16845703125,113,200,2220,228,200,0,57,36,20,0,0
750,large_drift,1.0,16214.0107421875,7991.40673828125,96,201,2299,215,201,0,28,48,20,0,0
751,large_drift,1.0,15883.2900390625,6481.234375,111,200,1815,183,200,0,82,9,20,0,0
752,large_drift,1.0,14995.423828125,11161.0126953125,97,201,2480,286,201,0,40,37,20,0,0
753,large_drift,1.0,18473.080078125,10036.8359375,45,200,2819,290,200,0,13,12,20,0,0
754,large_drift,1.0,16790.11328125,6894.93310546875,98,200,2112,189,200,0,31,47,20,0,0
755,large_drift,1.0,17218.94921875,6826.50927734375,88,200,2456,304,200,0,43,25,20,0,0
756,large_drift,1.0,18191.2578125,7143.396484375,89,200,2590,247,200,0,43,26,20,0,0
757,large_drift,1.0,14623.52734375,11222.59375,60,200,3081,318,200,0,12,28,20,0,0
758,large_drift,1.0,16789.21875,7341.041015625,77,200,1417,165,200,0,28,29,20,0,0
759,large_drift,1.0,17756.927734375,14204.5205078125,45,202,2103,246,202,0,16,9,20,0,0
760,large_drift,1.0,14767.9814453125,10390.60546875,79,200,2078,178,200,0,31,28,20,0,0
761,large_drift,1.0,16037.798828125,9744.6494140625,93,200,2299,239,200,0,47,26,20,0,0
762,large_drift,1.0,16916.419921875,11866.380859375,100,200,2713,285,200,0,57,23,20,0,0
763,large_drift,1.0,17544.826171875,7965.2548828125,120,200,2090,236,200,0,75,25,20,0,0
764,large_drift,1.0,16768.576171875,6036.6298828125,103,200,2044,189,200,0,58,25,20,0,0
765,large_drift,1.0,15428.689453125,9170.2880859375,107,200,2394,294,200,0,63,24,20,0,0
766,large_drift,1.0,17480.248046875,14349.4990234375,49,203,1828,229,203,0,15,14,20,0,0
767,large_drift,1.0,16624.986328125,7912.9931640625,95,200,2141,185,200,0,30,45,20,0,0
768,large_drift,1.0,14591.44140625,8170.28369140625,110,200,1976,248,200,0,45,45,20,0,0
769,large_drift,1.0,15101.275390625,11257.7607421875,53,201,2713,288,201,0,11,22,20,0,0
770,large_drift,1.0,16879.7265625,7406.96142578125,84,200,1439,143,200,0,36,28,20,0,0
771,large_drift,1.0,15313.6123046875,8968.3603515625,92,200,2790,304,200,0,46,26,20,0,0
772,large_drift,1.0,17069.65234375,8048.34912109375,78,200,1537,184,200,0,15,43,20,0,0
773,large_drift,1.0,16847.181640625,6984.2890625,75,200,2126,219,200,0,30,25,20,0,0
774,large_drift,1.0,16687.826171875,11167.8935546875,76,200,2772,305,200,0,42,14,20,0,0
775,large_drift,1.0,16861.513671875,8312.908203125,93,200,1895,230,200,0,40,33,20,0,0
776,large_drift,1.0,17807.546875,3495.219970703125,104,200,806,112,200,0,39,45,20,0,0
777,large_drift,1.0,17359.39453125,6751.564453125,80,200,1844,171,200,0,27,33,20,0,0
778,large_drift,1.0,14824.6826171875,11989.0830078125,62,201,2870,340,201,0,14,28,20,0,0
779,large_drift,1.0,16622.58984375,7465.705078125,86,200,2081,168,200,0,46,20,20,0,0
780,large_drift,1.0,16126.9228515625,10392.2978515625,128,200,2419,323,200,0,73,35,20,0,0
781,large_drift,1.0,17575.6484375,12266.0546875,89,200,2657,306,200,0,58,11,20,0,0
782,large_drift,1.0,15921.74609375,10836.00390625,70,201,2213,283,201,0,15,35,20,0,0
783,large_drift,1.0,16461.634765625,8431.19140625,75,200,2483,291,200,0,30,25,20,0,0
784,large_drift,1.0,16936.4296875,12192.732421875,72,200,1489,166,200,0,15,37,20,0,0
785,large_drift,1.0,16442.935546875,9172.19921875,87,200,2105,225,200,0,41,26,20,0,0
786,large_drift,1.0,15336.5751953125,7838.29541015625,105,200,2294,196,200,0,71,14,20,0,0
787,large_drift,1.0,16225.9345703125,13889.98046875,73,203,1894,284,203,0,30,23,20,0,0
788,large_drift,1.0,17264.375,9003.1640625,73,200,2301,251,200,0,11,42,20,0,0
789,large_drift,1.0,17183.46484375,10732.9609375,59,200,1718,202,200,0,14,25,20,0,0
790,large_drift,1.0,13529.8828125,11794.708984375,73,201,2641,304,201,0,27,36,10,0,0
791,large_drift,1.0,16829.6796875,8106.15869140625,83,200,1632,177,200,0,29,34,20,0,0
792,large_drift,1.0,14718.3271484375,9164.23828125,74,200,2517,243,200,0,30,24,20,0,0
793,large_drift,1.0,15866.931640625,12992.9462890625,93,200,2720,355,200,0,28,55,10,0,0
794,large_drift,1.0,17280.548828125,6024.9931640625,69,200,2269,232,200,0,11,38,20,0,0
795,large_drift,1.0,16857.990234375,6265.2197265625,109,200,1863,133,200,0,79,10,20,0,0
796,large_drift,1.0,16571.521484375,6561.94287109375,80,200,1787,168,200,0,27,33,20,0,0
797,large_drift,1.0,14647.4150390625,6469.39306640625,91,200,1533,162,200,0,40,41,10,0,0
798,large_drift,1.0,15336.2568359375,7132.908203125,60,200,2468,260,200,0,19,21,20,0,0
799,large_drift,1.0,16563.72265625,11539.6865234375,79,201,2651,318,201,0,45,14,20,0,0
800,large_drift,1.0,16982.279296875,7326.84326171875,86,200,1251,159,200,0,44,22,20,0,0
801,large_drift,1.0,15999.2529296875,12670.3349609375,80,200,2894,310,200,0,46,14,20,0,0
802,large_drift,1.0,14569.96484375,9376.359375,75,200,2325,251,200,0,15,40,20,0,0
803,large_drift,1.0,15913.1279296875,9662.7939453125,75,200,1451,203,200,0,30,25,20,0,0
804,large_drift,1.0,15378.8984375,6748.72900390625,120,200,1642,185,200,0,56,44,20,0,0
805,large_drift,1.0,17316.57421875,8097.15234375,112,200,1806,152,200,0,78,14,20,0,0
806,large_drift,1.0,15463.25390625,9479.0302734375,58,200,2707,334,200,0,29,9,20,0,0
807,large_drift,1.0,16386.599609375,9064.9658203125,84,200,2278,244,200,0,38,26,20,0,0
808,large_drift,1.0,17768.310546875,6345.404296875,94,200,2078,214,200,0,52,22,20,0,0
809,large_drift,1.0,15255.3837890625,3713.865478515625,112,200,1544,182,200,0,62,30,20,0,0
810,large_drift,1.0,17220.74609375,12863.9169921875,69,201,2366,252,201,0,28,21,20,0,0
811,large_drift,1.0,15960.001953125,7179.13818359375,93,200,1387,140,200,0,30,43,20,0,0
812,large_drift,1.0,13518.8642578125,12321.8095703125,83,200,2260,304,200,0,47,26,10,0,0
813,large_drift,1.0,16010.3369140625,4805.48779296875,103,200,1306,136,200,0,27,56,20,0,0
814,large_drift,1.0,16678.36328125,12193.0029296875,75,200,2758,285,200,0,16,39,20,0,0
815,large_drift,1.0,13122.400390625,8165.1240234375,65,200,2483,283,200,0,16,29,20,0,0
816,large_drift,1.0,18122.095703125,3305.83447265625,92,200,1224,174,200,0,58,14,20,0,0
817,large_drift,1.0,16624.232421875,4796.85791015625,94,200,1639,152,200,0,53,21,20,0,0
818,large_drift,1.0,16256.9287109375,7245.7021484375,61,200,2126,178,200,0,32,9,20,0,0
819,large_drift,1.0,12456.828125,9810.91796875,64,201,1747,204,201,0,29,15,20,0,0
820,large_drift,1.0,16289.21875,13639.5283203125,93,201,2731,355,201,0,36,37,20,0,0
821,large_drift,1.0,15767.49609375,12054.6474609375,80,201,2810,323,201,0,46,14,20,0,0
822,large_drift,1.0,13467.8662109375,5801.55224609375,78,200,1641,171,200,0,36,32,10,0,0
823,large_drift,1.0,15389.6201171875,5303.97314453125,109,200,1500,160,200,0,52,37,20,0,0
824,large_drift,1.0,17843.11328125,9369.7685546875,84,200,2272,252,200,0,44,20,20,0,0
825,large_drift,1.0,14275.208984375,9082.162109375,62,200,2559,290,200,0,16,26,20,0,0
826,large_drift,1.0,16973.046875,7144.36376953125,77,200,1691,201,200,0,25,32,20,0,0
827,large_drift,1.0,16404.541015625,8698.033203125,67,200,2486,263,200,0,11,36,20,0,0
828,large_drift,1.0,17578.900390625,11070.2021484375,136,200,1562,182,200,0,89,27,20,0,0
829,large_drift,1.0,17915.912109375,7716.6640625,87,200,2312,242,200,0,54,13,20,0,0
830,large_drift,1.0,16007.4990234375,7176.26953125,71,200,2171,206,200,0,16,35,20,0,0
831,large_drift,1.0,16143.005859375,9882.2978515625,61,200,2380,228,200,0,10,31,20,0,0
832,large_drift,1.0,15591.7470703125,6604.0771484375,107,200,1708,192,200,0,74,13,20,0,0
833,large_drift,1.0,17452.64453125,5738.21630859375,92,200,1187,128,200,0,50,22,20,0,0
834,large_drift,1.0,15051.03515625,5614.138671875,78,200,1801,150,200,0,32,26,20,0,0
835,large_drift,1.0,15521.9755859375,4814.94970703125,78,200,1434,125,200,0,35,23,20,0,0
836,large_drift,1.0,16209.3095703125,3909.246826171875,104,200,3014,458,200,0,48,36,20,0,0
837,large_drift,1.0,15014.0107421875,7636.33544921875,98,200,1839,158,200,0,44,34,20,0,0
838,large_drift,1.0,14794.205078125,12863.3291015625,65,203,2040,248,203,0,27,28,10,0,0
839,large_drift,1.0,16742.67578125,8972.244140625,66,201,1676,144,201,0,15,31,20,0,0
840,large_drift,1.0,19134.494140625,10252.427734375,71,200,2173,242,200,0,38,13,20,0,0
841,large_drift,1.0,15844.4873046875,10091.3251953125,76,200,2164,210,200,0,30,26,20,0,0
842,large_drift,1.0,14487.611328125,10789.5751953125,75,203,2553,352,203,0,27,28,20,0,0
843,large_drift,1.0,16749.529296875,10315.7119140625,104,200,2073,214,200,0,36,48,20,0,0
844,large_drift,1.0,14427.0048828125,9983.1630859375,62,201,1647,191,201,0,28,14,20,0,0
845,large_drift,1.0,14579.7109375,4889.08447265625,64,200,1582,149,200,0,23,21,20,0,0
846,large_drift,1.0,16394.30859375,7311.35693359375,98,200,2287,249,200,0,43,35,20,0,0
847,large_drift,1.0,16272.1494140625,10130.810546875,67,200,1856,180,200,0,15,32,20,0,0
848,large_drift,1.0,14533.873046875,6237.896484375,122,200,1701,161,200,0,60,42,20,0,0
849,large_drift,1.0,16405.921875,11612.5068359375,49,201,2460,280,201,0,15,14,20,0,0
850,large_drift,1.0,15808.69921875,8889.845703125,107,200,2032,209,200,0,24,63,20,0,0
851,large_drift,1.0,16444.29296875,7493.572265625,89,200,2695,282,200,0,27,42,20,0,0
852,large_drift,1.0,13154.5439453125,11270.6279296875,93,200,3202,396,200,0,29,44,20,0,0
853,large_drift,1.0,15435.357421875,11083.1767578125,82,200,2855,297,200,0,16,46,20,0,0
854,large_drift,1.0,15771.294921875,7759.35107421875,77,200,1484,132,200,0,43,14,20,0,0
855,large_drift,1.0,15753.626953125,12985.4912109375,119,200,3288,420,200,0,44,65,10,0,0
856,large_drift,1.0,15093.1748046875,5598.31201171875,60,200,1755,231,200,0,29,11,20,0,0
857,large_drift,1.0,16831.7265625,11784.2880859375,71,202,2319,239,202,0,29,22,20,0,0
858,large_drift,1.0,16488.556640625,13182.7607421875,45,203,2650,382,203,0,16,9,20,0,0
859,large_drift,1.0,16783.86328125,9962.5537109375,60,201,2647,318,201,0,30,10,20,0,0
860,large_drift,1.0,15899.0205078125,6935.87744140625,80,200,1833,213,200,0,46,14,20,0,0
861,large_drift,1.0,17484.333984375,5638.91015625,123,200,1602,192,200,0,83,20,20,0,0
862,large_drift,1.0,17935.302734375,11711.578125,57,203,1859,239,203,0,13,24,20,0,0
863,large_drift,1.0,17124.263671875,6292.62060546875,98,200,1983,197,200,0,32,46,20,0,0
864,large_drift,1.0,15599.396484375,6533.767578125,63,200,1619,141,200,0,22,21,20,0,0
865,large_drift,1.0,16422.712890625,7859.7109375,99,200,1819,189,200,0,70,9,20,0,0
866,large_drift,1.0,17184.16015625,7793.86767578125,46,200,2112,226,200,0,13,13,20,0,0
867,large_drift,1.0,16780.630859375,8406.05078125,86,200,2149,251,200,0,31,35,20,0,0
868,large_drift,1.0,14593.375,10614.6572265625,91,200,2700,272,200,0,46,25,20,0,0
869,large_drift,1.0,16832.853515625,3423.040771484375,79,200,1300,166,200,0,45,14,20,0,0
870,large_drift,1.0,17122.21875,11273.52734375,62,202,2215,239,202,0,12,30,20,0,0
871,large_drift,1.0,14842.8515625,13975.716796875,62,206,1994,281,206,0,16,26,20,0,0
872,large_drift,1.0,16875.03125,6485.6796875,138,200,1767,163,200,0,98,20,20,0,0
873,large_drift,0.9,16045.984375,9370.228515625,135,200,2356,306,200,0,54,61,20,0,0
874,large_drift,1.0,13978.0751953125,4854.2099609375,64,200,1401,135,200,0,22,32,10,0,0
875,large_drift,0.9,16034.2265625,12486.66015625,65,200,3404,451,200,0,31,14,20,0,0
876,large_drift,1.0,14733.3837890625,10106.759765625,52,200,2517,231,200,0,12,20,20,0,0
877,large_drift,1.0,18525.037109375,7116.16748046875,126,200,1411,160,200,0,84,22,20,0,0
878,large_drift,1.0,15123.2197265625,6395.47509765625,83,200,2325,235,200,0,45,18,20,0,0
879,large_drift,1.0,17828.177734375,5356.92626953125,98,200,1100,139,200,0,66,12,20,0,0
880,large_drift,1.0,14781.345703125,7195.48876953125,60,201,1745,212,201,0,29,11,20,0,0
881,large_drift,1.0,18539.685546875,10165.2080078125,97,200,2721,290,200,0,43,34,20,0,0
882,large_drift,1.0,15504.4580078125,8293.796875,85,200,2246,236,200,0,41,24,20,0,0
883,large_drift,1.0,16778.171875,4570.53173828125,63,200,1530,136,200,0,14,29,20,0,0
884,large_drift,1.0,15368.9130859375,6041.53125,74,200,1532,157,200,0,15,39,20,0,0
885,large_drift,1.0,18597.333984375,3688.73388671875,60,200,954,117,200,0,20,20,20,0,0
886,large_drift,1.0,17383.328125,9767.3974609375,110,200,2290,215,200,0,70,20,20,0,0
887,large_drift,1.0,14393.2607421875,8192.673828125,90,200,1982,215,200,0,61,9,20,0,0
888,large_drift,1.0,14756.908203125,10154.0859375,73,200,1727,194,200,0,28,25,20,0,0
889,large_drift,1.0,15133.494140625,7646.7919921875,63,200,1509,173,200,0,29,14,20,0,0
890,large_drift,1.0,17287.919921875,12673.6259765625,72,202,1300,186,202,0,29,23,20,0,0
891,large_drift,1.0,15250.642578125,7142.98974609375,116,200,2284,244,200,0,61,35,20,0,0
892,large_drift,1.0,16660.166015625,9579.98828125,76,200,2066,211,200,0,42,14,20,0,0
893,large_drift,1.0,15322.060546875,9112.7158203125,119,200,1952,215,200,0,45,54,20,0,0
894,large_drift,1.0,16478.90625,13262.1796875,78,204,3076,390,204,0,13,45,20,0,0
895,large_drift,1.0,15028.814453125,10875.125,93,201,2861,330,201,0,48,25,20,0,0
896,large_drift,1.0,14739.43359375,10487.51953125,86,203,2433,267,203,0,42,24,20,0,0
897,large_drift,1.0,16791.740234375,11642.9208984375,102,200,2772,287,200,0,59,23,20,0,0
898,large_drift,1.0,13752.326171875,9013.6142578125,53,200,2285,216,200,0,15,28,10,0,0
899,large_drift,1.0,15689.02734375,12934.62109375,49,203,1853,258,203,0,15,14,20,0,0
900,large_drift,1.0,15469.966796875,8912.537109375,60,201,1998,230,201,0,12,28,20,0,0
901,large_drift,1.0,16200.306640625,8585.6376953125,101,200,2434,249,200,0,71,10,20,0,0
902,large_drift,1.0,15564.9716796875,9703.6748046875,69,200,2712,317,200,0,13,36,20,0,0
903,large_drift,1.0,14733.8408203125,7152.65185546875,88,200,2061,231,200,0,43,25,20,0,0
904,large_drift,1.0,17032.400390625,6080.1396484375,88,201,2003,189,201,0,31,37,20,0,0
905,large_drift,1.0,11196.029296875,9486.8662109375,51,200,2089,218,200,0,15,26,10,0,0
906,large_drift,1.0,16324.9423828125,7179.30126953125,118,200,1644,203,200,0,67,31,20,0,0
907,large_drift,1.0,18184.92578125,9932.1787109375,117,200,1657,223,200,0,56,41,20,0,0
908,large_drift,1.0,16211.4541015625,7650.87744140625,139,200,2025,236,200,0,69,50,20,0,0
909,large_drift,1.0,17378.564453125,4716.25537109375,70,200,928,108,200,0,12,38,20,0,0
910,large_drift,1.0,16338.5126953125,5684.828125,93,200,1454,172,200,0,30,43,20,0,0
911,large_drift,1.0,17415.646484375,10503.373046875,73,200,3097,367,200,0,16,37,20,0,0
912,large_drift,1.0,15476.2802734375,7798.27392578125,105,200,2043,216,200,0,76,9,20,0,0
913,large_drift,1.0,16202.775390625,6802.93994140625,59,200,2205,225,200,0,14,25,20,0,0
914,large_drift,1.0,14796.896484375,12474.0908203125,60,200,2385,240,200,0,15,25,20,0,0
915,large_drift,1.0,14826.9462890625,13355.4189453125,46,204,2343,343,204,0,13,13,20,0,0
916,large_drift,1.0,17540.001953125,9023.37890625,130,200,2274,217,200,0,89,21,20,0,0
917,large_drift,1.0,18047.57421875,11126.3701171875,76,200,2668,249,200,0,32,24,20,0,0
918,large_drift,1.0,13450.8779296875,9418.9560546875,89,200,2175,239,200,0,43,26,20,0,0
919,large_drift,1.0,15999.939453125,5762.2685546875,105,200,1660,159,200,0,43,42,20,0,0
920,large_drift,1.0,17541.6171875,7117.828125,105,200,1088,159,200,0,50,35,20,0,0
921,large_drift,1.0,13734.7255859375,5855.42822265625,95,200,1720,175,200,0,45,30,20,0,0
922,large_drift,1.0,16685.095703125,6536.24462890625,78,200,1829,176,200,0,29,29,20,0,0
923,large_drift,1.0,16311.8466796875,7988.00439453125,100,200,1844,207,200,0,32,48,20,0,0
924,large_drift,1.0,15864.8359375,6919.4580078125,84,200,1759,126,200,0,42,22,20,0,0
925,large_drift,1.0,14710.7158203125,5032.958984375,106,200,1317,159,200,0,60,26,20,0,0
926,large_drift,1.0,16734.75390625,11907.8671875,83,200,2260,299,200,0,31,32,20,0,0
927,large_drift,1.0,14511.947265625,8499.4892578125,89,200,2309,239,200,0,41,28,20,0,0
928,large_drift,1.0,16180.5205078125,5723.021484375,46,200,2271,192,200,0,16,10,20,0,0
929,large_drift,1.0,15610.017578125,6601.11865234375,77,200,2316,222,200,0,28,29,20,0,0
930,large_drift,0.8,15607.37109375,11149.5537109375,72,200,2530,285,200,0,16,36,20,0,0
931,large_drift,1.0,16414.08984375,2957.950439453125,104,200,1344,134,200,0,70,14,20,0,0
932,large_drift,1.0,16826.30859375,11627.6669921875,124,200,2499,214,200,0,59,45,20,0,0
933,large_drift,1.0,15574.625,8049.81201171875,82,200,1764,248,200,0,49,13,20,0,0
934,large_drift,1.0,16230.6201171875,9262.66796875,89,200,2110,249,200,0,13,56,20,0,0
935,large_drift,1.0,16086.986328125,7589.283203125,64,201,1879,222,201,0,22,22,20,0,0
936,large_drift,1.0,14795.4658203125,8698.62890625,63,200,1973,221,200,0,7,36,20,0,0
937,large_drift,1.0,17412.107421875,10807.2021484375,61,200,2220,232,200,0,29,12,20,0,0
938,large_drift,1.0,15785.150390625,9651.248046875,125,200,2885,316,200,0,79,26,20,0,0
939,large_drift,1.0,16739.564453125,13425.2060546875,75,201,2955,328,201,0,46,9,20,0,0
940,large_drift,1.0,14910.5791015625,10558.92578125,49,200,2534,238,200,0,15,14,20,0,0
941,large_drift,1.0,16134.33203125,9386.806640625,63,200,2404,291,200,0,29,14,20,0,0
942,large_drift,1.0,14887.720703125,7711.41552734375,90,200,1607,180,200,0,33,37,20,0,0
943,large_drift,1.0,15958.783203125,12490.9287109375,45,201,1820,224,201,0,16,9,20,0,0
944,large_drift,1.0,16896.978515625,8138.23193359375,70,200,2677,299,200,0,40,10,20,0,0
945,large_drift,1.0,16657.513671875,6251.93310546875,71,200,2399,226,200,0,30,21,20,0,0
946,large_drift,1.0,17045.2578125,12149.4287109375,75,200,1930,236,200,0,28,27,20,0,0
947,large_drift,1.0,16028.6357421875,11611.572265625,44,201,2777,347,201,0,14,10,20,0,0
948,large_drift,1.0,16486.306640625,4162.54296875,93,200,896,100,200,0,37,36,20,0,0
949,large_drift,1.0,14077.51953125,9522.94140625,89,200,2281,255,200,0,29,40,20,0,0
950,large_drift,1.0,15340.595703125,4876.24853515625,54,200,1484,144,200,0,11,23,20,0,0
951,large_drift,1.0,16284.15625,8367.63671875,82,200,2207,226,200,0,41,21,20,0,0
952,large_drift,1.0,15362.5068359375,10960.10546875,73,200,3175,361,200,0,16,37,20,0,0
953,large_drift,1.0,14897.6552734375,6918.33056640625,91,200,2071,176,200,0,45,26,20,0,0
954,large_drift,1.0,16369.8203125,9709.8408203125,84,200,2913,261,200,0,25,39,20,0,0
955,large_drift,1.0,13977.548828125,6986.6474609375,130,200,1508,169,200,0,30,80,20,0,0
956,large_drift,1.0,16449.578125,8297.041015625,69,200,2564,293,200,0,14,35,20,0,0
957,large_drift,1.0,15577.1015625,6705.5390625,84,200,1933,222,200,0,44,20,20,0,0
958,large_drift,1.0,16365.3505859375,10055.6318359375,76,200,2583,264,200,0,47,9,20,0,0
959,large_drift,1.0,18315.158203125,7786.23974609375,70,200,2237,203,200,0,40,10,20,0,0
960,large_drift,1.0,16207.046875,7443.56591796875,44,200,2260,233,200,0,14,10,20,0,0
961,large_drift,0.9,15033.0341796875,12256.4560546875,98,200,3173,364,200,0,48,30,20,0,0
962,large_drift,1.0,17637.609375,11746.3935546875,88,200,2676,331,200,0,46,22,20,0,0
963,large_drift,0.8,16467.73046875,12060.1806640625,74,200,3205,420,200,0,14,40,20,0,0
964,large_drift,1.0,17465.23046875,12600.4228515625,104,201,2327,267,201,0,75,9,20,0,0
965,large_drift,1.0,16561.013671875,5663.150390625,71,200,1473,152,200,0,30,21,20,0,0
966,large_drift,1.0,16901.91796875,6500.1689453125,72,200,1954,212,200,0,42,10,20,0,0
967,large_drift,1.0,16266.76171875,7695.6748046875,88,200,1944,211,200,0,46,22,20,0,0
968,large_drift,1.0,15605.8876953125,9514.2578125,102,200,2807,328,200,0,46,36,20,0,0
969,large_drift,1.0,14982.798828125,10143.7412109375,72,201,2390,287,201,0,14,38,20,0,0
970,large_drift,1.0,15585.99609375,10189.9580078125,66,201,2547,275,201,0,9,37,20,0,0
971,large_drift,1.0,16873.1328125,4471.90625,78,200,829,81,200,0,12,46,20,0,0
972,large_drift,1.0,18304.265625,6850.63916015625,79,200,2061,211,200,0,37,22,20,0,0
973,large_drift,1.0,14286.298828125,8402.7197265625,53,200,2279,237,200,0,15,18,20,0,0
974,large_drift,1.0,15123.060546875,11008.1328125,82,200,1658,188,200,0,40,32,10,0,0
975,large_drift,1.0,16793.9453125,7778.50390625,100,200,1999,209,200,0,66,14,20,0,0
976,large_drift,1.0,15744.08203125,7522.8369140625,95,200,2212,195,200,0,53,22,20,0,0
977,large_drift,1.0,13884.5263671875,6903.537109375,106,200,2084,197,200,0,60,26,20,0,0
978,large_drift,1.0,17057.892578125,10125.0732421875,45,201,2114,227,201,0,16,9,20,0,0
979,large_drift,1.0,17130.302734375,10859.35546875,100,201,2234,204,201,0,57,23,20,0,0
980,large_drift,1.0,14452.9423828125,8510.51171875,125,200,2374,200,200,0,79,26,20,0,0
981,large_drift,1.0,15801.38671875,9071.3251953125,74,200,2644,328,200,0,28,26,20,0,0
982,large_drift,1.0,17545.982421875,4226.34716796875,69,200,1464,135,200,0,26,23,20,0,0
983,large_drift,1.0,14796.015625,6995.451171875,69,200,2259,248,200,0,27,22,20,0,0
984,large_drift,1.0,14583.0,6808.6171875,80,200,2218,216,200,0,27,33,20,0,0
985,large_drift,1.0,15692.7509765625,12009.947265625,97,200,1902,218,200,0,63,14,20,0,0
986,large_drift,1.0,15411.201171875,9010.67578125,76,200,2687,310,200,0,31,25,20,0,0
987,large_drift,1.0,15982.7783203125,7727.4638671875,87,200,2401,241,200,0,45,22,20,0,0
988,large_drift,1.0,16384.111328125,7576.76171875,100,200,2122,272,200,0,71,9,20,0,0
989,large_drift,1.0,16448.775390625,9555.685546875,79,200,1680,196,200,0,30,29,20,0,0
990,large_drift,1.0,16576.146484375,10645.7548828125,77,201,2521,215,201,0,29,28,20,0,0
991,large_drift,1.0,16340.744140625,5255.09716796875,94,200,873,113,200,0,24,50,20,0,0
992,large_drift,1.0,15972.8876953125,10781.3955078125,60,201,1859,199,201,0,16,24,20,0,0
993,large_drift,0.9,17657.283203125,13070.7001953125,78,200,2898,311,200,0,44,14,20,0,0
994,large_drift,1.0,16752.005859375,9340.658203125,120,200,2575,259,200,0,74,26,20,0,0
995,large_drift,1.0,17872.650390625,10034.646484375,126,200,1920,198,200,0,80,26,20,0,0
996,large_drift,1.0,16596.052734375,8743.4384765625,87,200,2269,280,200,0,30,37,20,0,0
997,large_drift,1.0,15462.6201171875,10004.994140625,61,200,2847,336,200,0,32,9,20,0,0
998,large_drift,1.0,15892.7802734375,8987.0400390625,116,200,2579,260,200,0,44,52,20,0,0
999,large_drift,1.0,15194.2451171875,11256.7734375,69,201,2755,333,201,0,21,28,20,0,0
1000,large_drift,1.0,15259.34375,8243.125,100,200,1846,211,200,0,44,36,20,0,0
1001,large_drift,1.0,16609.64453125,8573.5712890625,84,200,2026,262,200,0,41,23,20,0,0
1002,large_drift,1.0,17403.404296875,14962.75,49,203,2578,301,203,0,15,14,20,0,0
1003,large_drift,1.0,12065.3671875,12065.3671875,36,200,2656,338,200,0,10,16,10,0,0
1004,large_drift,1.0,13958.1318359375,10688.37890625,86,202,2216,267,202,0,46,30,10,0,0
1005,large_drift,1.0,16249.13671875,10374.01171875,79,200,2035,182,200,0,10,49,20,0,0
1006,large_drift,1.0,17890.234375,12676.1591796875,111,200,2677,268,200,0,58,33,20,0,0
1007,large_drift,1.0,16304.806640625,12161.1376953125,45,202,1857,222,202,0,16,9,20,0,0
1008,large_drift,1.0,15711.669921875,14587.9716796875,45,202,2262,320,202,0,16,9,20,0,0
1009,large_drift,1.0,16556.083984375,14557.986328125,44,203,2186,270,203,0,14,10,20,0,0
1010,large_drift,1.0,16453.990234375,9345.17578125,78,200,1892,205,200,0,44,14,20,0,0
1011,large_drift,1.0,14779.4560546875,7285.16162109375,99,200,2257,256,200,0,70,9,20,0,0
1012,large_drift,1.0,16008.6640625,14106.37890625,62,201,2636,286,201,0,28,14,20,0,0
1013,large_drift,1.0,18242.6484375,4971.50390625,71,200,965,127,200,0,31,20,20,0,0
1014,large_drift,1.0,14733.169921875,8437.33203125,73,200,1889,210,200,0,38,25,10,0,0
1015,large_drift,1.0,17952.923828125,7236.802734375,95,200,1912,212,200,0,66,9,20,0,0
1016,large_drift,1.0,15738.4208984375,9597.15625,77,200,2604,325,200,0,16,41,20,0,0
1017,large_drift,1.0,17444.82421875,11573.6728515625,78,201,2392,301,201,0,28,30,20,0,0
1018,large_drift,1.0,15993.12890625,7942.5732421875,90,200,1123,132,200,0,27,43,20,0,0
1019,large_drift,1.0,17400.7578125,9031.509765625,69,200,2352,215,200,0,16,33,20,0,0
1020,large_drift,1.0,14237.4404296875,9692.349609375,46,200,2049,244,200,0,15,11,20,0,0
1021,large_drift,1.0,16476.1328125,7803.13232421875,83,200,1792,195,200,0,31,32,20,0,0
1022,large_drift,1.0,15678.712890625,12319.3505859375,114,204,3050,411,204,0,73,21,20,0,0
1023,large_drift,1.0,16691.70703125,8445.1962890625,74,200,2508,242,200,0,31,23,20,0,0
1024,large_drift,1.0,15287.830078125,8206.931640625,71,200,2484,277,200,0,28,23,20,0,0
1025,large_drift,1.0,15988.908203125,3963.828125,93,200,1720,154,200,0,63,10,20,0,0
1026,large_drift,1.0,16366.1044921875,9016.302734375,77,200,1469,162,200,0,43,14,20,0,0
1027,large_drift,1.0,15798.35546875,9970.0078125,87,201,1715,223,201,0,53,14,20,0,0
1028,large_drift,1.0,14775.865234375,12078.28515625,52,201,3049,409,201,0,13,19,20,0,0
1029,large_drift,1.0,16846.4765625,6545.974609375,74,200,1312,193,200,0,36,18,20,0,0
1030,large_drift,1.0,17386.828125,7350.5810546875,59,200,2121,232,200,0,30,9,20,0,0
1031,large_drift,1.0,16298.4873046875,7497.869140625,62,200,2382,241,200,0,32,10,20,0,0
1032,large_drift,1.0,17602.14453125,8818.5673828125,113,200,1281,159,200,0,57,36,20,0,0
1033,large_drift,1.0,15040.9912109375,6904.0615234375,91,200,1748,182,200,0,51,20,20,0,0
1034,large_drift,1.0,13748.59375,9199.59375,84,200,2416,274,200,0,31,43,10,0,0
1035,large_drift,1.0,16453.642578125,9335.548828125,74,200,2493,279,200,0,16,38,20,0,0
1036,large_drift,1.0,15124.275390625,11196.26953125,81,201,1951,239,201,0,27,34,20,0,0
1037,large_drift,1.0,15272.43359375,11204.6220703125,71,200,2827,345,200,0,30,21,20,0,0
1038,large_drift,1.0,15477.857421875,9073.1630859375,96,200,2229,223,200,0,54,22,20,0,0
1039,large_drift,1.0,16939.369140625,9895.505859375,56,201,2303,315,201,0,26,10,20,0,0
1040,large_drift,1.0,15070.8369140625,7338.5908203125,92,200,1411,147,200,0,58,14,20,0,0
1041,large_drift,1.0,16337.8583984375,9126.6376953125,71,200,1991,206,200,0,28,23,20,0,0
1042,large_drift,1.0,15719.6953125,6706.96484375,118,200,1822,188,200,0,45,53,20,0,0
1043,large_drift,1.0,16786.625,7854.72705078125,85,200,1929,216,200,0,42,23,20,0,0
1044,large_drift,1.0,17107.408203125,14779.8251953125,44,204,1052,182,204,0,14,10,20,0,0
1045,large_drift,1.0,16020.771484375,6143.65869140625,80,200,2166,215,200,0,38,22,20,0,0
1046,large_drift,1.0,18534.357421875,7298.3642578125,111,200,1938,169,200,0,41,50,20,0,0
1047,large_drift,1.0,15751.734375,8958.2822265625,81,200,2373,250,200,0,16,45,20,0,0
1048,large_drift,1.0,16992.80078125,7733.33642578125,87,200,1706,183,200,0,41,26,20,0,0
1049,large_drift,1.0,16560.7109375,5545.2861328125,106,200,1673,182,200,0,57,29,20,0,0
1050,large_drift,1.0,17910.162109375,8551.4560546875,96,200,1742,231,200,0,57,19,20,0,0
1051,large_drift,1.0,16933.392578125,10029.72265625,97,200,2765,270,200,0,46,31,20,0,0
1052,large_drift,1.0,15050.6943359375,9485.044921875,69,200,2253,243,200,0,15,34,20,0,0
1053,large_drift,1.0,14610.95703125,8633.0791015625,70,200,1941,187,200,0,11,39,20,0,0
1054,large_drift,0.9,17228.70703125,13185.8232421875,64,206,3149,471,206,0,16,28,20,0,0
1055,large_drift,1.0,16084.4462890625,7638.71240234375,48,200,2367,238,200,0,7,21,20,0,0
1056,large_drift,1.0,15321.369140625,10450.943359375,103,201,2866,327,201,0,16,67,20,0,0
1057,large_drift,1.0,11143.984375,8846.8037109375,52,200,2714,320,200,0,26,16,10,0,0
1058,large_drift,1.0,12947.6123046875,8987.1962890625,80,200,2187,226,200,0,44,26,10,0,0
1059,large_drift,1.0,17394.669921875,6965.54931640625,92,200,1977,223,200,0,58,14,20,0,0
1060,large_drift,1.0,17460.85546875,15320.3154296875,49,204,1701,301,204,0,15,14,20,0,0
1061,large_drift,1.0,16323.302734375,11918.439453125,45,202,1742,203,202,0,16,9,20,0,0
1062,large_drift,1.0,15894.224609375,8014.88232421875,101,200,2686,283,200,0,47,34,20,0,0
1063,large_drift,1.0,14682.4921875,4951.677734375,89,200,2142,206,200,0,60,9,20,0,0
1064,large_drift,1.0,17220.970703125,5349.76806640625,60,200,1931,177,200,0,29,11,20,0,0
1065,large_drift,1.0,16175.240234375,5767.72998046875,106,200,1375,150,200,0,28,58,20,0,0
1066,large_drift,1.0,15950.439453125,8816.7490234375,94,200,1684,176,200,0,28,46,20,0,0
1067,large_drift,1.0,15415.50390625,6080.2138671875,70,200,1566,144,200,0,27,23,20,0,0
1068,large_drift,1.0,19010.396484375,5320.37646484375,75,200,1921,171,200,0,29,26,20,0,0
1069,large_drift,1.0,15896.232421875,8462.568359375,77,200,2383,272,200,0,31,26,20,0,0
1070,large_drift,0.9,15821.087890625,13084.076171875,59,205,3185,396,205,0,24,15,20,0,0
1071,large_drift,1.0,16654.18359375,13347.7763671875,81,201,3074,346,201,0,32,29,20,0,0
1072,large_drift,1.0,17086.0390625,8222.53515625,90,200,2021,197,200,0,46,24,20,0,0
1073,large_drift,1.0,15888.72265625,9161.333984375,46,200,1729,165,200,0,13,13,20,0,0
1074,large_drift,1.0,15059.060546875,3778.6044921875,93,200,1329,160,200,0,47,26,20,0,0
1075,large_drift,1.0,16967.318359375,3781.322021484375,116,200,1474,137,200,0,74,22,20,0,0
1076,large_drift,1.0,18575.69140625,6180.5400390625,113,200,1904,174,200,0,52,41,20,0,0
1077,large_drift,1.0,16925.13671875,6933.638671875,104,200,1964,187,200,0,59,25,20,0,0
1078,large_drift,1.0,15046.478515625,4700.220703125,76,200,1114,132,200,0,27,29,20,0,0
1079,large_drift,1.0,17347.82421875,10375.181640625,66,200,2424,265,200,0,9,37,20,0,0
1080,large_drift,1.0,16857.255859375,6299.93310546875,99,200,1516,152,200,0,53,26,20,0,0
1081,large_drift,1.0,16621.53515625,12427.5234375,60,201,2982,404,201,0,28,12,20,0,0
1082,large_drift,1.0,14882.58984375,12424.5322265625,49,201,2049,245,201,0,15,14,20,0,0
1083,large_drift,1.0,16928.705078125,12227.9970703125,65,201,2950,324,201,0,31,14,20,0,0
1084,large_drift,1.0,16764.1875,11591.189453125,83,203,2873,391,203,0,14,49,20,0,0
1085,large_drift,1.0,15683.0615234375,8916.92578125,60,200,2002,196,200,0,29,11,20,0,0
1086,large_drift,1.0,16229.5927734375,7728.8251953125,91,200,2080,280,200,0,45,26,20,0,0
1087,large_drift,1.0,17222.451171875,9846.982421875,60,200,2627,265,200,0,12,28,20,0,0
1088,large_drift,1.0,17322.654296875,7676.744140625,75,200,2027,194,200,0,14,41,20,0,0
1089,large_drift,1.0,16127.0029296875,10158.9716796875,102,200,2552,273,200,0,57,25,20,0,0
1090,large_drift,1.0,17213.13671875,10179.76953125,59,200,2485,261,200,0,15,24,20,0,0
1091,large_drift,1.0,15226.4765625,7070.01953125,92,200,1418,154,200,0,35,37,20,0,0
1092,large_drift,1.0,15969.966796875,8797.5439453125,90,200,1788,181,200,0,41,29,20,0,0
1093,large_drift,1.0,17366.9453125,12679.328125,57,201,2860,331,201,0,14,23,20,0,0
1094,large_drift,1.0,17310.650390625,5104.0712890625,82,200,1330,146,200,0,25,37,20,0,0
1095,large_drift,1.0,17997.611328125,5971.33349609375,113,200,1118,107,200,0,70,23,20,0,0
1096,large_drift,1.0,15793.8291015625,8771.970703125,92,201,2191,200,201,0,40,32,20,0,0
1097,large_drift,1.0,15359.4072265625,8124.6357421875,80,200,1846,152,200,0,45,25,10,0,0
1098,large_drift,1.0,14517.5341796875,10308.984375,91,200,2908,354,200,0,46,25,20,0,0
1099,large_drift,1.0,14656.626953125,7177.4970703125,74,200,2187,193,200,0,30,24,20,0,0
1100,large_drift,1.0,15946.1181640625,13024.642578125,62,201,2788,372,201,0,16,26,20,0,0
1101,large_drift,1.0,17655.123046875,5722.31591796875,116,200,1068,150,200,0,82,14,20,0,0
1102,large_drift,1.0,14481.740234375,6136.27099609375,87,200,1721,184,200,0,26,41,20,0,0
1103,large_drift,1.0,14528.0595703125,9411.64453125,87,201,1879,211,201,0,58,9,20,0,0
1104,large_drift,1.0,17003.66015625,8088.20556640625,71,200,2467,273,200,0,29,22,20,0,0
1105,large_drift,1.0,16989.548828125,4193.6826171875,114,200,965,105,200,0,55,39,20,0,0
1106,large_drift,1.0,17198.0234375,4013.916748046875,90,200,987,119,200,0,38,32,20,0,0
1107,large_drift,1.0,16369.458984375,12201.1064453125,91,201,2492,362,201,0,15,56,20,0,0
1108,large_drift,1.0,17136.427734375,9910.8115234375,85,200,2869,358,200,0,27,38,20,0,0
1109,large_drift,1.0,17998.810546875,9746.2548828125,130,200,1754,223,200,0,58,52,20,0,0
1110,large_drift,1.0,16978.54296875,6825.5009765625,93,200,1807,189,200,0,47,26,20,0,0
1111,large_drift,1.0,14890.13671875,8198.0908203125,69,200,2319,248,200,0,27,22,20,0,0
1112,large_drift,1.0,16795.56640625,8344.125,87,200,2305,224,200,0,58,9,20,0,0
1113,large_drift,1.0,16721.681640625,13391.2119140625,75,204,2708,382,204,0,42,13,20,0,0
1114,large_drift,1.0,16587.18359375,8572.111328125,88,200,1740,194,200,0,59,9,20,0,0
1115,large_drift,1.0,16378.353515625,9911.607421875,84,200,2630,293,200,0,29,35,20,0,0
1116,large_drift,1.0,16405.037109375,6964.94189453125,83,200,2607,221,200,0,41,22,20,0,0
1117,large_drift,1.0,16032.630859375,8491.755859375,102,200,1937,204,200,0,34,48,20,0,0
1118,large_drift,1.0,14952.73828125,10103.5712890625,60,201,1903,255,201,0,31,9,20,0,0
1119,large_drift,1.0,17019.38671875,4520.34912109375,69,200,1804,187,200,0,26,23,20,0,0
1120,large_drift,1.0,16108.2724609375,10226.8994140625,71,200,3208,318,200,0,25,26,20,0,0
1121,large_drift,1.0,16350.021484375,12880.6396484375,53,202,1373,182,202,0,16,17,20,0,0
1122,large_drift,1.0,16670.71484375,10713.4169921875,72,201,2525,254,201,0,11,41,20,0,0
1123,large_drift,1.0,17611.9375,10862.5947265625,104,200,1971,195,200,0,47,37,20,0,0
1124,large_drift,1.0,14999.728515625,6763.9375,93,200,2357,243,200,0,37,36,20,0,0
1125,large_drift,1.0,16407.59765625,7266.8310546875,84,200,2232,227,200,0,26,38,20,0,0
1126,large_drift,1.0,15490.033203125,8906.0302734375,58,200,2301,244,200,0,28,10,20,0,0
1127,large_drift,1.0,17224.724609375,9473.0390625,73,200,1600,121,200,0,27,26,20,0,0
1128,large_drift,1.0,16162.978515625,14946.7236328125,52,202,2568,322,202,0,12,20,20,0,0
1129,large_drift,1.0,16157.8037109375,10726.5615234375,77,200,2939,368,200,0,16,41,20,0,0
1130,large_drift,1.0,17216.361328125,9671.2236328125,62,200,2655,347,200,0,29,13,20,0,0
1131,large_drift,1.0,14064.2490234375,11167.095703125,59,200,2390,245,200,0,24,25,10,0,0
1132,large_drift,1.0,16077.8154296875,2743.62744140625,87,200,1220,136,200,0,41,26,20,0,0
1133,large_drift,1.0,16588.22265625,11323.1865234375,73,200,1759,179,200,0,27,26,20,0,0
1134,large_drift,1.0,16261.916015625,8591.259765625,113,200,2303,244,200,0,45,48,20,0,0
1135,large_drift,1.0,17887.55078125,4130.189453125,87,200,1076,139,200,0,49,18,20,0,0
1136,large_drift,1.0,15886.255859375,4572.19091796875,120,200,1392,147,200,0,28,72,20,0,0
1137,large_drift,1.0,17050.59765625,7220.3583984375,77,200,2055,159,200,0,48,9,20,0,0
1138,large_drift,1.0,15585.65234375,5610.0048828125,92,200,1854,183,200,0,26,46,20,0,0
1139,large_drift,1.0,17487.517578125,10206.435546875,87,200,1585,203,200,0,41,26,20,0,0
1140,large_drift,1.0,15972.67578125,8972.5595703125,95,200,1260,171,200,0,23,52,20,0,0
1141,large_drift,1.0,15926.3251953125,11171.3583984375,69,201,2595,316,201,0,16,33,20,0,0
1142,large_drift,1.0,18274.125,8072.06787109375,118,200,1072,145,200,0,66,32,20,0,0
1143,large_drift,1.0,16441.302734375,6325.373046875,81,200,2333,208,200,0,32,29,20,0,0
1144,large_drift,1.0,14056.47265625,11076.2099609375,64,200,2700,346,200,0,22,22,20,0,0
1145,large_drift,1.0,16302.158203125,7394.2666015625,111,200,2246,236,200,0,58,33,20,0,0
1146,large_drift,1.0,16988.4453125,14247.0029296875,59,201,1837,241,201,0,14,25,20,0,0
1147,large_drift,1.0,16589.36328125,6185.13818359375,103,200,1706,185,200,0,35,48,20,0,0
1148,large_drift,1.0,15949.4267578125,10736.44921875,74,200,2391,220,200,0,30,24,20,0,0
1149,large_drift,1.0,15471.244140625,9703.6337890625,55,200,2494,289,200,0,13,22,20,0,0
1150,large_drift,1.0,19270.1015625,10159.970703125,75,200,1593,156,200,0,37,18,20,0,0
1151,large_drift,1.0,17463.7109375,8305.0244140625,70,200,2144,194,200,0,40,10,20,0,0
1152,large_drift,1.0,18358.431640625,8529.314453125,88,200,1101,132,200,0,46,22,20,0,0
1153,large_drift,1.0,14063.9306640625,5670.32470703125,85,200,1788,192,200,0,26,39,20,0,0
1154,large_drift,1.0,15475.484375,7045.04541015625,166,200,1636,230,200,0,96,50,20,0,0
1155,large_drift,1.0,16394.66796875,8201.1875,62,200,2187,216,200,0,32,10,20,0,0
1156,large_drift,1.0,17396.03125,7813.0146484375,78,201,1815,187,201,0,15,43,20,0,0
1157,large_drift,1.0,17322.619140625,7203.0498046875,146,200,1448,169,200,0,74,52,20,0,0
1158,large_drift,1.0,14549.5419921875,13724.5244140625,52,203,1742,257,203,0,26,16,10,0,0
1159,large_drift,1.0,17098.759765625,6314.44189453125,113,200,1628,161,200,0,31,62,20,0,0
1160,large_drift,1.0,16865.16015625,7644.771484375,88,200,1221,164,200,0,39,29,20,0,0
1161,large_drift,1.0,17493.76953125,13692.2333984375,84,201,3059,397,201,0,9,55,20,0,0
1162,large_drift,1.0,16597.60546875,9931.0322265625,87,200,2735,314,200,0,32,35,20,0,0
1163,large_drift,1.0,15396.1884765625,10662.2138671875,63,201,1839,207,201,0,12,31,20,0,0
1164,large_drift,1.0,16253.5087890625,8229.0419921875,100,200,2072,274,200,0,46,34,20,0,0
1165,large_drift,1.0,17129.140625,9462.603515625,67,200,2844,332,200,0,30,17,20,0,0
1166,large_drift,1.0,14999.005859375,9668.4091796875,59,200,2247,233,200,0,25,14,20,0,0
1167,large_drift,1.0,17145.333984375,4177.548828125,108,201,1272,151,201,0,21,67,20,0,0
1168,large_drift,1.0,15965.666015625,8883.80078125,132,200,2810,320,200,0,78,34,20,0,0
1169,large_drift,1.0,14482.724609375,11898.0546875,48,201,2330,258,201,0,13,15,20,0,0
1170,large_drift,1.0,15406.205078125,6909.79833984375,108,200,1902,178,200,0,28,60,20,0,0
1171,large_drift,1.0,16334.505859375,8686.6923828125,80,201,1596,152,201,0,12,48,20,0,0
1172,large_drift,1.0,16951.6015625,8226.03515625,115,200,2239,250,200,0,58,37,20,0,0
1173,large_drift,1.0,18101.677734375,8410.935546875,64,200,2369,214,200,0,30,14,20,0,0
1174,large_drift,1.0,16936.77734375,9573.4931640625,77,200,1655,178,200,0,29,28,20,0,0
1175,large_drift,1.0,18333.486328125,7918.63671875,86,200,1270,170,200,0,54,12,20,0,0
1176,large_drift,1.0,15653.1142578125,5428.1630859375,82,200,1844,174,200,0,28,34,20,0,0
1177,large_drift,1.0,17948.318359375,10946.2607421875,79,200,2746,327,200,0,32,27,20,0,0
1178,large_drift,1.0,17316.123046875,11550.927734375,52,201,2532,240,201,0,13,19,20,0,0
1179,large_drift,1.0,15842.2685546875,10373.279296875,91,200,2976,298,200,0,45,26,20,0,0
1180,large_drift,1.0,15989.1328125,7763.8876953125,102,200,2385,271,200,0,30,52,20,0,0
1181,large_drift,1.0,15268.1513671875,7316.1396484375,98,200,1375,164,200,0,33,45,20,0,0
1182,large_drift,1.0,18534.322265625,13840.1162109375,58,201,2736,279,201,0,15,23,20,0,0
1183,large_drift,1.0,12624.376953125,10985.93359375,94,200,2478,266,200,0,58,26,10,0,0
1184,large_drift,1.0,15677.48828125,8060.50927734375,62,200,2211,269,200,0,21,21,20,0,0
1185,large_drift,1.0,16863.328125,11403.0927734375,62,201,2621,349,201,0,16,26,20,0,0
1186,large_drift,1.0,16226.54296875,9358.185546875,46,200,2563,289,200,0,16,10,20,0,0
1187,large_drift,1.0,17260.564453125,12228.708984375,70,201,1271,165,201,0,27,23,20,0,0
1188,large_drift,1.0,16814.97265625,11829.349609375,55,200,1724,208,200,0,16,19,20,0,0
1189,large_drift,1.0,15910.0986328125,11669.775390625,62,206,1557,330,206,0,16,26,20,0,0
1190,large_drift,1.0,16059.2548828125,8787.28515625,97,200,1182,164,200,0,55,22,20,0,0
1191,large_drift,1.0,17325.1484375,9849.5107421875,116,200,2453,257,200,0,60,36,20,0,0
1192,large_drift,1.0,17520.369140625,13222.3349609375,92,200,1707,215,200,0,46,26,20,0,0
1193,large_drift,1.0,16622.619140625,8675.07421875,85,200,2451,229,200,0,44,21,20,0,0
1194,large_drift,1.0,15079.9169921875,3548.333740234375,91,200,1157,106,200,0,48,23,20,0,0
1195,large_drift,1.0,16034.111328125,9834.5166015625,66,201,1832,206,201,0,26,20,20,0,0
1196,large_drift,1.0,16932.74609375,8048.89453125,76,200,1446,167,200,0,36,20,20,0,0
1197,large_drift,1.0,17119.421875,9501.255859375,81,200,2054,255,200,0,39,22,20,0,0
1198,large_drift,1.0,15119.0029296875,6121.4453125,91,200,1703,177,200,0,42,29,20,0,0
1199,large_drift,1.0,16762.951171875,7965.076171875,63,200,2042,211,200,0,29,14,20,0,0
1200,large_drift,1.0,16346.2998046875,13608.0908203125,49,203,2036,282,203,0,15,14,20,0,0
1201,large_drift,1.0,17295.291015625,7709.1484375,130,200,1444,186,200,0,53,57,20,0,0
1202,large_drift,1.0,14746.5478515625,9084.5283203125,89,200,2328,250,200,0,27,42,20,0,0
1203,large_drift,1.0,15920.662109375,12736.46875,56,200,2855,300,200,0,25,11,20,0,0
1204,large_drift,1.0,17340.052734375,10697.7900390625,55,201,1323,149,201,0,16,19,20,0,0
1205,large_drift,1.0,17779.6328125,5954.10888671875,63,200,1025,152,200,0,25,18,20,0,0
1206,large_drift,1.0,15998.5546875,11939.4873046875,117,200,2818,249,200,0,85,12,20,0,0
1207,large_drift,1.0,17574.234375,7064.37646484375,100,200,1162,154,200,0,58,22,20,0,0
1208,large_drift,1.0,16909.208984375,10592.908203125,72,200,2812,246,200,0,26,26,20,0,0
1209,large_drift,1.0,15785.064453125,8369.314453125,60,200,1939,232,200,0,29,11,20,0,0
1210,large_drift,1.0,15876.2275390625,6801.68115234375,89,200,2304,237,200,0,44,25,20,0,0
1211,large_drift,1.0,16558.859375,8982.5732421875,72,200,1729,229,200,0,32,20,20,0,0
1212,large_drift,1.0,15999.7158203125,11746.74609375,104,200,2074,197,200,0,72,12,20,0,0
1213,large_drift,1.0,16311.8466796875,10517.17578125,75,200,3203,394,200,0,30,25,20,0,0
1214,large_drift,1.0,16460.08984375,10490.9482421875,92,200,2770,323,200,0,52,20,20,0,0
1215,large_drift,1.0,15451.15234375,11820.6025390625,93,201,2698,357,201,0,46,27,20,0,0
1216,large_drift,1.0,17377.26171875,6010.408203125,81,200,1909,168,200,0,26,35,20,0,0
1217,large_drift,1.0,16774.89453125,6765.994140625,107,200,1491,181,200,0,69,18,20,0,0
1218,large_drift,1.0,16265.7431640625,9605.8896484375,97,200,2471,255,200,0,27,50,20,0,0
1219,large_drift,1.0,15854.1474609375,10923.5341796875,94,202,3200,333,202,0,16,58,20,0,0
1220,large_drift,1.0,17229.267578125,12289.615234375,101,200,2450,217,200,0,47,34,20,0,0
1221,large_drift,1.0,13855.5703125,6085.54833984375,83,200,1822,220,200,0,40,23,20,0,0
1222,large_drift,1.0,17684.951171875,8287.6826171875,92,200,1875,158,200,0,59,13,20,0,0
1223,large_drift,1.0,15476.9609375,3902.783203125,60,200,1467,145,200,0,19,21,20,0,0
1224,large_drift,1.0,16495.9921875,7230.45263671875,60,200,2281,271,200,0,30,10,20,0,0
1225,large_drift,1.0,14917.921875,3647.864013671875,97,200,1401,159,200,0,45,32,20,0,0
1226,large_drift,1.0,16477.095703125,14099.2724609375,45,202,1947,216,202,0,16,9,20,0,0
1227,large_drift,1.0,16467.81640625,8594.3017578125,61,201,2679,300,201,0,30,11,20,0,0
1228,large_drift,1.0,15329.0712890625,7889.6708984375,85,200,1696,199,200,0,27,38,20,0,0
1229,large_drift,1.0,16900.130859375,12393.7529296875,49,201,1938,247,201,0,15,14,20,0,0
1230,large_drift,1.0,16537.720703125,9352.48046875,97,200,2663,319,200,0,56,21,20,0,0
1231,large_drift,1.0,12246.4921875,12246.4921875,36,201,2929,287,201,0,10,16,10,0,0
1232,large_drift,1.0,16470.580078125,8713.3955078125,68,200,2511,324,200,0,27,21,20,0,0
1233,large_drift,1.0,16438.24609375,13029.404296875,76,200,2185,241,200,0,41,15,20,0,0
1234,large_drift,1.0,14541.814453125,5909.61962890625,113,200,2587,209,200,0,44,49,20,0,0
1235,large_drift,1.0,14902.4765625,7875.86474609375,97,200,1622,203,200,0,44,43,10,0,0
1236,large_drift,1.0,15429.8525390625,5258.9638671875,118,200,1352,111,200,0,78,20,20,0,0
1237,large_drift,1.0,17029.494140625,6288.74853515625,85,200,1428,139,200,0,44,21,20,0,0
1238,large_drift,1.0,17921.83984375,12644.181640625,86,200,2005,272,200,0,44,22,20,0,0
1239,large_drift,1.0,16092.69140625,9169.78125,82,200,2632,247,200,0,40,22,20,0,0
1240,large_drift,1.0,13534.953125,9448.32421875,80,202,2063,247,202,0,27,33,20,0,0
1241,large_drift,1.0,15565.69140625,7540.2880859375,78,200,2488,274,200,0,48,10,20,0,0
1242,large_drift,1.0,17779.2421875,2735.520263671875,69,200,1581,165,200,0,26,23,20,0,0
1243,large_drift,1.0,15955.716796875,10941.5439453125,77,200,1915,217,200,0,27,30,20,0,0
1244,large_drift,1.0,18351.689453125,11749.4638671875,65,201,2347,263,201,0,31,14,20,0,0
1245,large_drift,0.9,15730.9658203125,12754.212890625,60,206,2750,426,206,0,28,12,20,0,0
1246,large_drift,1.0,16715.064453125,8412.205078125,147,200,1891,181,200,0,78,49,20,0,0
1247,large_drift,1.0,16237.4072265625,10548.0,51,200,2572,258,200,0,10,21,20,0,0
1248,large_drift,1.0,17685.9453125,6853.353515625,109,200,2268,208,200,0,69,20,20,0,0
1249,large_drift,1.0,17455.87109375,5730.0234375,83,200,1063,140,200,0,35,28,20,0,0
1250,large_drift,1.0,13800.9892578125,10720.7568359375,106,201,2858,308,201,0,63,23,20,0,0
1251,large_drift,1.0,15296.94921875,7786.73779296875,103,200,1542,193,200,0,42,41,20,0,0
1252,large_drift,1.0,16334.9609375,7970.9658203125,59,200,2621,250,200,0,30,9,20,0,0
1253,large_drift,1.0,14992.228515625,6867.2666015625,94,200,1651,180,200,0,33,41,20,0,0
1254,large_drift,1.0,16638.03515625,6703.1025390625,120,200,1407,177,200,0,44,56,20,0,0
1255,large_drift,1.0,17550.1328125,4478.6845703125,92,200,1556,144,200,0,52,20,20,0,0
1256,large_drift,1.0,15398.990234375,9660.9794921875,118,200,1539,180,200,0,84,14,20,0,0
1257,large_drift,1.0,16872.689453125,10581.77734375,81,201,1735,192,201,0,47,14,20,0,0
1258,large_drift,1.0,16473.96484375,8500.3095703125,69,200,2137,247,200,0,38,11,20,0,0
1259,large_drift,1.0,16076.2578125,12024.998046875,46,200,2679,336,200,0,15,11,20,0,0
1260,large_drift,1.0,17083.833984375,11347.69921875,71,201,2702,327,201,0,11,40,20,0,0
1261,large_drift,1.0,16861.41796875,6414.4013671875,95,200,1477,125,200,0,30,45,20,0,0
1262,large_drift,1.0,15702.75390625,12263.6689453125,59,200,3229,359,200,0,16,23,20,0,0
1263,large_drift,1.0,15177.1455078125,11609.6923828125,64,200,2533,312,200,0,10,34,20,0,0
1264,large_drift,1.0,18099.666015625,4535.95654296875,74,200,1020,111,200,0,36,18,20,0,0
1265,large_drift,1.0,17813.552734375,10815.017578125,59,200,2754,299,200,0,13,26,20,0,0
1266,large_drift,1.0,17417.400390625,11700.6103515625,71,201,2798,256,201,0,30,21,20,0,0
1267,large_drift,1.0,15937.9345703125,8440.375,111,200,2236,236,200,0,82,9,20,0,0
1268,large_drift,1.0,15896.34375,8055.49560546875,71,200,2007,220,200,0,29,22,20,0,0
1269,large_drift,1.0,17317.3671875,7958.49169921875,109,200,1219,230,200,0,54,35,20,0,0
1270,large_drift,1.0,15243.447265625,5428.37255859375,100,200,1235,140,200,0,36,44,20,0,0
1271,large_drift,1.0,15612.8935546875,8214.4248046875,105,200,2509,295,200,0,59,26,20,0,0
1272,large_drift,1.0,16141.7265625,7018.48876953125,75,200,1936,188,200,0,30,25,20,0,0
1273,large_drift,1.0,16398.380859375,8693.22265625,83,200,2202,236,200,0,41,22,20,0,0
1274,large_drift,1.0,17176.212890625,7724.330078125,106,200,2319,204,200,0,57,29,20,0,0
1275,large_drift,1.0,17525.466796875,7221.591796875,68,200,2175,237,200,0,25,23,20,0,0
1276,large_drift,1.0,15351.6904296875,7997.2919921875,138,200,2141,253,200,0,55,73,10,0,0
1277,large_drift,1.0,17478.57421875,4113.12451171875,69,200,1426,120,200,0,26,23,20,0,0
1278,large_drift,1.0,16896.8828125,4097.865234375,80,200,1413,133,200,0,15,45,20,0,0
1279,large_drift,1.0,17141.5390625,8923.966796875,111,200,2091,329,200,0,58,33,20,0,0
1280,large_drift,1.0,16765.84765625,4226.4296875,126,200,1298,151,200,0,44,62,20,0,0
1281,large_drift,1.0,15469.267578125,9358.5791015625,69,200,2033,228,200,0,31,18,20,0,0
1282,large_drift,1.0,16583.478515625,11583.1171875,74,200,3369,377,200,0,45,9,20,0,0
1283,large_drift,1.0,16797.505859375,5160.72314453125,86,200,1032,143,200,0,55,11,20,0,0
1284,large_drift,1.0,18280.609375,15507.5576171875,60,217,1320,390,217,0,14,26,20,0,0
1285,large_drift,1.0,17450.67578125,4715.51123046875,82,200,1312,120,200,0,25,37,20,0,0
1286,large_drift,1.0,18079.529296875,7792.8017578125,71,200,1741,221,200,0,28,23,20,0,0
1287,large_drift,1.0,16664.91015625,4517.39306640625,106,200,1687,153,200,0,39,47,20,0,0
1288,large_drift,1.0,15994.1494140625,10049.9619140625,84,201,2552,278,201,0,42,22,20,0,0
1289,large_drift,1.0,17618.087890625,8498.09375,136,200,2610,270,200,0,75,41,20,0,0
1290,large_drift,1.0,16107.1298828125,8784.4140625,96,200,2013,228,200,0,28,48,20,0,0
1291,large_drift,1.0,16615.216796875,7597.734375,93,200,1176,139,200,0,41,32,20,0,0
1292,large_drift,1.0,17257.732421875,7821.27587890625,92,200,1514,166,200,0,30,42,20,0,0
1293,large_drift,1.0,17495.791015625,11402.8662109375,58,200,2532,271,200,0,15,23,20,0,0
1294,large_drift,1.0,14895.3505859375,12008.4873046875,78,201,2827,328,201,0,13,45,20,0,0
1295,large_drift,1.0,16838.265625,13567.8076171875,73,201,2614,321,201,0,29,24,20,0,0
1296,large_drift,1.0,15968.5703125,11226.798828125,89,200,2220,232,200,0,46,23,20,0,0
1297,large_drift,1.0,16017.1787109375,7233.8759765625,74,200,2198,215,200,0,16,38,20,0,0
1298,large_drift,1.0,15312.083984375,7966.22705078125,84,200,1576,182,200,0,18,46,20,0,0
1299,large_drift,1.0,16842.373046875,11960.1650390625,59,201,2040,222,201,0,14,25,20,0,0
1300,large_drift,1.0,14498.92578125,8031.8212890625,81,200,2395,259,200,0,27,34,20,0,0
1301,large_drift,1.0,16344.1083984375,8902.375,82,200,1619,169,200,0,13,49,20,0,0
1302,large_drift,1.0,15838.0361328125,5088.75,104,200,1101,150,200,0,55,29,20,0,0
1303,large_drift,1.0,15674.5537109375,14127.9189453125,87,204,1868,312,204,0,29,38,20,0,0
1304,large_drift,1.0,16140.8076171875,6636.98388671875,130,200,1811,122,200,0,61,49,20,0,0
1305,large_drift,1.0,16352.078125,10965.5390625,75,200,2716,309,200,0,29,26,20,0,0
1306,large_drift,1.0,15609.8408203125,7873.2314453125,61,200,1817,205,200,0,15,26,20,0,0
1307,large_drift,1.0,16554.421875,10787.53125,90,202,3108,454,202,0,42,28,20,0,0
1308,large_drift,1.0,16791.408203125,3366.607421875,97,200,766,75,200,0,38,39,20,0,0
1309,large_drift,1.0,16564.4453125,5256.7412109375,112,200,1613,184,200,0,70,22,20,0,0
1310,large_drift,1.0,19416.3125,13256.896484375,74,201,1920,238,201,0,16,38,20,0,0
1311,large_drift,1.0,16038.4833984375,6007.1640625,144,200,1937,215,200,0,56,68,20,0,0
1312,large_drift,1.0,14867.990234375,7565.9345703125,85,200,2672,239,200,0,44,21,20,0,0
1313,large_drift,1.0,17240.068359375,7162.32421875,62,200,2156,229,200,0,21,21,20,0,0
1314,large_drift,1.0,13802.232421875,7993.61328125,81,200,2194,214,200,0,47,14,20,0,0
1315,large_drift,1.0,17048.712890625,13899.025390625,49,203,1038,183,203,0,15,14,20,0,0
1316,large_drift,1.0,14206.294921875,12517.8837890625,56,201,1830,208,201,0,27,9,20,0,0
1317,large_drift,1.0,16107.5361328125,7760.26953125,127,200,2115,202,200,0,50,57,20,0,0
1318,large_drift,1.0,16426.91015625,6708.57861328125,107,203,1826,202,203,0,28,59,20,0,0
1319,large_drift,1.0,15689.58203125,6699.0859375,62,200,1665,166,200,0,24,18,20,0,0
1320,large_drift,1.0,17567.978515625,6659.82421875,86,200,1879,222,200,0,55,11,20,0,0
1321,large_drift,1.0,14804.5458984375,7676.5283203125,105,200,1686,178,200,0,40,45,20,0,0
1322,large_drift,1.0,17726.884765625,12892.3125,127,200,3097,331,200,0,85,22,20,0,0
1323,large_drift,1.0,15492.505859375,8504.0419921875,93,200,2112,206,200,0,36,37,20,0,0
1324,large_drift,1.0,13956.2109375,8025.541015625,70,200,2642,282,200,0,29,21,20,0,0
1325,large_drift,1.0,15322.6396484375,8182.5791015625,80,200,1787,194,200,0,29,31,20,0,0
1326,large_drift,1.0,15888.2353515625,8450.482421875,145,201,1743,211,201,0,83,42,20,0,0
1327,large_drift,1.0,16697.728515625,9453.546875,59,200,2209,234,200,0,30,9,20,0,0
1328,large_drift,1.0,15519.9892578125,8175.03466796875,78,200,2204,261,200,0,14,44,20,0,0
1329,large_drift,1.0,16432.80078125,8507.7412109375,69,200,1803,186,200,0,26,23,20,0,0
1330,large_drift,1.0,15068.189453125,5804.90771484375,85,200,1854,174,200,0,43,22,20,0,0
1331,large_drift,1.0,15070.4892578125,11561.025390625,76,201,2346,256,201,0,29,27,20,0,0
1332,large_drift,1.0,16248.8564453125,6356.123046875,77,200,2029,190,200,0,25,32,20,0,0
1333,large_drift,1.0,15028.95703125,6902.904296875,116,200,1863,175,200,0,79,17,20,0,0
1334,large_drift,1.0,16328.369140625,5375.7578125,104,200,2065,195,200,0,74,10,20,0,0
1335,large_drift,1.0,17536.185546875,7576.71337890625,83,200,2274,193,200,0,40,23,20,0,0
1336,large_drift,1.0,14631.7734375,10186.349609375,113,200,2277,242,200,0,79,14,20,0,0
1337,large_drift,1.0,18080.544921875,7021.31787109375,101,200,1070,151,200,0,67,14,20,0,0
1338,large_drift,1.0,14063.896484375,7714.96240234375,127,200,1722,209,200,0,74,43,10,0,0
1339,large_drift,1.0,16260.7744140625,8984.642578125,102,201,2348,216,201,0,60,22,20,0,0
1340,large_drift,1.0,17425.091796875,8380.677734375,74,200,2359,273,200,0,30,24,20,0,0
1341,large_drift,1.0,15727.03125,9497.2421875,117,200,2657,306,200,0,73,24,20,0,0
1342,large_drift,1.0,16227.650390625,12496.6708984375,49,201,2188,236,201,0,15,14,20,0,0
1343,large_drift,1.0,15100.21875,10271.53125,71,201,2246,289,201,0,15,36,20,0,0
1344,large_drift,1.0,15704.845703125,12429.34765625,59,201,3149,363,201,0,13,26,20,0,0
1345,large_drift,1.0,14549.298828125,8665.1337890625,136,200,2435,230,200,0,47,69,20,0,0
1346,large_drift,1.0,15354.3662109375,6197.455078125,62,200,1249,142,200,0,22,20,20,0,0
1347,large_drift,1.0,15939.9248046875,11550.5771484375,63,201,2831,301,201,0,15,28,20,0,0
1348,large_drift,1.0,17411.509765625,6588.53955078125,77,200,2050,233,200,0,23,34,20,0,0
1349,large_drift,1.0,17897.361328125,11378.587890625,88,201,1960,200,201,0,43,25,20,0,0
1350,large_drift,1.0,14378.5947265625,6656.04736328125,88,200,1268,155,200,0,42,26,20,0,0
1351,large_drift,1.0,16279.4912109375,7339.6005859375,107,200,1718,193,200,0,73,14,20,0,0
1352,large_drift,1.0,15016.0322265625,9785.1796875,134,200,3193,425,200,0,72,42,20,0,0
1353,large_drift,1.0,15195.861328125,10843.3544921875,80,201,2719,298,201,0,46,14,20,0,0
1354,large_drift,1.0,17789.24609375,6606.97900390625,101,200,2139,204,200,0,46,35,20,0,0
1355,large_drift,1.0,15088.1689453125,8753.1484375,92,200,2632,284,200,0,31,41,20,0,0
1356,large_drift,1.0,15458.1552734375,11902.25390625,67,203,2078,322,203,0,23,24,20,0,0
1357,large_drift,1.0,17278.689453125,5281.68115234375,109,200,1474,118,200,0,67,22,20,0,0
1358,large_drift,1.0,13611.486328125,8021.08447265625,70,200,1994,207,200,0,26,24,20,0,0
1359,large_drift,1.0,16092.4765625,6883.4716796875,80,200,2121,233,200,0,27,33,20,0,0
1360,large_drift,1.0,16068.72265625,8199.36328125,76,201,2528,287,201,0,14,42,20,0,0
1361,large_drift,1.0,13334.0751953125,5503.02880859375,118,200,1592,174,200,0,52,56,10,0,0
1362,large_drift,1.0,15989.8388671875,7112.2900390625,78,200,1385,168,200,0,38,20,20,0,0
1363,large_drift,1.0,15698.2080078125,9016.7470703125,116,200,1896,234,200,0,29,67,20,0,0
1364,large_drift,1.0,15594.0537109375,5145.34130859375,79,200,1602,154,200,0,26,33,20,0,0
1365,large_drift,1.0,15931.6005859375,13293.380859375,46,201,2442,223,201,0,13,13,20,0,0
1366,large_drift,1.0,16562.970703125,5962.5908203125,119,200,1371,161,200,0,76,23,20,0,0
1367,large_drift,1.0,14639.3857421875,5074.369140625,66,200,1934,149,200,0,24,22,20,0,0
1368,large_drift,1.0,14957.6640625,7124.9228515625,80,200,2258,216,200,0,29,31,20,0,0
1369,large_drift,1.0,16950.232421875,9936.962890625,75,201,1683,164,201,0,15,40,20,0,0
1370,large_drift,1.0,16135.80078125,12647.349609375,45,202,2732,325,202,0,16,9,20,0,0
1371,large_drift,1.0,17095.1484375,8581.9892578125,63,201,1549,187,201,0,29,14,20,0,0
1372,large_drift,1.0,17119.119140625,12120.2158203125,74,200,2657,293,200,0,31,23,20,0,0
1373,large_drift,1.0,18558.380859375,6979.9072265625,60,200,2015,144,200,0,29,11,20,0,0
1374,large_drift,1.0,16414.771484375,10982.853515625,59,200,1604,208,200,0,14,25,20,0,0
1375,large_drift,1.0,17558.791015625,8260.0556640625,99,200,2078,232,200,0,28,51,20,0,0
1376,large_drift,1.0,18836.228515625,9852.4609375,82,200,1144,149,200,0,27,35,20,0,0
1377,large_drift,1.0,17144.341796875,7558.20556640625,81,200,1881,159,200,0,39,22,20,0,0
1378,large_drift,1.0,17719.9296875,11907.3193359375,61,200,1938,237,200,0,29,12,20,0,0
1379,large_drift,1.0,16922.921875,12235.1474609375,75,201,1762,250,201,0,28,27,20,0,0
1380,large_drift,1.0,18617.10546875,3032.05224609375,81,200,949,114,200,0,41,20,20,0,0
1381,large_drift,1.0,14955.5615234375,8312.4873046875,94,200,1673,166,200,0,47,37,10,0,0
1382,large_drift,1.0,17975.783203125,9293.52734375,88,200,1080,166,200,0,56,12,20,0,0
1383,large_drift,1.0,15680.6123046875,4467.7255859375,76,200,1478,142,200,0,36,30,10,0,0
1384,large_drift,1.0,16412.087890625,8011.97119140625,78,200,2131,226,200,0,45,13,20,0,0
1385,large_drift,1.0,17866.291015625,9016.4921875,57,200,2148,244,200,0,16,21,20,0,0
1386,large_drift,1.0,17335.791015625,8083.77978515625,81,200,1656,205,200,0,11,50,20,0,0
1387,large_drift,1.0,15706.4970703125,11921.7646484375,97,200,2304,353,200,0,42,35,20,0,0
1388,large_drift,1.0,15308.8984375,4786.9169921875,106,200,1285,159,200,0,63,23,20,0,0
1389,large_drift,1.0,15189.6875,5820.654296875,46,201,1925,204,201,0,15,11,20,0,0
1390,large_drift,1.0,16750.53515625,8740.1865234375,128,200,2367,247,200,0,88,20,20,0,0
1391,large_drift,1.0,15881.6142578125,8418.689453125,70,200,2658,322,200,0,15,35,20,0,0
1392,large_drift,1.0,17622.509765625,6387.443359375,98,200,1835,179,200,0,24,54,20,0,0
1393,large_drift,1.0,15343.59375,6026.1103515625,96,200,1295,155,200,0,23,63,10,0,0
1394,large_drift,1.0,19079.015625,10210.7724609375,85,200,2752,298,200,0,52,13,20,0,0
1395,large_drift,1.0,15789.7939453125,7898.01513671875,78,200,2546,308,200,0,37,21,20,0,0
1396,large_drift,0.9,17475.208984375,11978.07421875,98,200,2906,341,200,0,44,34,20,0,0
1397,large_drift,1.0,15005.2216796875,8293.93359375,65,200,2350,238,200,0,25,20,20,0,0
1398,large_drift,1.0,17180.23828125,7569.6787109375,78,200,1952,231,200,0,24,34,20,0,0
1399,large_drift,1.0,16255.2431640625,11352.3984375,78,201,1879,216,201,0,15,43,20,0,0
1400,large_drift,1.0,16286.38671875,9453.2216796875,100,200,1945,210,200,0,43,37,20,0,0
1401,large_drift,1.0,14196.060546875,7950.087890625,66,200,2047,190,200,0,28,28,10,0,0
1402,large_drift,1.0,15113.1982421875,6868.650390625,129,200,1242,151,200,0,92,17,20,0,0
1403,large_drift,1.0,16248.6259765625,6842.61181640625,66,200,1813,220,200,0,35,11,20,0,0
1404,large_drift,1.0,15687.0458984375,5130.65380859375,109,201,1542,143,201,0,38,51,20,0,0
1405,large_drift,1.0,16321.404296875,8533.328125,88,200,2617,258,200,0,46,22,20,0,0
1406,large_drift,1.0,16977.650390625,11932.634765625,73,204,2660,308,204,0,12,41,20,0,0
1407,large_drift,1.0,16739.298828125,11452.9736328125,69,200,2731,293,200,0,32,17,20,0,0
1408,large_drift,1.0,16578.119140625,5881.88525390625,111,200,2098,183,200,0,69,22,20,0,0
1409,large_drift,1.0,15991.7294921875,9579.130859375,82,202,1965,233,202,0,13,49,20,0,0
1410,large_drift,1.0,16955.580078125,9955.7685546875,88,200,2760,306,200,0,27,41,20,0,0
1411,large_drift,1.0,15868.9619140625,7026.310546875,75,200,2185,227,200,0,30,25,20,0,0
1412,large_drift,1.0,16027.0009765625,12610.9462890625,82,200,2913,343,200,0,25,37,20,0,0
1413,large_drift,1.0,16617.47265625,11601.947265625,66,204,3312,374,204,0,16,30,20,0,0
1414,large_drift,1.0,17076.919921875,9700.0537109375,96,200,2042,189,200,0,26,50,20,0,0
1415,large_drift,1.0,18220.61328125,10402.4814453125,65,200,2536,294,200,0,31,14,20,0,0
1416,large_drift,1.0,16002.150390625,10958.33984375,89,200,2166,248,200,0,59,10,20,0,0
1417,large_drift,1.0,17068.744140625,5199.83154296875,99,200,1811,182,200,0,25,54,20,0,0
1418,large_drift,1.0,16743.568359375,7068.1708984375,104,200,2019,235,200,0,71,13,20,0,0
1419,large_drift,1.0,18360.873046875,12849.0126953125,49,201,2626,279,201,0,15,14,20,0,0
1420,large_drift,1.0,18146.62890625,9020.6552734375,106,201,1795,202,201,0,29,57,20,0,0
1421,large_drift,1.0,17639.13671875,4563.7333984375,104,200,1129,167,200,0,62,22,20,0,0
1422,large_drift,1.0,15151.2216796875,8464.486328125,87,200,2053,217,200,0,41,26,20,0,0
1423,large_drift,1.0,16452.470703125,13361.9599609375,73,203,1992,251,203,0,39,14,20,0,0
1424,large_drift,1.0,17892.927734375,14590.61328125,97,202,2258,262,202,0,55,22,20,0,0
1425,large_drift,1.0,14714.0009765625,5629.29833984375,78,200,1753,160,200,0,31,37,10,0,0
1426,large_drift,1.0,14429.40234375,5784.080078125,64,200,1576,170,200,0,14,30,20,0,0
1427,large_drift,1.0,15186.064453125,13154.623046875,62,201,1990,200,201,0,16,26,20,0,0
1428,large_drift,1.0,16408.0546875,14675.2734375,58,211,1903,401,211,0,16,22,20,0,0
1429,large_drift,1.0,17215.033203125,11220.666015625,62,200,2778,333,200,0,16,26,20,0,0
1430,large_drift,1.0,14227.072265625,10469.2880859375,60,201,2456,279,201,0,31,9,20,0,0
1431,large_drift,1.0,16762.97265625,9963.0830078125,64,200,2702,284,200,0,30,14,20,0,0
1432,large_drift,1.0,16116.8984375,9066.9365234375,112,200,1684,191,200,0,54,38,20,0,0
1433,large_drift,1.0,17671.935546875,3453.055419921875,60,200,1479,133,200,0,19,21,20,0,0
1434,large_drift,1.0,16967.07421875,10902.2021484375,85,200,2273,258,200,0,43,22,20,0,0
1435,large_drift,1.0,15781.8974609375,6057.01708984375,85,200,1803,173,200,0,16,49,20,0,0
1436,large_drift,1.0,17121.1875,8976.650390625,74,200,1729,239,200,0,32,22,20,0,0
1437,large_drift,1.0,13574.9716796875,6180.05517578125,83,200,1334,163,200,0,30,43,10,0,0
1438,large_drift,1.0,18151.1953125,9493.18359375,77,200,2519,266,200,0,16,41,20,0,0
1439,large_drift,1.0,17805.92578125,10421.685546875,79,200,2902,306,200,0,45,14,20,0,0
1440,large_drift,1.0,15141.1923828125,8189.41845703125,75,200,2019,213,200,0,29,26,20,0,0
1441,large_drift,1.0,14945.27734375,12450.0302734375,56,201,3261,419,201,0,16,20,20,0,0
1442,large_drift,1.0,15646.111328125,9496.9931640625,69,200,2558,272,200,0,15,34,20,0,0
1443,large_drift,1.0,18041.142578125,4643.75244140625,98,200,919,127,200,0,36,42,20,0,0
1444,large_drift,1.0,15414.873046875,4344.92138671875,97,200,1623,164,200,0,55,22,20,0,0
1445,large_drift,1.0,13038.5888671875,9062.732421875,95,200,2155,293,200,0,31,44,20,0,0
1446,large_drift,1.0,17933.3046875,9447.138671875,112,200,1611,212,200,0,74,18,20,0,0
1447,large_drift,1.0,15527.7822265625,8413.2548828125,60,200,2141,275,200,0,27,13,20,0,0
1448,large_drift,1.0,17126.888671875,5382.4892578125,77,200,1623,151,200,0,28,29,20,0,0
1449,large_drift,1.0,16634.357421875,8537.1787109375,84,200,2496,253,200,0,45,19,20,0,0
1450,large_drift,1.0,16956.66796875,9915.486328125,104,200,2004,198,200,0,42,42,20,0,0
1451,large_drift,1.0,16355.935546875,9669.1728515625,53,201,2177,267,201,0,15,18,20,0,0
1452,large_drift,1.0,15294.0048828125,11679.0498046875,60,202,2923,340,202,0,27,13,20,0,0
1453,large_drift,1.0,17711.638671875,13404.6259765625,46,201,3210,404,201,0,13,13,20,0,0
1454,large_drift,1.0,15612.140625,11199.349609375,78,200,2905,301,200,0,32,26,20,0,0
1455,large_drift,1.0,17144.306640625,10414.39453125,65,200,2342,240,200,0,31,14,20,0,0
1456,large_drift,1.0,16515.208984375,11004.1005859375,61,200,1374,194,200,0,30,11,20,0,0
1457,large_drift,1.0,16001.2314453125,7504.146484375,70,200,2466,240,200,0,14,36,20,0,0
1458,large_drift,1.0,17716.64453125,8671.76171875,114,200,2087,179,200,0,57,37,20,0,0
1459,large_drift,1.0,14176.265625,7545.0517578125,80,200,1986,186,200,0,36,24,20,0,0
1460,large_drift,1.0,14571.3271484375,5101.7705078125,114,200,1377,189,200,0,71,23,20,0,0
1461,large_drift,1.0,14937.38671875,6541.27685546875,87,200,1997,196,200,0,54,13,20,0,0
1462,large_drift,1.0,15406.583984375,5388.71484375,115,200,1112,131,200,0,48,47,20,0,0
1463,large_drift,1.0,16280.3671875,12706.6123046875,63,202,2101,295,202,0,29,14,20,0,0
1464,large_drift,1.0,15838.06640625,11949.5986328125,107,201,2458,313,201,0,15,72,20,0,0
1465,large_drift,1.0,15772.5166015625,13124.4658203125,82,200,2562,330,200,0,14,48,20,0,0
1466,large_drift,1.0,16194.1318359375,8010.9462890625,113,200,2285,202,200,0,57,36,20,0,0
1467,large_drift,1.0,17242.384765625,7874.42724609375,74,200,2024,205,200,0,21,33,20,0,0
1468,large_drift,1.0,15170.9228515625,7926.9619140625,69,200,1712,178,200,0,38,11,20,0,0
1469,large_drift,1.0,16787.14453125,13995.671875,59,202,2150,254,202,0,12,27,20,0,0
1470,large_drift,1.0,17330.140625,7059.4287109375,89,201,2032,203,201,0,23,46,20,0,0
1471,large_drift,1.0,14934.1708984375,7703.0283203125,85,200,2254,276,200,0,31,34,20,0,0
1472,large_drift,1.0,16303.931640625,9295.2939453125,101,200,2038,185,200,0,69,12,20,0,0
1473,large_drift,1.0,16239.609375,8373.267578125,109,200,2224,236,200,0,45,44,20,0,0
1474,large_drift,1.0,18550.0625,13901.87890625,107,200,3095,327,200,0,58,29,20,0,0
1475,large_drift,1.0,15749.126953125,6232.8203125,77,200,1649,169,200,0,11,46,20,0,0
1476,large_drift,1.0,14090.9169921875,6296.39306640625,109,200,2310,203,200,0,75,14,20,0,0
1477,large_drift,1.0,13284.0703125,8396.4208984375,116,200,2776,331,200,0,28,68,20,0,0
1478,large_drift,1.0,15962.046875,7692.42333984375,77,200,1904,198,200,0,29,38,10,0,0
1479,large_drift,1.0,16862.845703125,8859.4462890625,87,200,1824,213,200,0,30,37,20,0,0
1480,large_drift,1.0,16248.0146484375,8032.65673828125,101,200,2605,302,200,0,46,35,20,0,0
1481,large_drift,1.0,16870.96484375,12342.474609375,77,200,1473,172,200,0,37,20,20,0,0
1482,large_drift,1.0,17685.37890625,13305.068359375,74,201,2132,230,201,0,28,26,20,0,0
1483,large_drift,1.0,16375.6796875,5132.068359375,70,200,809,128,200,0,11,39,20,0,0
1484,large_drift,1.0,16505.47265625,11834.759765625,104,200,2360,246,200,0,58,26,20,0,0
1485,large_drift,1.0,16353.255859375,10739.234375,71,200,2884,337,200,0,11,40,20,0,0
1486,large_drift,1.0,16479.4609375,9269.8095703125,90,200,2231,248,200,0,45,25,20,0,0
1487,large_drift,1.0,14927.0439453125,13138.4013671875,62,202,2755,361,202,0,16,26,20,0,0
1488,large_drift,1.0,15584.97265625,4338.4501953125,101,200,1865,155,200,0,59,22,20,0,0
1489,large_drift,1.0,15426.1748046875,11937.7099609375,86,200,2860,345,200,0,48,18,20,0,0
1490,large_drift,1.0,15369.9560546875,8033.57080078125,84,200,2385,250,200,0,44,20,20,0,0
1491,large_drift,1.0,16928.4609375,10580.810546875,119,201,2657,329,201,0,44,55,20,0,0
1492,large_drift,1.0,17492.01171875,8827.662109375,60,200,1771,193,200,0,23,17,20,0,0
1493,large_drift,1.0,16148.078125,10425.79296875,72,200,1822,192,200,0,25,27,20,0,0
1494,large_drift,1.0,16833.23046875,8693.896484375,87,200,2038,190,200,0,57,10,20,0,0
1495,large_drift,1.0,16519.44921875,5469.87939453125,96,200,1435,137,200,0,63,13,20,0,0
1496,large_drift,1.0,18321.40625,11674.607421875,91,200,2737,321,200,0,47,24,20,0,0
1497,large_drift,1.0,16141.8974609375,6599.13720703125,58,200,2332,245,200,0,28,10,20,0,0
1498,large_drift,1.0,13066.82421875,10941.1650390625,52,200,2759,300,200,0,16,26,10,0,0
1499,large_drift,1.0,14184.3642578125,7438.470703125,102,200,2167,252,200,0,44,38,20,0,0
1500,large_drift,1.0,16466.2578125,7840.6689453125,117,200,2277,212,200,0,62,35,20,0,0
1501,large_drift,1.0,12141.4501953125,12141.4501953125,36,200,2295,197,200,0,10,16,10,0,0
1502,large_drift,1.0,16415.6171875,6387.02685546875,76,200,1744,159,200,0,35,21,20,0,0
1503,large_drift,1.0,14445.4833984375,7139.5,90,200,1878,222,200,0,47,23,20,0,0
1504,large_drift,1.0,15338.09765625,8920.392578125,104,200,2707,300,200,0,47,37,20,0,0
1505,large_drift,1.0,16869.333984375,13704.17578125,72,202,2051,256,202,0,16,36,20,0,0
1506,large_drift,1.0,16518.703125,4182.18701171875,105,200,1433,157,200,0,71,14,20,0,0
1507,large_drift,1.0,15959.8583984375,3077.062744140625,102,200,1156,124,200,0,46,36,20,0,0
1508,large_drift,1.0,15769.353515625,5237.1748046875,100,200,2025,199,200,0,30,50,20,0,0
1509,large_drift,1.0,15229.3740234375,9969.130859375,83,200,1934,272,200,0,29,34,20,0,0
1510,large_drift,1.0,15363.1748046875,6972.19970703125,107,200,1819,164,200,0,72,25,10,0,0
1511,large_drift,1.0,16438.94921875,7556.1025390625,60,200,1306,153,200,0,28,12,20,0,0
1512,large_drift,1.0,16571.529296875,11040.0888671875,72,200,2650,215,200,0,15,37,20,0,0
1513,large_drift,1.0,15344.6455078125,7585.85009765625,62,200,2539,285,200,0,32,10,20,0,0
1514,large_drift,1.0,15611.7236328125,9515.1572265625,74,200,3052,355,200,0,16,38,20,0,0
1515,large_drift,1.0,15374.9912109375,10608.314453125,52,202,2955,397,202,0,12,20,20,0,0
1516,large_drift,1.0,15771.1689453125,7807.69921875,90,200,1680,172,200,0,46,24,20,0,0
1517,large_drift,1.0,15761.35546875,9381.431640625,77,200,1751,203,200,0,25,32,20,0,0
1518,large_drift,1.0,16406.650390625,8531.8955078125,81,201,2156,207,201,0,47,14,20,0,0
1519,large_drift,1.0,15734.716796875,5903.32275390625,85,200,1645,151,200,0,34,31,20,0,0
1520,large_drift,1.0,14901.01953125,10010.9169921875,69,200,1999,256,200,0,14,35,20,0,0
1521,large_drift,1.0,13869.431640625,13265.2392578125,45,202,2331,274,202,0,16,9,20,0,0
1522,large_drift,1.0,15673.2822265625,8151.2998046875,80,200,2853,301,200,0,46,14,20,0,0
1523,large_drift,1.0,14960.6943359375,5209.85302734375,51,200,1436,155,200,0,7,24,20,0,0
1524,large_drift,1.0,14412.693359375,9984.755859375,90,200,1629,197,200,0,39,41,10,0,0
1525,large_drift,1.0,17214.501953125,7654.39599609375,85,200,2171,214,200,0,30,35,20,0,0
1526,large_drift,1.0,16794.4921875,11226.5087890625,85,200,2410,269,200,0,28,37,20,0,0
1527,large_drift,1.0,16905.435546875,9618.8916015625,78,200,2663,339,200,0,22,36,20,0,0
1528,large_drift,1.0,16213.7548828125,4748.02880859375,84,200,1190,130,200,0,29,35,20,0,0
1529,large_drift,1.0,17103.884765625,15212.95703125,50,204,1974,255,204,0,10,20,20,0,0
1530,large_drift,1.0,16330.814453125,7036.4248046875,86,200,2169,281,200,0,26,40,20,0,0
1531,large_drift,1.0,17865.92578125,13187.740234375,55,201,1727,217,201,0,16,19,20,0,0
1532,large_drift,1.0,16361.2470703125,5275.98779296875,44,200,1662,155,200,0,14,10,20,0,0
1533,large_drift,1.0,15817.3349609375,11796.6279296875,46,201,2840,312,201,0,16,10,20,0,0
1534,large_drift,1.0,14136.8857421875,5634.3447265625,88,200,2080,191,200,0,39,29,20,0,0
1535,large_drift,1.0,14868.2314453125,8945.517578125,79,200,1934,181,200,0,31,38,10,0,0
1536,large_drift,1.0,16038.6982421875,9150.4033203125,78,200,2965,304,200,0,48,10,20,0,0
1537,large_drift,1.0,18037.708984375,8639.4462890625,116,200,2612,328,200,0,55,41,20,0,0
1538,large_drift,1.0,18036.28125,13202.451171875,61,200,3009,325,200,0,28,13,20,0,0
1539,large_drift,1.0,15210.9794921875,8907.654296875,102,200,2797,315,200,0,46,36,20,0,0
1540,large_drift,1.0,15194.375,7064.41357421875,75,200,2636,283,200,0,30,25,20,0,0
1541,large_drift,1.0,11530.02734375,6344.19921875,78,200,2426,223,200,0,52,16,10,0,0
1542,large_drift,1.0,15471.7646484375,10666.857421875,108,200,2688,299,200,0,42,46,20,0,0
1543,large_drift,1.0,17033.845703125,10711.9365234375,110,200,2577,221,200,0,64,26,20,0,0
1544,large_drift,1.0,16323.1962890625,10732.4912109375,98,200,2458,282,200,0,66,12,20,0,0
1545,large_drift,1.0,16774.0703125,8569.6748046875,72,200,2065,225,200,0,10,42,20,0,0
1546,large_drift,1.0,16855.435546875,5581.357421875,90,200,1241,130,200,0,50,20,20,0,0
1547,large_drift,1.0,16535.234375,7660.943359375,69,200,2339,232,200,0,29,20,20,0,0
1548,large_drift,1.0,13686.9072265625,7055.9619140625,90,200,1850,263,200,0,52,18,20,0,0
1549,large_drift,1.0,16691.791015625,5171.271484375,98,200,1434,152,200,0,38,40,20,0,0
1550,large_drift,1.0,16519.560546875,12236.546875,76,200,2575,285,200,0,28,28,20,0,0
1551,large_drift,1.0,15532.3857421875,11074.7626953125,65,200,2617,262,200,0,31,14,20,0,0
1552,large_drift,1.0,16017.380859375,8386.4375,60,200,1889,230,200,0,29,11,20,0,0
1553,large_drift,1.0,15435.330078125,11092.767578125,63,201,2485,290,201,0,16,27,20,0,0
1554,large_drift,1.0,16043.52734375,9984.1357421875,52,200,2638,315,200,0,12,20,20,0,0
1555,large_drift,1.0,16352.880859375,6367.76611328125,90,200,1442,168,200,0,56,14,20,0,0
1556,large_drift,1.0,15119.287109375,6354.7890625,100,200,1915,142,200,0,42,38,20,0,0
1557,large_drift,1.0,19331.455078125,8634.7861328125,113,200,2000,194,200,0,73,20,20,0,0
1558,large_drift,1.0,15900.1630859375,9257.6494140625,84,200,2250,237,200,0,31,33,20,0,0
1559,large_drift,1.0,16881.80859375,8834.03515625,95,200,1823,191,200,0,41,34,20,0,0
1560,large_drift,1.0,16724.796875,7225.71435546875,118,200,1774,170,200,0,64,34,20,0,0
1561,large_drift,1.0,16787.859375,12893.279296875,45,203,1298,226,203,0,13,12,20,0,0
1562,large_drift,1.0,16094.3359375,11360.859375,62,200,2962,380,200,0,29,13,20,0,0
1563,large_drift,1.0,16225.0654296875,11599.3955078125,69,201,1477,193,201,0,36,13,20,0,0
1564,large_drift,1.0,15527.078125,12217.275390625,51,200,2411,305,200,0,13,18,20,0,0
1565,large_drift,1.0,16397.56640625,14596.2216796875,45,203,1779,278,203,0,16,9,20,0,0
1566,large_drift,1.0,13755.5068359375,9245.1533203125,97,200,2103,225,200,0,63,14,20,0,0
1567,large_drift,1.0,11381.76953125,10328.3125,52,200,2275,242,200,0,26,16,10,0,0
1568,large_drift,1.0,16339.4453125,9013.1787109375,66,200,2272,234,200,0,16,30,20,0,0
1569,large_drift,1.0,16234.8125,10635.67578125,91,201,1961,260,201,0,45,26,20,0,0
1570,large_drift,1.0,14010.4677734375,11363.533203125,82,202,2267,240,202,0,42,30,10,0,0
1571,large_drift,1.0,16614.7890625,6537.18505859375,71,200,1972,202,200,0,28,23,20,0,0
1572,large_drift,1.0,16992.66796875,3243.947021484375,130,200,1006,127,200,0,57,53,20,0,0
1573,large_drift,1.0,15919.7939453125,7905.37890625,121,200,2249,200,200,0,59,42,20,0,0
1574,large_drift,1.0,18177.130859375,10468.1357421875,131,200,1758,164,200,0,98,13,20,0,0
1575,large_drift,1.0,16340.205078125,11416.7021484375,63,200,2581,226,200,0,29,14,20,0,0
1576,large_drift,1.0,18044.7578125,8617.6611328125,78,200,2035,204,200,0,25,33,20,0,0
1577,large_drift,1.0,14233.9912109375,8471.466796875,77,200,2027,237,200,0,43,14,20,0,0
1578,large_drift,1.0,18471.271484375,9739.251953125,44,200,2138,203,200,0,14,10,20,0,0
1579,large_drift,1.0,16982.935546875,9500.4677734375,107,200,1946,255,200,0,44,43,20,0,0
1580,large_drift,1.0,16992.90234375,5036.7607421875,71,200,969,114,200,0,31,20,20,0,0
1581,large_drift,1.0,16810.451171875,8007.369140625,68,200,2236,207,200,0,27,21,20,0,0
1582,large_drift,1.0,16098.1455078125,11960.328125,99,202,2972,370,202,0,14,65,20,0,0
1583,large_drift,1.0,15311.380859375,9939.5537109375,88,200,3013,323,200,0,30,38,20,0,0
1584,large_drift,1.0,15186.9560546875,5473.45068359375,79,200,1524,123,200,0,29,30,20,0,0
1585,large_drift,1.0,15096.8193359375,8972.822265625,77,200,2320,256,200,0,16,41,20,0,0
1586,large_drift,1.0,15152.4130859375,8863.53125,85,200,2162,275,200,0,30,35,20,0,0
1587,large_drift,1.0,17968.80078125,5760.3203125,58,200,1333,134,200,0,28,10,20,0,0
1588,large_drift,1.0,16081.0625,13411.8828125,75,205,2859,392,205,0,12,43,20,0,0
1589,large_drift,1.0,14369.7666015625,8443.6708984375,106,200,2082,206,200,0,58,28,20,0,0
1590,large_drift,1.0,18127.09375,13458.2119140625,49,201,2938,336,201,0,15,14,20,0,0
1591,large_drift,1.0,17449.990234375,7879.078125,82,200,1317,170,200,0,50,12,20,0,0
1592,large_drift,1.0,16554.9375,7204.96240234375,87,200,2365,269,200,0,32,35,20,0,0
1593,large_drift,1.0,14818.076171875,8344.859375,99,200,1918,194,200,0,26,53,20,0,0
1594,large_drift,1.0,15504.8125,9083.5849609375,50,200,2620,324,200,0,10,20,20,0,0
1595,large_drift,1.0,15844.2744140625,13091.1708984375,45,202,1869,238,202,0,16,9,20,0,0
1596,large_drift,1.0,15794.162109375,7301.53173828125,95,200,1514,161,200,0,44,41,10,0,0
1597,large_drift,1.0,18126.98828125,3491.806396484375,108,200,1262,126,200,0,54,34,20,0,0
1598,large_drift,1.0,16141.865234375,4743.1455078125,76,200,1522,144,200,0,35,21,20,0,0
1599,large_drift,1.0,16854.5546875,3722.83642578125,114,200,1029,134,200,0,82,12,20,0,0
1600,large_drift,1.0,16151.244140625,9833.83203125,116,200,1935,202,200,0,59,37,20,0,0
1601,large_drift,1.0,14656.8427734375,6027.97216796875,99,200,2257,203,200,0,57,22,20,0,0
1602,large_drift,1.0,17621.13671875,6056.3173828125,109,200,2023,161,200,0,67,22,20,0,0
1603,large_drift,1.0,19584.984375,11021.68359375,92,200,2805,333,200,0,60,12,20,0,0
1604,large_drift,1.0,17056.404296875,8921.3466796875,78,200,2538,243,200,0,25,33,20,0,0
1605,large_drift,1.0,14973.92578125,9928.4296875,77,200,2488,242,200,0,43,14,20,0,0
1606,large_drift,1.0,18807.4609375,6019.87451171875,74,200,1777,178,200,0,25,29,20,0,0
1607,large_drift,1.0,16022.3134765625,10899.28515625,56,200,2558,241,200,0,12,24,20,0,0
1608,large_drift,1.0,13998.2509765625,10277.2197265625,106,200,2283,291,200,0,73,13,20,0,0
1609,large_drift,1.0,17168.83203125,11635.759765625,45,200,2739,327,200,0,13,12,20,0,0
1610,large_drift,1.0,17431.212890625,4123.15234375,98,201,1899,157,201,0,69,9,20,0,0
1611,large_drift,1.0,16923.1953125,4583.93798828125,58,200,1438,138,200,0,28,10,20,0,0
1612,large_drift,1.0,17829.765625,11670.28125,73,200,2374,402,200,0,40,13,20,0,0
1613,large_drift,1.0,17067.9609375,8526.275390625,57,200,2280,214,200,0,11,26,20,0,0
1614,large_drift,1.0,14891.5234375,8664.7763671875,46,200,2545,195,200,0,16,10,20,0,0
1615,large_drift,1.0,17395.34765625,6280.998046875,101,200,1030,124,200,0,69,12,20,0,0
1616,large_drift,1.0,17473.048828125,5548.49658203125,105,200,989,111,200,0,71,14,20,0,0
1617,large_drift,1.0,15053.724609375,6838.29443359375,99,200,1853,165,200,0,58,21,20,0,0
1618,large_drift,1.0,17889.0234375,6062.12548828125,94,200,1660,181,200,0,38,36,20,0,0
1619,large_drift,1.0,15536.31640625,6817.26318359375,64,200,1688,191,200,0,24,20,20,0,0
1620,large_drift,1.0,17233.544921875,11716.5859375,92,200,2895,342,200,0,44,28,20,0,0
1621,large_drift,1.0,16986.53125,7649.904296875,68,200,2282,228,200,0,28,20,20,0,0
1622,large_drift,1.0,16437.37109375,13532.93359375,62,211,1993,345,211,0,32,10,20,0,0
1623,large_drift,1.0,15517.6591796875,7114.15234375,87,200,1795,155,200,0,53,14,20,0,0
1624,large_drift,1.0,16675.876953125,7921.5498046875,134,200,2208,202,200,0,90,24,20,0,0
1625,large_drift,1.0,16157.8330078125,9029.41015625,98,200,2675,310,200,0,45,33,20,0,0
1626,large_drift,1.0,16206.2001953125,6206.90869140625,109,200,1560,159,200,0,61,28,20,0,0
1627,large_drift,0.8,18258.458984375,10589.494140625,89,200,2816,360,200,0,31,38,20,0,0
1628,large_drift,1.0,17323.333984375,9106.927734375,100,200,1905,203,200,0,43,37,20,0,0
1629,large_drift,1.0,16079.3427734375,7562.0205078125,103,200,1837,209,200,0,49,34,20,0,0
1630,large_drift,1.0,15425.93359375,7559.3291015625,132,200,1831,214,200,0,74,38,20,0,0
1631,large_drift,1.0,18631.419921875,9430.0810546875,91,200,2395,308,200,0,45,26,20,0,0
1632,large_drift,1.0,15595.951171875,14017.7724609375,53,201,2894,358,201,0,15,28,10,0,0
1633,large_drift,1.0,15829.6259765625,5138.18798828125,105,200,1552,171,200,0,39,46,20,0,0
1634,large_drift,1.0,16484.236328125,11139.8330078125,93,200,2165,256,200,0,47,26,20,0,0
1635,large_drift,1.0,16458.544921875,7157.10693359375,77,200,2060,222,200,0,36,21,20,0,0
1636,large_drift,1.0,16290.8369140625,8630.2666015625,89,200,2226,226,200,0,29,40,20,0,0
1637,large_drift,1.0,17262.7265625,9323.7734375,83,200,1661,202,200,0,28,35,20,0,0
1638,large_drift,1.0,14384.69921875,6041.31201171875,116,200,1616,195,200,0,60,36,20,0,0
1639,large_drift,1.0,16155.109375,11015.5732421875,67,200,2627,325,200,0,15,32,20,0,0
1640,large_drift,1.0,16596.521484375,9976.91015625,112,200,2046,204,200,0,50,42,20,0,0
1641,large_drift,1.0,17158.974609375,10952.5,98,200,2594,353,200,0,15,63,20,0,0
1642,large_drift,1.0,16585.71875,13912.2822265625,70,201,2996,359,201,0,24,26,20,0,0
1643,large_drift,0.9,16303.783203125,10253.8994140625,48,200,3132,300,200,0,13,15,20,0,0
1644,large_drift,1.0,18924.94140625,5925.26416015625,69,200,1628,177,200,0,26,23,20,0,0
1645,large_drift,1.0,16698.845703125,10847.9580078125,74,201,1820,225,201,0,29,25,20,0,0
1646,large_drift,1.0,16362.3544921875,5140.5302734375,108,200,1184,123,200,0,28,60,20,0,0
1647,large_drift,1.0,15716.6572265625,7244.4912109375,83,200,2353,258,200,0,32,31,20,0,0
1648,large_drift,1.0,17292.23828125,5647.83544921875,72,200,1125,169,200,0,29,23,20,0,0
1649,large_drift,1.0,15821.5205078125,7903.1240234375,113,200,1772,231,200,0,31,62,20,0,0
1650,large_drift,1.0,17296.431640625,9688.8310546875,103,200,1653,228,200,0,27,56,20,0,0
1651,large_drift,1.0,18019.998046875,13518.4853515625,46,202,1944,203,202,0,13,13,20,0,0
1652,large_drift,1.0,15108.54296875,9626.4599609375,84,200,2691,313,200,0,27,37,20,0,0
1653,large_drift,1.0,17560.060546875,14878.9892578125,58,210,2694,374,210,0,16,22,20,0,0
1654,large_drift,1.0,17647.744140625,8411.0849609375,83,200,1644,171,200,0,30,33,20,0,0
1655,large_drift,1.0,18337.373046875,14536.5703125,53,201,2017,301,201,0,13,20,20,0,0
1656,large_drift,1.0,16002.3330078125,7687.3740234375,56,200,1688,206,200,0,7,29,20,0,0
1657,large_drift,1.0,16171.41015625,11084.3974609375,87,200,2530,286,200,0,12,55,20,0,0
1658,large_drift,1.0,15596.5068359375,9593.1806640625,86,201,2108,216,201,0,32,34,20,0,0
1659,large_drift,1.0,18147.28125,12574.462890625,85,200,1490,168,200,0,40,25,20,0,0
1660,large_drift,1.0,17024.609375,5580.57080078125,57,200,1654,180,200,0,14,23,20,0,0
1661,large_drift,1.0,17692.580078125,8064.92431640625,87,200,2404,255,200,0,32,35,20,0,0
1662,large_drift,1.0,16023.41796875,3064.614013671875,70,200,2822,234,200,0,36,14,20,0,0
1663,large_drift,1.0,15889.01953125,6897.15771484375,66,200,1819,171,200,0,24,22,20,0,0
1664,large_drift,1.0,15943.4052734375,9315.8388671875,95,200,2014,218,200,0,41,34,20,0,0
1665,large_drift,1.0,14467.3330078125,6565.4580078125,102,200,2002,181,200,0,60,22,20,0,0
1666,large_drift,1.0,17092.09765625,10903.6396484375,93,202,3089,456,202,0,29,44,20,0,0
1667,large_drift,1.0,15692.0712890625,9857.240234375,52,200,2497,275,200,0,12,20,20,0,0
1668,large_drift,1.0,14465.802734375,7663.71337890625,84,200,1898,193,200,0,31,43,10,0,0
1669,large_drift,1.0,16493.830078125,4820.232421875,59,200,2208,217,200,0,30,9,20,0,0
1670,large_drift,1.0,17738.126953125,9043.060546875,95,200,2209,213,200,0,42,33,20,0,0
1671,large_drift,1.0,17173.1953125,10253.7783203125,60,200,2446,256,200,0,30,10,20,0,0
1672,large_drift,1.0,16979.388671875,7082.73681640625,84,200,1738,178,200,0,46,18,20,0,0
1673,large_drift,1.0,17347.677734375,14868.2275390625,72,206,2392,337,206,0,30,22,20,0,0
1674,large_drift,1.0,14365.1240234375,9847.064453125,113,200,2223,198,200,0,58,35,20,0,0
1675,large_drift,1.0,15413.203125,2771.487548828125,78,200,1300,129,200,0,12,56,10,0,0
1676,large_drift,1.0,15424.6572265625,5063.8857421875,93,200,1301,148,200,0,33,40,20,0,0
1677,large_drift,1.0,14999.365234375,6593.66650390625,62,200,2536,233,200,0,32,10,20,0,0
1678,large_drift,1.0,17025.197265625,11274.1689453125,46,200,2858,316,200,0,16,10,20,0,0
1679,large_drift,1.0,15960.5390625,10297.3291015625,97,200,2702,312,200,0,64,13,20,0,0
1680,large_drift,1.0,16047.2783203125,12872.55859375,74,201,2459,226,201,0,26,28,20,0,0
1681,large_drift,1.0,18253.20703125,14241.9453125,85,202,1474,222,202,0,28,37,20,0,0
1682,large_drift,1.0,17334.60546875,5444.3330078125,93,200,969,145,200,0,40,33,20,0,0
1683,large_drift,1.0,16499.578125,10965.5654296875,80,200,2580,251,200,0,46,14,20,0,0
1684,large_drift,1.0,16886.76953125,10699.26171875,75,200,3108,356,200,0,30,25,20,0,0
1685,large_drift,1.0,16108.7509765625,7190.39599609375,111,200,1253,175,200,0,60,41,10,0,0
1686,large_drift,1.0,17881.849609375,10040.720703125,75,200,1951,236,200,0,46,9,20,0,0
1687,large_drift,1.0,16277.2724609375,8027.17431640625,117,200,2132,222,200,0,88,9,20,0,0
1688,large_drift,1.0,16457.892578125,4106.888671875,83,200,1459,151,200,0,26,37,20,0,0
1689,large_drift,1.0,17735.880859375,10453.7841796875,78,201,3006,327,201,0,48,10,20,0,0
1690,large_drift,1.0,14557.8759765625,6364.3359375,78,200,1574,179,200,0,7,51,20,0,0
1691,large_drift,1.0,15674.6708984375,11014.4931640625,66,201,2264,312,201,0,13,33,20,0,0
1692,large_drift,1.0,16747.708984375,4471.34521484375,81,200,1523,163,200,0,25,36,20,0,0
1693,large_drift,1.0,17976.994140625,11687.4423828125,87,200,2590,269,200,0,31,36,20,0,0
1694,large_drift,1.0,16724.8984375,3200.599365234375,91,200,784,104,200,0,26,45,20,0,0
1695,large_drift,1.0,15507.6474609375,7705.5888671875,96,200,1943,209,200,0,56,20,20,0,0
1696,large_drift,1.0,16987.115234375,8064.57763671875,96,200,2052,186,200,0,41,35,20,0,0
1697,large_drift,1.0,13775.3076171875,13001.416015625,51,202,3159,395,202,0,15,26,10,0,0
1698,large_drift,1.0,14441.47265625,5746.17236328125,88,200,1322,151,200,0,54,14,20,0,0
1699,large_drift,1.0,16437.98828125,12356.0478515625,99,200,2784,259,200,0,45,44,10,0,0
1700,large_drift,1.0,16487.11328125,7589.2783203125,80,200,1871,201,200,0,30,30,20,0,0
1701,large_drift,1.0,17932.828125,6792.353515625,84,200,2338,238,200,0,15,49,20,0,0
1702,large_drift,1.0,19083.7578125,11493.216796875,87,200,2632,306,200,0,31,36,20,0,0
1703,large_drift,1.0,19103.8125,7096.140625,82,200,2328,255,200,0,40,22,20,0,0
1704,large_drift,1.0,14933.056640625,5437.8046875,117,200,2041,168,200,0,50,47,20,0,0
1705,large_drift,1.0,16215.255859375,10097.3251953125,59,201,2128,240,201,0,12,27,20,0,0
1706,large_drift,1.0,16129.158203125,11068.2734375,68,200,2815,287,200,0,27,21,20,0,0
1707,large_drift,1.0,17488.71484375,11944.17578125,52,200,2264,257,200,0,12,20,20,0,0
1708,large_drift,1.0,16940.978515625,7731.75927734375,70,200,1966,206,200,0,29,21,20,0,0
1709,large_drift,1.0,14171.5546875,5728.84375,110,200,1951,201,200,0,52,38,20,0,0
1710,large_drift,1.0,16270.11328125,6639.25634765625,78,200,2096,220,200,0,28,30,20,0,0
1711,large_drift,1.0,17892.8046875,10049.8291015625,67,200,2299,248,200,0,29,18,20,0,0
1712,large_drift,1.0,17355.3984375,10440.033203125,87,200,2154,268,200,0,58,9,20,0,0
1713,large_drift,1.0,16989.67578125,10853.484375,66,201,2188,272,201,0,13,33,20,0,0
1714,large_drift,1.0,16941.15234375,4670.40966796875,75,200,1289,159,200,0,35,20,20,0,0
1715,large_drift,1.0,14932.5673828125,7092.283203125,77,200,1535,171,200,0,28,39,10,0,0
1716,large_drift,1.0,14524.0087890625,7335.76025390625,102,200,2069,174,200,0,73,9,20,0,0
1717,large_drift,1.0,15685.857421875,7067.74755859375,75,200,1417,181,200,0,22,33,20,0,0
1718,large_drift,1.0,14895.5322265625,14895.5322265625,36,201,2855,313,201,0,10,16,10,0,0
1719,large_drift,1.0,15032.421875,5080.2509765625,101,200,1950,176,200,0,59,22,20,0,0
1720,large_drift,1.0,14553.42578125,7731.4375,83,200,1849,253,200,0,28,35,20,0,0
1721,large_drift,1.0,17247.779296875,10284.322265625,109,200,2349,276,200,0,75,14,20,0,0
1722,large_drift,1.0,15455.4501953125,4866.2041015625,113,200,1870,176,200,0,55,38,20,0,0
1723,large_drift,1.0,16216.400390625,8759.88671875,75,200,1728,200,200,0,41,14,20,0,0
1724,large_drift,1.0,18379.22265625,4190.82373046875,107,200,988,141,200,0,77,10,20,0,0
1725,large_drift,1.0,16282.943359375,7302.8037109375,90,200,2396,243,200,0,45,25,20,0,0
1726,large_drift,1.0,17237.51171875,8287.974609375,139,200,1725,176,200,0,105,14,20,0,0
1727,large_drift,1.0,19931.6796875,8432.6435546875,84,204,1700,161,204,0,42,22,20,0,0
1728,large_drift,1.0,15942.201171875,9523.9541015625,81,200,2455,245,200,0,15,46,20,0,0
1729,large_drift,1.0,15646.568359375,10512.462890625,77,205,3461,434,205,0,31,26,20,0,0
1730,large_drift,1.0,15841.8134765625,2955.53466796875,139,200,1559,160,200,0,58,61,20,0,0
1731,large_drift,1.0,16198.5595703125,5581.25830078125,60,200,2046,151,200,0,29,11,20,0,0
1732,large_drift,1.0,17338.10546875,8330.0302734375,74,200,2567,269,200,0,32,22,20,0,0
1733,large_drift,1.0,16528.359375,8819.0,86,200,1706,154,200,0,44,22,20,0,0
1734,large_drift,1.0,16222.455078125,8763.5576171875,80,200,2524,281,200,0,27,33,20,0,0
1735,large_drift,1.0,16238.666015625,3649.744873046875,83,200,1152,137,200,0,18,45,20,0,0
1736,large_drift,1.0,16810.171875,5782.1025390625,79,200,1723,165,200,0,37,22,20,0,0
1737,large_drift,1.0,16700.337890625,7858.2646484375,106,200,1816,154,200,0,60,26,20,0,0
1738,large_drift,1.0,16829.771484375,6739.39404296875,127,200,1858,194,200,0,50,57,20,0,0
1739,large_drift,1.0,18313.703125,9353.7705078125,153,200,1592,170,200,0,93,40,20,0,0
1740,large_drift,1.0,16043.15234375,11210.3623046875,74,200,2489,302,200,0,15,39,20,0,0
1741,large_drift,1.0,16497.40625,8988.75,112,200,2469,238,200,0,56,36,20,0,0
1742,large_drift,1.0,16325.1533203125,8849.392578125,74,200,2454,272,200,0,30,24,20,0,0
1743,large_drift,1.0,15880.220703125,9936.462890625,60,200,2401,245,200,0,29,11,20,0,0
1744,large_drift,1.0,17658.23828125,3728.300048828125,88,200,1751,199,200,0,59,9,20,0,0
1745,large_drift,1.0,15147.8759765625,5875.51904296875,96,200,1718,199,200,0,46,30,20,0,0
1746,large_drift,1.0,17262.828125,8117.111328125,92,200,1463,170,200,0,29,43,20,0,0
1747,large_drift,1.0,17432.0859375,8931.5615234375,71,200,2708,344,200,0,38,13,20,0,0
1748,large_drift,1.0,16010.6708984375,6317.04248046875,60,200,1092,135,200,0,28,12,20,0,0
1749,large_drift,1.0,16461.02734375,6837.93603515625,84,200,2386,220,200,0,31,33,20,0,0
1750,large_drift,1.0,15126.7001953125,10740.119140625,92,200,2946,333,200,0,31,41,20,0,0
1751,large_drift,1.0,17512.23828125,10192.365234375,76,201,2024,227,201,0,15,41,20,0,0
1752,large_drift,1.0,16525.974609375,5555.00439453125,95,200,1501,149,200,0,45,30,20,0,0
1753,large_drift,1.0,14929.0634765625,8233.1162109375,116,200,2141,225,200,0,74,22,20,0,0
1754,large_drift,1.0,15367.9130859375,7701.1865234375,46,200,2144,169,200,0,16,10,20,0,0
1755,large_drift,1.0,17444.02734375,6739.22119140625,71,200,2275,245,200,0,30,21,20,0,0
1756,large_drift,1.0,15797.5732421875,11591.3837890625,101,200,2768,309,200,0,72,9,20,0,0
1757,large_drift,0.9,15304.7490234375,9783.2646484375,122,200,1446,170,200,0,79,23,20,0,0
1758,large_drift,1.0,15601.6103515625,8544.3720703125,103,201,1949,199,201,0,31,52,20,0,0
1759,large_drift,1.0,16962.67578125,13985.3369140625,59,203,1625,243,203,0,14,25,20,0,0
1760,large_drift,1.0,14144.2900390625,6321.150390625,118,201,1882,204,201,0,41,57,20,0,0
1761,large_drift,1.0,15590.6533203125,9531.91796875,112,200,1890,255,200,0,78,14,20,0,0
1762,large_drift,1.0,16251.654296875,10694.7607421875,93,200,2703,303,200,0,47,26,20,0,0
1763,large_drift,1.0,18300.525390625,11923.0830078125,72,200,2497,264,200,0,15,37,20,0,0
1764,large_drift,1.0,15740.4208984375,10012.55078125,73,200,2480,283,200,0,13,40,20,0,0
1765,large_drift,1.0,16014.6171875,8757.087890625,103,200,1911,199,200,0,51,32,20,0,0
1766,large_drift,1.0,16784.302734375,4523.986328125,64,200,1642,156,200,0,14,30,20,0,0
1767,large_drift,1.0,16921.98046875,6518.99609375,84,200,1755,234,200,0,39,25,20,0,0
1768,large_drift,1.0,13581.6181640625,7328.98583984375,71,200,2051,207,200,0,15,36,20,0,0
1769,large_drift,0.9,14635.1806640625,10617.3720703125,84,200,3222,397,200,0,28,36,20,0,0
1770,large_drift,1.0,17068.564453125,7573.71630859375,78,200,2140,231,200,0,45,13,20,0,0
1771,large_drift,1.0,16912.455078125,6006.59033203125,84,200,1533,155,200,0,41,23,20,0,0
1772,large_drift,1.0,17638.392578125,11997.7080078125,63,200,2316,298,200,0,29,14,20,0,0
1773,large_drift,1.0,16215.15234375,7296.333984375,129,200,2288,186,200,0,71,38,20,0,0
1774,large_drift,1.0,16880.75390625,8300.0341796875,100,200,2254,217,200,0,57,23,20,0,0
1775,large_drift,1.0,14943.080078125,7747.60107421875,96,200,2426,272,200,0,46,30,20,0,0
1776,large_drift,1.0,17053.267578125,7054.3642578125,79,200,2828,294,200,0,39,20,20,0,0
1777,large_drift,1.0,15604.64453125,7600.1435546875,113,200,2727,286,200,0,62,31,20,0,0
1778,large_drift,1.0,16263.5458984375,7223.779296875,68,200,2013,207,200,0,25,23,20,0,0
1779,large_drift,1.0,14901.7060546875,6505.8466796875,76,200,1581,143,200,0,42,14,20,0,0
1780,large_drift,1.0,15439.228515625,3774.156982421875,70,200,1210,142,200,0,23,27,20,0,0
1781,large_drift,1.0,16036.64453125,12571.4423828125,85,200,2940,343,200,0,32,33,20,0,0
1782,large_drift,1.0,16282.35546875,3912.968017578125,114,200,1486,108,200,0,60,34,20,0,0
1783,large_drift,1.0,16116.6865234375,7502.31640625,102,200,1592,202,200,0,58,24,20,0,0
1784,large_drift,1.0,17312.197265625,7741.509765625,58,200,2155,237,200,0,10,28,20,0,0
1785,large_drift,1.0,16882.771484375,8886.27734375,78,200,1655,213,200,0,31,27,20,0,0
1786,large_drift,1.0,16179.8115234375,5978.88037109375,94,200,1856,180,200,0,52,22,20,0,0
1787,large_drift,1.0,18938.509765625,11971.9990234375,86,200,2549,267,200,0,55,11,20,0,0
1788,large_drift,1.0,15934.75390625,6184.94580078125,128,200,1746,167,200,0,57,51,20,0,0
1789,large_drift,1.0,15901.400390625,13687.5419921875,83,202,2646,336,202,0,16,47,20,0,0
1790,large_drift,1.0,18527.970703125,6152.1005859375,119,200,1161,160,200,0,56,43,20,0,0
1791,large_drift,1.0,17406.59375,6244.50830078125,71,200,1767,145,200,0,28,23,20,0,0
1792,large_drift,1.0,17226.53125,6043.21044921875,92,200,1787,169,200,0,30,42,20,0,0
1793,large_drift,1.0,17447.357421875,9997.5986328125,97,200,2708,290,200,0,43,34,20,0,0
1794,large_drift,1.0,17950.4375,10549.2509765625,86,202,1419,158,202,0,44,22,20,0,0
1795,large_drift,1.0,16868.109375,7509.40283203125,86,200,1462,180,200,0,36,30,20,0,0
1796,large_drift,1.0,17290.9921875,10006.3154296875,90,201,2298,240,201,0,27,43,20,0,0
1797,large_drift,1.0,17976.498046875,9415.2490234375,76,200,2152,254,200,0,42,14,20,0,0
1798,large_drift,1.0,16637.8203125,12784.2041015625,118,200,2862,287,200,0,47,51,20,0,0
1799,large_drift,1.0,16661.490234375,9389.0361328125,105,200,2493,241,200,0,43,42,20,0,0
1800,large_drift,1.0,16083.9130859375,14729.806640625,59,202,1807,251,202,0,12,27,20,0,0
1801,large_drift,1.0,14645.8564453125,7548.88330078125,90,200,2888,341,200,0,44,26,20,0,0
1802,large_drift,1.0,16842.84375,6044.90234375,109,200,1309,157,200,0,41,48,20,0,0
1803,large_drift,1.0,16574.4921875,5928.92333984375,98,200,2408,281,200,0,58,20,20,0,0
1804,large_drift,1.0,17719.095703125,8051.8349609375,81,200,1648,165,200,0,12,49,20,0,0
1805,large_drift,1.0,15103.3212890625,7221.78955078125,128,200,1976,240,200,0,56,52,20,0,0
1806,large_drift,1.0,14303.134765625,8393.1298828125,115,200,2421,246,200,0,54,41,20,0,0
1807,large_drift,1.0,17640.357421875,12138.033203125,113,200,2839,267,200,0,44,49,20,0,0
1808,large_drift,1.0,15756.7490234375,6311.72119140625,98,200,2126,257,200,0,57,21,20,0,0
1809,large_drift,1.0,17438.673828125,7406.90234375,81,200,1559,162,200,0,22,39,20,0,0
1810,large_drift,1.0,15044.17578125,8924.6767578125,70,200,1782,194,200,0,28,32,10,0,0
1811,large_drift,1.0,18181.083984375,12798.046875,90,200,1497,229,200,0,46,24,20,0,0
1812,large_drift,1.0,16244.6552734375,12256.2724609375,101,202,3110,364,202,0,43,38,20,0,0
1813,large_drift,1.0,17006.13671875,7087.24609375,106,200,2367,228,200,0,61,25,20,0,0
1814,large_drift,1.0,18083.251953125,9788.0419921875,86,200,1352,154,200,0,44,22,20,0,0
1815,large_drift,1.0,16083.2412109375,13760.73828125,45,202,1882,179,202,0,16,9,20,0,0
1816,large_drift,1.0,17437.13671875,6460.8330078125,58,200,1511,164,200,0,28,10,20,0,0
1817,large_drift,1.0,14952.73828125,8057.11865234375,73,200,2177,195,200,0,44,9,20,0,0
1818,large_drift,1.0,16054.6845703125,7120.25830078125,83,200,1671,144,200,0,29,34,20,0,0
1819,large_drift,1.0,15334.0400390625,13904.345703125,59,202,3011,368,202,0,14,25,20,0,0
1820,large_drift,1.0,12833.7685546875,10135.458984375,53,200,2105,272,200,0,15,28,10,0,0
1821,large_drift,1.0,16438.966796875,7916.7578125,67,201,1646,166,201,0,15,32,20,0,0
1822,large_drift,1.0,16343.046875,9946.9384765625,76,200,2274,285,200,0,27,29,20,0,0
1823,large_drift,1.0,18244.2734375,9595.3525390625,62,200,2053,184,200,0,16,26,20,0,0
1824,large_drift,1.0,16980.03125,5657.79345703125,110,200,1194,139,200,0,70,20,20,0,0
1825,large_drift,1.0,18338.646484375,9164.49609375,75,200,2391,277,200,0,30,25,20,0,0
1826,large_drift,1.0,16041.93359375,10166.7216796875,98,200,2678,287,200,0,58,20,20,0,0
1827,large_drift,1.0,16146.6279296875,7317.45263671875,123,200,1497,147,200,0,89,14,20,0,0
1828,large_drift,1.0,17688.123046875,11427.2294921875,69,202,1402,146,202,0,16,33,20,0,0
1829,large_drift,1.0,16246.12109375,10045.3251953125,79,200,2768,342,200,0,45,14,20,0,0
1830,large_drift,1.0,15524.2451171875,12623.1025390625,49,202,3087,344,202,0,15,14,20,0,0
1831,large_drift,1.0,16446.392578125,6910.0966796875,101,200,1979,192,200,0,54,27,20,0,0
1832,large_drift,1.0,15947.330078125,5086.0380859375,97,200,1833,175,200,0,56,21,20,0,0
1833,large_drift,1.0,17767.4140625,7613.7587890625,92,200,1988,220,200,0,39,33,20,0,0
1834,large_drift,1.0,16813.025390625,5524.8232421875,68,200,1672,191,200,0,14,34,20,0,0
1835,large_drift,1.0,17152.380859375,4719.9794921875,103,200,1303,138,200,0,57,26,20,0,0
1836,large_drift,1.0,14717.826171875,12033.234375,54,201,1985,225,201,0,14,30,10,0,0
1837,large_drift,1.0,14512.4931640625,7846.5849609375,122,200,2440,241,200,0,74,38,10,0,0
1838,large_drift,1.0,11783.6474609375,11700.865234375,45,201,2685,324,201,0,16,9,20,0,0
1839,large_drift,1.0,17423.748046875,7875.658203125,75,200,2376,248,200,0,45,10,20,0,0
1840,large_drift,1.0,16587.4375,6701.48828125,84,200,2361,227,200,0,42,22,20,0,0
1841,large_drift,1.0,15992.912109375,7910.16064453125,77,200,2395,253,200,0,47,10,20,0,0
1842,large_drift,1.0,18225.267578125,14616.46484375,45,203,1055,189,203,0,13,12,20,0,0
1843,large_drift,1.0,15615.232421875,11447.5537109375,75,200,3288,306,200,0,28,27,20,0,0
1844,large_drift,1.0,16940.83203125,9790.21484375,57,200,1980,197,200,0,24,13,20,0,0
1845,large_drift,1.0,15680.7802734375,8588.443359375,68,200,1707,204,200,0,25,23,20,0,0
1846,large_drift,1.0,17153.6796875,4720.95263671875,70,200,835,117,200,0,12,38,20,0,0
1847,large_drift,1.0,17748.203125,3758.572265625,104,200,1035,137,200,0,41,43,20,0,0
1848,large_drift,1.0,17293.34765625,12883.1083984375,101,201,2077,248,201,0,47,34,20,0,0
1849,large_drift,1.0,16146.7412109375,8460.3955078125,106,200,2672,311,200,0,53,33,20,0,0
1850,large_drift,1.0,15405.3525390625,6519.86767578125,86,200,1857,199,200,0,43,23,20,0,0
1851,large_drift,1.0,16303.0673828125,7235.7890625,84,200,1787,223,200,0,39,25,20,0,0
1852,large_drift,1.0,16826.265625,8278.0751953125,45,200,2617,286,200,0,16,9,20,0,0
1853,large_drift,1.0,16627.888671875,9066.8056640625,74,200,2096,205,200,0,13,41,20,0,0
1854,large_drift,1.0,17601.716796875,7834.49755859375,89,200,2404,264,200,0,30,39,20,0,0
1855,large_drift,1.0,15231.5185546875,3960.410888671875,115,200,1979,196,200,0,67,28,20,0,0
1856,large_drift,1.0,17550.81640625,4630.05078125,92,200,1544,165,200,0,16,56,20,0,0
1857,large_drift,1.0,13419.0498046875,12597.5908203125,51,201,2574,234,201,0,15,26,10,0,0
1858,large_drift,1.0,16670.146484375,6589.2978515625,70,200,1088,156,200,0,28,22,20,0,0
1859,large_drift,1.0,17244.6484375,3764.04541015625,70,200,802,97,200,0,11,39,20,0,0
1860,large_drift,1.0,16378.3525390625,11360.666015625,49,200,2746,350,200,0,15,14,20,0,0
1861,large_drift,1.0,15471.44140625,9142.8896484375,77,200,2459,261,200,0,32,25,20,0,0
1862,large_drift,1.0,15986.03125,9311.6572265625,74,200,2625,283,200,0,31,23,20,0,0
1863,large_drift,1.0,16075.2734375,9269.1474609375,63,201,1605,175,201,0,12,31,20,0,0
1864,large_drift,1.0,16570.54296875,7617.3623046875,91,200,1863,182,200,0,46,25,20,0,0
1865,large_drift,1.0,16941.87109375,8939.1552734375,71,200,2219,211,200,0,16,35,20,0,0
1866,large_drift,1.0,15583.5078125,6571.17041015625,46,200,2183,156,200,0,16,10,20,0,0
1867,large_drift,1.0,12951.900390625,6494.61669921875,71,200,1629,158,200,0,22,29,20,0,0
1868,large_drift,1.0,17017.482421875,8570.5888671875,133,200,1835,228,200,0,29,84,20,0,0
1869,large_drift,1.0,16565.615234375,6172.0439453125,94,200,1114,118,200,0,52,22,20,0,0
1870,large_drift,1.0,16073.68359375,4703.8251953125,148,200,1005,130,200,0,100,28,20,0,0
1871,large_drift,1.0,16940.44921875,10632.91796875,86,201,2657,326,201,0,45,21,20,0,0
1872,large_drift,1.0,15162.8203125,5169.705078125,88,200,1474,172,200,0,37,31,20,0,0
1873,large_drift,1.0,15091.626953125,5965.31982421875,97,200,1368,170,200,0,43,34,20,0,0
1874,large_drift,1.0,17895.40625,6678.71142578125,104,200,2197,224,200,0,29,55,20,0,0
1875,large_drift,1.0,16058.8447265625,6876.0341796875,72,200,2185,215,200,0,16,36,20,0,0
1876,large_drift,1.0,15801.76171875,11980.19921875,62,201,1805,194,201,0,28,14,20,0,0
1877,large_drift,1.0,14603.1455078125,5775.8525390625,70,200,2183,208,200,0,29,21,20,0,0
1878,large_drift,1.0,15821.8173828125,6531.23974609375,99,200,2185,226,200,0,45,34,20,0,0
1879,large_drift,1.0,15208.650390625,9293.8203125,113,200,2565,224,200,0,29,64,20,0,0
1880,large_drift,1.0,16327.1640625,9346.740234375,77,200,1894,214,200,0,31,26,20,0,0
1881,large_drift,1.0,18125.484375,12956.5654296875,90,200,1798,247,200,0,46,24,20,0,0
1882,large_drift,1.0,15309.4287109375,8757.9130859375,86,200,2316,276,200,0,26,40,20,0,0
1883,large_drift,1.0,15309.2978515625,9669.1171875,65,200,2331,289,200,0,16,29,20,0,0
1884,large_drift,1.0,16395.265625,7361.94580078125,111,200,2108,189,200,0,77,14,20,0,0
1885,large_drift,1.0,16324.6298828125,4903.27783203125,127,200,1758,130,200,0,98,9,20,0,0
1886,large_drift,1.0,16305.443359375,9330.490234375,64,200,2807,319,200,0,30,14,20,0,0
1887,large_drift,1.0,15105.9267578125,7739.642578125,46,200,2403,247,200,0,16,10,20,0,0
1888,large_drift,1.0,15710.380859375,6132.17578125,84,200,1999,203,200,0,46,18,20,0,0
1889,large_drift,1.0,16317.537109375,6462.61181640625,74,200,2595,290,200,0,32,22,20,0,0
1890,large_drift,1.0,16415.01171875,10957.9873046875,92,200,2146,235,200,0,30,42,20,0,0
1891,large_drift,1.0,16810.19140625,11445.1357421875,64,200,2520,283,200,0,30,14,20,0,0
1892,large_drift,1.0,14626.9873046875,9863.734375,74,200,2530,344,200,0,16,38,20,0,0
1893,large_drift,1.0,16752.634765625,8634.740234375,94,200,1705,238,200,0,32,42,20,0,0
1894,large_drift,1.0,15985.828125,9214.8349609375,69,200,2022,171,200,0,32,17,20,0,0
1895,large_drift,1.0,16747.27734375,6514.3408203125,100,200,1741,186,200,0,45,35,20,0,0
1896,large_drift,1.0,15433.0478515625,6788.40576171875,68,200,1687,156,200,0,14,34,20,0,0
1897,large_drift,1.0,16332.4365234375,7626.22216796875,75,200,2028,201,200,0,30,25,20,0,0
1898,large_drift,1.0,18551.7734375,4892.81982421875,92,200,1429,161,200,0,58,14,20,0,0
1899,large_drift,1.0,16370.21484375,11289.5439453125,52,202,3009,355,202,0,12,20,20,0,0
1900,large_drift,1.0,14505.1220703125,4872.81982421875,79,200,1216,123,200,0,37,32,10,0,0
1901,large_drift,1.0,12375.7451171875,6678.69091796875,109,200,1893,173,200,0,63,26,20,0,0
1902,large_drift,1.0,17691.974609375,8213.4814453125,100,200,1551,214,200,0,46,34,20,0,0
1903,large_drift,1.0,18329.677734375,4383.7509765625,71,200,928,119,200,0,31,20,20,0,0
1904,large_drift,1.0,17192.03125,9577.5908203125,76,200,2309,241,200,0,26,30,20,0,0
1905,large_drift,1.0,17681.603515625,7186.33642578125,62,200,1911,214,200,0,32,10,20,0,0
1906,large_drift,1.0,16909.208984375,8503.6044921875,87,200,2294,306,200,0,45,22,20,0,0
1907,large_drift,1.0,16759.95703125,9740.1923828125,106,200,1625,200,200,0,71,15,20,0,0
1908,large_drift,1.0,15901.708984375,14823.2861328125,45,203,1724,230,203,0,16,9,20,0,0
1909,large_drift,1.0,13060.83984375,9229.251953125,65,200,2646,302,200,0,28,27,10,0,0
1910,large_drift,1.0,13581.3466796875,8014.9306640625,75,200,1612,149,200,0,28,37,10,0,0
1911,large_drift,1.0,17246.494140625,9678.279296875,83,200,2154,234,200,0,26,37,20,0,0
1912,large_drift,1.0,17265.521484375,9549.1630859375,74,200,1753,191,200,0,29,25,20,0,0
1913,large_drift,1.0,16472.111328125,6608.5126953125,68,200,2272,192,200,0,27,21,20,0,0
1914,large_drift,1.0,14566.5947265625,10579.6298828125,104,200,2733,390,200,0,59,25,20,0,0
1915,large_drift,1.0,14906.0986328125,7903.63427734375,73,200,2064,215,200,0,28,25,20,0,0
1916,large_drift,1.0,17475.904296875,10121.1455078125,83,200,1833,168,200,0,27,36,20,0,0
1917,large_drift,1.0,15637.71484375,7738.45068359375,97,201,2646,290,201,0,32,45,20,0,0
1918,large_drift,1.0,16680.3515625,8752.685546875,84,202,2872,302,202,0,44,20,20,0,0
1919,large_drift,1.0,11617.55859375,11617.55859375,36,200,2254,202,200,0,10,16,10,0,0
1920,large_drift,1.0,15770.4931640625,7227.919921875,85,200,1215,154,200,0,42,23,20,0,0
1921,large_drift,1.0,15489.615234375,8408.69921875,81,200,1661,183,200,0,30,31,20,0,0
1922,large_drift,1.0,16090.62109375,10147.3056640625,53,200,2189,207,200,0,11,22,20,0,0
1923,large_drift,1.0,16014.8125,7051.3056640625,103,200,2237,273,200,0,30,53,20,0,0
1924,large_drift,1.0,16011.5703125,6890.5263671875,56,200,2008,237,200,0,26,10,20,0,0
1925,large_drift,1.0,17205.294921875,13917.6728515625,82,200,2500,298,200,0,27,35,20,0,0
1926,large_drift,1.0,17669.615234375,5617.34814453125,86,200,1244,151,200,0,54,12,20,0,0
1927,large_drift,1.0,17410.087890625,9171.8662109375,94,200,2104,225,200,0,39,35,20,0,0
1928,large_drift,1.0,15401.3759765625,9916.943359375,111,200,2157,254,200,0,74,17,20,0,0
1929,large_drift,1.0,12942.6533203125,3912.633056640625,104,200,1257,106,200,0,47,47,10,0,0
1930,large_drift,1.0,16821.2578125,8755.453125,89,200,2579,289,200,0,31,38,20,0,0
1931,large_drift,1.0,15673.1923828125,10376.2939453125,97,201,2476,264,201,0,31,46,20,0,0
1932,large_drift,1.0,16666.876953125,11417.48828125,50,200,2987,313,200,0,10,20,20,0,0
1933,large_drift,1.0,18637.677734375,10437.328125,118,201,1686,198,201,0,43,55,20,0,0
1934,large_drift,1.0,17014.701171875,7877.29345703125,80,200,2511,244,200,0,15,45,20,0,0
1935,large_drift,1.0,15402.2822265625,10223.2646484375,107,200,2622,241,200,0,73,14,20,0,0
1936,large_drift,1.0,17117.177734375,11249.27734375,71,201,1831,216,201,0,14,37,20,0,0
1937,large_drift,1.0,18277.685546875,12556.107421875,69,202,1560,152,202,0,14,35,20,0,0
1938,large_drift,1.0,14751.4189453125,5167.14208984375,104,200,1189,171,200,0,68,26,10,0,0
1939,large_drift,1.0,15921.96875,10175.396484375,62,200,2620,272,200,0,16,26,20,0,0
1940,large_drift,1.0,17029.046875,13366.2158203125,62,204,1105,187,204,0,21,21,20,0,0
1941,large_drift,1.0,18622.705078125,9275.3798828125,102,200,1996,210,200,0,42,40,20,0,0
1942,large_drift,1.0,17359.259765625,9011.14453125,70,200,2190,192,200,0,15,35,20,0,0
1943,large_drift,1.0,15774.56640625,8681.9423828125,60,200,1829,217,200,0,27,13,20,0,0
1944,large_drift,1.0,15374.3818359375,8274.3505859375,87,200,2378,320,200,0,45,22,20,0,0
1945,large_drift,1.0,16785.50390625,7865.60595703125,74,200,2161,243,200,0,44,10,20,0,0
1946,large_drift,1.0,16470.193359375,4922.13525390625,88,200,1470,158,200,0,37,31,20,0,0
1947,large_drift,1.0,16624.48828125,4444.0546875,83,200,1601,149,200,0,26,37,20,0,0
1948,large_drift,1.0,16867.896484375,4481.8349609375,76,200,804,88,200,0,11,45,20,0,0
1949,large_drift,1.0,15033.8291015625,11240.6494140625,74,200,1735,238,200,0,36,18,20,0,0
1950,large_drift,1.0,17258.01171875,8347.5732421875,118,200,2075,288,200,0,86,12,20,0,0
1951,large_drift,1.0,16008.8330078125,7673.884765625,111,200,2090,188,200,0,68,23,20,0,0
1952,large_drift,1.0,16910.08984375,9262.9130859375,63,202,2309,263,202,0,10,33,20,0,0
1953,large_drift,1.0,16257.533203125,5052.87841796875,106,200,1113,159,200,0,57,29,20,0,0
1954,large_drift,1.0,15959.349609375,7773.95166015625,84,200,1714,201,200,0,30,34,20,0,0
1955,large_drift,1.0,14862.615234375,14099.63671875,48,201,2277,239,201,0,13,15,20,0,0
1956,large_drift,1.0,16449.81640625,10548.03125,93,200,2945,314,200,0,32,41,20,0,0
1957,large_drift,1.0,14648.451171875,8246.0009765625,72,200,2139,227,200,0,14,38,20,0,0
1958,large_drift,1.0,15990.1875,13652.72265625,85,202,1853,201,202,0,16,49,20,0,0
1959,large_drift,1.0,16763.880859375,9140.427734375,91,200,1879,243,200,0,42,29,20,0,0
1960,large_drift,1.0,18734.185546875,13625.900390625,62,202,2069,265,202,0,32,10,20,0,0
1961,large_drift,1.0,14626.369140625,10013.853515625,90,200,2473,329,200,0,61,9,20,0,0
1962,large_drift,1.0,14562.142578125,7692.28857421875,74,200,1713,182,200,0,36,28,10,0,0
1963,large_drift,1.0,16214.6337890625,10498.2626953125,75,200,2729,374,200,0,45,10,20,0,0
1964,large_drift,1.0,14700.865234375,9240.1455078125,66,200,2447,272,200,0,16,30,20,0,0
1965,large_drift,1.0,16301.302734375,7505.76123046875,53,200,2206,282,200,0,15,18,20,0,0
1966,large_drift,1.0,15028.4951171875,7181.3251953125,78,200,2454,241,200,0,48,10,20,0,0
1967,large_drift,1.0,18158.626953125,5866.9677734375,118,200,1749,176,200,0,54,44,20,0,0
1968,large_drift,1.0,17039.009765625,2653.6982421875,80,200,1007,127,200,0,38,22,20,0,0
1969,large_drift,1.0,15842.953125,7601.7255859375,85,200,2471,263,200,0,31,34,20,0,0
1970,large_drift,1.0,16022.3837890625,8152.99365234375,130,200,1451,163,200,0,71,39,20,0,0
1971,large_drift,1.0,16301.2763671875,7602.62890625,79,200,1504,164,200,0,28,31,20,0,0
1972,large_drift,1.0,15738.349609375,12574.765625,49,201,2320,301,201,0,15,14,20,0,0
1973,large_drift,1.0,16576.45703125,12804.9736328125,80,203,3262,445,203,0,32,28,20,0,0
1974,large_drift,1.0,15529.8720703125,9432.939453125,94,200,2184,198,200,0,55,19,20,0,0
1975,large_drift,1.0,15218.3671875,11010.2490234375,59,201,2669,288,201,0,12,27,20,0,0
1976,large_drift,1.0,12116.8056640625,10243.4150390625,51,200,2774,306,200,0,15,26,10,0,0
1977,large_drift,1.0,13751.3447265625,7992.4140625,99,200,1914,203,200,0,61,28,10,0,0
1978,large_drift,1.0,18293.150390625,12731.3193359375,58,201,1904,195,201,0,15,23,20,0,0
1979,large_drift,1.0,18717.119140625,8978.140625,116,200,2892,295,200,0,55,41,20,0,0
1980,large_drift,1.0,19134.833984375,8067.099609375,76,200,1640,202,200,0,37,19,20,0,0
1981,large_drift,1.0,16643.0546875,11140.0771484375,91,201,2497,232,201,0,38,33,20,0,0
1982,large_drift,1.0,16993.958984375,7574.72900390625,90,200,1540,204,200,0,22,48,20,0,0
1983,large_drift,1.0,15979.5751953125,11747.4970703125,81,200,2289,233,200,0,47,14,20,0,0
1984,large_drift,1.0,14650.642578125,6078.18505859375,110,200,1539,161,200,0,42,48,20,0,0
1985,large_drift,1.0,16845.318359375,7395.126953125,83,200,1305,154,200,0,11,52,20,0,0
1986,large_drift,1.0,15442.666015625,9513.3330078125,131,201,2692,286,201,0,102,9,20,0,0
1987,large_drift,1.0,15700.8525390625,9836.0458984375,63,200,2601,260,200,0,29,14,20,0,0
1988,large_drift,1.0,17312.916015625,7430.26611328125,99,200,1294,159,200,0,45,34,20,0,0
1989,large_drift,1.0,16391.076171875,8324.1279296875,88,200,2795,324,200,0,32,36,20,0,0
1990,large_drift,0.9,15904.9931640625,11222.96875,79,200,2736,382,200,0,24,35,20,0,0
1991,large_drift,1.0,13559.515625,7181.470703125,98,200,1780,181,200,0,52,26,20,0,0
1992,large_drift,1.0,17324.416015625,14549.0517578125,73,204,1901,260,204,0,29,24,20,0,0
1993,large_drift,1.0,17256.16015625,9972.9833984375,62,200,2298,286,200,0,21,21,20,0,0
1994,large_drift,1.0,15215.09765625,7229.42236328125,107,200,1888,200,200,0,37,50,20,0,0
1995,large_drift,1.0,14631.017578125,5909.720703125,115,200,1889,177,200,0,46,49,20,0,0
1996,large_drift,1.0,16275.544921875,8032.00830078125,60,200,1298,189,200,0,14,26,20,0,0
1997,large_drift,1.0,17902.388671875,6787.4931640625,61,200,2115,211,200,0,31,10,20,0,0
1998,large_drift,1.0,17833.666015625,9407.177734375,75,200,2506,230,200,0,16,39,20,0,0
1999,large_drift,1.0,16106.4189453125,11611.7958984375,71,200,2341,292,200,0,15,36,20,0,0
