recall,mean_query_time_ms,ef_search,n_queries,epoch,t,data,drift,eval,index,output,schedule_used
0.9606,0.034062632941640913,16,500,0,0.0,"{'base_path': '/scratch/easchman/thesis/data/sift/sift_learn.fvecs', 'n_base': 5000000, 'n_queries_pool': 10000, 'query_path': '/scratch/easchman/thesis/data/sift/sift_query.fvecs'}","{'epoch_size': 500, 'n_epochs': 25, 'schedule_gradual': [0.0, 0.0, 0.0, 0.0, 0.0, 0.0, 0.125, 0.25, 0.375, 0.5, 0.5, 0.5, 0.5, 0.5, 0.5, 0.5, 0.625, 0.75, 0.875, 1.0, 1.0, 1.0, 1.0, 1.0, 1.0], 'schedule_sudden': [0.0, 0.0, 0.0, 0.0, 0.0, 0.0, 0.0, 0.0, 0.0, 0.0, 0.0, 0.0, 0.0, 1.0, 1.0, 1.0, 1.0, 1.0, 1.0, 1.0, 1.0, 1.0, 1.0, 1.0, 1.0], 'seed': 42}","{'ef_search': [16, 32, 64, 128, 256, 512], 'k': 10, 'k_groundtruth': 100}","{'M': 16, 'ef_construction': 200, 'seed': 1234}","{'dataset_gradual_path': 'experiments/01_drift_baseline/dataset_gradual', 'dataset_sudden_path': 'experiments/01_drift_baseline/dataset_sudden', 'index_path': 'experiments/01_drift_baseline/index.bin', 'results_gradual': 'experiments/01_drift_baseline/results_gradual.csv', 'results_sudden': 'experiments/01_drift_baseline/results_sudden.csv'}",schedule_sudden
0.9822000000000001,0.040467754181008786,32,500,0,0.0,"{'base_path': '/scratch/easchman/thesis/data/sift/sift_learn.fvecs', 'n_base': 5000000, 'n_queries_pool': 10000, 'query_path': '/scratch/easchman/thesis/data/sift/sift_query.fvecs'}","{'epoch_size': 500, 'n_epochs': 25, 'schedule_gradual': [0.0, 0.0, 0.0, 0.0, 0.0, 0.0, 0.125, 0.25, 0.375, 0.5, 0.5, 0.5, 0.5, 0.5, 0.5, 0.5, 0.625, 0.75, 0.875, 1.0, 1.0, 1.0, 1.0, 1.0, 1.0], 'schedule_sudden': [0.0, 0.0, 0.0, 0.0, 0.0, 0.0, 0.0, 0.0, 0.0, 0.0, 0.0, 0.0, 0.0, 1.0, 1.0, 1.0, 1.0, 1.0, 1.0, 1.0, 1.0, 1.0, 1.0, 1.0, 1.0], 'seed': 42}","{'ef_search': [16, 32, 64, 128, 256, 512], 'k': 10, 'k_groundtruth': 100}","{'M': 16, 'ef_construction': 200, 'seed': 1234}","{'dataset_gradual_path': 'experiments/01_drift_baseline/dataset_gradual', 'dataset_sudden_path': 'experiments/01_drift_baseline/dataset_sudden', 'index_path': 'experiments/01_drift_baseline/index.bin', 'results_gradual': 'experiments/01_drift_baseline/results_gradual.csv', 'results_sudden': 'experiments/01_drift_baseline/results_sudden.csv'}",schedule_sudden
0.9944,0.06861901975935325,64,500,0,0.0,"{'base_path': '/scratch/easchman/thesis/data/sift/sift_learn.fvecs', 'n_base': 5000000, 'n_queries_pool': 10000, 'query_path': '/scratch/easchman/thesis/data/sift/sift_query.fvecs'}","{'epoch_size': 500, 'n_epochs': 25, 'schedule_gradual': [0.0, 0.0, 0.0, 0.0, 0.0, 0.0, 0.125, 0.25, 0.375, 0.5, 0.5, 0.5, 0.5, 0.5, 0.5, 0.5, 0.625, 0.75, 0.875, 1.0, 1.0, 1.0, 1.0, 1.0, 1.0], 'schedule_sudden': [0.0, 0.0, 0.0, 0.0, 0.0, 0.0, 0.0, 0.0, 0.0, 0.0, 0.0, 0.0, 0.0, 1.0, 1.0, 1.0, 1.0, 1.0, 1.0, 1.0, 1.0, 1.0, 1.0, 1.0, 1.0], 'seed': 42}","{'ef_search': [16, 32, 64, 128, 256, 512], 'k': 10, 'k_groundtruth': 100}","{'M': 16, 'ef_construction': 200, 'seed': 1234}","{'dataset_gradual_path': 'experiments/01_drift_baseline/dataset_gradual', 'dataset_sudden_path': 'experiments/01_drift_baseline/dataset_sudden', 'index_path': 'experiments/01_drift_baseline/index.bin', 'results_gradual': 'experiments/01_drift_baseline/results_gradual.csv', 'results_sudden': 'experiments/01_drift_baseline/results_sudden.csv'}",schedule_sudden
0.9992000000000001,0.12368973053526133,128,500,0,0.0,"{'base_path': '/scratch/easchman/thesis/data/sift/sift_learn.fvecs', 'n_base': 5000000, 'n_queries_pool': 10000, 'query_path': '/scratch/easchman/thesis/data/sift/sift_query.fvecs'}","{'epoch_size': 500, 'n_epochs': 25, 'schedule_gradual': [0.0, 0.0, 0.0, 0.0, 0.0, 0.0, 0.125, 0.25, 0.375, 0.5, 0.5, 0.5, 0.5, 0.5, 0.5, 0.5, 0.625, 0.75, 0.875, 1.0, 1.0, 1.0, 1.0, 1.0, 1.0], 'schedule_sudden': [0.0, 0.0, 0.0, 0.0, 0.0, 0.0, 0.0, 0.0, 0.0, 0.0, 0.0, 0.0, 0.0, 1.0, 1.0, 1.0, 1.0, 1.0, 1.0, 1.0, 1.0, 1.0, 1.0, 1.0, 1.0], 'seed': 42}","{'ef_search': [16, 32, 64, 128, 256, 512], 'k': 10, 'k_groundtruth': 100}","{'M': 16, 'ef_construction': 200, 'seed': 1234}","{'dataset_gradual_path': 'experiments/01_drift_baseline/dataset_gradual', 'dataset_sudden_path': 'experiments/01_drift_baseline/dataset_sudden', 'index_path': 'experiments/01_drift_baseline/index.bin', 'results_gradual': 'experiments/01_drift_baseline/results_gradual.csv', 'results_sudden': 'experiments/01_drift_baseline/results_sudden.csv'}",schedule_sudden
1.0,0.21911163430195302,256,500,0,0.0,"{'base_path': '/scratch/easchman/thesis/data/sift/sift_learn.fvecs', 'n_base': 5000000, 'n_queries_pool': 10000, 'query_path': '/scratch/easchman/thesis/data/sift/sift_query.fvecs'}","{'epoch_size': 500, 'n_epochs': 25, 'schedule_gradual': [0.0, 0.0, 0.0, 0.0, 0.0, 0.0, 0.125, 0.25, 0.375, 0.5, 0.5, 0.5, 0.5, 0.5, 0.5, 0.5, 0.625, 0.75, 0.875, 1.0, 1.0, 1.0, 1.0, 1.0, 1.0], 'schedule_sudden': [0.0, 0.0, 0.0, 0.0, 0.0, 0.0, 0.0, 0.0, 0.0, 0.0, 0.0, 0.0, 0.0, 1.0, 1.0, 1.0, 1.0, 1.0, 1.0, 1.0, 1.0, 1.0, 1.0, 1.0, 1.0], 'seed': 42}","{'ef_search': [16, 32, 64, 128, 256, 512], 'k': 10, 'k_groundtruth': 100}","{'M': 16, 'ef_construction': 200, 'seed': 1234}","{'dataset_gradual_path': 'experiments/01_drift_baseline/dataset_gradual', 'dataset_sudden_path': 'experiments/01_drift_baseline/dataset_sudden', 'index_path': 'experiments/01_drift_baseline/index.bin', 'results_gradual': 'experiments/01_drift_baseline/results_gradual.csv', 'results_sudden': 'experiments/01_drift_baseline/results_sudden.csv'}",schedule_sudden
1.0,0.4075746454182081,512,500,0,0.0,"{'base_path': '/scratch/easchman/thesis/data/sift/sift_learn.fvecs', 'n_base': 5000000, 'n_queries_pool': 10000, 'query_path': '/scratch/easchman/thesis/data/sift/sift_query.fvecs'}","{'epoch_size': 500, 'n_epochs': 25, 'schedule_gradual': [0.0, 0.0, 0.0, 0.0, 0.0, 0.0, 0.125, 0.25, 0.375, 0.5, 0.5, 0.5, 0.5, 0.5, 0.5, 0.5, 0.625, 0.75, 0.875, 1.0, 1.0, 1.0, 1.0, 1.0, 1.0], 'schedule_sudden': [0.0, 0.0, 0.0, 0.0, 0.0, 0.0, 0.0, 0.0, 0.0, 0.0, 0.0, 0.0, 0.0, 1.0, 1.0, 1.0, 1.0, 1.0, 1.0, 1.0, 1.0, 1.0, 1.0, 1.0, 1.0], 'seed': 42}","{'ef_search': [16, 32, 64, 128, 256, 512], 'k': 10, 'k_groundtruth': 100}","{'M': 16, 'ef_construction': 200, 'seed': 1234}","{'dataset_gradual_path': 'experiments/01_drift_baseline/dataset_gradual', 'dataset_sudden_path': 'experiments/01_drift_baseline/dataset_sudden', 'index_path': 'experiments/01_drift_baseline/index.bin', 'results_gradual': 'experiments/01_drift_baseline/results_gradual.csv', 'results_sudden': 'experiments/01_drift_baseline/results_sudden.csv'}",schedule_sudden
0.955,0.025665430235676467,16,500,1,0.0,"{'base_path': '/scratch/easchman/thesis/data/sift/sift_learn.fvecs', 'n_base': 5000000, 'n_queries_pool': 10000, 'query_path': '/scratch/easchman/thesis/data/sift/sift_query.fvecs'}","{'epoch_size': 500, 'n_epochs': 25, 'schedule_gradual': [0.0, 0.0, 0.0, 0.0, 0.0, 0.0, 0.125, 0.25, 0.375, 0.5, 0.5, 0.5, 0.5, 0.5, 0.5, 0.5, 0.625, 0.75, 0.875, 1.0, 1.0, 1.0, 1.0, 1.0, 1.0], 'schedule_sudden': [0.0, 0.0, 0.0, 0.0, 0.0, 0.0, 0.0, 0.0, 0.0, 0.0, 0.0, 0.0, 0.0, 1.0, 1.0, 1.0, 1.0, 1.0, 1.0, 1.0, 1.0, 1.0, 1.0, 1.0, 1.0], 'seed': 42}","{'ef_search': [16, 32, 64, 128, 256, 512], 'k': 10, 'k_groundtruth': 100}","{'M': 16, 'ef_construction': 200, 'seed': 1234}","{'dataset_gradual_path': 'experiments/01_drift_baseline/dataset_gradual', 'dataset_sudden_path': 'experiments/01_drift_baseline/dataset_sudden', 'index_path': 'experiments/01_drift_baseline/index.bin', 'results_gradual': 'experiments/01_drift_baseline/results_gradual.csv', 'results_sudden': 'experiments/01_drift_baseline/results_sudden.csv'}",schedule_sudden
0.984,0.04020525753730908,32,500,1,0.0,"{'base_path': '/scratch/easchman/thesis/data/sift/sift_learn.fvecs', 'n_base': 5000000, 'n_queries_pool': 10000, 'query_path': '/scratch/easchman/thesis/data/sift/sift_query.fvecs'}","{'epoch_size': 500, 'n_epochs': 25, 'schedule_gradual': [0.0, 0.0, 0.0, 0.0, 0.0, 0.0, 0.125, 0.25, 0.375, 0.5, 0.5, 0.5, 0.5, 0.5, 0.5, 0.5, 0.625, 0.75, 0.875, 1.0, 1.0, 1.0, 1.0, 1.0, 1.0], 'schedule_sudden': [0.0, 0.0, 0.0, 0.0, 0.0, 0.0, 0.0, 0.0, 0.0, 0.0, 0.0, 0.0, 0.0, 1.0, 1.0, 1.0, 1.0, 1.0, 1.0, 1.0, 1.0, 1.0, 1.0, 1.0, 1.0], 'seed': 42}","{'ef_search': [16, 32, 64, 128, 256, 512], 'k': 10, 'k_groundtruth': 100}","{'M': 16, 'ef_construction': 200, 'seed': 1234}","{'dataset_gradual_path': 'experiments/01_drift_baseline/dataset_gradual', 'dataset_sudden_path': 'experiments/01_drift_baseline/dataset_sudden', 'index_path': 'experiments/01_drift_baseline/index.bin', 'results_gradual': 'experiments/01_drift_baseline/results_gradual.csv', 'results_sudden': 'experiments/01_drift_baseline/results_sudden.csv'}",schedule_sudden
0.9972000000000001,0.06965155625948682,64,500,1,0.0,"{'base_path': '/scratch/easchman/thesis/data/sift/sift_learn.fvecs', 'n_base': 5000000, 'n_queries_pool': 10000, 'query_path': '/scratch/easchman/thesis/data/sift/sift_query.fvecs'}","{'epoch_size': 500, 'n_epochs': 25, 'schedule_gradual': [0.0, 0.0, 0.0, 0.0, 0.0, 0.0, 0.125, 0.25, 0.375, 0.5, 0.5, 0.5, 0.5, 0.5, 0.5, 0.5, 0.625, 0.75, 0.875, 1.0, 1.0, 1.0, 1.0, 1.0, 1.0], 'schedule_sudden': [0.0, 0.0, 0.0, 0.0, 0.0, 0.0, 0.0, 0.0, 0.0, 0.0, 0.0, 0.0, 0.0, 1.0, 1.0, 1.0, 1.0, 1.0, 1.0, 1.0, 1.0, 1.0, 1.0, 1.0, 1.0], 'seed': 42}","{'ef_search': [16, 32, 64, 128, 256, 512], 'k': 10, 'k_groundtruth': 100}","{'M': 16, 'ef_construction': 200, 'seed': 1234}","{'dataset_gradual_path': 'experiments/01_drift_baseline/dataset_gradual', 'dataset_sudden_path': 'experiments/01_drift_baseline/dataset_sudden', 'index_path': 'experiments/01_drift_baseline/index.bin', 'results_gradual': 'experiments/01_drift_baseline/results_gradual.csv', 'results_sudden': 'experiments/01_drift_baseline/results_sudden.csv'}",schedule_sudden
0.999,0.1205284915631637,128,500,1,0.0,"{'base_path': '/scratch/easchman/thesis/data/sift/sift_learn.fvecs', 'n_base': 5000000, 'n_queries_pool': 10000, 'query_path': '/scratch/easchman/thesis/data/sift/sift_query.fvecs'}","{'epoch_size': 500, 'n_epochs': 25, 'schedule_gradual': [0.0, 0.0, 0.0, 0.0, 0.0, 0.0, 0.125, 0.25, 0.375, 0.5, 0.5, 0.5, 0.5, 0.5, 0.5, 0.5, 0.625, 0.75, 0.875, 1.0, 1.0, 1.0, 1.0, 1.0, 1.0], 'schedule_sudden': [0.0, 0.0, 0.0, 0.0, 0.0, 0.0, 0.0, 0.0, 0.0, 0.0, 0.0, 0.0, 0.0, 1.0, 1.0, 1.0, 1.0, 1.0, 1.0, 1.0, 1.0, 1.0, 1.0, 1.0, 1.0], 'seed': 42}","{'ef_search': [16, 32, 64, 128, 256, 512], 'k': 10, 'k_groundtruth': 100}","{'M': 16, 'ef_construction': 200, 'seed': 1234}","{'dataset_gradual_path': 'experiments/01_drift_baseline/dataset_gradual', 'dataset_sudden_path': 'experiments/01_drift_baseline/dataset_sudden', 'index_path': 'experiments/01_drift_baseline/index.bin', 'results_gradual': 'experiments/01_drift_baseline/results_gradual.csv', 'results_sudden': 'experiments/01_drift_baseline/results_sudden.csv'}",schedule_sudden
0.9994000000000001,0.22234557004412636,256,500,1,0.0,"{'base_path': '/scratch/easchman/thesis/data/sift/sift_learn.fvecs', 'n_base': 5000000, 'n_queries_pool': 10000, 'query_path': '/scratch/easchman/thesis/data/sift/sift_query.fvecs'}","{'epoch_size': 500, 'n_epochs': 25, 'schedule_gradual': [0.0, 0.0, 0.0, 0.0, 0.0, 0.0, 0.125, 0.25, 0.375, 0.5, 0.5, 0.5, 0.5, 0.5, 0.5, 0.5, 0.625, 0.75, 0.875, 1.0, 1.0, 1.0, 1.0, 1.0, 1.0], 'schedule_sudden': [0.0, 0.0, 0.0, 0.0, 0.0, 0.0, 0.0, 0.0, 0.0, 0.0, 0.0, 0.0, 0.0, 1.0, 1.0, 1.0, 1.0, 1.0, 1.0, 1.0, 1.0, 1.0, 1.0, 1.0, 1.0], 'seed': 42}","{'ef_search': [16, 32, 64, 128, 256, 512], 'k': 10, 'k_groundtruth': 100}","{'M': 16, 'ef_construction': 200, 'seed': 1234}","{'dataset_gradual_path': 'experiments/01_drift_baseline/dataset_gradual', 'dataset_sudden_path': 'experiments/01_drift_baseline/dataset_sudden', 'index_path': 'experiments/01_drift_baseline/index.bin', 'results_gradual': 'experiments/01_drift_baseline/results_gradual.csv', 'results_sudden': 'experiments/01_drift_baseline/results_sudden.csv'}",schedule_sudden
0.9996,0.4083950200001709,512,500,1,0.0,"{'base_path': '/scratch/easchman/thesis/data/sift/sift_learn.fvecs', 'n_base': 5000000, 'n_queries_pool': 10000, 'query_path': '/scratch/easchman/thesis/data/sift/sift_query.fvecs'}","{'epoch_size': 500, 'n_epochs': 25, 'schedule_gradual': [0.0, 0.0, 0.0, 0.0, 0.0, 0.0, 0.125, 0.25, 0.375, 0.5, 0.5, 0.5, 0.5, 0.5, 0.5, 0.5, 0.625, 0.75, 0.875, 1.0, 1.0, 1.0, 1.0, 1.0, 1.0], 'schedule_sudden': [0.0, 0.0, 0.0, 0.0, 0.0, 0.0, 0.0, 0.0, 0.0, 0.0, 0.0, 0.0, 0.0, 1.0, 1.0, 1.0, 1.0, 1.0, 1.0, 1.0, 1.0, 1.0, 1.0, 1.0, 1.0], 'seed': 42}","{'ef_search': [16, 32, 64, 128, 256, 512], 'k': 10, 'k_groundtruth': 100}","{'M': 16, 'ef_construction': 200, 'seed': 1234}","{'dataset_gradual_path': 'experiments/01_drift_baseline/dataset_gradual', 'dataset_sudden_path': 'experiments/01_drift_baseline/dataset_sudden', 'index_path': 'experiments/01_drift_baseline/index.bin', 'results_gradual': 'experiments/01_drift_baseline/results_gradual.csv', 'results_sudden': 'experiments/01_drift_baseline/results_sudden.csv'}",schedule_sudden
0.9572,0.024579978198744357,16,500,2,0.0,"{'base_path': '/scratch/easchman/thesis/data/sift/sift_learn.fvecs', 'n_base': 5000000, 'n_queries_pool': 10000, 'query_path': '/scratch/easchman/thesis/data/sift/sift_query.fvecs'}","{'epoch_size': 500, 'n_epochs': 25, 'schedule_gradual': [0.0, 0.0, 0.0, 0.0, 0.0, 0.0, 0.125, 0.25, 0.375, 0.5, 0.5, 0.5, 0.5, 0.5, 0.5, 0.5, 0.625, 0.75, 0.875, 1.0, 1.0, 1.0, 1.0, 1.0, 1.0], 'schedule_sudden': [0.0, 0.0, 0.0, 0.0, 0.0, 0.0, 0.0, 0.0, 0.0, 0.0, 0.0, 0.0, 0.0, 1.0, 1.0, 1.0, 1.0, 1.0, 1.0, 1.0, 1.0, 1.0, 1.0, 1.0, 1.0], 'seed': 42}","{'ef_search': [16, 32, 64, 128, 256, 512], 'k': 10, 'k_groundtruth': 100}","{'M': 16, 'ef_construction': 200, 'seed': 1234}","{'dataset_gradual_path': 'experiments/01_drift_baseline/dataset_gradual', 'dataset_sudden_path': 'experiments/01_drift_baseline/dataset_sudden', 'index_path': 'experiments/01_drift_baseline/index.bin', 'results_gradual': 'experiments/01_drift_baseline/results_gradual.csv', 'results_sudden': 'experiments/01_drift_baseline/results_sudden.csv'}",schedule_sudden
0.983,0.03866864199517295,32,500,2,0.0,"{'base_path': '/scratch/easchman/thesis/data/sift/sift_learn.fvecs', 'n_base': 5000000, 'n_queries_pool': 10000, 'query_path': '/scratch/easchman/thesis/data/sift/sift_query.fvecs'}","{'epoch_size': 500, 'n_epochs': 25, 'schedule_gradual': [0.0, 0.0, 0.0, 0.0, 0.0, 0.0, 0.125, 0.25, 0.375, 0.5, 0.5, 0.5, 0.5, 0.5, 0.5, 0.5, 0.625, 0.75, 0.875, 1.0, 1.0, 1.0, 1.0, 1.0, 1.0], 'schedule_sudden': [0.0, 0.0, 0.0, 0.0, 0.0, 0.0, 0.0, 0.0, 0.0, 0.0, 0.0, 0.0, 0.0, 1.0, 1.0, 1.0, 1.0, 1.0, 1.0, 1.0, 1.0, 1.0, 1.0, 1.0, 1.0], 'seed': 42}","{'ef_search': [16, 32, 64, 128, 256, 512], 'k': 10, 'k_groundtruth': 100}","{'M': 16, 'ef_construction': 200, 'seed': 1234}","{'dataset_gradual_path': 'experiments/01_drift_baseline/dataset_gradual', 'dataset_sudden_path': 'experiments/01_drift_baseline/dataset_sudden', 'index_path': 'experiments/01_drift_baseline/index.bin', 'results_gradual': 'experiments/01_drift_baseline/results_gradual.csv', 'results_sudden': 'experiments/01_drift_baseline/results_sudden.csv'}",schedule_sudden
0.9967999999999999,0.06616698752623051,64,500,2,0.0,"{'base_path': '/scratch/easchman/thesis/data/sift/sift_learn.fvecs', 'n_base': 5000000, 'n_queries_pool': 10000, 'query_path': '/scratch/easchman/thesis/data/sift/sift_query.fvecs'}","{'epoch_size': 500, 'n_epochs': 25, 'schedule_gradual': [0.0, 0.0, 0.0, 0.0, 0.0, 0.0, 0.125, 0.25, 0.375, 0.5, 0.5, 0.5, 0.5, 0.5, 0.5, 0.5, 0.625, 0.75, 0.875, 1.0, 1.0, 1.0, 1.0, 1.0, 1.0], 'schedule_sudden': [0.0, 0.0, 0.0, 0.0, 0.0, 0.0, 0.0, 0.0, 0.0, 0.0, 0.0, 0.0, 0.0, 1.0, 1.0, 1.0, 1.0, 1.0, 1.0, 1.0, 1.0, 1.0, 1.0, 1.0, 1.0], 'seed': 42}","{'ef_search': [16, 32, 64, 128, 256, 512], 'k': 10, 'k_groundtruth': 100}","{'M': 16, 'ef_construction': 200, 'seed': 1234}","{'dataset_gradual_path': 'experiments/01_drift_baseline/dataset_gradual', 'dataset_sudden_path': 'experiments/01_drift_baseline/dataset_sudden', 'index_path': 'experiments/01_drift_baseline/index.bin', 'results_gradual': 'experiments/01_drift_baseline/results_gradual.csv', 'results_sudden': 'experiments/01_drift_baseline/results_sudden.csv'}",schedule_sudden
0.9994,0.11914430349133909,128,500,2,0.0,"{'base_path': '/scratch/easchman/thesis/data/sift/sift_learn.fvecs', 'n_base': 5000000, 'n_queries_pool': 10000, 'query_path': '/scratch/easchman/thesis/data/sift/sift_query.fvecs'}","{'epoch_size': 500, 'n_epochs': 25, 'schedule_gradual': [0.0, 0.0, 0.0, 0.0, 0.0, 0.0, 0.125, 0.25, 0.375, 0.5, 0.5, 0.5, 0.5, 0.5, 0.5, 0.5, 0.625, 0.75, 0.875, 1.0, 1.0, 1.0, 1.0, 1.0, 1.0], 'schedule_sudden': [0.0, 0.0, 0.0, 0.0, 0.0, 0.0, 0.0, 0.0, 0.0, 0.0, 0.0, 0.0, 0.0, 1.0, 1.0, 1.0, 1.0, 1.0, 1.0, 1.0, 1.0, 1.0, 1.0, 1.0, 1.0], 'seed': 42}","{'ef_search': [16, 32, 64, 128, 256, 512], 'k': 10, 'k_groundtruth': 100}","{'M': 16, 'ef_construction': 200, 'seed': 1234}","{'dataset_gradual_path': 'experiments/01_drift_baseline/dataset_gradual', 'dataset_sudden_path': 'experiments/01_drift_baseline/dataset_sudden', 'index_path': 'experiments/01_drift_baseline/index.bin', 'results_gradual': 'experiments/01_drift_baseline/results_gradual.csv', 'results_sudden': 'experiments/01_drift_baseline/results_sudden.csv'}",schedule_sudden
1.0,0.21781246428145096,256,500,2,0.0,"{'base_path': '/scratch/easchman/thesis/data/sift/sift_learn.fvecs', 'n_base': 5000000, 'n_queries_pool': 10000, 'query_path': '/scratch/easchman/thesis/data/sift/sift_query.fvecs'}","{'epoch_size': 500, 'n_epochs': 25, 'schedule_gradual': [0.0, 0.0, 0.0, 0.0, 0.0, 0.0, 0.125, 0.25, 0.375, 0.5, 0.5, 0.5, 0.5, 0.5, 0.5, 0.5, 0.625, 0.75, 0.875, 1.0, 1.0, 1.0, 1.0, 1.0, 1.0], 'schedule_sudden': [0.0, 0.0, 0.0, 0.0, 0.0, 0.0, 0.0, 0.0, 0.0, 0.0, 0.0, 0.0, 0.0, 1.0, 1.0, 1.0, 1.0, 1.0, 1.0, 1.0, 1.0, 1.0, 1.0, 1.0, 1.0], 'seed': 42}","{'ef_search': [16, 32, 64, 128, 256, 512], 'k': 10, 'k_groundtruth': 100}","{'M': 16, 'ef_construction': 200, 'seed': 1234}","{'dataset_gradual_path': 'experiments/01_drift_baseline/dataset_gradual', 'dataset_sudden_path': 'experiments/01_drift_baseline/dataset_sudden', 'index_path': 'experiments/01_drift_baseline/index.bin', 'results_gradual': 'experiments/01_drift_baseline/results_gradual.csv', 'results_sudden': 'experiments/01_drift_baseline/results_sudden.csv'}",schedule_sudden
1.0,0.40165851690107957,512,500,2,0.0,"{'base_path': '/scratch/easchman/thesis/data/sift/sift_learn.fvecs', 'n_base': 5000000, 'n_queries_pool': 10000, 'query_path': '/scratch/easchman/thesis/data/sift/sift_query.fvecs'}","{'epoch_size': 500, 'n_epochs': 25, 'schedule_gradual': [0.0, 0.0, 0.0, 0.0, 0.0, 0.0, 0.125, 0.25, 0.375, 0.5, 0.5, 0.5, 0.5, 0.5, 0.5, 0.5, 0.625, 0.75, 0.875, 1.0, 1.0, 1.0, 1.0, 1.0, 1.0], 'schedule_sudden': [0.0, 0.0, 0.0, 0.0, 0.0, 0.0, 0.0, 0.0, 0.0, 0.0, 0.0, 0.0, 0.0, 1.0, 1.0, 1.0, 1.0, 1.0, 1.0, 1.0, 1.0, 1.0, 1.0, 1.0, 1.0], 'seed': 42}","{'ef_search': [16, 32, 64, 128, 256, 512], 'k': 10, 'k_groundtruth': 100}","{'M': 16, 'ef_construction': 200, 'seed': 1234}","{'dataset_gradual_path': 'experiments/01_drift_baseline/dataset_gradual', 'dataset_sudden_path': 'experiments/01_drift_baseline/dataset_sudden', 'index_path': 'experiments/01_drift_baseline/index.bin', 'results_gradual': 'experiments/01_drift_baseline/results_gradual.csv', 'results_sudden': 'experiments/01_drift_baseline/results_sudden.csv'}",schedule_sudden
0.9582,0.025898390565998852,16,500,3,0.0,"{'base_path': '/scratch/easchman/thesis/data/sift/sift_learn.fvecs', 'n_base': 5000000, 'n_queries_pool': 10000, 'query_path': '/scratch/easchman/thesis/data/sift/sift_query.fvecs'}","{'epoch_size': 500, 'n_epochs': 25, 'schedule_gradual': [0.0, 0.0, 0.0, 0.0, 0.0, 0.0, 0.125, 0.25, 0.375, 0.5, 0.5, 0.5, 0.5, 0.5, 0.5, 0.5, 0.625, 0.75, 0.875, 1.0, 1.0, 1.0, 1.0, 1.0, 1.0], 'schedule_sudden': [0.0, 0.0, 0.0, 0.0, 0.0, 0.0, 0.0, 0.0, 0.0, 0.0, 0.0, 0.0, 0.0, 1.0, 1.0, 1.0, 1.0, 1.0, 1.0, 1.0, 1.0, 1.0, 1.0, 1.0, 1.0], 'seed': 42}","{'ef_search': [16, 32, 64, 128, 256, 512], 'k': 10, 'k_groundtruth': 100}","{'M': 16, 'ef_construction': 200, 'seed': 1234}","{'dataset_gradual_path': 'experiments/01_drift_baseline/dataset_gradual', 'dataset_sudden_path': 'experiments/01_drift_baseline/dataset_sudden', 'index_path': 'experiments/01_drift_baseline/index.bin', 'results_gradual': 'experiments/01_drift_baseline/results_gradual.csv', 'results_sudden': 'experiments/01_drift_baseline/results_sudden.csv'}",schedule_sudden
0.9832000000000001,0.039921871677506715,32,500,3,0.0,"{'base_path': '/scratch/easchman/thesis/data/sift/sift_learn.fvecs', 'n_base': 5000000, 'n_queries_pool': 10000, 'query_path': '/scratch/easchman/thesis/data/sift/sift_query.fvecs'}","{'epoch_size': 500, 'n_epochs': 25, 'schedule_gradual': [0.0, 0.0, 0.0, 0.0, 0.0, 0.0, 0.125, 0.25, 0.375, 0.5, 0.5, 0.5, 0.5, 0.5, 0.5, 0.5, 0.625, 0.75, 0.875, 1.0, 1.0, 1.0, 1.0, 1.0, 1.0], 'schedule_sudden': [0.0, 0.0, 0.0, 0.0, 0.0, 0.0, 0.0, 0.0, 0.0, 0.0, 0.0, 0.0, 0.0, 1.0, 1.0, 1.0, 1.0, 1.0, 1.0, 1.0, 1.0, 1.0, 1.0, 1.0, 1.0], 'seed': 42}","{'ef_search': [16, 32, 64, 128, 256, 512], 'k': 10, 'k_groundtruth': 100}","{'M': 16, 'ef_construction': 200, 'seed': 1234}","{'dataset_gradual_path': 'experiments/01_drift_baseline/dataset_gradual', 'dataset_sudden_path': 'experiments/01_drift_baseline/dataset_sudden', 'index_path': 'experiments/01_drift_baseline/index.bin', 'results_gradual': 'experiments/01_drift_baseline/results_gradual.csv', 'results_sudden': 'experiments/01_drift_baseline/results_sudden.csv'}",schedule_sudden
0.9946,0.0679407732677646,64,500,3,0.0,"{'base_path': '/scratch/easchman/thesis/data/sift/sift_learn.fvecs', 'n_base': 5000000, 'n_queries_pool': 10000, 'query_path': '/scratch/easchman/thesis/data/sift/sift_query.fvecs'}","{'epoch_size': 500, 'n_epochs': 25, 'schedule_gradual': [0.0, 0.0, 0.0, 0.0, 0.0, 0.0, 0.125, 0.25, 0.375, 0.5, 0.5, 0.5, 0.5, 0.5, 0.5, 0.5, 0.625, 0.75, 0.875, 1.0, 1.0, 1.0, 1.0, 1.0, 1.0], 'schedule_sudden': [0.0, 0.0, 0.0, 0.0, 0.0, 0.0, 0.0, 0.0, 0.0, 0.0, 0.0, 0.0, 0.0, 1.0, 1.0, 1.0, 1.0, 1.0, 1.0, 1.0, 1.0, 1.0, 1.0, 1.0, 1.0], 'seed': 42}","{'ef_search': [16, 32, 64, 128, 256, 512], 'k': 10, 'k_groundtruth': 100}","{'M': 16, 'ef_construction': 200, 'seed': 1234}","{'dataset_gradual_path': 'experiments/01_drift_baseline/dataset_gradual', 'dataset_sudden_path': 'experiments/01_drift_baseline/dataset_sudden', 'index_path': 'experiments/01_drift_baseline/index.bin', 'results_gradual': 'experiments/01_drift_baseline/results_gradual.csv', 'results_sudden': 'experiments/01_drift_baseline/results_sudden.csv'}",schedule_sudden
0.9985999999999999,0.12270150176482275,128,500,3,0.0,"{'base_path': '/scratch/easchman/thesis/data/sift/sift_learn.fvecs', 'n_base': 5000000, 'n_queries_pool': 10000, 'query_path': '/scratch/easchman/thesis/data/sift/sift_query.fvecs'}","{'epoch_size': 500, 'n_epochs': 25, 'schedule_gradual': [0.0, 0.0, 0.0, 0.0, 0.0, 0.0, 0.125, 0.25, 0.375, 0.5, 0.5, 0.5, 0.5, 0.5, 0.5, 0.5, 0.625, 0.75, 0.875, 1.0, 1.0, 1.0, 1.0, 1.0, 1.0], 'schedule_sudden': [0.0, 0.0, 0.0, 0.0, 0.0, 0.0, 0.0, 0.0, 0.0, 0.0, 0.0, 0.0, 0.0, 1.0, 1.0, 1.0, 1.0, 1.0, 1.0, 1.0, 1.0, 1.0, 1.0, 1.0, 1.0], 'seed': 42}","{'ef_search': [16, 32, 64, 128, 256, 512], 'k': 10, 'k_groundtruth': 100}","{'M': 16, 'ef_construction': 200, 'seed': 1234}","{'dataset_gradual_path': 'experiments/01_drift_baseline/dataset_gradual', 'dataset_sudden_path': 'experiments/01_drift_baseline/dataset_sudden', 'index_path': 'experiments/01_drift_baseline/index.bin', 'results_gradual': 'experiments/01_drift_baseline/results_gradual.csv', 'results_sudden': 'experiments/01_drift_baseline/results_sudden.csv'}",schedule_sudden
1.0,0.22543316171504557,256,500,3,0.0,"{'base_path': '/scratch/easchman/thesis/data/sift/sift_learn.fvecs', 'n_base': 5000000, 'n_queries_pool': 10000, 'query_path': '/scratch/easchman/thesis/data/sift/sift_query.fvecs'}","{'epoch_size': 500, 'n_epochs': 25, 'schedule_gradual': [0.0, 0.0, 0.0, 0.0, 0.0, 0.0, 0.125, 0.25, 0.375, 0.5, 0.5, 0.5, 0.5, 0.5, 0.5, 0.5, 0.625, 0.75, 0.875, 1.0, 1.0, 1.0, 1.0, 1.0, 1.0], 'schedule_sudden': [0.0, 0.0, 0.0, 0.0, 0.0, 0.0, 0.0, 0.0, 0.0, 0.0, 0.0, 0.0, 0.0, 1.0, 1.0, 1.0, 1.0, 1.0, 1.0, 1.0, 1.0, 1.0, 1.0, 1.0, 1.0], 'seed': 42}","{'ef_search': [16, 32, 64, 128, 256, 512], 'k': 10, 'k_groundtruth': 100}","{'M': 16, 'ef_construction': 200, 'seed': 1234}","{'dataset_gradual_path': 'experiments/01_drift_baseline/dataset_gradual', 'dataset_sudden_path': 'experiments/01_drift_baseline/dataset_sudden', 'index_path': 'experiments/01_drift_baseline/index.bin', 'results_gradual': 'experiments/01_drift_baseline/results_gradual.csv', 'results_sudden': 'experiments/01_drift_baseline/results_sudden.csv'}",schedule_sudden
0.9996,0.41802802711026743,512,500,3,0.0,"{'base_path': '/scratch/easchman/thesis/data/sift/sift_learn.fvecs', 'n_base': 5000000, 'n_queries_pool': 10000, 'query_path': '/scratch/easchman/thesis/data/sift/sift_query.fvecs'}","{'epoch_size': 500, 'n_epochs': 25, 'schedule_gradual': [0.0, 0.0, 0.0, 0.0, 0.0, 0.0, 0.125, 0.25, 0.375, 0.5, 0.5, 0.5, 0.5, 0.5, 0.5, 0.5, 0.625, 0.75, 0.875, 1.0, 1.0, 1.0, 1.0, 1.0, 1.0], 'schedule_sudden': [0.0, 0.0, 0.0, 0.0, 0.0, 0.0, 0.0, 0.0, 0.0, 0.0, 0.0, 0.0, 0.0, 1.0, 1.0, 1.0, 1.0, 1.0, 1.0, 1.0, 1.0, 1.0, 1.0, 1.0, 1.0], 'seed': 42}","{'ef_search': [16, 32, 64, 128, 256, 512], 'k': 10, 'k_groundtruth': 100}","{'M': 16, 'ef_construction': 200, 'seed': 1234}","{'dataset_gradual_path': 'experiments/01_drift_baseline/dataset_gradual', 'dataset_sudden_path': 'experiments/01_drift_baseline/dataset_sudden', 'index_path': 'experiments/01_drift_baseline/index.bin', 'results_gradual': 'experiments/01_drift_baseline/results_gradual.csv', 'results_sudden': 'experiments/01_drift_baseline/results_sudden.csv'}",schedule_sudden
0.9648000000000001,0.025595669576432556,16,500,4,0.0,"{'base_path': '/scratch/easchman/thesis/data/sift/sift_learn.fvecs', 'n_base': 5000000, 'n_queries_pool': 10000, 'query_path': '/scratch/easchman/thesis/data/sift/sift_query.fvecs'}","{'epoch_size': 500, 'n_epochs': 25, 'schedule_gradual': [0.0, 0.0, 0.0, 0.0, 0.0, 0.0, 0.125, 0.25, 0.375, 0.5, 0.5, 0.5, 0.5, 0.5, 0.5, 0.5, 0.625, 0.75, 0.875, 1.0, 1.0, 1.0, 1.0, 1.0, 1.0], 'schedule_sudden': [0.0, 0.0, 0.0, 0.0, 0.0, 0.0, 0.0, 0.0, 0.0, 0.0, 0.0, 0.0, 0.0, 1.0, 1.0, 1.0, 1.0, 1.0, 1.0, 1.0, 1.0, 1.0, 1.0, 1.0, 1.0], 'seed': 42}","{'ef_search': [16, 32, 64, 128, 256, 512], 'k': 10, 'k_groundtruth': 100}","{'M': 16, 'ef_construction': 200, 'seed': 1234}","{'dataset_gradual_path': 'experiments/01_drift_baseline/dataset_gradual', 'dataset_sudden_path': 'experiments/01_drift_baseline/dataset_sudden', 'index_path': 'experiments/01_drift_baseline/index.bin', 'results_gradual': 'experiments/01_drift_baseline/results_gradual.csv', 'results_sudden': 'experiments/01_drift_baseline/results_sudden.csv'}",schedule_sudden
0.988,0.040409776964224875,32,500,4,0.0,"{'base_path': '/scratch/easchman/thesis/data/sift/sift_learn.fvecs', 'n_base': 5000000, 'n_queries_pool': 10000, 'query_path': '/scratch/easchman/thesis/data/sift/sift_query.fvecs'}","{'epoch_size': 500, 'n_epochs': 25, 'schedule_gradual': [0.0, 0.0, 0.0, 0.0, 0.0, 0.0, 0.125, 0.25, 0.375, 0.5, 0.5, 0.5, 0.5, 0.5, 0.5, 0.5, 0.625, 0.75, 0.875, 1.0, 1.0, 1.0, 1.0, 1.0, 1.0], 'schedule_sudden': [0.0, 0.0, 0.0, 0.0, 0.0, 0.0, 0.0, 0.0, 0.0, 0.0, 0.0, 0.0, 0.0, 1.0, 1.0, 1.0, 1.0, 1.0, 1.0, 1.0, 1.0, 1.0, 1.0, 1.0, 1.0], 'seed': 42}","{'ef_search': [16, 32, 64, 128, 256, 512], 'k': 10, 'k_groundtruth': 100}","{'M': 16, 'ef_construction': 200, 'seed': 1234}","{'dataset_gradual_path': 'experiments/01_drift_baseline/dataset_gradual', 'dataset_sudden_path': 'experiments/01_drift_baseline/dataset_sudden', 'index_path': 'experiments/01_drift_baseline/index.bin', 'results_gradual': 'experiments/01_drift_baseline/results_gradual.csv', 'results_sudden': 'experiments/01_drift_baseline/results_sudden.csv'}",schedule_sudden
0.9966000000000002,0.06820506177609786,64,500,4,0.0,"{'base_path': '/scratch/easchman/thesis/data/sift/sift_learn.fvecs', 'n_base': 5000000, 'n_queries_pool': 10000, 'query_path': '/scratch/easchman/thesis/data/sift/sift_query.fvecs'}","{'epoch_size': 500, 'n_epochs': 25, 'schedule_gradual': [0.0, 0.0, 0.0, 0.0, 0.0, 0.0, 0.125, 0.25, 0.375, 0.5, 0.5, 0.5, 0.5, 0.5, 0.5, 0.5, 0.625, 0.75, 0.875, 1.0, 1.0, 1.0, 1.0, 1.0, 1.0], 'schedule_sudden': [0.0, 0.0, 0.0, 0.0, 0.0, 0.0, 0.0, 0.0, 0.0, 0.0, 0.0, 0.0, 0.0, 1.0, 1.0, 1.0, 1.0, 1.0, 1.0, 1.0, 1.0, 1.0, 1.0, 1.0, 1.0], 'seed': 42}","{'ef_search': [16, 32, 64, 128, 256, 512], 'k': 10, 'k_groundtruth': 100}","{'M': 16, 'ef_construction': 200, 'seed': 1234}","{'dataset_gradual_path': 'experiments/01_drift_baseline/dataset_gradual', 'dataset_sudden_path': 'experiments/01_drift_baseline/dataset_sudden', 'index_path': 'experiments/01_drift_baseline/index.bin', 'results_gradual': 'experiments/01_drift_baseline/results_gradual.csv', 'results_sudden': 'experiments/01_drift_baseline/results_sudden.csv'}",schedule_sudden
0.9992000000000001,0.12589386233594269,128,500,4,0.0,"{'base_path': '/scratch/easchman/thesis/data/sift/sift_learn.fvecs', 'n_base': 5000000, 'n_queries_pool': 10000, 'query_path': '/scratch/easchman/thesis/data/sift/sift_query.fvecs'}","{'epoch_size': 500, 'n_epochs': 25, 'schedule_gradual': [0.0, 0.0, 0.0, 0.0, 0.0, 0.0, 0.125, 0.25, 0.375, 0.5, 0.5, 0.5, 0.5, 0.5, 0.5, 0.5, 0.625, 0.75, 0.875, 1.0, 1.0, 1.0, 1.0, 1.0, 1.0], 'schedule_sudden': [0.0, 0.0, 0.0, 0.0, 0.0, 0.0, 0.0, 0.0, 0.0, 0.0, 0.0, 0.0, 0.0, 1.0, 1.0, 1.0, 1.0, 1.0, 1.0, 1.0, 1.0, 1.0, 1.0, 1.0, 1.0], 'seed': 42}","{'ef_search': [16, 32, 64, 128, 256, 512], 'k': 10, 'k_groundtruth': 100}","{'M': 16, 'ef_construction': 200, 'seed': 1234}","{'dataset_gradual_path': 'experiments/01_drift_baseline/dataset_gradual', 'dataset_sudden_path': 'experiments/01_drift_baseline/dataset_sudden', 'index_path': 'experiments/01_drift_baseline/index.bin', 'results_gradual': 'experiments/01_drift_baseline/results_gradual.csv', 'results_sudden': 'experiments/01_drift_baseline/results_sudden.csv'}",schedule_sudden
1.0,0.22721795429242775,256,500,4,0.0,"{'base_path': '/scratch/easchman/thesis/data/sift/sift_learn.fvecs', 'n_base': 5000000, 'n_queries_pool': 10000, 'query_path': '/scratch/easchman/thesis/data/sift/sift_query.fvecs'}","{'epoch_size': 500, 'n_epochs': 25, 'schedule_gradual': [0.0, 0.0, 0.0, 0.0, 0.0, 0.0, 0.125, 0.25, 0.375, 0.5, 0.5, 0.5, 0.5, 0.5, 0.5, 0.5, 0.625, 0.75, 0.875, 1.0, 1.0, 1.0, 1.0, 1.0, 1.0], 'schedule_sudden': [0.0, 0.0, 0.0, 0.0, 0.0, 0.0, 0.0, 0.0, 0.0, 0.0, 0.0, 0.0, 0.0, 1.0, 1.0, 1.0, 1.0, 1.0, 1.0, 1.0, 1.0, 1.0, 1.0, 1.0, 1.0], 'seed': 42}","{'ef_search': [16, 32, 64, 128, 256, 512], 'k': 10, 'k_groundtruth': 100}","{'M': 16, 'ef_construction': 200, 'seed': 1234}","{'dataset_gradual_path': 'experiments/01_drift_baseline/dataset_gradual', 'dataset_sudden_path': 'experiments/01_drift_baseline/dataset_sudden', 'index_path': 'experiments/01_drift_baseline/index.bin', 'results_gradual': 'experiments/01_drift_baseline/results_gradual.csv', 'results_sudden': 'experiments/01_drift_baseline/results_sudden.csv'}",schedule_sudden
1.0,0.41145737597253174,512,500,4,0.0,"{'base_path': '/scratch/easchman/thesis/data/sift/sift_learn.fvecs', 'n_base': 5000000, 'n_queries_pool': 10000, 'query_path': '/scratch/easchman/thesis/data/sift/sift_query.fvecs'}","{'epoch_size': 500, 'n_epochs': 25, 'schedule_gradual': [0.0, 0.0, 0.0, 0.0, 0.0, 0.0, 0.125, 0.25, 0.375, 0.5, 0.5, 0.5, 0.5, 0.5, 0.5, 0.5, 0.625, 0.75, 0.875, 1.0, 1.0, 1.0, 1.0, 1.0, 1.0], 'schedule_sudden': [0.0, 0.0, 0.0, 0.0, 0.0, 0.0, 0.0, 0.0, 0.0, 0.0, 0.0, 0.0, 0.0, 1.0, 1.0, 1.0, 1.0, 1.0, 1.0, 1.0, 1.0, 1.0, 1.0, 1.0, 1.0], 'seed': 42}","{'ef_search': [16, 32, 64, 128, 256, 512], 'k': 10, 'k_groundtruth': 100}","{'M': 16, 'ef_construction': 200, 'seed': 1234}","{'dataset_gradual_path': 'experiments/01_drift_baseline/dataset_gradual', 'dataset_sudden_path': 'experiments/01_drift_baseline/dataset_sudden', 'index_path': 'experiments/01_drift_baseline/index.bin', 'results_gradual': 'experiments/01_drift_baseline/results_gradual.csv', 'results_sudden': 'experiments/01_drift_baseline/results_sudden.csv'}",schedule_sudden
0.96,0.02467179868835956,16,500,5,0.0,"{'base_path': '/scratch/easchman/thesis/data/sift/sift_learn.fvecs', 'n_base': 5000000, 'n_queries_pool': 10000, 'query_path': '/scratch/easchman/thesis/data/sift/sift_query.fvecs'}","{'epoch_size': 500, 'n_epochs': 25, 'schedule_gradual': [0.0, 0.0, 0.0, 0.0, 0.0, 0.0, 0.125, 0.25, 0.375, 0.5, 0.5, 0.5, 0.5, 0.5, 0.5, 0.5, 0.625, 0.75, 0.875, 1.0, 1.0, 1.0, 1.0, 1.0, 1.0], 'schedule_sudden': [0.0, 0.0, 0.0, 0.0, 0.0, 0.0, 0.0, 0.0, 0.0, 0.0, 0.0, 0.0, 0.0, 1.0, 1.0, 1.0, 1.0, 1.0, 1.0, 1.0, 1.0, 1.0, 1.0, 1.0, 1.0], 'seed': 42}","{'ef_search': [16, 32, 64, 128, 256, 512], 'k': 10, 'k_groundtruth': 100}","{'M': 16, 'ef_construction': 200, 'seed': 1234}","{'dataset_gradual_path': 'experiments/01_drift_baseline/dataset_gradual', 'dataset_sudden_path': 'experiments/01_drift_baseline/dataset_sudden', 'index_path': 'experiments/01_drift_baseline/index.bin', 'results_gradual': 'experiments/01_drift_baseline/results_gradual.csv', 'results_sudden': 'experiments/01_drift_baseline/results_sudden.csv'}",schedule_sudden
0.9866000000000001,0.038410377863328904,32,500,5,0.0,"{'base_path': '/scratch/easchman/thesis/data/sift/sift_learn.fvecs', 'n_base': 5000000, 'n_queries_pool': 10000, 'query_path': '/scratch/easchman/thesis/data/sift/sift_query.fvecs'}","{'epoch_size': 500, 'n_epochs': 25, 'schedule_gradual': [0.0, 0.0, 0.0, 0.0, 0.0, 0.0, 0.125, 0.25, 0.375, 0.5, 0.5, 0.5, 0.5, 0.5, 0.5, 0.5, 0.625, 0.75, 0.875, 1.0, 1.0, 1.0, 1.0, 1.0, 1.0], 'schedule_sudden': [0.0, 0.0, 0.0, 0.0, 0.0, 0.0, 0.0, 0.0, 0.0, 0.0, 0.0, 0.0, 0.0, 1.0, 1.0, 1.0, 1.0, 1.0, 1.0, 1.0, 1.0, 1.0, 1.0, 1.0, 1.0], 'seed': 42}","{'ef_search': [16, 32, 64, 128, 256, 512], 'k': 10, 'k_groundtruth': 100}","{'M': 16, 'ef_construction': 200, 'seed': 1234}","{'dataset_gradual_path': 'experiments/01_drift_baseline/dataset_gradual', 'dataset_sudden_path': 'experiments/01_drift_baseline/dataset_sudden', 'index_path': 'experiments/01_drift_baseline/index.bin', 'results_gradual': 'experiments/01_drift_baseline/results_gradual.csv', 'results_sudden': 'experiments/01_drift_baseline/results_sudden.csv'}",schedule_sudden
0.9962000000000001,0.06737829808844253,64,500,5,0.0,"{'base_path': '/scratch/easchman/thesis/data/sift/sift_learn.fvecs', 'n_base': 5000000, 'n_queries_pool': 10000, 'query_path': '/scratch/easchman/thesis/data/sift/sift_query.fvecs'}","{'epoch_size': 500, 'n_epochs': 25, 'schedule_gradual': [0.0, 0.0, 0.0, 0.0, 0.0, 0.0, 0.125, 0.25, 0.375, 0.5, 0.5, 0.5, 0.5, 0.5, 0.5, 0.5, 0.625, 0.75, 0.875, 1.0, 1.0, 1.0, 1.0, 1.0, 1.0], 'schedule_sudden': [0.0, 0.0, 0.0, 0.0, 0.0, 0.0, 0.0, 0.0, 0.0, 0.0, 0.0, 0.0, 0.0, 1.0, 1.0, 1.0, 1.0, 1.0, 1.0, 1.0, 1.0, 1.0, 1.0, 1.0, 1.0], 'seed': 42}","{'ef_search': [16, 32, 64, 128, 256, 512], 'k': 10, 'k_groundtruth': 100}","{'M': 16, 'ef_construction': 200, 'seed': 1234}","{'dataset_gradual_path': 'experiments/01_drift_baseline/dataset_gradual', 'dataset_sudden_path': 'experiments/01_drift_baseline/dataset_sudden', 'index_path': 'experiments/01_drift_baseline/index.bin', 'results_gradual': 'experiments/01_drift_baseline/results_gradual.csv', 'results_sudden': 'experiments/01_drift_baseline/results_sudden.csv'}",schedule_sudden
0.999,0.11887034837855026,128,500,5,0.0,"{'base_path': '/scratch/easchman/thesis/data/sift/sift_learn.fvecs', 'n_base': 5000000, 'n_queries_pool': 10000, 'query_path': '/scratch/easchman/thesis/data/sift/sift_query.fvecs'}","{'epoch_size': 500, 'n_epochs': 25, 'schedule_gradual': [0.0, 0.0, 0.0, 0.0, 0.0, 0.0, 0.125, 0.25, 0.375, 0.5, 0.5, 0.5, 0.5, 0.5, 0.5, 0.5, 0.625, 0.75, 0.875, 1.0, 1.0, 1.0, 1.0, 1.0, 1.0], 'schedule_sudden': [0.0, 0.0, 0.0, 0.0, 0.0, 0.0, 0.0, 0.0, 0.0, 0.0, 0.0, 0.0, 0.0, 1.0, 1.0, 1.0, 1.0, 1.0, 1.0, 1.0, 1.0, 1.0, 1.0, 1.0, 1.0], 'seed': 42}","{'ef_search': [16, 32, 64, 128, 256, 512], 'k': 10, 'k_groundtruth': 100}","{'M': 16, 'ef_construction': 200, 'seed': 1234}","{'dataset_gradual_path': 'experiments/01_drift_baseline/dataset_gradual', 'dataset_sudden_path': 'experiments/01_drift_baseline/dataset_sudden', 'index_path': 'experiments/01_drift_baseline/index.bin', 'results_gradual': 'experiments/01_drift_baseline/results_gradual.csv', 'results_sudden': 'experiments/01_drift_baseline/results_sudden.csv'}",schedule_sudden
1.0,0.2172118437010795,256,500,5,0.0,"{'base_path': '/scratch/easchman/thesis/data/sift/sift_learn.fvecs', 'n_base': 5000000, 'n_queries_pool': 10000, 'query_path': '/scratch/easchman/thesis/data/sift/sift_query.fvecs'}","{'epoch_size': 500, 'n_epochs': 25, 'schedule_gradual': [0.0, 0.0, 0.0, 0.0, 0.0, 0.0, 0.125, 0.25, 0.375, 0.5, 0.5, 0.5, 0.5, 0.5, 0.5, 0.5, 0.625, 0.75, 0.875, 1.0, 1.0, 1.0, 1.0, 1.0, 1.0], 'schedule_sudden': [0.0, 0.0, 0.0, 0.0, 0.0, 0.0, 0.0, 0.0, 0.0, 0.0, 0.0, 0.0, 0.0, 1.0, 1.0, 1.0, 1.0, 1.0, 1.0, 1.0, 1.0, 1.0, 1.0, 1.0, 1.0], 'seed': 42}","{'ef_search': [16, 32, 64, 128, 256, 512], 'k': 10, 'k_groundtruth': 100}","{'M': 16, 'ef_construction': 200, 'seed': 1234}","{'dataset_gradual_path': 'experiments/01_drift_baseline/dataset_gradual', 'dataset_sudden_path': 'experiments/01_drift_baseline/dataset_sudden', 'index_path': 'experiments/01_drift_baseline/index.bin', 'results_gradual': 'experiments/01_drift_baseline/results_gradual.csv', 'results_sudden': 'experiments/01_drift_baseline/results_sudden.csv'}",schedule_sudden
1.0,0.4139790282933973,512,500,5,0.0,"{'base_path': '/scratch/easchman/thesis/data/sift/sift_learn.fvecs', 'n_base': 5000000, 'n_queries_pool': 10000, 'query_path': '/scratch/easchman/thesis/data/sift/sift_query.fvecs'}","{'epoch_size': 500, 'n_epochs': 25, 'schedule_gradual': [0.0, 0.0, 0.0, 0.0, 0.0, 0.0, 0.125, 0.25, 0.375, 0.5, 0.5, 0.5, 0.5, 0.5, 0.5, 0.5, 0.625, 0.75, 0.875, 1.0, 1.0, 1.0, 1.0, 1.0, 1.0], 'schedule_sudden': [0.0, 0.0, 0.0, 0.0, 0.0, 0.0, 0.0, 0.0, 0.0, 0.0, 0.0, 0.0, 0.0, 1.0, 1.0, 1.0, 1.0, 1.0, 1.0, 1.0, 1.0, 1.0, 1.0, 1.0, 1.0], 'seed': 42}","{'ef_search': [16, 32, 64, 128, 256, 512], 'k': 10, 'k_groundtruth': 100}","{'M': 16, 'ef_construction': 200, 'seed': 1234}","{'dataset_gradual_path': 'experiments/01_drift_baseline/dataset_gradual', 'dataset_sudden_path': 'experiments/01_drift_baseline/dataset_sudden', 'index_path': 'experiments/01_drift_baseline/index.bin', 'results_gradual': 'experiments/01_drift_baseline/results_gradual.csv', 'results_sudden': 'experiments/01_drift_baseline/results_sudden.csv'}",schedule_sudden
0.9656000000000001,0.026902252924628556,16,500,6,0.0,"{'base_path': '/scratch/easchman/thesis/data/sift/sift_learn.fvecs', 'n_base': 5000000, 'n_queries_pool': 10000, 'query_path': '/scratch/easchman/thesis/data/sift/sift_query.fvecs'}","{'epoch_size': 500, 'n_epochs': 25, 'schedule_gradual': [0.0, 0.0, 0.0, 0.0, 0.0, 0.0, 0.125, 0.25, 0.375, 0.5, 0.5, 0.5, 0.5, 0.5, 0.5, 0.5, 0.625, 0.75, 0.875, 1.0, 1.0, 1.0, 1.0, 1.0, 1.0], 'schedule_sudden': [0.0, 0.0, 0.0, 0.0, 0.0, 0.0, 0.0, 0.0, 0.0, 0.0, 0.0, 0.0, 0.0, 1.0, 1.0, 1.0, 1.0, 1.0, 1.0, 1.0, 1.0, 1.0, 1.0, 1.0, 1.0], 'seed': 42}","{'ef_search': [16, 32, 64, 128, 256, 512], 'k': 10, 'k_groundtruth': 100}","{'M': 16, 'ef_construction': 200, 'seed': 1234}","{'dataset_gradual_path': 'experiments/01_drift_baseline/dataset_gradual', 'dataset_sudden_path': 'experiments/01_drift_baseline/dataset_sudden', 'index_path': 'experiments/01_drift_baseline/index.bin', 'results_gradual': 'experiments/01_drift_baseline/results_gradual.csv', 'results_sudden': 'experiments/01_drift_baseline/results_sudden.csv'}",schedule_sudden
0.9874,0.04304477508412674,32,500,6,0.0,"{'base_path': '/scratch/easchman/thesis/data/sift/sift_learn.fvecs', 'n_base': 5000000, 'n_queries_pool': 10000, 'query_path': '/scratch/easchman/thesis/data/sift/sift_query.fvecs'}","{'epoch_size': 500, 'n_epochs': 25, 'schedule_gradual': [0.0, 0.0, 0.0, 0.0, 0.0, 0.0, 0.125, 0.25, 0.375, 0.5, 0.5, 0.5, 0.5, 0.5, 0.5, 0.5, 0.625, 0.75, 0.875, 1.0, 1.0, 1.0, 1.0, 1.0, 1.0], 'schedule_sudden': [0.0, 0.0, 0.0, 0.0, 0.0, 0.0, 0.0, 0.0, 0.0, 0.0, 0.0, 0.0, 0.0, 1.0, 1.0, 1.0, 1.0, 1.0, 1.0, 1.0, 1.0, 1.0, 1.0, 1.0, 1.0], 'seed': 42}","{'ef_search': [16, 32, 64, 128, 256, 512], 'k': 10, 'k_groundtruth': 100}","{'M': 16, 'ef_construction': 200, 'seed': 1234}","{'dataset_gradual_path': 'experiments/01_drift_baseline/dataset_gradual', 'dataset_sudden_path': 'experiments/01_drift_baseline/dataset_sudden', 'index_path': 'experiments/01_drift_baseline/index.bin', 'results_gradual': 'experiments/01_drift_baseline/results_gradual.csv', 'results_sudden': 'experiments/01_drift_baseline/results_sudden.csv'}",schedule_sudden
0.9966,0.07297192240366712,64,500,6,0.0,"{'base_path': '/scratch/easchman/thesis/data/sift/sift_learn.fvecs', 'n_base': 5000000, 'n_queries_pool': 10000, 'query_path': '/scratch/easchman/thesis/data/sift/sift_query.fvecs'}","{'epoch_size': 500, 'n_epochs': 25, 'schedule_gradual': [0.0, 0.0, 0.0, 0.0, 0.0, 0.0, 0.125, 0.25, 0.375, 0.5, 0.5, 0.5, 0.5, 0.5, 0.5, 0.5, 0.625, 0.75, 0.875, 1.0, 1.0, 1.0, 1.0, 1.0, 1.0], 'schedule_sudden': [0.0, 0.0, 0.0, 0.0, 0.0, 0.0, 0.0, 0.0, 0.0, 0.0, 0.0, 0.0, 0.0, 1.0, 1.0, 1.0, 1.0, 1.0, 1.0, 1.0, 1.0, 1.0, 1.0, 1.0, 1.0], 'seed': 42}","{'ef_search': [16, 32, 64, 128, 256, 512], 'k': 10, 'k_groundtruth': 100}","{'M': 16, 'ef_construction': 200, 'seed': 1234}","{'dataset_gradual_path': 'experiments/01_drift_baseline/dataset_gradual', 'dataset_sudden_path': 'experiments/01_drift_baseline/dataset_sudden', 'index_path': 'experiments/01_drift_baseline/index.bin', 'results_gradual': 'experiments/01_drift_baseline/results_gradual.csv', 'results_sudden': 'experiments/01_drift_baseline/results_sudden.csv'}",schedule_sudden
0.9992000000000001,0.1305853173835203,128,500,6,0.0,"{'base_path': '/scratch/easchman/thesis/data/sift/sift_learn.fvecs', 'n_base': 5000000, 'n_queries_pool': 10000, 'query_path': '/scratch/easchman/thesis/data/sift/sift_query.fvecs'}","{'epoch_size': 500, 'n_epochs': 25, 'schedule_gradual': [0.0, 0.0, 0.0, 0.0, 0.0, 0.0, 0.125, 0.25, 0.375, 0.5, 0.5, 0.5, 0.5, 0.5, 0.5, 0.5, 0.625, 0.75, 0.875, 1.0, 1.0, 1.0, 1.0, 1.0, 1.0], 'schedule_sudden': [0.0, 0.0, 0.0, 0.0, 0.0, 0.0, 0.0, 0.0, 0.0, 0.0, 0.0, 0.0, 0.0, 1.0, 1.0, 1.0, 1.0, 1.0, 1.0, 1.0, 1.0, 1.0, 1.0, 1.0, 1.0], 'seed': 42}","{'ef_search': [16, 32, 64, 128, 256, 512], 'k': 10, 'k_groundtruth': 100}","{'M': 16, 'ef_construction': 200, 'seed': 1234}","{'dataset_gradual_path': 'experiments/01_drift_baseline/dataset_gradual', 'dataset_sudden_path': 'experiments/01_drift_baseline/dataset_sudden', 'index_path': 'experiments/01_drift_baseline/index.bin', 'results_gradual': 'experiments/01_drift_baseline/results_gradual.csv', 'results_sudden': 'experiments/01_drift_baseline/results_sudden.csv'}",schedule_sudden
0.9996,0.2338959681801498,256,500,6,0.0,"{'base_path': '/scratch/easchman/thesis/data/sift/sift_learn.fvecs', 'n_base': 5000000, 'n_queries_pool': 10000, 'query_path': '/scratch/easchman/thesis/data/sift/sift_query.fvecs'}","{'epoch_size': 500, 'n_epochs': 25, 'schedule_gradual': [0.0, 0.0, 0.0, 0.0, 0.0, 0.0, 0.125, 0.25, 0.375, 0.5, 0.5, 0.5, 0.5, 0.5, 0.5, 0.5, 0.625, 0.75, 0.875, 1.0, 1.0, 1.0, 1.0, 1.0, 1.0], 'schedule_sudden': [0.0, 0.0, 0.0, 0.0, 0.0, 0.0, 0.0, 0.0, 0.0, 0.0, 0.0, 0.0, 0.0, 1.0, 1.0, 1.0, 1.0, 1.0, 1.0, 1.0, 1.0, 1.0, 1.0, 1.0, 1.0], 'seed': 42}","{'ef_search': [16, 32, 64, 128, 256, 512], 'k': 10, 'k_groundtruth': 100}","{'M': 16, 'ef_construction': 200, 'seed': 1234}","{'dataset_gradual_path': 'experiments/01_drift_baseline/dataset_gradual', 'dataset_sudden_path': 'experiments/01_drift_baseline/dataset_sudden', 'index_path': 'experiments/01_drift_baseline/index.bin', 'results_gradual': 'experiments/01_drift_baseline/results_gradual.csv', 'results_sudden': 'experiments/01_drift_baseline/results_sudden.csv'}",schedule_sudden
0.9996,0.4330458964104764,512,500,6,0.0,"{'base_path': '/scratch/easchman/thesis/data/sift/sift_learn.fvecs', 'n_base': 5000000, 'n_queries_pool': 10000, 'query_path': '/scratch/easchman/thesis/data/sift/sift_query.fvecs'}","{'epoch_size': 500, 'n_epochs': 25, 'schedule_gradual': [0.0, 0.0, 0.0, 0.0, 0.0, 0.0, 0.125, 0.25, 0.375, 0.5, 0.5, 0.5, 0.5, 0.5, 0.5, 0.5, 0.625, 0.75, 0.875, 1.0, 1.0, 1.0, 1.0, 1.0, 1.0], 'schedule_sudden': [0.0, 0.0, 0.0, 0.0, 0.0, 0.0, 0.0, 0.0, 0.0, 0.0, 0.0, 0.0, 0.0, 1.0, 1.0, 1.0, 1.0, 1.0, 1.0, 1.0, 1.0, 1.0, 1.0, 1.0, 1.0], 'seed': 42}","{'ef_search': [16, 32, 64, 128, 256, 512], 'k': 10, 'k_groundtruth': 100}","{'M': 16, 'ef_construction': 200, 'seed': 1234}","{'dataset_gradual_path': 'experiments/01_drift_baseline/dataset_gradual', 'dataset_sudden_path': 'experiments/01_drift_baseline/dataset_sudden', 'index_path': 'experiments/01_drift_baseline/index.bin', 'results_gradual': 'experiments/01_drift_baseline/results_gradual.csv', 'results_sudden': 'experiments/01_drift_baseline/results_sudden.csv'}",schedule_sudden
0.9574000000000001,0.026042729965411127,16,500,7,0.0,"{'base_path': '/scratch/easchman/thesis/data/sift/sift_learn.fvecs', 'n_base': 5000000, 'n_queries_pool': 10000, 'query_path': '/scratch/easchman/thesis/data/sift/sift_query.fvecs'}","{'epoch_size': 500, 'n_epochs': 25, 'schedule_gradual': [0.0, 0.0, 0.0, 0.0, 0.0, 0.0, 0.125, 0.25, 0.375, 0.5, 0.5, 0.5, 0.5, 0.5, 0.5, 0.5, 0.625, 0.75, 0.875, 1.0, 1.0, 1.0, 1.0, 1.0, 1.0], 'schedule_sudden': [0.0, 0.0, 0.0, 0.0, 0.0, 0.0, 0.0, 0.0, 0.0, 0.0, 0.0, 0.0, 0.0, 1.0, 1.0, 1.0, 1.0, 1.0, 1.0, 1.0, 1.0, 1.0, 1.0, 1.0, 1.0], 'seed': 42}","{'ef_search': [16, 32, 64, 128, 256, 512], 'k': 10, 'k_groundtruth': 100}","{'M': 16, 'ef_construction': 200, 'seed': 1234}","{'dataset_gradual_path': 'experiments/01_drift_baseline/dataset_gradual', 'dataset_sudden_path': 'experiments/01_drift_baseline/dataset_sudden', 'index_path': 'experiments/01_drift_baseline/index.bin', 'results_gradual': 'experiments/01_drift_baseline/results_gradual.csv', 'results_sudden': 'experiments/01_drift_baseline/results_sudden.csv'}",schedule_sudden
0.9838000000000001,0.0410365944262594,32,500,7,0.0,"{'base_path': '/scratch/easchman/thesis/data/sift/sift_learn.fvecs', 'n_base': 5000000, 'n_queries_pool': 10000, 'query_path': '/scratch/easchman/thesis/data/sift/sift_query.fvecs'}","{'epoch_size': 500, 'n_epochs': 25, 'schedule_gradual': [0.0, 0.0, 0.0, 0.0, 0.0, 0.0, 0.125, 0.25, 0.375, 0.5, 0.5, 0.5, 0.5, 0.5, 0.5, 0.5, 0.625, 0.75, 0.875, 1.0, 1.0, 1.0, 1.0, 1.0, 1.0], 'schedule_sudden': [0.0, 0.0, 0.0, 0.0, 0.0, 0.0, 0.0, 0.0, 0.0, 0.0, 0.0, 0.0, 0.0, 1.0, 1.0, 1.0, 1.0, 1.0, 1.0, 1.0, 1.0, 1.0, 1.0, 1.0, 1.0], 'seed': 42}","{'ef_search': [16, 32, 64, 128, 256, 512], 'k': 10, 'k_groundtruth': 100}","{'M': 16, 'ef_construction': 200, 'seed': 1234}","{'dataset_gradual_path': 'experiments/01_drift_baseline/dataset_gradual', 'dataset_sudden_path': 'experiments/01_drift_baseline/dataset_sudden', 'index_path': 'experiments/01_drift_baseline/index.bin', 'results_gradual': 'experiments/01_drift_baseline/results_gradual.csv', 'results_sudden': 'experiments/01_drift_baseline/results_sudden.csv'}",schedule_sudden
0.9964000000000001,0.07206972863059491,64,500,7,0.0,"{'base_path': '/scratch/easchman/thesis/data/sift/sift_learn.fvecs', 'n_base': 5000000, 'n_queries_pool': 10000, 'query_path': '/scratch/easchman/thesis/data/sift/sift_query.fvecs'}","{'epoch_size': 500, 'n_epochs': 25, 'schedule_gradual': [0.0, 0.0, 0.0, 0.0, 0.0, 0.0, 0.125, 0.25, 0.375, 0.5, 0.5, 0.5, 0.5, 0.5, 0.5, 0.5, 0.625, 0.75, 0.875, 1.0, 1.0, 1.0, 1.0, 1.0, 1.0], 'schedule_sudden': [0.0, 0.0, 0.0, 0.0, 0.0, 0.0, 0.0, 0.0, 0.0, 0.0, 0.0, 0.0, 0.0, 1.0, 1.0, 1.0, 1.0, 1.0, 1.0, 1.0, 1.0, 1.0, 1.0, 1.0, 1.0], 'seed': 42}","{'ef_search': [16, 32, 64, 128, 256, 512], 'k': 10, 'k_groundtruth': 100}","{'M': 16, 'ef_construction': 200, 'seed': 1234}","{'dataset_gradual_path': 'experiments/01_drift_baseline/dataset_gradual', 'dataset_sudden_path': 'experiments/01_drift_baseline/dataset_sudden', 'index_path': 'experiments/01_drift_baseline/index.bin', 'results_gradual': 'experiments/01_drift_baseline/results_gradual.csv', 'results_sudden': 'experiments/01_drift_baseline/results_sudden.csv'}",schedule_sudden
0.9987999999999999,0.12994619947858155,128,500,7,0.0,"{'base_path': '/scratch/easchman/thesis/data/sift/sift_learn.fvecs', 'n_base': 5000000, 'n_queries_pool': 10000, 'query_path': '/scratch/easchman/thesis/data/sift/sift_query.fvecs'}","{'epoch_size': 500, 'n_epochs': 25, 'schedule_gradual': [0.0, 0.0, 0.0, 0.0, 0.0, 0.0, 0.125, 0.25, 0.375, 0.5, 0.5, 0.5, 0.5, 0.5, 0.5, 0.5, 0.625, 0.75, 0.875, 1.0, 1.0, 1.0, 1.0, 1.0, 1.0], 'schedule_sudden': [0.0, 0.0, 0.0, 0.0, 0.0, 0.0, 0.0, 0.0, 0.0, 0.0, 0.0, 0.0, 0.0, 1.0, 1.0, 1.0, 1.0, 1.0, 1.0, 1.0, 1.0, 1.0, 1.0, 1.0, 1.0], 'seed': 42}","{'ef_search': [16, 32, 64, 128, 256, 512], 'k': 10, 'k_groundtruth': 100}","{'M': 16, 'ef_construction': 200, 'seed': 1234}","{'dataset_gradual_path': 'experiments/01_drift_baseline/dataset_gradual', 'dataset_sudden_path': 'experiments/01_drift_baseline/dataset_sudden', 'index_path': 'experiments/01_drift_baseline/index.bin', 'results_gradual': 'experiments/01_drift_baseline/results_gradual.csv', 'results_sudden': 'experiments/01_drift_baseline/results_sudden.csv'}",schedule_sudden
0.9997999999999999,0.22760489367647097,256,500,7,0.0,"{'base_path': '/scratch/easchman/thesis/data/sift/sift_learn.fvecs', 'n_base': 5000000, 'n_queries_pool': 10000, 'query_path': '/scratch/easchman/thesis/data/sift/sift_query.fvecs'}","{'epoch_size': 500, 'n_epochs': 25, 'schedule_gradual': [0.0, 0.0, 0.0, 0.0, 0.0, 0.0, 0.125, 0.25, 0.375, 0.5, 0.5, 0.5, 0.5, 0.5, 0.5, 0.5, 0.625, 0.75, 0.875, 1.0, 1.0, 1.0, 1.0, 1.0, 1.0], 'schedule_sudden': [0.0, 0.0, 0.0, 0.0, 0.0, 0.0, 0.0, 0.0, 0.0, 0.0, 0.0, 0.0, 0.0, 1.0, 1.0, 1.0, 1.0, 1.0, 1.0, 1.0, 1.0, 1.0, 1.0, 1.0, 1.0], 'seed': 42}","{'ef_search': [16, 32, 64, 128, 256, 512], 'k': 10, 'k_groundtruth': 100}","{'M': 16, 'ef_construction': 200, 'seed': 1234}","{'dataset_gradual_path': 'experiments/01_drift_baseline/dataset_gradual', 'dataset_sudden_path': 'experiments/01_drift_baseline/dataset_sudden', 'index_path': 'experiments/01_drift_baseline/index.bin', 'results_gradual': 'experiments/01_drift_baseline/results_gradual.csv', 'results_sudden': 'experiments/01_drift_baseline/results_sudden.csv'}",schedule_sudden
1.0,0.41661009402014315,512,500,7,0.0,"{'base_path': '/scratch/easchman/thesis/data/sift/sift_learn.fvecs', 'n_base': 5000000, 'n_queries_pool': 10000, 'query_path': '/scratch/easchman/thesis/data/sift/sift_query.fvecs'}","{'epoch_size': 500, 'n_epochs': 25, 'schedule_gradual': [0.0, 0.0, 0.0, 0.0, 0.0, 0.0, 0.125, 0.25, 0.375, 0.5, 0.5, 0.5, 0.5, 0.5, 0.5, 0.5, 0.625, 0.75, 0.875, 1.0, 1.0, 1.0, 1.0, 1.0, 1.0], 'schedule_sudden': [0.0, 0.0, 0.0, 0.0, 0.0, 0.0, 0.0, 0.0, 0.0, 0.0, 0.0, 0.0, 0.0, 1.0, 1.0, 1.0, 1.0, 1.0, 1.0, 1.0, 1.0, 1.0, 1.0, 1.0, 1.0], 'seed': 42}","{'ef_search': [16, 32, 64, 128, 256, 512], 'k': 10, 'k_groundtruth': 100}","{'M': 16, 'ef_construction': 200, 'seed': 1234}","{'dataset_gradual_path': 'experiments/01_drift_baseline/dataset_gradual', 'dataset_sudden_path': 'experiments/01_drift_baseline/dataset_sudden', 'index_path': 'experiments/01_drift_baseline/index.bin', 'results_gradual': 'experiments/01_drift_baseline/results_gradual.csv', 'results_sudden': 'experiments/01_drift_baseline/results_sudden.csv'}",schedule_sudden
0.9616000000000001,0.027572186721954495,16,500,8,0.0,"{'base_path': '/scratch/easchman/thesis/data/sift/sift_learn.fvecs', 'n_base': 5000000, 'n_queries_pool': 10000, 'query_path': '/scratch/easchman/thesis/data/sift/sift_query.fvecs'}","{'epoch_size': 500, 'n_epochs': 25, 'schedule_gradual': [0.0, 0.0, 0.0, 0.0, 0.0, 0.0, 0.125, 0.25, 0.375, 0.5, 0.5, 0.5, 0.5, 0.5, 0.5, 0.5, 0.625, 0.75, 0.875, 1.0, 1.0, 1.0, 1.0, 1.0, 1.0], 'schedule_sudden': [0.0, 0.0, 0.0, 0.0, 0.0, 0.0, 0.0, 0.0, 0.0, 0.0, 0.0, 0.0, 0.0, 1.0, 1.0, 1.0, 1.0, 1.0, 1.0, 1.0, 1.0, 1.0, 1.0, 1.0, 1.0], 'seed': 42}","{'ef_search': [16, 32, 64, 128, 256, 512], 'k': 10, 'k_groundtruth': 100}","{'M': 16, 'ef_construction': 200, 'seed': 1234}","{'dataset_gradual_path': 'experiments/01_drift_baseline/dataset_gradual', 'dataset_sudden_path': 'experiments/01_drift_baseline/dataset_sudden', 'index_path': 'experiments/01_drift_baseline/index.bin', 'results_gradual': 'experiments/01_drift_baseline/results_gradual.csv', 'results_sudden': 'experiments/01_drift_baseline/results_sudden.csv'}",schedule_sudden
0.9858000000000001,0.04160028340993449,32,500,8,0.0,"{'base_path': '/scratch/easchman/thesis/data/sift/sift_learn.fvecs', 'n_base': 5000000, 'n_queries_pool': 10000, 'query_path': '/scratch/easchman/thesis/data/sift/sift_query.fvecs'}","{'epoch_size': 500, 'n_epochs': 25, 'schedule_gradual': [0.0, 0.0, 0.0, 0.0, 0.0, 0.0, 0.125, 0.25, 0.375, 0.5, 0.5, 0.5, 0.5, 0.5, 0.5, 0.5, 0.625, 0.75, 0.875, 1.0, 1.0, 1.0, 1.0, 1.0, 1.0], 'schedule_sudden': [0.0, 0.0, 0.0, 0.0, 0.0, 0.0, 0.0, 0.0, 0.0, 0.0, 0.0, 0.0, 0.0, 1.0, 1.0, 1.0, 1.0, 1.0, 1.0, 1.0, 1.0, 1.0, 1.0, 1.0, 1.0], 'seed': 42}","{'ef_search': [16, 32, 64, 128, 256, 512], 'k': 10, 'k_groundtruth': 100}","{'M': 16, 'ef_construction': 200, 'seed': 1234}","{'dataset_gradual_path': 'experiments/01_drift_baseline/dataset_gradual', 'dataset_sudden_path': 'experiments/01_drift_baseline/dataset_sudden', 'index_path': 'experiments/01_drift_baseline/index.bin', 'results_gradual': 'experiments/01_drift_baseline/results_gradual.csv', 'results_sudden': 'experiments/01_drift_baseline/results_sudden.csv'}",schedule_sudden
0.9952000000000001,0.07118181610712782,64,500,8,0.0,"{'base_path': '/scratch/easchman/thesis/data/sift/sift_learn.fvecs', 'n_base': 5000000, 'n_queries_pool': 10000, 'query_path': '/scratch/easchman/thesis/data/sift/sift_query.fvecs'}","{'epoch_size': 500, 'n_epochs': 25, 'schedule_gradual': [0.0, 0.0, 0.0, 0.0, 0.0, 0.0, 0.125, 0.25, 0.375, 0.5, 0.5, 0.5, 0.5, 0.5, 0.5, 0.5, 0.625, 0.75, 0.875, 1.0, 1.0, 1.0, 1.0, 1.0, 1.0], 'schedule_sudden': [0.0, 0.0, 0.0, 0.0, 0.0, 0.0, 0.0, 0.0, 0.0, 0.0, 0.0, 0.0, 0.0, 1.0, 1.0, 1.0, 1.0, 1.0, 1.0, 1.0, 1.0, 1.0, 1.0, 1.0, 1.0], 'seed': 42}","{'ef_search': [16, 32, 64, 128, 256, 512], 'k': 10, 'k_groundtruth': 100}","{'M': 16, 'ef_construction': 200, 'seed': 1234}","{'dataset_gradual_path': 'experiments/01_drift_baseline/dataset_gradual', 'dataset_sudden_path': 'experiments/01_drift_baseline/dataset_sudden', 'index_path': 'experiments/01_drift_baseline/index.bin', 'results_gradual': 'experiments/01_drift_baseline/results_gradual.csv', 'results_sudden': 'experiments/01_drift_baseline/results_sudden.csv'}",schedule_sudden
0.999,0.1255939428228885,128,500,8,0.0,"{'base_path': '/scratch/easchman/thesis/data/sift/sift_learn.fvecs', 'n_base': 5000000, 'n_queries_pool': 10000, 'query_path': '/scratch/easchman/thesis/data/sift/sift_query.fvecs'}","{'epoch_size': 500, 'n_epochs': 25, 'schedule_gradual': [0.0, 0.0, 0.0, 0.0, 0.0, 0.0, 0.125, 0.25, 0.375, 0.5, 0.5, 0.5, 0.5, 0.5, 0.5, 0.5, 0.625, 0.75, 0.875, 1.0, 1.0, 1.0, 1.0, 1.0, 1.0], 'schedule_sudden': [0.0, 0.0, 0.0, 0.0, 0.0, 0.0, 0.0, 0.0, 0.0, 0.0, 0.0, 0.0, 0.0, 1.0, 1.0, 1.0, 1.0, 1.0, 1.0, 1.0, 1.0, 1.0, 1.0, 1.0, 1.0], 'seed': 42}","{'ef_search': [16, 32, 64, 128, 256, 512], 'k': 10, 'k_groundtruth': 100}","{'M': 16, 'ef_construction': 200, 'seed': 1234}","{'dataset_gradual_path': 'experiments/01_drift_baseline/dataset_gradual', 'dataset_sudden_path': 'experiments/01_drift_baseline/dataset_sudden', 'index_path': 'experiments/01_drift_baseline/index.bin', 'results_gradual': 'experiments/01_drift_baseline/results_gradual.csv', 'results_sudden': 'experiments/01_drift_baseline/results_sudden.csv'}",schedule_sudden
0.9997999999999999,0.2316552500706166,256,500,8,0.0,"{'base_path': '/scratch/easchman/thesis/data/sift/sift_learn.fvecs', 'n_base': 5000000, 'n_queries_pool': 10000, 'query_path': '/scratch/easchman/thesis/data/sift/sift_query.fvecs'}","{'epoch_size': 500, 'n_epochs': 25, 'schedule_gradual': [0.0, 0.0, 0.0, 0.0, 0.0, 0.0, 0.125, 0.25, 0.375, 0.5, 0.5, 0.5, 0.5, 0.5, 0.5, 0.5, 0.625, 0.75, 0.875, 1.0, 1.0, 1.0, 1.0, 1.0, 1.0], 'schedule_sudden': [0.0, 0.0, 0.0, 0.0, 0.0, 0.0, 0.0, 0.0, 0.0, 0.0, 0.0, 0.0, 0.0, 1.0, 1.0, 1.0, 1.0, 1.0, 1.0, 1.0, 1.0, 1.0, 1.0, 1.0, 1.0], 'seed': 42}","{'ef_search': [16, 32, 64, 128, 256, 512], 'k': 10, 'k_groundtruth': 100}","{'M': 16, 'ef_construction': 200, 'seed': 1234}","{'dataset_gradual_path': 'experiments/01_drift_baseline/dataset_gradual', 'dataset_sudden_path': 'experiments/01_drift_baseline/dataset_sudden', 'index_path': 'experiments/01_drift_baseline/index.bin', 'results_gradual': 'experiments/01_drift_baseline/results_gradual.csv', 'results_sudden': 'experiments/01_drift_baseline/results_sudden.csv'}",schedule_sudden
1.0,0.4357921299524605,512,500,8,0.0,"{'base_path': '/scratch/easchman/thesis/data/sift/sift_learn.fvecs', 'n_base': 5000000, 'n_queries_pool': 10000, 'query_path': '/scratch/easchman/thesis/data/sift/sift_query.fvecs'}","{'epoch_size': 500, 'n_epochs': 25, 'schedule_gradual': [0.0, 0.0, 0.0, 0.0, 0.0, 0.0, 0.125, 0.25, 0.375, 0.5, 0.5, 0.5, 0.5, 0.5, 0.5, 0.5, 0.625, 0.75, 0.875, 1.0, 1.0, 1.0, 1.0, 1.0, 1.0], 'schedule_sudden': [0.0, 0.0, 0.0, 0.0, 0.0, 0.0, 0.0, 0.0, 0.0, 0.0, 0.0, 0.0, 0.0, 1.0, 1.0, 1.0, 1.0, 1.0, 1.0, 1.0, 1.0, 1.0, 1.0, 1.0, 1.0], 'seed': 42}","{'ef_search': [16, 32, 64, 128, 256, 512], 'k': 10, 'k_groundtruth': 100}","{'M': 16, 'ef_construction': 200, 'seed': 1234}","{'dataset_gradual_path': 'experiments/01_drift_baseline/dataset_gradual', 'dataset_sudden_path': 'experiments/01_drift_baseline/dataset_sudden', 'index_path': 'experiments/01_drift_baseline/index.bin', 'results_gradual': 'experiments/01_drift_baseline/results_gradual.csv', 'results_sudden': 'experiments/01_drift_baseline/results_sudden.csv'}",schedule_sudden
0.9566,0.02765722811454907,16,500,9,0.0,"{'base_path': '/scratch/easchman/thesis/data/sift/sift_learn.fvecs', 'n_base': 5000000, 'n_queries_pool': 10000, 'query_path': '/scratch/easchman/thesis/data/sift/sift_query.fvecs'}","{'epoch_size': 500, 'n_epochs': 25, 'schedule_gradual': [0.0, 0.0, 0.0, 0.0, 0.0, 0.0, 0.125, 0.25, 0.375, 0.5, 0.5, 0.5, 0.5, 0.5, 0.5, 0.5, 0.625, 0.75, 0.875, 1.0, 1.0, 1.0, 1.0, 1.0, 1.0], 'schedule_sudden': [0.0, 0.0, 0.0, 0.0, 0.0, 0.0, 0.0, 0.0, 0.0, 0.0, 0.0, 0.0, 0.0, 1.0, 1.0, 1.0, 1.0, 1.0, 1.0, 1.0, 1.0, 1.0, 1.0, 1.0, 1.0], 'seed': 42}","{'ef_search': [16, 32, 64, 128, 256, 512], 'k': 10, 'k_groundtruth': 100}","{'M': 16, 'ef_construction': 200, 'seed': 1234}","{'dataset_gradual_path': 'experiments/01_drift_baseline/dataset_gradual', 'dataset_sudden_path': 'experiments/01_drift_baseline/dataset_sudden', 'index_path': 'experiments/01_drift_baseline/index.bin', 'results_gradual': 'experiments/01_drift_baseline/results_gradual.csv', 'results_sudden': 'experiments/01_drift_baseline/results_sudden.csv'}",schedule_sudden
0.9826000000000001,0.04355127800954506,32,500,9,0.0,"{'base_path': '/scratch/easchman/thesis/data/sift/sift_learn.fvecs', 'n_base': 5000000, 'n_queries_pool': 10000, 'query_path': '/scratch/easchman/thesis/data/sift/sift_query.fvecs'}","{'epoch_size': 500, 'n_epochs': 25, 'schedule_gradual': [0.0, 0.0, 0.0, 0.0, 0.0, 0.0, 0.125, 0.25, 0.375, 0.5, 0.5, 0.5, 0.5, 0.5, 0.5, 0.5, 0.625, 0.75, 0.875, 1.0, 1.0, 1.0, 1.0, 1.0, 1.0], 'schedule_sudden': [0.0, 0.0, 0.0, 0.0, 0.0, 0.0, 0.0, 0.0, 0.0, 0.0, 0.0, 0.0, 0.0, 1.0, 1.0, 1.0, 1.0, 1.0, 1.0, 1.0, 1.0, 1.0, 1.0, 1.0, 1.0], 'seed': 42}","{'ef_search': [16, 32, 64, 128, 256, 512], 'k': 10, 'k_groundtruth': 100}","{'M': 16, 'ef_construction': 200, 'seed': 1234}","{'dataset_gradual_path': 'experiments/01_drift_baseline/dataset_gradual', 'dataset_sudden_path': 'experiments/01_drift_baseline/dataset_sudden', 'index_path': 'experiments/01_drift_baseline/index.bin', 'results_gradual': 'experiments/01_drift_baseline/results_gradual.csv', 'results_sudden': 'experiments/01_drift_baseline/results_sudden.csv'}",schedule_sudden
0.9952000000000001,0.07404352206503972,64,500,9,0.0,"{'base_path': '/scratch/easchman/thesis/data/sift/sift_learn.fvecs', 'n_base': 5000000, 'n_queries_pool': 10000, 'query_path': '/scratch/easchman/thesis/data/sift/sift_query.fvecs'}","{'epoch_size': 500, 'n_epochs': 25, 'schedule_gradual': [0.0, 0.0, 0.0, 0.0, 0.0, 0.0, 0.125, 0.25, 0.375, 0.5, 0.5, 0.5, 0.5, 0.5, 0.5, 0.5, 0.625, 0.75, 0.875, 1.0, 1.0, 1.0, 1.0, 1.0, 1.0], 'schedule_sudden': [0.0, 0.0, 0.0, 0.0, 0.0, 0.0, 0.0, 0.0, 0.0, 0.0, 0.0, 0.0, 0.0, 1.0, 1.0, 1.0, 1.0, 1.0, 1.0, 1.0, 1.0, 1.0, 1.0, 1.0, 1.0], 'seed': 42}","{'ef_search': [16, 32, 64, 128, 256, 512], 'k': 10, 'k_groundtruth': 100}","{'M': 16, 'ef_construction': 200, 'seed': 1234}","{'dataset_gradual_path': 'experiments/01_drift_baseline/dataset_gradual', 'dataset_sudden_path': 'experiments/01_drift_baseline/dataset_sudden', 'index_path': 'experiments/01_drift_baseline/index.bin', 'results_gradual': 'experiments/01_drift_baseline/results_gradual.csv', 'results_sudden': 'experiments/01_drift_baseline/results_sudden.csv'}",schedule_sudden
0.9986,0.12485247221775353,128,500,9,0.0,"{'base_path': '/scratch/easchman/thesis/data/sift/sift_learn.fvecs', 'n_base': 5000000, 'n_queries_pool': 10000, 'query_path': '/scratch/easchman/thesis/data/sift/sift_query.fvecs'}","{'epoch_size': 500, 'n_epochs': 25, 'schedule_gradual': [0.0, 0.0, 0.0, 0.0, 0.0, 0.0, 0.125, 0.25, 0.375, 0.5, 0.5, 0.5, 0.5, 0.5, 0.5, 0.5, 0.625, 0.75, 0.875, 1.0, 1.0, 1.0, 1.0, 1.0, 1.0], 'schedule_sudden': [0.0, 0.0, 0.0, 0.0, 0.0, 0.0, 0.0, 0.0, 0.0, 0.0, 0.0, 0.0, 0.0, 1.0, 1.0, 1.0, 1.0, 1.0, 1.0, 1.0, 1.0, 1.0, 1.0, 1.0, 1.0], 'seed': 42}","{'ef_search': [16, 32, 64, 128, 256, 512], 'k': 10, 'k_groundtruth': 100}","{'M': 16, 'ef_construction': 200, 'seed': 1234}","{'dataset_gradual_path': 'experiments/01_drift_baseline/dataset_gradual', 'dataset_sudden_path': 'experiments/01_drift_baseline/dataset_sudden', 'index_path': 'experiments/01_drift_baseline/index.bin', 'results_gradual': 'experiments/01_drift_baseline/results_gradual.csv', 'results_sudden': 'experiments/01_drift_baseline/results_sudden.csv'}",schedule_sudden
0.999,0.22453843738185242,256,500,9,0.0,"{'base_path': '/scratch/easchman/thesis/data/sift/sift_learn.fvecs', 'n_base': 5000000, 'n_queries_pool': 10000, 'query_path': '/scratch/easchman/thesis/data/sift/sift_query.fvecs'}","{'epoch_size': 500, 'n_epochs': 25, 'schedule_gradual': [0.0, 0.0, 0.0, 0.0, 0.0, 0.0, 0.125, 0.25, 0.375, 0.5, 0.5, 0.5, 0.5, 0.5, 0.5, 0.5, 0.625, 0.75, 0.875, 1.0, 1.0, 1.0, 1.0, 1.0, 1.0], 'schedule_sudden': [0.0, 0.0, 0.0, 0.0, 0.0, 0.0, 0.0, 0.0, 0.0, 0.0, 0.0, 0.0, 0.0, 1.0, 1.0, 1.0, 1.0, 1.0, 1.0, 1.0, 1.0, 1.0, 1.0, 1.0, 1.0], 'seed': 42}","{'ef_search': [16, 32, 64, 128, 256, 512], 'k': 10, 'k_groundtruth': 100}","{'M': 16, 'ef_construction': 200, 'seed': 1234}","{'dataset_gradual_path': 'experiments/01_drift_baseline/dataset_gradual', 'dataset_sudden_path': 'experiments/01_drift_baseline/dataset_sudden', 'index_path': 'experiments/01_drift_baseline/index.bin', 'results_gradual': 'experiments/01_drift_baseline/results_gradual.csv', 'results_sudden': 'experiments/01_drift_baseline/results_sudden.csv'}",schedule_sudden
0.9994000000000001,0.413114704657346,512,500,9,0.0,"{'base_path': '/scratch/easchman/thesis/data/sift/sift_learn.fvecs', 'n_base': 5000000, 'n_queries_pool': 10000, 'query_path': '/scratch/easchman/thesis/data/sift/sift_query.fvecs'}","{'epoch_size': 500, 'n_epochs': 25, 'schedule_gradual': [0.0, 0.0, 0.0, 0.0, 0.0, 0.0, 0.125, 0.25, 0.375, 0.5, 0.5, 0.5, 0.5, 0.5, 0.5, 0.5, 0.625, 0.75, 0.875, 1.0, 1.0, 1.0, 1.0, 1.0, 1.0], 'schedule_sudden': [0.0, 0.0, 0.0, 0.0, 0.0, 0.0, 0.0, 0.0, 0.0, 0.0, 0.0, 0.0, 0.0, 1.0, 1.0, 1.0, 1.0, 1.0, 1.0, 1.0, 1.0, 1.0, 1.0, 1.0, 1.0], 'seed': 42}","{'ef_search': [16, 32, 64, 128, 256, 512], 'k': 10, 'k_groundtruth': 100}","{'M': 16, 'ef_construction': 200, 'seed': 1234}","{'dataset_gradual_path': 'experiments/01_drift_baseline/dataset_gradual', 'dataset_sudden_path': 'experiments/01_drift_baseline/dataset_sudden', 'index_path': 'experiments/01_drift_baseline/index.bin', 'results_gradual': 'experiments/01_drift_baseline/results_gradual.csv', 'results_sudden': 'experiments/01_drift_baseline/results_sudden.csv'}",schedule_sudden
0.9588000000000001,0.02681297605158761,16,500,10,0.0,"{'base_path': '/scratch/easchman/thesis/data/sift/sift_learn.fvecs', 'n_base': 5000000, 'n_queries_pool': 10000, 'query_path': '/scratch/easchman/thesis/data/sift/sift_query.fvecs'}","{'epoch_size': 500, 'n_epochs': 25, 'schedule_gradual': [0.0, 0.0, 0.0, 0.0, 0.0, 0.0, 0.125, 0.25, 0.375, 0.5, 0.5, 0.5, 0.5, 0.5, 0.5, 0.5, 0.625, 0.75, 0.875, 1.0, 1.0, 1.0, 1.0, 1.0, 1.0], 'schedule_sudden': [0.0, 0.0, 0.0, 0.0, 0.0, 0.0, 0.0, 0.0, 0.0, 0.0, 0.0, 0.0, 0.0, 1.0, 1.0, 1.0, 1.0, 1.0, 1.0, 1.0, 1.0, 1.0, 1.0, 1.0, 1.0], 'seed': 42}","{'ef_search': [16, 32, 64, 128, 256, 512], 'k': 10, 'k_groundtruth': 100}","{'M': 16, 'ef_construction': 200, 'seed': 1234}","{'dataset_gradual_path': 'experiments/01_drift_baseline/dataset_gradual', 'dataset_sudden_path': 'experiments/01_drift_baseline/dataset_sudden', 'index_path': 'experiments/01_drift_baseline/index.bin', 'results_gradual': 'experiments/01_drift_baseline/results_gradual.csv', 'results_sudden': 'experiments/01_drift_baseline/results_sudden.csv'}",schedule_sudden
0.9845999999999999,0.04055955237708986,32,500,10,0.0,"{'base_path': '/scratch/easchman/thesis/data/sift/sift_learn.fvecs', 'n_base': 5000000, 'n_queries_pool': 10000, 'query_path': '/scratch/easchman/thesis/data/sift/sift_query.fvecs'}","{'epoch_size': 500, 'n_epochs': 25, 'schedule_gradual': [0.0, 0.0, 0.0, 0.0, 0.0, 0.0, 0.125, 0.25, 0.375, 0.5, 0.5, 0.5, 0.5, 0.5, 0.5, 0.5, 0.625, 0.75, 0.875, 1.0, 1.0, 1.0, 1.0, 1.0, 1.0], 'schedule_sudden': [0.0, 0.0, 0.0, 0.0, 0.0, 0.0, 0.0, 0.0, 0.0, 0.0, 0.0, 0.0, 0.0, 1.0, 1.0, 1.0, 1.0, 1.0, 1.0, 1.0, 1.0, 1.0, 1.0, 1.0, 1.0], 'seed': 42}","{'ef_search': [16, 32, 64, 128, 256, 512], 'k': 10, 'k_groundtruth': 100}","{'M': 16, 'ef_construction': 200, 'seed': 1234}","{'dataset_gradual_path': 'experiments/01_drift_baseline/dataset_gradual', 'dataset_sudden_path': 'experiments/01_drift_baseline/dataset_sudden', 'index_path': 'experiments/01_drift_baseline/index.bin', 'results_gradual': 'experiments/01_drift_baseline/results_gradual.csv', 'results_sudden': 'experiments/01_drift_baseline/results_sudden.csv'}",schedule_sudden
0.9958,0.07056132436264306,64,500,10,0.0,"{'base_path': '/scratch/easchman/thesis/data/sift/sift_learn.fvecs', 'n_base': 5000000, 'n_queries_pool': 10000, 'query_path': '/scratch/easchman/thesis/data/sift/sift_query.fvecs'}","{'epoch_size': 500, 'n_epochs': 25, 'schedule_gradual': [0.0, 0.0, 0.0, 0.0, 0.0, 0.0, 0.125, 0.25, 0.375, 0.5, 0.5, 0.5, 0.5, 0.5, 0.5, 0.5, 0.625, 0.75, 0.875, 1.0, 1.0, 1.0, 1.0, 1.0, 1.0], 'schedule_sudden': [0.0, 0.0, 0.0, 0.0, 0.0, 0.0, 0.0, 0.0, 0.0, 0.0, 0.0, 0.0, 0.0, 1.0, 1.0, 1.0, 1.0, 1.0, 1.0, 1.0, 1.0, 1.0, 1.0, 1.0, 1.0], 'seed': 42}","{'ef_search': [16, 32, 64, 128, 256, 512], 'k': 10, 'k_groundtruth': 100}","{'M': 16, 'ef_construction': 200, 'seed': 1234}","{'dataset_gradual_path': 'experiments/01_drift_baseline/dataset_gradual', 'dataset_sudden_path': 'experiments/01_drift_baseline/dataset_sudden', 'index_path': 'experiments/01_drift_baseline/index.bin', 'results_gradual': 'experiments/01_drift_baseline/results_gradual.csv', 'results_sudden': 'experiments/01_drift_baseline/results_sudden.csv'}",schedule_sudden
0.9984,0.12633454817114398,128,500,10,0.0,"{'base_path': '/scratch/easchman/thesis/data/sift/sift_learn.fvecs', 'n_base': 5000000, 'n_queries_pool': 10000, 'query_path': '/scratch/easchman/thesis/data/sift/sift_query.fvecs'}","{'epoch_size': 500, 'n_epochs': 25, 'schedule_gradual': [0.0, 0.0, 0.0, 0.0, 0.0, 0.0, 0.125, 0.25, 0.375, 0.5, 0.5, 0.5, 0.5, 0.5, 0.5, 0.5, 0.625, 0.75, 0.875, 1.0, 1.0, 1.0, 1.0, 1.0, 1.0], 'schedule_sudden': [0.0, 0.0, 0.0, 0.0, 0.0, 0.0, 0.0, 0.0, 0.0, 0.0, 0.0, 0.0, 0.0, 1.0, 1.0, 1.0, 1.0, 1.0, 1.0, 1.0, 1.0, 1.0, 1.0, 1.0, 1.0], 'seed': 42}","{'ef_search': [16, 32, 64, 128, 256, 512], 'k': 10, 'k_groundtruth': 100}","{'M': 16, 'ef_construction': 200, 'seed': 1234}","{'dataset_gradual_path': 'experiments/01_drift_baseline/dataset_gradual', 'dataset_sudden_path': 'experiments/01_drift_baseline/dataset_sudden', 'index_path': 'experiments/01_drift_baseline/index.bin', 'results_gradual': 'experiments/01_drift_baseline/results_gradual.csv', 'results_sudden': 'experiments/01_drift_baseline/results_sudden.csv'}",schedule_sudden
0.9994000000000001,0.23497488320572302,256,500,10,0.0,"{'base_path': '/scratch/easchman/thesis/data/sift/sift_learn.fvecs', 'n_base': 5000000, 'n_queries_pool': 10000, 'query_path': '/scratch/easchman/thesis/data/sift/sift_query.fvecs'}","{'epoch_size': 500, 'n_epochs': 25, 'schedule_gradual': [0.0, 0.0, 0.0, 0.0, 0.0, 0.0, 0.125, 0.25, 0.375, 0.5, 0.5, 0.5, 0.5, 0.5, 0.5, 0.5, 0.625, 0.75, 0.875, 1.0, 1.0, 1.0, 1.0, 1.0, 1.0], 'schedule_sudden': [0.0, 0.0, 0.0, 0.0, 0.0, 0.0, 0.0, 0.0, 0.0, 0.0, 0.0, 0.0, 0.0, 1.0, 1.0, 1.0, 1.0, 1.0, 1.0, 1.0, 1.0, 1.0, 1.0, 1.0, 1.0], 'seed': 42}","{'ef_search': [16, 32, 64, 128, 256, 512], 'k': 10, 'k_groundtruth': 100}","{'M': 16, 'ef_construction': 200, 'seed': 1234}","{'dataset_gradual_path': 'experiments/01_drift_baseline/dataset_gradual', 'dataset_sudden_path': 'experiments/01_drift_baseline/dataset_sudden', 'index_path': 'experiments/01_drift_baseline/index.bin', 'results_gradual': 'experiments/01_drift_baseline/results_gradual.csv', 'results_sudden': 'experiments/01_drift_baseline/results_sudden.csv'}",schedule_sudden
0.9996,0.4058271595276892,512,500,10,0.0,"{'base_path': '/scratch/easchman/thesis/data/sift/sift_learn.fvecs', 'n_base': 5000000, 'n_queries_pool': 10000, 'query_path': '/scratch/easchman/thesis/data/sift/sift_query.fvecs'}","{'epoch_size': 500, 'n_epochs': 25, 'schedule_gradual': [0.0, 0.0, 0.0, 0.0, 0.0, 0.0, 0.125, 0.25, 0.375, 0.5, 0.5, 0.5, 0.5, 0.5, 0.5, 0.5, 0.625, 0.75, 0.875, 1.0, 1.0, 1.0, 1.0, 1.0, 1.0], 'schedule_sudden': [0.0, 0.0, 0.0, 0.0, 0.0, 0.0, 0.0, 0.0, 0.0, 0.0, 0.0, 0.0, 0.0, 1.0, 1.0, 1.0, 1.0, 1.0, 1.0, 1.0, 1.0, 1.0, 1.0, 1.0, 1.0], 'seed': 42}","{'ef_search': [16, 32, 64, 128, 256, 512], 'k': 10, 'k_groundtruth': 100}","{'M': 16, 'ef_construction': 200, 'seed': 1234}","{'dataset_gradual_path': 'experiments/01_drift_baseline/dataset_gradual', 'dataset_sudden_path': 'experiments/01_drift_baseline/dataset_sudden', 'index_path': 'experiments/01_drift_baseline/index.bin', 'results_gradual': 'experiments/01_drift_baseline/results_gradual.csv', 'results_sudden': 'experiments/01_drift_baseline/results_sudden.csv'}",schedule_sudden
0.9584000000000001,0.024489597009960562,16,500,11,0.0,"{'base_path': '/scratch/easchman/thesis/data/sift/sift_learn.fvecs', 'n_base': 5000000, 'n_queries_pool': 10000, 'query_path': '/scratch/easchman/thesis/data/sift/sift_query.fvecs'}","{'epoch_size': 500, 'n_epochs': 25, 'schedule_gradual': [0.0, 0.0, 0.0, 0.0, 0.0, 0.0, 0.125, 0.25, 0.375, 0.5, 0.5, 0.5, 0.5, 0.5, 0.5, 0.5, 0.625, 0.75, 0.875, 1.0, 1.0, 1.0, 1.0, 1.0, 1.0], 'schedule_sudden': [0.0, 0.0, 0.0, 0.0, 0.0, 0.0, 0.0, 0.0, 0.0, 0.0, 0.0, 0.0, 0.0, 1.0, 1.0, 1.0, 1.0, 1.0, 1.0, 1.0, 1.0, 1.0, 1.0, 1.0, 1.0], 'seed': 42}","{'ef_search': [16, 32, 64, 128, 256, 512], 'k': 10, 'k_groundtruth': 100}","{'M': 16, 'ef_construction': 200, 'seed': 1234}","{'dataset_gradual_path': 'experiments/01_drift_baseline/dataset_gradual', 'dataset_sudden_path': 'experiments/01_drift_baseline/dataset_sudden', 'index_path': 'experiments/01_drift_baseline/index.bin', 'results_gradual': 'experiments/01_drift_baseline/results_gradual.csv', 'results_sudden': 'experiments/01_drift_baseline/results_sudden.csv'}",schedule_sudden
0.9834,0.037801117869094014,32,500,11,0.0,"{'base_path': '/scratch/easchman/thesis/data/sift/sift_learn.fvecs', 'n_base': 5000000, 'n_queries_pool': 10000, 'query_path': '/scratch/easchman/thesis/data/sift/sift_query.fvecs'}","{'epoch_size': 500, 'n_epochs': 25, 'schedule_gradual': [0.0, 0.0, 0.0, 0.0, 0.0, 0.0, 0.125, 0.25, 0.375, 0.5, 0.5, 0.5, 0.5, 0.5, 0.5, 0.5, 0.625, 0.75, 0.875, 1.0, 1.0, 1.0, 1.0, 1.0, 1.0], 'schedule_sudden': [0.0, 0.0, 0.0, 0.0, 0.0, 0.0, 0.0, 0.0, 0.0, 0.0, 0.0, 0.0, 0.0, 1.0, 1.0, 1.0, 1.0, 1.0, 1.0, 1.0, 1.0, 1.0, 1.0, 1.0, 1.0], 'seed': 42}","{'ef_search': [16, 32, 64, 128, 256, 512], 'k': 10, 'k_groundtruth': 100}","{'M': 16, 'ef_construction': 200, 'seed': 1234}","{'dataset_gradual_path': 'experiments/01_drift_baseline/dataset_gradual', 'dataset_sudden_path': 'experiments/01_drift_baseline/dataset_sudden', 'index_path': 'experiments/01_drift_baseline/index.bin', 'results_gradual': 'experiments/01_drift_baseline/results_gradual.csv', 'results_sudden': 'experiments/01_drift_baseline/results_sudden.csv'}",schedule_sudden
0.9952000000000001,0.06607146328315139,64,500,11,0.0,"{'base_path': '/scratch/easchman/thesis/data/sift/sift_learn.fvecs', 'n_base': 5000000, 'n_queries_pool': 10000, 'query_path': '/scratch/easchman/thesis/data/sift/sift_query.fvecs'}","{'epoch_size': 500, 'n_epochs': 25, 'schedule_gradual': [0.0, 0.0, 0.0, 0.0, 0.0, 0.0, 0.125, 0.25, 0.375, 0.5, 0.5, 0.5, 0.5, 0.5, 0.5, 0.5, 0.625, 0.75, 0.875, 1.0, 1.0, 1.0, 1.0, 1.0, 1.0], 'schedule_sudden': [0.0, 0.0, 0.0, 0.0, 0.0, 0.0, 0.0, 0.0, 0.0, 0.0, 0.0, 0.0, 0.0, 1.0, 1.0, 1.0, 1.0, 1.0, 1.0, 1.0, 1.0, 1.0, 1.0, 1.0, 1.0], 'seed': 42}","{'ef_search': [16, 32, 64, 128, 256, 512], 'k': 10, 'k_groundtruth': 100}","{'M': 16, 'ef_construction': 200, 'seed': 1234}","{'dataset_gradual_path': 'experiments/01_drift_baseline/dataset_gradual', 'dataset_sudden_path': 'experiments/01_drift_baseline/dataset_sudden', 'index_path': 'experiments/01_drift_baseline/index.bin', 'results_gradual': 'experiments/01_drift_baseline/results_gradual.csv', 'results_sudden': 'experiments/01_drift_baseline/results_sudden.csv'}",schedule_sudden
0.9994000000000001,0.11741016810992733,128,500,11,0.0,"{'base_path': '/scratch/easchman/thesis/data/sift/sift_learn.fvecs', 'n_base': 5000000, 'n_queries_pool': 10000, 'query_path': '/scratch/easchman/thesis/data/sift/sift_query.fvecs'}","{'epoch_size': 500, 'n_epochs': 25, 'schedule_gradual': [0.0, 0.0, 0.0, 0.0, 0.0, 0.0, 0.125, 0.25, 0.375, 0.5, 0.5, 0.5, 0.5, 0.5, 0.5, 0.5, 0.625, 0.75, 0.875, 1.0, 1.0, 1.0, 1.0, 1.0, 1.0], 'schedule_sudden': [0.0, 0.0, 0.0, 0.0, 0.0, 0.0, 0.0, 0.0, 0.0, 0.0, 0.0, 0.0, 0.0, 1.0, 1.0, 1.0, 1.0, 1.0, 1.0, 1.0, 1.0, 1.0, 1.0, 1.0, 1.0], 'seed': 42}","{'ef_search': [16, 32, 64, 128, 256, 512], 'k': 10, 'k_groundtruth': 100}","{'M': 16, 'ef_construction': 200, 'seed': 1234}","{'dataset_gradual_path': 'experiments/01_drift_baseline/dataset_gradual', 'dataset_sudden_path': 'experiments/01_drift_baseline/dataset_sudden', 'index_path': 'experiments/01_drift_baseline/index.bin', 'results_gradual': 'experiments/01_drift_baseline/results_gradual.csv', 'results_sudden': 'experiments/01_drift_baseline/results_sudden.csv'}",schedule_sudden
1.0,0.22818007098976523,256,500,11,0.0,"{'base_path': '/scratch/easchman/thesis/data/sift/sift_learn.fvecs', 'n_base': 5000000, 'n_queries_pool': 10000, 'query_path': '/scratch/easchman/thesis/data/sift/sift_query.fvecs'}","{'epoch_size': 500, 'n_epochs': 25, 'schedule_gradual': [0.0, 0.0, 0.0, 0.0, 0.0, 0.0, 0.125, 0.25, 0.375, 0.5, 0.5, 0.5, 0.5, 0.5, 0.5, 0.5, 0.625, 0.75, 0.875, 1.0, 1.0, 1.0, 1.0, 1.0, 1.0], 'schedule_sudden': [0.0, 0.0, 0.0, 0.0, 0.0, 0.0, 0.0, 0.0, 0.0, 0.0, 0.0, 0.0, 0.0, 1.0, 1.0, 1.0, 1.0, 1.0, 1.0, 1.0, 1.0, 1.0, 1.0, 1.0, 1.0], 'seed': 42}","{'ef_search': [16, 32, 64, 128, 256, 512], 'k': 10, 'k_groundtruth': 100}","{'M': 16, 'ef_construction': 200, 'seed': 1234}","{'dataset_gradual_path': 'experiments/01_drift_baseline/dataset_gradual', 'dataset_sudden_path': 'experiments/01_drift_baseline/dataset_sudden', 'index_path': 'experiments/01_drift_baseline/index.bin', 'results_gradual': 'experiments/01_drift_baseline/results_gradual.csv', 'results_sudden': 'experiments/01_drift_baseline/results_sudden.csv'}",schedule_sudden
0.9997999999999999,0.3951864318805747,512,500,11,0.0,"{'base_path': '/scratch/easchman/thesis/data/sift/sift_learn.fvecs', 'n_base': 5000000, 'n_queries_pool': 10000, 'query_path': '/scratch/easchman/thesis/data/sift/sift_query.fvecs'}","{'epoch_size': 500, 'n_epochs': 25, 'schedule_gradual': [0.0, 0.0, 0.0, 0.0, 0.0, 0.0, 0.125, 0.25, 0.375, 0.5, 0.5, 0.5, 0.5, 0.5, 0.5, 0.5, 0.625, 0.75, 0.875, 1.0, 1.0, 1.0, 1.0, 1.0, 1.0], 'schedule_sudden': [0.0, 0.0, 0.0, 0.0, 0.0, 0.0, 0.0, 0.0, 0.0, 0.0, 0.0, 0.0, 0.0, 1.0, 1.0, 1.0, 1.0, 1.0, 1.0, 1.0, 1.0, 1.0, 1.0, 1.0, 1.0], 'seed': 42}","{'ef_search': [16, 32, 64, 128, 256, 512], 'k': 10, 'k_groundtruth': 100}","{'M': 16, 'ef_construction': 200, 'seed': 1234}","{'dataset_gradual_path': 'experiments/01_drift_baseline/dataset_gradual', 'dataset_sudden_path': 'experiments/01_drift_baseline/dataset_sudden', 'index_path': 'experiments/01_drift_baseline/index.bin', 'results_gradual': 'experiments/01_drift_baseline/results_gradual.csv', 'results_sudden': 'experiments/01_drift_baseline/results_sudden.csv'}",schedule_sudden
0.9632000000000001,0.025184615748003125,16,500,12,0.0,"{'base_path': '/scratch/easchman/thesis/data/sift/sift_learn.fvecs', 'n_base': 5000000, 'n_queries_pool': 10000, 'query_path': '/scratch/easchman/thesis/data/sift/sift_query.fvecs'}","{'epoch_size': 500, 'n_epochs': 25, 'schedule_gradual': [0.0, 0.0, 0.0, 0.0, 0.0, 0.0, 0.125, 0.25, 0.375, 0.5, 0.5, 0.5, 0.5, 0.5, 0.5, 0.5, 0.625, 0.75, 0.875, 1.0, 1.0, 1.0, 1.0, 1.0, 1.0], 'schedule_sudden': [0.0, 0.0, 0.0, 0.0, 0.0, 0.0, 0.0, 0.0, 0.0, 0.0, 0.0, 0.0, 0.0, 1.0, 1.0, 1.0, 1.0, 1.0, 1.0, 1.0, 1.0, 1.0, 1.0, 1.0, 1.0], 'seed': 42}","{'ef_search': [16, 32, 64, 128, 256, 512], 'k': 10, 'k_groundtruth': 100}","{'M': 16, 'ef_construction': 200, 'seed': 1234}","{'dataset_gradual_path': 'experiments/01_drift_baseline/dataset_gradual', 'dataset_sudden_path': 'experiments/01_drift_baseline/dataset_sudden', 'index_path': 'experiments/01_drift_baseline/index.bin', 'results_gradual': 'experiments/01_drift_baseline/results_gradual.csv', 'results_sudden': 'experiments/01_drift_baseline/results_sudden.csv'}",schedule_sudden
0.985,0.039130901684984565,32,500,12,0.0,"{'base_path': '/scratch/easchman/thesis/data/sift/sift_learn.fvecs', 'n_base': 5000000, 'n_queries_pool': 10000, 'query_path': '/scratch/easchman/thesis/data/sift/sift_query.fvecs'}","{'epoch_size': 500, 'n_epochs': 25, 'schedule_gradual': [0.0, 0.0, 0.0, 0.0, 0.0, 0.0, 0.125, 0.25, 0.375, 0.5, 0.5, 0.5, 0.5, 0.5, 0.5, 0.5, 0.625, 0.75, 0.875, 1.0, 1.0, 1.0, 1.0, 1.0, 1.0], 'schedule_sudden': [0.0, 0.0, 0.0, 0.0, 0.0, 0.0, 0.0, 0.0, 0.0, 0.0, 0.0, 0.0, 0.0, 1.0, 1.0, 1.0, 1.0, 1.0, 1.0, 1.0, 1.0, 1.0, 1.0, 1.0, 1.0], 'seed': 42}","{'ef_search': [16, 32, 64, 128, 256, 512], 'k': 10, 'k_groundtruth': 100}","{'M': 16, 'ef_construction': 200, 'seed': 1234}","{'dataset_gradual_path': 'experiments/01_drift_baseline/dataset_gradual', 'dataset_sudden_path': 'experiments/01_drift_baseline/dataset_sudden', 'index_path': 'experiments/01_drift_baseline/index.bin', 'results_gradual': 'experiments/01_drift_baseline/results_gradual.csv', 'results_sudden': 'experiments/01_drift_baseline/results_sudden.csv'}",schedule_sudden
0.9966,0.06969047151505947,64,500,12,0.0,"{'base_path': '/scratch/easchman/thesis/data/sift/sift_learn.fvecs', 'n_base': 5000000, 'n_queries_pool': 10000, 'query_path': '/scratch/easchman/thesis/data/sift/sift_query.fvecs'}","{'epoch_size': 500, 'n_epochs': 25, 'schedule_gradual': [0.0, 0.0, 0.0, 0.0, 0.0, 0.0, 0.125, 0.25, 0.375, 0.5, 0.5, 0.5, 0.5, 0.5, 0.5, 0.5, 0.625, 0.75, 0.875, 1.0, 1.0, 1.0, 1.0, 1.0, 1.0], 'schedule_sudden': [0.0, 0.0, 0.0, 0.0, 0.0, 0.0, 0.0, 0.0, 0.0, 0.0, 0.0, 0.0, 0.0, 1.0, 1.0, 1.0, 1.0, 1.0, 1.0, 1.0, 1.0, 1.0, 1.0, 1.0, 1.0], 'seed': 42}","{'ef_search': [16, 32, 64, 128, 256, 512], 'k': 10, 'k_groundtruth': 100}","{'M': 16, 'ef_construction': 200, 'seed': 1234}","{'dataset_gradual_path': 'experiments/01_drift_baseline/dataset_gradual', 'dataset_sudden_path': 'experiments/01_drift_baseline/dataset_sudden', 'index_path': 'experiments/01_drift_baseline/index.bin', 'results_gradual': 'experiments/01_drift_baseline/results_gradual.csv', 'results_sudden': 'experiments/01_drift_baseline/results_sudden.csv'}",schedule_sudden
0.9994,0.12553304247558117,128,500,12,0.0,"{'base_path': '/scratch/easchman/thesis/data/sift/sift_learn.fvecs', 'n_base': 5000000, 'n_queries_pool': 10000, 'query_path': '/scratch/easchman/thesis/data/sift/sift_query.fvecs'}","{'epoch_size': 500, 'n_epochs': 25, 'schedule_gradual': [0.0, 0.0, 0.0, 0.0, 0.0, 0.0, 0.125, 0.25, 0.375, 0.5, 0.5, 0.5, 0.5, 0.5, 0.5, 0.5, 0.625, 0.75, 0.875, 1.0, 1.0, 1.0, 1.0, 1.0, 1.0], 'schedule_sudden': [0.0, 0.0, 0.0, 0.0, 0.0, 0.0, 0.0, 0.0, 0.0, 0.0, 0.0, 0.0, 0.0, 1.0, 1.0, 1.0, 1.0, 1.0, 1.0, 1.0, 1.0, 1.0, 1.0, 1.0, 1.0], 'seed': 42}","{'ef_search': [16, 32, 64, 128, 256, 512], 'k': 10, 'k_groundtruth': 100}","{'M': 16, 'ef_construction': 200, 'seed': 1234}","{'dataset_gradual_path': 'experiments/01_drift_baseline/dataset_gradual', 'dataset_sudden_path': 'experiments/01_drift_baseline/dataset_sudden', 'index_path': 'experiments/01_drift_baseline/index.bin', 'results_gradual': 'experiments/01_drift_baseline/results_gradual.csv', 'results_sudden': 'experiments/01_drift_baseline/results_sudden.csv'}",schedule_sudden
0.9996,0.22972651780582964,256,500,12,0.0,"{'base_path': '/scratch/easchman/thesis/data/sift/sift_learn.fvecs', 'n_base': 5000000, 'n_queries_pool': 10000, 'query_path': '/scratch/easchman/thesis/data/sift/sift_query.fvecs'}","{'epoch_size': 500, 'n_epochs': 25, 'schedule_gradual': [0.0, 0.0, 0.0, 0.0, 0.0, 0.0, 0.125, 0.25, 0.375, 0.5, 0.5, 0.5, 0.5, 0.5, 0.5, 0.5, 0.625, 0.75, 0.875, 1.0, 1.0, 1.0, 1.0, 1.0, 1.0], 'schedule_sudden': [0.0, 0.0, 0.0, 0.0, 0.0, 0.0, 0.0, 0.0, 0.0, 0.0, 0.0, 0.0, 0.0, 1.0, 1.0, 1.0, 1.0, 1.0, 1.0, 1.0, 1.0, 1.0, 1.0, 1.0, 1.0], 'seed': 42}","{'ef_search': [16, 32, 64, 128, 256, 512], 'k': 10, 'k_groundtruth': 100}","{'M': 16, 'ef_construction': 200, 'seed': 1234}","{'dataset_gradual_path': 'experiments/01_drift_baseline/dataset_gradual', 'dataset_sudden_path': 'experiments/01_drift_baseline/dataset_sudden', 'index_path': 'experiments/01_drift_baseline/index.bin', 'results_gradual': 'experiments/01_drift_baseline/results_gradual.csv', 'results_sudden': 'experiments/01_drift_baseline/results_sudden.csv'}",schedule_sudden
0.9997999999999999,0.41619811626151204,512,500,12,0.0,"{'base_path': '/scratch/easchman/thesis/data/sift/sift_learn.fvecs', 'n_base': 5000000, 'n_queries_pool': 10000, 'query_path': '/scratch/easchman/thesis/data/sift/sift_query.fvecs'}","{'epoch_size': 500, 'n_epochs': 25, 'schedule_gradual': [0.0, 0.0, 0.0, 0.0, 0.0, 0.0, 0.125, 0.25, 0.375, 0.5, 0.5, 0.5, 0.5, 0.5, 0.5, 0.5, 0.625, 0.75, 0.875, 1.0, 1.0, 1.0, 1.0, 1.0, 1.0], 'schedule_sudden': [0.0, 0.0, 0.0, 0.0, 0.0, 0.0, 0.0, 0.0, 0.0, 0.0, 0.0, 0.0, 0.0, 1.0, 1.0, 1.0, 1.0, 1.0, 1.0, 1.0, 1.0, 1.0, 1.0, 1.0, 1.0], 'seed': 42}","{'ef_search': [16, 32, 64, 128, 256, 512], 'k': 10, 'k_groundtruth': 100}","{'M': 16, 'ef_construction': 200, 'seed': 1234}","{'dataset_gradual_path': 'experiments/01_drift_baseline/dataset_gradual', 'dataset_sudden_path': 'experiments/01_drift_baseline/dataset_sudden', 'index_path': 'experiments/01_drift_baseline/index.bin', 'results_gradual': 'experiments/01_drift_baseline/results_gradual.csv', 'results_sudden': 'experiments/01_drift_baseline/results_sudden.csv'}",schedule_sudden
0.36260000000000003,0.028030359942931682,16,500,13,1.0,"{'base_path': '/scratch/easchman/thesis/data/sift/sift_learn.fvecs', 'n_base': 5000000, 'n_queries_pool': 10000, 'query_path': '/scratch/easchman/thesis/data/sift/sift_query.fvecs'}","{'epoch_size': 500, 'n_epochs': 25, 'schedule_gradual': [0.0, 0.0, 0.0, 0.0, 0.0, 0.0, 0.125, 0.25, 0.375, 0.5, 0.5, 0.5, 0.5, 0.5, 0.5, 0.5, 0.625, 0.75, 0.875, 1.0, 1.0, 1.0, 1.0, 1.0, 1.0], 'schedule_sudden': [0.0, 0.0, 0.0, 0.0, 0.0, 0.0, 0.0, 0.0, 0.0, 0.0, 0.0, 0.0, 0.0, 1.0, 1.0, 1.0, 1.0, 1.0, 1.0, 1.0, 1.0, 1.0, 1.0, 1.0, 1.0], 'seed': 42}","{'ef_search': [16, 32, 64, 128, 256, 512], 'k': 10, 'k_groundtruth': 100}","{'M': 16, 'ef_construction': 200, 'seed': 1234}","{'dataset_gradual_path': 'experiments/01_drift_baseline/dataset_gradual', 'dataset_sudden_path': 'experiments/01_drift_baseline/dataset_sudden', 'index_path': 'experiments/01_drift_baseline/index.bin', 'results_gradual': 'experiments/01_drift_baseline/results_gradual.csv', 'results_sudden': 'experiments/01_drift_baseline/results_sudden.csv'}",schedule_sudden
0.5046,0.043893419904634356,32,500,13,1.0,"{'base_path': '/scratch/easchman/thesis/data/sift/sift_learn.fvecs', 'n_base': 5000000, 'n_queries_pool': 10000, 'query_path': '/scratch/easchman/thesis/data/sift/sift_query.fvecs'}","{'epoch_size': 500, 'n_epochs': 25, 'schedule_gradual': [0.0, 0.0, 0.0, 0.0, 0.0, 0.0, 0.125, 0.25, 0.375, 0.5, 0.5, 0.5, 0.5, 0.5, 0.5, 0.5, 0.625, 0.75, 0.875, 1.0, 1.0, 1.0, 1.0, 1.0, 1.0], 'schedule_sudden': [0.0, 0.0, 0.0, 0.0, 0.0, 0.0, 0.0, 0.0, 0.0, 0.0, 0.0, 0.0, 0.0, 1.0, 1.0, 1.0, 1.0, 1.0, 1.0, 1.0, 1.0, 1.0, 1.0, 1.0, 1.0], 'seed': 42}","{'ef_search': [16, 32, 64, 128, 256, 512], 'k': 10, 'k_groundtruth': 100}","{'M': 16, 'ef_construction': 200, 'seed': 1234}","{'dataset_gradual_path': 'experiments/01_drift_baseline/dataset_gradual', 'dataset_sudden_path': 'experiments/01_drift_baseline/dataset_sudden', 'index_path': 'experiments/01_drift_baseline/index.bin', 'results_gradual': 'experiments/01_drift_baseline/results_gradual.csv', 'results_sudden': 'experiments/01_drift_baseline/results_sudden.csv'}",schedule_sudden
0.6407999999999999,0.07673361373599619,64,500,13,1.0,"{'base_path': '/scratch/easchman/thesis/data/sift/sift_learn.fvecs', 'n_base': 5000000, 'n_queries_pool': 10000, 'query_path': '/scratch/easchman/thesis/data/sift/sift_query.fvecs'}","{'epoch_size': 500, 'n_epochs': 25, 'schedule_gradual': [0.0, 0.0, 0.0, 0.0, 0.0, 0.0, 0.125, 0.25, 0.375, 0.5, 0.5, 0.5, 0.5, 0.5, 0.5, 0.5, 0.625, 0.75, 0.875, 1.0, 1.0, 1.0, 1.0, 1.0, 1.0], 'schedule_sudden': [0.0, 0.0, 0.0, 0.0, 0.0, 0.0, 0.0, 0.0, 0.0, 0.0, 0.0, 0.0, 0.0, 1.0, 1.0, 1.0, 1.0, 1.0, 1.0, 1.0, 1.0, 1.0, 1.0, 1.0, 1.0], 'seed': 42}","{'ef_search': [16, 32, 64, 128, 256, 512], 'k': 10, 'k_groundtruth': 100}","{'M': 16, 'ef_construction': 200, 'seed': 1234}","{'dataset_gradual_path': 'experiments/01_drift_baseline/dataset_gradual', 'dataset_sudden_path': 'experiments/01_drift_baseline/dataset_sudden', 'index_path': 'experiments/01_drift_baseline/index.bin', 'results_gradual': 'experiments/01_drift_baseline/results_gradual.csv', 'results_sudden': 'experiments/01_drift_baseline/results_sudden.csv'}",schedule_sudden
0.762,0.13337670516921207,128,500,13,1.0,"{'base_path': '/scratch/easchman/thesis/data/sift/sift_learn.fvecs', 'n_base': 5000000, 'n_queries_pool': 10000, 'query_path': '/scratch/easchman/thesis/data/sift/sift_query.fvecs'}","{'epoch_size': 500, 'n_epochs': 25, 'schedule_gradual': [0.0, 0.0, 0.0, 0.0, 0.0, 0.0, 0.125, 0.25, 0.375, 0.5, 0.5, 0.5, 0.5, 0.5, 0.5, 0.5, 0.625, 0.75, 0.875, 1.0, 1.0, 1.0, 1.0, 1.0, 1.0], 'schedule_sudden': [0.0, 0.0, 0.0, 0.0, 0.0, 0.0, 0.0, 0.0, 0.0, 0.0, 0.0, 0.0, 0.0, 1.0, 1.0, 1.0, 1.0, 1.0, 1.0, 1.0, 1.0, 1.0, 1.0, 1.0, 1.0], 'seed': 42}","{'ef_search': [16, 32, 64, 128, 256, 512], 'k': 10, 'k_groundtruth': 100}","{'M': 16, 'ef_construction': 200, 'seed': 1234}","{'dataset_gradual_path': 'experiments/01_drift_baseline/dataset_gradual', 'dataset_sudden_path': 'experiments/01_drift_baseline/dataset_sudden', 'index_path': 'experiments/01_drift_baseline/index.bin', 'results_gradual': 'experiments/01_drift_baseline/results_gradual.csv', 'results_sudden': 'experiments/01_drift_baseline/results_sudden.csv'}",schedule_sudden
0.8452000000000001,0.24879440135555342,256,500,13,1.0,"{'base_path': '/scratch/easchman/thesis/data/sift/sift_learn.fvecs', 'n_base': 5000000, 'n_queries_pool': 10000, 'query_path': '/scratch/easchman/thesis/data/sift/sift_query.fvecs'}","{'epoch_size': 500, 'n_epochs': 25, 'schedule_gradual': [0.0, 0.0, 0.0, 0.0, 0.0, 0.0, 0.125, 0.25, 0.375, 0.5, 0.5, 0.5, 0.5, 0.5, 0.5, 0.5, 0.625, 0.75, 0.875, 1.0, 1.0, 1.0, 1.0, 1.0, 1.0], 'schedule_sudden': [0.0, 0.0, 0.0, 0.0, 0.0, 0.0, 0.0, 0.0, 0.0, 0.0, 0.0, 0.0, 0.0, 1.0, 1.0, 1.0, 1.0, 1.0, 1.0, 1.0, 1.0, 1.0, 1.0, 1.0, 1.0], 'seed': 42}","{'ef_search': [16, 32, 64, 128, 256, 512], 'k': 10, 'k_groundtruth': 100}","{'M': 16, 'ef_construction': 200, 'seed': 1234}","{'dataset_gradual_path': 'experiments/01_drift_baseline/dataset_gradual', 'dataset_sudden_path': 'experiments/01_drift_baseline/dataset_sudden', 'index_path': 'experiments/01_drift_baseline/index.bin', 'results_gradual': 'experiments/01_drift_baseline/results_gradual.csv', 'results_sudden': 'experiments/01_drift_baseline/results_sudden.csv'}",schedule_sudden
0.9128,0.47934694500872865,512,500,13,1.0,"{'base_path': '/scratch/easchman/thesis/data/sift/sift_learn.fvecs', 'n_base': 5000000, 'n_queries_pool': 10000, 'query_path': '/scratch/easchman/thesis/data/sift/sift_query.fvecs'}","{'epoch_size': 500, 'n_epochs': 25, 'schedule_gradual': [0.0, 0.0, 0.0, 0.0, 0.0, 0.0, 0.125, 0.25, 0.375, 0.5, 0.5, 0.5, 0.5, 0.5, 0.5, 0.5, 0.625, 0.75, 0.875, 1.0, 1.0, 1.0, 1.0, 1.0, 1.0], 'schedule_sudden': [0.0, 0.0, 0.0, 0.0, 0.0, 0.0, 0.0, 0.0, 0.0, 0.0, 0.0, 0.0, 0.0, 1.0, 1.0, 1.0, 1.0, 1.0, 1.0, 1.0, 1.0, 1.0, 1.0, 1.0, 1.0], 'seed': 42}","{'ef_search': [16, 32, 64, 128, 256, 512], 'k': 10, 'k_groundtruth': 100}","{'M': 16, 'ef_construction': 200, 'seed': 1234}","{'dataset_gradual_path': 'experiments/01_drift_baseline/dataset_gradual', 'dataset_sudden_path': 'experiments/01_drift_baseline/dataset_sudden', 'index_path': 'experiments/01_drift_baseline/index.bin', 'results_gradual': 'experiments/01_drift_baseline/results_gradual.csv', 'results_sudden': 'experiments/01_drift_baseline/results_sudden.csv'}",schedule_sudden
0.372,0.026761589688248932,16,500,14,1.0,"{'base_path': '/scratch/easchman/thesis/data/sift/sift_learn.fvecs', 'n_base': 5000000, 'n_queries_pool': 10000, 'query_path': '/scratch/easchman/thesis/data/sift/sift_query.fvecs'}","{'epoch_size': 500, 'n_epochs': 25, 'schedule_gradual': [0.0, 0.0, 0.0, 0.0, 0.0, 0.0, 0.125, 0.25, 0.375, 0.5, 0.5, 0.5, 0.5, 0.5, 0.5, 0.5, 0.625, 0.75, 0.875, 1.0, 1.0, 1.0, 1.0, 1.0, 1.0], 'schedule_sudden': [0.0, 0.0, 0.0, 0.0, 0.0, 0.0, 0.0, 0.0, 0.0, 0.0, 0.0, 0.0, 0.0, 1.0, 1.0, 1.0, 1.0, 1.0, 1.0, 1.0, 1.0, 1.0, 1.0, 1.0, 1.0], 'seed': 42}","{'ef_search': [16, 32, 64, 128, 256, 512], 'k': 10, 'k_groundtruth': 100}","{'M': 16, 'ef_construction': 200, 'seed': 1234}","{'dataset_gradual_path': 'experiments/01_drift_baseline/dataset_gradual', 'dataset_sudden_path': 'experiments/01_drift_baseline/dataset_sudden', 'index_path': 'experiments/01_drift_baseline/index.bin', 'results_gradual': 'experiments/01_drift_baseline/results_gradual.csv', 'results_sudden': 'experiments/01_drift_baseline/results_sudden.csv'}",schedule_sudden
0.5111999999999999,0.0423839814029634,32,500,14,1.0,"{'base_path': '/scratch/easchman/thesis/data/sift/sift_learn.fvecs', 'n_base': 5000000, 'n_queries_pool': 10000, 'query_path': '/scratch/easchman/thesis/data/sift/sift_query.fvecs'}","{'epoch_size': 500, 'n_epochs': 25, 'schedule_gradual': [0.0, 0.0, 0.0, 0.0, 0.0, 0.0, 0.125, 0.25, 0.375, 0.5, 0.5, 0.5, 0.5, 0.5, 0.5, 0.5, 0.625, 0.75, 0.875, 1.0, 1.0, 1.0, 1.0, 1.0, 1.0], 'schedule_sudden': [0.0, 0.0, 0.0, 0.0, 0.0, 0.0, 0.0, 0.0, 0.0, 0.0, 0.0, 0.0, 0.0, 1.0, 1.0, 1.0, 1.0, 1.0, 1.0, 1.0, 1.0, 1.0, 1.0, 1.0, 1.0], 'seed': 42}","{'ef_search': [16, 32, 64, 128, 256, 512], 'k': 10, 'k_groundtruth': 100}","{'M': 16, 'ef_construction': 200, 'seed': 1234}","{'dataset_gradual_path': 'experiments/01_drift_baseline/dataset_gradual', 'dataset_sudden_path': 'experiments/01_drift_baseline/dataset_sudden', 'index_path': 'experiments/01_drift_baseline/index.bin', 'results_gradual': 'experiments/01_drift_baseline/results_gradual.csv', 'results_sudden': 'experiments/01_drift_baseline/results_sudden.csv'}",schedule_sudden
0.6497999999999999,0.0720616634353064,64,500,14,1.0,"{'base_path': '/scratch/easchman/thesis/data/sift/sift_learn.fvecs', 'n_base': 5000000, 'n_queries_pool': 10000, 'query_path': '/scratch/easchman/thesis/data/sift/sift_query.fvecs'}","{'epoch_size': 500, 'n_epochs': 25, 'schedule_gradual': [0.0, 0.0, 0.0, 0.0, 0.0, 0.0, 0.125, 0.25, 0.375, 0.5, 0.5, 0.5, 0.5, 0.5, 0.5, 0.5, 0.625, 0.75, 0.875, 1.0, 1.0, 1.0, 1.0, 1.0, 1.0], 'schedule_sudden': [0.0, 0.0, 0.0, 0.0, 0.0, 0.0, 0.0, 0.0, 0.0, 0.0, 0.0, 0.0, 0.0, 1.0, 1.0, 1.0, 1.0, 1.0, 1.0, 1.0, 1.0, 1.0, 1.0, 1.0, 1.0], 'seed': 42}","{'ef_search': [16, 32, 64, 128, 256, 512], 'k': 10, 'k_groundtruth': 100}","{'M': 16, 'ef_construction': 200, 'seed': 1234}","{'dataset_gradual_path': 'experiments/01_drift_baseline/dataset_gradual', 'dataset_sudden_path': 'experiments/01_drift_baseline/dataset_sudden', 'index_path': 'experiments/01_drift_baseline/index.bin', 'results_gradual': 'experiments/01_drift_baseline/results_gradual.csv', 'results_sudden': 'experiments/01_drift_baseline/results_sudden.csv'}",schedule_sudden
0.768,0.12957195728085935,128,500,14,1.0,"{'base_path': '/scratch/easchman/thesis/data/sift/sift_learn.fvecs', 'n_base': 5000000, 'n_queries_pool': 10000, 'query_path': '/scratch/easchman/thesis/data/sift/sift_query.fvecs'}","{'epoch_size': 500, 'n_epochs': 25, 'schedule_gradual': [0.0, 0.0, 0.0, 0.0, 0.0, 0.0, 0.125, 0.25, 0.375, 0.5, 0.5, 0.5, 0.5, 0.5, 0.5, 0.5, 0.625, 0.75, 0.875, 1.0, 1.0, 1.0, 1.0, 1.0, 1.0], 'schedule_sudden': [0.0, 0.0, 0.0, 0.0, 0.0, 0.0, 0.0, 0.0, 0.0, 0.0, 0.0, 0.0, 0.0, 1.0, 1.0, 1.0, 1.0, 1.0, 1.0, 1.0, 1.0, 1.0, 1.0, 1.0, 1.0], 'seed': 42}","{'ef_search': [16, 32, 64, 128, 256, 512], 'k': 10, 'k_groundtruth': 100}","{'M': 16, 'ef_construction': 200, 'seed': 1234}","{'dataset_gradual_path': 'experiments/01_drift_baseline/dataset_gradual', 'dataset_sudden_path': 'experiments/01_drift_baseline/dataset_sudden', 'index_path': 'experiments/01_drift_baseline/index.bin', 'results_gradual': 'experiments/01_drift_baseline/results_gradual.csv', 'results_sudden': 'experiments/01_drift_baseline/results_sudden.csv'}",schedule_sudden
0.849,0.2437302119215019,256,500,14,1.0,"{'base_path': '/scratch/easchman/thesis/data/sift/sift_learn.fvecs', 'n_base': 5000000, 'n_queries_pool': 10000, 'query_path': '/scratch/easchman/thesis/data/sift/sift_query.fvecs'}","{'epoch_size': 500, 'n_epochs': 25, 'schedule_gradual': [0.0, 0.0, 0.0, 0.0, 0.0, 0.0, 0.125, 0.25, 0.375, 0.5, 0.5, 0.5, 0.5, 0.5, 0.5, 0.5, 0.625, 0.75, 0.875, 1.0, 1.0, 1.0, 1.0, 1.0, 1.0], 'schedule_sudden': [0.0, 0.0, 0.0, 0.0, 0.0, 0.0, 0.0, 0.0, 0.0, 0.0, 0.0, 0.0, 0.0, 1.0, 1.0, 1.0, 1.0, 1.0, 1.0, 1.0, 1.0, 1.0, 1.0, 1.0, 1.0], 'seed': 42}","{'ef_search': [16, 32, 64, 128, 256, 512], 'k': 10, 'k_groundtruth': 100}","{'M': 16, 'ef_construction': 200, 'seed': 1234}","{'dataset_gradual_path': 'experiments/01_drift_baseline/dataset_gradual', 'dataset_sudden_path': 'experiments/01_drift_baseline/dataset_sudden', 'index_path': 'experiments/01_drift_baseline/index.bin', 'results_gradual': 'experiments/01_drift_baseline/results_gradual.csv', 'results_sudden': 'experiments/01_drift_baseline/results_sudden.csv'}",schedule_sudden
0.9114000000000001,0.48226305516436696,512,500,14,1.0,"{'base_path': '/scratch/easchman/thesis/data/sift/sift_learn.fvecs', 'n_base': 5000000, 'n_queries_pool': 10000, 'query_path': '/scratch/easchman/thesis/data/sift/sift_query.fvecs'}","{'epoch_size': 500, 'n_epochs': 25, 'schedule_gradual': [0.0, 0.0, 0.0, 0.0, 0.0, 0.0, 0.125, 0.25, 0.375, 0.5, 0.5, 0.5, 0.5, 0.5, 0.5, 0.5, 0.625, 0.75, 0.875, 1.0, 1.0, 1.0, 1.0, 1.0, 1.0], 'schedule_sudden': [0.0, 0.0, 0.0, 0.0, 0.0, 0.0, 0.0, 0.0, 0.0, 0.0, 0.0, 0.0, 0.0, 1.0, 1.0, 1.0, 1.0, 1.0, 1.0, 1.0, 1.0, 1.0, 1.0, 1.0, 1.0], 'seed': 42}","{'ef_search': [16, 32, 64, 128, 256, 512], 'k': 10, 'k_groundtruth': 100}","{'M': 16, 'ef_construction': 200, 'seed': 1234}","{'dataset_gradual_path': 'experiments/01_drift_baseline/dataset_gradual', 'dataset_sudden_path': 'experiments/01_drift_baseline/dataset_sudden', 'index_path': 'experiments/01_drift_baseline/index.bin', 'results_gradual': 'experiments/01_drift_baseline/results_gradual.csv', 'results_sudden': 'experiments/01_drift_baseline/results_sudden.csv'}",schedule_sudden
0.36660000000000004,0.027368391980417073,16,500,15,1.0,"{'base_path': '/scratch/easchman/thesis/data/sift/sift_learn.fvecs', 'n_base': 5000000, 'n_queries_pool': 10000, 'query_path': '/scratch/easchman/thesis/data/sift/sift_query.fvecs'}","{'epoch_size': 500, 'n_epochs': 25, 'schedule_gradual': [0.0, 0.0, 0.0, 0.0, 0.0, 0.0, 0.125, 0.25, 0.375, 0.5, 0.5, 0.5, 0.5, 0.5, 0.5, 0.5, 0.625, 0.75, 0.875, 1.0, 1.0, 1.0, 1.0, 1.0, 1.0], 'schedule_sudden': [0.0, 0.0, 0.0, 0.0, 0.0, 0.0, 0.0, 0.0, 0.0, 0.0, 0.0, 0.0, 0.0, 1.0, 1.0, 1.0, 1.0, 1.0, 1.0, 1.0, 1.0, 1.0, 1.0, 1.0, 1.0], 'seed': 42}","{'ef_search': [16, 32, 64, 128, 256, 512], 'k': 10, 'k_groundtruth': 100}","{'M': 16, 'ef_construction': 200, 'seed': 1234}","{'dataset_gradual_path': 'experiments/01_drift_baseline/dataset_gradual', 'dataset_sudden_path': 'experiments/01_drift_baseline/dataset_sudden', 'index_path': 'experiments/01_drift_baseline/index.bin', 'results_gradual': 'experiments/01_drift_baseline/results_gradual.csv', 'results_sudden': 'experiments/01_drift_baseline/results_sudden.csv'}",schedule_sudden
0.5154,0.04358844645321369,32,500,15,1.0,"{'base_path': '/scratch/easchman/thesis/data/sift/sift_learn.fvecs', 'n_base': 5000000, 'n_queries_pool': 10000, 'query_path': '/scratch/easchman/thesis/data/sift/sift_query.fvecs'}","{'epoch_size': 500, 'n_epochs': 25, 'schedule_gradual': [0.0, 0.0, 0.0, 0.0, 0.0, 0.0, 0.125, 0.25, 0.375, 0.5, 0.5, 0.5, 0.5, 0.5, 0.5, 0.5, 0.625, 0.75, 0.875, 1.0, 1.0, 1.0, 1.0, 1.0, 1.0], 'schedule_sudden': [0.0, 0.0, 0.0, 0.0, 0.0, 0.0, 0.0, 0.0, 0.0, 0.0, 0.0, 0.0, 0.0, 1.0, 1.0, 1.0, 1.0, 1.0, 1.0, 1.0, 1.0, 1.0, 1.0, 1.0, 1.0], 'seed': 42}","{'ef_search': [16, 32, 64, 128, 256, 512], 'k': 10, 'k_groundtruth': 100}","{'M': 16, 'ef_construction': 200, 'seed': 1234}","{'dataset_gradual_path': 'experiments/01_drift_baseline/dataset_gradual', 'dataset_sudden_path': 'experiments/01_drift_baseline/dataset_sudden', 'index_path': 'experiments/01_drift_baseline/index.bin', 'results_gradual': 'experiments/01_drift_baseline/results_gradual.csv', 'results_sudden': 'experiments/01_drift_baseline/results_sudden.csv'}",schedule_sudden
0.6452,0.07413463114062324,64,500,15,1.0,"{'base_path': '/scratch/easchman/thesis/data/sift/sift_learn.fvecs', 'n_base': 5000000, 'n_queries_pool': 10000, 'query_path': '/scratch/easchman/thesis/data/sift/sift_query.fvecs'}","{'epoch_size': 500, 'n_epochs': 25, 'schedule_gradual': [0.0, 0.0, 0.0, 0.0, 0.0, 0.0, 0.125, 0.25, 0.375, 0.5, 0.5, 0.5, 0.5, 0.5, 0.5, 0.5, 0.625, 0.75, 0.875, 1.0, 1.0, 1.0, 1.0, 1.0, 1.0], 'schedule_sudden': [0.0, 0.0, 0.0, 0.0, 0.0, 0.0, 0.0, 0.0, 0.0, 0.0, 0.0, 0.0, 0.0, 1.0, 1.0, 1.0, 1.0, 1.0, 1.0, 1.0, 1.0, 1.0, 1.0, 1.0, 1.0], 'seed': 42}","{'ef_search': [16, 32, 64, 128, 256, 512], 'k': 10, 'k_groundtruth': 100}","{'M': 16, 'ef_construction': 200, 'seed': 1234}","{'dataset_gradual_path': 'experiments/01_drift_baseline/dataset_gradual', 'dataset_sudden_path': 'experiments/01_drift_baseline/dataset_sudden', 'index_path': 'experiments/01_drift_baseline/index.bin', 'results_gradual': 'experiments/01_drift_baseline/results_gradual.csv', 'results_sudden': 'experiments/01_drift_baseline/results_sudden.csv'}",schedule_sudden
0.7612000000000001,0.13538470288040116,128,500,15,1.0,"{'base_path': '/scratch/easchman/thesis/data/sift/sift_learn.fvecs', 'n_base': 5000000, 'n_queries_pool': 10000, 'query_path': '/scratch/easchman/thesis/data/sift/sift_query.fvecs'}","{'epoch_size': 500, 'n_epochs': 25, 'schedule_gradual': [0.0, 0.0, 0.0, 0.0, 0.0, 0.0, 0.125, 0.25, 0.375, 0.5, 0.5, 0.5, 0.5, 0.5, 0.5, 0.5, 0.625, 0.75, 0.875, 1.0, 1.0, 1.0, 1.0, 1.0, 1.0], 'schedule_sudden': [0.0, 0.0, 0.0, 0.0, 0.0, 0.0, 0.0, 0.0, 0.0, 0.0, 0.0, 0.0, 0.0, 1.0, 1.0, 1.0, 1.0, 1.0, 1.0, 1.0, 1.0, 1.0, 1.0, 1.0, 1.0], 'seed': 42}","{'ef_search': [16, 32, 64, 128, 256, 512], 'k': 10, 'k_groundtruth': 100}","{'M': 16, 'ef_construction': 200, 'seed': 1234}","{'dataset_gradual_path': 'experiments/01_drift_baseline/dataset_gradual', 'dataset_sudden_path': 'experiments/01_drift_baseline/dataset_sudden', 'index_path': 'experiments/01_drift_baseline/index.bin', 'results_gradual': 'experiments/01_drift_baseline/results_gradual.csv', 'results_sudden': 'experiments/01_drift_baseline/results_sudden.csv'}",schedule_sudden
0.8536,0.25470865675015375,256,500,15,1.0,"{'base_path': '/scratch/easchman/thesis/data/sift/sift_learn.fvecs', 'n_base': 5000000, 'n_queries_pool': 10000, 'query_path': '/scratch/easchman/thesis/data/sift/sift_query.fvecs'}","{'epoch_size': 500, 'n_epochs': 25, 'schedule_gradual': [0.0, 0.0, 0.0, 0.0, 0.0, 0.0, 0.125, 0.25, 0.375, 0.5, 0.5, 0.5, 0.5, 0.5, 0.5, 0.5, 0.625, 0.75, 0.875, 1.0, 1.0, 1.0, 1.0, 1.0, 1.0], 'schedule_sudden': [0.0, 0.0, 0.0, 0.0, 0.0, 0.0, 0.0, 0.0, 0.0, 0.0, 0.0, 0.0, 0.0, 1.0, 1.0, 1.0, 1.0, 1.0, 1.0, 1.0, 1.0, 1.0, 1.0, 1.0, 1.0], 'seed': 42}","{'ef_search': [16, 32, 64, 128, 256, 512], 'k': 10, 'k_groundtruth': 100}","{'M': 16, 'ef_construction': 200, 'seed': 1234}","{'dataset_gradual_path': 'experiments/01_drift_baseline/dataset_gradual', 'dataset_sudden_path': 'experiments/01_drift_baseline/dataset_sudden', 'index_path': 'experiments/01_drift_baseline/index.bin', 'results_gradual': 'experiments/01_drift_baseline/results_gradual.csv', 'results_sudden': 'experiments/01_drift_baseline/results_sudden.csv'}",schedule_sudden
0.918,0.48780130449449643,512,500,15,1.0,"{'base_path': '/scratch/easchman/thesis/data/sift/sift_learn.fvecs', 'n_base': 5000000, 'n_queries_pool': 10000, 'query_path': '/scratch/easchman/thesis/data/sift/sift_query.fvecs'}","{'epoch_size': 500, 'n_epochs': 25, 'schedule_gradual': [0.0, 0.0, 0.0, 0.0, 0.0, 0.0, 0.125, 0.25, 0.375, 0.5, 0.5, 0.5, 0.5, 0.5, 0.5, 0.5, 0.625, 0.75, 0.875, 1.0, 1.0, 1.0, 1.0, 1.0, 1.0], 'schedule_sudden': [0.0, 0.0, 0.0, 0.0, 0.0, 0.0, 0.0, 0.0, 0.0, 0.0, 0.0, 0.0, 0.0, 1.0, 1.0, 1.0, 1.0, 1.0, 1.0, 1.0, 1.0, 1.0, 1.0, 1.0, 1.0], 'seed': 42}","{'ef_search': [16, 32, 64, 128, 256, 512], 'k': 10, 'k_groundtruth': 100}","{'M': 16, 'ef_construction': 200, 'seed': 1234}","{'dataset_gradual_path': 'experiments/01_drift_baseline/dataset_gradual', 'dataset_sudden_path': 'experiments/01_drift_baseline/dataset_sudden', 'index_path': 'experiments/01_drift_baseline/index.bin', 'results_gradual': 'experiments/01_drift_baseline/results_gradual.csv', 'results_sudden': 'experiments/01_drift_baseline/results_sudden.csv'}",schedule_sudden
0.385,0.026893749716691673,16,500,16,1.0,"{'base_path': '/scratch/easchman/thesis/data/sift/sift_learn.fvecs', 'n_base': 5000000, 'n_queries_pool': 10000, 'query_path': '/scratch/easchman/thesis/data/sift/sift_query.fvecs'}","{'epoch_size': 500, 'n_epochs': 25, 'schedule_gradual': [0.0, 0.0, 0.0, 0.0, 0.0, 0.0, 0.125, 0.25, 0.375, 0.5, 0.5, 0.5, 0.5, 0.5, 0.5, 0.5, 0.625, 0.75, 0.875, 1.0, 1.0, 1.0, 1.0, 1.0, 1.0], 'schedule_sudden': [0.0, 0.0, 0.0, 0.0, 0.0, 0.0, 0.0, 0.0, 0.0, 0.0, 0.0, 0.0, 0.0, 1.0, 1.0, 1.0, 1.0, 1.0, 1.0, 1.0, 1.0, 1.0, 1.0, 1.0, 1.0], 'seed': 42}","{'ef_search': [16, 32, 64, 128, 256, 512], 'k': 10, 'k_groundtruth': 100}","{'M': 16, 'ef_construction': 200, 'seed': 1234}","{'dataset_gradual_path': 'experiments/01_drift_baseline/dataset_gradual', 'dataset_sudden_path': 'experiments/01_drift_baseline/dataset_sudden', 'index_path': 'experiments/01_drift_baseline/index.bin', 'results_gradual': 'experiments/01_drift_baseline/results_gradual.csv', 'results_sudden': 'experiments/01_drift_baseline/results_sudden.csv'}",schedule_sudden
0.5131999999999999,0.042155326053034514,32,500,16,1.0,"{'base_path': '/scratch/easchman/thesis/data/sift/sift_learn.fvecs', 'n_base': 5000000, 'n_queries_pool': 10000, 'query_path': '/scratch/easchman/thesis/data/sift/sift_query.fvecs'}","{'epoch_size': 500, 'n_epochs': 25, 'schedule_gradual': [0.0, 0.0, 0.0, 0.0, 0.0, 0.0, 0.125, 0.25, 0.375, 0.5, 0.5, 0.5, 0.5, 0.5, 0.5, 0.5, 0.625, 0.75, 0.875, 1.0, 1.0, 1.0, 1.0, 1.0, 1.0], 'schedule_sudden': [0.0, 0.0, 0.0, 0.0, 0.0, 0.0, 0.0, 0.0, 0.0, 0.0, 0.0, 0.0, 0.0, 1.0, 1.0, 1.0, 1.0, 1.0, 1.0, 1.0, 1.0, 1.0, 1.0, 1.0, 1.0], 'seed': 42}","{'ef_search': [16, 32, 64, 128, 256, 512], 'k': 10, 'k_groundtruth': 100}","{'M': 16, 'ef_construction': 200, 'seed': 1234}","{'dataset_gradual_path': 'experiments/01_drift_baseline/dataset_gradual', 'dataset_sudden_path': 'experiments/01_drift_baseline/dataset_sudden', 'index_path': 'experiments/01_drift_baseline/index.bin', 'results_gradual': 'experiments/01_drift_baseline/results_gradual.csv', 'results_sudden': 'experiments/01_drift_baseline/results_sudden.csv'}",schedule_sudden
0.643,0.07202246959786862,64,500,16,1.0,"{'base_path': '/scratch/easchman/thesis/data/sift/sift_learn.fvecs', 'n_base': 5000000, 'n_queries_pool': 10000, 'query_path': '/scratch/easchman/thesis/data/sift/sift_query.fvecs'}","{'epoch_size': 500, 'n_epochs': 25, 'schedule_gradual': [0.0, 0.0, 0.0, 0.0, 0.0, 0.0, 0.125, 0.25, 0.375, 0.5, 0.5, 0.5, 0.5, 0.5, 0.5, 0.5, 0.625, 0.75, 0.875, 1.0, 1.0, 1.0, 1.0, 1.0, 1.0], 'schedule_sudden': [0.0, 0.0, 0.0, 0.0, 0.0, 0.0, 0.0, 0.0, 0.0, 0.0, 0.0, 0.0, 0.0, 1.0, 1.0, 1.0, 1.0, 1.0, 1.0, 1.0, 1.0, 1.0, 1.0, 1.0, 1.0], 'seed': 42}","{'ef_search': [16, 32, 64, 128, 256, 512], 'k': 10, 'k_groundtruth': 100}","{'M': 16, 'ef_construction': 200, 'seed': 1234}","{'dataset_gradual_path': 'experiments/01_drift_baseline/dataset_gradual', 'dataset_sudden_path': 'experiments/01_drift_baseline/dataset_sudden', 'index_path': 'experiments/01_drift_baseline/index.bin', 'results_gradual': 'experiments/01_drift_baseline/results_gradual.csv', 'results_sudden': 'experiments/01_drift_baseline/results_sudden.csv'}",schedule_sudden
0.7562000000000001,0.1304247315856628,128,500,16,1.0,"{'base_path': '/scratch/easchman/thesis/data/sift/sift_learn.fvecs', 'n_base': 5000000, 'n_queries_pool': 10000, 'query_path': '/scratch/easchman/thesis/data/sift/sift_query.fvecs'}","{'epoch_size': 500, 'n_epochs': 25, 'schedule_gradual': [0.0, 0.0, 0.0, 0.0, 0.0, 0.0, 0.125, 0.25, 0.375, 0.5, 0.5, 0.5, 0.5, 0.5, 0.5, 0.5, 0.625, 0.75, 0.875, 1.0, 1.0, 1.0, 1.0, 1.0, 1.0], 'schedule_sudden': [0.0, 0.0, 0.0, 0.0, 0.0, 0.0, 0.0, 0.0, 0.0, 0.0, 0.0, 0.0, 0.0, 1.0, 1.0, 1.0, 1.0, 1.0, 1.0, 1.0, 1.0, 1.0, 1.0, 1.0, 1.0], 'seed': 42}","{'ef_search': [16, 32, 64, 128, 256, 512], 'k': 10, 'k_groundtruth': 100}","{'M': 16, 'ef_construction': 200, 'seed': 1234}","{'dataset_gradual_path': 'experiments/01_drift_baseline/dataset_gradual', 'dataset_sudden_path': 'experiments/01_drift_baseline/dataset_sudden', 'index_path': 'experiments/01_drift_baseline/index.bin', 'results_gradual': 'experiments/01_drift_baseline/results_gradual.csv', 'results_sudden': 'experiments/01_drift_baseline/results_sudden.csv'}",schedule_sudden
0.8508000000000001,0.24784740171162412,256,500,16,1.0,"{'base_path': '/scratch/easchman/thesis/data/sift/sift_learn.fvecs', 'n_base': 5000000, 'n_queries_pool': 10000, 'query_path': '/scratch/easchman/thesis/data/sift/sift_query.fvecs'}","{'epoch_size': 500, 'n_epochs': 25, 'schedule_gradual': [0.0, 0.0, 0.0, 0.0, 0.0, 0.0, 0.125, 0.25, 0.375, 0.5, 0.5, 0.5, 0.5, 0.5, 0.5, 0.5, 0.625, 0.75, 0.875, 1.0, 1.0, 1.0, 1.0, 1.0, 1.0], 'schedule_sudden': [0.0, 0.0, 0.0, 0.0, 0.0, 0.0, 0.0, 0.0, 0.0, 0.0, 0.0, 0.0, 0.0, 1.0, 1.0, 1.0, 1.0, 1.0, 1.0, 1.0, 1.0, 1.0, 1.0, 1.0, 1.0], 'seed': 42}","{'ef_search': [16, 32, 64, 128, 256, 512], 'k': 10, 'k_groundtruth': 100}","{'M': 16, 'ef_construction': 200, 'seed': 1234}","{'dataset_gradual_path': 'experiments/01_drift_baseline/dataset_gradual', 'dataset_sudden_path': 'experiments/01_drift_baseline/dataset_sudden', 'index_path': 'experiments/01_drift_baseline/index.bin', 'results_gradual': 'experiments/01_drift_baseline/results_gradual.csv', 'results_sudden': 'experiments/01_drift_baseline/results_sudden.csv'}",schedule_sudden
0.9208000000000001,0.4783346684416756,512,500,16,1.0,"{'base_path': '/scratch/easchman/thesis/data/sift/sift_learn.fvecs', 'n_base': 5000000, 'n_queries_pool': 10000, 'query_path': '/scratch/easchman/thesis/data/sift/sift_query.fvecs'}","{'epoch_size': 500, 'n_epochs': 25, 'schedule_gradual': [0.0, 0.0, 0.0, 0.0, 0.0, 0.0, 0.125, 0.25, 0.375, 0.5, 0.5, 0.5, 0.5, 0.5, 0.5, 0.5, 0.625, 0.75, 0.875, 1.0, 1.0, 1.0, 1.0, 1.0, 1.0], 'schedule_sudden': [0.0, 0.0, 0.0, 0.0, 0.0, 0.0, 0.0, 0.0, 0.0, 0.0, 0.0, 0.0, 0.0, 1.0, 1.0, 1.0, 1.0, 1.0, 1.0, 1.0, 1.0, 1.0, 1.0, 1.0, 1.0], 'seed': 42}","{'ef_search': [16, 32, 64, 128, 256, 512], 'k': 10, 'k_groundtruth': 100}","{'M': 16, 'ef_construction': 200, 'seed': 1234}","{'dataset_gradual_path': 'experiments/01_drift_baseline/dataset_gradual', 'dataset_sudden_path': 'experiments/01_drift_baseline/dataset_sudden', 'index_path': 'experiments/01_drift_baseline/index.bin', 'results_gradual': 'experiments/01_drift_baseline/results_gradual.csv', 'results_sudden': 'experiments/01_drift_baseline/results_sudden.csv'}",schedule_sudden
0.36760000000000004,0.027988122310489416,16,500,17,1.0,"{'base_path': '/scratch/easchman/thesis/data/sift/sift_learn.fvecs', 'n_base': 5000000, 'n_queries_pool': 10000, 'query_path': '/scratch/easchman/thesis/data/sift/sift_query.fvecs'}","{'epoch_size': 500, 'n_epochs': 25, 'schedule_gradual': [0.0, 0.0, 0.0, 0.0, 0.0, 0.0, 0.125, 0.25, 0.375, 0.5, 0.5, 0.5, 0.5, 0.5, 0.5, 0.5, 0.625, 0.75, 0.875, 1.0, 1.0, 1.0, 1.0, 1.0, 1.0], 'schedule_sudden': [0.0, 0.0, 0.0, 0.0, 0.0, 0.0, 0.0, 0.0, 0.0, 0.0, 0.0, 0.0, 0.0, 1.0, 1.0, 1.0, 1.0, 1.0, 1.0, 1.0, 1.0, 1.0, 1.0, 1.0, 1.0], 'seed': 42}","{'ef_search': [16, 32, 64, 128, 256, 512], 'k': 10, 'k_groundtruth': 100}","{'M': 16, 'ef_construction': 200, 'seed': 1234}","{'dataset_gradual_path': 'experiments/01_drift_baseline/dataset_gradual', 'dataset_sudden_path': 'experiments/01_drift_baseline/dataset_sudden', 'index_path': 'experiments/01_drift_baseline/index.bin', 'results_gradual': 'experiments/01_drift_baseline/results_gradual.csv', 'results_sudden': 'experiments/01_drift_baseline/results_sudden.csv'}",schedule_sudden
0.5156000000000001,0.04416116391075775,32,500,17,1.0,"{'base_path': '/scratch/easchman/thesis/data/sift/sift_learn.fvecs', 'n_base': 5000000, 'n_queries_pool': 10000, 'query_path': '/scratch/easchman/thesis/data/sift/sift_query.fvecs'}","{'epoch_size': 500, 'n_epochs': 25, 'schedule_gradual': [0.0, 0.0, 0.0, 0.0, 0.0, 0.0, 0.125, 0.25, 0.375, 0.5, 0.5, 0.5, 0.5, 0.5, 0.5, 0.5, 0.625, 0.75, 0.875, 1.0, 1.0, 1.0, 1.0, 1.0, 1.0], 'schedule_sudden': [0.0, 0.0, 0.0, 0.0, 0.0, 0.0, 0.0, 0.0, 0.0, 0.0, 0.0, 0.0, 0.0, 1.0, 1.0, 1.0, 1.0, 1.0, 1.0, 1.0, 1.0, 1.0, 1.0, 1.0, 1.0], 'seed': 42}","{'ef_search': [16, 32, 64, 128, 256, 512], 'k': 10, 'k_groundtruth': 100}","{'M': 16, 'ef_construction': 200, 'seed': 1234}","{'dataset_gradual_path': 'experiments/01_drift_baseline/dataset_gradual', 'dataset_sudden_path': 'experiments/01_drift_baseline/dataset_sudden', 'index_path': 'experiments/01_drift_baseline/index.bin', 'results_gradual': 'experiments/01_drift_baseline/results_gradual.csv', 'results_sudden': 'experiments/01_drift_baseline/results_sudden.csv'}",schedule_sudden
0.637,0.07399961008923128,64,500,17,1.0,"{'base_path': '/scratch/easchman/thesis/data/sift/sift_learn.fvecs', 'n_base': 5000000, 'n_queries_pool': 10000, 'query_path': '/scratch/easchman/thesis/data/sift/sift_query.fvecs'}","{'epoch_size': 500, 'n_epochs': 25, 'schedule_gradual': [0.0, 0.0, 0.0, 0.0, 0.0, 0.0, 0.125, 0.25, 0.375, 0.5, 0.5, 0.5, 0.5, 0.5, 0.5, 0.5, 0.625, 0.75, 0.875, 1.0, 1.0, 1.0, 1.0, 1.0, 1.0], 'schedule_sudden': [0.0, 0.0, 0.0, 0.0, 0.0, 0.0, 0.0, 0.0, 0.0, 0.0, 0.0, 0.0, 0.0, 1.0, 1.0, 1.0, 1.0, 1.0, 1.0, 1.0, 1.0, 1.0, 1.0, 1.0, 1.0], 'seed': 42}","{'ef_search': [16, 32, 64, 128, 256, 512], 'k': 10, 'k_groundtruth': 100}","{'M': 16, 'ef_construction': 200, 'seed': 1234}","{'dataset_gradual_path': 'experiments/01_drift_baseline/dataset_gradual', 'dataset_sudden_path': 'experiments/01_drift_baseline/dataset_sudden', 'index_path': 'experiments/01_drift_baseline/index.bin', 'results_gradual': 'experiments/01_drift_baseline/results_gradual.csv', 'results_sudden': 'experiments/01_drift_baseline/results_sudden.csv'}",schedule_sudden
0.7564000000000001,0.13579336775001138,128,500,17,1.0,"{'base_path': '/scratch/easchman/thesis/data/sift/sift_learn.fvecs', 'n_base': 5000000, 'n_queries_pool': 10000, 'query_path': '/scratch/easchman/thesis/data/sift/sift_query.fvecs'}","{'epoch_size': 500, 'n_epochs': 25, 'schedule_gradual': [0.0, 0.0, 0.0, 0.0, 0.0, 0.0, 0.125, 0.25, 0.375, 0.5, 0.5, 0.5, 0.5, 0.5, 0.5, 0.5, 0.625, 0.75, 0.875, 1.0, 1.0, 1.0, 1.0, 1.0, 1.0], 'schedule_sudden': [0.0, 0.0, 0.0, 0.0, 0.0, 0.0, 0.0, 0.0, 0.0, 0.0, 0.0, 0.0, 0.0, 1.0, 1.0, 1.0, 1.0, 1.0, 1.0, 1.0, 1.0, 1.0, 1.0, 1.0, 1.0], 'seed': 42}","{'ef_search': [16, 32, 64, 128, 256, 512], 'k': 10, 'k_groundtruth': 100}","{'M': 16, 'ef_construction': 200, 'seed': 1234}","{'dataset_gradual_path': 'experiments/01_drift_baseline/dataset_gradual', 'dataset_sudden_path': 'experiments/01_drift_baseline/dataset_sudden', 'index_path': 'experiments/01_drift_baseline/index.bin', 'results_gradual': 'experiments/01_drift_baseline/results_gradual.csv', 'results_sudden': 'experiments/01_drift_baseline/results_sudden.csv'}",schedule_sudden
0.849,0.2598083380726166,256,500,17,1.0,"{'base_path': '/scratch/easchman/thesis/data/sift/sift_learn.fvecs', 'n_base': 5000000, 'n_queries_pool': 10000, 'query_path': '/scratch/easchman/thesis/data/sift/sift_query.fvecs'}","{'epoch_size': 500, 'n_epochs': 25, 'schedule_gradual': [0.0, 0.0, 0.0, 0.0, 0.0, 0.0, 0.125, 0.25, 0.375, 0.5, 0.5, 0.5, 0.5, 0.5, 0.5, 0.5, 0.625, 0.75, 0.875, 1.0, 1.0, 1.0, 1.0, 1.0, 1.0], 'schedule_sudden': [0.0, 0.0, 0.0, 0.0, 0.0, 0.0, 0.0, 0.0, 0.0, 0.0, 0.0, 0.0, 0.0, 1.0, 1.0, 1.0, 1.0, 1.0, 1.0, 1.0, 1.0, 1.0, 1.0, 1.0, 1.0], 'seed': 42}","{'ef_search': [16, 32, 64, 128, 256, 512], 'k': 10, 'k_groundtruth': 100}","{'M': 16, 'ef_construction': 200, 'seed': 1234}","{'dataset_gradual_path': 'experiments/01_drift_baseline/dataset_gradual', 'dataset_sudden_path': 'experiments/01_drift_baseline/dataset_sudden', 'index_path': 'experiments/01_drift_baseline/index.bin', 'results_gradual': 'experiments/01_drift_baseline/results_gradual.csv', 'results_sudden': 'experiments/01_drift_baseline/results_sudden.csv'}",schedule_sudden
0.9182,0.48634734336519614,512,500,17,1.0,"{'base_path': '/scratch/easchman/thesis/data/sift/sift_learn.fvecs', 'n_base': 5000000, 'n_queries_pool': 10000, 'query_path': '/scratch/easchman/thesis/data/sift/sift_query.fvecs'}","{'epoch_size': 500, 'n_epochs': 25, 'schedule_gradual': [0.0, 0.0, 0.0, 0.0, 0.0, 0.0, 0.125, 0.25, 0.375, 0.5, 0.5, 0.5, 0.5, 0.5, 0.5, 0.5, 0.625, 0.75, 0.875, 1.0, 1.0, 1.0, 1.0, 1.0, 1.0], 'schedule_sudden': [0.0, 0.0, 0.0, 0.0, 0.0, 0.0, 0.0, 0.0, 0.0, 0.0, 0.0, 0.0, 0.0, 1.0, 1.0, 1.0, 1.0, 1.0, 1.0, 1.0, 1.0, 1.0, 1.0, 1.0, 1.0], 'seed': 42}","{'ef_search': [16, 32, 64, 128, 256, 512], 'k': 10, 'k_groundtruth': 100}","{'M': 16, 'ef_construction': 200, 'seed': 1234}","{'dataset_gradual_path': 'experiments/01_drift_baseline/dataset_gradual', 'dataset_sudden_path': 'experiments/01_drift_baseline/dataset_sudden', 'index_path': 'experiments/01_drift_baseline/index.bin', 'results_gradual': 'experiments/01_drift_baseline/results_gradual.csv', 'results_sudden': 'experiments/01_drift_baseline/results_sudden.csv'}",schedule_sudden
0.35179999999999995,0.02710778795881197,16,500,18,1.0,"{'base_path': '/scratch/easchman/thesis/data/sift/sift_learn.fvecs', 'n_base': 5000000, 'n_queries_pool': 10000, 'query_path': '/scratch/easchman/thesis/data/sift/sift_query.fvecs'}","{'epoch_size': 500, 'n_epochs': 25, 'schedule_gradual': [0.0, 0.0, 0.0, 0.0, 0.0, 0.0, 0.125, 0.25, 0.375, 0.5, 0.5, 0.5, 0.5, 0.5, 0.5, 0.5, 0.625, 0.75, 0.875, 1.0, 1.0, 1.0, 1.0, 1.0, 1.0], 'schedule_sudden': [0.0, 0.0, 0.0, 0.0, 0.0, 0.0, 0.0, 0.0, 0.0, 0.0, 0.0, 0.0, 0.0, 1.0, 1.0, 1.0, 1.0, 1.0, 1.0, 1.0, 1.0, 1.0, 1.0, 1.0, 1.0], 'seed': 42}","{'ef_search': [16, 32, 64, 128, 256, 512], 'k': 10, 'k_groundtruth': 100}","{'M': 16, 'ef_construction': 200, 'seed': 1234}","{'dataset_gradual_path': 'experiments/01_drift_baseline/dataset_gradual', 'dataset_sudden_path': 'experiments/01_drift_baseline/dataset_sudden', 'index_path': 'experiments/01_drift_baseline/index.bin', 'results_gradual': 'experiments/01_drift_baseline/results_gradual.csv', 'results_sudden': 'experiments/01_drift_baseline/results_sudden.csv'}",schedule_sudden
0.498,0.04363774205558002,32,500,18,1.0,"{'base_path': '/scratch/easchman/thesis/data/sift/sift_learn.fvecs', 'n_base': 5000000, 'n_queries_pool': 10000, 'query_path': '/scratch/easchman/thesis/data/sift/sift_query.fvecs'}","{'epoch_size': 500, 'n_epochs': 25, 'schedule_gradual': [0.0, 0.0, 0.0, 0.0, 0.0, 0.0, 0.125, 0.25, 0.375, 0.5, 0.5, 0.5, 0.5, 0.5, 0.5, 0.5, 0.625, 0.75, 0.875, 1.0, 1.0, 1.0, 1.0, 1.0, 1.0], 'schedule_sudden': [0.0, 0.0, 0.0, 0.0, 0.0, 0.0, 0.0, 0.0, 0.0, 0.0, 0.0, 0.0, 0.0, 1.0, 1.0, 1.0, 1.0, 1.0, 1.0, 1.0, 1.0, 1.0, 1.0, 1.0, 1.0], 'seed': 42}","{'ef_search': [16, 32, 64, 128, 256, 512], 'k': 10, 'k_groundtruth': 100}","{'M': 16, 'ef_construction': 200, 'seed': 1234}","{'dataset_gradual_path': 'experiments/01_drift_baseline/dataset_gradual', 'dataset_sudden_path': 'experiments/01_drift_baseline/dataset_sudden', 'index_path': 'experiments/01_drift_baseline/index.bin', 'results_gradual': 'experiments/01_drift_baseline/results_gradual.csv', 'results_sudden': 'experiments/01_drift_baseline/results_sudden.csv'}",schedule_sudden
0.6286,0.07395769224967808,64,500,18,1.0,"{'base_path': '/scratch/easchman/thesis/data/sift/sift_learn.fvecs', 'n_base': 5000000, 'n_queries_pool': 10000, 'query_path': '/scratch/easchman/thesis/data/sift/sift_query.fvecs'}","{'epoch_size': 500, 'n_epochs': 25, 'schedule_gradual': [0.0, 0.0, 0.0, 0.0, 0.0, 0.0, 0.125, 0.25, 0.375, 0.5, 0.5, 0.5, 0.5, 0.5, 0.5, 0.5, 0.625, 0.75, 0.875, 1.0, 1.0, 1.0, 1.0, 1.0, 1.0], 'schedule_sudden': [0.0, 0.0, 0.0, 0.0, 0.0, 0.0, 0.0, 0.0, 0.0, 0.0, 0.0, 0.0, 0.0, 1.0, 1.0, 1.0, 1.0, 1.0, 1.0, 1.0, 1.0, 1.0, 1.0, 1.0, 1.0], 'seed': 42}","{'ef_search': [16, 32, 64, 128, 256, 512], 'k': 10, 'k_groundtruth': 100}","{'M': 16, 'ef_construction': 200, 'seed': 1234}","{'dataset_gradual_path': 'experiments/01_drift_baseline/dataset_gradual', 'dataset_sudden_path': 'experiments/01_drift_baseline/dataset_sudden', 'index_path': 'experiments/01_drift_baseline/index.bin', 'results_gradual': 'experiments/01_drift_baseline/results_gradual.csv', 'results_sudden': 'experiments/01_drift_baseline/results_sudden.csv'}",schedule_sudden
0.7642,0.13284282392123714,128,500,18,1.0,"{'base_path': '/scratch/easchman/thesis/data/sift/sift_learn.fvecs', 'n_base': 5000000, 'n_queries_pool': 10000, 'query_path': '/scratch/easchman/thesis/data/sift/sift_query.fvecs'}","{'epoch_size': 500, 'n_epochs': 25, 'schedule_gradual': [0.0, 0.0, 0.0, 0.0, 0.0, 0.0, 0.125, 0.25, 0.375, 0.5, 0.5, 0.5, 0.5, 0.5, 0.5, 0.5, 0.625, 0.75, 0.875, 1.0, 1.0, 1.0, 1.0, 1.0, 1.0], 'schedule_sudden': [0.0, 0.0, 0.0, 0.0, 0.0, 0.0, 0.0, 0.0, 0.0, 0.0, 0.0, 0.0, 0.0, 1.0, 1.0, 1.0, 1.0, 1.0, 1.0, 1.0, 1.0, 1.0, 1.0, 1.0, 1.0], 'seed': 42}","{'ef_search': [16, 32, 64, 128, 256, 512], 'k': 10, 'k_groundtruth': 100}","{'M': 16, 'ef_construction': 200, 'seed': 1234}","{'dataset_gradual_path': 'experiments/01_drift_baseline/dataset_gradual', 'dataset_sudden_path': 'experiments/01_drift_baseline/dataset_sudden', 'index_path': 'experiments/01_drift_baseline/index.bin', 'results_gradual': 'experiments/01_drift_baseline/results_gradual.csv', 'results_sudden': 'experiments/01_drift_baseline/results_sudden.csv'}",schedule_sudden
0.8596,0.24985889223171398,256,500,18,1.0,"{'base_path': '/scratch/easchman/thesis/data/sift/sift_learn.fvecs', 'n_base': 5000000, 'n_queries_pool': 10000, 'query_path': '/scratch/easchman/thesis/data/sift/sift_query.fvecs'}","{'epoch_size': 500, 'n_epochs': 25, 'schedule_gradual': [0.0, 0.0, 0.0, 0.0, 0.0, 0.0, 0.125, 0.25, 0.375, 0.5, 0.5, 0.5, 0.5, 0.5, 0.5, 0.5, 0.625, 0.75, 0.875, 1.0, 1.0, 1.0, 1.0, 1.0, 1.0], 'schedule_sudden': [0.0, 0.0, 0.0, 0.0, 0.0, 0.0, 0.0, 0.0, 0.0, 0.0, 0.0, 0.0, 0.0, 1.0, 1.0, 1.0, 1.0, 1.0, 1.0, 1.0, 1.0, 1.0, 1.0, 1.0, 1.0], 'seed': 42}","{'ef_search': [16, 32, 64, 128, 256, 512], 'k': 10, 'k_groundtruth': 100}","{'M': 16, 'ef_construction': 200, 'seed': 1234}","{'dataset_gradual_path': 'experiments/01_drift_baseline/dataset_gradual', 'dataset_sudden_path': 'experiments/01_drift_baseline/dataset_sudden', 'index_path': 'experiments/01_drift_baseline/index.bin', 'results_gradual': 'experiments/01_drift_baseline/results_gradual.csv', 'results_sudden': 'experiments/01_drift_baseline/results_sudden.csv'}",schedule_sudden
0.9216,0.47404294821899384,512,500,18,1.0,"{'base_path': '/scratch/easchman/thesis/data/sift/sift_learn.fvecs', 'n_base': 5000000, 'n_queries_pool': 10000, 'query_path': '/scratch/easchman/thesis/data/sift/sift_query.fvecs'}","{'epoch_size': 500, 'n_epochs': 25, 'schedule_gradual': [0.0, 0.0, 0.0, 0.0, 0.0, 0.0, 0.125, 0.25, 0.375, 0.5, 0.5, 0.5, 0.5, 0.5, 0.5, 0.5, 0.625, 0.75, 0.875, 1.0, 1.0, 1.0, 1.0, 1.0, 1.0], 'schedule_sudden': [0.0, 0.0, 0.0, 0.0, 0.0, 0.0, 0.0, 0.0, 0.0, 0.0, 0.0, 0.0, 0.0, 1.0, 1.0, 1.0, 1.0, 1.0, 1.0, 1.0, 1.0, 1.0, 1.0, 1.0, 1.0], 'seed': 42}","{'ef_search': [16, 32, 64, 128, 256, 512], 'k': 10, 'k_groundtruth': 100}","{'M': 16, 'ef_construction': 200, 'seed': 1234}","{'dataset_gradual_path': 'experiments/01_drift_baseline/dataset_gradual', 'dataset_sudden_path': 'experiments/01_drift_baseline/dataset_sudden', 'index_path': 'experiments/01_drift_baseline/index.bin', 'results_gradual': 'experiments/01_drift_baseline/results_gradual.csv', 'results_sudden': 'experiments/01_drift_baseline/results_sudden.csv'}",schedule_sudden
0.3674,0.027666614158079028,16,500,19,1.0,"{'base_path': '/scratch/easchman/thesis/data/sift/sift_learn.fvecs', 'n_base': 5000000, 'n_queries_pool': 10000, 'query_path': '/scratch/easchman/thesis/data/sift/sift_query.fvecs'}","{'epoch_size': 500, 'n_epochs': 25, 'schedule_gradual': [0.0, 0.0, 0.0, 0.0, 0.0, 0.0, 0.125, 0.25, 0.375, 0.5, 0.5, 0.5, 0.5, 0.5, 0.5, 0.5, 0.625, 0.75, 0.875, 1.0, 1.0, 1.0, 1.0, 1.0, 1.0], 'schedule_sudden': [0.0, 0.0, 0.0, 0.0, 0.0, 0.0, 0.0, 0.0, 0.0, 0.0, 0.0, 0.0, 0.0, 1.0, 1.0, 1.0, 1.0, 1.0, 1.0, 1.0, 1.0, 1.0, 1.0, 1.0, 1.0], 'seed': 42}","{'ef_search': [16, 32, 64, 128, 256, 512], 'k': 10, 'k_groundtruth': 100}","{'M': 16, 'ef_construction': 200, 'seed': 1234}","{'dataset_gradual_path': 'experiments/01_drift_baseline/dataset_gradual', 'dataset_sudden_path': 'experiments/01_drift_baseline/dataset_sudden', 'index_path': 'experiments/01_drift_baseline/index.bin', 'results_gradual': 'experiments/01_drift_baseline/results_gradual.csv', 'results_sudden': 'experiments/01_drift_baseline/results_sudden.csv'}",schedule_sudden
0.5032,0.04360467195510864,32,500,19,1.0,"{'base_path': '/scratch/easchman/thesis/data/sift/sift_learn.fvecs', 'n_base': 5000000, 'n_queries_pool': 10000, 'query_path': '/scratch/easchman/thesis/data/sift/sift_query.fvecs'}","{'epoch_size': 500, 'n_epochs': 25, 'schedule_gradual': [0.0, 0.0, 0.0, 0.0, 0.0, 0.0, 0.125, 0.25, 0.375, 0.5, 0.5, 0.5, 0.5, 0.5, 0.5, 0.5, 0.625, 0.75, 0.875, 1.0, 1.0, 1.0, 1.0, 1.0, 1.0], 'schedule_sudden': [0.0, 0.0, 0.0, 0.0, 0.0, 0.0, 0.0, 0.0, 0.0, 0.0, 0.0, 0.0, 0.0, 1.0, 1.0, 1.0, 1.0, 1.0, 1.0, 1.0, 1.0, 1.0, 1.0, 1.0, 1.0], 'seed': 42}","{'ef_search': [16, 32, 64, 128, 256, 512], 'k': 10, 'k_groundtruth': 100}","{'M': 16, 'ef_construction': 200, 'seed': 1234}","{'dataset_gradual_path': 'experiments/01_drift_baseline/dataset_gradual', 'dataset_sudden_path': 'experiments/01_drift_baseline/dataset_sudden', 'index_path': 'experiments/01_drift_baseline/index.bin', 'results_gradual': 'experiments/01_drift_baseline/results_gradual.csv', 'results_sudden': 'experiments/01_drift_baseline/results_sudden.csv'}",schedule_sudden
0.6418,0.07483565958682448,64,500,19,1.0,"{'base_path': '/scratch/easchman/thesis/data/sift/sift_learn.fvecs', 'n_base': 5000000, 'n_queries_pool': 10000, 'query_path': '/scratch/easchman/thesis/data/sift/sift_query.fvecs'}","{'epoch_size': 500, 'n_epochs': 25, 'schedule_gradual': [0.0, 0.0, 0.0, 0.0, 0.0, 0.0, 0.125, 0.25, 0.375, 0.5, 0.5, 0.5, 0.5, 0.5, 0.5, 0.5, 0.625, 0.75, 0.875, 1.0, 1.0, 1.0, 1.0, 1.0, 1.0], 'schedule_sudden': [0.0, 0.0, 0.0, 0.0, 0.0, 0.0, 0.0, 0.0, 0.0, 0.0, 0.0, 0.0, 0.0, 1.0, 1.0, 1.0, 1.0, 1.0, 1.0, 1.0, 1.0, 1.0, 1.0, 1.0, 1.0], 'seed': 42}","{'ef_search': [16, 32, 64, 128, 256, 512], 'k': 10, 'k_groundtruth': 100}","{'M': 16, 'ef_construction': 200, 'seed': 1234}","{'dataset_gradual_path': 'experiments/01_drift_baseline/dataset_gradual', 'dataset_sudden_path': 'experiments/01_drift_baseline/dataset_sudden', 'index_path': 'experiments/01_drift_baseline/index.bin', 'results_gradual': 'experiments/01_drift_baseline/results_gradual.csv', 'results_sudden': 'experiments/01_drift_baseline/results_sudden.csv'}",schedule_sudden
0.7557999999999999,0.13522029772866517,128,500,19,1.0,"{'base_path': '/scratch/easchman/thesis/data/sift/sift_learn.fvecs', 'n_base': 5000000, 'n_queries_pool': 10000, 'query_path': '/scratch/easchman/thesis/data/sift/sift_query.fvecs'}","{'epoch_size': 500, 'n_epochs': 25, 'schedule_gradual': [0.0, 0.0, 0.0, 0.0, 0.0, 0.0, 0.125, 0.25, 0.375, 0.5, 0.5, 0.5, 0.5, 0.5, 0.5, 0.5, 0.625, 0.75, 0.875, 1.0, 1.0, 1.0, 1.0, 1.0, 1.0], 'schedule_sudden': [0.0, 0.0, 0.0, 0.0, 0.0, 0.0, 0.0, 0.0, 0.0, 0.0, 0.0, 0.0, 0.0, 1.0, 1.0, 1.0, 1.0, 1.0, 1.0, 1.0, 1.0, 1.0, 1.0, 1.0, 1.0], 'seed': 42}","{'ef_search': [16, 32, 64, 128, 256, 512], 'k': 10, 'k_groundtruth': 100}","{'M': 16, 'ef_construction': 200, 'seed': 1234}","{'dataset_gradual_path': 'experiments/01_drift_baseline/dataset_gradual', 'dataset_sudden_path': 'experiments/01_drift_baseline/dataset_sudden', 'index_path': 'experiments/01_drift_baseline/index.bin', 'results_gradual': 'experiments/01_drift_baseline/results_gradual.csv', 'results_sudden': 'experiments/01_drift_baseline/results_sudden.csv'}",schedule_sudden
0.8486000000000001,0.2529431650182232,256,500,19,1.0,"{'base_path': '/scratch/easchman/thesis/data/sift/sift_learn.fvecs', 'n_base': 5000000, 'n_queries_pool': 10000, 'query_path': '/scratch/easchman/thesis/data/sift/sift_query.fvecs'}","{'epoch_size': 500, 'n_epochs': 25, 'schedule_gradual': [0.0, 0.0, 0.0, 0.0, 0.0, 0.0, 0.125, 0.25, 0.375, 0.5, 0.5, 0.5, 0.5, 0.5, 0.5, 0.5, 0.625, 0.75, 0.875, 1.0, 1.0, 1.0, 1.0, 1.0, 1.0], 'schedule_sudden': [0.0, 0.0, 0.0, 0.0, 0.0, 0.0, 0.0, 0.0, 0.0, 0.0, 0.0, 0.0, 0.0, 1.0, 1.0, 1.0, 1.0, 1.0, 1.0, 1.0, 1.0, 1.0, 1.0, 1.0, 1.0], 'seed': 42}","{'ef_search': [16, 32, 64, 128, 256, 512], 'k': 10, 'k_groundtruth': 100}","{'M': 16, 'ef_construction': 200, 'seed': 1234}","{'dataset_gradual_path': 'experiments/01_drift_baseline/dataset_gradual', 'dataset_sudden_path': 'experiments/01_drift_baseline/dataset_sudden', 'index_path': 'experiments/01_drift_baseline/index.bin', 'results_gradual': 'experiments/01_drift_baseline/results_gradual.csv', 'results_sudden': 'experiments/01_drift_baseline/results_sudden.csv'}",schedule_sudden
0.9206000000000001,0.4811486774124205,512,500,19,1.0,"{'base_path': '/scratch/easchman/thesis/data/sift/sift_learn.fvecs', 'n_base': 5000000, 'n_queries_pool': 10000, 'query_path': '/scratch/easchman/thesis/data/sift/sift_query.fvecs'}","{'epoch_size': 500, 'n_epochs': 25, 'schedule_gradual': [0.0, 0.0, 0.0, 0.0, 0.0, 0.0, 0.125, 0.25, 0.375, 0.5, 0.5, 0.5, 0.5, 0.5, 0.5, 0.5, 0.625, 0.75, 0.875, 1.0, 1.0, 1.0, 1.0, 1.0, 1.0], 'schedule_sudden': [0.0, 0.0, 0.0, 0.0, 0.0, 0.0, 0.0, 0.0, 0.0, 0.0, 0.0, 0.0, 0.0, 1.0, 1.0, 1.0, 1.0, 1.0, 1.0, 1.0, 1.0, 1.0, 1.0, 1.0, 1.0], 'seed': 42}","{'ef_search': [16, 32, 64, 128, 256, 512], 'k': 10, 'k_groundtruth': 100}","{'M': 16, 'ef_construction': 200, 'seed': 1234}","{'dataset_gradual_path': 'experiments/01_drift_baseline/dataset_gradual', 'dataset_sudden_path': 'experiments/01_drift_baseline/dataset_sudden', 'index_path': 'experiments/01_drift_baseline/index.bin', 'results_gradual': 'experiments/01_drift_baseline/results_gradual.csv', 'results_sudden': 'experiments/01_drift_baseline/results_sudden.csv'}",schedule_sudden
0.3574,0.028481977351475507,16,500,20,1.0,"{'base_path': '/scratch/easchman/thesis/data/sift/sift_learn.fvecs', 'n_base': 5000000, 'n_queries_pool': 10000, 'query_path': '/scratch/easchman/thesis/data/sift/sift_query.fvecs'}","{'epoch_size': 500, 'n_epochs': 25, 'schedule_gradual': [0.0, 0.0, 0.0, 0.0, 0.0, 0.0, 0.125, 0.25, 0.375, 0.5, 0.5, 0.5, 0.5, 0.5, 0.5, 0.5, 0.625, 0.75, 0.875, 1.0, 1.0, 1.0, 1.0, 1.0, 1.0], 'schedule_sudden': [0.0, 0.0, 0.0, 0.0, 0.0, 0.0, 0.0, 0.0, 0.0, 0.0, 0.0, 0.0, 0.0, 1.0, 1.0, 1.0, 1.0, 1.0, 1.0, 1.0, 1.0, 1.0, 1.0, 1.0, 1.0], 'seed': 42}","{'ef_search': [16, 32, 64, 128, 256, 512], 'k': 10, 'k_groundtruth': 100}","{'M': 16, 'ef_construction': 200, 'seed': 1234}","{'dataset_gradual_path': 'experiments/01_drift_baseline/dataset_gradual', 'dataset_sudden_path': 'experiments/01_drift_baseline/dataset_sudden', 'index_path': 'experiments/01_drift_baseline/index.bin', 'results_gradual': 'experiments/01_drift_baseline/results_gradual.csv', 'results_sudden': 'experiments/01_drift_baseline/results_sudden.csv'}",schedule_sudden
0.4772,0.042603448615409434,32,500,20,1.0,"{'base_path': '/scratch/easchman/thesis/data/sift/sift_learn.fvecs', 'n_base': 5000000, 'n_queries_pool': 10000, 'query_path': '/scratch/easchman/thesis/data/sift/sift_query.fvecs'}","{'epoch_size': 500, 'n_epochs': 25, 'schedule_gradual': [0.0, 0.0, 0.0, 0.0, 0.0, 0.0, 0.125, 0.25, 0.375, 0.5, 0.5, 0.5, 0.5, 0.5, 0.5, 0.5, 0.625, 0.75, 0.875, 1.0, 1.0, 1.0, 1.0, 1.0, 1.0], 'schedule_sudden': [0.0, 0.0, 0.0, 0.0, 0.0, 0.0, 0.0, 0.0, 0.0, 0.0, 0.0, 0.0, 0.0, 1.0, 1.0, 1.0, 1.0, 1.0, 1.0, 1.0, 1.0, 1.0, 1.0, 1.0, 1.0], 'seed': 42}","{'ef_search': [16, 32, 64, 128, 256, 512], 'k': 10, 'k_groundtruth': 100}","{'M': 16, 'ef_construction': 200, 'seed': 1234}","{'dataset_gradual_path': 'experiments/01_drift_baseline/dataset_gradual', 'dataset_sudden_path': 'experiments/01_drift_baseline/dataset_sudden', 'index_path': 'experiments/01_drift_baseline/index.bin', 'results_gradual': 'experiments/01_drift_baseline/results_gradual.csv', 'results_sudden': 'experiments/01_drift_baseline/results_sudden.csv'}",schedule_sudden
0.6142,0.07280113210435957,64,500,20,1.0,"{'base_path': '/scratch/easchman/thesis/data/sift/sift_learn.fvecs', 'n_base': 5000000, 'n_queries_pool': 10000, 'query_path': '/scratch/easchman/thesis/data/sift/sift_query.fvecs'}","{'epoch_size': 500, 'n_epochs': 25, 'schedule_gradual': [0.0, 0.0, 0.0, 0.0, 0.0, 0.0, 0.125, 0.25, 0.375, 0.5, 0.5, 0.5, 0.5, 0.5, 0.5, 0.5, 0.625, 0.75, 0.875, 1.0, 1.0, 1.0, 1.0, 1.0, 1.0], 'schedule_sudden': [0.0, 0.0, 0.0, 0.0, 0.0, 0.0, 0.0, 0.0, 0.0, 0.0, 0.0, 0.0, 0.0, 1.0, 1.0, 1.0, 1.0, 1.0, 1.0, 1.0, 1.0, 1.0, 1.0, 1.0, 1.0], 'seed': 42}","{'ef_search': [16, 32, 64, 128, 256, 512], 'k': 10, 'k_groundtruth': 100}","{'M': 16, 'ef_construction': 200, 'seed': 1234}","{'dataset_gradual_path': 'experiments/01_drift_baseline/dataset_gradual', 'dataset_sudden_path': 'experiments/01_drift_baseline/dataset_sudden', 'index_path': 'experiments/01_drift_baseline/index.bin', 'results_gradual': 'experiments/01_drift_baseline/results_gradual.csv', 'results_sudden': 'experiments/01_drift_baseline/results_sudden.csv'}",schedule_sudden
0.7304,0.13011558598373085,128,500,20,1.0,"{'base_path': '/scratch/easchman/thesis/data/sift/sift_learn.fvecs', 'n_base': 5000000, 'n_queries_pool': 10000, 'query_path': '/scratch/easchman/thesis/data/sift/sift_query.fvecs'}","{'epoch_size': 500, 'n_epochs': 25, 'schedule_gradual': [0.0, 0.0, 0.0, 0.0, 0.0, 0.0, 0.125, 0.25, 0.375, 0.5, 0.5, 0.5, 0.5, 0.5, 0.5, 0.5, 0.625, 0.75, 0.875, 1.0, 1.0, 1.0, 1.0, 1.0, 1.0], 'schedule_sudden': [0.0, 0.0, 0.0, 0.0, 0.0, 0.0, 0.0, 0.0, 0.0, 0.0, 0.0, 0.0, 0.0, 1.0, 1.0, 1.0, 1.0, 1.0, 1.0, 1.0, 1.0, 1.0, 1.0, 1.0, 1.0], 'seed': 42}","{'ef_search': [16, 32, 64, 128, 256, 512], 'k': 10, 'k_groundtruth': 100}","{'M': 16, 'ef_construction': 200, 'seed': 1234}","{'dataset_gradual_path': 'experiments/01_drift_baseline/dataset_gradual', 'dataset_sudden_path': 'experiments/01_drift_baseline/dataset_sudden', 'index_path': 'experiments/01_drift_baseline/index.bin', 'results_gradual': 'experiments/01_drift_baseline/results_gradual.csv', 'results_sudden': 'experiments/01_drift_baseline/results_sudden.csv'}",schedule_sudden
0.8364000000000001,0.24587152374442667,256,500,20,1.0,"{'base_path': '/scratch/easchman/thesis/data/sift/sift_learn.fvecs', 'n_base': 5000000, 'n_queries_pool': 10000, 'query_path': '/scratch/easchman/thesis/data/sift/sift_query.fvecs'}","{'epoch_size': 500, 'n_epochs': 25, 'schedule_gradual': [0.0, 0.0, 0.0, 0.0, 0.0, 0.0, 0.125, 0.25, 0.375, 0.5, 0.5, 0.5, 0.5, 0.5, 0.5, 0.5, 0.625, 0.75, 0.875, 1.0, 1.0, 1.0, 1.0, 1.0, 1.0], 'schedule_sudden': [0.0, 0.0, 0.0, 0.0, 0.0, 0.0, 0.0, 0.0, 0.0, 0.0, 0.0, 0.0, 0.0, 1.0, 1.0, 1.0, 1.0, 1.0, 1.0, 1.0, 1.0, 1.0, 1.0, 1.0, 1.0], 'seed': 42}","{'ef_search': [16, 32, 64, 128, 256, 512], 'k': 10, 'k_groundtruth': 100}","{'M': 16, 'ef_construction': 200, 'seed': 1234}","{'dataset_gradual_path': 'experiments/01_drift_baseline/dataset_gradual', 'dataset_sudden_path': 'experiments/01_drift_baseline/dataset_sudden', 'index_path': 'experiments/01_drift_baseline/index.bin', 'results_gradual': 'experiments/01_drift_baseline/results_gradual.csv', 'results_sudden': 'experiments/01_drift_baseline/results_sudden.csv'}",schedule_sudden
0.9136,0.47453530243365094,512,500,20,1.0,"{'base_path': '/scratch/easchman/thesis/data/sift/sift_learn.fvecs', 'n_base': 5000000, 'n_queries_pool': 10000, 'query_path': '/scratch/easchman/thesis/data/sift/sift_query.fvecs'}","{'epoch_size': 500, 'n_epochs': 25, 'schedule_gradual': [0.0, 0.0, 0.0, 0.0, 0.0, 0.0, 0.125, 0.25, 0.375, 0.5, 0.5, 0.5, 0.5, 0.5, 0.5, 0.5, 0.625, 0.75, 0.875, 1.0, 1.0, 1.0, 1.0, 1.0, 1.0], 'schedule_sudden': [0.0, 0.0, 0.0, 0.0, 0.0, 0.0, 0.0, 0.0, 0.0, 0.0, 0.0, 0.0, 0.0, 1.0, 1.0, 1.0, 1.0, 1.0, 1.0, 1.0, 1.0, 1.0, 1.0, 1.0, 1.0], 'seed': 42}","{'ef_search': [16, 32, 64, 128, 256, 512], 'k': 10, 'k_groundtruth': 100}","{'M': 16, 'ef_construction': 200, 'seed': 1234}","{'dataset_gradual_path': 'experiments/01_drift_baseline/dataset_gradual', 'dataset_sudden_path': 'experiments/01_drift_baseline/dataset_sudden', 'index_path': 'experiments/01_drift_baseline/index.bin', 'results_gradual': 'experiments/01_drift_baseline/results_gradual.csv', 'results_sudden': 'experiments/01_drift_baseline/results_sudden.csv'}",schedule_sudden
0.376,0.027402504114434123,16,500,21,1.0,"{'base_path': '/scratch/easchman/thesis/data/sift/sift_learn.fvecs', 'n_base': 5000000, 'n_queries_pool': 10000, 'query_path': '/scratch/easchman/thesis/data/sift/sift_query.fvecs'}","{'epoch_size': 500, 'n_epochs': 25, 'schedule_gradual': [0.0, 0.0, 0.0, 0.0, 0.0, 0.0, 0.125, 0.25, 0.375, 0.5, 0.5, 0.5, 0.5, 0.5, 0.5, 0.5, 0.625, 0.75, 0.875, 1.0, 1.0, 1.0, 1.0, 1.0, 1.0], 'schedule_sudden': [0.0, 0.0, 0.0, 0.0, 0.0, 0.0, 0.0, 0.0, 0.0, 0.0, 0.0, 0.0, 0.0, 1.0, 1.0, 1.0, 1.0, 1.0, 1.0, 1.0, 1.0, 1.0, 1.0, 1.0, 1.0], 'seed': 42}","{'ef_search': [16, 32, 64, 128, 256, 512], 'k': 10, 'k_groundtruth': 100}","{'M': 16, 'ef_construction': 200, 'seed': 1234}","{'dataset_gradual_path': 'experiments/01_drift_baseline/dataset_gradual', 'dataset_sudden_path': 'experiments/01_drift_baseline/dataset_sudden', 'index_path': 'experiments/01_drift_baseline/index.bin', 'results_gradual': 'experiments/01_drift_baseline/results_gradual.csv', 'results_sudden': 'experiments/01_drift_baseline/results_sudden.csv'}",schedule_sudden
0.514,0.04239341407082975,32,500,21,1.0,"{'base_path': '/scratch/easchman/thesis/data/sift/sift_learn.fvecs', 'n_base': 5000000, 'n_queries_pool': 10000, 'query_path': '/scratch/easchman/thesis/data/sift/sift_query.fvecs'}","{'epoch_size': 500, 'n_epochs': 25, 'schedule_gradual': [0.0, 0.0, 0.0, 0.0, 0.0, 0.0, 0.125, 0.25, 0.375, 0.5, 0.5, 0.5, 0.5, 0.5, 0.5, 0.5, 0.625, 0.75, 0.875, 1.0, 1.0, 1.0, 1.0, 1.0, 1.0], 'schedule_sudden': [0.0, 0.0, 0.0, 0.0, 0.0, 0.0, 0.0, 0.0, 0.0, 0.0, 0.0, 0.0, 0.0, 1.0, 1.0, 1.0, 1.0, 1.0, 1.0, 1.0, 1.0, 1.0, 1.0, 1.0, 1.0], 'seed': 42}","{'ef_search': [16, 32, 64, 128, 256, 512], 'k': 10, 'k_groundtruth': 100}","{'M': 16, 'ef_construction': 200, 'seed': 1234}","{'dataset_gradual_path': 'experiments/01_drift_baseline/dataset_gradual', 'dataset_sudden_path': 'experiments/01_drift_baseline/dataset_sudden', 'index_path': 'experiments/01_drift_baseline/index.bin', 'results_gradual': 'experiments/01_drift_baseline/results_gradual.csv', 'results_sudden': 'experiments/01_drift_baseline/results_sudden.csv'}",schedule_sudden
0.6476000000000001,0.07346316159237176,64,500,21,1.0,"{'base_path': '/scratch/easchman/thesis/data/sift/sift_learn.fvecs', 'n_base': 5000000, 'n_queries_pool': 10000, 'query_path': '/scratch/easchman/thesis/data/sift/sift_query.fvecs'}","{'epoch_size': 500, 'n_epochs': 25, 'schedule_gradual': [0.0, 0.0, 0.0, 0.0, 0.0, 0.0, 0.125, 0.25, 0.375, 0.5, 0.5, 0.5, 0.5, 0.5, 0.5, 0.5, 0.625, 0.75, 0.875, 1.0, 1.0, 1.0, 1.0, 1.0, 1.0], 'schedule_sudden': [0.0, 0.0, 0.0, 0.0, 0.0, 0.0, 0.0, 0.0, 0.0, 0.0, 0.0, 0.0, 0.0, 1.0, 1.0, 1.0, 1.0, 1.0, 1.0, 1.0, 1.0, 1.0, 1.0, 1.0, 1.0], 'seed': 42}","{'ef_search': [16, 32, 64, 128, 256, 512], 'k': 10, 'k_groundtruth': 100}","{'M': 16, 'ef_construction': 200, 'seed': 1234}","{'dataset_gradual_path': 'experiments/01_drift_baseline/dataset_gradual', 'dataset_sudden_path': 'experiments/01_drift_baseline/dataset_sudden', 'index_path': 'experiments/01_drift_baseline/index.bin', 'results_gradual': 'experiments/01_drift_baseline/results_gradual.csv', 'results_sudden': 'experiments/01_drift_baseline/results_sudden.csv'}",schedule_sudden
0.7547999999999999,0.13247270666761324,128,500,21,1.0,"{'base_path': '/scratch/easchman/thesis/data/sift/sift_learn.fvecs', 'n_base': 5000000, 'n_queries_pool': 10000, 'query_path': '/scratch/easchman/thesis/data/sift/sift_query.fvecs'}","{'epoch_size': 500, 'n_epochs': 25, 'schedule_gradual': [0.0, 0.0, 0.0, 0.0, 0.0, 0.0, 0.125, 0.25, 0.375, 0.5, 0.5, 0.5, 0.5, 0.5, 0.5, 0.5, 0.625, 0.75, 0.875, 1.0, 1.0, 1.0, 1.0, 1.0, 1.0], 'schedule_sudden': [0.0, 0.0, 0.0, 0.0, 0.0, 0.0, 0.0, 0.0, 0.0, 0.0, 0.0, 0.0, 0.0, 1.0, 1.0, 1.0, 1.0, 1.0, 1.0, 1.0, 1.0, 1.0, 1.0, 1.0, 1.0], 'seed': 42}","{'ef_search': [16, 32, 64, 128, 256, 512], 'k': 10, 'k_groundtruth': 100}","{'M': 16, 'ef_construction': 200, 'seed': 1234}","{'dataset_gradual_path': 'experiments/01_drift_baseline/dataset_gradual', 'dataset_sudden_path': 'experiments/01_drift_baseline/dataset_sudden', 'index_path': 'experiments/01_drift_baseline/index.bin', 'results_gradual': 'experiments/01_drift_baseline/results_gradual.csv', 'results_sudden': 'experiments/01_drift_baseline/results_sudden.csv'}",schedule_sudden
0.8466000000000001,0.2491901443572715,256,500,21,1.0,"{'base_path': '/scratch/easchman/thesis/data/sift/sift_learn.fvecs', 'n_base': 5000000, 'n_queries_pool': 10000, 'query_path': '/scratch/easchman/thesis/data/sift/sift_query.fvecs'}","{'epoch_size': 500, 'n_epochs': 25, 'schedule_gradual': [0.0, 0.0, 0.0, 0.0, 0.0, 0.0, 0.125, 0.25, 0.375, 0.5, 0.5, 0.5, 0.5, 0.5, 0.5, 0.5, 0.625, 0.75, 0.875, 1.0, 1.0, 1.0, 1.0, 1.0, 1.0], 'schedule_sudden': [0.0, 0.0, 0.0, 0.0, 0.0, 0.0, 0.0, 0.0, 0.0, 0.0, 0.0, 0.0, 0.0, 1.0, 1.0, 1.0, 1.0, 1.0, 1.0, 1.0, 1.0, 1.0, 1.0, 1.0, 1.0], 'seed': 42}","{'ef_search': [16, 32, 64, 128, 256, 512], 'k': 10, 'k_groundtruth': 100}","{'M': 16, 'ef_construction': 200, 'seed': 1234}","{'dataset_gradual_path': 'experiments/01_drift_baseline/dataset_gradual', 'dataset_sudden_path': 'experiments/01_drift_baseline/dataset_sudden', 'index_path': 'experiments/01_drift_baseline/index.bin', 'results_gradual': 'experiments/01_drift_baseline/results_gradual.csv', 'results_sudden': 'experiments/01_drift_baseline/results_sudden.csv'}",schedule_sudden
0.9112,0.4790848682168871,512,500,21,1.0,"{'base_path': '/scratch/easchman/thesis/data/sift/sift_learn.fvecs', 'n_base': 5000000, 'n_queries_pool': 10000, 'query_path': '/scratch/easchman/thesis/data/sift/sift_query.fvecs'}","{'epoch_size': 500, 'n_epochs': 25, 'schedule_gradual': [0.0, 0.0, 0.0, 0.0, 0.0, 0.0, 0.125, 0.25, 0.375, 0.5, 0.5, 0.5, 0.5, 0.5, 0.5, 0.5, 0.625, 0.75, 0.875, 1.0, 1.0, 1.0, 1.0, 1.0, 1.0], 'schedule_sudden': [0.0, 0.0, 0.0, 0.0, 0.0, 0.0, 0.0, 0.0, 0.0, 0.0, 0.0, 0.0, 0.0, 1.0, 1.0, 1.0, 1.0, 1.0, 1.0, 1.0, 1.0, 1.0, 1.0, 1.0, 1.0], 'seed': 42}","{'ef_search': [16, 32, 64, 128, 256, 512], 'k': 10, 'k_groundtruth': 100}","{'M': 16, 'ef_construction': 200, 'seed': 1234}","{'dataset_gradual_path': 'experiments/01_drift_baseline/dataset_gradual', 'dataset_sudden_path': 'experiments/01_drift_baseline/dataset_sudden', 'index_path': 'experiments/01_drift_baseline/index.bin', 'results_gradual': 'experiments/01_drift_baseline/results_gradual.csv', 'results_sudden': 'experiments/01_drift_baseline/results_sudden.csv'}",schedule_sudden
0.37360000000000004,0.02679070644080639,16,500,22,1.0,"{'base_path': '/scratch/easchman/thesis/data/sift/sift_learn.fvecs', 'n_base': 5000000, 'n_queries_pool': 10000, 'query_path': '/scratch/easchman/thesis/data/sift/sift_query.fvecs'}","{'epoch_size': 500, 'n_epochs': 25, 'schedule_gradual': [0.0, 0.0, 0.0, 0.0, 0.0, 0.0, 0.125, 0.25, 0.375, 0.5, 0.5, 0.5, 0.5, 0.5, 0.5, 0.5, 0.625, 0.75, 0.875, 1.0, 1.0, 1.0, 1.0, 1.0, 1.0], 'schedule_sudden': [0.0, 0.0, 0.0, 0.0, 0.0, 0.0, 0.0, 0.0, 0.0, 0.0, 0.0, 0.0, 0.0, 1.0, 1.0, 1.0, 1.0, 1.0, 1.0, 1.0, 1.0, 1.0, 1.0, 1.0, 1.0], 'seed': 42}","{'ef_search': [16, 32, 64, 128, 256, 512], 'k': 10, 'k_groundtruth': 100}","{'M': 16, 'ef_construction': 200, 'seed': 1234}","{'dataset_gradual_path': 'experiments/01_drift_baseline/dataset_gradual', 'dataset_sudden_path': 'experiments/01_drift_baseline/dataset_sudden', 'index_path': 'experiments/01_drift_baseline/index.bin', 'results_gradual': 'experiments/01_drift_baseline/results_gradual.csv', 'results_sudden': 'experiments/01_drift_baseline/results_sudden.csv'}",schedule_sudden
0.5078,0.04257028369465843,32,500,22,1.0,"{'base_path': '/scratch/easchman/thesis/data/sift/sift_learn.fvecs', 'n_base': 5000000, 'n_queries_pool': 10000, 'query_path': '/scratch/easchman/thesis/data/sift/sift_query.fvecs'}","{'epoch_size': 500, 'n_epochs': 25, 'schedule_gradual': [0.0, 0.0, 0.0, 0.0, 0.0, 0.0, 0.125, 0.25, 0.375, 0.5, 0.5, 0.5, 0.5, 0.5, 0.5, 0.5, 0.625, 0.75, 0.875, 1.0, 1.0, 1.0, 1.0, 1.0, 1.0], 'schedule_sudden': [0.0, 0.0, 0.0, 0.0, 0.0, 0.0, 0.0, 0.0, 0.0, 0.0, 0.0, 0.0, 0.0, 1.0, 1.0, 1.0, 1.0, 1.0, 1.0, 1.0, 1.0, 1.0, 1.0, 1.0, 1.0], 'seed': 42}","{'ef_search': [16, 32, 64, 128, 256, 512], 'k': 10, 'k_groundtruth': 100}","{'M': 16, 'ef_construction': 200, 'seed': 1234}","{'dataset_gradual_path': 'experiments/01_drift_baseline/dataset_gradual', 'dataset_sudden_path': 'experiments/01_drift_baseline/dataset_sudden', 'index_path': 'experiments/01_drift_baseline/index.bin', 'results_gradual': 'experiments/01_drift_baseline/results_gradual.csv', 'results_sudden': 'experiments/01_drift_baseline/results_sudden.csv'}",schedule_sudden
0.6397999999999999,0.07250204583397135,64,500,22,1.0,"{'base_path': '/scratch/easchman/thesis/data/sift/sift_learn.fvecs', 'n_base': 5000000, 'n_queries_pool': 10000, 'query_path': '/scratch/easchman/thesis/data/sift/sift_query.fvecs'}","{'epoch_size': 500, 'n_epochs': 25, 'schedule_gradual': [0.0, 0.0, 0.0, 0.0, 0.0, 0.0, 0.125, 0.25, 0.375, 0.5, 0.5, 0.5, 0.5, 0.5, 0.5, 0.5, 0.625, 0.75, 0.875, 1.0, 1.0, 1.0, 1.0, 1.0, 1.0], 'schedule_sudden': [0.0, 0.0, 0.0, 0.0, 0.0, 0.0, 0.0, 0.0, 0.0, 0.0, 0.0, 0.0, 0.0, 1.0, 1.0, 1.0, 1.0, 1.0, 1.0, 1.0, 1.0, 1.0, 1.0, 1.0, 1.0], 'seed': 42}","{'ef_search': [16, 32, 64, 128, 256, 512], 'k': 10, 'k_groundtruth': 100}","{'M': 16, 'ef_construction': 200, 'seed': 1234}","{'dataset_gradual_path': 'experiments/01_drift_baseline/dataset_gradual', 'dataset_sudden_path': 'experiments/01_drift_baseline/dataset_sudden', 'index_path': 'experiments/01_drift_baseline/index.bin', 'results_gradual': 'experiments/01_drift_baseline/results_gradual.csv', 'results_sudden': 'experiments/01_drift_baseline/results_sudden.csv'}",schedule_sudden
0.7596,0.13177748396992683,128,500,22,1.0,"{'base_path': '/scratch/easchman/thesis/data/sift/sift_learn.fvecs', 'n_base': 5000000, 'n_queries_pool': 10000, 'query_path': '/scratch/easchman/thesis/data/sift/sift_query.fvecs'}","{'epoch_size': 500, 'n_epochs': 25, 'schedule_gradual': [0.0, 0.0, 0.0, 0.0, 0.0, 0.0, 0.125, 0.25, 0.375, 0.5, 0.5, 0.5, 0.5, 0.5, 0.5, 0.5, 0.625, 0.75, 0.875, 1.0, 1.0, 1.0, 1.0, 1.0, 1.0], 'schedule_sudden': [0.0, 0.0, 0.0, 0.0, 0.0, 0.0, 0.0, 0.0, 0.0, 0.0, 0.0, 0.0, 0.0, 1.0, 1.0, 1.0, 1.0, 1.0, 1.0, 1.0, 1.0, 1.0, 1.0, 1.0, 1.0], 'seed': 42}","{'ef_search': [16, 32, 64, 128, 256, 512], 'k': 10, 'k_groundtruth': 100}","{'M': 16, 'ef_construction': 200, 'seed': 1234}","{'dataset_gradual_path': 'experiments/01_drift_baseline/dataset_gradual', 'dataset_sudden_path': 'experiments/01_drift_baseline/dataset_sudden', 'index_path': 'experiments/01_drift_baseline/index.bin', 'results_gradual': 'experiments/01_drift_baseline/results_gradual.csv', 'results_sudden': 'experiments/01_drift_baseline/results_sudden.csv'}",schedule_sudden
0.849,0.2513021907652728,256,500,22,1.0,"{'base_path': '/scratch/easchman/thesis/data/sift/sift_learn.fvecs', 'n_base': 5000000, 'n_queries_pool': 10000, 'query_path': '/scratch/easchman/thesis/data/sift/sift_query.fvecs'}","{'epoch_size': 500, 'n_epochs': 25, 'schedule_gradual': [0.0, 0.0, 0.0, 0.0, 0.0, 0.0, 0.125, 0.25, 0.375, 0.5, 0.5, 0.5, 0.5, 0.5, 0.5, 0.5, 0.625, 0.75, 0.875, 1.0, 1.0, 1.0, 1.0, 1.0, 1.0], 'schedule_sudden': [0.0, 0.0, 0.0, 0.0, 0.0, 0.0, 0.0, 0.0, 0.0, 0.0, 0.0, 0.0, 0.0, 1.0, 1.0, 1.0, 1.0, 1.0, 1.0, 1.0, 1.0, 1.0, 1.0, 1.0, 1.0], 'seed': 42}","{'ef_search': [16, 32, 64, 128, 256, 512], 'k': 10, 'k_groundtruth': 100}","{'M': 16, 'ef_construction': 200, 'seed': 1234}","{'dataset_gradual_path': 'experiments/01_drift_baseline/dataset_gradual', 'dataset_sudden_path': 'experiments/01_drift_baseline/dataset_sudden', 'index_path': 'experiments/01_drift_baseline/index.bin', 'results_gradual': 'experiments/01_drift_baseline/results_gradual.csv', 'results_sudden': 'experiments/01_drift_baseline/results_sudden.csv'}",schedule_sudden
0.9224,0.48585043352795765,512,500,22,1.0,"{'base_path': '/scratch/easchman/thesis/data/sift/sift_learn.fvecs', 'n_base': 5000000, 'n_queries_pool': 10000, 'query_path': '/scratch/easchman/thesis/data/sift/sift_query.fvecs'}","{'epoch_size': 500, 'n_epochs': 25, 'schedule_gradual': [0.0, 0.0, 0.0, 0.0, 0.0, 0.0, 0.125, 0.25, 0.375, 0.5, 0.5, 0.5, 0.5, 0.5, 0.5, 0.5, 0.625, 0.75, 0.875, 1.0, 1.0, 1.0, 1.0, 1.0, 1.0], 'schedule_sudden': [0.0, 0.0, 0.0, 0.0, 0.0, 0.0, 0.0, 0.0, 0.0, 0.0, 0.0, 0.0, 0.0, 1.0, 1.0, 1.0, 1.0, 1.0, 1.0, 1.0, 1.0, 1.0, 1.0, 1.0, 1.0], 'seed': 42}","{'ef_search': [16, 32, 64, 128, 256, 512], 'k': 10, 'k_groundtruth': 100}","{'M': 16, 'ef_construction': 200, 'seed': 1234}","{'dataset_gradual_path': 'experiments/01_drift_baseline/dataset_gradual', 'dataset_sudden_path': 'experiments/01_drift_baseline/dataset_sudden', 'index_path': 'experiments/01_drift_baseline/index.bin', 'results_gradual': 'experiments/01_drift_baseline/results_gradual.csv', 'results_sudden': 'experiments/01_drift_baseline/results_sudden.csv'}",schedule_sudden
0.3442,0.027838778216391802,16,500,23,1.0,"{'base_path': '/scratch/easchman/thesis/data/sift/sift_learn.fvecs', 'n_base': 5000000, 'n_queries_pool': 10000, 'query_path': '/scratch/easchman/thesis/data/sift/sift_query.fvecs'}","{'epoch_size': 500, 'n_epochs': 25, 'schedule_gradual': [0.0, 0.0, 0.0, 0.0, 0.0, 0.0, 0.125, 0.25, 0.375, 0.5, 0.5, 0.5, 0.5, 0.5, 0.5, 0.5, 0.625, 0.75, 0.875, 1.0, 1.0, 1.0, 1.0, 1.0, 1.0], 'schedule_sudden': [0.0, 0.0, 0.0, 0.0, 0.0, 0.0, 0.0, 0.0, 0.0, 0.0, 0.0, 0.0, 0.0, 1.0, 1.0, 1.0, 1.0, 1.0, 1.0, 1.0, 1.0, 1.0, 1.0, 1.0, 1.0], 'seed': 42}","{'ef_search': [16, 32, 64, 128, 256, 512], 'k': 10, 'k_groundtruth': 100}","{'M': 16, 'ef_construction': 200, 'seed': 1234}","{'dataset_gradual_path': 'experiments/01_drift_baseline/dataset_gradual', 'dataset_sudden_path': 'experiments/01_drift_baseline/dataset_sudden', 'index_path': 'experiments/01_drift_baseline/index.bin', 'results_gradual': 'experiments/01_drift_baseline/results_gradual.csv', 'results_sudden': 'experiments/01_drift_baseline/results_sudden.csv'}",schedule_sudden
0.48579999999999995,0.05187484959606081,32,500,23,1.0,"{'base_path': '/scratch/easchman/thesis/data/sift/sift_learn.fvecs', 'n_base': 5000000, 'n_queries_pool': 10000, 'query_path': '/scratch/easchman/thesis/data/sift/sift_query.fvecs'}","{'epoch_size': 500, 'n_epochs': 25, 'schedule_gradual': [0.0, 0.0, 0.0, 0.0, 0.0, 0.0, 0.125, 0.25, 0.375, 0.5, 0.5, 0.5, 0.5, 0.5, 0.5, 0.5, 0.625, 0.75, 0.875, 1.0, 1.0, 1.0, 1.0, 1.0, 1.0], 'schedule_sudden': [0.0, 0.0, 0.0, 0.0, 0.0, 0.0, 0.0, 0.0, 0.0, 0.0, 0.0, 0.0, 0.0, 1.0, 1.0, 1.0, 1.0, 1.0, 1.0, 1.0, 1.0, 1.0, 1.0, 1.0, 1.0], 'seed': 42}","{'ef_search': [16, 32, 64, 128, 256, 512], 'k': 10, 'k_groundtruth': 100}","{'M': 16, 'ef_construction': 200, 'seed': 1234}","{'dataset_gradual_path': 'experiments/01_drift_baseline/dataset_gradual', 'dataset_sudden_path': 'experiments/01_drift_baseline/dataset_sudden', 'index_path': 'experiments/01_drift_baseline/index.bin', 'results_gradual': 'experiments/01_drift_baseline/results_gradual.csv', 'results_sudden': 'experiments/01_drift_baseline/results_sudden.csv'}",schedule_sudden
0.614,0.07590740139130503,64,500,23,1.0,"{'base_path': '/scratch/easchman/thesis/data/sift/sift_learn.fvecs', 'n_base': 5000000, 'n_queries_pool': 10000, 'query_path': '/scratch/easchman/thesis/data/sift/sift_query.fvecs'}","{'epoch_size': 500, 'n_epochs': 25, 'schedule_gradual': [0.0, 0.0, 0.0, 0.0, 0.0, 0.0, 0.125, 0.25, 0.375, 0.5, 0.5, 0.5, 0.5, 0.5, 0.5, 0.5, 0.625, 0.75, 0.875, 1.0, 1.0, 1.0, 1.0, 1.0, 1.0], 'schedule_sudden': [0.0, 0.0, 0.0, 0.0, 0.0, 0.0, 0.0, 0.0, 0.0, 0.0, 0.0, 0.0, 0.0, 1.0, 1.0, 1.0, 1.0, 1.0, 1.0, 1.0, 1.0, 1.0, 1.0, 1.0, 1.0], 'seed': 42}","{'ef_search': [16, 32, 64, 128, 256, 512], 'k': 10, 'k_groundtruth': 100}","{'M': 16, 'ef_construction': 200, 'seed': 1234}","{'dataset_gradual_path': 'experiments/01_drift_baseline/dataset_gradual', 'dataset_sudden_path': 'experiments/01_drift_baseline/dataset_sudden', 'index_path': 'experiments/01_drift_baseline/index.bin', 'results_gradual': 'experiments/01_drift_baseline/results_gradual.csv', 'results_sudden': 'experiments/01_drift_baseline/results_sudden.csv'}",schedule_sudden
0.7422000000000001,0.1372316962806508,128,500,23,1.0,"{'base_path': '/scratch/easchman/thesis/data/sift/sift_learn.fvecs', 'n_base': 5000000, 'n_queries_pool': 10000, 'query_path': '/scratch/easchman/thesis/data/sift/sift_query.fvecs'}","{'epoch_size': 500, 'n_epochs': 25, 'schedule_gradual': [0.0, 0.0, 0.0, 0.0, 0.0, 0.0, 0.125, 0.25, 0.375, 0.5, 0.5, 0.5, 0.5, 0.5, 0.5, 0.5, 0.625, 0.75, 0.875, 1.0, 1.0, 1.0, 1.0, 1.0, 1.0], 'schedule_sudden': [0.0, 0.0, 0.0, 0.0, 0.0, 0.0, 0.0, 0.0, 0.0, 0.0, 0.0, 0.0, 0.0, 1.0, 1.0, 1.0, 1.0, 1.0, 1.0, 1.0, 1.0, 1.0, 1.0, 1.0, 1.0], 'seed': 42}","{'ef_search': [16, 32, 64, 128, 256, 512], 'k': 10, 'k_groundtruth': 100}","{'M': 16, 'ef_construction': 200, 'seed': 1234}","{'dataset_gradual_path': 'experiments/01_drift_baseline/dataset_gradual', 'dataset_sudden_path': 'experiments/01_drift_baseline/dataset_sudden', 'index_path': 'experiments/01_drift_baseline/index.bin', 'results_gradual': 'experiments/01_drift_baseline/results_gradual.csv', 'results_sudden': 'experiments/01_drift_baseline/results_sudden.csv'}",schedule_sudden
0.8422000000000001,0.2581440812209621,256,500,23,1.0,"{'base_path': '/scratch/easchman/thesis/data/sift/sift_learn.fvecs', 'n_base': 5000000, 'n_queries_pool': 10000, 'query_path': '/scratch/easchman/thesis/data/sift/sift_query.fvecs'}","{'epoch_size': 500, 'n_epochs': 25, 'schedule_gradual': [0.0, 0.0, 0.0, 0.0, 0.0, 0.0, 0.125, 0.25, 0.375, 0.5, 0.5, 0.5, 0.5, 0.5, 0.5, 0.5, 0.625, 0.75, 0.875, 1.0, 1.0, 1.0, 1.0, 1.0, 1.0], 'schedule_sudden': [0.0, 0.0, 0.0, 0.0, 0.0, 0.0, 0.0, 0.0, 0.0, 0.0, 0.0, 0.0, 0.0, 1.0, 1.0, 1.0, 1.0, 1.0, 1.0, 1.0, 1.0, 1.0, 1.0, 1.0, 1.0], 'seed': 42}","{'ef_search': [16, 32, 64, 128, 256, 512], 'k': 10, 'k_groundtruth': 100}","{'M': 16, 'ef_construction': 200, 'seed': 1234}","{'dataset_gradual_path': 'experiments/01_drift_baseline/dataset_gradual', 'dataset_sudden_path': 'experiments/01_drift_baseline/dataset_sudden', 'index_path': 'experiments/01_drift_baseline/index.bin', 'results_gradual': 'experiments/01_drift_baseline/results_gradual.csv', 'results_sudden': 'experiments/01_drift_baseline/results_sudden.csv'}",schedule_sudden
0.9086000000000002,0.4853981979540549,512,500,23,1.0,"{'base_path': '/scratch/easchman/thesis/data/sift/sift_learn.fvecs', 'n_base': 5000000, 'n_queries_pool': 10000, 'query_path': '/scratch/easchman/thesis/data/sift/sift_query.fvecs'}","{'epoch_size': 500, 'n_epochs': 25, 'schedule_gradual': [0.0, 0.0, 0.0, 0.0, 0.0, 0.0, 0.125, 0.25, 0.375, 0.5, 0.5, 0.5, 0.5, 0.5, 0.5, 0.5, 0.625, 0.75, 0.875, 1.0, 1.0, 1.0, 1.0, 1.0, 1.0], 'schedule_sudden': [0.0, 0.0, 0.0, 0.0, 0.0, 0.0, 0.0, 0.0, 0.0, 0.0, 0.0, 0.0, 0.0, 1.0, 1.0, 1.0, 1.0, 1.0, 1.0, 1.0, 1.0, 1.0, 1.0, 1.0, 1.0], 'seed': 42}","{'ef_search': [16, 32, 64, 128, 256, 512], 'k': 10, 'k_groundtruth': 100}","{'M': 16, 'ef_construction': 200, 'seed': 1234}","{'dataset_gradual_path': 'experiments/01_drift_baseline/dataset_gradual', 'dataset_sudden_path': 'experiments/01_drift_baseline/dataset_sudden', 'index_path': 'experiments/01_drift_baseline/index.bin', 'results_gradual': 'experiments/01_drift_baseline/results_gradual.csv', 'results_sudden': 'experiments/01_drift_baseline/results_sudden.csv'}",schedule_sudden
0.3718,0.02705828787293285,16,500,24,1.0,"{'base_path': '/scratch/easchman/thesis/data/sift/sift_learn.fvecs', 'n_base': 5000000, 'n_queries_pool': 10000, 'query_path': '/scratch/easchman/thesis/data/sift/sift_query.fvecs'}","{'epoch_size': 500, 'n_epochs': 25, 'schedule_gradual': [0.0, 0.0, 0.0, 0.0, 0.0, 0.0, 0.125, 0.25, 0.375, 0.5, 0.5, 0.5, 0.5, 0.5, 0.5, 0.5, 0.625, 0.75, 0.875, 1.0, 1.0, 1.0, 1.0, 1.0, 1.0], 'schedule_sudden': [0.0, 0.0, 0.0, 0.0, 0.0, 0.0, 0.0, 0.0, 0.0, 0.0, 0.0, 0.0, 0.0, 1.0, 1.0, 1.0, 1.0, 1.0, 1.0, 1.0, 1.0, 1.0, 1.0, 1.0, 1.0], 'seed': 42}","{'ef_search': [16, 32, 64, 128, 256, 512], 'k': 10, 'k_groundtruth': 100}","{'M': 16, 'ef_construction': 200, 'seed': 1234}","{'dataset_gradual_path': 'experiments/01_drift_baseline/dataset_gradual', 'dataset_sudden_path': 'experiments/01_drift_baseline/dataset_sudden', 'index_path': 'experiments/01_drift_baseline/index.bin', 'results_gradual': 'experiments/01_drift_baseline/results_gradual.csv', 'results_sudden': 'experiments/01_drift_baseline/results_sudden.csv'}",schedule_sudden
0.5085999999999999,0.04274246608838439,32,500,24,1.0,"{'base_path': '/scratch/easchman/thesis/data/sift/sift_learn.fvecs', 'n_base': 5000000, 'n_queries_pool': 10000, 'query_path': '/scratch/easchman/thesis/data/sift/sift_query.fvecs'}","{'epoch_size': 500, 'n_epochs': 25, 'schedule_gradual': [0.0, 0.0, 0.0, 0.0, 0.0, 0.0, 0.125, 0.25, 0.375, 0.5, 0.5, 0.5, 0.5, 0.5, 0.5, 0.5, 0.625, 0.75, 0.875, 1.0, 1.0, 1.0, 1.0, 1.0, 1.0], 'schedule_sudden': [0.0, 0.0, 0.0, 0.0, 0.0, 0.0, 0.0, 0.0, 0.0, 0.0, 0.0, 0.0, 0.0, 1.0, 1.0, 1.0, 1.0, 1.0, 1.0, 1.0, 1.0, 1.0, 1.0, 1.0, 1.0], 'seed': 42}","{'ef_search': [16, 32, 64, 128, 256, 512], 'k': 10, 'k_groundtruth': 100}","{'M': 16, 'ef_construction': 200, 'seed': 1234}","{'dataset_gradual_path': 'experiments/01_drift_baseline/dataset_gradual', 'dataset_sudden_path': 'experiments/01_drift_baseline/dataset_sudden', 'index_path': 'experiments/01_drift_baseline/index.bin', 'results_gradual': 'experiments/01_drift_baseline/results_gradual.csv', 'results_sudden': 'experiments/01_drift_baseline/results_sudden.csv'}",schedule_sudden
0.639,0.07282562647014856,64,500,24,1.0,"{'base_path': '/scratch/easchman/thesis/data/sift/sift_learn.fvecs', 'n_base': 5000000, 'n_queries_pool': 10000, 'query_path': '/scratch/easchman/thesis/data/sift/sift_query.fvecs'}","{'epoch_size': 500, 'n_epochs': 25, 'schedule_gradual': [0.0, 0.0, 0.0, 0.0, 0.0, 0.0, 0.125, 0.25, 0.375, 0.5, 0.5, 0.5, 0.5, 0.5, 0.5, 0.5, 0.625, 0.75, 0.875, 1.0, 1.0, 1.0, 1.0, 1.0, 1.0], 'schedule_sudden': [0.0, 0.0, 0.0, 0.0, 0.0, 0.0, 0.0, 0.0, 0.0, 0.0, 0.0, 0.0, 0.0, 1.0, 1.0, 1.0, 1.0, 1.0, 1.0, 1.0, 1.0, 1.0, 1.0, 1.0, 1.0], 'seed': 42}","{'ef_search': [16, 32, 64, 128, 256, 512], 'k': 10, 'k_groundtruth': 100}","{'M': 16, 'ef_construction': 200, 'seed': 1234}","{'dataset_gradual_path': 'experiments/01_drift_baseline/dataset_gradual', 'dataset_sudden_path': 'experiments/01_drift_baseline/dataset_sudden', 'index_path': 'experiments/01_drift_baseline/index.bin', 'results_gradual': 'experiments/01_drift_baseline/results_gradual.csv', 'results_sudden': 'experiments/01_drift_baseline/results_sudden.csv'}",schedule_sudden
0.7546,0.12980705231893808,128,500,24,1.0,"{'base_path': '/scratch/easchman/thesis/data/sift/sift_learn.fvecs', 'n_base': 5000000, 'n_queries_pool': 10000, 'query_path': '/scratch/easchman/thesis/data/sift/sift_query.fvecs'}","{'epoch_size': 500, 'n_epochs': 25, 'schedule_gradual': [0.0, 0.0, 0.0, 0.0, 0.0, 0.0, 0.125, 0.25, 0.375, 0.5, 0.5, 0.5, 0.5, 0.5, 0.5, 0.5, 0.625, 0.75, 0.875, 1.0, 1.0, 1.0, 1.0, 1.0, 1.0], 'schedule_sudden': [0.0, 0.0, 0.0, 0.0, 0.0, 0.0, 0.0, 0.0, 0.0, 0.0, 0.0, 0.0, 0.0, 1.0, 1.0, 1.0, 1.0, 1.0, 1.0, 1.0, 1.0, 1.0, 1.0, 1.0, 1.0], 'seed': 42}","{'ef_search': [16, 32, 64, 128, 256, 512], 'k': 10, 'k_groundtruth': 100}","{'M': 16, 'ef_construction': 200, 'seed': 1234}","{'dataset_gradual_path': 'experiments/01_drift_baseline/dataset_gradual', 'dataset_sudden_path': 'experiments/01_drift_baseline/dataset_sudden', 'index_path': 'experiments/01_drift_baseline/index.bin', 'results_gradual': 'experiments/01_drift_baseline/results_gradual.csv', 'results_sudden': 'experiments/01_drift_baseline/results_sudden.csv'}",schedule_sudden
0.8498000000000001,0.24387631088029593,256,500,24,1.0,"{'base_path': '/scratch/easchman/thesis/data/sift/sift_learn.fvecs', 'n_base': 5000000, 'n_queries_pool': 10000, 'query_path': '/scratch/easchman/thesis/data/sift/sift_query.fvecs'}","{'epoch_size': 500, 'n_epochs': 25, 'schedule_gradual': [0.0, 0.0, 0.0, 0.0, 0.0, 0.0, 0.125, 0.25, 0.375, 0.5, 0.5, 0.5, 0.5, 0.5, 0.5, 0.5, 0.625, 0.75, 0.875, 1.0, 1.0, 1.0, 1.0, 1.0, 1.0], 'schedule_sudden': [0.0, 0.0, 0.0, 0.0, 0.0, 0.0, 0.0, 0.0, 0.0, 0.0, 0.0, 0.0, 0.0, 1.0, 1.0, 1.0, 1.0, 1.0, 1.0, 1.0, 1.0, 1.0, 1.0, 1.0, 1.0], 'seed': 42}","{'ef_search': [16, 32, 64, 128, 256, 512], 'k': 10, 'k_groundtruth': 100}","{'M': 16, 'ef_construction': 200, 'seed': 1234}","{'dataset_gradual_path': 'experiments/01_drift_baseline/dataset_gradual', 'dataset_sudden_path': 'experiments/01_drift_baseline/dataset_sudden', 'index_path': 'experiments/01_drift_baseline/index.bin', 'results_gradual': 'experiments/01_drift_baseline/results_gradual.csv', 'results_sudden': 'experiments/01_drift_baseline/results_sudden.csv'}",schedule_sudden
0.914,0.4624923467054032,512,500,24,1.0,"{'base_path': '/scratch/easchman/thesis/data/sift/sift_learn.fvecs', 'n_base': 5000000, 'n_queries_pool': 10000, 'query_path': '/scratch/easchman/thesis/data/sift/sift_query.fvecs'}","{'epoch_size': 500, 'n_epochs': 25, 'schedule_gradual': [0.0, 0.0, 0.0, 0.0, 0.0, 0.0, 0.125, 0.25, 0.375, 0.5, 0.5, 0.5, 0.5, 0.5, 0.5, 0.5, 0.625, 0.75, 0.875, 1.0, 1.0, 1.0, 1.0, 1.0, 1.0], 'schedule_sudden': [0.0, 0.0, 0.0, 0.0, 0.0, 0.0, 0.0, 0.0, 0.0, 0.0, 0.0, 0.0, 0.0, 1.0, 1.0, 1.0, 1.0, 1.0, 1.0, 1.0, 1.0, 1.0, 1.0, 1.0, 1.0], 'seed': 42}","{'ef_search': [16, 32, 64, 128, 256, 512], 'k': 10, 'k_groundtruth': 100}","{'M': 16, 'ef_construction': 200, 'seed': 1234}","{'dataset_gradual_path': 'experiments/01_drift_baseline/dataset_gradual', 'dataset_sudden_path': 'experiments/01_drift_baseline/dataset_sudden', 'index_path': 'experiments/01_drift_baseline/index.bin', 'results_gradual': 'experiments/01_drift_baseline/results_gradual.csv', 'results_sudden': 'experiments/01_drift_baseline/results_sudden.csv'}",schedule_sudden
