query_id,shift,recall,entry_point_distance,base_layer_entry_distance,upper_layer_dist_comps,base_layer_visited,base_layer_dist_comps,candidates_remaining,trace_length,layer_0_visits,layer_1_visits,layer_2_visits,layer_3_visits,layer_4_visits,layer_5_visits
0,0.0,0.7,270.7206115722656,173.04501342773438,94,202,4830,553,202,0,32,48,14,0,0
1,0.0,0.5,259.6795654296875,168.48318481445312,90,200,4720,513,200,0,32,31,27,0,0
2,0.0,0.9,272.7912292480469,154.87509155273438,100,201,4913,553,201,0,48,32,20,0,0
3,0.0,0.9,273.1586608886719,180.47952270507812,114,200,4790,531,200,0,63,39,12,0,0
4,0.0,0.8,264.4539794921875,166.13333129882812,97,201,4836,521,201,0,32,47,18,0,0
5,0.0,0.9,283.54974365234375,194.052734375,81,201,4885,565,201,0,32,31,18,0,0
6,0.0,0.7,241.93170166015625,178.6068572998047,89,200,4817,530,200,0,16,71,2,0,0
7,0.0,0.8,244.20648193359375,144.52542114257812,108,200,4720,516,200,0,64,16,28,0,0
8,0.0,0.8,209.6739044189453,188.07147216796875,43,203,4754,566,203,0,30,11,2,0,0
9,0.0,0.4,283.1230773925781,198.1020965576172,97,207,4847,554,207,0,16,64,17,0,0
10,0.0,0.8,258.3559265136719,180.35745239257812,49,201,4877,558,201,0,16,15,18,0,0
11,0.0,0.9,275.4591064453125,182.67613220214844,77,200,4767,537,200,0,32,30,15,0,0
12,0.0,0.8,242.2434539794922,161.39263916015625,65,201,4822,531,201,0,16,31,18,0,0
13,0.0,0.9,248.85519409179688,166.538330078125,88,203,4826,500,203,0,16,44,28,0,0
14,0.0,0.8,228.18289184570312,177.4112548828125,74,201,4827,536,201,0,31,31,12,0,0
15,0.0,0.6,235.2493133544922,194.0982208251953,59,200,4852,560,200,0,16,31,12,0,0
16,0.0,0.5,241.4534912109375,182.136962890625,39,200,4764,558,200,0,13,24,2,0,0
17,0.0,0.5,285.84503173828125,185.2596435546875,69,201,4735,516,201,0,15,43,11,0,0
18,0.0,0.6,251.601806640625,176.15802001953125,93,200,4813,545,200,0,32,43,18,0,0
19,0.0,0.8,241.2105255126953,176.50991821289062,59,200,4842,582,200,0,16,31,12,0,0
20,0.0,0.6,255.5765380859375,166.4647674560547,95,200,4855,518,200,0,16,47,32,0,0
21,0.0,0.5,234.81553649902344,177.75938415527344,76,214,5106,569,214,0,32,42,2,0,0
22,0.0,0.8,287.93524169921875,172.3788604736328,86,204,4935,604,204,0,48,27,11,0,0
23,0.0,0.7,250.34579467773438,152.30789184570312,99,200,4942,489,200,0,48,16,35,0,0
24,0.0,0.8,220.36468505859375,174.47442626953125,112,205,4926,506,205,0,64,16,32,0,0
25,0.0,0.5,276.052978515625,193.33990478515625,91,201,4788,552,201,0,48,31,12,0,0
26,0.0,0.7,283.5176086425781,190.2894744873047,94,202,4904,523,202,0,48,24,22,0,0
27,0.0,0.9,249.55320739746094,166.5819091796875,93,200,4794,526,200,0,48,30,15,0,0
28,0.0,0.7,231.27919006347656,176.1460723876953,59,201,4856,542,201,0,32,15,12,0,0
29,0.0,0.7,260.77081298828125,171.9582061767578,100,200,4842,529,200,0,48,26,26,0,0
30,0.0,0.8,264.85205078125,174.0506134033203,76,200,4842,530,200,0,15,32,29,0,0
31,0.0,0.9,221.26150512695312,172.32452392578125,70,205,4847,540,205,0,16,31,23,0,0
32,0.0,0.7,237.2958526611328,178.2016143798828,53,200,4928,544,200,0,32,14,7,0,0
33,0.0,0.9,262.0357666015625,214.9967803955078,71,205,5030,589,205,0,16,53,2,0,0
34,0.0,0.7,241.6371307373047,166.39569091796875,75,202,4881,577,202,0,32,27,16,0,0
35,0.0,0.5,262.0942077636719,206.23379516601562,85,201,4775,536,201,0,48,30,7,0,0
36,0.0,0.9,273.4197998046875,194.75027465820312,49,205,4996,543,205,0,16,16,17,0,0
37,0.0,0.7,297.6165771484375,203.37905883789062,68,202,4924,546,202,0,32,16,20,0,0
38,0.0,0.9,258.8476867675781,192.9635772705078,74,202,4910,536,202,0,32,14,28,0,0
39,0.0,0.8,227.8443603515625,170.3605499267578,81,203,4975,553,203,0,16,58,7,0,0
40,0.0,0.8,309.5248107910156,182.74298095703125,88,202,4831,544,202,0,48,24,16,0,0
41,0.0,0.8,279.6526184082031,183.28659057617188,77,202,4797,525,202,0,16,47,14,0,0
42,0.0,0.7,263.43963623046875,190.03208923339844,49,201,4799,518,201,0,16,16,17,0,0
43,0.0,0.7,210.9066162109375,175.71316528320312,91,201,4873,534,201,0,31,58,2,0,0
44,0.0,0.6,306.6179504394531,190.19906616210938,91,208,4956,551,208,0,32,43,16,0,0
45,0.0,0.8,254.3153533935547,182.44384765625,46,204,4880,591,204,0,16,16,14,0,0
46,0.0,0.8,278.49468994140625,156.4692840576172,75,200,4833,530,200,0,32,31,12,0,0
47,0.0,0.9,206.4932098388672,172.2136688232422,75,201,4819,538,201,0,16,47,12,0,0
48,0.0,1.0,249.74502563476562,182.00050354003906,83,201,4773,542,201,0,16,47,20,0,0
49,0.0,0.6,276.4617004394531,159.46609497070312,101,200,4846,558,200,0,16,78,7,0,0
50,0.0,0.6,238.5823516845703,179.5785369873047,71,200,4868,519,200,0,16,53,2,0,0
51,0.0,0.9,304.6512451171875,177.15907287597656,92,201,4909,540,201,0,48,16,28,0,0
52,0.0,0.6,223.23049926757812,204.3916473388672,57,207,4995,582,207,0,16,29,12,0,0
53,0.0,1.0,319.6322326660156,205.78701782226562,89,201,4836,564,201,0,32,42,15,0,0
54,0.0,0.8,246.47579956054688,194.68109130859375,69,202,4811,559,202,0,32,30,7,0,0
55,0.0,0.6,245.81753540039062,172.4996795654297,89,202,4805,572,202,0,16,71,2,0,0
56,0.0,0.9,272.7555236816406,154.430419921875,96,202,4788,518,202,0,29,47,20,0,0
57,0.0,0.5,252.47012329101562,170.22779846191406,86,203,4852,524,203,0,32,43,11,0,0
58,0.0,0.6,261.7354431152344,181.00958251953125,67,200,4880,558,200,0,32,28,7,0,0
59,0.0,0.8,264.0056457519531,192.607666015625,80,202,4745,556,202,0,16,53,11,0,0
60,0.0,0.9,267.3225402832031,187.130126953125,81,202,4849,525,202,0,32,25,24,0,0
61,0.0,0.7,263.23101806640625,184.34173583984375,63,201,4844,545,201,0,16,32,15,0,0
62,0.0,0.8,258.0623779296875,194.60345458984375,47,203,4853,515,203,0,16,16,15,0,0
63,0.0,0.6,251.6269989013672,161.7368621826172,77,200,4889,536,200,0,48,14,15,0,0
64,0.0,0.6,253.0395050048828,158.3094024658203,160,200,4767,515,200,0,112,28,20,0,0
65,0.0,0.6,279.43560791015625,171.6361846923828,93,200,4868,529,200,0,64,14,15,0,0
66,0.0,0.6,282.6322326660156,192.49826049804688,63,200,4780,507,200,0,16,32,15,0,0
67,0.0,0.8,242.1190948486328,166.6089324951172,103,200,4758,494,200,0,32,69,2,0,0
68,0.0,0.8,234.3173828125,168.81689453125,89,201,4883,524,201,0,32,55,2,0,0
69,0.0,0.8,292.795654296875,223.30404663085938,75,202,4938,560,202,0,32,31,12,0,0
70,0.0,0.9,226.85487365722656,169.46144104003906,57,204,5000,547,204,0,32,23,2,0,0
71,0.0,0.9,247.12380981445312,212.1019287109375,70,201,4831,554,201,0,16,52,2,0,0
72,0.0,0.8,257.56353759765625,187.0605926513672,85,201,4879,508,201,0,64,14,7,0,0
73,0.0,0.9,243.56527709960938,171.91848754882812,124,202,4901,569,202,0,64,32,28,0,0
74,0.0,0.7,263.80645751953125,163.68907165527344,104,200,4884,577,200,0,64,16,24,0,0
75,0.0,0.9,238.6905059814453,163.24777221679688,80,200,4869,523,200,0,32,12,36,0,0
76,0.0,0.9,247.67149353027344,155.21701049804688,97,200,4915,529,200,0,32,47,18,0,0
77,0.0,0.7,261.41961669921875,164.834228515625,67,201,4852,536,201,0,32,28,7,0,0
78,0.0,0.6,227.21498107910156,186.52972412109375,65,204,5008,586,204,0,32,15,18,0,0
79,0.0,0.9,238.8705596923828,164.1481170654297,54,203,4831,541,203,0,16,27,11,0,0
80,0.0,0.8,258.8111572265625,165.4102020263672,59,208,5017,551,208,0,16,26,17,0,0
81,0.0,0.8,282.0606994628906,178.22232055664062,92,202,4868,567,202,0,58,7,27,0,0
82,0.0,0.4,300.2552185058594,185.07907104492188,91,200,4791,565,200,0,48,31,12,0,0
83,0.0,0.5,294.7469787597656,193.93682861328125,103,200,4845,532,200,0,32,27,44,0,0
84,0.0,0.5,257.6546325683594,201.14976501464844,45,201,4793,583,201,0,16,27,2,0,0
85,0.0,0.8,261.2806701660156,177.5397491455078,52,200,4817,528,200,0,16,16,20,0,0
86,0.0,0.9,255.64178466796875,167.85873413085938,97,204,4865,531,204,0,64,15,18,0,0
87,0.0,0.6,267.18316650390625,181.53871154785156,64,200,4913,547,200,0,16,16,32,0,0
88,0.0,0.8,260.1509704589844,183.12353515625,79,200,4813,517,200,0,31,34,14,0,0
89,0.0,0.7,284.0450134277344,175.2688751220703,65,200,4785,494,200,0,16,31,18,0,0
90,0.0,0.9,275.4136657714844,189.10333251953125,87,208,5060,550,208,0,32,28,27,0,0
91,0.0,0.7,283.4463806152344,174.50303649902344,43,201,4938,604,201,0,16,15,12,0,0
92,0.0,0.9,260.95245361328125,187.48854064941406,87,201,4787,528,201,0,32,31,24,0,0
93,0.0,0.9,233.14768981933594,170.6189422607422,75,204,5022,552,204,0,32,31,12,0,0
94,0.0,0.5,289.64715576171875,198.0203857421875,51,202,4888,561,202,0,16,12,23,0,0
95,0.0,0.7,272.6055603027344,158.161376953125,135,201,4874,528,201,0,48,45,42,0,0
96,0.0,1.0,233.0034637451172,133.901123046875,146,201,4897,515,201,0,64,46,36,0,0
97,0.0,0.7,244.295654296875,161.78158569335938,91,200,4986,555,200,0,48,31,12,0,0
98,0.0,0.6,238.1039581298828,177.97598266601562,82,200,4910,548,200,0,32,16,34,0,0
99,0.0,0.4,245.76805114746094,176.9083251953125,75,203,4968,545,203,0,32,27,16,0,0
100,0.0,0.8,257.6386413574219,170.6398468017578,75,201,4911,536,201,0,16,47,12,0,0
101,0.0,1.0,251.50804138183594,164.4488067626953,43,200,4756,489,200,0,16,11,16,0,0
102,0.0,0.9,293.8660583496094,198.9432373046875,101,201,4928,600,201,0,47,39,15,0,0
103,0.0,0.9,257.35394287109375,195.67564392089844,59,202,4925,494,202,0,16,27,16,0,0
104,0.0,0.8,274.5644836425781,183.3427276611328,95,201,4871,557,201,0,32,32,31,0,0
105,0.0,0.8,286.4012451171875,203.65675354003906,68,202,4807,483,202,0,16,32,20,0,0
106,0.0,0.9,259.81671142578125,201.9243927001953,59,205,4838,532,205,0,16,31,12,0,0
107,0.0,0.8,268.47662353515625,183.5808868408203,86,201,4846,555,201,0,48,27,11,0,0
108,0.0,0.5,263.2876281738281,185.70474243164062,64,215,5154,518,215,0,15,32,17,0,0
109,0.0,0.5,289.85394287109375,194.75726318359375,97,201,4931,574,201,0,16,63,18,0,0
110,0.0,0.4,262.2841796875,172.0751953125,85,204,4887,556,204,0,32,46,7,0,0
111,0.0,0.5,216.5684814453125,154.6394805908203,84,202,5012,579,202,0,32,45,7,0,0
112,0.0,0.6,230.1678009033203,194.98892211914062,43,202,4860,595,202,0,16,15,12,0,0
113,0.0,0.7,298.78326416015625,185.4067840576172,91,202,4931,540,202,0,48,31,12,0,0
114,0.0,0.8,259.4706115722656,182.52438354492188,80,202,4913,549,202,0,16,46,18,0,0
115,0.0,0.6,257.5705871582031,189.0266876220703,47,201,4880,558,201,0,16,16,15,0,0
116,0.0,0.7,240.6634063720703,190.23159790039062,47,201,4904,503,201,0,21,24,2,0,0
117,0.0,0.7,251.8260498046875,193.4052734375,103,200,4869,534,200,0,32,47,24,0,0
118,0.0,0.6,308.90948486328125,173.0422821044922,86,200,4803,532,200,0,16,50,20,0,0
119,0.0,0.9,277.12603759765625,168.1148681640625,78,200,4875,529,200,0,16,16,46,0,0
120,0.0,0.5,282.3517761230469,176.608642578125,85,201,4737,546,201,0,16,62,7,0,0
121,0.0,0.6,284.1060485839844,194.48544311523438,113,200,4780,523,200,0,32,57,24,0,0
122,0.0,0.7,339.4107971191406,232.04254150390625,53,206,5000,553,206,0,32,14,7,0,0
123,0.0,0.6,268.3988342285156,197.03639221191406,49,204,4857,531,204,0,16,14,19,0,0
124,0.0,0.8,265.3486328125,171.8711395263672,80,201,4866,569,201,0,16,46,18,0,0
125,0.0,1.0,224.114990234375,150.26390075683594,75,200,4808,545,200,0,16,47,12,0,0
126,0.0,0.6,235.635986328125,159.6341552734375,65,200,4779,546,200,0,32,16,17,0,0
127,0.0,0.7,250.94557189941406,179.93328857421875,90,200,4810,539,200,0,32,30,28,0,0
128,0.0,0.8,263.38446044921875,163.19381713867188,92,201,4898,562,201,0,47,28,17,0,0
129,0.0,0.9,256.56658935546875,180.62791442871094,81,205,4858,544,205,0,32,31,18,0,0
130,0.0,0.8,250.27650451660156,192.87136840820312,86,201,4869,573,201,0,32,31,23,0,0
131,0.0,0.9,231.3779754638672,176.34585571289062,74,202,4918,587,202,0,16,30,28,0,0
132,0.0,0.8,340.4825744628906,203.6953887939453,89,207,4901,585,207,0,32,25,32,0,0
133,0.0,0.9,246.098876953125,169.46636962890625,76,208,4973,520,208,0,16,32,28,0,0
134,0.0,0.9,250.6864776611328,180.7411346435547,82,210,4959,562,210,0,32,43,7,0,0
135,0.0,0.9,298.601806640625,182.39151000976562,72,200,4840,544,200,0,32,16,24,0,0
136,0.0,0.7,234.33230590820312,167.2537841796875,105,201,4753,533,201,0,48,41,16,0,0
137,0.0,0.7,236.454833984375,169.5445556640625,118,200,4847,534,200,0,32,75,11,0,0
138,0.0,0.8,268.05242919921875,186.04135131835938,68,203,4761,533,203,0,32,16,20,0,0
139,0.0,0.7,227.49549865722656,189.48876953125,61,208,4976,558,208,0,32,27,2,0,0
140,0.0,0.7,300.1114196777344,198.0052490234375,86,200,4779,539,200,0,48,27,11,0,0
141,0.0,0.7,261.94775390625,214.5694122314453,49,200,4931,573,200,0,16,15,18,0,0
142,0.0,0.7,231.55470275878906,149.41610717773438,69,200,4738,520,200,0,16,46,7,0,0
143,0.0,0.8,235.79965209960938,187.16448974609375,53,201,4945,563,201,0,16,30,7,0,0
144,0.0,0.8,270.2283935546875,191.7924041748047,101,200,4770,514,200,0,48,28,25,0,0
145,0.0,1.0,263.3964538574219,179.38870239257812,90,201,4889,549,201,0,16,46,28,0,0
146,0.0,0.6,273.80450439453125,175.7494659423828,69,208,4909,549,208,0,32,16,21,0,0
147,0.0,0.4,215.34707641601562,215.34707641601562,27,201,4893,577,201,0,14,11,2,0,0
148,0.0,0.3,288.7912292480469,201.8300018310547,74,205,4985,586,205,0,16,46,12,0,0
149,0.0,0.8,207.60159301757812,178.43504333496094,69,203,4901,555,203,0,32,30,7,0,0
150,0.0,0.6,273.7662048339844,192.4942626953125,92,205,4949,554,205,0,32,49,11,0,0
151,0.0,0.7,247.78782653808594,173.5404815673828,97,200,4675,532,200,0,32,29,36,0,0
152,0.0,0.8,289.3811340332031,158.18724060058594,97,201,4854,557,201,0,48,31,18,0,0
153,0.0,0.8,287.3002624511719,198.2066650390625,65,200,4893,596,200,0,32,8,25,0,0
154,0.0,0.8,250.645751953125,188.80711364746094,63,205,4906,574,205,0,16,30,17,0,0
155,0.0,0.4,246.63540649414062,186.1978759765625,107,200,4814,579,200,0,94,11,2,0,0
156,0.0,0.8,225.17767333984375,158.70159912109375,43,201,4926,574,201,0,30,11,2,0,0
157,0.0,0.8,260.935791015625,190.4184112548828,58,202,4872,557,202,0,16,14,28,0,0
158,0.0,0.7,232.07489013671875,153.86740112304688,65,200,4682,501,200,0,32,15,18,0,0
159,0.0,0.8,276.91363525390625,203.20652770996094,74,200,4804,532,200,0,32,15,27,0,0
160,0.0,0.8,237.52713012695312,178.25347900390625,89,200,4785,500,200,0,45,29,15,0,0
161,0.0,0.6,285.17437744140625,179.82080078125,91,206,4941,562,206,0,32,43,16,0,0
162,0.0,0.7,245.69808959960938,167.80892944335938,91,200,4834,549,200,0,16,63,12,0,0
163,0.0,0.8,230.63107299804688,199.32797241210938,76,205,4833,531,205,0,16,58,2,0,0
164,0.0,1.0,287.7466735839844,182.58905029296875,75,204,4886,572,204,0,48,15,12,0,0
165,0.0,0.5,265.734375,189.87966918945312,68,201,4865,547,201,0,32,16,20,0,0
166,0.0,0.7,221.1075897216797,175.2539520263672,92,201,4877,548,201,0,48,42,2,0,0
167,0.0,1.0,263.69549560546875,172.22079467773438,114,203,4971,499,203,0,64,16,34,0,0
168,0.0,0.5,262.76007080078125,185.2989501953125,76,200,4863,557,200,0,48,26,2,0,0
169,0.0,0.7,228.98507690429688,195.40892028808594,60,201,4793,565,201,0,16,42,2,0,0
170,0.0,1.0,249.7189178466797,167.4240264892578,74,201,4767,518,201,0,16,46,12,0,0
171,0.0,0.8,281.38165283203125,198.4588623046875,74,204,4925,587,204,0,16,31,27,0,0
172,0.0,0.7,271.2535400390625,180.9230499267578,70,202,4877,590,202,0,32,26,12,0,0
173,0.0,1.0,304.1095886230469,212.40150451660156,81,201,4796,572,201,0,32,31,18,0,0
174,0.0,0.9,267.35638427734375,202.4588623046875,53,203,4852,535,203,0,15,11,27,0,0
175,0.0,0.7,275.3876037597656,190.9984588623047,75,206,5029,590,206,0,32,31,12,0,0
176,0.0,0.5,287.341796875,191.78009033203125,75,201,4763,551,201,0,15,46,14,0,0
177,0.0,0.7,345.77154541015625,215.5867156982422,65,200,4809,543,200,0,16,25,24,0,0
178,0.0,0.8,234.5552215576172,189.99493408203125,56,201,4913,543,201,0,16,38,2,0,0
179,0.0,0.8,232.30535888671875,153.2913818359375,108,200,4720,550,200,0,48,45,15,0,0
180,0.0,0.6,269.1069641113281,180.46148681640625,87,200,4684,550,200,0,16,43,28,0,0
181,0.0,0.8,274.6925964355469,173.03262329101562,124,205,5028,541,205,0,48,61,15,0,0
182,0.0,0.8,236.75865173339844,186.1243133544922,71,202,4991,581,202,0,16,31,24,0,0
183,0.0,0.9,208.30084228515625,133.1120147705078,59,200,4899,553,200,0,32,15,12,0,0
184,0.0,0.7,239.33819580078125,194.071044921875,65,201,4924,542,201,0,16,32,17,0,0
185,0.0,0.7,259.85577392578125,204.55014038085938,83,201,4827,545,201,0,16,44,23,0,0
186,0.0,0.6,282.9827575683594,223.2506103515625,73,203,4856,567,203,0,46,15,12,0,0
187,0.0,0.7,266.7421875,177.3787841796875,88,201,4807,504,201,0,48,16,24,0,0
188,0.0,0.7,226.96665954589844,180.21826171875,43,203,4972,498,203,0,16,11,16,0,0
189,0.0,0.8,240.1663055419922,166.33297729492188,121,200,4789,517,200,0,32,77,12,0,0
190,0.0,0.8,249.92074584960938,180.61402893066406,124,201,4778,528,201,0,64,32,28,0,0
191,0.0,0.6,246.76458740234375,192.28594970703125,91,201,4871,563,201,0,16,58,17,0,0
192,0.0,0.8,327.1329650878906,197.76702880859375,72,201,4705,565,201,0,16,28,28,0,0
193,0.0,0.5,249.39712524414062,189.19859313964844,89,202,4885,554,202,0,32,43,14,0,0
194,0.0,0.8,249.50186157226562,160.0151824951172,93,203,4988,558,203,0,48,28,17,0,0
195,0.0,0.6,273.6022033691406,210.5299072265625,78,202,4852,546,202,0,45,16,17,0,0
196,0.0,0.7,264.0135803222656,189.7464599609375,100,200,4825,577,200,0,64,16,20,0,0
197,0.0,0.7,265.6012878417969,202.27964782714844,71,201,4932,579,201,0,16,31,24,0,0
198,0.0,0.9,286.5303039550781,202.48587036132812,50,204,4975,621,204,0,16,27,7,0,0
199,0.0,0.8,255.984375,186.66676330566406,91,201,4853,606,201,0,48,31,12,0,0
0,0.5,0.8,263.77398681640625,186.70614624023438,107,200,4847,574,200,0,64,31,12,0,0
1,0.5,0.7,274.4251403808594,201.5300750732422,83,201,4867,584,201,0,48,15,20,0,0
2,0.5,0.8,251.57562255859375,189.37901306152344,59,203,4914,569,203,0,16,31,12,0,0
3,0.5,0.7,253.5325927734375,195.96380615234375,64,206,4939,534,206,0,29,23,12,0,0
4,0.5,0.4,295.3053283691406,211.69847106933594,62,206,4893,518,206,0,16,32,14,0,0
5,0.5,0.7,247.3252410888672,200.53236389160156,65,200,4844,549,200,0,32,15,18,0,0
6,0.5,0.5,284.65240478515625,212.2748565673828,59,200,4766,565,200,0,32,15,12,0,0
7,0.5,0.4,304.9697265625,204.2880859375,65,205,4980,589,205,0,15,22,28,0,0
8,0.5,0.9,313.1733093261719,224.84095764160156,43,201,4877,589,201,0,16,15,12,0,0
9,0.5,0.6,278.917236328125,200.90371704101562,59,200,4816,595,200,0,32,11,16,0,0
10,0.5,0.7,290.60986328125,225.1380615234375,81,206,4952,552,206,0,48,15,18,0,0
11,0.5,0.7,307.5277404785156,215.59747314453125,59,205,4925,523,205,0,16,31,12,0,0
12,0.5,0.5,256.0612487792969,218.3605499267578,90,202,5025,591,202,0,32,42,16,0,0
13,0.5,0.9,308.88238525390625,180.27366638183594,85,201,4812,543,201,0,14,59,12,0,0
14,0.5,0.7,287.5832824707031,214.17918395996094,71,209,4977,562,209,0,13,46,12,0,0
15,0.5,0.6,249.3924560546875,219.6437225341797,74,202,4959,568,202,0,16,46,12,0,0
16,0.5,0.5,308.462158203125,201.7760772705078,58,202,4891,573,202,0,16,30,12,0,0
17,0.5,0.8,353.1395263671875,230.04005432128906,75,201,4869,547,201,0,16,31,28,0,0
18,0.5,0.8,231.77394104003906,192.55294799804688,73,201,4884,572,201,0,16,55,2,0,0
19,0.5,0.4,303.75213623046875,224.06646728515625,57,213,5124,566,213,0,16,29,12,0,0
20,0.5,0.2,260.7763977050781,189.9153594970703,65,207,5006,562,207,0,32,15,18,0,0
21,0.5,0.5,275.97314453125,216.44114685058594,58,201,4874,556,201,0,16,30,12,0,0
22,0.5,0.8,211.9054718017578,211.9054718017578,27,201,4808,559,201,0,14,11,2,0,0
23,0.5,0.7,279.185546875,205.08181762695312,60,203,4913,607,203,0,16,42,2,0,0
24,0.5,0.6,284.60296630859375,226.9800262451172,83,207,4946,562,207,0,16,53,14,0,0
25,0.5,0.9,322.71466064453125,200.08721923828125,66,200,4826,549,200,0,16,39,11,0,0
26,0.5,1.0,255.43179321289062,159.36080932617188,84,203,5000,507,203,0,32,32,20,0,0
27,0.5,0.4,296.8677062988281,218.48033142089844,73,201,4724,565,201,0,32,29,12,0,0
28,0.5,0.5,292.1471862792969,213.77886962890625,75,200,4812,570,200,0,48,15,12,0,0
29,0.5,1.0,219.55227661132812,186.6231231689453,46,204,4986,593,204,0,16,9,21,0,0
30,0.5,0.6,248.5279998779297,198.946533203125,75,201,4795,581,201,0,62,11,2,0,0
31,0.5,0.8,293.32720947265625,197.24093627929688,105,200,4807,530,200,0,48,14,43,0,0
32,0.5,0.7,270.13128662109375,186.95359802246094,122,200,4855,560,200,0,48,46,28,0,0
33,0.5,0.8,278.2529296875,218.0487823486328,59,209,5025,566,209,0,32,15,12,0,0
34,0.5,0.9,222.47100830078125,179.9121551513672,75,202,4808,508,202,0,48,15,12,0,0
35,0.5,0.8,297.9161071777344,229.78773498535156,59,201,4869,544,201,0,32,15,12,0,0
36,0.5,0.6,278.81842041015625,213.43820190429688,107,200,4868,511,200,0,64,31,12,0,0
37,0.5,0.8,297.08233642578125,251.93130493164062,75,203,4820,556,203,0,46,14,15,0,0
38,0.5,0.8,309.2671813964844,235.5899658203125,59,203,4839,595,203,0,32,15,12,0,0
39,0.5,0.7,262.37103271484375,204.95176696777344,80,203,4870,552,203,0,16,46,18,0,0
40,0.5,0.8,284.0371398925781,209.22235107421875,75,200,4859,586,200,0,48,15,12,0,0
41,0.5,0.3,303.0704650878906,220.26828002929688,66,204,4938,570,204,0,16,16,34,0,0
42,0.5,0.6,258.80316162109375,195.44241333007812,85,205,4938,592,205,0,32,51,2,0,0
43,0.5,0.6,336.143310546875,257.1794128417969,53,202,4833,606,202,0,15,11,27,0,0
44,0.5,0.9,302.9471130371094,209.30812072753906,74,200,4947,596,200,0,32,14,28,0,0
45,0.5,0.6,331.72674560546875,222.38198852539062,114,210,4851,521,210,0,64,30,20,0,0
46,0.5,0.8,283.68170166015625,205.29087829589844,83,205,4830,544,205,0,16,47,20,0,0
47,0.5,0.8,270.87835693359375,227.54673767089844,55,200,4805,584,200,0,28,15,12,0,0
48,0.5,0.7,250.73838806152344,204.47900390625,59,218,5216,550,218,0,32,15,12,0,0
49,0.5,0.7,301.83917236328125,240.54010009765625,49,201,4845,557,201,0,16,15,18,0,0
50,0.5,0.7,326.8313903808594,242.4972686767578,59,200,4758,557,200,0,32,15,12,0,0
51,0.5,0.7,267.8608703613281,204.39767456054688,57,200,4860,509,200,0,16,29,12,0,0
52,0.5,0.6,322.2137451171875,232.14697265625,65,202,4866,552,202,0,32,15,18,0,0
53,0.5,0.6,288.2181701660156,194.34490966796875,123,201,4858,551,201,0,48,63,12,0,0
54,0.5,0.6,287.25732421875,239.40261840820312,43,200,4910,502,200,0,16,15,12,0,0
55,0.5,0.7,321.9453430175781,237.2364959716797,64,203,4985,599,203,0,16,30,18,0,0
56,0.5,0.6,265.6997375488281,217.89007568359375,104,203,4933,582,203,0,16,72,16,0,0
57,0.5,0.9,298.3760681152344,221.4921112060547,74,202,4789,566,202,0,16,46,12,0,0
58,0.5,0.6,298.5130920410156,223.33030700683594,74,200,4834,538,200,0,31,31,12,0,0
59,0.5,0.9,259.2286376953125,182.46205139160156,43,201,4846,606,201,0,16,15,12,0,0
60,0.5,0.8,303.8436584472656,222.1205596923828,71,200,4848,548,200,0,14,29,28,0,0
61,0.5,0.8,258.55316162109375,206.12811279296875,59,201,4810,578,201,0,16,31,12,0,0
62,0.5,0.9,297.6583251953125,210.26007080078125,66,203,4879,542,203,0,16,39,11,0,0
63,0.5,0.4,260.51580810546875,213.233642578125,59,201,4758,541,201,0,32,15,12,0,0
64,0.5,0.6,297.66864013671875,228.3474578857422,49,201,4844,585,201,0,16,15,18,0,0
65,0.5,0.7,240.26950073242188,184.82144165039062,89,201,4867,536,201,0,48,29,12,0,0
66,0.5,0.7,277.1411437988281,182.5143280029297,75,204,4852,559,204,0,32,31,12,0,0
67,0.5,0.8,280.13507080078125,204.2866668701172,81,200,4909,561,200,0,32,37,12,0,0
68,0.5,0.8,288.0215759277344,216.75794982910156,49,201,4780,551,201,0,16,15,18,0,0
69,0.5,0.7,222.4072265625,204.54208374023438,59,200,4793,546,200,0,16,31,12,0,0
70,0.5,0.7,283.4034118652344,237.7341766357422,59,201,4804,590,201,0,16,31,12,0,0
71,0.5,0.6,270.9112854003906,202.43243408203125,75,200,4738,569,200,0,32,31,12,0,0
72,0.5,0.6,310.76422119140625,201.78184509277344,63,203,4822,554,203,0,29,22,12,0,0
73,0.5,0.7,229.891357421875,201.31173706054688,75,203,4924,551,203,0,32,31,12,0,0
74,0.5,0.8,324.2043762207031,229.8736114501953,61,202,4878,581,202,0,32,14,15,0,0
75,0.5,0.5,278.38421630859375,207.149169921875,86,200,4836,542,200,0,59,15,12,0,0
76,0.5,0.7,253.61822509765625,199.97116088867188,69,201,4735,548,201,0,32,26,11,0,0
77,0.5,0.4,306.79998779296875,195.41854858398438,68,201,4840,530,201,0,16,32,20,0,0
78,0.5,0.8,235.16751098632812,193.42181396484375,57,200,4870,575,200,0,16,29,12,0,0
79,0.5,0.4,284.5079345703125,214.578125,75,205,4957,619,205,0,32,31,12,0,0
80,0.5,0.5,317.523681640625,206.07424926757812,73,200,4785,549,200,0,32,29,12,0,0
81,0.5,0.6,281.8816223144531,190.3185577392578,59,200,4911,508,200,0,32,15,12,0,0
82,0.5,0.7,312.9723205566406,218.76048278808594,52,200,4801,563,200,0,16,16,20,0,0
83,0.5,0.7,322.3005676269531,210.07672119140625,75,202,4975,571,202,0,32,31,12,0,0
84,0.5,0.9,276.48309326171875,193.7543487548828,61,209,4956,571,209,0,16,30,15,0,0
85,0.5,0.5,307.55255126953125,196.1597900390625,59,200,4885,591,200,0,32,15,12,0,0
86,0.5,0.6,283.1227111816406,194.4517059326172,59,203,4800,552,203,0,32,15,12,0,0
87,0.5,0.4,302.3495178222656,248.68313598632812,75,206,4953,598,206,0,48,15,12,0,0
88,0.5,0.9,278.6205749511719,205.46832275390625,74,205,4869,535,205,0,16,31,27,0,0
89,0.5,0.6,315.10418701171875,243.6252899169922,84,201,4802,559,201,0,16,31,37,0,0
90,0.5,0.3,280.1861267089844,212.9184112548828,43,201,4909,557,201,0,16,15,12,0,0
91,0.5,0.7,275.7557373046875,197.31080627441406,59,201,4953,569,201,0,32,15,12,0,0
92,0.5,0.9,285.91851806640625,197.6794891357422,59,200,4796,540,200,0,32,15,12,0,0
93,0.5,0.7,323.16778564453125,221.0079345703125,96,202,4862,533,202,0,32,46,18,0,0
94,0.5,0.8,283.48565673828125,208.27264404296875,74,206,4984,552,206,0,16,30,28,0,0
95,0.5,0.6,323.51318359375,239.63502502441406,43,201,4794,529,201,0,16,15,12,0,0
96,0.5,0.5,263.21044921875,192.9135284423828,113,200,4860,535,200,0,48,47,18,0,0
97,0.5,0.7,298.4637756347656,209.21554565429688,59,205,4809,566,205,0,32,11,16,0,0
98,0.5,0.8,260.6130676269531,168.23678588867188,71,204,4902,539,204,0,38,21,12,0,0
99,0.5,0.7,297.4839782714844,216.98193359375,59,201,4795,555,201,0,32,15,12,0,0
100,0.5,0.6,261.77728271484375,203.6651611328125,55,200,4839,542,200,0,28,15,12,0,0
101,0.5,0.6,292.753173828125,208.10108947753906,58,206,4831,567,206,0,16,15,27,0,0
102,0.5,0.6,266.29693603515625,184.72146606445312,59,200,4842,576,200,0,16,31,12,0,0
103,0.5,0.5,305.39105224609375,196.25624084472656,81,203,4904,567,203,0,32,32,17,0,0
104,0.5,0.5,251.89691162109375,221.131103515625,71,203,4817,541,203,0,45,24,2,0,0
105,0.5,0.6,333.5955810546875,220.78485107421875,82,201,4803,547,201,0,16,32,34,0,0
106,0.5,0.8,304.4732666015625,199.84046936035156,59,200,4796,512,200,0,32,15,12,0,0
107,0.5,0.4,324.52410888671875,250.46310424804688,85,208,4886,607,208,0,48,30,7,0,0
108,0.5,0.5,357.5533142089844,215.56825256347656,75,201,4858,594,201,0,48,15,12,0,0
109,0.5,0.6,267.44970703125,204.0563507080078,59,201,4891,539,201,0,32,15,12,0,0
110,0.5,0.6,336.94879150390625,259.1744079589844,43,206,4910,593,206,0,16,15,12,0,0
111,0.5,0.7,301.6590270996094,211.82476806640625,43,200,4801,595,200,0,16,15,12,0,0
112,0.5,0.6,243.67308044433594,241.56503295898438,43,206,4925,586,206,0,30,11,2,0,0
113,0.5,0.4,296.4132385253906,220.97384643554688,93,200,4804,571,200,0,16,57,20,0,0
114,0.5,0.7,310.9357604980469,214.9920196533203,59,200,4749,492,200,0,16,31,12,0,0
115,0.5,0.6,294.9720153808594,226.91209411621094,75,204,4888,585,204,0,32,31,12,0,0
116,0.5,0.7,347.6788635253906,196.9886474609375,74,202,4771,542,202,0,16,31,27,0,0
117,0.5,0.8,281.0980224609375,198.65841674804688,75,200,4750,533,200,0,32,31,12,0,0
118,0.5,0.7,275.7890625,202.091552734375,59,200,4836,563,200,0,32,15,12,0,0
119,0.5,0.2,343.193603515625,243.70509338378906,43,203,4869,559,203,0,16,15,12,0,0
120,0.5,0.6,260.7086486816406,232.27967834472656,59,202,4880,599,202,0,16,31,12,0,0
121,0.5,0.6,342.4429626464844,237.1609344482422,96,201,4893,560,201,0,48,21,27,0,0
122,0.5,0.5,324.0332946777344,200.9326171875,91,209,4972,602,209,0,64,15,12,0,0
123,0.5,0.7,277.97210693359375,227.5772705078125,56,214,5228,606,214,0,16,24,16,0,0
124,0.5,0.8,231.7804718017578,216.8271942138672,43,203,4911,556,203,0,30,11,2,0,0
125,0.5,0.8,269.64019775390625,209.40965270996094,43,202,4895,554,202,0,16,15,12,0,0
126,0.5,0.8,319.2920837402344,213.79318237304688,80,200,4813,520,200,0,31,30,19,0,0
127,0.5,1.0,305.4534606933594,184.47906494140625,91,207,4907,510,207,0,64,15,12,0,0
128,0.5,0.6,288.2481994628906,221.08973693847656,43,202,4964,552,202,0,16,15,12,0,0
129,0.5,0.9,300.0110778808594,184.2625732421875,102,203,4869,549,203,0,48,27,27,0,0
130,0.5,0.7,247.85873413085938,197.9558868408203,55,201,4865,541,201,0,29,24,2,0,0
131,0.5,0.6,315.06903076171875,205.66416931152344,59,213,5070,542,213,0,32,15,12,0,0
132,0.5,0.6,294.3135070800781,235.27133178710938,70,204,5020,584,204,0,32,27,11,0,0
133,0.5,0.8,278.353759765625,202.83534240722656,80,204,4961,627,204,0,16,46,18,0,0
134,0.5,0.7,308.1695861816406,214.07308959960938,64,201,4709,548,201,0,16,30,18,0,0
135,0.5,0.7,287.4234313964844,201.07797241210938,75,203,4893,565,203,0,32,31,12,0,0
136,0.5,0.6,316.92919921875,219.86651611328125,57,201,4926,553,201,0,16,29,12,0,0
137,0.5,0.7,273.75128173828125,232.22242736816406,41,202,4860,562,202,0,16,23,2,0,0
138,0.5,0.6,304.681640625,232.09449768066406,54,203,4806,548,203,0,16,27,11,0,0
139,0.5,0.9,292.5407409667969,205.94627380371094,122,210,4951,532,210,0,48,62,12,0,0
140,0.5,0.8,222.44088745117188,170.57833862304688,103,200,4824,495,200,0,48,43,12,0,0
141,0.5,0.9,294.4789733886719,219.05335998535156,100,213,5111,544,213,0,32,44,24,0,0
142,0.5,0.6,305.9504089355469,211.01962280273438,59,202,4863,522,202,0,32,11,16,0,0
143,0.5,0.8,331.71246337890625,210.8247528076172,92,200,4848,525,200,0,32,32,28,0,0
144,0.5,0.4,308.0242614746094,231.32908630371094,49,208,4948,498,208,0,16,15,18,0,0
145,0.5,0.7,254.4279022216797,184.81411743164062,72,202,4990,544,202,0,16,28,28,0,0
146,0.5,0.9,256.54449462890625,208.7254638671875,91,202,4833,548,202,0,48,31,12,0,0
147,0.5,0.7,300.9181213378906,207.91928100585938,65,200,4707,550,200,0,32,15,18,0,0
148,0.5,0.8,335.3122863769531,218.68359375,59,202,4803,523,202,0,32,15,12,0,0
149,0.5,0.8,240.33706665039062,200.59735107421875,59,206,4970,560,206,0,16,31,12,0,0
150,0.5,0.3,271.20574951171875,220.07647705078125,76,200,4836,532,200,0,32,42,2,0,0
151,0.5,0.6,273.0168762207031,191.7047119140625,59,200,4764,552,200,0,16,31,12,0,0
152,0.5,0.6,318.4046630859375,232.91616821289062,59,200,4744,545,200,0,16,31,12,0,0
153,0.5,1.0,263.87457275390625,200.16551208496094,43,201,4714,538,201,0,16,15,12,0,0
154,0.5,0.9,228.6000213623047,206.302001953125,75,201,4696,526,201,0,32,31,12,0,0
155,0.5,0.5,316.9328308105469,218.8373565673828,69,201,4890,565,201,0,16,14,39,0,0
156,0.5,0.9,284.3584289550781,198.28915405273438,58,200,4867,563,200,0,16,14,28,0,0
157,0.5,0.6,277.48785400390625,172.58103942871094,56,204,4871,585,204,0,16,24,16,0,0
158,0.5,0.8,275.4597473144531,204.83888244628906,65,200,4826,538,200,0,32,15,18,0,0
159,0.5,0.6,259.49810791015625,205.15396118164062,68,204,4944,577,204,0,32,20,16,0,0
160,0.5,0.4,270.4812927246094,220.6672821044922,89,205,4898,551,205,0,16,45,28,0,0
161,0.5,0.8,300.6085205078125,212.08360290527344,59,202,4870,550,202,0,16,31,12,0,0
162,0.5,0.7,254.6818389892578,192.21763610839844,72,201,4894,529,201,0,16,54,2,0,0
163,0.5,0.6,227.9272918701172,188.4544677734375,70,229,5457,605,229,0,16,26,28,0,0
164,0.5,0.6,246.13270568847656,203.96119689941406,75,200,4845,578,200,0,32,31,12,0,0
165,0.5,0.7,257.0738830566406,193.64285278320312,43,203,4881,535,203,0,16,15,12,0,0
166,0.5,0.7,279.45452880859375,205.90164184570312,43,201,4798,530,201,0,16,15,12,0,0
167,0.5,1.0,288.4557189941406,223.18475341796875,101,200,4936,551,200,0,80,14,7,0,0
168,0.5,0.5,283.682373046875,217.26890563964844,78,214,5117,569,214,0,16,44,18,0,0
169,0.5,0.6,317.3815002441406,233.66932678222656,59,204,4754,538,204,0,32,11,16,0,0
170,0.5,0.6,253.259521484375,216.39907836914062,53,211,5059,554,211,0,16,30,7,0,0
171,0.5,0.6,326.4114074707031,207.58131408691406,91,200,4782,578,200,0,64,15,12,0,0
172,0.5,0.7,279.1522521972656,216.68751525878906,59,203,4771,588,203,0,16,31,12,0,0
173,0.5,0.6,311.5716247558594,235.93325805664062,75,200,4722,522,200,0,32,31,12,0,0
174,0.5,0.5,305.32586669921875,235.30308532714844,43,206,4946,588,206,0,16,15,12,0,0
175,0.5,0.5,263.8730773925781,222.63035583496094,43,200,4903,582,200,0,16,15,12,0,0
176,0.5,0.7,276.660888671875,211.9376678466797,59,201,4916,585,201,0,32,15,12,0,0
177,0.5,0.8,305.2513732910156,210.80075073242188,45,200,4775,548,200,0,16,14,15,0,0
178,0.5,0.9,299.7793884277344,206.0452117919922,54,206,4997,545,206,0,16,27,11,0,0
179,0.5,0.5,284.81634521484375,222.48672485351562,87,201,4688,522,201,0,41,20,26,0,0
180,0.5,0.9,286.6416320800781,204.45240783691406,96,201,4821,522,201,0,32,28,36,0,0
181,0.5,0.9,367.69970703125,219.57020568847656,107,200,4751,564,200,0,64,27,16,0,0
182,0.5,0.9,269.1943664550781,229.25186157226562,67,201,4819,577,201,0,32,28,7,0,0
183,0.5,1.0,246.62884521484375,228.4998016357422,50,202,4971,610,202,0,13,25,12,0,0
184,0.5,0.6,258.13922119140625,188.26332092285156,73,206,4801,525,206,0,32,29,12,0,0
185,0.5,0.6,279.6275634765625,207.33917236328125,102,207,4875,555,207,0,48,28,26,0,0
186,0.5,0.6,324.9971618652344,201.2357635498047,79,200,4834,546,200,0,16,43,20,0,0
187,0.5,0.7,327.3692626953125,243.40911865234375,56,204,4864,555,204,0,16,24,16,0,0
188,0.5,0.7,259.98468017578125,187.14404296875,103,202,4999,584,202,0,32,47,24,0,0
189,0.5,0.7,278.92950439453125,225.2875213623047,84,201,4924,579,201,0,32,15,37,0,0
190,0.5,0.5,310.8129577636719,210.9163055419922,121,200,4744,586,200,0,64,45,12,0,0
191,0.5,0.6,312.3173522949219,206.7727813720703,107,202,4832,561,202,0,48,43,16,0,0
192,0.5,0.7,342.6170349121094,257.8858947753906,59,204,4785,540,204,0,32,11,16,0,0
193,0.5,0.4,244.70677185058594,178.26771545410156,59,200,4880,512,200,0,32,15,12,0,0
194,0.5,0.5,274.7061767578125,211.66156005859375,91,201,4688,588,201,0,64,15,12,0,0
195,0.5,0.5,303.98370361328125,211.88356018066406,77,206,4857,547,206,0,48,14,15,0,0
196,0.5,0.7,256.3143615722656,184.31161499023438,70,204,4687,598,204,0,32,27,11,0,0
197,0.5,0.6,248.91781616210938,189.96751403808594,59,204,4926,509,204,0,32,15,12,0,0
198,0.5,0.8,279.21246337890625,233.21182250976562,91,203,4979,544,203,0,48,31,12,0,0
199,0.5,0.8,278.9501037597656,228.62120056152344,57,203,4799,581,203,0,32,23,2,0,0
0,1.0,0.3,331.70477294921875,290.76373291015625,103,202,4788,564,202,0,63,38,2,0,0
1,1.0,0.7,297.3047180175781,251.08966064453125,87,200,4741,551,200,0,30,29,28,0,0
2,1.0,0.5,354.0845642089844,277.97454833984375,119,200,4806,565,200,0,64,31,24,0,0
3,1.0,0.6,388.8907775878906,280.67755126953125,91,202,4808,566,202,0,48,31,12,0,0
4,1.0,0.6,406.8282470703125,351.3439025878906,53,201,4760,588,201,0,16,35,2,0,0
5,1.0,0.5,391.7725524902344,263.40093994140625,75,218,5161,563,218,0,48,15,12,0,0
6,1.0,0.3,375.1724548339844,309.299072265625,59,219,5180,505,219,0,32,15,12,0,0
7,1.0,0.3,387.9134521484375,273.66259765625,106,207,4785,590,207,0,48,46,12,0,0
8,1.0,0.7,314.0606994628906,291.67333984375,59,201,4724,569,201,0,46,11,2,0,0
9,1.0,0.6,356.988525390625,267.5561828613281,59,205,4888,521,205,0,32,15,12,0,0
10,1.0,0.4,376.73406982421875,310.3209228515625,75,200,4742,596,200,0,48,15,12,0,0
11,1.0,0.6,377.1229553222656,294.48895263671875,59,200,4818,535,200,0,32,15,12,0,0
12,1.0,0.7,342.6925048828125,295.8414306640625,75,201,4820,570,201,0,32,31,12,0,0
13,1.0,0.7,337.7521667480469,251.57586669921875,55,216,5119,529,216,0,28,15,12,0,0
14,1.0,0.7,308.1998291015625,277.8317565917969,38,202,4908,599,202,0,25,11,2,0,0
15,1.0,0.3,398.3510437011719,313.2293395996094,75,211,4810,607,211,0,32,31,12,0,0
16,1.0,0.5,349.14593505859375,301.9717712402344,59,208,5004,626,208,0,16,31,12,0,0
17,1.0,0.4,366.1923828125,311.3932189941406,99,202,4746,564,202,0,30,57,12,0,0
18,1.0,0.7,455.9942626953125,383.64178466796875,74,202,4836,569,202,0,16,46,12,0,0
19,1.0,0.6,369.73162841796875,260.5732116699219,59,200,4721,540,200,0,32,15,12,0,0
20,1.0,0.7,348.6512145996094,225.57264709472656,107,209,5021,555,209,0,64,31,12,0,0
21,1.0,0.5,363.11285400390625,283.93450927734375,43,202,4809,621,202,0,16,15,12,0,0
22,1.0,0.5,391.3135986328125,306.1932373046875,43,200,4688,550,200,0,16,15,12,0,0
23,1.0,0.9,360.16058349609375,282.05316162109375,43,200,4733,572,200,0,16,15,12,0,0
24,1.0,0.7,346.3307800292969,242.51564025878906,59,200,4734,528,200,0,32,15,12,0,0
25,1.0,0.5,399.2143859863281,274.2266845703125,85,200,4530,532,200,0,32,38,15,0,0
26,1.0,0.4,358.29595947265625,300.70660400390625,43,205,4768,600,205,0,16,15,12,0,0
27,1.0,0.7,420.5238952636719,345.4844055175781,59,205,4847,600,205,0,32,15,12,0,0
28,1.0,0.7,415.09881591796875,319.83929443359375,73,201,4875,574,201,0,32,29,12,0,0
29,1.0,0.5,360.4029541015625,268.7732849121094,59,202,4744,546,202,0,32,15,12,0,0
30,1.0,0.7,350.9773864746094,265.7810974121094,75,200,4652,593,200,0,48,15,12,0,0
31,1.0,0.5,389.55584716796875,309.3775634765625,73,202,4693,568,202,0,16,45,12,0,0
32,1.0,0.5,453.88323974609375,321.2121887207031,43,202,4807,564,202,0,16,15,12,0,0
33,1.0,0.7,392.0417785644531,298.4478759765625,59,200,4644,510,200,0,16,31,12,0,0
34,1.0,0.3,352.19512939453125,275.1335754394531,59,204,4765,602,204,0,32,15,12,0,0
35,1.0,0.4,395.03631591796875,292.70654296875,59,203,4872,572,203,0,32,15,12,0,0
36,1.0,1.0,430.54876708984375,330.31927490234375,59,203,4861,584,203,0,32,15,12,0,0
37,1.0,0.5,364.5561218261719,298.81634521484375,55,202,4658,507,202,0,28,15,12,0,0
38,1.0,0.8,389.9377136230469,312.9138488769531,59,201,4795,556,201,0,32,15,12,0,0
39,1.0,0.7,388.409423828125,301.6567077636719,75,200,4612,590,200,0,32,27,16,0,0
40,1.0,0.6,424.3228454589844,322.73004150390625,59,200,4763,570,200,0,32,15,12,0,0
41,1.0,0.5,380.28436279296875,281.680908203125,59,217,5174,599,217,0,32,15,12,0,0
42,1.0,0.5,330.1339111328125,268.419189453125,75,204,4778,611,204,0,32,31,12,0,0
43,1.0,0.2,432.0383605957031,351.68609619140625,59,209,4901,565,209,0,32,15,12,0,0
44,1.0,0.7,367.9992370605469,310.55206298828125,45,202,4701,566,202,0,16,14,15,0,0
45,1.0,0.5,402.11090087890625,357.5208740234375,100,205,4811,600,205,0,30,43,27,0,0
46,1.0,0.7,343.4743957519531,288.41912841796875,74,201,4720,567,201,0,16,46,12,0,0
47,1.0,0.5,387.8119201660156,297.4698181152344,88,200,4704,567,200,0,14,42,32,0,0
48,1.0,0.4,383.63543701171875,329.1251525878906,59,208,4917,565,208,0,32,15,12,0,0
49,1.0,0.7,335.24981689453125,250.300048828125,55,200,4715,532,200,0,28,15,12,0,0
50,1.0,0.8,366.49993896484375,276.15704345703125,74,200,4783,546,200,0,32,26,16,0,0
51,1.0,0.7,332.37060546875,242.88922119140625,56,201,4777,587,201,0,14,26,16,0,0
52,1.0,0.5,431.73541259765625,356.1134033203125,85,202,4698,539,202,0,31,42,12,0,0
53,1.0,0.5,365.51678466796875,281.9010009765625,75,201,4714,573,201,0,48,15,12,0,0
54,1.0,0.5,355.41009521484375,293.8526611328125,57,220,5216,599,220,0,16,29,12,0,0
55,1.0,0.2,384.91925048828125,325.0206298828125,87,201,4840,570,201,0,32,43,12,0,0
56,1.0,0.8,370.9867248535156,249.17311096191406,59,201,4684,539,201,0,32,15,12,0,0
57,1.0,0.5,363.5958251953125,279.6614990234375,59,201,4699,554,201,0,32,15,12,0,0
58,1.0,0.6,363.2638244628906,271.6182861328125,92,200,4796,603,200,0,16,44,32,0,0
59,1.0,0.5,378.82537841796875,278.96160888671875,80,200,4802,602,200,0,32,30,18,0,0
60,1.0,0.5,396.953125,291.8023376464844,83,207,4857,563,207,0,16,55,12,0,0
61,1.0,0.5,345.40673828125,309.1493225097656,59,202,4801,550,202,0,16,31,12,0,0
62,1.0,0.7,301.70404052734375,242.60855102539062,107,202,4831,484,202,0,64,31,12,0,0
63,1.0,0.5,369.63299560546875,293.6958923339844,48,204,4813,495,204,0,13,23,12,0,0
64,1.0,0.4,427.3054504394531,342.8960876464844,91,201,4765,544,201,0,48,31,12,0,0
65,1.0,0.4,357.078125,277.48736572265625,107,213,5007,584,213,0,48,47,12,0,0
66,1.0,0.6,452.02490234375,336.2547302246094,64,214,5048,576,214,0,16,30,18,0,0
67,1.0,0.8,345.6224670410156,257.7052001953125,57,201,4847,536,201,0,16,29,12,0,0
68,1.0,0.6,351.9540710449219,264.70941162109375,43,201,4769,579,201,0,16,15,12,0,0
69,1.0,0.7,362.33441162109375,257.04034423828125,75,202,4782,543,202,0,48,15,12,0,0
70,1.0,0.6,372.3465576171875,304.7261962890625,59,203,4753,587,203,0,16,31,12,0,0
71,1.0,0.5,376.3878173828125,294.3043212890625,59,201,4762,572,201,0,16,31,12,0,0
72,1.0,0.5,403.4215393066406,266.4914245605469,89,201,4810,597,201,0,48,29,12,0,0
73,1.0,0.7,365.9766845703125,304.62969970703125,39,212,4982,541,212,0,6,21,12,0,0
74,1.0,0.5,364.7852478027344,282.19219970703125,75,200,4897,583,200,0,32,31,12,0,0
75,1.0,0.7,331.5215759277344,284.63104248046875,91,209,4910,600,209,0,48,31,12,0,0
76,1.0,0.7,331.732177734375,247.6321563720703,75,204,4916,584,204,0,32,11,32,0,0
77,1.0,0.6,334.8360290527344,279.7698059082031,91,202,4827,568,202,0,48,31,12,0,0
78,1.0,0.7,386.0597229003906,275.500732421875,64,201,4736,591,201,0,16,30,18,0,0
79,1.0,0.6,428.3688659667969,281.77484130859375,59,201,4602,549,201,0,32,15,12,0,0
80,1.0,0.8,375.821044921875,280.341796875,59,204,4910,592,204,0,16,31,12,0,0
81,1.0,0.5,343.6071472167969,295.19049072265625,91,201,4694,565,201,0,32,47,12,0,0
82,1.0,0.6,455.05767822265625,297.1811828613281,72,200,4731,565,200,0,16,28,28,0,0
83,1.0,0.6,412.6035461425781,333.51861572265625,59,207,4846,639,207,0,16,31,12,0,0
84,1.0,0.7,342.2251281738281,248.52944946289062,59,201,4802,535,201,0,32,15,12,0,0
85,1.0,0.6,328.5417785644531,269.8467712402344,43,200,4809,547,200,0,16,15,12,0,0
86,1.0,0.5,385.4923400878906,270.85223388671875,59,201,4780,578,201,0,32,15,12,0,0
87,1.0,0.3,435.68231201171875,313.7646789550781,59,203,4834,548,203,0,32,15,12,0,0
88,1.0,0.5,402.4764099121094,311.35284423828125,107,213,4978,547,213,0,48,47,12,0,0
89,1.0,0.5,378.25213623046875,314.24578857421875,91,203,4808,569,203,0,16,63,12,0,0
90,1.0,0.5,320.5154724121094,250.42433166503906,59,200,4861,510,200,0,32,15,12,0,0
91,1.0,0.6,348.9563293457031,298.66986083984375,59,201,4787,568,201,0,32,15,12,0,0
92,1.0,0.6,327.36981201171875,204.9563446044922,116,200,4876,585,200,0,32,64,20,0,0
93,1.0,0.6,458.32086181640625,342.9348449707031,50,206,4850,574,206,0,13,25,12,0,0
94,1.0,0.4,331.7922058105469,275.974609375,57,202,4842,608,202,0,16,29,12,0,0
95,1.0,0.4,386.3641357421875,326.3323974609375,59,200,4598,554,200,0,16,31,12,0,0
96,1.0,0.5,399.7652587890625,338.6363525390625,66,201,4733,591,201,0,29,25,12,0,0
97,1.0,0.5,313.28155517578125,246.45338439941406,74,204,4685,545,204,0,31,31,12,0,0
98,1.0,0.3,328.3080749511719,285.3454284667969,43,207,4826,632,207,0,16,15,12,0,0
99,1.0,0.4,366.93792724609375,309.7724609375,75,209,4941,577,209,0,32,27,16,0,0
100,1.0,0.5,428.42999267578125,303.990234375,91,200,4790,554,200,0,48,31,12,0,0
101,1.0,0.6,365.1335754394531,305.6308288574219,75,210,5023,542,210,0,48,15,12,0,0
102,1.0,0.6,400.9084167480469,315.47308349609375,50,203,4773,531,203,0,13,25,12,0,0
103,1.0,0.6,435.81146240234375,378.9134521484375,59,205,4825,602,205,0,16,31,12,0,0
104,1.0,0.5,354.01019287109375,275.6913146972656,55,201,4786,587,201,0,28,15,12,0,0
105,1.0,0.6,391.12847900390625,256.4477844238281,43,205,4900,576,205,0,16,15,12,0,0
106,1.0,0.7,399.2744445800781,281.1061706542969,86,200,4752,532,200,0,32,43,11,0,0
107,1.0,0.3,429.40087890625,328.62054443359375,73,200,4829,569,200,0,32,29,12,0,0
108,1.0,0.5,371.81524658203125,268.6993408203125,43,201,4789,528,201,0,16,15,12,0,0
109,1.0,0.5,417.44140625,336.7870788574219,138,201,4675,588,201,0,64,62,12,0,0
110,1.0,0.7,294.5536804199219,256.93182373046875,59,208,4960,599,208,0,16,31,12,0,0
111,1.0,0.7,389.8053283691406,316.0905456542969,55,201,4883,555,201,0,28,15,12,0,0
112,1.0,0.4,343.3547668457031,296.3144836425781,55,204,4792,561,204,0,28,15,12,0,0
113,1.0,0.3,325.869873046875,274.84271240234375,64,200,4886,544,200,0,29,23,12,0,0
114,1.0,0.4,363.00738525390625,273.25152587890625,59,200,4809,558,200,0,32,15,12,0,0
115,1.0,0.4,326.7111511230469,300.927734375,69,201,4736,586,201,0,48,14,7,0,0
116,1.0,0.6,314.37982177734375,248.1536865234375,59,203,4765,574,203,0,32,15,12,0,0
117,1.0,0.2,355.32659912109375,288.53759765625,80,201,4702,580,201,0,45,23,12,0,0
118,1.0,0.3,351.6800537109375,282.31390380859375,43,206,4825,542,206,0,16,15,12,0,0
119,1.0,0.4,399.40667724609375,264.2181091308594,84,205,4869,546,205,0,16,31,37,0,0
120,1.0,0.7,380.45989990234375,284.1098327636719,74,202,4773,602,202,0,31,31,12,0,0
121,1.0,0.7,401.7395935058594,334.49053955078125,72,207,4840,607,207,0,32,24,16,0,0
122,1.0,0.5,357.7370910644531,279.1187438964844,43,200,4735,578,200,0,16,15,12,0,0
123,1.0,0.4,388.5616455078125,286.7892761230469,59,206,4849,587,206,0,16,31,12,0,0
124,1.0,0.6,343.7292175292969,256.4659118652344,59,203,4894,544,203,0,32,15,12,0,0
125,1.0,0.5,390.3526306152344,296.0614318847656,95,200,4730,512,200,0,48,27,20,0,0
126,1.0,0.4,442.35968017578125,321.71234130859375,75,202,4732,547,202,0,48,15,12,0,0
127,1.0,0.8,361.39324951171875,283.0576477050781,75,200,4709,536,200,0,48,15,12,0,0
128,1.0,0.6,335.1312255859375,277.5281066894531,59,200,4773,532,200,0,32,15,12,0,0
129,1.0,0.4,385.706787109375,340.90533447265625,81,204,4720,550,204,0,16,53,12,0,0
130,1.0,0.9,385.6058654785156,268.1944580078125,59,200,4871,535,200,0,16,31,12,0,0
131,1.0,0.5,338.8233337402344,317.7402038574219,43,204,4828,629,204,0,16,15,12,0,0
132,1.0,0.6,359.8138122558594,282.255859375,43,204,4838,602,204,0,16,11,16,0,0
133,1.0,0.6,399.4559020996094,293.5755920410156,59,200,4772,557,200,0,32,15,12,0,0
134,1.0,0.6,372.6958923339844,308.3724365234375,89,203,4903,549,203,0,32,45,12,0,0
135,1.0,0.6,289.9082946777344,213.62969970703125,43,205,4862,521,205,0,16,15,12,0,0
136,1.0,0.7,344.4746398925781,287.4306335449219,59,207,4997,603,207,0,16,31,12,0,0
137,1.0,0.4,357.439453125,267.7765808105469,59,200,4823,582,200,0,32,15,12,0,0
138,1.0,1.0,366.2423400878906,281.7691955566406,59,202,4842,559,202,0,32,15,12,0,0
139,1.0,0.3,398.1605224609375,318.0068054199219,49,204,4721,540,204,0,16,16,17,0,0
140,1.0,0.8,365.9324645996094,297.78436279296875,59,213,5078,566,213,0,16,31,12,0,0
141,1.0,0.7,311.16748046875,272.11260986328125,61,204,4969,602,204,0,16,43,2,0,0
142,1.0,0.7,413.402587890625,282.26947021484375,72,223,5289,543,223,0,30,26,16,0,0
143,1.0,0.5,333.83013916015625,253.12991333007812,90,200,4748,548,200,0,32,46,12,0,0
144,1.0,0.8,355.1671142578125,269.7752380371094,59,213,4886,538,213,0,32,15,12,0,0
145,1.0,0.7,397.2520446777344,331.6228942871094,47,202,4797,555,202,0,16,11,20,0,0
146,1.0,0.7,403.532958984375,355.4125061035156,59,203,4831,572,203,0,16,27,16,0,0
147,1.0,0.6,397.5731201171875,294.00958251953125,59,203,4689,520,203,0,16,31,12,0,0
148,1.0,0.7,391.54168701171875,274.4175720214844,64,200,4806,543,200,0,16,30,18,0,0
149,1.0,0.4,367.96343994140625,279.0623474121094,75,202,4810,570,202,0,48,15,12,0,0
150,1.0,0.8,347.69488525390625,286.6686706542969,74,204,4783,587,204,0,31,31,12,0,0
151,1.0,0.4,369.4154357910156,312.2298889160156,73,207,4879,595,207,0,32,29,12,0,0
152,1.0,0.4,355.04998779296875,301.4694519042969,43,201,4724,569,201,0,16,15,12,0,0
153,1.0,0.4,381.32525634765625,313.0792236328125,43,200,4653,585,200,0,16,15,12,0,0
154,1.0,0.6,342.5621643066406,294.95635986328125,59,201,4720,551,201,0,32,15,12,0,0
155,1.0,0.4,402.4729919433594,291.289306640625,55,202,4743,600,202,0,28,15,12,0,0
156,1.0,0.8,345.0907897949219,273.0263366699219,59,205,4936,651,205,0,16,31,12,0,0
157,1.0,0.5,373.5554504394531,272.4122619628906,59,201,4807,541,201,0,16,31,12,0,0
158,1.0,0.7,356.28863525390625,270.4119567871094,43,200,4830,529,200,0,16,15,12,0,0
159,1.0,0.4,398.6999206542969,297.0245056152344,86,202,4753,583,202,0,45,29,12,0,0
160,1.0,0.4,468.2518005371094,365.162109375,59,203,4877,596,203,0,32,15,12,0,0
161,1.0,0.6,381.03216552734375,282.8465576171875,91,207,5028,536,207,0,32,47,12,0,0
162,1.0,0.7,345.1217956542969,297.2903137207031,43,213,5024,542,213,0,16,15,12,0,0
163,1.0,0.7,323.55828857421875,323.55828857421875,27,204,4785,574,204,0,14,11,2,0,0
164,1.0,0.5,383.7303161621094,288.7721252441406,88,200,4697,549,200,0,48,24,16,0,0
165,1.0,0.7,328.5372009277344,256.4390869140625,111,201,4796,585,201,0,48,45,18,0,0
166,1.0,0.8,370.1495361328125,315.06439208984375,86,202,4715,626,202,0,32,42,12,0,0
167,1.0,0.4,408.6121520996094,283.3753967285156,89,215,5029,531,215,0,48,29,12,0,0
168,1.0,0.3,369.7537536621094,262.9103698730469,95,203,4907,595,203,0,32,45,18,0,0
169,1.0,0.4,350.981201171875,310.3337707519531,55,204,4900,605,204,0,28,15,12,0,0
170,1.0,0.7,437.55487060546875,349.614990234375,43,201,4788,535,201,0,16,15,12,0,0
171,1.0,0.6,344.13641357421875,252.09689331054688,75,201,4816,570,201,0,32,27,16,0,0
172,1.0,0.6,396.2662353515625,311.5887451171875,59,201,4738,566,201,0,16,31,12,0,0
173,1.0,0.6,309.4862365722656,247.4717254638672,43,200,4895,573,200,0,16,15,12,0,0
174,1.0,0.6,446.8918762207031,347.8468933105469,75,214,4978,620,214,0,32,31,12,0,0
175,1.0,0.6,353.7840881347656,264.5671081542969,59,205,4862,561,205,0,32,15,12,0,0
176,1.0,0.5,366.1783142089844,274.0756530761719,91,209,4946,555,209,0,48,31,12,0,0
177,1.0,0.5,395.93890380859375,285.9816589355469,55,205,4826,573,205,0,28,15,12,0,0
178,1.0,0.4,366.443359375,326.2158203125,59,200,4812,570,200,0,16,31,12,0,0
179,1.0,0.4,394.5030517578125,289.9993896484375,59,202,4719,601,202,0,32,15,12,0,0
180,1.0,0.2,389.6912536621094,254.705810546875,84,207,5001,568,207,0,30,38,16,0,0
181,1.0,0.5,400.6867370605469,296.9942626953125,59,200,4735,533,200,0,32,15,12,0,0
182,1.0,0.4,385.505859375,278.6178283691406,59,200,4806,546,200,0,16,31,12,0,0
183,1.0,0.6,404.1791076660156,336.5288391113281,59,205,4807,586,205,0,16,31,12,0,0
184,1.0,0.3,409.467041015625,357.1492004394531,59,203,4762,605,203,0,16,31,12,0,0
185,1.0,0.5,314.0284423828125,266.006103515625,55,200,4795,563,200,0,28,15,12,0,0
186,1.0,0.6,363.10003662109375,291.3576965332031,59,208,4807,533,208,0,32,15,12,0,0
187,1.0,0.8,391.3165283203125,285.61151123046875,75,201,4760,533,201,0,32,31,12,0,0
188,1.0,0.6,390.1089782714844,353.21405029296875,57,201,4752,574,201,0,16,29,12,0,0
189,1.0,0.5,418.3951721191406,295.0326232910156,75,204,4762,569,204,0,48,11,16,0,0
190,1.0,0.5,309.3676452636719,295.1591796875,43,204,4793,574,204,0,30,11,2,0,0
191,1.0,0.4,408.1260681152344,360.6007080078125,75,202,4777,570,202,0,32,31,12,0,0
192,1.0,0.6,398.12646484375,322.141845703125,70,212,4934,585,212,0,16,42,12,0,0
193,1.0,0.6,380.4554443359375,319.7330627441406,59,202,4791,549,202,0,32,15,12,0,0
194,1.0,0.5,385.1332702636719,273.8644104003906,75,204,4797,538,204,0,48,15,12,0,0
195,1.0,0.7,326.9871826171875,262.0709533691406,59,200,4790,523,200,0,32,15,12,0,0
196,1.0,0.4,391.748291015625,284.83807373046875,59,203,4777,535,203,0,16,31,12,0,0
197,1.0,0.6,366.023193359375,275.4707946777344,59,201,4660,611,201,0,32,15,12,0,0
198,1.0,0.5,371.0062561035156,307.301025390625,57,202,4836,580,202,0,16,29,12,0,0
199,1.0,0.5,342.4238586425781,257.2383117675781,75,200,4740,528,200,0,48,15,12,0,0
0,2.0,0.2,825.9302368164062,649.4102172851562,55,207,4660,571,207,0,28,15,12,0,0
1,2.0,0.2,742.042724609375,669.3372802734375,59,211,4875,567,211,0,16,31,12,0,0
2,2.0,0.2,723.7525634765625,593.1450805664062,59,201,4652,596,201,0,32,15,12,0,0
3,2.0,0.5,792.0932006835938,684.0178833007812,59,203,4702,576,203,0,32,15,12,0,0
4,2.0,0.3,728.5656127929688,684.1878662109375,57,202,4706,575,202,0,16,29,12,0,0
5,2.0,0.2,722.3363647460938,607.0759887695312,105,202,4757,602,202,0,64,29,12,0,0
6,2.0,0.4,695.6378784179688,603.44287109375,67,201,4544,548,201,0,14,41,12,0,0
7,2.0,0.3,735.2236938476562,609.0761108398438,89,226,5001,568,226,0,48,29,12,0,0
8,2.0,0.4,710.3486328125,592.552734375,55,211,4852,574,211,0,28,15,12,0,0
9,2.0,0.3,787.6206665039062,639.89794921875,59,205,4761,608,205,0,32,15,12,0,0
10,2.0,0.5,701.4340209960938,595.9805908203125,59,207,4743,603,207,0,32,15,12,0,0
11,2.0,0.6,691.1046142578125,586.5452270507812,59,204,4745,556,204,0,32,15,12,0,0
12,2.0,0.2,805.1556396484375,684.4124145507812,50,204,4625,584,204,0,13,25,12,0,0
13,2.0,0.4,634.145263671875,563.7628173828125,59,204,4776,602,204,0,32,15,12,0,0
14,2.0,0.3,724.4822998046875,585.3016967773438,75,201,4643,537,201,0,48,15,12,0,0
15,2.0,0.2,718.8643188476562,584.1717529296875,59,203,4669,585,203,0,32,15,12,0,0
16,2.0,0.7,833.3018798828125,717.5244750976562,59,202,4570,579,202,0,32,15,12,0,0
17,2.0,0.4,713.2201538085938,574.993896484375,59,229,5192,654,229,0,32,15,12,0,0
18,2.0,0.4,780.71533203125,679.5223388671875,59,200,4649,550,200,0,32,15,12,0,0
19,2.0,0.7,656.7415771484375,569.57373046875,59,202,4673,573,202,0,32,15,12,0,0
20,2.0,0.3,752.4697265625,619.3789672851562,74,200,4635,594,200,0,16,46,12,0,0
21,2.0,0.3,795.8137817382812,666.3159790039062,55,202,4595,534,202,0,28,15,12,0,0
22,2.0,0.5,706.16162109375,601.7421264648438,55,201,4576,566,201,0,28,15,12,0,0
23,2.0,0.4,725.0433349609375,573.7145385742188,59,208,4759,590,208,0,32,15,12,0,0
24,2.0,0.3,773.2291870117188,663.339599609375,59,221,4952,564,221,0,32,15,12,0,0
25,2.0,0.2,702.5421752929688,539.9591064453125,59,205,4666,541,205,0,32,15,12,0,0
26,2.0,0.4,772.2264404296875,627.9760131835938,59,205,4717,600,205,0,32,15,12,0,0
27,2.0,0.4,721.307373046875,567.4506225585938,84,200,4727,585,200,0,43,29,12,0,0
28,2.0,0.2,800.4650268554688,683.1353149414062,74,200,4533,597,200,0,16,46,12,0,0
29,2.0,0.4,709.7279052734375,582.7390747070312,59,201,4678,553,201,0,32,15,12,0,0
30,2.0,0.5,687.3387451171875,604.4356079101562,55,200,4640,539,200,0,28,15,12,0,0
31,2.0,0.6,657.9647216796875,555.8121948242188,75,200,4601,584,200,0,32,31,12,0,0
32,2.0,0.6,741.14990234375,600.2327270507812,59,203,4633,502,203,0,32,15,12,0,0
33,2.0,0.3,703.5260620117188,670.1845703125,59,205,4634,570,205,0,16,31,12,0,0
34,2.0,0.4,695.3197021484375,586.839111328125,89,205,4719,546,205,0,48,29,12,0,0
35,2.0,0.1,757.3323364257812,624.9027709960938,107,200,4683,631,200,0,48,47,12,0,0
36,2.0,0.5,790.2763061523438,715.83447265625,59,201,4655,588,201,0,16,31,12,0,0
37,2.0,0.3,750.7577514648438,627.6156005859375,55,200,4542,593,200,0,28,15,12,0,0
38,2.0,0.7,864.1111450195312,683.9495239257812,55,206,4644,545,206,0,28,15,12,0,0
39,2.0,0.4,708.5270385742188,607.1339111328125,107,201,4601,585,201,0,48,47,12,0,0
40,2.0,0.8,769.598388671875,584.778564453125,55,202,4645,534,202,0,28,15,12,0,0
41,2.0,0.4,770.5702514648438,664.8751220703125,59,202,4550,583,202,0,32,15,12,0,0
42,2.0,0.3,651.9381713867188,521.0286254882812,55,202,4693,562,202,0,28,15,12,0,0
43,2.0,0.3,799.972412109375,692.5677490234375,59,203,4699,560,203,0,16,31,12,0,0
44,2.0,0.2,658.2745361328125,577.4617919921875,89,201,4722,602,201,0,48,29,12,0,0
45,2.0,0.3,705.95458984375,581.7515258789062,87,202,4622,557,202,0,14,61,12,0,0
46,2.0,0.4,827.14697265625,716.1139526367188,88,207,4698,630,207,0,45,31,12,0,0
47,2.0,0.3,744.2781372070312,626.3441162109375,59,211,4823,557,211,0,32,15,12,0,0
48,2.0,0.3,812.0858154296875,626.3983764648438,91,200,4665,560,200,0,64,15,12,0,0
49,2.0,0.3,692.3139038085938,590.5458374023438,90,201,4664,574,201,0,16,62,12,0,0
50,2.0,0.3,763.8446655273438,574.6795654296875,55,200,4576,554,200,0,28,15,12,0,0
51,2.0,0.1,707.9340209960938,611.7210693359375,59,203,4542,540,203,0,16,31,12,0,0
52,2.0,0.6,715.2340698242188,603.3452758789062,59,201,4655,551,201,0,32,15,12,0,0
53,2.0,0.6,673.8257446289062,542.1216430664062,59,201,4482,566,201,0,32,15,12,0,0
54,2.0,0.5,724.4942016601562,634.532470703125,59,210,4912,591,210,0,32,15,12,0,0
55,2.0,0.6,795.82275390625,672.101318359375,59,202,4361,551,202,0,32,15,12,0,0
56,2.0,0.4,747.650390625,650.7483520507812,75,201,4605,554,201,0,48,15,12,0,0
57,2.0,0.3,776.1549072265625,632.5484008789062,59,216,5003,614,216,0,32,15,12,0,0
58,2.0,0.6,739.0477905273438,609.1027221679688,59,201,4722,543,201,0,32,15,12,0,0
59,2.0,0.7,789.9564819335938,634.0360717773438,59,205,4651,568,205,0,32,15,12,0,0
60,2.0,0.6,779.0426025390625,648.252685546875,67,210,4686,552,210,0,16,39,12,0,0
61,2.0,0.1,723.71337890625,661.0574340820312,75,225,5064,597,225,0,32,31,12,0,0
62,2.0,0.2,748.8235473632812,629.5214233398438,55,206,4810,598,206,0,28,15,12,0,0
63,2.0,0.4,755.6867065429688,622.3555908203125,59,206,4634,566,206,0,32,15,12,0,0
64,2.0,0.4,857.91259765625,718.9439697265625,55,209,4678,592,209,0,28,15,12,0,0
65,2.0,0.2,722.87646484375,589.2151489257812,112,204,4681,578,204,0,77,23,12,0,0
66,2.0,0.5,866.0039672851562,768.7484741210938,75,202,4484,546,202,0,32,31,12,0,0
67,2.0,0.3,687.1298217773438,609.2060546875,59,202,4659,584,202,0,16,31,12,0,0
68,2.0,0.4,718.83642578125,634.6099243164062,75,202,4623,599,202,0,32,31,12,0,0
69,2.0,0.4,761.6109008789062,631.0525512695312,89,210,4813,600,210,0,48,29,12,0,0
70,2.0,0.3,785.0574340820312,659.307861328125,51,208,4729,552,208,0,2,37,12,0,0
71,2.0,0.3,843.0042114257812,682.408935546875,89,202,4639,576,202,0,48,29,12,0,0
72,2.0,0.1,717.2435302734375,584.5352172851562,59,214,4871,557,214,0,32,15,12,0,0
73,2.0,0.4,778.2200927734375,688.0471801757812,43,206,4874,607,206,0,16,15,12,0,0
74,2.0,0.4,870.5753173828125,780.7572021484375,102,214,4754,572,214,0,48,42,12,0,0
75,2.0,0.6,786.0074462890625,731.4641723632812,68,204,4688,617,204,0,10,46,12,0,0
76,2.0,0.2,786.3406982421875,641.2781982421875,59,201,4671,525,201,0,32,15,12,0,0
77,2.0,0.7,737.0335083007812,618.26904296875,59,205,4708,584,205,0,32,15,12,0,0
78,2.0,0.3,742.8171997070312,608.1284790039062,59,203,4605,552,203,0,32,15,12,0,0
79,2.0,0.4,768.11962890625,627.6190185546875,55,201,4719,544,201,0,28,15,12,0,0
80,2.0,0.4,669.209716796875,550.3690185546875,59,204,4608,550,204,0,32,15,12,0,0
81,2.0,0.1,853.04638671875,717.9987182617188,55,200,4567,570,200,0,28,15,12,0,0
82,2.0,0.4,765.3220825195312,631.6550903320312,59,201,4602,575,201,0,32,15,12,0,0
83,2.0,0.5,814.2411499023438,658.6111450195312,55,204,4723,584,204,0,28,15,12,0,0
84,2.0,0.4,737.9779663085938,617.78271484375,55,201,4585,592,201,0,28,15,12,0,0
85,2.0,0.8,809.8765258789062,664.8193359375,55,207,4769,573,207,0,28,15,12,0,0
86,2.0,0.2,772.1350708007812,616.1915283203125,89,206,4737,617,206,0,48,29,12,0,0
87,2.0,0.3,727.7149658203125,590.9481201171875,43,203,4604,589,203,0,16,15,12,0,0
88,2.0,0.3,807.57861328125,634.6399536132812,89,200,4580,573,200,0,48,29,12,0,0
89,2.0,0.3,727.0023193359375,618.985107421875,75,204,4730,580,204,0,32,31,12,0,0
90,2.0,0.3,716.7070922851562,556.0689697265625,55,200,4614,564,200,0,28,15,12,0,0
91,2.0,0.3,731.550048828125,637.7919311523438,55,210,4853,506,210,0,28,15,12,0,0
92,2.0,0.3,685.8428344726562,562.4423217773438,59,205,4582,515,205,0,32,15,12,0,0
93,2.0,0.2,778.2318115234375,621.8451538085938,89,203,4693,578,203,0,48,29,12,0,0
94,2.0,0.4,752.5370483398438,690.6129150390625,73,205,4683,597,205,0,32,29,12,0,0
95,2.0,0.5,719.07373046875,640.6235961914062,43,209,4695,555,209,0,16,15,12,0,0
96,2.0,0.6,797.5244750976562,669.6204833984375,59,209,4770,547,209,0,32,15,12,0,0
97,2.0,0.2,791.0883178710938,659.7141723632812,75,205,4781,595,205,0,48,15,12,0,0
98,2.0,0.5,830.2220458984375,659.9766845703125,59,201,4554,546,201,0,32,15,12,0,0
99,2.0,0.3,731.6151733398438,616.0615234375,55,207,4656,546,207,0,28,15,12,0,0
100,2.0,0.2,665.0596313476562,592.6043701171875,59,201,4679,546,201,0,32,15,12,0,0
101,2.0,0.4,723.3714599609375,616.2586059570312,55,200,4551,569,200,0,28,15,12,0,0
102,2.0,0.5,787.1842651367188,598.3395385742188,59,202,4653,569,202,0,32,15,12,0,0
103,2.0,0.2,703.5266723632812,600.3768310546875,59,205,4744,592,205,0,32,15,12,0,0
104,2.0,0.2,742.4381103515625,614.3203125,75,204,4633,583,204,0,48,15,12,0,0
105,2.0,0.2,813.2637329101562,718.5223388671875,64,200,4665,614,200,0,16,30,18,0,0
106,2.0,0.4,875.5739135742188,665.4005126953125,55,201,4565,579,201,0,28,15,12,0,0
107,2.0,0.4,636.275390625,540.2492065429688,59,207,4681,559,207,0,32,15,12,0,0
108,2.0,0.3,763.08642578125,614.51611328125,67,204,4685,613,204,0,16,39,12,0,0
109,2.0,0.2,761.9800415039062,644.43994140625,59,206,4645,562,206,0,32,15,12,0,0
110,2.0,0.5,737.51318359375,609.6315307617188,59,201,4569,569,201,0,32,15,12,0,0
111,2.0,0.4,747.2172241210938,596.5025024414062,59,204,4533,533,204,0,32,15,12,0,0
112,2.0,0.5,745.5762939453125,567.524658203125,55,207,4837,595,207,0,28,15,12,0,0
113,2.0,0.5,677.4534301757812,554.1536254882812,55,203,4671,527,203,0,28,15,12,0,0
114,2.0,0.5,799.8072509765625,699.3744506835938,57,206,4574,622,206,0,16,29,12,0,0
115,2.0,0.3,746.2869262695312,592.1631469726562,59,200,4600,554,200,0,32,15,12,0,0
116,2.0,0.3,680.8490600585938,594.4349975585938,59,202,4755,557,202,0,32,15,12,0,0
117,2.0,0.5,781.4566650390625,617.6488037109375,59,201,4561,558,201,0,32,15,12,0,0
118,2.0,0.4,691.4600219726562,588.758544921875,91,201,4595,557,201,0,32,47,12,0,0
119,2.0,0.2,765.022705078125,647.7144775390625,57,207,4742,590,207,0,16,29,12,0,0
120,2.0,0.3,806.3389282226562,677.363037109375,59,201,4590,559,201,0,32,15,12,0,0
121,2.0,0.4,785.4066162109375,667.273681640625,55,202,4658,547,202,0,28,15,12,0,0
122,2.0,0.5,804.7887573242188,641.1299438476562,59,209,4808,570,209,0,32,15,12,0,0
123,2.0,0.5,736.6905517578125,605.5076293945312,64,215,4897,616,215,0,16,30,18,0,0
124,2.0,0.2,717.7901611328125,598.4393920898438,59,203,4627,573,203,0,32,15,12,0,0
125,2.0,0.3,807.4603271484375,644.8032836914062,59,205,4642,600,205,0,32,15,12,0,0
126,2.0,0.3,743.0003051757812,635.84375,59,203,4645,558,203,0,32,15,12,0,0
127,2.0,0.3,818.2247314453125,670.6319580078125,59,208,4751,577,208,0,32,15,12,0,0
128,2.0,0.5,689.423828125,553.9302368164062,59,205,4714,570,205,0,32,15,12,0,0
129,2.0,0.4,692.0429077148438,559.1013793945312,59,202,4701,582,202,0,32,15,12,0,0
130,2.0,0.4,694.1455078125,596.3964233398438,59,213,4823,547,213,0,32,15,12,0,0
131,2.0,0.6,746.4557495117188,661.0774536132812,59,212,4887,583,212,0,32,15,12,0,0
132,2.0,0.6,805.3302001953125,670.541748046875,55,204,4582,578,204,0,28,15,12,0,0
133,2.0,0.2,629.8328247070312,531.1739501953125,55,202,4699,561,202,0,28,15,12,0,0
134,2.0,0.3,809.7689208984375,633.7127685546875,55,208,4732,546,208,0,28,15,12,0,0
135,2.0,0.4,794.4346923828125,631.0740356445312,59,215,5029,586,215,0,32,15,12,0,0
136,2.0,0.1,798.9451293945312,688.209228515625,107,200,4638,559,200,0,48,47,12,0,0
137,2.0,0.2,786.143310546875,686.814453125,59,202,4690,595,202,0,32,15,12,0,0
138,2.0,0.4,756.4290771484375,590.2022094726562,74,200,4726,614,200,0,16,46,12,0,0
139,2.0,0.5,819.8675537109375,749.4907836914062,57,207,4662,571,207,0,16,29,12,0,0
140,2.0,0.4,681.2850341796875,565.8037719726562,59,210,4891,572,210,0,32,15,12,0,0
141,2.0,0.2,771.4242553710938,652.7019653320312,105,202,4708,555,202,0,64,29,12,0,0
142,2.0,0.4,644.0003662109375,547.5370483398438,59,203,4603,590,203,0,32,15,12,0,0
143,2.0,0.4,723.2883911132812,607.2310791015625,55,212,4974,579,212,0,28,15,12,0,0
144,2.0,0.7,748.9428100585938,623.6292114257812,64,223,5045,591,223,0,4,48,12,0,0
145,2.0,0.6,762.842041015625,618.4574584960938,55,200,4540,578,200,0,28,15,12,0,0
146,2.0,0.6,795.8322143554688,704.0421142578125,57,201,4751,571,201,0,16,29,12,0,0
147,2.0,0.7,703.8079833984375,609.1845092773438,55,208,4751,583,208,0,28,15,12,0,0
148,2.0,0.3,727.073486328125,640.1807250976562,55,200,4636,594,200,0,28,15,12,0,0
149,2.0,0.3,690.0117797851562,580.115478515625,55,203,4618,577,203,0,28,15,12,0,0
150,2.0,0.3,749.4346923828125,650.002685546875,89,200,4621,583,200,0,48,29,12,0,0
151,2.0,0.2,729.1329345703125,631.1983642578125,55,209,4924,619,209,0,28,15,12,0,0
152,2.0,0.3,655.6338500976562,533.1687622070312,59,216,4880,613,216,0,32,15,12,0,0
153,2.0,0.5,699.1665649414062,591.522705078125,43,202,4588,574,202,0,16,15,12,0,0
154,2.0,0.7,683.2866821289062,618.5534057617188,57,202,4598,580,202,0,16,29,12,0,0
155,2.0,0.6,742.849365234375,611.0955810546875,59,208,4757,579,208,0,32,15,12,0,0
156,2.0,0.4,834.5133666992188,684.3834228515625,75,202,4562,578,202,0,48,15,12,0,0
157,2.0,0.6,776.0287475585938,643.1099853515625,59,203,4570,592,203,0,32,15,12,0,0
158,2.0,0.2,700.9768676757812,579.5099487304688,55,212,4765,538,212,0,28,15,12,0,0
159,2.0,0.1,837.610595703125,689.2028198242188,55,202,4686,535,202,0,28,15,12,0,0
160,2.0,0.5,764.8745727539062,634.4133911132812,59,204,4669,606,204,0,32,15,12,0,0
161,2.0,0.4,704.9947509765625,603.2504272460938,55,200,4571,599,200,0,28,15,12,0,0
162,2.0,0.4,732.6375122070312,626.9403686523438,55,214,4808,550,214,0,28,15,12,0,0
163,2.0,0.3,702.2998046875,616.2100830078125,75,213,5043,619,213,0,48,15,12,0,0
164,2.0,0.3,775.662841796875,696.7435913085938,70,204,4682,620,204,0,29,29,12,0,0
165,2.0,0.4,673.2158203125,589.5242309570312,55,202,4562,604,202,0,28,15,12,0,0
166,2.0,0.5,663.4849243164062,607.8956909179688,75,203,4706,567,203,0,16,47,12,0,0
167,2.0,0.5,810.7440795898438,701.8142700195312,59,203,4576,561,203,0,32,15,12,0,0
168,2.0,0.4,836.7366333007812,746.76611328125,55,226,4976,530,226,0,28,15,12,0,0
169,2.0,0.3,789.4149780273438,620.7991943359375,55,203,4618,558,203,0,28,15,12,0,0
170,2.0,0.6,713.7648315429688,619.5119018554688,74,208,4761,580,208,0,16,46,12,0,0
171,2.0,0.4,744.1314086914062,594.1287841796875,59,207,4734,587,207,0,32,15,12,0,0
172,2.0,0.4,646.2830200195312,508.2073059082031,59,235,5391,645,235,0,32,15,12,0,0
173,2.0,0.4,715.1265869140625,573.2201538085938,55,201,4670,563,201,0,28,15,12,0,0
174,2.0,0.3,624.2604370117188,572.548583984375,67,203,4662,592,203,0,16,39,12,0,0
175,2.0,0.5,710.8219604492188,589.7734375,55,206,4764,557,206,0,28,15,12,0,0
176,2.0,0.6,743.5853271484375,577.5180053710938,105,208,4822,591,208,0,64,29,12,0,0
177,2.0,0.6,773.5267333984375,647.5040283203125,59,201,4515,552,201,0,32,15,12,0,0
178,2.0,0.6,795.7495727539062,711.0890502929688,55,201,4687,576,201,0,28,15,12,0,0
179,2.0,0.6,780.1095581054688,657.0357055664062,59,203,4595,556,203,0,32,15,12,0,0
180,2.0,0.4,725.1363525390625,583.4249877929688,59,207,4765,562,207,0,32,15,12,0,0
181,2.0,0.6,738.3363037109375,589.1651000976562,59,205,4717,583,205,0,32,15,12,0,0
182,2.0,0.3,775.6726684570312,673.1047973632812,59,207,4665,572,207,0,32,15,12,0,0
183,2.0,0.5,799.924072265625,654.2701416015625,55,210,4717,600,210,0,28,15,12,0,0
184,2.0,0.4,738.2620239257812,573.455810546875,57,202,4667,585,202,0,16,29,12,0,0
185,2.0,0.5,701.8427124023438,532.1695556640625,55,201,4619,560,201,0,28,15,12,0,0
186,2.0,0.5,669.960693359375,542.6649780273438,59,201,4644,596,201,0,32,15,12,0,0
187,2.0,0.5,648.9205932617188,576.0767822265625,80,201,4479,540,201,0,45,23,12,0,0
188,2.0,0.6,732.2171630859375,619.9334106445312,59,201,4633,537,201,0,32,15,12,0,0
189,2.0,0.2,777.18798828125,676.5143432617188,55,201,4557,565,201,0,28,15,12,0,0
190,2.0,0.3,805.7674560546875,704.1775512695312,57,200,4441,558,200,0,16,29,12,0,0
191,2.0,0.4,855.3034057617188,712.9915771484375,55,202,4549,577,202,0,28,15,12,0,0
192,2.0,0.5,733.57763671875,612.0491333007812,59,205,4618,540,205,0,32,15,12,0,0
193,2.0,0.4,726.5655517578125,624.0308837890625,55,204,4582,608,204,0,28,15,12,0,0
194,2.0,0.5,743.0320434570312,625.3548583984375,55,200,4594,599,200,0,28,15,12,0,0
195,2.0,0.3,758.9992065429688,665.0385131835938,67,207,4820,557,207,0,16,39,12,0,0
196,2.0,0.8,673.6947631835938,563.1470947265625,59,201,4620,603,201,0,32,15,12,0,0
197,2.0,0.3,772.1260375976562,663.5140380859375,59,210,4793,616,210,0,32,15,12,0,0
198,2.0,0.3,711.6609497070312,566.2767333984375,59,202,4578,566,202,0,32,15,12,0,0
199,2.0,0.4,828.33837890625,699.6202392578125,55,200,4472,533,200,0,28,15,12,0,0
0,3.0,0.2,1227.9425048828125,1050.8896484375,59,202,4591,570,202,0,32,15,12,0,0
1,3.0,0.2,1358.3701171875,1184.7105712890625,55,211,4770,565,211,0,28,15,12,0,0
2,3.0,0.1,1325.90087890625,1171.411376953125,59,203,4448,567,203,0,32,15,12,0,0
3,3.0,0.5,1438.340087890625,1282.9151611328125,55,210,4711,577,210,0,28,15,12,0,0
4,3.0,0.5,1434.922607421875,1249.3070068359375,59,235,5177,591,235,0,32,15,12,0,0
5,3.0,0.2,1397.3885498046875,1223.81298828125,59,201,4520,519,201,0,32,15,12,0,0
6,3.0,0.4,1274.62841796875,1158.331298828125,57,204,4592,596,204,0,16,29,12,0,0
7,3.0,0.2,1355.2078857421875,1190.98193359375,59,205,4492,585,205,0,32,15,12,0,0
8,3.0,0.3,1394.1978759765625,1216.0228271484375,55,201,4430,588,201,0,28,15,12,0,0
9,3.0,0.3,1422.0472412109375,1236.0679931640625,59,207,4519,591,207,0,32,15,12,0,0
10,3.0,0.4,1193.156005859375,1013.5452270507812,89,206,4646,603,206,0,48,29,12,0,0
11,3.0,0.1,1413.874267578125,1252.9964599609375,59,203,4628,589,203,0,32,15,12,0,0
12,3.0,0.4,1475.1158447265625,1282.66064453125,55,200,4512,565,200,0,28,15,12,0,0
13,3.0,0.4,1316.0838623046875,1146.3934326171875,59,202,4624,554,202,0,32,15,12,0,0
14,3.0,0.1,1360.59326171875,1165.955078125,59,210,4660,590,210,0,32,15,12,0,0
15,3.0,0.2,1358.299560546875,1178.8651123046875,59,211,4633,610,211,0,32,15,12,0,0
16,3.0,0.3,1331.52001953125,1130.795654296875,59,202,4437,519,202,0,32,15,12,0,0
17,3.0,0.2,1343.04736328125,1170.5379638671875,55,207,4681,616,207,0,28,15,12,0,0
18,3.0,0.3,1129.643310546875,995.4581909179688,55,218,4929,564,218,0,28,15,12,0,0
19,3.0,0.3,1529.55078125,1334.2781982421875,89,201,4456,570,201,0,48,29,12,0,0
20,3.0,0.2,1371.5498046875,1176.2593994140625,59,204,4539,565,204,0,32,15,12,0,0
21,3.0,0.2,1400.263671875,1230.358154296875,59,204,4607,559,204,0,32,15,12,0,0
22,3.0,0.3,1424.0361328125,1247.9437255859375,59,202,4508,583,202,0,32,15,12,0,0
23,3.0,0.1,1185.9322509765625,1019.591796875,55,202,4592,556,202,0,28,15,12,0,0
24,3.0,0.4,1379.4267578125,1249.3433837890625,55,206,4617,552,206,0,28,15,12,0,0
25,3.0,0.4,1380.5972900390625,1199.797607421875,59,202,4535,568,202,0,32,15,12,0,0
26,3.0,0.4,1219.4256591796875,1088.4366455078125,64,203,4497,524,203,0,29,23,12,0,0
27,3.0,0.1,1352.9451904296875,1196.3892822265625,59,202,4432,571,202,0,32,15,12,0,0
28,3.0,0.2,1253.4796142578125,1172.3427734375,74,235,5112,561,235,0,16,46,12,0,0
29,3.0,0.3,1326.6185302734375,1215.2005615234375,66,205,4516,568,205,0,29,25,12,0,0
30,3.0,0.4,1411.38134765625,1207.2001953125,91,206,4585,553,206,0,32,47,12,0,0
31,3.0,0.4,1437.8446044921875,1237.65869140625,55,202,4528,571,202,0,28,15,12,0,0
32,3.0,0.3,1321.855224609375,1146.52880859375,59,201,4381,555,201,0,32,15,12,0,0
33,3.0,0.2,1358.0950927734375,1161.93896484375,55,229,4995,565,229,0,28,15,12,0,0
34,3.0,0.3,1433.5631103515625,1256.046875,55,213,4723,586,213,0,28,15,12,0,0
35,3.0,0.3,1406.85986328125,1220.61328125,59,201,4637,581,201,0,32,15,12,0,0
36,3.0,0.6,1193.205078125,1070.7015380859375,55,213,4793,579,213,0,28,15,12,0,0
37,3.0,0.1,1413.757080078125,1227.149169921875,59,201,4481,567,201,0,32,15,12,0,0
38,3.0,0.3,1351.507080078125,1240.6763916015625,73,201,4504,585,201,0,32,29,12,0,0
39,3.0,0.3,1354.96142578125,1166.3876953125,59,208,4684,597,208,0,32,15,12,0,0
40,3.0,0.2,1463.20654296875,1229.692138671875,59,203,4506,589,203,0,32,15,12,0,0
41,3.0,0.2,1368.907470703125,1171.498779296875,59,204,4625,580,204,0,32,15,12,0,0
42,3.0,0.3,1256.2886962890625,1114.7911376953125,59,201,4479,565,201,0,32,15,12,0,0
43,3.0,0.3,1310.0589599609375,1134.701171875,55,200,4664,579,200,0,28,15,12,0,0
44,3.0,0.4,1416.9073486328125,1235.501220703125,51,206,4578,587,206,0,2,37,12,0,0
45,3.0,0.2,1415.57958984375,1292.176025390625,55,202,4540,610,202,0,28,15,12,0,0
46,3.0,0.3,1311.360107421875,1254.660400390625,75,201,4566,573,201,0,32,31,12,0,0
47,3.0,0.2,1341.9642333984375,1145.3277587890625,55,200,4556,579,200,0,28,15,12,0,0
48,3.0,0.3,1388.978759765625,1201.803466796875,55,204,4513,571,204,0,28,15,12,0,0
49,3.0,0.2,1325.425537109375,1239.4422607421875,59,202,4583,586,202,0,16,31,12,0,0
50,3.0,0.3,1409.1461181640625,1220.758544921875,59,201,4530,544,201,0,32,15,12,0,0
51,3.0,0.5,1304.4373779296875,1168.425537109375,57,202,4488,560,202,0,16,29,12,0,0
52,3.0,0.2,1358.681640625,1173.111572265625,59,204,4610,602,204,0,32,15,12,0,0
53,3.0,0.0,1373.386474609375,1220.94189453125,59,203,4616,611,203,0,32,15,12,0,0
54,3.0,0.4,1455.4498291015625,1250.8087158203125,59,203,4456,581,203,0,32,15,12,0,0
55,3.0,0.3,1498.9974365234375,1280.1087646484375,59,236,5056,542,236,0,32,15,12,0,0
56,3.0,0.2,1355.026123046875,1170.3316650390625,55,226,4841,546,226,0,28,15,12,0,0
57,3.0,0.4,1365.2474365234375,1185.7969970703125,59,201,4512,581,201,0,32,15,12,0,0
58,3.0,0.5,1262.821044921875,1070.32763671875,59,207,4634,530,207,0,32,15,12,0,0
59,3.0,0.4,1339.3636474609375,1161.1595458984375,59,203,4516,592,203,0,32,15,12,0,0
60,3.0,0.1,1365.160888671875,1168.3369140625,59,208,4746,626,208,0,32,15,12,0,0
61,3.0,0.3,1371.7408447265625,1207.644775390625,55,209,4617,603,209,0,28,15,12,0,0
62,3.0,0.3,1566.607421875,1365.628173828125,59,204,4494,602,204,0,32,15,12,0,0
63,3.0,0.2,1416.1053466796875,1283.92578125,55,206,4538,624,206,0,28,15,12,0,0
64,3.0,0.4,1330.1593017578125,1246.8258056640625,57,201,4478,573,201,0,16,29,12,0,0
65,3.0,0.4,1483.8587646484375,1284.3970947265625,59,203,4577,566,203,0,32,15,12,0,0
66,3.0,0.6,1406.2542724609375,1253.9818115234375,55,201,4518,610,201,0,28,15,12,0,0
67,3.0,0.4,1308.1162109375,1219.88720703125,59,205,4551,595,205,0,16,31,12,0,0
68,3.0,0.1,1341.548583984375,1126.2479248046875,55,201,4615,549,201,0,28,15,12,0,0
69,3.0,0.4,1452.006591796875,1248.548583984375,55,206,4646,534,206,0,28,15,12,0,0
70,3.0,0.3,1376.1007080078125,1248.3375244140625,57,205,4687,600,205,0,16,29,12,0,0
71,3.0,0.3,1457.2979736328125,1259.5103759765625,55,200,4541,548,200,0,28,15,12,0,0
72,3.0,0.3,1369.61572265625,1173.074462890625,59,210,4887,581,210,0,32,15,12,0,0
73,3.0,0.4,1308.2396240234375,1119.8994140625,55,204,4627,539,204,0,28,15,12,0,0
74,3.0,0.1,1289.5924072265625,1097.766845703125,55,220,4793,589,220,0,28,15,12,0,0
75,3.0,0.3,1376.2069091796875,1186.1942138671875,55,214,4822,540,214,0,28,15,12,0,0
76,3.0,0.3,1361.7728271484375,1185.7584228515625,59,207,4595,564,207,0,32,15,12,0,0
77,3.0,0.3,1389.3277587890625,1237.787353515625,55,201,4456,570,201,0,28,15,12,0,0
78,3.0,0.2,1354.7691650390625,1194.1689453125,55,223,4901,577,223,0,28,15,12,0,0
79,3.0,0.3,1480.472900390625,1242.308349609375,59,201,4482,589,201,0,32,15,12,0,0
80,3.0,0.2,1453.2999267578125,1240.977294921875,55,208,4584,519,208,0,28,15,12,0,0
81,3.0,0.5,1403.9521484375,1256.83984375,55,218,4894,595,218,0,28,15,12,0,0
82,3.0,0.5,1444.3804931640625,1220.60546875,59,201,4510,545,201,0,32,15,12,0,0
83,3.0,0.1,1370.4237060546875,1191.7935791015625,59,206,4506,566,206,0,32,15,12,0,0
84,3.0,0.2,1333.5936279296875,1215.8753662109375,89,202,4598,596,202,0,48,29,12,0,0
85,3.0,0.3,1393.635498046875,1228.8193359375,89,201,4533,548,201,0,48,29,12,0,0
86,3.0,0.2,1416.955810546875,1220.904052734375,55,201,4539,545,201,0,28,15,12,0,0
87,3.0,0.5,1423.70166015625,1187.8297119140625,55,201,4630,580,201,0,28,15,12,0,0
88,3.0,0.4,1556.9552001953125,1364.43896484375,59,205,4632,602,205,0,32,15,12,0,0
89,3.0,0.4,1307.3917236328125,1117.233642578125,59,202,4516,555,202,0,32,15,12,0,0
90,3.0,0.2,1424.9681396484375,1261.189208984375,55,201,4444,557,201,0,28,15,12,0,0
91,3.0,0.1,1456.9422607421875,1265.07080078125,59,202,4527,601,202,0,32,15,12,0,0
92,3.0,0.2,1266.55859375,1103.95361328125,55,203,4626,550,203,0,28,15,12,0,0
93,3.0,0.3,1323.4420166015625,1120.2584228515625,105,201,4542,545,201,0,64,29,12,0,0
94,3.0,0.4,1363.26806640625,1181.6630859375,55,210,4646,538,210,0,28,15,12,0,0
95,3.0,0.3,1325.63427734375,1135.77880859375,55,202,4528,538,202,0,28,15,12,0,0
96,3.0,0.2,1279.13134765625,1065.302978515625,59,208,4709,586,208,0,32,15,12,0,0
97,3.0,0.2,1439.96142578125,1253.8077392578125,59,230,4980,561,230,0,32,15,12,0,0
98,3.0,0.2,1394.6180419921875,1205.9571533203125,89,200,4511,613,200,0,48,29,12,0,0
99,3.0,0.2,1409.8494873046875,1198.8927001953125,55,201,4644,583,201,0,28,15,12,0,0
100,3.0,0.4,1438.2176513671875,1287.7821044921875,59,201,4443,549,201,0,32,15,12,0,0
101,3.0,0.5,1442.8621826171875,1244.1663818359375,55,202,4582,552,202,0,28,15,12,0,0
102,3.0,0.3,1356.0543212890625,1202.2991943359375,59,202,4644,569,202,0,32,15,12,0,0
103,3.0,0.4,1444.5908203125,1185.093017578125,55,203,4558,594,203,0,28,15,12,0,0
104,3.0,0.3,1300.368408203125,1151.839111328125,59,206,4616,559,206,0,32,15,12,0,0
105,3.0,0.2,1400.9613037109375,1210.73193359375,59,201,4374,565,201,0,32,15,12,0,0
106,3.0,0.5,1433.09765625,1223.3406982421875,59,201,4472,613,201,0,32,15,12,0,0
107,3.0,0.1,1381.117431640625,1200.736083984375,59,202,4638,524,202,0,32,15,12,0,0
108,3.0,0.4,1347.0819091796875,1172.7486572265625,55,211,4675,556,211,0,28,15,12,0,0
109,3.0,0.3,1324.526123046875,1156.3572998046875,59,203,4570,569,203,0,32,15,12,0,0
110,3.0,0.6,1327.836669921875,1113.0989990234375,55,210,4683,520,210,0,28,15,12,0,0
111,3.0,0.1,1418.548095703125,1322.07666015625,59,212,4772,584,212,0,16,31,12,0,0
112,3.0,0.3,1378.3470458984375,1155.87548828125,55,201,4545,540,201,0,28,15,12,0,0
113,3.0,0.4,1460.362548828125,1217.8428955078125,55,200,4523,575,200,0,28,15,12,0,0
114,3.0,0.3,1283.261474609375,1119.8232421875,59,202,4583,586,202,0,32,15,12,0,0
115,3.0,0.4,1318.15478515625,1177.9749755859375,80,205,4589,557,205,0,45,23,12,0,0
116,3.0,0.3,1418.45263671875,1237.0125732421875,89,209,4612,588,209,0,48,29,12,0,0
117,3.0,0.2,1420.05859375,1260.5281982421875,59,235,5249,588,235,0,32,15,12,0,0
118,3.0,0.2,1483.2943115234375,1316.922607421875,89,203,4528,554,203,0,48,29,12,0,0
119,3.0,0.4,1324.314453125,1143.856689453125,55,201,4594,546,201,0,28,15,12,0,0
120,3.0,0.3,1265.40771484375,1096.1063232421875,59,201,4543,526,201,0,32,15,12,0,0
121,3.0,0.3,1434.058349609375,1273.3507080078125,55,201,4318,565,201,0,28,15,12,0,0
122,3.0,0.2,1330.1063232421875,1154.7081298828125,55,211,4683,574,211,0,28,15,12,0,0
123,3.0,0.1,1368.104736328125,1247.6947021484375,91,201,4569,568,201,0,48,31,12,0,0
124,3.0,0.4,1323.517578125,1208.361083984375,59,201,4683,562,201,0,16,31,12,0,0
125,3.0,0.1,1353.552001953125,1162.552001953125,89,200,4537,557,200,0,48,29,12,0,0
126,3.0,0.3,1420.491943359375,1302.7789306640625,59,201,4597,564,201,0,32,15,12,0,0
127,3.0,0.2,1317.42431640625,1146.3756103515625,59,202,4494,568,202,0,32,15,12,0,0
128,3.0,0.0,1379.5074462890625,1214.5947265625,59,206,4642,590,206,0,32,15,12,0,0
129,3.0,0.7,1342.5076904296875,1174.0306396484375,55,209,4802,596,209,0,28,15,12,0,0
130,3.0,0.2,1485.826416015625,1287.213623046875,55,214,4683,575,214,0,28,15,12,0,0
131,3.0,0.2,1399.322998046875,1182.6842041015625,89,202,4475,577,202,0,48,29,12,0,0
132,3.0,0.4,1323.08447265625,1197.1243896484375,55,203,4525,569,203,0,28,15,12,0,0
133,3.0,0.3,1397.0513916015625,1199.839599609375,55,212,4604,565,212,0,28,15,12,0,0
134,3.0,0.4,1320.9586181640625,1200.89794921875,59,204,4597,571,204,0,32,15,12,0,0
135,3.0,0.3,1322.061767578125,1153.08251953125,55,224,5077,580,224,0,28,15,12,0,0
136,3.0,0.4,1412.6414794921875,1200.5469970703125,55,202,4468,563,202,0,28,15,12,0,0
137,3.0,0.2,1272.485595703125,1102.9622802734375,59,207,4612,561,207,0,32,15,12,0,0
138,3.0,0.4,1363.33984375,1177.6806640625,55,200,4414,542,200,0,28,15,12,0,0
139,3.0,0.3,1232.133544921875,1086.98193359375,57,202,4583,616,202,0,16,29,12,0,0
140,3.0,0.5,1261.2041015625,1129.33349609375,73,213,4742,569,213,0,32,29,12,0,0
141,3.0,0.3,1401.9085693359375,1261.0009765625,57,203,4602,584,203,0,16,29,12,0,0
142,3.0,0.3,1369.2611083984375,1169.19287109375,55,212,4665,584,212,0,28,15,12,0,0
143,3.0,0.2,1318.5982666015625,1142.0850830078125,59,201,4495,588,201,0,32,15,12,0,0
144,3.0,0.3,1431.5535888671875,1190.272705078125,59,203,4498,540,203,0,32,15,12,0,0
145,3.0,0.3,1471.8900146484375,1325.4168701171875,89,200,4391,588,200,0,48,29,12,0,0
146,3.0,0.1,1257.053466796875,1097.1805419921875,59,224,4942,570,224,0,32,15,12,0,0
147,3.0,0.3,1391.8472900390625,1225.0396728515625,89,205,4678,580,205,0,48,29,12,0,0
148,3.0,0.3,1261.1512451171875,1112.891845703125,59,218,4947,582,218,0,32,15,12,0,0
149,3.0,0.3,1400.5738525390625,1252.0,55,231,4981,570,231,0,28,15,12,0,0
150,3.0,0.3,1333.521484375,1161.549072265625,59,206,4611,578,206,0,32,15,12,0,0
151,3.0,0.4,1482.171142578125,1300.5390625,55,200,4552,546,200,0,28,15,12,0,0
152,3.0,0.2,1468.7227783203125,1298.22900390625,55,215,4752,581,215,0,28,15,12,0,0
153,3.0,0.6,1362.247314453125,1149.0496826171875,59,214,4836,605,214,0,32,15,12,0,0
154,3.0,0.1,1517.1241455078125,1304.0009765625,96,200,4453,558,200,0,61,23,12,0,0
155,3.0,0.2,1348.9693603515625,1228.6934814453125,55,211,4674,577,211,0,28,15,12,0,0
156,3.0,0.2,1348.1119384765625,1205.3359375,59,221,4976,552,221,0,32,15,12,0,0
157,3.0,0.4,1470.352294921875,1258.505615234375,59,202,4520,571,202,0,32,15,12,0,0
158,3.0,0.3,1280.5570068359375,1179.5213623046875,57,209,4752,597,209,0,16,29,12,0,0
159,3.0,0.6,1273.1832275390625,1123.78662109375,59,200,4370,567,200,0,32,15,12,0,0
160,3.0,0.4,1350.7015380859375,1176.382080078125,89,201,4594,572,201,0,48,29,12,0,0
161,3.0,0.2,1438.2933349609375,1309.88330078125,89,202,4548,578,202,0,48,29,12,0,0
162,3.0,0.3,1321.04296875,1145.571044921875,59,212,4732,566,212,0,32,15,12,0,0
163,3.0,0.3,1246.3099365234375,1085.982666015625,59,209,4655,576,209,0,32,15,12,0,0
164,3.0,0.3,1422.39501953125,1183.061767578125,59,206,4598,567,206,0,32,15,12,0,0
165,3.0,0.3,1303.51416015625,1153.05615234375,59,209,4579,554,209,0,32,15,12,0,0
166,3.0,0.1,1407.156982421875,1170.9033203125,55,209,4712,598,209,0,28,15,12,0,0
167,3.0,0.3,1291.24169921875,1128.5054931640625,59,208,4622,591,208,0,32,15,12,0,0
168,3.0,0.5,1232.326416015625,1036.9755859375,55,202,4574,536,202,0,28,15,12,0,0
169,3.0,0.3,1446.1412353515625,1342.2965087890625,59,226,5083,593,226,0,16,31,12,0,0
170,3.0,0.3,1486.146728515625,1317.9349365234375,59,211,4587,567,211,0,32,15,12,0,0
171,3.0,0.1,1363.7142333984375,1197.7586669921875,59,209,4653,550,209,0,32,15,12,0,0
172,3.0,0.4,1302.703369140625,1170.1448974609375,59,203,4603,543,203,0,32,15,12,0,0
173,3.0,0.1,1446.4422607421875,1244.088623046875,55,217,4845,645,217,0,28,15,12,0,0
174,3.0,0.1,1365.1719970703125,1192.9730224609375,59,207,4633,596,207,0,32,15,12,0,0
175,3.0,0.2,1316.619384765625,1148.9410400390625,55,219,5105,568,219,0,28,15,12,0,0
176,3.0,0.3,1371.4417724609375,1239.021240234375,57,202,4565,559,202,0,16,29,12,0,0
177,3.0,0.1,1452.4429931640625,1307.6783447265625,89,206,4694,598,206,0,48,29,12,0,0
178,3.0,0.3,1404.776611328125,1237.2177734375,55,206,4647,596,206,0,28,15,12,0,0
179,3.0,0.2,1533.2764892578125,1338.8853759765625,55,204,4443,580,204,0,28,15,12,0,0
180,3.0,0.3,1479.805419921875,1263.499267578125,55,204,4531,545,204,0,28,15,12,0,0
181,3.0,0.1,1300.40869140625,1113.582275390625,55,203,4574,594,203,0,28,15,12,0,0
182,3.0,0.2,1393.055419921875,1230.4259033203125,59,202,4557,565,202,0,32,15,12,0,0
183,3.0,0.2,1468.76171875,1286.5927734375,55,207,4687,554,207,0,28,15,12,0,0
184,3.0,0.1,1354.0535888671875,1190.122802734375,59,204,4518,570,204,0,32,15,12,0,0
185,3.0,0.3,1269.730712890625,1139.89306640625,59,202,4533,593,202,0,32,15,12,0,0
186,3.0,0.2,1317.4110107421875,1158.3485107421875,55,209,4646,579,209,0,28,15,12,0,0
187,3.0,0.1,1256.233154296875,1132.32373046875,59,219,4902,547,219,0,32,15,12,0,0
188,3.0,0.4,1312.04443359375,1114.5811767578125,59,217,4793,560,217,0,32,15,12,0,0
189,3.0,0.3,1458.49560546875,1268.3858642578125,59,202,4458,553,202,0,32,15,12,0,0
190,3.0,0.4,1306.601806640625,1146.7640380859375,59,203,4486,572,203,0,32,15,12,0,0
191,3.0,0.3,1380.1939697265625,1228.591796875,55,200,4466,561,200,0,28,15,12,0,0
192,3.0,0.2,1503.49853515625,1335.3115234375,59,206,4555,541,206,0,32,15,12,0,0
193,3.0,0.3,1233.7386474609375,1102.87744140625,55,204,4645,621,204,0,28,15,12,0,0
194,3.0,0.4,1273.87158203125,1100.2520751953125,59,201,4558,549,201,0,32,15,12,0,0
195,3.0,0.2,1577.5185546875,1462.241455078125,75,201,4459,601,201,0,32,31,12,0,0
196,3.0,0.4,1385.8048095703125,1219.0714111328125,89,210,4641,570,210,0,48,29,12,0,0
197,3.0,0.5,1233.9158935546875,1164.5396728515625,57,203,4507,600,203,0,16,29,12,0,0
198,3.0,0.4,1275.376953125,1124.919677734375,55,205,4638,559,205,0,28,15,12,0,0
199,3.0,0.2,1330.0435791015625,1170.2852783203125,59,203,4547,572,203,0,32,15,12,0,0
0,5.0,0.1,3328.41259765625,3137.06591796875,68,207,4415,615,207,0,10,46,12,0,0
1,5.0,0.1,3504.39208984375,3189.302490234375,59,202,4496,543,202,0,32,15,12,0,0
2,5.0,0.2,3523.13720703125,3204.714111328125,55,205,4532,605,205,0,28,15,12,0,0
3,5.0,0.3,3579.5498046875,3248.0625,59,201,4338,561,201,0,32,15,12,0,0
4,5.0,0.0,3567.87060546875,3316.100341796875,89,204,4459,565,204,0,48,29,12,0,0
5,5.0,0.1,3381.3779296875,3109.60205078125,59,211,4585,591,211,0,32,15,12,0,0
6,5.0,0.2,3388.39208984375,3120.092041015625,89,200,4531,597,200,0,48,29,12,0,0
7,5.0,0.3,3400.670166015625,3153.158447265625,89,201,4394,579,201,0,48,29,12,0,0
8,5.0,0.2,3422.213623046875,3119.976806640625,59,201,4423,532,201,0,32,15,12,0,0
9,5.0,0.2,3293.18408203125,2991.776123046875,55,201,4354,563,201,0,28,15,12,0,0
10,5.0,0.2,3334.938720703125,3004.263427734375,59,203,4514,552,203,0,32,15,12,0,0
11,5.0,0.3,3246.215087890625,2987.2529296875,59,201,4355,555,201,0,32,15,12,0,0
12,5.0,0.1,3359.00634765625,3094.490478515625,59,201,4340,564,201,0,32,15,12,0,0
13,5.0,0.3,3369.2353515625,3083.919921875,55,219,4733,617,219,0,28,15,12,0,0
14,5.0,0.2,3389.189697265625,3148.44970703125,55,204,4454,560,204,0,28,15,12,0,0
15,5.0,0.2,3556.112548828125,3403.4833984375,57,225,4827,599,225,0,16,29,12,0,0
16,5.0,0.1,3549.551513671875,3329.283935546875,59,201,4302,599,201,0,32,15,12,0,0
17,5.0,0.1,3398.428955078125,3261.001220703125,57,205,4500,574,205,0,16,29,12,0,0
18,5.0,0.3,3317.85546875,3057.869384765625,89,204,4537,543,204,0,48,29,12,0,0
19,5.0,0.2,3404.26220703125,3147.255126953125,55,201,4416,571,201,0,28,15,12,0,0
20,5.0,0.2,3490.77783203125,3166.4873046875,55,201,4349,582,201,0,28,15,12,0,0
21,5.0,0.1,3577.92919921875,3254.482666015625,59,204,4554,558,204,0,32,15,12,0,0
22,5.0,0.1,3585.7158203125,3377.528076171875,89,212,4711,574,212,0,48,29,12,0,0
23,5.0,0.3,3392.798828125,3100.590087890625,59,207,4497,574,207,0,32,15,12,0,0
24,5.0,0.1,3293.889892578125,3027.483642578125,55,201,4331,564,201,0,28,15,12,0,0
25,5.0,0.5,3442.292724609375,3179.070556640625,55,203,4510,584,203,0,28,15,12,0,0
26,5.0,0.2,3327.00732421875,3027.193603515625,55,202,4353,543,202,0,28,15,12,0,0
27,5.0,0.2,3319.39111328125,3027.5634765625,59,202,4442,608,202,0,32,15,12,0,0
28,5.0,0.3,3244.697998046875,2954.11767578125,55,201,4372,564,201,0,28,15,12,0,0
29,5.0,0.2,3429.219482421875,3184.70849609375,59,201,4415,606,201,0,32,15,12,0,0
30,5.0,0.2,3529.896240234375,3254.629638671875,55,204,4533,585,204,0,28,15,12,0,0
31,5.0,0.1,3328.9990234375,3030.912353515625,59,202,4385,581,202,0,32,15,12,0,0
32,5.0,0.2,3345.861328125,3056.042236328125,59,204,4482,581,204,0,32,15,12,0,0
33,5.0,0.3,3343.283447265625,3077.884033203125,89,203,4542,579,203,0,48,29,12,0,0
34,5.0,0.3,3343.811767578125,3081.6171875,55,204,4618,577,204,0,28,15,12,0,0
35,5.0,0.1,3196.290283203125,2897.761962890625,55,206,4531,590,206,0,28,15,12,0,0
36,5.0,0.2,3289.74267578125,3022.95263671875,55,202,4437,568,202,0,28,15,12,0,0
37,5.0,0.2,3527.1533203125,3228.49755859375,55,202,4556,556,202,0,28,15,12,0,0
38,5.0,0.4,3678.915283203125,3375.872314453125,55,202,4472,553,202,0,28,15,12,0,0
39,5.0,0.4,3355.245849609375,3007.5244140625,59,219,4776,607,219,0,32,15,12,0,0
40,5.0,0.2,3460.270263671875,3188.461181640625,59,203,4499,559,203,0,32,15,12,0,0
41,5.0,0.4,3325.72021484375,3052.256103515625,89,218,4769,650,218,0,48,29,12,0,0
42,5.0,0.1,3168.599365234375,2909.1298828125,55,210,4549,583,210,0,28,15,12,0,0
43,5.0,0.3,3312.720458984375,3078.125732421875,55,209,4571,562,209,0,28,15,12,0,0
44,5.0,0.4,3298.53564453125,3000.086181640625,59,204,4421,565,204,0,32,15,12,0,0
45,5.0,0.3,3257.877197265625,3012.139892578125,55,206,4460,588,206,0,28,15,12,0,0
46,5.0,0.1,3330.9912109375,3033.031005859375,59,203,4396,583,203,0,32,15,12,0,0
47,5.0,0.1,3434.539306640625,3123.54052734375,55,200,4404,548,200,0,28,15,12,0,0
48,5.0,0.1,3367.517333984375,3141.21630859375,55,204,4569,552,204,0,28,15,12,0,0
49,5.0,0.3,3521.987060546875,3211.267333984375,55,200,4362,572,200,0,28,15,12,0,0
50,5.0,0.2,3422.986083984375,3141.259033203125,59,202,4387,599,202,0,32,15,12,0,0
51,5.0,0.1,3309.4150390625,3056.272216796875,59,206,4526,577,206,0,32,15,12,0,0
52,5.0,0.3,3391.68310546875,3138.07275390625,55,215,4615,614,215,0,28,15,12,0,0
53,5.0,0.3,3327.296630859375,3018.586181640625,59,204,4527,559,204,0,32,15,12,0,0
54,5.0,0.2,3389.6328125,3107.87744140625,55,203,4504,574,203,0,28,15,12,0,0
55,5.0,0.1,3524.859130859375,3299.614990234375,59,227,4954,604,227,0,32,15,12,0,0
56,5.0,0.2,3319.713623046875,3021.604736328125,55,201,4412,552,201,0,28,15,12,0,0
57,5.0,0.1,3349.859130859375,3121.13037109375,89,206,4506,573,206,0,48,29,12,0,0
58,5.0,0.3,3411.6220703125,3144.319580078125,55,202,4414,556,202,0,28,15,12,0,0
59,5.0,0.3,3509.536376953125,3203.268310546875,55,202,4473,572,202,0,28,15,12,0,0
60,5.0,0.1,3489.560791015625,3215.771728515625,55,202,4453,634,202,0,28,15,12,0,0
61,5.0,0.3,3397.012451171875,3094.619384765625,55,211,4561,599,211,0,28,15,12,0,0
62,5.0,0.2,3471.041259765625,3202.628662109375,55,200,4461,574,200,0,28,15,12,0,0
63,5.0,0.3,3264.18603515625,2961.224853515625,59,206,4496,561,206,0,32,15,12,0,0
64,5.0,0.1,3344.6328125,3063.78955078125,59,202,4459,595,202,0,32,15,12,0,0
65,5.0,0.1,3426.3046875,3149.5205078125,59,232,4860,563,232,0,32,15,12,0,0
66,5.0,0.1,3368.41064453125,3145.656494140625,59,203,4483,586,203,0,32,15,12,0,0
67,5.0,0.1,3568.412109375,3241.08984375,59,202,4455,597,202,0,32,15,12,0,0
68,5.0,0.1,3415.79052734375,3133.864990234375,59,207,4476,569,207,0,32,15,12,0,0
69,5.0,0.2,3243.455322265625,2959.567138671875,55,208,4578,602,208,0,28,15,12,0,0
70,5.0,0.1,3463.26123046875,3199.138916015625,55,201,4458,548,201,0,28,15,12,0,0
71,5.0,0.3,3218.669189453125,2979.451904296875,59,211,4583,575,211,0,32,15,12,0,0
72,5.0,0.1,3242.555908203125,2946.0205078125,59,204,4484,625,204,0,32,15,12,0,0
73,5.0,0.4,3419.779541015625,3150.48046875,55,201,4492,534,201,0,28,15,12,0,0
74,5.0,0.1,3503.970703125,3222.712890625,55,200,4403,556,200,0,28,15,12,0,0
75,5.0,0.2,3226.34521484375,3002.944580078125,59,210,4473,561,210,0,32,15,12,0,0
76,5.0,0.0,3294.416748046875,3020.200927734375,59,202,4492,604,202,0,32,15,12,0,0
77,5.0,0.3,3271.2109375,3030.19921875,55,201,4561,579,201,0,28,15,12,0,0
78,5.0,0.2,3460.505126953125,3167.063232421875,59,205,4456,554,205,0,32,15,12,0,0
79,5.0,0.3,3366.373046875,3066.1748046875,55,202,4491,570,202,0,28,15,12,0,0
80,5.0,0.2,3419.051025390625,3100.550537109375,55,200,4341,549,200,0,28,15,12,0,0
81,5.0,0.0,3444.92041015625,3204.0166015625,59,205,4383,586,205,0,32,15,12,0,0
82,5.0,0.2,3604.240478515625,3269.5322265625,55,209,4557,575,209,0,28,15,12,0,0
83,5.0,0.1,3503.71533203125,3221.814208984375,55,208,4532,611,208,0,28,15,12,0,0
84,5.0,0.0,3590.614501953125,3282.249267578125,59,201,4406,580,201,0,32,15,12,0,0
85,5.0,0.1,3415.380126953125,3165.762939453125,55,221,4687,548,221,0,28,15,12,0,0
86,5.0,0.1,3152.27490234375,2898.502197265625,55,205,4556,572,205,0,28,15,12,0,0
87,5.0,0.1,3415.68994140625,3159.183349609375,55,205,4573,578,205,0,28,15,12,0,0
88,5.0,0.2,3307.3916015625,3087.260986328125,59,201,4441,577,201,0,32,15,12,0,0
89,5.0,0.2,3363.85546875,3040.981689453125,55,200,4326,558,200,0,28,15,12,0,0
90,5.0,0.1,3033.194580078125,2794.289306640625,55,208,4595,606,208,0,28,15,12,0,0
91,5.0,0.2,3324.574951171875,3036.591552734375,55,211,4663,591,211,0,28,15,12,0,0
92,5.0,0.5,3410.342529296875,3106.661376953125,55,205,4405,576,205,0,28,15,12,0,0
93,5.0,0.1,3398.30029296875,3089.567138671875,55,206,4519,590,206,0,28,15,12,0,0
94,5.0,0.1,3480.444091796875,3189.653076171875,59,220,4674,561,220,0,32,15,12,0,0
95,5.0,0.2,3448.654296875,3149.000732421875,59,213,4684,595,213,0,32,15,12,0,0
96,5.0,0.2,3355.365966796875,3042.750732421875,55,215,4708,566,215,0,28,15,12,0,0
97,5.0,0.1,3492.65283203125,3227.458251953125,59,219,4742,580,219,0,32,15,12,0,0
98,5.0,0.0,3379.77587890625,3070.276123046875,59,216,4633,568,216,0,32,15,12,0,0
99,5.0,0.4,3330.577880859375,3057.24658203125,55,202,4436,557,202,0,28,15,12,0,0
100,5.0,0.2,3390.828369140625,3132.7626953125,59,203,4518,541,203,0,32,15,12,0,0
101,5.0,0.1,3318.919677734375,3087.561279296875,55,203,4392,570,203,0,28,15,12,0,0
102,5.0,0.1,3259.281005859375,2975.67919921875,55,212,4633,604,212,0,28,15,12,0,0
103,5.0,0.2,3436.41796875,3146.420654296875,55,207,4455,554,207,0,28,15,12,0,0
104,5.0,0.2,3465.99267578125,3174.3662109375,55,204,4531,586,204,0,28,15,12,0,0
105,5.0,0.3,3357.524169921875,3057.25390625,59,208,4430,538,208,0,32,15,12,0,0
106,5.0,0.1,3329.19189453125,2995.116455078125,55,202,4512,550,202,0,28,15,12,0,0
107,5.0,0.0,3242.159423828125,2948.225341796875,55,215,4668,559,215,0,28,15,12,0,0
108,5.0,0.2,3360.927734375,3097.70849609375,55,204,4466,567,204,0,28,15,12,0,0
109,5.0,0.2,3401.728759765625,3094.513427734375,59,205,4436,604,205,0,32,15,12,0,0
110,5.0,0.2,3416.38037109375,3151.111572265625,55,224,4933,575,224,0,28,15,12,0,0
111,5.0,0.1,3443.698974609375,3215.275390625,55,210,4526,553,210,0,28,15,12,0,0
112,5.0,0.2,3513.897705078125,3257.400390625,59,209,4609,587,209,0,32,15,12,0,0
113,5.0,0.1,3430.322021484375,3128.835205078125,59,208,4498,573,208,0,32,15,12,0,0
114,5.0,0.3,3226.513427734375,2919.80810546875,55,201,4287,571,201,0,28,15,12,0,0
115,5.0,0.1,3328.52001953125,3036.939453125,59,202,4347,579,202,0,32,15,12,0,0
116,5.0,0.0,3591.805419921875,3244.614501953125,59,201,4299,568,201,0,32,15,12,0,0
117,5.0,0.2,3241.94775390625,2970.841796875,59,205,4582,548,205,0,32,15,12,0,0
118,5.0,0.2,3396.30126953125,3076.990478515625,59,203,4512,559,203,0,32,15,12,0,0
119,5.0,0.1,3444.400146484375,3165.833740234375,59,201,4385,598,201,0,32,15,12,0,0
120,5.0,0.3,3155.411376953125,2872.336669921875,55,204,4522,594,204,0,28,15,12,0,0
121,5.0,0.2,3434.05908203125,3147.9560546875,59,201,4426,569,201,0,32,15,12,0,0
122,5.0,0.1,3363.87158203125,3086.038330078125,55,205,4462,597,205,0,28,15,12,0,0
123,5.0,0.4,3463.811767578125,3154.815185546875,55,214,4642,622,214,0,28,15,12,0,0
124,5.0,0.3,3417.655517578125,3180.1240234375,89,213,4547,620,213,0,48,29,12,0,0
125,5.0,0.3,3286.5322265625,3021.656005859375,55,210,4687,604,210,0,28,15,12,0,0
126,5.0,0.2,3310.286865234375,3050.28515625,55,208,4502,603,208,0,28,15,12,0,0
127,5.0,0.2,3431.210693359375,3182.169921875,55,205,4516,568,205,0,28,15,12,0,0
128,5.0,0.2,3432.90625,3122.172119140625,59,217,4787,558,217,0,32,15,12,0,0
129,5.0,0.3,3233.62939453125,2983.824462890625,55,208,4549,554,208,0,28,15,12,0,0
130,5.0,0.2,3534.27880859375,3196.681884765625,55,215,4623,603,215,0,28,15,12,0,0
131,5.0,0.1,3344.80517578125,3052.177734375,55,200,4393,567,200,0,28,15,12,0,0
132,5.0,0.1,3445.30224609375,3296.615478515625,57,219,4762,591,219,0,16,29,12,0,0
133,5.0,0.2,3394.239013671875,3079.486328125,59,204,4486,585,204,0,32,15,12,0,0
134,5.0,0.1,3318.915771484375,3013.6240234375,55,202,4533,564,202,0,28,15,12,0,0
135,5.0,0.3,3311.884033203125,3061.203125,55,213,4737,578,213,0,28,15,12,0,0
136,5.0,0.2,3501.337646484375,3224.893310546875,59,201,4335,582,201,0,32,15,12,0,0
137,5.0,0.2,3449.6787109375,3158.054443359375,55,205,4490,564,205,0,28,15,12,0,0
138,5.0,0.1,3496.37451171875,3216.410400390625,59,217,4596,559,217,0,32,15,12,0,0
139,5.0,0.2,3569.48828125,3231.208984375,55,211,4703,586,211,0,28,15,12,0,0
140,5.0,0.3,3401.11572265625,3220.07763671875,57,213,4669,555,213,0,16,29,12,0,0
141,5.0,0.2,3393.8349609375,3096.727783203125,59,202,4341,575,202,0,32,15,12,0,0
142,5.0,0.5,3222.537353515625,2991.59033203125,55,201,4554,568,201,0,28,15,12,0,0
143,5.0,0.3,3337.466796875,3031.17578125,55,219,4771,578,219,0,28,15,12,0,0
144,5.0,0.2,3451.923828125,3151.4033203125,55,202,4419,586,202,0,28,15,12,0,0
145,5.0,0.3,3381.2783203125,3086.4423828125,59,215,4701,533,215,0,32,15,12,0,0
146,5.0,0.1,3328.222900390625,3045.5869140625,55,205,4488,573,205,0,28,15,12,0,0
147,5.0,0.3,3143.28369140625,2868.467529296875,55,203,4407,587,203,0,28,15,12,0,0
148,5.0,0.2,3257.651123046875,3043.843505859375,68,214,4623,590,214,0,10,46,12,0,0
149,5.0,0.4,3090.7158203125,2800.671630859375,55,206,4562,576,206,0,28,15,12,0,0
150,5.0,0.1,3365.413330078125,3119.89111328125,55,207,4538,552,207,0,28,15,12,0,0
151,5.0,0.1,3329.724853515625,3049.937255859375,55,203,4521,577,203,0,28,15,12,0,0
152,5.0,0.3,3421.43603515625,3172.5849609375,89,206,4414,575,206,0,48,29,12,0,0
153,5.0,0.2,3371.2314453125,3041.757568359375,55,205,4472,591,205,0,28,15,12,0,0
154,5.0,0.3,3341.87744140625,3036.635009765625,59,213,4613,574,213,0,32,15,12,0,0
155,5.0,0.3,3430.638916015625,3133.513671875,59,202,4374,578,202,0,32,15,12,0,0
156,5.0,0.2,3465.800048828125,3183.43603515625,55,206,4491,577,206,0,28,15,12,0,0
157,5.0,0.2,3190.14453125,2906.26025390625,59,203,4342,593,203,0,32,15,12,0,0
158,5.0,0.1,3320.126708984375,3057.5302734375,55,203,4455,581,203,0,28,15,12,0,0
159,5.0,0.0,3256.642822265625,3038.88623046875,55,206,4614,567,206,0,28,15,12,0,0
160,5.0,0.3,3229.724609375,2963.41015625,59,206,4452,581,206,0,32,15,12,0,0
161,5.0,0.0,3354.423095703125,3103.664306640625,59,217,4746,567,217,0,32,15,12,0,0
162,5.0,0.2,3499.72021484375,3288.193115234375,55,203,4349,557,203,0,28,15,12,0,0
163,5.0,0.2,3302.4091796875,3099.489990234375,59,218,4751,579,218,0,32,15,12,0,0
164,5.0,0.3,3290.285888671875,3021.36962890625,89,213,4667,588,213,0,48,29,12,0,0
165,5.0,0.2,3347.612060546875,3040.19140625,55,200,4418,565,200,0,28,15,12,0,0
166,5.0,0.2,3329.349609375,3092.719482421875,55,219,4931,577,219,0,28,15,12,0,0
167,5.0,0.3,3252.58203125,3011.3388671875,89,205,4481,561,205,0,48,29,12,0,0
168,5.0,0.3,3413.98876953125,3123.5341796875,55,208,4611,559,208,0,28,15,12,0,0
169,5.0,0.2,3060.182861328125,2772.94140625,55,203,4400,603,203,0,28,15,12,0,0
170,5.0,0.2,3423.2080078125,3090.69287109375,55,202,4407,574,202,0,28,15,12,0,0
171,5.0,0.2,3399.791748046875,3107.869384765625,59,223,4808,574,223,0,32,15,12,0,0
172,5.0,0.0,3540.1591796875,3189.261474609375,59,215,4774,559,215,0,32,15,12,0,0
173,5.0,0.1,3426.384521484375,3140.712158203125,59,203,4471,586,203,0,32,15,12,0,0
174,5.0,0.3,3371.219970703125,3072.6611328125,55,205,4548,594,205,0,28,15,12,0,0
175,5.0,0.1,3163.163330078125,2926.458984375,55,202,4488,535,202,0,28,15,12,0,0
176,5.0,0.4,3287.12744140625,3026.035888671875,55,208,4632,589,208,0,28,15,12,0,0
177,5.0,0.3,3558.348876953125,3278.317138671875,55,203,4409,568,203,0,28,15,12,0,0
178,5.0,0.3,3188.493408203125,2901.437255859375,55,203,4395,595,203,0,28,15,12,0,0
179,5.0,0.1,3213.77099609375,2918.380126953125,59,222,4867,587,222,0,32,15,12,0,0
180,5.0,0.2,3318.675048828125,3075.80859375,59,201,4442,600,201,0,32,15,12,0,0
181,5.0,0.2,3540.30322265625,3249.261474609375,55,202,4444,577,202,0,28,15,12,0,0
182,5.0,0.2,3370.961669921875,3103.5849609375,55,201,4472,558,201,0,28,15,12,0,0
183,5.0,0.2,3419.41162109375,3201.78564453125,55,205,4567,584,205,0,28,15,12,0,0
184,5.0,0.1,3304.667724609375,2969.83984375,55,209,4601,585,209,0,28,15,12,0,0
185,5.0,0.2,3548.884765625,3266.80126953125,55,206,4540,566,206,0,28,15,12,0,0
186,5.0,0.1,3541.814453125,3214.34375,55,205,4481,581,205,0,28,15,12,0,0
187,5.0,0.2,3447.10498046875,3134.59521484375,55,201,4480,576,201,0,28,15,12,0,0
188,5.0,0.1,3542.640869140625,3235.851806640625,55,200,4443,563,200,0,28,15,12,0,0
189,5.0,0.3,3430.896484375,3141.07958984375,55,206,4533,541,206,0,28,15,12,0,0
190,5.0,0.2,3567.35546875,3238.407470703125,55,217,4696,560,217,0,28,15,12,0,0
191,5.0,0.0,3440.857421875,3177.01611328125,55,203,4435,554,203,0,28,15,12,0,0
192,5.0,0.3,3429.755615234375,3090.122802734375,55,218,4742,542,218,0,28,15,12,0,0
193,5.0,0.5,3370.84130859375,3106.8505859375,59,211,4482,584,211,0,32,15,12,0,0
194,5.0,0.3,3368.451904296875,3124.133056640625,59,201,4440,552,201,0,32,15,12,0,0
195,5.0,0.2,3355.17919921875,3083.949462890625,55,203,4574,583,203,0,28,15,12,0,0
196,5.0,0.4,3339.7138671875,3087.302001953125,59,201,4413,587,201,0,32,15,12,0,0
197,5.0,0.3,3271.81396484375,2957.34423828125,55,201,4511,554,201,0,28,15,12,0,0
198,5.0,0.0,3022.0732421875,2813.85693359375,55,202,4558,598,202,0,28,15,12,0,0
199,5.0,0.2,3297.441162109375,2994.612548828125,89,200,4433,575,200,0,48,29,12,0,0
0,8.0,0.2,8627.71484375,8227.5302734375,55,216,4769,536,216,0,28,15,12,0,0
1,8.0,0.2,8279.69140625,7817.619140625,55,218,4692,593,218,0,28,15,12,0,0
2,8.0,0.2,8186.59423828125,7739.08251953125,55,201,4278,551,201,0,28,15,12,0,0
3,8.0,0.2,8511.6611328125,8099.88525390625,89,204,4332,560,204,0,48,29,12,0,0
4,8.0,0.1,8462.6904296875,7985.6640625,59,213,4561,601,213,0,32,15,12,0,0
5,8.0,0.2,8566.76953125,8100.4228515625,55,207,4400,578,207,0,28,15,12,0,0
6,8.0,0.1,8160.4755859375,7770.4365234375,89,201,4332,576,201,0,48,29,12,0,0
7,8.0,0.2,8467.62890625,7998.88427734375,55,201,4352,567,201,0,28,15,12,0,0
8,8.0,0.2,8359.2607421875,7950.98095703125,55,202,4420,582,202,0,28,15,12,0,0
9,8.0,0.1,8501.7548828125,8100.2724609375,55,205,4508,594,205,0,28,15,12,0,0
10,8.0,0.1,8163.89892578125,7650.416015625,55,203,4381,558,203,0,28,15,12,0,0
11,8.0,0.1,8662.4951171875,8198.345703125,55,206,4418,572,206,0,28,15,12,0,0
12,8.0,0.0,8378.51953125,7966.44921875,89,210,4511,554,210,0,48,29,12,0,0
13,8.0,0.3,8448.626953125,8004.4814453125,89,200,4266,573,200,0,48,29,12,0,0
14,8.0,0.1,8462.419921875,7986.56298828125,55,221,4694,568,221,0,28,15,12,0,0
15,8.0,0.2,8247.205078125,7752.7412109375,55,207,4386,564,207,0,28,15,12,0,0
16,8.0,0.0,8279.2919921875,7816.6376953125,55,201,4390,571,201,0,28,15,12,0,0
17,8.0,0.2,8413.19921875,7924.51318359375,55,201,4456,600,201,0,28,15,12,0,0
18,8.0,0.2,8419.01953125,7910.26025390625,55,206,4425,552,206,0,28,15,12,0,0
19,8.0,0.1,8465.0322265625,8044.71240234375,59,209,4492,561,209,0,32,15,12,0,0
20,8.0,0.2,8304.677734375,7816.51806640625,55,211,4505,599,211,0,28,15,12,0,0
21,8.0,0.2,8365.1513671875,7910.74462890625,59,212,4510,607,212,0,32,15,12,0,0
22,8.0,0.3,8039.962890625,7590.20458984375,55,204,4429,551,204,0,28,15,12,0,0
23,8.0,0.1,8422.3349609375,7992.37890625,55,203,4339,533,203,0,28,15,12,0,0
24,8.0,0.2,8116.05029296875,7668.76611328125,59,238,4955,575,238,0,32,15,12,0,0
25,8.0,0.0,8295.017578125,7847.50390625,55,207,4440,570,207,0,28,15,12,0,0
26,8.0,0.0,8265.6650390625,7819.63916015625,59,202,4385,595,202,0,32,15,12,0,0
27,8.0,0.2,8593.375,8130.02880859375,55,206,4385,615,206,0,28,15,12,0,0
28,8.0,0.2,8158.83447265625,7739.8984375,55,205,4369,585,205,0,28,15,12,0,0
29,8.0,0.2,8685.099609375,8225.0224609375,55,201,4398,568,201,0,28,15,12,0,0
30,8.0,0.3,8419.0439453125,7906.970703125,55,213,4578,572,213,0,28,15,12,0,0
31,8.0,0.1,8173.263671875,7710.20068359375,55,224,4872,581,224,0,28,15,12,0,0
32,8.0,0.2,8216.1484375,7756.80908203125,55,217,4673,581,217,0,28,15,12,0,0
33,8.0,0.1,8143.88427734375,7730.888671875,55,226,4769,584,226,0,28,15,12,0,0
34,8.0,0.4,8502.0791015625,8096.7587890625,55,202,4447,566,202,0,28,15,12,0,0
35,8.0,0.2,8090.12060546875,7648.57421875,55,205,4424,577,205,0,28,15,12,0,0
36,8.0,0.2,8102.31201171875,7814.8076171875,89,222,4712,562,222,0,48,29,12,0,0
37,8.0,0.2,8128.56103515625,7643.03271484375,55,209,4563,567,209,0,28,15,12,0,0
38,8.0,0.2,8110.26123046875,7656.09814453125,55,201,4409,584,201,0,28,15,12,0,0
39,8.0,0.1,8612.59765625,8186.994140625,55,203,4361,578,203,0,28,15,12,0,0
40,8.0,0.2,8364.0654296875,7920.31396484375,55,212,4471,587,212,0,28,15,12,0,0
41,8.0,0.2,8538.314453125,8046.95458984375,55,223,4741,552,223,0,28,15,12,0,0
42,8.0,0.1,8040.9736328125,7616.6572265625,55,202,4334,544,202,0,28,15,12,0,0
43,8.0,0.3,8395.5830078125,7925.78125,55,201,4286,574,201,0,28,15,12,0,0
44,8.0,0.2,8429.3740234375,7977.84716796875,55,203,4314,581,203,0,28,15,12,0,0
45,8.0,0.3,7916.8779296875,7455.48095703125,55,202,4457,582,202,0,28,15,12,0,0
46,8.0,0.3,8539.822265625,8077.99169921875,55,203,4337,558,203,0,28,15,12,0,0
47,8.0,0.1,8099.421875,7667.07568359375,55,213,4596,586,213,0,28,15,12,0,0
48,8.0,0.1,8350.3505859375,7887.8701171875,55,202,4362,563,202,0,28,15,12,0,0
49,8.0,0.3,8518.1923828125,8050.484375,59,204,4389,571,204,0,32,15,12,0,0
50,8.0,0.1,8349.8505859375,7928.11572265625,55,209,4536,569,209,0,28,15,12,0,0
51,8.0,0.1,8439.1474609375,7983.1962890625,55,206,4399,565,206,0,28,15,12,0,0
52,8.0,0.2,8357.873046875,7930.923828125,89,226,4733,583,226,0,48,29,12,0,0
53,8.0,0.1,8005.517578125,7576.388671875,59,205,4446,578,205,0,32,15,12,0,0
54,8.0,0.2,8342.0380859375,7931.10791015625,55,203,4367,597,203,0,28,15,12,0,0
55,8.0,0.3,8439.1337890625,7948.37939453125,55,216,4646,580,216,0,28,15,12,0,0
56,8.0,0.2,8232.095703125,7768.1533203125,59,202,4377,589,202,0,32,15,12,0,0
57,8.0,0.3,8267.5830078125,7803.171875,55,221,4803,568,221,0,28,15,12,0,0
58,8.0,0.2,8371.2685546875,7915.99853515625,55,205,4299,582,205,0,28,15,12,0,0
59,8.0,0.2,8383.8017578125,7909.36865234375,55,203,4330,563,203,0,28,15,12,0,0
60,8.0,0.1,8481.67578125,8025.7998046875,55,202,4382,537,202,0,28,15,12,0,0
61,8.0,0.4,8594.9248046875,8158.78515625,55,205,4407,594,205,0,28,15,12,0,0
62,8.0,0.1,8395.4951171875,7946.68017578125,55,210,4419,579,210,0,28,15,12,0,0
63,8.0,0.1,8422.875,7931.5478515625,55,200,4263,547,200,0,28,15,12,0,0
64,8.0,0.3,8403.59375,7950.13427734375,55,205,4472,577,205,0,28,15,12,0,0
65,8.0,0.2,8510.8251953125,8084.98046875,59,203,4491,601,203,0,32,15,12,0,0
66,8.0,0.2,8342.208984375,8030.24755859375,89,203,4405,544,203,0,48,29,12,0,0
67,8.0,0.3,8399.505859375,7967.95703125,55,203,4330,578,203,0,28,15,12,0,0
68,8.0,0.2,8250.927734375,7837.72607421875,89,207,4478,580,207,0,48,29,12,0,0
69,8.0,0.1,8322.1025390625,7898.33642578125,59,201,4319,560,201,0,32,15,12,0,0
70,8.0,0.3,7896.40234375,7461.484375,55,203,4412,574,203,0,28,15,12,0,0
71,8.0,0.4,8508.6416015625,8113.14404296875,55,226,4839,620,226,0,28,15,12,0,0
72,8.0,0.2,8663.310546875,8158.515625,59,202,4270,572,202,0,32,15,12,0,0
73,8.0,0.1,8187.96533203125,7738.79931640625,55,202,4479,580,202,0,28,15,12,0,0
74,8.0,0.2,8394.8466796875,7942.15625,55,220,4754,585,220,0,28,15,12,0,0
75,8.0,0.3,8211.931640625,7768.56982421875,55,203,4403,561,203,0,28,15,12,0,0
76,8.0,0.2,8368.3837890625,7921.7216796875,55,206,4445,586,206,0,28,15,12,0,0
77,8.0,0.0,8372.16796875,7835.80859375,55,204,4412,577,204,0,28,15,12,0,0
78,8.0,0.1,8344.0595703125,7939.86181640625,55,206,4454,580,206,0,28,15,12,0,0
79,8.0,0.2,8144.619140625,7732.3330078125,55,202,4342,570,202,0,28,15,12,0,0
80,8.0,0.2,8249.884765625,7807.50732421875,59,202,4438,579,202,0,32,15,12,0,0
81,8.0,0.3,8610.6064453125,8136.6650390625,55,202,4285,589,202,0,28,15,12,0,0
82,8.0,0.1,8511.931640625,8050.09033203125,55,204,4352,579,204,0,28,15,12,0,0
83,8.0,0.1,8217.53515625,7855.1689453125,89,204,4379,592,204,0,48,29,12,0,0
84,8.0,0.4,8305.4794921875,7909.9501953125,55,202,4386,589,202,0,28,15,12,0,0
85,8.0,0.0,8346.4306640625,7933.30322265625,55,211,4502,585,211,0,28,15,12,0,0
86,8.0,0.1,8631.8564453125,8140.75634765625,55,216,4531,598,216,0,28,15,12,0,0
87,8.0,0.2,8532.9912109375,8077.087890625,59,202,4357,525,202,0,32,15,12,0,0
88,8.0,0.1,8253.2939453125,7820.5947265625,89,201,4308,574,201,0,48,29,12,0,0
89,8.0,0.2,8193.9130859375,7749.77880859375,55,226,4840,569,226,0,28,15,12,0,0
90,8.0,0.2,8270.19140625,7856.5283203125,55,205,4371,566,205,0,28,15,12,0,0
91,8.0,0.3,8558.4736328125,8137.15625,59,202,4454,601,202,0,32,15,12,0,0
92,8.0,0.1,8579.61328125,8131.34521484375,55,201,4454,577,201,0,28,15,12,0,0
93,8.0,0.1,8214.3740234375,7759.25439453125,55,201,4415,585,201,0,28,15,12,0,0
94,8.0,0.1,8257.947265625,7746.32177734375,55,218,4647,593,218,0,28,15,12,0,0
95,8.0,0.1,8160.59130859375,7754.56884765625,59,213,4622,552,213,0,32,15,12,0,0
96,8.0,0.3,8543.2900390625,8082.92041015625,55,209,4649,611,209,0,28,15,12,0,0
97,8.0,0.2,7858.00830078125,7440.09326171875,59,201,4271,573,201,0,32,15,12,0,0
98,8.0,0.2,8088.65771484375,7701.84619140625,89,204,4456,569,204,0,48,29,12,0,0
99,8.0,0.0,8526.1181640625,8041.505859375,55,209,4459,571,209,0,28,15,12,0,0
100,8.0,0.1,8306.2109375,7855.607421875,59,230,4868,583,230,0,32,15,12,0,0
101,8.0,0.2,7931.7705078125,7540.96826171875,59,206,4438,557,206,0,32,15,12,0,0
102,8.0,0.2,8031.31298828125,7604.0478515625,55,209,4573,598,209,0,28,15,12,0,0
103,8.0,0.2,8442.7001953125,8032.26953125,89,202,4399,564,202,0,48,29,12,0,0
104,8.0,0.3,8549.6123046875,8054.29443359375,55,212,4625,585,212,0,28,15,12,0,0
105,8.0,0.3,8225.0546875,7832.95654296875,55,215,4619,548,215,0,28,15,12,0,0
106,8.0,0.2,8520.99609375,8056.716796875,55,202,4415,577,202,0,28,15,12,0,0
107,8.0,0.2,8263.3935546875,7837.72509765625,55,207,4448,564,207,0,28,15,12,0,0
108,8.0,0.1,8086.49072265625,7623.658203125,55,202,4415,600,202,0,28,15,12,0,0
109,8.0,0.1,8342.076171875,7890.19287109375,55,205,4339,542,205,0,28,15,12,0,0
110,8.0,0.3,8566.353515625,8134.6376953125,55,207,4459,553,207,0,28,15,12,0,0
111,8.0,0.1,8564.0068359375,8190.6123046875,89,207,4403,548,207,0,48,29,12,0,0
112,8.0,0.1,8211.7900390625,7773.1708984375,55,208,4537,555,208,0,28,15,12,0,0
113,8.0,0.1,8560.3974609375,8139.10205078125,55,202,4297,575,202,0,28,15,12,0,0
114,8.0,0.1,8326.1767578125,7853.26953125,59,210,4389,594,210,0,32,15,12,0,0
115,8.0,0.3,8561.6328125,8126.12841796875,59,209,4429,553,209,0,32,15,12,0,0
116,8.0,0.2,8011.119140625,7623.08349609375,59,205,4504,589,205,0,32,15,12,0,0
117,8.0,0.2,8190.5048828125,7770.53369140625,55,202,4405,564,202,0,28,15,12,0,0
118,8.0,0.4,8157.42626953125,7672.88232421875,55,210,4548,578,210,0,28,15,12,0,0
119,8.0,0.1,8444.806640625,8026.5625,89,202,4321,546,202,0,48,29,12,0,0
120,8.0,0.2,7946.40576171875,7563.8955078125,59,201,4374,557,201,0,32,15,12,0,0
121,8.0,0.2,8204.623046875,7727.00244140625,55,204,4545,604,204,0,28,15,12,0,0
122,8.0,0.1,8578.244140625,8084.74853515625,55,213,4542,584,213,0,28,15,12,0,0
123,8.0,0.2,8521.234375,8076.6201171875,55,226,4891,571,226,0,28,15,12,0,0
124,8.0,0.2,8190.63525390625,7722.1708984375,55,201,4342,570,201,0,28,15,12,0,0
125,8.0,0.2,8136.71044921875,7677.47021484375,55,209,4489,565,209,0,28,15,12,0,0
126,8.0,0.1,8502.8154296875,8077.490234375,59,210,4540,560,210,0,32,15,12,0,0
127,8.0,0.1,8411.4169921875,7930.1455078125,59,204,4349,580,204,0,32,15,12,0,0
128,8.0,0.3,8258.4716796875,7877.83642578125,55,207,4579,571,207,0,28,15,12,0,0
129,8.0,0.1,8048.13916015625,7639.93017578125,55,202,4333,535,202,0,28,15,12,0,0
130,8.0,0.1,8366.4423828125,7955.31396484375,55,203,4166,566,203,0,28,15,12,0,0
131,8.0,0.1,8370.4453125,7882.87060546875,55,205,4421,571,205,0,28,15,12,0,0
132,8.0,0.2,8482.7353515625,8059.17578125,55,212,4516,584,212,0,28,15,12,0,0
133,8.0,0.2,8375.681640625,7905.86474609375,55,207,4395,585,207,0,28,15,12,0,0
134,8.0,0.1,8411.61328125,8011.02099609375,55,204,4327,587,204,0,28,15,12,0,0
135,8.0,0.4,7894.14404296875,7490.2587890625,55,205,4347,572,205,0,28,15,12,0,0
136,8.0,0.3,8614.3017578125,8292.7265625,89,213,4552,578,213,0,48,29,12,0,0
137,8.0,0.1,8256.1025390625,7902.36181640625,89,217,4672,566,217,0,48,29,12,0,0
138,8.0,0.2,8331.82421875,7865.7607421875,55,213,4533,566,213,0,28,15,12,0,0
139,8.0,0.2,8094.759765625,7692.85009765625,55,201,4369,564,201,0,28,15,12,0,0
140,8.0,0.2,8331.02734375,7877.30859375,55,216,4680,605,216,0,28,15,12,0,0
141,8.0,0.2,8585.5546875,8157.01416015625,59,205,4383,572,205,0,32,15,12,0,0
142,8.0,0.5,8462.4375,8001.361328125,55,208,4472,617,208,0,28,15,12,0,0
143,8.0,0.1,8344.32421875,7889.03857421875,59,201,4388,589,201,0,32,15,12,0,0
144,8.0,0.1,8253.8994140625,7847.98291015625,55,202,4375,574,202,0,28,15,12,0,0
145,8.0,0.3,8640.6396484375,8183.35009765625,55,202,4379,571,202,0,28,15,12,0,0
146,8.0,0.2,8138.64111328125,7702.111328125,55,207,4429,604,207,0,28,15,12,0,0
147,8.0,0.1,8443.6845703125,8001.04638671875,55,209,4461,619,209,0,28,15,12,0,0
148,8.0,0.1,8308.4609375,7853.01123046875,55,206,4396,569,206,0,28,15,12,0,0
149,8.0,0.3,8009.10986328125,7613.33740234375,55,203,4481,584,203,0,28,15,12,0,0
150,8.0,0.2,8019.26708984375,7644.60986328125,89,203,4381,579,203,0,48,29,12,0,0
151,8.0,0.2,8650.6025390625,8161.60400390625,55,205,4434,581,205,0,28,15,12,0,0
152,8.0,0.3,8163.380859375,7721.87548828125,55,201,4390,565,201,0,28,15,12,0,0
153,8.0,0.3,8228.8154296875,7771.29833984375,59,208,4390,572,208,0,32,15,12,0,0
154,8.0,0.3,8282.2529296875,7822.9892578125,55,201,4368,560,201,0,28,15,12,0,0
155,8.0,0.1,8484.072265625,8129.64697265625,89,208,4468,559,208,0,48,29,12,0,0
156,8.0,0.2,8699.12890625,8261.41796875,55,211,4603,548,211,0,28,15,12,0,0
157,8.0,0.2,8444.8955078125,8004.19775390625,59,203,4352,590,203,0,32,15,12,0,0
158,8.0,0.3,8394.302734375,7940.404296875,59,204,4409,580,204,0,32,15,12,0,0
159,8.0,0.1,8164.69140625,7760.1728515625,55,209,4448,581,209,0,28,15,12,0,0
160,8.0,0.2,8502.3564453125,8078.98388671875,55,209,4422,573,209,0,28,15,12,0,0
161,8.0,0.0,8399.2421875,7946.681640625,55,221,4644,579,221,0,28,15,12,0,0
162,8.0,0.1,8284.1103515625,7857.583984375,59,213,4668,578,213,0,32,15,12,0,0
163,8.0,0.1,8443.4189453125,8027.53955078125,55,203,4394,558,203,0,28,15,12,0,0
164,8.0,0.1,8278.994140625,7845.7705078125,55,203,4354,586,203,0,28,15,12,0,0
165,8.0,0.1,8331.5693359375,7908.68310546875,55,201,4290,583,201,0,28,15,12,0,0
166,8.0,0.2,8029.3525390625,7586.7236328125,59,204,4287,592,204,0,32,15,12,0,0
167,8.0,0.3,8419.498046875,7982.9990234375,55,204,4388,565,204,0,28,15,12,0,0
168,8.0,0.2,8318.056640625,7937.03125,55,212,4586,578,212,0,28,15,12,0,0
169,8.0,0.0,8433.0576171875,7975.26806640625,55,218,4696,592,218,0,28,15,12,0,0
170,8.0,0.2,8588.5654296875,8130.1884765625,55,201,4277,564,201,0,28,15,12,0,0
171,8.0,0.1,8336.06640625,7904.21923828125,55,202,4358,562,202,0,28,15,12,0,0
172,8.0,0.2,8687.708984375,8224.646484375,55,207,4441,609,207,0,28,15,12,0,0
173,8.0,0.2,8341.8720703125,7948.65380859375,55,206,4438,588,206,0,28,15,12,0,0
174,8.0,0.1,8642.98828125,8176.4970703125,55,202,4328,553,202,0,28,15,12,0,0
175,8.0,0.2,8516.0615234375,8082.958984375,55,204,4422,599,204,0,28,15,12,0,0
176,8.0,0.3,8377.4697265625,8097.54345703125,57,219,4585,561,219,0,16,29,12,0,0
177,8.0,0.2,8175.94091796875,7737.69921875,55,207,4520,575,207,0,28,15,12,0,0
178,8.0,0.2,8178.1865234375,7780.8525390625,59,206,4433,570,206,0,32,15,12,0,0
179,8.0,0.2,8420.6787109375,7958.1357421875,55,219,4656,613,219,0,28,15,12,0,0
180,8.0,0.2,8388.39453125,7969.95654296875,59,202,4413,586,202,0,32,15,12,0,0
181,8.0,0.1,8589.9033203125,8091.275390625,55,227,4846,565,227,0,28,15,12,0,0
182,8.0,0.1,8588.251953125,8131.38720703125,55,209,4543,579,209,0,28,15,12,0,0
183,8.0,0.1,8199.099609375,7805.57958984375,59,204,4423,542,204,0,32,15,12,0,0
184,8.0,0.2,8441.521484375,7993.26123046875,59,207,4461,595,207,0,32,15,12,0,0
185,8.0,0.1,8523.705078125,8059.4873046875,59,206,4371,556,206,0,32,15,12,0,0
186,8.0,0.1,8325.2490234375,7902.3935546875,55,206,4385,573,206,0,28,15,12,0,0
187,8.0,0.1,8199.5341796875,7748.83349609375,55,208,4563,579,208,0,28,15,12,0,0
188,8.0,0.2,8483.1455078125,8017.498046875,55,206,4513,586,206,0,28,15,12,0,0
189,8.0,0.2,8169.00927734375,7718.02734375,55,200,4280,566,200,0,28,15,12,0,0
190,8.0,0.3,8175.78955078125,7717.87646484375,55,203,4424,572,203,0,28,15,12,0,0
191,8.0,0.1,8260.0546875,7862.0283203125,55,203,4316,556,203,0,28,15,12,0,0
192,8.0,0.4,8224.673828125,7782.1337890625,55,252,5311,587,252,0,28,15,12,0,0
193,8.0,0.2,8136.0556640625,7672.728515625,55,207,4353,570,207,0,28,15,12,0,0
194,8.0,0.1,8531.236328125,8071.47900390625,55,207,4415,561,207,0,28,15,12,0,0
195,8.0,0.2,8173.3115234375,7752.56982421875,59,204,4440,591,204,0,32,15,12,0,0
196,8.0,0.2,8319.4638671875,7888.9541015625,55,202,4376,601,202,0,28,15,12,0,0
197,8.0,0.1,8333.634765625,7940.08935546875,55,206,4506,586,206,0,28,15,12,0,0
198,8.0,0.2,8105.92919921875,7713.1904296875,59,203,4378,581,203,0,32,15,12,0,0
199,8.0,0.3,8762.8896484375,8270.607421875,55,210,4390,581,210,0,28,15,12,0,0
0,10.0,0.2,12783.0341796875,12264.025390625,55,207,4419,599,207,0,28,15,12,0,0
1,10.0,0.1,12929.6572265625,12444.97265625,89,204,4358,577,204,0,48,29,12,0,0
2,10.0,0.2,12810.642578125,12264.0166015625,55,208,4377,576,208,0,28,15,12,0,0
3,10.0,0.2,12938.3740234375,12389.1318359375,55,228,4787,577,228,0,28,15,12,0,0
4,10.0,0.1,12619.0498046875,12069.302734375,59,209,4446,563,209,0,32,15,12,0,0
5,10.0,0.1,12703.36328125,12197.5947265625,55,218,4664,621,218,0,28,15,12,0,0
6,10.0,0.3,13081.6396484375,12535.126953125,55,202,4262,579,202,0,28,15,12,0,0
7,10.0,0.3,12694.896484375,12139.2373046875,55,207,4409,570,207,0,28,15,12,0,0
8,10.0,0.2,12452.8994140625,11878.234375,55,214,4561,581,214,0,28,15,12,0,0
9,10.0,0.2,12878.5908203125,12327.365234375,55,203,4419,576,203,0,28,15,12,0,0
10,10.0,0.3,13252.90625,12673.3623046875,55,212,4630,585,212,0,28,15,12,0,0
11,10.0,0.2,12683.9638671875,12175.4248046875,55,211,4434,557,211,0,28,15,12,0,0
12,10.0,0.1,12791.408203125,12217.5517578125,55,213,4550,601,213,0,28,15,12,0,0
13,10.0,0.3,12983.83984375,12384.8193359375,55,218,4654,584,218,0,28,15,12,0,0
14,10.0,0.1,12736.7578125,12182.869140625,55,201,4361,596,201,0,28,15,12,0,0
15,10.0,0.2,13262.00390625,12686.76171875,55,204,4266,592,204,0,28,15,12,0,0
16,10.0,0.1,12939.310546875,12418.7783203125,55,207,4450,580,207,0,28,15,12,0,0
17,10.0,0.1,13049.8349609375,12499.095703125,55,212,4481,588,212,0,28,15,12,0,0
18,10.0,0.2,13198.5341796875,12613.0078125,55,209,4438,585,209,0,28,15,12,0,0
19,10.0,0.2,12933.697265625,12425.693359375,55,203,4462,609,203,0,28,15,12,0,0
20,10.0,0.3,13288.86328125,12768.7802734375,55,203,4305,571,203,0,28,15,12,0,0
21,10.0,0.1,12701.73828125,12184.091796875,59,203,4345,533,203,0,32,15,12,0,0
22,10.0,0.3,13002.15625,12471.2880859375,59,206,4423,558,206,0,32,15,12,0,0
23,10.0,0.4,12930.671875,12419.771484375,55,220,4706,552,220,0,28,15,12,0,0
24,10.0,0.1,13114.1826171875,12573.259765625,55,218,4655,573,218,0,28,15,12,0,0
25,10.0,0.2,13100.9404296875,12506.84765625,55,202,4319,558,202,0,28,15,12,0,0
26,10.0,0.2,12683.3056640625,12217.765625,89,204,4488,590,204,0,48,29,12,0,0
27,10.0,0.1,13030.220703125,12438.337890625,55,203,4420,579,203,0,28,15,12,0,0
28,10.0,0.2,12682.1767578125,12172.2998046875,55,205,4414,588,205,0,28,15,12,0,0
29,10.0,0.2,12908.7822265625,12309.39453125,55,205,4398,582,205,0,28,15,12,0,0
30,10.0,0.2,13263.005859375,12705.0830078125,55,212,4448,572,212,0,28,15,12,0,0
31,10.0,0.0,13285.767578125,12700.482421875,55,204,4408,601,204,0,28,15,12,0,0
32,10.0,0.2,13130.326171875,12559.796875,55,206,4369,615,206,0,28,15,12,0,0
33,10.0,0.3,13157.064453125,12642.3447265625,55,220,4661,579,220,0,28,15,12,0,0
34,10.0,0.0,12857.0029296875,12365.783203125,89,203,4370,593,203,0,48,29,12,0,0
35,10.0,0.1,12688.6796875,12115.7529296875,59,203,4397,569,203,0,32,15,12,0,0
36,10.0,0.2,12315.3427734375,11801.0341796875,55,201,4361,578,201,0,28,15,12,0,0
37,10.0,0.1,12834.154296875,12335.89453125,55,206,4414,566,206,0,28,15,12,0,0
38,10.0,0.1,13115.76953125,12572.4990234375,59,202,4377,590,202,0,32,15,12,0,0
39,10.0,0.1,12930.720703125,12384.8203125,55,203,4391,582,203,0,28,15,12,0,0
40,10.0,0.2,12795.248046875,12233.228515625,55,236,4925,588,236,0,28,15,12,0,0
41,10.0,0.2,12725.8583984375,12180.40625,55,212,4436,589,212,0,28,15,12,0,0
42,10.0,0.1,12840.1943359375,12277.7548828125,55,201,4431,570,201,0,28,15,12,0,0
43,10.0,0.2,12858.0771484375,12242.3173828125,55,205,4375,591,205,0,28,15,12,0,0
44,10.0,0.2,13249.8388671875,12731.232421875,55,208,4462,601,208,0,28,15,12,0,0
45,10.0,0.1,13001.642578125,12511.3486328125,89,201,4305,567,201,0,48,29,12,0,0
46,10.0,0.2,12984.2333984375,12433.3935546875,55,208,4472,588,208,0,28,15,12,0,0
47,10.0,0.2,13165.5068359375,12606.5986328125,55,201,4355,589,201,0,28,15,12,0,0
48,10.0,0.1,12704.65234375,12157.7685546875,55,201,4297,556,201,0,28,15,12,0,0
49,10.0,0.0,13004.376953125,12452.7236328125,55,209,4404,586,209,0,28,15,12,0,0
50,10.0,0.1,12648.533203125,12034.57421875,55,205,4314,544,205,0,28,15,12,0,0
51,10.0,0.2,13116.046875,12598.3994140625,55,214,4620,531,214,0,28,15,12,0,0
52,10.0,0.1,13208.4599609375,12623.9892578125,55,203,4341,580,203,0,28,15,12,0,0
53,10.0,0.1,12553.59375,11987.4833984375,59,201,4350,570,201,0,32,15,12,0,0
54,10.0,0.2,12799.759765625,12266.619140625,59,202,4325,569,202,0,32,15,12,0,0
55,10.0,0.2,12505.9619140625,11957.2783203125,55,205,4294,572,205,0,28,15,12,0,0
56,10.0,0.2,13338.333984375,12775.7646484375,55,207,4520,577,207,0,28,15,12,0,0
57,10.0,0.2,13081.4296875,12532.4404296875,55,206,4387,566,206,0,28,15,12,0,0
58,10.0,0.1,13184.6376953125,12652.54296875,55,201,4443,586,201,0,28,15,12,0,0
59,10.0,0.3,12755.0810546875,12163.5703125,55,206,4417,546,206,0,28,15,12,0,0
60,10.0,0.2,12627.5625,12124.1142578125,59,204,4338,565,204,0,32,15,12,0,0
61,10.0,0.3,13109.0615234375,12552.830078125,55,213,4484,606,213,0,28,15,12,0,0
62,10.0,0.2,13226.353515625,12636.5,55,203,4400,571,203,0,28,15,12,0,0
63,10.0,0.1,12776.0478515625,12202.306640625,55,209,4395,585,209,0,28,15,12,0,0
64,10.0,0.3,12891.9697265625,12314.3388671875,55,206,4403,550,206,0,28,15,12,0,0
65,10.0,0.3,12811.1376953125,12318.521484375,55,215,4610,577,215,0,28,15,12,0,0
66,10.0,0.3,13184.9267578125,12640.5302734375,55,205,4436,594,205,0,28,15,12,0,0
67,10.0,0.1,13122.4541015625,12576.013671875,55,217,4533,578,217,0,28,15,12,0,0
68,10.0,0.1,12965.7890625,12438.9384765625,55,215,4581,573,215,0,28,15,12,0,0
69,10.0,0.1,12724.5625,12215.9765625,59,201,4369,575,201,0,32,15,12,0,0
70,10.0,0.1,13069.3466796875,12527.73046875,55,204,4315,583,204,0,28,15,12,0,0
71,10.0,0.2,13349.5537109375,12778.2255859375,59,204,4340,610,204,0,32,15,12,0,0
72,10.0,0.1,12747.306640625,12211.4296875,55,204,4411,574,204,0,28,15,12,0,0
73,10.0,0.1,12746.9560546875,12205.33984375,55,207,4395,574,207,0,28,15,12,0,0
74,10.0,0.1,12816.9892578125,12252.953125,55,203,4386,586,203,0,28,15,12,0,0
75,10.0,0.2,12723.5341796875,12124.38671875,55,204,4328,593,204,0,28,15,12,0,0
76,10.0,0.1,13010.265625,12488.9990234375,89,202,4388,600,202,0,48,29,12,0,0
77,10.0,0.1,12726.5400390625,12125.11328125,55,202,4388,539,202,0,28,15,12,0,0
78,10.0,0.2,13289.4208984375,12730.873046875,55,202,4315,595,202,0,28,15,12,0,0
79,10.0,0.3,12756.560546875,12204.4140625,55,212,4476,583,212,0,28,15,12,0,0
80,10.0,0.2,12876.2275390625,12344.4462890625,55,202,4404,528,202,0,28,15,12,0,0
81,10.0,0.3,12981.8232421875,12466.318359375,59,202,4495,565,202,0,32,15,12,0,0
82,10.0,0.3,12372.6455078125,11797.765625,55,203,4293,564,203,0,28,15,12,0,0
83,10.0,0.2,13067.5615234375,12490.2080078125,55,203,4370,557,203,0,28,15,12,0,0
84,10.0,0.2,12996.419921875,12447.181640625,59,212,4633,554,212,0,32,15,12,0,0
85,10.0,0.3,12823.09765625,12273.962890625,55,208,4482,542,208,0,28,15,12,0,0
86,10.0,0.3,13378.3046875,12831.1640625,59,201,4393,604,201,0,32,15,12,0,0
87,10.0,0.2,13027.939453125,12439.8681640625,55,205,4397,599,205,0,28,15,12,0,0
88,10.0,0.2,12944.919921875,12346.830078125,55,212,4520,577,212,0,28,15,12,0,0
89,10.0,0.2,13426.0458984375,12860.1787109375,55,210,4490,568,210,0,28,15,12,0,0
90,10.0,0.0,13206.4052734375,12664.33203125,59,202,4298,580,202,0,32,15,12,0,0
91,10.0,0.1,13025.7431640625,12467.451171875,55,211,4488,565,211,0,28,15,12,0,0
92,10.0,0.3,12677.77734375,12128.125,55,201,4279,592,201,0,28,15,12,0,0
93,10.0,0.2,12960.294921875,12395.6552734375,55,206,4452,596,206,0,28,15,12,0,0
94,10.0,0.1,13000.52734375,12480.853515625,55,205,4293,575,205,0,28,15,12,0,0
95,10.0,0.2,12581.943359375,12070.49609375,55,203,4505,587,203,0,28,15,12,0,0
96,10.0,0.2,13009.62890625,12413.7763671875,55,203,4366,575,203,0,28,15,12,0,0
97,10.0,0.3,13261.466796875,12697.4423828125,55,204,4472,553,204,0,28,15,12,0,0
98,10.0,0.2,12951.7822265625,12385.1318359375,55,204,4323,586,204,0,28,15,12,0,0
99,10.0,0.2,13027.6728515625,12487.0126953125,59,207,4466,578,207,0,32,15,12,0,0
100,10.0,0.1,12805.0498046875,12301.783203125,55,202,4459,565,202,0,28,15,12,0,0
101,10.0,0.2,12999.19140625,12450.0048828125,55,202,4348,575,202,0,28,15,12,0,0
102,10.0,0.3,13106.458984375,12605.2646484375,55,217,4610,532,217,0,28,15,12,0,0
103,10.0,0.2,12910.6875,12356.2861328125,55,215,4601,569,215,0,28,15,12,0,0
104,10.0,0.1,12930.9990234375,12367.8818359375,55,207,4465,584,207,0,28,15,12,0,0
105,10.0,0.1,12911.1435546875,12362.62109375,55,226,4770,576,226,0,28,15,12,0,0
106,10.0,0.0,13019.3154296875,12492.75390625,59,219,4690,560,219,0,32,15,12,0,0
107,10.0,0.2,12837.61328125,12255.9404296875,59,202,4362,559,202,0,32,15,12,0,0
108,10.0,0.2,13091.1337890625,12557.9296875,55,211,4531,586,211,0,28,15,12,0,0
109,10.0,0.1,13020.111328125,12508.873046875,55,208,4480,563,208,0,28,15,12,0,0
110,10.0,0.2,12899.5595703125,12393.490234375,55,201,4304,586,201,0,28,15,12,0,0
111,10.0,0.2,12833.79296875,12301.111328125,55,208,4498,612,208,0,28,15,12,0,0
112,10.0,0.2,12665.8212890625,12102.591796875,59,205,4401,569,205,0,32,15,12,0,0
113,10.0,0.3,12783.1181640625,12240.5517578125,55,210,4583,590,210,0,28,15,12,0,0
114,10.0,0.2,13167.5302734375,12592.8173828125,55,207,4347,590,207,0,28,15,12,0,0
115,10.0,0.0,12949.3798828125,12396.2998046875,59,203,4300,554,203,0,32,15,12,0,0
116,10.0,0.2,13097.337890625,12513.9140625,55,201,4296,554,201,0,28,15,12,0,0
117,10.0,0.1,12911.9091796875,12375.22265625,55,203,4221,530,203,0,28,15,12,0,0
118,10.0,0.3,12681.908203125,12135.8564453125,55,205,4431,569,205,0,28,15,12,0,0
119,10.0,0.2,13104.4287109375,12473.6591796875,55,210,4444,583,210,0,28,15,12,0,0
120,10.0,0.3,12771.2080078125,12214.8837890625,59,214,4460,612,214,0,32,15,12,0,0
121,10.0,0.2,12906.1787109375,12396.5283203125,59,208,4445,576,208,0,32,15,12,0,0
122,10.0,0.2,12624.859375,12130.068359375,59,204,4356,585,204,0,32,15,12,0,0
123,10.0,0.1,13107.3291015625,12564.1728515625,55,216,4705,578,216,0,28,15,12,0,0
124,10.0,0.0,12647.28515625,12082.8662109375,55,218,4619,589,218,0,28,15,12,0,0
125,10.0,0.2,12937.1494140625,12344.740234375,55,205,4379,596,205,0,28,15,12,0,0
126,10.0,0.1,13116.75,12515.458984375,55,202,4389,576,202,0,28,15,12,0,0
127,10.0,0.2,12625.1474609375,12124.189453125,55,201,4411,553,201,0,28,15,12,0,0
128,10.0,0.1,12895.2451171875,12302.09375,55,201,4369,565,201,0,28,15,12,0,0
129,10.0,0.1,13267.40234375,12699.5771484375,55,216,4557,601,216,0,28,15,12,0,0
130,10.0,0.0,12699.0439453125,12125.013671875,55,237,4886,557,237,0,28,15,12,0,0
131,10.0,0.1,13102.7109375,12581.1572265625,59,202,4347,562,202,0,32,15,12,0,0
132,10.0,0.2,12988.3037109375,12421.3291015625,59,215,4385,581,215,0,32,15,12,0,0
133,10.0,0.3,12822.1904296875,12247.3349609375,59,207,4445,557,207,0,32,15,12,0,0
134,10.0,0.1,12996.19921875,12474.6884765625,59,206,4418,548,206,0,32,15,12,0,0
135,10.0,0.1,12849.814453125,12270.591796875,55,225,4783,586,225,0,28,15,12,0,0
136,10.0,0.0,13004.26171875,12441.814453125,55,204,4321,576,204,0,28,15,12,0,0
137,10.0,0.2,12807.1484375,12270.2890625,55,206,4424,601,206,0,28,15,12,0,0
138,10.0,0.1,13126.7861328125,12586.6416015625,55,253,5133,577,253,0,28,15,12,0,0
139,10.0,0.1,13036.86328125,12410.3330078125,55,202,4346,592,202,0,28,15,12,0,0
140,10.0,0.1,12971.5078125,12401.5234375,59,202,4172,587,202,0,32,15,12,0,0
141,10.0,0.2,12864.296875,12310.0546875,55,215,4570,595,215,0,28,15,12,0,0
142,10.0,0.3,13014.7548828125,12417.765625,55,208,4449,555,208,0,28,15,12,0,0
143,10.0,0.2,13113.0927734375,12576.4140625,55,202,4289,566,202,0,28,15,12,0,0
144,10.0,0.2,13115.671875,12597.986328125,55,205,4384,594,205,0,28,15,12,0,0
145,10.0,0.3,12652.7890625,12151.2314453125,55,209,4550,571,209,0,28,15,12,0,0
146,10.0,0.1,13107.8818359375,12489.671875,55,201,4336,581,201,0,28,15,12,0,0
147,10.0,0.2,12528.0302734375,11987.2734375,55,212,4634,559,212,0,28,15,12,0,0
148,10.0,0.2,12441.8583984375,11903.0126953125,55,204,4400,605,204,0,28,15,12,0,0
149,10.0,0.3,12876.3486328125,12281.623046875,55,226,4928,561,226,0,28,15,12,0,0
150,10.0,0.2,12974.8173828125,12395.82421875,55,209,4378,592,209,0,28,15,12,0,0
151,10.0,0.1,13281.3681640625,12732.9775390625,55,202,4290,576,202,0,28,15,12,0,0
152,10.0,0.2,13051.71875,12471.7646484375,55,218,4582,600,218,0,28,15,12,0,0
153,10.0,0.2,12920.2763671875,12366.7783203125,55,210,4436,581,210,0,28,15,12,0,0
154,10.0,0.2,13050.197265625,12472.240234375,55,226,4768,577,226,0,28,15,12,0,0
155,10.0,0.1,12962.1796875,12391.080078125,55,206,4376,602,206,0,28,15,12,0,0
156,10.0,0.1,13134.25,12584.60546875,55,207,4372,570,207,0,28,15,12,0,0
157,10.0,0.1,12951.3447265625,12385.3134765625,55,214,4661,604,214,0,28,15,12,0,0
158,10.0,0.1,13163.849609375,12610.79296875,55,216,4606,559,216,0,28,15,12,0,0
159,10.0,0.1,12905.2880859375,12402.541015625,55,218,4583,583,218,0,28,15,12,0,0
160,10.0,0.1,12944.2265625,12415.509765625,55,211,4553,588,211,0,28,15,12,0,0
161,10.0,0.1,12686.345703125,12090.3916015625,55,202,4373,576,202,0,28,15,12,0,0
162,10.0,0.1,12728.083984375,12131.5361328125,55,206,4333,581,206,0,28,15,12,0,0
163,10.0,0.2,12649.171875,12071.716796875,55,233,4902,594,233,0,28,15,12,0,0
164,10.0,0.1,12957.3720703125,12373.853515625,55,203,4361,582,203,0,28,15,12,0,0
165,10.0,0.2,12803.0751953125,12231.8447265625,55,213,4439,568,213,0,28,15,12,0,0
166,10.0,0.2,12829.6591796875,12305.41015625,55,204,4381,588,204,0,28,15,12,0,0
167,10.0,0.2,12902.6318359375,12404.7490234375,89,202,4253,573,202,0,48,29,12,0,0
168,10.0,0.2,13366.5107421875,12777.345703125,55,205,4402,583,205,0,28,15,12,0,0
169,10.0,0.1,12828.052734375,12259.255859375,55,213,4499,564,213,0,28,15,12,0,0
170,10.0,0.0,12762.5068359375,12152.6767578125,55,204,4355,559,204,0,28,15,12,0,0
171,10.0,0.3,12779.6982421875,12241.7060546875,55,210,4417,587,210,0,28,15,12,0,0
172,10.0,0.2,12663.4912109375,12166.46484375,55,201,4368,532,201,0,28,15,12,0,0
173,10.0,0.1,12935.1611328125,12423.1982421875,59,210,4460,582,210,0,32,15,12,0,0
174,10.0,0.1,13017.8564453125,12426.240234375,55,205,4485,561,205,0,28,15,12,0,0
175,10.0,0.1,12709.19921875,12144.3203125,55,226,4864,564,226,0,28,15,12,0,0
176,10.0,0.3,13596.0732421875,13011.158203125,55,206,4441,565,206,0,28,15,12,0,0
177,10.0,0.2,13198.958984375,12596.767578125,55,206,4466,563,206,0,28,15,12,0,0
178,10.0,0.2,13200.7314453125,12609.734375,55,202,4307,581,202,0,28,15,12,0,0
179,10.0,0.2,12343.5546875,11795.365234375,55,207,4369,594,207,0,28,15,12,0,0
180,10.0,0.2,12670.1728515625,12121.3203125,55,204,4373,579,204,0,28,15,12,0,0
181,10.0,0.2,12807.994140625,12304.7666015625,55,204,4490,543,204,0,28,15,12,0,0
182,10.0,0.1,12504.3408203125,11991.3154296875,55,203,4252,569,203,0,28,15,12,0,0
183,10.0,0.1,13115.3427734375,12625.2041015625,55,210,4354,554,210,0,28,15,12,0,0
184,10.0,0.3,13040.197265625,12487.578125,55,204,4409,565,204,0,28,15,12,0,0
185,10.0,0.2,12848.970703125,12277.9755859375,55,201,4375,575,201,0,28,15,12,0,0
186,10.0,0.3,12647.1943359375,12065.12890625,55,201,4241,558,201,0,28,15,12,0,0
187,10.0,0.4,12921.5791015625,12378.2197265625,55,204,4338,564,204,0,28,15,12,0,0
188,10.0,0.2,13081.8251953125,12536.7578125,55,203,4342,561,203,0,28,15,12,0,0
189,10.0,0.1,12375.6494140625,11797.029296875,55,202,4413,569,202,0,28,15,12,0,0
190,10.0,0.1,13326.33203125,12772.869140625,55,201,4339,552,201,0,28,15,12,0,0
191,10.0,0.1,12796.6083984375,12236.0087890625,55,213,4574,566,213,0,28,15,12,0,0
192,10.0,0.1,12654.2314453125,12070.26953125,55,209,4406,603,209,0,28,15,12,0,0
193,10.0,0.3,12696.7705078125,12168.826171875,55,204,4451,579,204,0,28,15,12,0,0
194,10.0,0.1,12918.1611328125,12369.46875,55,209,4434,534,209,0,28,15,12,0,0
195,10.0,0.1,12655.6787109375,12103.869140625,55,211,4525,555,211,0,28,15,12,0,0
196,10.0,0.1,12863.1240234375,12269.2080078125,55,212,4587,560,212,0,28,15,12,0,0
197,10.0,0.1,12867.123046875,12334.6552734375,55,230,4921,595,230,0,28,15,12,0,0
198,10.0,0.3,13019.96484375,12462.01171875,55,203,4374,592,203,0,28,15,12,0,0
199,10.0,0.2,12774.1015625,12262.69921875,55,203,4391,574,203,0,28,15,12,0,0
0,15.0,0.3,28308.462890625,27475.810546875,55,205,4387,576,205,0,28,15,12,0,0
1,15.0,0.1,28908.37109375,28117.689453125,55,212,4458,594,212,0,28,15,12,0,0
2,15.0,0.2,28928.71484375,28119.626953125,55,207,4349,587,207,0,28,15,12,0,0
3,15.0,0.1,28945.796875,28095.0546875,55,209,4515,598,209,0,28,15,12,0,0
4,15.0,0.1,29020.48046875,28180.04296875,55,213,4548,581,213,0,28,15,12,0,0
5,15.0,0.2,28615.20703125,27794.384765625,55,212,4458,592,212,0,28,15,12,0,0
6,15.0,0.2,28217.6328125,27389.830078125,55,203,4318,587,203,0,28,15,12,0,0
7,15.0,0.1,28901.021484375,28233.744140625,89,204,4444,586,204,0,48,29,12,0,0
8,15.0,0.2,28948.9296875,28117.23828125,55,203,4335,578,203,0,28,15,12,0,0
9,15.0,0.0,29366.419921875,28571.052734375,55,202,4366,572,202,0,28,15,12,0,0
10,15.0,0.1,28940.0390625,28160.69921875,55,206,4361,579,206,0,28,15,12,0,0
11,15.0,0.1,28897.0625,28039.396484375,55,205,4345,584,205,0,28,15,12,0,0
12,15.0,0.2,28733.66796875,28041.419921875,89,203,4366,591,203,0,48,29,12,0,0
13,15.0,0.1,28289.54296875,27472.669921875,55,201,4341,579,201,0,28,15,12,0,0
14,15.0,0.1,29224.5625,28377.685546875,55,209,4320,582,209,0,28,15,12,0,0
15,15.0,0.2,28740.63671875,27902.2421875,55,208,4478,568,208,0,28,15,12,0,0
16,15.0,0.1,29017.8203125,28141.751953125,55,209,4439,578,209,0,28,15,12,0,0
17,15.0,0.2,28496.12890625,27615.5,55,203,4290,573,203,0,28,15,12,0,0
18,15.0,0.1,28782.65625,27936.603515625,55,201,4264,562,201,0,28,15,12,0,0
19,15.0,0.1,29151.955078125,28353.0625,55,205,4392,582,205,0,28,15,12,0,0
20,15.0,0.2,28812.185546875,27936.966796875,55,208,4307,571,208,0,28,15,12,0,0
21,15.0,0.2,28371.642578125,27568.84765625,55,207,4424,584,207,0,28,15,12,0,0
22,15.0,0.1,29042.357421875,28251.859375,55,208,4442,567,208,0,28,15,12,0,0
23,15.0,0.2,28510.671875,27670.66015625,55,204,4399,587,204,0,28,15,12,0,0
24,15.0,0.2,28188.13671875,27390.78515625,55,214,4535,590,214,0,28,15,12,0,0
25,15.0,0.1,28370.541015625,27514.427734375,55,207,4402,577,207,0,28,15,12,0,0
26,15.0,0.2,29167.55859375,28316.283203125,55,208,4399,586,208,0,28,15,12,0,0
27,15.0,0.2,28623.947265625,27791.939453125,55,210,4414,581,210,0,28,15,12,0,0
28,15.0,0.4,29260.041015625,28430.03515625,55,204,4283,576,204,0,28,15,12,0,0
29,15.0,0.1,28921.59765625,28241.62109375,89,207,4419,577,207,0,48,29,12,0,0
30,15.0,0.2,28643.09765625,27827.697265625,55,205,4362,613,205,0,28,15,12,0,0
31,15.0,0.1,29096.28125,28323.537109375,55,208,4391,573,208,0,28,15,12,0,0
32,15.0,0.1,28222.048828125,27393.095703125,55,203,4364,592,203,0,28,15,12,0,0
33,15.0,0.1,28685.5078125,27829.013671875,55,214,4585,602,214,0,28,15,12,0,0
34,15.0,0.2,28029.8671875,27150.2265625,55,208,4374,562,208,0,28,15,12,0,0
35,15.0,0.2,28564.16796875,27788.490234375,55,204,4308,576,204,0,28,15,12,0,0
36,15.0,0.1,28333.1953125,27534.212890625,55,218,4538,581,218,0,28,15,12,0,0
37,15.0,0.1,28958.138671875,28163.31640625,55,201,4343,580,201,0,28,15,12,0,0
38,15.0,0.0,28591.66796875,27764.89453125,55,219,4630,583,219,0,28,15,12,0,0
39,15.0,0.1,29381.2265625,28485.896484375,55,201,4326,540,201,0,28,15,12,0,0
40,15.0,0.2,29426.60546875,28590.0546875,55,206,4400,583,206,0,28,15,12,0,0
41,15.0,0.1,28709.94921875,27909.9375,55,209,4527,607,209,0,28,15,12,0,0
42,15.0,0.1,28504.91796875,27661.30859375,55,206,4407,584,206,0,28,15,12,0,0
43,15.0,0.2,29040.443359375,28208.2421875,55,201,4268,601,201,0,28,15,12,0,0
44,15.0,0.2,29279.53125,28430.947265625,55,223,4628,594,223,0,28,15,12,0,0
45,15.0,0.1,29241.810546875,28447.74609375,55,201,4333,581,201,0,28,15,12,0,0
46,15.0,0.1,28447.83203125,27643.6796875,55,206,4406,582,206,0,28,15,12,0,0
47,15.0,0.1,28440.78515625,27624.87109375,55,206,4310,591,206,0,28,15,12,0,0
48,15.0,0.2,29394.654296875,28574.755859375,55,205,4414,563,205,0,28,15,12,0,0
49,15.0,0.3,29063.880859375,28257.716796875,55,211,4413,554,211,0,28,15,12,0,0
50,15.0,0.2,29047.607421875,28243.8671875,55,206,4381,580,206,0,28,15,12,0,0
51,15.0,0.1,28651.994140625,27918.96484375,89,203,4306,568,203,0,48,29,12,0,0
52,15.0,0.1,29008.53515625,28231.39453125,55,206,4400,568,206,0,28,15,12,0,0
53,15.0,0.2,28491.96484375,27654.826171875,55,207,4377,582,207,0,28,15,12,0,0
54,15.0,0.2,29430.009765625,28641.646484375,55,205,4335,597,205,0,28,15,12,0,0
55,15.0,0.2,28826.1328125,28014.267578125,55,206,4375,583,206,0,28,15,12,0,0
56,15.0,0.1,28447.958984375,27636.01953125,55,207,4415,593,207,0,28,15,12,0,0
57,15.0,0.1,28828.521484375,27913.634765625,55,222,4663,568,222,0,28,15,12,0,0
58,15.0,0.1,28924.251953125,28101.107421875,55,205,4318,587,205,0,28,15,12,0,0
59,15.0,0.2,28860.533203125,28014.103515625,55,203,4275,570,203,0,28,15,12,0,0
60,15.0,0.2,28838.78515625,28011.84375,55,202,4305,572,202,0,28,15,12,0,0
61,15.0,0.1,28688.591796875,27854.00390625,55,206,4371,579,206,0,28,15,12,0,0
62,15.0,0.3,28542.638671875,27706.54296875,55,233,4857,572,233,0,28,15,12,0,0
63,15.0,0.1,28665.673828125,27863.7578125,55,218,4590,572,218,0,28,15,12,0,0
64,15.0,0.2,28811.064453125,28000.91796875,55,213,4541,592,213,0,28,15,12,0,0
65,15.0,0.1,29024.8359375,28162.8515625,55,219,4626,591,219,0,28,15,12,0,0
66,15.0,0.2,29237.08203125,28394.46484375,55,205,4350,595,205,0,28,15,12,0,0
67,15.0,0.2,28879.03515625,28089.884765625,55,204,4290,564,204,0,28,15,12,0,0
68,15.0,0.1,28826.8671875,27991.462890625,55,207,4355,584,207,0,28,15,12,0,0
69,15.0,0.0,28487.978515625,27672.853515625,55,212,4501,600,212,0,28,15,12,0,0
70,15.0,0.2,28716.029296875,27941.19140625,55,207,4314,592,207,0,28,15,12,0,0
71,15.0,0.1,28461.439453125,27605.15625,55,203,4261,578,203,0,28,15,12,0,0
72,15.0,0.2,29286.919921875,28451.353515625,55,220,4629,562,220,0,28,15,12,0,0
73,15.0,0.1,28673.099609375,27847.1015625,55,205,4378,552,205,0,28,15,12,0,0
74,15.0,0.2,29199.890625,28281.814453125,55,205,4297,583,205,0,28,15,12,0,0
75,15.0,0.2,28860.587890625,28016.212890625,55,213,4567,584,213,0,28,15,12,0,0
76,15.0,0.1,29372.5546875,28583.244140625,55,204,4299,585,204,0,28,15,12,0,0
77,15.0,0.3,29192.92578125,28376.220703125,59,203,4270,545,203,0,32,15,12,0,0
78,15.0,0.0,28781.326171875,27940.52734375,55,211,4480,581,211,0,28,15,12,0,0
79,15.0,0.2,28797.728515625,27934.48828125,55,214,4499,589,214,0,28,15,12,0,0
80,15.0,0.0,28555.5546875,27730.640625,55,209,4344,606,209,0,28,15,12,0,0
81,15.0,0.2,29035.66796875,28152.556640625,55,204,4251,581,204,0,28,15,12,0,0
82,15.0,0.2,28581.21875,27711.48046875,55,203,4331,578,203,0,28,15,12,0,0
83,15.0,0.1,29209.32421875,28340.490234375,55,209,4382,577,209,0,28,15,12,0,0
84,15.0,0.1,28946.994140625,28084.787109375,55,204,4386,586,204,0,28,15,12,0,0
85,15.0,0.2,28530.2109375,27719.6015625,55,204,4367,559,204,0,28,15,12,0,0
86,15.0,0.2,28758.314453125,27918.61328125,55,213,4445,586,213,0,28,15,12,0,0
87,15.0,0.1,28919.080078125,28121.26171875,55,214,4547,576,214,0,28,15,12,0,0
88,15.0,0.2,28706.865234375,27893.896484375,55,206,4387,566,206,0,28,15,12,0,0
89,15.0,0.0,28639.69921875,27761.703125,55,232,4915,592,232,0,28,15,12,0,0
90,15.0,0.2,28701.22265625,27811.23828125,55,212,4535,566,212,0,28,15,12,0,0
91,15.0,0.2,28737.173828125,27875.203125,55,222,4650,567,222,0,28,15,12,0,0
92,15.0,0.3,28807.587890625,27960.119140625,55,214,4502,599,214,0,28,15,12,0,0
93,15.0,0.1,28358.513671875,27530.83984375,55,228,4801,577,228,0,28,15,12,0,0
94,15.0,0.2,28427.53515625,27652.845703125,55,202,4334,567,202,0,28,15,12,0,0
95,15.0,0.3,28550.2265625,27812.6484375,89,208,4418,596,208,0,48,29,12,0,0
96,15.0,0.2,29027.095703125,28215.021484375,55,205,4373,586,205,0,28,15,12,0,0
97,15.0,0.2,29100.798828125,28253.29296875,55,213,4520,562,213,0,28,15,12,0,0
98,15.0,0.2,28779.671875,27875.333984375,55,206,4415,588,206,0,28,15,12,0,0
99,15.0,0.2,28543.431640625,27793.212890625,55,203,4253,576,203,0,28,15,12,0,0
100,15.0,0.1,28995.685546875,28188.98046875,55,206,4371,577,206,0,28,15,12,0,0
101,15.0,0.1,28712.826171875,27868.900390625,55,208,4456,597,208,0,28,15,12,0,0
102,15.0,0.1,29001.203125,28147.64453125,55,201,4256,559,201,0,28,15,12,0,0
103,15.0,0.1,28584.00390625,27728.349609375,55,209,4421,574,209,0,28,15,12,0,0
104,15.0,0.1,29171.73828125,28373.16796875,55,204,4261,573,204,0,28,15,12,0,0
105,15.0,0.1,28449.900390625,27616.0078125,55,218,4694,592,218,0,28,15,12,0,0
106,15.0,0.2,29192.96875,28381.927734375,55,213,4504,580,213,0,28,15,12,0,0
107,15.0,0.0,28867.392578125,28031.373046875,55,205,4362,573,205,0,28,15,12,0,0
108,15.0,0.1,28823.8515625,27999.65234375,55,201,4381,570,201,0,28,15,12,0,0
109,15.0,0.3,28228.59765625,27382.4296875,55,225,4806,533,225,0,28,15,12,0,0
110,15.0,0.0,28899.708984375,28056.466796875,55,212,4511,589,212,0,28,15,12,0,0
111,15.0,0.2,28460.333984375,27650.494140625,55,217,4601,567,217,0,28,15,12,0,0
112,15.0,0.1,29304.990234375,28471.40234375,55,210,4354,570,210,0,28,15,12,0,0
113,15.0,0.2,28728.68359375,27941.025390625,55,214,4519,577,214,0,28,15,12,0,0
114,15.0,0.2,29413.6171875,28594.353515625,55,213,4414,574,213,0,28,15,12,0,0
115,15.0,0.2,28814.65625,27974.46484375,55,204,4346,584,204,0,28,15,12,0,0
116,15.0,0.1,29254.80078125,28371.97265625,55,203,4418,567,203,0,28,15,12,0,0
117,15.0,0.1,28494.056640625,27661.7578125,55,205,4290,593,205,0,28,15,12,0,0
118,15.0,0.1,28999.47265625,28146.5234375,55,205,4317,583,205,0,28,15,12,0,0
119,15.0,0.3,28629.15625,27795.83984375,55,207,4343,568,207,0,28,15,12,0,0
120,15.0,0.1,28381.0859375,27531.47265625,55,204,4380,613,204,0,28,15,12,0,0
121,15.0,0.3,28006.763671875,27201.33984375,55,207,4377,588,207,0,28,15,12,0,0
122,15.0,0.0,28525.982421875,27678.3203125,55,221,4631,550,221,0,28,15,12,0,0
123,15.0,0.1,28089.16796875,27282.44140625,55,205,4394,578,205,0,28,15,12,0,0
124,15.0,0.2,28595.552734375,27685.3671875,55,228,4723,578,228,0,28,15,12,0,0
125,15.0,0.2,28547.857421875,27804.5078125,55,205,4351,588,205,0,28,15,12,0,0
126,15.0,0.2,28993.74609375,28213.26953125,55,213,4502,565,213,0,28,15,12,0,0
127,15.0,0.1,28462.1640625,27619.037109375,55,203,4303,599,203,0,28,15,12,0,0
128,15.0,0.2,28862.70703125,27971.142578125,55,202,4319,586,202,0,28,15,12,0,0
129,15.0,0.1,29312.9609375,28468.853515625,55,207,4383,596,207,0,28,15,12,0,0
130,15.0,0.1,29049.93359375,28262.078125,59,204,4378,546,204,0,32,15,12,0,0
131,15.0,0.1,29125.646484375,28315.21484375,55,205,4402,574,205,0,28,15,12,0,0
132,15.0,0.3,28610.328125,27740.478515625,55,210,4404,590,210,0,28,15,12,0,0
133,15.0,0.1,28991.74609375,28124.07421875,55,226,4852,560,226,0,28,15,12,0,0
134,15.0,0.3,28270.013671875,27483.474609375,55,212,4471,566,212,0,28,15,12,0,0
135,15.0,0.1,28955.544921875,28136.3359375,55,221,4679,586,221,0,28,15,12,0,0
136,15.0,0.2,28581.626953125,27758.16015625,55,226,4800,564,226,0,28,15,12,0,0
137,15.0,0.1,28920.51171875,28075.314453125,55,204,4379,555,204,0,28,15,12,0,0
138,15.0,0.1,28780.91796875,27964.240234375,55,204,4357,604,204,0,28,15,12,0,0
139,15.0,0.3,28715.9140625,27842.701171875,55,205,4291,567,205,0,28,15,12,0,0
140,15.0,0.2,29386.90234375,28555.966796875,55,203,4386,582,203,0,28,15,12,0,0
141,15.0,0.1,29268.373046875,28415.03125,55,205,4342,592,205,0,28,15,12,0,0
142,15.0,0.1,28421.857421875,27540.439453125,55,209,4452,573,209,0,28,15,12,0,0
143,15.0,0.1,28831.861328125,28029.10546875,55,202,4355,603,202,0,28,15,12,0,0
144,15.0,0.1,29241.55078125,28422.037109375,55,209,4409,590,209,0,28,15,12,0,0
145,15.0,0.0,29552.794921875,28668.341796875,55,206,4315,575,206,0,28,15,12,0,0
146,15.0,0.2,28761.546875,27962.08984375,55,212,4481,585,212,0,28,15,12,0,0
147,15.0,0.1,28901.185546875,28096.775390625,59,209,4369,589,209,0,32,15,12,0,0
148,15.0,0.2,28694.8515625,27879.201171875,55,205,4365,617,205,0,28,15,12,0,0
149,15.0,0.2,28781.87890625,27936.33984375,55,202,4296,571,202,0,28,15,12,0,0
150,15.0,0.1,29142.771484375,28303.35546875,55,212,4486,588,212,0,28,15,12,0,0
151,15.0,0.2,29396.0546875,28559.66796875,55,226,4699,590,226,0,28,15,12,0,0
152,15.0,0.0,28812.0703125,27986.27734375,55,207,4361,586,207,0,28,15,12,0,0
153,15.0,0.3,28783.169921875,27958.7265625,55,209,4397,579,209,0,28,15,12,0,0
154,15.0,0.2,29013.115234375,28218.2890625,55,209,4421,588,209,0,28,15,12,0,0
155,15.0,0.1,28205.51953125,27391.876953125,55,208,4340,579,208,0,28,15,12,0,0
156,15.0,0.1,28433.064453125,27562.73046875,55,216,4537,581,216,0,28,15,12,0,0
157,15.0,0.1,28621.794921875,27827.125,55,209,4317,590,209,0,28,15,12,0,0
158,15.0,0.1,28240.458984375,27371.650390625,55,224,4767,577,224,0,28,15,12,0,0
159,15.0,0.1,29324.82421875,28481.21875,55,207,4346,590,207,0,28,15,12,0,0
160,15.0,0.2,29199.48828125,28392.083984375,55,209,4458,583,209,0,28,15,12,0,0
161,15.0,0.2,28754.62890625,27924.625,55,202,4208,587,202,0,28,15,12,0,0
162,15.0,0.2,28339.49609375,27577.72265625,55,226,4767,565,226,0,28,15,12,0,0
163,15.0,0.1,28806.30859375,27983.517578125,55,205,4344,586,205,0,28,15,12,0,0
164,15.0,0.2,29217.845703125,28419.58203125,55,207,4466,574,207,0,28,15,12,0,0
165,15.0,0.2,28853.15625,28014.87890625,55,202,4274,555,202,0,28,15,12,0,0
166,15.0,0.2,28805.095703125,27958.732421875,55,210,4314,582,210,0,28,15,12,0,0
167,15.0,0.2,28870.876953125,28113.67578125,55,211,4533,558,211,0,28,15,12,0,0
168,15.0,0.2,29774.935546875,28867.197265625,55,202,4449,536,202,0,28,15,12,0,0
169,15.0,0.1,28907.8828125,28061.80078125,55,222,4638,575,222,0,28,15,12,0,0
170,15.0,0.0,28922.74609375,28084.13671875,55,212,4496,591,212,0,28,15,12,0,0
171,15.0,0.1,28964.42578125,28100.3203125,55,207,4468,555,207,0,28,15,12,0,0
172,15.0,0.1,28753.0390625,27861.921875,55,201,4327,581,201,0,28,15,12,0,0
173,15.0,0.1,28794.66015625,28114.19140625,89,204,4341,587,204,0,48,29,12,0,0
174,15.0,0.2,28926.80859375,28136.58203125,55,204,4298,575,204,0,28,15,12,0,0
175,15.0,0.1,28797.59765625,28006.73828125,55,207,4348,590,207,0,28,15,12,0,0
176,15.0,0.0,28722.041015625,27901.896484375,55,210,4420,594,210,0,28,15,12,0,0
177,15.0,0.1,28371.267578125,27574.55859375,55,208,4346,579,208,0,28,15,12,0,0
178,15.0,0.1,28405.138671875,27586.625,55,223,4697,582,223,0,28,15,12,0,0
179,15.0,0.2,29067.400390625,28223.1796875,55,242,5102,582,242,0,28,15,12,0,0
180,15.0,0.1,28727.107421875,27921.810546875,55,207,4387,581,207,0,28,15,12,0,0
181,15.0,0.2,28930.603515625,28115.720703125,55,211,4440,575,211,0,28,15,12,0,0
182,15.0,0.2,29330.443359375,28555.728515625,55,223,4684,587,223,0,28,15,12,0,0
183,15.0,0.1,28919.775390625,28082.716796875,55,203,4349,553,203,0,28,15,12,0,0
184,15.0,0.1,29036.19921875,28180.341796875,55,204,4355,582,204,0,28,15,12,0,0
185,15.0,0.2,28826.349609375,27991.251953125,55,212,4545,604,212,0,28,15,12,0,0
186,15.0,0.1,29031.23828125,28190.6640625,55,230,4780,574,230,0,28,15,12,0,0
187,15.0,0.1,29124.3125,28295.146484375,55,221,4711,573,221,0,28,15,12,0,0
188,15.0,0.2,29256.984375,28440.814453125,55,206,4375,578,206,0,28,15,12,0,0
189,15.0,0.2,28428.16015625,27585.9375,55,204,4283,584,204,0,28,15,12,0,0
190,15.0,0.1,29476.5546875,28625.8515625,55,220,4606,535,220,0,28,15,12,0,0
191,15.0,0.2,28486.626953125,27650.58203125,55,223,4669,586,223,0,28,15,12,0,0
192,15.0,0.2,28866.244140625,28021.595703125,55,210,4509,587,210,0,28,15,12,0,0
193,15.0,0.2,29473.27734375,28656.53125,55,201,4239,573,201,0,28,15,12,0,0
194,15.0,0.2,28679.326171875,27925.517578125,55,203,4311,571,203,0,28,15,12,0,0
195,15.0,0.2,29570.291015625,28728.19140625,55,205,4343,575,205,0,28,15,12,0,0
196,15.0,0.0,28430.755859375,27619.705078125,55,205,4453,571,205,0,28,15,12,0,0
197,15.0,0.1,28766.68359375,27936.634765625,55,201,4347,577,201,0,28,15,12,0,0
198,15.0,0.2,28697.40234375,27857.5703125,55,212,4591,537,212,0,28,15,12,0,0
199,15.0,0.0,28602.578125,27791.4609375,55,206,4301,591,206,0,28,15,12,0,0
