query_id,shift,recall,entry_point_distance,base_layer_entry_distance,upper_layer_dist_comps,base_layer_visited,base_layer_dist_comps,candidates_remaining,trace_length
0,0.0,0.7,270.7206115722656,173.04501342773438,92,202,4836,551,202
1,0.0,0.6,259.6795654296875,182.151123046875,73,202,4759,505,202
2,0.0,0.9,272.7912292480469,176.89190673828125,113,201,4928,574,201
3,0.0,0.9,273.1586608886719,192.17434692382812,63,203,4866,520,203
4,0.0,0.8,264.4539794921875,175.1422119140625,82,201,4833,518,201
5,0.0,0.9,283.54974365234375,176.25965881347656,97,200,4877,556,200
6,0.0,0.7,241.93170166015625,178.6068572998047,89,200,4815,529,200
7,0.0,0.8,244.20648193359375,144.52542114257812,108,200,4704,513,200
8,0.0,0.8,209.6739044189453,188.07147216796875,41,206,4838,584,206
9,0.0,0.5,283.1230773925781,181.7522735595703,110,202,4700,506,202
10,0.0,0.8,258.3559265136719,163.54298400878906,82,202,4881,543,202
11,0.0,0.9,275.4591064453125,182.67613220214844,79,200,4780,542,200
12,0.0,0.8,242.2434539794922,161.39263916015625,66,201,4823,533,201
13,0.0,0.9,248.85519409179688,166.538330078125,89,203,4835,498,203
14,0.0,0.8,228.18289184570312,177.4112548828125,76,201,4826,539,201
15,0.0,0.6,235.2493133544922,194.0982208251953,60,200,4846,555,200
16,0.0,0.5,241.4534912109375,182.136962890625,37,200,4747,555,200
17,0.0,0.6,285.84503173828125,185.2596435546875,70,201,4767,519,201
18,0.0,0.6,251.601806640625,184.03823852539062,98,203,4854,513,203
19,0.0,0.8,241.2105255126953,176.50991821289062,60,202,4877,573,202
20,0.0,0.6,255.5765380859375,166.4647674560547,94,200,4848,518,200
21,0.0,0.4,234.81553649902344,177.75938415527344,76,202,4842,572,202
22,0.0,0.8,287.93524169921875,172.3788604736328,87,204,4944,609,204
23,0.0,0.7,250.34579467773438,152.30789184570312,99,201,4969,490,201
24,0.0,0.8,220.36468505859375,155.36282348632812,138,205,4922,524,205
25,0.0,0.5,276.052978515625,193.33990478515625,92,201,4803,554,201
26,0.0,0.7,283.5176086425781,190.2894744873047,101,205,4955,524,205
27,0.0,0.9,249.55320739746094,166.5819091796875,95,200,4797,528,200
28,0.0,0.7,231.27919006347656,176.1460723876953,60,200,4829,545,200
29,0.0,0.7,260.77081298828125,173.45748901367188,105,200,4853,538,200
30,0.0,0.8,264.85205078125,174.0506134033203,74,200,4827,529,200
31,0.0,0.9,221.26150512695312,164.75723266601562,71,204,4823,539,204
32,0.0,0.7,237.2958526611328,178.2016143798828,55,204,5020,542,204
33,0.0,0.9,262.0357666015625,222.65447998046875,61,208,5078,613,208
34,0.0,0.7,241.6371307373047,166.39569091796875,76,200,4825,575,200
35,0.0,0.5,262.0942077636719,203.8689422607422,87,216,5054,577,216
36,0.0,1.0,273.4197998046875,194.75027465820312,49,203,4949,547,203
37,0.0,0.7,297.6165771484375,203.37905883789062,68,203,4948,553,203
38,0.0,0.9,258.8476867675781,203.46334838867188,57,202,4879,561,202
39,0.0,0.8,227.8443603515625,181.06521606445312,103,202,4934,538,202
40,0.0,0.8,309.5248107910156,182.74298095703125,88,202,4816,544,202
41,0.0,0.8,279.6526184082031,183.28659057617188,75,201,4796,536,201
42,0.0,0.7,263.43963623046875,190.03208923339844,49,201,4795,517,201
43,0.0,0.7,210.9066162109375,175.4669952392578,109,205,4931,542,205
44,0.0,0.6,306.6179504394531,187.50357055664062,92,209,4969,546,209
45,0.0,0.8,254.3153533935547,182.44384765625,45,203,4879,595,203
46,0.0,0.8,278.49468994140625,156.4692840576172,76,201,4878,532,201
47,0.0,0.9,206.4932098388672,150.98825073242188,88,200,4788,507,200
48,0.0,1.0,249.74502563476562,182.00050354003906,82,201,4815,542,201
49,0.0,0.6,276.4617004394531,189.03579711914062,55,202,4914,550,202
50,0.0,0.6,238.5823516845703,179.5785369873047,73,200,4873,522,200
51,0.0,0.9,304.6512451171875,162.35548400878906,108,201,4897,507,201
52,0.0,0.6,223.23049926757812,204.3916473388672,59,204,4921,593,204
53,0.0,1.0,319.6322326660156,205.78701782226562,94,203,4869,569,203
54,0.0,0.9,246.47579956054688,198.92855834960938,52,202,4800,565,202
55,0.0,0.6,245.81753540039062,172.4996795654297,86,206,4892,572,206
56,0.0,0.8,272.7555236816406,154.430419921875,91,201,4772,515,201
57,0.0,0.5,252.47012329101562,179.41238403320312,71,203,4866,507,203
58,0.0,0.6,261.7354431152344,181.00958251953125,71,200,4894,562,200
59,0.0,0.8,264.0056457519531,192.607666015625,81,201,4733,558,201
60,0.0,0.9,267.3225402832031,179.1109161376953,81,200,4818,531,200
61,0.0,0.7,263.23101806640625,184.34173583984375,63,201,4843,545,201
62,0.0,0.8,258.0623779296875,194.60345458984375,47,203,4858,509,203
63,0.0,0.6,251.6269989013672,161.7368621826172,79,200,4876,537,200
64,0.0,0.6,253.0395050048828,158.3094024658203,161,205,4873,512,205
65,0.0,0.6,279.43560791015625,171.6361846923828,95,200,4830,531,200
66,0.0,0.6,282.6322326660156,192.49826049804688,63,200,4791,502,200
67,0.0,0.8,242.1190948486328,166.6089324951172,102,200,4744,495,200
68,0.0,0.8,234.3173828125,177.08644104003906,76,202,4921,543,202
69,0.0,0.7,292.795654296875,180.20303344726562,92,207,4972,554,207
70,0.0,0.9,226.85487365722656,169.46144104003906,57,203,4965,547,203
71,0.0,0.9,247.12380981445312,200.8538818359375,102,201,4836,549,201
72,0.0,0.8,257.56353759765625,179.3482208251953,81,200,4873,497,200
73,0.0,0.7,243.56527709960938,171.91848754882812,121,202,4904,571,202
74,0.0,0.7,263.80645751953125,185.7887420654297,103,202,4942,553,202
75,0.0,0.9,238.6905059814453,163.24777221679688,83,201,4914,518,201
76,0.0,0.9,247.67149353027344,167.86146545410156,66,204,4988,561,204
77,0.0,0.7,261.41961669921875,164.834228515625,71,203,4887,535,203
78,0.0,0.6,227.21498107910156,186.10299682617188,66,201,4964,556,201
79,0.0,0.9,238.8705596923828,164.1481170654297,57,201,4787,540,201
80,0.0,0.8,258.8111572265625,165.4102020263672,61,208,5019,554,208
81,0.0,0.8,282.0606994628906,178.22232055664062,96,202,4877,569,202
82,0.0,0.4,300.2552185058594,185.07907104492188,92,203,4839,565,203
83,0.0,0.5,294.7469787597656,193.93682861328125,103,200,4840,527,200
84,0.0,0.5,257.6546325683594,201.14976501464844,45,200,4757,577,200
85,0.0,0.7,261.2806701660156,177.5397491455078,52,201,4827,529,201
86,0.0,0.9,255.64178466796875,167.85873413085938,98,201,4823,530,201
87,0.0,0.6,267.18316650390625,179.33119201660156,95,202,4940,540,202
88,0.0,0.8,260.1509704589844,183.12353515625,81,200,4827,524,200
89,0.0,0.7,284.0450134277344,175.2688751220703,66,200,4774,499,200
90,0.0,0.9,275.4136657714844,189.10333251953125,85,204,4971,551,204
91,0.0,0.7,283.4463806152344,174.50303649902344,44,200,4924,602,200
92,0.0,0.9,260.95245361328125,190.78640747070312,67,201,4791,572,201
93,0.0,0.9,233.14768981933594,168.27796936035156,92,201,4978,524,201
94,0.0,0.5,289.64715576171875,198.0203857421875,47,203,4906,585,203
95,0.0,0.7,272.6055603027344,158.161376953125,136,200,4869,514,200
96,0.0,1.0,233.0034637451172,133.901123046875,145,201,4888,516,201
97,0.0,0.7,244.295654296875,161.78158569335938,92,200,4983,555,200
98,0.0,0.6,238.1039581298828,177.97598266601562,82,200,4905,547,200
99,0.0,0.4,245.76805114746094,176.9083251953125,76,201,4939,549,201
100,0.0,0.8,257.6386413574219,170.6398468017578,76,201,4910,534,201
101,0.0,1.0,251.50804138183594,164.4488067626953,44,200,4761,490,200
102,0.0,0.9,293.8660583496094,198.9432373046875,102,201,4936,597,201
103,0.0,0.9,257.35394287109375,194.43165588378906,71,201,4902,541,201
104,0.0,0.8,274.5644836425781,187.47549438476562,95,202,4885,575,202
105,0.0,0.8,286.4012451171875,195.84059143066406,84,200,4724,548,200
106,0.0,0.9,259.81671142578125,201.9243927001953,60,205,4840,532,205
107,0.0,0.8,268.47662353515625,183.5808868408203,87,201,4858,543,201
108,0.0,0.5,263.2876281738281,185.70474243164062,64,214,5147,517,214
109,0.0,0.5,289.85394287109375,194.75726318359375,98,201,4920,576,201
110,0.0,0.4,262.2841796875,206.72698974609375,65,202,4852,580,202
111,0.0,0.5,216.5684814453125,151.91258239746094,98,200,4939,574,200
112,0.0,0.6,230.1678009033203,194.98892211914062,44,202,4860,596,202
113,0.0,0.7,298.78326416015625,185.4067840576172,92,202,4936,547,202
114,0.0,0.8,259.4706115722656,184.6591339111328,98,201,4913,531,201
115,0.0,0.6,257.5705871582031,189.0266876220703,47,201,4871,558,201
116,0.0,0.7,240.6634063720703,190.23159790039062,44,201,4906,511,201
117,0.0,0.7,251.8260498046875,189.5113067626953,87,200,4854,548,200
118,0.0,0.6,308.90948486328125,173.0422821044922,90,200,4802,518,200
119,0.0,0.9,277.12603759765625,168.1148681640625,78,200,4889,526,200
120,0.0,0.5,282.3517761230469,182.0884552001953,55,200,4724,537,200
121,0.0,0.6,284.1060485839844,194.9007568359375,97,208,4948,550,208
122,0.0,0.7,339.4107971191406,204.6243133544922,86,203,4925,523,203
123,0.0,0.6,268.3988342285156,197.03639221191406,47,202,4836,547,202
124,0.0,0.8,265.3486328125,193.84414672851562,66,201,4824,554,201
125,0.0,1.0,224.114990234375,178.31607055664062,75,204,4903,553,204
126,0.0,0.6,235.635986328125,159.6341552734375,65,200,4784,551,200
127,0.0,0.7,250.94557189941406,179.93328857421875,89,201,4835,544,201
128,0.0,0.8,263.38446044921875,163.19381713867188,89,201,4900,569,201
129,0.0,0.9,256.56658935546875,168.79458618164062,98,202,4764,544,202
130,0.0,0.8,250.27650451660156,194.53509521484375,69,204,4932,574,204
131,0.0,0.9,231.3779754638672,176.34585571289062,73,200,4869,579,200
132,0.0,0.8,340.4825744628906,202.87188720703125,105,201,4788,590,201
133,0.0,0.9,246.098876953125,169.46636962890625,73,208,4973,519,208
134,0.0,0.9,250.6864776611328,176.071533203125,87,206,4893,565,206
135,0.0,0.9,298.601806640625,182.39151000976562,72,204,4916,538,204
136,0.0,0.7,234.33230590820312,164.03546142578125,90,202,4768,524,202
137,0.0,0.7,236.454833984375,175.89218139648438,101,201,4866,544,201
138,0.0,0.8,268.05242919921875,186.1094970703125,84,201,4714,537,201
139,0.0,0.7,227.49549865722656,189.48876953125,61,208,4980,558,208
140,0.0,0.7,300.1114196777344,211.8202362060547,71,206,4887,563,206
141,0.0,0.7,261.94775390625,214.5694122314453,50,200,4889,579,200
142,0.0,0.7,231.55470275878906,174.04623413085938,39,202,4764,566,202
143,0.0,0.8,235.79965209960938,187.22621154785156,71,201,4947,567,201
144,0.0,0.8,270.2283935546875,191.7924041748047,120,201,4779,509,201
145,0.0,1.0,263.3964538574219,179.38870239257812,89,201,4890,549,201
146,0.0,0.7,273.80450439453125,178.7193603515625,84,203,4821,556,203
147,0.0,0.4,215.34707641601562,215.34707641601562,25,201,4898,578,201
148,0.0,0.3,288.7912292480469,193.5212860107422,76,201,4887,597,201
149,0.0,0.8,207.60159301757812,184.08070373535156,101,201,4880,496,201
150,0.0,0.6,273.7662048339844,181.8646240234375,80,201,4845,530,201
151,0.0,0.7,247.78782653808594,173.5404815673828,115,205,4779,522,205
152,0.0,0.8,289.3811340332031,173.56785583496094,82,200,4848,545,200
153,0.0,0.8,287.3002624511719,198.2066650390625,72,200,4894,592,200
154,0.0,0.8,250.645751953125,174.5850830078125,95,201,4831,567,201
155,0.0,0.4,246.63540649414062,186.1978759765625,121,200,4818,582,200
156,0.0,0.8,225.17767333984375,158.70159912109375,41,203,4965,574,203
157,0.0,0.8,260.935791015625,190.4184112548828,57,202,4870,559,202
158,0.0,0.7,232.07489013671875,153.86740112304688,66,200,4679,502,200
159,0.0,0.8,276.91363525390625,203.20652770996094,73,207,4999,528,207
160,0.0,0.8,237.52713012695312,178.25347900390625,93,200,4786,492,200
161,0.0,0.5,285.17437744140625,181.11920166015625,92,203,4893,558,203
162,0.0,0.7,245.69808959960938,175.34121704101562,56,201,4864,540,201
163,0.0,0.8,230.63107299804688,199.32797241210938,77,201,4740,531,201
164,0.0,1.0,287.7466735839844,182.58905029296875,76,202,4847,542,202
165,0.0,0.5,265.734375,189.87966918945312,68,201,4860,548,201
166,0.0,0.7,221.1075897216797,179.98484802246094,76,200,4861,541,200
167,0.0,1.0,263.69549560546875,176.02293395996094,146,201,4896,519,201
168,0.0,0.5,262.76007080078125,180.59725952148438,92,202,4933,553,202
169,0.0,0.7,228.98507690429688,195.40892028808594,60,201,4773,561,201
170,0.0,1.0,249.7189178466797,167.4240264892578,74,202,4798,522,202
171,0.0,0.8,281.38165283203125,198.4588623046875,73,203,4907,587,203
172,0.0,0.7,271.2535400390625,180.9230499267578,74,202,4874,592,202
173,0.0,1.0,304.1095886230469,199.80645751953125,82,200,4789,539,200
174,0.0,0.9,267.35638427734375,202.4588623046875,57,202,4826,536,202
175,0.0,0.7,275.3876037597656,189.51043701171875,76,203,4943,592,203
176,0.0,0.5,287.341796875,191.78009033203125,75,202,4789,551,202
177,0.0,0.7,345.77154541015625,215.5867156982422,65,201,4836,539,201
178,0.0,0.8,234.5552215576172,186.25564575195312,76,201,4917,550,201
179,0.0,0.8,232.30535888671875,153.50975036621094,111,201,4745,531,201
180,0.0,0.6,269.1069641113281,180.46148681640625,91,201,4715,555,201
181,0.0,0.8,274.6925964355469,173.03262329101562,123,204,5005,544,204
182,0.0,0.7,236.75865173339844,184.33656311035156,85,201,4973,544,201
183,0.0,0.9,208.30084228515625,133.1120147705078,60,200,4901,555,200
184,0.0,0.7,239.33819580078125,194.071044921875,65,203,4972,596,203
185,0.0,0.7,259.85577392578125,175.18563842773438,87,201,4822,545,201
186,0.0,0.6,282.9827575683594,223.2506103515625,72,202,4834,568,202
187,0.0,0.7,266.7421875,177.3787841796875,87,200,4798,508,200
188,0.0,0.7,226.96665954589844,159.30613708496094,76,203,4989,519,203
189,0.0,0.8,240.1663055419922,163.7244415283203,123,201,4856,538,201
190,0.0,0.8,249.92074584960938,180.61402893066406,124,202,4804,527,202
191,0.0,0.6,246.76458740234375,192.28594970703125,89,200,4878,561,200
192,0.0,0.8,327.1329650878906,197.76702880859375,73,201,4713,562,201
193,0.0,0.5,249.39712524414062,176.6533660888672,106,201,4871,531,201
194,0.0,0.8,249.50186157226562,160.0151824951172,96,201,4960,562,201
195,0.0,0.6,273.6022033691406,210.5299072265625,78,202,4854,540,202
196,0.0,0.7,264.0135803222656,174.57791137695312,116,202,4853,591,202
197,0.0,0.7,265.6012878417969,168.39158630371094,87,201,4951,596,201
198,0.0,0.9,286.5303039550781,160.02975463867188,68,204,4972,532,204
199,0.0,0.8,255.984375,186.66676330566406,92,203,4942,609,203
0,0.5,0.7,263.77398681640625,186.70614624023438,108,202,4894,575,202
1,0.5,0.7,274.4251403808594,201.5300750732422,82,202,4910,585,202
2,0.5,0.8,251.57562255859375,189.37901306152344,60,203,4911,570,203
3,0.5,0.7,253.5325927734375,195.96380615234375,67,205,4897,528,205
4,0.5,0.4,295.3053283691406,211.69847106933594,61,200,4765,519,200
5,0.5,0.7,247.3252410888672,201.6866912841797,82,203,4908,573,203
6,0.5,0.5,284.65240478515625,212.2748565673828,60,200,4772,565,200
7,0.5,0.4,304.9697265625,204.2880859375,67,208,5040,585,208
8,0.5,0.9,313.1733093261719,224.84095764160156,44,204,4935,591,204
9,0.5,0.6,278.917236328125,214.2003936767578,44,202,4840,572,202
10,0.5,0.7,290.60986328125,223.85621643066406,81,207,4970,570,207
11,0.5,0.7,307.5277404785156,215.59747314453125,60,206,4949,516,206
12,0.5,0.5,256.0612487792969,215.56195068359375,90,202,5015,549,202
13,0.5,0.9,308.88238525390625,203.44378662109375,60,200,4807,551,200
14,0.5,0.7,287.5832824707031,214.17918395996094,74,208,4987,569,208
15,0.5,0.6,249.3924560546875,219.6437225341797,74,201,4926,568,201
16,0.5,0.5,308.462158203125,201.7760772705078,59,202,4910,565,202
17,0.5,0.8,353.1395263671875,230.04005432128906,74,201,4874,543,201
18,0.5,0.8,231.77394104003906,192.55294799804688,73,201,4891,573,201
19,0.5,0.4,303.75213623046875,224.06646728515625,59,210,5068,573,210
20,0.5,0.2,260.7763977050781,191.37103271484375,66,200,4852,552,200
21,0.5,0.5,275.97314453125,216.44114685058594,59,201,4860,553,201
22,0.5,0.8,211.9054718017578,211.9054718017578,25,201,4792,563,201
23,0.5,0.7,279.185546875,205.08181762695312,61,206,4976,610,206
24,0.5,0.6,284.60296630859375,200.4446563720703,77,202,4832,571,202
25,0.5,0.9,322.71466064453125,226.4819793701172,71,200,4814,544,200
26,0.5,1.0,255.43179321289062,188.18865966796875,84,202,4984,513,202
27,0.5,0.4,296.8677062988281,218.48033142089844,75,201,4764,557,201
28,0.5,0.6,292.1471862792969,213.77886962890625,76,201,4826,584,201
29,0.5,1.0,219.55227661132812,186.6231231689453,46,204,4973,593,204
30,0.5,0.6,248.5279998779297,198.946533203125,73,200,4769,577,200
31,0.5,0.8,293.32720947265625,197.24093627929688,106,201,4818,536,201
32,0.5,0.7,270.13128662109375,186.95359802246094,118,202,4888,544,202
33,0.5,0.8,278.2529296875,206.4716796875,91,204,4908,560,204
34,0.5,0.8,222.47100830078125,194.8545379638672,60,201,4800,554,201
35,0.5,0.8,297.9161071777344,210.02488708496094,107,201,4893,556,201
36,0.5,0.6,278.81842041015625,215.40823364257812,108,201,4867,471,201
37,0.5,0.8,297.08233642578125,258.2046813964844,63,203,4867,613,203
38,0.5,0.8,309.2671813964844,235.5899658203125,60,203,4838,593,203
39,0.5,0.7,262.37103271484375,192.1588592529297,66,200,4805,536,200
40,0.5,0.8,284.0371398925781,215.99530029296875,60,201,4871,604,201
41,0.5,0.3,303.0704650878906,220.26828002929688,66,203,4903,568,203
42,0.5,0.6,258.80316162109375,195.44241333007812,86,204,4922,596,204
43,0.5,0.6,336.143310546875,227.07754516601562,90,200,4752,556,200
44,0.5,0.8,302.9471130371094,209.30812072753906,73,200,4958,590,200
45,0.5,0.6,331.72674560546875,232.25106811523438,83,207,4800,556,207
46,0.5,0.7,283.68170166015625,216.53134155273438,68,201,4728,558,201
47,0.5,0.8,270.87835693359375,227.54673767089844,58,201,4825,591,201
48,0.5,0.7,250.73838806152344,204.47900390625,60,213,5093,548,213
49,0.5,0.7,301.83917236328125,239.87014770507812,66,202,4862,565,202
50,0.5,0.7,326.8313903808594,242.4972686767578,60,204,4808,552,204
51,0.5,0.7,267.8608703613281,204.39767456054688,59,201,4874,496,201
52,0.5,0.6,322.2137451171875,238.3773956298828,66,203,4893,566,203
53,0.5,0.6,288.2181701660156,204.3978729248047,72,206,4964,587,206
54,0.5,0.6,287.25732421875,239.40261840820312,44,201,4918,507,201
55,0.5,0.7,321.9453430175781,223.94943237304688,66,200,4896,536,200
56,0.5,0.6,265.6997375488281,217.89007568359375,104,202,4916,585,202
57,0.5,0.9,298.3760681152344,228.1370391845703,92,203,4817,544,203
58,0.5,0.6,298.5130920410156,223.33030700683594,76,201,4821,528,201
59,0.5,0.9,259.2286376953125,182.46205139160156,44,200,4803,599,200
60,0.5,0.8,303.8436584472656,222.1205596923828,72,201,4867,559,201
61,0.5,0.7,258.55316162109375,206.12811279296875,60,203,4865,574,203
62,0.5,0.9,297.6583251953125,201.8539581298828,102,201,4844,571,201
63,0.5,0.3,260.51580810546875,213.233642578125,60,203,4770,536,203
64,0.5,0.6,297.66864013671875,228.3474578857422,50,201,4859,589,201
65,0.5,0.7,240.26950073242188,184.82144165039062,91,200,4835,533,200
66,0.5,0.7,277.1411437988281,182.5143280029297,76,201,4799,557,201
67,0.5,0.8,280.13507080078125,204.2866668701172,80,200,4916,577,200
68,0.5,0.8,288.0215759277344,216.75794982910156,50,201,4789,562,201
69,0.5,0.7,222.4072265625,204.54208374023438,60,200,4799,541,200
70,0.5,0.7,283.4034118652344,208.62294006347656,92,201,4814,564,201
71,0.5,0.6,270.9112854003906,202.43243408203125,76,200,4760,570,200
72,0.5,0.7,310.76422119140625,197.16151428222656,92,205,4870,567,205
73,0.5,0.7,229.891357421875,182.52259826660156,104,202,4895,523,202
74,0.5,0.8,324.2043762207031,245.59722900390625,47,202,4870,562,202
75,0.5,0.5,278.38421630859375,207.149169921875,88,200,4838,553,200
76,0.5,0.7,253.61822509765625,199.97116088867188,72,201,4726,549,201
77,0.5,0.4,306.79998779296875,195.41854858398438,68,201,4815,529,201
78,0.5,0.8,235.16751098632812,193.42181396484375,59,201,4880,575,201
79,0.5,0.4,284.5079345703125,214.578125,76,204,4952,620,204
80,0.5,0.5,317.523681640625,206.07424926757812,75,200,4765,546,200
81,0.5,0.6,281.8816223144531,190.3185577392578,60,204,5004,507,204
82,0.5,0.7,312.9723205566406,218.76048278808594,52,200,4813,560,200
83,0.5,0.7,322.3005676269531,210.07672119140625,76,202,4982,571,202
84,0.5,0.9,276.48309326171875,193.7543487548828,63,208,4942,572,208
85,0.5,0.5,307.55255126953125,196.1597900390625,60,201,4884,566,201
86,0.5,0.6,283.1227111816406,194.4517059326172,60,203,4801,553,203
87,0.5,0.4,302.3495178222656,248.68313598632812,76,206,4956,607,206
88,0.5,0.8,278.6205749511719,205.46832275390625,70,201,4792,530,201
89,0.5,0.6,315.10418701171875,220.73773193359375,115,200,4783,572,200
90,0.5,0.3,280.1861267089844,212.9184112548828,44,200,4890,551,200
91,0.5,0.7,275.7557373046875,197.31080627441406,60,200,4949,570,200
92,0.5,0.9,285.91851806640625,197.6794891357422,60,200,4788,539,200
93,0.5,0.7,323.16778564453125,222.63027954101562,97,206,4940,507,206
94,0.5,0.7,283.48565673828125,208.27264404296875,70,203,4898,550,203
95,0.5,0.6,323.51318359375,239.63502502441406,44,202,4811,530,202
96,0.5,0.5,263.21044921875,192.9135284423828,130,200,4851,535,200
97,0.5,0.7,298.4637756347656,220.7282257080078,44,201,4689,537,201
98,0.5,0.8,260.6130676269531,219.77218627929688,39,207,4942,553,207
99,0.5,0.7,297.4839782714844,216.98193359375,60,201,4791,555,201
100,0.5,0.6,261.77728271484375,203.6651611328125,58,200,4843,561,200
101,0.5,0.6,292.753173828125,208.10108947753906,57,206,4824,564,206
102,0.5,0.6,266.29693603515625,184.72146606445312,60,200,4838,579,200
103,0.5,0.5,305.39105224609375,196.25624084472656,81,205,4930,562,205
104,0.5,0.5,251.89691162109375,221.131103515625,69,205,4865,532,205
105,0.5,0.5,333.5955810546875,220.78485107421875,82,201,4816,553,201
106,0.5,0.8,304.4732666015625,199.84046936035156,60,201,4784,512,201
107,0.5,0.4,324.52410888671875,263.59466552734375,71,210,4972,562,210
108,0.5,0.4,357.5533142089844,215.56825256347656,76,201,4842,591,201
109,0.5,0.6,267.44970703125,204.0563507080078,60,200,4879,540,200
110,0.5,0.6,336.94879150390625,259.1744079589844,44,206,4912,594,206
111,0.5,0.8,301.6590270996094,211.82476806640625,44,201,4841,590,201
112,0.5,0.6,243.67308044433594,241.56503295898438,41,204,4897,586,204
113,0.5,0.4,296.4132385253906,220.97384643554688,97,200,4778,573,200
114,0.5,0.7,310.9357604980469,214.9920196533203,60,200,4759,495,200
115,0.5,0.6,294.9720153808594,214.20176696777344,108,201,4813,561,201
116,0.5,0.7,347.6788635253906,196.9886474609375,73,202,4776,546,202
117,0.5,0.8,281.0980224609375,198.65841674804688,76,200,4760,533,200
118,0.5,0.7,275.7890625,202.091552734375,60,200,4834,563,200
119,0.5,0.2,343.193603515625,243.70509338378906,44,203,4898,562,203
120,0.5,0.6,260.7086486816406,210.82350158691406,76,201,4833,605,201
121,0.5,0.7,342.4429626464844,208.53919982910156,133,209,5083,570,209
122,0.5,0.5,324.0332946777344,200.9326171875,92,209,4982,602,209
123,0.5,0.8,277.97210693359375,227.5772705078125,56,204,4980,606,204
124,0.5,0.8,231.7804718017578,216.8271942138672,41,201,4844,559,201
125,0.5,0.8,269.64019775390625,209.40965270996094,44,202,4894,552,202
126,0.5,0.8,319.2920837402344,213.79318237304688,79,200,4852,526,200
127,0.5,1.0,305.4534606933594,184.47906494140625,92,200,4777,525,200
128,0.5,0.6,288.2481994628906,221.08973693847656,44,200,4934,554,200
129,0.5,0.9,300.0110778808594,184.2625732421875,102,203,4861,551,203
130,0.5,0.7,247.85873413085938,197.9558868408203,53,202,4887,540,202
131,0.5,0.7,315.06903076171875,205.66416931152344,60,204,4867,543,204
132,0.5,0.6,294.3135070800781,227.78684997558594,73,202,4970,563,202
133,0.5,0.8,278.353759765625,194.17727661132812,82,202,4902,593,202
134,0.5,0.7,308.1695861816406,214.07308959960938,79,207,4834,562,207
135,0.5,0.7,287.4234313964844,201.07797241210938,76,206,4925,564,206
136,0.5,0.6,316.92919921875,216.16802978515625,75,201,4911,592,201
137,0.5,0.7,273.75128173828125,225.3689422607422,57,205,4900,564,205
138,0.5,0.6,304.681640625,232.09449768066406,57,202,4791,551,202
139,0.5,0.9,292.5407409667969,228.11849975585938,89,222,5166,589,222
140,0.5,0.8,222.44088745117188,170.57833862304688,107,200,4784,498,200
141,0.5,0.9,294.4789733886719,219.05335998535156,97,213,5101,545,213
142,0.5,0.6,305.9504089355469,212.5443115234375,44,201,4846,548,201
143,0.5,0.8,331.71246337890625,210.8247528076172,92,201,4854,524,201
144,0.5,0.4,308.0242614746094,231.32908630371094,50,207,4944,497,207
145,0.5,0.7,254.4279022216797,184.81411743164062,73,200,4952,543,200
146,0.5,0.9,256.54449462890625,203.3507537841797,76,200,4796,553,200
147,0.5,0.7,300.9181213378906,207.91928100585938,66,200,4710,553,200
148,0.5,0.7,335.3122863769531,218.68359375,60,201,4769,522,201
149,0.5,0.8,240.33706665039062,200.59735107421875,60,206,4949,544,206
150,0.5,0.3,271.20574951171875,220.07647705078125,76,200,4846,531,200
151,0.5,0.6,273.0168762207031,191.7047119140625,60,200,4756,555,200
152,0.5,0.6,318.4046630859375,232.91616821289062,60,203,4781,539,203
153,0.5,1.0,263.87457275390625,200.16551208496094,44,200,4700,538,200
154,0.5,0.9,228.6000213623047,206.302001953125,76,201,4694,526,201
155,0.5,0.5,316.9328308105469,204.44349670410156,84,201,4858,571,201
156,0.5,0.9,284.3584289550781,198.28915405273438,57,201,4874,570,201
157,0.5,0.6,277.48785400390625,172.58103942871094,56,205,4884,579,205
158,0.5,0.8,275.4597473144531,207.38754272460938,50,201,4859,541,201
159,0.5,0.6,259.49810791015625,205.15396118164062,70,201,4888,598,201
160,0.5,0.4,270.4812927246094,214.86318969726562,103,205,4923,497,205
161,0.5,0.8,300.6085205078125,212.08360290527344,60,202,4906,558,202
162,0.5,0.7,254.6818389892578,208.7115936279297,72,201,4874,556,201
163,0.5,0.6,227.9272918701172,188.4544677734375,72,232,5539,595,232
164,0.5,0.7,246.13270568847656,203.96119689941406,76,200,4849,576,200
165,0.5,0.7,257.0738830566406,193.64285278320312,44,200,4866,530,200
166,0.5,0.7,279.45452880859375,205.90164184570312,44,201,4814,532,201
167,0.5,1.0,288.4557189941406,235.1383056640625,71,203,4980,590,203
168,0.5,0.5,283.682373046875,197.8453826904297,82,206,4952,544,206
169,0.5,0.6,317.3815002441406,237.8358154296875,60,202,4720,515,202
170,0.5,0.6,253.259521484375,210.3823699951172,64,211,5071,559,211
171,0.5,0.6,326.4114074707031,207.58131408691406,92,201,4828,583,201
172,0.5,0.7,279.1522521972656,216.68751525878906,60,203,4759,584,203
173,0.5,0.6,311.5716247558594,236.46871948242188,92,204,4801,547,204
174,0.5,0.5,305.32586669921875,235.30308532714844,44,204,4881,598,204
175,0.5,0.5,263.8730773925781,222.63035583496094,44,201,4918,589,201
176,0.5,0.8,276.660888671875,211.9376678466797,60,201,4921,585,201
177,0.5,0.8,305.2513732910156,210.80075073242188,47,201,4794,553,201
178,0.5,0.9,299.7793884277344,206.0452117919922,57,207,5012,542,207
179,0.5,0.5,284.81634521484375,210.20985412597656,73,204,4726,538,204
180,0.5,0.9,286.6416320800781,204.45240783691406,113,200,4807,520,200
181,0.5,0.9,367.69970703125,242.18753051757812,92,216,5108,547,216
182,0.5,0.9,269.1943664550781,229.25186157226562,71,201,4797,576,201
183,0.5,1.0,246.62884521484375,228.16592407226562,63,203,4988,554,203
184,0.5,0.6,258.13922119140625,188.26332092285156,75,201,4688,523,201
185,0.5,0.6,279.6275634765625,203.27099609375,137,207,4885,559,207
186,0.5,0.5,324.9971618652344,201.2357635498047,77,200,4820,539,200
187,0.5,0.7,327.3692626953125,243.40911865234375,56,204,4875,553,204
188,0.5,0.7,259.98468017578125,198.0394744873047,85,202,4985,570,202
189,0.5,0.7,278.92950439453125,225.2875213623047,83,201,4933,576,201
190,0.5,0.6,310.8129577636719,210.9163055419922,127,201,4792,586,201
191,0.5,0.6,312.3173522949219,228.70281982421875,108,202,4848,572,202
192,0.5,0.7,342.6170349121094,259.70684814453125,44,202,4725,513,202
193,0.5,0.4,244.70677185058594,178.26771545410156,60,200,4869,512,200
194,0.5,0.5,274.7061767578125,211.66156005859375,92,206,4826,590,206
195,0.5,0.5,303.98370361328125,199.49142456054688,95,205,4868,565,205
196,0.5,0.7,256.3143615722656,184.31161499023438,71,208,4773,589,208
197,0.5,0.6,248.91781616210938,189.96751403808594,60,200,4837,550,200
198,0.5,0.8,279.21246337890625,223.82064819335938,108,203,4973,534,203
199,0.5,0.8,278.9501037597656,228.62120056152344,60,205,4843,589,205
0,1.0,0.3,331.70477294921875,312.2406311035156,54,202,4779,603,202
1,1.0,0.7,297.3047180175781,251.08966064453125,88,200,4708,550,200
2,1.0,0.5,354.0845642089844,277.97454833984375,117,202,4835,550,202
3,1.0,0.5,388.8907775878906,280.67755126953125,92,207,4905,564,207
4,1.0,0.6,406.8282470703125,351.3439025878906,53,201,4742,589,201
5,1.0,0.3,391.7725524902344,288.7574157714844,60,201,4825,555,201
6,1.0,0.3,375.1724548339844,284.6913757324219,76,215,5114,566,215
7,1.0,0.3,387.9134521484375,273.66259765625,106,201,4668,590,201
8,1.0,0.7,314.0606994628906,291.67333984375,57,201,4743,568,201
9,1.0,0.6,356.988525390625,267.5561828613281,60,202,4810,523,202
10,1.0,0.4,376.73406982421875,308.5384826660156,76,200,4753,581,200
11,1.0,0.6,377.1229553222656,294.48895263671875,60,202,4847,540,202
12,1.0,0.7,342.6925048828125,295.8414306640625,76,204,4892,576,204
13,1.0,0.7,337.7521667480469,251.57586669921875,58,218,5162,533,218
14,1.0,0.7,308.1998291015625,303.1706237792969,41,203,4875,560,203
15,1.0,0.3,398.3510437011719,313.2293395996094,76,202,4605,609,202
16,1.0,0.5,349.14593505859375,301.9717712402344,60,205,4937,627,205
17,1.0,0.4,366.1923828125,309.0060729980469,121,202,4755,554,202
18,1.0,0.7,455.9942626953125,383.64178466796875,76,202,4820,571,202
19,1.0,0.6,369.73162841796875,260.5732116699219,60,203,4798,546,203
20,1.0,0.9,348.6512145996094,225.48086547851562,124,201,4827,555,201
21,1.0,0.5,363.11285400390625,283.93450927734375,44,205,4871,622,205
22,1.0,0.5,391.3135986328125,306.1932373046875,44,200,4681,551,200
23,1.0,0.9,360.16058349609375,282.05316162109375,44,200,4742,570,200
24,1.0,0.7,346.3307800292969,242.51564025878906,60,200,4747,532,200
25,1.0,0.5,399.2143859863281,274.2266845703125,87,204,4643,533,204
26,1.0,0.4,358.29595947265625,300.70660400390625,44,204,4758,599,204
27,1.0,0.7,420.5238952636719,345.4844055175781,60,206,4859,600,206
28,1.0,0.7,415.09881591796875,319.83929443359375,75,201,4869,579,201
29,1.0,0.5,360.4029541015625,268.7732849121094,60,202,4751,547,202
30,1.0,0.7,350.9773864746094,281.0109558105469,76,223,5236,597,223
31,1.0,0.5,389.55584716796875,309.3775634765625,75,202,4700,575,202
32,1.0,0.5,453.88323974609375,321.2121887207031,44,201,4784,573,201
33,1.0,0.7,392.0417785644531,298.4478759765625,60,200,4640,509,200
34,1.0,0.3,352.19512939453125,275.1335754394531,60,203,4745,592,203
35,1.0,0.4,395.03631591796875,292.70654296875,60,205,4916,576,205
36,1.0,1.0,430.54876708984375,330.31927490234375,60,201,4793,584,201
37,1.0,0.5,364.5561218261719,298.81634521484375,58,200,4657,514,200
38,1.0,0.8,389.9377136230469,312.9138488769531,60,201,4797,568,201
39,1.0,0.7,388.409423828125,301.6567077636719,76,200,4595,590,200
40,1.0,0.6,424.3228454589844,322.73004150390625,60,204,4858,580,204
41,1.0,0.5,380.28436279296875,293.8495178222656,88,205,4898,607,205
42,1.0,0.5,330.1339111328125,274.42474365234375,60,204,4774,587,204
43,1.0,0.2,432.0383605957031,351.68609619140625,60,209,4909,564,209
44,1.0,0.6,367.9992370605469,264.18951416015625,111,201,4643,548,201
45,1.0,0.5,402.11090087890625,357.5208740234375,102,205,4803,596,205
46,1.0,0.7,343.4743957519531,288.41912841796875,74,201,4716,575,201
47,1.0,0.5,387.8119201660156,308.1673889160156,92,204,4819,622,204
48,1.0,0.5,383.63543701171875,329.1251525878906,60,201,4801,569,201
49,1.0,0.7,335.24981689453125,250.300048828125,58,200,4709,524,200
50,1.0,0.8,366.49993896484375,278.9674987792969,106,200,4789,568,200
51,1.0,0.7,332.37060546875,242.88922119140625,58,204,4814,576,204
52,1.0,0.5,431.73541259765625,356.1134033203125,89,203,4720,538,203
53,1.0,0.5,365.51678466796875,281.9010009765625,76,204,4766,573,204
54,1.0,0.6,355.41009521484375,293.8526611328125,59,201,4831,595,201
55,1.0,0.2,384.91925048828125,325.0206298828125,91,201,4834,571,201
56,1.0,0.7,370.9867248535156,249.17311096191406,60,207,4785,536,207
57,1.0,0.5,363.5958251953125,279.6614990234375,60,200,4712,546,200
58,1.0,0.6,363.2638244628906,293.47027587890625,95,203,4823,616,203
59,1.0,0.5,378.82537841796875,302.53912353515625,50,201,4833,589,201
60,1.0,0.4,396.953125,255.4241180419922,114,200,4726,622,200
61,1.0,0.5,345.40673828125,309.1493225097656,60,201,4769,551,201
62,1.0,0.7,301.70404052734375,242.60855102539062,108,200,4787,495,200
63,1.0,0.5,369.63299560546875,293.6958923339844,51,200,4712,492,200
64,1.0,0.4,427.3054504394531,342.8960876464844,92,205,4834,547,205
65,1.0,0.4,357.078125,277.48736572265625,108,213,5062,577,213
66,1.0,0.6,452.02490234375,376.7955322265625,50,219,5187,604,219
67,1.0,0.8,345.6224670410156,257.7052001953125,59,202,4861,535,202
68,1.0,0.6,351.9540710449219,264.70941162109375,44,200,4763,580,200
69,1.0,0.7,362.33441162109375,257.04034423828125,76,201,4755,540,201
70,1.0,0.6,372.3465576171875,304.7261962890625,60,203,4753,591,203
71,1.0,0.5,376.3878173828125,294.3043212890625,60,201,4756,571,201
72,1.0,0.6,403.4215393066406,289.909912109375,89,200,4784,587,200
73,1.0,0.7,365.9766845703125,275.3748779296875,70,204,4854,618,204
74,1.0,0.5,364.7852478027344,282.19219970703125,76,210,5045,584,210
75,1.0,0.7,331.5215759277344,286.3543701171875,92,201,4760,586,201
76,1.0,0.7,331.732177734375,247.6321563720703,78,200,4822,591,200
77,1.0,0.6,334.8360290527344,279.7698059082031,92,200,4770,536,200
78,1.0,0.8,386.0597229003906,280.4514465332031,66,204,4813,579,204
79,1.0,0.6,428.3688659667969,281.77484130859375,60,203,4638,545,203
80,1.0,0.8,375.821044921875,280.341796875,60,204,4913,590,204
81,1.0,0.5,343.6071472167969,283.767333984375,124,203,4815,514,203
82,1.0,0.6,455.05767822265625,297.1811828613281,73,200,4721,555,200
83,1.0,0.6,412.6035461425781,333.51861572265625,60,210,4960,634,210
84,1.0,0.7,342.2251281738281,248.52944946289062,60,201,4787,535,201
85,1.0,0.6,328.5417785644531,269.8467712402344,44,200,4842,547,200
86,1.0,0.5,385.4923400878906,270.85223388671875,60,201,4771,575,201
87,1.0,0.3,435.68231201171875,313.7646789550781,60,205,4872,547,205
88,1.0,0.5,402.4764099121094,311.35284423828125,108,213,4968,545,213
89,1.0,0.5,378.25213623046875,314.24578857421875,92,202,4784,573,202
90,1.0,0.5,320.5154724121094,250.42433166503906,60,200,4844,512,200
91,1.0,0.6,348.9563293457031,267.66845703125,108,202,4822,588,202
92,1.0,0.6,327.36981201171875,204.9563446044922,116,200,4908,585,200
93,1.0,0.6,458.32086181640625,342.9348449707031,52,201,4756,571,201
94,1.0,0.4,331.7922058105469,275.974609375,59,202,4838,602,202
95,1.0,0.4,386.3641357421875,326.3323974609375,60,200,4572,552,200
96,1.0,0.5,399.7652587890625,338.6363525390625,68,201,4757,594,201
97,1.0,0.5,313.28155517578125,246.45338439941406,76,204,4698,548,204
98,1.0,0.3,328.3080749511719,285.3454284667969,44,208,4861,636,208
99,1.0,0.4,366.93792724609375,309.7724609375,76,207,4910,576,207
100,1.0,0.5,428.42999267578125,303.990234375,92,200,4772,560,200
101,1.0,0.6,365.1335754394531,305.6308288574219,76,209,4991,544,209
102,1.0,0.6,400.9084167480469,315.47308349609375,52,202,4798,535,202
103,1.0,0.6,435.81146240234375,378.9134521484375,60,209,4845,592,209
104,1.0,0.5,354.01019287109375,305.01129150390625,76,200,4801,611,200
105,1.0,0.6,391.12847900390625,256.4477844238281,44,204,4888,581,204
106,1.0,0.7,399.2744445800781,281.1061706542969,89,201,4779,525,201
107,1.0,0.3,429.40087890625,307.41180419921875,89,201,4821,567,201
108,1.0,0.5,371.81524658203125,268.6993408203125,44,205,4872,528,205
109,1.0,0.5,417.44140625,336.7870788574219,138,202,4681,585,202
110,1.0,0.7,294.5536804199219,256.93182373046875,60,206,4930,600,206
111,1.0,0.7,389.8053283691406,316.0905456542969,58,202,4909,558,202
112,1.0,0.4,343.3547668457031,296.3144836425781,58,206,4852,557,206
113,1.0,0.3,325.869873046875,289.9183044433594,72,204,4969,591,204
114,1.0,0.4,363.00738525390625,273.25152587890625,60,202,4801,554,202
115,1.0,0.4,326.7111511230469,300.927734375,71,201,4721,586,201
116,1.0,0.6,314.37982177734375,248.1536865234375,60,202,4742,573,202
117,1.0,0.2,355.32659912109375,288.53759765625,83,201,4714,580,201
118,1.0,0.3,351.6800537109375,282.31390380859375,44,200,4721,546,200
119,1.0,0.4,399.40667724609375,264.2181091308594,83,205,4874,548,205
120,1.0,0.7,380.45989990234375,284.1098327636719,76,204,4816,601,204
121,1.0,0.7,401.7395935058594,334.49053955078125,72,206,4767,610,206
122,1.0,0.5,357.7370910644531,279.1187438964844,44,201,4758,555,201
123,1.0,0.4,388.5616455078125,286.7892761230469,60,203,4803,595,203
124,1.0,0.6,343.7292175292969,256.4659118652344,60,203,4882,539,203
125,1.0,0.5,390.3526306152344,296.0614318847656,93,206,4874,510,206
126,1.0,0.3,442.35968017578125,334.5948486328125,76,206,4879,587,206
127,1.0,0.8,361.39324951171875,288.2856750488281,108,200,4713,553,200
128,1.0,0.6,335.1312255859375,277.5281066894531,60,200,4758,524,200
129,1.0,0.4,385.706787109375,340.90533447265625,80,204,4711,554,204
130,1.0,0.9,385.6058654785156,268.1944580078125,60,200,4869,536,200
131,1.0,0.4,338.8233337402344,317.7402038574219,44,205,4823,630,205
132,1.0,0.6,359.8138122558594,282.255859375,44,222,5261,604,222
133,1.0,0.6,399.4559020996094,293.5755920410156,60,200,4769,552,200
134,1.0,0.6,372.6958923339844,267.2581787109375,108,201,4852,573,201
135,1.0,0.6,289.9082946777344,213.62969970703125,44,204,4823,516,204
136,1.0,0.7,344.4746398925781,287.4306335449219,60,208,5018,603,208
137,1.0,0.4,357.439453125,267.7765808105469,60,200,4823,584,200
138,1.0,1.0,366.2423400878906,281.7691955566406,60,202,4849,560,202
139,1.0,0.3,398.1605224609375,318.0068054199219,49,206,4747,549,206
140,1.0,0.8,365.9324645996094,297.78436279296875,60,212,5079,568,212
141,1.0,0.7,311.16748046875,272.11260986328125,60,204,4985,603,204
142,1.0,0.6,413.402587890625,282.26947021484375,74,208,4972,556,208
143,1.0,0.5,333.83013916015625,253.12991333007812,90,202,4798,546,202
144,1.0,0.8,355.1671142578125,269.7752380371094,60,211,4870,527,211
145,1.0,0.6,397.2520446777344,331.6228942871094,50,215,5055,554,215
146,1.0,0.7,403.532958984375,355.4125061035156,55,201,4798,569,201
147,1.0,0.6,397.5731201171875,294.00958251953125,60,200,4631,520,200
148,1.0,0.7,391.54168701171875,277.53363037109375,81,202,4848,556,202
149,1.0,0.4,367.96343994140625,279.0623474121094,76,202,4813,569,202
150,1.0,0.8,347.69488525390625,286.6686706542969,76,202,4726,588,202
151,1.0,0.4,369.4154357910156,312.2298889160156,75,205,4843,632,205
152,1.0,0.4,355.04998779296875,301.4694519042969,44,201,4737,556,201
153,1.0,0.4,381.32525634765625,313.0792236328125,44,200,4642,555,200
154,1.0,0.6,342.5621643066406,280.5057067871094,92,201,4735,571,201
155,1.0,0.4,402.4729919433594,291.289306640625,58,202,4723,604,202
156,1.0,0.8,345.0907897949219,273.0263366699219,60,222,5286,647,222
157,1.0,0.5,373.5554504394531,272.4122619628906,60,209,4954,531,209
158,1.0,0.7,356.28863525390625,270.4119567871094,44,200,4828,549,200
159,1.0,0.3,398.6999206542969,294.6597900390625,89,202,4749,571,202
160,1.0,0.4,468.2518005371094,365.162109375,60,201,4837,598,201
161,1.0,0.6,381.03216552734375,282.8465576171875,92,207,5030,584,207
162,1.0,0.7,345.1217956542969,297.2903137207031,44,209,4941,547,209
163,1.0,0.5,323.55828857421875,323.55828857421875,25,203,4754,577,203
164,1.0,0.5,383.7303161621094,288.7721252441406,88,201,4729,546,201
165,1.0,0.7,328.5372009277344,269.0855712890625,78,203,4844,596,203
166,1.0,0.7,370.1495361328125,315.06439208984375,88,202,4698,614,202
167,1.0,0.5,408.6121520996094,312.1184997558594,89,201,4681,535,201
168,1.0,0.3,369.7537536621094,283.75384521484375,81,201,4839,534,201
169,1.0,0.4,350.981201171875,310.3337707519531,58,204,4865,610,204
170,1.0,0.7,437.55487060546875,349.614990234375,44,201,4805,538,201
171,1.0,0.6,344.13641357421875,291.9162902832031,55,202,4821,607,202
172,1.0,0.6,396.2662353515625,311.5887451171875,60,201,4760,565,201
173,1.0,0.6,309.4862365722656,247.4717254638672,44,200,4876,566,200
174,1.0,0.6,446.8918762207031,347.8468933105469,76,211,4933,619,211
175,1.0,0.6,353.7840881347656,264.5671081542969,60,202,4809,562,202
176,1.0,0.5,366.1783142089844,274.0756530761719,92,209,4981,553,209
177,1.0,0.5,395.93890380859375,285.9816589355469,58,200,4711,572,200
178,1.0,0.4,366.443359375,326.2158203125,60,200,4816,589,200
179,1.0,0.4,394.5030517578125,289.9993896484375,60,205,4762,603,205
180,1.0,0.2,389.6912536621094,254.705810546875,87,204,4933,580,204
181,1.0,0.5,400.6867370605469,296.9942626953125,60,200,4736,531,200
182,1.0,0.4,385.505859375,278.6178283691406,60,212,5013,547,212
183,1.0,0.6,404.1791076660156,336.5288391113281,60,205,4810,586,205
184,1.0,0.3,409.467041015625,357.1492004394531,60,208,4865,602,208
185,1.0,0.5,314.0284423828125,266.006103515625,58,200,4796,566,200
186,1.0,0.6,363.10003662109375,291.3576965332031,60,201,4648,532,201
187,1.0,0.8,391.3165283203125,285.61151123046875,76,201,4766,532,201
188,1.0,0.5,390.1089782714844,330.9453430175781,71,203,4766,610,203
189,1.0,0.5,418.3951721191406,295.0326232910156,92,207,4808,579,207
190,1.0,0.5,309.3676452636719,295.1591796875,41,204,4782,572,204
191,1.0,0.4,408.1260681152344,360.6007080078125,76,202,4744,569,202
192,1.0,0.6,398.12646484375,322.141845703125,71,205,4796,575,205
193,1.0,0.6,380.4554443359375,319.7330627441406,60,201,4765,550,201
194,1.0,0.5,385.1332702636719,273.8644104003906,76,203,4797,534,203
195,1.0,0.7,326.9871826171875,262.0709533691406,60,201,4791,528,201
196,1.0,0.5,391.748291015625,284.83807373046875,60,202,4733,537,202
197,1.0,0.6,366.023193359375,275.4707946777344,60,200,4652,587,200
198,1.0,0.5,371.0062561035156,307.301025390625,59,202,4874,566,202
199,1.0,0.5,342.4238586425781,257.2383117675781,76,204,4796,530,204
0,2.0,0.3,825.9302368164062,649.4102172851562,58,205,4625,581,205
1,2.0,0.2,742.042724609375,669.3372802734375,60,205,4753,572,205
2,2.0,0.2,723.7525634765625,593.1450805664062,60,226,5185,569,226
3,2.0,0.5,792.0932006835938,684.0178833007812,60,201,4647,582,201
4,2.0,0.3,728.5656127929688,636.5270385742188,89,200,4683,579,200
5,2.0,0.2,722.3363647460938,614.5531005859375,89,201,4671,588,201
6,2.0,0.4,695.6378784179688,603.44287109375,71,204,4600,542,204
7,2.0,0.4,735.2236938476562,653.5731201171875,75,211,4725,554,211
8,2.0,0.4,710.3486328125,592.552734375,58,212,4841,571,212
9,2.0,0.3,787.6206665039062,639.89794921875,60,204,4749,609,204
10,2.0,0.5,701.4340209960938,595.9805908203125,60,205,4688,602,205
11,2.0,0.6,691.1046142578125,586.5452270507812,60,202,4689,551,202
12,2.0,0.2,805.1556396484375,684.4124145507812,52,204,4631,585,204
13,2.0,0.4,634.145263671875,563.7628173828125,60,205,4781,605,205
14,2.0,0.3,724.4822998046875,585.3016967773438,76,201,4660,534,201
15,2.0,0.2,718.8643188476562,584.1717529296875,60,214,4891,635,214
16,2.0,0.7,833.3018798828125,717.5244750976562,60,202,4566,581,202
17,2.0,0.4,713.2201538085938,574.993896484375,60,204,4629,652,204
18,2.0,0.4,780.71533203125,679.5223388671875,60,218,4997,551,218
19,2.0,0.8,656.7415771484375,569.57373046875,60,203,4679,574,203
20,2.0,0.2,752.4697265625,619.3789672851562,74,200,4634,582,200
21,2.0,0.3,795.8137817382812,666.3159790039062,58,202,4593,536,202
22,2.0,0.5,706.16162109375,601.7421264648438,58,202,4605,572,202
23,2.0,0.4,725.0433349609375,573.7145385742188,60,206,4716,592,206
24,2.0,0.3,773.2291870117188,663.339599609375,60,219,4921,560,219
25,2.0,0.2,702.5421752929688,539.9591064453125,60,202,4605,544,202
26,2.0,0.4,772.2264404296875,627.9760131835938,60,200,4617,597,200
27,2.0,0.4,721.307373046875,567.4506225585938,91,200,4720,586,200
28,2.0,0.2,800.4650268554688,683.1353149414062,74,200,4528,597,200
29,2.0,0.4,709.7279052734375,582.7390747070312,60,200,4653,555,200
30,2.0,0.5,687.3387451171875,604.4356079101562,58,208,4769,524,208
31,2.0,0.6,657.9647216796875,555.8121948242188,76,200,4609,584,200
32,2.0,0.7,741.14990234375,600.2327270507812,60,203,4596,505,203
33,2.0,0.4,703.5260620117188,670.1845703125,60,224,5076,573,224
34,2.0,0.4,695.3197021484375,600.0698852539062,89,209,4744,573,209
35,2.0,0.1,757.3323364257812,624.9027709960938,108,201,4693,606,201
36,2.0,0.4,790.2763061523438,715.83447265625,60,201,4650,577,201
37,2.0,0.3,750.7577514648438,627.6156005859375,58,200,4501,587,200
38,2.0,0.7,864.1111450195312,683.9495239257812,58,204,4600,544,204
39,2.0,0.4,708.5270385742188,607.1339111328125,108,201,4597,582,201
40,2.0,0.7,769.598388671875,584.778564453125,58,204,4668,530,204
41,2.0,0.4,770.5702514648438,664.8751220703125,60,201,4519,583,201
42,2.0,0.3,651.9381713867188,521.0286254882812,58,204,4741,561,204
43,2.0,0.3,799.972412109375,692.5677490234375,60,206,4758,618,206
44,2.0,0.2,658.2745361328125,582.6068115234375,105,203,4729,582,203
45,2.0,0.3,705.95458984375,581.7515258789062,91,207,4719,550,207
46,2.0,0.4,827.14697265625,716.1139526367188,88,207,4741,637,207
47,2.0,0.4,744.2781372070312,626.3441162109375,60,205,4735,550,205
48,2.0,0.4,812.0858154296875,655.807373046875,60,202,4682,570,202
49,2.0,0.3,692.3139038085938,590.5458374023438,87,201,4672,571,201
50,2.0,0.3,763.8446655273438,574.6795654296875,58,202,4614,551,202
51,2.0,0.1,707.9340209960938,611.7210693359375,60,200,4502,560,200
52,2.0,0.6,715.2340698242188,603.3452758789062,60,205,4746,540,205
53,2.0,0.6,673.8257446289062,542.1216430664062,60,201,4473,566,201
54,2.0,0.5,724.4942016601562,634.532470703125,60,208,4868,591,208
55,2.0,0.6,795.82275390625,672.101318359375,60,201,4408,546,201
56,2.0,0.4,747.650390625,660.407470703125,60,200,4585,568,200
57,2.0,0.3,776.1549072265625,632.5484008789062,60,215,4968,615,215
58,2.0,0.6,739.0477905273438,609.1027221679688,60,213,4931,546,213
59,2.0,0.7,789.9564819335938,634.0360717773438,60,203,4611,574,203
60,2.0,0.6,779.0426025390625,648.252685546875,68,205,4644,551,205
61,2.0,0.1,723.71337890625,636.0708618164062,92,213,4859,558,213
62,2.0,0.2,748.8235473632812,629.5214233398438,58,200,4698,585,200
63,2.0,0.4,755.6867065429688,622.3555908203125,60,207,4646,581,207
64,2.0,0.4,857.91259765625,718.9439697265625,58,209,4662,596,209
65,2.0,0.2,722.87646484375,589.2151489257812,115,200,4609,580,200
66,2.0,0.5,866.0039672851562,768.7484741210938,76,203,4503,555,203
67,2.0,0.2,687.1298217773438,609.2060546875,60,202,4608,547,202
68,2.0,0.3,718.83642578125,634.6099243164062,76,202,4613,595,202
69,2.0,0.4,761.6109008789062,651.0670776367188,91,204,4689,591,204
70,2.0,0.5,785.0574340820312,649.83349609375,81,200,4654,549,200
71,2.0,0.3,843.0042114257812,682.408935546875,91,203,4578,582,203
72,2.0,0.1,717.2435302734375,584.5352172851562,60,200,4618,558,200
73,2.0,0.4,778.2200927734375,688.0471801757812,44,202,4736,604,202
74,2.0,0.4,870.5753173828125,788.0719604492188,87,203,4550,557,203
75,2.0,0.6,786.0074462890625,731.4641723632812,71,205,4719,605,205
76,2.0,0.2,786.3406982421875,641.2781982421875,60,201,4665,524,201
77,2.0,0.7,737.0335083007812,618.26904296875,60,201,4642,578,201
78,2.0,0.3,742.8171997070312,608.1284790039062,60,215,4788,549,215
79,2.0,0.4,768.11962890625,627.6190185546875,58,201,4694,544,201
80,2.0,0.4,669.209716796875,550.3690185546875,60,202,4567,550,202
81,2.0,0.1,853.04638671875,717.9987182617188,58,208,4752,576,208
82,2.0,0.4,765.3220825195312,631.6550903320312,60,201,4591,579,201
83,2.0,0.5,814.2411499023438,658.6111450195312,58,205,4725,584,205
84,2.0,0.5,737.9779663085938,617.78271484375,58,206,4701,592,206
85,2.0,0.8,809.8765258789062,664.8193359375,58,201,4620,579,201
86,2.0,0.2,772.1350708007812,660.04296875,91,200,4586,606,200
87,2.0,0.4,727.7149658203125,590.9481201171875,44,204,4651,583,204
88,2.0,0.3,807.57861328125,665.7879028320312,105,200,4635,562,200
89,2.0,0.3,727.0023193359375,618.985107421875,76,204,4739,582,204
90,2.0,0.3,716.7070922851562,556.0689697265625,58,201,4624,558,201
91,2.0,0.3,731.550048828125,637.7919311523438,58,212,4870,510,212
92,2.0,0.3,685.8428344726562,562.4423217773438,60,203,4493,516,203
93,2.0,0.2,778.2318115234375,657.0810546875,89,202,4681,568,202
94,2.0,0.3,752.5370483398438,682.62548828125,89,203,4620,578,203
95,2.0,0.5,719.07373046875,640.6235961914062,44,200,4497,541,200
96,2.0,0.6,797.5244750976562,669.6204833984375,60,208,4741,547,208
97,2.0,0.2,791.0883178710938,666.50830078125,60,214,4972,595,214
98,2.0,0.5,830.2220458984375,659.9766845703125,60,201,4555,546,201
99,2.0,0.3,731.6151733398438,654.1675415039062,76,201,4544,558,201
100,2.0,0.1,665.0596313476562,592.6043701171875,60,201,4634,555,201
101,2.0,0.4,723.3714599609375,616.2586059570312,58,201,4542,571,201
102,2.0,0.5,787.1842651367188,598.3395385742188,60,201,4601,570,201
103,2.0,0.2,703.5266723632812,600.3768310546875,60,205,4744,597,205
104,2.0,0.2,742.4381103515625,623.903076171875,60,206,4651,567,206
105,2.0,0.2,813.2637329101562,773.5869140625,82,208,4803,629,208
106,2.0,0.4,875.5739135742188,665.4005126953125,58,206,4712,582,206
107,2.0,0.4,636.275390625,540.2492065429688,60,202,4572,562,202
108,2.0,0.3,763.08642578125,614.51611328125,68,204,4695,609,204
109,2.0,0.2,761.9800415039062,644.43994140625,60,207,4643,561,207
110,2.0,0.5,737.51318359375,609.6315307617188,60,202,4581,571,202
111,2.0,0.4,747.2172241210938,596.5025024414062,60,203,4483,533,203
112,2.0,0.5,745.5762939453125,567.524658203125,58,204,4794,591,204
113,2.0,0.5,677.4534301757812,554.1536254882812,58,200,4617,522,200
114,2.0,0.5,799.8072509765625,699.3744506835938,59,206,4614,612,206
115,2.0,0.3,746.2869262695312,592.1631469726562,60,201,4613,553,201
116,2.0,0.3,680.8490600585938,594.4349975585938,60,201,4743,563,201
117,2.0,0.5,781.4566650390625,617.6488037109375,60,201,4542,558,201
118,2.0,0.3,691.4600219726562,588.758544921875,92,211,4816,573,211
119,2.0,0.2,765.022705078125,647.7144775390625,59,208,4732,586,208
120,2.0,0.3,806.3389282226562,677.363037109375,60,201,4585,557,201
121,2.0,0.4,785.4066162109375,667.273681640625,58,201,4617,550,201
122,2.0,0.5,804.7887573242188,641.1299438476562,60,200,4565,572,200
123,2.0,0.5,736.6905517578125,654.89404296875,50,201,4637,620,201
124,2.0,0.2,717.7901611328125,598.4393920898438,60,202,4623,569,202
125,2.0,0.3,807.4603271484375,669.7701416015625,60,200,4547,595,200
126,2.0,0.3,743.0003051757812,635.84375,60,206,4674,561,206
127,2.0,0.3,818.2247314453125,670.6319580078125,60,203,4711,574,203
128,2.0,0.5,689.423828125,553.9302368164062,60,204,4682,571,204
129,2.0,0.4,692.0429077148438,559.1013793945312,60,207,4814,584,207
130,2.0,0.4,694.1455078125,596.3964233398438,60,201,4500,551,201
131,2.0,0.5,746.4557495117188,661.0774536132812,60,200,4642,564,200
132,2.0,0.6,805.3302001953125,670.541748046875,58,202,4545,577,202
133,2.0,0.2,629.8328247070312,531.1739501953125,58,227,5190,546,227
134,2.0,0.3,809.7689208984375,633.7127685546875,58,206,4691,551,206
135,2.0,0.4,794.4346923828125,631.0740356445312,60,208,4859,585,208
136,2.0,0.1,798.9451293945312,688.209228515625,108,200,4631,556,200
137,2.0,0.2,786.143310546875,686.814453125,60,215,4882,594,215
138,2.0,0.4,756.4290771484375,590.2022094726562,74,201,4709,617,201
139,2.0,0.5,819.8675537109375,749.4907836914062,59,211,4688,563,211
140,2.0,0.4,681.2850341796875,565.8037719726562,60,211,4893,566,211
141,2.0,0.1,771.4242553710938,652.7019653320312,89,200,4632,547,200
142,2.0,0.4,644.0003662109375,547.5370483398438,60,202,4637,589,202
143,2.0,0.4,723.2883911132812,607.2310791015625,58,210,4916,577,210
144,2.0,0.7,748.9428100585938,583.1651611328125,89,221,5012,581,221
145,2.0,0.6,762.842041015625,618.4574584960938,58,216,4843,577,216
146,2.0,0.6,795.8322143554688,704.0421142578125,59,210,4850,562,210
147,2.0,0.7,703.8079833984375,609.1845092773438,58,212,4787,581,212
148,2.0,0.3,727.073486328125,640.1807250976562,58,200,4646,567,200
149,2.0,0.3,690.0117797851562,580.115478515625,58,201,4567,572,201
150,2.0,0.4,749.4346923828125,665.4705200195312,101,215,4889,652,215
151,2.0,0.1,729.1329345703125,631.1983642578125,58,207,4876,615,207
152,2.0,0.3,655.6338500976562,533.1687622070312,60,219,4924,608,219
153,2.0,0.5,699.1665649414062,591.522705078125,44,201,4569,573,201
154,2.0,0.7,683.2866821289062,618.5534057617188,59,203,4610,579,203
155,2.0,0.6,742.849365234375,611.0955810546875,60,207,4738,578,207
156,2.0,0.4,834.5133666992188,699.4518432617188,60,201,4519,571,201
157,2.0,0.6,776.0287475585938,643.1099853515625,60,203,4574,592,203
158,2.0,0.2,700.9768676757812,579.5099487304688,58,214,4806,535,214
159,2.0,0.1,837.610595703125,689.2028198242188,58,219,5014,524,219
160,2.0,0.5,764.8745727539062,634.4133911132812,60,213,4810,602,213
161,2.0,0.4,704.9947509765625,603.2504272460938,58,201,4587,599,201
162,2.0,0.4,732.6375122070312,626.9403686523438,58,205,4622,541,205
163,2.0,0.3,702.2998046875,632.0984497070312,60,201,4798,556,201
164,2.0,0.4,775.662841796875,665.8931884765625,89,204,4645,604,204
165,2.0,0.4,673.2158203125,589.5242309570312,58,201,4529,600,201
166,2.0,0.5,663.4849243164062,607.8956909179688,76,203,4701,567,203
167,2.0,0.4,810.7440795898438,704.8457641601562,60,205,4620,560,205
168,2.0,0.4,836.7366333007812,746.76611328125,58,226,4950,536,226
169,2.0,0.5,789.4149780273438,620.7991943359375,58,206,4662,560,206
170,2.0,0.5,713.7648315429688,619.5119018554688,74,206,4685,574,206
171,2.0,0.4,744.1314086914062,594.1287841796875,60,206,4707,585,206
172,2.0,0.4,646.2830200195312,508.2073059082031,60,211,4861,637,211
173,2.0,0.4,715.1265869140625,573.2201538085938,58,218,4958,555,218
174,2.0,0.3,624.2604370117188,572.548583984375,68,202,4643,591,202
175,2.0,0.5,710.8219604492188,618.6009521484375,88,203,4711,532,203
176,2.0,0.6,743.5853271484375,621.5859985351562,73,201,4648,577,201
177,2.0,0.6,773.5267333984375,647.5040283203125,60,203,4549,548,203
178,2.0,0.6,795.7495727539062,711.0890502929688,58,201,4669,584,201
179,2.0,0.6,780.1095581054688,657.0357055664062,60,201,4578,558,201
180,2.0,0.4,725.1363525390625,583.4249877929688,60,204,4739,567,204
181,2.0,0.6,738.3363037109375,589.1651000976562,60,204,4685,592,204
182,2.0,0.3,775.6726684570312,673.1047973632812,60,207,4666,564,207
183,2.0,0.5,799.924072265625,654.2701416015625,58,211,4710,595,211
184,2.0,0.4,738.2620239257812,573.455810546875,59,202,4625,588,202
185,2.0,0.6,701.8427124023438,532.1695556640625,58,205,4668,555,205
186,2.0,0.5,669.960693359375,542.6649780273438,60,201,4633,598,201
187,2.0,0.5,648.9205932617188,576.0767822265625,83,202,4481,536,202
188,2.0,0.6,732.2171630859375,619.9334106445312,60,206,4748,537,206
189,2.0,0.2,777.18798828125,676.5143432617188,58,208,4697,559,208
190,2.0,0.3,805.7674560546875,704.1775512695312,59,203,4491,535,203
191,2.0,0.4,855.3034057617188,712.9915771484375,58,203,4546,571,203
192,2.0,0.5,733.57763671875,612.0491333007812,60,202,4546,538,202
193,2.0,0.4,726.5655517578125,624.0308837890625,58,204,4579,605,204
194,2.0,0.5,743.0320434570312,625.3548583984375,58,203,4626,595,203
195,2.0,0.3,758.9992065429688,665.0385131835938,68,201,4660,574,201
196,2.0,0.8,673.6947631835938,563.1470947265625,60,201,4619,601,201
197,2.0,0.2,772.1260375976562,663.5140380859375,60,207,4711,605,207
198,2.0,0.3,711.6609497070312,566.2767333984375,60,201,4529,571,201
199,2.0,0.4,828.33837890625,699.6202392578125,58,200,4457,538,200
0,3.0,0.2,1227.9425048828125,1050.8896484375,60,208,4667,572,208
1,3.0,0.2,1358.3701171875,1184.7105712890625,58,204,4657,560,204
2,3.0,0.1,1325.90087890625,1171.411376953125,60,202,4410,572,202
3,3.0,0.5,1438.340087890625,1282.9151611328125,58,208,4656,578,208
4,3.0,0.5,1434.922607421875,1249.3070068359375,60,231,5107,587,231
5,3.0,0.2,1397.3885498046875,1223.81298828125,60,222,4945,513,222
6,3.0,0.4,1274.62841796875,1158.331298828125,59,204,4573,599,204
7,3.0,0.2,1355.2078857421875,1190.98193359375,60,205,4468,585,205
8,3.0,0.3,1394.1978759765625,1216.0228271484375,58,202,4422,585,202
9,3.0,0.3,1422.0472412109375,1236.0679931640625,60,203,4467,571,203
10,3.0,0.4,1193.156005859375,1048.750244140625,75,203,4534,567,203
11,3.0,0.1,1413.874267578125,1252.9964599609375,60,201,4596,552,201
12,3.0,0.3,1475.1158447265625,1282.66064453125,58,201,4516,570,201
13,3.0,0.4,1316.0838623046875,1146.3934326171875,60,203,4635,552,203
14,3.0,0.1,1360.59326171875,1165.955078125,60,211,4668,598,211
15,3.0,0.2,1358.299560546875,1178.8651123046875,60,212,4713,577,212
16,3.0,0.3,1331.52001953125,1130.795654296875,60,201,4430,522,201
17,3.0,0.2,1343.04736328125,1170.5379638671875,58,208,4692,595,208
18,3.0,0.3,1129.643310546875,995.4581909179688,58,204,4689,567,204
19,3.0,0.3,1529.55078125,1368.6136474609375,73,200,4453,546,200
20,3.0,0.2,1371.5498046875,1176.2593994140625,60,205,4543,566,205
21,3.0,0.2,1400.263671875,1230.358154296875,60,204,4595,561,204
22,3.0,0.3,1424.0361328125,1247.9437255859375,60,206,4559,585,206
23,3.0,0.1,1185.9322509765625,1019.591796875,58,204,4612,555,204
24,3.0,0.4,1379.4267578125,1249.3433837890625,58,206,4600,550,206
25,3.0,0.4,1380.5972900390625,1199.797607421875,60,202,4515,574,202
26,3.0,0.5,1219.4256591796875,1088.4366455078125,67,206,4541,539,206
27,3.0,0.1,1352.9451904296875,1196.3892822265625,60,201,4431,581,201
28,3.0,0.2,1253.4796142578125,1172.3427734375,74,231,5065,560,231
29,3.0,0.3,1326.6185302734375,1215.2005615234375,68,205,4530,580,205
30,3.0,0.4,1411.38134765625,1207.2001953125,92,206,4609,610,206
31,3.0,0.4,1437.8446044921875,1237.65869140625,58,202,4532,577,202
32,3.0,0.3,1321.855224609375,1146.52880859375,60,202,4472,549,202
33,3.0,0.2,1358.0950927734375,1161.93896484375,58,226,4957,561,226
34,3.0,0.3,1433.5631103515625,1256.046875,58,217,4785,585,217
35,3.0,0.3,1406.85986328125,1220.61328125,60,205,4711,577,205
36,3.0,0.4,1193.205078125,1070.7015380859375,58,203,4576,584,203
37,3.0,0.1,1413.757080078125,1227.149169921875,60,203,4519,572,203
38,3.0,0.3,1351.507080078125,1240.6763916015625,75,203,4514,587,203
39,3.0,0.3,1354.96142578125,1166.3876953125,60,206,4624,595,206
40,3.0,0.2,1463.20654296875,1229.692138671875,60,203,4504,591,203
41,3.0,0.2,1368.907470703125,1171.498779296875,60,204,4611,583,204
42,3.0,0.3,1256.2886962890625,1114.7911376953125,60,201,4538,558,201
43,3.0,0.3,1310.0589599609375,1134.701171875,58,201,4621,579,201
44,3.0,0.4,1416.9073486328125,1235.501220703125,53,204,4562,591,204
45,3.0,0.2,1415.57958984375,1292.176025390625,58,203,4542,618,203
46,3.0,0.3,1311.360107421875,1254.660400390625,76,210,4660,570,210
47,3.0,0.2,1341.9642333984375,1145.3277587890625,58,201,4545,579,201
48,3.0,0.3,1388.978759765625,1201.803466796875,58,203,4491,568,203
49,3.0,0.2,1325.425537109375,1239.4422607421875,60,202,4536,580,202
50,3.0,0.3,1409.1461181640625,1220.758544921875,60,201,4548,551,201
51,3.0,0.5,1304.4373779296875,1116.3741455078125,89,201,4499,592,201
52,3.0,0.2,1358.681640625,1173.111572265625,60,214,4811,599,214
53,3.0,0.0,1373.386474609375,1220.94189453125,60,203,4604,613,203
54,3.0,0.4,1455.4498291015625,1250.8087158203125,60,201,4339,580,201
55,3.0,0.3,1498.9974365234375,1280.1087646484375,60,235,5025,538,235
56,3.0,0.2,1355.026123046875,1170.3316650390625,58,220,4755,548,220
57,3.0,0.4,1365.2474365234375,1185.7969970703125,60,203,4541,584,203
58,3.0,0.6,1262.821044921875,1070.32763671875,60,202,4511,526,202
59,3.0,0.4,1339.3636474609375,1161.1595458984375,60,207,4570,595,207
60,3.0,0.1,1365.160888671875,1168.3369140625,60,204,4641,617,204
61,3.0,0.3,1371.7408447265625,1207.644775390625,58,209,4567,601,209
62,3.0,0.3,1566.607421875,1365.628173828125,60,205,4507,599,205
63,3.0,0.2,1416.1053466796875,1283.92578125,58,204,4490,617,204
64,3.0,0.4,1330.1593017578125,1215.850341796875,89,202,4520,581,202
65,3.0,0.4,1483.8587646484375,1284.3970947265625,60,202,4545,565,202
66,3.0,0.6,1406.2542724609375,1253.9818115234375,58,202,4494,603,202
67,3.0,0.4,1308.1162109375,1219.88720703125,60,211,4646,586,211
68,3.0,0.1,1341.548583984375,1126.2479248046875,58,213,4810,542,213
69,3.0,0.4,1452.006591796875,1248.548583984375,58,202,4548,535,202
70,3.0,0.3,1376.1007080078125,1248.3375244140625,59,204,4659,598,204
71,3.0,0.3,1457.2979736328125,1259.5103759765625,58,201,4568,547,201
72,3.0,0.3,1369.61572265625,1173.074462890625,60,211,4901,576,211
73,3.0,0.4,1308.2396240234375,1119.8994140625,58,201,4539,542,201
74,3.0,0.1,1289.5924072265625,1097.766845703125,58,216,4730,589,216
75,3.0,0.3,1376.2069091796875,1186.1942138671875,58,212,4751,544,212
76,3.0,0.3,1361.7728271484375,1185.7584228515625,60,206,4572,565,206
77,3.0,0.3,1389.3277587890625,1237.787353515625,58,201,4424,568,201
78,3.0,0.1,1354.7691650390625,1194.1689453125,58,203,4514,590,203
79,3.0,0.3,1480.472900390625,1242.308349609375,60,202,4471,594,202
80,3.0,0.2,1453.2999267578125,1240.977294921875,58,207,4565,514,207
81,3.0,0.5,1403.9521484375,1256.83984375,58,201,4523,590,201
82,3.0,0.5,1444.3804931640625,1220.60546875,60,201,4485,554,201
83,3.0,0.1,1370.4237060546875,1191.7935791015625,60,204,4445,575,204
84,3.0,0.2,1333.5936279296875,1230.0047607421875,73,208,4738,593,208
85,3.0,0.3,1393.635498046875,1252.4134521484375,91,201,4499,541,201
86,3.0,0.2,1416.955810546875,1220.904052734375,58,201,4531,542,201
87,3.0,0.5,1423.70166015625,1187.8297119140625,58,201,4599,573,201
88,3.0,0.4,1556.9552001953125,1364.43896484375,60,204,4625,601,204
89,3.0,0.4,1307.3917236328125,1117.233642578125,60,202,4515,569,202
90,3.0,0.2,1424.9681396484375,1261.189208984375,58,200,4449,557,200
91,3.0,0.1,1456.9422607421875,1265.07080078125,60,203,4564,584,203
92,3.0,0.2,1266.55859375,1103.95361328125,58,206,4704,549,206
93,3.0,0.3,1323.4420166015625,1171.0791015625,73,205,4590,575,205
94,3.0,0.4,1363.26806640625,1181.6630859375,58,207,4591,537,207
95,3.0,0.3,1325.63427734375,1135.77880859375,58,202,4522,537,202
96,3.0,0.2,1279.13134765625,1065.302978515625,60,207,4674,586,207
97,3.0,0.2,1439.96142578125,1253.8077392578125,60,230,4963,559,230
98,3.0,0.2,1394.6180419921875,1214.6844482421875,89,201,4523,611,201
99,3.0,0.2,1409.8494873046875,1198.8927001953125,58,200,4603,583,200
100,3.0,0.4,1438.2176513671875,1287.7821044921875,60,201,4431,549,201
101,3.0,0.5,1442.8621826171875,1244.1663818359375,58,202,4586,548,202
102,3.0,0.4,1356.0543212890625,1202.2991943359375,60,202,4620,581,202
103,3.0,0.4,1444.5908203125,1185.093017578125,58,201,4526,591,201
104,3.0,0.3,1300.368408203125,1151.839111328125,60,205,4561,548,205
105,3.0,0.2,1400.9613037109375,1210.73193359375,60,202,4395,562,202
106,3.0,0.5,1433.09765625,1223.3406982421875,60,204,4545,606,204
107,3.0,0.1,1381.117431640625,1200.736083984375,60,201,4606,524,201
108,3.0,0.4,1347.0819091796875,1172.7486572265625,58,202,4541,559,202
109,3.0,0.3,1324.526123046875,1156.3572998046875,60,201,4526,570,201
110,3.0,0.6,1327.836669921875,1113.0989990234375,58,203,4509,520,203
111,3.0,0.1,1418.548095703125,1322.07666015625,60,221,4952,590,221
112,3.0,0.3,1378.3470458984375,1155.87548828125,58,200,4518,535,200
113,3.0,0.4,1460.362548828125,1217.8428955078125,58,202,4525,569,202
114,3.0,0.3,1283.261474609375,1168.5826416015625,88,203,4555,586,203
115,3.0,0.4,1318.15478515625,1177.9749755859375,83,204,4563,560,204
116,3.0,0.3,1418.45263671875,1258.84326171875,75,204,4501,559,204
117,3.0,0.2,1420.05859375,1260.5281982421875,60,236,5264,580,236
118,3.0,0.2,1483.2943115234375,1341.2445068359375,89,201,4453,573,201
119,3.0,0.4,1324.314453125,1143.856689453125,58,206,4685,538,206
120,3.0,0.3,1265.40771484375,1096.1063232421875,60,200,4459,519,200
121,3.0,0.3,1434.058349609375,1273.3507080078125,58,201,4303,566,201
122,3.0,0.2,1330.1063232421875,1154.7081298828125,58,232,5048,583,232
123,3.0,0.2,1368.104736328125,1247.6947021484375,92,202,4605,577,202
124,3.0,0.4,1323.517578125,1208.361083984375,60,201,4677,561,201
125,3.0,0.2,1353.552001953125,1203.116455078125,89,200,4460,552,200
126,3.0,0.3,1420.491943359375,1302.7789306640625,60,201,4580,544,201
127,3.0,0.2,1317.42431640625,1146.3756103515625,60,203,4523,573,203
128,3.0,0.0,1379.5074462890625,1214.5947265625,60,210,4707,570,210
129,3.0,0.7,1342.5076904296875,1174.0306396484375,58,209,4776,596,209
130,3.0,0.2,1485.826416015625,1287.213623046875,58,216,4690,570,216
131,3.0,0.2,1399.322998046875,1187.026611328125,89,206,4547,598,206
132,3.0,0.4,1323.08447265625,1197.1243896484375,58,203,4530,564,203
133,3.0,0.3,1397.0513916015625,1199.839599609375,58,210,4557,563,210
134,3.0,0.4,1320.9586181640625,1200.89794921875,60,204,4593,567,204
135,3.0,0.3,1322.061767578125,1153.08251953125,58,221,5010,577,221
136,3.0,0.3,1412.6414794921875,1200.5469970703125,58,201,4454,552,201
137,3.0,0.2,1272.485595703125,1102.9622802734375,60,201,4458,556,201
138,3.0,0.4,1363.33984375,1177.6806640625,58,200,4402,542,200
139,3.0,0.3,1232.133544921875,1086.98193359375,59,202,4581,615,202
140,3.0,0.4,1261.2041015625,1099.1195068359375,73,207,4675,622,207
141,3.0,0.3,1401.9085693359375,1260.2286376953125,89,200,4553,598,200
142,3.0,0.3,1369.2611083984375,1169.19287109375,58,222,4851,583,222
143,3.0,0.2,1318.5982666015625,1142.0850830078125,60,201,4501,589,201
144,3.0,0.3,1431.5535888671875,1190.272705078125,60,201,4477,546,201
145,3.0,0.2,1471.8900146484375,1301.7354736328125,89,208,4528,633,208
146,3.0,0.1,1257.053466796875,1097.1805419921875,60,201,4473,576,201
147,3.0,0.2,1391.8472900390625,1205.6427001953125,89,200,4581,582,200
148,3.0,0.3,1261.1512451171875,1112.891845703125,60,216,4904,582,216
149,3.0,0.3,1400.5738525390625,1252.0,58,230,4940,566,230
150,3.0,0.3,1333.521484375,1161.549072265625,60,204,4586,578,204
151,3.0,0.4,1482.171142578125,1300.5390625,58,200,4546,547,200
152,3.0,0.2,1468.7227783203125,1298.22900390625,58,210,4622,580,210
153,3.0,0.6,1362.247314453125,1149.0496826171875,60,206,4665,590,206
154,3.0,0.1,1517.1241455078125,1304.0009765625,99,200,4449,554,200
155,3.0,0.2,1348.9693603515625,1228.6934814453125,58,204,4569,585,204
156,3.0,0.2,1348.1119384765625,1205.3359375,60,206,4659,561,206
157,3.0,0.5,1470.352294921875,1258.505615234375,60,203,4556,562,203
158,3.0,0.3,1280.5570068359375,1179.5213623046875,59,212,4765,596,212
159,3.0,0.6,1273.1832275390625,1123.78662109375,60,200,4326,554,200
160,3.0,0.4,1350.7015380859375,1209.3369140625,75,203,4603,614,203
161,3.0,0.2,1438.2933349609375,1299.519775390625,105,204,4546,564,204
162,3.0,0.3,1321.04296875,1145.571044921875,60,211,4697,565,211
163,3.0,0.3,1246.3099365234375,1085.982666015625,60,208,4610,577,208
164,3.0,0.3,1422.39501953125,1183.061767578125,60,219,4844,563,219
165,3.0,0.3,1303.51416015625,1153.05615234375,60,204,4494,556,204
166,3.0,0.1,1407.156982421875,1170.9033203125,58,207,4635,591,207
167,3.0,0.3,1291.24169921875,1128.5054931640625,60,204,4550,583,204
168,3.0,0.5,1232.326416015625,1036.9755859375,58,201,4539,541,201
169,3.0,0.3,1446.1412353515625,1342.2965087890625,60,209,4743,611,209
170,3.0,0.3,1486.146728515625,1317.9349365234375,60,210,4593,563,210
171,3.0,0.2,1363.7142333984375,1197.7586669921875,60,213,4767,554,213
172,3.0,0.4,1302.703369140625,1170.1448974609375,60,202,4573,541,202
173,3.0,0.1,1446.4422607421875,1244.088623046875,58,217,4841,643,217
174,3.0,0.1,1365.1719970703125,1192.9730224609375,60,201,4525,601,201
175,3.0,0.2,1316.619384765625,1148.9410400390625,58,213,5010,623,213
176,3.0,0.3,1371.4417724609375,1239.021240234375,59,202,4561,562,202
177,3.0,0.1,1452.4429931640625,1307.6783447265625,91,207,4745,591,207
178,3.0,0.3,1404.776611328125,1237.2177734375,58,204,4659,594,204
179,3.0,0.2,1533.2764892578125,1338.8853759765625,58,206,4494,577,206
180,3.0,0.4,1479.805419921875,1263.499267578125,58,221,4839,556,221
181,3.0,0.1,1300.40869140625,1113.582275390625,58,202,4562,593,202
182,3.0,0.2,1393.055419921875,1230.4259033203125,60,203,4538,565,203
183,3.0,0.2,1468.76171875,1286.5927734375,58,203,4568,561,203
184,3.0,0.1,1354.0535888671875,1190.122802734375,60,211,4633,563,211
185,3.0,0.3,1269.730712890625,1139.89306640625,60,201,4515,594,201
186,3.0,0.2,1317.4110107421875,1158.3485107421875,58,209,4629,578,209
187,3.0,0.2,1256.233154296875,1132.32373046875,60,204,4596,557,204
188,3.0,0.4,1312.04443359375,1114.5811767578125,60,215,4754,560,215
189,3.0,0.3,1458.49560546875,1268.3858642578125,60,205,4510,552,205
190,3.0,0.4,1306.601806640625,1146.7640380859375,60,203,4452,567,203
191,3.0,0.3,1380.1939697265625,1228.591796875,58,201,4512,567,201
192,3.0,0.2,1503.49853515625,1335.3115234375,60,205,4537,538,205
193,3.0,0.3,1233.7386474609375,1102.87744140625,58,204,4639,618,204
194,3.0,0.4,1273.87158203125,1100.2520751953125,60,201,4541,545,201
195,3.0,0.2,1577.5185546875,1462.241455078125,76,201,4461,601,201
196,3.0,0.4,1385.8048095703125,1237.5823974609375,89,212,4670,594,212
197,3.0,0.5,1233.9158935546875,1126.4696044921875,73,203,4496,587,203
198,3.0,0.4,1275.376953125,1124.919677734375,58,204,4610,561,204
199,3.0,0.2,1330.0435791015625,1170.2852783203125,60,206,4600,571,206
0,5.0,0.1,3328.41259765625,3137.06591796875,71,213,4590,616,213
1,5.0,0.1,3504.39208984375,3189.302490234375,60,204,4563,543,204
2,5.0,0.2,3523.13720703125,3204.714111328125,58,201,4402,600,201
3,5.0,0.3,3579.5498046875,3248.0625,60,204,4354,567,204
4,5.0,0.0,3567.87060546875,3342.48291015625,105,200,4374,579,200
5,5.0,0.1,3381.3779296875,3109.60205078125,60,216,4663,588,216
6,5.0,0.2,3388.39208984375,3171.80224609375,91,201,4562,586,201
7,5.0,0.3,3400.670166015625,3177.80810546875,89,201,4351,603,201
8,5.0,0.2,3422.213623046875,3119.976806640625,60,201,4489,534,201
9,5.0,0.2,3293.18408203125,2991.776123046875,58,228,4909,560,228
10,5.0,0.2,3334.938720703125,3004.263427734375,60,201,4472,553,201
11,5.0,0.3,3246.215087890625,2987.2529296875,60,205,4468,550,205
12,5.0,0.1,3359.00634765625,3094.490478515625,60,202,4330,561,202
13,5.0,0.3,3369.2353515625,3083.919921875,58,219,4723,619,219
14,5.0,0.2,3389.189697265625,3148.44970703125,58,202,4426,561,202
15,5.0,0.2,3556.112548828125,3373.740234375,73,228,4893,573,228
16,5.0,0.1,3549.551513671875,3329.283935546875,60,201,4325,597,201
17,5.0,0.2,3398.428955078125,3208.268310546875,121,204,4461,537,204
18,5.0,0.3,3317.85546875,3089.258056640625,121,201,4420,581,201
19,5.0,0.2,3404.26220703125,3147.255126953125,58,200,4361,570,200
20,5.0,0.2,3490.77783203125,3166.4873046875,58,202,4335,577,202
21,5.0,0.1,3577.92919921875,3254.482666015625,60,205,4573,555,205
22,5.0,0.1,3585.7158203125,3418.98583984375,73,216,4761,591,216
23,5.0,0.3,3392.798828125,3100.590087890625,60,207,4525,571,207
24,5.0,0.2,3293.889892578125,3027.483642578125,58,205,4402,569,205
25,5.0,0.5,3442.292724609375,3179.070556640625,58,202,4485,591,202
26,5.0,0.2,3327.00732421875,3027.193603515625,58,201,4330,540,201
27,5.0,0.2,3319.39111328125,3027.5634765625,60,205,4510,600,205
28,5.0,0.3,3244.697998046875,2954.11767578125,58,210,4573,567,210
29,5.0,0.2,3429.219482421875,3184.70849609375,60,201,4362,602,201
30,5.0,0.2,3529.896240234375,3254.629638671875,58,203,4497,582,203
31,5.0,0.1,3328.9990234375,3030.912353515625,60,201,4343,573,201
32,5.0,0.3,3345.861328125,3056.042236328125,60,219,4734,578,219
33,5.0,0.3,3343.283447265625,3139.77294921875,91,203,4498,550,203
34,5.0,0.3,3343.811767578125,3081.6171875,58,204,4593,576,204
35,5.0,0.1,3196.290283203125,2897.761962890625,58,207,4531,583,207
36,5.0,0.2,3289.74267578125,3022.95263671875,58,201,4410,570,201
37,5.0,0.2,3527.1533203125,3228.49755859375,58,202,4551,554,202
38,5.0,0.4,3678.915283203125,3375.872314453125,58,203,4456,555,203
39,5.0,0.4,3355.245849609375,3007.5244140625,60,220,4773,605,220
40,5.0,0.2,3460.270263671875,3188.461181640625,60,201,4455,556,201
41,5.0,0.3,3325.72021484375,3116.31591796875,105,216,4739,581,216
42,5.0,0.1,3168.599365234375,2909.1298828125,58,207,4488,584,207
43,5.0,0.3,3312.720458984375,3078.125732421875,58,208,4544,559,208
44,5.0,0.4,3298.53564453125,3000.086181640625,60,209,4549,568,209
45,5.0,0.3,3257.877197265625,3012.139892578125,58,202,4367,587,202
46,5.0,0.1,3330.9912109375,3033.031005859375,60,201,4372,581,201
47,5.0,0.1,3434.539306640625,3123.54052734375,58,205,4510,545,205
48,5.0,0.1,3367.517333984375,3141.21630859375,58,203,4549,555,203
49,5.0,0.3,3521.987060546875,3211.267333984375,58,200,4340,568,200
50,5.0,0.2,3422.986083984375,3141.259033203125,60,202,4404,594,202
51,5.0,0.2,3309.4150390625,3056.272216796875,60,202,4467,584,202
52,5.0,0.3,3391.68310546875,3138.07275390625,58,209,4480,618,209
53,5.0,0.3,3327.296630859375,3018.586181640625,60,206,4602,559,206
54,5.0,0.2,3389.6328125,3107.87744140625,58,203,4503,575,203
55,5.0,0.1,3524.859130859375,3299.614990234375,60,229,4964,599,229
56,5.0,0.2,3319.713623046875,3021.604736328125,58,202,4397,556,202
57,5.0,0.1,3349.859130859375,3135.31201171875,89,202,4421,584,202
58,5.0,0.3,3411.6220703125,3144.319580078125,58,201,4374,557,201
59,5.0,0.3,3509.536376953125,3203.268310546875,58,205,4509,568,205
60,5.0,0.1,3489.560791015625,3215.771728515625,58,201,4380,631,201
61,5.0,0.3,3397.012451171875,3094.619384765625,58,212,4549,591,212
62,5.0,0.2,3471.041259765625,3202.628662109375,58,202,4450,563,202
63,5.0,0.3,3264.18603515625,2961.224853515625,60,203,4414,560,203
64,5.0,0.1,3344.6328125,3063.78955078125,60,210,4637,593,210
65,5.0,0.1,3426.3046875,3149.5205078125,60,220,4697,562,220
66,5.0,0.1,3368.41064453125,3145.656494140625,60,201,4456,590,201
67,5.0,0.1,3568.412109375,3241.08984375,60,204,4474,599,204
68,5.0,0.1,3415.79052734375,3133.864990234375,60,207,4478,572,207
69,5.0,0.2,3243.455322265625,2959.567138671875,58,209,4612,601,209
70,5.0,0.1,3463.26123046875,3199.138916015625,58,203,4465,553,203
71,5.0,0.3,3218.669189453125,2979.451904296875,60,206,4494,578,206
72,5.0,0.1,3242.555908203125,2946.0205078125,60,208,4576,614,208
73,5.0,0.4,3419.779541015625,3150.48046875,58,201,4435,532,201
74,5.0,0.1,3503.970703125,3222.712890625,58,208,4596,558,208
75,5.0,0.2,3226.34521484375,3002.944580078125,60,207,4385,562,207
76,5.0,0.0,3294.416748046875,3020.200927734375,60,202,4479,603,202
77,5.0,0.3,3271.2109375,3030.19921875,58,200,4510,571,200
78,5.0,0.2,3460.505126953125,3167.063232421875,60,204,4484,559,204
79,5.0,0.3,3366.373046875,3066.1748046875,58,206,4531,567,206
80,5.0,0.2,3419.051025390625,3100.550537109375,58,203,4362,544,203
81,5.0,0.0,3444.92041015625,3204.0166015625,60,205,4429,583,205
82,5.0,0.2,3604.240478515625,3269.5322265625,58,207,4525,580,207
83,5.0,0.1,3503.71533203125,3221.814208984375,58,211,4562,614,211
84,5.0,0.0,3590.614501953125,3282.249267578125,60,203,4422,584,203
85,5.0,0.1,3415.380126953125,3165.762939453125,58,215,4571,553,215
86,5.0,0.1,3152.27490234375,2898.502197265625,58,202,4501,572,202
87,5.0,0.1,3415.68994140625,3159.183349609375,58,201,4431,587,201
88,5.0,0.2,3307.3916015625,3087.260986328125,60,202,4459,573,202
89,5.0,0.2,3363.85546875,3040.981689453125,58,200,4361,560,200
90,5.0,0.1,3033.194580078125,2794.289306640625,58,208,4586,604,208
91,5.0,0.2,3324.574951171875,3036.591552734375,58,204,4510,598,204
92,5.0,0.5,3410.342529296875,3106.661376953125,58,209,4442,571,209
93,5.0,0.1,3398.30029296875,3089.567138671875,58,206,4513,588,206
94,5.0,0.1,3480.444091796875,3189.653076171875,60,218,4646,558,218
95,5.0,0.2,3448.654296875,3149.000732421875,60,213,4644,574,213
96,5.0,0.2,3355.365966796875,3042.750732421875,58,209,4563,567,209
97,5.0,0.1,3492.65283203125,3227.458251953125,60,217,4701,584,217
98,5.0,0.0,3379.77587890625,3070.276123046875,60,215,4575,567,215
99,5.0,0.4,3330.577880859375,3057.24658203125,58,201,4434,562,201
100,5.0,0.2,3390.828369140625,3132.7626953125,60,203,4469,527,203
101,5.0,0.2,3318.919677734375,3087.561279296875,58,214,4634,570,214
102,5.0,0.1,3259.281005859375,2975.67919921875,58,211,4612,604,211
103,5.0,0.2,3436.41796875,3146.420654296875,58,202,4373,553,202
104,5.0,0.2,3465.99267578125,3174.3662109375,58,204,4509,582,204
105,5.0,0.3,3357.524169921875,3057.25390625,60,205,4343,538,205
106,5.0,0.1,3329.19189453125,2995.116455078125,58,202,4473,548,202
107,5.0,0.0,3242.159423828125,2948.225341796875,58,215,4648,560,215
108,5.0,0.2,3360.927734375,3097.70849609375,58,203,4450,565,203
109,5.0,0.2,3401.728759765625,3094.513427734375,60,205,4422,601,205
110,5.0,0.2,3416.38037109375,3151.111572265625,58,227,4965,577,227
111,5.0,0.1,3443.698974609375,3215.275390625,58,202,4392,552,202
112,5.0,0.2,3513.897705078125,3257.400390625,60,208,4613,576,208
113,5.0,0.2,3430.322021484375,3128.835205078125,60,208,4490,573,208
114,5.0,0.3,3226.513427734375,2919.80810546875,58,206,4384,576,206
115,5.0,0.1,3328.52001953125,3036.939453125,60,202,4335,576,202
116,5.0,0.0,3591.805419921875,3244.614501953125,60,202,4297,563,202
117,5.0,0.2,3241.94775390625,2970.841796875,60,212,4682,546,212
118,5.0,0.2,3396.30126953125,3076.990478515625,60,202,4503,556,202
119,5.0,0.1,3444.400146484375,3165.833740234375,60,212,4642,596,212
120,5.0,0.3,3155.411376953125,2872.336669921875,58,204,4510,590,204
121,5.0,0.2,3434.05908203125,3147.9560546875,60,203,4414,561,203
122,5.0,0.1,3363.87158203125,3086.038330078125,58,205,4468,596,205
123,5.0,0.4,3463.811767578125,3154.815185546875,58,212,4568,619,212
124,5.0,0.1,3417.655517578125,3194.570068359375,89,216,4595,579,216
125,5.0,0.2,3286.5322265625,3021.656005859375,58,202,4485,593,202
126,5.0,0.2,3310.286865234375,3050.28515625,58,207,4487,602,207
127,5.0,0.2,3431.210693359375,3182.169921875,58,204,4463,568,204
128,5.0,0.2,3432.90625,3122.172119140625,60,211,4676,571,211
129,5.0,0.3,3233.62939453125,2983.824462890625,58,206,4489,552,206
130,5.0,0.2,3534.27880859375,3196.681884765625,58,209,4516,600,209
131,5.0,0.1,3344.80517578125,3052.177734375,58,200,4370,565,200
132,5.0,0.1,3445.30224609375,3296.615478515625,59,213,4640,596,213
133,5.0,0.2,3394.239013671875,3079.486328125,60,205,4496,588,205
134,5.0,0.2,3318.915771484375,3013.6240234375,58,223,4897,560,223
135,5.0,0.3,3311.884033203125,3061.203125,58,200,4455,589,200
136,5.0,0.2,3501.337646484375,3224.893310546875,60,203,4421,579,203
137,5.0,0.2,3449.6787109375,3158.054443359375,58,203,4470,562,203
138,5.0,0.1,3496.37451171875,3216.410400390625,60,217,4578,559,217
139,5.0,0.2,3569.48828125,3231.208984375,58,213,4735,586,213
140,5.0,0.3,3401.11572265625,3180.906982421875,105,217,4748,538,217
141,5.0,0.2,3393.8349609375,3096.727783203125,60,201,4284,578,201
142,5.0,0.5,3222.537353515625,2991.59033203125,58,205,4570,566,205
143,5.0,0.3,3337.466796875,3031.17578125,58,201,4385,569,201
144,5.0,0.2,3451.923828125,3151.4033203125,58,201,4398,586,201
145,5.0,0.3,3381.2783203125,3086.4423828125,60,216,4668,533,216
146,5.0,0.1,3328.222900390625,3045.5869140625,58,203,4453,572,203
147,5.0,0.3,3143.28369140625,2868.467529296875,58,204,4409,590,204
148,5.0,0.2,3257.651123046875,3043.843505859375,71,203,4400,590,203
149,5.0,0.4,3090.7158203125,2800.671630859375,58,206,4559,581,206
150,5.0,0.1,3365.413330078125,3119.89111328125,58,206,4502,564,206
151,5.0,0.1,3329.724853515625,3049.937255859375,58,203,4528,549,203
152,5.0,0.2,3421.43603515625,3198.66455078125,105,205,4415,544,205
153,5.0,0.2,3371.2314453125,3041.757568359375,58,202,4419,594,202
154,5.0,0.3,3341.87744140625,3036.635009765625,60,208,4537,578,208
155,5.0,0.3,3430.638916015625,3133.513671875,60,201,4396,581,201
156,5.0,0.2,3465.800048828125,3183.43603515625,58,205,4518,578,205
157,5.0,0.2,3190.14453125,2906.26025390625,60,201,4320,589,201
158,5.0,0.1,3320.126708984375,3057.5302734375,58,203,4437,577,203
159,5.0,0.0,3256.642822265625,3038.88623046875,58,206,4614,564,206
160,5.0,0.3,3229.724609375,2963.41015625,60,204,4460,580,204
161,5.0,0.0,3354.423095703125,3103.664306640625,60,203,4476,568,203
162,5.0,0.2,3499.72021484375,3288.193115234375,58,200,4296,556,200
163,5.0,0.2,3302.4091796875,3099.489990234375,60,217,4707,562,217
164,5.0,0.3,3290.285888671875,3049.6064453125,89,209,4617,594,209
165,5.0,0.2,3347.612060546875,3040.19140625,58,201,4386,554,201
166,5.0,0.2,3329.349609375,3092.719482421875,58,219,4895,573,219
167,5.0,0.3,3252.58203125,3030.384033203125,73,205,4532,570,205
168,5.0,0.3,3413.98876953125,3123.5341796875,58,207,4575,557,207
169,5.0,0.2,3060.182861328125,2772.94140625,58,202,4349,609,202
170,5.0,0.2,3423.2080078125,3090.69287109375,58,200,4358,572,200
171,5.0,0.2,3399.791748046875,3107.869384765625,60,217,4712,571,217
172,5.0,0.0,3540.1591796875,3189.261474609375,60,212,4716,558,212
173,5.0,0.1,3426.384521484375,3140.712158203125,60,204,4462,586,204
174,5.0,0.3,3371.219970703125,3072.6611328125,58,206,4526,589,206
175,5.0,0.1,3163.163330078125,2926.458984375,58,201,4454,536,201
176,5.0,0.4,3287.12744140625,3026.035888671875,58,208,4621,590,208
177,5.0,0.4,3558.348876953125,3278.317138671875,58,204,4449,577,204
178,5.0,0.3,3188.493408203125,2901.437255859375,58,200,4286,584,200
179,5.0,0.1,3213.77099609375,2918.380126953125,60,220,4840,589,220
180,5.0,0.3,3318.675048828125,3075.80859375,60,230,4996,605,230
181,5.0,0.3,3540.30322265625,3249.261474609375,58,206,4502,575,206
182,5.0,0.2,3370.961669921875,3103.5849609375,58,202,4478,550,202
183,5.0,0.2,3419.41162109375,3201.78564453125,58,205,4580,577,205
184,5.0,0.1,3304.667724609375,2969.83984375,58,203,4468,580,203
185,5.0,0.2,3548.884765625,3266.80126953125,58,207,4544,565,207
186,5.0,0.1,3541.814453125,3214.34375,58,205,4445,576,205
187,5.0,0.2,3447.10498046875,3134.59521484375,58,214,4716,571,214
188,5.0,0.1,3542.640869140625,3235.851806640625,58,200,4438,563,200
189,5.0,0.3,3430.896484375,3141.07958984375,58,201,4419,541,201
190,5.0,0.2,3567.35546875,3238.407470703125,58,227,4913,566,227
191,5.0,0.0,3440.857421875,3177.01611328125,58,201,4410,561,201
192,5.0,0.3,3429.755615234375,3090.122802734375,58,212,4614,543,212
193,5.0,0.5,3370.84130859375,3106.8505859375,60,208,4427,586,208
194,5.0,0.3,3368.451904296875,3124.133056640625,60,201,4470,556,201
195,5.0,0.3,3355.17919921875,3083.949462890625,58,207,4629,582,207
196,5.0,0.4,3339.7138671875,3087.302001953125,60,205,4472,593,205
197,5.0,0.3,3271.81396484375,2957.34423828125,58,200,4454,545,200
198,5.0,0.0,3022.0732421875,2813.85693359375,58,205,4685,596,205
199,5.0,0.2,3297.441162109375,3041.002685546875,105,202,4469,557,202
0,8.0,0.2,8627.71484375,8227.5302734375,58,213,4685,533,213
1,8.0,0.2,8279.69140625,7817.619140625,58,216,4642,597,216
2,8.0,0.2,8186.59423828125,7739.08251953125,58,203,4337,552,203
3,8.0,0.2,8511.6611328125,8125.166015625,105,207,4387,578,207
4,8.0,0.1,8462.6904296875,7985.6640625,60,203,4358,592,203
5,8.0,0.2,8566.76953125,8100.4228515625,58,203,4343,581,203
6,8.0,0.1,8160.4755859375,7830.2763671875,105,200,4297,546,200
7,8.0,0.3,8467.62890625,7998.88427734375,58,208,4452,560,208
8,8.0,0.2,8359.2607421875,7950.98095703125,58,211,4567,575,211
9,8.0,0.1,8501.7548828125,8100.2724609375,58,222,4780,590,222
10,8.0,0.2,8163.89892578125,7650.416015625,58,211,4567,564,211
11,8.0,0.1,8662.4951171875,8198.345703125,58,206,4393,572,206
12,8.0,0.0,8378.51953125,7993.30615234375,105,202,4365,560,202
13,8.0,0.3,8448.626953125,8087.041015625,105,200,4263,556,200
14,8.0,0.1,8462.419921875,7986.56298828125,58,223,4714,569,223
15,8.0,0.2,8247.205078125,7752.7412109375,58,206,4412,564,206
16,8.0,0.0,8279.2919921875,7816.6376953125,58,201,4334,567,201
17,8.0,0.2,8413.19921875,7924.51318359375,58,206,4518,598,206
18,8.0,0.2,8419.01953125,7910.26025390625,58,203,4368,557,203
19,8.0,0.1,8465.0322265625,8044.71240234375,60,209,4512,567,209
20,8.0,0.2,8304.677734375,7816.51806640625,58,204,4320,603,204
21,8.0,0.2,8365.1513671875,7910.74462890625,60,211,4487,605,211
22,8.0,0.3,8039.962890625,7590.20458984375,58,205,4444,554,205
23,8.0,0.1,8422.3349609375,7992.37890625,58,201,4284,540,201
24,8.0,0.2,8116.05029296875,7668.76611328125,60,231,4826,573,231
25,8.0,0.0,8295.017578125,7847.50390625,58,202,4378,583,202
26,8.0,0.0,8265.6650390625,7819.63916015625,60,203,4425,595,203
27,8.0,0.2,8593.375,8130.02880859375,58,206,4338,608,206
28,8.0,0.2,8158.83447265625,7739.8984375,58,206,4392,581,206
29,8.0,0.2,8685.099609375,8225.0224609375,58,201,4397,562,201
30,8.0,0.3,8419.0439453125,7906.970703125,58,207,4418,572,207
31,8.0,0.1,8173.263671875,7710.20068359375,58,218,4752,585,218
32,8.0,0.2,8216.1484375,7756.80908203125,58,213,4587,582,213
33,8.0,0.1,8143.88427734375,7730.888671875,58,226,4757,579,226
34,8.0,0.4,8502.0791015625,8096.7587890625,58,201,4428,561,201
35,8.0,0.2,8090.12060546875,7648.57421875,58,237,5049,572,237
36,8.0,0.2,8102.31201171875,7828.74169921875,89,200,4335,588,200
37,8.0,0.2,8128.56103515625,7643.03271484375,58,203,4454,572,203
38,8.0,0.2,8110.26123046875,7656.09814453125,58,203,4429,589,203
39,8.0,0.1,8612.59765625,8186.994140625,58,208,4454,575,208
40,8.0,0.2,8364.0654296875,7920.31396484375,58,206,4359,584,206
41,8.0,0.2,8538.314453125,8046.95458984375,58,205,4411,553,205
42,8.0,0.1,8040.9736328125,7616.6572265625,58,202,4342,537,202
43,8.0,0.3,8395.5830078125,7925.78125,58,201,4305,580,201
44,8.0,0.2,8429.3740234375,7977.84716796875,58,208,4480,579,208
45,8.0,0.3,7916.8779296875,7455.48095703125,58,203,4423,574,203
46,8.0,0.4,8539.822265625,8077.99169921875,58,206,4370,556,206
47,8.0,0.1,8099.421875,7667.07568359375,58,212,4567,583,212
48,8.0,0.1,8350.3505859375,7887.8701171875,58,222,4747,564,222
49,8.0,0.3,8518.1923828125,8050.484375,60,203,4381,571,203
50,8.0,0.1,8349.8505859375,7928.11572265625,58,209,4547,568,209
51,8.0,0.2,8439.1474609375,7983.1962890625,58,205,4388,566,205
52,8.0,0.2,8357.873046875,8037.458984375,121,226,4743,570,226
53,8.0,0.1,8005.517578125,7576.388671875,60,208,4509,575,208
54,8.0,0.2,8342.0380859375,7931.10791015625,58,201,4343,596,201
55,8.0,0.3,8439.1337890625,7948.37939453125,58,208,4494,578,208
56,8.0,0.2,8232.095703125,7768.1533203125,60,201,4343,583,201
57,8.0,0.3,8267.5830078125,7803.171875,58,219,4734,566,219
58,8.0,0.3,8371.2685546875,7915.99853515625,58,215,4483,581,215
59,8.0,0.2,8383.8017578125,7909.36865234375,58,227,4823,559,227
60,8.0,0.1,8481.67578125,8025.7998046875,58,213,4564,526,213
61,8.0,0.4,8594.9248046875,8158.78515625,58,203,4395,593,203
62,8.0,0.1,8395.4951171875,7946.68017578125,58,208,4378,577,208
63,8.0,0.1,8422.875,7931.5478515625,58,204,4380,543,204
64,8.0,0.3,8403.59375,7950.13427734375,58,208,4534,583,208
65,8.0,0.2,8510.8251953125,8084.98046875,60,203,4440,596,203
66,8.0,0.2,8342.208984375,8020.87158203125,89,200,4363,598,200
67,8.0,0.3,8399.505859375,7967.95703125,58,202,4294,578,202
68,8.0,0.1,8250.927734375,7909.4580078125,105,211,4646,556,211
69,8.0,0.1,8322.1025390625,7898.33642578125,60,202,4363,565,202
70,8.0,0.3,7896.40234375,7461.484375,58,205,4428,568,205
71,8.0,0.4,8508.6416015625,8113.14404296875,58,229,4901,612,229
72,8.0,0.2,8663.310546875,8158.515625,60,206,4382,588,206
73,8.0,0.1,8187.96533203125,7738.79931640625,58,202,4459,580,202
74,8.0,0.2,8394.8466796875,7942.15625,58,217,4658,582,217
75,8.0,0.3,8211.931640625,7768.56982421875,58,212,4537,558,212
76,8.0,0.2,8368.3837890625,7921.7216796875,58,203,4375,584,203
77,8.0,0.0,8372.16796875,7835.80859375,58,215,4625,566,215
78,8.0,0.1,8344.0595703125,7939.86181640625,58,201,4385,579,201
79,8.0,0.2,8144.619140625,7732.3330078125,58,202,4368,568,202
80,8.0,0.2,8249.884765625,7807.50732421875,60,202,4416,570,202
81,8.0,0.3,8610.6064453125,8136.6650390625,58,202,4239,587,202
82,8.0,0.1,8511.931640625,8050.09033203125,58,204,4351,570,204
83,8.0,0.1,8217.53515625,7887.42529296875,89,200,4327,569,200
84,8.0,0.4,8305.4794921875,7909.9501953125,58,211,4495,590,211
85,8.0,0.0,8346.4306640625,7933.30322265625,58,203,4342,585,203
86,8.0,0.1,8631.8564453125,8140.75634765625,58,209,4422,614,209
87,8.0,0.2,8532.9912109375,8077.087890625,60,202,4263,545,202
88,8.0,0.2,8253.2939453125,7900.92822265625,89,202,4361,582,202
89,8.0,0.2,8193.9130859375,7749.77880859375,58,226,4821,564,226
90,8.0,0.2,8270.19140625,7856.5283203125,58,205,4391,564,205
91,8.0,0.3,8558.4736328125,8137.15625,60,202,4432,596,202
92,8.0,0.1,8579.61328125,8131.34521484375,58,201,4445,567,201
93,8.0,0.1,8214.3740234375,7759.25439453125,58,201,4407,577,201
94,8.0,0.1,8257.947265625,7746.32177734375,58,211,4530,593,211
95,8.0,0.1,8160.59130859375,7754.56884765625,60,202,4393,551,202
96,8.0,0.3,8543.2900390625,8082.92041015625,58,204,4492,612,204
97,8.0,0.2,7858.00830078125,7440.09326171875,60,201,4278,574,201
98,8.0,0.2,8088.65771484375,7794.64501953125,89,211,4644,602,211
99,8.0,0.0,8526.1181640625,8041.505859375,58,219,4614,572,219
100,8.0,0.1,8306.2109375,7855.607421875,60,217,4585,582,217
101,8.0,0.2,7931.7705078125,7540.96826171875,60,206,4424,556,206
102,8.0,0.2,8031.31298828125,7604.0478515625,58,204,4469,599,204
103,8.0,0.2,8442.7001953125,8125.52294921875,105,204,4472,570,204
104,8.0,0.3,8549.6123046875,8054.29443359375,58,213,4643,583,213
105,8.0,0.3,8225.0546875,7832.95654296875,58,211,4508,557,211
106,8.0,0.2,8520.99609375,8056.716796875,58,202,4372,569,202
107,8.0,0.2,8263.3935546875,7837.72509765625,58,201,4294,566,201
108,8.0,0.1,8086.49072265625,7623.658203125,58,201,4373,599,201
109,8.0,0.2,8342.076171875,7890.19287109375,58,206,4343,545,206
110,8.0,0.3,8566.353515625,8134.6376953125,58,215,4588,561,215
111,8.0,0.1,8564.0068359375,8220.0234375,89,200,4279,574,200
112,8.0,0.1,8211.7900390625,7773.1708984375,58,207,4497,551,207
113,8.0,0.1,8560.3974609375,8139.10205078125,58,211,4511,584,211
114,8.0,0.2,8326.1767578125,7853.26953125,60,214,4486,596,214
115,8.0,0.3,8561.6328125,8126.12841796875,60,208,4413,557,208
116,8.0,0.2,8011.119140625,7623.08349609375,60,203,4451,586,203
117,8.0,0.2,8190.5048828125,7770.53369140625,58,202,4363,562,202
118,8.0,0.4,8157.42626953125,7672.88232421875,58,213,4524,584,213
119,8.0,0.1,8444.806640625,8118.2080078125,89,206,4374,570,206
120,8.0,0.2,7946.40576171875,7563.8955078125,60,202,4386,557,202
121,8.0,0.2,8204.623046875,7727.00244140625,58,204,4530,606,204
122,8.0,0.1,8578.244140625,8084.74853515625,58,212,4512,584,212
123,8.0,0.2,8521.234375,8076.6201171875,58,224,4851,570,224
124,8.0,0.2,8190.63525390625,7722.1708984375,58,201,4310,568,201
125,8.0,0.2,8136.71044921875,7677.47021484375,58,217,4720,563,217
126,8.0,0.1,8502.8154296875,8077.490234375,60,210,4550,562,210
127,8.0,0.1,8411.4169921875,7930.1455078125,60,201,4303,582,201
128,8.0,0.3,8258.4716796875,7877.83642578125,58,211,4660,568,211
129,8.0,0.1,8048.13916015625,7639.93017578125,58,202,4375,530,202
130,8.0,0.1,8366.4423828125,7955.31396484375,58,203,4194,563,203
131,8.0,0.1,8370.4453125,7882.87060546875,58,205,4416,573,205
132,8.0,0.2,8482.7353515625,8059.17578125,58,208,4453,588,208
133,8.0,0.2,8375.681640625,7905.86474609375,58,208,4445,579,208
134,8.0,0.1,8411.61328125,8011.02099609375,58,203,4311,593,203
135,8.0,0.4,7894.14404296875,7490.2587890625,58,217,4606,568,217
136,8.0,0.3,8614.3017578125,8298.55859375,105,200,4281,569,200
137,8.0,0.1,8256.1025390625,7973.171875,105,207,4480,557,207
138,8.0,0.2,8331.82421875,7865.7607421875,58,210,4477,565,210
139,8.0,0.2,8094.759765625,7692.85009765625,58,213,4606,565,213
140,8.0,0.2,8331.02734375,7877.30859375,58,203,4422,613,203
141,8.0,0.2,8585.5546875,8157.01416015625,60,219,4669,572,219
142,8.0,0.5,8462.4375,8001.361328125,58,202,4374,594,202
143,8.0,0.1,8344.32421875,7889.03857421875,60,201,4414,597,201
144,8.0,0.1,8253.8994140625,7847.98291015625,58,202,4366,582,202
145,8.0,0.3,8640.6396484375,8183.35009765625,58,203,4393,566,203
146,8.0,0.2,8138.64111328125,7702.111328125,58,209,4457,595,209
147,8.0,0.1,8443.6845703125,8001.04638671875,58,209,4447,620,209
148,8.0,0.1,8308.4609375,7853.01123046875,58,204,4332,566,204
149,8.0,0.3,8009.10986328125,7613.33740234375,58,202,4442,580,202
150,8.0,0.2,8019.26708984375,7749.30517578125,73,201,4384,597,201
151,8.0,0.2,8650.6025390625,8161.60400390625,58,207,4502,579,207
152,8.0,0.3,8163.380859375,7721.87548828125,58,201,4346,561,201
153,8.0,0.3,8228.8154296875,7771.29833984375,60,203,4292,570,203
154,8.0,0.3,8282.2529296875,7822.9892578125,58,201,4356,556,201
155,8.0,0.1,8484.072265625,8134.1533203125,89,207,4453,582,207
156,8.0,0.2,8699.12890625,8261.41796875,58,207,4520,554,207
157,8.0,0.2,8444.8955078125,8004.19775390625,60,201,4330,586,201
158,8.0,0.3,8394.302734375,7940.404296875,60,203,4410,583,203
159,8.0,0.1,8164.69140625,7760.1728515625,58,204,4335,583,204
160,8.0,0.2,8502.3564453125,8078.98388671875,58,203,4303,572,203
161,8.0,0.0,8399.2421875,7946.681640625,58,214,4535,576,214
162,8.0,0.1,8284.1103515625,7857.583984375,60,206,4574,578,206
163,8.0,0.1,8443.4189453125,8027.53955078125,58,210,4471,570,210
164,8.0,0.1,8278.994140625,7845.7705078125,58,201,4315,585,201
165,8.0,0.2,8331.5693359375,7908.68310546875,58,201,4330,574,201
166,8.0,0.2,8029.3525390625,7586.7236328125,60,205,4294,581,205
167,8.0,0.3,8419.498046875,7982.9990234375,58,201,4302,565,201
168,8.0,0.2,8318.056640625,7937.03125,58,210,4537,585,210
169,8.0,0.0,8433.0576171875,7975.26806640625,58,215,4619,588,215
170,8.0,0.2,8588.5654296875,8130.1884765625,58,209,4461,564,209
171,8.0,0.1,8336.06640625,7904.21923828125,58,203,4325,561,203
172,8.0,0.2,8687.708984375,8224.646484375,58,205,4394,612,205
173,8.0,0.2,8341.8720703125,7948.65380859375,58,202,4338,589,202
174,8.0,0.1,8642.98828125,8176.4970703125,58,203,4362,554,203
175,8.0,0.2,8516.0615234375,8082.958984375,58,205,4406,575,205
176,8.0,0.3,8377.4697265625,8026.099609375,105,200,4237,556,200
177,8.0,0.2,8175.94091796875,7737.69921875,58,207,4501,571,207
178,8.0,0.2,8178.1865234375,7780.8525390625,60,206,4435,565,206
179,8.0,0.2,8420.6787109375,7958.1357421875,58,218,4590,611,218
180,8.0,0.3,8388.39453125,7969.95654296875,60,219,4699,584,219
181,8.0,0.1,8589.9033203125,8091.275390625,58,217,4602,566,217
182,8.0,0.1,8588.251953125,8131.38720703125,58,210,4565,583,210
183,8.0,0.2,8199.099609375,7805.57958984375,60,203,4360,540,203
184,8.0,0.2,8441.521484375,7993.26123046875,60,202,4333,594,202
185,8.0,0.1,8523.705078125,8059.4873046875,60,202,4322,554,202
186,8.0,0.1,8325.2490234375,7902.3935546875,58,207,4418,575,207
187,8.0,0.1,8199.5341796875,7748.83349609375,58,204,4506,577,204
188,8.0,0.2,8483.1455078125,8017.498046875,58,213,4598,579,213
189,8.0,0.2,8169.00927734375,7718.02734375,58,202,4335,556,202
190,8.0,0.3,8175.78955078125,7717.87646484375,58,204,4460,569,204
191,8.0,0.1,8260.0546875,7862.0283203125,58,201,4318,558,201
192,8.0,0.4,8224.673828125,7782.1337890625,58,212,4565,585,212
193,8.0,0.2,8136.0556640625,7672.728515625,58,206,4315,562,206
194,8.0,0.1,8531.236328125,8071.47900390625,58,202,4358,569,202
195,8.0,0.2,8173.3115234375,7752.56982421875,60,205,4431,590,205
196,8.0,0.2,8319.4638671875,7888.9541015625,58,205,4421,594,205
197,8.0,0.1,8333.634765625,7940.08935546875,58,207,4511,581,207
198,8.0,0.2,8105.92919921875,7713.1904296875,60,202,4370,591,202
199,8.0,0.3,8762.8896484375,8270.607421875,58,206,4323,582,206
0,10.0,0.2,12783.0341796875,12264.025390625,58,207,4407,598,207
1,10.0,0.1,12929.6572265625,12497.9306640625,105,200,4323,568,200
2,10.0,0.2,12810.642578125,12264.0166015625,58,208,4355,581,208
3,10.0,0.2,12938.3740234375,12389.1318359375,58,219,4621,571,219
4,10.0,0.1,12619.0498046875,12069.302734375,60,202,4348,565,202
5,10.0,0.1,12703.36328125,12197.5947265625,58,217,4648,623,217
6,10.0,0.3,13081.6396484375,12535.126953125,58,207,4331,576,207
7,10.0,0.3,12694.896484375,12139.2373046875,58,204,4335,568,204
8,10.0,0.2,12452.8994140625,11878.234375,58,210,4492,583,210
9,10.0,0.2,12878.5908203125,12327.365234375,58,201,4382,574,201
10,10.0,0.3,13252.90625,12673.3623046875,58,202,4392,583,202
11,10.0,0.2,12683.9638671875,12175.4248046875,58,206,4356,556,206
12,10.0,0.1,12791.408203125,12217.5517578125,58,208,4491,601,208
13,10.0,0.3,12983.83984375,12384.8193359375,58,209,4509,588,209
14,10.0,0.1,12736.7578125,12182.869140625,58,201,4368,600,201
15,10.0,0.2,13262.00390625,12686.76171875,58,207,4387,590,207
16,10.0,0.1,12939.310546875,12418.7783203125,58,209,4477,581,209
17,10.0,0.1,13049.8349609375,12499.095703125,58,206,4361,595,206
18,10.0,0.2,13198.5341796875,12613.0078125,58,206,4360,580,206
19,10.0,0.2,12933.697265625,12425.693359375,58,203,4426,603,203
20,10.0,0.3,13288.86328125,12768.7802734375,58,208,4362,575,208
21,10.0,0.1,12701.73828125,12184.091796875,60,202,4366,532,202
22,10.0,0.3,13002.15625,12471.2880859375,60,202,4332,558,202
23,10.0,0.4,12930.671875,12419.771484375,58,201,4338,558,201
24,10.0,0.1,13114.1826171875,12573.259765625,58,211,4538,571,211
25,10.0,0.2,13100.9404296875,12506.84765625,58,204,4370,558,204
26,10.0,0.2,12683.3056640625,12319.3134765625,89,200,4433,593,200
27,10.0,0.1,13030.220703125,12438.337890625,58,203,4406,588,203
28,10.0,0.2,12682.1767578125,12172.2998046875,58,201,4347,586,201
29,10.0,0.2,12908.7822265625,12309.39453125,58,204,4363,581,204
30,10.0,0.2,13263.005859375,12705.0830078125,58,208,4374,570,208
31,10.0,0.0,13285.767578125,12700.482421875,58,228,4896,598,228
32,10.0,0.2,13130.326171875,12559.796875,58,204,4375,615,204
33,10.0,0.3,13157.064453125,12642.3447265625,58,209,4463,578,209
34,10.0,0.0,12857.0029296875,12426.376953125,89,200,4261,596,200
35,10.0,0.1,12688.6796875,12115.7529296875,60,215,4670,585,215
36,10.0,0.2,12315.3427734375,11801.0341796875,58,201,4369,569,201
37,10.0,0.1,12834.154296875,12335.89453125,58,203,4368,569,203
38,10.0,0.1,13115.76953125,12572.4990234375,60,207,4448,590,207
39,10.0,0.1,12930.720703125,12384.8203125,58,202,4388,582,202
40,10.0,0.2,12795.248046875,12233.228515625,58,227,4759,592,227
41,10.0,0.2,12725.8583984375,12180.40625,58,211,4414,586,211
42,10.0,0.1,12840.1943359375,12277.7548828125,58,205,4534,573,205
43,10.0,0.2,12858.0771484375,12242.3173828125,58,229,4797,588,229
44,10.0,0.2,13249.8388671875,12731.232421875,58,209,4475,602,209
45,10.0,0.1,13001.642578125,12571.869140625,105,201,4283,567,201
46,10.0,0.2,12984.2333984375,12433.3935546875,58,207,4464,585,207
47,10.0,0.2,13165.5068359375,12606.5986328125,58,203,4434,586,203
48,10.0,0.1,12704.65234375,12157.7685546875,58,207,4405,558,207
49,10.0,0.0,13004.376953125,12452.7236328125,58,220,4652,584,220
50,10.0,0.1,12648.533203125,12034.57421875,58,205,4303,547,205
51,10.0,0.2,13116.046875,12598.3994140625,58,213,4590,534,213
52,10.0,0.2,13208.4599609375,12623.9892578125,58,208,4472,586,208
53,10.0,0.1,12553.59375,11987.4833984375,60,201,4332,579,201
54,10.0,0.2,12799.759765625,12266.619140625,60,207,4392,578,207
55,10.0,0.2,12505.9619140625,11957.2783203125,58,208,4353,578,208
56,10.0,0.2,13338.333984375,12775.7646484375,58,201,4410,576,201
57,10.0,0.2,13081.4296875,12532.4404296875,58,205,4342,568,205
58,10.0,0.2,13184.6376953125,12652.54296875,58,202,4414,582,202
59,10.0,0.3,12755.0810546875,12163.5703125,58,208,4481,546,208
60,10.0,0.2,12627.5625,12124.1142578125,60,207,4398,565,207
61,10.0,0.3,13109.0615234375,12552.830078125,58,206,4340,607,206
62,10.0,0.2,13226.353515625,12636.5,58,203,4397,569,203
63,10.0,0.1,12776.0478515625,12202.306640625,58,202,4235,583,202
64,10.0,0.3,12891.9697265625,12314.3388671875,58,203,4312,552,203
65,10.0,0.3,12811.1376953125,12318.521484375,58,212,4533,578,212
66,10.0,0.3,13184.9267578125,12640.5302734375,58,213,4579,592,213
67,10.0,0.1,13122.4541015625,12576.013671875,58,211,4444,576,211
68,10.0,0.1,12965.7890625,12438.9384765625,58,231,4915,570,231
69,10.0,0.1,12724.5625,12215.9765625,60,205,4431,568,205
70,10.0,0.1,13069.3466796875,12527.73046875,58,202,4302,581,202
71,10.0,0.2,13349.5537109375,12778.2255859375,60,202,4306,608,202
72,10.0,0.1,12747.306640625,12211.4296875,58,203,4373,574,203
73,10.0,0.1,12746.9560546875,12205.33984375,58,207,4376,571,207
74,10.0,0.1,12816.9892578125,12252.953125,58,212,4572,580,212
75,10.0,0.2,12723.5341796875,12124.38671875,58,208,4434,593,208
76,10.0,0.1,13010.265625,12577.93359375,105,202,4373,579,202
77,10.0,0.1,12726.5400390625,12125.11328125,58,203,4429,540,203
78,10.0,0.2,13289.4208984375,12730.873046875,58,205,4416,590,205
79,10.0,0.3,12756.560546875,12204.4140625,58,207,4388,586,207
80,10.0,0.2,12876.2275390625,12344.4462890625,58,204,4434,526,204
81,10.0,0.4,12981.8232421875,12466.318359375,60,208,4568,560,208
82,10.0,0.3,12372.6455078125,11797.765625,58,204,4315,562,204
83,10.0,0.2,13067.5615234375,12490.2080078125,58,202,4329,554,202
84,10.0,0.2,12996.419921875,12447.181640625,60,205,4509,561,205
85,10.0,0.3,12823.09765625,12273.962890625,58,208,4460,541,208
86,10.0,0.3,13378.3046875,12831.1640625,60,206,4518,603,206
87,10.0,0.2,13027.939453125,12439.8681640625,58,205,4396,595,205
88,10.0,0.2,12944.919921875,12346.830078125,58,213,4487,577,213
89,10.0,0.2,13426.0458984375,12860.1787109375,58,206,4422,571,206
90,10.0,0.0,13206.4052734375,12664.33203125,60,201,4263,568,201
91,10.0,0.1,13025.7431640625,12467.451171875,58,205,4414,571,205
92,10.0,0.3,12677.77734375,12128.125,58,201,4286,585,201
93,10.0,0.2,12960.294921875,12395.6552734375,58,210,4535,593,210
94,10.0,0.1,13000.52734375,12480.853515625,58,205,4296,579,205
95,10.0,0.2,12581.943359375,12070.49609375,58,216,4692,582,216
96,10.0,0.2,13009.62890625,12413.7763671875,58,203,4394,575,203
97,10.0,0.3,13261.466796875,12697.4423828125,58,203,4443,552,203
98,10.0,0.2,12951.7822265625,12385.1318359375,58,203,4329,582,203
99,10.0,0.2,13027.6728515625,12487.0126953125,60,202,4361,584,202
100,10.0,0.1,12805.0498046875,12301.783203125,58,202,4468,567,202
101,10.0,0.2,12999.19140625,12450.0048828125,58,202,4262,569,202
102,10.0,0.3,13106.458984375,12605.2646484375,58,207,4412,534,207
103,10.0,0.2,12910.6875,12356.2861328125,58,209,4513,568,209
104,10.0,0.1,12930.9990234375,12367.8818359375,58,209,4501,573,209
105,10.0,0.1,12911.1435546875,12362.62109375,58,221,4685,575,221
106,10.0,0.0,13019.3154296875,12492.75390625,60,217,4672,557,217
107,10.0,0.2,12837.61328125,12255.9404296875,60,208,4436,563,208
108,10.0,0.2,13091.1337890625,12557.9296875,58,206,4446,586,206
109,10.0,0.1,13020.111328125,12508.873046875,58,202,4349,567,202
110,10.0,0.2,12899.5595703125,12393.490234375,58,201,4286,584,201
111,10.0,0.2,12833.79296875,12301.111328125,58,207,4506,605,207
112,10.0,0.2,12665.8212890625,12102.591796875,60,205,4426,581,205
113,10.0,0.3,12783.1181640625,12240.5517578125,58,207,4509,588,207
114,10.0,0.2,13167.5302734375,12592.8173828125,58,204,4282,579,204
115,10.0,0.0,12949.3798828125,12396.2998046875,60,204,4327,557,204
116,10.0,0.2,13097.337890625,12513.9140625,58,216,4636,552,216
117,10.0,0.1,12911.9091796875,12375.22265625,58,219,4581,525,219
118,10.0,0.3,12681.908203125,12135.8564453125,58,204,4409,564,204
119,10.0,0.2,13104.4287109375,12473.6591796875,58,207,4397,584,207
120,10.0,0.3,12771.2080078125,12214.8837890625,60,212,4414,616,212
121,10.0,0.2,12906.1787109375,12396.5283203125,60,207,4413,576,207
122,10.0,0.2,12624.859375,12130.068359375,60,220,4646,590,220
123,10.0,0.1,13107.3291015625,12564.1728515625,58,210,4589,578,210
124,10.0,0.0,12647.28515625,12082.8662109375,58,213,4537,584,213
125,10.0,0.2,12937.1494140625,12344.740234375,58,207,4434,584,207
126,10.0,0.1,13116.75,12515.458984375,58,201,4367,575,201
127,10.0,0.2,12625.1474609375,12124.189453125,58,202,4375,560,202
128,10.0,0.1,12895.2451171875,12302.09375,58,201,4330,567,201
129,10.0,0.1,13267.40234375,12699.5771484375,58,208,4430,595,208
130,10.0,0.0,12699.0439453125,12125.013671875,58,233,4820,565,233
131,10.0,0.1,13102.7109375,12581.1572265625,60,201,4348,559,201
132,10.0,0.2,12988.3037109375,12421.3291015625,60,213,4393,584,213
133,10.0,0.3,12822.1904296875,12247.3349609375,60,203,4373,554,203
134,10.0,0.1,12996.19921875,12474.6884765625,60,205,4440,543,205
135,10.0,0.1,12849.814453125,12270.591796875,58,214,4587,603,214
136,10.0,0.0,13004.26171875,12441.814453125,58,205,4364,578,205
137,10.0,0.2,12807.1484375,12270.2890625,58,207,4444,603,207
138,10.0,0.1,13126.7861328125,12586.6416015625,58,245,5021,585,245
139,10.0,0.1,13036.86328125,12410.3330078125,58,206,4395,586,206
140,10.0,0.1,12971.5078125,12401.5234375,60,204,4259,575,204
141,10.0,0.2,12864.296875,12310.0546875,58,212,4521,591,212
142,10.0,0.3,13014.7548828125,12417.765625,58,204,4279,552,204
143,10.0,0.2,13113.0927734375,12576.4140625,58,202,4289,567,202
144,10.0,0.2,13115.671875,12597.986328125,58,213,4547,591,213
145,10.0,0.3,12652.7890625,12151.2314453125,58,205,4378,570,205
146,10.0,0.1,13107.8818359375,12489.671875,58,202,4377,572,202
147,10.0,0.2,12528.0302734375,11987.2734375,58,212,4637,563,212
148,10.0,0.2,12441.8583984375,11903.0126953125,58,206,4443,601,206
149,10.0,0.3,12876.3486328125,12281.623046875,58,225,4886,558,225
150,10.0,0.2,12974.8173828125,12395.82421875,58,211,4436,589,211
151,10.0,0.1,13281.3681640625,12732.9775390625,58,203,4305,571,203
152,10.0,0.2,13051.71875,12471.7646484375,58,211,4435,605,211
153,10.0,0.2,12920.2763671875,12366.7783203125,58,204,4334,582,204
154,10.0,0.2,13050.197265625,12472.240234375,58,218,4611,575,218
155,10.0,0.1,12962.1796875,12391.080078125,58,224,4725,595,224
156,10.0,0.1,13134.25,12584.60546875,58,207,4358,575,207
157,10.0,0.2,12951.3447265625,12385.3134765625,58,230,4868,592,230
158,10.0,0.1,13163.849609375,12610.79296875,58,207,4426,568,207
159,10.0,0.1,12905.2880859375,12402.541015625,58,207,4399,579,207
160,10.0,0.1,12944.2265625,12415.509765625,58,214,4611,582,214
161,10.0,0.1,12686.345703125,12090.3916015625,58,202,4368,572,202
162,10.0,0.1,12728.083984375,12131.5361328125,58,203,4291,572,203
163,10.0,0.2,12649.171875,12071.716796875,58,228,4823,593,228
164,10.0,0.1,12957.3720703125,12373.853515625,58,202,4334,581,202
165,10.0,0.2,12803.0751953125,12231.8447265625,58,208,4346,577,208
166,10.0,0.2,12829.6591796875,12305.41015625,58,204,4408,579,204
167,10.0,0.2,12902.6318359375,12481.5302734375,105,200,4189,559,200
168,10.0,0.2,13366.5107421875,12777.345703125,58,216,4530,573,216
169,10.0,0.1,12828.052734375,12259.255859375,58,205,4351,562,205
170,10.0,0.0,12762.5068359375,12152.6767578125,58,206,4426,557,206
171,10.0,0.3,12779.6982421875,12241.7060546875,58,209,4429,575,209
172,10.0,0.2,12663.4912109375,12166.46484375,58,204,4397,522,204
173,10.0,0.1,12935.1611328125,12423.1982421875,60,201,4336,580,201
174,10.0,0.1,13017.8564453125,12426.240234375,58,205,4516,566,205
175,10.0,0.1,12709.19921875,12144.3203125,58,205,4426,564,205
176,10.0,0.4,13596.0732421875,13011.158203125,58,213,4545,565,213
177,10.0,0.2,13198.958984375,12596.767578125,58,206,4491,565,206
178,10.0,0.2,13200.7314453125,12609.734375,58,202,4289,573,202
179,10.0,0.2,12343.5546875,11795.365234375,58,206,4355,588,206
180,10.0,0.2,12670.1728515625,12121.3203125,58,210,4436,576,210
181,10.0,0.2,12807.994140625,12304.7666015625,58,202,4433,542,202
182,10.0,0.1,12504.3408203125,11991.3154296875,58,206,4359,565,206
183,10.0,0.1,13115.3427734375,12625.2041015625,58,203,4236,552,203
184,10.0,0.3,13040.197265625,12487.578125,58,205,4413,564,205
185,10.0,0.2,12848.970703125,12277.9755859375,58,202,4411,573,202
186,10.0,0.3,12647.1943359375,12065.12890625,58,201,4261,550,201
187,10.0,0.4,12921.5791015625,12378.2197265625,58,204,4314,563,204
188,10.0,0.2,13081.8251953125,12536.7578125,58,202,4317,556,202
189,10.0,0.1,12375.6494140625,11797.029296875,58,204,4382,560,204
190,10.0,0.1,13326.33203125,12772.869140625,58,209,4518,558,209
191,10.0,0.1,12796.6083984375,12236.0087890625,58,209,4478,569,209
192,10.0,0.1,12654.2314453125,12070.26953125,58,210,4434,602,210
193,10.0,0.3,12696.7705078125,12168.826171875,58,201,4400,587,201
194,10.0,0.1,12918.1611328125,12369.46875,58,204,4351,530,204
195,10.0,0.1,12655.6787109375,12103.869140625,58,208,4438,551,208
196,10.0,0.1,12863.1240234375,12269.2080078125,58,218,4682,562,218
197,10.0,0.1,12867.123046875,12334.6552734375,58,225,4812,595,225
198,10.0,0.3,13019.96484375,12462.01171875,58,203,4338,587,203
199,10.0,0.2,12774.1015625,12262.69921875,58,204,4441,575,204
0,15.0,0.3,28308.462890625,27475.810546875,58,204,4355,578,204
1,15.0,0.1,28908.37109375,28117.689453125,58,206,4367,588,206
2,15.0,0.2,28928.71484375,28119.626953125,58,207,4332,587,207
3,15.0,0.1,28945.796875,28095.0546875,58,206,4440,603,206
4,15.0,0.1,29020.48046875,28180.04296875,58,209,4459,579,209
5,15.0,0.2,28615.20703125,27794.384765625,58,210,4397,585,210
6,15.0,0.2,28217.6328125,27389.830078125,58,206,4362,583,206
7,15.0,0.1,28901.021484375,28361.529296875,105,204,4447,592,204
8,15.0,0.2,28948.9296875,28117.23828125,58,207,4437,572,207
9,15.0,0.0,29366.419921875,28571.052734375,58,201,4356,571,201
10,15.0,0.1,28940.0390625,28160.69921875,58,205,4317,576,205
11,15.0,0.1,28897.0625,28039.396484375,58,209,4418,584,209
12,15.0,0.2,28733.66796875,28148.8046875,105,202,4314,563,202
13,15.0,0.1,28289.54296875,27472.669921875,58,201,4324,577,201
14,15.0,0.1,29224.5625,28377.685546875,58,208,4335,580,208
15,15.0,0.2,28740.63671875,27902.2421875,58,210,4492,563,210
16,15.0,0.1,29017.8203125,28141.751953125,58,209,4427,590,209
17,15.0,0.2,28496.12890625,27615.5,58,204,4287,569,204
18,15.0,0.1,28782.65625,27936.603515625,58,204,4316,556,204
19,15.0,0.1,29151.955078125,28353.0625,58,203,4360,580,203
20,15.0,0.2,28812.185546875,27936.966796875,58,210,4309,569,210
21,15.0,0.2,28371.642578125,27568.84765625,58,202,4306,583,202
22,15.0,0.1,29042.357421875,28251.859375,58,203,4324,571,203
23,15.0,0.2,28510.671875,27670.66015625,58,205,4428,586,205
24,15.0,0.2,28188.13671875,27390.78515625,58,206,4364,588,206
25,15.0,0.1,28370.541015625,27514.427734375,58,207,4419,573,207
26,15.0,0.2,29167.55859375,28316.283203125,58,204,4339,586,204
27,15.0,0.2,28623.947265625,27791.939453125,58,209,4413,583,209
28,15.0,0.4,29260.041015625,28430.03515625,58,203,4292,577,203
29,15.0,0.1,28921.59765625,28348.603515625,105,205,4372,537,205
30,15.0,0.2,28643.09765625,27827.697265625,58,207,4417,614,207
31,15.0,0.1,29096.28125,28323.537109375,58,213,4491,571,213
32,15.0,0.1,28222.048828125,27393.095703125,58,210,4488,586,210
33,15.0,0.1,28685.5078125,27829.013671875,58,209,4501,605,209
34,15.0,0.2,28029.8671875,27150.2265625,58,203,4290,561,203
35,15.0,0.2,28564.16796875,27788.490234375,58,204,4308,575,204
36,15.0,0.1,28333.1953125,27534.212890625,58,210,4383,588,210
37,15.0,0.1,28958.138671875,28163.31640625,58,205,4427,583,205
38,15.0,0.0,28591.66796875,27764.89453125,58,210,4462,594,210
39,15.0,0.1,29381.2265625,28485.896484375,58,203,4396,527,203
40,15.0,0.3,29426.60546875,28590.0546875,58,207,4408,583,207
41,15.0,0.1,28709.94921875,27909.9375,58,207,4500,603,207
42,15.0,0.1,28504.91796875,27661.30859375,58,227,4789,583,227
43,15.0,0.3,29040.443359375,28208.2421875,58,216,4591,605,216
44,15.0,0.2,29279.53125,28430.947265625,58,211,4364,605,211
45,15.0,0.1,29241.810546875,28447.74609375,58,207,4490,585,207
46,15.0,0.1,28447.83203125,27643.6796875,58,205,4382,583,205
47,15.0,0.1,28440.78515625,27624.87109375,58,203,4262,590,203
48,15.0,0.2,29394.654296875,28574.755859375,58,201,4342,565,201
49,15.0,0.3,29063.880859375,28257.716796875,58,204,4274,553,204
50,15.0,0.2,29047.607421875,28243.8671875,58,211,4478,577,211
51,15.0,0.1,28651.994140625,28073.46484375,105,218,4618,574,218
52,15.0,0.1,29008.53515625,28231.39453125,58,205,4354,564,205
53,15.0,0.2,28491.96484375,27654.826171875,58,212,4476,577,212
54,15.0,0.2,29430.009765625,28641.646484375,58,206,4376,588,206
55,15.0,0.2,28826.1328125,28014.267578125,58,201,4302,580,201
56,15.0,0.1,28447.958984375,27636.01953125,58,206,4410,594,206
57,15.0,0.1,28828.521484375,27913.634765625,58,221,4638,567,221
58,15.0,0.1,28924.251953125,28101.107421875,58,203,4290,585,203
59,15.0,0.2,28860.533203125,28014.103515625,58,207,4313,574,207
60,15.0,0.2,28838.78515625,28011.84375,58,201,4243,577,201
61,15.0,0.1,28688.591796875,27854.00390625,58,213,4512,581,213
62,15.0,0.3,28542.638671875,27706.54296875,58,224,4704,578,224
63,15.0,0.1,28665.673828125,27863.7578125,58,214,4519,571,214
64,15.0,0.2,28811.064453125,28000.91796875,58,204,4380,585,204
65,15.0,0.1,29024.8359375,28162.8515625,58,213,4511,588,213
66,15.0,0.2,29237.08203125,28394.46484375,58,206,4399,596,206
67,15.0,0.2,28879.03515625,28089.884765625,58,206,4334,561,206
68,15.0,0.1,28826.8671875,27991.462890625,58,226,4685,578,226
69,15.0,0.0,28487.978515625,27672.853515625,58,208,4441,599,208
70,15.0,0.2,28716.029296875,27941.19140625,58,216,4530,586,216
71,15.0,0.1,28461.439453125,27605.15625,58,211,4467,577,211
72,15.0,0.2,29286.919921875,28451.353515625,58,217,4567,568,217
73,15.0,0.1,28673.099609375,27847.1015625,58,201,4300,554,201
74,15.0,0.2,29199.890625,28281.814453125,58,222,4647,579,222
75,15.0,0.2,28860.587890625,28016.212890625,58,210,4495,579,210
76,15.0,0.1,29372.5546875,28583.244140625,58,204,4304,581,204
77,15.0,0.3,29192.92578125,28376.220703125,60,203,4308,547,203
78,15.0,0.0,28781.326171875,27940.52734375,58,206,4396,583,206
79,15.0,0.2,28797.728515625,27934.48828125,58,208,4383,588,208
80,15.0,0.0,28555.5546875,27730.640625,58,211,4382,600,211
81,15.0,0.2,29035.66796875,28152.556640625,58,223,4643,582,223
82,15.0,0.2,28581.21875,27711.48046875,58,202,4293,577,202
83,15.0,0.1,29209.32421875,28340.490234375,58,206,4353,578,206
84,15.0,0.1,28946.994140625,28084.787109375,58,213,4530,589,213
85,15.0,0.2,28530.2109375,27719.6015625,58,206,4382,560,206
86,15.0,0.2,28758.314453125,27918.61328125,58,206,4313,584,206
87,15.0,0.1,28919.080078125,28121.26171875,58,209,4457,575,209
88,15.0,0.2,28706.865234375,27893.896484375,58,203,4345,570,203
89,15.0,0.0,28639.69921875,27761.703125,58,223,4815,594,223
90,15.0,0.2,28701.22265625,27811.23828125,58,208,4470,572,208
91,15.0,0.2,28737.173828125,27875.203125,58,213,4485,576,213
92,15.0,0.3,28807.587890625,27960.119140625,58,214,4480,596,214
93,15.0,0.1,28358.513671875,27530.83984375,58,212,4482,577,212
94,15.0,0.2,28427.53515625,27652.845703125,58,201,4317,566,201
95,15.0,0.3,28550.2265625,27935.421875,105,203,4310,564,203
96,15.0,0.2,29027.095703125,28215.021484375,58,215,4573,589,215
97,15.0,0.2,29100.798828125,28253.29296875,58,209,4449,563,209
98,15.0,0.3,28779.671875,27875.333984375,58,214,4510,587,214
99,15.0,0.2,28543.431640625,27793.212890625,58,204,4288,581,204
100,15.0,0.1,28995.685546875,28188.98046875,58,206,4385,576,206
101,15.0,0.1,28712.826171875,27868.900390625,58,204,4375,594,204
102,15.0,0.1,29001.203125,28147.64453125,58,203,4306,564,203
103,15.0,0.1,28584.00390625,27728.349609375,58,209,4428,574,209
104,15.0,0.1,29171.73828125,28373.16796875,58,217,4556,571,217
105,15.0,0.1,28449.900390625,27616.0078125,58,212,4575,598,212
106,15.0,0.2,29192.96875,28381.927734375,58,204,4350,581,204
107,15.0,0.0,28867.392578125,28031.373046875,58,204,4361,572,204
108,15.0,0.1,28823.8515625,27999.65234375,58,201,4390,567,201
109,15.0,0.3,28228.59765625,27382.4296875,58,223,4769,533,223
110,15.0,0.0,28899.708984375,28056.466796875,58,207,4436,589,207
111,15.0,0.2,28460.333984375,27650.494140625,58,209,4433,565,209
112,15.0,0.1,29304.990234375,28471.40234375,58,204,4270,574,204
113,15.0,0.2,28728.68359375,27941.025390625,58,207,4375,578,207
114,15.0,0.2,29413.6171875,28594.353515625,58,217,4543,586,217
115,15.0,0.2,28814.65625,27974.46484375,58,204,4315,586,204
116,15.0,0.1,29254.80078125,28371.97265625,58,202,4368,569,202
117,15.0,0.1,28494.056640625,27661.7578125,58,205,4282,588,205
118,15.0,0.1,28999.47265625,28146.5234375,58,205,4353,569,205
119,15.0,0.3,28629.15625,27795.83984375,58,203,4260,571,203
120,15.0,0.1,28381.0859375,27531.47265625,58,213,4542,599,213
121,15.0,0.3,28006.763671875,27201.33984375,58,205,4352,590,205
122,15.0,0.0,28525.982421875,27678.3203125,58,211,4463,549,211
123,15.0,0.1,28089.16796875,27282.44140625,58,201,4336,581,201
124,15.0,0.2,28595.552734375,27685.3671875,58,209,4341,577,209
125,15.0,0.2,28547.857421875,27804.5078125,58,201,4326,582,201
126,15.0,0.2,28993.74609375,28213.26953125,58,203,4327,566,203
127,15.0,0.2,28462.1640625,27619.037109375,58,206,4327,602,206
128,15.0,0.2,28862.70703125,27971.142578125,58,203,4348,581,203
129,15.0,0.1,29312.9609375,28468.853515625,58,208,4385,599,208
130,15.0,0.1,29049.93359375,28262.078125,60,203,4363,548,203
131,15.0,0.1,29125.646484375,28315.21484375,58,204,4382,568,204
132,15.0,0.3,28610.328125,27740.478515625,58,203,4253,592,203
133,15.0,0.1,28991.74609375,28124.07421875,58,218,4709,562,218
134,15.0,0.3,28270.013671875,27483.474609375,58,205,4323,570,205
135,15.0,0.1,28955.544921875,28136.3359375,58,213,4508,589,213
136,15.0,0.2,28581.626953125,27758.16015625,58,207,4417,570,207
137,15.0,0.1,28920.51171875,28075.314453125,58,201,4340,565,201
138,15.0,0.1,28780.91796875,27964.240234375,58,205,4365,599,205
139,15.0,0.3,28715.9140625,27842.701171875,58,210,4441,560,210
140,15.0,0.2,29386.90234375,28555.966796875,58,202,4350,582,202
141,15.0,0.1,29268.373046875,28415.03125,58,217,4606,596,217
142,15.0,0.1,28421.857421875,27540.439453125,58,203,4369,568,203
143,15.0,0.1,28831.861328125,28029.10546875,58,205,4434,600,205
144,15.0,0.1,29241.55078125,28422.037109375,58,204,4337,590,204
145,15.0,0.0,29552.794921875,28668.341796875,58,207,4305,574,207
146,15.0,0.2,28761.546875,27962.08984375,58,208,4421,587,208
147,15.0,0.1,28901.185546875,28096.775390625,60,205,4293,586,205
148,15.0,0.2,28694.8515625,27879.201171875,58,205,4329,607,205
149,15.0,0.2,28781.87890625,27936.33984375,58,208,4378,567,208
150,15.0,0.1,29142.771484375,28303.35546875,58,215,4569,585,215
151,15.0,0.2,29396.0546875,28559.66796875,58,222,4640,585,222
152,15.0,0.0,28812.0703125,27986.27734375,58,220,4662,589,220
153,15.0,0.3,28783.169921875,27958.7265625,58,204,4302,581,204
154,15.0,0.2,29013.115234375,28218.2890625,58,206,4385,590,206
155,15.0,0.1,28205.51953125,27391.876953125,58,204,4250,576,204
156,15.0,0.1,28433.064453125,27562.73046875,58,209,4410,582,209
157,15.0,0.1,28621.794921875,27827.125,58,204,4223,588,204
158,15.0,0.1,28240.458984375,27371.650390625,58,217,4626,580,217
159,15.0,0.1,29324.82421875,28481.21875,58,218,4595,589,218
160,15.0,0.2,29199.48828125,28392.083984375,58,204,4353,579,204
161,15.0,0.2,28754.62890625,27924.625,58,204,4206,585,204
162,15.0,0.2,28339.49609375,27577.72265625,58,220,4650,568,220
163,15.0,0.1,28806.30859375,27983.517578125,58,206,4366,588,206
164,15.0,0.2,29217.845703125,28419.58203125,58,204,4369,576,204
165,15.0,0.2,28853.15625,28014.87890625,58,201,4241,551,201
166,15.0,0.2,28805.095703125,27958.732421875,58,205,4209,586,205
167,15.0,0.2,28870.876953125,28113.67578125,58,203,4356,567,203
168,15.0,0.2,29774.935546875,28867.197265625,58,205,4453,535,205
169,15.0,0.1,28907.8828125,28061.80078125,58,213,4475,578,213
170,15.0,0.0,28922.74609375,28084.13671875,58,205,4370,593,205
171,15.0,0.1,28964.42578125,28100.3203125,58,202,4357,554,202
172,15.0,0.1,28753.0390625,27861.921875,58,204,4402,578,204
173,15.0,0.1,28794.66015625,28194.029296875,105,200,4266,567,200
174,15.0,0.2,28926.80859375,28136.58203125,58,205,4313,574,205
175,15.0,0.1,28797.59765625,28006.73828125,58,203,4265,586,203
176,15.0,0.0,28722.041015625,27901.896484375,58,206,4353,592,206
177,15.0,0.2,28371.267578125,27574.55859375,58,223,4665,580,223
178,15.0,0.1,28405.138671875,27586.625,58,214,4531,590,214
179,15.0,0.2,29067.400390625,28223.1796875,58,238,5033,580,238
180,15.0,0.1,28727.107421875,27921.810546875,58,206,4377,569,206
181,15.0,0.2,28930.603515625,28115.720703125,58,203,4292,575,203
182,15.0,0.2,29330.443359375,28555.728515625,58,216,4538,592,216
183,15.0,0.1,28919.775390625,28082.716796875,58,202,4288,560,202
184,15.0,0.1,29036.19921875,28180.341796875,58,224,4742,580,224
185,15.0,0.2,28826.349609375,27991.251953125,58,209,4512,600,209
186,15.0,0.1,29031.23828125,28190.6640625,58,225,4671,572,225
187,15.0,0.1,29124.3125,28295.146484375,58,216,4631,575,216
188,15.0,0.2,29256.984375,28440.814453125,58,204,4341,581,204
189,15.0,0.2,28428.16015625,27585.9375,58,202,4250,576,202
190,15.0,0.1,29476.5546875,28625.8515625,58,211,4429,536,211
191,15.0,0.2,28486.626953125,27650.58203125,58,216,4541,598,216
192,15.0,0.2,28866.244140625,28021.595703125,58,205,4388,584,205
193,15.0,0.2,29473.27734375,28656.53125,58,205,4314,577,205
194,15.0,0.2,28679.326171875,27925.517578125,58,211,4525,567,211
195,15.0,0.2,29570.291015625,28728.19140625,58,204,4323,572,204
196,15.0,0.0,28430.755859375,27619.705078125,58,203,4399,569,203
197,15.0,0.1,28766.68359375,27936.634765625,58,202,4316,572,202
198,15.0,0.2,28697.40234375,27857.5703125,58,207,4509,537,207
199,15.0,0.0,28602.578125,27791.4609375,58,208,4341,583,208
