shift,ef_search,iteration,mean_lowerbound
25.91,10,0,76996.766
25.91,10,1,98378.205
25.91,10,2,85420.432
25.91,10,3,79582.639
25.91,10,4,75535.236
25.91,10,5,72666.543
25.91,10,6,70404.983
25.91,10,7,68781.552
25.91,10,8,67395.417
25.91,10,9,66336.563
25.91,20,0,76996.766
25.91,20,1,121508.331
25.91,20,2,97385.023
25.91,20,3,88610.791
25.91,20,4,83528.111
25.91,20,5,79963.259
25.91,20,6,77327.519
25.91,20,7,75362.113
25.91,20,8,73698.076
25.91,20,9,72400.038
25.91,20,10,71342.261
25.91,20,11,70442.686
25.91,20,12,69717.683
25.91,20,13,69069.834
25.91,20,14,68557.178
25.91,20,15,68117.639
25.91,20,16,67725.609
25.91,20,17,67388.093
25.91,20,18,67115.754
25.91,20,19,66852.361
25.91,50,0,76996.766
25.91,50,1,139716.292
25.91,50,2,138136.504
25.91,50,3,113458.614
25.91,50,4,101281.647
25.91,50,5,94805.895
25.91,50,6,90559.963
25.91,50,7,87463.388
25.91,50,8,84995.192
25.91,50,9,83141.603
25.91,50,10,81604.667
25.91,50,11,80276.695
25.91,50,12,79174.869
25.91,50,13,78239.707
25.91,50,14,77491.877
25.91,50,15,76813.831
25.91,50,16,76220.3
25.91,50,17,75685.703
25.91,50,18,75240.361
25.91,50,19,74834.205
25.91,50,20,74493.139
25.91,50,21,74201.398
25.91,50,22,73905.983
25.91,50,23,73665.939
25.91,50,24,73461.296
25.91,50,25,73255.136
25.91,50,26,73075.094
25.91,50,27,72898.712
25.91,50,28,72745.314
25.91,50,29,72605.202
25.91,50,30,72464.986
25.91,50,31,72330.344
25.91,50,32,72205.501
25.91,50,33,72081.603
25.91,50,34,71973.761
25.91,50,35,71882.384
25.91,50,36,71782.112
25.91,50,37,71704.418
25.91,50,38,71632.077
25.91,50,39,71548.134
25.91,50,40,71473.148
25.91,50,41,71403.828
25.91,50,42,71334.649
25.91,50,43,71270.118
25.91,50,44,71211.777
25.91,50,45,71155.582
25.91,50,46,71096.666
25.91,50,47,71046.655
25.91,50,48,71003.413
25.91,50,49,70957.299
25.91,100,0,76996.766
25.91,100,1,139716.292
25.91,100,2,144639.158
25.91,100,3,147480.733
25.91,100,4,145395.538
25.91,100,5,128172.219
25.91,100,6,114053.501
25.91,100,7,105739.055
25.91,100,8,100774.379
25.91,100,9,97131.072
25.91,100,10,94280.309
25.91,100,11,92001.234
25.91,100,12,90189.602
25.91,100,13,88692.695
25.91,100,14,87356.454
25.91,100,15,86283.462
25.91,100,16,85326.419
25.91,100,17,84537.882
25.91,100,18,83814.193
25.91,100,19,83180.968
25.91,100,20,82618.099
25.91,100,21,82129.02
25.91,100,22,81679.001
25.91,100,23,81265.992
25.91,100,24,80919.498
25.91,100,25,80604.759
25.91,100,26,80301.306
25.91,100,27,80025.758
25.91,100,28,79781.252
25.91,100,29,79550.878
25.91,100,30,79325.488
25.91,100,31,79123.067
25.91,100,32,78944.687
25.91,100,33,78766.795
25.91,100,34,78595.468
25.91,100,35,78438.369
25.91,100,36,78291.106
25.91,100,37,78152.557
25.91,100,38,78033.176
25.91,100,39,77903.204
25.91,100,40,77785.925
25.91,100,41,77672.245
25.91,100,42,77563.914
25.91,100,43,77468.429
25.91,100,44,77379.56
25.91,100,45,77289.325
25.91,100,46,77205.23
25.91,100,47,77124.468
25.91,100,48,77048.069
25.91,100,49,76974.843
25.91,100,50,76906.619
25.91,100,51,76833.232
25.91,100,52,76776.716
25.91,100,53,76723.058
25.91,100,54,76673.556
25.91,100,55,76623.87
25.91,100,56,76570.041
25.91,100,57,76524.489
25.91,100,58,76476.144
25.91,100,59,76429.121
25.91,100,60,76389.364
25.91,100,61,76345.461
25.91,100,62,76306.207
25.91,100,63,76262.78
25.91,100,64,76226.296
25.91,100,65,76189.675
25.91,100,66,76149.059
25.91,100,67,76111.473
25.91,100,68,76078.27
25.91,100,69,76046.143
25.91,100,70,76012.245
25.91,100,71,75984.951
25.91,100,72,75958.164
25.91,100,73,75929.743
25.91,100,74,75905.446
25.91,100,75,75873.795
25.91,100,76,75847.998
25.91,100,77,75820.644
25.91,100,78,75798.475
25.91,100,79,75775.816
25.91,100,80,75754.996
25.91,100,81,75733.712
25.91,100,82,75712.732
25.91,100,83,75692.709
25.91,100,84,75675.856
25.91,100,85,75657.539
25.91,100,86,75636.946
25.91,100,87,75618.429
25.91,100,88,75603.563
25.91,100,89,75586.931
25.91,100,90,75568.953
25.91,100,91,75553.87
25.91,100,92,75537.289
25.91,100,93,75518.433
25.91,100,94,75501.044
25.91,100,95,75485.478
25.91,100,96,75470.684
25.91,100,97,75452.751
25.91,100,98,75439.755
25.91,100,99,75422.423
25.91,200,0,76996.766
25.91,200,1,139716.292
25.91,200,2,144639.158
25.91,200,3,147480.733
25.91,200,4,149683.77
25.91,200,5,151385.752
25.91,200,6,152740.484
25.91,200,7,153722.305
25.91,200,8,153333.242
25.91,200,9,146109.777
25.91,200,10,134334.466
25.91,200,11,124736.038
25.91,200,12,117610.638
25.91,200,13,112324.967
25.91,200,14,107969.592
25.91,200,15,104901.506
25.91,200,16,102510.446
25.91,200,17,100455.17
25.91,200,18,98727.478
25.91,200,19,97274.742
25.91,200,20,96045.605
25.91,200,21,94911.88
25.91,200,22,93860.085
25.91,200,23,92999.051
25.91,200,24,92249.256
25.91,200,25,91589.315
25.91,200,26,90980.39
25.91,200,27,90453.111
25.91,200,28,89951.273
25.91,200,29,89479.321
25.91,200,30,89048.735
25.91,200,31,88636.026
25.91,200,32,88268.306
25.91,200,33,87942.746
25.91,200,34,87631.134
25.91,200,35,87340.103
25.91,200,36,87060.764
25.91,200,37,86809.757
25.91,200,38,86571.259
25.91,200,39,86351.154
25.91,200,40,86125.332
25.91,200,41,85920.644
25.91,200,42,85723.912
25.91,200,43,85543.542
25.91,200,44,85374.595
25.91,200,45,85209.021
25.91,200,46,85053.987
25.91,200,47,84893.754
25.91,200,48,84755.315
25.91,200,49,84620.547
25.91,200,50,84485.949
25.91,200,51,84368.988
25.91,200,52,84255.305
25.91,200,53,84144.712
25.91,200,54,84045.892
25.91,200,55,83955.423
25.91,200,56,83854.925
25.91,200,57,83757.318
25.91,200,58,83667.809
25.91,200,59,83582.985
25.91,200,60,83501.02
25.91,200,61,83421.01
25.91,200,62,83345.275
25.91,200,63,83272.856
25.91,200,64,83200.455
25.91,200,65,83126.928
25.91,200,66,83057.864
25.91,200,67,82988.577
25.91,200,68,82927.097
25.91,200,69,82872.34
25.91,200,70,82814.964
25.91,200,71,82758.852
25.91,200,72,82706.271
25.91,200,73,82653.56
25.91,200,74,82606.538
25.91,200,75,82558.391
25.91,200,76,82512.366
25.91,200,77,82461.301
25.91,200,78,82417.981
25.91,200,79,82376.935
25.91,200,80,82336.194
25.91,200,81,82295.288
25.91,200,82,82258.662
25.91,200,83,82220.623
25.91,200,84,82184.173
25.91,200,85,82147.49
25.91,200,86,82110.24
25.91,200,87,82072.617
25.91,200,88,82039.797
25.91,200,89,82011.096
25.91,200,90,81975.727
25.91,200,91,81940.349
25.91,200,92,81910.639
25.91,200,93,81881.966
25.91,200,94,81851.414
25.91,200,95,81819.056
25.91,200,96,81791.256
25.91,200,97,81761.924
25.91,200,98,81738.037
25.91,200,99,81710.868
25.91,200,100,81685.483
25.91,200,101,81661.31
25.91,200,102,81637.437
25.91,200,103,81614.157
25.91,200,104,81593.203
25.91,200,105,81571.437
25.91,200,106,81550.647
25.91,200,107,81526.69
25.91,200,108,81503.53
25.91,200,109,81484.167
25.91,200,110,81462.364
25.91,200,111,81442.098
25.91,200,112,81422.162
25.91,200,113,81406.76
25.91,200,114,81388.368
25.91,200,115,81371.747
25.91,200,116,81352.687
25.91,200,117,81334.921
25.91,200,118,81316.884
25.91,200,119,81298.48
25.91,200,120,81280.529
25.91,200,121,81264.781
25.91,200,122,81247.766
25.91,200,123,81232.277
25.91,200,124,81217.847
25.91,200,125,81202.955
25.91,200,126,81189.126
25.91,200,127,81173.415
25.91,200,128,81158.06
25.91,200,129,81144.078
25.91,200,130,81128.932
25.91,200,131,81115.274
25.91,200,132,81102.197
25.91,200,133,81088.423
25.91,200,134,81074.841
25.91,200,135,81061.985
25.91,200,136,81050.692
25.91,200,137,81039.73
25.91,200,138,81028.048
25.91,200,139,81018.199
25.91,200,140,81007.07
25.91,200,141,80997.205
25.91,200,142,80986.358
25.91,200,143,80974.771
25.91,200,144,80965.989
25.91,200,145,80955.421
25.91,200,146,80944.919
25.91,200,147,80935.804
25.91,200,148,80925.687
25.91,200,149,80916.642
25.91,200,150,80908.057
25.91,200,151,80896.899
25.91,200,152,80890.255
25.91,200,153,80882.338
25.91,200,154,80873.382
25.91,200,155,80864.85
25.91,200,156,80856.297
25.91,200,157,80848.059
25.91,200,158,80840.334
25.91,200,159,80832.269
25.91,200,160,80822.991
25.91,200,161,80815.609
25.91,200,162,80808.498
25.91,200,163,80799.942
25.91,200,164,80792.383
25.91,200,165,80784.183
25.91,200,166,80777.331
25.91,200,167,80768.913
25.91,200,168,80762.25
25.91,200,169,80754.156
25.91,200,170,80747.489
25.91,200,171,80740.089
25.91,200,172,80734.171
25.91,200,173,80725.995
25.91,200,174,80719.269
25.91,200,175,80713.115
25.91,200,176,80707.051
25.91,200,177,80700.726
25.91,200,178,80693.555
25.91,200,179,80686.436
25.91,200,180,80681.461
25.91,200,181,80674.821
25.91,200,182,80669.617
25.91,200,183,80663.513
25.91,200,184,80658.623
25.91,200,185,80652.614
25.91,200,186,80646.872
25.91,200,187,80640.92
25.91,200,188,80636.751
25.91,200,189,80631.07
25.91,200,190,80625.15
25.91,200,191,80620.686
25.91,200,192,80614.636
25.91,200,193,80608.753
25.91,200,194,80604.587
25.91,200,195,80600.342
25.91,200,196,80596.238
25.91,200,197,80591.64
25.91,200,198,80587.787
25.91,200,199,80583.931
25.91,500,0,76996.766
25.91,500,1,139716.292
25.91,500,2,144639.158
25.91,500,3,147480.733
25.91,500,4,149683.77
25.91,500,5,151385.752
25.91,500,6,152740.484
25.91,500,7,153749.421
25.91,500,8,154880.117
25.91,500,9,156086.094
25.91,500,10,156839.269
25.91,500,11,157625.827
25.91,500,12,158429.468
25.91,500,13,159185.553
25.91,500,14,159773.391
25.91,500,15,160399.322
25.91,500,16,160924.809
25.91,500,17,161633.569
25.91,500,18,162183.973
25.91,500,19,163021.239
25.91,500,20,163369.372
25.91,500,21,163219.084
25.91,500,22,161669.126
25.91,500,23,158632.449
25.91,500,24,154716.606
25.91,500,25,149798.167
25.91,500,26,145405.091
25.91,500,27,141105.396
25.91,500,28,137115.476
25.91,500,29,133328.016
25.91,500,30,129872.148
25.91,500,31,126781.052
25.91,500,32,124267.232
25.91,500,33,122097.655
25.91,500,34,120033.934
25.91,500,35,118070.648
25.91,500,36,116452.598
25.91,500,37,114780.841
25.91,500,38,113201.161
25.91,500,39,111752.74
25.91,500,40,110507.325
25.91,500,41,109453.046
25.91,500,42,108505.751
25.91,500,43,107621.99
25.91,500,44,106793.797
25.91,500,45,106027.282
25.91,500,46,105331.967
25.91,500,47,104710.949
25.91,500,48,104148.699
25.91,500,49,103566.348
25.91,500,50,102988.65
25.91,500,51,102356.303
25.91,500,52,101886.166
25.91,500,53,101484.015
25.91,500,54,101101.932
25.91,500,55,100743.339
25.91,500,56,100413.889
25.91,500,57,100098.247
25.91,500,58,99762.581
25.91,500,59,99463.457
25.91,500,60,99139.597
25.91,500,61,98867.571
25.91,500,62,98573.579
25.91,500,63,98330.507
25.91,500,64,98083.582
25.91,500,65,97826.59
25.91,500,66,97628.864
25.91,500,67,97411.672
25.91,500,68,97164.234
25.91,500,69,96902.141
25.91,500,70,96694.268
25.91,500,71,96514.068
25.91,500,72,96337.805
25.91,500,73,96148.099
25.91,500,74,95968.266
25.91,500,75,95804.363
25.91,500,76,95653.335
25.91,500,77,95503.526
25.91,500,78,95357.024
25.91,500,79,95201.5
25.91,500,80,95065.619
25.91,500,81,94930.07
25.91,500,82,94802.342
25.91,500,83,94676.006
25.91,500,84,94553.166
25.91,500,85,94442.166
25.91,500,86,94330.833
25.91,500,87,94221.96
25.91,500,88,94117.906
25.91,500,89,94016.091
25.91,500,90,93917.511
25.91,500,91,93824.497
25.91,500,92,93730.147
25.91,500,93,93642.475
25.91,500,94,93551.482
25.91,500,95,93462.881
25.91,500,96,93381.147
25.91,500,97,93300.605
25.91,500,98,93220.644
25.91,500,99,93137.697
25.91,500,100,93062.146
25.91,500,101,92987.952
25.91,500,102,92907.624
25.91,500,103,92821.481
25.91,500,104,92750.327
25.91,500,105,92675.066
25.91,500,106,92609.663
25.91,500,107,92542.316
25.91,500,108,92456.085
25.91,500,109,92396.222
25.91,500,110,92330.912
25.91,500,111,92270.967
25.91,500,112,92213.49
25.91,500,113,92158.935
25.91,500,114,92107.104
25.91,500,115,92051.692
25.91,500,116,91997.825
25.91,500,117,91945.338
25.91,500,118,91895.317
25.91,500,119,91844.344
25.91,500,120,91793.393
25.91,500,121,91746.298
25.91,500,122,91699.325
25.91,500,123,91655.753
25.91,500,124,91611.117
25.91,500,125,91564.738
25.91,500,126,91523.352
25.91,500,127,91479.262
25.91,500,128,91436.934
25.91,500,129,91395.854
25.91,500,130,91356.891
25.91,500,131,91318.919
25.91,500,132,91281.461
25.91,500,133,91241.415
25.91,500,134,91205.987
25.91,500,135,91168.51
25.91,500,136,91133.965
25.91,500,137,91101.008
25.91,500,138,91067.611
25.91,500,139,91034.658
25.91,500,140,91001.748
25.91,500,141,90971.812
25.91,500,142,90940.172
25.91,500,143,90910.694
25.91,500,144,90881.305
25.91,500,145,90853.218
25.91,500,146,90822.841
25.91,500,147,90795.706
25.91,500,148,90767.184
25.91,500,149,90740.061
25.91,500,150,90708.988
25.91,500,151,90681.589
25.91,500,152,90655.241
25.91,500,153,90626.314
25.91,500,154,90599.095
25.91,500,155,90576.055
25.91,500,156,90550.989
25.91,500,157,90526.291
25.91,500,158,90503.947
25.91,500,159,90481.048
25.91,500,160,90457.872
25.91,500,161,90435.677
25.91,500,162,90414.526
25.91,500,163,90390.898
25.91,500,164,90368.622
25.91,500,165,90346.436
25.91,500,166,90326.529
25.91,500,167,90303.676
25.91,500,168,90282.423
25.91,500,169,90261.478
25.91,500,170,90239.941
25.91,500,171,90220.792
25.91,500,172,90200.244
25.91,500,173,90180.398
25.91,500,174,90161.19
25.91,500,175,90141.29
25.91,500,176,90123.217
25.91,500,177,90106.014
25.91,500,178,90089.048
25.91,500,179,90070.052
25.91,500,180,90054.762
25.91,500,181,90037.493
25.91,500,182,90020.667
25.91,500,183,90004.576
25.91,500,184,89987.1
25.91,500,185,89970.49
25.91,500,186,89952.732
25.91,500,187,89936.795
25.91,500,188,89922.434
25.91,500,189,89905.656
25.91,500,190,89890.34
25.91,500,191,89876.941
25.91,500,192,89862.131
25.91,500,193,89846.297
25.91,500,194,89831.149
25.91,500,195,89818.518
25.91,500,196,89803.529
25.91,500,197,89791.28
25.91,500,198,89778.994
25.91,500,199,89764.455
25.91,500,200,89750.719
25.91,500,201,89738.661
25.91,500,202,89725.091
25.91,500,203,89712.065
25.91,500,204,89700.128
25.91,500,205,89688.119
25.91,500,206,89676.966
25.91,500,207,89664.261
25.91,500,208,89652.041
25.91,500,209,89639.24
25.91,500,210,89627.218
25.91,500,211,89614.803
25.91,500,212,89601.163
25.91,500,213,89588.454
25.91,500,214,89576.909
25.91,500,215,89564.891
25.91,500,216,89552.678
25.91,500,217,89540.812
25.91,500,218,89529.785
25.91,500,219,89519.904
25.91,500,220,89508.83
25.91,500,221,89498.002
25.91,500,222,89486.589
25.91,500,223,89476.523
25.91,500,224,89465.668
25.91,500,225,89456.128
25.91,500,226,89446.008
25.91,500,227,89435.754
25.91,500,228,89425.412
25.91,500,229,89414.424
25.91,500,230,89404.463
25.91,500,231,89394.683
25.91,500,232,89385.992
25.91,500,233,89375.404
25.91,500,234,89366.11
25.91,500,235,89357.785
25.91,500,236,89349.297
25.91,500,237,89339.599
25.91,500,238,89331.258
25.91,500,239,89322.577
25.91,500,240,89314.331
25.91,500,241,89305.646
25.91,500,242,89297.473
25.91,500,243,89289.767
25.91,500,244,89281.016
25.91,500,245,89272.399
25.91,500,246,89265.101
25.91,500,247,89256.83
25.91,500,248,89249.2
25.91,500,249,89241.59
25.91,500,250,89232.988
25.91,500,251,89225.362
25.91,500,252,89217.997
25.91,500,253,89210.827
25.91,500,254,89203.058
25.91,500,255,89195.97
25.91,500,256,89188.891
25.91,500,257,89181.125
25.91,500,258,89174.264
25.91,500,259,89167.615
25.91,500,260,89160.705
25.91,500,261,89153.406
25.91,500,262,89146.343
25.91,500,263,89139.88
25.91,500,264,89132.808
25.91,500,265,89126.465
25.91,500,266,89119.847
25.91,500,267,89112.183
25.91,500,268,89105.565
25.91,500,269,89098.189
25.91,500,270,89091.257
25.91,500,271,89085.105
25.91,500,272,89077.69
25.91,500,273,89071.869
25.91,500,274,89065.481
25.91,500,275,89058.567
25.91,500,276,89052.822
25.91,500,277,89046.271
25.91,500,278,89039.765
25.91,500,279,89034.111
25.91,500,280,89028.837
25.91,500,281,89023.714
25.91,500,282,89016.98
25.91,500,283,89010.999
25.91,500,284,89004.581
25.91,500,285,88998.476
25.91,500,286,88993.094
25.91,500,287,88986.999
25.91,500,288,88981.549
25.91,500,289,88975.398
25.91,500,290,88970.103
25.91,500,291,88964.684
25.91,500,292,88960.07
25.91,500,293,88954.757
25.91,500,294,88949.218
25.91,500,295,88944.003
25.91,500,296,88937.999
25.91,500,297,88932.655
25.91,500,298,88927.707
25.91,500,299,88922.465
25.91,500,300,88917.509
25.91,500,301,88912.506
25.91,500,302,88907.654
25.91,500,303,88902.311
25.91,500,304,88896.614
25.91,500,305,88891.11
25.91,500,306,88885.875
25.91,500,307,88880.64
25.91,500,308,88875.831
25.91,500,309,88871.267
25.91,500,310,88866.65
25.91,500,311,88862.765
25.91,500,312,88858.974
25.91,500,313,88854.385
25.91,500,314,88850.457
25.91,500,315,88845.731
25.91,500,316,88841.213
25.91,500,317,88835.755
25.91,500,318,88831.43
25.91,500,319,88827.105
25.91,500,320,88822.958
25.91,500,321,88819.143
25.91,500,322,88814.88
25.91,500,323,88810.961
25.91,500,324,88806.932
25.91,500,325,88803.185
25.91,500,326,88799.781
25.91,500,327,88795.35
25.91,500,328,88790.954
25.91,500,329,88786.766
25.91,500,330,88782.336
25.91,500,331,88778.33
25.91,500,332,88774.372
25.91,500,333,88770.468
25.91,500,334,88766.329
25.91,500,335,88763.596
25.91,500,336,88760.297
25.91,500,337,88757.212
25.91,500,338,88754.15
25.91,500,339,88750.088
25.91,500,340,88746.296
25.91,500,341,88742.751
25.91,500,342,88739.459
25.91,500,343,88735.518
25.91,500,344,88731.262
25.91,500,345,88728.216
25.91,500,346,88724.508
25.91,500,347,88720.663
25.91,500,348,88717.726
25.91,500,349,88714.77
25.91,500,350,88711.943
25.91,500,351,88708.802
25.91,500,352,88705.236
25.91,500,353,88701.862
25.91,500,354,88697.869
25.91,500,355,88694.623
25.91,500,356,88691.669
25.91,500,357,88688.359
25.91,500,358,88684.905
25.91,500,359,88681.929
25.91,500,360,88678.267
25.91,500,361,88675.42
25.91,500,362,88672.404
25.91,500,363,88669.263
25.91,500,364,88666.304
25.91,500,365,88663.104
25.91,500,366,88660.126
25.91,500,367,88657.49
25.91,500,368,88654.451
25.91,500,369,88651.699
25.91,500,370,88649.251
25.91,500,371,88646.739
25.91,500,372,88644.414
25.91,500,373,88641.787
25.91,500,374,88638.874
25.91,500,375,88635.271
25.91,500,376,88633.018
25.91,500,377,88630.184
25.91,500,378,88627.501
25.91,500,379,88624.768
25.91,500,380,88621.991
25.91,500,381,88620.034
25.91,500,382,88617.147
25.91,500,383,88614.034
25.91,500,384,88610.836
25.91,500,385,88608.757
25.91,500,386,88606.143
25.91,500,387,88603.74
25.91,500,388,88601.435
25.91,500,389,88599.17
25.91,500,390,88596.468
25.91,500,391,88594.16
25.91,500,392,88591.261
25.91,500,393,88588.693
25.91,500,394,88585.898
25.91,500,395,88583.092
25.91,500,396,88581.058
25.91,500,397,88578.398
25.91,500,398,88576.533
25.91,500,399,88575.026
25.91,500,400,88572.642
25.91,500,401,88570.928
25.91,500,402,88568.687
25.91,500,403,88566.854
25.91,500,404,88564.105
25.91,500,405,88561.488
25.91,500,406,88559.468
25.91,500,407,88556.829
25.91,500,408,88554.535
25.91,500,409,88552.153
25.91,500,410,88549.76
25.91,500,411,88547.252
25.91,500,412,88544.752
25.91,500,413,88542.626
25.91,500,414,88540.116
25.91,500,415,88538.178
25.91,500,416,88535.941
25.91,500,417,88533.913
25.91,500,418,88531.878
25.91,500,419,88530.228
25.91,500,420,88528.367
25.91,500,421,88526.524
25.91,500,422,88524.815
25.91,500,423,88522.48
25.91,500,424,88520.572
25.91,500,425,88518.724
25.91,500,426,88516.905
25.91,500,427,88515.048
25.91,500,428,88513.201
25.91,500,429,88511.476
25.91,500,430,88509.67
25.91,500,431,88507.698
25.91,500,432,88505.874
25.91,500,433,88503.81
25.91,500,434,88501.52
25.91,500,435,88499.359
25.91,500,436,88497.407
25.91,500,437,88495.755
25.91,500,438,88493.411
25.91,500,439,88491.125
25.91,500,440,88489.733
25.91,500,441,88487.81
25.91,500,442,88486.12
25.91,500,443,88484.612
25.91,500,444,88482.353
25.91,500,445,88480.696
25.91,500,446,88478.301
25.91,500,447,88476.54
25.91,500,448,88474.249
25.91,500,449,88472.562
25.91,500,450,88470.774
25.91,500,451,88468.984
25.91,500,452,88467.124
25.91,500,453,88465.432
25.91,500,454,88463.904
25.91,500,455,88461.848
25.91,500,456,88460.259
25.91,500,457,88458.113
25.91,500,458,88456.904
25.91,500,459,88455.26
25.91,500,460,88453.844
25.91,500,461,88452.735
25.91,500,462,88451.251
25.91,500,463,88450.009
25.91,500,464,88448.762
25.91,500,465,88447.044
25.91,500,466,88445.153
25.91,500,467,88443.493
25.91,500,468,88441.948
25.91,500,469,88440.34
25.91,500,470,88438.66
25.91,500,471,88436.862
25.91,500,472,88435.18
25.91,500,473,88433.308
25.91,500,474,88431.81
25.91,500,475,88430.137
25.91,500,476,88428.947
25.91,500,477,88427.116
25.91,500,478,88425.523
25.91,500,479,88423.789
25.91,500,480,88422.207
25.91,500,481,88420.759
25.91,500,482,88419.22
25.91,500,483,88417.546
25.91,500,484,88415.888
25.91,500,485,88414.283
25.91,500,486,88412.983
25.91,500,487,88411.451
25.91,500,488,88410.21
25.91,500,489,88409.134
25.91,500,490,88407.914
25.91,500,491,88406.329
25.91,500,492,88405.229
25.91,500,493,88403.823
25.91,500,494,88402.157
25.91,500,495,88400.619
25.91,500,496,88399.257
25.91,500,497,88397.996
25.91,500,498,88396.814
25.91,500,499,88395.686
47.9,10,0,87069.999
47.9,10,1,109430.589
47.9,10,2,95856.128
47.9,10,3,89732.948
47.9,10,4,85679.076
47.9,10,5,82729.585
47.9,10,6,80384.651
47.9,10,7,78631.543
47.9,10,8,77241.736
47.9,10,9,76068.442
47.9,20,0,87069.999
47.9,20,1,132420.141
47.9,20,2,108461.702
47.9,20,3,99255.541
47.9,20,4,93935.671
47.9,20,5,90190.78
47.9,20,6,87421.008
47.9,20,7,85253.564
47.9,20,8,83591.717
47.9,20,9,82220.617
47.9,20,10,81107.495
47.9,20,11,80168.986
47.9,20,12,79352.687
47.9,20,13,78735.343
47.9,20,14,78136.022
47.9,20,15,77657.094
47.9,20,16,77248.53
47.9,20,17,76869.266
47.9,20,18,76531.133
47.9,20,19,76199.944
47.9,50,0,87069.999
47.9,50,1,150761.164
47.9,50,2,149526.351
47.9,50,3,126145.417
47.9,50,4,112956.935
47.9,50,5,106023.021
47.9,50,6,101430.926
47.9,50,7,97884.413
47.9,50,8,95319.061
47.9,50,9,93240.137
47.9,50,10,91554.032
47.9,50,11,90219.099
47.9,50,12,89056.308
47.9,50,13,88141.993
47.9,50,14,87346.655
47.9,50,15,86632.662
47.9,50,16,86016.43
47.9,50,17,85462.787
47.9,50,18,84956.252
47.9,50,19,84478.289
47.9,50,20,84080.673
47.9,50,21,83718.78
47.9,50,22,83374.644
47.9,50,23,83079.209
47.9,50,24,82767.689
47.9,50,25,82496.816
47.9,50,26,82259.594
47.9,50,27,82029.793
47.9,50,28,81826.721
47.9,50,29,81644.102
47.9,50,30,81478.448
47.9,50,31,81326.4
47.9,50,32,81175.724
47.9,50,33,81030.822
47.9,50,34,80890.926
47.9,50,35,80770.781
47.9,50,36,80640.496
47.9,50,37,80527.234
47.9,50,38,80410.994
47.9,50,39,80302.727
47.9,50,40,80211.772
47.9,50,41,80126.468
47.9,50,42,80036.27
47.9,50,43,79957.513
47.9,50,44,79887.027
47.9,50,45,79818.213
47.9,50,46,79764.117
47.9,50,47,79702.15
47.9,50,48,79641.945
47.9,50,49,79582.658
47.9,100,0,87069.999
47.9,100,1,150761.164
47.9,100,2,156064.729
47.9,100,3,159248.549
47.9,100,4,157758.357
47.9,100,5,141177.716
47.9,100,6,126539.134
47.9,100,7,117473.083
47.9,100,8,111988.104
47.9,100,9,108063.929
47.9,100,10,105030.899
47.9,100,11,102386.149
47.9,100,12,100444.182
47.9,100,13,98881.202
47.9,100,14,97548.578
47.9,100,15,96416.505
47.9,100,16,95430.694
47.9,100,17,94543.173
47.9,100,18,93764.773
47.9,100,19,93072.658
47.9,100,20,92451.976
47.9,100,21,91908.621
47.9,100,22,91410.104
47.9,100,23,90950.245
47.9,100,24,90524.367
47.9,100,25,90152.963
47.9,100,26,89800.771
47.9,100,27,89473.918
47.9,100,28,89174.345
47.9,100,29,88903.041
47.9,100,30,88647.323
47.9,100,31,88399.429
47.9,100,32,88180.13
47.9,100,33,87961.869
47.9,100,34,87755.583
47.9,100,35,87572.01
47.9,100,36,87400.265
47.9,100,37,87239.047
47.9,100,38,87082.728
47.9,100,39,86925.083
47.9,100,40,86790.084
47.9,100,41,86671.442
47.9,100,42,86536.277
47.9,100,43,86407.82
47.9,100,44,86292.293
47.9,100,45,86190.033
47.9,100,46,86092.355
47.9,100,47,86002.047
47.9,100,48,85910.433
47.9,100,49,85819.553
47.9,100,50,85744.451
47.9,100,51,85673.704
47.9,100,52,85600.918
47.9,100,53,85528.674
47.9,100,54,85458.358
47.9,100,55,85390.741
47.9,100,56,85327.681
47.9,100,57,85268.4
47.9,100,58,85207.4
47.9,100,59,85148.335
47.9,100,60,85087.934
47.9,100,61,85036.373
47.9,100,62,84990.244
47.9,100,63,84938.41
47.9,100,64,84888.235
47.9,100,65,84838.398
47.9,100,66,84796.458
47.9,100,67,84757.071
47.9,100,68,84719.196
47.9,100,69,84678.922
47.9,100,70,84638.561
47.9,100,71,84600.474
47.9,100,72,84570.234
47.9,100,73,84534.513
47.9,100,74,84501.282
47.9,100,75,84468.449
47.9,100,76,84435.806
47.9,100,77,84400.804
47.9,100,78,84367.401
47.9,100,79,84339.395
47.9,100,80,84314.408
47.9,100,81,84283.582
47.9,100,82,84254.886
47.9,100,83,84231.262
47.9,100,84,84207.198
47.9,100,85,84182.44
47.9,100,86,84162.168
47.9,100,87,84143.04
47.9,100,88,84123.079
47.9,100,89,84103.344
47.9,100,90,84079.849
47.9,100,91,84056.603
47.9,100,92,84037.137
47.9,100,93,84019.515
47.9,100,94,83997.081
47.9,100,95,83978.961
47.9,100,96,83961.393
47.9,100,97,83942.004
47.9,100,98,83926.43
47.9,100,99,83909.629
47.9,200,0,87069.999
47.9,200,1,150761.164
47.9,200,2,156064.729
47.9,200,3,159248.549
47.9,200,4,161552.839
47.9,200,5,163183.142
47.9,200,6,164823.619
47.9,200,7,166087.029
47.9,200,8,165396.634
47.9,200,9,158088.725
47.9,200,10,147158.094
47.9,200,11,137202.117
47.9,200,12,129234.596
47.9,200,13,123529.298
47.9,200,14,119048.649
47.9,200,15,115962.669
47.9,200,16,113408.164
47.9,200,17,111241.188
47.9,200,18,109478.859
47.9,200,19,107857.868
47.9,200,20,106543.831
47.9,200,21,105402.016
47.9,200,22,104347.662
47.9,200,23,103408.279
47.9,200,24,102422.019
47.9,200,25,101619.309
47.9,200,26,100919.938
47.9,200,27,100253.27
47.9,200,28,99689.366
47.9,200,29,99184.784
47.9,200,30,98708.996
47.9,200,31,98268.926
47.9,200,32,97842.477
47.9,200,33,97458.707
47.9,200,34,97094.582
47.9,200,35,96767.918
47.9,200,36,96471.426
47.9,200,37,96179.351
47.9,200,38,95912.902
47.9,200,39,95659.554
47.9,200,40,95423.307
47.9,200,41,95201.188
47.9,200,42,94981.714
47.9,200,43,94789.119
47.9,200,44,94593.55
47.9,200,45,94412.483
47.9,200,46,94229.402
47.9,200,47,94065.028
47.9,200,48,93901.358
47.9,200,49,93755.274
47.9,200,50,93615.321
47.9,200,51,93482.187
47.9,200,52,93353.186
47.9,200,53,93223.0
47.9,200,54,93107.156
47.9,200,55,92988.419
47.9,200,56,92878.139
47.9,200,57,92772.544
47.9,200,58,92664.47
47.9,200,59,92565.783
47.9,200,60,92467.005
47.9,200,61,92383.03
47.9,200,62,92293.12
47.9,200,63,92205.358
47.9,200,64,92118.622
47.9,200,65,92041.749
47.9,200,66,91964.735
47.9,200,67,91891.539
47.9,200,68,91820.648
47.9,200,69,91750.501
47.9,200,70,91679.699
47.9,200,71,91620.132
47.9,200,72,91562.986
47.9,200,73,91498.01
47.9,200,74,91435.32
47.9,200,75,91382.087
47.9,200,76,91324.794
47.9,200,77,91273.06
47.9,200,78,91223.337
47.9,200,79,91173.553
47.9,200,80,91123.126
47.9,200,81,91076.136
47.9,200,82,91022.313
47.9,200,83,90974.897
47.9,200,84,90926.828
47.9,200,85,90883.333
47.9,200,86,90840.385
47.9,200,87,90800.909
47.9,200,88,90758.153
47.9,200,89,90719.898
47.9,200,90,90677.601
47.9,200,91,90640.453
47.9,200,92,90605.135
47.9,200,93,90563.49
47.9,200,94,90530.538
47.9,200,95,90496.018
47.9,200,96,90463.467
47.9,200,97,90432.612
47.9,200,98,90400.583
47.9,200,99,90370.77
47.9,200,100,90338.478
47.9,200,101,90310.277
47.9,200,102,90281.134
47.9,200,103,90251.186
47.9,200,104,90223.611
47.9,200,105,90196.07
47.9,200,106,90168.835
47.9,200,107,90141.478
47.9,200,108,90115.912
47.9,200,109,90091.41
47.9,200,110,90064.237
47.9,200,111,90038.204
47.9,200,112,90016.73
47.9,200,113,89993.96
47.9,200,114,89970.141
47.9,200,115,89947.836
47.9,200,116,89927.178
47.9,200,117,89905.922
47.9,200,118,89884.339
47.9,200,119,89862.987
47.9,200,120,89843.341
47.9,200,121,89825.0
47.9,200,122,89803.804
47.9,200,123,89784.063
47.9,200,124,89765.875
47.9,200,125,89748.641
47.9,200,126,89732.281
47.9,200,127,89716.969
47.9,200,128,89700.311
47.9,200,129,89681.367
47.9,200,130,89664.224
47.9,200,131,89649.715
47.9,200,132,89636.659
47.9,200,133,89618.793
47.9,200,134,89601.452
47.9,200,135,89587.969
47.9,200,136,89573.391
47.9,200,137,89558.867
47.9,200,138,89544.156
47.9,200,139,89529.862
47.9,200,140,89519.697
47.9,200,141,89508.686
47.9,200,142,89496.858
47.9,200,143,89483.018
47.9,200,144,89469.712
47.9,200,145,89456.903
47.9,200,146,89445.782
47.9,200,147,89433.377
47.9,200,148,89421.086
47.9,200,149,89408.528
47.9,200,150,89398.417
47.9,200,151,89387.348
47.9,200,152,89376.112
47.9,200,153,89366.482
47.9,200,154,89355.874
47.9,200,155,89345.343
47.9,200,156,89334.945
47.9,200,157,89323.486
47.9,200,158,89314.262
47.9,200,159,89303.759
47.9,200,160,89293.996
47.9,200,161,89284.776
47.9,200,162,89274.872
47.9,200,163,89266.09
47.9,200,164,89256.62
47.9,200,165,89248.293
47.9,200,166,89238.9
47.9,200,167,89230.121
47.9,200,168,89220.347
47.9,200,169,89209.539
47.9,200,170,89200.658
47.9,200,171,89193.784
47.9,200,172,89186.868
47.9,200,173,89178.389
47.9,200,174,89170.301
47.9,200,175,89161.777
47.9,200,176,89154.431
47.9,200,177,89147.389
47.9,200,178,89139.639
47.9,200,179,89132.917
47.9,200,180,89125.21
47.9,200,181,89118.929
47.9,200,182,89112.051
47.9,200,183,89105.358
47.9,200,184,89097.281
47.9,200,185,89091.139
47.9,200,186,89083.651
47.9,200,187,89076.201
47.9,200,188,89068.497
47.9,200,189,89061.803
47.9,200,190,89055.582
47.9,200,191,89049.327
47.9,200,192,89042.468
47.9,200,193,89035.95
47.9,200,194,89030.375
47.9,200,195,89024.571
47.9,200,196,89018.594
47.9,200,197,89012.253
47.9,200,198,89006.379
47.9,200,199,89000.841
47.9,500,0,87069.999
47.9,500,1,150761.164
47.9,500,2,156064.729
47.9,500,3,159248.549
47.9,500,4,161552.839
47.9,500,5,163183.142
47.9,500,6,164823.619
47.9,500,7,166147.043
47.9,500,8,167106.747
47.9,500,9,168109.5
47.9,500,10,168891.221
47.9,500,11,169905.323
47.9,500,12,170960.645
47.9,500,13,171790.965
47.9,500,14,172577.984
47.9,500,15,173102.617
47.9,500,16,173683.723
47.9,500,17,174219.873
47.9,500,18,174701.116
47.9,500,19,175170.795
47.9,500,20,175496.094
47.9,500,21,175583.933
47.9,500,22,174208.482
47.9,500,23,171190.254
47.9,500,24,166535.805
47.9,500,25,161531.081
47.9,500,26,156818.386
47.9,500,27,151961.657
47.9,500,28,147688.104
47.9,500,29,144062.812
47.9,500,30,140519.601
47.9,500,31,137413.749
47.9,500,32,134618.302
47.9,500,33,132145.849
47.9,500,34,129932.592
47.9,500,35,127946.241
47.9,500,36,126047.264
47.9,500,37,124338.935
47.9,500,38,123016.759
47.9,500,39,121681.533
47.9,500,40,120577.335
47.9,500,41,119534.21
47.9,500,42,118507.927
47.9,500,43,117560.877
47.9,500,44,116713.206
47.9,500,45,115949.067
47.9,500,46,115150.721
47.9,500,47,114449.356
47.9,500,48,113777.652
47.9,500,49,113164.805
47.9,500,50,112649.595
47.9,500,51,112149.362
47.9,500,52,111678.977
47.9,500,53,111254.932
47.9,500,54,110830.1
47.9,500,55,110425.544
47.9,500,56,110029.173
47.9,500,57,109634.096
47.9,500,58,109307.92
47.9,500,59,108955.485
47.9,500,60,108632.315
47.9,500,61,108332.901
47.9,500,62,108057.917
47.9,500,63,107780.743
47.9,500,64,107507.853
47.9,500,65,107215.762
47.9,500,66,106930.52
47.9,500,67,106695.423
47.9,500,68,106497.539
47.9,500,69,106231.842
47.9,500,70,106017.685
47.9,500,71,105823.181
47.9,500,72,105631.065
47.9,500,73,105433.893
47.9,500,74,105231.768
47.9,500,75,105059.922
47.9,500,76,104888.399
47.9,500,77,104724.827
47.9,500,78,104571.305
47.9,500,79,104420.029
47.9,500,80,104271.575
47.9,500,81,104131.263
47.9,500,82,103981.17
47.9,500,83,103845.857
47.9,500,84,103717.168
47.9,500,85,103592.124
47.9,500,86,103478.606
47.9,500,87,103412.59
47.9,500,88,103264.006
47.9,500,89,103144.283
47.9,500,90,103039.165
47.9,500,91,102928.613
47.9,500,92,102825.963
47.9,500,93,102726.824
47.9,500,94,102634.976
47.9,500,95,102532.047
47.9,500,96,102393.775
47.9,500,97,102299.087
47.9,500,98,102200.728
47.9,500,99,102116.842
47.9,500,100,102035.727
47.9,500,101,101956.24
47.9,500,102,101877.265
47.9,500,103,101794.238
47.9,500,104,101715.978
47.9,500,105,101638.465
47.9,500,106,101564.965
47.9,500,107,101497.372
47.9,500,108,101431.437
47.9,500,109,101362.045
47.9,500,110,101297.225
47.9,500,111,101231.588
47.9,500,112,101172.775
47.9,500,113,101111.384
47.9,500,114,101054.846
47.9,500,115,100998.545
47.9,500,116,100939.736
47.9,500,117,100882.061
47.9,500,118,100826.49
47.9,500,119,100768.726
47.9,500,120,100712.54
47.9,500,121,100663.685
47.9,500,122,100610.846
47.9,500,123,100557.525
47.9,500,124,100508.629
47.9,500,125,100458.672
47.9,500,126,100410.001
47.9,500,127,100363.501
47.9,500,128,100317.497
47.9,500,129,100272.578
47.9,500,130,100229.16
47.9,500,131,100186.36
47.9,500,132,100141.493
47.9,500,133,100097.106
47.9,500,134,100054.356
47.9,500,135,100015.98
47.9,500,136,99977.878
47.9,500,137,99940.578
47.9,500,138,99904.315
47.9,500,139,99866.186
47.9,500,140,99831.792
47.9,500,141,99796.6
47.9,500,142,99763.268
47.9,500,143,99729.536
47.9,500,144,99692.554
47.9,500,145,99658.212
47.9,500,146,99627.395
47.9,500,147,99594.832
47.9,500,148,99562.58
47.9,500,149,99527.831
47.9,500,150,99497.198
47.9,500,151,99465.951
47.9,500,152,99434.898
47.9,500,153,99404.467
47.9,500,154,99374.468
47.9,500,155,99344.852
47.9,500,156,99313.599
47.9,500,157,99282.664
47.9,500,158,99253.986
47.9,500,159,99227.862
47.9,500,160,99201.12
47.9,500,161,99175.265
47.9,500,162,99151.008
47.9,500,163,99127.025
47.9,500,164,99100.287
47.9,500,165,99076.4
47.9,500,166,99050.666
47.9,500,167,99026.749
47.9,500,168,99003.371
47.9,500,169,98979.961
47.9,500,170,98953.98
47.9,500,171,98933.315
47.9,500,172,98910.749
47.9,500,173,98886.958
47.9,500,174,98867.859
47.9,500,175,98845.545
47.9,500,176,98823.705
47.9,500,177,98801.008
47.9,500,178,98779.878
47.9,500,179,98761.073
47.9,500,180,98741.075
47.9,500,181,98721.514
47.9,500,182,98701.427
47.9,500,183,98681.468
47.9,500,184,98660.165
47.9,500,185,98640.53
47.9,500,186,98620.457
47.9,500,187,98598.078
47.9,500,188,98579.01
47.9,500,189,98561.272
47.9,500,190,98543.582
47.9,500,191,98526.448
47.9,500,192,98509.21
47.9,500,193,98492.46
47.9,500,194,98475.088
47.9,500,195,98457.672
47.9,500,196,98441.073
47.9,500,197,98426.144
47.9,500,198,98408.856
47.9,500,199,98392.572
47.9,500,200,98378.113
47.9,500,201,98364.212
47.9,500,202,98349.763
47.9,500,203,98335.62
47.9,500,204,98321.703
47.9,500,205,98309.826
47.9,500,206,98295.218
47.9,500,207,98279.826
47.9,500,208,98265.807
47.9,500,209,98251.096
47.9,500,210,98236.562
47.9,500,211,98222.621
47.9,500,212,98210.362
47.9,500,213,98198.256
47.9,500,214,98183.601
47.9,500,215,98170.328
47.9,500,216,98157.846
47.9,500,217,98146.074
47.9,500,218,98133.352
47.9,500,219,98119.458
47.9,500,220,98107.999
47.9,500,221,98095.262
47.9,500,222,98084.338
47.9,500,223,98073.043
47.9,500,224,98060.904
47.9,500,225,98049.484
47.9,500,226,98037.593
47.9,500,227,98026.405
47.9,500,228,98015.613
47.9,500,229,98003.799
47.9,500,230,97993.006
47.9,500,231,97981.842
47.9,500,232,97971.589
47.9,500,233,97961.449
47.9,500,234,97951.821
47.9,500,235,97940.89
47.9,500,236,97930.403
47.9,500,237,97920.68
47.9,500,238,97910.615
47.9,500,239,97899.683
47.9,500,240,97889.325
47.9,500,241,97879.369
47.9,500,242,97869.431
47.9,500,243,97858.915
47.9,500,244,97849.727
47.9,500,245,97839.661
47.9,500,246,97829.665
47.9,500,247,97820.65
47.9,500,248,97811.581
47.9,500,249,97802.426
47.9,500,250,97793.017
47.9,500,251,97784.455
47.9,500,252,97774.915
47.9,500,253,97766.219
47.9,500,254,97757.826
47.9,500,255,97748.444
47.9,500,256,97739.322
47.9,500,257,97730.329
47.9,500,258,97722.968
47.9,500,259,97714.852
47.9,500,260,97706.407
47.9,500,261,97697.143
47.9,500,262,97687.973
47.9,500,263,97678.968
47.9,500,264,97671.82
47.9,500,265,97663.707
47.9,500,266,97655.766
47.9,500,267,97648.22
47.9,500,268,97640.132
47.9,500,269,97633.742
47.9,500,270,97626.587
47.9,500,271,97619.357
47.9,500,272,97612.066
47.9,500,273,97603.168
47.9,500,274,97595.275
47.9,500,275,97588.687
47.9,500,276,97581.713
47.9,500,277,97575.031
47.9,500,278,97567.449
47.9,500,279,97559.691
47.9,500,280,97552.076
47.9,500,281,97544.379
47.9,500,282,97537.233
47.9,500,283,97531.02
47.9,500,284,97524.897
47.9,500,285,97518.247
47.9,500,286,97512.187
47.9,500,287,97505.515
47.9,500,288,97497.923
47.9,500,289,97492.001
47.9,500,290,97486.336
47.9,500,291,97480.01
47.9,500,292,97474.449
47.9,500,293,97469.385
47.9,500,294,97462.192
47.9,500,295,97455.807
47.9,500,296,97450.431
47.9,500,297,97445.359
47.9,500,298,97438.712
47.9,500,299,97432.052
47.9,500,300,97426.161
47.9,500,301,97420.893
47.9,500,302,97414.696
47.9,500,303,97409.997
47.9,500,304,97404.842
47.9,500,305,97399.345
47.9,500,306,97394.311
47.9,500,307,97389.157
47.9,500,308,97384.024
47.9,500,309,97378.218
47.9,500,310,97372.573
47.9,500,311,97366.414
47.9,500,312,97361.179
47.9,500,313,97356.39
47.9,500,314,97351.466
47.9,500,315,97346.768
47.9,500,316,97341.176
47.9,500,317,97336.554
47.9,500,318,97331.824
47.9,500,319,97327.552
47.9,500,320,97322.754
47.9,500,321,97318.029
47.9,500,322,97313.862
47.9,500,323,97308.92
47.9,500,324,97303.559
47.9,500,325,97299.034
47.9,500,326,97294.354
47.9,500,327,97289.577
47.9,500,328,97284.917
47.9,500,329,97280.892
47.9,500,330,97276.485
47.9,500,331,97271.715
47.9,500,332,97267.926
47.9,500,333,97263.331
47.9,500,334,97259.702
47.9,500,335,97255.339
47.9,500,336,97250.97
47.9,500,337,97246.268
47.9,500,338,97242.187
47.9,500,339,97238.218
47.9,500,340,97234.195
47.9,500,341,97229.898
47.9,500,342,97225.586
47.9,500,343,97221.349
47.9,500,344,97217.105
47.9,500,345,97213.012
47.9,500,346,97209.322
47.9,500,347,97205.632
47.9,500,348,97201.748
47.9,500,349,97198.03
47.9,500,350,97193.61
47.9,500,351,97190.304
47.9,500,352,97186.554
47.9,500,353,97183.232
47.9,500,354,97179.195
47.9,500,355,97175.39
47.9,500,356,97172.068
47.9,500,357,97168.648
47.9,500,358,97163.947
47.9,500,359,97160.608
47.9,500,360,97156.506
47.9,500,361,97153.082
47.9,500,362,97149.384
47.9,500,363,97145.896
47.9,500,364,97142.601
47.9,500,365,97138.766
47.9,500,366,97135.538
47.9,500,367,97132.682
47.9,500,368,97129.028
47.9,500,369,97125.512
47.9,500,370,97121.635
47.9,500,371,97117.941
47.9,500,372,97114.388
47.9,500,373,97111.225
47.9,500,374,97107.634
47.9,500,375,97103.88
47.9,500,376,97100.663
47.9,500,377,97097.086
47.9,500,378,97093.433
47.9,500,379,97090.633
47.9,500,380,97087.675
47.9,500,381,97084.253
47.9,500,382,97080.934
47.9,500,383,97077.719
47.9,500,384,97074.786
47.9,500,385,97071.642
47.9,500,386,97068.873
47.9,500,387,97066.593
47.9,500,388,97063.233
47.9,500,389,97060.022
47.9,500,390,97056.494
47.9,500,391,97053.273
47.9,500,392,97050.614
47.9,500,393,97047.676
47.9,500,394,97045.065
47.9,500,395,97042.513
47.9,500,396,97039.583
47.9,500,397,97036.419
47.9,500,398,97033.662
47.9,500,399,97031.028
47.9,500,400,97028.32
47.9,500,401,97025.079
47.9,500,402,97022.294
47.9,500,403,97019.472
47.9,500,404,97016.325
47.9,500,405,97013.206
47.9,500,406,97010.439
47.9,500,407,97007.869
47.9,500,408,97005.416
47.9,500,409,97002.692
47.9,500,410,96999.955
47.9,500,411,96996.688
47.9,500,412,96994.113
47.9,500,413,96990.443
47.9,500,414,96987.727
47.9,500,415,96985.35
47.9,500,416,96982.99
47.9,500,417,96980.399
47.9,500,418,96977.924
47.9,500,419,96975.291
47.9,500,420,96972.161
47.9,500,421,96969.354
47.9,500,422,96967.42
47.9,500,423,96965.215
47.9,500,424,96962.63
47.9,500,425,96959.86
47.9,500,426,96957.284
47.9,500,427,96954.86
47.9,500,428,96952.981
47.9,500,429,96950.455
47.9,500,430,96948.794
47.9,500,431,96946.316
47.9,500,432,96944.507
47.9,500,433,96942.039
47.9,500,434,96939.652
47.9,500,435,96937.366
47.9,500,436,96934.979
47.9,500,437,96932.053
47.9,500,438,96929.394
47.9,500,439,96927.237
47.9,500,440,96925.275
47.9,500,441,96922.932
47.9,500,442,96920.972
47.9,500,443,96919.404
47.9,500,444,96917.19
47.9,500,445,96915.211
47.9,500,446,96913.429
47.9,500,447,96911.15
47.9,500,448,96908.391
47.9,500,449,96906.107
47.9,500,450,96903.857
47.9,500,451,96901.598
47.9,500,452,96899.554
47.9,500,453,96897.203
47.9,500,454,96895.152
47.9,500,455,96893.069
47.9,500,456,96891.044
47.9,500,457,96889.131
47.9,500,458,96886.8
47.9,500,459,96885.484
47.9,500,460,96883.593
47.9,500,461,96881.703
47.9,500,462,96879.847
47.9,500,463,96877.802
47.9,500,464,96875.835
47.9,500,465,96874.135
47.9,500,466,96872.53
47.9,500,467,96871.15
47.9,500,468,96869.033
47.9,500,469,96867.161
47.9,500,470,96865.054
47.9,500,471,96862.523
47.9,500,472,96860.793
47.9,500,473,96858.906
47.9,500,474,96857.271
47.9,500,475,96855.153
47.9,500,476,96853.573
47.9,500,477,96851.655
47.9,500,478,96849.824
47.9,500,479,96848.188
47.9,500,480,96846.188
47.9,500,481,96844.589
47.9,500,482,96842.363
47.9,500,483,96840.435
47.9,500,484,96837.964
47.9,500,485,96836.361
47.9,500,486,96834.615
47.9,500,487,96832.963
47.9,500,488,96831.579
47.9,500,489,96829.811
47.9,500,490,96828.4
47.9,500,491,96826.619
47.9,500,492,96824.691
47.9,500,493,96822.74
47.9,500,494,96820.669
47.9,500,495,96819.142
47.9,500,496,96817.562
47.9,500,497,96815.692
47.9,500,498,96813.535
47.9,500,499,96812.138
65.67,10,0,97023.161
65.67,10,1,120417.737
65.67,10,2,106279.115
65.67,10,3,99812.892
65.67,10,4,95527.759
65.67,10,5,92222.125
65.67,10,6,89771.896
65.67,10,7,87820.727
65.67,10,8,86175.007
65.67,10,9,84976.087
65.67,20,0,97023.161
65.67,20,1,144325.161
65.67,20,2,119223.08
65.67,20,3,109478.475
65.67,20,4,103890.838
65.67,20,5,100034.177
65.67,20,6,97163.856
65.67,20,7,94803.656
65.67,20,8,92935.88
65.67,20,9,91382.44
65.67,20,10,90172.386
65.67,20,11,89090.811
65.67,20,12,88178.575
65.67,20,13,87429.295
65.67,20,14,86765.608
65.67,20,15,86213.812
65.67,20,16,85733.733
65.67,20,17,85243.213
65.67,20,18,84844.974
65.67,20,19,84490.452
65.67,50,0,97023.161
65.67,50,1,163474.409
65.67,50,2,162037.357
65.67,50,3,136531.414
65.67,50,4,123292.63
65.67,50,5,115954.546
65.67,50,6,111295.989
65.67,50,7,107673.013
65.67,50,8,104955.704
65.67,50,9,102815.514
65.67,50,10,101047.195
65.67,50,11,99626.596
65.67,50,12,98359.323
65.67,50,13,97291.306
65.67,50,14,96334.921
65.67,50,15,95538.993
65.67,50,16,94815.023
65.67,50,17,94186.02
65.67,50,18,93619.034
65.67,50,19,93126.208
65.67,50,20,92650.66
65.67,50,21,92229.366
65.67,50,22,91840.438
65.67,50,23,91470.79
65.67,50,24,91150.618
65.67,50,25,90864.09
65.67,50,26,90603.413
65.67,50,27,90350.191
65.67,50,28,90129.386
65.67,50,29,89910.026
65.67,50,30,89690.816
65.67,50,31,89514.213
65.67,50,32,89345.344
65.67,50,33,89171.157
65.67,50,34,89029.14
65.67,50,35,88898.381
65.67,50,36,88753.223
65.67,50,37,88613.821
65.67,50,38,88504.289
65.67,50,39,88397.598
65.67,50,40,88297.383
65.67,50,41,88201.088
65.67,50,42,88112.186
65.67,50,43,88035.246
65.67,50,44,87955.009
65.67,50,45,87889.087
65.67,50,46,87802.527
65.67,50,47,87733.08
65.67,50,48,87666.807
65.67,50,49,87596.098
65.67,100,0,97023.161
65.67,100,1,163474.409
65.67,100,2,169155.634
65.67,100,3,172160.843
65.67,100,4,170213.237
65.67,100,5,151452.376
65.67,100,6,136383.436
65.67,100,7,127564.763
65.67,100,8,121861.877
65.67,100,9,117764.003
65.67,100,10,114612.822
65.67,100,11,112114.212
65.67,100,12,110090.805
65.67,100,13,108420.355
65.67,100,14,106932.684
65.67,100,15,105678.943
65.67,100,16,104606.457
65.67,100,17,103638.028
65.67,100,18,102771.448
65.67,100,19,102003.983
65.67,100,20,101346.073
65.67,100,21,100727.552
65.67,100,22,100159.804
65.67,100,23,99642.978
65.67,100,24,99173.254
65.67,100,25,98752.129
65.67,100,26,98361.758
65.67,100,27,97995.01
65.67,100,28,97673.317
65.67,100,29,97358.29
65.67,100,30,97071.48
65.67,100,31,96806.534
65.67,100,32,96558.267
65.67,100,33,96324.359
65.67,100,34,96111.983
65.67,100,35,95917.682
65.67,100,36,95715.916
65.67,100,37,95521.393
65.67,100,38,95349.125
65.67,100,39,95189.867
65.67,100,40,95022.708
65.67,100,41,94892.593
65.67,100,42,94756.208
65.67,100,43,94636.866
65.67,100,44,94520.846
65.67,100,45,94402.288
65.67,100,46,94283.843
65.67,100,47,94172.741
65.67,100,48,94077.602
65.67,100,49,93978.511
65.67,100,50,93889.704
65.67,100,51,93799.335
65.67,100,52,93722.375
65.67,100,53,93642.797
65.67,100,54,93568.204
65.67,100,55,93492.538
65.67,100,56,93422.687
65.67,100,57,93349.551
65.67,100,58,93273.756
65.67,100,59,93209.792
65.67,100,60,93142.868
65.67,100,61,93082.813
65.67,100,62,93025.642
65.67,100,63,92969.965
65.67,100,64,92917.874
65.67,100,65,92864.651
65.67,100,66,92811.383
65.67,100,67,92758.152
65.67,100,68,92705.287
65.67,100,69,92657.644
65.67,100,70,92612.281
65.67,100,71,92573.29
65.67,100,72,92524.868
65.67,100,73,92488.16
65.67,100,74,92449.693
65.67,100,75,92415.038
65.67,100,76,92375.906
65.67,100,77,92335.378
65.67,100,78,92305.173
65.67,100,79,92272.647
65.67,100,80,92240.788
65.67,100,81,92212.618
65.67,100,82,92182.387
65.67,100,83,92151.723
65.67,100,84,92123.287
65.67,100,85,92093.899
65.67,100,86,92071.839
65.67,100,87,92044.763
65.67,100,88,92020.635
65.67,100,89,91994.802
65.67,100,90,91971.765
65.67,100,91,91949.173
65.67,100,92,91928.818
65.67,100,93,91907.799
65.67,100,94,91886.373
65.67,100,95,91863.891
65.67,100,96,91840.554
65.67,100,97,91820.596
65.67,100,98,91801.75
65.67,100,99,91780.155
65.67,200,0,97023.161
65.67,200,1,163474.409
65.67,200,2,169155.634
65.67,200,3,172160.843
65.67,200,4,174070.224
65.67,200,5,175815.998
65.67,200,6,177207.468
65.67,200,7,178324.553
65.67,200,8,177945.598
65.67,200,9,170360.145
65.67,200,10,157938.181
65.67,200,11,146668.703
65.67,200,12,138702.778
65.67,200,13,132896.715
65.67,200,14,128482.549
65.67,200,15,125270.548
65.67,200,16,122644.76
65.67,200,17,120516.847
65.67,200,18,118672.564
65.67,200,19,117090.536
65.67,200,20,115637.376
65.67,200,21,114443.152
65.67,200,22,113360.999
65.67,200,23,112406.595
65.67,200,24,111527.412
65.67,200,25,110654.79
65.67,200,26,109884.136
65.67,200,27,109219.501
65.67,200,28,108598.962
65.67,200,29,108012.301
65.67,200,30,107495.765
65.67,200,31,107016.293
65.67,200,32,106580.492
65.67,200,33,106172.235
65.67,200,34,105776.235
65.67,200,35,105423.079
65.67,200,36,105085.713
65.67,200,37,104754.035
65.67,200,38,104460.894
65.67,200,39,104192.778
65.67,200,40,103938.374
65.67,200,41,103700.274
65.67,200,42,103475.287
65.67,200,43,103263.564
65.67,200,44,103067.413
65.67,200,45,102872.481
65.67,200,46,102682.567
65.67,200,47,102499.63
65.67,200,48,102329.221
65.67,200,49,102154.724
65.67,200,50,101996.171
65.67,200,51,101843.97
65.67,200,52,101694.737
65.67,200,53,101558.608
65.67,200,54,101426.685
65.67,200,55,101294.908
65.67,200,56,101168.05
65.67,200,57,101052.272
65.67,200,58,100934.355
65.67,200,59,100826.756
65.67,200,60,100725.776
65.67,200,61,100630.264
65.67,200,62,100534.666
65.67,200,63,100438.7
65.67,200,64,100349.59
65.67,200,65,100264.674
65.67,200,66,100179.399
65.67,200,67,100092.423
65.67,200,68,100011.207
65.67,200,69,99932.806
65.67,200,70,99856.798
65.67,200,71,99784.173
65.67,200,72,99713.106
65.67,200,73,99646.557
65.67,200,74,99579.971
65.67,200,75,99518.656
65.67,200,76,99458.508
65.67,200,77,99399.683
65.67,200,78,99343.21
65.67,200,79,99281.072
65.67,200,80,99222.371
65.67,200,81,99171.068
65.67,200,82,99119.222
65.67,200,83,99064.8
65.67,200,84,99021.254
65.67,200,85,98974.633
65.67,200,86,98930.988
65.67,200,87,98889.783
65.67,200,88,98847.65
65.67,200,89,98805.604
65.67,200,90,98760.259
65.67,200,91,98715.731
65.67,200,92,98673.846
65.67,200,93,98633.29
65.67,200,94,98591.159
65.67,200,95,98556.281
65.67,200,96,98519.897
65.67,200,97,98485.163
65.67,200,98,98448.808
65.67,200,99,98417.752
65.67,200,100,98386.775
65.67,200,101,98353.674
65.67,200,102,98320.064
65.67,200,103,98287.219
65.67,200,104,98259.694
65.67,200,105,98229.735
65.67,200,106,98200.807
65.67,200,107,98172.803
65.67,200,108,98141.505
65.67,200,109,98116.494
65.67,200,110,98090.407
65.67,200,111,98064.688
65.67,200,112,98038.981
65.67,200,113,98016.023
65.67,200,114,97992.703
65.67,200,115,97970.877
65.67,200,116,97945.109
65.67,200,117,97924.185
65.67,200,118,97903.289
65.67,200,119,97881.238
65.67,200,120,97857.995
65.67,200,121,97838.837
65.67,200,122,97818.928
65.67,200,123,97798.914
65.67,200,124,97779.867
65.67,200,125,97760.081
65.67,200,126,97741.394
65.67,200,127,97720.633
65.67,200,128,97699.645
65.67,200,129,97682.409
65.67,200,130,97663.979
65.67,200,131,97643.074
65.67,200,132,97625.243
65.67,200,133,97608.591
65.67,200,134,97591.893
65.67,200,135,97570.039
65.67,200,136,97552.452
65.67,200,137,97537.005
65.67,200,138,97518.106
65.67,200,139,97503.167
65.67,200,140,97489.217
65.67,200,141,97473.294
65.67,200,142,97458.026
65.67,200,143,97443.438
65.67,200,144,97426.056
65.67,200,145,97412.694
65.67,200,146,97400.778
65.67,200,147,97388.23
65.67,200,148,97374.555
65.67,200,149,97360.111
65.67,200,150,97347.07
65.67,200,151,97335.119
65.67,200,152,97323.239
65.67,200,153,97310.528
65.67,200,154,97297.74
65.67,200,155,97284.959
65.67,200,156,97273.828
65.67,200,157,97263.017
65.67,200,158,97251.133
65.67,200,159,97240.229
65.67,200,160,97227.727
65.67,200,161,97217.783
65.67,200,162,97204.768
65.67,200,163,97192.572
65.67,200,164,97181.929
65.67,200,165,97169.988
65.67,200,166,97160.182
65.67,200,167,97151.181
65.67,200,168,97141.028
65.67,200,169,97132.777
65.67,200,170,97124.001
65.67,200,171,97114.283
65.67,200,172,97105.464
65.67,200,173,97094.17
65.67,200,174,97085.526
65.67,200,175,97076.287
65.67,200,176,97068.009
65.67,200,177,97060.682
65.67,200,178,97051.882
65.67,200,179,97043.115
65.67,200,180,97035.402
65.67,200,181,97027.88
65.67,200,182,97019.894
65.67,200,183,97012.474
65.67,200,184,97005.896
65.67,200,185,96997.412
65.67,200,186,96989.847
65.67,200,187,96981.705
65.67,200,188,96973.394
65.67,200,189,96965.675
65.67,200,190,96959.089
65.67,200,191,96950.168
65.67,200,192,96943.102
65.67,200,193,96936.236
65.67,200,194,96929.691
65.67,200,195,96923.437
65.67,200,196,96916.124
65.67,200,197,96909.162
65.67,200,198,96902.151
65.67,200,199,96895.146
65.67,500,0,97023.161
65.67,500,1,163474.409
65.67,500,2,169155.634
65.67,500,3,172160.843
65.67,500,4,174070.224
65.67,500,5,175815.998
65.67,500,6,177207.468
65.67,500,7,178341.607
65.67,500,8,179670.1
65.67,500,9,180837.522
65.67,500,10,181670.293
65.67,500,11,182393.268
65.67,500,12,183043.668
65.67,500,13,183644.817
65.67,500,14,184187.156
65.67,500,15,184944.443
65.67,500,16,185511.81
65.67,500,17,186154.885
65.67,500,18,186673.01
65.67,500,19,187195.29
65.67,500,20,187569.262
65.67,500,21,187441.497
65.67,500,22,186059.995
65.67,500,23,183199.59
65.67,500,24,178051.763
65.67,500,25,172557.963
65.67,500,26,167069.064
65.67,500,27,161754.509
65.67,500,28,156810.525
65.67,500,29,152381.614
65.67,500,30,149039.063
65.67,500,31,145753.968
65.67,500,32,142716.875
65.67,500,33,140201.823
65.67,500,34,138006.952
65.67,500,35,135928.181
65.67,500,36,134092.491
65.67,500,37,132531.874
65.67,500,38,131143.186
65.67,500,39,129977.531
65.67,500,40,128765.321
65.67,500,41,127899.153
65.67,500,42,126889.305
65.67,500,43,125923.252
65.67,500,44,125160.841
65.67,500,45,124433.433
65.67,500,46,123820.887
65.67,500,47,123214.524
65.67,500,48,122661.516
65.67,500,49,122041.331
65.67,500,50,121420.663
65.67,500,51,120824.258
65.67,500,52,120289.49
65.67,500,53,119750.835
65.67,500,54,119306.03
65.67,500,55,118907.208
65.67,500,56,118517.493
65.67,500,57,118132.988
65.67,500,58,117740.492
65.67,500,59,117406.747
65.67,500,60,117102.412
65.67,500,61,116771.196
65.67,500,62,116485.547
65.67,500,63,116230.69
65.67,500,64,115953.765
65.67,500,65,115657.875
65.67,500,66,115341.121
65.67,500,67,115088.496
65.67,500,68,114837.087
65.67,500,69,114597.177
65.67,500,70,114378.932
65.67,500,71,114188.119
65.67,500,72,113992.167
65.67,500,73,113808.909
65.67,500,74,113632.702
65.67,500,75,113464.861
65.67,500,76,113281.716
65.67,500,77,113119.316
65.67,500,78,112972.113
65.67,500,79,112813.638
65.67,500,80,112656.87
65.67,500,81,112511.831
65.67,500,82,112367.195
65.67,500,83,112227.06
65.67,500,84,112084.921
65.67,500,85,111958.294
65.67,500,86,111830.737
65.67,500,87,111707.112
65.67,500,88,111598.412
65.67,500,89,111476.514
65.67,500,90,111365.504
65.67,500,91,111255.677
65.67,500,92,111150.782
65.67,500,93,111051.885
65.67,500,94,110947.523
65.67,500,95,110853.072
65.67,500,96,110759.093
65.67,500,97,110663.898
65.67,500,98,110572.734
65.67,500,99,110483.18
65.67,500,100,110395.57
65.67,500,101,110305.761
65.67,500,102,110222.391
65.67,500,103,110140.393
65.67,500,104,110061.159
65.67,500,105,109986.759
65.67,500,106,109908.468
65.67,500,107,109832.297
65.67,500,108,109757.872
65.67,500,109,109685.574
65.67,500,110,109615.969
65.67,500,111,109550.178
65.67,500,112,109482.417
65.67,500,113,109419.455
65.67,500,114,109353.597
65.67,500,115,109288.085
65.67,500,116,109224.311
65.67,500,117,109166.248
65.67,500,118,109105.991
65.67,500,119,109053.959
65.67,500,120,108997.039
65.67,500,121,108942.338
65.67,500,122,108887.39
65.67,500,123,108834.062
65.67,500,124,108782.007
65.67,500,125,108731.324
65.67,500,126,108681.155
65.67,500,127,108630.899
65.67,500,128,108580.985
65.67,500,129,108532.736
65.67,500,130,108484.575
65.67,500,131,108436.253
65.67,500,132,108392.352
65.67,500,133,108351.078
65.67,500,134,108306.639
65.67,500,135,108262.439
65.67,500,136,108222.266
65.67,500,137,108180.319
65.67,500,138,108136.889
65.67,500,139,108096.498
65.67,500,140,108060.446
65.67,500,141,108024.276
65.67,500,142,107985.25
65.67,500,143,107948.385
65.67,500,144,107911.195
65.67,500,145,107875.877
65.67,500,146,107841.234
65.67,500,147,107807.432
65.67,500,148,107770.618
65.67,500,149,107737.693
65.67,500,150,107703.508
65.67,500,151,107670.954
65.67,500,152,107637.319
65.67,500,153,107605.113
65.67,500,154,107571.166
65.67,500,155,107541.548
65.67,500,156,107508.885
65.67,500,157,107480.361
65.67,500,158,107450.775
65.67,500,159,107422.504
65.67,500,160,107393.708
65.67,500,161,107365.773
65.67,500,162,107338.751
65.67,500,163,107309.787
65.67,500,164,107283.45
65.67,500,165,107256.098
65.67,500,166,107229.476
65.67,500,167,107201.912
65.67,500,168,107174.081
65.67,500,169,107148.231
65.67,500,170,107123.662
65.67,500,171,107098.75
65.67,500,172,107072.904
65.67,500,173,107045.09
65.67,500,174,107021.703
65.67,500,175,107000.066
65.67,500,176,106975.997
65.67,500,177,106952.459
65.67,500,178,106930.985
65.67,500,179,106910.57
65.67,500,180,106890.414
65.67,500,181,106867.8
65.67,500,182,106846.857
65.67,500,183,106824.796
65.67,500,184,106805.087
65.67,500,185,106783.614
65.67,500,186,106761.887
65.67,500,187,106741.162
65.67,500,188,106719.937
65.67,500,189,106701.491
65.67,500,190,106681.674
65.67,500,191,106660.068
65.67,500,192,106640.525
65.67,500,193,106621.076
65.67,500,194,106603.387
65.67,500,195,106584.131
65.67,500,196,106565.981
65.67,500,197,106548.017
65.67,500,198,106527.017
65.67,500,199,106509.646
65.67,500,200,106493.725
65.67,500,201,106476.329
65.67,500,202,106460.486
65.67,500,203,106444.056
65.67,500,204,106426.595
65.67,500,205,106410.224
65.67,500,206,106392.501
65.67,500,207,106374.596
65.67,500,208,106359.551
65.67,500,209,106341.652
65.67,500,210,106325.259
65.67,500,211,106309.873
65.67,500,212,106294.134
65.67,500,213,106278.894
65.67,500,214,106263.97
65.67,500,215,106250.125
65.67,500,216,106235.409
65.67,500,217,106220.415
65.67,500,218,106206.088
65.67,500,219,106191.048
65.67,500,220,106177.183
65.67,500,221,106163.837
65.67,500,222,106150.328
65.67,500,223,106136.165
65.67,500,224,106122.919
65.67,500,225,106110.39
65.67,500,226,106097.93
65.67,500,227,106084.943
65.67,500,228,106072.728
65.67,500,229,106060.227
65.67,500,230,106046.998
65.67,500,231,106035.03
65.67,500,232,106022.394
65.67,500,233,106009.902
65.67,500,234,105997.66
65.67,500,235,105986.879
65.67,500,236,105974.855
65.67,500,237,105963.303
65.67,500,238,105951.811
65.67,500,239,105941.005
65.67,500,240,105929.645
65.67,500,241,105918.404
65.67,500,242,105908.076
65.67,500,243,105898.14
65.67,500,244,105887.244
65.67,500,245,105877.981
65.67,500,246,105867.368
65.67,500,247,105857.371
65.67,500,248,105846.138
65.67,500,249,105835.114
65.67,500,250,105825.737
65.67,500,251,105814.931
65.67,500,252,105804.561
65.67,500,253,105794.357
65.67,500,254,105784.272
65.67,500,255,105774.392
65.67,500,256,105765.268
65.67,500,257,105754.087
65.67,500,258,105744.871
65.67,500,259,105735.493
65.67,500,260,105724.765
65.67,500,261,105715.441
65.67,500,262,105704.486
65.67,500,263,105695.258
65.67,500,264,105686.599
65.67,500,265,105677.174
65.67,500,266,105667.496
65.67,500,267,105658.714
65.67,500,268,105650.198
65.67,500,269,105642.184
65.67,500,270,105633.934
65.67,500,271,105624.0
65.67,500,272,105616.394
65.67,500,273,105608.419
65.67,500,274,105600.688
65.67,500,275,105591.303
65.67,500,276,105583.843
65.67,500,277,105576.502
65.67,500,278,105569.037
65.67,500,279,105562.236
65.67,500,280,105554.762
65.67,500,281,105547.756
65.67,500,282,105540.019
65.67,500,283,105532.124
65.67,500,284,105525.063
65.67,500,285,105517.12
65.67,500,286,105510.261
65.67,500,287,105503.189
65.67,500,288,105495.419
65.67,500,289,105487.7
65.67,500,290,105480.206
65.67,500,291,105473.034
65.67,500,292,105464.697
65.67,500,293,105458.301
65.67,500,294,105450.642
65.67,500,295,105443.7
65.67,500,296,105437.154
65.67,500,297,105429.828
65.67,500,298,105423.632
65.67,500,299,105417.427
65.67,500,300,105410.812
65.67,500,301,105404.401
65.67,500,302,105397.516
65.67,500,303,105390.714
65.67,500,304,105384.869
65.67,500,305,105379.286
65.67,500,306,105372.74
65.67,500,307,105367.052
65.67,500,308,105360.445
65.67,500,309,105354.647
65.67,500,310,105348.784
65.67,500,311,105342.228
65.67,500,312,105336.197
65.67,500,313,105330.752
65.67,500,314,105325.246
65.67,500,315,105319.762
65.67,500,316,105312.873
65.67,500,317,105307.097
65.67,500,318,105301.932
65.67,500,319,105295.781
65.67,500,320,105289.883
65.67,500,321,105284.933
65.67,500,322,105278.73
65.67,500,323,105273.287
65.67,500,324,105267.633
65.67,500,325,105261.547
65.67,500,326,105255.233
65.67,500,327,105250.077
65.67,500,328,105245.515
65.67,500,329,105240.346
65.67,500,330,105234.898
65.67,500,331,105230.793
65.67,500,332,105226.026
65.67,500,333,105220.348
65.67,500,334,105214.829
65.67,500,335,105210.489
65.67,500,336,105206.247
65.67,500,337,105201.06
65.67,500,338,105195.976
65.67,500,339,105190.48
65.67,500,340,105183.938
65.67,500,341,105179.845
65.67,500,342,105174.72
65.67,500,343,105169.918
65.67,500,344,105165.813
65.67,500,345,105161.12
65.67,500,346,105156.218
65.67,500,347,105151.629
65.67,500,348,105147.187
65.67,500,349,105143.203
65.67,500,350,105138.154
65.67,500,351,105133.594
65.67,500,352,105129.444
65.67,500,353,105125.852
65.67,500,354,105122.113
65.67,500,355,105117.227
65.67,500,356,105113.101
65.67,500,357,105109.074
65.67,500,358,105105.856
65.67,500,359,105101.764
65.67,500,360,105098.074
65.67,500,361,105093.976
65.67,500,362,105090.38
65.67,500,363,105085.933
65.67,500,364,105081.685
65.67,500,365,105077.738
65.67,500,366,105073.893
65.67,500,367,105069.375
65.67,500,368,105065.721
65.67,500,369,105062.202
65.67,500,370,105058.405
65.67,500,371,105055.02
65.67,500,372,105050.552
65.67,500,373,105046.953
65.67,500,374,105043.308
65.67,500,375,105040.57
65.67,500,376,105036.358
65.67,500,377,105031.326
65.67,500,378,105027.385
65.67,500,379,105023.746
65.67,500,380,105020.0
65.67,500,381,105016.105
65.67,500,382,105012.565
65.67,500,383,105008.398
65.67,500,384,105004.753
65.67,500,385,105000.753
65.67,500,386,104996.798
65.67,500,387,104993.673
65.67,500,388,104990.179
65.67,500,389,104986.66
65.67,500,390,104982.866
65.67,500,391,104979.268
65.67,500,392,104975.87
65.67,500,393,104972.176
65.67,500,394,104968.676
65.67,500,395,104964.915
65.67,500,396,104961.413
65.67,500,397,104958.465
65.67,500,398,104955.362
65.67,500,399,104951.817
65.67,500,400,104948.131
65.67,500,401,104944.801
65.67,500,402,104940.88
65.67,500,403,104937.394
65.67,500,404,104933.658
65.67,500,405,104930.803
65.67,500,406,104927.281
65.67,500,407,104923.566
65.67,500,408,104921.031
65.67,500,409,104918.035
65.67,500,410,104914.827
65.67,500,411,104911.503
65.67,500,412,104908.397
65.67,500,413,104905.552
65.67,500,414,104902.641
65.67,500,415,104899.805
65.67,500,416,104896.512
65.67,500,417,104893.369
65.67,500,418,104891.037
65.67,500,419,104887.648
65.67,500,420,104884.157
65.67,500,421,104880.999
65.67,500,422,104878.808
65.67,500,423,104876.076
65.67,500,424,104872.839
65.67,500,425,104869.79
65.67,500,426,104866.7
65.67,500,427,104863.829
65.67,500,428,104861.146
65.67,500,429,104858.421
65.67,500,430,104855.785
65.67,500,431,104853.285
65.67,500,432,104850.789
65.67,500,433,104847.717
65.67,500,434,104844.59
65.67,500,435,104842.208
65.67,500,436,104839.695
65.67,500,437,104836.812
65.67,500,438,104833.983
65.67,500,439,104831.32
65.67,500,440,104828.319
65.67,500,441,104825.841
65.67,500,442,104823.413
65.67,500,443,104820.757
65.67,500,444,104818.239
65.67,500,445,104816.013
65.67,500,446,104813.754
65.67,500,447,104811.765
65.67,500,448,104809.759
65.67,500,449,104807.19
65.67,500,450,104804.276
65.67,500,451,104801.234
65.67,500,452,104798.476
65.67,500,453,104795.626
65.67,500,454,104793.52
65.67,500,455,104790.865
65.67,500,456,104788.193
65.67,500,457,104785.289
65.67,500,458,104782.887
65.67,500,459,104780.857
65.67,500,460,104778.576
65.67,500,461,104776.493
65.67,500,462,104773.712
65.67,500,463,104771.354
65.67,500,464,104769.019
65.67,500,465,104766.757
65.67,500,466,104764.56
65.67,500,467,104762.594
65.67,500,468,104759.373
65.67,500,469,104757.159
65.67,500,470,104755.156
65.67,500,471,104752.731
65.67,500,472,104750.469
65.67,500,473,104748.745
65.67,500,474,104747.117
65.67,500,475,104744.803
65.67,500,476,104742.144
65.67,500,477,104740.146
65.67,500,478,104738.229
65.67,500,479,104736.413
65.67,500,480,104734.354
65.67,500,481,104732.451
65.67,500,482,104730.672
65.67,500,483,104728.765
65.67,500,484,104726.389
65.67,500,485,104724.458
65.67,500,486,104722.298
65.67,500,487,104720.297
65.67,500,488,104718.654
65.67,500,489,104716.492
65.67,500,490,104714.446
65.67,500,491,104712.083
65.67,500,492,104709.752
65.67,500,493,104708.153
65.67,500,494,104706.518
65.67,500,495,104704.602
65.67,500,496,104702.465
65.67,500,497,104700.186
65.67,500,498,104698.382
65.67,500,499,104696.213
81.28,10,0,104164.782
81.28,10,1,128656.031
81.28,10,2,113849.143
81.28,10,3,106948.409
81.28,10,4,102475.479
81.28,10,5,99266.472
81.28,10,6,96861.646
81.28,10,7,95018.953
81.28,10,8,93475.879
81.28,10,9,92134.055
81.28,20,0,104164.782
81.28,20,1,153791.604
81.28,20,2,127152.091
81.28,20,3,117215.821
81.28,20,4,111349.721
81.28,20,5,107371.191
81.28,20,6,104347.281
81.28,20,7,102066.598
81.28,20,8,100269.471
81.28,20,9,98728.19
81.28,20,10,97338.781
81.28,20,11,96173.675
81.28,20,12,95145.994
81.28,20,13,94342.821
81.28,20,14,93650.997
81.28,20,15,93061.435
81.28,20,16,92529.031
81.28,20,17,92095.609
81.28,20,18,91690.584
81.28,20,19,91333.514
81.28,50,0,104164.782
81.28,50,1,172553.758
81.28,50,2,170617.771
81.28,50,3,144978.265
81.28,50,4,131274.141
81.28,50,5,124072.627
81.28,50,6,119179.138
81.28,50,7,115432.089
81.28,50,8,112606.821
81.28,50,9,110328.256
81.28,50,10,108467.85
81.28,50,11,106890.438
81.28,50,12,105574.274
81.28,50,13,104383.573
81.28,50,14,103396.235
81.28,50,15,102579.627
81.28,50,16,101830.808
81.28,50,17,101193.668
81.28,50,18,100606.669
81.28,50,19,100099.511
81.28,50,20,99626.441
81.28,50,21,99201.486
81.28,50,22,98813.702
81.28,50,23,98438.515
81.28,50,24,98122.562
81.28,50,25,97832.305
81.28,50,26,97554.237
81.28,50,27,97317.927
81.28,50,28,97065.982
81.28,50,29,96847.206
81.28,50,30,96650.028
81.28,50,31,96468.316
81.28,50,32,96280.462
81.28,50,33,96127.284
81.28,50,34,95981.06
81.28,50,35,95853.032
81.28,50,36,95712.526
81.28,50,37,95586.215
81.28,50,38,95486.271
81.28,50,39,95372.29
81.28,50,40,95268.746
81.28,50,41,95168.924
81.28,50,42,95078.852
81.28,50,43,94989.055
81.28,50,44,94907.491
81.28,50,45,94831.654
81.28,50,46,94758.239
81.28,50,47,94677.209
81.28,50,48,94588.432
81.28,50,49,94516.57
81.28,100,0,104164.782
81.28,100,1,172553.758
81.28,100,2,177528.245
81.28,100,3,180205.157
81.28,100,4,177993.454
81.28,100,5,160101.025
81.28,100,6,144889.139
81.28,100,7,135825.444
81.28,100,8,129916.183
81.28,100,9,125629.646
81.28,100,10,122379.147
81.28,100,11,119757.431
81.28,100,12,117645.33
81.28,100,13,115739.926
81.28,100,14,114234.074
81.28,100,15,112891.036
81.28,100,16,111775.682
81.28,100,17,110794.218
81.28,100,18,109937.533
81.28,100,19,109155.03
81.28,100,20,108473.799
81.28,100,21,107860.543
81.28,100,22,107303.907
81.28,100,23,106774.024
81.28,100,24,106296.961
81.28,100,25,105870.721
81.28,100,26,105472.95
81.28,100,27,105119.782
81.28,100,28,104772.198
81.28,100,29,104453.053
81.28,100,30,104156.899
81.28,100,31,103902.05
81.28,100,32,103634.675
81.28,100,33,103391.695
81.28,100,34,103173.614
81.28,100,35,102973.224
81.28,100,36,102771.74
81.28,100,37,102589.67
81.28,100,38,102422.304
81.28,100,39,102251.027
81.28,100,40,102095.248
81.28,100,41,101948.084
81.28,100,42,101813.507
81.28,100,43,101676.577
81.28,100,44,101547.893
81.28,100,45,101427.919
81.28,100,46,101304.761
81.28,100,47,101185.122
81.28,100,48,101072.347
81.28,100,49,100965.465
81.28,100,50,100865.149
81.28,100,51,100769.763
81.28,100,52,100679.327
81.28,100,53,100598.212
81.28,100,54,100505.76
81.28,100,55,100421.493
81.28,100,56,100353.497
81.28,100,57,100284.921
81.28,100,58,100219.333
81.28,100,59,100150.555
81.28,100,60,100082.414
81.28,100,61,100023.651
81.28,100,62,99958.691
81.28,100,63,99903.583
81.28,100,64,99844.903
81.28,100,65,99791.567
81.28,100,66,99744.478
81.28,100,67,99695.126
81.28,100,68,99649.004
81.28,100,69,99602.976
81.28,100,70,99550.796
81.28,100,71,99503.559
81.28,100,72,99458.07
81.28,100,73,99418.789
81.28,100,74,99383.655
81.28,100,75,99345.904
81.28,100,76,99308.238
81.28,100,77,99270.811
81.28,100,78,99233.125
81.28,100,79,99200.248
81.28,100,80,99162.962
81.28,100,81,99133.498
81.28,100,82,99097.406
81.28,100,83,99069.296
81.28,100,84,99037.24
81.28,100,85,99012.225
81.28,100,86,98984.5
81.28,100,87,98961.16
81.28,100,88,98936.706
81.28,100,89,98910.529
81.28,100,90,98886.247
81.28,100,91,98856.35
81.28,100,92,98829.919
81.28,100,93,98804.897
81.28,100,94,98780.337
81.28,100,95,98754.422
81.28,100,96,98729.285
81.28,100,97,98703.451
81.28,100,98,98682.779
81.28,100,99,98659.244
81.28,200,0,104164.782
81.28,200,1,172553.758
81.28,200,2,177528.245
81.28,200,3,180205.157
81.28,200,4,182607.922
81.28,200,5,184815.207
81.28,200,6,185830.259
81.28,200,7,186664.645
81.28,200,8,185750.458
81.28,200,9,178055.131
81.28,200,10,165232.869
81.28,200,11,154764.096
81.28,200,12,146970.404
81.28,200,13,141243.777
81.28,200,14,136590.557
81.28,200,15,133147.634
81.28,200,16,130363.47
81.28,200,17,127928.139
81.28,200,18,126042.822
81.28,200,19,124433.508
81.28,200,20,122982.531
81.28,200,21,121739.443
81.28,200,22,120628.518
81.28,200,23,119590.256
81.28,200,24,118649.707
81.28,200,25,117861.625
81.28,200,26,117125.509
81.28,200,27,116477.609
81.28,200,28,115880.332
81.28,200,29,115323.634
81.28,200,30,114791.527
81.28,200,31,114319.09
81.28,200,32,113866.008
81.28,200,33,113350.936
81.28,200,34,112955.039
81.28,200,35,112584.186
81.28,200,36,112237.317
81.28,200,37,111927.26
81.28,200,38,111638.065
81.28,200,39,111358.207
81.28,200,40,111078.291
81.28,200,41,110842.43
81.28,200,42,110602.088
81.28,200,43,110373.951
81.28,200,44,110149.639
81.28,200,45,109948.206
81.28,200,46,109763.39
81.28,200,47,109572.877
81.28,200,48,109388.393
81.28,200,49,109217.686
81.28,200,50,109051.307
81.28,200,51,108893.622
81.28,200,52,108735.851
81.28,200,53,108592.463
81.28,200,54,108447.237
81.28,200,55,108311.309
81.28,200,56,108185.095
81.28,200,57,108068.305
81.28,200,58,107949.767
81.28,200,59,107833.893
81.28,200,60,107725.044
81.28,200,61,107614.331
81.28,200,62,107517.999
81.28,200,63,107423.354
81.28,200,64,107326.066
81.28,200,65,107233.411
81.28,200,66,107145.953
81.28,200,67,107060.793
81.28,200,68,106979.341
81.28,200,69,106897.5
81.28,200,70,106816.727
81.28,200,71,106742.794
81.28,200,72,106668.615
81.28,200,73,106595.931
81.28,200,74,106534.016
81.28,200,75,106468.162
81.28,200,76,106402.168
81.28,200,77,106342.566
81.28,200,78,106279.224
81.28,200,79,106218.42
81.28,200,80,106160.339
81.28,200,81,106108.75
81.28,200,82,106052.234
81.28,200,83,105998.619
81.28,200,84,105947.063
81.28,200,85,105898.133
81.28,200,86,105850.858
81.28,200,87,105804.032
81.28,200,88,105760.4
81.28,200,89,105712.616
81.28,200,90,105667.482
81.28,200,91,105619.303
81.28,200,92,105575.527
81.28,200,93,105534.235
81.28,200,94,105493.416
81.28,200,95,105454.571
81.28,200,96,105418.617
81.28,200,97,105378.772
81.28,200,98,105343.347
81.28,200,99,105306.47
81.28,200,100,105271.801
81.28,200,101,105238.24
81.28,200,102,105205.801
81.28,200,103,105172.202
81.28,200,104,105135.882
81.28,200,105,105103.671
81.28,200,106,105072.847
81.28,200,107,105043.363
81.28,200,108,105010.854
81.28,200,109,104980.047
81.28,200,110,104951.493
81.28,200,111,104919.289
81.28,200,112,104890.608
81.28,200,113,104864.378
81.28,200,114,104839.801
81.28,200,115,104815.4
81.28,200,116,104789.873
81.28,200,117,104766.228
81.28,200,118,104741.435
81.28,200,119,104718.082
81.28,200,120,104694.739
81.28,200,121,104670.557
81.28,200,122,104650.299
81.28,200,123,104626.625
81.28,200,124,104605.246
81.28,200,125,104583.167
81.28,200,126,104564.008
81.28,200,127,104542.712
81.28,200,128,104523.133
81.28,200,129,104501.513
81.28,200,130,104479.813
81.28,200,131,104459.509
81.28,200,132,104439.8
81.28,200,133,104419.9
81.28,200,134,104403.383
81.28,200,135,104383.223
81.28,200,136,104363.167
81.28,200,137,104345.377
81.28,200,138,104324.386
81.28,200,139,104307.955
81.28,200,140,104289.492
81.28,200,141,104272.466
81.28,200,142,104254.236
81.28,200,143,104239.46
81.28,200,144,104224.987
81.28,200,145,104212.078
81.28,200,146,104198.644
81.28,200,147,104182.495
81.28,200,148,104168.51
81.28,200,149,104156.021
81.28,200,150,104140.181
81.28,200,151,104125.262
81.28,200,152,104111.311
81.28,200,153,104096.146
81.28,200,154,104080.398
81.28,200,155,104064.905
81.28,200,156,104051.021
81.28,200,157,104038.813
81.28,200,158,104023.506
81.28,200,159,104010.063
81.28,200,160,103995.41
81.28,200,161,103982.123
81.28,200,162,103969.338
81.28,200,163,103957.151
81.28,200,164,103942.932
81.28,200,165,103930.758
81.28,200,166,103919.237
81.28,200,167,103906.975
81.28,200,168,103895.172
81.28,200,169,103884.818
81.28,200,170,103873.442
81.28,200,171,103863.521
81.28,200,172,103851.629
81.28,200,173,103843.076
81.28,200,174,103832.571
81.28,200,175,103821.681
81.28,200,176,103812.082
81.28,200,177,103801.158
81.28,200,178,103790.532
81.28,200,179,103779.769
81.28,200,180,103770.096
81.28,200,181,103761.771
81.28,200,182,103751.864
81.28,200,183,103742.629
81.28,200,184,103732.793
81.28,200,185,103723.671
81.28,200,186,103715.133
81.28,200,187,103707.493
81.28,200,188,103699.21
81.28,200,189,103692.181
81.28,200,190,103684.398
81.28,200,191,103677.317
81.28,200,192,103668.037
81.28,200,193,103660.288
81.28,200,194,103653.188
81.28,200,195,103643.983
81.28,200,196,103636.092
81.28,200,197,103628.227
81.28,200,198,103620.557
81.28,200,199,103612.332
81.28,500,0,104164.782
81.28,500,1,172553.758
81.28,500,2,177528.245
81.28,500,3,180205.157
81.28,500,4,182607.922
81.28,500,5,184815.207
81.28,500,6,185830.259
81.28,500,7,186756.108
81.28,500,8,187686.605
81.28,500,9,188729.54
81.28,500,10,189571.213
81.28,500,11,190352.001
81.28,500,12,190801.828
81.28,500,13,191588.273
81.28,500,14,192397.07
81.28,500,15,193139.453
81.28,500,16,193712.19
81.28,500,17,194279.585
81.28,500,18,194804.374
81.28,500,19,195299.525
81.28,500,20,195511.161
81.28,500,21,195078.84
81.28,500,22,193378.172
81.28,500,23,190014.78
81.28,500,24,185038.491
81.28,500,25,179216.892
81.28,500,26,173718.066
81.28,500,27,168705.5
81.28,500,28,164498.892
81.28,500,29,160586.859
81.28,500,30,157135.944
81.28,500,31,153758.564
81.28,500,32,150935.924
81.28,500,33,148426.241
81.28,500,34,146218.445
81.28,500,35,144374.362
81.28,500,36,142716.336
81.28,500,37,141062.96
81.28,500,38,139644.573
81.28,500,39,138107.679
81.28,500,40,136833.147
81.28,500,41,135613.351
81.28,500,42,134576.983
81.28,500,43,133670.996
81.28,500,44,132753.506
81.28,500,45,131925.56
81.28,500,46,131176.176
81.28,500,47,130480.306
81.28,500,48,129844.649
81.28,500,49,129223.391
81.28,500,50,128729.919
81.28,500,51,128171.563
81.28,500,52,127607.7
81.28,500,53,127107.939
81.28,500,54,126654.386
81.28,500,55,126173.569
81.28,500,56,125720.556
81.28,500,57,125268.582
81.28,500,58,124889.341
81.28,500,59,124511.725
81.28,500,60,124172.402
81.28,500,61,123857.526
81.28,500,62,123531.218
81.28,500,63,123248.829
81.28,500,64,122935.0
81.28,500,65,122652.498
81.28,500,66,122392.639
81.28,500,67,122146.77
81.28,500,68,121911.458
81.28,500,69,121684.681
81.28,500,70,121461.247
81.28,500,71,121256.856
81.28,500,72,121054.535
81.28,500,73,120866.54
81.28,500,74,120686.204
81.28,500,75,120509.25
81.28,500,76,120340.899
81.28,500,77,120175.484
81.28,500,78,120017.252
81.28,500,79,119860.781
81.28,500,80,119708.999
81.28,500,81,119564.195
81.28,500,82,119422.07
81.28,500,83,119252.929
81.28,500,84,119118.715
81.28,500,85,118987.847
81.28,500,86,118864.145
81.28,500,87,118737.263
81.28,500,88,118605.822
81.28,500,89,118477.104
81.28,500,90,118356.58
81.28,500,91,118238.682
81.28,500,92,118125.198
81.28,500,93,118018.21
81.28,500,94,117911.896
81.28,500,95,117811.217
81.28,500,96,117710.653
81.28,500,97,117611.811
81.28,500,98,117527.301
81.28,500,99,117436.362
81.28,500,100,117353.118
81.28,500,101,117262.651
81.28,500,102,117177.848
81.28,500,103,117095.77
81.28,500,104,117015.141
81.28,500,105,116931.772
81.28,500,106,116851.336
81.28,500,107,116775.249
81.28,500,108,116701.708
81.28,500,109,116628.28
81.28,500,110,116558.213
81.28,500,111,116488.651
81.28,500,112,116418.848
81.28,500,113,116349.397
81.28,500,114,116284.793
81.28,500,115,116219.284
81.28,500,116,116152.321
81.28,500,117,116085.72
81.28,500,118,116023.203
81.28,500,119,115962.53
81.28,500,120,115900.358
81.28,500,121,115841.21
81.28,500,122,115782.782
81.28,500,123,115722.968
81.28,500,124,115668.05
81.28,500,125,115616.168
81.28,500,126,115560.116
81.28,500,127,115507.702
81.28,500,128,115456.704
81.28,500,129,115405.403
81.28,500,130,115354.254
81.28,500,131,115304.344
81.28,500,132,115256.433
81.28,500,133,115207.75
81.28,500,134,115162.012
81.28,500,135,115111.409
81.28,500,136,115065.416
81.28,500,137,115019.846
81.28,500,138,114975.421
81.28,500,139,114934.225
81.28,500,140,114888.219
81.28,500,141,114838.264
81.28,500,142,114796.467
81.28,500,143,114751.201
81.28,500,144,114711.626
81.28,500,145,114672.792
81.28,500,146,114634.091
81.28,500,147,114594.566
81.28,500,148,114560.014
81.28,500,149,114523.313
81.28,500,150,114489.843
81.28,500,151,114453.081
81.28,500,152,114415.7
81.28,500,153,114382.607
81.28,500,154,114347.315
81.28,500,155,114310.407
81.28,500,156,114275.565
81.28,500,157,114244.472
81.28,500,158,114210.186
81.28,500,159,114180.339
81.28,500,160,114148.363
81.28,500,161,114116.813
81.28,500,162,114087.623
81.28,500,163,114057.793
81.28,500,164,114027.725
81.28,500,165,113998.173
81.28,500,166,113969.868
81.28,500,167,113939.257
81.28,500,168,113911.845
81.28,500,169,113885.39
81.28,500,170,113858.317
81.28,500,171,113831.735
81.28,500,172,113805.195
81.28,500,173,113780.066
81.28,500,174,113754.572
81.28,500,175,113729.484
81.28,500,176,113705.452
81.28,500,177,113678.554
81.28,500,178,113654.621
81.28,500,179,113629.547
81.28,500,180,113606.568
81.28,500,181,113585.283
81.28,500,182,113561.597
81.28,500,183,113541.571
81.28,500,184,113519.016
81.28,500,185,113496.337
81.28,500,186,113476.226
81.28,500,187,113454.612
81.28,500,188,113433.422
81.28,500,189,113413.797
81.28,500,190,113394.084
81.28,500,191,113374.551
81.28,500,192,113354.079
81.28,500,193,113334.132
81.28,500,194,113315.777
81.28,500,195,113295.119
81.28,500,196,113275.381
81.28,500,197,113255.605
81.28,500,198,113236.946
81.28,500,199,113217.173
81.28,500,200,113197.634
81.28,500,201,113180.172
81.28,500,202,113162.376
81.28,500,203,113145.525
81.28,500,204,113129.138
81.28,500,205,113112.205
81.28,500,206,113093.996
81.28,500,207,113076.127
81.28,500,208,113060.526
81.28,500,209,113044.953
81.28,500,210,113028.212
81.28,500,211,113011.27
81.28,500,212,112995.545
81.28,500,213,112980.426
81.28,500,214,112965.042
81.28,500,215,112949.81
81.28,500,216,112935.664
81.28,500,217,112919.804
81.28,500,218,112905.679
81.28,500,219,112891.671
81.28,500,220,112876.057
81.28,500,221,112859.85
81.28,500,222,112845.073
81.28,500,223,112830.378
81.28,500,224,112815.572
81.28,500,225,112800.387
81.28,500,226,112786.519
81.28,500,227,112773.572
81.28,500,228,112759.704
81.28,500,229,112746.93
81.28,500,230,112734.35
81.28,500,231,112721.286
81.28,500,232,112707.788
81.28,500,233,112696.239
81.28,500,234,112683.217
81.28,500,235,112669.392
81.28,500,236,112657.288
81.28,500,237,112644.929
81.28,500,238,112633.476
81.28,500,239,112621.758
81.28,500,240,112609.468
81.28,500,241,112599.337
81.28,500,242,112588.063
81.28,500,243,112577.126
81.28,500,244,112564.95
81.28,500,245,112552.894
81.28,500,246,112541.368
81.28,500,247,112529.13
81.28,500,248,112517.939
81.28,500,249,112507.128
81.28,500,250,112494.929
81.28,500,251,112484.559
81.28,500,252,112472.717
81.28,500,253,112460.998
81.28,500,254,112449.937
81.28,500,255,112439.211
81.28,500,256,112429.226
81.28,500,257,112418.249
81.28,500,258,112407.161
81.28,500,259,112396.495
81.28,500,260,112387.154
81.28,500,261,112375.981
81.28,500,262,112366.364
81.28,500,263,112356.467
81.28,500,264,112346.624
81.28,500,265,112338.467
81.28,500,266,112328.998
81.28,500,267,112320.287
81.28,500,268,112310.611
81.28,500,269,112302.336
81.28,500,270,112293.787
81.28,500,271,112284.19
81.28,500,272,112274.307
81.28,500,273,112265.082
81.28,500,274,112256.49
81.28,500,275,112248.59
81.28,500,276,112239.984
81.28,500,277,112229.894
81.28,500,278,112219.93
81.28,500,279,112209.497
81.28,500,280,112200.608
81.28,500,281,112193.209
81.28,500,282,112185.54
81.28,500,283,112177.276
81.28,500,284,112168.272
81.28,500,285,112160.743
81.28,500,286,112151.389
81.28,500,287,112143.955
81.28,500,288,112134.972
81.28,500,289,112126.881
81.28,500,290,112118.896
81.28,500,291,112110.971
81.28,500,292,112102.462
81.28,500,293,112094.498
81.28,500,294,112086.815
81.28,500,295,112078.995
81.28,500,296,112070.985
81.28,500,297,112062.926
81.28,500,298,112055.943
81.28,500,299,112048.399
81.28,500,300,112040.747
81.28,500,301,112033.824
81.28,500,302,112026.1
81.28,500,303,112018.619
81.28,500,304,112011.393
81.28,500,305,112003.975
81.28,500,306,111996.704
81.28,500,307,111990.042
81.28,500,308,111983.109
81.28,500,309,111976.258
81.28,500,310,111968.964
81.28,500,311,111962.425
81.28,500,312,111955.319
81.28,500,313,111947.903
81.28,500,314,111941.355
81.28,500,315,111934.244
81.28,500,316,111927.312
81.28,500,317,111921.067
81.28,500,318,111915.707
81.28,500,319,111909.501
81.28,500,320,111903.555
81.28,500,321,111896.867
81.28,500,322,111892.219
81.28,500,323,111886.353
81.28,500,324,111880.32
81.28,500,325,111875.049
81.28,500,326,111869.383
81.28,500,327,111862.849
81.28,500,328,111857.179
81.28,500,329,111851.117
81.28,500,330,111845.394
81.28,500,331,111840.507
81.28,500,332,111834.572
81.28,500,333,111828.881
81.28,500,334,111822.252
81.28,500,335,111816.013
81.28,500,336,111809.333
81.28,500,337,111803.364
81.28,500,338,111798.251
81.28,500,339,111792.5
81.28,500,340,111785.663
81.28,500,341,111780.058
81.28,500,342,111774.371
81.28,500,343,111768.798
81.28,500,344,111763.386
81.28,500,345,111757.993
81.28,500,346,111752.766
81.28,500,347,111746.606
81.28,500,348,111741.667
81.28,500,349,111737.25
81.28,500,350,111732.213
81.28,500,351,111727.029
81.28,500,352,111721.529
81.28,500,353,111715.453
81.28,500,354,111709.404
81.28,500,355,111704.688
81.28,500,356,111700.716
81.28,500,357,111696.452
81.28,500,358,111691.851
81.28,500,359,111687.288
81.28,500,360,111682.949
81.28,500,361,111678.501
81.28,500,362,111673.315
81.28,500,363,111667.882
81.28,500,364,111663.791
81.28,500,365,111658.464
81.28,500,366,111654.072
81.28,500,367,111650.083
81.28,500,368,111645.249
81.28,500,369,111640.148
81.28,500,370,111634.84
81.28,500,371,111630.234
81.28,500,372,111625.354
81.28,500,373,111621.247
81.28,500,374,111617.485
81.28,500,375,111613.41
81.28,500,376,111609.503
81.28,500,377,111605.083
81.28,500,378,111601.131
81.28,500,379,111597.12
81.28,500,380,111592.189
81.28,500,381,111588.104
81.28,500,382,111584.121
81.28,500,383,111579.659
81.28,500,384,111575.897
81.28,500,385,111571.863
81.28,500,386,111568.045
81.28,500,387,111563.374
81.28,500,388,111559.336
81.28,500,389,111555.559
81.28,500,390,111552.664
81.28,500,391,111549.039
81.28,500,392,111545.169
81.28,500,393,111540.6
81.28,500,394,111536.826
81.28,500,395,111532.897
81.28,500,396,111529.151
81.28,500,397,111526.067
81.28,500,398,111522.853
81.28,500,399,111518.951
81.28,500,400,111515.872
81.28,500,401,111511.811
81.28,500,402,111507.812
81.28,500,403,111503.872
81.28,500,404,111500.02
81.28,500,405,111496.268
81.28,500,406,111492.762
81.28,500,407,111488.967
81.28,500,408,111485.026
81.28,500,409,111480.829
81.28,500,410,111476.862
81.28,500,411,111472.717
81.28,500,412,111469.381
81.28,500,413,111465.919
81.28,500,414,111462.586
81.28,500,415,111458.848
81.28,500,416,111456.105
81.28,500,417,111453.477
81.28,500,418,111450.274
81.28,500,419,111446.803
81.28,500,420,111443.775
81.28,500,421,111439.934
81.28,500,422,111436.536
81.28,500,423,111433.521
81.28,500,424,111430.517
81.28,500,425,111427.564
81.28,500,426,111424.274
81.28,500,427,111421.788
81.28,500,428,111418.465
81.28,500,429,111415.751
81.28,500,430,111412.941
81.28,500,431,111410.383
81.28,500,432,111407.319
81.28,500,433,111404.587
81.28,500,434,111402.168
81.28,500,435,111399.63
81.28,500,436,111397.263
81.28,500,437,111395.06
81.28,500,438,111391.906
81.28,500,439,111389.064
81.28,500,440,111386.538
81.28,500,441,111383.544
81.28,500,442,111380.496
81.28,500,443,111377.907
81.28,500,444,111374.621
81.28,500,445,111371.745
81.28,500,446,111369.084
81.28,500,447,111366.501
81.28,500,448,111363.974
81.28,500,449,111361.126
81.28,500,450,111358.733
81.28,500,451,111356.131
81.28,500,452,111354.066
81.28,500,453,111351.885
81.28,500,454,111348.975
81.28,500,455,111346.225
81.28,500,456,111344.028
81.28,500,457,111341.626
81.28,500,458,111339.627
81.28,500,459,111337.213
81.28,500,460,111334.28
81.28,500,461,111331.888
81.28,500,462,111329.035
81.28,500,463,111326.122
81.28,500,464,111323.35
81.28,500,465,111320.839
81.28,500,466,111317.952
81.28,500,467,111315.105
81.28,500,468,111312.724
81.28,500,469,111310.344
81.28,500,470,111307.618
81.28,500,471,111305.628
81.28,500,472,111303.14
81.28,500,473,111300.779
81.28,500,474,111298.171
81.28,500,475,111296.393
81.28,500,476,111294.584
81.28,500,477,111292.129
81.28,500,478,111289.153
81.28,500,479,111286.93
81.28,500,480,111284.327
81.28,500,481,111282.601
81.28,500,482,111280.177
81.28,500,483,111277.959
81.28,500,484,111275.098
81.28,500,485,111273.168
81.28,500,486,111270.967
81.28,500,487,111268.561
81.28,500,488,111266.437
81.28,500,489,111264.79
81.28,500,490,111262.367
81.28,500,491,111259.978
81.28,500,492,111257.275
81.28,500,493,111255.043
81.28,500,494,111253.014
81.28,500,495,111251.01
81.28,500,496,111248.434
81.28,500,497,111246.132
81.28,500,498,111243.586
81.28,500,499,111241.279
95.76,10,0,112441.658
95.76,10,1,137389.305
95.76,10,2,122551.385
95.76,10,3,115676.781
95.76,10,4,111325.241
95.76,10,5,108196.753
95.76,10,6,105702.083
95.76,10,7,103736.786
95.76,10,8,102086.178
95.76,10,9,100755.847
95.76,20,0,112441.658
95.76,20,1,162528.768
95.76,20,2,135933.866
95.76,20,3,125918.958
95.76,20,4,120273.98
95.76,20,5,116240.119
95.76,20,6,113320.089
95.76,20,7,110994.561
95.76,20,8,109059.373
95.76,20,9,107498.179
95.76,20,10,106101.953
95.76,20,11,104968.45
95.76,20,12,103965.78
95.76,20,13,103084.723
95.76,20,14,102341.149
95.76,20,15,101639.032
95.76,20,16,101043.474
95.76,20,17,100490.46
95.76,20,18,99972.453
95.76,20,19,99539.631
95.76,50,0,112441.658
95.76,50,1,182053.981
95.76,50,2,180277.198
95.76,50,3,154285.081
95.76,50,4,140509.384
95.76,50,5,132809.055
95.76,50,6,128005.364
95.76,50,7,124456.785
95.76,50,8,121587.031
95.76,50,9,119331.064
95.76,50,10,117390.034
95.76,50,11,115829.312
95.76,50,12,114457.336
95.76,50,13,113277.639
95.76,50,14,112253.129
95.76,50,15,111338.88
95.76,50,16,110530.104
95.76,50,17,109820.245
95.76,50,18,109152.304
95.76,50,19,108527.506
95.76,50,20,107989.406
95.76,50,21,107517.38
95.76,50,22,107088.241
95.76,50,23,106685.463
95.76,50,24,106323.787
95.76,50,25,105979.087
95.76,50,26,105685.938
95.76,50,27,105388.513
95.76,50,28,105116.993
95.76,50,29,104856.004
95.76,50,30,104600.05
95.76,50,31,104386.808
95.76,50,32,104191.451
95.76,50,33,104008.547
95.76,50,34,103842.858
95.76,50,35,103674.098
95.76,50,36,103499.116
95.76,50,37,103358.578
95.76,50,38,103216.559
95.76,50,39,103075.929
95.76,50,40,102934.342
95.76,50,41,102813.84
95.76,50,42,102699.224
95.76,50,43,102592.059
95.76,50,44,102491.821
95.76,50,45,102395.309
95.76,50,46,102300.244
95.76,50,47,102208.677
95.76,50,48,102124.243
95.76,50,49,102049.182
95.76,100,0,112441.658
95.76,100,1,182053.981
95.76,100,2,187859.608
95.76,100,3,190836.376
95.76,100,4,188681.154
95.76,100,5,169526.99
95.76,100,6,154214.164
95.76,100,7,145491.843
95.76,100,8,139107.363
95.76,100,9,134721.003
95.76,100,10,131369.879
95.76,100,11,128695.581
95.76,100,12,126503.402
95.76,100,13,124691.428
95.76,100,14,123139.365
95.76,100,15,121781.888
95.76,100,16,120598.734
95.76,100,17,119519.002
95.76,100,18,118560.564
95.76,100,19,117715.65
95.76,100,20,116959.698
95.76,100,21,116285.874
95.76,100,22,115665.006
95.76,100,23,115090.776
95.76,100,24,114585.552
95.76,100,25,114119.233
95.76,100,26,113699.314
95.76,100,27,113300.772
95.76,100,28,112936.745
95.76,100,29,112580.801
95.76,100,30,112247.517
95.76,100,31,111940.549
95.76,100,32,111649.977
95.76,100,33,111377.55
95.76,100,34,111128.705
95.76,100,35,110893.28
95.76,100,36,110658.24
95.76,100,37,110452.398
95.76,100,38,110249.028
95.76,100,39,110059.645
95.76,100,40,109879.396
95.76,100,41,109719.594
95.76,100,42,109578.845
95.76,100,43,109409.038
95.76,100,44,109272.882
95.76,100,45,109134.954
95.76,100,46,109005.864
95.76,100,47,108868.589
95.76,100,48,108747.614
95.76,100,49,108634.401
95.76,100,50,108524.092
95.76,100,51,108422.17
95.76,100,52,108331.313
95.76,100,53,108241.001
95.76,100,54,108147.007
95.76,100,55,108053.812
95.76,100,56,107967.956
95.76,100,57,107884.544
95.76,100,58,107796.714
95.76,100,59,107713.062
95.76,100,60,107629.727
95.76,100,61,107553.447
95.76,100,62,107477.069
95.76,100,63,107400.632
95.76,100,64,107336.427
95.76,100,65,107273.806
95.76,100,66,107206.63
95.76,100,67,107146.356
95.76,100,68,107092.379
95.76,100,69,107040.81
95.76,100,70,106983.106
95.76,100,71,106933.189
95.76,100,72,106877.428
95.76,100,73,106827.475
95.76,100,74,106769.702
95.76,100,75,106719.571
95.76,100,76,106666.644
95.76,100,77,106622.749
95.76,100,78,106581.864
95.76,100,79,106538.311
95.76,100,80,106495.923
95.76,100,81,106456.301
95.76,100,82,106419.951
95.76,100,83,106384.669
95.76,100,84,106346.293
95.76,100,85,106309.309
95.76,100,86,106273.362
95.76,100,87,106240.344
95.76,100,88,106206.202
95.76,100,89,106173.485
95.76,100,90,106143.474
95.76,100,91,106112.113
95.76,100,92,106080.618
95.76,100,93,106056.083
95.76,100,94,106028.576
95.76,100,95,106001.157
95.76,100,96,105971.353
95.76,100,97,105944.652
95.76,100,98,105919.927
95.76,100,99,105894.279
95.76,200,0,112441.658
95.76,200,1,182053.981
95.76,200,2,187859.608
95.76,200,3,190836.376
95.76,200,4,193008.212
95.76,200,5,194574.59
95.76,200,6,196031.848
95.76,200,7,197271.551
95.76,200,8,196601.858
95.76,200,9,187974.375
95.76,200,10,175330.959
95.76,200,11,164275.477
95.76,200,12,155986.564
95.76,200,13,150001.533
95.76,200,14,145552.631
95.76,200,15,142220.284
95.76,200,16,139455.121
95.76,200,17,137121.807
95.76,200,18,135134.733
95.76,200,19,133290.834
95.76,200,20,131694.81
95.76,200,21,130403.967
95.76,200,22,129179.5
95.76,200,23,128020.435
95.76,200,24,127086.959
95.76,200,25,126197.434
95.76,200,26,125420.502
95.76,200,27,124656.925
95.76,200,28,124015.853
95.76,200,29,123426.581
95.76,200,30,122885.12
95.76,200,31,122369.236
95.76,200,32,121895.685
95.76,200,33,121450.592
95.76,200,34,121057.473
95.76,200,35,120692.457
95.76,200,36,120325.11
95.76,200,37,119984.831
95.76,200,38,119666.922
95.76,200,39,119369.983
95.76,200,40,119072.408
95.76,200,41,118802.067
95.76,200,42,118546.462
95.76,200,43,118296.573
95.76,200,44,118070.399
95.76,200,45,117843.256
95.76,200,46,117628.971
95.76,200,47,117416.303
95.76,200,48,117214.973
95.76,200,49,117033.448
95.76,200,50,116855.382
95.76,200,51,116682.658
95.76,200,52,116520.332
95.76,200,53,116378.575
95.76,200,54,116224.062
95.76,200,55,116080.755
95.76,200,56,115935.631
95.76,200,57,115802.384
95.76,200,58,115666.017
95.76,200,59,115531.545
95.76,200,60,115407.886
95.76,200,61,115296.403
95.76,200,62,115181.152
95.76,200,63,115067.371
95.76,200,64,114966.157
95.76,200,65,114860.833
95.76,200,66,114761.178
95.76,200,67,114663.136
95.76,200,68,114567.449
95.76,200,69,114478.462
95.76,200,70,114392.204
95.76,200,71,114308.521
95.76,200,72,114226.498
95.76,200,73,114146.526
95.76,200,74,114064.526
95.76,200,75,113985.232
95.76,200,76,113913.088
95.76,200,77,113842.634
95.76,200,78,113769.746
95.76,200,79,113701.354
95.76,200,80,113634.077
95.76,200,81,113570.117
95.76,200,82,113502.456
95.76,200,83,113442.129
95.76,200,84,113382.874
95.76,200,85,113325.719
95.76,200,86,113267.566
95.76,200,87,113216.286
95.76,200,88,113165.144
95.76,200,89,113110.853
95.76,200,90,113061.071
95.76,200,91,113012.742
95.76,200,92,112964.931
95.76,200,93,112920.234
95.76,200,94,112876.954
95.76,200,95,112831.686
95.76,200,96,112786.482
95.76,200,97,112747.091
95.76,200,98,112703.037
95.76,200,99,112657.833
95.76,200,100,112615.626
95.76,200,101,112572.932
95.76,200,102,112532.817
95.76,200,103,112496.41
95.76,200,104,112458.237
95.76,200,105,112420.875
95.76,200,106,112383.766
95.76,200,107,112347.716
95.76,200,108,112311.899
95.76,200,109,112277.026
95.76,200,110,112247.994
95.76,200,111,112216.965
95.76,200,112,112183.946
95.76,200,113,112154.496
95.76,200,114,112126.655
95.76,200,115,112097.079
95.76,200,116,112069.98
95.76,200,117,112044.112
95.76,200,118,112016.29
95.76,200,119,111988.009
95.76,200,120,111961.954
95.76,200,121,111935.224
95.76,200,122,111908.089
95.76,200,123,111883.509
95.76,200,124,111859.359
95.76,200,125,111834.853
95.76,200,126,111811.027
95.76,200,127,111789.469
95.76,200,128,111764.237
95.76,200,129,111740.694
95.76,200,130,111716.261
95.76,200,131,111692.873
95.76,200,132,111667.896
95.76,200,133,111644.347
95.76,200,134,111622.586
95.76,200,135,111601.752
95.76,200,136,111583.178
95.76,200,137,111565.068
95.76,200,138,111546.279
95.76,200,139,111524.016
95.76,200,140,111502.872
95.76,200,141,111485.02
95.76,200,142,111466.396
95.76,200,143,111447.275
95.76,200,144,111429.615
95.76,200,145,111409.679
95.76,200,146,111394.675
95.76,200,147,111376.699
95.76,200,148,111361.392
95.76,200,149,111342.672
95.76,200,150,111325.104
95.76,200,151,111307.772
95.76,200,152,111291.718
95.76,200,153,111277.132
95.76,200,154,111261.955
95.76,200,155,111246.206
95.76,200,156,111232.451
95.76,200,157,111218.466
95.76,200,158,111205.118
95.76,200,159,111190.643
95.76,200,160,111177.745
95.76,200,161,111163.887
95.76,200,162,111150.138
95.76,200,163,111136.597
95.76,200,164,111123.816
95.76,200,165,111111.875
95.76,200,166,111100.496
95.76,200,167,111088.392
95.76,200,168,111074.658
95.76,200,169,111062.859
95.76,200,170,111049.716
95.76,200,171,111036.769
95.76,200,172,111022.897
95.76,200,173,111011.965
95.76,200,174,111000.17
95.76,200,175,110988.486
95.76,200,176,110977.815
95.76,200,177,110963.959
95.76,200,178,110952.16
95.76,200,179,110940.516
95.76,200,180,110928.833
95.76,200,181,110918.339
95.76,200,182,110906.663
95.76,200,183,110896.013
95.76,200,184,110884.532
95.76,200,185,110873.989
95.76,200,186,110863.425
95.76,200,187,110853.523
95.76,200,188,110844.087
95.76,200,189,110833.949
95.76,200,190,110823.367
95.76,200,191,110813.887
95.76,200,192,110805.548
95.76,200,193,110795.491
95.76,200,194,110787.933
95.76,200,195,110779.172
95.76,200,196,110769.707
95.76,200,197,110761.379
95.76,200,198,110751.036
95.76,200,199,110742.24
95.76,500,0,112441.658
95.76,500,1,182053.981
95.76,500,2,187859.608
95.76,500,3,190836.376
95.76,500,4,193008.212
95.76,500,5,194574.59
95.76,500,6,196031.848
95.76,500,7,197291.64
95.76,500,8,198117.719
95.76,500,9,198937.383
95.76,500,10,199928.097
95.76,500,11,200626.583
95.76,500,12,201319.941
95.76,500,13,201908.862
95.76,500,14,202718.278
95.76,500,15,203165.601
95.76,500,16,203834.702
95.76,500,17,204544.177
95.76,500,18,205104.975
95.76,500,19,205614.325
95.76,500,20,205954.831
95.76,500,21,205851.079
95.76,500,22,204317.647
95.76,500,23,200262.683
95.76,500,24,194887.011
95.76,500,25,188892.612
95.76,500,26,182700.932
95.76,500,27,177068.601
95.76,500,28,172192.095
95.76,500,29,168298.279
95.76,500,30,164573.361
95.76,500,31,161424.533
95.76,500,32,158878.358
95.76,500,33,156575.179
95.76,500,34,154199.454
95.76,500,35,152139.187
95.76,500,36,150223.02
95.76,500,37,148536.264
95.76,500,38,147079.701
95.76,500,39,145762.093
95.76,500,40,144626.954
95.76,500,41,143482.048
95.76,500,42,142468.996
95.76,500,43,141521.548
95.76,500,44,140612.03
95.76,500,45,139699.73
95.76,500,46,139003.392
95.76,500,47,138333.919
95.76,500,48,137737.81
95.76,500,49,137148.543
95.76,500,50,136605.586
95.76,500,51,136066.535
95.76,500,52,135485.618
95.76,500,53,135017.945
95.76,500,54,134513.221
95.76,500,55,134049.815
95.76,500,56,133611.681
95.76,500,57,133156.049
95.76,500,58,132798.2
95.76,500,59,132369.331
95.76,500,60,131983.751
95.76,500,61,131658.095
95.76,500,62,131345.789
95.76,500,63,131082.281
95.76,500,64,130789.76
95.76,500,65,130509.31
95.76,500,66,130248.35
95.76,500,67,130000.227
95.76,500,68,129701.917
95.76,500,69,129443.754
95.76,500,70,129217.268
95.76,500,71,129006.244
95.76,500,72,128803.851
95.76,500,73,128601.285
95.76,500,74,128407.934
95.76,500,75,128222.182
95.76,500,76,128031.102
95.76,500,77,127840.951
95.76,500,78,127633.884
95.76,500,79,127471.334
95.76,500,80,127271.865
95.76,500,81,127114.246
95.76,500,82,126957.31
95.76,500,83,126796.552
95.76,500,84,126651.74
95.76,500,85,126510.18
95.76,500,86,126368.13
95.76,500,87,126232.018
95.76,500,88,126104.34
95.76,500,89,125978.854
95.76,500,90,125849.299
95.76,500,91,125726.987
95.76,500,92,125610.832
95.76,500,93,125503.942
95.76,500,94,125395.704
95.76,500,95,125285.008
95.76,500,96,125183.301
95.76,500,97,125087.166
95.76,500,98,124989.209
95.76,500,99,124892.464
95.76,500,100,124794.462
95.76,500,101,124703.656
95.76,500,102,124612.814
95.76,500,103,124525.743
95.76,500,104,124440.092
95.76,500,105,124358.186
95.76,500,106,124275.514
95.76,500,107,124189.53
95.76,500,108,124105.983
95.76,500,109,124027.467
95.76,500,110,123948.563
95.76,500,111,123876.588
95.76,500,112,123802.103
95.76,500,113,123734.382
95.76,500,114,123666.084
95.76,500,115,123597.997
95.76,500,116,123527.782
95.76,500,117,123459.094
95.76,500,118,123393.958
95.76,500,119,123330.468
95.76,500,120,123262.755
95.76,500,121,123197.757
95.76,500,122,123133.972
95.76,500,123,123075.805
95.76,500,124,123020.297
95.76,500,125,122963.931
95.76,500,126,122908.329
95.76,500,127,122850.392
95.76,500,128,122795.269
95.76,500,129,122739.301
95.76,500,130,122683.359
95.76,500,131,122632.096
95.76,500,132,122578.337
95.76,500,133,122524.567
95.76,500,134,122475.707
95.76,500,135,122428.024
95.76,500,136,122380.824
95.76,500,137,122333.347
95.76,500,138,122285.108
95.76,500,139,122237.448
95.76,500,140,122193.363
95.76,500,141,122148.432
95.76,500,142,122106.881
95.76,500,143,122063.831
95.76,500,144,122023.112
95.76,500,145,121983.703
95.76,500,146,121945.269
95.76,500,147,121902.899
95.76,500,148,121865.095
95.76,500,149,121825.583
95.76,500,150,121788.048
95.76,500,151,121749.846
95.76,500,152,121710.105
95.76,500,153,121673.202
95.76,500,154,121637.489
95.76,500,155,121604.39
95.76,500,156,121568.093
95.76,500,157,121532.968
95.76,500,158,121500.839
95.76,500,159,121469.791
95.76,500,160,121438.783
95.76,500,161,121406.697
95.76,500,162,121374.904
95.76,500,163,121346.586
95.76,500,164,121315.535
95.76,500,165,121287.034
95.76,500,166,121255.959
95.76,500,167,121228.695
95.76,500,168,121199.92
95.76,500,169,121171.652
95.76,500,170,121144.646
95.76,500,171,121114.659
95.76,500,172,121084.258
95.76,500,173,121056.274
95.76,500,174,121030.27
95.76,500,175,121004.317
95.76,500,176,120978.184
95.76,500,177,120948.852
95.76,500,178,120922.708
95.76,500,179,120897.648
95.76,500,180,120873.066
95.76,500,181,120846.903
95.76,500,182,120822.39
95.76,500,183,120797.975
95.76,500,184,120770.665
95.76,500,185,120748.053
95.76,500,186,120724.282
95.76,500,187,120702.518
95.76,500,188,120677.444
95.76,500,189,120654.264
95.76,500,190,120630.086
95.76,500,191,120606.307
95.76,500,192,120582.708
95.76,500,193,120561.067
95.76,500,194,120539.797
95.76,500,195,120517.622
95.76,500,196,120497.301
95.76,500,197,120477.559
95.76,500,198,120457.505
95.76,500,199,120435.333
95.76,500,200,120412.649
95.76,500,201,120391.206
95.76,500,202,120370.911
95.76,500,203,120351.946
95.76,500,204,120332.583
95.76,500,205,120312.776
95.76,500,206,120293.83
95.76,500,207,120275.511
95.76,500,208,120259.499
95.76,500,209,120241.827
95.76,500,210,120224.802
95.76,500,211,120205.81
95.76,500,212,120186.968
95.76,500,213,120169.261
95.76,500,214,120150.938
95.76,500,215,120133.858
95.76,500,216,120116.904
95.76,500,217,120101.326
95.76,500,218,120083.954
95.76,500,219,120066.516
95.76,500,220,120049.89
95.76,500,221,120034.589
95.76,500,222,120019.197
95.76,500,223,120003.22
95.76,500,224,119988.067
95.76,500,225,119973.541
95.76,500,226,119957.917
95.76,500,227,119941.688
95.76,500,228,119926.687
95.76,500,229,119911.144
95.76,500,230,119895.293
95.76,500,231,119880.361
95.76,500,232,119865.594
95.76,500,233,119850.189
95.76,500,234,119834.692
95.76,500,235,119821.943
95.76,500,236,119808.18
95.76,500,237,119793.296
95.76,500,238,119779.719
95.76,500,239,119765.12
95.76,500,240,119751.349
95.76,500,241,119737.997
95.76,500,242,119724.937
95.76,500,243,119713.225
95.76,500,244,119701.133
95.76,500,245,119688.902
95.76,500,246,119676.356
95.76,500,247,119663.442
95.76,500,248,119649.148
95.76,500,249,119636.348
95.76,500,250,119624.037
95.76,500,251,119611.266
95.76,500,252,119599.198
95.76,500,253,119586.569
95.76,500,254,119575.662
95.76,500,255,119564.193
95.76,500,256,119553.776
95.76,500,257,119543.131
95.76,500,258,119531.022
95.76,500,259,119519.617
95.76,500,260,119508.929
95.76,500,261,119496.426
95.76,500,262,119486.603
95.76,500,263,119475.477
95.76,500,264,119464.942
95.76,500,265,119454.046
95.76,500,266,119443.71
95.76,500,267,119433.911
95.76,500,268,119422.972
95.76,500,269,119413.322
95.76,500,270,119402.651
95.76,500,271,119392.694
95.76,500,272,119384.936
95.76,500,273,119376.24
95.76,500,274,119366.56
95.76,500,275,119356.703
95.76,500,276,119347.143
95.76,500,277,119337.941
95.76,500,278,119329.773
95.76,500,279,119319.617
95.76,500,280,119310.87
95.76,500,281,119302.908
95.76,500,282,119293.471
95.76,500,283,119285.813
95.76,500,284,119276.693
95.76,500,285,119268.057
95.76,500,286,119259.712
95.76,500,287,119250.45
95.76,500,288,119241.897
95.76,500,289,119233.761
95.76,500,290,119224.937
95.76,500,291,119216.991
95.76,500,292,119207.648
95.76,500,293,119199.786
95.76,500,294,119191.553
95.76,500,295,119183.422
95.76,500,296,119175.69
95.76,500,297,119166.752
95.76,500,298,119158.476
95.76,500,299,119150.649
95.76,500,300,119142.76
95.76,500,301,119135.26
95.76,500,302,119126.345
95.76,500,303,119118.662
95.76,500,304,119110.79
95.76,500,305,119103.114
95.76,500,306,119096.539
95.76,500,307,119088.736
95.76,500,308,119080.97
95.76,500,309,119073.452
95.76,500,310,119067.003
95.76,500,311,119059.046
95.76,500,312,119051.378
95.76,500,313,119043.699
95.76,500,314,119035.993
95.76,500,315,119029.179
95.76,500,316,119022.382
95.76,500,317,119014.87
95.76,500,318,119008.457
95.76,500,319,119000.76
95.76,500,320,118993.726
95.76,500,321,118986.839
95.76,500,322,118979.648
95.76,500,323,118973.109
95.76,500,324,118966.098
95.76,500,325,118959.755
95.76,500,326,118952.513
95.76,500,327,118946.01
95.76,500,328,118938.926
95.76,500,329,118933.088
95.76,500,330,118926.057
95.76,500,331,118918.738
95.76,500,332,118913.224
95.76,500,333,118907.617
95.76,500,334,118902.128
95.76,500,335,118895.652
95.76,500,336,118889.525
95.76,500,337,118883.936
95.76,500,338,118877.836
95.76,500,339,118872.06
95.76,500,340,118866.807
95.76,500,341,118861.383
95.76,500,342,118855.652
95.76,500,343,118849.048
95.76,500,344,118842.438
95.76,500,345,118836.443
95.76,500,346,118830.87
95.76,500,347,118825.054
95.76,500,348,118819.783
95.76,500,349,118814.317
95.76,500,350,118809.276
95.76,500,351,118804.04
95.76,500,352,118798.388
95.76,500,353,118792.94
95.76,500,354,118787.873
95.76,500,355,118782.776
95.76,500,356,118777.839
95.76,500,357,118772.465
95.76,500,358,118767.005
95.76,500,359,118761.93
95.76,500,360,118756.809
95.76,500,361,118751.448
95.76,500,362,118746.235
95.76,500,363,118741.099
95.76,500,364,118736.763
95.76,500,365,118731.635
95.76,500,366,118726.728
95.76,500,367,118722.691
95.76,500,368,118718.061
95.76,500,369,118713.023
95.76,500,370,118708.014
95.76,500,371,118702.131
95.76,500,372,118697.23
95.76,500,373,118693.317
95.76,500,374,118687.608
95.76,500,375,118682.586
95.76,500,376,118678.055
95.76,500,377,118673.198
95.76,500,378,118668.193
95.76,500,379,118663.811
95.76,500,380,118659.632
95.76,500,381,118654.493
95.76,500,382,118649.641
95.76,500,383,118645.229
95.76,500,384,118640.852
95.76,500,385,118636.839
95.76,500,386,118633.0
95.76,500,387,118628.679
95.76,500,388,118624.927
95.76,500,389,118620.788
95.76,500,390,118616.199
95.76,500,391,118611.824
95.76,500,392,118607.506
95.76,500,393,118602.329
95.76,500,394,118598.278
95.76,500,395,118593.737
95.76,500,396,118589.755
95.76,500,397,118585.194
95.76,500,398,118581.455
95.76,500,399,118577.358
95.76,500,400,118573.311
95.76,500,401,118569.212
95.76,500,402,118565.152
95.76,500,403,118560.913
95.76,500,404,118556.763
95.76,500,405,118553.269
95.76,500,406,118549.236
95.76,500,407,118545.114
95.76,500,408,118540.803
95.76,500,409,118537.612
95.76,500,410,118533.093
95.76,500,411,118528.883
95.76,500,412,118524.483
95.76,500,413,118520.201
95.76,500,414,118516.724
95.76,500,415,118513.379
95.76,500,416,118509.884
95.76,500,417,118506.49
95.76,500,418,118502.599
95.76,500,419,118498.186
95.76,500,420,118494.681
95.76,500,421,118491.228
95.76,500,422,118487.262
95.76,500,423,118484.081
95.76,500,424,118480.949
95.76,500,425,118477.744
95.76,500,426,118473.813
95.76,500,427,118469.965
95.76,500,428,118466.505
95.76,500,429,118463.531
95.76,500,430,118460.064
95.76,500,431,118456.911
95.76,500,432,118453.68
95.76,500,433,118450.26
95.76,500,434,118446.51
95.76,500,435,118443.21
95.76,500,436,118440.332
95.76,500,437,118437.029
95.76,500,438,118434.478
95.76,500,439,118431.269
95.76,500,440,118427.474
95.76,500,441,118424.144
95.76,500,442,118420.911
95.76,500,443,118417.864
95.76,500,444,118414.59
95.76,500,445,118411.772
95.76,500,446,118409.107
95.76,500,447,118405.764
95.76,500,448,118402.403
95.76,500,449,118399.335
95.76,500,450,118396.285
95.76,500,451,118392.953
95.76,500,452,118390.181
95.76,500,453,118387.897
95.76,500,454,118385.587
95.76,500,455,118382.541
95.76,500,456,118379.278
95.76,500,457,118376.209
95.76,500,458,118372.478
95.76,500,459,118369.638
95.76,500,460,118365.65
95.76,500,461,118362.371
95.76,500,462,118359.487
95.76,500,463,118356.221
95.76,500,464,118353.513
95.76,500,465,118351.12
95.76,500,466,118348.123
95.76,500,467,118345.04
95.76,500,468,118342.11
95.76,500,469,118339.554
95.76,500,470,118336.577
95.76,500,471,118333.745
95.76,500,472,118330.713
95.76,500,473,118328.048
95.76,500,474,118325.967
95.76,500,475,118323.316
95.76,500,476,118319.715
95.76,500,477,118316.894
95.76,500,478,118313.766
95.76,500,479,118311.092
95.76,500,480,118307.626
95.76,500,481,118304.58
95.76,500,482,118301.16
95.76,500,483,118298.686
95.76,500,484,118296.276
95.76,500,485,118293.595
95.76,500,486,118291.527
95.76,500,487,118289.701
95.76,500,488,118286.87
95.76,500,489,118284.568
95.76,500,490,118281.454
95.76,500,491,118278.885
95.76,500,492,118276.032
95.76,500,493,118273.336
95.76,500,494,118271.032
95.76,500,495,118268.319
95.76,500,496,118265.224
95.76,500,497,118262.457
95.76,500,498,118260.196
95.76,500,499,118257.714
109.76,10,0,121456.523
109.76,10,1,146623.404
109.76,10,2,131811.043
109.76,10,3,124900.432
109.76,10,4,120208.011
109.76,10,5,116805.245
109.76,10,6,114175.287
109.76,10,7,112113.334
109.76,10,8,110440.174
109.76,10,9,109059.188
109.76,20,0,121456.523
109.76,20,1,173060.953
109.76,20,2,145797.58
109.76,20,3,135540.617
109.76,20,4,129392.2
109.76,20,5,125163.226
109.76,20,6,122020.703
109.76,20,7,119502.994
109.76,20,8,117501.076
109.76,20,9,115797.702
109.76,20,10,114406.863
109.76,20,11,113250.953
109.76,20,12,112278.055
109.76,20,13,111363.442
109.76,20,14,110572.641
109.76,20,15,109883.992
109.76,20,16,109266.531
109.76,20,17,108685.33
109.76,20,18,108189.907
109.76,20,19,107717.784
109.76,50,0,121456.523
109.76,50,1,191857.738
109.76,50,2,190501.935
109.76,50,3,165131.361
109.76,50,4,150741.6
109.76,50,5,142486.837
109.76,50,6,137192.572
109.76,50,7,133359.155
109.76,50,8,130407.741
109.76,50,9,128007.048
109.76,50,10,126060.972
109.76,50,11,124406.613
109.76,50,12,122979.409
109.76,50,13,121749.953
109.76,50,14,120673.18
109.76,50,15,119714.051
109.76,50,16,118848.216
109.76,50,17,118114.158
109.76,50,18,117443.076
109.76,50,19,116787.23
109.76,50,20,116252.968
109.76,50,21,115750.737
109.76,50,22,115286.72
109.76,50,23,114895.629
109.76,50,24,114513.219
109.76,50,25,114154.186
109.76,50,26,113845.947
109.76,50,27,113546.379
109.76,50,28,113292.37
109.76,50,29,113057.643
109.76,50,30,112832.269
109.76,50,31,112619.45
109.76,50,32,112408.535
109.76,50,33,112222.452
109.76,50,34,112061.098
109.76,50,35,111915.351
109.76,50,36,111763.957
109.76,50,37,111610.036
109.76,50,38,111471.535
109.76,50,39,111357.599
109.76,50,40,111238.205
109.76,50,41,111115.055
109.76,50,42,110992.589
109.76,50,43,110888.634
109.76,50,44,110784.506
109.76,50,45,110679.35
109.76,50,46,110587.958
109.76,50,47,110482.109
109.76,50,48,110388.938
109.76,50,49,110294.568
109.76,100,0,121456.523
109.76,100,1,191857.738
109.76,100,2,197293.632
109.76,100,3,200887.895
109.76,100,4,199031.032
109.76,100,5,180626.36
109.76,100,6,165120.808
109.76,100,7,155941.852
109.76,100,8,149085.711
109.76,100,9,144490.399
109.76,100,10,140848.113
109.76,100,11,137853.708
109.76,100,12,135470.362
109.76,100,13,133613.487
109.76,100,14,131927.392
109.76,100,15,130527.693
109.76,100,16,129265.2
109.76,100,17,128154.588
109.76,100,18,127185.53
109.76,100,19,126304.739
109.76,100,20,125518.969
109.76,100,21,124814.279
109.76,100,22,124153.19
109.76,100,23,123587.393
109.76,100,24,123049.926
109.76,100,25,122540.722
109.76,100,26,122092.898
109.76,100,27,121650.095
109.76,100,28,121250.047
109.76,100,29,120894.254
109.76,100,30,120570.362
109.76,100,31,120262.169
109.76,100,32,119973.707
109.76,100,33,119690.284
109.76,100,34,119453.993
109.76,100,35,119233.728
109.76,100,36,119013.98
109.76,100,37,118807.218
109.76,100,38,118606.832
109.76,100,39,118433.629
109.76,100,40,118261.163
109.76,100,41,118082.138
109.76,100,42,117912.388
109.76,100,43,117764.733
109.76,100,44,117611.107
109.76,100,45,117458.258
109.76,100,46,117316.781
109.76,100,47,117179.839
109.76,100,48,117055.259
109.76,100,49,116929.73
109.76,100,50,116805.068
109.76,100,51,116694.307
109.76,100,52,116584.237
109.76,100,53,116484.748
109.76,100,54,116387.099
109.76,100,55,116284.488
109.76,100,56,116190.828
109.76,100,57,116090.404
109.76,100,58,115995.384
109.76,100,59,115912.639
109.76,100,60,115839.449
109.76,100,61,115765.365
109.76,100,62,115689.844
109.76,100,63,115612.666
109.76,100,64,115538.234
109.76,100,65,115466.717
109.76,100,66,115400.441
109.76,100,67,115346.255
109.76,100,68,115288.762
109.76,100,69,115232.817
109.76,100,70,115181.724
109.76,100,71,115134.721
109.76,100,72,115089.118
109.76,100,73,115040.661
109.76,100,74,114987.854
109.76,100,75,114940.045
109.76,100,76,114896.472
109.76,100,77,114854.579
109.76,100,78,114807.951
109.76,100,79,114760.902
109.76,100,80,114721.959
109.76,100,81,114681.094
109.76,100,82,114643.74
109.76,100,83,114605.302
109.76,100,84,114570.893
109.76,100,85,114537.81
109.76,100,86,114501.227
109.76,100,87,114467.592
109.76,100,88,114435.597
109.76,100,89,114399.243
109.76,100,90,114362.367
109.76,100,91,114330.27
109.76,100,92,114301.187
109.76,100,93,114268.385
109.76,100,94,114235.263
109.76,100,95,114197.939
109.76,100,96,114168.47
109.76,100,97,114136.453
109.76,100,98,114105.723
109.76,100,99,114077.175
109.76,200,0,121456.523
109.76,200,1,191857.738
109.76,200,2,197293.632
109.76,200,3,200887.895
109.76,200,4,203525.188
109.76,200,5,205333.097
109.76,200,6,206483.516
109.76,200,7,207846.488
109.76,200,8,207630.897
109.76,200,9,199653.17
109.76,200,10,186285.199
109.76,200,11,174452.387
109.76,200,12,166565.932
109.76,200,13,161001.12
109.76,200,14,156338.118
109.76,200,15,152888.216
109.76,200,16,149741.814
109.76,200,17,147196.623
109.76,200,18,144989.579
109.76,200,19,143039.797
109.76,200,20,141338.737
109.76,200,21,139896.202
109.76,200,22,138618.141
109.76,200,23,137440.62
109.76,200,24,136248.124
109.76,200,25,135175.312
109.76,200,26,134304.026
109.76,200,27,133521.149
109.76,200,28,132827.994
109.76,200,29,132195.724
109.76,200,30,131599.292
109.76,200,31,131081.959
109.76,200,32,130599.078
109.76,200,33,130137.752
109.76,200,34,129724.981
109.76,200,35,129348.678
109.76,200,36,128989.368
109.76,200,37,128602.757
109.76,200,38,128255.238
109.76,200,39,127952.57
109.76,200,40,127643.549
109.76,200,41,127354.165
109.76,200,42,127065.551
109.76,200,43,126811.654
109.76,200,44,126566.674
109.76,200,45,126333.351
109.76,200,46,126111.813
109.76,200,47,125895.938
109.76,200,48,125691.818
109.76,200,49,125501.424
109.76,200,50,125307.585
109.76,200,51,125125.83
109.76,200,52,124947.895
109.76,200,53,124785.501
109.76,200,54,124622.066
109.76,200,55,124460.949
109.76,200,56,124310.532
109.76,200,57,124164.499
109.76,200,58,124020.863
109.76,200,59,123893.211
109.76,200,60,123767.757
109.76,200,61,123642.494
109.76,200,62,123522.449
109.76,200,63,123403.847
109.76,200,64,123295.263
109.76,200,65,123184.577
109.76,200,66,123078.734
109.76,200,67,122981.773
109.76,200,68,122886.75
109.76,200,69,122793.565
109.76,200,70,122707.33
109.76,200,71,122623.386
109.76,200,72,122540.571
109.76,200,73,122455.931
109.76,200,74,122380.898
109.76,200,75,122300.818
109.76,200,76,122224.451
109.76,200,77,122149.714
109.76,200,78,122076.293
109.76,200,79,122005.883
109.76,200,80,121933.744
109.76,200,81,121864.799
109.76,200,82,121799.678
109.76,200,83,121735.846
109.76,200,84,121672.926
109.76,200,85,121611.763
109.76,200,86,121557.127
109.76,200,87,121503.153
109.76,200,88,121451.429
109.76,200,89,121391.678
109.76,200,90,121333.779
109.76,200,91,121282.579
109.76,200,92,121230.565
109.76,200,93,121178.974
109.76,200,94,121130.661
109.76,200,95,121081.872
109.76,200,96,121036.454
109.76,200,97,120989.413
109.76,200,98,120943.821
109.76,200,99,120898.95
109.76,200,100,120852.311
109.76,200,101,120807.562
109.76,200,102,120766.222
109.76,200,103,120726.605
109.76,200,104,120686.506
109.76,200,105,120648.679
109.76,200,106,120606.734
109.76,200,107,120570.496
109.76,200,108,120535.667
109.76,200,109,120500.505
109.76,200,110,120463.709
109.76,200,111,120429.112
109.76,200,112,120393.57
109.76,200,113,120360.259
109.76,200,114,120329.316
109.76,200,115,120298.619
109.76,200,116,120268.684
109.76,200,117,120240.354
109.76,200,118,120207.309
109.76,200,119,120177.05
109.76,200,120,120146.686
109.76,200,121,120119.476
109.76,200,122,120092.102
109.76,200,123,120062.895
109.76,200,124,120034.843
109.76,200,125,120008.002
109.76,200,126,119980.837
109.76,200,127,119957.232
109.76,200,128,119931.798
109.76,200,129,119908.127
109.76,200,130,119884.82
109.76,200,131,119859.174
109.76,200,132,119834.359
109.76,200,133,119810.729
109.76,200,134,119786.552
109.76,200,135,119762.488
109.76,200,136,119741.83
109.76,200,137,119719.256
109.76,200,138,119696.734
109.76,200,139,119675.445
109.76,200,140,119655.775
109.76,200,141,119634.992
109.76,200,142,119615.834
109.76,200,143,119595.785
109.76,200,144,119576.056
109.76,200,145,119554.113
109.76,200,146,119535.419
109.76,200,147,119513.716
109.76,200,148,119494.071
109.76,200,149,119474.499
109.76,200,150,119457.617
109.76,200,151,119441.934
109.76,200,152,119423.348
109.76,200,153,119405.076
109.76,200,154,119387.486
109.76,200,155,119370.312
109.76,200,156,119353.812
109.76,200,157,119338.76
109.76,200,158,119320.453
109.76,200,159,119301.223
109.76,200,160,119282.406
109.76,200,161,119268.335
109.76,200,162,119254.786
109.76,200,163,119238.48
109.76,200,164,119224.976
109.76,200,165,119210.898
109.76,200,166,119196.56
109.76,200,167,119180.936
109.76,200,168,119167.191
109.76,200,169,119152.848
109.76,200,170,119140.124
109.76,200,171,119125.702
109.76,200,172,119109.914
109.76,200,173,119095.585
109.76,200,174,119078.84
109.76,200,175,119066.001
109.76,200,176,119052.779
109.76,200,177,119040.538
109.76,200,178,119028.067
109.76,200,179,119015.778
109.76,200,180,119005.615
109.76,200,181,118991.727
109.76,200,182,118977.25
109.76,200,183,118964.751
109.76,200,184,118953.058
109.76,200,185,118941.058
109.76,200,186,118928.232
109.76,200,187,118916.086
109.76,200,188,118906.351
109.76,200,189,118898.157
109.76,200,190,118885.13
109.76,200,191,118875.04
109.76,200,192,118864.86
109.76,200,193,118854.083
109.76,200,194,118844.917
109.76,200,195,118834.95
109.76,200,196,118824.542
109.76,200,197,118813.324
109.76,200,198,118803.441
109.76,200,199,118792.319
109.76,500,0,121456.523
109.76,500,1,191857.738
109.76,500,2,197293.632
109.76,500,3,200887.895
109.76,500,4,203525.188
109.76,500,5,205333.097
109.76,500,6,206483.516
109.76,500,7,207942.385
109.76,500,8,209204.311
109.76,500,9,210248.458
109.76,500,10,211291.231
109.76,500,11,212265.596
109.76,500,12,212947.451
109.76,500,13,213552.153
109.76,500,14,214048.918
109.76,500,15,214824.278
109.76,500,16,215264.473
109.76,500,17,215758.683
109.76,500,18,216345.197
109.76,500,19,216843.285
109.76,500,20,217089.59
109.76,500,21,216571.342
109.76,500,22,214924.891
109.76,500,23,211099.043
109.76,500,24,205343.109
109.76,500,25,199396.545
109.76,500,26,193128.603
109.76,500,27,187565.164
109.76,500,28,182739.764
109.76,500,29,178578.75
109.76,500,30,174662.753
109.76,500,31,171450.241
109.76,500,32,168846.867
109.76,500,33,166314.558
109.76,500,34,164125.673
109.76,500,35,162283.212
109.76,500,36,160627.404
109.76,500,37,159056.817
109.76,500,38,157701.269
109.76,500,39,156468.96
109.76,500,40,155407.168
109.76,500,41,154300.872
109.76,500,42,153192.293
109.76,500,43,152284.413
109.76,500,44,151422.178
109.76,500,45,150502.2
109.76,500,46,149623.304
109.76,500,47,148912.925
109.76,500,48,148151.856
109.76,500,49,147414.011
109.76,500,50,146798.492
109.76,500,51,146167.667
109.76,500,52,145622.517
109.76,500,53,144858.278
109.76,500,54,144240.284
109.76,500,55,143548.518
109.76,500,56,143023.69
109.76,500,57,142562.696
109.76,500,58,142097.2
109.76,500,59,141637.27
109.76,500,60,141230.307
109.76,500,61,140818.406
109.76,500,62,140445.362
109.76,500,63,140038.71
109.76,500,64,139690.407
109.76,500,65,139363.731
109.76,500,66,139063.177
109.76,500,67,138781.106
109.76,500,68,138501.703
109.76,500,69,138210.267
109.76,500,70,137957.651
109.76,500,71,137722.155
109.76,500,72,137490.766
109.76,500,73,137265.302
109.76,500,74,137041.917
109.76,500,75,136844.39
109.76,500,76,136654.278
109.76,500,77,136457.051
109.76,500,78,136276.613
109.76,500,79,136100.135
109.76,500,80,135927.656
109.76,500,81,135755.198
109.76,500,82,135586.472
109.76,500,83,135424.911
109.76,500,84,135272.897
109.76,500,85,135128.836
109.76,500,86,134989.093
109.76,500,87,134843.541
109.76,500,88,134714.075
109.76,500,89,134575.698
109.76,500,90,134437.455
109.76,500,91,134303.583
109.76,500,92,134171.21
109.76,500,93,134054.679
109.76,500,94,133943.476
109.76,500,95,133827.965
109.76,500,96,133717.396
109.76,500,97,133603.627
109.76,500,98,133493.267
109.76,500,99,133392.418
109.76,500,100,133285.985
109.76,500,101,133180.484
109.76,500,102,133080.527
109.76,500,103,132985.386
109.76,500,104,132890.166
109.76,500,105,132793.089
109.76,500,106,132703.924
109.76,500,107,132617.344
109.76,500,108,132535.293
109.76,500,109,132455.704
109.76,500,110,132371.764
109.76,500,111,132291.251
109.76,500,112,132214.963
109.76,500,113,132140.742
109.76,500,114,132066.703
109.76,500,115,131991.764
109.76,500,116,131920.362
109.76,500,117,131852.762
109.76,500,118,131785.916
109.76,500,119,131718.739
109.76,500,120,131652.548
109.76,500,121,131583.996
109.76,500,122,131518.197
109.76,500,123,131457.538
109.76,500,124,131394.197
109.76,500,125,131331.285
109.76,500,126,131270.601
109.76,500,127,131208.383
109.76,500,128,131147.443
109.76,500,129,131087.567
109.76,500,130,131032.964
109.76,500,131,130975.29
109.76,500,132,130922.307
109.76,500,133,130868.3
109.76,500,134,130816.174
109.76,500,135,130765.945
109.76,500,136,130714.973
109.76,500,137,130664.009
109.76,500,138,130611.832
109.76,500,139,130559.798
109.76,500,140,130512.986
109.76,500,141,130466.532
109.76,500,142,130416.86
109.76,500,143,130370.106
109.76,500,144,130325.285
109.76,500,145,130280.605
109.76,500,146,130237.327
109.76,500,147,130192.422
109.76,500,148,130148.715
109.76,500,149,130106.124
109.76,500,150,130066.407
109.76,500,151,130025.108
109.76,500,152,129983.807
109.76,500,153,129941.966
109.76,500,154,129901.884
109.76,500,155,129865.629
109.76,500,156,129826.367
109.76,500,157,129788.747
109.76,500,158,129751.364
109.76,500,159,129712.57
109.76,500,160,129675.29
109.76,500,161,129640.088
109.76,500,162,129602.32
109.76,500,163,129568.011
109.76,500,164,129533.829
109.76,500,165,129498.847
109.76,500,166,129465.254
109.76,500,167,129431.274
109.76,500,168,129399.166
109.76,500,169,129368.76
109.76,500,170,129336.175
109.76,500,171,129302.794
109.76,500,172,129269.422
109.76,500,173,129238.222
109.76,500,174,129207.148
109.76,500,175,129178.531
109.76,500,176,129150.287
109.76,500,177,129123.721
109.76,500,178,129095.476
109.76,500,179,129068.789
109.76,500,180,129041.95
109.76,500,181,129016.742
109.76,500,182,128987.652
109.76,500,183,128962.752
109.76,500,184,128935.827
109.76,500,185,128907.206
109.76,500,186,128880.639
109.76,500,187,128853.027
109.76,500,188,128829.622
109.76,500,189,128806.786
109.76,500,190,128781.638
109.76,500,191,128758.258
109.76,500,192,128736.296
109.76,500,193,128712.015
109.76,500,194,128688.663
109.76,500,195,128666.651
109.76,500,196,128642.862
109.76,500,197,128620.903
109.76,500,198,128599.438
109.76,500,199,128578.773
109.76,500,200,128556.14
109.76,500,201,128532.696
109.76,500,202,128511.302
109.76,500,203,128490.378
109.76,500,204,128470.722
109.76,500,205,128447.857
109.76,500,206,128428.972
109.76,500,207,128408.189
109.76,500,208,128387.637
109.76,500,209,128368.093
109.76,500,210,128347.817
109.76,500,211,128327.59
109.76,500,212,128307.541
109.76,500,213,128289.545
109.76,500,214,128272.021
109.76,500,215,128252.775
109.76,500,216,128232.618
109.76,500,217,128213.749
109.76,500,218,128196.731
109.76,500,219,128178.453
109.76,500,220,128160.507
109.76,500,221,128141.514
109.76,500,222,128123.712
109.76,500,223,128107.301
109.76,500,224,128089.696
109.76,500,225,128072.951
109.76,500,226,128057.828
109.76,500,227,128042.04
109.76,500,228,128024.927
109.76,500,229,128009.66
109.76,500,230,127993.547
109.76,500,231,127978.209
109.76,500,232,127961.385
109.76,500,233,127945.081
109.76,500,234,127928.495
109.76,500,235,127916.13
109.76,500,236,127901.809
109.76,500,237,127885.934
109.76,500,238,127869.354
109.76,500,239,127854.318
109.76,500,240,127839.737
109.76,500,241,127826.167
109.76,500,242,127812.117
109.76,500,243,127798.994
109.76,500,244,127785.125
109.76,500,245,127770.671
109.76,500,246,127756.584
109.76,500,247,127744.483
109.76,500,248,127732.611
109.76,500,249,127718.89
109.76,500,250,127706.684
109.76,500,251,127694.247
109.76,500,252,127681.03
109.76,500,253,127667.227
109.76,500,254,127654.636
109.76,500,255,127641.628
109.76,500,256,127629.405
109.76,500,257,127616.426
109.76,500,258,127603.34
109.76,500,259,127589.834
109.76,500,260,127577.887
109.76,500,261,127565.861
109.76,500,262,127554.84
109.76,500,263,127543.439
109.76,500,264,127531.333
109.76,500,265,127519.191
109.76,500,266,127506.322
109.76,500,267,127493.916
109.76,500,268,127482.091
109.76,500,269,127470.462
109.76,500,270,127459.676
109.76,500,271,127449.316
109.76,500,272,127437.866
109.76,500,273,127425.986
109.76,500,274,127415.043
109.76,500,275,127403.64
109.76,500,276,127392.229
109.76,500,277,127381.161
109.76,500,278,127370.627
109.76,500,279,127359.794
109.76,500,280,127350.829
109.76,500,281,127341.296
109.76,500,282,127330.593
109.76,500,283,127319.05
109.76,500,284,127308.716
109.76,500,285,127297.988
109.76,500,286,127287.792
109.76,500,287,127278.385
109.76,500,288,127269.3
109.76,500,289,127260.864
109.76,500,290,127251.803
109.76,500,291,127244.283
109.76,500,292,127235.868
109.76,500,293,127226.349
109.76,500,294,127216.402
109.76,500,295,127206.406
109.76,500,296,127196.811
109.76,500,297,127187.513
109.76,500,298,127178.264
109.76,500,299,127169.105
109.76,500,300,127159.894
109.76,500,301,127150.821
109.76,500,302,127141.734
109.76,500,303,127132.681
109.76,500,304,127124.98
109.76,500,305,127115.095
109.76,500,306,127106.994
109.76,500,307,127099.118
109.76,500,308,127091.005
109.76,500,309,127082.039
109.76,500,310,127073.624
109.76,500,311,127065.739
109.76,500,312,127056.927
109.76,500,313,127049.352
109.76,500,314,127040.872
109.76,500,315,127033.189
109.76,500,316,127025.397
109.76,500,317,127017.71
109.76,500,318,127010.083
109.76,500,319,127002.798
109.76,500,320,126995.583
109.76,500,321,126987.879
109.76,500,322,126978.885
109.76,500,323,126970.859
109.76,500,324,126962.561
109.76,500,325,126954.982
109.76,500,326,126947.244
109.76,500,327,126940.642
109.76,500,328,126932.903
109.76,500,329,126924.634
109.76,500,330,126916.557
109.76,500,331,126910.025
109.76,500,332,126903.329
109.76,500,333,126896.898
109.76,500,334,126889.054
109.76,500,335,126882.577
109.76,500,336,126876.443
109.76,500,337,126870.721
109.76,500,338,126863.804
109.76,500,339,126857.816
109.76,500,340,126851.083
109.76,500,341,126845.261
109.76,500,342,126837.99
109.76,500,343,126831.875
109.76,500,344,126824.765
109.76,500,345,126818.805
109.76,500,346,126812.742
109.76,500,347,126805.254
109.76,500,348,126799.512
109.76,500,349,126793.426
109.76,500,350,126788.397
109.76,500,351,126781.997
109.76,500,352,126775.304
109.76,500,353,126768.96
109.76,500,354,126762.969
109.76,500,355,126756.945
109.76,500,356,126750.716
109.76,500,357,126744.134
109.76,500,358,126737.834
109.76,500,359,126731.795
109.76,500,360,126726.35
109.76,500,361,126720.833
109.76,500,362,126714.372
109.76,500,363,126708.048
109.76,500,364,126702.508
109.76,500,365,126696.944
109.76,500,366,126690.556
109.76,500,367,126684.739
109.76,500,368,126678.73
109.76,500,369,126673.436
109.76,500,370,126667.42
109.76,500,371,126661.917
109.76,500,372,126655.897
109.76,500,373,126650.331
109.76,500,374,126644.271
109.76,500,375,126638.5
109.76,500,376,126633.028
109.76,500,377,126627.227
109.76,500,378,126621.34
109.76,500,379,126616.333
109.76,500,380,126609.959
109.76,500,381,126604.836
109.76,500,382,126599.643
109.76,500,383,126593.599
109.76,500,384,126589.18
109.76,500,385,126584.022
109.76,500,386,126579.22
109.76,500,387,126574.96
109.76,500,388,126570.273
109.76,500,389,126565.164
109.76,500,390,126560.307
109.76,500,391,126555.801
109.76,500,392,126550.638
109.76,500,393,126545.454
109.76,500,394,126539.99
109.76,500,395,126535.765
109.76,500,396,126531.355
109.76,500,397,126526.608
109.76,500,398,126522.073
109.76,500,399,126517.672
109.76,500,400,126512.872
109.76,500,401,126508.578
109.76,500,402,126504.908
109.76,500,403,126499.894
109.76,500,404,126494.655
109.76,500,405,126489.779
109.76,500,406,126485.696
109.76,500,407,126480.921
109.76,500,408,126475.889
109.76,500,409,126471.055
109.76,500,410,126466.864
109.76,500,411,126462.714
109.76,500,412,126458.606
109.76,500,413,126454.434
109.76,500,414,126449.491
109.76,500,415,126445.364
109.76,500,416,126440.618
109.76,500,417,126435.71
109.76,500,418,126431.559
109.76,500,419,126428.023
109.76,500,420,126423.279
109.76,500,421,126418.74
109.76,500,422,126414.995
109.76,500,423,126411.104
109.76,500,424,126406.923
109.76,500,425,126403.251
109.76,500,426,126399.262
109.76,500,427,126395.087
109.76,500,428,126390.743
109.76,500,429,126386.595
109.76,500,430,126383.168
109.76,500,431,126379.618
109.76,500,432,126375.591
109.76,500,433,126371.639
109.76,500,434,126367.679
109.76,500,435,126363.779
109.76,500,436,126360.517
109.76,500,437,126356.82
109.76,500,438,126352.198
109.76,500,439,126348.242
109.76,500,440,126344.152
109.76,500,441,126340.345
109.76,500,442,126337.219
109.76,500,443,126333.708
109.76,500,444,126330.351
109.76,500,445,126326.081
109.76,500,446,126322.532
109.76,500,447,126319.228
109.76,500,448,126315.243
109.76,500,449,126311.0
109.76,500,450,126307.444
109.76,500,451,126304.58
109.76,500,452,126301.25
109.76,500,453,126297.683
109.76,500,454,126294.144
109.76,500,455,126290.693
109.76,500,456,126287.48
109.76,500,457,126283.735
109.76,500,458,126281.01
109.76,500,459,126277.115
109.76,500,460,126274.051
109.76,500,461,126271.096
109.76,500,462,126267.538
109.76,500,463,126264.123
109.76,500,464,126259.753
109.76,500,465,126256.074
109.76,500,466,126253.061
109.76,500,467,126250.359
109.76,500,468,126247.385
109.76,500,469,126244.806
109.76,500,470,126241.563
109.76,500,471,126238.656
109.76,500,472,126234.468
109.76,500,473,126231.031
109.76,500,474,126227.785
109.76,500,475,126224.547
109.76,500,476,126221.527
109.76,500,477,126218.607
109.76,500,478,126215.596
109.76,500,479,126212.071
109.76,500,480,126208.917
109.76,500,481,126205.717
109.76,500,482,126203.107
109.76,500,483,126199.755
109.76,500,484,126196.415
109.76,500,485,126194.22
109.76,500,486,126191.243
109.76,500,487,126187.932
109.76,500,488,126184.695
109.76,500,489,126181.328
109.76,500,490,126178.565
109.76,500,491,126175.327
109.76,500,492,126173.162
109.76,500,493,126170.264
109.76,500,494,126168.056
109.76,500,495,126166.244
109.76,500,496,126163.488
109.76,500,497,126160.931
109.76,500,498,126158.187
109.76,500,499,126155.431
123.87,10,0,127361.737
123.87,10,1,154079.111
123.87,10,2,138658.245
123.87,10,3,131658.015
123.87,10,4,126813.343
123.87,10,5,123310.033
123.87,10,6,120817.219
123.87,10,7,118805.731
123.87,10,8,117209.864
123.87,10,9,115831.918
123.87,20,0,127361.737
123.87,20,1,179921.686
123.87,20,2,153054.297
123.87,20,3,142398.653
123.87,20,4,136225.892
123.87,20,5,131862.731
123.87,20,6,128713.827
123.87,20,7,126255.947
123.87,20,8,124312.169
123.87,20,9,122713.256
123.87,20,10,121320.804
123.87,20,11,120146.944
123.87,20,12,119170.346
123.87,20,13,118240.468
123.87,20,14,117469.641
123.87,20,15,116798.912
123.87,20,16,116222.849
123.87,20,17,115728.59
123.87,20,18,115232.127
123.87,20,19,114821.015
123.87,50,0,127361.737
123.87,50,1,197955.147
123.87,50,2,197615.783
123.87,50,3,171873.43
123.87,50,4,157732.18
123.87,50,5,149523.183
123.87,50,6,144271.602
123.87,50,7,140305.014
123.87,50,8,137419.126
123.87,50,9,135039.266
123.87,50,10,133064.495
123.87,50,11,131387.025
123.87,50,12,129995.521
123.87,50,13,128728.117
123.87,50,14,127657.563
123.87,50,15,126717.836
123.87,50,16,125891.172
123.87,50,17,125197.557
123.87,50,18,124546.238
123.87,50,19,123958.682
123.87,50,20,123434.922
123.87,50,21,122984.698
123.87,50,22,122551.311
123.87,50,23,122139.783
123.87,50,24,121751.744
123.87,50,25,121383.284
123.87,50,26,121048.314
123.87,50,27,120738.843
123.87,50,28,120453.701
123.87,50,29,120176.601
123.87,50,30,119940.886
123.87,50,31,119714.184
123.87,50,32,119478.298
123.87,50,33,119271.607
123.87,50,34,119080.108
123.87,50,35,118887.652
123.87,50,36,118720.163
123.87,50,37,118558.083
123.87,50,38,118395.453
123.87,50,39,118245.574
123.87,50,40,118095.371
123.87,50,41,117956.736
123.87,50,42,117836.737
123.87,50,43,117719.298
123.87,50,44,117611.01
123.87,50,45,117501.446
123.87,50,46,117392.449
123.87,50,47,117291.609
123.87,50,48,117190.691
123.87,50,49,117104.337
123.87,100,0,127361.737
123.87,100,1,197955.147
123.87,100,2,204156.211
123.87,100,3,207746.62
123.87,100,4,206556.372
123.87,100,5,188060.491
123.87,100,6,172483.492
123.87,100,7,162908.461
123.87,100,8,156405.064
123.87,100,9,151420.84
123.87,100,10,147835.549
123.87,100,11,144940.552
123.87,100,12,142642.029
123.87,100,13,140666.473
123.87,100,14,138978.044
123.87,100,15,137567.63
123.87,100,16,136280.564
123.87,100,17,135218.426
123.87,100,18,134283.898
123.87,100,19,133434.179
123.87,100,20,132672.786
123.87,100,21,132008.33
123.87,100,22,131374.995
123.87,100,23,130795.763
123.87,100,24,130260.085
123.87,100,25,129750.763
123.87,100,26,129302.044
123.87,100,27,128850.07
123.87,100,28,128451.87
123.87,100,29,128078.936
123.87,100,30,127741.973
123.87,100,31,127412.711
123.87,100,32,127106.65
123.87,100,33,126830.705
123.87,100,34,126549.925
123.87,100,35,126292.346
123.87,100,36,126058.009
123.87,100,37,125827.656
123.87,100,38,125598.701
123.87,100,39,125385.837
123.87,100,40,125193.951
123.87,100,41,125011.479
123.87,100,42,124841.245
123.87,100,43,124675.302
123.87,100,44,124510.707
123.87,100,45,124357.437
123.87,100,46,124215.302
123.87,100,47,124073.83
123.87,100,48,123934.515
123.87,100,49,123801.101
123.87,100,50,123686.665
123.87,100,51,123567.684
123.87,100,52,123456.902
123.87,100,53,123345.836
123.87,100,54,123240.001
123.87,100,55,123138.206
123.87,100,56,123038.516
123.87,100,57,122952.07
123.87,100,58,122864.181
123.87,100,59,122774.29
123.87,100,60,122687.773
123.87,100,61,122603.554
123.87,100,62,122529.854
123.87,100,63,122455.498
123.87,100,64,122380.028
123.87,100,65,122305.799
123.87,100,66,122246.55
123.87,100,67,122175.052
123.87,100,68,122116.339
123.87,100,69,122051.187
123.87,100,70,121996.382
123.87,100,71,121940.746
123.87,100,72,121884.586
123.87,100,73,121829.187
123.87,100,74,121772.374
123.87,100,75,121713.809
123.87,100,76,121658.27
123.87,100,77,121610.716
123.87,100,78,121559.111
123.87,100,79,121511.214
123.87,100,80,121464.698
123.87,100,81,121419.47
123.87,100,82,121373.066
123.87,100,83,121329.358
123.87,100,84,121289.075
123.87,100,85,121245.41
123.87,100,86,121204.59
123.87,100,87,121167.555
123.87,100,88,121123.227
123.87,100,89,121088.631
123.87,100,90,121050.94
123.87,100,91,121012.303
123.87,100,92,120975.798
123.87,100,93,120937.051
123.87,100,94,120902.339
123.87,100,95,120868.734
123.87,100,96,120833.822
123.87,100,97,120802.447
123.87,100,98,120769.544
123.87,100,99,120742.891
123.87,200,0,127361.737
123.87,200,1,197955.147
123.87,200,2,204156.211
123.87,200,3,207746.62
123.87,200,4,210577.639
123.87,200,5,212183.038
123.87,200,6,213548.663
123.87,200,7,214892.993
123.87,200,8,214299.222
123.87,200,9,206029.939
123.87,200,10,193471.172
123.87,200,11,182171.238
123.87,200,12,174295.671
123.87,200,13,169136.397
123.87,200,14,164298.127
123.87,200,15,160621.19
123.87,200,16,157078.873
123.87,200,17,154358.903
123.87,200,18,152057.742
123.87,200,19,149955.592
123.87,200,20,148226.499
123.87,200,21,146627.073
123.87,200,22,145240.332
123.87,200,23,144039.62
123.87,200,24,143030.71
123.87,200,25,142108.272
123.87,200,26,141283.078
123.87,200,27,140540.203
123.87,200,28,139885.586
123.87,200,29,139259.131
123.87,200,30,138700.54
123.87,200,31,138150.729
123.87,200,32,137623.646
123.87,200,33,137165.263
123.87,200,34,136714.022
123.87,200,35,136299.685
123.87,200,36,135919.553
123.87,200,37,135552.287
123.87,200,38,135200.19
123.87,200,39,134869.006
123.87,200,40,134561.191
123.87,200,41,134262.704
123.87,200,42,133980.826
123.87,200,43,133726.716
123.87,200,44,133476.183
123.87,200,45,133245.403
123.87,200,46,133022.129
123.87,200,47,132811.774
123.87,200,48,132609.203
123.87,200,49,132392.546
123.87,200,50,132205.757
123.87,200,51,132023.732
123.87,200,52,131854.644
123.87,200,53,131678.931
123.87,200,54,131512.971
123.87,200,55,131357.18
123.87,200,56,131198.538
123.87,200,57,131055.801
123.87,200,58,130904.9
123.87,200,59,130763.399
123.87,200,60,130635.78
123.87,200,61,130515.725
123.87,200,62,130388.683
123.87,200,63,130272.466
123.87,200,64,130161.135
123.87,200,65,130041.884
123.87,200,66,129932.038
123.87,200,67,129832.49
123.87,200,68,129735.526
123.87,200,69,129631.552
123.87,200,70,129534.259
123.87,200,71,129439.748
123.87,200,72,129350.237
123.87,200,73,129257.314
123.87,200,74,129168.902
123.87,200,75,129085.975
123.87,200,76,129003.923
123.87,200,77,128926.225
123.87,200,78,128842.448
123.87,200,79,128764.592
123.87,200,80,128692.362
123.87,200,81,128618.545
123.87,200,82,128549.446
123.87,200,83,128485.687
123.87,200,84,128419.283
123.87,200,85,128351.691
123.87,200,86,128291.945
123.87,200,87,128233.655
123.87,200,88,128175.443
123.87,200,89,128111.962
123.87,200,90,128054.302
123.87,200,91,127995.123
123.87,200,92,127939.145
123.87,200,93,127886.463
123.87,200,94,127831.497
123.87,200,95,127779.97
123.87,200,96,127728.49
123.87,200,97,127680.142
123.87,200,98,127631.473
123.87,200,99,127588.517
123.87,200,100,127542.062
123.87,200,101,127492.864
123.87,200,102,127446.954
123.87,200,103,127404.327
123.87,200,104,127362.346
123.87,200,105,127321.068
123.87,200,106,127276.978
123.87,200,107,127236.469
123.87,200,108,127192.289
123.87,200,109,127154.726
123.87,200,110,127116.22
123.87,200,111,127076.705
123.87,200,112,127038.223
123.87,200,113,127001.765
123.87,200,114,126968.498
123.87,200,115,126935.796
123.87,200,116,126899.063
123.87,200,117,126865.724
123.87,200,118,126832.633
123.87,200,119,126799.697
123.87,200,120,126767.399
123.87,200,121,126735.83
123.87,200,122,126700.238
123.87,200,123,126670.216
123.87,200,124,126640.756
123.87,200,125,126612.619
123.87,200,126,126585.488
123.87,200,127,126557.19
123.87,200,128,126531.889
123.87,200,129,126505.034
123.87,200,130,126475.448
123.87,200,131,126446.293
123.87,200,132,126417.13
123.87,200,133,126395.585
123.87,200,134,126371.857
123.87,200,135,126348.523
123.87,200,136,126325.568
123.87,200,137,126300.781
123.87,200,138,126273.566
123.87,200,139,126252.435
123.87,200,140,126230.596
123.87,200,141,126210.767
123.87,200,142,126189.343
123.87,200,143,126164.604
123.87,200,144,126143.362
123.87,200,145,126124.477
123.87,200,146,126106.302
123.87,200,147,126085.218
123.87,200,148,126062.14
123.87,200,149,126042.954
123.87,200,150,126021.988
123.87,200,151,126001.8
123.87,200,152,125983.293
123.87,200,153,125963.889
123.87,200,154,125944.516
123.87,200,155,125926.728
123.87,200,156,125906.723
123.87,200,157,125888.64
123.87,200,158,125871.461
123.87,200,159,125856.069
123.87,200,160,125837.693
123.87,200,161,125821.911
123.87,200,162,125805.111
123.87,200,163,125787.882
123.87,200,164,125771.056
123.87,200,165,125756.691
123.87,200,166,125740.218
123.87,200,167,125723.413
123.87,200,168,125710.358
123.87,200,169,125693.496
123.87,200,170,125678.589
123.87,200,171,125664.519
123.87,200,172,125650.548
123.87,200,173,125637.071
123.87,200,174,125623.223
123.87,200,175,125609.047
123.87,200,176,125593.73
123.87,200,177,125580.846
123.87,200,178,125568.748
123.87,200,179,125555.302
123.87,200,180,125542.114
123.87,200,181,125528.254
123.87,200,182,125515.121
123.87,200,183,125503.129
123.87,200,184,125489.068
123.87,200,185,125476.874
123.87,200,186,125464.818
123.87,200,187,125452.914
123.87,200,188,125441.898
123.87,200,189,125430.195
123.87,200,190,125418.588
123.87,200,191,125405.203
123.87,200,192,125393.363
123.87,200,193,125383.171
123.87,200,194,125371.399
123.87,200,195,125362.258
123.87,200,196,125348.555
123.87,200,197,125338.354
123.87,200,198,125326.946
123.87,200,199,125316.484
123.87,500,0,127361.737
123.87,500,1,197955.147
123.87,500,2,204156.211
123.87,500,3,207746.62
123.87,500,4,210577.639
123.87,500,5,212183.038
123.87,500,6,213548.663
123.87,500,7,214892.993
123.87,500,8,216102.694
123.87,500,9,217216.798
123.87,500,10,218158.246
123.87,500,11,219259.508
123.87,500,12,220066.299
123.87,500,13,221005.878
123.87,500,14,221583.685
123.87,500,15,222210.449
123.87,500,16,222763.33
123.87,500,17,223160.025
123.87,500,18,223704.166
123.87,500,19,224210.881
123.87,500,20,224485.738
123.87,500,21,224163.962
123.87,500,22,222219.699
123.87,500,23,218296.353
123.87,500,24,212488.548
123.87,500,25,206236.719
123.87,500,26,200405.982
123.87,500,27,194646.05
123.87,500,28,190055.492
123.87,500,29,186106.808
123.87,500,30,182137.733
123.87,500,31,179164.188
123.87,500,32,176329.798
123.87,500,33,173900.997
123.87,500,34,171694.979
123.87,500,35,169734.948
123.87,500,36,168046.567
123.87,500,37,166488.462
123.87,500,38,165111.281
123.87,500,39,163843.22
123.87,500,40,162645.504
123.87,500,41,161401.716
123.87,500,42,160222.195
123.87,500,43,159063.054
123.87,500,44,158090.136
123.87,500,45,157226.483
123.87,500,46,156241.442
123.87,500,47,155449.518
123.87,500,48,154612.259
123.87,500,49,153809.888
123.87,500,50,153184.217
123.87,500,51,152484.473
123.87,500,52,151869.473
123.87,500,53,151234.356
123.87,500,54,150723.472
123.87,500,55,150233.505
123.87,500,56,149744.224
123.87,500,57,149307.501
123.87,500,58,148888.837
123.87,500,59,148359.896
123.87,500,60,147944.275
123.87,500,61,147577.53
123.87,500,62,147184.936
123.87,500,63,146822.97
123.87,500,64,146412.339
123.87,500,65,146076.398
123.87,500,66,145766.114
123.87,500,67,145489.409
123.87,500,68,145212.339
123.87,500,69,144926.992
123.87,500,70,144674.532
123.87,500,71,144433.813
123.87,500,72,144199.416
123.87,500,73,143981.022
123.87,500,74,143769.171
123.87,500,75,143553.973
123.87,500,76,143343.124
123.87,500,77,143148.234
123.87,500,78,142953.798
123.87,500,79,142765.922
123.87,500,80,142594.893
123.87,500,81,142424.47
123.87,500,82,142267.263
123.87,500,83,142106.386
123.87,500,84,141956.155
123.87,500,85,141801.369
123.87,500,86,141650.3
123.87,500,87,141510.954
123.87,500,88,141368.154
123.87,500,89,141232.213
123.87,500,90,141100.286
123.87,500,91,140964.353
123.87,500,92,140838.517
123.87,500,93,140715.789
123.87,500,94,140591.475
123.87,500,95,140477.784
123.87,500,96,140362.812
123.87,500,97,140257.713
123.87,500,98,140147.848
123.87,500,99,140043.479
123.87,500,100,139940.172
123.87,500,101,139835.494
123.87,500,102,139735.425
123.87,500,103,139637.219
123.87,500,104,139543.14
123.87,500,105,139453.384
123.87,500,106,139361.693
123.87,500,107,139273.218
123.87,500,108,139185.886
123.87,500,109,139095.784
123.87,500,110,139012.514
123.87,500,111,138929.769
123.87,500,112,138845.352
123.87,500,113,138763.501
123.87,500,114,138684.97
123.87,500,115,138604.269
123.87,500,116,138531.129
123.87,500,117,138458.768
123.87,500,118,138383.019
123.87,500,119,138311.374
123.87,500,120,138243.093
123.87,500,121,138173.548
123.87,500,122,138106.851
123.87,500,123,138040.839
123.87,500,124,137977.071
123.87,500,125,137912.61
123.87,500,126,137853.647
123.87,500,127,137792.8
123.87,500,128,137729.099
123.87,500,129,137672.344
123.87,500,130,137613.065
123.87,500,131,137552.581
123.87,500,132,137493.865
123.87,500,133,137438.364
123.87,500,134,137383.234
123.87,500,135,137332.174
123.87,500,136,137282.449
123.87,500,137,137229.15
123.87,500,138,137177.866
123.87,500,139,137127.661
123.87,500,140,137078.291
123.87,500,141,137030.088
123.87,500,142,136983.467
123.87,500,143,136934.388
123.87,500,144,136888.955
123.87,500,145,136843.128
123.87,500,146,136798.663
123.87,500,147,136753.998
123.87,500,148,136705.8
123.87,500,149,136664.159
123.87,500,150,136621.772
123.87,500,151,136580.384
123.87,500,152,136537.032
123.87,500,153,136495.181
123.87,500,154,136456.321
123.87,500,155,136414.372
123.87,500,156,136374.591
123.87,500,157,136334.017
123.87,500,158,136295.316
123.87,500,159,136258.572
123.87,500,160,136221.102
123.87,500,161,136184.097
123.87,500,162,136148.361
123.87,500,163,136109.697
123.87,500,164,136075.031
123.87,500,165,136038.897
123.87,500,166,136006.007
123.87,500,167,135972.929
123.87,500,168,135941.488
123.87,500,169,135906.583
123.87,500,170,135874.586
123.87,500,171,135844.83
123.87,500,172,135814.683
123.87,500,173,135782.271
123.87,500,174,135751.425
123.87,500,175,135722.303
123.87,500,176,135692.421
123.87,500,177,135662.406
123.87,500,178,135633.925
123.87,500,179,135606.969
123.87,500,180,135579.391
123.87,500,181,135552.262
123.87,500,182,135525.44
123.87,500,183,135500.248
123.87,500,184,135472.539
123.87,500,185,135445.568
123.87,500,186,135419.772
123.87,500,187,135393.586
123.87,500,188,135367.821
123.87,500,189,135341.379
123.87,500,190,135315.64
123.87,500,191,135290.938
123.87,500,192,135265.893
123.87,500,193,135240.646
123.87,500,194,135212.868
123.87,500,195,135189.168
123.87,500,196,135166.266
123.87,500,197,135142.885
123.87,500,198,135120.212
123.87,500,199,135095.838
123.87,500,200,135071.698
123.87,500,201,135049.618
123.87,500,202,135026.996
123.87,500,203,135006.264
123.87,500,204,134982.095
123.87,500,205,134959.437
123.87,500,206,134937.395
123.87,500,207,134915.659
123.87,500,208,134894.594
123.87,500,209,134874.099
123.87,500,210,134853.998
123.87,500,211,134832.708
123.87,500,212,134811.06
123.87,500,213,134790.577
123.87,500,214,134768.7
123.87,500,215,134748.696
123.87,500,216,134729.05
123.87,500,217,134711.917
123.87,500,218,134692.348
123.87,500,219,134673.377
123.87,500,220,134656.313
123.87,500,221,134637.681
123.87,500,222,134618.914
123.87,500,223,134602.471
123.87,500,224,134584.371
123.87,500,225,134565.944
123.87,500,226,134547.691
123.87,500,227,134530.618
123.87,500,228,134511.637
123.87,500,229,134494.262
123.87,500,230,134476.489
123.87,500,231,134459.818
123.87,500,232,134443.296
123.87,500,233,134426.431
123.87,500,234,134409.587
123.87,500,235,134391.523
123.87,500,236,134376.849
123.87,500,237,134361.269
123.87,500,238,134345.441
123.87,500,239,134331.035
123.87,500,240,134314.523
123.87,500,241,134298.729
123.87,500,242,134284.194
123.87,500,243,134268.089
123.87,500,244,134254.054
123.87,500,245,134239.095
123.87,500,246,134223.883
123.87,500,247,134208.869
123.87,500,248,134194.334
123.87,500,249,134179.847
123.87,500,250,134165.794
123.87,500,251,134151.147
123.87,500,252,134137.809
123.87,500,253,134124.795
123.87,500,254,134111.938
123.87,500,255,134098.706
123.87,500,256,134085.299
123.87,500,257,134070.113
123.87,500,258,134058.029
123.87,500,259,134044.747
123.87,500,260,134032.081
123.87,500,261,134020.739
123.87,500,262,134008.867
123.87,500,263,133996.37
123.87,500,264,133984.857
123.87,500,265,133974.631
123.87,500,266,133960.55
123.87,500,267,133947.2
123.87,500,268,133933.508
123.87,500,269,133920.651
123.87,500,270,133908.927
123.87,500,271,133897.125
123.87,500,272,133885.769
123.87,500,273,133875.784
123.87,500,274,133865.06
123.87,500,275,133852.489
123.87,500,276,133841.296
123.87,500,277,133829.875
123.87,500,278,133818.177
123.87,500,279,133806.031
123.87,500,280,133795.521
123.87,500,281,133785.041
123.87,500,282,133775.005
123.87,500,283,133764.793
123.87,500,284,133754.597
123.87,500,285,133745.168
123.87,500,286,133734.692
123.87,500,287,133724.164
123.87,500,288,133714.775
123.87,500,289,133705.962
123.87,500,290,133695.625
123.87,500,291,133684.253
123.87,500,292,133674.056
123.87,500,293,133664.066
123.87,500,294,133652.79
123.87,500,295,133643.136
123.87,500,296,133632.557
123.87,500,297,133622.322
123.87,500,298,133612.098
123.87,500,299,133602.781
123.87,500,300,133593.434
123.87,500,301,133584.388
123.87,500,302,133575.115
123.87,500,303,133565.577
123.87,500,304,133556.288
123.87,500,305,133547.809
123.87,500,306,133539.516
123.87,500,307,133530.026
123.87,500,308,133520.903
123.87,500,309,133511.969
123.87,500,310,133502.853
123.87,500,311,133493.845
123.87,500,312,133485.688
123.87,500,313,133477.885
123.87,500,314,133469.181
123.87,500,315,133460.417
123.87,500,316,133451.444
123.87,500,317,133442.532
123.87,500,318,133433.936
123.87,500,319,133424.973
123.87,500,320,133417.17
123.87,500,321,133408.924
123.87,500,322,133399.623
123.87,500,323,133391.183
123.87,500,324,133382.828
123.87,500,325,133373.881
123.87,500,326,133365.254
123.87,500,327,133357.484
123.87,500,328,133350.061
123.87,500,329,133343.455
123.87,500,330,133335.981
123.87,500,331,133327.523
123.87,500,332,133319.987
123.87,500,333,133310.793
123.87,500,334,133302.413
123.87,500,335,133293.768
123.87,500,336,133286.942
123.87,500,337,133279.631
123.87,500,338,133272.957
123.87,500,339,133265.282
123.87,500,340,133259.367
123.87,500,341,133251.782
123.87,500,342,133244.283
123.87,500,343,133237.02
123.87,500,344,133230.114
123.87,500,345,133223.99
123.87,500,346,133216.271
123.87,500,347,133209.546
123.87,500,348,133201.939
123.87,500,349,133196.292
123.87,500,350,133189.873
123.87,500,351,133183.475
123.87,500,352,133177.203
123.87,500,353,133170.599
123.87,500,354,133163.866
123.87,500,355,133158.034
123.87,500,356,133151.175
123.87,500,357,133144.339
123.87,500,358,133137.852
123.87,500,359,133130.695
123.87,500,360,133125.086
123.87,500,361,133118.587
123.87,500,362,133112.641
123.87,500,363,133106.499
123.87,500,364,133100.995
123.87,500,365,133095.584
123.87,500,366,133089.938
123.87,500,367,133084.508
123.87,500,368,133078.767
123.87,500,369,133072.839
123.87,500,370,133066.989
123.87,500,371,133061.176
123.87,500,372,133056.441
123.87,500,373,133049.826
123.87,500,374,133043.446
123.87,500,375,133037.306
123.87,500,376,133031.035
123.87,500,377,133024.868
123.87,500,378,133019.457
123.87,500,379,133013.956
123.87,500,380,133008.686
123.87,500,381,133004.255
123.87,500,382,132999.045
123.87,500,383,132994.139
123.87,500,384,132988.516
123.87,500,385,132983.307
123.87,500,386,132977.439
123.87,500,387,132972.732
123.87,500,388,132968.077
123.87,500,389,132962.929
123.87,500,390,132958.093
123.87,500,391,132951.546
123.87,500,392,132945.833
123.87,500,393,132940.708
123.87,500,394,132935.223
123.87,500,395,132930.107
123.87,500,396,132924.683
123.87,500,397,132919.461
123.87,500,398,132914.689
123.87,500,399,132909.409
123.87,500,400,132904.748
123.87,500,401,132899.278
123.87,500,402,132894.165
123.87,500,403,132889.631
123.87,500,404,132883.561
123.87,500,405,132878.653
123.87,500,406,132873.596
123.87,500,407,132868.398
123.87,500,408,132863.827
123.87,500,409,132858.111
123.87,500,410,132852.988
123.87,500,411,132848.33
123.87,500,412,132843.845
123.87,500,413,132839.729
123.87,500,414,132835.748
123.87,500,415,132831.801
123.87,500,416,132827.565
123.87,500,417,132822.668
123.87,500,418,132818.494
123.87,500,419,132813.749
123.87,500,420,132809.615
123.87,500,421,132804.933
123.87,500,422,132800.671
123.87,500,423,132795.595
123.87,500,424,132790.871
123.87,500,425,132786.396
123.87,500,426,132781.905
123.87,500,427,132777.373
123.87,500,428,132772.963
123.87,500,429,132769.077
123.87,500,430,132765.207
123.87,500,431,132761.099
123.87,500,432,132756.544
123.87,500,433,132752.522
123.87,500,434,132747.642
123.87,500,435,132742.821
123.87,500,436,132737.927
123.87,500,437,132733.561
123.87,500,438,132729.762
123.87,500,439,132725.735
123.87,500,440,132722.325
123.87,500,441,132718.696
123.87,500,442,132714.552
123.87,500,443,132709.594
123.87,500,444,132706.183
123.87,500,445,132701.836
123.87,500,446,132698.126
123.87,500,447,132694.31
123.87,500,448,132690.237
123.87,500,449,132686.448
123.87,500,450,132682.704
123.87,500,451,132679.136
123.87,500,452,132674.743
123.87,500,453,132670.826
123.87,500,454,132666.782
123.87,500,455,132663.38
123.87,500,456,132660.144
123.87,500,457,132656.488
123.87,500,458,132653.095
123.87,500,459,132648.695
123.87,500,460,132644.955
123.87,500,461,132640.97
123.87,500,462,132636.631
123.87,500,463,132632.357
123.87,500,464,132629.0
123.87,500,465,132625.188
123.87,500,466,132620.824
123.87,500,467,132618.29
123.87,500,468,132614.803
123.87,500,469,132611.101
123.87,500,470,132607.771
123.87,500,471,132605.123
123.87,500,472,132602.264
123.87,500,473,132599.811
123.87,500,474,132596.374
123.87,500,475,132593.54
123.87,500,476,132590.649
123.87,500,477,132587.262
123.87,500,478,132583.986
123.87,500,479,132581.342
123.87,500,480,132577.615
123.87,500,481,132574.306
123.87,500,482,132571.09
123.87,500,483,132568.145
123.87,500,484,132564.778
123.87,500,485,132562.077
123.87,500,486,132559.008
123.87,500,487,132556.108
123.87,500,488,132552.325
123.87,500,489,132548.714
123.87,500,490,132545.788
123.87,500,491,132542.82
123.87,500,492,132539.75
123.87,500,493,132536.791
123.87,500,494,132533.938
123.87,500,495,132530.054
123.87,500,496,132527.104
123.87,500,497,132523.712
123.87,500,498,132519.752
123.87,500,499,132516.777
138.82,10,0,134211.861
138.82,10,1,160371.969
138.82,10,2,145469.869
138.82,10,3,138799.67
138.82,10,4,134153.18
138.82,10,5,130851.853
138.82,10,6,128051.704
138.82,10,7,126035.156
138.82,10,8,124177.706
138.82,10,9,122721.902
138.82,20,0,134211.861
138.82,20,1,186983.031
138.82,20,2,159616.069
138.82,20,3,149306.964
138.82,20,4,143313.021
138.82,20,5,139127.847
138.82,20,6,135917.056
138.82,20,7,133390.301
138.82,20,8,131306.428
138.82,20,9,129602.242
138.82,20,10,128166.519
138.82,20,11,126862.237
138.82,20,12,125841.492
138.82,20,13,124857.098
138.82,20,14,124098.374
138.82,20,15,123405.278
138.82,20,16,122789.624
138.82,20,17,122225.882
138.82,20,18,121718.584
138.82,20,19,121292.915
138.82,50,0,134211.861
138.82,50,1,205311.706
138.82,50,2,204290.828
138.82,50,3,178869.578
138.82,50,4,164657.526
138.82,50,5,156476.055
138.82,50,6,151142.433
138.82,50,7,147182.199
138.82,50,8,144191.959
138.82,50,9,141780.439
138.82,50,10,139841.317
138.82,50,11,138106.402
138.82,50,12,136651.743
138.82,50,13,135354.593
138.82,50,14,134256.386
138.82,50,15,133284.304
138.82,50,16,132447.504
138.82,50,17,131651.89
138.82,50,18,130929.797
138.82,50,19,130344.418
138.82,50,20,129790.59
138.82,50,21,129312.919
138.82,50,22,128824.221
138.82,50,23,128386.185
138.82,50,24,127972.588
138.82,50,25,127582.149
138.82,50,26,127241.896
138.82,50,27,126944.394
138.82,50,28,126650.468
138.82,50,29,126388.148
138.82,50,30,126118.818
138.82,50,31,125877.497
138.82,50,32,125675.983
138.82,50,33,125479.206
138.82,50,34,125299.943
138.82,50,35,125112.812
138.82,50,36,124934.289
138.82,50,37,124762.604
138.82,50,38,124597.177
138.82,50,39,124430.541
138.82,50,40,124279.494
138.82,50,41,124118.825
138.82,50,42,123984.356
138.82,50,43,123863.097
138.82,50,44,123743.929
138.82,50,45,123632.741
138.82,50,46,123524.563
138.82,50,47,123424.964
138.82,50,48,123325.301
138.82,50,49,123232.562
138.82,100,0,134211.861
138.82,100,1,205311.706
138.82,100,2,211222.221
138.82,100,3,214751.45
138.82,100,4,212546.425
138.82,100,5,195164.352
138.82,100,6,179398.167
138.82,100,7,169806.569
138.82,100,8,163254.516
138.82,100,9,158532.801
138.82,100,10,154591.985
138.82,100,11,151621.527
138.82,100,12,149218.346
138.82,100,13,147258.807
138.82,100,14,145593.056
138.82,100,15,144160.978
138.82,100,16,142909.283
138.82,100,17,141764.364
138.82,100,18,140745.905
138.82,100,19,139862.928
138.82,100,20,139033.805
138.82,100,21,138315.095
138.82,100,22,137634.678
138.82,100,23,137012.958
138.82,100,24,136433.307
138.82,100,25,135911.903
138.82,100,26,135432.728
138.82,100,27,134973.857
138.82,100,28,134578.692
138.82,100,29,134173.654
138.82,100,30,133811.487
138.82,100,31,133474.437
138.82,100,32,133163.909
138.82,100,33,132889.692
138.82,100,34,132618.971
138.82,100,35,132362.54
138.82,100,36,132113.619
138.82,100,37,131883.848
138.82,100,38,131657.858
138.82,100,39,131426.861
138.82,100,40,131218.189
138.82,100,41,131022.288
138.82,100,42,130834.193
138.82,100,43,130648.67
138.82,100,44,130467.455
138.82,100,45,130301.918
138.82,100,46,130155.175
138.82,100,47,130014.195
138.82,100,48,129874.418
138.82,100,49,129741.445
138.82,100,50,129612.605
138.82,100,51,129489.687
138.82,100,52,129368.704
138.82,100,53,129259.46
138.82,100,54,129154.162
138.82,100,55,129051.193
138.82,100,56,128943.597
138.82,100,57,128834.603
138.82,100,58,128743.754
138.82,100,59,128650.873
138.82,100,60,128566.997
138.82,100,61,128479.511
138.82,100,62,128392.773
138.82,100,63,128314.271
138.82,100,64,128232.179
138.82,100,65,128156.453
138.82,100,66,128085.498
138.82,100,67,128012.358
138.82,100,68,127937.906
138.82,100,69,127862.09
138.82,100,70,127793.152
138.82,100,71,127727.422
138.82,100,72,127662.166
138.82,100,73,127604.426
138.82,100,74,127542.538
138.82,100,75,127483.353
138.82,100,76,127425.937
138.82,100,77,127368.49
138.82,100,78,127313.032
138.82,100,79,127265.189
138.82,100,80,127218.637
138.82,100,81,127166.191
138.82,100,82,127117.487
138.82,100,83,127070.411
138.82,100,84,127026.736
138.82,100,85,126983.449
138.82,100,86,126933.16
138.82,100,87,126888.711
138.82,100,88,126845.055
138.82,100,89,126801.577
138.82,100,90,126760.706
138.82,100,91,126718.505
138.82,100,92,126683.035
138.82,100,93,126644.467
138.82,100,94,126608.654
138.82,100,95,126574.089
138.82,100,96,126539.523
138.82,100,97,126500.077
138.82,100,98,126462.28
138.82,100,99,126426.193
138.82,200,0,134211.861
138.82,200,1,205311.706
138.82,200,2,211222.221
138.82,200,3,214751.45
138.82,200,4,217144.66
138.82,200,5,219583.904
138.82,200,6,220874.977
138.82,200,7,221740.455
138.82,200,8,221271.984
138.82,200,9,213152.828
138.82,200,10,199962.348
138.82,200,11,188885.99
138.82,200,12,181095.791
138.82,200,13,175408.651
138.82,200,14,170813.382
138.82,200,15,167306.273
138.82,200,16,163905.147
138.82,200,17,161056.378
138.82,200,18,158747.337
138.82,200,19,156759.467
138.82,200,20,154895.506
138.82,200,21,153331.947
138.82,200,22,151920.234
138.82,200,23,150667.863
138.82,200,24,149588.172
138.82,200,25,148641.252
138.82,200,26,147767.703
138.82,200,27,146948.382
138.82,200,28,146242.477
138.82,200,29,145580.673
138.82,200,30,144949.051
138.82,200,31,144372.007
138.82,200,32,143857.185
138.82,200,33,143386.951
138.82,200,34,142920.348
138.82,200,35,142446.963
138.82,200,36,141991.431
138.82,200,37,141602.477
138.82,200,38,141225.689
138.82,200,39,140881.717
138.82,200,40,140553.475
138.82,200,41,140234.621
138.82,200,42,139942.64
138.82,200,43,139662.503
138.82,200,44,139387.294
138.82,200,45,139135.7
138.82,200,46,138883.125
138.82,200,47,138658.706
138.82,200,48,138434.524
138.82,200,49,138220.882
138.82,200,50,138015.033
138.82,200,51,137810.269
138.82,200,52,137621.184
138.82,200,53,137443.813
138.82,200,54,137269.274
138.82,200,55,137097.178
138.82,200,56,136934.246
138.82,200,57,136775.294
138.82,200,58,136639.128
138.82,200,59,136490.509
138.82,200,60,136355.782
138.82,200,61,136214.361
138.82,200,62,136076.289
138.82,200,63,135946.886
138.82,200,64,135818.481
138.82,200,65,135699.179
138.82,200,66,135580.894
138.82,200,67,135469.615
138.82,200,68,135365.416
138.82,200,69,135258.889
138.82,200,70,135150.953
138.82,200,71,135050.162
138.82,200,72,134950.052
138.82,200,73,134860.847
138.82,200,74,134772.246
138.82,200,75,134684.203
138.82,200,76,134593.455
138.82,200,77,134506.489
138.82,200,78,134432.641
138.82,200,79,134358.35
138.82,200,80,134282.401
138.82,200,81,134208.432
138.82,200,82,134131.132
138.82,200,83,134058.983
138.82,200,84,133993.345
138.82,200,85,133922.943
138.82,200,86,133850.445
138.82,200,87,133789.657
138.82,200,88,133725.025
138.82,200,89,133664.032
138.82,200,90,133599.76
138.82,200,91,133538.127
138.82,200,92,133480.066
138.82,200,93,133417.349
138.82,200,94,133358.693
138.82,200,95,133302.987
138.82,200,96,133248.788
138.82,200,97,133193.515
138.82,200,98,133138.545
138.82,200,99,133084.836
138.82,200,100,133035.651
138.82,200,101,132990.415
138.82,200,102,132943.712
138.82,200,103,132895.29
138.82,200,104,132853.454
138.82,200,105,132808.092
138.82,200,106,132767.293
138.82,200,107,132720.067
138.82,200,108,132677.615
138.82,200,109,132635.161
138.82,200,110,132589.647
138.82,200,111,132550.976
138.82,200,112,132514.177
138.82,200,113,132478.369
138.82,200,114,132441.635
138.82,200,115,132406.62
138.82,200,116,132373.581
138.82,200,117,132338.344
138.82,200,118,132303.154
138.82,200,119,132270.924
138.82,200,120,132238.744
138.82,200,121,132206.434
138.82,200,122,132174.178
138.82,200,123,132140.431
138.82,200,124,132110.414
138.82,200,125,132085.749
138.82,200,126,132052.658
138.82,200,127,132021.891
138.82,200,128,131990.83
138.82,200,129,131960.75
138.82,200,130,131932.448
138.82,200,131,131905.134
138.82,200,132,131874.202
138.82,200,133,131843.553
138.82,200,134,131815.785
138.82,200,135,131787.668
138.82,200,136,131757.99
138.82,200,137,131732.291
138.82,200,138,131708.73
138.82,200,139,131684.348
138.82,200,140,131659.789
138.82,200,141,131635.285
138.82,200,142,131611.821
138.82,200,143,131590.328
138.82,200,144,131564.834
138.82,200,145,131540.52
138.82,200,146,131517.989
138.82,200,147,131494.052
138.82,200,148,131472.718
138.82,200,149,131452.813
138.82,200,150,131432.981
138.82,200,151,131412.581
138.82,200,152,131395.22
138.82,200,153,131375.935
138.82,200,154,131355.017
138.82,200,155,131337.257
138.82,200,156,131315.477
138.82,200,157,131297.819
138.82,200,158,131281.287
138.82,200,159,131263.744
138.82,200,160,131246.19
138.82,200,161,131227.674
138.82,200,162,131209.695
138.82,200,163,131191.415
138.82,200,164,131172.867
138.82,200,165,131157.63
138.82,200,166,131137.945
138.82,200,167,131120.863
138.82,200,168,131100.355
138.82,200,169,131085.134
138.82,200,170,131067.975
138.82,200,171,131051.776
138.82,200,172,131036.192
138.82,200,173,131018.502
138.82,200,174,131001.518
138.82,200,175,130984.751
138.82,200,176,130969.444
138.82,200,177,130953.962
138.82,200,178,130940.246
138.82,200,179,130922.31
138.82,200,180,130909.483
138.82,200,181,130895.507
138.82,200,182,130880.413
138.82,200,183,130868.109
138.82,200,184,130853.505
138.82,200,185,130840.82
138.82,200,186,130827.793
138.82,200,187,130814.735
138.82,200,188,130801.887
138.82,200,189,130791.087
138.82,200,190,130778.7
138.82,200,191,130765.872
138.82,200,192,130750.209
138.82,200,193,130739.539
138.82,200,194,130728.088
138.82,200,195,130713.811
138.82,200,196,130700.308
138.82,200,197,130688.986
138.82,200,198,130677.398
138.82,200,199,130666.173
138.82,500,0,134211.861
138.82,500,1,205311.706
138.82,500,2,211222.221
138.82,500,3,214751.45
138.82,500,4,217144.66
138.82,500,5,219583.904
138.82,500,6,220874.977
138.82,500,7,221740.455
138.82,500,8,222988.814
138.82,500,9,223789.735
138.82,500,10,224622.97
138.82,500,11,225514.508
138.82,500,12,226394.641
138.82,500,13,227057.799
138.82,500,14,227693.469
138.82,500,15,228547.909
138.82,500,16,229091.137
138.82,500,17,229653.159
138.82,500,18,230040.543
138.82,500,19,230712.243
138.82,500,20,231217.848
138.82,500,21,230817.627
138.82,500,22,228590.145
138.82,500,23,224211.55
138.82,500,24,218540.358
138.82,500,25,212451.338
138.82,500,26,206124.036
138.82,500,27,200822.209
138.82,500,28,196294.401
138.82,500,29,191939.888
138.82,500,30,188421.465
138.82,500,31,185459.859
138.82,500,32,182870.0
138.82,500,33,180412.404
138.82,500,34,178513.824
138.82,500,35,176824.546
138.82,500,36,175038.053
138.82,500,37,173695.49
138.82,500,38,172469.932
138.82,500,39,171217.356
138.82,500,40,169606.105
138.82,500,41,168451.504
138.82,500,42,167163.372
138.82,500,43,166053.579
138.82,500,44,164953.957
138.82,500,45,164010.73
138.82,500,46,163178.116
138.82,500,47,162250.733
138.82,500,48,161443.499
138.82,500,49,160710.806
138.82,500,50,160008.779
138.82,500,51,159188.717
138.82,500,52,158498.459
138.82,500,53,157841.263
138.82,500,54,157285.351
138.82,500,55,156817.953
138.82,500,56,156307.657
138.82,500,57,155687.072
138.82,500,58,155134.448
138.82,500,59,154676.28
138.82,500,60,154237.786
138.82,500,61,153852.273
138.82,500,62,153480.61
138.82,500,63,153017.33
138.82,500,64,152637.066
138.82,500,65,152310.487
138.82,500,66,151994.174
138.82,500,67,151654.732
138.82,500,68,151313.086
138.82,500,69,151007.692
138.82,500,70,150698.999
138.82,500,71,150427.608
138.82,500,72,150170.386
138.82,500,73,149932.776
138.82,500,74,149662.05
138.82,500,75,149423.235
138.82,500,76,149173.663
138.82,500,77,148959.013
138.82,500,78,148748.456
138.82,500,79,148548.178
138.82,500,80,148362.251
138.82,500,81,148172.86
138.82,500,82,147988.463
138.82,500,83,147801.353
138.82,500,84,147621.599
138.82,500,85,147459.08
138.82,500,86,147288.938
138.82,500,87,147122.811
138.82,500,88,146958.183
138.82,500,89,146806.958
138.82,500,90,146664.221
138.82,500,91,146522.357
138.82,500,92,146379.163
138.82,500,93,146239.03
138.82,500,94,146106.2
138.82,500,95,145972.797
138.82,500,96,145846.206
138.82,500,97,145719.384
138.82,500,98,145595.986
138.82,500,99,145478.13
138.82,500,100,145362.973
138.82,500,101,145253.252
138.82,500,102,145146.885
138.82,500,103,145040.85
138.82,500,104,144944.12
138.82,500,105,144838.188
138.82,500,106,144735.928
138.82,500,107,144633.517
138.82,500,108,144538.071
138.82,500,109,144441.59
138.82,500,110,144347.657
138.82,500,111,144258.701
138.82,500,112,144169.835
138.82,500,113,144087.284
138.82,500,114,144008.605
138.82,500,115,143926.087
138.82,500,116,143844.068
138.82,500,117,143766.476
138.82,500,118,143690.892
138.82,500,119,143615.762
138.82,500,120,143542.138
138.82,500,121,143470.359
138.82,500,122,143400.742
138.82,500,123,143332.084
138.82,500,124,143261.569
138.82,500,125,143196.019
138.82,500,126,143128.209
138.82,500,127,143061.577
138.82,500,128,142996.93
138.82,500,129,142934.092
138.82,500,130,142873.257
138.82,500,131,142814.321
138.82,500,132,142749.896
138.82,500,133,142690.933
138.82,500,134,142630.929
138.82,500,135,142574.214
138.82,500,136,142517.838
138.82,500,137,142462.318
138.82,500,138,142407.825
138.82,500,139,142353.726
138.82,500,140,142301.942
138.82,500,141,142245.101
138.82,500,142,142191.07
138.82,500,143,142142.35
138.82,500,144,142092.86
138.82,500,145,142041.932
138.82,500,146,141995.161
138.82,500,147,141948.747
138.82,500,148,141901.476
138.82,500,149,141856.761
138.82,500,150,141811.817
138.82,500,151,141766.002
138.82,500,152,141722.983
138.82,500,153,141679.416
138.82,500,154,141636.276
138.82,500,155,141595.563
138.82,500,156,141552.037
138.82,500,157,141513.391
138.82,500,158,141474.202
138.82,500,159,141432.899
138.82,500,160,141394.702
138.82,500,161,141355.663
138.82,500,162,141315.88
138.82,500,163,141280.507
138.82,500,164,141241.702
138.82,500,165,141206.692
138.82,500,166,141168.725
138.82,500,167,141133.456
138.82,500,168,141096.151
138.82,500,169,141061.794
138.82,500,170,141028.017
138.82,500,171,140992.973
138.82,500,172,140959.628
138.82,500,173,140924.45
138.82,500,174,140891.71
138.82,500,175,140856.836
138.82,500,176,140821.852
138.82,500,177,140791.836
138.82,500,178,140759.635
138.82,500,179,140728.487
138.82,500,180,140697.332
138.82,500,181,140665.552
138.82,500,182,140635.639
138.82,500,183,140608.36
138.82,500,184,140579.11
138.82,500,185,140552.322
138.82,500,186,140520.782
138.82,500,187,140492.147
138.82,500,188,140463.565
138.82,500,189,140437.607
138.82,500,190,140410.291
138.82,500,191,140383.009
138.82,500,192,140354.933
138.82,500,193,140328.276
138.82,500,194,140300.126
138.82,500,195,140275.483
138.82,500,196,140249.725
138.82,500,197,140224.309
138.82,500,198,140200.142
138.82,500,199,140174.188
138.82,500,200,140149.195
138.82,500,201,140123.959
138.82,500,202,140098.639
138.82,500,203,140075.442
138.82,500,204,140051.932
138.82,500,205,140029.421
138.82,500,206,140004.8
138.82,500,207,139980.899
138.82,500,208,139956.209
138.82,500,209,139931.537
138.82,500,210,139908.668
138.82,500,211,139885.847
138.82,500,212,139863.551
138.82,500,213,139841.957
138.82,500,214,139821.733
138.82,500,215,139801.167
138.82,500,216,139780.297
138.82,500,217,139759.738
138.82,500,218,139737.936
138.82,500,219,139716.003
138.82,500,220,139697.342
138.82,500,221,139677.681
138.82,500,222,139657.822
138.82,500,223,139638.693
138.82,500,224,139620.787
138.82,500,225,139600.248
138.82,500,226,139581.892
138.82,500,227,139561.271
138.82,500,228,139539.992
138.82,500,229,139521.409
138.82,500,230,139503.931
138.82,500,231,139486.548
138.82,500,232,139467.789
138.82,500,233,139450.378
138.82,500,234,139433.757
138.82,500,235,139417.4
138.82,500,236,139398.634
138.82,500,237,139381.98
138.82,500,238,139366.864
138.82,500,239,139350.866
138.82,500,240,139335.244
138.82,500,241,139319.423
138.82,500,242,139303.939
138.82,500,243,139288.473
138.82,500,244,139273.54
138.82,500,245,139258.025
138.82,500,246,139243.86
138.82,500,247,139229.438
138.82,500,248,139213.471
138.82,500,249,139199.897
138.82,500,250,139184.487
138.82,500,251,139170.409
138.82,500,252,139155.184
138.82,500,253,139140.804
138.82,500,254,139125.429
138.82,500,255,139110.127
138.82,500,256,139096.282
138.82,500,257,139081.121
138.82,500,258,139066.268
138.82,500,259,139051.67
138.82,500,260,139038.967
138.82,500,261,139025.943
138.82,500,262,139011.945
138.82,500,263,138998.815
138.82,500,264,138984.925
138.82,500,265,138970.971
138.82,500,266,138958.03
138.82,500,267,138945.108
138.82,500,268,138932.621
138.82,500,269,138919.427
138.82,500,270,138907.64
138.82,500,271,138894.787
138.82,500,272,138883.142
138.82,500,273,138870.974
138.82,500,274,138858.584
138.82,500,275,138845.47
138.82,500,276,138832.858
138.82,500,277,138821.209
138.82,500,278,138808.785
138.82,500,279,138796.988
138.82,500,280,138783.68
138.82,500,281,138770.951
138.82,500,282,138759.623
138.82,500,283,138749.905
138.82,500,284,138736.833
138.82,500,285,138725.16
138.82,500,286,138713.103
138.82,500,287,138701.711
138.82,500,288,138691.251
138.82,500,289,138680.085
138.82,500,290,138669.468
138.82,500,291,138659.238
138.82,500,292,138648.905
138.82,500,293,138639.302
138.82,500,294,138628.682
138.82,500,295,138618.596
138.82,500,296,138608.45
138.82,500,297,138598.147
138.82,500,298,138587.035
138.82,500,299,138577.826
138.82,500,300,138567.317
138.82,500,301,138558.222
138.82,500,302,138548.525
138.82,500,303,138537.937
138.82,500,304,138527.231
138.82,500,305,138515.865
138.82,500,306,138507.045
138.82,500,307,138497.524
138.82,500,308,138487.209
138.82,500,309,138478.409
138.82,500,310,138469.173
138.82,500,311,138459.186
138.82,500,312,138448.467
138.82,500,313,138438.579
138.82,500,314,138429.383
138.82,500,315,138421.498
138.82,500,316,138412.741
138.82,500,317,138403.244
138.82,500,318,138395.357
138.82,500,319,138386.491
138.82,500,320,138377.637
138.82,500,321,138368.999
138.82,500,322,138358.846
138.82,500,323,138350.111
138.82,500,324,138341.383
138.82,500,325,138333.023
138.82,500,326,138325.041
138.82,500,327,138315.67
138.82,500,328,138305.663
138.82,500,329,138298.269
138.82,500,330,138290.143
138.82,500,331,138282.826
138.82,500,332,138274.259
138.82,500,333,138266.548
138.82,500,334,138257.894
138.82,500,335,138249.928
138.82,500,336,138241.386
138.82,500,337,138233.672
138.82,500,338,138225.207
138.82,500,339,138217.045
138.82,500,340,138209.749
138.82,500,341,138201.626
138.82,500,342,138193.938
138.82,500,343,138187.273
138.82,500,344,138179.407
138.82,500,345,138172.631
138.82,500,346,138164.58
138.82,500,347,138156.432
138.82,500,348,138148.389
138.82,500,349,138141.379
138.82,500,350,138134.367
138.82,500,351,138127.724
138.82,500,352,138121.134
138.82,500,353,138113.46
138.82,500,354,138106.354
138.82,500,355,138099.657
138.82,500,356,138092.264
138.82,500,357,138085.172
138.82,500,358,138078.645
138.82,500,359,138072.095
138.82,500,360,138065.858
138.82,500,361,138059.491
138.82,500,362,138053.043
138.82,500,363,138047.474
138.82,500,364,138041.661
138.82,500,365,138034.979
138.82,500,366,138029.494
138.82,500,367,138023.768
138.82,500,368,138017.283
138.82,500,369,138011.588
138.82,500,370,138005.487
138.82,500,371,137999.989
138.82,500,372,137993.575
138.82,500,373,137987.61
138.82,500,374,137981.922
138.82,500,375,137975.364
138.82,500,376,137969.08
138.82,500,377,137962.302
138.82,500,378,137956.606
138.82,500,379,137950.711
138.82,500,380,137945.209
138.82,500,381,137939.298
138.82,500,382,137932.876
138.82,500,383,137926.192
138.82,500,384,137920.425
138.82,500,385,137913.585
138.82,500,386,137908.518
138.82,500,387,137902.993
138.82,500,388,137898.419
138.82,500,389,137892.874
138.82,500,390,137886.464
138.82,500,391,137879.864
138.82,500,392,137874.468
138.82,500,393,137869.259
138.82,500,394,137862.364
138.82,500,395,137856.167
138.82,500,396,137851.126
138.82,500,397,137845.484
138.82,500,398,137839.925
138.82,500,399,137834.162
138.82,500,400,137828.448
138.82,500,401,137822.719
138.82,500,402,137817.864
138.82,500,403,137812.083
138.82,500,404,137807.254
138.82,500,405,137802.403
138.82,500,406,137797.569
138.82,500,407,137792.789
138.82,500,408,137787.43
138.82,500,409,137782.767
138.82,500,410,137777.464
138.82,500,411,137772.652
138.82,500,412,137767.693
138.82,500,413,137763.298
138.82,500,414,137757.801
138.82,500,415,137752.971
138.82,500,416,137748.32
138.82,500,417,137743.834
138.82,500,418,137739.669
138.82,500,419,137733.788
138.82,500,420,137728.511
138.82,500,421,137723.416
138.82,500,422,137718.832
138.82,500,423,137713.884
138.82,500,424,137709.492
138.82,500,425,137704.104
138.82,500,426,137699.853
138.82,500,427,137695.047
138.82,500,428,137690.334
138.82,500,429,137684.874
138.82,500,430,137680.824
138.82,500,431,137676.151
138.82,500,432,137670.407
138.82,500,433,137666.116
138.82,500,434,137661.223
138.82,500,435,137657.337
138.82,500,436,137652.717
138.82,500,437,137648.522
138.82,500,438,137643.8
138.82,500,439,137638.905
138.82,500,440,137635.288
138.82,500,441,137631.521
138.82,500,442,137626.763
138.82,500,443,137622.626
138.82,500,444,137618.475
138.82,500,445,137614.671
138.82,500,446,137610.484
138.82,500,447,137605.331
138.82,500,448,137600.898
138.82,500,449,137597.326
138.82,500,450,137592.369
138.82,500,451,137587.796
138.82,500,452,137583.823
138.82,500,453,137580.13
138.82,500,454,137576.555
138.82,500,455,137573.145
138.82,500,456,137569.639
138.82,500,457,137566.165
138.82,500,458,137562.349
138.82,500,459,137558.772
138.82,500,460,137555.207
138.82,500,461,137551.359
138.82,500,462,137547.252
138.82,500,463,137543.347
138.82,500,464,137539.839
138.82,500,465,137536.165
138.82,500,466,137531.677
138.82,500,467,137527.337
138.82,500,468,137523.432
138.82,500,469,137518.993
138.82,500,470,137515.558
138.82,500,471,137512.245
138.82,500,472,137508.544
138.82,500,473,137504.616
138.82,500,474,137500.972
138.82,500,475,137497.798
138.82,500,476,137493.899
138.82,500,477,137489.54
138.82,500,478,137485.963
138.82,500,479,137482.216
138.82,500,480,137478.252
138.82,500,481,137473.934
138.82,500,482,137470.166
138.82,500,483,137466.077
138.82,500,484,137462.412
138.82,500,485,137458.455
138.82,500,486,137455.101
138.82,500,487,137451.467
138.82,500,488,137447.991
138.82,500,489,137444.742
138.82,500,490,137441.692
138.82,500,491,137438.274
138.82,500,492,137434.976
138.82,500,493,137430.916
138.82,500,494,137427.258
138.82,500,495,137423.794
138.82,500,496,137420.74
138.82,500,497,137417.65
138.82,500,498,137414.221
138.82,500,499,137410.599
155.73,10,0,143616.631
155.73,10,1,170134.049
155.73,10,2,155324.64
155.73,10,3,148089.478
155.73,10,4,143410.656
155.73,10,5,139965.978
155.73,10,6,137560.927
155.73,10,7,135443.174
155.73,10,8,133685.223
155.73,10,9,132210.109
155.73,20,0,143616.631
155.73,20,1,196399.597
155.73,20,2,169801.038
155.73,20,3,158887.391
155.73,20,4,152658.946
155.73,20,5,148406.861
155.73,20,6,145326.544
155.73,20,7,142782.003
155.73,20,8,140714.704
155.73,20,9,139034.318
155.73,20,10,137626.866
155.73,20,11,136360.85
155.73,20,12,135300.379
155.73,20,13,134486.701
155.73,20,14,133704.823
155.73,20,15,133005.24
155.73,20,16,132422.768
155.73,20,17,131838.318
155.73,20,18,131365.73
155.73,20,19,130912.509
155.73,50,0,143616.631
155.73,50,1,214389.744
155.73,50,2,215405.361
155.73,50,3,189891.175
155.73,50,4,175105.795
155.73,50,5,166513.734
155.73,50,6,161034.397
155.73,50,7,157022.355
155.73,50,8,153992.155
155.73,50,9,151460.066
155.73,50,10,149374.222
155.73,50,11,147649.645
155.73,50,12,146156.772
155.73,50,13,144971.923
155.73,50,14,143903.606
155.73,50,15,142948.998
155.73,50,16,142111.498
155.73,50,17,141333.063
155.73,50,18,140644.509
155.73,50,19,139996.242
155.73,50,20,139417.165
155.73,50,21,138883.743
155.73,50,22,138369.794
155.73,50,23,137937.99
155.73,50,24,137529.245
155.73,50,25,137144.646
155.73,50,26,136795.798
155.73,50,27,136435.341
155.73,50,28,136097.104
155.73,50,29,135815.38
155.73,50,30,135550.296
155.73,50,31,135298.24
155.73,50,32,135046.343
155.73,50,33,134791.399
155.73,50,34,134539.622
155.73,50,35,134316.414
155.73,50,36,134109.449
155.73,50,37,133916.399
155.73,50,38,133728.174
155.73,50,39,133534.816
155.73,50,40,133363.048
155.73,50,41,133180.02
155.73,50,42,133019.255
155.73,50,43,132878.997
155.73,50,44,132739.81
155.73,50,45,132611.324
155.73,50,46,132485.238
155.73,50,47,132373.709
155.73,50,48,132262.747
155.73,50,49,132136.226
155.73,100,0,143616.631
155.73,100,1,214389.744
155.73,100,2,221984.061
155.73,100,3,225855.719
155.73,100,4,223461.852
155.73,100,5,206297.215
155.73,100,6,190757.717
155.73,100,7,181394.274
155.73,100,8,174353.413
155.73,100,9,168853.633
155.73,100,10,164687.768
155.73,100,11,161622.251
155.73,100,12,159149.493
155.73,100,13,157232.745
155.73,100,14,155567.936
155.73,100,15,154077.996
155.73,100,16,152770.884
155.73,100,17,151609.453
155.73,100,18,150587.517
155.73,100,19,149574.844
155.73,100,20,148760.431
155.73,100,21,148012.048
155.73,100,22,147336.024
155.73,100,23,146702.867
155.73,100,24,146122.884
155.73,100,25,145573.395
155.73,100,26,145083.825
155.73,100,27,144637.642
155.73,100,28,144198.999
155.73,100,29,143770.705
155.73,100,30,143395.478
155.73,100,31,143063.793
155.73,100,32,142730.938
155.73,100,33,142412.836
155.73,100,34,142087.437
155.73,100,35,141778.299
155.73,100,36,141495.489
155.73,100,37,141234.083
155.73,100,38,140977.999
155.73,100,39,140720.406
155.73,100,40,140495.627
155.73,100,41,140265.812
155.73,100,42,140044.65
155.73,100,43,139837.686
155.73,100,44,139637.146
155.73,100,45,139443.693
155.73,100,46,139270.681
155.73,100,47,139113.141
155.73,100,48,138956.967
155.73,100,49,138796.636
155.73,100,50,138656.643
155.73,100,51,138512.469
155.73,100,52,138369.121
155.73,100,53,138227.607
155.73,100,54,138111.577
155.73,100,55,137991.841
155.73,100,56,137872.441
155.73,100,57,137761.026
155.73,100,58,137653.951
155.73,100,59,137551.874
155.73,100,60,137452.174
155.73,100,61,137358.237
155.73,100,62,137262.99
155.73,100,63,137173.092
155.73,100,64,137083.644
155.73,100,65,137001.155
155.73,100,66,136915.391
155.73,100,67,136827.419
155.73,100,68,136743.806
155.73,100,69,136674.129
155.73,100,70,136593.838
155.73,100,71,136518.211
155.73,100,72,136439.365
155.73,100,73,136363.737
155.73,100,74,136291.181
155.73,100,75,136223.063
155.73,100,76,136149.196
155.73,100,77,136080.677
155.73,100,78,136016.365
155.73,100,79,135955.362
155.73,100,80,135893.009
155.73,100,81,135836.262
155.73,100,82,135783.292
155.73,100,83,135732.319
155.73,100,84,135678.432
155.73,100,85,135623.121
155.73,100,86,135577.374
155.73,100,87,135530.678
155.73,100,88,135483.169
155.73,100,89,135438.453
155.73,100,90,135398.106
155.73,100,91,135352.049
155.73,100,92,135311.289
155.73,100,93,135261.173
155.73,100,94,135212.332
155.73,100,95,135170.648
155.73,100,96,135129.578
155.73,100,97,135088.044
155.73,100,98,135043.163
155.73,100,99,135002.284
155.73,200,0,143616.631
155.73,200,1,214389.744
155.73,200,2,221984.061
155.73,200,3,225855.719
155.73,200,4,227991.966
155.73,200,5,229965.674
155.73,200,6,231409.773
155.73,200,7,232443.826
155.73,200,8,231900.675
155.73,200,9,223667.678
155.73,200,10,211523.059
155.73,200,11,200935.712
155.73,200,12,193251.408
155.73,200,13,187842.485
155.73,200,14,183038.844
155.73,200,15,178980.875
155.73,200,16,175736.412
155.73,200,17,172823.062
155.73,200,18,169993.011
155.73,200,19,167651.359
155.73,200,20,165593.931
155.73,200,21,163898.269
155.73,200,22,162356.208
155.73,200,23,161065.412
155.73,200,24,159977.008
155.73,200,25,158899.476
155.73,200,26,157977.907
155.73,200,27,157097.166
155.73,200,28,156310.157
155.73,200,29,155564.573
155.73,200,30,154911.067
155.73,200,31,154293.314
155.73,200,32,153726.341
155.73,200,33,153166.574
155.73,200,34,152634.256
155.73,200,35,152152.819
155.73,200,36,151690.84
155.73,200,37,151260.142
155.73,200,38,150841.321
155.73,200,39,150444.792
155.73,200,40,150071.654
155.73,200,41,149712.622
155.73,200,42,149375.937
155.73,200,43,149064.789
155.73,200,44,148764.321
155.73,200,45,148483.746
155.73,200,46,148211.702
155.73,200,47,147969.6
155.73,200,48,147724.707
155.73,200,49,147486.345
155.73,200,50,147258.998
155.73,200,51,147039.298
155.73,200,52,146832.176
155.73,200,53,146634.529
155.73,200,54,146442.769
155.73,200,55,146245.32
155.73,200,56,146067.434
155.73,200,57,145891.833
155.73,200,58,145725.69
155.73,200,59,145571.616
155.73,200,60,145409.898
155.73,200,61,145263.057
155.73,200,62,145118.035
155.73,200,63,144977.811
155.73,200,64,144836.497
155.73,200,65,144703.929
155.73,200,66,144569.912
155.73,200,67,144439.838
155.73,200,68,144316.569
155.73,200,69,144203.38
155.73,200,70,144094.062
155.73,200,71,143977.528
155.73,200,72,143868.726
155.73,200,73,143765.139
155.73,200,74,143660.581
155.73,200,75,143553.015
155.73,200,76,143454.21
155.73,200,77,143356.547
155.73,200,78,143265.347
155.73,200,79,143171.148
155.73,200,80,143079.098
155.73,200,81,142994.951
155.73,200,82,142914.16
155.73,200,83,142837.427
155.73,200,84,142760.957
155.73,200,85,142680.783
155.73,200,86,142600.544
155.73,200,87,142528.856
155.73,200,88,142457.504
155.73,200,89,142387.236
155.73,200,90,142320.337
155.73,200,91,142251.18
155.73,200,92,142189.882
155.73,200,93,142122.12
155.73,200,94,142058.583
155.73,200,95,141997.754
155.73,200,96,141938.511
155.73,200,97,141877.231
155.73,200,98,141817.019
155.73,200,99,141762.338
155.73,200,100,141706.457
155.73,200,101,141653.025
155.73,200,102,141598.006
155.73,200,103,141540.095
155.73,200,104,141487.103
155.73,200,105,141439.593
155.73,200,106,141395.001
155.73,200,107,141350.881
155.73,200,108,141304.997
155.73,200,109,141263.36
155.73,200,110,141220.103
155.73,200,111,141176.484
155.73,200,112,141135.35
155.73,200,113,141088.785
155.73,200,114,141046.516
155.73,200,115,141007.769
155.73,200,116,140969.922
155.73,200,117,140932.424
155.73,200,118,140887.975
155.73,200,119,140851.033
155.73,200,120,140813.401
155.73,200,121,140775.623
155.73,200,122,140734.838
155.73,200,123,140701.718
155.73,200,124,140665.794
155.73,200,125,140634.363
155.73,200,126,140604.182
155.73,200,127,140576.842
155.73,200,128,140542.391
155.73,200,129,140511.1
155.73,200,130,140474.318
155.73,200,131,140441.275
155.73,200,132,140412.117
155.73,200,133,140381.218
155.73,200,134,140353.021
155.73,200,135,140323.303
155.73,200,136,140295.001
155.73,200,137,140263.668
155.73,200,138,140234.578
155.73,200,139,140205.869
155.73,200,140,140180.949
155.73,200,141,140156.851
155.73,200,142,140134.677
155.73,200,143,140107.485
155.73,200,144,140081.553
155.73,200,145,140055.064
155.73,200,146,140029.397
155.73,200,147,140001.278
155.73,200,148,139978.957
155.73,200,149,139955.185
155.73,200,150,139932.335
155.73,200,151,139911.066
155.73,200,152,139886.102
155.73,200,153,139863.973
155.73,200,154,139841.953
155.73,200,155,139819.608
155.73,200,156,139797.269
155.73,200,157,139774.445
155.73,200,158,139750.711
155.73,200,159,139730.584
155.73,200,160,139706.4
155.73,200,161,139686.486
155.73,200,162,139666.499
155.73,200,163,139646.636
155.73,200,164,139624.32
155.73,200,165,139604.371
155.73,200,166,139588.121
155.73,200,167,139567.58
155.73,200,168,139545.713
155.73,200,169,139524.257
155.73,200,170,139506.224
155.73,200,171,139486.172
155.73,200,172,139468.518
155.73,200,173,139451.09
155.73,200,174,139433.956
155.73,200,175,139416.761
155.73,200,176,139401.552
155.73,200,177,139384.089
155.73,200,178,139367.597
155.73,200,179,139353.353
155.73,200,180,139338.554
155.73,200,181,139322.554
155.73,200,182,139308.066
155.73,200,183,139292.69
155.73,200,184,139275.159
155.73,200,185,139258.812
155.73,200,186,139242.632
155.73,200,187,139225.61
155.73,200,188,139212.397
155.73,200,189,139197.366
155.73,200,190,139182.338
155.73,200,191,139167.658
155.73,200,192,139153.676
155.73,200,193,139138.745
155.73,200,194,139122.018
155.73,200,195,139109.633
155.73,200,196,139095.448
155.73,200,197,139081.683
155.73,200,198,139067.547
155.73,200,199,139053.702
155.73,500,0,143616.631
155.73,500,1,214389.744
155.73,500,2,221984.061
155.73,500,3,225855.719
155.73,500,4,227991.966
155.73,500,5,229965.674
155.73,500,6,231409.773
155.73,500,7,232458.454
155.73,500,8,233663.41
155.73,500,9,234729.894
155.73,500,10,235615.335
155.73,500,11,236422.468
155.73,500,12,237295.078
155.73,500,13,238189.233
155.73,500,14,238886.154
155.73,500,15,239536.264
155.73,500,16,240474.45
155.73,500,17,240886.559
155.73,500,18,241354.994
155.73,500,19,241969.269
155.73,500,20,242552.921
155.73,500,21,242308.354
155.73,500,22,240442.247
155.73,500,23,235949.338
155.73,500,24,230674.698
155.73,500,25,224461.75
155.73,500,26,218034.67
155.73,500,27,212639.224
155.73,500,28,207584.437
155.73,500,29,203632.767
155.73,500,30,200084.85
155.73,500,31,197038.932
155.73,500,32,194306.001
155.73,500,33,191812.26
155.73,500,34,189578.042
155.73,500,35,187562.557
155.73,500,36,185728.227
155.73,500,37,184129.459
155.73,500,38,182834.251
155.73,500,39,181359.006
155.73,500,40,180030.684
155.73,500,41,178726.534
155.73,500,42,177462.217
155.73,500,43,176417.77
155.73,500,44,175382.959
155.73,500,45,174467.678
155.73,500,46,173497.179
155.73,500,47,172694.908
155.73,500,48,171950.891
155.73,500,49,171264.114
155.73,500,50,170509.181
155.73,500,51,169763.33
155.73,500,52,169043.998
155.73,500,53,168420.939
155.73,500,54,167836.668
155.73,500,55,167276.481
155.73,500,56,166637.631
155.73,500,57,166111.238
155.73,500,58,165612.299
155.73,500,59,165030.589
155.73,500,60,164505.838
155.73,500,61,164080.208
155.73,500,62,163656.52
155.73,500,63,163225.932
155.73,500,64,162782.98
155.73,500,65,162390.037
155.73,500,66,162023.312
155.73,500,67,161666.085
155.73,500,68,161302.83
155.73,500,69,160976.415
155.73,500,70,160683.179
155.73,500,71,160370.46
155.73,500,72,160103.685
155.73,500,73,159675.164
155.73,500,74,159308.79
155.73,500,75,159018.468
155.73,500,76,158723.384
155.73,500,77,158463.883
155.73,500,78,158226.023
155.73,500,79,158014.177
155.73,500,80,157757.618
155.73,500,81,157507.205
155.73,500,82,157294.403
155.73,500,83,157048.902
155.73,500,84,156834.562
155.73,500,85,156640.996
155.73,500,86,156490.783
155.73,500,87,156320.197
155.73,500,88,156064.418
155.73,500,89,155875.43
155.73,500,90,155719.405
155.73,500,91,155550.621
155.73,500,92,155394.997
155.73,500,93,155238.409
155.73,500,94,155087.938
155.73,500,95,154945.841
155.73,500,96,154810.644
155.73,500,97,154676.793
155.73,500,98,154541.171
155.73,500,99,154420.241
155.73,500,100,154301.043
155.73,500,101,154173.724
155.73,500,102,154054.528
155.73,500,103,153936.426
155.73,500,104,153814.826
155.73,500,105,153710.051
155.73,500,106,153601.671
155.73,500,107,153493.204
155.73,500,108,153391.124
155.73,500,109,153288.595
155.73,500,110,153192.948
155.73,500,111,153096.698
155.73,500,112,153005.323
155.73,500,113,152907.402
155.73,500,114,152815.991
155.73,500,115,152731.708
155.73,500,116,152644.697
155.73,500,117,152558.377
155.73,500,118,152469.108
155.73,500,119,152385.67
155.73,500,120,152306.278
155.73,500,121,152227.571
155.73,500,122,152146.164
155.73,500,123,152071.299
155.73,500,124,151991.541
155.73,500,125,151921.554
155.73,500,126,151847.552
155.73,500,127,151775.292
155.73,500,128,151705.579
155.73,500,129,151637.382
155.73,500,130,151567.402
155.73,500,131,151495.78
155.73,500,132,151432.624
155.73,500,133,151367.57
155.73,500,134,151304.803
155.73,500,135,151240.953
155.73,500,136,151182.451
155.73,500,137,151120.239
155.73,500,138,151056.994
155.73,500,139,151000.61
155.73,500,140,150944.294
155.73,500,141,150889.947
155.73,500,142,150831.192
155.73,500,143,150775.028
155.73,500,144,150718.021
155.73,500,145,150660.406
155.73,500,146,150612.075
155.73,500,147,150558.798
155.73,500,148,150509.794
155.73,500,149,150457.86
155.73,500,150,150408.084
155.73,500,151,150361.628
155.73,500,152,150310.133
155.73,500,153,150263.392
155.73,500,154,150213.88
155.73,500,155,150168.485
155.73,500,156,150121.05
155.73,500,157,150076.537
155.73,500,158,150032.091
155.73,500,159,149984.22
155.73,500,160,149938.668
155.73,500,161,149894.135
155.73,500,162,149850.55
155.73,500,163,149808.739
155.73,500,164,149766.467
155.73,500,165,149725.581
155.73,500,166,149687.227
155.73,500,167,149647.784
155.73,500,168,149609.879
155.73,500,169,149568.937
155.73,500,170,149529.86
155.73,500,171,149490.046
155.73,500,172,149451.431
155.73,500,173,149414.807
155.73,500,174,149378.689
155.73,500,175,149345.106
155.73,500,176,149310.13
155.73,500,177,149276.365
155.73,500,178,149242.596
155.73,500,179,149209.574
155.73,500,180,149178.467
155.73,500,181,149146.457
155.73,500,182,149113.55
155.73,500,183,149082.686
155.73,500,184,149049.272
155.73,500,185,149020.215
155.73,500,186,148988.862
155.73,500,187,148958.388
155.73,500,188,148928.352
155.73,500,189,148900.045
155.73,500,190,148866.953
155.73,500,191,148837.66
155.73,500,192,148808.716
155.73,500,193,148779.441
155.73,500,194,148748.898
155.73,500,195,148720.418
155.73,500,196,148690.682
155.73,500,197,148663.947
155.73,500,198,148638.787
155.73,500,199,148608.633
155.73,500,200,148578.832
155.73,500,201,148549.024
155.73,500,202,148523.747
155.73,500,203,148499.148
155.73,500,204,148474.004
155.73,500,205,148447.803
155.73,500,206,148420.943
155.73,500,207,148394.979
155.73,500,208,148369.07
155.73,500,209,148345.192
155.73,500,210,148319.393
155.73,500,211,148292.208
155.73,500,212,148267.33
155.73,500,213,148241.03
155.73,500,214,148215.255
155.73,500,215,148191.584
155.73,500,216,148168.084
155.73,500,217,148144.28
155.73,500,218,148121.869
155.73,500,219,148099.77
155.73,500,220,148076.906
155.73,500,221,148055.054
155.73,500,222,148034.144
155.73,500,223,148013.123
155.73,500,224,147991.882
155.73,500,225,147969.686
155.73,500,226,147948.017
155.73,500,227,147927.498
155.73,500,228,147905.534
155.73,500,229,147883.847
155.73,500,230,147864.545
155.73,500,231,147846.025
155.73,500,232,147824.836
155.73,500,233,147804.746
155.73,500,234,147784.99
155.73,500,235,147765.441
155.73,500,236,147746.611
155.73,500,237,147728.289
155.73,500,238,147711.176
155.73,500,239,147692.664
155.73,500,240,147674.583
155.73,500,241,147656.917
155.73,500,242,147638.744
155.73,500,243,147621.293
155.73,500,244,147604.239
155.73,500,245,147588.658
155.73,500,246,147570.274
155.73,500,247,147551.584
155.73,500,248,147533.933
155.73,500,249,147516.654
155.73,500,250,147500.363
155.73,500,251,147485.41
155.73,500,252,147468.855
155.73,500,253,147454.454
155.73,500,254,147437.792
155.73,500,255,147422.789
155.73,500,256,147407.171
155.73,500,257,147391.023
155.73,500,258,147376.445
155.73,500,259,147363.63
155.73,500,260,147349.019
155.73,500,261,147334.372
155.73,500,262,147318.656
155.73,500,263,147305.25
155.73,500,264,147290.553
155.73,500,265,147276.385
155.73,500,266,147263.06
155.73,500,267,147248.99
155.73,500,268,147236.183
155.73,500,269,147222.74
155.73,500,270,147209.149
155.73,500,271,147196.35
155.73,500,272,147182.484
155.73,500,273,147169.306
155.73,500,274,147156.736
155.73,500,275,147143.658
155.73,500,276,147130.34
155.73,500,277,147118.545
155.73,500,278,147107.09
155.73,500,279,147094.575
155.73,500,280,147081.774
155.73,500,281,147069.914
155.73,500,282,147057.819
155.73,500,283,147047.117
155.73,500,284,147035.704
155.73,500,285,147024.34
155.73,500,286,147012.529
155.73,500,287,146999.702
155.73,500,288,146989.088
155.73,500,289,146977.116
155.73,500,290,146965.525
155.73,500,291,146954.512
155.73,500,292,146944.237
155.73,500,293,146932.901
155.73,500,294,146922.024
155.73,500,295,146910.527
155.73,500,296,146899.293
155.73,500,297,146888.423
155.73,500,298,146877.332
155.73,500,299,146865.579
155.73,500,300,146854.683
155.73,500,301,146844.184
155.73,500,302,146832.876
155.73,500,303,146822.178
155.73,500,304,146811.019
155.73,500,305,146800.253
155.73,500,306,146788.706
155.73,500,307,146778.515
155.73,500,308,146768.909
155.73,500,309,146759.034
155.73,500,310,146749.283
155.73,500,311,146739.616
155.73,500,312,146729.358
155.73,500,313,146718.292
155.73,500,314,146707.485
155.73,500,315,146697.961
155.73,500,316,146688.541
155.73,500,317,146680.006
155.73,500,318,146669.755
155.73,500,319,146659.731
155.73,500,320,146650.549
155.73,500,321,146642.121
155.73,500,322,146634.167
155.73,500,323,146626.293
155.73,500,324,146616.95
155.73,500,325,146609.009
155.73,500,326,146599.49
155.73,500,327,146589.577
155.73,500,328,146581.337
155.73,500,329,146571.966
155.73,500,330,146563.661
155.73,500,331,146554.336
155.73,500,332,146545.574
155.73,500,333,146537.225
155.73,500,334,146528.173
155.73,500,335,146519.622
155.73,500,336,146509.51
155.73,500,337,146500.759
155.73,500,338,146492.769
155.73,500,339,146483.352
155.73,500,340,146474.396
155.73,500,341,146465.979
155.73,500,342,146456.718
155.73,500,343,146448.077
155.73,500,344,146440.24
155.73,500,345,146431.683
155.73,500,346,146423.627
155.73,500,347,146414.663
155.73,500,348,146407.062
155.73,500,349,146398.784
155.73,500,350,146390.868
155.73,500,351,146382.911
155.73,500,352,146374.878
155.73,500,353,146367.64
155.73,500,354,146360.514
155.73,500,355,146352.982
155.73,500,356,146344.77
155.73,500,357,146336.953
155.73,500,358,146328.843
155.73,500,359,146321.978
155.73,500,360,146314.769
155.73,500,361,146307.69
155.73,500,362,146300.478
155.73,500,363,146293.224
155.73,500,364,146284.827
155.73,500,365,146277.882
155.73,500,366,146270.722
155.73,500,367,146265.243
155.73,500,368,146258.114
155.73,500,369,146251.809
155.73,500,370,146245.788
155.73,500,371,146238.752
155.73,500,372,146231.859
155.73,500,373,146225.835
155.73,500,374,146218.665
155.73,500,375,146212.194
155.73,500,376,146205.892
155.73,500,377,146199.368
155.73,500,378,146192.63
155.73,500,379,146185.768
155.73,500,380,146179.521
155.73,500,381,146173.626
155.73,500,382,146167.405
155.73,500,383,146161.718
155.73,500,384,146156.695
155.73,500,385,146150.358
155.73,500,386,146144.409
155.73,500,387,146138.454
155.73,500,388,146131.997
155.73,500,389,146125.055
155.73,500,390,146118.718
155.73,500,391,146111.927
155.73,500,392,146104.93
155.73,500,393,146098.803
155.73,500,394,146093.139
155.73,500,395,146087.406
155.73,500,396,146081.924
155.73,500,397,146075.195
155.73,500,398,146068.527
155.73,500,399,146062.524
155.73,500,400,146056.274
155.73,500,401,146049.948
155.73,500,402,146043.639
155.73,500,403,146037.889
155.73,500,404,146032.309
155.73,500,405,146026.649
155.73,500,406,146021.029
155.73,500,407,146015.794
155.73,500,408,146009.929
155.73,500,409,146003.341
155.73,500,410,145998.497
155.73,500,411,145992.662
155.73,500,412,145987.572
155.73,500,413,145982.014
155.73,500,414,145976.534
155.73,500,415,145970.78
155.73,500,416,145965.586
155.73,500,417,145959.623
155.73,500,418,145953.992
155.73,500,419,145947.951
155.73,500,420,145942.206
155.73,500,421,145935.889
155.73,500,422,145931.055
155.73,500,423,145925.375
155.73,500,424,145920.384
155.73,500,425,145915.092
155.73,500,426,145910.592
155.73,500,427,145905.216
155.73,500,428,145899.895
155.73,500,429,145894.919
155.73,500,430,145890.304
155.73,500,431,145885.842
155.73,500,432,145879.877
155.73,500,433,145875.03
155.73,500,434,145870.568
155.73,500,435,145865.463
155.73,500,436,145861.27
155.73,500,437,145856.014
155.73,500,438,145851.193
155.73,500,439,145846.84
155.73,500,440,145842.433
155.73,500,441,145837.149
155.73,500,442,145833.209
155.73,500,443,145827.962
155.73,500,444,145822.281
155.73,500,445,145817.208
155.73,500,446,145812.273
155.73,500,447,145806.916
155.73,500,448,145802.106
155.73,500,449,145797.474
155.73,500,450,145792.944
155.73,500,451,145788.53
155.73,500,452,145783.297
155.73,500,453,145778.56
155.73,500,454,145773.624
155.73,500,455,145769.172
155.73,500,456,145764.481
155.73,500,457,145759.007
155.73,500,458,145755.153
155.73,500,459,145749.936
155.73,500,460,145745.299
155.73,500,461,145741.11
155.73,500,462,145736.786
155.73,500,463,145732.797
155.73,500,464,145729.023
155.73,500,465,145724.871
155.73,500,466,145720.282
155.73,500,467,145715.435
155.73,500,468,145711.72
155.73,500,469,145707.57
155.73,500,470,145702.598
155.73,500,471,145698.703
155.73,500,472,145694.023
155.73,500,473,145689.921
155.73,500,474,145685.301
155.73,500,475,145681.453
155.73,500,476,145677.326
155.73,500,477,145672.723
155.73,500,478,145668.62
155.73,500,479,145664.577
155.73,500,480,145660.325
155.73,500,481,145656.424
155.73,500,482,145651.86
155.73,500,483,145647.721
155.73,500,484,145643.917
155.73,500,485,145639.914
155.73,500,486,145636.073
155.73,500,487,145631.666
155.73,500,488,145628.134
155.73,500,489,145624.813
155.73,500,490,145621.444
155.73,500,491,145618.278
155.73,500,492,145614.95
155.73,500,493,145611.664
155.73,500,494,145608.856
155.73,500,495,145604.977
155.73,500,496,145601.662
155.73,500,497,145598.696
155.73,500,498,145594.285
155.73,500,499,145590.825
177.2,10,0,150165.683
177.2,10,1,176707.865
177.2,10,2,162261.691
177.2,10,3,155201.394
177.2,10,4,150466.565
177.2,10,5,147100.64
177.2,10,6,144453.588
177.2,10,7,142216.092
177.2,10,8,140382.862
177.2,10,9,138966.156
177.2,20,0,150165.683
177.2,20,1,203872.484
177.2,20,2,176758.321
177.2,20,3,165874.868
177.2,20,4,159658.115
177.2,20,5,155453.962
177.2,20,6,152227.581
177.2,20,7,149715.938
177.2,20,8,147555.589
177.2,20,9,145812.464
177.2,20,10,144391.666
177.2,20,11,143145.003
177.2,20,12,142076.459
177.2,20,13,141123.002
177.2,20,14,140306.513
177.2,20,15,139566.285
177.2,20,16,138988.358
177.2,20,17,138435.763
177.2,20,18,137915.77
177.2,20,19,137479.422
177.2,50,0,150165.683
177.2,50,1,222431.487
177.2,50,2,222135.944
177.2,50,3,197427.19
177.2,50,4,182101.267
177.2,50,5,173529.096
177.2,50,6,167862.033
177.2,50,7,163813.312
177.2,50,8,160659.445
177.2,50,9,158218.169
177.2,50,10,156193.162
177.2,50,11,154406.752
177.2,50,12,152853.662
177.2,50,13,151538.729
177.2,50,14,150403.345
177.2,50,15,149420.284
177.2,50,16,148602.229
177.2,50,17,147833.371
177.2,50,18,147160.782
177.2,50,19,146571.269
177.2,50,20,146000.631
177.2,50,21,145445.491
177.2,50,22,144936.874
177.2,50,23,144495.482
177.2,50,24,144074.014
177.2,50,25,143712.346
177.2,50,26,143366.319
177.2,50,27,143070.447
177.2,50,28,142751.99
177.2,50,29,142461.004
177.2,50,30,142201.788
177.2,50,31,141943.851
177.2,50,32,141711.881
177.2,50,33,141487.277
177.2,50,34,141267.333
177.2,50,35,141050.047
177.2,50,36,140844.037
177.2,50,37,140655.184
177.2,50,38,140476.686
177.2,50,39,140307.831
177.2,50,40,140143.265
177.2,50,41,140000.686
177.2,50,42,139863.297
177.2,50,43,139720.342
177.2,50,44,139583.877
177.2,50,45,139462.367
177.2,50,46,139335.144
177.2,50,47,139224.633
177.2,50,48,139108.27
177.2,50,49,138998.786
177.2,100,0,150165.683
177.2,100,1,222431.487
177.2,100,2,228945.384
177.2,100,3,232397.852
177.2,100,4,230141.513
177.2,100,5,212777.026
177.2,100,6,197977.292
177.2,100,7,188232.637
177.2,100,8,181061.56
177.2,100,9,175747.963
177.2,100,10,171758.557
177.2,100,11,168552.694
177.2,100,12,165944.317
177.2,100,13,163801.076
177.2,100,14,162006.639
177.2,100,15,160447.919
177.2,100,16,159170.632
177.2,100,17,158022.857
177.2,100,18,157029.993
177.2,100,19,156167.518
177.2,100,20,155347.575
177.2,100,21,154597.415
177.2,100,22,153901.75
177.2,100,23,153276.948
177.2,100,24,152704.759
177.2,100,25,152165.988
177.2,100,26,151667.919
177.2,100,27,151182.29
177.2,100,28,150756.967
177.2,100,29,150354.991
177.2,100,30,149973.511
177.2,100,31,149624.391
177.2,100,32,149292.792
177.2,100,33,149000.238
177.2,100,34,148697.422
177.2,100,35,148416.777
177.2,100,36,148152.06
177.2,100,37,147891.317
177.2,100,38,147642.343
177.2,100,39,147410.84
177.2,100,40,147176.964
177.2,100,41,146966.879
177.2,100,42,146760.388
177.2,100,43,146568.818
177.2,100,44,146383.781
177.2,100,45,146212.775
177.2,100,46,146045.673
177.2,100,47,145880.571
177.2,100,48,145724.181
177.2,100,49,145565.121
177.2,100,50,145419.955
177.2,100,51,145288.215
177.2,100,52,145156.782
177.2,100,53,145030.714
177.2,100,54,144912.164
177.2,100,55,144793.576
177.2,100,56,144680.052
177.2,100,57,144574.132
177.2,100,58,144465.378
177.2,100,59,144366.283
177.2,100,60,144264.0
177.2,100,61,144165.51
177.2,100,62,144072.528
177.2,100,63,143983.83
177.2,100,64,143895.445
177.2,100,65,143806.49
177.2,100,66,143716.635
177.2,100,67,143636.935
177.2,100,68,143559.612
177.2,100,69,143482.337
177.2,100,70,143407.827
177.2,100,71,143336.296
177.2,100,72,143269.445
177.2,100,73,143206.241
177.2,100,74,143137.432
177.2,100,75,143071.811
177.2,100,76,143006.931
177.2,100,77,142941.817
177.2,100,78,142879.535
177.2,100,79,142822.511
177.2,100,80,142769.795
177.2,100,81,142714.007
177.2,100,82,142659.149
177.2,100,83,142603.56
177.2,100,84,142546.647
177.2,100,85,142501.06
177.2,100,86,142456.055
177.2,100,87,142410.731
177.2,100,88,142365.792
177.2,100,89,142323.26
177.2,100,90,142283.509
177.2,100,91,142246.686
177.2,100,92,142199.182
177.2,100,93,142156.895
177.2,100,94,142124.382
177.2,100,95,142082.634
177.2,100,96,142046.333
177.2,100,97,142008.094
177.2,100,98,141971.945
177.2,100,99,141938.239
177.2,200,0,150165.683
177.2,200,1,222431.487
177.2,200,2,228945.384
177.2,200,3,232397.852
177.2,200,4,234528.843
177.2,200,5,236339.457
177.2,200,6,238223.206
177.2,200,7,239700.618
177.2,200,8,239031.246
177.2,200,9,230456.24
177.2,200,10,217432.32
177.2,200,11,207295.858
177.2,200,12,200067.171
177.2,200,13,194348.085
177.2,200,14,189744.296
177.2,200,15,185895.242
177.2,200,16,182409.967
177.2,200,17,179665.422
177.2,200,18,176960.693
177.2,200,19,174475.287
177.2,200,20,172438.152
177.2,200,21,170684.992
177.2,200,22,169151.996
177.2,200,23,167684.953
177.2,200,24,166363.684
177.2,200,25,165275.646
177.2,200,26,164344.28
177.2,200,27,163478.471
177.2,200,28,162736.302
177.2,200,29,162031.011
177.2,200,30,161388.256
177.2,200,31,160786.285
177.2,200,32,160218.283
177.2,200,33,159661.3
177.2,200,34,159150.03
177.2,200,35,158692.236
177.2,200,36,158253.557
177.2,200,37,157837.85
177.2,200,38,157436.985
177.2,200,39,157074.068
177.2,200,40,156722.268
177.2,200,41,156381.309
177.2,200,42,156070.845
177.2,200,43,155766.383
177.2,200,44,155471.798
177.2,200,45,155193.113
177.2,200,46,154930.771
177.2,200,47,154677.441
177.2,200,48,154440.818
177.2,200,49,154196.467
177.2,200,50,153968.485
177.2,200,51,153767.123
177.2,200,52,153558.554
177.2,200,53,153359.056
177.2,200,54,153173.793
177.2,200,55,152991.675
177.2,200,56,152813.297
177.2,200,57,152650.518
177.2,200,58,152482.176
177.2,200,59,152327.09
177.2,200,60,152167.786
177.2,200,61,152018.543
177.2,200,62,151873.975
177.2,200,63,151728.082
177.2,200,64,151598.252
177.2,200,65,151465.062
177.2,200,66,151340.747
177.2,200,67,151222.439
177.2,200,68,151103.479
177.2,200,69,150989.787
177.2,200,70,150875.323
177.2,200,71,150761.226
177.2,200,72,150654.177
177.2,200,73,150555.094
177.2,200,74,150461.507
177.2,200,75,150358.785
177.2,200,76,150263.653
177.2,200,77,150167.814
177.2,200,78,150072.445
177.2,200,79,149983.192
177.2,200,80,149894.919
177.2,200,81,149811.648
177.2,200,82,149726.851
177.2,200,83,149643.334
177.2,200,84,149559.921
177.2,200,85,149488.227
177.2,200,86,149419.964
177.2,200,87,149350.024
177.2,200,88,149278.53
177.2,200,89,149212.537
177.2,200,90,149145.392
177.2,200,91,149080.555
177.2,200,92,149011.87
177.2,200,93,148945.597
177.2,200,94,148883.929
177.2,200,95,148821.839
177.2,200,96,148767.839
177.2,200,97,148711.392
177.2,200,98,148653.193
177.2,200,99,148600.139
177.2,200,100,148546.81
177.2,200,101,148489.709
177.2,200,102,148439.329
177.2,200,103,148390.172
177.2,200,104,148337.595
177.2,200,105,148285.711
177.2,200,106,148237.909
177.2,200,107,148190.038
177.2,200,108,148142.814
177.2,200,109,148095.287
177.2,200,110,148052.865
177.2,200,111,148005.572
177.2,200,112,147964.518
177.2,200,113,147918.911
177.2,200,114,147873.477
177.2,200,115,147830.718
177.2,200,116,147790.657
177.2,200,117,147753.029
177.2,200,118,147717.261
177.2,200,119,147678.367
177.2,200,120,147641.689
177.2,200,121,147603.624
177.2,200,122,147570.647
177.2,200,123,147533.555
177.2,200,124,147496.798
177.2,200,125,147465.189
177.2,200,126,147428.071
177.2,200,127,147394.094
177.2,200,128,147359.463
177.2,200,129,147324.546
177.2,200,130,147292.529
177.2,200,131,147258.406
177.2,200,132,147225.562
177.2,200,133,147190.436
177.2,200,134,147158.674
177.2,200,135,147128.383
177.2,200,136,147099.524
177.2,200,137,147070.358
177.2,200,138,147043.01
177.2,200,139,147015.18
177.2,200,140,146985.182
177.2,200,141,146957.816
177.2,200,142,146928.731
177.2,200,143,146900.45
177.2,200,144,146875.155
177.2,200,145,146848.918
177.2,200,146,146822.257
177.2,200,147,146796.41
177.2,200,148,146771.641
177.2,200,149,146747.454
177.2,200,150,146719.819
177.2,200,151,146695.125
177.2,200,152,146672.248
177.2,200,153,146647.314
177.2,200,154,146624.08
177.2,200,155,146602.748
177.2,200,156,146580.799
177.2,200,157,146560.115
177.2,200,158,146537.775
177.2,200,159,146513.342
177.2,200,160,146492.658
177.2,200,161,146471.88
177.2,200,162,146450.904
177.2,200,163,146430.634
177.2,200,164,146410.509
177.2,200,165,146392.482
177.2,200,166,146372.877
177.2,200,167,146353.232
177.2,200,168,146331.432
177.2,200,169,146311.263
177.2,200,170,146290.19
177.2,200,171,146270.96
177.2,200,172,146254.037
177.2,200,173,146236.193
177.2,200,174,146217.773
177.2,200,175,146198.689
177.2,200,176,146181.943
177.2,200,177,146163.363
177.2,200,178,146146.532
177.2,200,179,146131.248
177.2,200,180,146115.032
177.2,200,181,146098.355
177.2,200,182,146082.508
177.2,200,183,146066.019
177.2,200,184,146048.652
177.2,200,185,146031.754
177.2,200,186,146015.626
177.2,200,187,146001.875
177.2,200,188,145987.917
177.2,200,189,145972.263
177.2,200,190,145957.463
177.2,200,191,145941.361
177.2,200,192,145926.118
177.2,200,193,145912.458
177.2,200,194,145898.562
177.2,200,195,145885.949
177.2,200,196,145872.782
177.2,200,197,145859.541
177.2,200,198,145845.356
177.2,200,199,145832.41
177.2,500,0,150165.683
177.2,500,1,222431.487
177.2,500,2,228945.384
177.2,500,3,232397.852
177.2,500,4,234528.843
177.2,500,5,236339.457
177.2,500,6,238223.206
177.2,500,7,239745.451
177.2,500,8,240936.308
177.2,500,9,242116.647
177.2,500,10,243054.794
177.2,500,11,244039.577
177.2,500,12,244789.419
177.2,500,13,245374.252
177.2,500,14,246206.104
177.2,500,15,246924.592
177.2,500,16,247382.179
177.2,500,17,247870.485
177.2,500,18,248470.834
177.2,500,19,248973.266
177.2,500,20,249378.795
177.2,500,21,249116.248
177.2,500,22,247030.292
177.2,500,23,242690.54
177.2,500,24,236295.737
177.2,500,25,230030.314
177.2,500,26,224190.374
177.2,500,27,218798.771
177.2,500,28,214447.486
177.2,500,29,210539.92
177.2,500,30,207257.312
177.2,500,31,204515.531
177.2,500,32,202069.229
177.2,500,33,199928.328
177.2,500,34,198014.589
177.2,500,35,196335.716
177.2,500,36,194558.584
177.2,500,37,192838.175
177.2,500,38,191099.318
177.2,500,39,189786.501
177.2,500,40,188532.377
177.2,500,41,187372.8
177.2,500,42,186181.562
177.2,500,43,185247.441
177.2,500,44,184284.966
177.2,500,45,183271.502
177.2,500,46,182255.935
177.2,500,47,181272.746
177.2,500,48,180336.917
177.2,500,49,179414.007
177.2,500,50,178621.25
177.2,500,51,177808.117
177.2,500,52,177075.906
177.2,500,53,176390.91
177.2,500,54,175656.93
177.2,500,55,174933.166
177.2,500,56,174361.554
177.2,500,57,173727.991
177.2,500,58,173177.523
177.2,500,59,172646.097
177.2,500,60,172147.94
177.2,500,61,171641.578
177.2,500,62,171048.487
177.2,500,63,170463.435
177.2,500,64,169871.185
177.2,500,65,169363.072
177.2,500,66,168914.77
177.2,500,67,168521.066
177.2,500,68,168154.503
177.2,500,69,167774.154
177.2,500,70,167438.012
177.2,500,71,167120.403
177.2,500,72,166783.871
177.2,500,73,166485.905
177.2,500,74,166177.487
177.2,500,75,165896.468
177.2,500,76,165622.782
177.2,500,77,165362.256
177.2,500,78,165107.451
177.2,500,79,164883.308
177.2,500,80,164645.466
177.2,500,81,164418.555
177.2,500,82,164202.777
177.2,500,83,163994.206
177.2,500,84,163796.846
177.2,500,85,163604.142
177.2,500,86,163410.385
177.2,500,87,163223.56
177.2,500,88,163051.141
177.2,500,89,162852.499
177.2,500,90,162689.533
177.2,500,91,162534.382
177.2,500,92,162375.446
177.2,500,93,162218.357
177.2,500,94,162071.82
177.2,500,95,161923.121
177.2,500,96,161786.779
177.2,500,97,161644.998
177.2,500,98,161509.664
177.2,500,99,161381.857
177.2,500,100,161259.241
177.2,500,101,161136.37
177.2,500,102,161017.185
177.2,500,103,160902.304
177.2,500,104,160782.287
177.2,500,105,160677.839
177.2,500,106,160562.95
177.2,500,107,160450.776
177.2,500,108,160348.395
177.2,500,109,160248.618
177.2,500,110,160149.053
177.2,500,111,160052.48
177.2,500,112,159954.536
177.2,500,113,159859.93
177.2,500,114,159766.785
177.2,500,115,159672.488
177.2,500,116,159579.471
177.2,500,117,159493.852
177.2,500,118,159406.335
177.2,500,119,159323.359
177.2,500,120,159239.844
177.2,500,121,159156.701
177.2,500,122,159080.594
177.2,500,123,159001.928
177.2,500,124,158922.25
177.2,500,125,158847.397
177.2,500,126,158768.035
177.2,500,127,158696.652
177.2,500,128,158623.586
177.2,500,129,158549.586
177.2,500,130,158481.75
177.2,500,131,158418.44
177.2,500,132,158347.536
177.2,500,133,158280.041
177.2,500,134,158215.528
177.2,500,135,158149.627
177.2,500,136,158083.943
177.2,500,137,158023.489
177.2,500,138,157963.638
177.2,500,139,157904.323
177.2,500,140,157839.502
177.2,500,141,157782.28
177.2,500,142,157719.24
177.2,500,143,157661.687
177.2,500,144,157607.511
177.2,500,145,157550.31
177.2,500,146,157496.151
177.2,500,147,157442.072
177.2,500,148,157388.799
177.2,500,149,157339.05
177.2,500,150,157287.456
177.2,500,151,157237.021
177.2,500,152,157187.524
177.2,500,153,157136.26
177.2,500,154,157089.745
177.2,500,155,157039.435
177.2,500,156,156995.511
177.2,500,157,156948.153
177.2,500,158,156899.885
177.2,500,159,156854.117
177.2,500,160,156809.344
177.2,500,161,156765.717
177.2,500,162,156723.665
177.2,500,163,156683.997
177.2,500,164,156637.776
177.2,500,165,156595.59
177.2,500,166,156552.424
177.2,500,167,156514.408
177.2,500,168,156473.699
177.2,500,169,156430.541
177.2,500,170,156392.141
177.2,500,171,156352.569
177.2,500,172,156313.617
177.2,500,173,156278.244
177.2,500,174,156239.777
177.2,500,175,156203.998
177.2,500,176,156168.642
177.2,500,177,156130.446
177.2,500,178,156094.616
177.2,500,179,156058.313
177.2,500,180,156024.398
177.2,500,181,155989.943
177.2,500,182,155957.562
177.2,500,183,155922.983
177.2,500,184,155887.875
177.2,500,185,155854.845
177.2,500,186,155823.449
177.2,500,187,155791.826
177.2,500,188,155761.752
177.2,500,189,155728.714
177.2,500,190,155701.003
177.2,500,191,155669.063
177.2,500,192,155636.889
177.2,500,193,155604.005
177.2,500,194,155575.831
177.2,500,195,155547.359
177.2,500,196,155517.785
177.2,500,197,155489.031
177.2,500,198,155460.622
177.2,500,199,155432.326
177.2,500,200,155401.132
177.2,500,201,155374.602
177.2,500,202,155346.977
177.2,500,203,155319.039
177.2,500,204,155292.329
177.2,500,205,155266.49
177.2,500,206,155241.322
177.2,500,207,155217.6
177.2,500,208,155192.734
177.2,500,209,155167.24
177.2,500,210,155142.0
177.2,500,211,155116.158
177.2,500,212,155090.979
177.2,500,213,155069.345
177.2,500,214,155043.955
177.2,500,215,155019.978
177.2,500,216,154997.278
177.2,500,217,154974.7
177.2,500,218,154948.977
177.2,500,219,154926.195
177.2,500,220,154902.929
177.2,500,221,154880.849
177.2,500,222,154861.496
177.2,500,223,154838.728
177.2,500,224,154815.152
177.2,500,225,154792.49
177.2,500,226,154769.324
177.2,500,227,154747.397
177.2,500,228,154724.834
177.2,500,229,154704.434
177.2,500,230,154682.395
177.2,500,231,154663.742
177.2,500,232,154644.889
177.2,500,233,154626.108
177.2,500,234,154605.027
177.2,500,235,154585.719
177.2,500,236,154567.461
177.2,500,237,154548.527
177.2,500,238,154530.809
177.2,500,239,154510.928
177.2,500,240,154491.001
177.2,500,241,154473.126
177.2,500,242,154453.619
177.2,500,243,154434.766
177.2,500,244,154416.755
177.2,500,245,154398.498
177.2,500,246,154380.359
177.2,500,247,154362.603
177.2,500,248,154345.151
177.2,500,249,154329.189
177.2,500,250,154314.412
177.2,500,251,154299.933
177.2,500,252,154283.756
177.2,500,253,154266.401
177.2,500,254,154249.074
177.2,500,255,154232.659
177.2,500,256,154215.703
177.2,500,257,154199.092
177.2,500,258,154183.915
177.2,500,259,154167.381
177.2,500,260,154150.915
177.2,500,261,154134.681
177.2,500,262,154117.737
177.2,500,263,154101.438
177.2,500,264,154085.548
177.2,500,265,154069.509
177.2,500,266,154052.145
177.2,500,267,154037.307
177.2,500,268,154021.633
177.2,500,269,154006.404
177.2,500,270,153991.645
177.2,500,271,153978.075
177.2,500,272,153962.06
177.2,500,273,153947.834
177.2,500,274,153933.728
177.2,500,275,153919.293
177.2,500,276,153905.262
177.2,500,277,153891.052
177.2,500,278,153876.473
177.2,500,279,153862.675
177.2,500,280,153848.384
177.2,500,281,153834.238
177.2,500,282,153819.292
177.2,500,283,153805.951
177.2,500,284,153793.78
177.2,500,285,153780.14
177.2,500,286,153767.59
177.2,500,287,153752.674
177.2,500,288,153738.96
177.2,500,289,153726.087
177.2,500,290,153713.15
177.2,500,291,153699.181
177.2,500,292,153685.7
177.2,500,293,153672.148
177.2,500,294,153658.528
177.2,500,295,153646.573
177.2,500,296,153634.044
177.2,500,297,153622.126
177.2,500,298,153609.166
177.2,500,299,153596.661
177.2,500,300,153584.285
177.2,500,301,153573.224
177.2,500,302,153563.18
177.2,500,303,153551.372
177.2,500,304,153538.099
177.2,500,305,153526.076
177.2,500,306,153514.228
177.2,500,307,153502.203
177.2,500,308,153490.868
177.2,500,309,153480.164
177.2,500,310,153468.687
177.2,500,311,153457.946
177.2,500,312,153447.581
177.2,500,313,153437.603
177.2,500,314,153427.965
177.2,500,315,153417.249
177.2,500,316,153406.603
177.2,500,317,153395.719
177.2,500,318,153386.077
177.2,500,319,153375.269
177.2,500,320,153364.309
177.2,500,321,153354.161
177.2,500,322,153342.296
177.2,500,323,153331.451
177.2,500,324,153320.84
177.2,500,325,153309.913
177.2,500,326,153299.029
177.2,500,327,153287.811
177.2,500,328,153277.679
177.2,500,329,153267.847
177.2,500,330,153258.412
177.2,500,331,153248.445
177.2,500,332,153238.724
177.2,500,333,153228.324
177.2,500,334,153218.545
177.2,500,335,153209.332
177.2,500,336,153199.993
177.2,500,337,153191.232
177.2,500,338,153182.034
177.2,500,339,153173.054
177.2,500,340,153164.45
177.2,500,341,153155.624
177.2,500,342,153146.339
177.2,500,343,153137.117
177.2,500,344,153128.398
177.2,500,345,153120.058
177.2,500,346,153109.554
177.2,500,347,153100.151
177.2,500,348,153091.738
177.2,500,349,153083.489
177.2,500,350,153073.995
177.2,500,351,153064.647
177.2,500,352,153056.526
177.2,500,353,153047.963
177.2,500,354,153039.09
177.2,500,355,153030.591
177.2,500,356,153021.616
177.2,500,357,153012.656
177.2,500,358,153005.239
177.2,500,359,152997.233
177.2,500,360,152989.436
177.2,500,361,152981.225
177.2,500,362,152972.511
177.2,500,363,152964.584
177.2,500,364,152956.418
177.2,500,365,152948.922
177.2,500,366,152940.552
177.2,500,367,152933.598
177.2,500,368,152925.244
177.2,500,369,152917.793
177.2,500,370,152910.438
177.2,500,371,152902.64
177.2,500,372,152895.033
177.2,500,373,152888.359
177.2,500,374,152880.326
177.2,500,375,152873.14
177.2,500,376,152865.609
177.2,500,377,152858.212
177.2,500,378,152851.511
177.2,500,379,152845.126
177.2,500,380,152837.409
177.2,500,381,152830.161
177.2,500,382,152823.799
177.2,500,383,152816.958
177.2,500,384,152810.068
177.2,500,385,152803.184
177.2,500,386,152797.044
177.2,500,387,152789.956
177.2,500,388,152782.693
177.2,500,389,152776.282
177.2,500,390,152769.041
177.2,500,391,152761.35
177.2,500,392,152753.853
177.2,500,393,152747.54
177.2,500,394,152740.887
177.2,500,395,152733.21
177.2,500,396,152726.283
177.2,500,397,152719.801
177.2,500,398,152714.149
177.2,500,399,152708.156
177.2,500,400,152701.86
177.2,500,401,152696.108
177.2,500,402,152689.463
177.2,500,403,152683.057
177.2,500,404,152676.833
177.2,500,405,152670.338
177.2,500,406,152663.893
177.2,500,407,152657.077
177.2,500,408,152651.561
177.2,500,409,152645.885
177.2,500,410,152639.407
177.2,500,411,152633.891
177.2,500,412,152627.959
177.2,500,413,152621.309
177.2,500,414,152615.06
177.2,500,415,152609.926
177.2,500,416,152602.681
177.2,500,417,152596.843
177.2,500,418,152590.467
177.2,500,419,152585.487
177.2,500,420,152579.717
177.2,500,421,152573.453
177.2,500,422,152567.445
177.2,500,423,152562.105
177.2,500,424,152557.248
177.2,500,425,152551.202
177.2,500,426,152545.661
177.2,500,427,152540.585
177.2,500,428,152534.336
177.2,500,429,152529.408
177.2,500,430,152524.405
177.2,500,431,152518.898
177.2,500,432,152513.713
177.2,500,433,152507.972
177.2,500,434,152502.722
177.2,500,435,152497.959
177.2,500,436,152492.374
177.2,500,437,152486.115
177.2,500,438,152480.751
177.2,500,439,152475.031
177.2,500,440,152469.083
177.2,500,441,152463.603
177.2,500,442,152458.129
177.2,500,443,152453.208
177.2,500,444,152448.002
177.2,500,445,152442.851
177.2,500,446,152437.018
177.2,500,447,152431.942
177.2,500,448,152427.309
177.2,500,449,152421.194
177.2,500,450,152415.759
177.2,500,451,152409.397
177.2,500,452,152404.671
177.2,500,453,152400.566
177.2,500,454,152395.588
177.2,500,455,152389.744
177.2,500,456,152384.95
177.2,500,457,152380.097
177.2,500,458,152375.037
177.2,500,459,152370.376
177.2,500,460,152365.136
177.2,500,461,152359.834
177.2,500,462,152355.341
177.2,500,463,152350.359
177.2,500,464,152346.048
177.2,500,465,152340.673
177.2,500,466,152335.614
177.2,500,467,152330.767
177.2,500,468,152325.665
177.2,500,469,152320.793
177.2,500,470,152316.253
177.2,500,471,152312.261
177.2,500,472,152308.181
177.2,500,473,152303.516
177.2,500,474,152299.658
177.2,500,475,152295.252
177.2,500,476,152290.978
177.2,500,477,152287.701
177.2,500,478,152283.156
177.2,500,479,152278.663
177.2,500,480,152274.601
177.2,500,481,152270.092
177.2,500,482,152265.153
177.2,500,483,152260.694
177.2,500,484,152256.18
177.2,500,485,152251.353
177.2,500,486,152247.613
177.2,500,487,152243.727
177.2,500,488,152239.516
177.2,500,489,152235.311
177.2,500,490,152230.501
177.2,500,491,152226.218
177.2,500,492,152222.61
177.2,500,493,152218.626
177.2,500,494,152214.208
177.2,500,495,152209.868
177.2,500,496,152205.737
177.2,500,497,152201.055
177.2,500,498,152197.495
177.2,500,499,152193.289
241.21,10,0,157208.715
241.21,10,1,184092.62
241.21,10,2,168783.93
241.21,10,3,162161.944
241.21,10,4,158014.988
241.21,10,5,154910.577
241.21,10,6,152468.72
241.21,10,7,150480.653
241.21,10,8,148910.07
241.21,10,9,147622.853
241.21,20,0,157208.715
241.21,20,1,210225.833
241.21,20,2,183554.248
241.21,20,3,172747.782
241.21,20,4,167003.987
241.21,20,5,162912.013
241.21,20,6,159862.532
241.21,20,7,157459.97
241.21,20,8,155563.912
241.21,20,9,154021.49
241.21,20,10,152738.465
241.21,20,11,151622.511
241.21,20,12,150679.86
241.21,20,13,149858.261
241.21,20,14,149078.368
241.21,20,15,148414.334
241.21,20,16,147818.059
241.21,20,17,147320.262
241.21,20,18,146795.832
241.21,20,19,146323.5
241.21,50,0,157208.715
241.21,50,1,227499.248
241.21,50,2,228616.684
241.21,50,3,205621.845
241.21,50,4,190391.95
241.21,50,5,181012.555
241.21,50,6,175388.086
241.21,50,7,171445.098
241.21,50,8,168328.828
241.21,50,9,165939.685
241.21,50,10,164019.158
241.21,50,11,162370.742
241.21,50,12,160948.675
241.21,50,13,159777.635
241.21,50,14,158750.103
241.21,50,15,157818.311
241.21,50,16,157000.062
241.21,50,17,156265.779
241.21,50,18,155564.313
241.21,50,19,154916.078
241.21,50,20,154338.237
241.21,50,21,153832.497
241.21,50,22,153334.237
241.21,50,23,152924.491
241.21,50,24,152529.97
241.21,50,25,152166.262
241.21,50,26,151825.972
241.21,50,27,151500.14
241.21,50,28,151204.847
241.21,50,29,150921.131
241.21,50,30,150659.833
241.21,50,31,150433.255
241.21,50,32,150217.064
241.21,50,33,150007.758
241.21,50,34,149801.637
241.21,50,35,149606.043
241.21,50,36,149440.108
241.21,50,37,149274.713
241.21,50,38,149110.31
241.21,50,39,148965.523
241.21,50,40,148821.916
241.21,50,41,148661.733
241.21,50,42,148516.134
241.21,50,43,148383.048
241.21,50,44,148251.202
241.21,50,45,148130.599
241.21,50,46,148009.754
241.21,50,47,147902.393
241.21,50,48,147795.404
241.21,50,49,147705.322
241.21,100,0,157208.715
241.21,100,1,227499.248
241.21,100,2,234169.263
241.21,100,3,238172.453
241.21,100,4,237151.7
241.21,100,5,222563.618
241.21,100,6,207714.161
241.21,100,7,197685.916
241.21,100,8,189614.843
241.21,100,9,183788.976
241.21,100,10,179542.701
241.21,100,11,176389.075
241.21,100,12,173765.873
241.21,100,13,171682.522
241.21,100,14,169959.579
241.21,100,15,168516.717
241.21,100,16,167300.406
241.21,100,17,166189.225
241.21,100,18,165183.896
241.21,100,19,164205.807
241.21,100,20,163360.515
241.21,100,21,162621.202
241.21,100,22,161909.927
241.21,100,23,161305.226
241.21,100,24,160734.815
241.21,100,25,160175.341
241.21,100,26,159699.035
241.21,100,27,159244.33
241.21,100,28,158801.777
241.21,100,29,158421.115
241.21,100,30,158053.972
241.21,100,31,157703.091
241.21,100,32,157381.398
241.21,100,33,157090.186
241.21,100,34,156805.551
241.21,100,35,156531.536
241.21,100,36,156280.616
241.21,100,37,156047.72
241.21,100,38,155823.303
241.21,100,39,155597.247
241.21,100,40,155395.256
241.21,100,41,155187.187
241.21,100,42,154992.521
241.21,100,43,154800.542
241.21,100,44,154620.054
241.21,100,45,154457.91
241.21,100,46,154292.935
241.21,100,47,154138.254
241.21,100,48,154004.767
241.21,100,49,153864.531
241.21,100,50,153739.451
241.21,100,51,153608.777
241.21,100,52,153478.809
241.21,100,53,153349.062
241.21,100,54,153224.34
241.21,100,55,153100.782
241.21,100,56,152980.065
241.21,100,57,152869.918
241.21,100,58,152763.934
241.21,100,59,152663.826
241.21,100,60,152552.29
241.21,100,61,152452.447
241.21,100,62,152357.556
241.21,100,63,152274.772
241.21,100,64,152199.212
241.21,100,65,152109.874
241.21,100,66,152032.455
241.21,100,67,151957.832
241.21,100,68,151876.976
241.21,100,69,151797.056
241.21,100,70,151727.505
241.21,100,71,151656.593
241.21,100,72,151579.957
241.21,100,73,151515.442
241.21,100,74,151451.481
241.21,100,75,151382.893
241.21,100,76,151322.156
241.21,100,77,151262.256
241.21,100,78,151202.136
241.21,100,79,151146.399
241.21,100,80,151095.368
241.21,100,81,151043.64
241.21,100,82,150992.383
241.21,100,83,150930.123
241.21,100,84,150872.013
241.21,100,85,150821.41
241.21,100,86,150765.109
241.21,100,87,150716.421
241.21,100,88,150666.121
241.21,100,89,150619.074
241.21,100,90,150573.339
241.21,100,91,150533.644
241.21,100,92,150490.592
241.21,100,93,150444.634
241.21,100,94,150400.846
241.21,100,95,150354.643
241.21,100,96,150314.788
241.21,100,97,150276.032
241.21,100,98,150232.549
241.21,100,99,150191.243
241.21,200,0,157208.715
241.21,200,1,227499.248
241.21,200,2,234169.263
241.21,200,3,238172.453
241.21,200,4,240923.487
241.21,200,5,242768.272
241.21,200,6,244107.709
241.21,200,7,245567.741
241.21,200,8,245375.623
241.21,200,9,239256.948
241.21,200,10,227801.204
241.21,200,11,218228.945
241.21,200,12,210830.04
241.21,200,13,204989.886
241.21,200,14,199857.014
241.21,200,15,195632.282
241.21,200,16,191591.243
241.21,200,17,188203.939
241.21,200,18,185218.091
241.21,200,19,182585.269
241.21,200,20,180538.653
241.21,200,21,178680.646
241.21,200,22,177039.255
241.21,200,23,175639.47
241.21,200,24,174335.196
241.21,200,25,173207.847
241.21,200,26,172236.674
241.21,200,27,171353.33
241.21,200,28,170561.509
241.21,200,29,169851.496
241.21,200,30,169206.698
241.21,200,31,168598.874
241.21,200,32,168032.076
241.21,200,33,167510.531
241.21,200,34,167028.206
241.21,200,35,166564.82
241.21,200,36,166144.928
241.21,200,37,165747.096
241.21,200,38,165360.55
241.21,200,39,165014.199
241.21,200,40,164649.059
241.21,200,41,164262.006
241.21,200,42,163949.997
241.21,200,43,163645.395
241.21,200,44,163340.374
241.21,200,45,163071.198
241.21,200,46,162808.932
241.21,200,47,162565.615
241.21,200,48,162329.002
241.21,200,49,162109.93
241.21,200,50,161885.49
241.21,200,51,161662.933
241.21,200,52,161461.889
241.21,200,53,161265.127
241.21,200,54,161073.85
241.21,200,55,160886.145
241.21,200,56,160703.719
241.21,200,57,160539.98
241.21,200,58,160379.607
241.21,200,59,160226.409
241.21,200,60,160066.531
241.21,200,61,159915.106
241.21,200,62,159766.118
241.21,200,63,159641.856
241.21,200,64,159517.523
241.21,200,65,159388.485
241.21,200,66,159264.844
241.21,200,67,159145.364
241.21,200,68,159028.204
241.21,200,69,158913.233
241.21,200,70,158807.72
241.21,200,71,158695.223
241.21,200,72,158584.266
241.21,200,73,158478.096
241.21,200,74,158376.883
241.21,200,75,158274.258
241.21,200,76,158184.188
241.21,200,77,158091.257
241.21,200,78,158006.087
241.21,200,79,157924.595
241.21,200,80,157836.848
241.21,200,81,157755.135
241.21,200,82,157680.049
241.21,200,83,157595.224
241.21,200,84,157506.706
241.21,200,85,157433.024
241.21,200,86,157350.908
241.21,200,87,157275.245
241.21,200,88,157202.696
241.21,200,89,157131.73
241.21,200,90,157062.092
241.21,200,91,156995.03
241.21,200,92,156928.421
241.21,200,93,156864.686
241.21,200,94,156801.216
241.21,200,95,156736.179
241.21,200,96,156671.501
241.21,200,97,156610.803
241.21,200,98,156554.007
241.21,200,99,156495.224
241.21,200,100,156440.327
241.21,200,101,156381.402
241.21,200,102,156326.987
241.21,200,103,156267.857
241.21,200,104,156215.528
241.21,200,105,156166.805
241.21,200,106,156115.317
241.21,200,107,156061.308
241.21,200,108,156013.362
241.21,200,109,155962.282
241.21,200,110,155912.076
241.21,200,111,155865.048
241.21,200,112,155821.948
241.21,200,113,155775.607
241.21,200,114,155734.369
241.21,200,115,155693.099
241.21,200,116,155650.898
241.21,200,117,155609.928
241.21,200,118,155570.706
241.21,200,119,155532.717
241.21,200,120,155493.999
241.21,200,121,155457.807
241.21,200,122,155422.495
241.21,200,123,155384.552
241.21,200,124,155347.241
241.21,200,125,155310.627
241.21,200,126,155270.878
241.21,200,127,155232.552
241.21,200,128,155196.199
241.21,200,129,155159.881
241.21,200,130,155123.523
241.21,200,131,155087.439
241.21,200,132,155054.769
241.21,200,133,155022.179
241.21,200,134,154988.672
241.21,200,135,154959.723
241.21,200,136,154928.214
241.21,200,137,154895.304
241.21,200,138,154865.001
241.21,200,139,154836.255
241.21,200,140,154806.825
241.21,200,141,154780.891
241.21,200,142,154751.444
241.21,200,143,154722.472
241.21,200,144,154696.1
241.21,200,145,154669.327
241.21,200,146,154644.141
241.21,200,147,154616.774
241.21,200,148,154590.668
241.21,200,149,154564.335
241.21,200,150,154537.924
241.21,200,151,154511.898
241.21,200,152,154486.909
241.21,200,153,154458.474
241.21,200,154,154433.902
241.21,200,155,154410.459
241.21,200,156,154384.455
241.21,200,157,154362.361
241.21,200,158,154340.324
241.21,200,159,154315.55
241.21,200,160,154295.674
241.21,200,161,154274.324
241.21,200,162,154251.794
241.21,200,163,154229.43
241.21,200,164,154207.621
241.21,200,165,154188.035
241.21,200,166,154168.854
241.21,200,167,154149.35
241.21,200,168,154128.851
241.21,200,169,154109.089
241.21,200,170,154091.333
241.21,200,171,154074.508
241.21,200,172,154056.588
241.21,200,173,154038.078
241.21,200,174,154019.489
241.21,200,175,154002.206
241.21,200,176,153984.948
241.21,200,177,153966.065
241.21,200,178,153949.67
241.21,200,179,153933.412
241.21,200,180,153915.799
241.21,200,181,153895.706
241.21,200,182,153877.661
241.21,200,183,153863.438
241.21,200,184,153847.991
241.21,200,185,153832.182
241.21,200,186,153816.768
241.21,200,187,153802.27
241.21,200,188,153784.81
241.21,200,189,153768.593
241.21,200,190,153750.399
241.21,200,191,153735.217
241.21,200,192,153719.905
241.21,200,193,153704.935
241.21,200,194,153689.969
241.21,200,195,153677.107
241.21,200,196,153662.175
241.21,200,197,153648.006
241.21,200,198,153633.528
241.21,200,199,153619.298
241.21,500,0,157208.715
241.21,500,1,227499.248
241.21,500,2,234169.263
241.21,500,3,238172.453
241.21,500,4,240923.487
241.21,500,5,242768.272
241.21,500,6,244107.709
241.21,500,7,245567.741
241.21,500,8,246858.815
241.21,500,9,247795.624
241.21,500,10,248636.689
241.21,500,11,249752.354
241.21,500,12,250551.588
241.21,500,13,251234.815
241.21,500,14,252030.333
241.21,500,15,252747.901
241.21,500,16,253348.833
241.21,500,17,253741.0
241.21,500,18,254053.19
241.21,500,19,254469.194
241.21,500,20,254958.74
241.21,500,21,254940.331
241.21,500,22,252907.596
241.21,500,23,249290.231
241.21,500,24,243781.578
241.21,500,25,238509.28
241.21,500,26,233822.221
241.21,500,27,229696.562
241.21,500,28,225915.577
241.21,500,29,222557.997
241.21,500,30,219540.083
241.21,500,31,216777.933
241.21,500,32,214531.686
241.21,500,33,212301.901
241.21,500,34,209752.668
241.21,500,35,207682.913
241.21,500,36,205751.738
241.21,500,37,203745.87
241.21,500,38,201846.149
241.21,500,39,200170.385
241.21,500,40,198643.291
241.21,500,41,197278.017
241.21,500,42,195901.131
241.21,500,43,194761.917
241.21,500,44,193671.263
241.21,500,45,192237.58
241.21,500,46,191186.779
241.21,500,47,190113.222
241.21,500,48,188950.018
241.21,500,49,188012.956
241.21,500,50,187134.31
241.21,500,51,186256.004
241.21,500,52,185488.287
241.21,500,53,184784.483
241.21,500,54,184166.845
241.21,500,55,183448.481
241.21,500,56,182731.874
241.21,500,57,181936.07
241.21,500,58,181209.709
241.21,500,59,180593.162
241.21,500,60,179969.649
241.21,500,61,179469.608
241.21,500,62,178978.033
241.21,500,63,178464.31
241.21,500,64,177988.166
241.21,500,65,177496.229
241.21,500,66,177096.759
241.21,500,67,176701.747
241.21,500,68,176232.583
241.21,500,69,175907.776
241.21,500,70,175545.339
241.21,500,71,175178.216
241.21,500,72,174846.578
241.21,500,73,174460.776
241.21,500,74,174157.853
241.21,500,75,173838.365
241.21,500,76,173513.49
241.21,500,77,173229.293
241.21,500,78,172980.949
241.21,500,79,172746.702
241.21,500,80,172482.188
241.21,500,81,172243.87
241.21,500,82,172016.402
241.21,500,83,171806.705
241.21,500,84,171591.035
241.21,500,85,171396.295
241.21,500,86,171169.127
241.21,500,87,170950.213
241.21,500,88,170761.32
241.21,500,89,170563.731
241.21,500,90,170395.923
241.21,500,91,170213.386
241.21,500,92,170045.108
241.21,500,93,169869.586
241.21,500,94,169706.501
241.21,500,95,169539.276
241.21,500,96,169386.092
241.21,500,97,169240.012
241.21,500,98,169102.414
241.21,500,99,168963.228
241.21,500,100,168822.374
241.21,500,101,168693.406
241.21,500,102,168563.506
241.21,500,103,168433.745
241.21,500,104,168321.377
241.21,500,105,168205.203
241.21,500,106,168096.951
241.21,500,107,167980.938
241.21,500,108,167869.519
241.21,500,109,167762.118
241.21,500,110,167654.835
241.21,500,111,167555.78
241.21,500,112,167456.333
241.21,500,113,167351.195
241.21,500,114,167255.837
241.21,500,115,167158.154
241.21,500,116,167070.412
241.21,500,117,166979.094
241.21,500,118,166893.771
241.21,500,119,166807.616
241.21,500,120,166723.296
241.21,500,121,166640.455
241.21,500,122,166554.071
241.21,500,123,166469.864
241.21,500,124,166392.111
241.21,500,125,166312.572
241.21,500,126,166226.942
241.21,500,127,166145.512
241.21,500,128,166066.728
241.21,500,129,165994.025
241.21,500,130,165916.096
241.21,500,131,165838.654
241.21,500,132,165770.008
241.21,500,133,165697.626
241.21,500,134,165626.17
241.21,500,135,165557.273
241.21,500,136,165489.101
241.21,500,137,165421.913
241.21,500,138,165354.314
241.21,500,139,165286.572
241.21,500,140,165225.227
241.21,500,141,165167.262
241.21,500,142,165107.426
241.21,500,143,165050.197
241.21,500,144,164990.715
241.21,500,145,164933.786
241.21,500,146,164878.765
241.21,500,147,164823.058
241.21,500,148,164768.532
241.21,500,149,164715.836
241.21,500,150,164662.789
241.21,500,151,164608.817
241.21,500,152,164554.411
241.21,500,153,164500.908
241.21,500,154,164450.803
241.21,500,155,164399.356
241.21,500,156,164349.704
241.21,500,157,164297.64
241.21,500,158,164251.462
241.21,500,159,164204.204
241.21,500,160,164157.63
241.21,500,161,164115.323
241.21,500,162,164067.284
241.21,500,163,164023.693
241.21,500,164,163982.007
241.21,500,165,163938.234
241.21,500,166,163894.882
241.21,500,167,163851.947
241.21,500,168,163811.634
241.21,500,169,163773.898
241.21,500,170,163734.104
241.21,500,171,163693.932
241.21,500,172,163653.007
241.21,500,173,163615.198
241.21,500,174,163577.226
241.21,500,175,163540.886
241.21,500,176,163503.507
241.21,500,177,163466.132
241.21,500,178,163430.115
241.21,500,179,163395.017
241.21,500,180,163362.563
241.21,500,181,163325.484
241.21,500,182,163291.781
241.21,500,183,163258.288
241.21,500,184,163224.044
241.21,500,185,163191.12
241.21,500,186,163157.326
241.21,500,187,163123.769
241.21,500,188,163090.485
241.21,500,189,163054.681
241.21,500,190,163017.945
241.21,500,191,162982.075
241.21,500,192,162950.921
241.21,500,193,162920.451
241.21,500,194,162888.481
241.21,500,195,162860.323
241.21,500,196,162832.012
241.21,500,197,162803.336
241.21,500,198,162773.485
241.21,500,199,162743.715
241.21,500,200,162714.647
241.21,500,201,162687.164
241.21,500,202,162658.312
241.21,500,203,162633.773
241.21,500,204,162605.959
241.21,500,205,162578.732
241.21,500,206,162551.706
241.21,500,207,162524.932
241.21,500,208,162497.545
241.21,500,209,162468.784
241.21,500,210,162442.409
241.21,500,211,162414.659
241.21,500,212,162390.6
241.21,500,213,162363.076
241.21,500,214,162337.191
241.21,500,215,162310.853
241.21,500,216,162286.432
241.21,500,217,162262.005
241.21,500,218,162237.986
241.21,500,219,162213.927
241.21,500,220,162191.476
241.21,500,221,162168.172
241.21,500,222,162141.744
241.21,500,223,162118.034
241.21,500,224,162093.71
241.21,500,225,162074.621
241.21,500,226,162053.107
241.21,500,227,162031.704
241.21,500,228,162010.319
241.21,500,229,161987.598
241.21,500,230,161967.378
241.21,500,231,161946.033
241.21,500,232,161926.423
241.21,500,233,161908.078
241.21,500,234,161888.458
241.21,500,235,161868.999
241.21,500,236,161847.594
241.21,500,237,161826.297
241.21,500,238,161807.664
241.21,500,239,161788.501
241.21,500,240,161769.35
241.21,500,241,161749.648
241.21,500,242,161728.951
241.21,500,243,161709.545
241.21,500,244,161689.067
241.21,500,245,161670.072
241.21,500,246,161648.583
241.21,500,247,161630.112
241.21,500,248,161612.389
241.21,500,249,161592.53
241.21,500,250,161574.189
241.21,500,251,161557.551
241.21,500,252,161538.632
241.21,500,253,161519.616
241.21,500,254,161502.287
241.21,500,255,161484.534
241.21,500,256,161468.437
241.21,500,257,161451.896
241.21,500,258,161434.518
241.21,500,259,161417.905
241.21,500,260,161401.04
241.21,500,261,161384.053
241.21,500,262,161368.563
241.21,500,263,161349.698
241.21,500,264,161333.207
241.21,500,265,161317.89
241.21,500,266,161301.436
241.21,500,267,161284.946
241.21,500,268,161267.639
241.21,500,269,161250.51
241.21,500,270,161234.736
241.21,500,271,161218.624
241.21,500,272,161203.47
241.21,500,273,161187.872
241.21,500,274,161172.209
241.21,500,275,161157.219
241.21,500,276,161142.966
241.21,500,277,161127.28
241.21,500,278,161111.747
241.21,500,279,161095.956
241.21,500,280,161080.787
241.21,500,281,161065.722
241.21,500,282,161051.251
241.21,500,283,161036.232
241.21,500,284,161021.564
241.21,500,285,161007.122
241.21,500,286,160993.613
241.21,500,287,160981.075
241.21,500,288,160966.289
241.21,500,289,160953.925
241.21,500,290,160940.174
241.21,500,291,160925.717
241.21,500,292,160912.941
241.21,500,293,160900.439
241.21,500,294,160887.059
241.21,500,295,160874.344
241.21,500,296,160862.117
241.21,500,297,160849.727
241.21,500,298,160836.256
241.21,500,299,160823.161
241.21,500,300,160811.404
241.21,500,301,160797.874
241.21,500,302,160784.562
241.21,500,303,160772.387
241.21,500,304,160760.942
241.21,500,305,160748.827
241.21,500,306,160737.548
241.21,500,307,160726.488
241.21,500,308,160713.845
241.21,500,309,160701.193
241.21,500,310,160689.351
241.21,500,311,160678.332
241.21,500,312,160666.677
241.21,500,313,160655.356
241.21,500,314,160643.391
241.21,500,315,160633.055
241.21,500,316,160622.948
241.21,500,317,160612.854
241.21,500,318,160604.269
241.21,500,319,160593.719
241.21,500,320,160582.765
241.21,500,321,160572.259
241.21,500,322,160561.887
241.21,500,323,160552.024
241.21,500,324,160542.331
241.21,500,325,160531.679
241.21,500,326,160520.82
241.21,500,327,160509.734
241.21,500,328,160498.684
241.21,500,329,160487.503
241.21,500,330,160477.554
241.21,500,331,160466.939
241.21,500,332,160456.366
241.21,500,333,160446.113
241.21,500,334,160435.966
241.21,500,335,160425.938
241.21,500,336,160415.815
241.21,500,337,160406.154
241.21,500,338,160395.87
241.21,500,339,160386.518
241.21,500,340,160375.762
241.21,500,341,160366.109
241.21,500,342,160357.624
241.21,500,343,160347.752
241.21,500,344,160339.048
241.21,500,345,160329.028
241.21,500,346,160321.031
241.21,500,347,160310.518
241.21,500,348,160301.147
241.21,500,349,160291.944
241.21,500,350,160283.742
241.21,500,351,160275.114
241.21,500,352,160266.52
241.21,500,353,160257.539
241.21,500,354,160248.081
241.21,500,355,160239.114
241.21,500,356,160230.783
241.21,500,357,160222.635
241.21,500,358,160214.962
241.21,500,359,160206.905
241.21,500,360,160198.509
241.21,500,361,160190.968
241.21,500,362,160182.168
241.21,500,363,160174.116
241.21,500,364,160166.168
241.21,500,365,160158.508
241.21,500,366,160150.681
241.21,500,367,160142.753
241.21,500,368,160135.252
241.21,500,369,160127.365
241.21,500,370,160120.2
241.21,500,371,160112.573
241.21,500,372,160104.5
241.21,500,373,160096.467
241.21,500,374,160088.767
241.21,500,375,160081.435
241.21,500,376,160073.664
241.21,500,377,160066.843
241.21,500,378,160058.897
241.21,500,379,160051.072
241.21,500,380,160043.703
241.21,500,381,160036.036
241.21,500,382,160029.338
241.21,500,383,160022.553
241.21,500,384,160016.181
241.21,500,385,160009.066
241.21,500,386,160002.749
241.21,500,387,159994.992
241.21,500,388,159986.887
241.21,500,389,159979.623
241.21,500,390,159973.302
241.21,500,391,159966.488
241.21,500,392,159959.297
241.21,500,393,159952.483
241.21,500,394,159945.941
241.21,500,395,159939.296
241.21,500,396,159932.228
241.21,500,397,159925.255
241.21,500,398,159917.85
241.21,500,399,159910.809
241.21,500,400,159904.665
241.21,500,401,159897.861
241.21,500,402,159890.317
241.21,500,403,159882.709
241.21,500,404,159875.395
241.21,500,405,159869.67
241.21,500,406,159863.168
241.21,500,407,159856.278
241.21,500,408,159849.163
241.21,500,409,159842.65
241.21,500,410,159835.398
241.21,500,411,159829.217
241.21,500,412,159822.766
241.21,500,413,159816.271
241.21,500,414,159809.667
241.21,500,415,159803.512
241.21,500,416,159797.263
241.21,500,417,159789.479
241.21,500,418,159783.317
241.21,500,419,159777.896
241.21,500,420,159771.964
241.21,500,421,159765.417
241.21,500,422,159759.569
241.21,500,423,159753.77
241.21,500,424,159749.034
241.21,500,425,159743.572
241.21,500,426,159738.362
241.21,500,427,159733.546
241.21,500,428,159728.254
241.21,500,429,159722.141
241.21,500,430,159717.016
241.21,500,431,159711.52
241.21,500,432,159706.318
241.21,500,433,159699.259
241.21,500,434,159694.012
241.21,500,435,159688.496
241.21,500,436,159683.75
241.21,500,437,159678.49
241.21,500,438,159673.231
241.21,500,439,159667.545
241.21,500,440,159662.314
241.21,500,441,159657.637
241.21,500,442,159652.088
241.21,500,443,159646.127
241.21,500,444,159640.653
241.21,500,445,159635.435
241.21,500,446,159630.613
241.21,500,447,159625.696
241.21,500,448,159621.027
241.21,500,449,159615.599
241.21,500,450,159611.274
241.21,500,451,159606.546
241.21,500,452,159602.14
241.21,500,453,159597.429
241.21,500,454,159592.659
241.21,500,455,159588.642
241.21,500,456,159583.424
241.21,500,457,159578.421
241.21,500,458,159573.623
241.21,500,459,159568.32
241.21,500,460,159563.439
241.21,500,461,159558.327
241.21,500,462,159553.027
241.21,500,463,159547.888
241.21,500,464,159543.941
241.21,500,465,159539.698
241.21,500,466,159535.306
241.21,500,467,159530.493
241.21,500,468,159526.67
241.21,500,469,159521.303
241.21,500,470,159516.594
241.21,500,471,159511.176
241.21,500,472,159506.143
241.21,500,473,159501.485
241.21,500,474,159496.856
241.21,500,475,159492.755
241.21,500,476,159488.485
241.21,500,477,159482.659
241.21,500,478,159477.671
241.21,500,479,159473.078
241.21,500,480,159467.612
241.21,500,481,159461.707
241.21,500,482,159456.368
241.21,500,483,159451.939
241.21,500,484,159446.568
241.21,500,485,159442.006
241.21,500,486,159437.27
241.21,500,487,159432.796
241.21,500,488,159428.339
241.21,500,489,159423.969
241.21,500,490,159420.192
241.21,500,491,159416.598
241.21,500,492,159412.171
241.21,500,493,159408.317
241.21,500,494,159404.164
241.21,500,495,159399.5
241.21,500,496,159395.342
241.21,500,497,159391.435
241.21,500,498,159387.253
241.21,500,499,159383.381
