query_id,window,recall,entry_point_distance,base_layer_entry_distance,upper_layer_dist_comps,base_layer_visited,base_layer_dist_comps,candidates_remaining,trace_length,layer_0_visits,layer_1_visits,layer_2_visits,layer_3_visits,layer_4_visits,layer_5_visits
0,in_distribution,1.0,0.9004161357879639,0.6762468218803406,91,205,3921,415,205,0,32,29,22,8,0
1,in_distribution,1.0,0.8568301796913147,0.6017719507217407,93,205,2764,335,205,0,32,45,8,8,0
2,in_distribution,1.0,0.934567928314209,0.5694277286529541,74,203,4839,528,203,0,48,13,5,8,0
3,in_distribution,1.0,0.7248361706733704,0.383762001991272,92,203,2592,274,203,0,16,48,24,4,0
4,in_distribution,1.0,1.0180821418762207,0.4373028874397278,84,200,3551,308,200,0,32,32,12,8,0
5,in_distribution,1.0,0.8880728483200073,0.6000204086303711,88,202,3849,315,202,0,16,45,19,8,0
6,in_distribution,0.9,0.7901225090026855,0.5280479788780212,69,204,4678,543,204,0,32,16,17,4,0
7,in_distribution,1.0,0.6865231990814209,0.5550530552864075,68,202,2977,275,202,0,16,28,20,4,0
8,in_distribution,1.0,0.9183304309844971,0.3800610899925232,136,200,4133,305,200,0,47,32,49,8,0
9,in_distribution,0.7,1.1468770503997803,0.5591682195663452,93,200,4449,512,200,0,48,29,8,8,0
10,in_distribution,1.0,0.7991461753845215,0.3413621187210083,98,200,3088,411,200,0,16,32,42,8,0
11,in_distribution,1.0,0.9017218351364136,0.6304246187210083,113,215,4442,580,215,0,38,16,51,8,0
12,in_distribution,0.9,0.915599524974823,0.44493865966796875,106,204,4396,557,204,0,48,45,5,8,0
13,in_distribution,1.0,0.8623235821723938,0.42587071657180786,77,201,3754,325,201,0,16,31,22,8,0
14,in_distribution,0.9,1.0201259851455688,0.5674510598182678,115,202,3994,469,202,0,32,16,59,8,0
15,in_distribution,0.6,0.9415234327316284,0.5867449045181274,85,202,4842,573,202,0,16,32,29,8,0
16,in_distribution,1.0,0.9167136549949646,0.4706663489341736,127,200,3721,289,200,0,48,48,23,8,0
17,in_distribution,1.0,0.9055799245834351,0.5799921154975891,122,225,4212,664,225,0,16,64,34,8,0
18,in_distribution,0.9,0.8095659017562866,0.5883321762084961,84,202,4386,510,202,0,16,48,12,8,0
19,in_distribution,0.6,0.9279702305793762,0.6801405549049377,114,207,4425,488,207,0,16,47,43,8,0
20,in_distribution,0.9,0.9131423830986023,0.5725154876708984,103,201,4597,513,201,0,48,16,31,8,0
21,in_distribution,1.0,0.9062557816505432,0.7030373811721802,53,203,3237,325,203,0,16,16,17,4,0
22,in_distribution,1.0,0.9460553526878357,0.5600740909576416,84,201,3808,339,201,0,32,32,12,8,0
23,in_distribution,0.5,0.9906644821166992,0.6265019178390503,77,215,5004,667,215,0,16,31,22,8,0
24,in_distribution,1.0,0.6932108402252197,0.38504552841186523,108,200,3471,305,200,0,47,32,25,4,0
25,in_distribution,0.8,1.0178253650665283,0.5828748941421509,84,202,4676,486,202,0,32,32,12,8,0
26,in_distribution,1.0,0.8776829838752747,0.4643852710723877,87,200,2801,260,200,0,48,13,18,8,0
27,in_distribution,1.0,0.8131496906280518,0.22718524932861328,143,200,2300,215,200,0,45,48,42,8,0
28,in_distribution,1.0,0.6889340281486511,0.4761929512023926,123,204,3340,348,204,0,63,16,40,4,0
29,in_distribution,1.0,0.9456245303153992,0.5050719976425171,109,201,4182,403,201,0,32,32,37,8,0
30,in_distribution,1.0,0.9790492653846741,0.0,129,200,3139,286,200,0,48,47,26,8,0
31,in_distribution,1.0,0.8903763890266418,0.6027101278305054,84,205,3516,438,205,0,16,48,12,8,0
32,in_distribution,1.0,0.8688703179359436,0.4251295328140259,97,200,3179,257,200,0,30,15,44,8,0
33,in_distribution,1.0,0.9035757780075073,0.47803276777267456,132,202,4046,474,202,0,48,48,28,8,0
34,in_distribution,0.9,0.9825654625892639,0.5709031820297241,84,203,4641,499,203,0,32,16,28,8,0
35,in_distribution,1.0,0.9333779811859131,0.5220855474472046,77,201,3572,311,201,0,16,29,24,8,0
36,in_distribution,0.9,0.8141684532165527,0.6568981409072876,76,209,4714,527,209,0,16,13,39,8,0
37,in_distribution,0.9,0.9400264620780945,0.5606153011322021,113,201,4392,527,201,0,48,16,41,8,0
38,in_distribution,0.1,0.9094588756561279,0.536160945892334,97,202,4926,501,202,0,48,13,28,8,0
39,in_distribution,1.0,0.9376428127288818,0.5505311489105225,97,204,4490,472,204,0,32,16,41,8,0
40,in_distribution,1.0,1.0094631910324097,0.5432707667350769,108,202,2903,327,202,0,16,48,36,8,0
41,in_distribution,1.0,0.9591387510299683,0.5545682907104492,102,201,2915,263,201,0,29,59,6,8,0
42,in_distribution,1.0,0.9013496041297913,0.5033553838729858,138,200,4397,369,200,0,30,92,8,8,0
43,in_distribution,0.4,0.9076433777809143,0.6855640411376953,67,206,4703,563,206,0,16,15,28,8,0
44,in_distribution,0.8,0.8189789056777954,0.6495306491851807,81,211,4863,596,211,0,32,13,28,8,0
45,in_distribution,1.0,0.8899863362312317,0.5414833426475525,105,209,3239,455,209,0,32,13,52,8,0
46,in_distribution,1.0,0.8605102896690369,0.5505061149597168,73,209,4295,511,209,0,16,44,5,8,0
47,in_distribution,0.8,0.9434762001037598,0.5890722274780273,100,203,4298,493,203,0,32,32,28,8,0
48,in_distribution,1.0,0.7701969742774963,0.4664509892463684,61,200,3988,425,200,0,16,16,25,4,0
49,in_distribution,1.0,0.9679180383682251,0.472595751285553,68,200,4055,379,200,0,32,16,12,8,0
50,in_distribution,0.9,0.942700982093811,0.41774988174438477,134,200,4034,348,200,0,64,32,30,8,0
51,in_distribution,1.0,0.8086713552474976,0.44396424293518066,175,201,3684,365,201,0,64,47,56,8,0
52,in_distribution,1.0,0.8721569776535034,0.5909792184829712,100,210,4025,529,210,0,16,64,12,8,0
53,in_distribution,0.7,0.9024391174316406,0.6295872926712036,74,206,4881,580,206,0,15,32,19,8,0
54,in_distribution,1.0,0.9196141362190247,0.6523518562316895,79,204,2814,296,204,0,16,32,23,8,0
55,in_distribution,1.0,0.803557276725769,0.41650575399398804,90,200,4222,464,200,0,32,45,5,8,0
56,in_distribution,0.6,0.9484395980834961,0.6571892499923706,73,207,4142,647,207,0,16,44,5,8,0
57,in_distribution,1.0,0.9745230674743652,0.3011176586151123,110,200,3154,287,200,0,48,32,22,8,0
58,in_distribution,0.9,1.0662933588027954,0.6022431254386902,74,205,4460,445,205,0,16,45,5,8,0
59,in_distribution,1.0,0.8740732073783875,0.5798187851905823,79,204,4298,475,204,0,16,32,23,8,0
60,in_distribution,1.0,0.9620824456214905,0.6806197762489319,83,203,4156,423,203,0,16,45,14,8,0
61,in_distribution,1.0,0.8167681097984314,0.45740169286727905,118,200,2740,209,200,0,63,31,20,4,0
62,in_distribution,1.0,0.9797465205192566,0.4798760414123535,114,200,3190,239,200,0,47,16,43,8,0
63,in_distribution,0.9,0.9920022487640381,-2.384185791015625e-07,101,202,4910,460,202,0,32,16,45,8,0
64,in_distribution,1.0,0.8242707252502441,0.5222382545471191,93,201,3943,397,201,0,32,16,37,8,0
65,in_distribution,1.0,0.8693946599960327,0.619781494140625,94,206,4329,440,206,0,16,64,6,8,0
66,in_distribution,1.0,0.8257532715797424,0.3898915648460388,76,201,2942,345,201,0,16,29,23,8,0
67,in_distribution,1.0,0.8619050979614258,0.41231369972229004,112,201,3332,270,201,0,32,15,57,8,0
68,in_distribution,1.0,0.9795981049537659,0.6985262632369995,52,206,1469,296,206,0,16,16,12,8,0
69,in_distribution,0.8,0.8246249556541443,0.5374500155448914,93,202,4476,501,202,0,16,61,8,8,0
70,in_distribution,1.0,1.0593844652175903,0.48260462284088135,74,200,3501,303,200,0,29,31,6,8,0
71,in_distribution,1.0,0.9724976420402527,0.5186175107955933,116,201,4540,393,201,0,16,44,48,8,0
72,in_distribution,1.0,0.9960683584213257,0.49170219898223877,113,200,2708,267,200,0,32,32,41,8,0
73,in_distribution,1.0,0.9788192510604858,0.3911197781562805,154,201,3861,376,201,0,61,48,37,8,0
74,in_distribution,1.0,0.8173317909240723,0.36782926321029663,137,200,3569,354,200,0,48,73,8,8,0
75,in_distribution,0.9,1.0040721893310547,0.5805264115333557,78,202,4189,450,202,0,32,16,22,8,0
76,in_distribution,0.9,0.7136827707290649,0.5830495357513428,77,203,4319,455,203,0,30,16,23,8,0
77,in_distribution,1.0,1.005895972251892,0.5353420972824097,104,211,3210,549,211,0,16,47,33,8,0
78,in_distribution,1.0,0.841023325920105,0.43235892057418823,115,200,4216,393,200,0,48,16,43,8,0
79,in_distribution,1.0,0.8092830181121826,0.322642982006073,101,200,2635,239,200,0,16,30,47,8,0
80,in_distribution,1.0,0.9538108110427856,0.5350620746612549,93,201,4444,448,201,0,32,45,8,8,0
81,in_distribution,1.0,1.0186110734939575,0.5954482555389404,68,200,4027,355,200,0,32,16,12,8,0
82,in_distribution,1.0,1.0634465217590332,0.4850807785987854,113,201,3702,332,201,0,48,29,28,8,0
83,in_distribution,1.0,0.9787851572036743,0.45549631118774414,118,201,3921,355,201,0,64,25,21,8,0
84,in_distribution,0.9,0.9767283201217651,0.6425714492797852,77,206,4207,532,206,0,32,15,22,8,0
85,in_distribution,0.9,0.977137565612793,0.5873193740844727,109,201,4560,453,201,0,16,48,37,8,0
86,in_distribution,1.0,0.9682562947273254,0.4362419843673706,94,200,2727,256,200,0,64,16,6,8,0
87,in_distribution,1.0,0.9781488180160522,0.40344834327697754,157,200,3465,322,200,0,79,39,31,8,0
88,in_distribution,1.0,0.9884065985679626,0.6287423372268677,61,200,3108,306,200,0,15,32,6,8,0
89,in_distribution,1.0,1.007152795791626,0.6028308868408203,77,202,3735,361,202,0,48,13,8,8,0
90,in_distribution,0.9,0.8666097521781921,0.6162351369857788,99,204,4778,494,204,0,63,16,12,8,0
91,in_distribution,1.0,0.8896771669387817,0.5534214973449707,110,201,3563,340,201,0,64,32,6,8,0
92,in_distribution,1.0,0.9066347479820251,0.46566861867904663,95,202,3896,428,202,0,48,16,23,8,0
93,in_distribution,1.0,1.048292636871338,0.6367389559745789,103,204,3897,406,204,0,32,30,33,8,0
94,in_distribution,0.7,1.0348929166793823,0.5862886905670166,89,212,4782,641,212,0,16,60,5,8,0
95,in_distribution,1.0,0.8847348690032959,0.6788583397865295,93,207,3575,523,207,0,48,16,21,8,0
96,in_distribution,1.0,0.8686604499816895,0.37327975034713745,161,200,4267,410,200,0,94,16,43,8,0
97,in_distribution,1.0,0.9667394757270813,0.27617496252059937,120,200,2762,248,200,0,44,32,36,8,0
98,in_distribution,1.0,0.6827508211135864,0.5311867594718933,82,202,3765,389,202,0,32,14,32,4,0
99,in_distribution,1.0,0.9596441984176636,0.3294296860694885,104,200,2476,236,200,0,16,32,48,8,0
100,in_distribution,0.9,0.8873634934425354,0.4430745840072632,146,204,3895,361,204,0,48,48,42,8,0
101,in_distribution,1.0,0.9987139701843262,-7.152557373046875e-07,119,200,1733,189,200,0,46,29,36,8,0
102,in_distribution,1.0,0.7084084749221802,0.291533887386322,123,200,3162,329,200,0,47,48,24,4,0
103,in_distribution,1.0,0.8729839324951172,0.3479018807411194,141,201,3117,271,201,0,32,79,22,8,0
104,in_distribution,0.9,0.8638373613357544,0.4855422377586365,97,200,4322,466,200,0,48,13,28,8,0
105,in_distribution,0.8,0.7814720869064331,0.5977857708930969,51,214,4667,664,214,0,16,12,19,4,0
106,in_distribution,0.4,0.8590065240859985,0.63008052110672,52,215,5362,545,215,0,16,16,12,8,0
107,in_distribution,0.8,0.9754337072372437,0.5322847962379456,94,200,4474,486,200,0,32,48,6,8,0
108,in_distribution,0.8,0.9874973297119141,0.5615827441215515,76,200,4278,452,200,0,15,31,22,8,0
109,in_distribution,1.0,0.805158257484436,0.2972554564476013,161,200,3688,315,200,0,32,79,42,8,0
110,in_distribution,0.9,0.899608314037323,0.6210283041000366,75,217,4606,570,217,0,14,32,21,8,0
111,in_distribution,1.0,0.8139795064926147,0.6791610717773438,78,208,3124,412,208,0,16,32,22,8,0
112,in_distribution,1.0,0.9203501343727112,0.460985004901886,109,200,3432,316,200,0,64,16,21,8,0
113,in_distribution,1.0,0.9924404621124268,0.42438024282455444,129,200,2860,238,200,0,45,47,29,8,0
114,in_distribution,0.7,0.8441893458366394,0.6780132055282593,74,204,4596,509,204,0,16,16,38,4,0
115,in_distribution,0.8,1.011496663093567,0.5748835802078247,145,205,4751,577,205,0,80,16,41,8,0
116,in_distribution,1.0,0.8653915524482727,0.37188541889190674,121,200,3875,315,200,0,64,16,33,8,0
117,in_distribution,0.9,0.7192111015319824,0.45328962802886963,92,200,4243,395,200,0,16,32,40,4,0
118,in_distribution,1.0,0.9523760080337524,0.5928820967674255,74,202,3947,366,202,0,16,45,5,8,0
119,in_distribution,1.0,1.0032042264938354,0.4175006151199341,144,200,2997,331,200,0,32,63,41,8,0
120,in_distribution,1.0,0.9058372378349304,0.3913816213607788,106,200,3661,285,200,0,48,16,34,8,0
121,in_distribution,1.0,1.0235264301300049,0.6565303802490234,102,207,4165,575,207,0,32,31,31,8,0
122,in_distribution,0.8,1.0118283033370972,-1.1920928955078125e-07,118,202,4053,384,202,0,48,47,15,8,0
123,in_distribution,1.0,0.7458953857421875,0.5278379321098328,75,206,3452,361,206,0,16,31,24,4,0
124,in_distribution,1.0,0.7147618532180786,0.4906653165817261,60,200,3092,220,200,0,14,32,10,4,0
125,in_distribution,0.9,0.8730528354644775,0.5699681639671326,75,217,4880,646,217,0,16,32,19,8,0
126,in_distribution,1.0,1.0425047874450684,0.4999319911003113,128,200,2961,308,200,0,48,40,32,8,0
127,in_distribution,1.0,0.855676531791687,0.4049321413040161,156,200,3089,287,200,0,96,16,36,8,0
128,in_distribution,0.9,0.9839606881141663,0.48093026876449585,68,200,4476,422,200,0,32,16,12,8,0
129,in_distribution,1.0,0.9477005004882812,0.5346894860267639,84,201,3021,293,201,0,16,48,12,8,0
130,in_distribution,1.0,0.8503649830818176,0.6021333932876587,61,201,4268,439,201,0,16,16,21,8,0
131,in_distribution,1.0,0.8467953205108643,0.623044490814209,84,201,4550,413,201,0,16,48,12,8,0
132,in_distribution,1.0,0.7907325029373169,0.6499395370483398,100,201,4154,492,201,0,16,13,67,4,0
133,in_distribution,0.7,0.9544055461883545,0.5906291604042053,79,221,5028,543,221,0,32,16,23,8,0
134,in_distribution,0.8,0.7782415747642517,0.48731720447540283,91,200,4204,417,200,0,31,16,36,8,0
135,in_distribution,1.0,0.8344426155090332,0.5216212272644043,78,205,3949,515,205,0,32,16,22,8,0
136,in_distribution,0.9,0.9725193381309509,0.5166419744491577,132,202,4301,406,202,0,96,16,12,8,0
137,in_distribution,0.8,0.9033874869346619,0.5254470705986023,106,202,4087,458,202,0,29,32,37,8,0
138,in_distribution,1.0,0.9308826327323914,0.5083848237991333,97,210,4377,604,210,0,48,13,28,8,0
139,in_distribution,0.7,1.020932912826538,0.5595401525497437,105,201,4210,372,201,0,16,63,18,8,0
140,in_distribution,1.0,1.0495365858078003,0.538221001625061,60,201,4281,447,201,0,16,16,20,8,0
141,in_distribution,1.0,1.0269324779510498,0.4561687111854553,85,200,3317,265,200,0,32,32,13,8,0
142,in_distribution,0.9,0.95076984167099,0.5581222772598267,90,204,4272,413,204,0,48,29,5,8,0
143,in_distribution,1.0,0.9294663667678833,0.5023638606071472,76,201,4326,423,201,0,16,29,23,8,0
144,in_distribution,1.0,0.9005829691886902,0.6745598316192627,84,204,3650,410,204,0,32,15,29,8,0
145,in_distribution,1.0,0.854398250579834,0.5440369844436646,108,209,2783,458,209,0,13,29,58,8,0
146,in_distribution,1.0,0.8604629039764404,0.4142204523086548,133,200,3805,323,200,0,46,31,48,8,0
147,in_distribution,1.0,0.9138463735580444,0.3952566981315613,148,200,1574,168,200,0,88,13,39,8,0
148,in_distribution,0.9,0.9461638927459717,0.6732935309410095,70,212,4816,626,212,0,16,15,31,8,0
149,in_distribution,1.0,0.8523241281509399,0.4727441668510437,158,200,3131,243,200,0,58,63,33,4,0
150,in_distribution,1.0,0.8909372091293335,0.5146917104721069,99,200,4216,430,200,0,47,12,32,8,0
151,in_distribution,1.0,0.9293108582496643,0.6553072929382324,84,208,3970,499,208,0,16,32,32,4,0
152,in_distribution,0.9,0.8752473592758179,0.632630467414856,71,201,2958,292,201,0,30,27,6,8,0
153,in_distribution,0.6,0.9596561789512634,0.5515300035476685,105,201,4828,460,201,0,48,32,17,8,0
154,in_distribution,0.7,1.0318695306777954,0.6270232796669006,100,209,4982,595,209,0,32,48,12,8,0
155,in_distribution,1.0,0.7787013649940491,0.33151358366012573,122,200,3590,322,200,0,32,61,21,8,0
156,in_distribution,0.8,0.8475224375724792,0.5165444612503052,86,200,4295,406,200,0,29,44,5,8,0
157,in_distribution,1.0,0.8791035413742065,0.4646947979927063,109,200,2175,247,200,0,64,15,22,8,0
158,in_distribution,1.0,1.0138479471206665,0.5022759437561035,138,200,3593,317,200,0,16,62,52,8,0
159,in_distribution,0.9,1.068669080734253,0.6069260835647583,76,202,4188,467,202,0,16,13,39,8,0
160,in_distribution,1.0,0.8741694688796997,0.6575424671173096,81,206,4350,521,206,0,42,16,15,8,0
161,in_distribution,1.0,1.1434986591339111,0.6919119358062744,68,204,3887,333,204,0,15,11,34,8,0
162,in_distribution,1.0,0.9684924483299255,0.6113547682762146,118,202,4014,381,202,0,48,29,33,8,0
163,in_distribution,1.0,0.7911820411682129,0.4207814931869507,78,200,2656,198,200,0,32,32,6,8,0
164,in_distribution,1.0,0.725340723991394,0.3889501690864563,92,200,3522,325,200,0,29,32,23,8,0
165,in_distribution,1.0,0.9635210037231445,0.505243182182312,116,200,3392,321,200,0,16,63,29,8,0
166,in_distribution,0.9,0.9739485383033752,0.5821360349655151,68,201,4425,424,201,0,32,16,12,8,0
167,in_distribution,1.0,0.8492017388343811,0.3541436791419983,106,200,2433,201,200,0,28,58,12,8,0
168,in_distribution,1.0,1.0289875268936157,0.5046836137771606,111,200,3265,297,200,0,57,28,18,8,0
169,in_distribution,1.0,0.9906640648841858,0.3896788954734802,151,200,3456,325,200,0,31,107,5,8,0
170,in_distribution,1.0,0.943516194820404,0.5904390811920166,83,206,4364,531,206,0,32,31,12,8,0
171,in_distribution,1.0,0.9329118728637695,0.5108362436294556,83,200,3552,337,200,0,16,47,12,8,0
172,in_distribution,0.9,0.8734978437423706,0.6003520488739014,87,202,4193,418,202,0,16,45,18,8,0
173,in_distribution,1.0,0.9316771030426025,0.472082257270813,99,202,4178,376,202,0,16,31,44,8,0
174,in_distribution,0.9,0.9284321665763855,0.5908942222595215,106,204,4457,482,204,0,32,61,5,8,0
175,in_distribution,1.0,0.9087874293327332,0.533515453338623,100,203,4354,493,203,0,48,16,28,8,0
176,in_distribution,1.0,0.8316426277160645,0.41535699367523193,106,200,3251,266,200,0,16,47,35,8,0
177,in_distribution,0.8,0.8411276936531067,0.5591036081314087,116,205,4495,569,205,0,64,32,12,8,0
178,in_distribution,1.0,0.8635771870613098,0.498603880405426,133,201,4231,448,201,0,64,47,14,8,0
179,in_distribution,0.9,1.0391604900360107,0.665720522403717,81,204,4508,562,204,0,32,13,28,8,0
180,in_distribution,1.0,0.8913546800613403,0.541895866394043,84,206,4431,500,206,0,32,32,12,8,0
181,in_distribution,1.0,0.9050956964492798,0.570518434047699,99,200,4065,414,200,0,32,47,12,8,0
182,in_distribution,1.0,0.8897021412849426,0.4788898229598999,111,202,3580,369,202,0,48,32,23,8,0
183,in_distribution,1.0,0.9200060367584229,0.2998241186141968,144,200,3552,249,200,0,62,62,12,8,0
184,in_distribution,0.9,0.9037883281707764,0.6538090109825134,127,206,4550,547,206,0,32,32,55,8,0
185,in_distribution,1.0,1.0915038585662842,0.5211640000343323,134,201,2653,269,201,0,58,46,22,8,0
186,in_distribution,1.0,0.7941048741340637,0.330405592918396,127,200,3827,303,200,0,64,32,23,8,0
187,in_distribution,1.0,0.8750119209289551,0.4468963146209717,117,200,3586,351,200,0,80,15,14,8,0
188,in_distribution,0.8,0.899165153503418,0.6118792295455933,90,203,4715,471,203,0,16,45,21,8,0
189,in_distribution,1.0,0.9422541856765747,0.5322411060333252,84,207,2933,422,207,0,16,46,14,8,0
190,in_distribution,1.0,1.010542392730713,0.3477139472961426,149,200,2587,260,200,0,64,63,14,8,0
191,in_distribution,1.0,0.929206371307373,0.5886675119400024,118,200,4697,529,200,0,32,32,46,8,0
192,in_distribution,1.0,0.8024624586105347,0.5915523767471313,107,206,4356,435,206,0,48,31,24,4,0
193,in_distribution,0.8,1.052993893623352,0.5282922387123108,89,201,4411,459,201,0,16,60,5,8,0
194,in_distribution,1.0,0.9212314486503601,0.42820948362350464,98,200,2124,206,200,0,58,13,19,8,0
195,in_distribution,1.0,0.8492804169654846,0.3105873465538025,108,200,2185,227,200,0,16,47,37,8,0
196,in_distribution,1.0,0.98967444896698,0.5381588935852051,86,201,3714,357,201,0,30,43,5,8,0
197,in_distribution,0.9,0.8475841283798218,0.5401008129119873,83,202,4651,450,202,0,16,47,12,8,0
198,in_distribution,1.0,1.0136638879776,0.6356242895126343,132,202,4091,432,202,0,63,46,15,8,0
199,in_distribution,1.0,0.8172502517700195,0.5816458463668823,77,205,3716,271,205,0,16,32,21,8,0
200,in_distribution,1.0,0.9317857027053833,0.31481802463531494,132,200,3946,276,200,0,64,46,14,8,0
201,in_distribution,1.0,0.7876807451248169,0.33848655223846436,123,200,3410,308,200,0,79,16,24,4,0
202,in_distribution,1.0,0.9945406317710876,0.25817209482192993,145,200,2779,249,200,0,31,48,58,8,0
203,in_distribution,1.0,0.9290915727615356,0.5259746313095093,96,200,2765,305,200,0,57,9,22,8,0
204,in_distribution,0.9,0.9922469258308411,0.5562657713890076,60,201,4607,459,201,0,16,15,21,8,0
205,in_distribution,0.6,1.0653469562530518,0.5411506295204163,81,209,4603,595,209,0,32,16,25,8,0
206,in_distribution,1.0,0.9206012487411499,0.4458468556404114,115,200,3818,392,200,0,32,44,31,8,0
207,in_distribution,1.0,1.0406684875488281,0.6677776575088501,58,207,3899,425,207,0,16,29,5,8,0
208,in_distribution,1.0,0.9772589206695557,1.1920928955078125e-07,91,200,1734,180,200,0,62,13,8,8,0
209,in_distribution,1.0,1.064843773841858,0.46916770935058594,105,201,4073,407,201,0,48,12,37,8,0
210,in_distribution,0.5,1.0196706056594849,0.5568321943283081,119,224,5335,512,224,0,16,61,34,8,0
211,in_distribution,1.0,0.86570143699646,0.572360098361969,97,204,4640,449,204,0,32,29,28,8,0
212,in_distribution,1.0,0.8134345412254333,0.3171526789665222,131,200,1571,142,200,0,63,31,33,4,0
213,in_distribution,0.5,0.839594841003418,0.6026003360748291,56,203,4866,587,203,0,16,14,18,8,0
214,in_distribution,0.9,0.9254054427146912,0.48314833641052246,68,200,4630,429,200,0,16,16,28,8,0
215,in_distribution,0.6,0.8480803370475769,0.6786481142044067,51,210,4739,571,210,0,12,9,22,8,0
216,in_distribution,1.0,0.9995154142379761,0.569138765335083,77,201,4402,478,201,0,30,16,23,8,0
217,in_distribution,1.0,1.1113193035125732,0.28079158067703247,121,200,3002,216,200,0,59,42,12,8,0
218,in_distribution,0.9,0.9138120412826538,0.5676335096359253,107,204,4468,414,204,0,45,16,38,8,0
219,in_distribution,0.7,0.9598686695098877,0.5513433218002319,119,204,4254,444,204,0,46,16,49,8,0
220,in_distribution,0.8,0.9454595446586609,-2.384185791015625e-07,75,202,4605,434,202,0,14,24,29,8,0
221,in_distribution,1.0,0.8345037698745728,0.38975441455841064,147,200,3492,358,200,0,63,64,12,8,0
222,in_distribution,0.5,0.9342289566993713,0.5892965793609619,69,208,5127,612,208,0,28,28,5,8,0
223,in_distribution,1.0,0.9731625914573669,0.0,99,200,3075,317,200,0,60,9,22,8,0
224,in_distribution,1.0,0.897624135017395,0.625016987323761,112,201,3723,359,201,0,16,60,28,8,0
225,in_distribution,0.9,0.8690791130065918,0.5340376496315002,62,200,4179,478,200,0,16,16,22,8,0
226,in_distribution,1.0,1.046316146850586,0.40887147188186646,123,200,3473,316,200,0,44,48,23,8,0
227,in_distribution,0.9,0.9521747827529907,0.5020954608917236,99,200,3772,345,200,0,31,32,28,8,0
228,in_distribution,1.0,0.8538867831230164,0.37808048725128174,98,200,3839,326,200,0,32,16,42,8,0
229,in_distribution,1.0,0.8300465941429138,0.5058399438858032,96,203,3620,363,203,0,16,29,43,8,0
230,in_distribution,0.9,0.8629294633865356,0.5324239730834961,79,200,4047,375,200,0,16,32,23,8,0
231,in_distribution,1.0,0.9442009329795837,0.6521759033203125,78,204,4064,549,204,0,16,32,22,8,0
232,in_distribution,1.0,0.9592414498329163,0.35983604192733765,87,200,3121,223,200,0,48,14,17,8,0
233,in_distribution,1.0,0.9275305271148682,0.5263463258743286,84,200,4145,400,200,0,16,48,12,8,0
234,in_distribution,1.0,0.9128590822219849,0.6365256309509277,46,209,3601,588,209,0,16,16,6,8,0
235,in_distribution,1.0,0.9981627464294434,0.49844419956207275,141,200,3890,328,200,0,64,48,21,8,0
236,in_distribution,1.0,0.9190474152565002,0.14555299282073975,125,200,2325,160,200,0,78,16,23,8,0
237,in_distribution,1.0,1.0993835926055908,0.32035577297210693,125,200,3480,228,200,0,31,80,6,8,0
238,in_distribution,1.0,0.8239050507545471,0.5470963716506958,74,200,4200,383,200,0,16,30,24,4,0
239,in_distribution,1.0,0.9341251850128174,0.4240263104438782,127,200,4086,377,200,0,32,64,23,8,0
240,in_distribution,1.0,0.9040827751159668,0.2356421947479248,108,200,2786,214,200,0,31,32,37,8,0
241,in_distribution,0.9,1.087723731994629,0.5451886653900146,105,203,4595,577,203,0,48,26,23,8,0
242,in_distribution,1.0,0.9749087691307068,0.4346191883087158,78,200,3426,334,200,0,32,14,24,8,0
243,in_distribution,1.0,0.8643368482589722,0.5761237144470215,127,203,4128,484,203,0,48,48,23,8,0
244,in_distribution,1.0,0.8443557024002075,0.36240988969802856,171,200,2440,218,200,0,93,45,25,8,0
245,in_distribution,0.9,1.0622820854187012,0.5158011317253113,116,206,4345,466,206,0,64,32,12,8,0
246,in_distribution,1.0,0.9905003905296326,0.6408658623695374,76,214,2969,576,214,0,16,16,36,8,0
247,in_distribution,1.0,0.7431421875953674,0.5148423910140991,102,201,3897,471,201,0,16,42,40,4,0
248,in_distribution,0.8,0.8918471336364746,0.571631908416748,87,203,4859,554,203,0,31,16,32,8,0
249,in_distribution,0.9,1.0751758813858032,0.6093713641166687,69,202,3693,360,202,0,16,16,29,8,0
250,in_distribution,1.0,1.042231559753418,0.5572652816772461,117,201,3029,322,201,0,45,45,19,8,0
251,in_distribution,1.0,0.9719340801239014,0.4536445736885071,142,200,3327,295,200,0,59,32,43,8,0
252,in_distribution,0.9,0.8988035321235657,0.4359763264656067,83,200,4189,400,200,0,46,15,14,8,0
253,in_distribution,1.0,1.0463218688964844,0.5194661617279053,105,200,3647,442,200,0,32,60,5,8,0
254,in_distribution,0.9,0.8177028894424438,0.6089034080505371,98,204,3994,443,204,0,48,27,19,4,0
255,in_distribution,1.0,0.9228244423866272,0.4604552388191223,107,201,3808,351,201,0,16,45,38,8,0
256,in_distribution,1.0,0.8752077221870422,0.5203148126602173,105,201,3725,299,201,0,48,26,23,8,0
257,in_distribution,1.0,0.9022674560546875,0.26863086223602295,119,200,2600,236,200,0,77,29,5,8,0
258,in_distribution,1.0,1.0592310428619385,0.38198816776275635,139,200,3034,244,200,0,32,48,51,8,0
259,in_distribution,1.0,0.8801496624946594,0.36656153202056885,117,200,1905,160,200,0,31,70,8,8,0
260,in_distribution,1.0,0.8757815957069397,0.45911115407943726,91,200,4004,362,200,0,16,30,37,8,0
261,in_distribution,0.9,0.9433841109275818,0.6426634788513184,46,205,3679,445,205,0,16,16,6,8,0
262,in_distribution,1.0,0.8864118456840515,0.5232995748519897,94,201,3693,308,201,0,16,48,22,8,0
263,in_distribution,1.0,1.130601167678833,0.6008758544921875,62,202,2923,315,202,0,16,15,23,8,0
264,in_distribution,1.0,1.0376330614089966,0.35264909267425537,138,200,2880,245,200,0,80,45,5,8,0
265,in_distribution,1.0,0.994524359703064,0.236883282661438,143,200,2941,256,200,0,61,32,42,8,0
266,in_distribution,1.0,0.8517847061157227,0.5401253700256348,130,203,4745,474,203,0,16,63,43,8,0
267,in_distribution,1.0,1.0136107206344604,0.48656904697418213,90,200,3485,355,200,0,31,29,22,8,0
268,in_distribution,1.0,1.0422011613845825,0.7155369520187378,85,217,3243,560,217,0,31,28,18,8,0
269,in_distribution,1.0,0.8239527344703674,0.482342004776001,109,200,3412,292,200,0,80,13,8,8,0
270,in_distribution,0.8,1.130280613899231,0.6751272082328796,95,226,5074,623,226,0,48,16,23,8,0
271,in_distribution,1.0,0.8881975412368774,0.48376214504241943,103,200,3030,271,200,0,32,45,18,8,0
272,in_distribution,0.4,0.8196908831596375,0.5708421468734741,60,203,4061,463,203,0,16,16,24,4,0
273,in_distribution,1.0,0.9631999731063843,0.604608416557312,85,203,4509,457,203,0,32,31,14,8,0
274,in_distribution,1.0,0.8507984280586243,0.35396021604537964,148,200,4251,340,200,0,80,48,12,8,0
275,in_distribution,0.8,1.016040325164795,0.6231753826141357,61,203,4600,529,203,0,16,16,21,8,0
276,in_distribution,1.0,0.8988584280014038,0.5108190774917603,113,205,4303,504,205,0,16,61,28,8,0
277,in_distribution,1.0,0.8770231604576111,0.35464227199554443,103,200,4015,316,200,0,30,60,5,8,0
278,in_distribution,0.3,0.9799707531929016,0.6454803347587585,93,204,4911,533,204,0,32,31,22,8,0
279,in_distribution,1.0,0.7094458341598511,0.522302508354187,108,202,3994,411,202,0,16,63,25,4,0
280,in_distribution,1.0,0.9131035804748535,0.6767923831939697,69,206,4227,519,206,0,32,16,13,8,0
281,in_distribution,1.0,0.8283323049545288,0.3013501763343811,113,200,2439,235,200,0,60,39,10,4,0
282,in_distribution,1.0,0.8595196604728699,0.6699658632278442,51,211,4659,582,211,0,12,9,22,8,0
283,in_distribution,0.5,0.7732160091400146,0.5063236355781555,123,202,4771,488,202,0,47,16,52,8,0
284,in_distribution,1.0,0.9165591597557068,0.6226769685745239,97,202,4050,387,202,0,32,32,25,8,0
285,in_distribution,1.0,0.7807036638259888,0.5055789947509766,79,207,3693,529,207,0,16,32,23,8,0
286,in_distribution,1.0,0.9268948435783386,0.5886757373809814,73,203,3199,341,203,0,16,44,5,8,0
287,in_distribution,0.8,0.9818763136863708,0.6039536595344543,107,206,3567,418,206,0,16,32,51,8,0
288,in_distribution,1.0,0.7618310451507568,0.48471713066101074,114,201,3889,346,201,0,32,32,42,8,0
289,in_distribution,1.0,1.03732168674469,0.5282721519470215,94,210,3798,477,210,0,47,16,23,8,0
290,in_distribution,1.0,1.0063717365264893,0.6006917357444763,69,210,3991,486,210,0,16,31,14,8,0
291,in_distribution,0.9,0.979447066783905,0.5405329465866089,100,203,4317,419,203,0,46,11,35,8,0
292,in_distribution,1.0,0.8251164555549622,0.603934645652771,79,201,3657,362,201,0,16,31,28,4,0
293,in_distribution,0.9,0.9829496741294861,0.5142384767532349,68,201,3335,363,201,0,16,16,28,8,0
294,in_distribution,1.0,1.0192224979400635,0.33285653591156006,146,200,3833,340,200,0,48,47,43,8,0
295,in_distribution,1.0,0.9042274355888367,0.5253854990005493,52,203,4266,431,203,0,16,16,12,8,0
296,in_distribution,1.0,0.9090425968170166,0.3819722533226013,125,202,4329,386,202,0,64,31,22,8,0
297,in_distribution,0.9,0.9368896484375,0.4730408191680908,138,200,4761,428,200,0,96,29,5,8,0
298,in_distribution,1.0,1.0288082361221313,0.4322369694709778,114,201,3062,253,201,0,16,47,43,8,0
299,in_distribution,1.0,1.0672218799591064,0.49973201751708984,87,203,4102,365,203,0,16,30,33,8,0
300,in_distribution,1.0,1.0123742818832397,0.555937647819519,116,201,4261,445,201,0,32,31,45,8,0
301,in_distribution,1.0,0.8216133117675781,0.38107532262802124,101,200,2800,256,200,0,43,45,5,8,0
302,in_distribution,0.9,0.9223460555076599,0.6335958242416382,78,207,4259,593,207,0,16,31,23,8,0
303,in_distribution,0.9,0.9104889631271362,0.5425347089767456,77,206,4697,494,206,0,16,32,21,8,0
304,in_distribution,1.0,0.7785277366638184,0.23504620790481567,93,200,2530,274,200,0,31,32,22,8,0
305,in_distribution,1.0,0.8319399356842041,0.5915462970733643,65,204,3870,435,204,0,16,13,28,8,0
306,in_distribution,1.0,0.7755736112594604,0.47356659173965454,78,200,3587,311,200,0,16,48,6,8,0
307,in_distribution,1.0,0.9389260411262512,0.41735517978668213,111,200,3219,296,200,0,32,15,56,8,0
308,in_distribution,1.0,0.760362982749939,0.4116626977920532,140,203,3400,330,203,0,64,48,24,4,0
309,in_distribution,0.8,0.8954102993011475,0.5104295015335083,100,200,4728,424,200,0,48,32,12,8,0
310,in_distribution,1.0,0.748656690120697,0.4430021643638611,75,200,3462,408,200,0,31,16,24,4,0
311,in_distribution,1.0,1.0496160984039307,0.5561501383781433,106,202,4290,475,202,0,48,45,5,8,0
312,in_distribution,1.0,1.063897728919983,0.5816117525100708,99,202,3918,395,202,0,43,16,32,8,0
313,in_distribution,1.0,1.0222842693328857,0.6341484189033508,71,201,3321,251,201,0,32,13,18,8,0
314,in_distribution,1.0,0.9347935914993286,0.5797151327133179,70,202,3511,323,202,0,15,29,18,8,0
315,in_distribution,1.0,0.8095521926879883,0.4417707920074463,100,200,4399,465,200,0,48,32,12,8,0
316,in_distribution,1.0,0.7259247899055481,0.33364713191986084,154,200,3301,245,200,0,79,48,19,8,0
317,in_distribution,0.7,0.9988825917243958,0.6519664525985718,90,207,4419,596,207,0,31,16,35,8,0
318,in_distribution,0.9,0.9127376675605774,0.5687007904052734,141,203,4808,473,203,0,15,48,70,8,0
319,in_distribution,1.0,0.9755931496620178,0.5536881685256958,104,200,4514,437,200,0,48,16,32,8,0
320,in_distribution,1.0,0.908642053604126,0.4973570704460144,71,200,3252,277,200,0,30,13,20,8,0
321,in_distribution,1.0,1.078488826751709,0.5493558645248413,70,200,3183,264,200,0,14,27,21,8,0
322,in_distribution,1.0,1.001612901687622,0.2772834897041321,147,200,2865,225,200,0,90,44,5,8,0
323,in_distribution,0.9,1.0674233436584473,0.5438007116317749,83,200,4369,467,200,0,16,47,12,8,0
324,in_distribution,0.9,0.8697935342788696,0.0,111,202,4423,403,202,0,16,64,23,8,0
325,in_distribution,1.0,0.9299136996269226,0.4190801978111267,161,200,3287,282,200,0,48,77,28,8,0
326,in_distribution,0.9,1.0124179124832153,0.4804304838180542,53,201,4385,403,201,0,16,15,14,8,0
327,in_distribution,0.8,0.8798101544380188,0.5734620094299316,104,209,4552,541,209,0,32,41,23,8,0
328,in_distribution,0.9,1.016669750213623,0.5886775851249695,74,202,3621,391,202,0,16,45,5,8,0
329,in_distribution,1.0,0.8549836874008179,0.5144937038421631,90,217,2701,469,217,0,30,16,36,8,0
330,in_distribution,1.0,0.8845915794372559,0.547396183013916,88,208,4199,480,208,0,16,31,33,8,0
331,in_distribution,1.0,0.7630883455276489,0.43052417039871216,77,201,3289,358,201,0,16,16,37,8,0
332,in_distribution,0.9,1.0759351253509521,0.5772171020507812,83,205,4065,470,205,0,32,31,12,8,0
333,in_distribution,1.0,0.9339519143104553,0.6097519397735596,62,203,3787,488,203,0,16,16,22,8,0
334,in_distribution,0.6,0.7911044955253601,0.6347131729125977,84,215,5028,634,215,0,31,23,22,8,0
335,in_distribution,1.0,0.9414159059524536,0.48564815521240234,78,200,3984,403,200,0,15,32,23,8,0
336,in_distribution,1.0,1.0025137662887573,0.5254873633384705,108,209,3636,483,209,0,16,48,36,8,0
337,in_distribution,1.0,1.057450532913208,0.5684155225753784,97,201,4410,418,201,0,29,48,12,8,0
338,in_distribution,0.8,0.8949311375617981,0.6141819953918457,73,205,4079,477,205,0,16,16,33,8,0
339,in_distribution,0.9,0.8696114420890808,0.5211755037307739,107,201,4354,473,201,0,32,45,22,8,0
340,in_distribution,1.0,0.7193936109542847,0.6062802672386169,69,203,2941,308,203,0,32,16,17,4,0
341,in_distribution,0.5,0.9501095414161682,0.46768051385879517,90,200,4871,537,200,0,13,32,37,8,0
342,in_distribution,0.9,0.825046956539154,0.48779016733169556,135,201,3643,328,201,0,63,31,33,8,0
343,in_distribution,0.9,0.800754964351654,0.4991914629936218,83,201,4591,429,201,0,16,16,43,8,0
344,in_distribution,1.0,0.6813286542892456,0.3806105852127075,98,200,3217,232,200,0,57,27,10,4,0
345,in_distribution,0.5,0.9411656856536865,0.6527343988418579,115,201,4613,561,201,0,32,63,12,8,0
346,in_distribution,1.0,0.8592451810836792,0.489282488822937,111,200,4112,385,200,0,32,48,23,8,0
347,in_distribution,0.6,0.9449917674064636,0.645596981048584,81,207,4543,534,207,0,16,27,30,8,0
348,in_distribution,1.0,0.8998628854751587,0.42945414781570435,71,203,4502,433,203,0,16,32,15,8,0
349,in_distribution,1.0,0.767646074295044,0.38656777143478394,93,201,4200,400,201,0,16,48,21,8,0
350,in_distribution,1.0,0.7695941925048828,1.1920928955078125e-07,126,201,3959,383,201,0,64,48,6,8,0
351,in_distribution,1.0,0.9169090390205383,0.6674575805664062,110,213,3799,591,213,0,16,48,38,8,0
352,in_distribution,1.0,0.7894256711006165,0.5029032230377197,102,200,4074,409,200,0,32,26,36,8,0
353,in_distribution,1.0,0.8876398205757141,0.2638642191886902,140,200,2621,239,200,0,47,32,53,8,0
354,in_distribution,1.0,0.79723060131073,0.5452417135238647,121,203,2789,389,203,0,63,16,38,4,0
355,in_distribution,1.0,0.9311904907226562,0.5346890687942505,109,201,3147,245,201,0,48,47,6,8,0
356,in_distribution,1.0,0.9287243485450745,0.36248618364334106,129,200,4419,426,200,0,48,45,28,8,0
357,in_distribution,1.0,0.9461841583251953,0.3367229104042053,93,200,3379,292,200,0,16,63,6,8,0
358,in_distribution,1.0,0.8790475130081177,0.6268928050994873,70,202,4229,385,202,0,16,15,31,8,0
359,in_distribution,1.0,0.7152554988861084,0.43928706645965576,77,202,3700,325,202,0,16,32,21,8,0
360,in_distribution,1.0,0.9532121419906616,0.595859706401825,88,213,4654,616,213,0,16,30,34,8,0
361,in_distribution,1.0,0.8686071038246155,0.49367088079452515,106,201,3931,377,201,0,43,32,23,8,0
362,in_distribution,1.0,1.0022510290145874,0.4897199869155884,81,201,4041,339,201,0,32,13,28,8,0
363,in_distribution,1.0,0.9928745031356812,0.45106494426727295,141,205,4266,368,205,0,48,48,37,8,0
364,in_distribution,1.0,0.9633161425590515,0.5231502056121826,88,210,4835,629,210,0,48,27,5,8,0
365,in_distribution,1.0,0.9538716077804565,0.35861653089523315,166,200,3501,272,200,0,32,64,62,8,0
366,in_distribution,1.0,0.7333410978317261,0.36707383394241333,89,200,2356,223,200,0,43,12,30,4,0
367,in_distribution,1.0,0.83567214012146,0.33212465047836304,158,200,3707,280,200,0,75,32,43,8,0
368,in_distribution,1.0,1.022031307220459,0.5784591436386108,94,202,4418,467,202,0,32,16,38,8,0
369,in_distribution,1.0,0.9522485733032227,0.46286243200302124,83,205,3912,296,205,0,15,48,12,8,0
370,in_distribution,1.0,1.0214273929595947,0.44907766580581665,59,200,2994,279,200,0,16,16,19,8,0
371,in_distribution,1.0,1.0275931358337402,0.3763042092323303,82,200,3492,285,200,0,30,16,28,8,0
372,in_distribution,1.0,0.8652202486991882,0.5141783356666565,114,204,3509,370,204,0,48,29,29,8,0
373,in_distribution,1.0,0.9181597232818604,0.5225186944007874,109,201,3298,335,201,0,32,32,37,8,0
374,in_distribution,1.0,0.982259213924408,0.6168012619018555,106,205,2816,302,205,0,16,32,50,8,0
375,in_distribution,0.5,0.9127964973449707,0.524937629699707,69,202,4158,435,202,0,32,15,14,8,0
376,in_distribution,1.0,0.7884223461151123,0.5134119987487793,126,201,3453,287,201,0,64,48,6,8,0
377,in_distribution,1.0,0.9069591760635376,0.7180526256561279,67,210,3659,460,210,0,16,31,12,8,0
378,in_distribution,1.0,0.8500081300735474,0.33061903715133667,85,200,2584,217,200,0,32,16,33,4,0
379,in_distribution,0.8,1.0410420894622803,0.578850269317627,84,207,4488,540,207,0,48,16,12,8,0
380,in_distribution,1.0,0.8547790050506592,0.6672033667564392,101,201,3291,290,201,0,16,64,17,4,0
381,in_distribution,1.0,1.0417118072509766,0.472425639629364,58,201,3371,284,201,0,16,29,5,8,0
382,in_distribution,0.6,0.9056768417358398,0.6114206314086914,116,212,4818,579,212,0,64,16,28,8,0
383,in_distribution,1.0,0.956767737865448,0.5996403098106384,76,206,4125,448,206,0,13,32,23,8,0
384,in_distribution,1.0,0.8130125999450684,0.37710148096084595,145,200,3977,344,200,0,62,32,43,8,0
385,in_distribution,1.0,1.011458158493042,0.2563883662223816,121,200,2412,198,200,0,60,25,28,8,0
386,in_distribution,1.0,0.9562185406684875,0.5730264186859131,67,202,4066,425,202,0,16,31,12,8,0
387,in_distribution,0.6,0.9785311222076416,0.5920397043228149,112,230,4937,649,230,0,48,32,24,8,0
388,in_distribution,1.0,0.6578472852706909,0.23672521114349365,108,200,2945,237,200,0,48,32,24,4,0
389,in_distribution,0.6,0.8938304781913757,0.5970851182937622,81,202,4306,496,202,0,32,13,28,8,0
390,in_distribution,1.0,0.9513388276100159,0.4792906641960144,112,202,3315,281,202,0,32,30,42,8,0
391,in_distribution,1.0,1.0144920349121094,0.550385057926178,93,203,2448,319,203,0,32,32,21,8,0
392,in_distribution,0.9,0.8404523134231567,0.4974697232246399,46,203,4271,366,203,0,16,12,14,4,0
393,in_distribution,1.0,0.9332674741744995,0.4877958297729492,129,206,2863,381,206,0,80,13,28,8,0
394,in_distribution,1.0,1.006319522857666,0.1803094744682312,90,200,3430,297,200,0,45,15,22,8,0
395,in_distribution,1.0,0.796337366104126,0.4093617796897888,85,202,3288,373,202,0,32,16,33,4,0
396,in_distribution,1.0,0.993195116519928,0.6050720810890198,72,202,2689,268,202,0,16,16,32,8,0
397,in_distribution,1.0,0.859492301940918,0.5819271802902222,76,204,4675,492,204,0,16,16,36,8,0
398,in_distribution,1.0,1.0370538234710693,0.6438049674034119,66,205,3401,405,205,0,16,16,26,8,0
399,in_distribution,1.0,0.8819064497947693,0.45567601919174194,70,200,2500,258,200,0,29,28,5,8,0
400,in_distribution,0.9,0.9184914231300354,0.4719114303588867,116,200,3175,311,200,0,32,15,61,8,0
401,in_distribution,1.0,0.6839051246643066,0.5004659295082092,137,201,3702,311,201,0,79,16,38,4,0
402,in_distribution,1.0,0.9409459233283997,0.4190739393234253,84,200,3637,283,200,0,32,32,12,8,0
403,in_distribution,1.0,0.7895745635032654,0.3513492941856384,117,200,3548,302,200,0,46,15,48,8,0
404,in_distribution,0.7,1.071176290512085,0.6528741121292114,87,207,4648,558,207,0,16,32,31,8,0
405,in_distribution,0.9,0.9282436370849609,0.5055256485939026,103,200,3744,464,200,0,31,42,22,8,0
406,in_distribution,0.8,0.9150030016899109,0.5607528686523438,92,201,4545,490,201,0,45,13,26,8,0
407,in_distribution,1.0,0.9958823919296265,0.5350208282470703,82,213,3409,566,213,0,22,16,36,8,0
408,in_distribution,1.0,0.8652061223983765,5.960464477539063e-08,147,200,3610,301,200,0,80,29,30,8,0
409,in_distribution,1.0,0.8159518837928772,0.505308985710144,92,202,3674,358,202,0,31,32,21,8,0
410,in_distribution,1.0,0.7724609971046448,0.5155695676803589,104,200,3611,308,200,0,44,16,36,8,0
411,in_distribution,0.6,1.0566484928131104,0.6286320090293884,69,202,4198,517,202,0,16,16,29,8,0
412,in_distribution,1.0,0.9345056414604187,0.5496863126754761,128,203,3703,378,203,0,63,45,12,8,0
413,in_distribution,1.0,0.9516373872756958,0.2507030963897705,152,200,2936,227,200,0,92,16,36,8,0
414,in_distribution,1.0,0.9538597464561462,0.3454638719558716,107,200,3521,279,200,0,30,32,37,8,0
415,in_distribution,1.0,0.9012956619262695,0.5932098031044006,101,203,4459,458,203,0,48,16,29,8,0
416,in_distribution,1.0,0.9322585463523865,0.4834328889846802,92,200,3530,270,200,0,48,16,20,8,0
417,in_distribution,1.0,0.9770001173019409,0.5593557357788086,84,202,4522,479,202,0,16,48,12,8,0
418,in_distribution,1.0,0.926681637763977,0.6501162648200989,127,203,3464,402,203,0,32,48,39,8,0
419,in_distribution,1.0,0.8530941605567932,0.2970278859138489,83,200,2937,235,200,0,44,9,22,8,0
420,in_distribution,1.0,0.800540030002594,0.3715307116508484,86,200,2866,220,200,0,32,30,20,4,0
421,in_distribution,1.0,0.8036385774612427,0.49570512771606445,132,202,4166,350,202,0,63,32,29,8,0
422,in_distribution,1.0,0.9275760650634766,0.4195549488067627,84,200,3111,312,200,0,16,46,14,8,0
423,in_distribution,0.9,1.057527780532837,0.5967240333557129,92,204,4333,493,204,0,32,13,39,8,0
424,in_distribution,1.0,1.0360150337219238,0.3299757242202759,122,200,1563,220,200,0,77,13,24,8,0
425,in_distribution,1.0,0.7707265615463257,0.4652431607246399,85,202,3686,279,202,0,30,16,35,4,0
426,in_distribution,1.0,0.9727023839950562,-1.1920928955078125e-07,90,220,5183,448,220,0,48,29,5,8,0
427,in_distribution,1.0,1.0216472148895264,0.5787167549133301,73,202,3336,338,202,0,31,29,5,8,0
428,in_distribution,1.0,0.8871415853500366,0.5437088012695312,83,208,3195,429,208,0,16,16,43,8,0
429,in_distribution,1.0,0.8744873404502869,0.49586600065231323,167,200,4001,369,200,0,64,45,50,8,0
430,in_distribution,1.0,0.9661368727684021,0.4894714951515198,122,200,3513,309,200,0,64,45,5,8,0
431,in_distribution,1.0,0.9931376576423645,0.3057458996772766,120,200,1768,191,200,0,32,40,40,8,0
432,in_distribution,1.0,0.789894163608551,0.4986546039581299,95,208,3863,451,208,0,16,48,23,8,0
433,in_distribution,1.0,0.9750322103500366,0.400881826877594,106,202,4163,388,202,0,48,45,5,8,0
434,in_distribution,1.0,0.7735139727592468,0.6285858154296875,75,204,3568,415,204,0,16,45,6,8,0
435,in_distribution,0.7,0.8281615972518921,0.623469352722168,84,202,4921,523,202,0,16,48,12,8,0
436,in_distribution,1.0,0.9653968811035156,0.3936942219734192,126,200,1906,259,200,0,47,59,12,8,0
437,in_distribution,1.0,0.9562836289405823,0.6495585441589355,66,206,3175,413,206,0,16,16,26,8,0
438,in_distribution,0.9,0.9706968069076538,0.5597320795059204,123,200,3976,326,200,0,48,32,35,8,0
439,in_distribution,1.0,0.981819212436676,0.2320294976234436,137,200,2738,253,200,0,60,32,37,8,0
440,in_distribution,1.0,0.8064544200897217,0.4793977737426758,129,200,2821,222,200,0,62,44,19,4,0
441,in_distribution,1.0,1.0821638107299805,0.4904592037200928,111,200,3643,422,200,0,32,31,40,8,0
442,in_distribution,0.8,0.9068905115127563,0.5496081113815308,140,202,4721,554,202,0,64,32,36,8,0
443,in_distribution,1.0,0.9701443910598755,0.5978759527206421,82,202,2936,282,202,0,16,30,28,8,0
444,in_distribution,0.5,1.1112600564956665,0.696050763130188,105,203,4677,593,203,0,32,47,18,8,0
445,in_distribution,1.0,0.9166332483291626,0.3914911150932312,154,200,3385,308,200,0,93,30,23,8,0
446,in_distribution,1.0,0.9736949801445007,0.5390844941139221,116,201,3622,302,201,0,48,48,12,8,0
447,in_distribution,0.4,0.8003824353218079,0.6675058603286743,69,207,4703,485,207,0,16,32,17,4,0
448,in_distribution,1.0,0.9033589363098145,0.5486209988594055,92,204,4653,593,204,0,32,16,36,8,0
449,in_distribution,1.0,0.9505487680435181,0.6057263612747192,94,204,2963,374,204,0,48,15,23,8,0
450,in_distribution,1.0,0.913763165473938,0.3145832419395447,134,200,2710,330,200,0,61,60,5,8,0
451,in_distribution,1.0,0.7956840991973877,0.6133143901824951,68,200,4213,445,200,0,16,32,12,8,0
452,in_distribution,1.0,0.8255738615989685,0.47449517250061035,105,203,3871,239,203,0,48,16,33,8,0
453,in_distribution,1.0,0.9134756326675415,0.5277472138404846,75,200,2740,307,200,0,29,32,6,8,0
454,in_distribution,1.0,0.9461803436279297,0.4097396731376648,94,200,2944,268,200,0,26,32,28,8,0
455,in_distribution,1.0,0.8733246922492981,0.0,122,200,3478,293,200,0,62,15,37,8,0
456,in_distribution,1.0,1.0294114351272583,0.6370738744735718,75,203,4083,506,203,0,16,14,37,8,0
457,in_distribution,1.0,1.1044602394104004,0.6082290410995483,115,202,3521,300,202,0,64,31,12,8,0
458,in_distribution,1.0,0.7835745215415955,0.35620200634002686,79,200,3098,283,200,0,16,15,44,4,0
459,in_distribution,1.0,0.8862241506576538,0.44224852323532104,116,200,4256,360,200,0,32,48,28,8,0
460,in_distribution,1.0,0.8841726779937744,0.4894524812698364,125,200,3735,283,200,0,32,63,22,8,0
461,in_distribution,0.6,0.8399297595024109,0.5855201482772827,104,239,5660,547,239,0,47,15,34,8,0
462,in_distribution,0.9,0.9858561158180237,0.46545112133026123,99,200,4189,410,200,0,48,16,27,8,0
463,in_distribution,0.9,0.7981536388397217,0.39376968145370483,90,200,4584,454,200,0,31,30,25,4,0
464,in_distribution,1.0,1.0255955457687378,0.353434681892395,132,200,1890,196,200,0,75,31,18,8,0
465,in_distribution,1.0,0.9140173196792603,0.5065459609031677,84,201,4069,358,201,0,32,32,12,8,0
466,in_distribution,0.4,0.7557742595672607,0.5347287654876709,93,200,4771,506,200,0,48,16,21,8,0
467,in_distribution,0.9,0.9418672323226929,0.6177605390548706,102,202,4405,494,202,0,16,32,46,8,0
468,in_distribution,1.0,0.8303382396697998,0.545133113861084,126,200,3708,345,200,0,32,80,6,8,0
469,in_distribution,1.0,0.7842296957969666,0.4817284941673279,102,200,2293,231,200,0,32,46,20,4,0
470,in_distribution,1.0,0.8578202724456787,0.3620046377182007,126,200,3167,234,200,0,32,80,6,8,0
471,in_distribution,1.0,0.9176584482192993,0.6063425540924072,108,203,3073,286,203,0,16,78,6,8,0
472,in_distribution,1.0,0.7719445824623108,0.4051651358604431,99,200,4020,281,200,0,16,32,43,8,0
473,in_distribution,1.0,0.7264925241470337,0.3444269299507141,141,200,4030,359,200,0,32,48,53,8,0
474,in_distribution,0.9,0.899601399898529,0.6220070123672485,75,207,4371,516,207,0,16,32,19,8,0
475,in_distribution,0.8,0.9011571407318115,0.5549213886260986,105,201,4397,438,201,0,32,60,5,8,0
476,in_distribution,1.0,1.0767701864242554,0.27644169330596924,131,200,3375,280,200,0,80,31,12,8,0
477,in_distribution,1.0,0.8242344260215759,0.45805466175079346,76,200,3913,397,200,0,16,32,24,4,0
478,in_distribution,0.9,1.115578293800354,0.5240663886070251,76,200,3792,369,200,0,31,29,8,8,0
479,in_distribution,0.8,0.7974213361740112,0.5953242778778076,106,208,4950,648,208,0,31,45,22,8,0
480,in_distribution,0.9,0.8689063787460327,0.566963255405426,88,203,4369,464,203,0,47,16,17,8,0
481,in_distribution,1.0,0.875223696231842,0.5819865465164185,69,204,4248,474,204,0,16,31,14,8,0
482,in_distribution,1.0,0.9594215154647827,0.3771894574165344,77,200,2887,253,200,0,30,16,23,8,0
483,in_distribution,1.0,0.9455787539482117,0.5495721101760864,61,202,3768,382,202,0,16,29,8,8,0
484,in_distribution,1.0,1.0660316944122314,0.31009453535079956,110,200,2654,287,200,0,63,16,23,8,0
485,in_distribution,1.0,0.9522297382354736,0.599195122718811,93,208,3233,471,208,0,48,16,21,8,0
486,in_distribution,1.0,0.9837673902511597,0.5546057820320129,61,201,4406,455,201,0,16,16,21,8,0
487,in_distribution,0.8,1.0340598821640015,0.4572627544403076,140,200,3983,472,200,0,64,32,36,8,0
488,in_distribution,1.0,0.8853184580802917,0.6242697238922119,89,205,4570,528,205,0,16,60,5,8,0
489,in_distribution,1.0,0.9249809384346008,0.6714068651199341,123,228,3629,599,228,0,63,44,8,8,0
490,in_distribution,1.0,0.835366427898407,0.610369861125946,69,204,4298,545,204,0,32,15,14,8,0
491,in_distribution,0.8,0.924105703830719,0.5000329613685608,130,201,4475,419,201,0,64,32,26,8,0
492,in_distribution,1.0,0.756624162197113,0.526503324508667,110,200,3080,292,200,0,45,42,19,4,0
493,in_distribution,1.0,0.9406655430793762,0.6104943752288818,59,205,4296,588,205,0,16,16,19,8,0
494,in_distribution,1.0,0.797063946723938,0.42950981855392456,90,200,4458,369,200,0,16,29,37,8,0
495,in_distribution,0.7,0.8543471097946167,0.6123536825180054,85,209,4894,604,209,0,29,15,33,8,0
496,in_distribution,0.9,0.8386723399162292,0.526103138923645,156,200,4059,422,200,0,111,16,21,8,0
497,in_distribution,1.0,1.0207406282424927,0.5370429754257202,116,201,3481,262,201,0,16,64,28,8,0
498,in_distribution,1.0,0.9555529952049255,0.4003467559814453,121,200,2548,249,200,0,32,59,22,8,0
499,in_distribution,1.0,0.8591658473014832,0.31046873331069946,145,200,3701,313,200,0,32,62,43,8,0
500,in_distribution,1.0,0.7196338176727295,0.5008354187011719,72,202,3798,389,202,0,16,16,32,8,0
501,in_distribution,0.7,0.9218614101409912,0.7032685875892639,59,216,4812,719,216,0,16,16,19,8,0
502,in_distribution,1.0,0.9361854791641235,0.4995208978652954,124,200,3105,261,200,0,71,15,30,8,0
503,in_distribution,0.9,1.0348762273788452,0.5965429544448853,56,203,4227,561,203,0,30,13,5,8,0
504,in_distribution,0.9,1.0132191181182861,0.44355106353759766,122,201,4632,475,201,0,32,77,5,8,0
505,in_distribution,1.0,0.9813492298126221,0.3714229464530945,126,200,4007,342,200,0,79,16,23,8,0
506,in_distribution,1.0,0.8139107823371887,0.5293688774108887,100,200,3970,442,200,0,48,32,12,8,0
507,in_distribution,0.7,0.9550389051437378,0.6101679801940918,77,205,4553,467,205,0,32,16,21,8,0
508,in_distribution,1.0,0.9016016125679016,0.5932644605636597,126,200,4163,506,200,0,64,32,22,8,0
509,in_distribution,1.0,0.956054151058197,0.47525352239608765,74,203,3997,398,203,0,32,29,5,8,0
510,in_distribution,1.0,1.0926589965820312,0.522223174571991,106,200,3865,375,200,0,28,29,41,8,0
511,in_distribution,1.0,0.9304593801498413,0.47527724504470825,92,202,4294,482,202,0,31,32,21,8,0
512,in_distribution,1.0,1.0073330402374268,0.2780558466911316,122,200,2471,261,200,0,64,45,5,8,0
513,in_distribution,1.0,0.964913010597229,0.4690249562263489,116,200,4267,379,200,0,31,63,14,8,0
514,in_distribution,0.7,0.7671843767166138,0.5725964903831482,108,201,4753,526,201,0,47,32,21,8,0
515,in_distribution,1.0,0.8047435283660889,0.6499948501586914,93,202,3040,327,202,0,16,55,18,4,0
516,in_distribution,0.9,1.0411258935928345,0.5080344676971436,109,226,5078,671,226,0,48,32,21,8,0
517,in_distribution,1.0,0.9902722239494324,0.572805643081665,82,204,4056,446,204,0,16,16,42,8,0
518,in_distribution,1.0,0.988446831703186,0.5942318439483643,89,205,3549,366,205,0,16,32,33,8,0
519,in_distribution,0.8,0.7334010601043701,0.6106665134429932,102,201,4932,495,201,0,16,48,34,4,0
520,in_distribution,1.0,0.7048662900924683,0.5355756878852844,102,202,3660,283,202,0,32,26,40,4,0
521,in_distribution,1.0,0.6727977991104126,0.059105515480041504,123,200,1366,158,200,0,63,32,24,4,0
522,in_distribution,1.0,0.9062974452972412,0.5314534902572632,117,200,3613,382,200,0,16,63,30,8,0
523,in_distribution,1.0,0.9560735821723938,0.4699193835258484,98,200,2589,241,200,0,58,13,19,8,0
524,in_distribution,0.9,0.8747411966323853,0.6073220372200012,103,203,3775,434,203,0,16,48,31,8,0
525,in_distribution,1.0,0.9953763484954834,0.5357516407966614,93,201,3663,361,201,0,31,12,42,8,0
526,in_distribution,0.9,0.9826372265815735,0.5001118779182434,100,201,3995,349,201,0,48,14,30,8,0
527,in_distribution,0.9,0.8378013372421265,0.3747527599334717,115,200,4086,369,200,0,48,16,43,8,0
528,in_distribution,1.0,0.9823471307754517,0.6375318765640259,67,202,2915,336,202,0,16,31,12,8,0
529,in_distribution,1.0,1.0233736038208008,0.6456748247146606,78,203,2991,326,203,0,13,29,28,8,0
530,in_distribution,0.8,0.9592087268829346,0.6155564785003662,86,208,4266,468,208,0,32,29,17,8,0
531,in_distribution,1.0,0.8777218461036682,0.5297951698303223,78,202,3428,336,202,0,16,31,23,8,0
532,in_distribution,1.0,0.9034274816513062,0.47556018829345703,153,200,3650,328,200,0,96,13,40,4,0
533,in_distribution,1.0,1.032468318939209,0.37022411823272705,122,200,2984,240,200,0,46,47,21,8,0
534,in_distribution,0.8,0.9102230668067932,0.530747652053833,84,205,4936,565,205,0,16,48,12,8,0
535,in_distribution,1.0,1.0209964513778687,2.980232238769531e-07,161,200,4589,402,200,0,80,45,28,8,0
536,in_distribution,1.0,0.9486940503120422,0.48926782608032227,104,200,2918,311,200,0,62,29,5,8,0
537,in_distribution,1.0,1.0712180137634277,0.6230564117431641,62,205,2403,380,205,0,16,16,22,8,0
538,in_distribution,1.0,0.9015311002731323,0.5582987070083618,95,212,3785,520,212,0,48,16,23,8,0
539,in_distribution,1.0,0.7947998046875,0.4775518774986267,124,200,2748,261,200,0,32,64,24,4,0
540,in_distribution,1.0,0.8636834025382996,0.27657079696655273,157,200,3042,271,200,0,48,63,38,8,0
541,in_distribution,0.7,1.0186285972595215,0.5428699254989624,85,209,4943,598,209,0,32,16,29,8,0
542,in_distribution,0.7,0.8777525424957275,0.5740258693695068,111,202,4257,516,202,0,32,48,23,8,0
543,in_distribution,1.0,0.7256944179534912,0.3767102360725403,79,200,3815,371,200,0,16,32,23,8,0
544,in_distribution,1.0,0.6661780476570129,0.4527483582496643,128,200,4531,445,200,0,54,16,54,4,0
545,in_distribution,1.0,0.9448698163032532,0.5488831996917725,76,202,3224,232,202,0,16,16,36,8,0
546,in_distribution,1.0,0.9985219240188599,0.531031608581543,125,202,3722,344,202,0,16,48,53,8,0
547,in_distribution,1.0,0.9284193515777588,0.7080340385437012,75,206,3127,493,206,0,16,29,22,8,0
548,in_distribution,1.0,0.9278495907783508,0.38965100049972534,71,200,2712,236,200,0,16,16,31,8,0
549,in_distribution,1.0,0.8438187837600708,0.4868602752685547,101,201,4451,457,201,0,16,63,14,8,0
550,in_distribution,0.9,0.9321316480636597,0.4127312898635864,109,203,4520,515,203,0,16,62,23,8,0
551,in_distribution,1.0,1.0194048881530762,0.7509096264839172,71,209,2080,410,209,0,16,32,15,8,0
552,in_distribution,1.0,1.006921648979187,0.44156843423843384,136,200,3076,290,200,0,48,43,37,8,0
553,in_distribution,1.0,0.9833430051803589,0.49309003353118896,94,201,3010,274,201,0,28,27,31,8,0
554,in_distribution,1.0,0.9289079308509827,0.6341421604156494,120,203,2864,316,203,0,32,32,48,8,0
555,in_distribution,1.0,0.9618352055549622,0.6748872995376587,72,215,3654,563,215,0,16,16,32,8,0
556,in_distribution,0.9,1.0061695575714111,0.5900838971138,78,200,3945,525,200,0,16,31,23,8,0
557,in_distribution,0.8,0.9737078547477722,0.6451495885848999,97,201,4583,475,201,0,16,45,28,8,0
558,in_distribution,0.7,0.9006178379058838,0.556572675704956,108,205,4834,545,205,0,32,32,36,8,0
559,in_distribution,1.0,0.9317543506622314,0.35812878608703613,135,200,1579,216,200,0,45,60,22,8,0
560,in_distribution,1.0,0.9274066090583801,0.6156559586524963,100,205,3790,374,205,0,32,48,12,8,0
561,in_distribution,1.0,0.8752404451370239,0.40077275037765503,148,200,3496,316,200,0,111,15,14,8,0
562,in_distribution,1.0,0.9419563412666321,0.7136726379394531,57,201,3444,334,201,0,12,9,28,8,0
563,in_distribution,1.0,0.8437156677246094,0.4582633972167969,134,200,3861,315,200,0,48,48,30,8,0
564,in_distribution,1.0,1.0696892738342285,0.5900487899780273,93,201,3782,366,201,0,32,15,38,8,0
565,in_distribution,1.0,1.0423874855041504,0.6153905987739563,52,205,3996,500,205,0,16,16,12,8,0
566,in_distribution,1.0,1.1226733922958374,0.51347416639328,132,200,3701,384,200,0,32,64,28,8,0
567,in_distribution,1.0,0.9635190963745117,0.5372477769851685,130,207,3399,426,207,0,32,42,48,8,0
568,in_distribution,0.8,0.9984221458435059,0.6085633039474487,117,203,4634,522,203,0,16,60,33,8,0
569,in_distribution,1.0,0.8660815954208374,0.4523739814758301,93,200,3502,302,200,0,16,39,30,8,0
570,in_distribution,1.0,1.005082368850708,0.4290083646774292,152,200,3772,302,200,0,48,63,33,8,0
571,in_distribution,1.0,0.8647544384002686,0.5961376428604126,110,204,3655,423,204,0,32,64,6,8,0
572,in_distribution,1.0,1.070992350578308,0.4696696996688843,93,200,4605,400,200,0,16,32,37,8,0
573,in_distribution,1.0,0.9210413694381714,0.5171216130256653,59,200,2907,330,200,0,16,16,19,8,0
574,in_distribution,0.8,0.8551377058029175,0.5528497099876404,94,202,4377,508,202,0,16,48,22,8,0
575,in_distribution,1.0,0.7294285297393799,0.5032113194465637,92,204,3293,321,204,0,32,16,40,4,0
576,in_distribution,0.8,1.0921823978424072,0.5839059352874756,100,208,4759,555,208,0,32,48,12,8,0
577,in_distribution,1.0,0.744521975517273,0.5215555429458618,92,205,4025,356,205,0,32,32,24,4,0
578,in_distribution,0.9,0.8602343797683716,0.6352415084838867,63,202,4486,452,202,0,16,16,23,8,0
579,in_distribution,1.0,0.8813671469688416,0.2954287528991699,145,200,2497,234,200,0,32,93,12,8,0
580,in_distribution,1.0,0.9237787127494812,0.43790149688720703,140,200,3075,248,200,0,46,31,55,8,0
581,in_distribution,1.0,0.9446249008178711,0.5847924947738647,82,206,3971,455,206,0,32,16,26,8,0
582,in_distribution,1.0,0.8217006921768188,0.43706178665161133,94,200,3920,390,200,0,48,16,22,8,0
583,in_distribution,1.0,1.0669423341751099,0.6701207160949707,75,205,3585,405,205,0,32,27,8,8,0
584,in_distribution,0.9,0.7269412279129028,0.5348412990570068,76,203,4450,520,203,0,16,32,24,4,0
585,in_distribution,1.0,1.0119693279266357,0.478984534740448,155,200,3067,234,200,0,16,95,36,8,0
586,in_distribution,1.0,1.0139455795288086,0.2941048741340637,145,200,2577,199,200,0,78,16,43,8,0
587,in_distribution,1.0,0.8742804527282715,0.4708162546157837,110,207,3929,393,207,0,32,48,22,8,0
588,in_distribution,0.5,0.9105297327041626,0.4795604348182678,78,200,4994,516,200,0,31,16,23,8,0
589,in_distribution,1.0,0.9603539705276489,0.6065422296524048,74,202,4517,476,202,0,32,29,5,8,0
590,in_distribution,1.0,0.8723115921020508,0.6365439891815186,86,211,4525,660,211,0,16,45,17,8,0
591,in_distribution,1.0,0.6623592376708984,0.4173029065132141,84,200,3304,242,200,0,28,42,10,4,0
592,in_distribution,1.0,1.0670995712280273,0.40871715545654297,93,200,3184,306,200,0,32,16,37,8,0
593,in_distribution,1.0,0.9635262489318848,0.3396149277687073,95,200,3075,262,200,0,16,29,42,8,0
594,in_distribution,1.0,0.9317306876182556,0.3990370035171509,124,200,2524,254,200,0,61,32,23,8,0
595,in_distribution,1.0,1.0038527250289917,0.48026132583618164,155,200,2678,275,200,0,80,44,23,8,0
596,in_distribution,1.0,0.8038134574890137,0.6663476228713989,67,216,4596,625,216,0,16,29,18,4,0
597,in_distribution,0.8,1.0773392915725708,0.630858302116394,92,214,4964,523,214,0,16,32,36,8,0
598,in_distribution,1.0,0.863318681716919,0.4905405640602112,111,200,4391,455,200,0,16,47,40,8,0
599,in_distribution,0.7,0.9792006611824036,0.5111892223358154,131,200,4623,454,200,0,48,32,43,8,0
600,in_distribution,1.0,0.9918949007987976,0.5683271884918213,91,201,3695,393,201,0,46,16,21,8,0
601,in_distribution,1.0,0.9298570156097412,0.49117857217788696,110,205,3763,317,205,0,32,41,29,8,0
602,in_distribution,0.8,0.8553206920623779,0.5387343168258667,101,206,4674,566,206,0,16,45,32,8,0
603,in_distribution,1.0,0.9553643465042114,0.3797263503074646,116,200,3516,288,200,0,47,47,14,8,0
604,in_distribution,0.8,0.9101963043212891,0.5358017086982727,84,200,4336,469,200,0,32,12,32,8,0
605,in_distribution,1.0,0.9252647161483765,0.558191180229187,68,206,2946,323,206,0,16,16,28,8,0
606,in_distribution,1.0,0.8629899024963379,0.4816014766693115,92,211,4219,526,211,0,16,32,36,8,0
607,in_distribution,1.0,0.7930686473846436,0.5184820890426636,107,204,4493,500,204,0,32,47,24,4,0
608,in_distribution,1.0,0.8909034132957458,0.5390431880950928,68,206,3839,439,206,0,16,16,28,8,0
609,in_distribution,0.4,0.9245380163192749,0.5388001203536987,84,200,4611,481,200,0,48,16,12,8,0
610,in_distribution,0.8,0.7986810803413391,0.5372835397720337,84,203,4446,440,203,0,32,32,12,8,0
611,in_distribution,0.9,0.988655686378479,0.6017673015594482,88,203,4160,455,203,0,16,31,33,8,0
612,in_distribution,1.0,0.9660077095031738,0.33342593908309937,134,200,1515,119,200,0,47,46,33,8,0
613,in_distribution,1.0,0.9935740232467651,0.6327762603759766,62,210,3161,467,210,0,16,16,22,8,0
614,in_distribution,0.9,0.884747326374054,0.5241332650184631,157,200,4292,421,200,0,48,95,6,8,0
615,in_distribution,1.0,1.0750688314437866,0.31304776668548584,111,200,2414,185,200,0,48,29,26,8,0
616,in_distribution,1.0,0.8969144821166992,0.6279323697090149,61,206,2969,393,206,0,16,15,22,8,0
617,in_distribution,1.0,0.9857948422431946,0.547160804271698,124,201,2512,211,201,0,32,62,22,8,0
618,in_distribution,0.8,1.0326530933380127,0.6593469381332397,42,201,4129,450,201,0,16,13,5,8,0
619,in_distribution,1.0,0.7490429878234863,0.513634979724884,61,213,3636,478,213,0,16,16,21,8,0
620,in_distribution,0.7,0.9929353594779968,0.5249285697937012,117,200,4355,511,200,0,16,79,14,8,0
621,in_distribution,1.0,0.7804358005523682,0.3539174795150757,78,200,2828,332,200,0,32,16,22,8,0
622,in_distribution,1.0,0.7776615023612976,0.4023289680480957,131,200,4155,414,200,0,48,47,28,8,0
623,in_distribution,1.0,0.9130211472511292,2.384185791015625e-07,132,200,3866,310,200,0,96,16,12,8,0
624,in_distribution,0.8,1.0137803554534912,0.6181126832962036,77,203,4603,575,203,0,16,30,23,8,0
625,in_distribution,1.0,0.8544784784317017,0.4860725402832031,96,202,4604,558,202,0,29,31,28,8,0
626,in_distribution,1.0,0.7717955112457275,0.627936840057373,82,203,3752,356,203,0,16,15,47,4,0
627,in_distribution,1.0,0.8426672220230103,0.46079641580581665,93,200,3925,354,200,0,32,31,22,8,0
628,in_distribution,0.7,1.0784035921096802,0.5924090147018433,84,203,4650,463,203,0,48,16,12,8,0
629,in_distribution,1.0,0.9281937479972839,0.5784924030303955,76,200,4361,416,200,0,29,16,23,8,0
630,in_distribution,1.0,0.9107055068016052,0.19776827096939087,110,200,3209,270,200,0,63,16,23,8,0
631,in_distribution,1.0,0.8077302575111389,0.559955358505249,111,205,4586,493,205,0,48,32,23,8,0
632,in_distribution,0.7,0.9389662742614746,0.6399019360542297,68,203,4473,500,203,0,32,16,12,8,0
633,in_distribution,0.9,0.9888526201248169,-1.1920928955078125e-07,125,201,3439,338,201,0,32,32,53,8,0
634,in_distribution,0.7,1.0303539037704468,0.5361790657043457,127,201,4259,428,201,0,48,48,23,8,0
635,in_distribution,0.9,1.0454888343811035,0.6706256866455078,126,211,4603,565,211,0,64,16,38,8,0
636,in_distribution,1.0,0.8685621619224548,0.277746319770813,114,200,2883,230,200,0,48,16,42,8,0
637,in_distribution,1.0,0.8762214183807373,0.6350834965705872,61,205,4304,486,205,0,15,32,6,8,0
638,in_distribution,1.0,0.8840104937553406,0.5238304138183594,116,205,4224,392,205,0,16,80,12,8,0
639,in_distribution,1.0,0.9568013548851013,0.5960715413093567,73,202,2999,297,202,0,16,15,34,8,0
640,in_distribution,1.0,1.0456268787384033,5.960464477539063e-08,74,200,3386,263,200,0,29,16,21,8,0
641,in_distribution,1.0,0.817063570022583,0.49876296520233154,100,201,4366,400,201,0,64,16,12,8,0
642,in_distribution,1.0,1.0210033655166626,0.3003581762313843,134,200,1630,210,200,0,60,44,22,8,0
643,in_distribution,1.0,0.8441851735115051,0.47767937183380127,84,203,4601,457,203,0,48,16,12,8,0
644,in_distribution,0.9,0.9488105177879333,0.6222630143165588,119,202,4671,452,202,0,31,75,5,8,0
645,in_distribution,1.0,0.957456111907959,0.6195769309997559,75,203,4381,475,203,0,32,16,19,8,0
646,in_distribution,1.0,0.8300407528877258,0.5060406923294067,105,203,3825,374,203,0,32,29,40,4,0
647,in_distribution,1.0,0.9622213840484619,0.5895904302597046,68,202,4125,416,202,0,16,16,28,8,0
648,in_distribution,1.0,1.0070217847824097,0.6401488184928894,73,207,3616,364,207,0,16,12,37,8,0
649,in_distribution,0.8,0.9214518666267395,0.6791768074035645,68,208,4224,526,208,0,16,32,12,8,0
650,in_distribution,0.5,0.9623633623123169,0.6005772352218628,83,205,4854,518,205,0,32,31,12,8,0
651,in_distribution,1.0,0.9292801022529602,0.4862297773361206,98,200,4096,347,200,0,32,16,42,8,0
652,in_distribution,1.0,0.9181244969367981,0.5049558877944946,110,201,3705,289,201,0,48,16,38,8,0
653,in_distribution,1.0,0.8263890147209167,0.5426331758499146,94,208,4650,556,208,0,32,48,6,8,0
654,in_distribution,0.9,0.9237866997718811,0.4931306838989258,72,200,4284,342,200,0,32,27,5,8,0
655,in_distribution,1.0,0.9491908550262451,0.6508691906929016,88,208,1741,376,208,0,32,28,20,8,0
656,in_distribution,1.0,1.0394293069839478,0.4791668653488159,151,200,3425,298,200,0,80,32,31,8,0
657,in_distribution,1.0,1.0267220735549927,0.6290450096130371,58,205,3111,362,205,0,32,13,5,8,0
658,in_distribution,0.7,0.9264445304870605,0.5854911804199219,108,204,4558,545,204,0,16,45,39,8,0
659,in_distribution,1.0,0.7171645164489746,0.4588664770126343,99,200,3978,396,200,0,32,28,35,4,0
660,in_distribution,1.0,0.9702088236808777,0.49777883291244507,90,202,2996,323,202,0,48,29,5,8,0
661,in_distribution,1.0,0.9519124031066895,0.4085426330566406,100,200,3713,310,200,0,32,32,28,8,0
662,in_distribution,1.0,0.8018276691436768,0.4559982419013977,109,204,3576,360,204,0,46,32,23,8,0
663,in_distribution,0.6,0.897575318813324,0.6344138979911804,78,212,4728,566,212,0,32,32,6,8,0
664,in_distribution,1.0,1.0262558460235596,0.4466477036476135,99,200,3028,294,200,0,14,31,46,8,0
665,in_distribution,1.0,0.9477624297142029,0.6126365661621094,83,207,3556,458,207,0,16,47,12,8,0
666,in_distribution,1.0,0.9084091186523438,0.3759092092514038,58,203,3604,314,203,0,16,29,5,8,0
667,in_distribution,1.0,1.0171868801116943,0.6422069668769836,68,212,4726,692,212,0,32,16,12,8,0
668,in_distribution,0.8,1.0151889324188232,0.0,91,200,4427,503,200,0,32,45,6,8,0
669,in_distribution,1.0,0.8622034788131714,0.4542994499206543,105,201,3311,360,201,0,32,16,49,8,0
670,in_distribution,1.0,0.763018786907196,0.45703935623168945,95,200,4320,363,200,0,16,29,42,8,0
671,in_distribution,1.0,0.9467727541923523,0.41411495208740234,85,200,1956,184,200,0,15,36,26,8,0
672,in_distribution,1.0,0.8827303051948547,0.5052029490470886,132,206,4262,425,206,0,32,61,31,8,0
673,in_distribution,1.0,0.8750353455543518,0.6360403895378113,96,207,4189,472,207,0,16,31,41,8,0
674,in_distribution,0.9,0.9803306460380554,0.502856969833374,93,200,4266,409,200,0,32,32,21,8,0
675,in_distribution,1.0,0.8982681632041931,0.4996832609176636,146,200,2981,305,200,0,16,110,12,8,0
676,in_distribution,0.9,0.7352421879768372,0.5521718859672546,45,203,4333,557,203,0,16,13,8,8,0
677,in_distribution,1.0,0.9567396640777588,0.40841877460479736,116,200,3379,327,200,0,48,48,12,8,0
678,in_distribution,1.0,0.95915287733078,0.47768598794937134,109,200,3756,324,200,0,32,48,21,8,0
679,in_distribution,1.0,1.0183011293411255,0.3544485569000244,140,202,3680,316,202,0,16,94,22,8,0
680,in_distribution,0.7,0.9862746596336365,0.5905241966247559,110,202,4626,535,202,0,16,48,38,8,0
681,in_distribution,0.6,0.9652177691459656,0.562025785446167,171,200,4353,485,200,0,64,78,21,8,0
682,in_distribution,1.0,0.7181046009063721,0.5367022752761841,61,201,3832,332,201,0,16,15,26,4,0
683,in_distribution,1.0,0.9561703205108643,0.5378665328025818,100,201,3495,338,201,0,63,16,13,8,0
684,in_distribution,1.0,0.923538088798523,0.4750903248786926,103,200,2831,315,200,0,32,32,31,8,0
685,in_distribution,1.0,0.921501100063324,0.6150768995285034,68,211,4213,570,211,0,16,32,12,8,0
686,in_distribution,0.8,1.0406574010849,0.6777533292770386,81,205,4099,488,205,0,16,29,28,8,0
687,in_distribution,1.0,1.0651482343673706,0.5470738410949707,87,203,4247,446,203,0,32,32,15,8,0
688,in_distribution,0.8,0.9143531918525696,0.45515233278274536,132,200,4286,425,200,0,80,16,28,8,0
689,in_distribution,1.0,1.0511467456817627,0.6985349655151367,93,213,3089,472,213,0,47,16,22,8,0
690,in_distribution,0.4,0.922756552696228,0.6271402835845947,79,204,4531,623,204,0,16,32,23,8,0
691,in_distribution,0.9,1.0205110311508179,0.5178178548812866,113,200,3730,405,200,0,32,32,41,8,0
692,in_distribution,1.0,1.009554386138916,0.5558332204818726,93,200,4101,439,200,0,32,16,37,8,0
693,in_distribution,1.0,0.8799774646759033,0.38704490661621094,123,200,3044,247,200,0,32,30,53,8,0
694,in_distribution,0.8,0.8976348638534546,0.6434635519981384,69,207,4270,542,207,0,15,28,18,8,0
695,in_distribution,1.0,1.0149041414260864,0.37928223609924316,110,200,3289,233,200,0,27,43,32,8,0
696,in_distribution,0.9,0.9833458065986633,0.6067432761192322,110,201,4571,477,201,0,32,48,22,8,0
697,in_distribution,1.0,0.8793926239013672,0.4887896776199341,124,208,4800,412,208,0,48,32,36,8,0
698,in_distribution,0.9,0.7659909725189209,0.5639917850494385,77,201,4433,405,201,0,16,31,22,8,0
699,in_distribution,1.0,0.9452574253082275,0.7721242308616638,42,202,3211,307,202,0,16,13,5,8,0
700,in_distribution,0.7,1.0284684896469116,0.595619261264801,94,205,4567,484,205,0,16,64,6,8,0
701,in_distribution,1.0,0.924873411655426,0.5485681295394897,103,203,3579,323,203,0,32,15,48,8,0
702,in_distribution,0.9,0.9184141159057617,0.6777257919311523,88,210,4522,533,210,0,16,32,32,8,0
703,in_distribution,1.0,0.8530486226081848,0.6331207752227783,112,214,4407,549,214,0,32,58,18,4,0
704,in_distribution,1.0,0.9598702788352966,0.6214393973350525,61,217,4299,625,217,0,16,29,8,8,0
705,in_distribution,1.0,0.7317006587982178,0.5190991163253784,88,200,3303,251,200,0,32,32,20,4,0
706,in_distribution,0.9,0.9897090196609497,0.621053159236908,93,202,4215,464,202,0,32,45,8,8,0
707,in_distribution,0.7,0.8465943336486816,0.4700492024421692,100,203,5003,546,203,0,16,64,12,8,0
708,in_distribution,1.0,0.8633089065551758,0.5124738216400146,109,201,3264,254,201,0,80,13,8,8,0
709,in_distribution,1.0,0.9050511121749878,0.4587046504020691,110,200,4557,483,200,0,64,16,22,8,0
710,in_distribution,1.0,0.9217459559440613,0.3833158612251282,148,200,2622,244,200,0,48,80,12,8,0
711,in_distribution,0.9,0.7992948293685913,0.515204906463623,132,200,3833,358,200,0,96,16,12,8,0
712,in_distribution,1.0,0.8812071084976196,0.2649849057197571,101,200,2822,205,200,0,45,16,32,8,0
713,in_distribution,0.9,0.8225511312484741,0.39997637271881104,89,200,3837,367,200,0,32,16,33,8,0
714,in_distribution,0.7,0.8144993185997009,0.5487015843391418,81,202,5078,574,202,0,32,13,28,8,0
715,in_distribution,0.8,0.884928822517395,0.6686710119247437,78,201,4302,512,201,0,13,29,28,8,0
716,in_distribution,0.9,0.9970115423202515,0.5932744741439819,61,202,4075,520,202,0,16,16,21,8,0
717,in_distribution,1.0,0.7648711204528809,0.3716886639595032,111,200,3340,354,200,0,48,15,44,4,0
718,in_distribution,1.0,1.068891167640686,0.4657174348831177,118,200,2242,214,200,0,73,15,22,8,0
719,in_distribution,0.8,1.060969352722168,0.6300050020217896,89,201,4223,564,201,0,32,32,17,8,0
720,in_distribution,1.0,1.0653743743896484,0.6530353426933289,78,208,3026,443,208,0,16,16,38,8,0
721,in_distribution,1.0,0.958857536315918,0.4259945750236511,118,200,2914,209,200,0,28,76,6,8,0
722,in_distribution,1.0,0.8052088618278503,0.6394248008728027,86,201,4536,542,201,0,16,16,50,4,0
723,in_distribution,1.0,1.0569944381713867,0.5372100472450256,92,200,3784,393,200,0,16,32,36,8,0
724,in_distribution,0.9,0.7540058493614197,0.6058037281036377,84,210,4488,579,210,0,16,48,12,8,0
725,in_distribution,1.0,0.8095889091491699,0.5177308320999146,82,200,3410,336,200,0,16,44,14,8,0
726,in_distribution,0.9,1.0678515434265137,0.533332347869873,133,200,4451,521,200,0,80,8,37,8,0
727,in_distribution,0.8,1.0183807611465454,0.5299611687660217,97,207,4903,550,207,0,32,29,28,8,0
728,in_distribution,1.0,1.0499696731567383,0.5486440658569336,108,204,3855,385,204,0,48,44,8,8,0
729,in_distribution,1.0,0.9248130321502686,0.45962297916412354,105,200,3100,324,200,0,47,45,5,8,0
730,in_distribution,1.0,0.6036636233329773,0.5189882516860962,90,201,3610,384,201,0,32,16,38,4,0
731,in_distribution,0.9,0.8332116603851318,0.5204395651817322,111,200,3880,351,200,0,48,32,23,8,0
732,in_distribution,1.0,0.8200054168701172,0.39798468351364136,139,200,3019,288,200,0,32,78,21,8,0
733,in_distribution,1.0,0.8328367471694946,0.38555747270584106,131,200,4211,437,200,0,32,48,43,8,0
734,in_distribution,1.0,0.9093261361122131,0.5145972967147827,103,202,3733,404,202,0,22,16,57,8,0
735,in_distribution,1.0,0.9103010892868042,0.5836142897605896,100,203,4484,583,203,0,16,48,28,8,0
736,in_distribution,1.0,1.0169286727905273,0.46801483631134033,116,200,3947,405,200,0,48,16,44,8,0
737,in_distribution,1.0,0.900644063949585,0.5014061331748962,114,203,3764,344,203,0,48,15,43,8,0
738,in_distribution,1.0,0.899985671043396,0.11556541919708252,149,200,1740,156,200,0,45,56,40,8,0
739,in_distribution,1.0,0.9414936900138855,0.6606943607330322,125,212,4020,581,212,0,64,32,21,8,0
740,in_distribution,1.0,0.6358466148376465,0.0774235725402832,122,200,1376,113,200,0,62,32,24,4,0
741,in_distribution,1.0,0.7479506731033325,0.5688209533691406,115,200,3265,293,200,0,74,27,10,4,0
742,in_distribution,0.8,0.840614378452301,0.598518967628479,75,201,3797,364,201,0,32,27,8,8,0
743,in_distribution,1.0,0.6945371031761169,0.43004077672958374,61,202,3843,379,202,0,16,16,25,4,0
744,in_distribution,1.0,0.8397878408432007,0.47482365369796753,106,200,3231,294,200,0,47,31,24,4,0
745,in_distribution,1.0,0.8310709595680237,0.5403496026992798,93,201,4219,427,201,0,16,26,43,8,0
746,in_distribution,0.9,0.9025099277496338,0.49126380681991577,95,204,4529,530,204,0,16,48,23,8,0
747,in_distribution,1.0,0.8625157475471497,0.5328680276870728,53,206,3344,385,206,0,16,15,14,8,0
748,in_distribution,1.0,0.8821873068809509,0.404377818107605,124,200,3452,281,200,0,30,64,22,8,0
749,in_distribution,1.0,0.8331887722015381,-1.1920928955078125e-07,145,200,2888,255,200,0,61,64,12,8,0
750,in_distribution,1.0,0.8845167756080627,0.45093411207199097,88,200,3874,370,200,0,32,43,5,8,0
751,in_distribution,1.0,0.9449745416641235,0.3364912271499634,100,200,3028,299,200,0,47,15,30,8,0
752,in_distribution,0.9,0.9733138084411621,0.5067082643508911,84,204,4927,588,204,0,16,48,12,8,0
753,in_distribution,1.0,0.8948259949684143,0.5528443455696106,76,209,4810,512,209,0,13,32,23,8,0
754,in_distribution,1.0,0.872789740562439,0.35392600297927856,110,200,3165,278,200,0,80,16,6,8,0
755,in_distribution,0.9,0.9680655002593994,0.6004341840744019,138,202,4070,427,202,0,63,59,8,8,0
756,in_distribution,0.9,0.7943711876869202,0.5425847172737122,60,200,4064,472,200,0,16,16,24,4,0
757,in_distribution,1.0,0.6388347148895264,0.4586948752403259,78,201,3286,376,201,0,16,28,30,4,0
758,in_distribution,1.0,0.9625571966171265,0.5164268612861633,104,206,3804,454,206,0,32,32,32,8,0
759,in_distribution,0.9,1.0941232442855835,0.6366689205169678,84,207,4594,476,207,0,48,16,12,8,0
760,in_distribution,1.0,0.9269701838493347,0.0,127,200,2600,201,200,0,64,32,23,8,0
761,in_distribution,1.0,1.1114838123321533,0.3310733437538147,121,200,2972,226,200,0,32,48,33,8,0
762,in_distribution,0.8,0.8762702941894531,0.5595985054969788,116,203,4304,431,203,0,80,16,12,8,0
763,in_distribution,1.0,0.8800053000450134,0.4192788600921631,104,200,4040,341,200,0,32,16,48,8,0
764,in_distribution,0.5,0.9136844873428345,0.5709325075149536,94,205,4729,536,205,0,48,16,22,8,0
765,in_distribution,1.0,0.8186074495315552,0.4057750105857849,94,200,3073,282,200,0,48,16,22,8,0
766,in_distribution,0.9,1.0021148920059204,0.5171281099319458,109,200,4317,441,200,0,32,48,21,8,0
767,in_distribution,1.0,1.0557782649993896,0.6212539672851562,79,202,4025,461,202,0,32,16,23,8,0
768,in_distribution,0.9,0.8324173092842102,0.39352935552597046,116,200,4097,351,200,0,64,32,12,8,0
769,in_distribution,0.9,0.958928644657135,0.6194985508918762,75,206,4835,560,206,0,32,16,19,8,0
770,in_distribution,0.6,0.972030520439148,0.511419415473938,97,200,4457,527,200,0,32,29,28,8,0
771,in_distribution,1.0,0.993374228477478,0.472012996673584,118,200,3541,349,200,0,16,16,78,8,0
772,in_distribution,1.0,0.7852856516838074,0.5999679565429688,110,203,2982,311,203,0,32,64,6,8,0
773,in_distribution,0.8,1.1887023448944092,0.7310851216316223,75,216,4429,617,216,0,16,45,6,8,0
774,in_distribution,1.0,0.9485541582107544,0.5294395685195923,82,200,3193,279,200,0,27,16,35,4,0
775,in_distribution,1.0,1.002632737159729,0.3437492847442627,130,200,2447,215,200,0,76,27,19,8,0
776,in_distribution,1.0,1.104520559310913,0.43566930294036865,116,200,4416,441,200,0,64,32,12,8,0
777,in_distribution,1.0,0.8022533655166626,0.29458433389663696,130,200,2465,270,200,0,48,62,12,8,0
778,in_distribution,0.5,1.0526256561279297,0.4688316583633423,168,204,4422,454,204,0,80,75,5,8,0
779,in_distribution,1.0,0.7397916316986084,0.36634474992752075,163,200,4275,343,200,0,80,32,43,8,0
780,in_distribution,1.0,0.8767394423484802,0.5208518505096436,100,201,3593,345,201,0,32,48,12,8,0
781,in_distribution,0.6,1.0032479763031006,0.49167370796203613,140,200,4910,544,200,0,47,63,22,8,0
782,in_distribution,1.0,0.8065126538276672,0.4869111180305481,104,210,3923,541,210,0,16,32,48,8,0
783,in_distribution,1.0,1.0033303499221802,0.42638760805130005,106,201,3174,362,201,0,16,77,5,8,0
784,in_distribution,0.6,0.944573700428009,0.5326414108276367,113,200,4526,403,200,0,77,16,12,8,0
785,in_distribution,1.0,1.077157735824585,0.5753322839736938,76,209,3991,469,209,0,13,32,23,8,0
786,in_distribution,1.0,0.7581559419631958,0.5746350288391113,76,212,2732,409,212,0,32,16,24,4,0
787,in_distribution,0.8,0.9751700162887573,0.5295056104660034,69,201,4354,474,201,0,32,15,14,8,0
788,in_distribution,1.0,0.7947997450828552,0.3752868175506592,114,203,2881,399,203,0,48,16,42,8,0
789,in_distribution,1.0,0.880149245262146,0.5005571842193604,102,200,2684,252,200,0,16,46,32,8,0
790,in_distribution,1.0,0.9342843294143677,0.5905722379684448,76,208,3718,392,208,0,16,29,23,8,0
791,in_distribution,1.0,1.0264737606048584,0.4279865622520447,114,201,4128,410,201,0,32,32,42,8,0
792,in_distribution,1.0,0.8539273738861084,0.3916793465614319,79,200,4009,338,200,0,32,16,23,8,0
793,in_distribution,1.0,0.9298623204231262,0.5137515664100647,126,200,3828,343,200,0,32,80,6,8,0
794,in_distribution,1.0,1.1300328969955444,0.5407969951629639,94,200,3179,318,200,0,32,31,23,8,0
795,in_distribution,0.9,0.9660423398017883,0.7364588975906372,45,203,4305,520,203,0,16,13,8,8,0
796,in_distribution,1.0,1.0290507078170776,0.44276267290115356,122,200,3104,274,200,0,63,29,22,8,0
797,in_distribution,1.0,0.9867027401924133,0.46080684661865234,123,202,4636,384,202,0,31,45,39,8,0
798,in_distribution,1.0,0.9230400323867798,0.4072410464286804,111,203,4114,458,203,0,32,48,23,8,0
799,in_distribution,1.0,0.9831870198249817,0.4627060890197754,108,200,3808,410,200,0,32,43,25,8,0
800,in_distribution,0.9,0.858529269695282,0.4484005570411682,97,200,4541,510,200,0,30,16,43,8,0
801,in_distribution,0.9,0.8909753561019897,0.4927271008491516,110,200,4526,547,200,0,16,48,38,8,0
802,in_distribution,0.5,1.0165551900863647,0.5917253494262695,68,207,4740,582,207,0,16,32,12,8,0
803,in_distribution,0.9,1.005398154258728,0.5212801098823547,85,210,5012,475,210,0,13,27,37,8,0
804,in_distribution,1.0,1.0943472385406494,0.6252244114875793,69,210,3789,549,210,0,16,16,29,8,0
805,in_distribution,0.6,0.6992837190628052,0.6992837190628052,37,204,4607,618,204,0,12,11,10,4,0
806,in_distribution,0.7,0.9261553287506104,0.5982688665390015,83,202,4619,579,202,0,16,16,43,8,0
807,in_distribution,1.0,1.0243135690689087,0.4150909185409546,156,200,3476,289,200,0,112,15,21,8,0
808,in_distribution,1.0,0.8232126832008362,0.48025137186050415,78,200,4100,420,200,0,31,16,23,8,0
809,in_distribution,1.0,0.9058252573013306,0.4447091221809387,122,200,3341,249,200,0,48,61,5,8,0
810,in_distribution,1.0,1.0492639541625977,0.5121554136276245,115,200,3367,330,200,0,32,29,46,8,0
811,in_distribution,1.0,0.8734918832778931,0.3464258313179016,125,200,3245,243,200,0,61,42,14,8,0
812,in_distribution,1.0,0.81895512342453,0.3726322650909424,83,200,3624,280,200,0,16,16,43,8,0
813,in_distribution,0.9,0.9360086917877197,-1.1920928955078125e-07,166,200,4238,365,200,0,80,44,34,8,0
814,in_distribution,1.0,0.8191322088241577,0.5693234205245972,68,200,4409,428,200,0,16,32,12,8,0
815,in_distribution,1.0,0.8765769004821777,0.48440343141555786,116,201,4556,393,201,0,48,15,45,8,0
816,in_distribution,1.0,0.6664590835571289,0.42203009128570557,124,201,4134,387,201,0,64,16,36,8,0
817,in_distribution,0.6,0.9103838801383972,0.6639413237571716,110,218,4965,701,218,0,44,32,26,8,0
818,in_distribution,0.9,0.8795035481452942,0.6405503749847412,61,202,4294,443,202,0,16,15,22,8,0
819,in_distribution,1.0,0.9236832857131958,0.45757609605789185,122,200,4218,425,200,0,45,48,21,8,0
820,in_distribution,0.9,1.0423659086227417,0.7127685546875,73,214,3719,488,214,0,16,16,33,8,0
821,in_distribution,1.0,0.8811320066452026,0.47908467054367065,131,201,3273,397,201,0,32,63,28,8,0
822,in_distribution,0.9,0.9025140404701233,0.5252519845962524,71,200,4721,545,200,0,30,28,5,8,0
823,in_distribution,1.0,0.8722445964813232,0.4960717558860779,89,200,3146,280,200,0,16,45,20,8,0
824,in_distribution,1.0,0.9364303350448608,0.4497948884963989,128,200,3642,275,200,0,78,23,19,8,0
825,in_distribution,1.0,0.8991459608078003,0.48333072662353516,78,200,4096,375,200,0,16,32,22,8,0
826,in_distribution,0.8,0.8654983043670654,0.5387919545173645,84,201,4493,539,201,0,48,16,12,8,0
827,in_distribution,1.0,0.8549152612686157,0.41818052530288696,116,200,4228,345,200,0,32,64,12,8,0
828,in_distribution,1.0,1.052768349647522,0.4208638668060303,115,201,3934,279,201,0,16,48,43,8,0
829,in_distribution,1.0,0.8821753263473511,0.4294968247413635,136,200,3737,349,200,0,47,30,51,8,0
830,in_distribution,0.9,0.917113721370697,0.451663613319397,97,200,4264,435,200,0,48,13,28,8,0
831,in_distribution,1.0,0.8979067206382751,0.5854891538619995,115,203,3840,292,203,0,30,55,22,8,0
832,in_distribution,1.0,0.9161199331283569,0.5954880118370056,92,204,3889,386,204,0,16,32,36,8,0
833,in_distribution,1.0,0.8910205364227295,0.5909464359283447,71,201,3198,270,201,0,16,29,18,8,0
834,in_distribution,1.0,1.1173384189605713,0.5350861549377441,145,200,4447,497,200,0,32,48,57,8,0
835,in_distribution,1.0,0.8959853053092957,0.6445077657699585,79,203,4206,433,203,0,16,30,25,8,0
836,in_distribution,0.8,0.9128837585449219,0.5572798252105713,99,203,4669,580,203,0,31,8,52,8,0
837,in_distribution,1.0,0.8720590472221375,0.6649587154388428,94,206,2812,322,206,0,16,32,38,8,0
838,in_distribution,1.0,0.8321416974067688,0.3922461271286011,131,200,3420,287,200,0,48,32,43,8,0
839,in_distribution,1.0,0.7850269675254822,0.4611298441886902,78,202,3434,345,202,0,32,16,22,8,0
840,in_distribution,0.8,0.7846060991287231,0.6001358032226562,62,203,4869,584,203,0,16,16,22,8,0
841,in_distribution,0.7,0.8947807550430298,0.6056869029998779,87,201,4588,574,201,0,32,16,31,8,0
842,in_distribution,1.0,0.888818085193634,0.3784893751144409,84,200,4198,393,200,0,32,16,28,8,0
843,in_distribution,0.9,1.0046952962875366,0.6428793668746948,68,208,4499,584,208,0,16,16,28,8,0
844,in_distribution,1.0,1.0413604974746704,0.5157169103622437,96,200,3042,266,200,0,13,32,43,8,0
845,in_distribution,1.0,0.8559515476226807,0.3660304546356201,95,200,2911,278,200,0,32,32,23,8,0
846,in_distribution,1.0,0.8492982983589172,0.5783373117446899,125,203,2594,291,203,0,47,48,22,8,0
847,in_distribution,1.0,0.8486533164978027,0.4640190005302429,83,201,4184,398,201,0,30,31,14,8,0
848,in_distribution,1.0,0.8961224555969238,0.47190624475479126,107,203,2902,304,203,0,16,62,21,8,0
849,in_distribution,1.0,0.848993182182312,0.45958584547042847,99,202,3592,364,202,0,16,63,12,8,0
850,in_distribution,1.0,0.9396981000900269,0.49607157707214355,113,201,4281,362,201,0,48,16,41,8,0
851,in_distribution,0.9,0.8059834241867065,0.4234962463378906,131,200,3966,426,200,0,15,94,14,8,0
852,in_distribution,0.9,1.0540603399276733,0.6599610447883606,65,201,3931,419,201,0,16,13,28,8,0
853,in_distribution,1.0,1.1040465831756592,0.49504029750823975,134,200,2847,235,200,0,64,31,31,8,0
854,in_distribution,1.0,1.0918413400650024,0.23604309558868408,131,200,2108,165,200,0,80,31,12,8,0
855,in_distribution,0.5,0.895916759967804,0.5180467367172241,95,200,4330,423,200,0,16,48,23,8,0
856,in_distribution,1.0,0.9289159178733826,0.41503775119781494,108,200,4245,412,200,0,63,16,21,8,0
857,in_distribution,1.0,0.8402329087257385,0.4178403615951538,104,200,2896,279,200,0,48,43,5,8,0
858,in_distribution,0.9,1.0008660554885864,0.6476221084594727,104,210,4714,633,210,0,32,59,5,8,0
859,in_distribution,1.0,0.9117832183837891,0.4840121865272522,108,201,2775,250,201,0,31,48,21,8,0
860,in_distribution,1.0,1.1262695789337158,0.646369218826294,93,206,3640,416,206,0,16,46,23,8,0
861,in_distribution,1.0,0.9267764091491699,0.3793603181838989,136,200,3632,307,200,0,46,45,37,8,0
862,in_distribution,1.0,0.9722605347633362,0.4350534677505493,127,200,4422,390,200,0,80,16,23,8,0
863,in_distribution,0.9,0.8082090616226196,0.5872725248336792,61,206,4718,561,206,0,32,13,8,8,0
864,in_distribution,1.0,0.9875036478042603,0.5824718475341797,86,204,4426,473,204,0,30,42,6,8,0
865,in_distribution,0.9,0.8738419413566589,0.485062837600708,154,200,4336,357,200,0,64,29,53,8,0
866,in_distribution,0.9,0.9288637638092041,0.6205514669418335,108,209,4520,561,209,0,16,47,37,8,0
867,in_distribution,0.9,0.7675984501838684,0.3988518714904785,114,200,3461,376,200,0,48,16,42,8,0
868,in_distribution,0.8,0.9038554430007935,0.6931567192077637,84,201,4702,442,201,0,48,16,12,8,0
869,in_distribution,1.0,0.7986888885498047,0.5155323147773743,92,200,4246,388,200,0,47,15,22,8,0
870,in_distribution,1.0,1.0212831497192383,0.5687267780303955,84,203,4153,445,203,0,16,32,28,8,0
871,in_distribution,1.0,0.9971879720687866,0.5791682004928589,73,219,4779,650,219,0,16,44,5,8,0
872,in_distribution,0.7,0.8694671392440796,0.5314052104949951,84,200,4506,531,200,0,48,16,12,8,0
873,in_distribution,1.0,1.0559362173080444,0.5932077765464783,75,202,3718,363,202,0,32,16,19,8,0
874,in_distribution,1.0,0.90214604139328,0.4020705223083496,108,200,2814,216,200,0,24,48,28,8,0
875,in_distribution,1.0,0.7972510457038879,0.23255383968353271,113,200,3955,327,200,0,58,16,31,8,0
876,in_distribution,0.7,1.0158038139343262,0.6346787810325623,87,201,4494,474,201,0,16,46,17,8,0
877,in_distribution,1.0,0.9447226524353027,0.37295788526535034,111,200,2452,181,200,0,43,48,12,8,0
878,in_distribution,1.0,0.7498618364334106,0.6845484375953674,62,207,4128,553,207,0,16,32,6,8,0
879,in_distribution,1.0,1.0603852272033691,0.5166367292404175,134,200,3784,356,200,0,48,59,19,8,0
880,in_distribution,1.0,0.8505567908287048,0.4030168056488037,115,201,2875,271,201,0,48,44,19,4,0
881,in_distribution,1.0,1.025779128074646,0.5939991474151611,84,202,3529,345,202,0,16,48,12,8,0
882,in_distribution,1.0,0.9061310291290283,0.40834367275238037,124,200,3303,314,200,0,48,32,36,8,0
883,in_distribution,0.8,0.9352982640266418,0.5367039442062378,62,209,3932,615,209,0,16,32,6,8,0
884,in_distribution,1.0,0.8394801020622253,0.2979617118835449,137,200,2717,322,200,0,77,32,24,4,0
885,in_distribution,1.0,0.8137999176979065,0.39889639616012573,132,200,3414,291,200,0,64,31,29,8,0
886,in_distribution,1.0,0.9381256103515625,0.7164566516876221,85,216,3472,564,216,0,16,32,29,8,0
887,in_distribution,1.0,0.7827939987182617,0.3211003541946411,93,200,3088,319,200,0,30,32,23,8,0
888,in_distribution,1.0,1.156517744064331,0.3675842881202698,140,200,2635,234,200,0,32,78,22,8,0
889,in_distribution,1.0,0.8384817838668823,0.4877239465713501,125,202,4594,446,202,0,78,16,23,8,0
890,in_distribution,1.0,1.0679326057434082,0.6559390425682068,71,203,3638,391,203,0,30,28,5,8,0
891,in_distribution,0.9,1.077937126159668,0.5669522285461426,123,208,4448,511,208,0,32,47,36,8,0
892,in_distribution,0.9,0.9150559902191162,0.4289541244506836,93,200,4613,417,200,0,16,48,21,8,0
893,in_distribution,1.0,0.8689085245132446,0.3510071635246277,142,200,3161,328,200,0,15,88,31,8,0
894,in_distribution,1.0,0.854265570640564,0.5349565744400024,138,203,4480,473,203,0,64,45,21,8,0
895,in_distribution,1.0,1.0070149898529053,0.4677627682685852,122,202,4333,408,202,0,48,61,5,8,0
896,in_distribution,1.0,0.9086269736289978,0.538504958152771,98,205,3521,488,205,0,32,30,28,8,0
897,in_distribution,1.0,0.8699870109558105,0.5768306851387024,93,203,1834,294,203,0,32,16,37,8,0
898,in_distribution,1.0,0.9253567457199097,0.5582023859024048,93,201,3144,296,201,0,32,31,22,8,0
899,in_distribution,0.9,0.8791659474372864,0.5278505086898804,89,201,3954,408,201,0,16,16,49,8,0
900,in_distribution,1.0,0.972806453704834,0.3066847324371338,130,201,2197,239,201,0,47,63,12,8,0
901,in_distribution,0.7,1.1350440979003906,0.5292692184448242,98,204,4611,523,204,0,32,30,28,8,0
902,in_distribution,1.0,0.9915670156478882,0.5327818393707275,77,204,3506,355,204,0,16,16,37,8,0
903,in_distribution,1.0,0.8965221643447876,0.3463853597640991,101,200,3118,249,200,0,16,48,29,8,0
904,in_distribution,1.0,0.9657342433929443,0.6326472163200378,109,206,2746,429,206,0,48,31,22,8,0
905,in_distribution,1.0,0.8581928014755249,0.5238784551620483,121,203,4281,470,203,0,32,48,33,8,0
906,in_distribution,0.6,0.8070019483566284,0.6331990361213684,90,204,5011,600,204,0,16,47,19,8,0
907,in_distribution,1.0,0.8629611134529114,0.5644990801811218,87,201,4406,410,201,0,32,16,31,8,0
908,in_distribution,1.0,0.928377091884613,0.589909553527832,99,202,2232,218,202,0,16,32,43,8,0
909,in_distribution,0.3,0.8748868107795715,0.5488445162773132,99,209,4976,554,209,0,16,63,12,8,0
910,in_distribution,1.0,1.0407085418701172,0.49352091550827026,100,200,3789,339,200,0,32,32,28,8,0
911,in_distribution,1.0,0.8189966678619385,0.6458332538604736,66,208,3946,519,208,0,16,16,26,8,0
912,in_distribution,0.9,0.798302412033081,0.5230686664581299,65,202,4784,508,202,0,16,13,28,8,0
913,in_distribution,1.0,0.9530630707740784,0.35714662075042725,174,201,2768,275,201,0,46,106,14,8,0
914,in_distribution,1.0,1.0133713483810425,0.523764967918396,105,201,4323,412,201,0,32,32,33,8,0
915,in_distribution,1.0,0.9355419278144836,0.4544508457183838,109,200,4294,399,200,0,16,48,37,8,0
916,in_distribution,0.5,0.8304426074028015,0.6224865913391113,78,205,5065,626,205,0,32,32,6,8,0
917,in_distribution,1.0,0.941500186920166,0.6124037504196167,82,216,3825,492,216,0,16,16,42,8,0
918,in_distribution,1.0,1.1122901439666748,0.4841070771217346,84,200,3035,280,200,0,31,31,14,8,0
919,in_distribution,0.9,0.9125479459762573,0.5633505582809448,96,201,4346,483,201,0,16,26,46,8,0
920,in_distribution,1.0,0.8934470415115356,0.5558918714523315,75,203,4144,450,203,0,16,16,35,8,0
921,in_distribution,1.0,0.8452046513557434,0.4679970145225525,99,201,3528,290,201,0,32,16,43,8,0
922,in_distribution,0.9,0.897110104560852,0.4259815812110901,92,200,3725,407,200,0,16,28,40,8,0
923,in_distribution,1.0,0.837154746055603,0.35220563411712646,105,201,3170,336,201,0,63,29,5,8,0
924,in_distribution,1.0,1.0785324573516846,0.6037000417709351,125,200,3764,404,200,0,64,47,6,8,0
925,in_distribution,1.0,0.833970308303833,0.36218035221099854,132,201,3551,268,201,0,96,16,12,8,0
926,in_distribution,1.0,0.6467396020889282,0.18889331817626953,79,200,3314,232,200,0,32,16,23,8,0
927,in_distribution,1.0,0.8725955486297607,0.590143084526062,114,205,3185,381,205,0,22,16,68,8,0
928,in_distribution,1.0,0.9014630317687988,0.5919302701950073,75,204,4166,515,204,0,16,13,38,8,0
929,in_distribution,0.8,1.0141042470932007,0.6100626587867737,86,213,5097,620,213,0,32,31,15,8,0
930,in_distribution,1.0,0.8643550872802734,0.4201585650444031,114,200,3598,311,200,0,31,23,52,8,0
931,in_distribution,1.0,0.9082226753234863,0.6341983079910278,66,223,4530,704,223,0,28,12,18,8,0
932,in_distribution,1.0,0.7580093145370483,0.3404307961463928,95,200,3504,344,200,0,48,16,23,8,0
933,in_distribution,1.0,0.9320130944252014,0.5503509640693665,103,200,4088,430,200,0,48,15,32,8,0
934,in_distribution,1.0,0.86335688829422,0.41035133600234985,63,200,3527,317,200,0,16,16,23,8,0
935,in_distribution,1.0,0.7633605003356934,0.2671961188316345,114,200,2441,273,200,0,32,32,42,8,0
936,in_distribution,1.0,0.7052656412124634,0.42629140615463257,108,200,4255,362,200,0,48,32,24,4,0
937,in_distribution,0.9,0.8975710868835449,0.5276873111724854,78,202,4609,442,202,0,16,13,41,8,0
938,in_distribution,0.5,0.8916724324226379,0.5855374336242676,92,203,4627,573,203,0,32,44,8,8,0
939,in_distribution,0.7,0.8649002313613892,0.5395864844322205,131,203,4021,472,203,0,16,79,28,8,0
940,in_distribution,1.0,0.9659148454666138,0.5836518406867981,93,200,4106,397,200,0,32,32,21,8,0
941,in_distribution,0.9,0.8063073754310608,0.5038162469863892,92,201,3206,432,201,0,31,32,21,8,0
942,in_distribution,1.0,0.781234622001648,0.5450802445411682,79,205,4432,558,205,0,16,32,23,8,0
943,in_distribution,1.0,1.004634141921997,0.5520521402359009,94,206,3376,440,206,0,48,32,6,8,0
944,in_distribution,1.0,0.7601017951965332,0.5747551918029785,100,209,3283,436,209,0,48,32,12,8,0
945,in_distribution,1.0,0.8787677884101868,0.48005181550979614,164,200,4118,352,200,0,32,94,30,8,0
946,in_distribution,1.0,1.0567891597747803,0.3517286777496338,129,200,3018,279,200,0,80,13,28,8,0
947,in_distribution,0.8,1.01347815990448,0.5932060480117798,116,201,4150,455,201,0,64,32,12,8,0
948,in_distribution,1.0,0.8636521100997925,0.5911004543304443,67,202,3660,352,202,0,16,31,12,8,0
949,in_distribution,1.0,0.9972971081733704,0.5906761884689331,107,200,3814,300,200,0,16,75,8,8,0
950,in_distribution,1.0,0.8245286345481873,0.585382342338562,95,201,3719,339,201,0,16,29,42,8,0
951,in_distribution,1.0,0.973146378993988,0.41085284948349,123,201,2596,304,201,0,31,63,21,8,0
952,in_distribution,1.0,0.9999864101409912,0.648289680480957,97,205,4278,488,205,0,32,30,27,8,0
953,in_distribution,1.0,0.9914514422416687,0.5227482914924622,68,203,3690,365,203,0,16,16,28,8,0
954,in_distribution,1.0,0.9011586904525757,0.42032504081726074,112,200,2030,197,200,0,32,30,42,8,0
955,in_distribution,1.0,0.9758762717247009,0.6090925931930542,72,203,3273,432,203,0,31,16,17,8,0
956,in_distribution,1.0,0.823473334312439,0.43563783168792725,96,200,4009,422,200,0,16,30,42,8,0
957,in_distribution,1.0,1.0018235445022583,0.668580174446106,90,203,3303,305,203,0,16,16,50,8,0
958,in_distribution,0.6,1.058463215827942,0.5453509092330933,157,200,4504,523,200,0,64,47,38,8,0
959,in_distribution,1.0,0.9785846471786499,0.568292498588562,140,203,3780,425,203,0,64,32,36,8,0
960,in_distribution,1.0,1.0150988101959229,0.42685312032699585,115,200,3020,248,200,0,63,31,13,8,0
961,in_distribution,1.0,0.9731524586677551,0.4150915741920471,105,200,3481,274,200,0,16,29,52,8,0
962,in_distribution,1.0,1.038055658340454,0.4842737317085266,95,200,3540,293,200,0,38,16,33,8,0
963,in_distribution,0.9,0.9174842238426208,0.5897324085235596,61,204,4515,547,204,0,16,16,21,8,0
964,in_distribution,1.0,1.0817415714263916,0.601424515247345,53,200,3164,312,200,0,16,15,14,8,0
965,in_distribution,0.8,0.9527308344841003,0.5890790224075317,99,206,4904,544,206,0,16,32,43,8,0
966,in_distribution,0.9,0.9913843274116516,0.637102484703064,97,208,4883,578,208,0,16,32,41,8,0
967,in_distribution,0.9,0.8953060507774353,0.5979469418525696,110,213,3353,520,213,0,63,25,14,8,0
968,in_distribution,0.7,0.8771921992301941,0.5989135503768921,93,211,4651,628,211,0,16,47,22,8,0
969,in_distribution,1.0,0.8912575244903564,0.5139815211296082,75,207,3110,414,207,0,29,32,6,8,0
970,in_distribution,1.0,0.9191040992736816,0.6546300649642944,82,205,3656,419,205,0,16,16,42,8,0
971,in_distribution,0.9,0.9395138621330261,0.7283908128738403,89,204,4313,513,204,0,16,31,34,8,0
972,in_distribution,1.0,1.0991445779800415,0.39561307430267334,97,200,3144,310,200,0,45,16,28,8,0
973,in_distribution,0.8,1.1145524978637695,0.5088565349578857,102,200,4498,512,200,0,32,44,18,8,0
974,in_distribution,1.0,0.6402477622032166,0.32768046855926514,102,200,3196,292,200,0,32,31,35,4,0
975,in_distribution,0.9,0.9703548550605774,0.45043450593948364,136,200,4357,357,200,0,32,54,42,8,0
976,in_distribution,1.0,1.0084682703018188,0.6065101027488708,69,220,2950,545,220,0,16,31,14,8,0
977,in_distribution,1.0,0.8950685262680054,0.7928341627120972,101,217,3697,594,217,0,16,16,61,8,0
978,in_distribution,1.0,0.9716001749038696,0.4888520836830139,109,200,4039,425,200,0,16,42,43,8,0
979,in_distribution,1.0,0.8370647430419922,0.6091710329055786,69,203,3268,317,203,0,16,16,29,8,0
980,in_distribution,1.0,0.8753582239151001,0.3027094006538391,103,200,2958,293,200,0,16,29,50,8,0
981,in_distribution,0.9,0.8940830230712891,0.4475519061088562,143,200,4132,419,200,0,32,80,23,8,0
982,in_distribution,1.0,1.00648832321167,0.3518456816673279,118,200,3551,304,200,0,70,15,25,8,0
983,in_distribution,1.0,0.7177120447158813,0.21363353729248047,79,200,3013,227,200,0,32,16,23,8,0
984,in_distribution,1.0,0.816358208656311,0.26946181058883667,160,200,3682,289,200,0,77,32,43,8,0
985,in_distribution,0.7,0.9391908645629883,0.6450343132019043,77,206,4307,515,206,0,16,31,22,8,0
986,in_distribution,1.0,0.8845273852348328,0.5501881837844849,98,204,3668,333,204,0,32,16,42,8,0
987,in_distribution,0.4,0.9906619787216187,0.602279007434845,109,203,4768,491,203,0,16,63,22,8,0
988,in_distribution,1.0,0.9930141568183899,0.6402037739753723,76,201,3210,308,201,0,16,16,36,8,0
989,in_distribution,0.9,1.0644447803497314,0.6750104427337646,52,202,3721,390,202,0,13,16,15,8,0
990,in_distribution,0.8,0.9260614514350891,0.5955229997634888,105,201,4242,463,201,0,48,16,33,8,0
991,in_distribution,1.0,1.0689928531646729,0.6746207475662231,76,204,3970,453,204,0,16,16,36,8,0
992,in_distribution,1.0,1.0516703128814697,0.6321618556976318,92,206,4146,562,206,0,31,16,37,8,0
993,in_distribution,1.0,0.9817951917648315,0.4911007285118103,114,200,3737,376,200,0,48,46,12,8,0
994,in_distribution,1.0,0.9072974920272827,0.6684423089027405,96,202,2296,235,202,0,16,47,25,8,0
995,in_distribution,1.0,0.9106647372245789,0.3504064083099365,77,200,3414,343,200,0,16,32,21,8,0
996,in_distribution,0.7,0.6437263488769531,0.5954505205154419,76,206,4777,542,206,0,15,32,25,4,0
997,in_distribution,1.0,0.8130441308021545,0.38588714599609375,93,201,3051,256,201,0,32,32,25,4,0
998,in_distribution,0.8,1.0160541534423828,0.5721321105957031,72,202,4489,470,202,0,16,31,17,8,0
999,in_distribution,1.0,0.9176053404808044,0.6116023063659668,58,203,3331,307,203,0,16,29,5,8,0
1000,in_distribution,1.0,0.9175480604171753,0.5606551170349121,59,201,3681,351,201,0,16,16,19,8,0
1001,in_distribution,1.0,1.004342794418335,0.5492997169494629,87,205,3675,445,205,0,15,47,17,8,0
1002,in_distribution,1.0,0.7849541306495667,0.48002851009368896,79,201,2170,210,201,0,16,13,42,8,0
1003,in_distribution,1.0,0.9882354140281677,0.5608642101287842,98,203,4614,467,203,0,31,16,43,8,0
1004,in_distribution,0.8,0.8750417828559875,0.6189577579498291,58,205,4606,567,205,0,32,13,5,8,0
1005,in_distribution,1.0,0.9360311031341553,0.5230934619903564,110,208,3183,487,208,0,48,16,38,8,0
1006,in_distribution,0.7,1.072174072265625,0.6212009787559509,95,205,4369,574,205,0,32,32,23,8,0
1007,in_distribution,0.9,0.9931071400642395,0.6388757824897766,68,206,4544,585,206,0,16,16,28,8,0
1008,in_distribution,1.0,1.0917166471481323,0.5374274253845215,66,201,2690,317,201,0,27,9,22,8,0
1009,in_distribution,1.0,0.8882216811180115,0.6817727088928223,75,202,4019,528,202,0,16,32,19,8,0
1010,in_distribution,0.9,1.0746268033981323,0.6394680738449097,69,213,4728,612,213,0,16,31,14,8,0
1011,in_distribution,1.0,0.8564476370811462,0.23392313718795776,93,200,2432,189,200,0,16,32,37,8,0
1012,in_distribution,1.0,0.9840527772903442,0.48902541399002075,106,200,2854,275,200,0,32,60,6,8,0
1013,in_distribution,1.0,0.6664043664932251,0.5750432014465332,84,201,2400,288,201,0,16,54,10,4,0
1014,in_distribution,1.0,0.9337390065193176,0.4397789239883423,145,201,3784,376,201,0,32,63,42,8,0
1015,in_distribution,1.0,0.788289487361908,0.4490448236465454,113,202,3952,386,202,0,62,31,12,8,0
1016,in_distribution,1.0,0.9624822735786438,0.6387245655059814,104,201,3407,328,201,0,16,48,32,8,0
1017,in_distribution,1.0,0.9621866941452026,2.980232238769531e-07,126,200,2951,243,200,0,32,63,23,8,0
1018,in_distribution,1.0,0.8766797780990601,0.49730318784713745,114,200,3053,333,200,0,32,32,42,8,0
1019,in_distribution,0.9,0.8112568855285645,0.5277926325798035,87,200,3862,522,200,0,45,29,5,8,0
1020,in_distribution,1.0,0.9602524042129517,0.36802542209625244,106,200,2885,276,200,0,48,45,5,8,0
1021,in_distribution,0.8,0.8430413007736206,0.7041181325912476,56,202,4707,524,202,0,15,15,18,8,0
1022,in_distribution,0.8,0.8471666574478149,0.5130066871643066,93,215,4382,614,215,0,46,16,23,8,0
1023,in_distribution,0.6,0.905761182308197,0.5515897274017334,133,200,3289,349,200,0,30,48,47,8,0
1024,in_distribution,0.9,1.028833270072937,0.5750428438186646,89,202,3792,408,202,0,16,16,49,8,0
1025,in_distribution,0.7,0.8587949275970459,0.5378367900848389,62,202,4687,556,202,0,16,32,6,8,0
1026,in_distribution,1.0,0.7306432723999023,0.41024982929229736,135,200,3222,299,200,0,62,59,10,4,0
1027,in_distribution,0.7,1.1088809967041016,0.6892011165618896,56,205,4486,621,205,0,16,14,18,8,0
1028,in_distribution,1.0,0.8234407901763916,0.3475305438041687,92,200,3459,298,200,0,31,32,21,8,0
1029,in_distribution,0.9,0.89199298620224,0.5990241765975952,101,205,4262,518,205,0,32,47,14,8,0
1030,in_distribution,1.0,1.086696743965149,0.6460914611816406,126,214,4086,577,214,0,58,15,45,8,0
1031,in_distribution,1.0,0.9929986000061035,0.42878299951553345,134,200,4050,441,200,0,61,16,49,8,0
1032,in_distribution,0.9,0.8877292275428772,0.5693365931510925,113,201,4556,411,201,0,64,13,28,8,0
1033,in_distribution,1.0,0.9430518746376038,0.5794270038604736,110,213,4826,542,213,0,32,47,23,8,0
1034,in_distribution,1.0,0.9522384405136108,0.29314202070236206,104,200,2525,229,200,0,32,59,5,8,0
1035,in_distribution,1.0,0.7232989072799683,0.5159690380096436,68,204,3966,441,204,0,16,16,32,4,0
1036,in_distribution,1.0,0.9627779126167297,0.4928869605064392,100,204,3955,371,204,0,16,64,12,8,0
1037,in_distribution,1.0,0.9784160256385803,0.572458803653717,106,207,2794,430,207,0,16,29,53,8,0
1038,in_distribution,1.0,0.9456682205200195,0.4064675569534302,77,200,3459,279,200,0,48,13,8,8,0
1039,in_distribution,1.0,0.9188063144683838,0.3064587116241455,135,200,2973,293,200,0,63,59,5,8,0
1040,in_distribution,1.0,0.8576019406318665,0.493130624294281,97,201,4380,404,201,0,16,16,57,8,0
1041,in_distribution,1.0,1.034874677658081,0.5942553281784058,74,208,4312,507,208,0,15,16,35,8,0
1042,in_distribution,1.0,0.952818751335144,0.45791155099868774,122,200,4283,392,200,0,64,31,19,8,0
1043,in_distribution,1.0,0.875736653804779,0.555086612701416,78,217,4207,595,217,0,13,29,28,8,0
1044,in_distribution,1.0,0.8545451164245605,0.5530669689178467,68,203,4327,438,203,0,16,32,12,8,0
1045,in_distribution,1.0,0.7320593595504761,0.5222269296646118,89,203,3516,349,203,0,16,29,40,4,0
1046,in_distribution,0.9,1.1107420921325684,0.5683016777038574,89,200,4054,447,200,0,16,47,18,8,0
1047,in_distribution,0.8,0.8530727028846741,0.4841330051422119,84,200,4393,382,200,0,48,16,12,8,0
1048,in_distribution,1.0,0.9160769581794739,0.5435428619384766,96,214,2618,531,214,0,16,29,43,8,0
1049,in_distribution,0.7,0.8580446839332581,0.5347686409950256,78,271,6259,605,271,0,16,48,6,8,0
1050,in_distribution,0.8,0.9050598740577698,0.576654314994812,79,202,4544,499,202,0,32,16,23,8,0
1051,in_distribution,1.0,0.7919745445251465,0.46115219593048096,63,200,3642,306,200,0,16,16,23,8,0
1052,in_distribution,0.9,0.9574629664421082,0.535014808177948,123,201,4701,503,201,0,48,16,51,8,0
1053,in_distribution,1.0,0.801603376865387,-1.1920928955078125e-07,140,200,3486,257,200,0,79,47,6,8,0
1054,in_distribution,1.0,0.9940795302391052,-2.384185791015625e-07,123,200,3648,344,200,0,80,29,6,8,0
1055,in_distribution,1.0,0.831752598285675,0.5193872451782227,108,200,4194,384,200,0,32,42,26,8,0
1056,in_distribution,1.0,0.9995295405387878,0.49097365140914917,114,201,4209,452,201,0,32,32,42,8,0
1057,in_distribution,0.6,0.8365522623062134,0.6184104681015015,130,208,4681,565,208,0,16,63,47,4,0
1058,in_distribution,1.0,0.6896494030952454,0.33292490243911743,106,200,3729,277,200,0,62,16,24,4,0
1059,in_distribution,1.0,0.9021303653717041,0.7194615602493286,60,205,3431,362,205,0,16,28,8,8,0
1060,in_distribution,1.0,0.8273252844810486,0.47133785486221313,113,205,3380,422,205,0,16,47,42,8,0
1061,in_distribution,0.7,0.9304161071777344,0.5874491930007935,84,200,4252,433,200,0,13,41,22,8,0
1062,in_distribution,1.0,0.8639992475509644,0.19993585348129272,154,200,3386,288,200,0,63,46,37,8,0
1063,in_distribution,0.4,0.8847964406013489,0.5929069519042969,52,203,4974,547,203,0,16,16,12,8,0
1064,in_distribution,1.0,0.8703255653381348,0.3414655327796936,105,200,3357,304,200,0,32,15,50,8,0
1065,in_distribution,1.0,0.7801709771156311,-1.1920928955078125e-07,112,200,3806,362,200,0,64,16,28,4,0
1066,in_distribution,1.0,0.8363777995109558,0.4455225467681885,94,203,4312,452,203,0,32,32,22,8,0
1067,in_distribution,1.0,0.8797340393066406,0.5651980042457581,77,211,4507,563,211,0,16,31,22,8,0
1068,in_distribution,1.0,0.8937622308731079,0.438104510307312,131,200,4000,355,200,0,79,32,12,8,0
1069,in_distribution,1.0,1.0091707706451416,0.5172504186630249,179,202,2952,307,202,0,64,64,43,8,0
1070,in_distribution,1.0,1.0026448965072632,0.6321179270744324,84,204,4046,434,204,0,48,16,12,8,0
1071,in_distribution,1.0,0.8276673555374146,0.547757089138031,69,205,4222,436,205,0,32,15,14,8,0
1072,in_distribution,1.0,0.8228635787963867,0.5005389451980591,112,210,3079,443,210,0,29,32,43,8,0
1073,in_distribution,1.0,0.9750170111656189,0.2589138150215149,130,200,2990,282,200,0,30,46,46,8,0
1074,in_distribution,0.9,0.884909987449646,0.5566011071205139,152,200,4030,399,200,0,32,78,34,8,0
1075,in_distribution,1.0,0.9418642520904541,0.4927009344100952,92,202,2561,281,202,0,29,32,23,8,0
1076,in_distribution,1.0,0.8629067540168762,0.5059213638305664,115,200,3192,299,200,0,16,32,59,8,0
1077,in_distribution,1.0,0.9987015724182129,0.4510185718536377,105,200,4204,392,200,0,45,16,36,8,0
1078,in_distribution,1.0,1.0090177059173584,0.6322697997093201,97,211,3713,562,211,0,32,16,41,8,0
1079,in_distribution,1.0,0.8785055875778198,0.3894042372703552,138,200,3141,260,200,0,64,16,50,8,0
1080,in_distribution,1.0,0.9157757759094238,0.605135440826416,121,211,2672,408,211,0,48,16,49,8,0
1081,in_distribution,1.0,1.0574418306350708,0.42215245962142944,93,200,3043,279,200,0,47,32,6,8,0
1082,in_distribution,0.9,0.7854847311973572,0.4311861991882324,115,201,4769,417,201,0,32,32,43,8,0
1083,in_distribution,1.0,0.8428654074668884,0.5410186052322388,91,202,4211,414,202,0,31,31,21,8,0
1084,in_distribution,1.0,0.9722158312797546,0.395086407661438,116,200,3241,308,200,0,45,15,48,8,0
1085,in_distribution,1.0,0.959328830242157,0.7666068077087402,74,209,3027,484,209,0,48,13,5,8,0
1086,in_distribution,0.9,0.9148250818252563,0.5047959089279175,84,201,4045,420,201,0,48,16,12,8,0
1087,in_distribution,1.0,0.7952930927276611,0.3681846857070923,122,201,3540,291,201,0,48,61,5,8,0
1088,in_distribution,0.5,0.9276546239852905,0.6710476875305176,102,203,4552,556,203,0,48,24,22,8,0
1089,in_distribution,1.0,0.9498217701911926,0.5351933240890503,81,215,2787,536,215,0,16,16,41,8,0
1090,in_distribution,1.0,0.8623145818710327,0.6512255072593689,83,204,2283,305,204,0,16,31,32,4,0
1091,in_distribution,1.0,1.0090469121932983,0.3712499141693115,169,200,3136,310,200,0,47,62,52,8,0
1092,in_distribution,1.0,0.8187258839607239,0.6121408939361572,72,201,4043,399,201,0,16,16,36,4,0
1093,in_distribution,0.7,0.8045908808708191,0.7131895422935486,61,220,4670,598,220,0,15,32,6,8,0
1094,in_distribution,0.8,1.0854941606521606,0.5379005074501038,100,200,4288,370,200,0,48,16,28,8,0
1095,in_distribution,1.0,1.0224052667617798,0.6134613752365112,105,210,4054,572,210,0,16,46,35,8,0
1096,in_distribution,0.6,0.8125849962234497,0.5244935750961304,108,200,4216,511,200,0,15,48,37,8,0
1097,in_distribution,0.9,1.0341123342514038,0.5837947726249695,99,204,4869,520,204,0,16,32,43,8,0
1098,in_distribution,1.0,1.0313754081726074,0.5386863946914673,122,201,3754,325,201,0,64,45,5,8,0
1099,in_distribution,0.7,0.8861955404281616,0.5721389055252075,71,204,4482,503,204,0,29,29,5,8,0
1100,in_distribution,0.8,0.7011693716049194,0.5639890432357788,105,203,4353,460,203,0,64,27,10,4,0
1101,in_distribution,1.0,0.8230707049369812,0.5917962789535522,76,202,3594,375,202,0,16,31,21,8,0
1102,in_distribution,0.8,0.9869917035102844,0.4412307143211365,113,200,4687,446,200,0,64,13,28,8,0
1103,in_distribution,1.0,0.9207172989845276,0.6848948001861572,75,213,3214,508,213,0,32,16,19,8,0
1104,in_distribution,1.0,0.9933221340179443,0.4831383228302002,94,200,3116,288,200,0,48,15,23,8,0
1105,in_distribution,1.0,0.891473650932312,0.5048767328262329,84,200,3435,347,200,0,16,32,28,8,0
1106,in_distribution,1.0,0.9859917759895325,0.6577420234680176,58,202,3906,372,202,0,32,13,5,8,0
1107,in_distribution,0.9,1.0163494348526,0.44609230756759644,107,200,3943,401,200,0,16,46,37,8,0
1108,in_distribution,1.0,1.0498236417770386,0.4030088782310486,147,200,3207,259,200,0,80,47,12,8,0
1109,in_distribution,0.7,0.847602367401123,0.5644711256027222,110,203,4387,479,203,0,48,16,38,8,0
1110,in_distribution,0.9,0.8778522610664368,0.5534208416938782,141,201,4523,507,201,0,48,63,22,8,0
1111,in_distribution,1.0,0.888070821762085,0.6415994167327881,109,207,3690,414,207,0,16,32,53,8,0
1112,in_distribution,1.0,1.0694468021392822,0.38859355449676514,110,200,3332,226,200,0,63,16,23,8,0
1113,in_distribution,1.0,1.0079275369644165,1.7881393432617188e-07,142,200,3626,405,200,0,64,30,40,8,0
1114,in_distribution,0.9,0.8290708065032959,0.5433756709098816,68,202,4382,414,202,0,32,16,12,8,0
1115,in_distribution,1.0,1.037276029586792,0.5723321437835693,90,204,3153,347,204,0,48,29,5,8,0
1116,in_distribution,0.9,1.019826889038086,0.546180009841919,89,201,4582,439,201,0,32,16,33,8,0
1117,in_distribution,1.0,0.9449396729469299,0.4997577667236328,81,200,3669,352,200,0,16,16,41,8,0
1118,in_distribution,0.9,0.9101282954216003,0.4116419553756714,68,200,3900,328,200,0,16,16,28,8,0
1119,in_distribution,0.7,0.9521627426147461,0.5600219964981079,100,201,4578,459,201,0,64,16,12,8,0
1120,in_distribution,1.0,1.041197657585144,0.363506555557251,98,201,3797,309,201,0,30,48,12,8,0
1121,in_distribution,1.0,0.9372179508209229,0.3725011348724365,74,200,3648,343,200,0,16,45,5,8,0
1122,in_distribution,0.8,0.9986602663993835,-1.1920928955078125e-07,94,200,4273,481,200,0,14,44,28,8,0
1123,in_distribution,1.0,0.7806364893913269,0.4586489796638489,84,202,3803,411,202,0,16,32,28,8,0
1124,in_distribution,0.8,0.901273250579834,0.5221056938171387,100,203,4467,485,203,0,32,48,12,8,0
1125,in_distribution,1.0,0.6791080832481384,0.49952638149261475,92,200,2940,326,200,0,32,32,24,4,0
1126,in_distribution,1.0,0.850968599319458,0.41642600297927856,109,200,3031,228,200,0,41,44,20,4,0
1127,in_distribution,1.0,0.9189021587371826,0.5873780250549316,114,210,4039,629,210,0,16,47,43,8,0
1128,in_distribution,0.7,0.9819428324699402,0.6372044086456299,93,207,4290,495,207,0,16,47,22,8,0
1129,in_distribution,1.0,0.8384830355644226,0.5688967108726501,53,208,2631,419,208,0,16,15,14,8,0
1130,in_distribution,1.0,0.9563751220703125,0.5776522159576416,58,204,3377,381,204,0,16,29,5,8,0
1131,in_distribution,1.0,0.9228613376617432,0.5849443078041077,99,203,4368,385,203,0,32,16,43,8,0
1132,in_distribution,0.8,0.8846582770347595,0.631245493888855,52,203,4226,496,203,0,16,16,12,8,0
1133,in_distribution,0.9,0.7780710458755493,0.6242949962615967,90,205,4375,489,205,0,32,16,38,4,0
1134,in_distribution,1.0,0.8766372799873352,0.6354763507843018,84,203,4169,418,203,0,32,32,12,8,0
1135,in_distribution,1.0,0.844338059425354,0.5534281134605408,91,207,4470,477,207,0,32,29,22,8,0
1136,in_distribution,1.0,0.981052041053772,0.5188679695129395,77,200,3913,421,200,0,32,16,21,8,0
1137,in_distribution,1.0,0.80729079246521,0.36484813690185547,114,201,3555,405,201,0,32,32,42,8,0
1138,in_distribution,1.0,0.8462738394737244,0.5006695985794067,133,200,4651,403,200,0,64,29,32,8,0
1139,in_distribution,0.8,0.9659123420715332,0.4252740740776062,111,200,4406,530,200,0,48,32,23,8,0
1140,in_distribution,1.0,0.7791235446929932,0.37842094898223877,125,200,3886,364,200,0,31,64,22,8,0
1141,in_distribution,1.0,1.1697412729263306,0.5708997249603271,103,201,4421,440,201,0,48,16,31,8,0
1142,in_distribution,0.8,0.7780579328536987,0.5347103476524353,125,202,4495,451,202,0,62,32,23,8,0
1143,in_distribution,1.0,0.8816080689430237,0.28803014755249023,172,200,2937,268,200,0,111,23,30,8,0
1144,in_distribution,1.0,0.8374334573745728,0.5317850112915039,131,202,4158,326,202,0,30,79,14,8,0
1145,in_distribution,1.0,1.0250380039215088,0.6626187562942505,68,215,2411,531,215,0,16,16,28,8,0
1146,in_distribution,1.0,0.9674239158630371,0.5340826511383057,88,200,4384,470,200,0,32,15,33,8,0
1147,in_distribution,1.0,0.8851627111434937,0.46745944023132324,109,200,3718,439,200,0,64,16,21,8,0
1148,in_distribution,0.5,0.8538697957992554,0.540593147277832,111,206,4447,483,206,0,48,32,23,8,0
1149,in_distribution,1.0,0.8490263223648071,0.5080614686012268,131,200,4420,432,200,0,64,16,43,8,0
1150,in_distribution,0.5,0.9557816386222839,0.5947906970977783,77,201,4964,573,201,0,32,16,21,8,0
1151,in_distribution,1.0,0.9953100085258484,0.5208290815353394,100,200,3123,310,200,0,16,47,29,8,0
1152,in_distribution,1.0,1.0278096199035645,0.4623197317123413,104,204,3756,391,204,0,32,16,48,8,0
1153,in_distribution,0.8,0.9108430743217468,0.601309061050415,92,208,4683,534,208,0,16,16,52,8,0
1154,in_distribution,1.0,0.8065512180328369,0.36698096990585327,114,200,3691,330,200,0,16,48,42,8,0
1155,in_distribution,1.0,0.8532716035842896,0.36544108390808105,130,201,3107,279,201,0,48,27,47,8,0
1156,in_distribution,1.0,0.9621715545654297,0.1593489646911621,106,200,2466,176,200,0,45,32,21,8,0
1157,in_distribution,1.0,0.9045454263687134,0.30079126358032227,133,200,3051,264,200,0,48,63,14,8,0
1158,in_distribution,1.0,0.8746829032897949,0.32259953022003174,97,201,3880,410,201,0,16,30,43,8,0
1159,in_distribution,1.0,0.8610050678253174,0.5875639915466309,97,203,3702,398,203,0,16,16,57,8,0
1160,in_distribution,1.0,0.924606204032898,0.4956088066101074,90,205,4491,498,205,0,32,45,5,8,0
1161,in_distribution,1.0,0.8502721190452576,0.580750048160553,60,202,3540,275,202,0,16,16,24,4,0
1162,in_distribution,1.0,1.0392805337905884,0.5420804619789124,74,200,4136,392,200,0,48,13,5,8,0
1163,in_distribution,1.0,0.8867923021316528,0.45501333475112915,89,200,3495,306,200,0,47,29,5,8,0
1164,in_distribution,0.9,0.9002100825309753,0.5813850164413452,87,217,5002,591,217,0,30,44,5,8,0
1165,in_distribution,1.0,0.7098804712295532,0.576421320438385,78,203,3432,336,203,0,32,32,6,8,0
1166,in_distribution,1.0,0.9304258823394775,0.5940814018249512,109,204,3841,443,204,0,31,16,54,8,0
1167,in_distribution,1.0,0.8915022611618042,0.4280247688293457,114,200,3508,309,200,0,32,62,12,8,0
1168,in_distribution,0.8,0.7915690541267395,0.4204002618789673,95,200,3981,363,200,0,32,32,23,8,0
1169,in_distribution,1.0,0.9033604264259338,0.5891039371490479,84,201,3925,411,201,0,32,30,14,8,0
1170,in_distribution,1.0,1.057831048965454,0.546414852142334,62,201,3595,355,201,0,16,32,6,8,0
1171,in_distribution,1.0,0.9313380122184753,0.6382209062576294,84,204,2678,320,204,0,16,46,14,8,0
1172,in_distribution,1.0,0.9309151768684387,0.5708482265472412,61,202,4053,350,202,0,16,16,21,8,0
1173,in_distribution,1.0,0.957516074180603,0.5014669299125671,142,201,4136,382,201,0,48,47,39,8,0
1174,in_distribution,0.9,0.8274250626564026,0.5034430027008057,116,200,4642,472,200,0,16,80,12,8,0
1175,in_distribution,1.0,0.9144130945205688,0.45797300338745117,76,200,4010,436,200,0,15,32,21,8,0
1176,in_distribution,1.0,0.9030503630638123,0.519631028175354,124,200,3339,268,200,0,61,25,30,8,0
1177,in_distribution,0.9,0.7823183536529541,0.44167476892471313,132,200,2977,293,200,0,32,80,12,8,0
1178,in_distribution,1.0,1.0130558013916016,0.6128150820732117,61,205,4532,436,205,0,15,32,6,8,0
1179,in_distribution,1.0,0.7761121988296509,0.40650075674057007,109,200,3264,256,200,0,48,31,22,8,0
1180,in_distribution,1.0,0.9920649528503418,0.42078107595443726,78,200,4087,410,200,0,16,32,22,8,0
1181,in_distribution,1.0,1.0668981075286865,0.518967866897583,111,201,3776,405,201,0,16,30,57,8,0
1182,in_distribution,1.0,0.9787992835044861,0.5218778848648071,78,209,3932,515,209,0,16,32,22,8,0
1183,in_distribution,1.0,0.9620838761329651,0.5393157005310059,83,206,4371,509,206,0,16,16,43,8,0
1184,in_distribution,0.9,0.8657246232032776,0.6381656527519226,65,211,4336,366,211,0,16,13,28,8,0
1185,in_distribution,1.0,0.8770319223403931,0.5365995168685913,101,200,3425,261,200,0,48,31,14,8,0
1186,in_distribution,0.9,0.981246292591095,0.6801795363426208,63,202,3676,447,202,0,15,16,24,8,0
1187,in_distribution,1.0,0.7845569849014282,0.5736487507820129,90,203,2881,375,203,0,16,16,50,8,0
1188,in_distribution,0.9,0.7384375333786011,0.6462007761001587,101,210,4305,612,210,0,48,39,10,4,0
1189,in_distribution,1.0,0.8316845893859863,0.6223595142364502,62,213,4553,525,213,0,16,16,22,8,0
1190,in_distribution,0.3,0.9420889019966125,0.6920995712280273,67,214,4744,598,214,0,28,16,15,8,0
1191,in_distribution,0.9,0.9227672815322876,0.6197185516357422,115,209,4541,623,209,0,32,16,59,8,0
1192,in_distribution,1.0,0.8705945014953613,0.3446369767189026,159,201,3682,340,201,0,63,46,42,8,0
1193,in_distribution,1.0,1.0023436546325684,0.43274587392807007,142,200,3893,354,200,0,64,16,54,8,0
1194,in_distribution,1.0,0.88969886302948,0.45370393991470337,87,201,3610,353,201,0,16,16,47,8,0
1195,in_distribution,0.9,0.8208011388778687,0.596795916557312,85,203,4785,593,203,0,16,32,29,8,0
1196,in_distribution,1.0,0.8635937571525574,0.08823716640472412,91,200,3756,317,200,0,31,16,36,8,0
1197,in_distribution,1.0,0.9366539120674133,0.5374417901039124,83,202,3173,319,202,0,16,16,43,8,0
1198,in_distribution,1.0,0.9002284407615662,0.5240582823753357,77,200,4044,404,200,0,32,15,22,8,0
1199,in_distribution,1.0,0.9575809240341187,0.6203640699386597,102,201,3743,400,201,0,16,61,17,8,0
1200,in_distribution,1.0,0.8865369558334351,0.30582159757614136,147,200,2894,274,200,0,16,80,43,8,0
1201,in_distribution,1.0,0.9088512063026428,0.6190454363822937,116,204,4375,511,204,0,80,16,12,8,0
1202,in_distribution,0.8,1.0005782842636108,0.6384381651878357,62,202,4273,458,202,0,32,16,6,8,0
1203,in_distribution,1.0,0.8528702259063721,0.6605579853057861,71,203,3762,374,203,0,16,16,35,4,0
1204,in_distribution,1.0,1.036316990852356,0.5652636885643005,97,201,3416,313,201,0,16,61,12,8,0
1205,in_distribution,1.0,0.9207136631011963,0.5135369300842285,132,201,4463,509,201,0,48,16,60,8,0
1206,in_distribution,0.3,0.933214008808136,0.6470093131065369,89,200,4218,514,200,0,32,31,18,8,0
1207,in_distribution,1.0,0.9900389313697815,0.4424794912338257,100,200,3215,282,200,0,48,16,28,8,0
1208,in_distribution,0.8,0.8059768080711365,0.5302531123161316,109,206,4849,478,206,0,48,32,21,8,0
1209,in_distribution,1.0,0.9594120383262634,0.5961776971817017,68,205,2770,380,205,0,16,16,28,8,0
1210,in_distribution,1.0,1.0161670446395874,0.4609197974205017,125,200,3384,300,200,0,48,40,29,8,0
1211,in_distribution,1.0,0.9389417767524719,0.5261034965515137,92,202,3888,369,202,0,32,16,36,8,0
1212,in_distribution,1.0,1.0114924907684326,0.4858371615409851,87,200,3501,364,200,0,16,41,22,8,0
1213,in_distribution,1.0,0.9333314895629883,0.4474230408668518,123,200,2459,235,200,0,62,16,37,8,0
1214,in_distribution,0.6,1.0362194776535034,0.693448543548584,61,206,4359,550,206,0,16,29,8,8,0
1215,in_distribution,0.9,1.0054785013198853,0.5523873567581177,129,200,4014,413,200,0,76,32,13,8,0
1216,in_distribution,1.0,0.9192018508911133,0.5772826671600342,73,203,3590,322,203,0,16,16,33,8,0
1217,in_distribution,1.0,0.9971056580543518,0.0,112,201,3846,372,201,0,60,16,28,8,0
1218,in_distribution,1.0,1.0776954889297485,0.44897162914276123,123,200,3694,306,200,0,48,45,22,8,0
1219,in_distribution,1.0,1.0597331523895264,0.6185507774353027,104,202,3818,372,202,0,30,16,50,8,0
1220,in_distribution,1.0,0.9784827828407288,0.3820141553878784,114,200,3259,415,200,0,32,32,42,8,0
1221,in_distribution,1.0,0.6828927993774414,0.4646528363227844,89,200,2611,245,200,0,16,45,24,4,0
1222,in_distribution,1.0,0.8695034384727478,0.48745250701904297,97,201,4130,450,201,0,48,13,28,8,0
1223,in_distribution,0.9,0.9430168271064758,0.6892680525779724,75,201,3614,366,201,0,16,43,8,8,0
1224,in_distribution,1.0,0.8660049438476562,0.35399383306503296,114,200,2324,256,200,0,16,48,42,8,0
1225,in_distribution,0.7,0.7804262638092041,0.5036885738372803,137,201,4600,536,201,0,91,16,22,8,0
1226,in_distribution,1.0,0.8589541912078857,-4.76837158203125e-07,117,200,4517,387,200,0,48,15,46,8,0
1227,in_distribution,1.0,0.8861932158470154,0.44431018829345703,93,200,2939,304,200,0,46,16,23,8,0
1228,in_distribution,1.0,0.8458141684532166,0.38642460107803345,77,200,3720,384,200,0,32,16,21,8,0
1229,in_distribution,1.0,0.8280950784683228,0.5398197174072266,79,204,3799,375,204,0,32,16,23,8,0
1230,in_distribution,1.0,0.7569188475608826,0.33805161714553833,130,200,3049,327,200,0,48,32,42,8,0
1231,in_distribution,0.9,0.8615730404853821,0.5315070748329163,100,202,4202,500,202,0,48,32,12,8,0
1232,in_distribution,0.9,0.9748071432113647,0.5971806645393372,113,205,4231,532,205,0,16,48,41,8,0
1233,in_distribution,0.9,0.8051524758338928,0.6136091351509094,87,210,4335,582,210,0,16,47,20,4,0
1234,in_distribution,1.0,0.8823804259300232,0.3774184584617615,89,200,3153,229,200,0,28,23,30,8,0
1235,in_distribution,0.8,0.879711389541626,0.5239819288253784,95,206,4953,560,206,0,16,48,23,8,0
1236,in_distribution,0.8,0.9873771071434021,0.6758831739425659,87,219,4901,648,219,0,16,32,31,8,0
1237,in_distribution,1.0,0.9776281714439392,0.3214247226715088,124,200,3463,264,200,0,48,45,23,8,0
1238,in_distribution,1.0,0.8921161890029907,0.4548425078392029,114,200,3541,341,200,0,32,31,43,8,0
1239,in_distribution,1.0,0.9414715766906738,0.5049159526824951,108,206,4914,608,206,0,32,46,22,8,0
1240,in_distribution,1.0,0.9714286923408508,0.639348030090332,73,222,3497,545,222,0,15,45,5,8,0
1241,in_distribution,0.7,0.9766439199447632,0.6173800230026245,122,204,4325,485,204,0,64,16,34,8,0
1242,in_distribution,1.0,0.9036620259284973,0.42320263385772705,78,201,4141,372,201,0,16,48,6,8,0
1243,in_distribution,0.8,1.0909624099731445,0.5778509378433228,110,205,4781,582,205,0,16,47,39,8,0
1244,in_distribution,1.0,1.0268055200576782,0.5642604231834412,85,202,3412,325,202,0,16,15,46,8,0
1245,in_distribution,1.0,0.8765113353729248,0.5221680402755737,100,201,4079,412,201,0,16,64,12,8,0
1246,in_distribution,1.0,1.0220268964767456,0.38978564739227295,76,200,3669,311,200,0,32,15,21,8,0
1247,in_distribution,1.0,0.922650158405304,0.4290427565574646,94,200,4316,355,200,0,32,32,22,8,0
1248,in_distribution,1.0,0.9314637184143066,0.5502376556396484,117,202,3691,337,202,0,32,63,14,8,0
1249,in_distribution,0.8,0.894794762134552,0.5021337270736694,93,203,4160,427,203,0,32,32,21,8,0
1250,in_distribution,1.0,0.7969884276390076,0.5717356204986572,118,201,2790,227,201,0,48,46,20,4,0
1251,in_distribution,1.0,1.0717965364456177,0.585841953754425,74,207,3466,452,207,0,16,15,35,8,0
1252,in_distribution,1.0,0.8804015517234802,0.4914448857307434,140,207,4032,523,207,0,48,16,68,8,0
1253,in_distribution,0.4,0.8681488037109375,0.5425257682800293,68,200,4509,496,200,0,16,32,12,8,0
1254,in_distribution,0.6,0.9894417524337769,0.6627612113952637,63,204,4343,491,204,0,16,16,23,8,0
1255,in_distribution,0.8,0.9752292633056641,0.5303974747657776,112,201,4145,430,201,0,32,60,12,8,0
1256,in_distribution,1.0,0.8870018124580383,0.3408941626548767,144,200,2987,308,200,0,30,94,12,8,0
1257,in_distribution,1.0,0.75428307056427,0.5732360482215881,87,204,4426,511,204,0,32,16,35,4,0
1258,in_distribution,0.8,0.9519456624984741,0.49868667125701904,103,202,4451,504,202,0,16,62,17,8,0
1259,in_distribution,0.7,0.8927519917488098,0.4984515905380249,100,202,4711,500,202,0,48,16,28,8,0
1260,in_distribution,1.0,0.7474285364151001,-1.1920928955078125e-07,94,200,2029,164,200,0,47,33,10,4,0
1261,in_distribution,0.9,0.92169189453125,0.5154669284820557,98,200,4150,477,200,0,31,16,43,8,0
1262,in_distribution,1.0,0.9513534903526306,0.6961132287979126,58,202,4033,395,202,0,32,13,5,8,0
1263,in_distribution,1.0,0.7687438130378723,0.45282697677612305,75,201,3666,308,201,0,32,16,19,8,0
1264,in_distribution,1.0,1.000395655632019,0.44917112588882446,123,201,3953,374,201,0,16,62,37,8,0
1265,in_distribution,1.0,1.0057095289230347,0.22064614295959473,109,200,2292,170,200,0,32,32,37,8,0
1266,in_distribution,1.0,0.9277549386024475,0.5037523508071899,130,202,4611,462,202,0,64,16,42,8,0
1267,in_distribution,0.2,0.9029924869537354,0.6788525581359863,67,206,4726,622,206,0,16,31,12,8,0
1268,in_distribution,1.0,0.8663821220397949,0.4724459648132324,78,201,4440,416,201,0,32,16,22,8,0
1269,in_distribution,1.0,0.9330347180366516,0.5982814431190491,87,209,3841,522,209,0,48,14,17,8,0
1270,in_distribution,1.0,1.1249449253082275,0.594607949256897,58,207,3468,430,207,0,16,29,5,8,0
1271,in_distribution,1.0,0.8773068785667419,0.4977930784225464,79,202,3450,276,202,0,32,16,23,8,0
1272,in_distribution,0.3,0.7730123400688171,0.557004988193512,78,200,4234,430,200,0,32,32,6,8,0
1273,in_distribution,0.7,1.0127395391464233,0.6422938704490662,76,203,4691,574,203,0,16,16,36,8,0
1274,in_distribution,1.0,0.8176376223564148,0.6184916496276855,63,202,3063,361,202,0,16,16,23,8,0
1275,in_distribution,1.0,0.9243072867393494,0.6511204242706299,90,218,4962,679,218,0,16,61,5,8,0
1276,in_distribution,0.8,1.1055285930633545,0.6259316205978394,52,207,4937,633,207,0,16,16,12,8,0
1277,in_distribution,1.0,0.952471137046814,0.431285560131073,86,201,2861,377,201,0,16,41,21,8,0
1278,in_distribution,1.0,0.9046839475631714,0.4869804382324219,79,200,4031,385,200,0,32,16,23,8,0
1279,in_distribution,1.0,0.8835652470588684,0.3229008913040161,123,201,3529,377,201,0,32,32,51,8,0
1280,in_distribution,1.0,0.7201172113418579,0.6109871864318848,49,203,4002,370,203,0,12,23,10,4,0
1281,in_distribution,0.7,0.8992335200309753,0.6863487958908081,65,210,4813,625,210,0,16,13,28,8,0
1282,in_distribution,1.0,0.8953708410263062,0.5521153211593628,85,203,2282,271,203,0,32,16,29,8,0
1283,in_distribution,0.8,0.9573689699172974,0.5450005531311035,87,201,4364,424,201,0,32,16,31,8,0
1284,in_distribution,1.0,0.9022378325462341,0.659268319606781,130,201,3870,401,201,0,32,61,29,8,0
1285,in_distribution,1.0,0.8061620593070984,0.3464762568473816,147,200,2165,183,200,0,59,59,25,4,0
1286,in_distribution,0.7,0.9681645035743713,0.5833377838134766,71,201,4557,512,201,0,16,16,31,8,0
1287,in_distribution,1.0,0.934951663017273,0.2686116099357605,95,200,2919,271,200,0,16,15,56,8,0
1288,in_distribution,1.0,1.0094565153121948,0.32097238302230835,133,200,2189,210,200,0,60,60,5,8,0
1289,in_distribution,0.9,0.9459296464920044,0.49218106269836426,102,200,4553,421,200,0,30,16,48,8,0
1290,in_distribution,0.9,0.8554033637046814,0.6028405427932739,92,202,4129,460,202,0,32,31,25,4,0
1291,in_distribution,1.0,1.0498005151748657,0.36409425735473633,117,200,3552,288,200,0,32,29,48,8,0
1292,in_distribution,0.4,1.0497715473175049,0.5735129117965698,142,201,4944,564,201,0,48,80,6,8,0
1293,in_distribution,1.0,0.9102373123168945,0.36129438877105713,105,200,3102,306,200,0,48,16,33,8,0
1294,in_distribution,1.0,0.880053699016571,0.42658257484436035,133,200,3487,303,200,0,63,16,46,8,0
1295,in_distribution,1.0,1.0753036737442017,0.4472484588623047,108,200,4031,321,200,0,48,13,39,8,0
1296,in_distribution,0.7,0.8483459949493408,0.5316402912139893,100,209,5076,528,209,0,48,32,12,8,0
1297,in_distribution,1.0,0.8484936356544495,0.5612611174583435,93,202,3516,266,202,0,48,15,22,8,0
1298,in_distribution,1.0,0.9828867316246033,0.7052667737007141,77,224,4740,715,224,0,16,16,37,8,0
1299,in_distribution,0.6,0.8550743460655212,0.5942606329917908,61,202,4662,481,202,0,16,27,14,4,0
1300,in_distribution,0.7,0.9549144506454468,0.5037800073623657,52,202,4250,384,202,0,16,16,12,8,0
1301,in_distribution,0.8,0.9285178184509277,0.4861642122268677,123,200,4543,495,200,0,63,16,36,8,0
1302,in_distribution,0.8,0.8203008770942688,0.534491777420044,90,203,4882,490,203,0,16,31,35,8,0
1303,in_distribution,1.0,0.781402587890625,0.5961995720863342,74,202,3687,438,202,0,16,16,38,4,0
1304,in_distribution,1.0,1.1029696464538574,0.5118414163589478,84,202,3354,316,202,0,32,16,28,8,0
1305,in_distribution,0.9,0.779513418674469,0.4592084288597107,97,204,3441,494,204,0,45,32,12,8,0
1306,in_distribution,1.0,0.855389416217804,0.552807092666626,115,202,4381,502,202,0,63,32,12,8,0
1307,in_distribution,1.0,0.8375126123428345,0.4330170750617981,82,200,3393,314,200,0,30,16,28,8,0
1308,in_distribution,0.9,1.0274475812911987,0.6159818172454834,109,200,4109,433,200,0,32,32,37,8,0
1309,in_distribution,0.8,1.00155770778656,0.5688782334327698,83,201,4343,502,201,0,31,32,12,8,0
1310,in_distribution,1.0,1.0258482694625854,0.36424267292022705,141,200,3735,291,200,0,64,32,37,8,0
1311,in_distribution,1.0,0.7886795997619629,0.4722931385040283,98,205,4260,403,205,0,31,16,43,8,0
1312,in_distribution,0.9,0.793572723865509,0.6476097106933594,52,222,4880,679,222,0,16,16,12,8,0
1313,in_distribution,1.0,0.8681908845901489,0.3847740888595581,140,200,2934,280,200,0,47,64,21,8,0
1314,in_distribution,1.0,0.911414384841919,0.5216422080993652,109,203,4554,494,203,0,31,32,38,8,0
1315,in_distribution,1.0,0.8341553211212158,0.29083865880966187,95,200,3041,271,200,0,48,16,23,8,0
1316,in_distribution,1.0,0.8612987995147705,0.5656828880310059,84,208,3994,537,208,0,48,16,12,8,0
1317,in_distribution,1.0,0.8588277697563171,0.4712676405906677,79,201,4602,431,201,0,32,16,23,8,0
1318,in_distribution,0.9,1.061814308166504,0.6178572773933411,52,204,4004,402,204,0,16,16,12,8,0
1319,in_distribution,0.7,1.0127391815185547,0.5826942920684814,78,204,4509,546,204,0,16,16,38,8,0
1320,in_distribution,0.9,0.7354108691215515,0.6199678182601929,66,203,4274,481,203,0,16,14,32,4,0
1321,in_distribution,0.8,0.9363205432891846,0.6190181970596313,84,215,4730,654,215,0,32,16,28,8,0
1322,in_distribution,1.0,0.9183759689331055,0.4965236783027649,87,204,3755,384,204,0,16,16,47,8,0
1323,in_distribution,0.8,0.8919792175292969,0.6296334266662598,94,202,4519,490,202,0,16,31,39,8,0
1324,in_distribution,1.0,0.9557939171791077,0.5666956901550293,61,207,4553,479,207,0,16,15,22,8,0
1325,in_distribution,1.0,0.838768482208252,0.3722662329673767,117,200,3341,254,200,0,32,15,62,8,0
1326,in_distribution,1.0,0.9037503600120544,0.4810413718223572,111,201,2610,270,201,0,32,59,12,8,0
1327,in_distribution,1.0,0.8738374710083008,0.3718811273574829,106,200,1788,168,200,0,31,45,22,8,0
1328,in_distribution,1.0,0.7979143261909485,0.37105607986450195,100,200,3800,307,200,0,32,32,28,8,0
1329,in_distribution,1.0,0.832261860370636,0.40535861253738403,146,200,4420,436,200,0,79,16,43,8,0
1330,in_distribution,1.0,0.7924230098724365,0.5027482509613037,53,202,3625,442,202,0,16,15,14,8,0
1331,in_distribution,0.9,0.9949412941932678,0.5620865821838379,113,200,4371,521,200,0,46,16,43,8,0
1332,in_distribution,1.0,0.8816965222358704,0.4780001640319824,110,200,2941,283,200,0,59,29,18,4,0
1333,in_distribution,1.0,0.6759206056594849,0.37845826148986816,61,200,4386,427,200,0,16,16,25,4,0
1334,in_distribution,1.0,1.0318659543991089,0.37219059467315674,101,201,4085,335,201,0,48,15,30,8,0
1335,in_distribution,0.8,0.990480899810791,0.5685071349143982,102,204,3775,457,204,0,16,41,37,8,0
1336,in_distribution,1.0,0.9875301122665405,0.27649378776550293,135,200,1823,176,200,0,62,29,36,8,0
1337,in_distribution,0.7,0.9266386032104492,0.5066758394241333,52,200,4754,457,200,0,16,16,12,8,0
1338,in_distribution,1.0,0.9972678422927856,0.5175555944442749,117,203,3155,328,203,0,48,31,30,8,0
1339,in_distribution,1.0,0.8513438701629639,0.5679996013641357,96,201,4011,420,201,0,32,28,28,8,0
1340,in_distribution,1.0,0.6968423128128052,0.19909536838531494,79,200,3504,245,200,0,16,32,23,8,0
1341,in_distribution,1.0,0.9517096877098083,0.5600073337554932,117,200,3259,336,200,0,48,56,5,8,0
1342,in_distribution,1.0,0.9114919900894165,0.35040467977523804,77,201,3685,317,201,0,16,32,21,8,0
1343,in_distribution,1.0,0.7910745143890381,0.6543168425559998,84,212,2929,400,212,0,16,32,28,8,0
1344,in_distribution,1.0,0.9192034602165222,0.5536360740661621,62,204,2890,310,204,0,16,16,22,8,0
1345,in_distribution,1.0,0.9150006175041199,0.4766961932182312,143,200,3408,322,200,0,32,75,28,8,0
1346,in_distribution,1.0,0.7758890390396118,0.4808652400970459,79,206,3249,458,206,0,32,16,23,8,0
1347,in_distribution,1.0,0.8460812568664551,0.38350188732147217,143,200,3798,351,200,0,32,61,42,8,0
1348,in_distribution,1.0,1.0176469087600708,0.5381088256835938,83,201,3888,326,201,0,16,16,43,8,0
1349,in_distribution,1.0,1.0279744863510132,0.3881586790084839,95,202,3486,306,202,0,28,47,12,8,0
1350,in_distribution,1.0,1.038984775543213,0.6344650983810425,72,203,3051,300,203,0,31,15,18,8,0
1351,in_distribution,0.9,0.922911524772644,0.5547934770584106,117,215,4954,603,215,0,47,16,46,8,0
1352,in_distribution,1.0,1.117061972618103,0.5937362909317017,89,200,4265,394,200,0,48,15,18,8,0
1353,in_distribution,0.7,0.9942026138305664,0.6630820035934448,83,201,4351,402,201,0,15,23,37,8,0
1354,in_distribution,1.0,0.8569284677505493,0.5777992010116577,62,208,2812,427,208,0,16,16,22,8,0
1355,in_distribution,0.9,0.8985873460769653,0.4161527752876282,100,206,4543,415,206,0,64,16,12,8,0
1356,in_distribution,1.0,0.9008567333221436,0.5197098255157471,122,200,4226,408,200,0,32,32,50,8,0
1357,in_distribution,1.0,1.0392165184020996,0.5447374582290649,91,200,2810,288,200,0,32,39,12,8,0
1358,in_distribution,1.0,1.04859459400177,0.4044126868247986,173,200,3476,286,200,0,95,30,40,8,0
1359,in_distribution,1.0,0.888585090637207,0.5545191764831543,135,201,3766,380,201,0,48,48,31,8,0
1360,in_distribution,1.0,0.8904488682746887,0.5621339082717896,94,204,4541,526,204,0,48,15,23,8,0
1361,in_distribution,1.0,0.7520049810409546,0.7182437181472778,66,202,3357,369,202,0,14,38,10,4,0
1362,in_distribution,1.0,0.6714467406272888,0.45685774087905884,103,200,3363,292,200,0,29,32,38,4,0
1363,in_distribution,1.0,0.8914469480514526,0.39252108335494995,116,200,3664,250,200,0,32,48,28,8,0
1364,in_distribution,1.0,0.9265656471252441,0.6991984844207764,82,215,1813,445,215,0,16,46,12,8,0
1365,in_distribution,0.6,0.8683558702468872,0.5777420997619629,91,200,4351,464,200,0,14,16,53,8,0
1366,in_distribution,0.7,1.037992238998413,0.5947976112365723,74,208,4597,558,208,0,32,29,5,8,0
1367,in_distribution,1.0,0.6659469604492188,0.5948017835617065,66,204,3744,386,204,0,41,11,10,4,0
1368,in_distribution,0.9,1.071553111076355,0.6097408533096313,62,214,4728,639,214,0,16,32,6,8,0
1369,in_distribution,1.0,0.89653080701828,0.3953765630722046,167,200,3800,355,200,0,47,75,37,8,0
1370,in_distribution,1.0,0.8553130030632019,0.23584628105163574,105,200,2775,205,200,0,16,16,65,8,0
1371,in_distribution,0.4,0.8909141421318054,0.5670735836029053,113,203,5060,564,203,0,48,32,25,8,0
1372,in_distribution,0.7,0.8481336832046509,0.50705486536026,78,200,4803,531,200,0,31,16,23,8,0
1373,in_distribution,1.0,0.8830998539924622,0.5432394742965698,78,200,3711,382,200,0,32,32,6,8,0
1374,in_distribution,1.0,0.946643590927124,0.41464346647262573,89,200,2547,187,200,0,47,29,5,8,0
1375,in_distribution,0.7,0.8208048939704895,0.6034106016159058,84,205,4938,592,205,0,48,16,12,8,0
1376,in_distribution,1.0,0.9368863105773926,0.4683380722999573,95,229,4784,578,229,0,48,16,23,8,0
1377,in_distribution,1.0,0.835679292678833,0.3115640878677368,131,200,3304,235,200,0,48,32,43,8,0
1378,in_distribution,0.6,0.8953171372413635,0.5334557294845581,115,201,4105,456,201,0,32,60,15,8,0
1379,in_distribution,1.0,0.8682376146316528,0.5275580883026123,76,201,3717,344,201,0,13,32,23,8,0
1380,in_distribution,0.9,0.9304795265197754,0.4790603518486023,52,200,4089,416,200,0,16,16,12,8,0
1381,in_distribution,1.0,0.8095742464065552,0.493327260017395,106,201,3972,366,201,0,16,32,50,8,0
1382,in_distribution,0.6,0.9427690505981445,0.6089340448379517,68,215,4930,517,215,0,16,32,12,8,0
1383,in_distribution,0.8,1.0556589365005493,0.686303973197937,77,209,5019,578,209,0,16,32,21,8,0
1384,in_distribution,1.0,0.7995995879173279,0.4444541335105896,142,200,3182,293,200,0,80,48,6,8,0
1385,in_distribution,1.0,0.8255225419998169,0.37349462509155273,118,200,4091,380,200,0,48,26,36,8,0
1386,in_distribution,0.9,0.8628250956535339,0.4484548568725586,95,201,4773,498,201,0,32,32,23,8,0
1387,in_distribution,0.7,0.8453773260116577,0.5583177804946899,76,212,4860,578,212,0,13,32,23,8,0
1388,in_distribution,1.0,0.9342832565307617,0.22861146926879883,131,200,2937,232,200,0,31,78,14,8,0
1389,in_distribution,1.0,0.903806209564209,0.529660701751709,107,201,3830,385,201,0,32,11,56,8,0
1390,in_distribution,0.6,0.8671509623527527,0.7421207427978516,62,219,5275,728,219,0,15,13,26,8,0
1391,in_distribution,0.5,0.8602215051651001,0.5375674366950989,99,204,4854,591,204,0,32,16,43,8,0
1392,in_distribution,0.8,0.8958328366279602,0.5664492845535278,83,202,3988,461,202,0,15,29,31,8,0
1393,in_distribution,1.0,0.9815714359283447,0.5133241415023804,137,202,4198,350,202,0,76,32,21,8,0
1394,in_distribution,0.6,1.0272603034973145,0.5609946846961975,93,200,4812,497,200,0,47,16,22,8,0
1395,in_distribution,1.0,0.847127377986908,0.31676262617111206,128,200,2820,318,200,0,32,46,42,8,0
1396,in_distribution,1.0,1.0408415794372559,0.39933425188064575,110,200,3115,250,200,0,63,16,23,8,0
1397,in_distribution,1.0,0.9464552402496338,0.21839916706085205,160,200,2867,239,200,0,80,29,43,8,0
1398,in_distribution,1.0,1.0252268314361572,0.6085995435714722,75,214,4306,631,214,0,16,13,38,8,0
1399,in_distribution,0.6,0.8885213732719421,0.5856986045837402,88,205,4638,514,205,0,32,16,32,8,0
1400,in_distribution,1.0,0.9273691177368164,0.47087299823760986,117,200,2560,296,200,0,32,46,31,8,0
1401,in_distribution,1.0,0.8263039588928223,0.274522066116333,161,200,1954,191,200,0,47,78,28,8,0
1402,in_distribution,0.8,0.8318970203399658,0.5856810808181763,61,206,4814,551,206,0,16,16,21,8,0
1403,in_distribution,1.0,0.9262816905975342,0.525631308555603,83,201,3457,407,201,0,16,47,12,8,0
1404,in_distribution,1.0,0.827295184135437,0.56535804271698,83,203,4011,413,203,0,16,8,51,8,0
1405,in_distribution,1.0,0.7404754161834717,0.0,69,200,3776,344,200,0,44,11,10,4,0
1406,in_distribution,0.9,1.104157567024231,0.5783834457397461,84,207,4325,379,207,0,32,16,28,8,0
1407,in_distribution,0.7,0.9813851118087769,0.7368488311767578,76,203,4430,496,203,0,15,21,32,8,0
1408,in_distribution,1.0,0.9392021894454956,0.13668221235275269,165,200,2665,190,200,0,93,59,5,8,0
1409,in_distribution,1.0,0.8250545263290405,0.6610536575317383,78,202,3679,414,202,0,32,32,6,8,0
1410,in_distribution,1.0,0.869110107421875,0.5869807600975037,100,201,3983,402,201,0,16,64,12,8,0
1411,in_distribution,1.0,0.8335374593734741,0.4833539128303528,100,202,3147,288,202,0,16,47,29,8,0
1412,in_distribution,1.0,1.0420973300933838,0.5200524926185608,143,202,3428,387,202,0,32,80,23,8,0
1413,in_distribution,1.0,0.7541968822479248,0.4898363947868347,97,200,3392,350,200,0,16,46,27,8,0
1414,in_distribution,1.0,0.9887233376502991,0.5699842572212219,124,202,3240,319,202,0,48,32,36,8,0
1415,in_distribution,0.9,0.7670371532440186,0.5704702138900757,95,213,4419,542,213,0,32,32,23,8,0
1416,in_distribution,1.0,0.8715068101882935,0.4585877060890198,94,200,3665,308,200,0,32,48,6,8,0
1417,in_distribution,0.9,1.113227128982544,0.5664097666740417,134,203,4317,454,203,0,16,93,17,8,0
1418,in_distribution,1.0,0.9930193424224854,0.5526275038719177,92,200,4021,378,200,0,16,32,36,8,0
1419,in_distribution,0.6,0.8291122913360596,0.5826333165168762,94,201,4074,508,201,0,32,32,22,8,0
1420,in_distribution,1.0,0.9425566792488098,0.47068488597869873,115,200,3608,318,200,0,61,25,21,8,0
1421,in_distribution,1.0,0.9990377426147461,0.3308584690093994,76,200,2829,269,200,0,16,29,23,8,0
1422,in_distribution,1.0,0.7831600904464722,0.43471282720565796,127,200,4091,453,200,0,80,16,23,8,0
1423,in_distribution,1.0,0.9945602416992188,0.44922709465026855,57,200,3506,274,200,0,15,29,5,8,0
1424,in_distribution,1.0,0.9255038499832153,0.19602668285369873,95,200,2310,197,200,0,32,15,40,8,0
1425,in_distribution,1.0,0.7872551083564758,0.5650759935379028,115,206,4561,493,206,0,48,16,43,8,0
1426,in_distribution,1.0,0.9204509258270264,0.637009859085083,85,206,1975,383,206,0,44,28,5,8,0
1427,in_distribution,0.4,1.1144893169403076,0.6368395090103149,68,205,4978,635,205,0,32,16,12,8,0
1428,in_distribution,0.8,0.7876978516578674,0.6690319776535034,61,210,4305,602,210,0,32,13,8,8,0
1429,in_distribution,0.7,0.8816626071929932,0.5847939252853394,91,201,4569,562,201,0,32,32,19,8,0
1430,in_distribution,1.0,0.8211917877197266,0.5592315196990967,69,207,3252,395,207,0,16,32,17,4,0
1431,in_distribution,1.0,1.0017898082733154,0.5317423939704895,151,202,4045,424,202,0,48,62,33,8,0
1432,in_distribution,1.0,0.6466412544250488,-4.76837158203125e-07,87,200,3199,240,200,0,32,41,10,4,0
1433,in_distribution,0.8,0.8355125784873962,0.5435725450515747,98,202,4561,437,202,0,16,32,42,8,0
1434,in_distribution,1.0,0.8994821310043335,0.42258739471435547,141,200,3256,312,200,0,48,63,22,8,0
1435,in_distribution,1.0,0.8584039211273193,0.4070819020271301,102,200,3572,301,200,0,32,41,21,8,0
1436,in_distribution,1.0,0.8504102826118469,0.3466401696205139,108,200,3136,348,200,0,16,63,21,8,0
1437,in_distribution,1.0,0.8126639723777771,4.172325134277344e-07,154,200,4449,446,200,0,47,80,19,8,0
1438,in_distribution,1.0,0.9558836817741394,0.48408693075180054,83,201,4149,390,201,0,16,47,12,8,0
1439,in_distribution,0.9,0.9387657046318054,0.5876678228378296,75,203,4721,542,203,0,16,32,19,8,0
1440,in_distribution,1.0,0.8706868886947632,0.4772059917449951,52,200,4870,424,200,0,16,16,12,8,0
1441,in_distribution,0.9,0.9042848944664001,0.5658755302429199,95,203,4113,394,203,0,48,16,23,8,0
1442,in_distribution,1.0,0.7975988388061523,0.5799216032028198,86,202,3621,386,202,0,16,32,30,8,0
1443,in_distribution,0.9,1.064563274383545,0.5137779712677002,142,203,4367,482,203,0,32,46,56,8,0
1444,in_distribution,1.0,0.9210540056228638,0.4799371361732483,79,202,4134,360,202,0,32,16,23,8,0
1445,in_distribution,1.0,0.9185240268707275,0.5516544580459595,118,203,3233,308,203,0,31,47,32,8,0
1446,in_distribution,0.5,0.8882465362548828,0.6568102836608887,116,210,4295,509,210,0,16,64,28,8,0
1447,in_distribution,1.0,0.8499792218208313,0.3748398423194885,95,200,3860,389,200,0,32,32,23,8,0
1448,in_distribution,0.6,0.884732723236084,0.5813632011413574,85,205,4956,532,205,0,44,28,5,8,0
1449,in_distribution,1.0,0.9145570993423462,0.6715445518493652,85,204,2264,277,204,0,16,47,14,8,0
1450,in_distribution,1.0,0.7191901206970215,0.657783031463623,53,208,3532,434,208,0,16,23,10,4,0
1451,in_distribution,0.7,0.9990056753158569,0.5342048406600952,98,200,4887,477,200,0,31,16,43,8,0
1452,in_distribution,1.0,0.8024190664291382,0.34561729431152344,93,200,3131,339,200,0,31,32,22,8,0
1453,in_distribution,1.0,0.9834485054016113,0.6392699480056763,76,203,1655,186,203,0,16,29,23,8,0
1454,in_distribution,1.0,0.9763235449790955,0.6370916366577148,73,203,2901,278,203,0,27,26,12,8,0
1455,in_distribution,0.8,0.743064820766449,0.5019233226776123,123,201,4410,460,201,0,16,80,19,8,0
1456,in_distribution,1.0,0.9688140749931335,0.5387244820594788,107,200,3734,354,200,0,16,64,19,8,0
1457,in_distribution,1.0,0.7821183800697327,0.650431752204895,80,201,3542,391,201,0,16,26,34,4,0
1458,in_distribution,0.8,1.0078790187835693,0.6690253019332886,95,204,4583,517,204,0,16,43,28,8,0
1459,in_distribution,1.0,1.1023979187011719,0.3296656012535095,79,200,2812,217,200,0,16,31,24,8,0
1460,in_distribution,1.0,0.7848079800605774,0.16422730684280396,114,200,1937,168,200,0,48,16,42,8,0
1461,in_distribution,1.0,0.8861468434333801,0.46690279245376587,113,201,4630,523,201,0,46,16,43,8,0
1462,in_distribution,1.0,1.038533091545105,0.520764946937561,112,200,3667,354,200,0,46,26,32,8,0
1463,in_distribution,1.0,0.7976147532463074,0.25235140323638916,110,200,3261,243,200,0,48,32,22,8,0
1464,in_distribution,0.9,0.9770292639732361,0.5456405878067017,88,206,3838,369,206,0,47,16,17,8,0
1465,in_distribution,1.0,0.9080919623374939,0.746107816696167,52,214,3593,528,214,0,16,16,12,8,0
1466,in_distribution,0.8,0.8515946865081787,0.5278645753860474,100,200,4653,508,200,0,48,16,28,8,0
1467,in_distribution,1.0,0.7683665752410889,0.2624550461769104,88,200,1945,232,200,0,16,32,32,8,0
1468,in_distribution,1.0,0.9872093200683594,0.4759465456008911,97,200,4136,476,200,0,32,15,42,8,0
1469,in_distribution,1.0,0.9459611773490906,0.5148732662200928,101,202,3370,270,202,0,16,11,66,8,0
1470,in_distribution,1.0,0.9479809403419495,0.6971946954727173,45,203,3506,351,203,0,16,13,8,8,0
1471,in_distribution,0.8,0.9264138340950012,0.6293079257011414,72,203,4120,478,203,0,16,43,5,8,0
1472,in_distribution,1.0,1.0242427587509155,0.49365365505218506,144,200,3879,342,200,0,45,79,12,8,0
1473,in_distribution,1.0,0.9757257103919983,0.49073171615600586,59,200,4381,458,200,0,30,13,8,8,0
1474,in_distribution,0.8,0.8329856991767883,0.6458770036697388,133,207,4644,619,207,0,64,47,14,8,0
1475,in_distribution,1.0,0.8624755144119263,0.6307963132858276,59,201,4235,465,201,0,16,29,6,8,0
1476,in_distribution,0.9,0.8392384052276611,0.47580486536026,111,201,4407,491,201,0,48,32,23,8,0
1477,in_distribution,0.9,0.8135399222373962,0.5571040511131287,84,205,4643,524,205,0,32,32,12,8,0
1478,in_distribution,0.8,0.8015624284744263,0.4192957878112793,97,200,4419,442,200,0,16,31,42,8,0
1479,in_distribution,1.0,0.5317005515098572,0.5317005515098572,37,200,3060,255,200,0,12,11,10,4,0
1480,in_distribution,1.0,0.9435137510299683,0.7005593776702881,84,204,4505,500,204,0,16,48,12,8,0
1481,in_distribution,1.0,0.8285059928894043,1.7881393432617188e-07,83,200,3749,361,200,0,47,16,12,8,0
1482,in_distribution,0.7,0.9649114608764648,0.6431564688682556,68,202,4313,501,202,0,16,15,29,8,0
1483,in_distribution,0.9,0.8454152345657349,0.47902005910873413,84,200,3996,402,200,0,32,16,28,8,0
1484,in_distribution,1.0,1.0596848726272583,0.5498303174972534,121,202,3691,455,202,0,48,28,37,8,0
1485,in_distribution,1.0,1.067385196685791,0.1867530345916748,168,200,2740,266,200,0,63,33,64,8,0
1486,in_distribution,1.0,0.9719489216804504,0.609211802482605,101,202,3182,317,202,0,32,47,14,8,0
1487,in_distribution,0.3,1.0351306200027466,0.5976546406745911,107,204,4724,536,204,0,64,16,19,8,0
1488,in_distribution,1.0,0.8789206147193909,0.2399371862411499,111,200,3201,325,200,0,32,48,23,8,0
1489,in_distribution,1.0,0.8789286613464355,0.3221476674079895,93,200,2907,345,200,0,16,48,21,8,0
1490,in_distribution,1.0,0.8386238813400269,0.46260184049606323,77,201,3799,362,201,0,16,16,37,8,0
1491,in_distribution,1.0,1.0362460613250732,0.5158779621124268,84,207,4525,521,207,0,16,32,28,8,0
1492,in_distribution,1.0,0.8288240432739258,0.4945593476295471,103,218,3348,517,218,0,22,16,57,8,0
1493,in_distribution,1.0,0.8989641070365906,0.754157543182373,62,215,2499,436,215,0,16,14,24,8,0
1494,in_distribution,1.0,0.9120233654975891,0.5609080791473389,77,203,4665,531,203,0,14,16,39,8,0
1495,in_distribution,0.7,0.9013459086418152,0.5671441555023193,95,203,4257,470,203,0,32,32,23,8,0
1496,in_distribution,1.0,0.8988881707191467,0.3036826252937317,193,200,2897,266,200,0,63,79,43,8,0
1497,in_distribution,1.0,0.9112229347229004,0.6138902902603149,93,205,4382,517,205,0,31,32,22,8,0
1498,in_distribution,1.0,0.966792106628418,0.4934433102607727,131,200,3639,311,200,0,64,16,43,8,0
1499,in_distribution,0.6,1.030321478843689,0.63934326171875,79,202,4247,440,202,0,43,16,12,8,0
1500,in_distribution,1.0,0.9091966152191162,1.1920928955078125e-07,91,200,2455,226,200,0,32,45,6,8,0
1501,in_distribution,0.9,1.0495202541351318,0.6889498233795166,88,217,4897,660,217,0,27,16,37,8,0
1502,in_distribution,1.0,1.1170703172683716,0.48395031690597534,109,201,3643,361,201,0,46,15,40,8,0
1503,in_distribution,1.0,1.188014030456543,0.461828351020813,107,200,2607,232,200,0,32,46,21,8,0
1504,in_distribution,0.8,0.8024077415466309,0.4695417284965515,77,202,4753,411,202,0,16,45,8,8,0
1505,in_distribution,1.0,0.9943475723266602,0.6237620711326599,105,204,3440,317,204,0,16,76,5,8,0
1506,in_distribution,1.0,0.904590368270874,0.4853827953338623,77,200,3582,371,200,0,30,16,23,8,0
1507,in_distribution,0.9,0.8217736482620239,0.5825499296188354,67,200,4101,502,200,0,16,16,27,8,0
1508,in_distribution,1.0,0.9455737471580505,0.5898009538650513,112,207,2494,412,207,0,48,13,43,8,0
1509,in_distribution,1.0,0.916545033454895,0.43264240026474,98,200,4042,299,200,0,46,32,12,8,0
1510,in_distribution,1.0,1.0453931093215942,0.5824288129806519,99,217,2876,535,217,0,32,16,43,8,0
1511,in_distribution,0.9,1.0113279819488525,0.6179993152618408,42,208,4838,643,208,0,16,13,5,8,0
1512,in_distribution,1.0,0.8562625050544739,1.7881393432617188e-07,89,200,4056,377,200,0,31,45,5,8,0
1513,in_distribution,1.0,0.9018610715866089,0.5560823678970337,63,208,3384,378,208,0,16,16,23,8,0
1514,in_distribution,0.9,0.9229026436805725,0.603504478931427,98,202,3625,335,202,0,31,16,43,8,0
1515,in_distribution,1.0,0.8757966756820679,0.21890896558761597,130,200,2824,210,200,0,70,16,36,8,0
1516,in_distribution,0.9,0.9717751741409302,0.5441911816596985,113,216,5074,694,216,0,48,15,42,8,0
1517,in_distribution,1.0,0.7901672720909119,0.6757895946502686,61,208,4082,498,208,0,16,16,25,4,0
1518,in_distribution,1.0,0.9028488397598267,0.4881901144981384,74,206,3558,452,206,0,32,29,5,8,0
1519,in_distribution,1.0,0.9099029302597046,0.29777956008911133,147,200,2515,227,200,0,80,16,43,8,0
1520,in_distribution,1.0,0.9046052694320679,0.6900632381439209,61,209,4237,483,209,0,15,32,6,8,0
1521,in_distribution,1.0,0.7644739747047424,0.4750167727470398,103,202,4271,458,202,0,38,29,28,8,0
1522,in_distribution,1.0,0.8516902327537537,0.39836210012435913,58,201,3561,357,201,0,16,29,5,8,0
1523,in_distribution,1.0,0.8287996649742126,0.4237554669380188,105,200,3578,292,200,0,63,29,5,8,0
1524,in_distribution,1.0,0.6477502584457397,0.275249719619751,172,200,3058,320,200,0,80,63,21,8,0
1525,in_distribution,1.0,1.0273840427398682,0.6746379137039185,101,205,4213,432,205,0,16,42,35,8,0
1526,in_distribution,1.0,0.964092493057251,0.5557903051376343,100,203,4113,544,203,0,32,48,12,8,0
1527,in_distribution,0.9,0.9113957285881042,0.4737972021102905,97,202,3693,417,202,0,16,31,42,8,0
1528,in_distribution,1.0,1.0617939233779907,0.6104642152786255,84,207,4349,587,207,0,32,32,12,8,0
1529,in_distribution,0.8,0.9884844422340393,0.528326690196991,118,202,4518,424,202,0,46,32,32,8,0
1530,in_distribution,0.6,1.0073282718658447,0.6237658262252808,87,206,4756,585,206,0,46,28,5,8,0
1531,in_distribution,1.0,0.9311500191688538,0.40608900785446167,114,202,3849,433,202,0,16,47,43,8,0
1532,in_distribution,0.9,0.7911229133605957,0.5968191623687744,68,201,4086,418,201,0,16,32,12,8,0
1533,in_distribution,1.0,0.8014195561408997,0.466050922870636,108,200,3979,419,200,0,16,63,21,8,0
1534,in_distribution,1.0,0.8680943250656128,0.3235164284706116,153,200,2309,197,200,0,61,46,38,8,0
1535,in_distribution,1.0,1.0365898609161377,0.49689483642578125,101,201,4241,417,201,0,32,15,46,8,0
1536,in_distribution,0.5,0.892611563205719,0.6813530325889587,68,206,4566,571,206,0,32,16,12,8,0
1537,in_distribution,1.0,0.9230200052261353,0.5407207012176514,132,201,4365,434,201,0,80,32,12,8,0
1538,in_distribution,1.0,0.9425767660140991,0.6305100321769714,103,206,3843,475,206,0,32,16,47,8,0
1539,in_distribution,0.9,0.9655746221542358,0.4829253554344177,73,201,4055,371,201,0,16,26,23,8,0
1540,in_distribution,0.9,0.8661776781082153,0.5415950417518616,100,210,4625,515,210,0,32,16,44,8,0
1541,in_distribution,1.0,0.9864447116851807,0.5772787928581238,100,201,3928,417,201,0,16,48,28,8,0
1542,in_distribution,0.9,0.935717761516571,0.46720242500305176,109,205,4492,522,205,0,48,31,22,8,0
1543,in_distribution,1.0,0.7866756916046143,0.5323476791381836,129,201,4567,481,201,0,32,48,41,8,0
1544,in_distribution,1.0,0.817363977432251,0.6432087421417236,58,203,4303,407,203,0,32,13,5,8,0
1545,in_distribution,1.0,1.1211459636688232,0.6257126331329346,73,220,3494,594,220,0,32,15,18,8,0
1546,in_distribution,1.0,0.8515121936798096,0.5612037181854248,58,204,4235,499,204,0,16,29,5,8,0
1547,in_distribution,1.0,0.8601496815681458,0.40767067670822144,86,200,2939,210,200,0,16,41,21,8,0
1548,in_distribution,1.0,0.8908475637435913,0.5506137609481812,95,202,3717,368,202,0,48,27,12,8,0
1549,in_distribution,0.6,0.8662023544311523,0.4794042110443115,132,209,4735,476,209,0,64,48,12,8,0
1550,in_distribution,0.6,0.8089848160743713,0.5601468086242676,93,213,4683,667,213,0,16,48,25,4,0
1551,in_distribution,1.0,0.9942130446434021,0.5062302350997925,143,215,2767,488,215,0,32,45,58,8,0
1552,in_distribution,0.9,0.8233155012130737,0.5053747892379761,141,201,4020,410,201,0,63,64,6,8,0
1553,in_distribution,1.0,0.817711591720581,0.4605697989463806,75,200,3592,362,200,0,16,25,30,4,0
1554,in_distribution,1.0,0.9119868278503418,0.4055367708206177,52,200,4554,396,200,0,16,16,12,8,0
1555,in_distribution,1.0,0.958996057510376,0.5136744379997253,113,218,4346,599,218,0,31,31,43,8,0
1556,in_distribution,1.0,0.9578142762184143,0.5647292137145996,106,202,4005,405,202,0,16,45,37,8,0
1557,in_distribution,1.0,0.9503354430198669,0.44061505794525146,85,206,4315,398,206,0,16,47,14,8,0
1558,in_distribution,1.0,0.851434588432312,0.4878206253051758,77,201,4714,482,201,0,16,16,37,8,0
1559,in_distribution,0.9,1.0567747354507446,0.489859938621521,146,202,4772,473,202,0,79,32,27,8,0
1560,in_distribution,1.0,0.9443767666816711,0.4890151023864746,94,200,4501,417,200,0,32,48,6,8,0
1561,in_distribution,1.0,1.132506012916565,0.30659669637680054,163,200,1810,178,200,0,31,77,47,8,0
1562,in_distribution,1.0,1.0524982213974,0.329828679561615,114,200,1805,196,200,0,75,16,15,8,0
1563,in_distribution,0.8,0.9676244258880615,0.5100045204162598,83,200,4046,389,200,0,16,47,12,8,0
1564,in_distribution,1.0,0.8241013288497925,0.47084951400756836,141,201,4758,456,201,0,48,47,38,8,0
1565,in_distribution,1.0,1.0165191888809204,0.549445390701294,92,200,3971,356,200,0,32,32,20,8,0
1566,in_distribution,1.0,0.885640025138855,0.38260072469711304,125,200,3750,345,200,0,32,64,21,8,0
1567,in_distribution,1.0,0.9536969661712646,0.4826669692993164,107,200,4051,381,200,0,32,45,22,8,0
1568,in_distribution,1.0,1.111358404159546,0.7413226366043091,88,206,3063,330,206,0,16,32,32,8,0
1569,in_distribution,0.9,1.0300503969192505,0.6253734827041626,109,207,4368,520,207,0,16,63,22,8,0
1570,in_distribution,1.0,0.9080487489700317,0.5729160308837891,106,204,4217,496,204,0,61,16,21,8,0
1571,in_distribution,0.8,0.9597521424293518,0.5315784215927124,113,200,4206,412,200,0,32,30,43,8,0
1572,in_distribution,1.0,0.9111128449440002,0.48964619636535645,106,200,3818,342,200,0,32,44,22,8,0
1573,in_distribution,1.0,0.9795703887939453,0.5005194544792175,101,206,4783,474,206,0,30,32,31,8,0
1574,in_distribution,0.9,0.8671445846557617,0.45784568786621094,65,205,4279,479,205,0,16,13,28,8,0
1575,in_distribution,1.0,0.8835755586624146,0.4651333689689636,96,200,3458,352,200,0,16,30,42,8,0
1576,in_distribution,1.0,0.9247403740882874,0.5063832998275757,77,201,3642,316,201,0,16,16,37,8,0
1577,in_distribution,1.0,0.7944586277008057,0.567418098449707,57,206,4139,426,206,0,16,28,5,8,0
1578,in_distribution,1.0,0.9331440925598145,2.384185791015625e-07,77,200,3631,378,200,0,32,29,8,8,0
1579,in_distribution,0.6,0.9200756549835205,0.6254812479019165,97,200,4655,528,200,0,16,43,30,8,0
1580,in_distribution,1.0,0.8691539168357849,0.558775007724762,107,212,3980,521,212,0,48,14,37,8,0
1581,in_distribution,1.0,0.7921765446662903,0.42486029863357544,95,200,3746,375,200,0,48,16,23,8,0
1582,in_distribution,1.0,1.033677101135254,0.27997148036956787,114,201,2532,173,201,0,62,16,28,8,0
1583,in_distribution,1.0,0.8646730184555054,0.497008740901947,139,201,3686,466,201,0,32,77,22,8,0
1584,in_distribution,1.0,0.932624101638794,0.5397606492042542,79,209,3802,489,209,0,16,32,23,8,0
1585,in_distribution,1.0,1.1132068634033203,0.7314445972442627,64,202,3720,357,202,0,16,27,13,8,0
1586,in_distribution,0.9,0.9047423005104065,0.6149008274078369,76,215,4727,654,215,0,16,31,21,8,0
1587,in_distribution,1.0,0.9589572548866272,0.4130284786224365,114,200,2866,213,200,0,47,47,12,8,0
1588,in_distribution,1.0,0.8379903435707092,0.5197228193283081,103,201,3275,323,201,0,16,61,18,8,0
1589,in_distribution,1.0,1.018252968788147,0.4482250213623047,127,201,3269,243,201,0,16,75,28,8,0
1590,in_distribution,1.0,0.972358226776123,0.3587436079978943,116,200,2654,303,200,0,32,32,44,8,0
1591,in_distribution,1.0,0.8744838237762451,0.4639371633529663,99,200,3933,386,200,0,46,31,14,8,0
1592,in_distribution,1.0,0.7742718458175659,1.7881393432617188e-07,125,200,3873,347,200,0,47,40,30,8,0
1593,in_distribution,1.0,0.9021440148353577,0.5078097581863403,132,202,4058,478,202,0,32,60,32,8,0
1594,in_distribution,1.0,0.9168665409088135,0.5305343866348267,68,203,2495,305,203,0,16,32,12,8,0
1595,in_distribution,0.6,1.107474684715271,0.7147444486618042,46,203,4392,514,203,0,16,16,6,8,0
1596,in_distribution,0.6,0.9100953936576843,0.6000697612762451,94,206,4454,551,206,0,32,16,38,8,0
1597,in_distribution,1.0,0.8939985036849976,0.3423609733581543,113,200,3456,234,200,0,48,29,28,8,0
1598,in_distribution,1.0,0.8007643222808838,0.4802871346473694,110,200,3147,291,200,0,64,16,22,8,0
1599,in_distribution,1.0,0.9776802062988281,0.476041316986084,53,200,4471,474,200,0,16,15,14,8,0
1600,in_distribution,1.0,0.6697809100151062,0.5723822116851807,92,202,4023,374,202,0,16,32,40,4,0
1601,in_distribution,0.9,0.9146893620491028,0.581264317035675,101,220,4923,507,220,0,16,60,17,8,0
1602,in_distribution,1.0,0.941230833530426,0.5148715972900391,106,200,4253,433,200,0,45,8,45,8,0
1603,in_distribution,0.9,1.011983036994934,0.5013120770454407,93,201,3918,415,201,0,48,29,8,8,0
1604,in_distribution,0.9,0.8136837482452393,0.3542962670326233,125,200,3746,340,200,0,16,47,54,8,0
1605,in_distribution,1.0,0.8537770509719849,0.2856845259666443,137,200,3579,291,200,0,78,30,21,8,0
1606,in_distribution,0.7,1.0979089736938477,0.6438558101654053,68,208,4758,592,208,0,16,16,28,8,0
1607,in_distribution,0.9,0.8129138946533203,0.496837854385376,124,200,4385,503,200,0,32,32,52,8,0
1608,in_distribution,0.4,1.020052433013916,0.5970973372459412,139,200,4680,556,200,0,32,61,38,8,0
1609,in_distribution,1.0,0.6390832662582397,0.5004414319992065,60,221,4231,577,221,0,16,16,24,4,0
1610,in_distribution,1.0,0.7699846029281616,0.4691845178604126,121,210,3587,484,210,0,29,32,52,8,0
1611,in_distribution,1.0,0.8829796314239502,0.4703872799873352,90,200,3939,414,200,0,31,29,22,8,0
1612,in_distribution,0.8,0.882603645324707,0.593360185623169,84,208,4029,533,208,0,32,32,12,8,0
1613,in_distribution,1.0,1.0316582918167114,0.5350359678268433,115,203,4955,541,203,0,16,48,43,8,0
1614,in_distribution,1.0,0.9496073722839355,0.37278902530670166,146,200,3673,307,200,0,48,48,42,8,0
1615,in_distribution,1.0,0.938532829284668,0.37343329191207886,114,200,3431,255,200,0,62,16,28,8,0
1616,in_distribution,1.0,1.0112415552139282,0.5559588670730591,103,205,1960,357,205,0,14,76,5,8,0
1617,in_distribution,1.0,0.944169819355011,0.657799243927002,91,204,3113,400,204,0,31,44,8,8,0
1618,in_distribution,1.0,1.0628633499145508,0.5290035009384155,110,200,3820,374,200,0,48,32,22,8,0
1619,in_distribution,1.0,0.9701960682868958,0.5614407062530518,99,201,4249,459,201,0,48,31,12,8,0
1620,in_distribution,0.6,0.9259238243103027,0.536848247051239,68,200,4534,476,200,0,16,32,12,8,0
1621,in_distribution,0.9,1.0001734495162964,0.5514401197433472,100,210,4281,549,210,0,48,32,12,8,0
1622,in_distribution,0.4,0.9771606922149658,0.5877025127410889,84,203,4535,491,203,0,32,32,12,8,0
1623,in_distribution,1.0,0.9129877686500549,0.5104473233222961,110,202,3936,380,202,0,16,64,22,8,0
1624,in_distribution,1.0,0.9818748235702515,0.2671496272087097,145,200,2821,238,200,0,31,64,42,8,0
1625,in_distribution,0.7,1.1977756023406982,0.5960885286331177,92,202,4482,488,202,0,31,16,37,8,0
1626,in_distribution,1.0,0.6694464683532715,0.1331406831741333,92,200,1696,183,200,0,32,32,24,4,0
1627,in_distribution,0.9,0.9677335619926453,0.5381615161895752,123,201,4018,385,201,0,47,32,36,8,0
1628,in_distribution,1.0,0.8278802633285522,0.43231576681137085,128,200,4171,466,200,0,32,32,56,8,0
1629,in_distribution,1.0,0.9637109041213989,0.3549395203590393,100,200,3505,261,200,0,32,32,28,8,0
1630,in_distribution,0.9,0.9198192954063416,0.6092779040336609,51,208,4935,569,208,0,13,12,18,8,0
1631,in_distribution,0.7,0.8278636932373047,0.5908693075180054,76,201,4565,507,201,0,16,16,40,4,0
1632,in_distribution,0.9,0.9980620741844177,0.45689237117767334,151,200,4130,415,200,0,39,45,59,8,0
1633,in_distribution,1.0,1.1100854873657227,0.40894222259521484,73,200,3025,202,200,0,32,15,18,8,0
1634,in_distribution,1.0,0.9532355666160583,0.3696724772453308,131,200,2783,261,200,0,64,16,43,8,0
1635,in_distribution,0.8,0.8466004729270935,0.5465811491012573,132,204,4756,569,204,0,32,80,12,8,0
1636,in_distribution,1.0,0.7196696996688843,0.6021633148193359,90,205,3356,387,205,0,32,16,38,4,0
1637,in_distribution,0.9,0.7708013653755188,0.5558538436889648,91,214,4132,590,214,0,47,16,24,4,0
1638,in_distribution,1.0,1.056685447692871,0.46741610765457153,77,200,3483,327,200,0,32,29,8,8,0
1639,in_distribution,0.8,0.9727623462677002,0.6002757549285889,92,204,4352,528,204,0,16,47,21,8,0
1640,in_distribution,0.8,0.8936719298362732,0.516131579875946,91,201,4286,461,201,0,16,47,24,4,0
1641,in_distribution,1.0,0.84908127784729,0.533525288105011,138,209,4662,474,209,0,80,45,5,8,0
1642,in_distribution,0.8,0.9376438856124878,0.6591051816940308,140,212,4823,659,212,0,48,47,37,8,0
1643,in_distribution,0.5,0.9191340208053589,0.596381664276123,75,207,4864,596,207,0,16,43,8,8,0
1644,in_distribution,1.0,0.8358035087585449,0.5151841044425964,79,202,4104,435,202,0,32,16,23,8,0
1645,in_distribution,1.0,0.9135992527008057,0.29653871059417725,152,200,2977,230,200,0,110,29,5,8,0
1646,in_distribution,1.0,0.8797674775123596,0.36374980211257935,150,200,2189,208,200,0,24,88,34,4,0
1647,in_distribution,1.0,1.104472279548645,0.6046841144561768,143,200,3938,410,200,0,16,107,12,8,0
1648,in_distribution,0.8,1.0647350549697876,0.5479089021682739,70,201,3857,498,201,0,16,41,5,8,0
1649,in_distribution,0.9,0.9296698570251465,-1.1920928955078125e-07,89,201,4064,417,201,0,47,29,5,8,0
1650,in_distribution,1.0,0.8890954256057739,0.27041786909103394,75,200,3773,293,200,0,16,32,19,8,0
1651,in_distribution,1.0,0.9279545545578003,0.5226408243179321,108,201,3534,390,201,0,48,31,21,8,0
1652,in_distribution,1.0,0.9415447115898132,0.5045830011367798,115,201,3820,467,201,0,32,32,43,8,0
1653,in_distribution,1.0,1.020538330078125,0.5827546119689941,95,200,4319,384,200,0,48,16,23,8,0
1654,in_distribution,1.0,0.8146343231201172,0.43443405628204346,124,201,3432,401,201,0,32,63,21,8,0
1655,in_distribution,1.0,0.9159858822822571,0.5867401361465454,140,204,4013,460,204,0,32,48,52,8,0
1656,in_distribution,1.0,0.9050859212875366,-2.384185791015625e-07,145,200,2936,271,200,0,48,61,28,8,0
1657,in_distribution,0.7,0.8882545828819275,0.620250940322876,84,202,4548,445,202,0,32,32,12,8,0
1658,in_distribution,1.0,0.973425030708313,0.4032444357872009,115,200,2549,225,200,0,16,77,14,8,0
1659,in_distribution,0.7,0.9554603099822998,0.5473779439926147,130,202,4543,516,202,0,63,47,12,8,0
1660,in_distribution,1.0,0.9168528318405151,0.4897071123123169,79,202,4366,555,202,0,32,16,23,8,0
1661,in_distribution,1.0,0.9344912767410278,0.23259389400482178,160,200,3044,271,200,0,79,32,41,8,0
1662,in_distribution,1.0,0.8840371370315552,0.7076209783554077,84,204,2668,329,204,0,48,16,12,8,0
1663,in_distribution,1.0,0.8564361929893494,0.5543818473815918,78,202,4232,395,202,0,16,32,22,8,0
1664,in_distribution,1.0,1.0515683889389038,0.5296615362167358,150,200,3673,353,200,0,48,28,66,8,0
1665,in_distribution,1.0,0.8699567914009094,0.26928919553756714,100,201,3805,223,201,0,32,48,12,8,0
1666,in_distribution,0.9,1.083450436592102,0.5356658697128296,81,203,4365,501,203,0,32,13,28,8,0
1667,in_distribution,0.7,0.7815313339233398,0.4529721736907959,102,213,4771,623,213,0,16,32,46,8,0
1668,in_distribution,0.8,0.9241839051246643,0.524590015411377,98,202,4702,533,202,0,31,16,43,8,0
1669,in_distribution,1.0,0.6644855737686157,0.3700767755508423,94,200,2787,421,200,0,32,32,22,8,0
1670,in_distribution,0.8,0.8751319646835327,0.5834400653839111,92,203,4482,626,203,0,16,29,39,8,0
1671,in_distribution,1.0,0.5952877998352051,0.4752786159515381,108,203,3847,425,203,0,47,32,25,4,0
1672,in_distribution,1.0,0.8556796908378601,0.5568488240242004,90,209,4234,622,209,0,32,28,22,8,0
1673,in_distribution,1.0,0.9764620661735535,0.5484446287155151,83,201,3197,290,201,0,16,45,14,8,0
1674,in_distribution,1.0,0.8692735433578491,0.5685141086578369,78,204,3802,404,204,0,31,16,23,8,0
1675,in_distribution,1.0,0.9612526893615723,0.7082505226135254,53,207,2330,333,207,0,16,16,13,8,0
1676,in_distribution,1.0,0.8716786503791809,0.6418911218643188,82,206,3955,432,206,0,15,27,32,8,0
1677,in_distribution,0.9,1.0641028881072998,0.6381325125694275,74,213,4796,609,213,0,48,13,5,8,0
1678,in_distribution,1.0,0.8831274509429932,0.5976424813270569,98,203,2971,278,203,0,48,16,26,8,0
1679,in_distribution,1.0,0.835446834564209,0.4719392657279968,113,200,2958,230,200,0,45,31,29,8,0
1680,in_distribution,1.0,0.9194294214248657,0.6459674835205078,103,203,4182,456,203,0,16,46,33,8,0
1681,in_distribution,0.8,1.0417916774749756,0.5837344527244568,85,203,4834,597,203,0,32,31,14,8,0
1682,in_distribution,1.0,0.927247166633606,0.5231201648712158,83,215,3598,584,215,0,32,31,12,8,0
1683,in_distribution,0.9,0.9926236271858215,0.7102886438369751,52,213,4719,654,213,0,16,16,12,8,0
1684,in_distribution,0.9,0.792794406414032,0.5682374238967896,94,200,4557,503,200,0,16,48,22,8,0
1685,in_distribution,1.0,0.9085633754730225,0.6266668438911438,108,206,4766,578,206,0,16,63,21,8,0
1686,in_distribution,0.9,1.0267142057418823,0.5956137180328369,120,205,4747,570,205,0,46,29,37,8,0
1687,in_distribution,1.0,0.9360071420669556,0.3179190754890442,151,200,2526,230,200,0,79,46,18,8,0
1688,in_distribution,1.0,1.019309401512146,0.27191418409347534,91,200,2523,258,200,0,16,46,21,8,0
1689,in_distribution,1.0,0.8907709717750549,0.3943083882331848,77,200,3562,316,200,0,16,16,37,8,0
1690,in_distribution,1.0,1.0356985330581665,0.5229615569114685,163,200,3197,277,200,0,94,32,29,8,0
1691,in_distribution,0.8,0.8045100569725037,0.5167468786239624,58,200,4590,455,200,0,16,29,5,8,0
1692,in_distribution,1.0,0.7204514145851135,0.5318225622177124,72,201,3472,305,201,0,31,27,10,4,0
1693,in_distribution,1.0,0.8956077694892883,0.5468311309814453,88,203,4265,422,203,0,32,31,17,8,0
1694,in_distribution,1.0,0.9047673940658569,0.5421830415725708,116,200,4058,367,200,0,16,47,45,8,0
1695,in_distribution,1.0,0.9747268557548523,0.5428754091262817,110,205,2457,344,205,0,48,16,38,8,0
1696,in_distribution,1.0,0.8468803763389587,0.518012285232544,140,200,2569,274,200,0,95,16,25,4,0
1697,in_distribution,1.0,0.9632238149642944,0.4906574487686157,121,202,3125,287,202,0,16,78,19,8,0
1698,in_distribution,1.0,0.9802905917167664,0.741728663444519,85,204,3181,310,204,0,16,16,45,8,0
1699,in_distribution,0.9,1.0149896144866943,0.5384500026702881,74,208,4417,586,208,0,32,29,5,8,0
1700,in_distribution,0.9,1.0950891971588135,0.5045865178108215,130,200,4488,521,200,0,47,47,28,8,0
1701,in_distribution,1.0,0.9247238039970398,0.5648332834243774,65,204,4050,399,204,0,29,16,12,8,0
1702,in_distribution,1.0,0.8372161388397217,0.6378175616264343,77,203,2771,350,203,0,30,16,23,8,0
1703,in_distribution,1.0,0.9438667297363281,0.4621148109436035,94,200,3954,315,200,0,32,48,6,8,0
1704,in_distribution,1.0,0.8831522464752197,0.4508962631225586,110,200,4187,461,200,0,16,62,24,8,0
1705,in_distribution,1.0,0.879610002040863,0.4288211464881897,100,200,2848,329,200,0,31,30,31,8,0
1706,in_distribution,0.7,1.0430225133895874,0.5598787069320679,98,204,5050,553,204,0,16,46,28,8,0
1707,in_distribution,1.0,0.7976082563400269,0.5451009273529053,100,202,4111,388,202,0,16,48,32,4,0
1708,in_distribution,0.9,0.8998085260391235,0.5184003114700317,121,201,4358,444,201,0,48,32,33,8,0
1709,in_distribution,1.0,0.8782772421836853,0.6048012971878052,76,207,3183,463,207,0,31,16,21,8,0
1710,in_distribution,0.9,0.9267774224281311,0.4983999729156494,135,200,3309,375,200,0,64,26,37,8,0
1711,in_distribution,0.7,0.8207342624664307,0.5998555421829224,65,203,4700,541,203,0,16,13,28,8,0
1712,in_distribution,1.0,1.0338202714920044,0.6501647233963013,94,202,3966,448,202,0,31,32,23,8,0
1713,in_distribution,0.8,1.0126062631607056,0.5398252010345459,108,204,4420,481,204,0,31,32,37,8,0
1714,in_distribution,1.0,1.0239245891571045,0.47618716955184937,98,201,1853,230,201,0,16,45,29,8,0
1715,in_distribution,1.0,0.7703248262405396,5.960464477539063e-08,143,200,3666,333,200,0,64,29,42,8,0
1716,in_distribution,1.0,1.0434787273406982,0.6509490609169006,62,204,4044,403,204,0,16,32,6,8,0
1717,in_distribution,0.9,0.9035438299179077,0.5215187668800354,110,203,4852,474,203,0,63,16,23,8,0
1718,in_distribution,0.9,0.975807249546051,0.5574878454208374,129,200,4305,444,200,0,16,77,28,8,0
1719,in_distribution,1.0,0.9750691652297974,0.5029679536819458,98,200,3969,367,200,0,32,30,28,8,0
1720,in_distribution,0.9,0.8406829833984375,0.43601304292678833,123,207,4052,313,207,0,46,48,21,8,0
1721,in_distribution,1.0,0.9205260872840881,-1.1920928955078125e-07,146,200,2742,230,200,0,80,31,27,8,0
1722,in_distribution,0.8,0.8413447141647339,0.5950028896331787,60,202,4801,530,202,0,16,16,24,4,0
1723,in_distribution,1.0,0.7918055653572083,0.38174015283584595,136,201,3480,302,201,0,48,16,64,8,0
1724,in_distribution,0.5,1.0451101064682007,0.5635734796524048,132,205,4939,509,205,0,32,80,12,8,0
1725,in_distribution,1.0,0.7544705867767334,0.6390423774719238,60,202,3071,312,202,0,16,16,24,4,0
1726,in_distribution,1.0,0.8345835208892822,0.4161585569381714,115,201,3407,281,201,0,16,48,43,8,0
1727,in_distribution,1.0,0.8937394618988037,0.599606990814209,78,210,2678,393,210,0,13,29,28,8,0
1728,in_distribution,1.0,0.6303530335426331,0.4612637162208557,105,200,3065,222,200,0,64,27,10,4,0
1729,in_distribution,1.0,0.955976665019989,0.49072426557540894,141,200,3103,257,200,0,80,31,22,8,0
1730,in_distribution,1.0,0.9256340861320496,0.3744581341743469,95,200,3359,338,200,0,16,15,56,8,0
1731,in_distribution,1.0,0.9140365123748779,0.48550742864608765,96,203,4829,503,203,0,13,32,43,8,0
1732,in_distribution,1.0,0.823023796081543,-3.5762786865234375e-07,165,200,3421,276,200,0,106,45,6,8,0
1733,in_distribution,1.0,0.8516095280647278,0.42280030250549316,98,200,4258,392,200,0,31,16,43,8,0
1734,in_distribution,1.0,0.7277618646621704,0.34879136085510254,74,200,2142,199,200,0,39,21,10,4,0
1735,in_distribution,1.0,0.7668666839599609,0.4756085276603699,105,201,3746,330,201,0,16,32,53,4,0
1736,in_distribution,0.7,0.9459151029586792,0.5479286909103394,105,201,4696,511,201,0,79,13,5,8,0
1737,in_distribution,1.0,0.9705022573471069,0.5706828236579895,82,203,4245,401,203,0,29,32,13,8,0
1738,in_distribution,0.9,0.8885391354560852,0.5610642433166504,97,211,4823,591,211,0,15,48,26,8,0
1739,in_distribution,0.8,0.9673463106155396,0.5625970363616943,81,203,4768,483,203,0,32,13,28,8,0
1740,in_distribution,1.0,1.0474828481674194,0.37016159296035767,87,200,2391,237,200,0,32,25,22,8,0
1741,in_distribution,1.0,0.7949172854423523,0.42991405725479126,108,200,3878,356,200,0,32,47,21,8,0
1742,in_distribution,1.0,0.7724243402481079,0.33623313903808594,159,201,3782,350,201,0,77,32,42,8,0
1743,in_distribution,0.9,0.8991773724555969,0.4255663752555847,98,200,4578,404,200,0,31,16,43,8,0
1744,in_distribution,0.8,0.9938255548477173,0.6510039567947388,109,201,3678,479,201,0,48,32,21,8,0
1745,in_distribution,0.8,1.0517592430114746,0.523703932762146,101,201,4515,442,201,0,32,32,29,8,0
1746,in_distribution,1.0,0.9907664060592651,0.5099385976791382,147,202,3728,335,202,0,64,32,43,8,0
1747,in_distribution,0.8,1.0558857917785645,0.5416962504386902,118,200,4610,507,200,0,64,16,30,8,0
1748,in_distribution,1.0,0.9128888845443726,0.5330225825309753,79,202,3997,439,202,0,32,16,23,8,0
1749,in_distribution,1.0,0.889945924282074,0.6330420970916748,67,203,3762,311,203,0,16,31,12,8,0
1750,in_distribution,1.0,1.0359487533569336,0.5894123315811157,77,203,4491,407,203,0,32,31,6,8,0
1751,in_distribution,1.0,0.9005230665206909,0.3920345902442932,130,200,3931,359,200,0,64,30,28,8,0
1752,in_distribution,0.9,0.9229646325111389,0.49205952882766724,109,200,4116,423,200,0,48,31,22,8,0
1753,in_distribution,1.0,0.983183741569519,0.515857994556427,94,201,4685,355,201,0,47,16,23,8,0
1754,in_distribution,1.0,1.0208930969238281,0.4825966954231262,87,200,3557,337,200,0,16,31,32,8,0
1755,in_distribution,1.0,0.9970487952232361,0.6217889189720154,76,202,3286,292,202,0,13,32,23,8,0
1756,in_distribution,1.0,0.8982732892036438,0.4625657796859741,113,200,3342,317,200,0,32,45,28,8,0
1757,in_distribution,1.0,0.996561586856842,0.4235260486602783,104,200,3574,330,200,0,63,16,17,8,0
1758,in_distribution,1.0,0.8202393651008606,0.6038312911987305,80,202,3915,501,202,0,16,16,44,4,0
1759,in_distribution,1.0,0.8851668238639832,0.6184678077697754,117,211,4214,550,211,0,16,48,45,8,0
1760,in_distribution,1.0,0.8624381422996521,0.48795026540756226,110,200,3322,301,200,0,64,32,6,8,0
1761,in_distribution,1.0,0.8444568514823914,0.5799709558486938,86,202,3928,406,202,0,16,16,46,8,0
1762,in_distribution,1.0,0.9037495851516724,0.5565874576568604,104,202,3491,341,202,0,16,75,5,8,0
1763,in_distribution,1.0,0.8823583722114563,0.4469500780105591,84,200,4181,386,200,0,16,48,12,8,0
1764,in_distribution,1.0,0.811893105506897,0.5388910174369812,79,201,3584,281,201,0,16,32,23,8,0
1765,in_distribution,0.9,0.9345225095748901,2.384185791015625e-07,73,200,4301,423,200,0,16,30,19,8,0
1766,in_distribution,1.0,0.8103413581848145,0.47082996368408203,103,201,2968,250,201,0,63,16,20,4,0
1767,in_distribution,1.0,0.8365613222122192,0.06842118501663208,121,200,1561,157,200,0,75,16,22,8,0
1768,in_distribution,0.9,0.9756409525871277,0.4791542887687683,94,200,4168,469,200,0,32,32,22,8,0
1769,in_distribution,1.0,0.8847050666809082,0.4585111141204834,139,200,2543,242,200,0,62,63,6,8,0
1770,in_distribution,0.8,1.0028105974197388,0.4655475616455078,100,200,4724,506,200,0,48,16,28,8,0
1771,in_distribution,0.9,0.9021210074424744,0.4606228470802307,83,201,4180,357,201,0,16,16,43,8,0
1772,in_distribution,0.9,0.8823109865188599,0.46440589427948,123,200,4434,362,200,0,16,48,51,8,0
1773,in_distribution,0.8,0.9588019251823425,0.6157563328742981,101,208,4441,683,208,0,16,58,19,8,0
1774,in_distribution,1.0,0.7598148584365845,0.4112815856933594,96,200,3865,330,200,0,13,32,43,8,0
1775,in_distribution,1.0,0.9604105353355408,0.5139647126197815,117,201,3965,430,201,0,48,15,46,8,0
1776,in_distribution,1.0,1.0173169374465942,0.6472901105880737,72,207,3333,534,207,0,16,16,32,8,0
1777,in_distribution,1.0,0.7742337584495544,0.3132481575012207,167,200,3133,287,200,0,86,16,57,8,0
1778,in_distribution,1.0,0.9391086101531982,0.42221105098724365,90,200,3730,314,200,0,48,29,5,8,0
1779,in_distribution,0.3,0.9251117706298828,0.524691104888916,93,200,4380,415,200,0,46,16,23,8,0
1780,in_distribution,1.0,1.009438395500183,0.5160456895828247,96,200,3054,239,200,0,16,58,14,8,0
1781,in_distribution,0.8,0.817890465259552,0.6113682389259338,85,202,4581,531,202,0,16,32,29,8,0
1782,in_distribution,1.0,0.8775898814201355,0.556999146938324,82,203,4516,509,203,0,16,16,42,8,0
1783,in_distribution,0.5,0.9004635214805603,0.6089996695518494,68,208,5006,548,208,0,16,16,28,8,0
1784,in_distribution,0.7,0.8738307952880859,0.5920599699020386,72,201,4230,475,201,0,31,16,17,8,0
1785,in_distribution,1.0,0.9635237455368042,0.5531988143920898,61,209,3579,502,209,0,16,16,21,8,0
1786,in_distribution,0.6,0.9918542504310608,0.5534622669219971,94,209,4560,568,209,0,48,32,6,8,0
1787,in_distribution,1.0,0.8575656414031982,0.5517637133598328,53,210,3454,525,210,0,16,15,14,8,0
1788,in_distribution,1.0,0.9157785773277283,0.44854795932769775,125,202,3225,258,202,0,32,32,53,8,0
1789,in_distribution,1.0,0.8484854102134705,0.39518094062805176,77,200,4055,322,200,0,30,16,23,8,0
1790,in_distribution,1.0,1.018357753753662,0.5311445593833923,71,203,3971,406,203,0,15,16,32,8,0
1791,in_distribution,1.0,0.9724583029747009,0.22508293390274048,106,200,3315,264,200,0,32,38,28,8,0
1792,in_distribution,1.0,0.9637308120727539,0.5973902940750122,76,203,3791,427,203,0,15,32,21,8,0
1793,in_distribution,1.0,0.9476451873779297,0.5776554942131042,89,204,2751,231,204,0,32,44,5,8,0
1794,in_distribution,1.0,0.8564404845237732,0.4461536407470703,101,200,2571,281,200,0,16,45,32,8,0
1795,in_distribution,1.0,0.8208207488059998,0.3945654630661011,140,200,4001,338,200,0,64,32,36,8,0
1796,in_distribution,1.0,1.0330939292907715,0.5414719581604004,83,202,3986,407,202,0,16,28,31,8,0
1797,in_distribution,0.7,0.8211553692817688,0.6407568454742432,98,210,4786,558,210,0,32,16,42,8,0
1798,in_distribution,1.0,0.959617555141449,0.676383376121521,100,205,2923,341,205,0,16,64,12,8,0
1799,in_distribution,1.0,0.7527849674224854,0.540747344493866,109,203,2514,316,203,0,48,16,37,8,0
1800,in_distribution,1.0,0.8054561018943787,0.5594922304153442,69,202,4571,567,202,0,32,15,14,8,0
1801,in_distribution,1.0,0.9754865765571594,0.5469486713409424,87,201,3961,408,201,0,16,32,31,8,0
1802,in_distribution,1.0,0.9426637291908264,0.5814631581306458,121,208,3545,531,208,0,16,45,52,8,0
1803,in_distribution,1.0,0.923620879650116,0.5432479381561279,134,202,3841,366,202,0,64,16,46,8,0
1804,in_distribution,0.5,0.8811589479446411,0.598904013633728,75,202,4306,471,202,0,16,32,19,8,0
1805,in_distribution,0.8,0.9378142952919006,0.4390633702278137,58,200,4409,443,200,0,16,29,5,8,0
1806,in_distribution,1.0,0.9046623706817627,0.3595919609069824,148,200,3911,288,200,0,63,32,45,8,0
1807,in_distribution,1.0,0.8651339411735535,0.30719125270843506,107,200,3766,289,200,0,48,32,19,8,0
1808,in_distribution,1.0,0.9307281970977783,0.543346107006073,116,202,4083,407,202,0,24,48,36,8,0
1809,in_distribution,0.5,1.1057207584381104,0.552273690700531,88,202,4591,548,202,0,15,57,8,8,0
1810,in_distribution,1.0,0.9224452376365662,0.709850549697876,88,209,1573,328,209,0,32,31,17,8,0
1811,in_distribution,0.7,1.000781774520874,0.565727949142456,84,212,4691,582,212,0,16,48,12,8,0
1812,in_distribution,1.0,0.9514984488487244,0.46334153413772583,109,200,3962,406,200,0,48,32,21,8,0
1813,in_distribution,1.0,0.9089124798774719,0.5020059943199158,100,203,4594,543,203,0,48,32,12,8,0
1814,in_distribution,0.7,0.8956313133239746,0.5883851647377014,96,225,4953,577,225,0,16,16,56,8,0
1815,in_distribution,0.7,1.022114634513855,0.610274076461792,116,202,4760,554,202,0,32,64,12,8,0
1816,in_distribution,1.0,0.9353823065757751,0.4074932932853699,147,200,3020,241,200,0,32,62,45,8,0
1817,in_distribution,0.9,0.7397743463516235,0.39288103580474854,78,200,2374,263,200,0,32,16,22,8,0
1818,in_distribution,0.6,0.8430644273757935,0.6415762305259705,68,217,5057,591,217,0,16,16,28,8,0
1819,in_distribution,0.6,0.9576694369316101,0.5746347308158875,65,209,4650,576,209,0,16,13,28,8,0
1820,in_distribution,0.7,0.8925723433494568,0.5598742961883545,68,202,4722,532,202,0,32,16,12,8,0
1821,in_distribution,1.0,0.7430535554885864,0.6017208099365234,70,202,4066,462,202,0,32,14,20,4,0
1822,in_distribution,1.0,0.8042420744895935,0.4388633370399475,83,200,3966,362,200,0,16,31,32,4,0
1823,in_distribution,1.0,1.0213227272033691,0.5006076097488403,101,204,4055,448,204,0,16,63,14,8,0
1824,in_distribution,0.9,1.0194088220596313,0.6474786996841431,87,233,4953,660,233,0,46,28,5,8,0
1825,in_distribution,1.0,0.8795527219772339,0.5723267793655396,86,201,3938,414,201,0,15,48,15,8,0
1826,in_distribution,1.0,0.78934246301651,0.370250403881073,89,200,3302,331,200,0,16,15,50,8,0
1827,in_distribution,1.0,0.8386690616607666,0.8081928491592407,61,209,2807,416,209,0,32,13,8,8,0
1828,in_distribution,0.8,0.6993904709815979,0.5844829082489014,57,200,3925,374,200,0,16,27,10,4,0
1829,in_distribution,0.8,1.0886341333389282,0.5685172080993652,100,202,4807,557,202,0,64,16,12,8,0
1830,in_distribution,0.7,0.9704413414001465,0.6696360111236572,84,209,4870,616,209,0,32,16,28,8,0
1831,in_distribution,0.6,0.994672417640686,0.4911067485809326,127,203,4815,486,203,0,16,80,23,8,0
1832,in_distribution,0.9,0.7513412237167358,0.42746907472610474,90,200,4320,411,200,0,16,32,38,4,0
1833,in_distribution,1.0,0.8343321084976196,0.402380108833313,95,200,3299,297,200,0,16,15,56,8,0
1834,in_distribution,0.8,0.8484004139900208,0.5758225321769714,109,202,4686,584,202,0,32,26,43,8,0
1835,in_distribution,0.9,0.8857419490814209,0.5288076400756836,133,203,4894,610,203,0,64,32,29,8,0
1836,in_distribution,1.0,1.0147476196289062,0.5734739303588867,77,202,3948,319,202,0,16,31,22,8,0
1837,in_distribution,1.0,1.1287752389907837,0.676291823387146,68,207,3629,367,207,0,32,16,12,8,0
1838,in_distribution,1.0,0.8576864004135132,0.47408443689346313,69,207,3924,341,207,0,16,16,29,8,0
1839,in_distribution,0.4,0.8551203608512878,0.6433621644973755,99,203,4956,659,203,0,48,31,12,8,0
1840,in_distribution,1.0,0.9620892405509949,0.4715423583984375,94,200,3553,344,200,0,48,14,24,8,0
1841,in_distribution,1.0,0.9610790014266968,0.6312857270240784,106,202,3607,374,202,0,16,60,22,8,0
1842,in_distribution,0.7,0.8941715955734253,0.5233466029167175,68,204,4626,557,204,0,32,16,12,8,0
1843,in_distribution,0.9,0.7715022563934326,0.5061006546020508,77,214,4799,625,214,0,32,15,22,8,0
1844,in_distribution,0.7,0.937005877494812,0.5384705066680908,185,201,4465,472,201,0,128,16,33,8,0
1845,in_distribution,1.0,0.8287293910980225,0.5347065329551697,108,203,2356,263,203,0,16,48,36,8,0
1846,in_distribution,1.0,0.6322951912879944,0.49160248041152954,87,200,2411,232,200,0,46,27,10,4,0
1847,in_distribution,0.8,0.9615874886512756,0.5391702651977539,114,201,4167,446,201,0,16,47,43,8,0
1848,in_distribution,1.0,0.8425695896148682,0.4937921166419983,117,201,3179,337,201,0,80,15,14,8,0
1849,in_distribution,0.6,1.0158214569091797,0.5641187429428101,100,229,5148,624,229,0,48,16,28,8,0
1850,in_distribution,0.7,0.859042763710022,0.6159356832504272,107,206,4475,603,206,0,32,29,38,8,0
1851,in_distribution,1.0,0.9320648908615112,0.4871978759765625,74,201,4058,326,201,0,16,45,5,8,0
1852,in_distribution,1.0,0.8030281662940979,0.30027633905410767,178,200,3135,230,200,0,79,48,43,8,0
1853,in_distribution,1.0,0.8473076224327087,0.5797122716903687,98,201,4306,535,201,0,32,16,42,8,0
1854,in_distribution,0.7,0.9154734015464783,0.6177722811698914,97,202,4806,484,202,0,32,16,41,8,0
1855,in_distribution,1.0,0.9045907855033875,0.42896604537963867,94,200,3999,380,200,0,47,16,23,8,0
1856,in_distribution,1.0,0.8629447221755981,0.5687919855117798,61,202,4268,445,202,0,16,16,21,8,0
1857,in_distribution,0.8,0.8809133768081665,0.6655615568161011,55,224,4553,671,224,0,13,26,8,8,0
1858,in_distribution,1.0,1.0506551265716553,0.5738250613212585,58,203,4239,436,203,0,32,13,5,8,0
1859,in_distribution,1.0,0.8036816716194153,0.45996785163879395,108,200,2892,341,200,0,32,47,25,4,0
1860,in_distribution,0.7,0.8968614935874939,0.5532374382019043,125,200,4221,422,200,0,48,48,21,8,0
1861,in_distribution,0.9,0.8527712225914001,0.6001070141792297,84,202,4534,472,202,0,16,48,12,8,0
1862,in_distribution,1.0,0.9220435619354248,0.48124366998672485,91,200,3717,325,200,0,44,16,23,8,0
1863,in_distribution,1.0,0.9391375184059143,0.3522084355354309,134,200,4052,326,200,0,62,16,48,8,0
1864,in_distribution,0.8,0.9615821838378906,0.6126455664634705,79,205,4694,629,205,0,16,32,23,8,0
1865,in_distribution,1.0,0.9888919591903687,0.5450598001480103,110,200,3979,371,200,0,31,48,23,8,0
1866,in_distribution,0.7,0.8896923065185547,0.6526534557342529,61,204,4898,590,204,0,32,13,8,8,0
1867,in_distribution,0.8,0.937080442905426,0.6192817687988281,96,210,4653,620,210,0,16,29,43,8,0
1868,in_distribution,1.0,0.9506305456161499,0.5769951343536377,106,201,3084,247,201,0,32,60,6,8,0
1869,in_distribution,0.9,0.8810663819313049,0.45673829317092896,146,200,3858,377,200,0,79,16,43,8,0
1870,in_distribution,1.0,1.0807353258132935,0.3860951066017151,146,200,2461,191,200,0,16,102,20,8,0
1871,in_distribution,1.0,1.1204252243041992,0.47752779722213745,97,200,3370,258,200,0,45,16,28,8,0
1872,in_distribution,0.8,0.9698501825332642,0.66142737865448,65,206,4917,523,206,0,13,27,17,8,0
1873,in_distribution,0.7,0.7398825883865356,0.5502455234527588,68,205,4332,550,205,0,32,16,12,8,0
1874,in_distribution,1.0,0.74635910987854,0.44199299812316895,110,201,4119,375,201,0,32,48,22,8,0
1875,in_distribution,0.9,0.8376954793930054,0.49261999130249023,79,203,4371,527,203,0,32,16,23,8,0
1876,in_distribution,1.0,0.6864537000656128,0.5718749165534973,118,223,3391,625,223,0,48,31,35,4,0
1877,in_distribution,1.0,0.942163348197937,0.3742578625679016,92,200,4044,327,200,0,47,16,21,8,0
1878,in_distribution,0.9,0.8787837624549866,0.49317795038223267,106,200,4084,483,200,0,32,61,5,8,0
1879,in_distribution,1.0,0.8459337949752808,0.4446803331375122,89,200,3209,263,200,0,16,32,33,8,0
1880,in_distribution,1.0,0.8001502752304077,0.5039058327674866,73,202,3482,396,202,0,16,29,24,4,0
1881,in_distribution,0.9,0.9723330140113831,0.4802027940750122,102,200,3798,378,200,0,31,16,47,8,0
1882,in_distribution,1.0,0.8986214399337769,0.48436957597732544,99,205,4084,468,205,0,47,16,28,8,0
1883,in_distribution,0.9,1.0967166423797607,0.5273228883743286,93,210,4922,589,210,0,16,32,37,8,0
1884,in_distribution,1.0,1.0393781661987305,0.14104098081588745,135,200,3116,215,200,0,48,48,31,8,0
1885,in_distribution,1.0,1.0122960805892944,0.506264328956604,77,201,3637,381,201,0,16,16,37,8,0
1886,in_distribution,1.0,0.9317387342453003,0.5099425315856934,89,200,2680,250,200,0,47,29,5,8,0
1887,in_distribution,1.0,0.8433969020843506,0.35963547229766846,120,200,2279,242,200,0,16,52,48,4,0
1888,in_distribution,1.0,0.7169862985610962,0.5938689708709717,103,201,3358,347,201,0,32,57,10,4,0
1889,in_distribution,1.0,0.958113968372345,0.5620015859603882,93,201,3907,358,201,0,16,32,37,8,0
1890,in_distribution,1.0,1.0480877161026,0.6690291166305542,60,203,3184,349,203,0,16,15,21,8,0
1891,in_distribution,1.0,0.9674919843673706,0.6156530380249023,110,224,1883,477,224,0,16,64,22,8,0
1892,in_distribution,1.0,0.8531550168991089,-2.384185791015625e-07,90,200,4111,378,200,0,32,45,5,8,0
1893,in_distribution,1.0,1.0535013675689697,0.7260769009590149,100,216,1918,512,216,0,16,64,12,8,0
1894,in_distribution,1.0,0.8082215189933777,0.6040807962417603,70,207,3356,375,207,0,16,16,30,8,0
1895,in_distribution,1.0,1.0514382123947144,0.5423441529273987,104,200,3697,372,200,0,31,60,5,8,0
1896,in_distribution,1.0,0.9221106767654419,0.5935951471328735,141,202,3880,358,202,0,47,32,54,8,0
1897,in_distribution,0.9,1.0191872119903564,0.5016990900039673,95,201,4790,484,201,0,48,16,23,8,0
1898,in_distribution,1.0,0.9440075755119324,0.48519229888916016,99,202,4748,424,202,0,32,47,12,8,0
1899,in_distribution,1.0,0.9485393762588501,0.5957616567611694,93,204,4363,382,204,0,32,32,21,8,0
1900,in_distribution,1.0,0.8321809768676758,0.6035968065261841,88,204,3762,408,204,0,16,41,23,8,0
1901,in_distribution,0.5,0.9388636946678162,0.6503592729568481,68,205,5091,605,205,0,16,32,12,8,0
1902,in_distribution,1.0,1.0306793451309204,0.6730644702911377,73,201,3798,338,201,0,16,31,18,8,0
1903,in_distribution,0.9,0.9293559193611145,0.49869203567504883,108,201,4108,390,201,0,32,32,36,8,0
1904,in_distribution,1.0,0.7906251549720764,0.4723278880119324,99,202,4107,369,202,0,32,16,43,8,0
1905,in_distribution,1.0,0.9905838370323181,0.6145246028900146,105,203,2343,269,203,0,32,32,33,8,0
1906,in_distribution,0.9,0.9607576727867126,0.5589500665664673,108,214,4740,565,214,0,32,46,22,8,0
1907,in_distribution,1.0,0.6579691767692566,0.45241421461105347,100,202,4227,406,202,0,16,47,33,4,0
1908,in_distribution,1.0,0.9105638265609741,0.5568087100982666,56,203,3932,438,203,0,15,15,18,8,0
1909,in_distribution,1.0,0.8930173516273499,0.520216703414917,124,208,2536,398,208,0,64,16,36,8,0
1910,in_distribution,1.0,1.0679548978805542,0.4999120831489563,116,200,3722,341,200,0,16,46,46,8,0
1911,in_distribution,1.0,1.0086857080459595,0.5073986649513245,100,202,4307,395,202,0,32,32,28,8,0
1912,in_distribution,1.0,0.7976823449134827,0.6154965162277222,83,203,4846,555,203,0,16,31,28,8,0
1913,in_distribution,1.0,0.839067280292511,0.3465185761451721,130,200,3729,259,200,0,61,48,13,8,0
1914,in_distribution,0.9,0.963511049747467,0.6788508892059326,61,203,4029,440,203,0,16,29,8,8,0
1915,in_distribution,0.6,0.9257140755653381,0.5688374042510986,101,207,4818,579,207,0,32,48,13,8,0
1916,in_distribution,1.0,1.004387378692627,0.37737417221069336,87,200,2599,253,200,0,32,27,20,8,0
1917,in_distribution,1.0,0.9193457365036011,0.47609537839889526,105,202,3557,319,202,0,32,47,18,8,0
1918,in_distribution,1.0,0.8769258856773376,0.504012405872345,90,201,5005,520,201,0,13,32,37,8,0
1919,in_distribution,0.8,0.8994596004486084,0.43551743030548096,99,203,4159,374,203,0,48,31,12,8,0
1920,in_distribution,0.9,0.9861000776290894,0.4844784140586853,138,200,4487,488,200,0,31,48,51,8,0
1921,in_distribution,1.0,1.0444620847702026,0.5095365047454834,124,200,3738,338,200,0,80,28,8,8,0
1922,in_distribution,1.0,0.9125604629516602,0.38292425870895386,83,200,2711,216,200,0,16,31,28,8,0
1923,in_distribution,1.0,0.9440462589263916,0.41796737909317017,99,200,4183,335,200,0,32,16,43,8,0
1924,in_distribution,1.0,1.081581473350525,0.5503264665603638,77,212,4898,606,212,0,30,16,23,8,0
1925,in_distribution,1.0,0.9286462664604187,0.4356911778450012,121,205,3954,392,205,0,38,32,43,8,0
1926,in_distribution,1.0,1.0385711193084717,0.5435163974761963,112,201,2861,297,201,0,31,61,12,8,0
1927,in_distribution,1.0,0.8308074474334717,0.4120361804962158,130,200,3651,321,200,0,78,16,28,8,0
1928,in_distribution,1.0,0.8880383372306824,0.34974366426467896,94,200,3636,277,200,0,16,48,22,8,0
1929,in_distribution,1.0,0.8009649515151978,0.2235216498374939,111,200,2954,260,200,0,48,32,23,8,0
1930,in_distribution,0.9,0.8753596544265747,0.6097860336303711,101,201,4686,515,201,0,31,32,30,8,0
1931,in_distribution,1.0,1.042828917503357,0.6208435297012329,78,204,3872,445,204,0,16,31,23,8,0
1932,in_distribution,1.0,0.9011706113815308,0.47972142696380615,100,201,3759,458,201,0,16,45,31,8,0
1933,in_distribution,1.0,0.8357147574424744,0.5368651747703552,98,201,4269,432,201,0,32,16,42,8,0
1934,in_distribution,1.0,0.8858873248100281,0.30701595544815063,138,200,2523,249,200,0,74,42,14,8,0
1935,in_distribution,0.4,1.0700939893722534,0.6408008933067322,93,203,4650,526,203,0,32,15,38,8,0
1936,in_distribution,0.8,0.6066197156906128,0.5941543579101562,60,222,4328,555,222,0,16,16,24,4,0
1937,in_distribution,1.0,0.8682671785354614,0.4407612085342407,69,201,3372,326,201,0,16,16,29,8,0
1938,in_distribution,1.0,0.9842343926429749,0.4253966808319092,124,200,4529,427,200,0,48,16,52,8,0
1939,in_distribution,1.0,0.8382592797279358,0.5911455750465393,99,209,3507,434,209,0,16,32,43,8,0
1940,in_distribution,1.0,0.6408575773239136,0.5561901330947876,69,201,3571,315,201,0,44,11,10,4,0
1941,in_distribution,0.9,1.0271233320236206,0.5797746181488037,98,207,4303,560,207,0,31,16,43,8,0
1942,in_distribution,1.0,1.0210678577423096,0.42506563663482666,126,200,2507,202,200,0,64,8,46,8,0
1943,in_distribution,0.9,0.9690090417861938,0.41413694620132446,116,200,3189,245,200,0,48,32,28,8,0
1944,in_distribution,0.8,1.020369052886963,0.5920728445053101,104,201,4592,430,201,0,16,48,32,8,0
1945,in_distribution,0.7,0.8930378556251526,0.5949289798736572,74,201,3524,427,201,0,16,45,5,8,0
1946,in_distribution,1.0,1.1094573736190796,0.5503545999526978,79,216,3815,551,216,0,16,32,23,8,0
1947,in_distribution,1.0,1.051553726196289,0.44603002071380615,106,200,3578,294,200,0,48,45,5,8,0
1948,in_distribution,1.0,0.8586260080337524,0.48566973209381104,109,204,4504,489,204,0,48,31,22,8,0
1949,in_distribution,1.0,0.9398415088653564,0.3118293285369873,67,200,1768,207,200,0,15,16,28,8,0
1950,in_distribution,1.0,0.9616478681564331,0.5181534290313721,97,200,3577,369,200,0,32,29,28,8,0
1951,in_distribution,1.0,1.0678561925888062,0.44738560914993286,93,200,3096,300,200,0,32,32,21,8,0
1952,in_distribution,1.0,0.7876635789871216,0.4969879984855652,116,200,2990,275,200,0,32,30,46,8,0
1953,in_distribution,0.9,0.7756040096282959,0.5362035036087036,57,203,4100,447,203,0,16,28,5,8,0
1954,in_distribution,0.9,0.9601494073867798,0.5956172943115234,104,202,4657,471,202,0,16,47,33,8,0
1955,in_distribution,0.9,0.8326160311698914,0.5122452974319458,134,200,4084,364,200,0,63,32,31,8,0
1956,in_distribution,1.0,0.8399177193641663,0.35422998666763306,71,200,2984,238,200,0,16,16,31,8,0
1957,in_distribution,0.8,0.8841181397438049,0.6053527593612671,62,201,4595,522,201,0,32,16,6,8,0
1958,in_distribution,1.0,0.8365398645401001,0.6618945598602295,75,203,3559,453,203,0,16,45,6,8,0
1959,in_distribution,1.0,0.8763436079025269,0.2242642641067505,122,200,1299,149,200,0,62,13,43,4,0
1960,in_distribution,1.0,0.866822361946106,0.5476601123809814,115,212,3842,520,212,0,16,48,43,8,0
1961,in_distribution,0.9,0.8256556987762451,0.4758150577545166,120,200,2659,299,200,0,32,47,33,8,0
1962,in_distribution,1.0,1.0411564111709595,0.6293157339096069,76,202,4303,413,202,0,16,16,36,8,0
1963,in_distribution,1.0,1.0383816957473755,0.3394773006439209,111,200,2947,299,200,0,46,52,5,8,0
1964,in_distribution,1.0,0.8769552707672119,0.6641572713851929,65,202,3592,322,202,0,16,13,28,8,0
1965,in_distribution,0.6,0.9090674519538879,0.5549635291099548,99,203,4807,536,203,0,16,48,27,8,0
1966,in_distribution,0.9,1.0314714908599854,0.6753186583518982,94,209,4104,589,209,0,47,16,23,8,0
1967,in_distribution,1.0,1.0758825540542603,0.7084647417068481,92,210,4267,624,210,0,16,62,6,8,0
1968,in_distribution,1.0,0.9687820672988892,0.5313698053359985,108,201,3346,278,201,0,62,32,6,8,0
1969,in_distribution,0.9,0.9004935026168823,0.5763802528381348,144,200,4229,420,200,0,95,13,28,8,0
1970,in_distribution,1.0,0.6782388687133789,0.4676699638366699,69,204,4426,549,204,0,16,16,33,4,0
1971,in_distribution,0.9,1.0569771528244019,0.5886389017105103,106,202,4528,457,202,0,80,13,5,8,0
1972,in_distribution,1.0,1.0007026195526123,0.5572938919067383,123,201,3512,350,201,0,48,16,51,8,0
1973,in_distribution,1.0,0.953061044216156,0.588718056678772,79,202,4050,406,202,0,32,16,23,8,0
1974,in_distribution,1.0,0.8287708759307861,0.6392147541046143,58,205,3997,378,205,0,16,29,5,8,0
1975,in_distribution,1.0,0.9826679825782776,0.5036269426345825,125,200,4194,358,200,0,64,11,42,8,0
1976,in_distribution,1.0,0.7360306978225708,0.7112858295440674,45,213,3660,515,213,0,16,13,8,8,0
1977,in_distribution,1.0,1.0699836015701294,0.6388652920722961,68,206,3742,460,206,0,16,16,28,8,0
1978,in_distribution,1.0,0.837462306022644,0.5245741605758667,100,208,4178,442,208,0,32,32,28,8,0
1979,in_distribution,1.0,0.8321336507797241,0.42987895011901855,137,201,2867,268,201,0,60,43,26,8,0
1980,in_distribution,1.0,0.8599355220794678,0.3349544405937195,132,200,2553,250,200,0,80,32,12,8,0
1981,in_distribution,0.7,0.8213146924972534,0.6263129711151123,65,209,4893,506,209,0,16,13,28,8,0
1982,in_distribution,0.8,0.9827761054039001,0.6432968378067017,115,204,4624,475,204,0,63,32,12,8,0
1983,in_distribution,1.0,1.0412893295288086,0.5661293864250183,94,204,3550,341,204,0,16,47,23,8,0
1984,in_distribution,1.0,0.9632265567779541,0.5009114146232605,94,200,3639,297,200,0,48,32,6,8,0
1985,in_distribution,0.8,1.1192595958709717,0.5955471396446228,114,202,4214,436,202,0,32,46,28,8,0
1986,in_distribution,1.0,0.8666834831237793,0.45758455991744995,140,200,3587,346,200,0,64,31,37,8,0
1987,in_distribution,0.9,1.007805585861206,0.5440340638160706,108,212,4671,464,212,0,32,16,52,8,0
1988,in_distribution,0.6,1.1097155809402466,0.5594319105148315,74,200,4609,469,200,0,32,29,5,8,0
1989,in_distribution,1.0,0.9361802339553833,0.6316717863082886,141,203,3529,344,203,0,32,59,42,8,0
1990,in_distribution,1.0,0.9741140007972717,0.7948375940322876,70,208,4007,505,208,0,16,31,15,8,0
1991,in_distribution,0.5,0.9682021141052246,0.667894721031189,101,209,4451,586,209,0,48,40,5,8,0
1992,in_distribution,0.8,1.131272554397583,0.49068301916122437,108,200,4127,464,200,0,16,48,36,8,0
1993,in_distribution,1.0,0.8123555779457092,0.46267783641815186,123,200,4258,447,200,0,63,16,36,8,0
1994,in_distribution,1.0,0.7752813100814819,0.4975922107696533,137,200,3188,302,200,0,80,43,10,4,0
1995,in_distribution,0.8,0.844322144985199,0.6160086989402771,171,209,3943,550,209,0,16,111,36,8,0
1996,in_distribution,1.0,1.0593459606170654,0.5865466594696045,95,202,3947,411,202,0,16,48,23,8,0
1997,in_distribution,0.8,0.98354172706604,0.6355651021003723,61,207,4218,542,207,0,16,29,8,8,0
1998,in_distribution,1.0,0.8801608681678772,0.5881887078285217,100,201,3821,308,201,0,32,32,28,8,0
1999,in_distribution,0.9,1.0566740036010742,0.5403900742530823,74,205,4790,513,205,0,48,13,5,8,0
0,mild_drift,0.7,1.0612730979919434,0.6817270517349243,45,204,4007,575,204,0,16,13,8,8,0
1,mild_drift,0.5,1.0493354797363281,0.5684682726860046,92,226,5218,580,226,0,16,32,36,8,0
2,mild_drift,1.0,0.8605751991271973,0.5078167915344238,77,200,3257,359,200,0,30,16,23,8,0
3,mild_drift,0.8,0.9214518070220947,0.5625194311141968,77,201,4657,555,201,0,15,16,38,8,0
4,mild_drift,0.4,0.842918872833252,0.5904054641723633,99,201,4593,453,201,0,31,48,12,8,0
5,mild_drift,0.8,1.1507548093795776,0.7173675298690796,106,214,4458,576,214,0,32,45,21,8,0
6,mild_drift,0.9,0.993937075138092,0.5338414907455444,132,202,4462,477,202,0,32,80,12,8,0
7,mild_drift,0.9,0.8583059310913086,0.5439315438270569,76,201,4253,498,201,0,32,15,21,8,0
8,mild_drift,0.9,1.0691202878952026,0.5175994038581848,210,201,4010,454,201,0,96,72,34,8,0
9,mild_drift,0.6,0.9167133569717407,0.678203821182251,87,203,4613,584,203,0,32,32,15,8,0
10,mild_drift,0.9,0.8446216583251953,0.5654123425483704,93,200,3948,359,200,0,48,15,22,8,0
11,mild_drift,0.9,1.045556902885437,0.38267916440963745,134,200,3037,249,200,0,75,13,38,8,0
12,mild_drift,0.9,1.0436487197875977,0.6060687303543091,91,200,3623,417,200,0,32,23,28,8,0
13,mild_drift,1.0,1.0553984642028809,0.45972728729248047,166,200,3100,290,200,0,95,32,31,8,0
14,mild_drift,0.6,0.9935463070869446,0.769466757774353,71,243,5072,593,243,0,16,25,22,8,0
15,mild_drift,1.0,0.9286002516746521,0.549196720123291,61,201,4339,492,201,0,16,29,8,8,0
16,mild_drift,0.5,1.064479947090149,0.6906435489654541,72,208,4729,588,208,0,16,43,5,8,0
17,mild_drift,0.9,0.9103793501853943,0.4007694721221924,113,200,3968,431,200,0,30,63,12,8,0
18,mild_drift,0.4,1.0819469690322876,0.5926122069358826,122,201,4700,559,201,0,64,45,5,8,0
19,mild_drift,1.0,0.7890010476112366,0.44356727600097656,100,200,4059,443,200,0,48,32,12,8,0
20,mild_drift,0.9,1.0384211540222168,0.5115405917167664,114,204,4624,529,204,0,16,48,42,8,0
21,mild_drift,0.9,1.0276802778244019,0.6685957908630371,74,206,4691,614,206,0,15,32,19,8,0
22,mild_drift,0.7,0.8331462740898132,0.5563435554504395,69,202,4590,501,202,0,16,31,14,8,0
23,mild_drift,0.8,1.0054205656051636,0.5893492698669434,146,200,4383,498,200,0,94,16,28,8,0
24,mild_drift,0.3,0.9314926266670227,0.7122073173522949,68,214,4863,655,214,0,16,32,12,8,0
25,mild_drift,0.8,1.0461702346801758,0.6417346000671387,52,202,4616,582,202,0,16,16,12,8,0
26,mild_drift,1.0,1.0450571775436401,0.6218798160552979,94,203,4128,513,203,0,64,16,6,8,0
27,mild_drift,1.0,1.0317533016204834,0.5644364356994629,119,200,3794,379,200,0,63,16,32,8,0
28,mild_drift,0.9,0.987343430519104,0.5960861444473267,94,215,4602,685,215,0,32,32,22,8,0
29,mild_drift,0.7,1.1878970861434937,0.6699362993240356,99,200,3990,400,200,0,47,12,32,8,0
30,mild_drift,0.8,1.063124418258667,0.7158398628234863,63,204,4310,584,204,0,15,16,24,8,0
31,mild_drift,0.8,1.0814882516860962,0.5701249837875366,140,202,4162,500,202,0,62,48,22,8,0
32,mild_drift,0.6,0.9046967625617981,0.6473771333694458,110,212,4694,557,212,0,16,64,22,8,0
33,mild_drift,0.9,0.9341033101081848,0.5710775256156921,129,200,3621,396,200,0,48,58,19,4,0
34,mild_drift,0.4,0.8015594482421875,0.6237630844116211,85,205,4563,567,205,0,16,55,10,4,0
35,mild_drift,0.8,1.0131195783615112,0.6129361391067505,77,217,5025,579,217,0,32,29,8,8,0
36,mild_drift,0.6,0.8949523568153381,0.5341801643371582,107,201,4516,472,201,0,16,46,37,8,0
37,mild_drift,1.0,0.9337210059165955,0.4459913969039917,127,200,2561,302,200,0,48,48,23,8,0
38,mild_drift,0.8,1.0260109901428223,0.6129603385925293,53,204,4163,495,204,0,16,16,13,8,0
39,mild_drift,0.5,0.9124727845191956,0.6837306022644043,72,204,4382,541,204,0,31,16,17,8,0
40,mild_drift,0.5,0.8824744820594788,0.5599908828735352,85,202,4691,560,202,0,16,47,14,8,0
41,mild_drift,0.9,0.9703012704849243,0.5877484679222107,93,208,4636,593,208,0,64,13,8,8,0
42,mild_drift,0.2,1.1157903671264648,0.7447662353515625,99,203,4648,527,203,0,30,47,14,8,0
43,mild_drift,0.7,0.8256540894508362,0.6447409391403198,85,204,4608,591,204,0,48,16,17,4,0
44,mild_drift,0.4,0.9102247953414917,0.7099137902259827,73,201,4381,536,201,0,30,27,8,8,0
45,mild_drift,0.9,1.084485411643982,0.6926212310791016,101,205,4443,557,205,0,44,32,17,8,0
46,mild_drift,0.5,0.7717834115028381,0.6897834539413452,86,205,4574,602,205,0,48,14,20,4,0
47,mild_drift,1.0,1.090133786201477,0.6830371618270874,91,202,3369,340,202,0,48,29,6,8,0
48,mild_drift,0.8,1.1659964323043823,0.5940449237823486,68,208,4193,554,208,0,32,16,12,8,0
49,mild_drift,0.6,0.9452871084213257,0.6602286696434021,91,203,4276,485,203,0,62,13,8,8,0
50,mild_drift,1.0,1.0132285356521606,0.5909003019332886,92,203,2916,364,203,0,16,32,36,8,0
51,mild_drift,0.5,0.9107662439346313,0.7149162292480469,101,202,4556,523,202,0,16,59,18,8,0
52,mild_drift,0.7,0.9480993151664734,0.6744844913482666,61,203,4646,572,203,0,16,29,8,8,0
53,mild_drift,1.0,0.8236104249954224,0.7067152261734009,67,204,4206,480,204,0,16,28,19,4,0
54,mild_drift,1.0,0.9452758431434631,0.5472277402877808,78,204,3811,409,204,0,13,29,28,8,0
55,mild_drift,1.0,0.9291785955429077,0.5050122737884521,76,201,3150,244,201,0,15,16,37,8,0
56,mild_drift,1.0,0.8952938318252563,0.5520637035369873,131,203,4706,580,203,0,32,48,43,8,0
57,mild_drift,0.7,0.941561758518219,0.6190234422683716,107,214,4813,591,214,0,15,46,38,8,0
58,mild_drift,0.5,1.1594111919403076,0.6610069274902344,52,202,4462,505,202,0,16,16,12,8,0
59,mild_drift,0.5,1.0368679761886597,0.6302562952041626,97,219,4939,599,219,0,48,16,25,8,0
60,mild_drift,0.7,0.8916692137718201,0.5600020885467529,123,201,4599,536,201,0,32,62,21,8,0
61,mild_drift,0.9,1.0767790079116821,0.515918493270874,115,200,4059,451,200,0,16,61,30,8,0
62,mild_drift,0.9,1.0540482997894287,0.6112872362136841,102,200,3875,395,200,0,16,60,18,8,0
63,mild_drift,0.7,0.992435872554779,0.6123018264770508,90,226,5194,673,226,0,16,31,35,8,0
64,mild_drift,0.5,0.7957014441490173,0.6279239654541016,84,206,4418,603,206,0,16,29,35,4,0
65,mild_drift,0.9,1.0141533613204956,0.6706290245056152,61,203,4128,465,203,0,16,29,8,8,0
66,mild_drift,1.0,0.9160931706428528,0.4542887210845947,84,200,2871,298,200,0,32,32,12,8,0
67,mild_drift,0.2,0.7492842078208923,0.5464091300964355,74,200,3925,424,200,0,15,32,19,8,0
68,mild_drift,0.8,0.7481799125671387,0.557386577129364,67,202,4699,668,202,0,32,9,22,4,0
69,mild_drift,0.7,0.9286444783210754,0.4572294354438782,91,200,4388,426,200,0,32,32,19,8,0
70,mild_drift,0.8,0.866777241230011,0.6436329483985901,84,201,4169,490,201,0,32,14,30,8,0
71,mild_drift,0.2,0.9998226165771484,0.6408290863037109,87,203,4301,557,203,0,16,45,18,8,0
72,mild_drift,0.7,0.9340580701828003,0.5600194931030273,91,202,4336,464,202,0,32,14,37,8,0
73,mild_drift,0.7,1.0333037376403809,0.4905849099159241,77,201,4541,477,201,0,32,29,8,8,0
74,mild_drift,0.8,0.9626516103744507,0.6451261043548584,111,205,4431,514,205,0,32,48,23,8,0
75,mild_drift,0.8,0.9300777316093445,0.5226529836654663,118,200,3451,406,200,0,16,62,32,8,0
76,mild_drift,1.0,0.9757237434387207,0.5337885618209839,103,200,4526,491,200,0,31,16,48,8,0
77,mild_drift,0.9,1.0516105890274048,0.7803033590316772,61,210,4016,477,210,0,16,16,21,8,0
78,mild_drift,0.2,1.1838511228561401,0.7019235491752625,93,234,5117,548,234,0,48,29,8,8,0
79,mild_drift,0.8,0.8134099245071411,0.6736227869987488,68,240,5363,647,240,0,16,32,12,8,0
80,mild_drift,0.9,0.9423547387123108,0.8508409261703491,55,216,4142,649,216,0,14,27,6,8,0
81,mild_drift,1.0,0.86570143699646,0.6045550107955933,137,204,2891,371,204,0,48,57,28,4,0
82,mild_drift,1.0,0.8960663676261902,0.29192614555358887,161,200,3043,285,200,0,94,16,43,8,0
83,mild_drift,0.9,0.9160520434379578,0.48358017206192017,112,200,3448,351,200,0,47,32,25,8,0
84,mild_drift,1.0,0.99337238073349,0.5198831558227539,99,217,3154,535,217,0,16,32,43,8,0
85,mild_drift,0.8,0.9047926664352417,0.442196786403656,144,206,4523,470,206,0,61,32,43,8,0
86,mild_drift,0.5,1.024312973022461,0.5633265972137451,144,201,4925,599,201,0,32,78,26,8,0
87,mild_drift,0.2,0.8743823766708374,0.565654993057251,61,204,4722,564,204,0,32,13,8,8,0
88,mild_drift,0.9,1.0354241132736206,0.5381368398666382,119,200,3949,341,200,0,32,48,31,8,0
89,mild_drift,0.9,1.0280787944793701,0.5605686902999878,84,201,4293,460,201,0,32,32,12,8,0
90,mild_drift,0.7,0.7891759872436523,0.5911630392074585,93,203,4185,486,203,0,30,32,23,8,0
91,mild_drift,0.8,1.054248332977295,0.6594687700271606,83,206,4573,610,206,0,15,48,12,8,0
92,mild_drift,1.0,0.9087235331535339,0.5821890234947205,83,201,4049,404,201,0,31,32,12,8,0
93,mild_drift,0.5,0.8524311184883118,0.5839895009994507,68,204,4386,538,204,0,16,16,28,8,0
94,mild_drift,1.0,0.774263322353363,0.5552504062652588,97,203,4447,509,203,0,29,32,28,8,0
95,mild_drift,1.0,0.9802214503288269,0.7003055810928345,89,205,4240,464,205,0,32,31,18,8,0
96,mild_drift,0.3,0.8665293455123901,0.662050724029541,77,206,4042,528,206,0,16,31,22,8,0
97,mild_drift,0.4,0.9139175415039062,0.6418561339378357,78,222,4809,566,222,0,31,16,23,8,0
98,mild_drift,0.6,0.8644817471504211,0.5889937877655029,96,200,4176,565,200,0,32,38,18,8,0
99,mild_drift,1.0,0.8757762908935547,0.8757762908935547,37,205,2457,330,205,0,12,11,10,4,0
100,mild_drift,0.5,1.1259537935256958,0.7139948606491089,75,205,4169,512,205,0,16,32,19,8,0
101,mild_drift,0.5,1.0625381469726562,0.6136137843132019,67,203,4344,539,203,0,16,31,12,8,0
102,mild_drift,0.7,0.875571608543396,0.6180467009544373,77,223,5364,659,223,0,16,16,37,8,0
103,mild_drift,0.7,0.9941261410713196,0.6559461951255798,62,200,4462,566,200,0,32,16,6,8,0
104,mild_drift,0.6,1.152857780456543,0.6058318614959717,137,202,4569,522,202,0,48,43,38,8,0
105,mild_drift,0.6,1.061882495880127,0.6585346460342407,72,205,4470,636,205,0,31,15,18,8,0
106,mild_drift,0.4,0.9869527816772461,0.662967324256897,72,207,4912,656,207,0,32,14,18,8,0
107,mild_drift,0.3,1.0678746700286865,0.6364191770553589,125,202,4434,545,202,0,60,15,42,8,0
108,mild_drift,0.9,1.009771466255188,0.678852915763855,102,202,4110,513,202,0,16,61,17,8,0
109,mild_drift,0.6,0.9807552099227905,0.6137787103652954,78,203,4198,541,203,0,15,32,23,8,0
110,mild_drift,0.7,0.9069321155548096,0.686830461025238,77,213,5035,647,213,0,30,16,23,8,0
111,mild_drift,0.8,0.8494835495948792,0.568516731262207,89,202,4629,580,202,0,32,44,5,8,0
112,mild_drift,1.0,0.9736914038658142,0.6116935014724731,90,203,2895,421,203,0,32,45,5,8,0
113,mild_drift,0.7,0.8849813938140869,0.5721900463104248,94,205,4683,653,205,0,32,48,6,8,0
114,mild_drift,0.3,1.0402964353561401,0.6572260856628418,56,217,4680,642,217,0,16,27,5,8,0
115,mild_drift,0.9,1.0642882585525513,0.6471273303031921,88,218,4216,655,218,0,16,27,37,8,0
116,mild_drift,0.6,0.7660067081451416,0.6275964975357056,102,222,5180,550,222,0,48,31,19,4,0
117,mild_drift,0.8,0.7994165420532227,0.6017349362373352,126,200,4262,464,200,0,48,64,6,8,0
118,mild_drift,0.8,0.8293153643608093,0.7113326787948608,59,205,4628,543,205,0,16,16,19,8,0
119,mild_drift,0.2,1.0350369215011597,0.6617672443389893,108,202,4581,578,202,0,16,47,37,8,0
120,mild_drift,0.6,1.0414834022521973,0.650709867477417,142,206,4648,609,206,0,48,47,39,8,0
121,mild_drift,0.9,0.9681821465492249,0.5442767143249512,112,200,3736,387,200,0,31,32,41,8,0
122,mild_drift,0.9,0.8907949924468994,0.6024311780929565,77,201,4196,498,201,0,32,16,21,8,0
123,mild_drift,1.0,0.8604992628097534,0.4649283289909363,110,200,3995,409,200,0,16,64,22,8,0
124,mild_drift,0.7,1.0718309879302979,0.5434832572937012,132,202,4540,502,202,0,64,32,28,8,0
125,mild_drift,1.0,0.9131954908370972,0.4610794186592102,116,201,4308,422,201,0,75,16,17,8,0
126,mild_drift,0.7,0.8419367671012878,0.6255452632904053,74,208,4453,647,208,0,32,29,5,8,0
127,mild_drift,0.1,0.8501819968223572,0.6434543132781982,79,206,4794,598,206,0,16,32,23,8,0
128,mild_drift,0.5,0.9228367209434509,0.6026746034622192,68,206,4877,606,206,0,16,32,12,8,0
129,mild_drift,0.6,0.9838536977767944,0.7292391657829285,116,202,4271,522,202,0,63,31,14,8,0
130,mild_drift,0.8,1.0975158214569092,0.6940667629241943,68,221,4643,679,221,0,16,16,28,8,0
131,mild_drift,1.0,0.9434328079223633,0.6336515545845032,71,210,3089,483,210,0,16,15,32,8,0
132,mild_drift,1.0,1.0887260437011719,0.4307217597961426,131,200,2992,266,200,0,79,12,32,8,0
133,mild_drift,0.6,0.922686755657196,0.6720653176307678,77,205,4535,567,205,0,48,13,8,8,0
134,mild_drift,0.7,1.011129379272461,0.5606471300125122,97,200,4113,477,200,0,16,61,12,8,0
135,mild_drift,0.6,0.9708000421524048,0.6912182569503784,89,209,4759,651,209,0,32,16,33,8,0
136,mild_drift,0.5,0.7596864104270935,0.632798433303833,100,201,4902,602,201,0,64,16,12,8,0
137,mild_drift,0.7,0.873472273349762,0.6305255889892578,84,207,4726,504,207,0,16,48,12,8,0
138,mild_drift,0.6,0.8234531879425049,0.6455420255661011,135,205,4607,547,205,0,48,48,35,4,0
139,mild_drift,0.8,0.9089875817298889,0.6613357067108154,111,203,4516,532,203,0,64,16,23,8,0
140,mild_drift,0.9,1.0897823572158813,0.5772969722747803,105,200,3621,426,200,0,46,14,37,8,0
141,mild_drift,0.9,0.9977908134460449,0.5696446895599365,78,202,4061,404,202,0,16,32,22,8,0
142,mild_drift,0.7,0.8218246102333069,0.56767737865448,91,201,4749,509,201,0,32,43,8,8,0
143,mild_drift,0.4,0.970538318157196,0.5816103219985962,137,201,4551,486,201,0,64,32,33,8,0
144,mild_drift,1.0,0.9675369262695312,0.6113439798355103,116,203,2592,328,203,0,16,80,12,8,0
145,mild_drift,0.9,0.8816719055175781,0.40892475843429565,93,200,3858,411,200,0,32,45,8,8,0
146,mild_drift,0.6,1.0399442911148071,0.7536574006080627,76,200,4114,602,200,0,16,44,8,8,0
147,mild_drift,0.2,0.697441577911377,0.694368839263916,53,203,4650,593,203,0,28,11,10,4,0
148,mild_drift,1.0,0.9297337532043457,0.8412805795669556,62,206,3687,539,206,0,15,16,23,8,0
149,mild_drift,1.0,1.08735191822052,0.4375942349433899,136,200,3766,346,200,0,77,43,8,8,0
150,mild_drift,0.3,0.8650094270706177,0.5931086540222168,97,205,4812,573,205,0,16,45,28,8,0
151,mild_drift,0.6,0.9828972220420837,0.6996169090270996,78,231,4795,758,231,0,16,32,22,8,0
152,mild_drift,0.9,1.0165218114852905,0.6790903806686401,103,213,4535,612,213,0,48,32,15,8,0
153,mild_drift,1.0,1.0057886838912964,0.7404237985610962,84,202,3196,311,202,0,16,29,31,8,0
154,mild_drift,0.3,0.8972734808921814,0.619817852973938,72,221,5106,701,221,0,46,13,5,8,0
155,mild_drift,1.0,0.9155141711235046,0.613699197769165,84,215,4308,520,215,0,16,32,28,8,0
156,mild_drift,0.6,0.9254058003425598,0.6163148283958435,117,211,4779,639,211,0,48,32,29,8,0
157,mild_drift,0.5,1.0218664407730103,0.6563424468040466,127,203,4680,548,203,0,16,80,23,8,0
158,mild_drift,0.6,0.8988194465637207,0.5758652091026306,136,201,4053,482,201,0,64,30,34,8,0
159,mild_drift,1.0,1.0270267724990845,0.6984778046607971,104,202,3634,370,202,0,48,29,19,8,0
160,mild_drift,0.9,0.9736374020576477,0.5347933769226074,77,201,4381,469,201,0,16,31,22,8,0
161,mild_drift,0.3,0.9127363562583923,0.5802481770515442,62,207,4807,643,207,0,16,16,22,8,0
162,mild_drift,0.8,0.9825970530509949,0.631730318069458,95,210,4849,637,210,0,16,31,40,8,0
163,mild_drift,1.0,1.1130515336990356,0.6239970326423645,68,202,4144,441,202,0,16,32,12,8,0
164,mild_drift,0.9,1.0025715827941895,0.519477128982544,61,200,4218,408,200,0,16,29,8,8,0
165,mild_drift,0.8,0.8471131920814514,0.6696587800979614,61,204,4896,628,204,0,16,16,21,8,0
166,mild_drift,0.4,0.9881955981254578,0.653573751449585,93,202,4542,577,202,0,48,16,21,8,0
167,mild_drift,0.7,0.9290465116500854,0.6133252382278442,68,202,3937,500,202,0,16,16,28,8,0
168,mild_drift,0.4,0.9316624402999878,0.594138503074646,100,204,4761,577,204,0,16,64,12,8,0
169,mild_drift,0.7,1.0833396911621094,0.6094222068786621,128,208,4655,647,208,0,48,44,28,8,0
170,mild_drift,0.9,0.8671956658363342,0.599828839302063,109,205,4628,542,205,0,32,31,38,8,0
171,mild_drift,0.6,0.9242284893989563,0.5264520645141602,146,201,4430,539,201,0,48,47,43,8,0
172,mild_drift,0.4,0.7710064649581909,0.6199010610580444,93,204,4577,593,204,0,16,16,53,8,0
173,mild_drift,0.8,0.9580795168876648,0.5661137104034424,91,200,4341,443,200,0,62,13,8,8,0
174,mild_drift,0.9,0.9800484776496887,0.7257113456726074,82,215,4436,622,215,0,16,46,12,8,0
175,mild_drift,1.0,0.9665458798408508,0.691159725189209,72,219,2686,609,219,0,11,16,37,8,0
176,mild_drift,1.0,1.0069690942764282,0.38114863634109497,101,200,3394,372,200,0,46,29,18,8,0
177,mild_drift,0.3,0.9809032678604126,0.6149333715438843,94,211,5071,677,211,0,16,32,38,8,0
178,mild_drift,0.2,0.9547295570373535,0.614922285079956,67,222,5222,629,222,0,16,31,12,8,0
179,mild_drift,0.2,0.9131333231925964,0.5846326351165771,83,210,4632,587,210,0,32,31,12,8,0
180,mild_drift,1.0,0.9376955032348633,0.5084562301635742,99,200,2752,285,200,0,28,28,39,4,0
181,mild_drift,0.4,1.1615747213363647,0.6827692985534668,100,200,4221,506,200,0,48,32,12,8,0
182,mild_drift,0.5,1.137869954109192,0.8153313398361206,56,232,4467,582,232,0,15,15,18,8,0
183,mild_drift,0.7,0.869239866733551,0.7183018922805786,59,201,4239,476,201,0,16,27,8,8,0
184,mild_drift,1.0,1.0542500019073486,0.7192491292953491,71,214,3450,519,214,0,16,30,17,8,0
185,mild_drift,0.5,0.9216127395629883,0.6329202651977539,104,200,4426,517,200,0,78,13,5,8,0
186,mild_drift,0.7,0.9256904125213623,0.5568982362747192,76,206,4585,622,206,0,13,32,23,8,0
187,mild_drift,0.9,0.8529348373413086,0.559199333190918,61,202,4081,417,202,0,16,29,8,8,0
188,mild_drift,0.3,0.9045478701591492,0.5868160724639893,65,206,4652,598,206,0,16,13,28,8,0
189,mild_drift,0.9,1.0872443914413452,0.7179992198944092,59,203,4293,425,203,0,16,27,8,8,0
190,mild_drift,0.6,0.9141300916671753,0.6316377520561218,68,201,4955,565,201,0,32,16,12,8,0
191,mild_drift,0.1,0.9924160838127136,0.660008430480957,118,207,4992,599,207,0,32,59,19,8,0
192,mild_drift,0.6,0.9679001569747925,0.6445911526679993,77,203,4644,496,203,0,30,16,23,8,0
193,mild_drift,0.5,1.0624641180038452,0.536782443523407,116,225,5517,658,225,0,32,64,12,8,0
194,mild_drift,0.4,0.9453444480895996,0.5797402858734131,89,207,4829,549,207,0,16,32,33,8,0
195,mild_drift,1.0,0.9410836696624756,0.666702389717102,77,203,3129,378,203,0,48,13,8,8,0
196,mild_drift,0.9,1.1233118772506714,0.7931562662124634,57,206,4476,539,206,0,31,13,5,8,0
197,mild_drift,0.3,1.0085262060165405,0.5940797328948975,116,200,4639,559,200,0,48,48,12,8,0
198,mild_drift,0.9,0.9454103708267212,0.587957501411438,77,200,3589,366,200,0,16,45,8,8,0
199,mild_drift,0.7,1.0814425945281982,0.6168475151062012,78,227,4823,667,227,0,31,16,23,8,0
200,mild_drift,1.0,1.023695707321167,0.6482867002487183,111,204,3067,320,204,0,48,43,12,8,0
201,mild_drift,1.0,1.0105929374694824,0.5200450420379639,149,205,4391,613,205,0,64,43,34,8,0
202,mild_drift,0.7,0.8752698302268982,0.6047980189323425,72,208,5011,607,208,0,31,16,17,8,0
203,mild_drift,1.0,0.9117090702056885,0.4166644215583801,132,200,4025,411,200,0,80,16,28,8,0
204,mild_drift,1.0,0.9066742658615112,0.624480128288269,138,216,4013,579,216,0,32,48,50,8,0
205,mild_drift,1.0,0.8891571760177612,0.581439197063446,62,202,2495,292,202,0,16,32,6,8,0
206,mild_drift,1.0,1.021721363067627,0.5157263278961182,116,200,3558,301,200,0,77,13,18,8,0
207,mild_drift,1.0,1.1210452318191528,0.7098734378814697,66,215,4565,741,215,0,13,16,29,8,0
208,mild_drift,0.8,0.9774900674819946,0.5830088257789612,68,211,4964,626,211,0,16,16,28,8,0
209,mild_drift,0.5,0.8926972150802612,0.6197385191917419,109,204,4888,568,204,0,16,32,53,8,0
210,mild_drift,1.0,0.9348537921905518,0.5199378132820129,91,200,2530,243,200,0,32,43,8,8,0
211,mild_drift,0.5,0.9054625630378723,0.6119297742843628,115,215,5086,637,215,0,31,64,12,8,0
212,mild_drift,1.0,1.1696465015411377,0.545671820640564,123,201,2811,269,201,0,61,13,41,8,0
213,mild_drift,1.0,1.1073533296585083,0.32419854402542114,158,200,2877,268,200,0,107,15,28,8,0
214,mild_drift,0.7,0.7873210310935974,0.6386488676071167,120,212,3711,683,212,0,30,76,10,4,0
215,mild_drift,0.9,1.0204170942306519,0.5452114343643188,65,201,4510,512,201,0,16,16,25,8,0
216,mild_drift,0.9,0.815684974193573,0.5695888996124268,52,204,4663,577,204,0,16,16,12,8,0
217,mild_drift,0.7,0.9909495115280151,0.5390869379043579,78,200,4376,503,200,0,31,16,23,8,0
218,mild_drift,0.3,0.851435661315918,0.723783016204834,61,226,4850,635,226,0,16,29,8,8,0
219,mild_drift,0.8,1.0847632884979248,0.5506150722503662,93,201,5006,622,201,0,32,31,22,8,0
220,mild_drift,0.8,0.9199932217597961,0.472164511680603,73,200,3978,425,200,0,16,30,19,8,0
221,mild_drift,0.8,1.1108368635177612,0.6466206312179565,104,201,4258,561,201,0,32,47,17,8,0
222,mild_drift,1.0,0.8639548420906067,0.5430245995521545,59,204,4354,523,204,0,16,16,19,8,0
223,mild_drift,0.5,0.9796934127807617,0.7008463144302368,49,217,4568,515,217,0,13,16,12,8,0
224,mild_drift,0.9,1.0362855195999146,0.6075013279914856,100,200,3561,365,200,0,32,48,12,8,0
225,mild_drift,1.0,0.8638851642608643,0.6062057018280029,94,216,2502,544,216,0,32,13,45,4,0
226,mild_drift,1.0,0.9457240104675293,0.7598095536231995,83,214,4205,547,214,0,16,16,43,8,0
227,mild_drift,0.9,0.8294312953948975,0.6625684499740601,69,201,3966,485,201,0,16,32,17,4,0
228,mild_drift,1.0,1.0457948446273804,0.592340350151062,68,203,4145,458,203,0,16,32,12,8,0
229,mild_drift,0.7,1.228452444076538,0.7876083850860596,105,203,4224,541,203,0,48,32,17,8,0
230,mild_drift,1.0,1.05320405960083,0.5114966034889221,59,201,3947,405,201,0,16,9,26,8,0
231,mild_drift,0.9,0.9091905355453491,0.44452422857284546,130,206,4450,454,206,0,47,32,43,8,0
232,mild_drift,0.4,1.0048760175704956,0.6434364318847656,74,201,4451,561,201,0,16,45,5,8,0
233,mild_drift,0.8,1.0070172548294067,0.6689737439155579,69,203,3711,490,203,0,16,31,14,8,0
234,mild_drift,0.3,1.0339785814285278,0.6308023929595947,57,201,4713,515,201,0,16,28,5,8,0
235,mild_drift,0.5,0.885748028755188,0.5339909791946411,100,201,4538,464,201,0,48,32,12,8,0
236,mild_drift,1.0,0.8830418586730957,0.6405710577964783,61,206,3164,392,206,0,16,29,8,8,0
237,mild_drift,1.0,1.1443952322006226,0.6232531666755676,95,202,4538,480,202,0,32,15,40,8,0
238,mild_drift,0.9,0.98406583070755,0.49037957191467285,107,202,3910,398,202,0,62,29,8,8,0
239,mild_drift,0.5,0.9504472613334656,0.6943970918655396,61,233,5114,655,233,0,16,15,22,8,0
240,mild_drift,0.3,0.8121122121810913,0.68182772397995,57,225,5186,624,225,0,16,23,14,4,0
241,mild_drift,0.6,0.9882436394691467,0.677882969379425,68,201,4258,569,201,0,16,32,12,8,0
242,mild_drift,1.0,1.0243854522705078,0.5301711559295654,108,209,4487,577,209,0,32,32,36,8,0
243,mild_drift,1.0,1.0209828615188599,0.6800894737243652,102,202,3081,276,202,0,16,32,46,8,0
244,mild_drift,0.8,0.9286018013954163,0.5684859156608582,107,204,4426,512,204,0,16,31,52,8,0
245,mild_drift,0.7,0.9462087154388428,0.5997226238250732,77,202,4445,487,202,0,32,29,8,8,0
246,mild_drift,0.4,0.8861796855926514,0.6051701307296753,99,201,4490,571,201,0,16,32,43,8,0
247,mild_drift,1.0,0.971250057220459,0.5486046075820923,140,201,4012,444,201,0,31,79,22,8,0
248,mild_drift,0.2,1.008750557899475,0.6883482933044434,58,211,4712,652,211,0,16,29,5,8,0
249,mild_drift,0.7,0.9528913497924805,0.6631087064743042,77,208,4931,624,208,0,32,15,22,8,0
250,mild_drift,0.5,0.8525643944740295,0.7118446826934814,65,223,5286,615,223,0,16,13,28,8,0
251,mild_drift,1.0,0.8946791291236877,0.6574232578277588,79,204,4077,432,204,0,32,16,23,8,0
252,mild_drift,0.7,0.9989416599273682,0.6003271341323853,100,201,4406,449,201,0,48,16,28,8,0
253,mild_drift,0.7,1.0876144170761108,0.679435133934021,67,202,4338,533,202,0,16,31,12,8,0
254,mild_drift,0.9,0.8624544739723206,0.47354233264923096,131,207,4693,471,207,0,16,60,47,8,0
255,mild_drift,1.0,0.9176117181777954,0.8001673221588135,70,206,3603,461,206,0,14,42,10,4,0
256,mild_drift,0.9,0.8503124117851257,0.691987156867981,75,219,4634,689,219,0,16,32,19,8,0
257,mild_drift,0.9,0.8664273023605347,0.6019487380981445,154,215,4981,599,215,0,79,30,37,8,0
258,mild_drift,0.7,0.8670819997787476,0.4758381247520447,129,200,4353,479,200,0,32,61,28,8,0
259,mild_drift,0.7,0.8552260398864746,0.4996653199195862,100,201,4107,454,201,0,48,12,32,8,0
260,mild_drift,0.8,0.8649106025695801,0.6160213947296143,110,208,4887,566,208,0,63,16,23,8,0
261,mild_drift,1.0,0.8827395439147949,0.6333713531494141,135,200,3910,511,200,0,32,53,46,4,0
262,mild_drift,0.5,1.0910570621490479,0.6273484826087952,154,211,4652,592,211,0,46,78,22,8,0
263,mild_drift,1.0,0.9311361312866211,0.7312173247337341,45,204,4274,489,204,0,16,13,8,8,0
264,mild_drift,0.9,0.9997175335884094,0.6767494082450867,61,201,4358,491,201,0,16,29,8,8,0
265,mild_drift,1.0,1.182536005973816,0.6959309577941895,75,222,4025,633,222,0,32,16,19,8,0
266,mild_drift,0.3,1.1437983512878418,0.5803929567337036,100,242,5822,663,242,0,16,48,28,8,0
267,mild_drift,1.0,0.926945149898529,0.5744011402130127,98,200,4664,525,200,0,16,32,42,8,0
268,mild_drift,1.0,0.9334796667098999,0.38290828466415405,104,200,2774,293,200,0,48,31,17,8,0
269,mild_drift,0.7,0.9397022724151611,0.6031802892684937,63,209,4860,563,209,0,16,16,23,8,0
270,mild_drift,0.9,0.8850754499435425,0.5566216111183167,99,205,3947,546,205,0,32,15,44,8,0
271,mild_drift,0.2,0.7579721212387085,0.5551046133041382,84,221,4115,586,221,0,48,16,12,8,0
272,mild_drift,0.4,1.0379785299301147,0.5679901838302612,92,206,4821,553,206,0,32,31,21,8,0
273,mild_drift,1.0,1.0450536012649536,0.5691215991973877,63,201,2395,250,201,0,24,9,22,8,0
274,mild_drift,0.7,0.900065004825592,0.5238884687423706,97,226,5227,605,226,0,16,45,28,8,0
275,mild_drift,1.0,1.0028109550476074,0.7850474119186401,58,210,3776,526,210,0,16,29,5,8,0
276,mild_drift,0.4,0.9084675312042236,0.5442677140235901,138,202,4709,560,202,0,63,59,8,8,0
277,mild_drift,0.9,1.0060522556304932,0.6014105677604675,119,200,4266,445,200,0,48,48,15,8,0
278,mild_drift,1.0,0.8856765627861023,0.44581300020217896,78,200,3634,324,200,0,32,16,22,8,0
279,mild_drift,0.8,0.8182662725448608,0.51023930311203,98,200,4164,444,200,0,31,16,43,8,0
280,mild_drift,0.6,0.9056753516197205,0.604305624961853,88,223,5112,651,223,0,16,31,33,8,0
281,mild_drift,1.0,0.9553661942481995,0.5187960863113403,106,202,3398,315,202,0,32,38,28,8,0
282,mild_drift,0.6,1.0711557865142822,0.6146796941757202,91,236,5292,528,236,0,16,46,21,8,0
283,mild_drift,0.9,1.0300850868225098,0.4701319932937622,78,200,3835,373,200,0,16,32,22,8,0
284,mild_drift,0.3,1.1236627101898193,0.6745579242706299,109,203,4497,504,203,0,32,47,22,8,0
285,mild_drift,1.0,0.927753210067749,0.49890559911727905,128,200,4020,421,200,0,48,54,18,8,0
286,mild_drift,1.0,0.9206094145774841,0.6358405947685242,74,206,3896,408,206,0,16,45,5,8,0
287,mild_drift,0.9,1.0773433446884155,0.6904564499855042,92,206,4417,585,206,0,15,31,38,8,0
288,mild_drift,0.9,0.8566371202468872,0.5391383171081543,85,201,2923,296,201,0,16,46,19,4,0
289,mild_drift,0.4,0.8901260495185852,0.7922333478927612,59,218,4665,708,218,0,15,26,14,4,0
290,mild_drift,0.6,0.8658860325813293,0.7110722661018372,93,206,4296,616,206,0,32,32,21,8,0
291,mild_drift,1.0,1.034708023071289,0.6028890609741211,69,202,4131,510,202,0,15,38,8,8,0
292,mild_drift,1.0,0.8923822641372681,0.49785006046295166,105,200,3338,210,200,0,32,55,14,4,0
293,mild_drift,0.1,0.9169632196426392,0.6223675608634949,87,203,4520,547,203,0,16,46,17,8,0
294,mild_drift,0.4,1.146876335144043,0.6598861813545227,76,202,4686,587,202,0,16,44,8,8,0
295,mild_drift,1.0,0.8534511923789978,0.5148434638977051,143,200,4058,309,200,0,94,13,28,8,0
296,mild_drift,1.0,1.104011058807373,0.7237358093261719,76,211,3334,511,211,0,16,28,24,8,0
297,mild_drift,0.1,1.013073205947876,0.6560811400413513,58,211,4230,647,211,0,16,29,5,8,0
298,mild_drift,1.0,0.8691343665122986,0.38171279430389404,125,200,3921,350,200,0,48,47,22,8,0
299,mild_drift,0.3,0.9409314393997192,0.617640495300293,68,210,4610,545,210,0,32,16,12,8,0
300,mild_drift,0.5,0.9092803001403809,0.7894729971885681,74,203,4294,577,203,0,16,29,21,8,0
301,mild_drift,1.0,0.893945038318634,0.6842068433761597,87,203,2332,288,203,0,32,16,31,8,0
302,mild_drift,0.6,1.119619369506836,0.5646079778671265,69,203,4165,523,203,0,16,40,5,8,0
303,mild_drift,1.0,0.9246844053268433,0.4698569178581238,94,201,2776,340,201,0,16,48,22,8,0
304,mild_drift,1.0,0.9606028199195862,0.4753645062446594,198,200,3116,266,200,0,62,122,6,8,0
305,mild_drift,0.9,0.8683334589004517,0.6435357332229614,85,203,4148,508,203,0,16,16,45,8,0
306,mild_drift,0.5,1.0313563346862793,0.6935008764266968,42,202,4613,572,202,0,16,13,5,8,0
307,mild_drift,1.0,0.9546588659286499,0.5974154472351074,78,206,4598,601,206,0,31,16,23,8,0
308,mild_drift,0.6,1.0001720190048218,0.6432430148124695,89,205,4927,606,205,0,32,16,33,8,0
309,mild_drift,1.0,1.0372512340545654,0.7241274118423462,65,204,2227,300,204,0,16,15,26,8,0
310,mild_drift,0.3,0.960668683052063,0.6537488102912903,80,204,4427,511,204,0,29,31,12,8,0
311,mild_drift,1.0,1.0364391803741455,0.5562500953674316,81,204,3666,421,204,0,16,45,12,8,0
312,mild_drift,1.0,0.7749130725860596,0.5745849013328552,86,200,4315,395,200,0,29,41,8,8,0
313,mild_drift,1.0,0.9011982083320618,0.6066452860832214,73,206,4331,549,206,0,16,32,17,8,0
314,mild_drift,1.0,0.9701550006866455,0.34737181663513184,101,200,2576,246,200,0,64,15,14,8,0
315,mild_drift,1.0,1.2039179801940918,0.6168868541717529,106,202,4339,470,202,0,48,16,34,8,0
316,mild_drift,1.0,1.0906516313552856,0.6585149765014648,80,202,4343,471,202,0,16,32,24,8,0
317,mild_drift,0.5,0.8879538178443909,0.7062422037124634,84,208,4551,461,208,0,31,16,29,8,0
318,mild_drift,0.9,0.8790992498397827,0.5993713140487671,125,203,4274,485,203,0,64,32,25,4,0
319,mild_drift,0.9,1.0728955268859863,0.6600673198699951,96,204,3618,484,204,0,47,13,28,8,0
320,mild_drift,0.4,1.1457462310791016,0.7179821729660034,88,201,4291,517,201,0,16,31,33,8,0
321,mild_drift,0.3,0.870735228061676,0.6328210234642029,121,216,4840,542,216,0,48,32,33,8,0
322,mild_drift,0.5,0.8728975057601929,0.5856992602348328,132,212,4982,661,212,0,64,48,12,8,0
323,mild_drift,0.5,1.0603083372116089,0.6449013948440552,85,205,3831,491,205,0,32,31,14,8,0
324,mild_drift,0.5,1.0001715421676636,0.6562594175338745,105,214,4479,600,214,0,16,63,18,8,0
325,mild_drift,1.0,1.08992338180542,0.5748111009597778,159,200,3899,428,200,0,32,93,26,8,0
326,mild_drift,0.7,0.9208783507347107,0.6021130681037903,117,207,4809,546,207,0,16,79,14,8,0
327,mild_drift,0.4,0.92801833152771,0.6716623902320862,92,202,4354,613,202,0,16,60,8,8,0
328,mild_drift,1.0,0.9347510933876038,0.6025588512420654,116,202,3486,349,202,0,91,11,10,4,0
329,mild_drift,0.9,1.2187767028808594,0.6408357620239258,60,209,4210,602,209,0,16,28,8,8,0
330,mild_drift,0.6,1.0645661354064941,0.6460674405097961,74,206,4830,650,206,0,16,31,19,8,0
331,mild_drift,0.8,0.9573968648910522,0.40624135732650757,120,203,4296,529,203,0,32,46,34,8,0
332,mild_drift,0.9,1.0024482011795044,0.676993727684021,98,202,4138,364,202,0,15,56,19,8,0
333,mild_drift,0.8,1.1095561981201172,0.6408305168151855,108,211,4111,616,211,0,43,28,29,8,0
334,mild_drift,1.0,0.9868178963661194,0.39744049310684204,107,200,2359,219,200,0,15,67,17,8,0
335,mild_drift,0.7,1.070478916168213,0.6888186931610107,77,202,4449,576,202,0,16,31,22,8,0
336,mild_drift,0.2,0.9168037176132202,0.5765795707702637,124,202,4464,635,202,0,48,62,6,8,0
337,mild_drift,1.0,0.9201544523239136,0.5163161754608154,94,201,4258,496,201,0,32,32,22,8,0
338,mild_drift,0.4,0.725921630859375,0.6364560127258301,93,205,4829,598,205,0,16,47,22,8,0
339,mild_drift,1.0,0.9697583317756653,0.4458252191543579,119,200,2688,234,200,0,47,47,17,8,0
340,mild_drift,0.5,1.0639097690582275,0.7262190580368042,78,209,4592,622,209,0,13,29,28,8,0
341,mild_drift,1.0,0.9442073106765747,0.5681753158569336,91,202,4149,416,202,0,16,29,38,8,0
342,mild_drift,0.8,0.7976702451705933,0.6498948931694031,72,214,4808,653,214,0,16,43,5,8,0
343,mild_drift,0.3,0.858340322971344,0.6075773239135742,124,213,4914,574,213,0,48,47,21,8,0
344,mild_drift,0.8,0.9257491230964661,0.699893593788147,75,207,3696,597,207,0,46,13,8,8,0
345,mild_drift,0.5,0.9763472676277161,0.6458183526992798,119,235,5449,549,235,0,16,47,48,8,0
346,mild_drift,1.0,0.9074394702911377,0.49488264322280884,131,202,3845,438,202,0,32,79,12,8,0
347,mild_drift,0.8,1.0110472440719604,0.5861161947250366,127,201,4865,578,201,0,16,63,40,8,0
348,mild_drift,1.0,1.0116386413574219,0.6212846040725708,61,205,2289,403,205,0,15,16,22,8,0
349,mild_drift,1.0,1.012689471244812,0.6327992081642151,107,200,3723,356,200,0,48,32,19,8,0
350,mild_drift,1.0,0.9364503622055054,0.5253742933273315,87,200,2922,314,200,0,32,29,18,8,0
351,mild_drift,1.0,0.8135824203491211,0.6571543216705322,109,207,4588,625,207,0,16,77,8,8,0
352,mild_drift,0.5,0.9327712059020996,0.589769721031189,125,202,4864,603,202,0,31,48,38,8,0
353,mild_drift,1.0,1.1478490829467773,0.6003091931343079,100,211,3517,482,211,0,48,16,28,8,0
354,mild_drift,0.3,0.9148013591766357,0.6313357353210449,86,206,4534,484,206,0,32,28,18,8,0
355,mild_drift,0.5,0.9717081189155579,0.524659276008606,91,202,4821,510,202,0,32,29,22,8,0
356,mild_drift,0.8,0.8179908990859985,0.6956322193145752,65,202,3228,403,202,0,30,12,19,4,0
357,mild_drift,0.6,0.9600226879119873,0.6283664703369141,56,204,4281,537,204,0,15,16,17,8,0
358,mild_drift,1.0,0.7684971690177917,0.5084837675094604,95,200,3796,452,200,0,16,48,23,8,0
359,mild_drift,0.2,0.9028715491294861,0.613599419593811,85,216,4716,556,216,0,48,15,14,8,0
360,mild_drift,0.8,0.9762198328971863,0.6409165859222412,93,205,4710,642,205,0,64,13,8,8,0
361,mild_drift,0.9,0.8510739803314209,0.6641770601272583,85,205,5022,629,205,0,32,27,18,8,0
362,mild_drift,0.9,0.9308348894119263,0.5553935766220093,137,203,4225,446,203,0,32,62,35,8,0
363,mild_drift,0.9,1.0175421237945557,0.4855726957321167,138,200,4374,448,200,0,64,44,22,8,0
364,mild_drift,0.3,0.8786749243736267,0.6587256789207458,88,205,4097,516,205,0,32,30,18,8,0
365,mild_drift,0.7,0.8611999154090881,0.6948155760765076,84,209,3887,559,209,0,16,29,31,8,0
366,mild_drift,0.4,0.9789929389953613,0.647377073764801,122,202,4402,505,202,0,16,60,38,8,0
367,mild_drift,0.7,1.0136187076568604,0.610628604888916,75,202,4610,515,202,0,16,29,22,8,0
368,mild_drift,1.0,0.9316569566726685,0.5566266775131226,88,200,2947,352,200,0,30,45,5,8,0
369,mild_drift,1.0,1.1112349033355713,0.446258544921875,135,201,3274,287,201,0,61,29,37,8,0
370,mild_drift,0.6,0.8819125294685364,0.5535305738449097,93,200,4640,616,200,0,16,32,37,8,0
371,mild_drift,1.0,0.978427529335022,0.5395814180374146,93,202,3912,452,202,0,16,47,22,8,0
372,mild_drift,1.0,0.9532857537269592,0.7601698040962219,56,203,3727,412,203,0,15,16,17,8,0
373,mild_drift,1.0,1.1495797634124756,0.6381330490112305,75,202,3388,371,202,0,32,27,8,8,0
374,mild_drift,0.7,0.9625967741012573,0.5601428151130676,75,201,4597,510,201,0,46,13,8,8,0
375,mild_drift,0.7,0.9717895984649658,0.6470723152160645,89,210,4853,612,210,0,16,32,33,8,0
376,mild_drift,0.5,1.1201436519622803,0.5008730888366699,127,200,4412,523,200,0,48,47,24,8,0
377,mild_drift,1.0,1.1177300214767456,0.6422742605209351,92,218,3808,607,218,0,32,46,6,8,0
378,mild_drift,1.0,0.9662958979606628,0.6989491581916809,61,203,3973,523,203,0,16,29,8,8,0
379,mild_drift,0.3,0.9747462868690491,0.6532721519470215,70,220,4836,647,220,0,16,15,31,8,0
380,mild_drift,1.0,1.0179595947265625,0.7263987064361572,69,209,4208,610,209,0,15,28,18,8,0
381,mild_drift,0.3,0.9718199968338013,0.5189884901046753,93,201,4032,426,201,0,46,16,23,8,0
382,mild_drift,0.5,0.9039028286933899,0.6188941597938538,77,202,4815,560,202,0,16,45,8,8,0
383,mild_drift,1.0,1.0206573009490967,0.5582693815231323,71,201,4158,472,201,0,16,16,31,8,0
384,mild_drift,0.6,1.0001391172409058,0.6333509683609009,99,221,4835,640,221,0,15,48,28,8,0
385,mild_drift,0.6,0.9191999435424805,0.6182227730751038,94,200,4749,552,200,0,16,32,38,8,0
386,mild_drift,0.6,0.9982449412345886,0.5352109670639038,116,229,5596,641,229,0,16,80,12,8,0
387,mild_drift,1.0,0.8245363235473633,0.6356797218322754,68,201,3561,349,201,0,16,32,12,8,0
388,mild_drift,0.8,0.985378086566925,0.575760006904602,92,203,4184,466,203,0,16,60,8,8,0
389,mild_drift,0.7,0.8972938060760498,0.586254358291626,90,210,3850,586,210,0,14,46,22,8,0
390,mild_drift,1.0,0.9058969616889954,0.7228338718414307,73,202,3762,360,202,0,16,44,5,8,0
391,mild_drift,0.5,0.8640095591545105,0.5828564763069153,105,202,4550,504,202,0,48,16,33,8,0
392,mild_drift,1.0,0.9723228812217712,0.46894514560699463,75,200,3742,383,200,0,46,13,8,8,0
393,mild_drift,1.0,1.00727117061615,0.48785513639450073,109,200,3715,400,200,0,48,45,8,8,0
394,mild_drift,0.8,0.8210216760635376,0.6724481582641602,80,204,4555,558,204,0,15,29,28,8,0
395,mild_drift,1.0,0.8314735889434814,0.7220768928527832,77,205,3506,399,205,0,32,16,21,8,0
396,mild_drift,1.0,0.6722206473350525,0.5616941452026367,77,209,4548,454,209,0,32,29,8,8,0
397,mild_drift,0.4,0.8776604533195496,0.7184953689575195,53,225,5179,676,225,0,16,15,14,8,0
398,mild_drift,0.9,1.0961662530899048,0.46523427963256836,110,209,4637,574,209,0,29,45,28,8,0
399,mild_drift,0.8,1.0910253524780273,0.5229655504226685,92,200,4145,443,200,0,16,46,22,8,0
400,mild_drift,1.0,0.8027860522270203,0.6106729507446289,69,201,3773,414,201,0,16,32,17,4,0
401,mild_drift,0.5,0.7641936540603638,0.5121061205863953,132,201,4582,514,201,0,32,80,12,8,0
402,mild_drift,0.9,0.8632222414016724,0.7866529822349548,106,203,3918,473,203,0,65,27,10,4,0
403,mild_drift,0.9,0.8801929354667664,0.6529555320739746,69,208,3961,415,208,0,16,32,17,4,0
404,mild_drift,0.7,0.8870012164115906,0.5645592212677002,61,200,4444,523,200,0,16,29,8,8,0
405,mild_drift,0.7,0.9406764507293701,0.6746168732643127,64,206,4665,620,206,0,15,24,17,8,0
406,mild_drift,0.5,1.0393236875534058,0.8347563147544861,68,226,4753,645,226,0,32,16,12,8,0
407,mild_drift,1.0,1.1627240180969238,0.6321578025817871,73,202,2972,266,202,0,16,31,18,8,0
408,mild_drift,1.0,0.9149812459945679,0.6597055196762085,78,201,3137,377,201,0,32,14,28,4,0
409,mild_drift,0.9,1.1025620698928833,0.6245958209037781,107,213,4209,620,213,0,48,32,19,8,0
410,mild_drift,0.7,0.9619165062904358,0.5954753756523132,113,201,4369,497,201,0,48,29,28,8,0
411,mild_drift,0.6,1.0448955297470093,0.6812602281570435,119,217,4776,566,217,0,16,47,48,8,0
412,mild_drift,0.5,0.9125000834465027,0.6036669015884399,81,252,5975,619,252,0,32,13,28,8,0
413,mild_drift,0.7,0.9859125018119812,0.6235802173614502,91,204,3898,561,204,0,16,32,35,8,0
414,mild_drift,0.3,0.8435145020484924,0.5733760595321655,138,207,4755,532,207,0,48,77,5,8,0
415,mild_drift,0.8,1.0841200351715088,0.5427876710891724,106,200,4430,471,200,0,16,45,37,8,0
416,mild_drift,0.9,1.0097520351409912,0.4983043074607849,109,200,4571,530,200,0,48,31,22,8,0
417,mild_drift,0.9,0.9308737516403198,0.696526288986206,52,216,4602,605,216,0,13,16,15,8,0
418,mild_drift,0.6,1.0282315015792847,0.7248778343200684,67,204,4321,653,204,0,16,15,28,8,0
419,mild_drift,1.0,0.8927283883094788,0.5700364708900452,81,202,3658,402,202,0,16,31,26,8,0
420,mild_drift,0.9,1.1999180316925049,0.7109838128089905,74,202,3885,429,202,0,16,16,34,8,0
421,mild_drift,0.7,1.086987018585205,0.7105079889297485,102,200,4359,516,200,0,32,47,15,8,0
422,mild_drift,1.0,0.9878630638122559,0.4333030581474304,110,200,2239,214,200,0,31,48,23,8,0
423,mild_drift,0.7,1.0689263343811035,0.5090640783309937,61,200,4411,548,200,0,15,16,22,8,0
424,mild_drift,0.8,0.8986232280731201,0.603809118270874,82,205,4926,641,205,0,16,30,28,8,0
425,mild_drift,0.5,0.9202682971954346,0.6224092245101929,116,203,4702,552,203,0,48,32,28,8,0
426,mild_drift,0.3,0.9374493956565857,0.642121434211731,57,239,5278,669,239,0,16,28,5,8,0
427,mild_drift,0.6,0.8057763576507568,0.6241892576217651,106,202,4418,500,202,0,32,45,25,4,0
428,mild_drift,0.5,1.0400390625,0.6236063838005066,97,203,4620,491,203,0,32,29,28,8,0
429,mild_drift,0.3,0.7936505675315857,0.6640413999557495,61,207,4696,634,207,0,15,14,28,4,0
430,mild_drift,0.1,0.9814064502716064,0.666322648525238,84,211,4853,634,211,0,15,32,29,8,0
431,mild_drift,0.9,0.9627193212509155,0.6103624105453491,76,206,4389,564,206,0,16,46,6,8,0
432,mild_drift,0.8,0.7910516262054443,0.5281777381896973,110,210,4557,528,210,0,16,48,38,8,0
433,mild_drift,0.7,0.9730602502822876,0.7831963300704956,100,202,3918,442,202,0,15,59,18,8,0
434,mild_drift,0.7,1.0040847063064575,0.6846673488616943,109,210,4540,632,210,0,32,47,22,8,0
435,mild_drift,0.9,0.964388906955719,0.5505506992340088,104,202,4100,429,202,0,32,32,32,8,0
436,mild_drift,1.0,1.1139538288116455,0.5566491484642029,125,200,2972,303,200,0,76,14,27,8,0
437,mild_drift,0.4,1.0962228775024414,0.6694259643554688,108,204,4583,617,204,0,16,45,39,8,0
438,mild_drift,1.0,1.0260127782821655,0.6110916137695312,89,205,4135,467,205,0,16,32,33,8,0
439,mild_drift,0.9,0.8599896430969238,0.4779222011566162,77,201,4150,444,201,0,32,29,8,8,0
440,mild_drift,0.6,0.8693588972091675,0.6202702522277832,124,203,4676,575,203,0,63,32,21,8,0
441,mild_drift,0.7,0.8194613456726074,0.637409508228302,100,212,5082,592,212,0,63,16,17,4,0
442,mild_drift,0.9,1.083899974822998,0.6867878437042236,82,226,3824,628,226,0,32,13,29,8,0
443,mild_drift,0.5,1.112414002418518,0.6197410821914673,73,202,3896,577,202,0,28,9,28,8,0
444,mild_drift,1.0,0.861504077911377,0.4523332118988037,80,200,1701,217,200,0,23,31,18,8,0
445,mild_drift,0.8,1.0254099369049072,0.6686466932296753,97,206,4317,586,206,0,32,32,25,8,0
446,mild_drift,1.0,1.0913732051849365,0.7198994159698486,92,212,3927,577,212,0,28,16,40,8,0
447,mild_drift,0.8,1.0642757415771484,0.6437239646911621,84,220,4452,682,220,0,16,48,12,8,0
448,mild_drift,0.6,0.8222982883453369,0.5618389844894409,67,200,4821,567,200,0,16,31,12,8,0
449,mild_drift,0.9,0.9529373645782471,0.6134021282196045,116,213,4837,604,213,0,79,16,13,8,0
450,mild_drift,1.0,0.9797703623771667,0.4936785101890564,104,206,3475,385,206,0,16,61,19,8,0
451,mild_drift,0.8,1.0782246589660645,0.6079742312431335,61,201,4333,478,201,0,16,29,8,8,0
452,mild_drift,0.4,0.9516333341598511,0.5929165482521057,91,204,4742,526,204,0,32,43,8,8,0
453,mild_drift,0.5,0.9923635721206665,0.6764168739318848,99,201,4072,511,201,0,16,44,31,8,0
454,mild_drift,0.5,1.0536584854125977,0.7068042755126953,68,204,4359,614,204,0,32,16,12,8,0
455,mild_drift,1.0,1.0152246952056885,0.5474412441253662,109,200,3992,362,200,0,48,31,22,8,0
456,mild_drift,0.7,0.9990188479423523,0.6376635432243347,56,203,4360,597,203,0,30,13,5,8,0
457,mild_drift,0.7,1.035966157913208,0.7414058446884155,85,210,4300,554,210,0,16,30,31,8,0
458,mild_drift,0.9,1.087346076965332,0.7662950754165649,101,209,4124,625,209,0,27,40,26,8,0
459,mild_drift,0.5,1.0539777278900146,0.4704270362854004,83,201,4545,588,201,0,32,31,12,8,0
460,mild_drift,0.7,0.8399646282196045,0.6183639764785767,79,214,5144,571,214,0,32,14,29,4,0
461,mild_drift,0.5,0.883697509765625,0.5861880779266357,68,207,5019,592,207,0,32,16,12,8,0
462,mild_drift,0.5,1.1865034103393555,0.6281605362892151,96,200,4423,486,200,0,16,32,40,8,0
463,mild_drift,0.7,0.7950685024261475,0.5567993521690369,110,200,4719,537,200,0,32,48,22,8,0
464,mild_drift,0.6,0.9749125242233276,0.6197246313095093,91,202,4249,449,202,0,16,32,35,8,0
465,mild_drift,0.7,0.8653240203857422,0.5936161279678345,99,200,4848,575,200,0,15,64,12,8,0
466,mild_drift,1.0,1.0308260917663574,0.5310096144676208,107,201,3962,430,201,0,48,29,22,8,0
467,mild_drift,1.0,0.8539848923683167,0.5745993852615356,76,201,2256,227,201,0,15,23,30,8,0
468,mild_drift,1.0,0.9787344336509705,0.47939616441726685,111,200,4192,438,200,0,64,16,23,8,0
469,mild_drift,0.6,0.7696977853775024,0.6259007453918457,73,206,4839,557,206,0,16,43,10,4,0
470,mild_drift,0.3,1.0217193365097046,0.6231288313865662,70,200,4005,556,200,0,15,24,23,8,0
471,mild_drift,0.3,1.0046031475067139,0.6495099663734436,102,201,4690,597,201,0,45,19,30,8,0
472,mild_drift,0.8,1.1261183023452759,0.5229088664054871,107,206,4880,639,206,0,48,16,35,8,0
473,mild_drift,0.4,0.8541227579116821,0.5383578538894653,116,200,4718,558,200,0,48,48,12,8,0
474,mild_drift,0.5,0.8559991717338562,0.6641188859939575,84,203,4726,624,203,0,16,46,14,8,0
475,mild_drift,0.7,0.886570930480957,0.5751452445983887,154,202,4937,521,202,0,48,46,52,8,0
476,mild_drift,1.0,1.1400837898254395,0.5693532228469849,147,200,2568,208,200,0,77,16,46,8,0
477,mild_drift,1.0,0.9282103776931763,0.6287058591842651,68,202,3202,291,202,0,32,16,12,8,0
478,mild_drift,1.0,0.9756944179534912,0.49477046728134155,151,200,3173,306,200,0,95,43,5,8,0
479,mild_drift,0.6,0.938319206237793,0.6834356784820557,84,209,4356,568,209,0,45,26,5,8,0
480,mild_drift,1.0,0.9755285978317261,0.7088978290557861,68,207,2763,439,207,0,16,13,31,8,0
481,mild_drift,1.0,0.842129111289978,0.4690014123916626,155,203,4002,459,203,0,16,95,36,8,0
482,mild_drift,0.8,0.8986293077468872,0.6021352410316467,106,203,4380,534,203,0,16,44,38,8,0
483,mild_drift,0.6,0.9863150715827942,0.7086158394813538,79,202,4382,449,202,0,16,32,23,8,0
484,mild_drift,1.0,0.9645550847053528,0.6370854377746582,59,201,3234,377,201,0,16,16,19,8,0
485,mild_drift,0.7,0.9019833207130432,0.59188312292099,116,204,4633,561,204,0,64,32,12,8,0
486,mild_drift,0.5,0.7830819487571716,0.6457948684692383,68,201,4600,563,201,0,32,16,12,8,0
487,mild_drift,1.0,0.8991695046424866,0.3429030776023865,121,200,3399,399,200,0,64,16,33,8,0
488,mild_drift,1.0,1.0321060419082642,0.6828176975250244,82,201,3098,255,201,0,16,30,28,8,0
489,mild_drift,0.6,0.9084125757217407,0.6787594556808472,56,216,5036,659,216,0,15,16,17,8,0
490,mild_drift,0.9,0.9651410579681396,0.6979604959487915,92,208,4158,563,208,0,31,41,12,8,0
491,mild_drift,0.4,1.0669102668762207,0.670377254486084,73,207,4854,666,207,0,32,28,5,8,0
492,mild_drift,0.5,0.8902521133422852,0.61379075050354,108,202,4922,540,202,0,16,62,22,8,0
493,mild_drift,0.9,1.1187628507614136,0.5210027694702148,138,200,3689,339,200,0,61,47,22,8,0
494,mild_drift,0.6,0.6406641006469727,0.6406641006469727,37,201,4555,584,201,0,12,11,10,4,0
495,mild_drift,0.2,0.9275162220001221,0.6432919502258301,81,201,4586,641,201,0,45,16,12,8,0
496,mild_drift,1.0,1.0343818664550781,0.597191333770752,85,203,4329,469,203,0,48,15,14,8,0
497,mild_drift,0.9,0.9092747569084167,0.7487123012542725,106,207,4254,510,207,0,48,29,21,8,0
498,mild_drift,0.5,1.0887619256973267,0.624632716178894,68,200,4636,529,200,0,16,16,28,8,0
499,mild_drift,0.7,0.8223358988761902,0.656069815158844,91,204,4485,582,204,0,47,16,24,4,0
500,mild_drift,1.0,1.0095399618148804,0.3017299771308899,128,200,1791,196,200,0,45,42,33,8,0
501,mild_drift,1.0,0.9147471189498901,0.578106701374054,95,201,3995,329,201,0,16,48,23,8,0
502,mild_drift,0.7,1.0576647520065308,0.6491042375564575,96,204,4620,512,204,0,32,16,40,8,0
503,mild_drift,1.0,0.945805549621582,0.7338021993637085,144,202,2430,260,202,0,48,64,28,4,0
504,mild_drift,0.5,0.9772517085075378,0.675066351890564,90,202,4626,612,202,0,16,16,50,8,0
505,mild_drift,0.9,0.9591252207756042,0.5375719666481018,140,218,4666,494,218,0,64,46,22,8,0
506,mild_drift,0.9,1.0045653581619263,0.582837700843811,87,205,4707,513,205,0,16,30,33,8,0
507,mild_drift,0.5,0.9362994432449341,0.6048685312271118,75,205,4788,617,205,0,16,43,8,8,0
508,mild_drift,0.4,0.7760410308837891,0.6097058057785034,83,209,4904,617,209,0,14,55,10,4,0
509,mild_drift,0.8,1.0111196041107178,0.6046285629272461,61,201,4190,479,201,0,16,29,8,8,0
510,mild_drift,0.5,0.8996014595031738,0.6003357172012329,118,211,5060,558,211,0,31,48,31,8,0
511,mild_drift,0.9,1.1766952276229858,0.706348717212677,87,209,4221,579,209,0,32,28,19,8,0
512,mild_drift,0.4,1.043623685836792,0.5831294059753418,74,208,4694,660,208,0,16,31,19,8,0
513,mild_drift,0.7,0.9759441614151001,0.6840963363647461,68,212,4784,575,212,0,32,16,12,8,0
514,mild_drift,0.4,1.0212132930755615,0.6730812191963196,77,211,4917,574,211,0,32,29,8,8,0
515,mild_drift,0.4,0.9599054455757141,0.6906300783157349,68,205,4602,543,205,0,16,16,28,8,0
516,mild_drift,0.9,1.0473202466964722,0.5351426601409912,127,202,4129,471,202,0,32,64,23,8,0
517,mild_drift,0.7,1.185746669769287,0.7056658864021301,72,209,4262,597,209,0,13,16,35,8,0
518,mild_drift,0.2,0.9094927310943604,0.7350196838378906,76,209,4890,646,209,0,13,32,23,8,0
519,mild_drift,0.9,0.8818995356559753,0.5948042869567871,81,208,3937,472,208,0,15,28,30,8,0
520,mild_drift,0.4,0.9359639286994934,0.5960538983345032,89,212,4720,479,212,0,60,13,8,8,0
521,mild_drift,0.9,1.0444464683532715,0.5949589014053345,85,202,3859,425,202,0,16,30,31,8,0
522,mild_drift,1.0,0.9518460035324097,0.6614490151405334,58,200,4073,415,200,0,16,29,5,8,0
523,mild_drift,0.6,0.9506914615631104,0.5946128964424133,78,201,4412,595,201,0,16,32,22,8,0
524,mild_drift,1.0,0.9000635147094727,0.406003475189209,145,200,3789,295,200,0,32,77,28,8,0
525,mild_drift,0.8,0.9999553561210632,0.5352993607521057,85,202,4431,476,202,0,32,16,29,8,0
526,mild_drift,1.0,0.9218330979347229,0.48637551069259644,135,200,3633,422,200,0,30,45,52,8,0
527,mild_drift,0.5,0.9576281309127808,0.5045085549354553,115,205,5009,527,205,0,16,48,43,8,0
528,mild_drift,1.0,0.9341123700141907,0.5321997404098511,78,211,2733,481,211,0,13,29,28,8,0
529,mild_drift,0.7,1.0087502002716064,0.591769278049469,106,201,4255,516,201,0,48,45,5,8,0
530,mild_drift,0.5,0.9534933567047119,0.6889854669570923,84,209,4439,611,209,0,32,32,12,8,0
531,mild_drift,0.5,0.9743520021438599,0.6397174000740051,106,206,4538,592,206,0,16,61,21,8,0
532,mild_drift,1.0,0.9468688368797302,0.4648386240005493,152,200,4243,451,200,0,80,31,33,8,0
533,mild_drift,1.0,1.0507012605667114,0.2472209334373474,124,200,1962,184,200,0,42,48,26,8,0
534,mild_drift,0.4,0.9189236164093018,0.5537973642349243,111,207,4671,572,207,0,32,48,23,8,0
535,mild_drift,0.9,1.1843104362487793,0.721686601638794,78,208,3912,563,208,0,31,16,23,8,0
536,mild_drift,0.4,1.0290346145629883,0.5807726979255676,90,200,4743,527,200,0,32,45,5,8,0
537,mild_drift,1.0,0.9689114093780518,0.42106306552886963,98,200,3333,332,200,0,44,28,18,8,0
538,mild_drift,0.6,1.1702851057052612,0.6186674237251282,148,200,4263,515,200,0,48,64,28,8,0
539,mild_drift,1.0,0.8973581790924072,0.6332077980041504,45,203,4237,481,203,0,16,13,8,8,0
540,mild_drift,0.4,0.7522417306900024,0.5154747366905212,123,202,4961,595,202,0,32,45,38,8,0
541,mild_drift,0.4,0.8932579755783081,0.6076617240905762,95,200,4529,490,200,0,32,32,23,8,0
542,mild_drift,1.0,1.247763991355896,0.7799952626228333,97,211,4329,614,211,0,32,15,42,8,0
543,mild_drift,0.4,1.0012733936309814,0.6710038185119629,78,212,4601,535,212,0,16,32,22,8,0
544,mild_drift,0.6,1.0317472219467163,0.7622269988059998,137,203,4015,535,203,0,76,41,12,8,0
545,mild_drift,0.7,1.09939444065094,0.6629724502563477,94,215,4926,600,215,0,16,30,40,8,0
546,mild_drift,0.7,0.9476817846298218,0.7345565557479858,65,223,4403,651,223,0,16,16,25,8,0
547,mild_drift,0.4,0.9685132503509521,0.5946177244186401,52,229,5430,647,229,0,16,16,12,8,0
548,mild_drift,0.8,0.9179816246032715,0.6111814975738525,105,205,4546,585,205,0,32,32,33,8,0
549,mild_drift,0.5,0.9184641242027283,0.5578879117965698,77,201,4521,506,201,0,32,29,8,8,0
550,mild_drift,0.4,0.9975913763046265,0.6764974594116211,92,208,4630,598,208,0,16,32,36,8,0
551,mild_drift,0.4,1.0058231353759766,0.6912734508514404,68,244,5319,704,244,0,16,32,12,8,0
552,mild_drift,0.4,1.212538480758667,0.7520294785499573,60,201,4262,487,201,0,15,16,21,8,0
553,mild_drift,0.7,1.0870834589004517,0.6300316452980042,96,208,4733,611,208,0,32,32,24,8,0
554,mild_drift,1.0,1.078111171722412,0.3736576437950134,170,200,2732,312,200,0,48,92,22,8,0
555,mild_drift,1.0,0.786608099937439,0.6148489117622375,92,204,4074,447,204,0,16,46,22,8,0
556,mild_drift,0.4,0.8914941549301147,0.7019245624542236,90,219,4938,627,219,0,61,13,8,8,0
557,mild_drift,0.9,0.8495904207229614,0.5974737405776978,45,203,4528,541,203,0,16,13,8,8,0
558,mild_drift,0.2,0.8051772117614746,0.5739364624023438,45,201,4636,527,201,0,16,13,8,8,0
559,mild_drift,0.6,0.9986662268638611,0.5965999960899353,120,204,4626,616,204,0,32,48,32,8,0
560,mild_drift,0.6,0.9978421330451965,0.7244548201560974,55,229,4614,657,229,0,16,13,18,8,0
561,mild_drift,0.4,0.9249045848846436,0.5739085674285889,116,205,4928,588,205,0,16,80,12,8,0
562,mild_drift,0.7,0.8310709595680237,0.5738294124603271,97,215,4808,712,215,0,32,16,41,8,0
563,mild_drift,0.4,1.0577194690704346,0.6708211898803711,52,202,4768,598,202,0,16,16,12,8,0
564,mild_drift,1.0,0.9130693674087524,0.43075549602508545,111,200,2591,246,200,0,48,32,23,8,0
565,mild_drift,0.8,0.986944317817688,0.6577996611595154,90,202,4523,557,202,0,16,32,34,8,0
566,mild_drift,0.8,0.9375768899917603,0.5917273759841919,79,205,4403,484,205,0,16,32,23,8,0
567,mild_drift,1.0,1.0061761140823364,0.570791482925415,103,202,3939,452,202,0,48,16,31,8,0
568,mild_drift,0.8,0.9624584317207336,0.5547598600387573,114,200,4415,484,200,0,48,30,28,8,0
569,mild_drift,0.5,0.9072065353393555,0.5017626285552979,63,200,4234,380,200,0,16,16,23,8,0
570,mild_drift,1.0,0.8932152390480042,0.3240475058555603,78,200,3140,258,200,0,16,32,22,8,0
571,mild_drift,0.9,0.9700427055358887,0.5573564767837524,106,220,4524,597,220,0,15,64,19,8,0
572,mild_drift,0.6,1.1542917490005493,0.6179686784744263,97,208,4996,641,208,0,32,16,41,8,0
573,mild_drift,0.6,0.8828697800636292,0.6257114410400391,70,209,4455,642,209,0,16,9,37,8,0
574,mild_drift,0.9,0.9670607447624207,0.395385205745697,145,200,3847,357,200,0,78,47,12,8,0
575,mild_drift,1.0,0.9542660713195801,0.6646203994750977,95,203,3349,354,203,0,30,45,12,8,0
576,mild_drift,0.6,0.9714092016220093,0.6650668382644653,83,205,4531,651,205,0,16,47,12,8,0
577,mild_drift,0.6,0.9001662731170654,0.7021445035934448,97,203,4424,590,203,0,16,61,12,8,0
578,mild_drift,0.6,0.9668684601783752,0.6307426691055298,81,248,4446,589,248,0,29,16,28,8,0
579,mild_drift,0.7,0.8903177976608276,0.7055461406707764,72,209,3858,574,209,0,32,14,18,8,0
580,mild_drift,0.5,0.858463704586029,0.7054290771484375,61,228,5393,687,228,0,16,16,25,4,0
581,mild_drift,0.4,0.9473792910575867,0.677524983882904,71,206,4109,571,206,0,32,13,18,8,0
582,mild_drift,0.7,0.8540109992027283,0.6112893223762512,87,205,4715,599,205,0,31,11,37,8,0
583,mild_drift,0.6,0.9341084957122803,0.6513869762420654,78,200,4363,539,200,0,16,32,22,8,0
584,mild_drift,0.5,0.7947465181350708,0.5480663180351257,132,200,4211,561,200,0,48,47,33,4,0
585,mild_drift,0.3,0.9158815145492554,0.7244988679885864,68,204,4467,616,204,0,15,15,30,8,0
586,mild_drift,0.9,1.0371811389923096,0.6678268909454346,110,208,4200,457,208,0,45,29,28,8,0
587,mild_drift,1.0,1.0259672403335571,0.39629465341567993,93,200,3657,281,200,0,32,31,22,8,0
588,mild_drift,1.0,0.9524179697036743,0.5962817668914795,71,203,2727,302,203,0,16,16,31,8,0
589,mild_drift,0.8,0.7289881706237793,0.6488157510757446,51,225,4587,477,225,0,16,12,19,4,0
590,mild_drift,0.1,0.9842151999473572,0.718203067779541,68,203,4670,591,203,0,15,15,30,8,0
591,mild_drift,0.8,0.9024062156677246,0.5964126586914062,76,207,4638,552,207,0,13,32,23,8,0
592,mild_drift,1.0,0.8947785496711731,0.601486086845398,84,201,4270,501,201,0,16,48,12,8,0
593,mild_drift,0.6,0.937505304813385,0.41137367486953735,119,227,5021,614,227,0,48,30,33,8,0
594,mild_drift,0.9,0.9390466809272766,0.5201383829116821,87,202,3921,470,202,0,16,32,31,8,0
595,mild_drift,1.0,0.9053475260734558,0.6766316890716553,82,205,4089,514,205,0,16,44,14,8,0
596,mild_drift,0.5,1.0691797733306885,0.6991917490959167,122,206,4630,573,206,0,16,64,34,8,0
597,mild_drift,0.6,0.9873751401901245,0.5996356010437012,101,211,4805,625,211,0,32,47,14,8,0
598,mild_drift,1.0,1.0144950151443481,0.6109870076179504,98,211,4005,546,211,0,16,28,46,8,0
599,mild_drift,0.3,0.970973551273346,0.6751970648765564,61,206,4509,553,206,0,16,29,8,8,0
600,mild_drift,0.8,0.8355622291564941,0.5612185001373291,76,220,5294,598,220,0,13,32,23,8,0
601,mild_drift,1.0,0.9775314927101135,0.49990415573120117,71,200,3654,331,200,0,16,29,18,8,0
602,mild_drift,0.7,0.8760034441947937,0.6195694208145142,116,203,4521,516,203,0,32,64,12,8,0
603,mild_drift,0.8,1.059187650680542,0.685116708278656,53,223,4798,584,223,0,16,15,14,8,0
604,mild_drift,0.9,1.1206214427947998,0.7441295385360718,46,203,2670,356,203,0,16,16,6,8,0
605,mild_drift,0.7,1.0813827514648438,0.6292017698287964,83,228,4817,534,228,0,16,45,14,8,0
606,mild_drift,0.6,0.9527287483215332,0.6241354942321777,117,206,4577,501,206,0,31,48,30,8,0
607,mild_drift,1.0,0.9496933221817017,0.6462084054946899,55,212,4267,535,212,0,16,14,17,8,0
608,mild_drift,0.5,1.0324994325637817,0.5670766830444336,90,210,4460,646,210,0,16,25,41,8,0
609,mild_drift,0.8,0.8077079653739929,0.7169705629348755,54,214,4612,690,214,0,16,15,19,4,0
610,mild_drift,0.2,1.024090051651001,0.5922608375549316,92,234,5420,517,234,0,47,29,8,8,0
611,mild_drift,1.0,0.9971920251846313,0.6182032823562622,135,200,3609,399,200,0,48,47,32,8,0
612,mild_drift,0.9,1.0770362615585327,0.6240841150283813,81,203,4572,535,203,0,32,13,28,8,0
613,mild_drift,0.8,0.9537021517753601,0.7455571889877319,85,212,4486,580,212,0,32,32,13,8,0
614,mild_drift,0.6,1.0421279668807983,0.6534165143966675,118,207,4619,632,207,0,16,62,32,8,0
615,mild_drift,1.0,1.0881973505020142,0.5294104814529419,93,200,3656,403,200,0,32,47,6,8,0
616,mild_drift,1.0,1.017269253730774,0.4487726092338562,93,200,3838,341,200,0,30,32,23,8,0
617,mild_drift,0.7,0.9715973138809204,0.6945196390151978,84,211,4752,589,211,0,29,16,31,8,0
618,mild_drift,1.0,0.9466050267219543,0.40140241384506226,117,200,3843,311,200,0,16,64,29,8,0
619,mild_drift,1.0,1.0533634424209595,0.5680278539657593,84,200,3331,380,200,0,32,27,17,8,0
620,mild_drift,1.0,1.1266506910324097,0.5319383144378662,100,200,3451,321,200,0,32,12,48,8,0
621,mild_drift,0.9,1.0363960266113281,0.647269606590271,83,200,3372,387,200,0,32,16,27,8,0
622,mild_drift,0.4,1.06855046749115,0.6242750883102417,96,203,3732,571,203,0,32,16,40,8,0
623,mild_drift,0.6,0.90764319896698,0.7338363528251648,77,204,4612,544,204,0,32,29,8,8,0
624,mild_drift,1.0,0.973676323890686,0.5836755037307739,78,204,3247,322,204,0,16,48,6,8,0
625,mild_drift,0.4,0.9616410136222839,0.7425094842910767,88,225,5327,683,225,0,16,32,32,8,0
626,mild_drift,0.6,0.8908148407936096,0.6040486097335815,110,200,4433,488,200,0,32,48,22,8,0
627,mild_drift,1.0,0.8239078521728516,0.47853052616119385,93,202,4033,384,202,0,64,13,8,8,0
628,mild_drift,0.5,0.9591820240020752,0.7612699270248413,87,205,4335,576,205,0,32,29,18,8,0
629,mild_drift,0.5,0.9858757257461548,0.6234981417655945,77,203,4348,524,203,0,32,29,8,8,0
630,mild_drift,0.4,0.9774945974349976,0.6124855279922485,75,207,4951,584,207,0,16,14,37,8,0
631,mild_drift,1.0,0.9664893746376038,0.41470885276794434,147,200,3804,358,200,0,64,47,28,8,0
632,mild_drift,0.8,0.8922182321548462,0.5663677453994751,96,201,4593,594,201,0,13,32,43,8,0
633,mild_drift,0.8,1.1826432943344116,0.6907671093940735,68,208,4346,559,208,0,16,32,12,8,0
634,mild_drift,0.8,1.020740270614624,0.6086727380752563,103,208,4489,496,208,0,32,46,17,8,0
635,mild_drift,0.4,1.0302501916885376,0.6501281261444092,79,211,4671,629,211,0,32,16,23,8,0
636,mild_drift,0.6,0.8444974422454834,0.6415631771087646,100,200,4331,526,200,0,32,29,35,4,0
637,mild_drift,1.0,0.9570237994194031,0.6016216278076172,129,204,3861,425,204,0,32,48,41,8,0
638,mild_drift,0.9,0.9155536890029907,0.5523725748062134,108,207,4447,528,207,0,16,76,8,8,0
639,mild_drift,0.3,0.8856937289237976,0.6139495372772217,86,201,4363,544,201,0,16,28,34,8,0
640,mild_drift,0.9,1.121258020401001,0.6484675407409668,61,226,4358,760,226,0,16,16,21,8,0
641,mild_drift,0.6,1.0308406352996826,0.5433987379074097,139,243,5179,582,243,0,48,32,51,8,0
642,mild_drift,0.1,1.0334666967391968,0.7013200521469116,131,205,4534,627,205,0,80,16,27,8,0
643,mild_drift,0.7,0.9561532139778137,0.6867817640304565,122,206,4600,589,206,0,31,46,37,8,0
644,mild_drift,1.0,1.1111797094345093,0.6219755411148071,109,204,3088,399,204,0,32,46,23,8,0
645,mild_drift,0.4,0.9218698740005493,0.6310871839523315,84,228,5118,631,228,0,48,16,12,8,0
646,mild_drift,1.0,0.9429370760917664,0.6068694591522217,65,206,3447,486,206,0,16,13,28,8,0
647,mild_drift,0.6,1.0982502698898315,0.5944955348968506,88,200,4422,547,200,0,30,45,5,8,0
648,mild_drift,0.8,1.0178788900375366,0.6279422640800476,136,200,4041,568,200,0,48,63,17,8,0
649,mild_drift,0.6,1.0378086566925049,0.7029907703399658,102,205,4455,621,205,0,47,24,23,8,0
650,mild_drift,0.5,0.8946632742881775,0.574947714805603,71,201,4358,543,201,0,15,16,32,8,0
651,mild_drift,0.6,0.8244569301605225,0.6363615393638611,104,208,4545,529,208,0,16,62,18,8,0
652,mild_drift,0.7,0.913627028465271,0.6094290018081665,63,201,4152,440,201,0,16,16,23,8,0
653,mild_drift,0.5,0.9913060069084167,0.697935938835144,68,202,4635,599,202,0,16,32,12,8,0
654,mild_drift,0.8,0.8707486391067505,0.517880380153656,79,201,4162,417,201,0,32,16,23,8,0
655,mild_drift,0.5,0.9230101704597473,0.6975802183151245,108,203,4672,575,203,0,16,31,53,8,0
656,mild_drift,1.0,1.0553531646728516,0.3045862913131714,106,200,3239,265,200,0,32,31,35,8,0
657,mild_drift,1.0,1.1184581518173218,0.633143424987793,56,203,3297,357,203,0,15,16,17,8,0
658,mild_drift,1.0,0.9534314870834351,0.7561481595039368,63,210,2383,380,210,0,16,16,23,8,0
659,mild_drift,0.5,0.9248359203338623,0.6066287755966187,76,200,4536,592,200,0,16,30,22,8,0
660,mild_drift,0.5,0.8785680532455444,0.6097903251647949,93,202,4564,526,202,0,31,31,23,8,0
661,mild_drift,0.7,0.9901548027992249,0.5613141655921936,78,204,3933,518,204,0,32,32,6,8,0
662,mild_drift,1.0,1.0590488910675049,0.6745589971542358,60,203,3907,420,203,0,15,14,23,8,0
663,mild_drift,0.7,0.7679665684700012,0.6753716468811035,68,212,4211,603,212,0,32,16,12,8,0
664,mild_drift,0.7,0.8840969204902649,0.6133872270584106,90,211,3584,432,211,0,48,29,5,8,0
665,mild_drift,0.8,0.9540770649909973,0.5162262916564941,84,220,4634,734,220,0,48,16,12,8,0
666,mild_drift,0.5,0.9353845715522766,0.6124242544174194,153,209,4908,579,209,0,32,60,53,8,0
667,mild_drift,0.6,0.9002063870429993,0.6349740028381348,99,202,4486,517,202,0,16,47,32,4,0
668,mild_drift,0.8,0.9609906673431396,0.5978084206581116,132,202,4255,544,202,0,78,16,30,8,0
669,mild_drift,0.7,1.0908231735229492,0.6845550537109375,76,203,4390,548,203,0,16,16,36,8,0
670,mild_drift,0.8,0.786876380443573,0.6157056093215942,92,202,4436,480,202,0,32,16,40,4,0
671,mild_drift,0.9,0.8844999074935913,0.4836527109146118,139,200,3906,388,200,0,64,59,8,8,0
672,mild_drift,0.7,1.1506744623184204,0.6713876724243164,101,206,4338,527,206,0,16,58,19,8,0
673,mild_drift,0.7,0.8922127485275269,0.5796495676040649,91,200,4284,462,200,0,48,27,8,8,0
674,mild_drift,0.9,0.9494518637657166,0.5960102081298828,82,208,4571,636,208,0,16,16,42,8,0
675,mild_drift,0.8,0.9056397676467896,0.5256352424621582,101,200,4635,542,200,0,16,48,33,4,0
676,mild_drift,1.0,0.9305141568183899,0.6710575819015503,84,208,3702,486,208,0,16,48,12,8,0
677,mild_drift,1.0,1.140721321105957,0.538805365562439,58,200,4621,474,200,0,16,29,5,8,0
678,mild_drift,0.6,0.9339763522148132,0.7296345233917236,98,203,4577,502,203,0,16,31,43,8,0
679,mild_drift,1.0,1.0027639865875244,0.6113279461860657,61,208,4221,480,208,0,16,29,8,8,0
680,mild_drift,1.0,0.9533325433731079,0.6795669794082642,108,201,3643,380,201,0,32,32,36,8,0
681,mild_drift,1.0,0.980840802192688,0.39910227060317993,140,200,3813,369,200,0,32,92,8,8,0
682,mild_drift,1.0,1.1036922931671143,0.5245205163955688,88,200,3770,351,200,0,16,31,33,8,0
683,mild_drift,1.0,1.0596593618392944,0.49511176347732544,105,200,3697,401,200,0,48,15,34,8,0
684,mild_drift,0.7,0.8378177285194397,0.6280869245529175,130,203,4493,518,203,0,32,47,43,8,0
685,mild_drift,0.9,1.011091947555542,0.48044389486312866,139,200,4108,419,200,0,32,61,38,8,0
686,mild_drift,0.9,0.8062222003936768,0.6554175615310669,100,222,4538,608,222,0,32,48,12,8,0
687,mild_drift,1.0,1.027923583984375,0.6068686246871948,105,201,3169,309,201,0,48,31,18,8,0
688,mild_drift,1.0,1.1504782438278198,0.6288372874259949,73,201,3542,398,201,0,16,44,5,8,0
689,mild_drift,0.7,0.7565165758132935,0.6210892796516418,83,201,4467,490,201,0,32,28,19,4,0
690,mild_drift,0.8,0.9444118738174438,0.5698810815811157,123,200,4314,458,200,0,78,29,8,8,0
691,mild_drift,1.0,1.1386101245880127,0.510796070098877,66,200,2769,265,200,0,27,9,22,8,0
692,mild_drift,0.8,0.9444078207015991,0.37915563583374023,163,202,4276,431,202,0,95,32,28,8,0
693,mild_drift,0.9,0.9628175497055054,0.46185845136642456,68,200,3887,374,200,0,16,32,12,8,0
694,mild_drift,1.0,0.8869678378105164,0.635875403881073,61,206,3922,452,206,0,16,15,22,8,0
695,mild_drift,0.2,1.05051851272583,0.6357136964797974,67,202,4683,587,202,0,16,31,12,8,0
696,mild_drift,0.6,0.9539101123809814,0.7518124580383301,82,207,4561,554,207,0,16,46,12,8,0
697,mild_drift,1.0,0.9927699565887451,0.4770994186401367,93,200,3004,258,200,0,32,31,22,8,0
698,mild_drift,1.0,0.8109104633331299,0.5328642129898071,97,203,4502,487,203,0,31,16,42,8,0
699,mild_drift,1.0,0.9039846062660217,0.6165926456451416,86,204,3611,361,204,0,32,13,33,8,0
700,mild_drift,1.0,0.9894726872444153,0.5427444577217102,110,201,3664,307,201,0,32,16,54,8,0
701,mild_drift,0.8,1.041305661201477,0.5964714884757996,90,205,4227,530,205,0,32,31,19,8,0
702,mild_drift,0.9,1.0976665019989014,0.6407756805419922,107,204,3107,346,204,0,32,31,36,8,0
703,mild_drift,0.5,0.9182394742965698,0.6179875135421753,73,206,4653,614,206,0,16,16,33,8,0
704,mild_drift,0.7,0.9733101725578308,0.6048195362091064,111,200,4763,574,200,0,48,27,28,8,0
705,mild_drift,1.0,0.9082646369934082,0.7621550559997559,92,216,3589,625,216,0,32,28,28,4,0
706,mild_drift,0.7,0.7350248098373413,0.6585690975189209,52,214,4284,669,214,0,16,16,12,8,0
707,mild_drift,0.7,0.8046464920043945,0.6080983877182007,76,202,4762,509,202,0,16,16,40,4,0
708,mild_drift,0.5,1.158385992050171,0.6525752544403076,76,202,4137,534,202,0,31,16,21,8,0
709,mild_drift,0.4,0.8190573453903198,0.556317925453186,142,201,4214,537,201,0,63,29,42,8,0
710,mild_drift,0.8,0.7313838601112366,0.6568236351013184,64,201,4020,471,201,0,39,11,10,4,0
711,mild_drift,1.0,1.0049352645874023,0.5156363248825073,99,202,4097,436,202,0,31,48,12,8,0
712,mild_drift,1.0,0.7184894680976868,0.32155507802963257,103,200,2450,253,200,0,48,41,10,4,0
713,mild_drift,0.6,0.818550705909729,0.4927191138267517,110,200,4465,450,200,0,46,16,40,8,0
714,mild_drift,0.3,0.9371446967124939,0.6552373170852661,77,201,4448,599,201,0,16,31,22,8,0
715,mild_drift,0.4,0.9749757051467896,0.708086371421814,109,231,5089,604,231,0,32,31,38,8,0
716,mild_drift,0.6,0.8744769096374512,0.6420333385467529,84,202,4454,621,202,0,16,32,28,8,0
717,mild_drift,0.7,1.1879518032073975,0.6124036312103271,94,203,4019,430,203,0,16,38,32,8,0
718,mild_drift,0.3,1.1103895902633667,0.7225935459136963,79,216,4944,626,216,0,16,32,23,8,0
719,mild_drift,0.6,0.9744483232498169,0.6572574377059937,143,201,4755,496,201,0,32,75,28,8,0
720,mild_drift,0.9,0.8814690113067627,0.4836844801902771,106,200,4657,524,200,0,31,48,19,8,0
721,mild_drift,0.4,0.9450609087944031,0.6430186033248901,110,223,5230,508,223,0,16,48,38,8,0
722,mild_drift,0.6,1.1213425397872925,0.6516053676605225,62,204,4737,566,204,0,16,32,6,8,0
723,mild_drift,0.8,0.7280136346817017,0.5562439560890198,138,212,5030,498,212,0,32,78,24,4,0
724,mild_drift,0.7,1.0894007682800293,0.6108095645904541,119,202,4717,499,202,0,48,48,15,8,0
725,mild_drift,0.6,0.9879279732704163,0.5860775709152222,81,202,4488,525,202,0,32,13,28,8,0
726,mild_drift,0.4,0.9841729998588562,0.6697434186935425,52,200,4603,575,200,0,16,16,12,8,0
727,mild_drift,0.5,0.8827153444290161,0.5998544692993164,74,229,5407,622,229,0,15,32,19,8,0
728,mild_drift,0.5,0.7836981415748596,0.6246586441993713,77,220,5152,695,220,0,32,29,8,8,0
729,mild_drift,1.0,0.8715001344680786,0.3344142436981201,92,200,2264,209,200,0,16,40,28,8,0
730,mild_drift,1.0,0.9908367991447449,0.6777386665344238,108,204,3208,407,204,0,15,63,26,4,0
731,mild_drift,0.4,0.8199841380119324,0.5500779151916504,91,221,4819,570,221,0,28,32,23,8,0
732,mild_drift,1.0,0.9765550494194031,0.5029694437980652,123,204,4089,463,204,0,46,47,22,8,0
733,mild_drift,0.9,1.1246782541275024,0.6970137357711792,96,204,3887,406,204,0,48,15,25,8,0
734,mild_drift,1.0,1.045665979385376,0.4091157913208008,130,200,3487,256,200,0,46,48,28,8,0
735,mild_drift,1.0,1.0327041149139404,0.3446884751319885,138,200,2269,192,200,0,54,41,39,4,0
736,mild_drift,0.9,0.9741427302360535,0.5845509767532349,94,202,3748,376,202,0,16,32,38,8,0
737,mild_drift,0.5,1.0327528715133667,0.5951828956604004,124,200,4553,520,200,0,16,77,23,8,0
738,mild_drift,0.8,0.8482177257537842,0.629144549369812,98,207,4886,636,207,0,16,62,12,8,0
739,mild_drift,0.9,0.9859840869903564,0.49814581871032715,75,200,4186,427,200,0,46,13,8,8,0
740,mild_drift,0.5,0.904466986656189,0.6414108276367188,69,204,4790,542,204,0,16,32,13,8,0
741,mild_drift,0.9,0.957477867603302,0.5105583667755127,127,200,4117,430,200,0,48,48,23,8,0
742,mild_drift,1.0,0.9043396711349487,0.5030004978179932,104,200,3925,382,200,0,63,16,17,8,0
743,mild_drift,0.9,0.8357447385787964,0.4871823787689209,92,201,4089,459,201,0,29,32,23,8,0
744,mild_drift,0.5,0.9807084202766418,0.6365235447883606,165,206,4535,604,206,0,96,16,45,8,0
745,mild_drift,0.3,0.9439964294433594,0.771426260471344,81,227,4461,686,227,0,16,41,20,4,0
746,mild_drift,0.5,1.0334877967834473,0.6597094535827637,57,217,4633,538,217,0,16,15,18,8,0
747,mild_drift,0.7,1.0037174224853516,0.6718080043792725,89,207,4115,661,207,0,32,32,17,8,0
748,mild_drift,1.0,1.0097134113311768,0.6284540891647339,120,201,3561,365,201,0,31,60,21,8,0
749,mild_drift,0.9,0.9104158282279968,0.4908999800682068,126,200,4289,404,200,0,43,32,43,8,0
750,mild_drift,0.8,1.0105643272399902,0.5093033313751221,93,200,4288,465,200,0,30,16,39,8,0
751,mild_drift,0.4,0.9323245286941528,0.6824832558631897,109,202,4115,524,202,0,16,63,22,8,0
752,mild_drift,0.9,0.8042807579040527,0.5971592664718628,77,204,4489,599,204,0,32,15,22,8,0
753,mild_drift,0.9,0.9355490803718567,0.547189474105835,85,224,4550,486,224,0,32,13,32,8,0
754,mild_drift,0.9,0.9448509812355042,0.4781871438026428,93,200,4138,389,200,0,16,48,21,8,0
755,mild_drift,0.9,0.9627940058708191,0.6682206988334656,95,210,4093,568,210,0,32,15,40,8,0
756,mild_drift,0.6,0.8279720544815063,0.7045812606811523,77,208,4358,571,208,0,32,29,8,8,0
757,mild_drift,0.9,1.142029047012329,0.6181098222732544,90,202,3556,405,202,0,16,44,22,8,0
758,mild_drift,0.9,0.9338555932044983,0.6000230312347412,94,207,4656,540,207,0,16,32,38,8,0
759,mild_drift,0.9,0.9013479351997375,0.6414285898208618,140,202,3579,496,202,0,80,31,21,8,0
760,mild_drift,1.0,1.0441557168960571,0.3794557452201843,79,200,3585,239,200,0,16,31,24,8,0
761,mild_drift,0.8,0.9624190330505371,0.49428635835647583,97,200,4526,489,200,0,48,13,28,8,0
762,mild_drift,0.1,0.7561681270599365,0.527331531047821,121,203,4696,560,203,0,16,45,56,4,0
763,mild_drift,0.4,1.1467634439468384,0.6276239156723022,144,200,4680,586,200,0,64,32,40,8,0
764,mild_drift,1.0,0.9382871985435486,0.6086558103561401,119,201,2985,353,201,0,16,90,5,8,0
765,mild_drift,0.8,0.9571806788444519,0.8873353600502014,78,328,5958,683,328,0,53,11,10,4,0
766,mild_drift,0.5,0.8931237459182739,0.5958915948867798,87,233,5353,550,233,0,16,32,31,8,0
767,mild_drift,0.4,1.0792790651321411,0.6409903764724731,73,202,4542,570,202,0,16,32,17,8,0
768,mild_drift,0.6,0.8717222213745117,0.6204121112823486,73,201,4599,566,201,0,47,13,5,8,0
769,mild_drift,0.6,0.9739630818367004,0.6466829776763916,84,208,4465,618,208,0,32,27,17,8,0
770,mild_drift,1.0,0.9419670701026917,0.23704451322555542,137,200,2460,212,200,0,60,39,30,8,0
771,mild_drift,1.0,0.7814405560493469,0.41783273220062256,160,200,3724,344,200,0,47,48,57,8,0
772,mild_drift,0.4,0.9319684505462646,0.6211597323417664,81,205,4781,551,205,0,30,15,28,8,0
773,mild_drift,0.7,0.9655663371086121,0.6455602645874023,75,201,4272,538,201,0,46,13,8,8,0
774,mild_drift,0.7,0.9706657528877258,0.7655213475227356,71,209,3675,499,209,0,16,29,18,8,0
775,mild_drift,0.8,0.8618909120559692,0.6037271618843079,141,202,4276,500,202,0,31,64,42,4,0
776,mild_drift,1.0,1.0909779071807861,0.5450247526168823,122,200,3156,305,200,0,62,16,36,8,0
777,mild_drift,0.7,0.9832334518432617,0.6146073937416077,68,201,4645,517,201,0,32,16,12,8,0
778,mild_drift,0.7,0.9269629716873169,0.5003958940505981,131,200,4356,519,200,0,48,32,43,8,0
779,mild_drift,0.3,0.853975236415863,0.5730025768280029,84,235,5592,564,235,0,32,16,28,8,0
780,mild_drift,1.0,0.8864721655845642,0.28887510299682617,92,200,2796,239,200,0,13,49,22,8,0
781,mild_drift,0.2,1.1312451362609863,0.6337098479270935,92,205,4510,580,205,0,32,13,39,8,0
782,mild_drift,1.0,1.0627435445785522,0.5113629102706909,94,202,4447,500,202,0,16,48,22,8,0
783,mild_drift,0.8,0.8895897269248962,0.5538514852523804,95,202,4446,567,202,0,48,16,23,8,0
784,mild_drift,0.6,1.0686630010604858,0.673999011516571,83,205,4359,559,205,0,16,47,12,8,0
785,mild_drift,0.9,0.9305213689804077,0.6197775602340698,83,206,4533,591,206,0,31,32,12,8,0
786,mild_drift,0.4,0.8515352606773376,0.5823044180870056,136,200,3973,443,200,0,63,44,21,8,0
787,mild_drift,0.3,1.0536632537841797,0.6204860210418701,136,215,4999,661,215,0,96,14,18,8,0
788,mild_drift,0.6,0.8733354806900024,0.4881560802459717,96,201,4529,497,201,0,13,32,43,8,0
789,mild_drift,1.0,1.1555801630020142,0.6028480529785156,87,202,3331,294,202,0,31,16,32,8,0
790,mild_drift,0.9,0.8909839391708374,0.671808123588562,98,211,3971,519,211,0,16,62,12,8,0
791,mild_drift,0.4,1.0045115947723389,0.6897707581520081,81,208,4643,620,208,0,32,16,25,8,0
792,mild_drift,0.7,0.7614728212356567,0.6442593932151794,85,227,4682,688,227,0,60,11,10,4,0
793,mild_drift,0.6,0.8187050223350525,0.651124894618988,84,205,4398,548,205,0,32,16,32,4,0
794,mild_drift,0.3,0.9011075496673584,0.6397768259048462,62,213,4787,599,213,0,16,16,22,8,0
795,mild_drift,1.0,0.9829960465431213,0.5922814607620239,73,213,4377,606,213,0,16,16,33,8,0
796,mild_drift,1.0,0.9546550512313843,0.558139979839325,56,200,3572,384,200,0,15,16,17,8,0
797,mild_drift,0.7,1.0002446174621582,0.6550248265266418,79,221,5095,586,221,0,32,16,23,8,0
798,mild_drift,0.5,1.0259655714035034,0.5392390489578247,99,201,4848,583,201,0,16,31,44,8,0
799,mild_drift,1.0,1.0176196098327637,0.5840131044387817,86,202,4146,440,202,0,13,46,19,8,0
800,mild_drift,0.3,1.014869213104248,0.6124435663223267,84,207,4787,606,207,0,32,32,12,8,0
801,mild_drift,0.9,1.1680012941360474,0.7471822500228882,78,220,3751,599,220,0,16,14,40,8,0
802,mild_drift,0.6,0.9622594118118286,0.5679117441177368,80,202,4868,519,202,0,16,38,18,8,0
803,mild_drift,1.0,0.9894615411758423,0.7433270215988159,98,210,2303,460,210,0,45,27,18,8,0
804,mild_drift,0.8,0.9380916953086853,0.46073514223098755,109,200,4603,503,200,0,48,31,22,8,0
805,mild_drift,1.0,1.0486011505126953,0.473635733127594,86,201,3119,261,201,0,43,16,19,8,0
806,mild_drift,1.0,0.9211848974227905,0.4318655729293823,124,200,4252,434,200,0,15,79,22,8,0
807,mild_drift,0.7,1.104911208152771,0.8167316317558289,72,201,3431,502,201,0,31,15,18,8,0
808,mild_drift,0.9,1.1152527332305908,0.6549865007400513,104,205,3544,420,205,0,46,21,29,8,0
809,mild_drift,1.0,0.8295378684997559,0.5928746461868286,98,204,3801,443,204,0,16,45,33,4,0
810,mild_drift,0.8,0.9655898809432983,0.5733180046081543,84,217,4614,503,217,0,32,32,12,8,0
811,mild_drift,0.4,0.9062074422836304,0.6765836477279663,99,217,4977,556,217,0,16,43,32,8,0
812,mild_drift,1.0,0.9154528379440308,0.7136605978012085,84,202,4129,508,202,0,31,27,18,8,0
813,mild_drift,1.0,0.882693886756897,0.36229032278060913,125,200,3084,295,200,0,63,31,23,8,0
814,mild_drift,0.6,1.096502423286438,0.8349393606185913,55,207,4167,637,207,0,16,14,17,8,0
815,mild_drift,1.0,1.0558851957321167,0.5204147100448608,105,200,2296,264,200,0,47,31,19,8,0
816,mild_drift,0.8,0.9511245489120483,0.7142291069030762,99,204,4266,501,204,0,16,63,12,8,0
817,mild_drift,0.7,1.042794942855835,0.6447792053222656,86,210,4784,702,210,0,31,30,17,8,0
818,mild_drift,0.7,0.8506162166595459,0.526675820350647,85,200,4197,427,200,0,16,48,17,4,0
819,mild_drift,1.0,0.964235782623291,0.450946569442749,101,200,3190,266,200,0,48,40,5,8,0
820,mild_drift,1.0,0.9545482397079468,0.683016300201416,89,209,3486,520,209,0,16,16,49,8,0
821,mild_drift,0.3,1.0268363952636719,0.5199356079101562,108,204,4685,562,204,0,31,32,37,8,0
822,mild_drift,0.6,1.0772111415863037,0.5967031717300415,98,215,3780,562,215,0,16,47,27,8,0
823,mild_drift,0.6,0.9466361403465271,0.5509867668151855,93,204,4856,595,204,0,16,48,21,8,0
824,mild_drift,0.6,0.9200552701950073,0.6234477758407593,78,213,4245,640,213,0,31,16,23,8,0
825,mild_drift,0.6,0.947807788848877,0.6281594038009644,76,207,4602,494,207,0,16,16,36,8,0
826,mild_drift,0.9,0.9546074271202087,0.6668341159820557,87,210,4425,536,210,0,16,32,35,4,0
827,mild_drift,0.9,0.8186696767807007,0.529871940612793,101,202,4377,487,202,0,12,32,49,8,0
828,mild_drift,0.6,0.8930746912956238,0.6725255250930786,105,224,5177,686,224,0,32,60,5,8,0
829,mild_drift,1.0,0.9246076345443726,0.6138019561767578,116,203,3771,430,203,0,48,32,28,8,0
830,mild_drift,1.0,1.148635745048523,0.5969637632369995,111,206,4067,474,206,0,48,16,39,8,0
831,mild_drift,0.3,0.9314443469047546,0.6075010299682617,92,211,4610,643,211,0,31,16,37,8,0
832,mild_drift,0.9,1.024535894393921,0.5733116865158081,82,201,4334,487,201,0,16,16,42,8,0
833,mild_drift,1.0,0.9814450740814209,0.6129002571105957,87,206,3117,452,206,0,16,41,22,8,0
834,mild_drift,0.6,0.9192766547203064,0.6096577048301697,162,200,4475,594,200,0,94,16,48,4,0
835,mild_drift,0.9,0.841858983039856,0.6772127151489258,94,212,4444,577,212,0,16,58,12,8,0
836,mild_drift,1.0,1.038626790046692,0.7214521169662476,56,203,3722,437,203,0,16,27,5,8,0
837,mild_drift,0.4,0.9216934442520142,0.560989260673523,84,214,5111,675,214,0,32,16,28,8,0
838,mild_drift,0.8,0.9601796865463257,0.6704784631729126,62,202,3855,396,202,0,15,16,23,8,0
839,mild_drift,0.8,0.9346940517425537,0.665825366973877,67,201,4185,549,201,0,16,31,12,8,0
840,mild_drift,0.4,0.8064777851104736,0.5682639479637146,109,217,5087,640,217,0,16,59,26,8,0
841,mild_drift,0.6,1.0453646183013916,0.6790011525154114,87,204,4405,453,204,0,32,39,8,8,0
842,mild_drift,1.0,1.0551509857177734,0.47353851795196533,147,200,3841,420,200,0,80,31,28,8,0
843,mild_drift,0.8,0.984993577003479,0.5312668085098267,116,205,4363,479,205,0,32,64,12,8,0
844,mild_drift,0.8,1.110551118850708,0.5515973567962646,109,200,4682,463,200,0,64,16,21,8,0
845,mild_drift,1.0,0.8540431261062622,0.39062368869781494,93,200,3435,334,200,0,16,47,22,8,0
846,mild_drift,0.5,0.8536156415939331,0.6215145587921143,75,211,4874,642,211,0,16,32,19,8,0
847,mild_drift,0.2,1.0227605104446411,0.6495748162269592,83,241,5433,648,241,0,16,31,28,8,0
848,mild_drift,0.8,0.9303101897239685,0.6400449872016907,89,202,4033,498,202,0,16,48,17,8,0
849,mild_drift,1.0,1.0983431339263916,0.5426222085952759,137,200,3103,344,200,0,15,72,42,8,0
850,mild_drift,1.0,0.989088773727417,0.5139778256416321,68,201,4286,539,201,0,32,16,12,8,0
851,mild_drift,0.5,0.9195687174797058,0.680091917514801,128,206,4215,540,206,0,47,29,44,8,0
852,mild_drift,1.0,0.8258899450302124,0.4936831593513489,78,205,4258,418,205,0,32,16,22,8,0
853,mild_drift,1.0,0.9760462045669556,0.5179208517074585,100,203,3855,399,203,0,48,32,12,8,0
854,mild_drift,0.8,1.0475165843963623,0.7958946824073792,104,232,5088,676,232,0,32,47,17,8,0
855,mild_drift,0.6,1.0252172946929932,0.6834032535552979,100,204,4559,597,204,0,32,48,12,8,0
856,mild_drift,0.7,0.884456217288971,0.6831120252609253,59,204,4533,544,204,0,15,28,8,8,0
857,mild_drift,0.4,0.9644889831542969,0.7249807715415955,88,210,4794,555,210,0,16,27,37,8,0
858,mild_drift,0.8,1.0270442962646484,0.7091649770736694,103,210,4198,531,210,0,16,32,47,8,0
859,mild_drift,0.6,0.9997704029083252,0.5260170102119446,146,200,4661,504,200,0,48,47,43,8,0
860,mild_drift,1.0,1.0503056049346924,0.4983011484146118,136,200,3125,275,200,0,79,16,33,8,0
861,mild_drift,0.8,0.9701754450798035,0.5279544591903687,100,200,4563,566,200,0,32,15,45,8,0
862,mild_drift,0.5,1.0286896228790283,0.6276334524154663,68,204,4871,608,204,0,16,32,12,8,0
863,mild_drift,0.9,0.9033635854721069,0.42572635412216187,120,200,3859,377,200,0,62,31,19,8,0
864,mild_drift,1.0,1.1243038177490234,0.601233720779419,94,201,3041,305,201,0,48,14,24,8,0
865,mild_drift,0.6,0.8854231238365173,0.6122593879699707,68,206,4886,610,206,0,16,32,12,8,0
866,mild_drift,0.5,0.8718869090080261,0.6899182796478271,81,211,4765,648,211,0,16,16,41,8,0
867,mild_drift,0.8,0.8862489461898804,0.6313818693161011,68,209,4164,591,209,0,32,16,12,8,0
868,mild_drift,0.7,1.02689528465271,0.6734334230422974,86,202,4166,560,202,0,32,24,22,8,0
869,mild_drift,1.0,0.9659582376480103,0.5016714334487915,161,203,4418,453,203,0,78,32,43,8,0
870,mild_drift,0.4,0.8345160484313965,0.5255117416381836,131,212,5039,546,212,0,64,30,33,4,0
871,mild_drift,0.3,0.8832618594169617,0.6309937238693237,110,206,4513,584,206,0,32,64,6,8,0
872,mild_drift,0.5,0.9340754747390747,0.592292070388794,136,200,3537,399,200,0,14,95,19,8,0
873,mild_drift,0.2,0.9879357814788818,0.5413568019866943,68,210,4815,590,210,0,16,32,12,8,0
874,mild_drift,1.0,0.8762394785881042,0.36191892623901367,92,200,3329,253,200,0,32,32,24,4,0
875,mild_drift,1.0,1.109757900238037,0.7569350600242615,69,206,2049,311,206,0,32,16,13,8,0
876,mild_drift,1.0,0.8807750344276428,0.6619617938995361,56,205,3040,358,205,0,16,14,18,8,0
877,mild_drift,0.6,0.8034972548484802,0.5749143362045288,129,200,4486,506,200,0,32,61,28,8,0
878,mild_drift,0.7,0.9837743043899536,0.6335510611534119,103,204,4521,542,204,0,16,48,31,8,0
879,mild_drift,0.9,1.0849764347076416,0.5548899173736572,87,201,4604,479,201,0,16,30,33,8,0
880,mild_drift,0.9,1.0305070877075195,0.8241699934005737,85,211,4453,591,211,0,16,48,13,8,0
881,mild_drift,1.0,0.6882473230361938,0.5424981117248535,84,204,4373,557,204,0,16,16,48,4,0
882,mild_drift,0.7,0.9537531733512878,0.4946069121360779,126,200,4336,426,200,0,32,63,23,8,0
883,mild_drift,0.9,0.8737868666648865,0.562285304069519,128,212,4243,559,212,0,64,28,28,8,0
884,mild_drift,0.9,1.0406008958816528,0.544933557510376,61,200,4319,450,200,0,16,29,8,8,0
885,mild_drift,1.0,0.8921405076980591,0.8921405076980591,37,212,3737,565,212,0,12,11,10,4,0
886,mild_drift,0.4,0.7643550038337708,0.5432267189025879,79,216,4936,624,216,0,16,32,23,8,0
887,mild_drift,0.6,0.946136474609375,0.5995860695838928,94,200,4435,463,200,0,32,15,39,8,0
888,mild_drift,1.0,0.8722306489944458,0.6302736401557922,81,207,3920,429,207,0,16,15,42,8,0
889,mild_drift,1.0,1.011808156967163,0.5544227361679077,115,200,3372,328,200,0,32,46,29,8,0
890,mild_drift,0.3,1.1359655857086182,0.750675618648529,72,228,4238,719,228,0,31,15,18,8,0
891,mild_drift,0.5,0.9399855732917786,0.581212043762207,75,208,5008,627,208,0,32,16,19,8,0
892,mild_drift,0.8,1.1151601076126099,0.6091057062149048,91,210,4854,646,210,0,32,32,19,8,0
893,mild_drift,1.0,0.9444364309310913,0.5286871194839478,84,200,3983,415,200,0,16,48,12,8,0
894,mild_drift,1.0,0.8884936571121216,0.4347134232521057,110,200,4028,355,200,0,32,48,22,8,0
895,mild_drift,0.7,0.9548366069793701,0.5957369804382324,132,204,4682,560,204,0,48,48,28,8,0
896,mild_drift,0.2,0.8586049675941467,0.6095333695411682,90,218,5152,577,218,0,16,28,38,8,0
897,mild_drift,0.6,1.108959436416626,0.6771743893623352,52,226,4802,676,226,0,13,16,15,8,0
898,mild_drift,1.0,1.014591932296753,0.5168963074684143,122,200,4101,410,200,0,32,41,41,8,0
899,mild_drift,1.0,1.0247642993927002,0.6743496656417847,68,208,4673,570,208,0,16,32,12,8,0
900,mild_drift,0.8,0.9475817680358887,0.7901537418365479,87,213,4291,616,213,0,16,46,17,8,0
901,mild_drift,0.7,0.9458066821098328,0.7056382894515991,78,208,4744,661,208,0,32,16,22,8,0
902,mild_drift,0.1,1.0851545333862305,0.6844460964202881,151,200,4404,517,200,0,96,25,22,8,0
903,mild_drift,0.8,0.8789461255073547,0.6886618137359619,91,203,4463,617,203,0,15,60,8,8,0
904,mild_drift,0.9,1.023765206336975,0.5170349478721619,73,200,3371,397,200,0,31,29,5,8,0
905,mild_drift,0.5,0.9282562136650085,0.7077693939208984,73,223,5154,586,223,0,16,30,19,8,0
906,mild_drift,1.0,0.9079297184944153,0.6352732181549072,91,202,2216,232,202,0,15,23,45,8,0
907,mild_drift,1.0,1.0197333097457886,0.4899216294288635,85,200,4454,446,200,0,16,47,14,8,0
908,mild_drift,0.9,0.8875089287757874,0.5500998497009277,118,202,3724,403,202,0,16,86,8,8,0
909,mild_drift,1.0,0.8658315539360046,0.4192001223564148,131,200,3757,334,200,0,53,48,22,8,0
910,mild_drift,0.8,1.0284018516540527,0.7043591737747192,80,205,3642,459,205,0,15,31,26,8,0
911,mild_drift,0.9,1.055065631866455,0.5198004245758057,59,201,4087,583,201,0,16,29,6,8,0
912,mild_drift,0.8,1.0883450508117676,0.7037971615791321,61,202,4554,580,202,0,16,15,22,8,0
913,mild_drift,1.0,0.9207956790924072,0.6383128762245178,58,202,4440,465,202,0,16,29,5,8,0
914,mild_drift,1.0,1.0081562995910645,0.5930640697479248,130,201,3265,363,201,0,16,62,44,8,0
915,mild_drift,0.6,1.0097332000732422,0.707653284072876,72,207,4860,554,207,0,31,16,17,8,0
916,mild_drift,0.8,0.7662217617034912,0.5612560510635376,69,205,4488,491,205,0,16,16,33,4,0
917,mild_drift,0.5,0.9231483936309814,0.5802897214889526,68,202,4648,620,202,0,16,32,12,8,0
918,mild_drift,0.5,0.9603477716445923,0.62110835313797,68,203,4837,651,203,0,16,32,12,8,0
919,mild_drift,0.6,0.8513301610946655,0.5457780361175537,84,202,4260,452,202,0,32,32,12,8,0
920,mild_drift,0.9,0.9946260452270508,0.4156363606452942,99,200,4068,368,200,0,32,47,12,8,0
921,mild_drift,1.0,0.9095557332038879,0.4275732636451721,100,200,3508,355,200,0,32,48,12,8,0
922,mild_drift,0.6,0.7428868412971497,0.5349512100219727,89,201,4292,501,201,0,32,29,24,4,0
923,mild_drift,0.4,0.9476737380027771,0.6687401533126831,89,206,4661,604,206,0,14,48,19,8,0
924,mild_drift,0.7,0.9026451706886292,0.634888768196106,87,203,4650,569,203,0,16,32,31,8,0
925,mild_drift,0.7,0.8598922491073608,0.6326544284820557,69,205,4071,528,205,0,16,15,30,8,0
926,mild_drift,0.6,1.0866892337799072,0.8922067880630493,56,259,4846,562,259,0,16,14,18,8,0
927,mild_drift,1.0,0.911065936088562,0.581336259841919,95,204,3316,335,204,0,16,48,23,8,0
928,mild_drift,0.9,0.9077134132385254,0.6815193891525269,77,208,4739,627,208,0,32,15,22,8,0
929,mild_drift,1.0,1.0599853992462158,0.6544780731201172,75,202,2972,347,202,0,26,24,17,8,0
930,mild_drift,0.4,0.9200993776321411,0.6413073539733887,66,208,4338,556,208,0,16,15,27,8,0
931,mild_drift,0.6,1.0249009132385254,0.5688982605934143,129,205,4836,603,205,0,90,9,22,8,0
932,mild_drift,1.0,0.8319187760353088,0.5786551833152771,88,200,3673,371,200,0,32,42,10,4,0
933,mild_drift,0.7,0.830704927444458,0.5941227078437805,109,202,4341,474,202,0,32,31,38,8,0
934,mild_drift,0.8,0.9313519597053528,0.8018864393234253,71,266,5037,629,266,0,16,39,8,8,0
935,mild_drift,0.8,1.13810133934021,0.6592720746994019,90,202,4511,523,202,0,30,44,8,8,0
936,mild_drift,0.6,0.8671436905860901,0.6784427165985107,84,202,4494,534,202,0,16,48,12,8,0
937,mild_drift,0.4,1.0025384426116943,0.6086828112602234,112,207,4703,649,207,0,16,76,12,8,0
938,mild_drift,1.0,0.9508050084114075,0.6558452844619751,77,202,4267,455,202,0,16,45,8,8,0
939,mild_drift,0.5,1.1300116777420044,0.7013664245605469,104,215,4103,475,215,0,47,31,18,8,0
940,mild_drift,1.0,1.0121678113937378,0.30730360746383667,111,200,1849,165,200,0,29,48,26,8,0
941,mild_drift,0.9,1.002551794052124,0.5336436033248901,95,205,4373,417,205,0,32,15,40,8,0
942,mild_drift,0.9,0.9348394870758057,0.5662939548492432,129,200,4011,429,200,0,16,64,41,8,0
943,mild_drift,1.0,1.0787538290023804,0.733471691608429,75,202,4145,482,202,0,16,43,8,8,0
944,mild_drift,0.9,1.0201964378356934,0.6882954239845276,84,204,3173,364,204,0,32,32,12,8,0
945,mild_drift,0.2,0.8782225251197815,0.5610032081604004,122,200,4367,551,200,0,16,77,25,4,0
946,mild_drift,0.9,0.7543429732322693,0.5961219668388367,77,202,4831,520,202,0,16,32,25,4,0
947,mild_drift,1.0,0.9569717049598694,0.5726479291915894,70,201,4405,470,201,0,16,13,33,8,0
948,mild_drift,0.5,0.9488549828529358,0.6053162813186646,136,250,5646,599,250,0,48,32,48,8,0
949,mild_drift,1.0,0.9441037774085999,0.5826693773269653,65,233,5172,647,233,0,16,13,28,8,0
950,mild_drift,0.6,0.988053560256958,0.6079221963882446,68,204,4576,587,204,0,16,32,12,8,0
951,mild_drift,0.9,0.810869574546814,0.602634072303772,68,200,4183,460,200,0,16,32,12,8,0
952,mild_drift,0.6,0.9488203525543213,0.546393096446991,73,201,4145,572,201,0,16,30,19,8,0
953,mild_drift,0.6,0.957906186580658,0.5467492938041687,67,230,5615,546,230,0,16,31,12,8,0
954,mild_drift,1.0,0.9059069752693176,0.5113426446914673,93,200,3168,282,200,0,16,54,19,4,0
955,mild_drift,0.4,1.1111036539077759,0.6225951910018921,92,208,4358,564,208,0,45,16,23,8,0
956,mild_drift,0.3,0.999519407749176,0.658545970916748,82,229,5108,631,229,0,16,16,42,8,0
957,mild_drift,0.2,1.0334930419921875,0.6098054647445679,135,216,5239,648,216,0,32,64,31,8,0
958,mild_drift,0.3,0.8918627500534058,0.5869771242141724,117,204,4631,501,204,0,16,48,45,8,0
959,mild_drift,1.0,1.1954400539398193,0.6108214259147644,63,207,4125,570,207,0,16,15,24,8,0
960,mild_drift,0.4,0.8529902100563049,0.5695863366127014,68,208,5046,588,208,0,16,32,12,8,0
961,mild_drift,0.2,0.7580711841583252,0.630717396736145,69,209,4681,603,209,0,44,11,10,4,0
962,mild_drift,0.9,0.992201030254364,0.5132171511650085,127,209,4823,669,209,0,16,75,28,8,0
963,mild_drift,0.9,1.0037658214569092,0.7584543228149414,101,205,4117,372,205,0,32,43,18,8,0
964,mild_drift,1.0,0.9861645698547363,0.5074707269668579,70,200,4164,429,200,0,13,41,8,8,0
965,mild_drift,1.0,0.8916643857955933,0.3462386131286621,84,200,3151,304,200,0,45,13,18,8,0
966,mild_drift,1.0,0.877348780632019,0.5658147931098938,93,213,3462,603,213,0,48,29,8,8,0
967,mild_drift,0.5,0.9897040128707886,0.6288366913795471,88,206,4915,568,206,0,16,32,32,8,0
968,mild_drift,0.7,0.9363926649093628,0.5139850974082947,92,206,5000,558,206,0,16,29,39,8,0
969,mild_drift,0.4,1.0114662647247314,0.7400243282318115,72,210,4715,647,210,0,32,27,5,8,0
970,mild_drift,0.3,1.0933153629302979,0.6357390880584717,77,206,4719,605,206,0,16,32,21,8,0
971,mild_drift,0.7,0.9627613425254822,0.566399872303009,109,202,4379,475,202,0,32,61,8,8,0
972,mild_drift,0.6,0.9026822447776794,0.7509673833847046,56,208,4799,656,208,0,15,16,17,8,0
973,mild_drift,0.6,0.9469544887542725,0.7504084706306458,108,217,4754,620,217,0,16,45,39,8,0
974,mild_drift,1.0,1.0115474462509155,0.4725739359855652,109,201,3856,369,201,0,32,30,39,8,0
975,mild_drift,1.0,1.1100612878799438,0.5093995332717896,77,200,3586,338,200,0,30,16,23,8,0
976,mild_drift,0.8,0.8636078834533691,0.6197620630264282,73,204,4551,592,204,0,16,16,33,8,0
977,mild_drift,0.6,0.9168077111244202,0.6474676132202148,107,219,4792,501,219,0,32,31,36,8,0
978,mild_drift,0.9,0.9430661797523499,0.6330989003181458,107,238,4863,528,238,0,30,40,29,8,0
979,mild_drift,1.0,1.021243929862976,0.42903316020965576,126,200,4195,445,200,0,48,47,23,8,0
980,mild_drift,1.0,1.0215305089950562,0.47804272174835205,145,200,2365,255,200,0,28,81,28,8,0
981,mild_drift,0.9,0.8695487976074219,0.4972919225692749,75,207,3985,586,207,0,16,13,38,8,0
982,mild_drift,0.1,0.9548245072364807,0.7412172555923462,59,225,4681,503,225,0,30,13,8,8,0
983,mild_drift,0.9,1.0233192443847656,0.5587548017501831,81,203,4327,542,203,0,16,16,41,8,0
984,mild_drift,0.7,0.8739862442016602,0.4637490510940552,91,200,4369,476,200,0,15,46,22,8,0
985,mild_drift,0.4,0.9566169381141663,0.5817557573318481,71,202,4899,565,202,0,16,16,31,8,0
986,mild_drift,1.0,0.8334585428237915,0.5901172161102295,73,202,3885,382,202,0,16,30,19,8,0
987,mild_drift,0.6,1.055506944656372,0.6009169816970825,68,207,4791,531,207,0,16,32,12,8,0
988,mild_drift,0.9,0.9850038886070251,0.6218759417533875,104,204,4650,633,204,0,32,32,32,8,0
989,mild_drift,1.0,0.8706023693084717,0.2791149616241455,152,200,2597,228,200,0,79,32,33,8,0
990,mild_drift,0.5,0.9291512966156006,0.6089439392089844,107,200,4835,583,200,0,64,16,19,8,0
991,mild_drift,1.0,1.0173112154006958,0.6066510677337646,69,201,2940,261,201,0,16,14,31,8,0
992,mild_drift,0.4,0.8671138882637024,0.6454665660858154,126,209,4792,597,209,0,32,63,23,8,0
993,mild_drift,0.7,0.9647747278213501,0.6404376029968262,42,207,4222,592,207,0,16,13,5,8,0
994,mild_drift,1.0,0.822770357131958,0.3672614097595215,101,200,3060,220,200,0,32,43,18,8,0
995,mild_drift,0.9,1.0243009328842163,0.6393077969551086,65,202,4291,479,202,0,16,15,26,8,0
996,mild_drift,0.9,1.0821772813796997,0.6928514242172241,73,206,4166,557,206,0,16,31,18,8,0
997,mild_drift,0.7,0.8795609474182129,0.6506713628768921,89,205,4811,621,205,0,32,32,17,8,0
998,mild_drift,0.9,1.0530712604522705,0.5295925736427307,132,201,4309,441,201,0,30,48,46,8,0
999,mild_drift,0.9,0.9397946000099182,0.7266793847084045,71,211,3136,530,211,0,14,44,5,8,0
1000,mild_drift,1.0,1.0162947177886963,0.6813691854476929,116,206,4452,509,206,0,16,64,28,8,0
1001,mild_drift,0.7,1.0520751476287842,0.6514921188354492,58,204,4543,592,204,0,16,29,5,8,0
1002,mild_drift,1.0,0.8326758742332458,0.6354485750198364,101,208,3917,511,208,0,16,62,19,4,0
1003,mild_drift,0.9,0.9815571904182434,0.6925871968269348,61,202,4231,493,202,0,16,15,22,8,0
1004,mild_drift,0.7,1.0609549283981323,0.5702799558639526,120,200,3932,401,200,0,48,47,17,8,0
1005,mild_drift,0.4,1.0811140537261963,0.6325974464416504,101,201,4801,614,201,0,47,13,33,8,0
1006,mild_drift,1.0,0.9153956770896912,0.7490429878234863,64,226,3912,708,226,0,15,14,27,8,0
1007,mild_drift,0.7,0.8652207255363464,0.577606201171875,108,200,4154,532,200,0,16,32,52,8,0
1008,mild_drift,1.0,0.8242640495300293,0.5795278549194336,77,204,4270,509,204,0,16,31,22,8,0
1009,mild_drift,0.9,1.1405456066131592,0.6928980350494385,91,223,5040,652,223,0,16,32,35,8,0
1010,mild_drift,0.9,0.8980783224105835,0.5410106778144836,108,200,4401,491,200,0,64,28,8,8,0
1011,mild_drift,0.6,0.9740557074546814,0.7218359112739563,86,203,4425,631,203,0,15,32,31,8,0
1012,mild_drift,0.7,1.0667524337768555,0.6167600154876709,62,204,4559,545,204,0,15,16,23,8,0
1013,mild_drift,0.5,0.8979527354240417,0.6002931594848633,100,202,4443,554,202,0,32,48,12,8,0
1014,mild_drift,1.0,0.9493998885154724,0.5016852021217346,88,200,3677,356,200,0,32,31,17,8,0
1015,mild_drift,0.5,0.9093509912490845,0.5855115652084351,69,219,5259,665,219,0,16,16,29,8,0
1016,mild_drift,0.5,1.0121904611587524,0.7286050915718079,95,222,4787,604,222,0,32,31,24,8,0
1017,mild_drift,0.7,0.9877299666404724,0.5722280144691467,95,202,4543,505,202,0,16,48,23,8,0
1018,mild_drift,0.8,1.016411304473877,0.5855557918548584,85,238,5398,717,238,0,16,47,14,8,0
1019,mild_drift,0.9,0.8577612638473511,0.5504802465438843,105,200,4150,397,200,0,29,46,22,8,0
1020,mild_drift,0.4,0.7150824666023254,0.6321169137954712,91,233,5395,634,233,0,31,16,40,4,0
1021,mild_drift,0.3,0.9935879111289978,0.6004778146743774,109,206,4723,627,206,0,47,16,38,8,0
1022,mild_drift,1.0,0.9952660202980042,0.6342079639434814,133,214,4500,588,214,0,32,80,13,8,0
1023,mild_drift,0.9,0.9350847005844116,0.6205387115478516,77,218,4261,649,218,0,32,31,6,8,0
1024,mild_drift,0.6,0.9499141573905945,0.6694923639297485,63,204,4479,555,204,0,16,16,23,8,0
1025,mild_drift,0.9,0.9498081207275391,0.6984336376190186,105,203,4122,522,203,0,48,16,33,8,0
1026,mild_drift,0.7,1.022120714187622,0.5241018533706665,135,201,4046,466,201,0,64,16,47,8,0
1027,mild_drift,1.0,1.0229321718215942,0.4862595796585083,116,200,3026,282,200,0,29,57,22,8,0
1028,mild_drift,1.0,1.0825401544570923,0.516840934753418,74,203,4515,557,203,0,15,16,35,8,0
1029,mild_drift,0.5,0.9306769371032715,0.6037772297859192,82,201,4549,540,201,0,32,16,26,8,0
1030,mild_drift,1.0,1.042008399963379,0.46846359968185425,138,200,2857,299,200,0,96,29,5,8,0
1031,mild_drift,0.5,1.1724995374679565,0.6643823385238647,82,217,4562,454,217,0,30,16,28,8,0
1032,mild_drift,0.8,1.0063475370407104,0.5335400104522705,166,215,4625,480,215,0,48,64,46,8,0
1033,mild_drift,0.2,0.8056447505950928,0.6026648283004761,68,202,4575,570,202,0,32,16,12,8,0
1034,mild_drift,0.8,0.998504638671875,0.5194803476333618,122,208,4251,452,208,0,32,47,35,8,0
1035,mild_drift,1.0,0.9254038333892822,0.794818103313446,83,202,3678,381,202,0,16,45,14,8,0
1036,mild_drift,1.0,1.0215187072753906,0.6822298765182495,83,201,3771,295,201,0,16,47,12,8,0
1037,mild_drift,0.4,0.9050419330596924,0.6323244571685791,66,227,5470,626,227,0,16,24,18,8,0
1038,mild_drift,0.6,0.9999021887779236,0.4983362555503845,102,200,4575,527,200,0,32,29,33,8,0
1039,mild_drift,1.0,0.8557758331298828,0.5284304618835449,116,201,3814,401,201,0,48,31,29,8,0
1040,mild_drift,0.6,0.7968317270278931,0.6261590719223022,120,217,5069,587,217,0,31,75,10,4,0
1041,mild_drift,0.5,0.9268490672111511,0.5464216470718384,91,202,4659,495,202,0,30,45,8,8,0
1042,mild_drift,0.4,1.008644700050354,0.6996350288391113,88,234,5234,778,234,0,16,16,48,8,0
1043,mild_drift,0.4,1.0249584913253784,0.6127045154571533,45,203,4599,538,203,0,16,13,8,8,0
1044,mild_drift,1.0,0.9268856644630432,0.45555299520492554,123,200,4269,415,200,0,32,32,51,8,0
1045,mild_drift,0.1,0.9134126305580139,0.6978245973587036,83,203,4666,570,203,0,31,32,12,8,0
1046,mild_drift,0.5,0.9316604137420654,0.672641396522522,154,242,5743,599,242,0,32,91,23,8,0
1047,mild_drift,0.3,0.8979356288909912,0.6035182476043701,100,202,4860,614,202,0,16,64,12,8,0
1048,mild_drift,0.8,0.8608695864677429,0.5263636112213135,45,205,4448,613,205,0,16,13,8,8,0
1049,mild_drift,0.7,0.9628887176513672,0.5214545726776123,103,200,4362,457,200,0,32,30,33,8,0
1050,mild_drift,0.4,0.9751097559928894,0.6221334934234619,127,212,4851,624,212,0,64,16,39,8,0
1051,mild_drift,1.0,1.021293044090271,0.4924851655960083,130,200,4056,428,200,0,94,16,12,8,0
1052,mild_drift,0.9,0.975866436958313,0.658791720867157,83,207,4621,606,207,0,32,31,12,8,0
1053,mild_drift,0.8,1.1031560897827148,0.5298982858657837,166,200,4427,525,200,0,64,61,33,8,0
1054,mild_drift,0.8,0.9822331666946411,0.7168536186218262,74,210,4290,620,210,0,45,13,8,8,0
1055,mild_drift,0.9,1.108404278755188,0.6317993402481079,68,206,4739,579,206,0,32,16,12,8,0
1056,mild_drift,0.8,0.8884234428405762,0.5355983972549438,61,202,4127,426,202,0,16,29,8,8,0
1057,mild_drift,1.0,1.14167058467865,0.7385507822036743,87,202,3710,360,202,0,32,30,17,8,0
1058,mild_drift,1.0,1.0321308374404907,0.4901297688484192,109,200,3462,353,200,0,29,44,28,8,0
1059,mild_drift,0.8,1.0524848699569702,0.7029944658279419,55,203,4353,502,203,0,16,14,17,8,0
1060,mild_drift,0.5,1.0137317180633545,0.6713169813156128,84,203,4560,516,203,0,43,15,18,8,0
1061,mild_drift,0.6,1.2196794748306274,0.6772744655609131,85,203,3834,479,203,0,16,42,19,8,0
1062,mild_drift,0.5,0.8759037256240845,0.5930380821228027,133,203,4593,527,203,0,16,90,19,8,0
1063,mild_drift,0.3,0.9006665349006653,0.6520047187805176,130,214,4907,535,214,0,48,62,12,8,0
1064,mild_drift,0.6,0.9193637371063232,0.6682302951812744,87,201,4278,489,201,0,16,32,31,8,0
1065,mild_drift,0.4,0.981788158416748,0.6062771081924438,135,203,4687,614,203,0,48,46,33,8,0
1066,mild_drift,0.6,0.7928333282470703,0.6200281381607056,99,207,4982,659,207,0,16,32,43,8,0
1067,mild_drift,0.6,1.1454561948776245,0.5728211402893066,76,205,4775,535,205,0,15,16,37,8,0
1068,mild_drift,0.5,0.8643167614936829,0.6289368867874146,86,205,4765,628,205,0,16,29,33,8,0
1069,mild_drift,0.7,0.9688879251480103,0.6748384237289429,97,213,4792,564,213,0,48,13,28,8,0
1070,mild_drift,1.0,1.1129820346832275,0.673218309879303,112,204,3532,418,204,0,32,31,41,8,0
1071,mild_drift,0.9,1.111372947692871,0.5244302749633789,93,200,4172,462,200,0,32,31,22,8,0
1072,mild_drift,0.8,0.9441156387329102,0.6455521583557129,116,202,4596,520,202,0,48,48,12,8,0
1073,mild_drift,1.0,1.054149866104126,0.7770041227340698,72,207,2619,337,207,0,15,31,18,8,0
1074,mild_drift,1.0,0.8441116213798523,0.6787592172622681,103,208,4469,539,208,0,16,46,33,8,0
1075,mild_drift,0.9,0.8445488810539246,0.6429760456085205,83,206,3866,563,206,0,16,32,31,4,0
1076,mild_drift,1.0,0.9974912405014038,0.5891022086143494,61,201,4269,555,201,0,16,29,8,8,0
1077,mild_drift,1.0,0.9634084701538086,0.5616426467895508,61,202,4074,411,202,0,16,29,8,8,0
1078,mild_drift,1.0,0.9019554853439331,0.3896580934524536,110,200,3584,297,200,0,48,32,22,8,0
1079,mild_drift,1.0,0.9515591859817505,0.5409156084060669,100,202,4076,425,202,0,48,16,28,8,0
1080,mild_drift,0.9,1.1040174961090088,0.6651962399482727,109,201,4042,468,201,0,16,73,12,8,0
1081,mild_drift,0.4,0.9634400010108948,0.758650004863739,52,205,4170,655,205,0,16,16,12,8,0
1082,mild_drift,0.6,1.0469473600387573,0.6602427959442139,116,218,4929,575,218,0,16,80,12,8,0
1083,mild_drift,0.8,1.039108395576477,0.5681547522544861,61,202,3951,402,202,0,16,29,8,8,0
1084,mild_drift,0.9,1.042805790901184,0.548417329788208,140,207,4766,576,207,0,32,63,37,8,0
1085,mild_drift,0.9,0.7091070413589478,0.665411114692688,68,209,4159,431,209,0,16,14,34,4,0
1086,mild_drift,1.0,0.8673502206802368,0.49628758430480957,67,200,3194,291,200,0,32,9,22,4,0
1087,mild_drift,0.6,0.8929919600486755,0.6597296595573425,68,228,5230,688,228,0,16,14,30,8,0
1088,mild_drift,0.7,0.9245237112045288,0.5331621170043945,111,229,4931,498,229,0,32,48,23,8,0
1089,mild_drift,0.5,1.0020999908447266,0.6520205736160278,103,201,4443,529,201,0,48,16,31,8,0
1090,mild_drift,1.0,1.0798524618148804,0.4143674373626709,116,200,3892,377,200,0,48,48,12,8,0
1091,mild_drift,0.9,0.9426853656768799,0.7521137595176697,72,205,3989,442,205,0,31,16,17,8,0
1092,mild_drift,0.5,0.9670137166976929,0.6633979082107544,68,208,4630,570,208,0,16,32,12,8,0
1093,mild_drift,1.0,1.03118896484375,0.4061141610145569,107,200,2104,206,200,0,64,27,8,8,0
1094,mild_drift,1.0,0.9121841192245483,0.5099847316741943,110,202,3580,293,202,0,32,48,22,8,0
1095,mild_drift,0.6,1.0440382957458496,0.720343828201294,97,206,4695,643,206,0,16,45,28,8,0
1096,mild_drift,0.5,0.8755865693092346,0.6485548615455627,84,205,4813,594,205,0,32,32,12,8,0
1097,mild_drift,1.0,0.9415415525436401,0.7565648555755615,61,206,3725,431,206,0,16,16,21,8,0
1098,mild_drift,1.0,0.9800863862037659,0.5341577529907227,59,203,3873,293,203,0,16,16,19,8,0
1099,mild_drift,0.7,1.031693935394287,0.5538886189460754,122,206,5080,569,206,0,48,47,19,8,0
1100,mild_drift,0.7,0.8522552847862244,0.42957377433776855,93,200,4561,452,200,0,46,16,23,8,0
1101,mild_drift,1.0,0.7722352743148804,0.5848421454429626,70,203,4111,432,203,0,16,16,30,8,0
1102,mild_drift,0.5,0.9069498181343079,0.5144591331481934,101,200,4445,509,200,0,16,46,31,8,0
1103,mild_drift,0.9,0.9032022953033447,0.6029829978942871,125,203,4409,535,203,0,32,48,37,8,0
1104,mild_drift,0.9,0.9456098675727844,0.5612828731536865,108,203,4325,473,203,0,32,32,36,8,0
1105,mild_drift,0.3,0.8675435781478882,0.6234597563743591,76,238,5171,509,238,0,16,32,24,4,0
1106,mild_drift,0.5,0.8904061317443848,0.6207685470581055,107,203,4482,586,203,0,48,32,19,8,0
1107,mild_drift,0.7,0.893729031085968,0.634735107421875,68,225,5408,648,225,0,16,16,28,8,0
1108,mild_drift,1.0,0.8670264482498169,0.5810735821723938,125,200,4513,532,200,0,48,30,43,4,0
1109,mild_drift,0.8,0.9181399941444397,0.5346592664718628,106,200,4636,543,200,0,48,31,19,8,0
1110,mild_drift,1.0,0.9209727048873901,0.43383848667144775,153,200,4087,344,200,0,80,60,5,8,0
1111,mild_drift,0.7,1.12150239944458,0.6410909295082092,65,215,4457,700,215,0,16,13,28,8,0
1112,mild_drift,0.7,0.9299922585487366,0.5573731660842896,71,200,4563,487,200,0,16,16,31,8,0
1113,mild_drift,1.0,1.0715055465698242,0.5352380275726318,162,200,3704,384,200,0,64,78,12,8,0
1114,mild_drift,0.4,0.8136842846870422,0.6686627864837646,125,217,4735,663,217,0,48,32,37,8,0
1115,mild_drift,1.0,1.0925028324127197,0.49960124492645264,139,200,2692,238,200,0,16,64,51,8,0
1116,mild_drift,1.0,0.970777153968811,0.6583371162414551,135,204,4479,511,204,0,44,64,19,8,0
1117,mild_drift,0.8,0.9367979764938354,0.7305155992507935,67,204,4078,483,204,0,16,31,12,8,0
1118,mild_drift,0.4,1.0989173650741577,0.6508740782737732,110,213,4862,522,213,0,64,15,23,8,0
1119,mild_drift,0.6,1.0735652446746826,0.6974287033081055,142,208,4818,651,208,0,96,16,22,8,0
1120,mild_drift,0.5,0.8660615682601929,0.5047287940979004,68,202,4545,587,202,0,32,16,12,8,0
1121,mild_drift,0.6,0.8690841794013977,0.6412243843078613,92,203,4821,614,203,0,16,29,39,8,0
1122,mild_drift,0.4,0.9795291423797607,0.6238094568252563,109,201,4561,547,201,0,31,47,23,8,0
1123,mild_drift,0.4,1.0157699584960938,0.7582536935806274,75,207,4285,581,207,0,46,13,8,8,0
1124,mild_drift,0.5,0.9256449341773987,0.6374803781509399,104,203,4214,578,203,0,16,48,32,8,0
1125,mild_drift,0.9,1.0325820446014404,0.6557077169418335,97,206,4065,510,206,0,30,31,28,8,0
1126,mild_drift,0.9,1.0338126420974731,0.7236490845680237,96,202,3852,507,202,0,16,60,12,8,0
1127,mild_drift,1.0,0.9912106394767761,0.4196750521659851,161,200,3065,280,200,0,95,30,28,8,0
1128,mild_drift,1.0,0.9005448818206787,0.5308797955513,68,201,3691,366,201,0,16,32,12,8,0
1129,mild_drift,0.8,0.8746263980865479,0.5775399208068848,77,213,4147,559,213,0,32,16,21,8,0
1130,mild_drift,0.6,1.0087162256240845,0.6355739831924438,87,232,5011,708,232,0,32,32,15,8,0
1131,mild_drift,0.5,1.0898387432098389,0.6755378246307373,99,216,4894,610,216,0,48,31,12,8,0
1132,mild_drift,0.7,0.8609212040901184,0.6034139394760132,77,202,4429,511,202,0,16,16,37,8,0
1133,mild_drift,1.0,1.007858395576477,0.5609748363494873,140,200,3653,381,200,0,16,78,38,8,0
1134,mild_drift,1.0,0.93914395570755,0.5067852735519409,108,200,2753,220,200,0,32,60,8,8,0
1135,mild_drift,1.0,0.9656120538711548,0.6124695539474487,71,201,3180,352,201,0,16,15,32,8,0
1136,mild_drift,0.7,0.9306344985961914,0.590989351272583,122,202,4301,567,202,0,63,13,38,8,0
1137,mild_drift,0.8,0.9974252581596375,0.6532560586929321,101,204,4429,563,204,0,16,46,31,8,0
1138,mild_drift,0.7,1.0916848182678223,0.6719820499420166,84,206,4716,638,206,0,16,32,28,8,0
1139,mild_drift,0.5,0.8994309902191162,0.6294605731964111,56,203,4700,636,203,0,15,16,17,8,0
1140,mild_drift,0.8,0.9056874513626099,0.6349624395370483,77,208,4854,624,208,0,16,32,21,8,0
1141,mild_drift,1.0,0.9674783945083618,0.6246855854988098,135,200,4047,403,200,0,76,14,37,8,0
1142,mild_drift,0.9,0.999183714389801,0.8232707381248474,88,212,4191,605,212,0,32,30,18,8,0
1143,mild_drift,0.9,1.1637120246887207,0.7554818987846375,61,206,4441,624,206,0,16,29,8,8,0
1144,mild_drift,0.5,0.9542142152786255,0.6372665166854858,148,200,4644,536,200,0,16,86,38,8,0
1145,mild_drift,0.9,0.9137845635414124,0.6479103565216064,121,205,4462,543,205,0,48,48,17,8,0
1146,mild_drift,0.6,1.0513651371002197,0.5690106749534607,85,216,4750,629,216,0,48,15,14,8,0
1147,mild_drift,0.8,1.0329874753952026,0.6545988321304321,83,216,3139,608,216,0,44,16,15,8,0
1148,mild_drift,0.5,0.9559662938117981,0.589483380317688,71,204,4831,580,204,0,16,16,31,8,0
1149,mild_drift,1.0,0.9577865600585938,0.5219143033027649,81,211,4180,531,211,0,13,32,28,8,0
1150,mild_drift,1.0,1.0280970335006714,0.5254207849502563,92,202,4289,500,202,0,32,30,22,8,0
1151,mild_drift,0.8,1.0936641693115234,0.5890762805938721,157,205,3837,641,205,0,80,28,41,8,0
1152,mild_drift,0.8,1.0101163387298584,0.6047523021697998,61,204,4548,629,204,0,32,13,8,8,0
1153,mild_drift,1.0,1.1295377016067505,0.5997651815414429,74,220,4929,619,220,0,15,32,19,8,0
1154,mild_drift,0.8,0.9344068765640259,0.6828986406326294,104,258,5245,692,258,0,32,47,17,8,0
1155,mild_drift,1.0,1.1277929544448853,0.3864430785179138,93,200,2845,311,200,0,45,16,24,8,0
1156,mild_drift,1.0,0.9716794490814209,0.4998762011528015,94,200,3625,353,200,0,32,32,22,8,0
1157,mild_drift,0.8,0.8854900598526001,0.6007529497146606,85,204,4678,605,204,0,16,16,45,8,0
1158,mild_drift,1.0,0.7664278745651245,0.5810819864273071,106,203,3590,427,203,0,28,48,22,8,0
1159,mild_drift,0.4,1.0205165147781372,0.6637245416641235,116,204,4743,598,204,0,32,46,30,8,0
1160,mild_drift,0.9,0.9076632857322693,0.4985104203224182,110,200,4077,404,200,0,48,16,38,8,0
1161,mild_drift,0.8,0.8316856026649475,0.6838525533676147,95,202,4328,559,202,0,16,48,23,8,0
1162,mild_drift,1.0,0.9662833213806152,0.3580595850944519,94,200,3282,286,200,0,16,48,22,8,0
1163,mild_drift,0.9,0.976000964641571,0.5222020745277405,84,201,4172,499,201,0,48,16,12,8,0
1164,mild_drift,0.8,0.854555070400238,0.6723512411117554,96,201,4600,606,201,0,32,16,44,4,0
1165,mild_drift,1.0,0.9186222553253174,0.6857792735099792,52,203,4597,514,203,0,16,16,12,8,0
1166,mild_drift,0.7,1.0562493801116943,0.58784019947052,193,207,4663,576,207,0,48,109,28,8,0
1167,mild_drift,0.9,0.9796227216720581,0.5335876941680908,109,200,3602,382,200,0,48,16,37,8,0
1168,mild_drift,0.5,0.9636172652244568,0.5731408596038818,77,201,4633,595,201,0,16,45,8,8,0
1169,mild_drift,1.0,0.9614359736442566,0.533143937587738,85,206,3927,502,206,0,43,29,5,8,0
1170,mild_drift,1.0,0.9276335835456848,0.6696474552154541,131,201,3328,381,201,0,64,16,43,8,0
1171,mild_drift,0.5,0.8630315065383911,0.5149404406547546,128,203,4745,588,203,0,16,76,28,8,0
1172,mild_drift,1.0,0.8546363115310669,0.5152690410614014,77,200,3959,393,200,0,32,29,8,8,0
1173,mild_drift,0.8,0.8747525811195374,0.6240075826644897,80,205,4526,507,205,0,29,13,30,8,0
1174,mild_drift,0.4,0.9277023077011108,0.573898196220398,59,201,3892,488,201,0,16,16,19,8,0
1175,mild_drift,0.7,1.0453166961669922,0.6154183149337769,75,200,4193,518,200,0,16,32,19,8,0
1176,mild_drift,0.4,0.8064708113670349,0.6513264775276184,85,223,5173,621,223,0,13,27,37,8,0
1177,mild_drift,0.3,0.9727537631988525,0.5700054168701172,99,200,4690,591,200,0,32,47,12,8,0
1178,mild_drift,0.7,0.9265297055244446,0.6370601654052734,108,202,4382,435,202,0,16,78,6,8,0
1179,mild_drift,0.3,0.8220154047012329,0.5958540439605713,93,218,5162,656,218,0,16,47,22,8,0
1180,mild_drift,1.0,1.0862988233566284,0.5057190656661987,120,200,4090,441,200,0,32,61,19,8,0
1181,mild_drift,0.3,0.9765212535858154,0.7467140555381775,79,213,4264,616,213,0,15,14,42,8,0
1182,mild_drift,0.4,1.1166131496429443,0.6917029619216919,58,206,4853,609,206,0,16,29,5,8,0
1183,mild_drift,1.0,0.8551192283630371,0.730975866317749,85,205,3726,298,205,0,16,55,10,4,0
1184,mild_drift,1.0,0.8990581035614014,0.6909695863723755,71,204,3382,393,204,0,16,42,5,8,0
1185,mild_drift,1.0,0.8672425746917725,0.635871171951294,71,202,3802,452,202,0,32,13,18,8,0
1186,mild_drift,0.5,1.049828052520752,0.7199128270149231,68,202,4568,607,202,0,16,32,12,8,0
1187,mild_drift,0.3,0.7339558601379395,0.597851037979126,118,201,3720,481,201,0,32,48,34,4,0
1188,mild_drift,1.0,0.8726204633712769,0.5565614700317383,94,200,3844,295,200,0,29,32,25,8,0
1189,mild_drift,0.8,0.9204431772232056,0.5972321033477783,129,200,4031,391,200,0,63,22,36,8,0
1190,mild_drift,0.6,0.8342925310134888,0.5806793570518494,149,201,4596,545,201,0,64,32,49,4,0
1191,mild_drift,0.9,1.130845069885254,0.7323232889175415,87,232,4564,609,232,0,16,45,18,8,0
1192,mild_drift,0.7,0.9320409893989563,0.5925318598747253,91,239,5033,434,239,0,62,13,8,8,0
1193,mild_drift,0.8,0.8917506337165833,0.6711090803146362,62,208,4562,575,208,0,16,28,14,4,0
1194,mild_drift,0.7,0.8787423968315125,0.6082468032836914,59,203,4370,562,203,0,15,28,8,8,0
1195,mild_drift,1.0,0.9725033640861511,0.4796902537345886,125,204,3995,456,204,0,32,47,38,8,0
1196,mild_drift,0.3,0.9944183826446533,0.7019726037979126,91,231,5109,599,231,0,16,31,36,8,0
1197,mild_drift,1.0,0.7783850431442261,0.6022379994392395,52,203,4021,448,203,0,16,16,12,8,0
1198,mild_drift,1.0,0.7710297107696533,0.5916261672973633,76,202,4123,475,202,0,31,16,25,4,0
1199,mild_drift,0.6,0.9211761951446533,0.4601905345916748,81,238,5224,452,238,0,32,13,28,8,0
1200,mild_drift,0.6,0.9806903004646301,0.6423883438110352,108,207,4695,617,207,0,48,44,8,8,0
1201,mild_drift,0.9,1.009345293045044,0.7037627696990967,76,216,4710,610,216,0,32,28,8,8,0
1202,mild_drift,0.7,1.1689633131027222,0.6681557893753052,62,202,4473,581,202,0,16,32,6,8,0
1203,mild_drift,0.8,0.9491992592811584,0.6473308205604553,77,219,4883,569,219,0,16,45,8,8,0
1204,mild_drift,0.9,1.0062941312789917,0.506527304649353,98,200,4190,395,200,0,46,32,12,8,0
1205,mild_drift,1.0,1.0414263010025024,0.6302551627159119,59,200,3931,342,200,0,16,16,19,8,0
1206,mild_drift,1.0,0.8953918218612671,0.5086411833763123,125,200,3765,326,200,0,32,63,22,8,0
1207,mild_drift,0.7,0.9763982892036438,0.6155986785888672,60,204,4964,607,204,0,16,28,8,8,0
1208,mild_drift,0.4,0.9862917065620422,0.5858967304229736,70,202,4750,569,202,0,16,41,5,8,0
1209,mild_drift,1.0,1.0285826921463013,0.46220892667770386,100,200,4172,457,200,0,32,48,12,8,0
1210,mild_drift,0.7,1.0987462997436523,0.6237536668777466,56,206,4710,574,206,0,15,16,17,8,0
1211,mild_drift,0.8,0.8911275267601013,0.5476033687591553,130,202,4561,500,202,0,16,63,43,8,0
1212,mild_drift,0.8,1.081675410270691,0.6909099817276001,118,202,4447,569,202,0,64,15,31,8,0
1213,mild_drift,0.2,0.9644344449043274,0.6294342279434204,68,225,5261,629,225,0,16,32,12,8,0
1214,mild_drift,0.7,0.9854804873466492,0.6663528680801392,115,209,4499,518,209,0,16,63,28,8,0
1215,mild_drift,1.0,0.9830543994903564,0.6703019142150879,67,204,3697,355,204,0,16,31,12,8,0
1216,mild_drift,0.8,1.089745283126831,0.6577092409133911,114,208,4624,598,208,0,32,57,17,8,0
1217,mild_drift,1.0,1.0097501277923584,0.5696558952331543,87,203,3329,400,203,0,28,16,35,8,0
1218,mild_drift,0.4,0.8811421394348145,0.5933016538619995,61,201,4295,585,201,0,32,13,8,8,0
1219,mild_drift,1.0,0.9462400674819946,0.4824090600013733,100,204,4034,457,204,0,16,16,60,8,0
1220,mild_drift,1.0,0.9035084843635559,0.7021238803863525,100,206,3678,449,206,0,47,32,13,8,0
1221,mild_drift,0.9,1.0210726261138916,0.7726340889930725,68,203,3886,490,203,0,32,16,12,8,0
1222,mild_drift,1.0,1.0149931907653809,0.5125442147254944,52,203,4153,497,203,0,16,16,12,8,0
1223,mild_drift,0.9,1.0262500047683716,0.6959904432296753,93,212,4660,653,212,0,16,47,22,8,0
1224,mild_drift,0.9,0.9552126526832581,0.47542333602905273,127,200,4109,400,200,0,32,63,24,8,0
1225,mild_drift,0.9,0.9560887813568115,0.5863572359085083,60,201,4080,415,201,0,16,28,8,8,0
1226,mild_drift,0.4,0.9971750378608704,0.5979459881782532,77,203,4725,521,203,0,32,29,8,8,0
1227,mild_drift,0.9,1.0635807514190674,0.6471980810165405,70,201,4163,430,201,0,16,31,15,8,0
1228,mild_drift,0.9,1.0484235286712646,0.6667271256446838,112,201,3549,422,201,0,16,45,43,8,0
1229,mild_drift,0.3,1.0698497295379639,0.6861521005630493,75,228,4728,655,228,0,16,32,19,8,0
1230,mild_drift,0.8,0.9164134860038757,0.6020340919494629,120,214,4933,570,214,0,62,45,5,8,0
1231,mild_drift,0.6,0.9601737856864929,0.6801215410232544,96,222,5221,645,222,0,16,31,41,8,0
1232,mild_drift,0.7,1.0138505697250366,0.5306240916252136,122,201,4628,551,201,0,32,44,38,8,0
1233,mild_drift,0.6,0.9739055633544922,0.6676698923110962,100,204,4408,510,204,0,48,15,29,8,0
1234,mild_drift,1.0,0.9805026650428772,0.7276143431663513,53,217,3306,542,217,0,16,16,13,8,0
1235,mild_drift,0.6,1.1132569313049316,0.6942793130874634,57,229,5244,621,229,0,16,28,5,8,0
1236,mild_drift,1.0,0.743181049823761,0.38295823335647583,125,200,3574,274,200,0,32,64,25,4,0
1237,mild_drift,1.0,0.886255145072937,0.562391996383667,78,209,3315,512,209,0,32,16,22,8,0
1238,mild_drift,0.8,1.0266791582107544,0.5687775611877441,92,202,4270,481,202,0,16,32,36,8,0
1239,mild_drift,0.9,1.005170464515686,0.7577478885650635,45,206,3634,491,206,0,16,13,8,8,0
1240,mild_drift,0.4,0.7354488372802734,0.6232191324234009,102,203,4580,590,203,0,48,16,34,4,0
1241,mild_drift,0.9,0.9244115352630615,0.5242920517921448,93,200,4136,393,200,0,46,16,23,8,0
1242,mild_drift,0.6,1.1059067249298096,0.5544861555099487,162,200,4182,455,200,0,80,45,29,8,0
1243,mild_drift,0.6,1.058638095855713,0.6090397834777832,97,207,4712,583,207,0,48,13,28,8,0
1244,mild_drift,1.0,0.966042697429657,0.6188532114028931,85,202,3591,331,202,0,32,27,18,8,0
1245,mild_drift,1.0,0.9337053894996643,0.5164704322814941,125,200,3184,336,200,0,78,16,23,8,0
1246,mild_drift,1.0,1.116371989250183,0.751940131187439,77,209,3477,528,209,0,48,13,8,8,0
1247,mild_drift,0.7,1.0119385719299316,0.5451802015304565,97,201,4625,542,201,0,32,16,41,8,0
1248,mild_drift,0.6,1.0456619262695312,0.7297096848487854,106,204,4258,548,204,0,31,16,51,8,0
1249,mild_drift,0.6,0.9810922741889954,0.7112524509429932,68,202,4494,589,202,0,32,16,12,8,0
1250,mild_drift,0.4,0.9971170425415039,0.681840181350708,61,202,4605,580,202,0,16,29,8,8,0
1251,mild_drift,1.0,1.1720792055130005,0.5593681931495667,150,218,4575,387,218,0,61,60,21,8,0
1252,mild_drift,1.0,0.8537232279777527,0.49885785579681396,91,201,3481,422,201,0,13,48,22,8,0
1253,mild_drift,0.2,1.0024938583374023,0.7085905075073242,61,200,4387,540,200,0,16,16,21,8,0
1254,mild_drift,0.4,0.8899140357971191,0.6291971206665039,88,210,4654,563,210,0,16,31,33,8,0
1255,mild_drift,0.7,0.8625088930130005,0.6348516941070557,51,205,4841,620,205,0,13,12,18,8,0
1256,mild_drift,0.5,0.8327287435531616,0.5758439302444458,114,212,4751,556,212,0,32,31,43,8,0
1257,mild_drift,1.0,1.043604850769043,0.6838653087615967,68,203,2938,320,203,0,16,16,28,8,0
1258,mild_drift,0.7,1.0630414485931396,0.5731697082519531,109,200,4072,551,200,0,62,16,23,8,0
1259,mild_drift,0.4,0.9596666097640991,0.6138139963150024,84,219,5114,716,219,0,32,32,12,8,0
1260,mild_drift,1.0,1.0372166633605957,0.6061527132987976,100,200,3811,406,200,0,48,32,12,8,0
1261,mild_drift,1.0,1.0262491703033447,0.26039284467697144,115,200,2777,266,200,0,31,64,12,8,0
1262,mild_drift,0.6,1.1186281442642212,0.4763626456260681,145,201,4550,568,201,0,47,47,43,8,0
1263,mild_drift,0.8,0.9915719628334045,0.4930868148803711,104,201,4319,435,201,0,32,32,32,8,0
1264,mild_drift,0.6,0.9370959401130676,0.6555080413818359,94,204,4779,570,204,0,15,43,28,8,0
1265,mild_drift,0.5,0.939974308013916,0.6500800848007202,83,213,4541,613,213,0,15,43,17,8,0
1266,mild_drift,1.0,0.9833524823188782,0.604952335357666,108,222,3391,530,222,0,16,48,36,8,0
1267,mild_drift,1.0,0.7844880819320679,0.6063430905342102,125,203,4345,478,203,0,32,64,25,4,0
1268,mild_drift,0.4,0.7609943747520447,0.6350841522216797,87,205,4536,626,205,0,48,25,10,4,0
1269,mild_drift,0.4,0.8618780970573425,0.6797406673431396,45,205,4318,606,205,0,16,13,8,8,0
1270,mild_drift,1.0,0.8521323204040527,0.6353380680084229,65,201,3933,494,201,0,14,13,30,8,0
1271,mild_drift,1.0,0.9643743634223938,0.5921438932418823,93,202,3425,396,202,0,16,61,8,8,0
1272,mild_drift,0.5,0.915198028087616,0.6200404167175293,67,202,3653,577,202,0,16,15,28,8,0
1273,mild_drift,0.8,1.0405571460723877,0.6388707756996155,45,215,4690,566,215,0,16,13,8,8,0
1274,mild_drift,1.0,0.9677764177322388,0.47407054901123047,95,200,2669,298,200,0,16,48,23,8,0
1275,mild_drift,1.0,1.0678911209106445,0.7612764835357666,112,201,3797,319,201,0,62,28,14,8,0
1276,mild_drift,1.0,1.0169063806533813,0.6152667999267578,60,204,4596,506,204,0,16,16,20,8,0
1277,mild_drift,0.3,0.9390091300010681,0.694957971572876,56,219,4576,576,219,0,15,16,17,8,0
1278,mild_drift,0.9,0.7902988195419312,0.4800412058830261,104,209,4393,482,209,0,64,15,21,4,0
1279,mild_drift,0.7,1.143385887145996,0.5953819155693054,87,204,4320,555,204,0,16,31,32,8,0
1280,mild_drift,0.7,1.0306740999221802,0.6631035208702087,96,201,4059,461,201,0,16,48,24,8,0
1281,mild_drift,1.0,0.9657843112945557,0.5258513689041138,113,200,4130,415,200,0,48,16,41,8,0
1282,mild_drift,0.4,0.9424518942832947,0.610087513923645,76,227,5403,588,227,0,16,44,8,8,0
1283,mild_drift,0.9,0.8789663910865784,0.5400944948196411,139,201,4344,461,201,0,48,47,36,8,0
1284,mild_drift,0.7,1.0960605144500732,0.7966415286064148,62,207,4570,638,207,0,15,13,26,8,0
1285,mild_drift,0.8,0.808282196521759,0.5777949690818787,84,200,4241,539,200,0,48,16,12,8,0
1286,mild_drift,0.7,0.8170357346534729,0.6255619525909424,100,203,4693,581,203,0,16,64,12,8,0
1287,mild_drift,0.6,0.9522610902786255,0.6776014566421509,77,224,5151,577,224,0,31,16,22,8,0
1288,mild_drift,0.6,0.7322283387184143,0.5500855445861816,92,200,4695,598,200,0,32,16,40,4,0
1289,mild_drift,0.9,1.0060851573944092,0.5541002750396729,87,200,4092,450,200,0,32,32,15,8,0
1290,mild_drift,0.3,1.0034962892532349,0.7283437252044678,71,226,5186,565,226,0,32,13,18,8,0
1291,mild_drift,1.0,0.955553412437439,0.4171460270881653,188,200,2125,194,200,0,128,26,26,8,0
1292,mild_drift,0.9,0.8808161616325378,0.6318018436431885,71,205,4441,560,205,0,16,30,17,8,0
1293,mild_drift,0.3,0.9409899115562439,0.6173216104507446,73,212,4722,634,212,0,16,12,37,8,0
1294,mild_drift,0.2,1.0421183109283447,0.6394662857055664,95,200,4578,621,200,0,32,32,23,8,0
1295,mild_drift,1.0,1.0636764764785767,0.4847143888473511,109,200,3490,282,200,0,32,31,38,8,0
1296,mild_drift,0.5,0.783689558506012,0.6836886405944824,53,237,5620,620,237,0,16,16,17,4,0
1297,mild_drift,1.0,0.9671310782432556,0.579014778137207,100,202,3206,329,202,0,43,16,33,8,0
1298,mild_drift,0.4,0.8459463119506836,0.5464357137680054,84,206,4852,620,206,0,32,32,12,8,0
1299,mild_drift,1.0,0.9484451413154602,0.4257475733757019,111,200,2970,273,200,0,47,41,19,4,0
1300,mild_drift,0.7,1.160325288772583,0.68733811378479,63,201,4456,543,201,0,16,15,24,8,0
1301,mild_drift,0.9,0.9122507572174072,0.6054657697677612,91,211,4412,666,211,0,16,59,8,8,0
1302,mild_drift,0.6,1.06459379196167,0.6242588758468628,84,205,4597,586,205,0,16,31,29,8,0
1303,mild_drift,0.7,1.0760514736175537,0.590998649597168,87,233,5408,586,233,0,32,32,15,8,0
1304,mild_drift,1.0,1.0403180122375488,0.7021210789680481,62,215,4127,581,215,0,16,32,6,8,0
1305,mild_drift,1.0,1.0049842596054077,0.7338970899581909,130,201,3861,404,201,0,15,62,45,8,0
1306,mild_drift,0.7,1.0743944644927979,0.5703830122947693,61,204,4725,463,204,0,16,29,8,8,0
1307,mild_drift,1.0,0.8360382318496704,0.580935001373291,107,206,4046,406,206,0,32,45,22,8,0
1308,mild_drift,1.0,0.8786567449569702,0.3056098222732544,179,202,1948,232,202,0,95,64,12,8,0
1309,mild_drift,1.0,0.92409747838974,0.5447819232940674,93,201,4345,487,201,0,32,31,22,8,0
1310,mild_drift,0.6,0.9008421301841736,0.6106379628181458,77,206,4470,495,206,0,48,13,8,8,0
1311,mild_drift,0.7,1.0530534982681274,0.6487781405448914,92,235,5010,696,235,0,43,26,15,8,0
1312,mild_drift,0.2,0.9226526021957397,0.639167308807373,122,207,4843,585,207,0,48,47,19,8,0
1313,mild_drift,0.8,0.7584328055381775,0.6889514327049255,61,209,4748,635,209,0,16,29,8,8,0
1314,mild_drift,0.4,1.0462336540222168,0.6694859266281128,52,210,4746,632,210,0,16,16,12,8,0
1315,mild_drift,1.0,1.0860999822616577,0.37111860513687134,84,200,2858,230,200,0,16,31,29,8,0
1316,mild_drift,0.5,0.9453393220901489,0.4820510149002075,95,201,4267,451,201,0,16,48,23,8,0
1317,mild_drift,0.8,1.0850573778152466,0.6023037433624268,69,203,3839,494,203,0,16,31,14,8,0
1318,mild_drift,0.9,1.0785759687423706,0.5458808541297913,107,200,3728,381,200,0,29,47,23,8,0
1319,mild_drift,1.0,0.9841099381446838,0.5972665548324585,114,211,4916,545,211,0,15,79,12,8,0
1320,mild_drift,0.9,1.1206238269805908,0.6004383563995361,75,203,4564,501,203,0,16,30,21,8,0
1321,mild_drift,1.0,0.877608597278595,0.6805768013000488,117,208,3662,450,208,0,16,48,45,8,0
1322,mild_drift,0.9,1.083436369895935,0.777154266834259,71,210,4035,570,210,0,32,14,17,8,0
1323,mild_drift,1.0,1.0086793899536133,0.6870096921920776,108,201,2772,297,201,0,16,29,55,8,0
1324,mild_drift,0.8,1.0283195972442627,0.6120619773864746,83,217,4442,464,217,0,16,44,15,8,0
1325,mild_drift,0.8,1.1698147058486938,0.5477403402328491,106,202,4239,433,202,0,47,16,35,8,0
1326,mild_drift,0.9,1.0117965936660767,0.5538899302482605,109,200,4619,464,200,0,16,47,38,8,0
1327,mild_drift,0.3,0.9259592294692993,0.6109098196029663,74,202,4746,608,202,0,15,14,37,8,0
1328,mild_drift,1.0,1.064346432685852,0.36355435848236084,80,200,3406,350,200,0,32,12,28,8,0
1329,mild_drift,0.8,1.000862717628479,0.556580662727356,93,202,4691,526,202,0,16,47,22,8,0
1330,mild_drift,0.9,1.011152744293213,0.6997014880180359,98,202,3524,400,202,0,16,43,35,4,0
1331,mild_drift,0.8,0.9598280191421509,0.7370604276657104,69,244,5373,539,244,0,16,27,18,8,0
1332,mild_drift,1.0,1.0510371923446655,0.5315508842468262,85,204,3952,463,204,0,16,16,45,8,0
1333,mild_drift,0.8,0.8541747331619263,0.5588231086730957,93,210,4440,539,210,0,32,45,8,8,0
1334,mild_drift,0.4,1.007375955581665,0.6213881969451904,117,212,4864,551,212,0,16,76,17,8,0
1335,mild_drift,1.0,0.9728115797042847,0.6242154836654663,77,204,3683,404,204,0,31,32,6,8,0
1336,mild_drift,0.9,0.9116795063018799,0.6057085394859314,100,206,4615,588,206,0,48,22,22,8,0
1337,mild_drift,1.0,0.8627830743789673,0.7225109934806824,45,208,3228,386,208,0,16,13,8,8,0
1338,mild_drift,0.4,0.9447199702262878,0.5593327283859253,79,234,5640,641,234,0,32,16,23,8,0
1339,mild_drift,0.9,0.9826452136039734,0.585488498210907,75,204,4470,492,204,0,16,14,37,8,0
1340,mild_drift,1.0,0.9175184369087219,0.6000732183456421,120,206,4067,504,206,0,16,48,48,8,0
1341,mild_drift,0.7,1.0485179424285889,0.5744580030441284,77,201,4090,461,201,0,32,29,8,8,0
1342,mild_drift,0.1,1.0570294857025146,0.6358451843261719,68,213,4907,571,213,0,16,32,12,8,0
1343,mild_drift,0.7,0.8993913531303406,0.58507239818573,61,200,4497,514,200,0,16,29,8,8,0
1344,mild_drift,1.0,0.9272410273551941,0.5252963304519653,92,200,3508,289,200,0,47,16,21,8,0
1345,mild_drift,0.9,1.0301189422607422,0.5090584754943848,100,200,4069,395,200,0,48,32,12,8,0
1346,mild_drift,1.0,0.9019936919212341,0.6707316637039185,80,203,3545,388,203,0,16,16,40,8,0
1347,mild_drift,0.3,0.979091465473175,0.6314821243286133,105,207,4725,597,207,0,48,16,33,8,0
1348,mild_drift,0.8,1.006474256515503,0.6139574646949768,107,203,4521,506,203,0,63,28,8,8,0
1349,mild_drift,0.6,0.768761396408081,0.5533139109611511,115,201,4484,489,201,0,32,32,43,8,0
1350,mild_drift,1.0,0.9658995270729065,0.5996882915496826,78,205,3583,417,205,0,16,16,38,8,0
1351,mild_drift,0.7,0.9439113140106201,0.6523002982139587,97,200,4575,564,200,0,48,13,28,8,0
1352,mild_drift,0.8,0.9420303702354431,0.5993953347206116,89,211,4581,503,211,0,32,16,33,8,0
1353,mild_drift,1.0,0.9015440940856934,0.5468549728393555,84,200,3604,380,200,0,32,12,32,8,0
1354,mild_drift,1.0,0.9630785584449768,0.6456148028373718,82,210,4301,516,210,0,16,32,26,8,0
1355,mild_drift,0.8,1.068195104598999,0.7489413022994995,105,201,3924,494,201,0,15,30,52,8,0
1356,mild_drift,0.7,1.0813331604003906,0.7097700834274292,73,204,4240,484,204,0,16,32,17,8,0
1357,mild_drift,0.4,0.9648696780204773,0.6828317642211914,77,203,4756,619,203,0,32,16,21,8,0
1358,mild_drift,0.9,0.9833989143371582,0.6309950351715088,108,213,4275,667,213,0,48,14,38,8,0
1359,mild_drift,0.6,0.8040683269500732,0.5712080001831055,81,202,4781,639,202,0,16,31,26,8,0
1360,mild_drift,0.7,0.7051644325256348,0.6126770377159119,57,205,4561,575,205,0,31,13,5,8,0
1361,mild_drift,0.9,1.19370436668396,0.6579583883285522,74,204,4855,591,204,0,32,29,5,8,0
1362,mild_drift,1.0,1.1075360774993896,0.5864776372909546,101,200,3422,291,200,0,46,32,15,8,0
1363,mild_drift,1.0,0.9143766760826111,0.6527925729751587,82,215,3588,641,215,0,16,43,19,4,0
1364,mild_drift,0.9,1.0197134017944336,0.6772966980934143,87,203,4398,550,203,0,31,43,5,8,0
1365,mild_drift,1.0,0.8657336235046387,0.5117112398147583,125,201,4002,470,201,0,62,32,23,8,0
1366,mild_drift,0.7,0.9766512513160706,0.5887984037399292,60,202,3791,528,202,0,16,28,8,8,0
1367,mild_drift,0.6,0.9561030864715576,0.7315834760665894,72,203,4566,612,203,0,31,16,17,8,0
1368,mild_drift,1.0,0.9791942834854126,0.38432782888412476,100,200,4053,508,200,0,48,12,32,8,0
1369,mild_drift,0.6,0.888420820236206,0.7518825531005859,52,209,4636,602,209,0,16,16,12,8,0
1370,mild_drift,0.8,1.0311496257781982,0.6120877861976624,56,202,4327,495,202,0,16,27,5,8,0
1371,mild_drift,1.0,0.9445428848266602,0.4574440121650696,163,200,4063,405,200,0,80,47,28,8,0
1372,mild_drift,0.4,0.967319905757904,0.597015380859375,106,207,4848,629,207,0,16,63,19,8,0
1373,mild_drift,1.0,1.0000942945480347,0.5865359306335449,77,205,3747,411,205,0,30,13,26,8,0
1374,mild_drift,0.9,1.0035721063613892,0.5058518648147583,105,200,2734,283,200,0,46,16,35,8,0
1375,mild_drift,1.0,0.8869661092758179,0.5246536731719971,104,202,3278,395,202,0,32,16,48,8,0
1376,mild_drift,1.0,1.0102169513702393,0.6836775541305542,52,218,4838,693,218,0,16,16,12,8,0
1377,mild_drift,0.6,1.0334231853485107,0.6350276470184326,128,203,4759,554,203,0,63,29,28,8,0
1378,mild_drift,0.7,1.0955407619476318,0.7713544368743896,68,220,4720,552,220,0,32,16,12,8,0
1379,mild_drift,1.0,0.7435097694396973,0.3984469771385193,116,200,3222,273,200,0,63,32,17,4,0
1380,mild_drift,1.0,1.1252837181091309,0.47098058462142944,81,200,2966,308,200,0,42,9,22,8,0
1381,mild_drift,0.9,0.9204452037811279,0.5745800733566284,77,201,4392,538,201,0,16,45,8,8,0
1382,mild_drift,0.8,0.932502269744873,0.5416837930679321,83,214,4910,635,214,0,32,31,12,8,0
1383,mild_drift,1.0,0.9818856716156006,0.546473503112793,157,200,4055,436,200,0,48,61,40,8,0
1384,mild_drift,0.2,1.1048082113265991,0.7301342487335205,53,212,4716,651,212,0,16,16,13,8,0
1385,mild_drift,1.0,1.1037788391113281,0.5772281289100647,96,201,3494,300,201,0,13,32,43,8,0
1386,mild_drift,0.8,0.9839968085289001,0.7162474393844604,55,207,4491,625,207,0,13,26,8,8,0
1387,mild_drift,1.0,1.280790090560913,0.6060940027236938,84,200,4286,497,200,0,32,32,12,8,0
1388,mild_drift,1.0,1.0908817052841187,0.5289083123207092,90,200,2871,214,200,0,12,30,40,8,0
1389,mild_drift,0.6,1.0242419242858887,0.6666263937950134,102,230,5133,629,230,0,32,47,15,8,0
1390,mild_drift,0.8,1.1949613094329834,0.6980106234550476,72,207,4501,614,207,0,31,15,18,8,0
1391,mild_drift,1.0,0.990273118019104,0.6794754266738892,82,202,3758,379,202,0,16,32,26,8,0
1392,mild_drift,0.8,0.9716503620147705,0.5081667900085449,85,200,4436,476,200,0,30,32,15,8,0
1393,mild_drift,0.8,0.9328975677490234,0.6173528432846069,84,201,4285,520,201,0,16,31,29,8,0
1394,mild_drift,0.4,0.9258469939231873,0.6399650573730469,76,207,4690,568,207,0,16,16,36,8,0
1395,mild_drift,0.8,1.0719022750854492,0.6907205581665039,99,205,4353,448,205,0,32,16,43,8,0
1396,mild_drift,0.5,0.9819885492324829,0.6677299737930298,53,201,4527,596,201,0,16,16,13,8,0
1397,mild_drift,0.9,0.8294749855995178,0.5411001443862915,98,201,2813,285,201,0,27,45,18,8,0
1398,mild_drift,0.9,0.9996609687805176,0.5922003984451294,94,209,4428,599,209,0,16,48,22,8,0
1399,mild_drift,0.8,0.8256409764289856,0.49925678968429565,45,200,4342,503,200,0,16,13,8,8,0
1400,mild_drift,0.7,0.6280258893966675,0.6280258893966675,37,202,4452,597,202,0,12,11,10,4,0
1401,mild_drift,1.0,1.022045612335205,0.7019554376602173,112,205,3688,342,205,0,16,48,40,8,0
1402,mild_drift,0.7,0.9644584655761719,0.580877423286438,91,200,4063,449,200,0,48,27,8,8,0
1403,mild_drift,0.4,1.0274097919464111,0.5674794912338257,88,202,4052,523,202,0,29,16,35,8,0
1404,mild_drift,0.6,0.9138920903205872,0.6151868104934692,97,216,4920,561,216,0,48,13,28,8,0
1405,mild_drift,1.0,0.9940004944801331,0.5776094198226929,68,200,3579,364,200,0,16,32,12,8,0
1406,mild_drift,0.4,0.9562696814537048,0.6620297431945801,83,203,4548,601,203,0,16,47,12,8,0
1407,mild_drift,0.9,1.032472014427185,0.6868726015090942,75,203,4224,452,203,0,16,43,8,8,0
1408,mild_drift,0.9,0.8115841150283813,0.6070765256881714,78,207,4261,587,207,0,32,32,6,8,0
1409,mild_drift,0.4,1.0078004598617554,0.6608188152313232,146,243,5653,641,243,0,48,78,12,8,0
1410,mild_drift,1.0,0.9627851843833923,0.23280060291290283,126,200,3029,307,200,0,48,47,23,8,0
1411,mild_drift,0.4,0.9508718252182007,0.6003895998001099,135,209,4185,622,209,0,32,76,19,8,0
1412,mild_drift,0.7,0.8846938610076904,0.5784708261489868,95,204,4650,546,204,0,48,16,23,8,0
1413,mild_drift,1.0,1.0851881504058838,0.6319739818572998,96,218,4207,593,218,0,30,29,29,8,0
1414,mild_drift,0.4,1.0720362663269043,0.7343735694885254,78,207,3887,609,207,0,16,16,38,8,0
1415,mild_drift,0.7,0.9543377161026001,0.6302094459533691,112,205,4344,591,205,0,32,47,25,8,0
1416,mild_drift,1.0,1.038689136505127,0.5934614539146423,81,202,3463,390,202,0,15,29,29,8,0
1417,mild_drift,1.0,0.8216515183448792,0.4832310676574707,107,200,3934,365,200,0,32,48,19,8,0
1418,mild_drift,1.0,1.002004861831665,0.7322292327880859,70,205,3676,461,205,0,32,13,17,8,0
1419,mild_drift,0.4,1.0637198686599731,0.659480631351471,81,217,4893,573,217,0,32,13,28,8,0
1420,mild_drift,0.7,1.0959466695785522,0.5809831619262695,61,213,4768,551,213,0,16,29,8,8,0
1421,mild_drift,0.8,0.9700649380683899,0.6671332120895386,103,204,4471,511,204,0,16,32,47,8,0
1422,mild_drift,0.9,0.939190685749054,0.5432676076889038,127,203,4030,492,203,0,48,48,23,8,0
1423,mild_drift,1.0,1.056206226348877,0.5280240774154663,89,204,3761,334,204,0,30,32,19,8,0
1424,mild_drift,0.7,0.8070951104164124,0.58586585521698,92,201,4334,482,201,0,32,32,24,4,0
1425,mild_drift,0.9,1.1289896965026855,0.6171769499778748,93,200,3926,434,200,0,32,47,6,8,0
1426,mild_drift,0.4,0.9561260342597961,0.6778498291969299,61,220,4799,659,220,0,16,29,8,8,0
1427,mild_drift,1.0,1.0652495622634888,0.433096706867218,139,200,2722,226,200,0,79,30,22,8,0
1428,mild_drift,0.5,1.2027596235275269,0.7736131548881531,67,241,5171,611,241,0,15,15,29,8,0
1429,mild_drift,1.0,1.0537017583847046,0.5879128575325012,76,205,3749,483,205,0,31,29,8,8,0
1430,mild_drift,0.8,0.9767376780509949,0.6882491111755371,60,204,4106,532,204,0,15,16,21,8,0
1431,mild_drift,0.6,0.8487053513526917,0.571630597114563,99,203,4688,593,203,0,32,47,12,8,0
1432,mild_drift,0.3,1.0350278615951538,0.729019045829773,86,217,4829,638,217,0,16,47,15,8,0
1433,mild_drift,0.5,1.0307570695877075,0.6498267650604248,85,201,4161,518,201,0,46,14,17,8,0
1434,mild_drift,0.0,0.9379379153251648,0.6632853746414185,99,208,4944,614,208,0,32,31,28,8,0
1435,mild_drift,0.9,0.8730414509773254,0.6836726665496826,83,204,4366,543,204,0,16,15,44,8,0
1436,mild_drift,0.5,0.8716337084770203,0.5630782842636108,108,201,4159,413,201,0,48,16,36,8,0
1437,mild_drift,1.0,0.9723937511444092,0.6008797287940979,72,201,2664,268,201,0,31,16,17,8,0
1438,mild_drift,0.7,0.9830647110939026,0.646281361579895,109,202,4519,533,202,0,48,45,8,8,0
1439,mild_drift,0.7,1.0715821981430054,0.5952723026275635,83,200,3942,385,200,0,16,47,12,8,0
1440,mild_drift,0.6,1.0565412044525146,0.6924679279327393,114,207,4382,580,207,0,32,46,28,8,0
1441,mild_drift,1.0,1.0205718278884888,0.7364982962608337,75,204,4218,491,204,0,32,16,19,8,0
1442,mild_drift,0.8,0.9863395690917969,0.5233880281448364,92,202,4000,415,202,0,47,29,8,8,0
1443,mild_drift,0.9,0.9593726992607117,0.43786561489105225,94,200,4165,448,200,0,47,16,23,8,0
1444,mild_drift,0.7,1.0769339799880981,0.6255736947059631,65,211,4853,676,211,0,16,15,26,8,0
1445,mild_drift,1.0,0.9447439908981323,0.5691615343093872,92,202,3513,427,202,0,16,13,55,8,0
1446,mild_drift,0.7,0.871206521987915,0.633479654788971,75,202,4886,600,202,0,16,32,19,8,0
1447,mild_drift,0.5,0.9835119247436523,0.5596849918365479,111,202,4513,526,202,0,32,48,23,8,0
1448,mild_drift,1.0,0.911289632320404,0.5823262929916382,94,201,2606,273,201,0,16,40,30,8,0
1449,mild_drift,0.7,0.7710558772087097,0.5403707027435303,135,201,4400,487,201,0,32,64,31,8,0
1450,mild_drift,0.5,0.9615761041641235,0.6430395245552063,68,205,4537,507,205,0,16,32,12,8,0
1451,mild_drift,0.6,0.9050409197807312,0.670210599899292,61,203,4580,627,203,0,16,29,8,8,0
1452,mild_drift,0.6,1.0811172723770142,0.6243114471435547,89,205,4727,654,205,0,16,48,17,8,0
1453,mild_drift,0.4,0.9602541923522949,0.6268032789230347,112,211,4933,582,211,0,12,42,50,8,0
1454,mild_drift,0.8,0.9107816219329834,0.5794883370399475,84,202,4501,516,202,0,48,16,12,8,0
1455,mild_drift,0.8,0.9737124443054199,0.5226691961288452,127,200,4397,487,200,0,80,16,23,8,0
1456,mild_drift,0.6,0.893710732460022,0.6834734678268433,61,210,4648,608,210,0,32,13,8,8,0
1457,mild_drift,1.0,0.9827459454536438,0.5809347629547119,89,202,4591,633,202,0,32,44,5,8,0
1458,mild_drift,1.0,0.887126088142395,0.5851609706878662,115,212,4782,578,212,0,32,32,43,8,0
1459,mild_drift,0.7,1.004363775253296,0.571906328201294,91,203,4185,576,203,0,16,28,39,8,0
1460,mild_drift,0.9,1.0812323093414307,0.441089391708374,109,201,3771,388,201,0,30,48,23,8,0
1461,mild_drift,1.0,1.0343774557113647,0.5877828598022461,94,209,4218,517,209,0,15,29,42,8,0
1462,mild_drift,1.0,0.839198887348175,0.6496655941009521,89,207,3255,462,207,0,16,32,33,8,0
1463,mild_drift,1.0,0.9982473254203796,0.5439717769622803,104,201,3845,413,201,0,63,16,17,8,0
1464,mild_drift,0.2,1.0793205499649048,0.791754961013794,83,205,4312,671,205,0,15,43,17,8,0
1465,mild_drift,0.6,0.8149495720863342,0.594193696975708,74,201,4692,574,201,0,16,29,21,8,0
1466,mild_drift,0.8,1.2090152502059937,0.49681276082992554,123,200,4449,507,200,0,64,32,19,8,0
1467,mild_drift,1.0,0.9836332201957703,0.49518054723739624,116,200,2580,247,200,0,80,16,12,8,0
1468,mild_drift,0.5,1.0636416673660278,0.7410601377487183,88,218,4870,612,218,0,16,47,17,8,0
1469,mild_drift,0.9,1.0327774286270142,0.5936287641525269,68,202,3714,386,202,0,32,16,12,8,0
1470,mild_drift,1.0,1.0195550918579102,0.42759203910827637,108,200,3120,277,200,0,32,32,36,8,0
1471,mild_drift,1.0,0.9205113053321838,0.6335873007774353,74,203,3777,378,203,0,15,32,19,8,0
1472,mild_drift,0.7,0.8558963537216187,0.6165262460708618,95,220,4804,618,220,0,16,48,23,8,0
1473,mild_drift,0.6,0.9371471405029297,0.680508017539978,73,204,4441,554,204,0,16,30,19,8,0
1474,mild_drift,0.8,0.7867064476013184,0.6051959991455078,70,205,4725,609,205,0,16,31,19,4,0
1475,mild_drift,0.9,0.9206723570823669,0.5467344522476196,102,200,4554,471,200,0,16,48,30,8,0
1476,mild_drift,1.0,0.9536625146865845,0.668219804763794,73,203,2636,373,203,0,16,31,18,8,0
1477,mild_drift,1.0,0.9633927941322327,0.4052702784538269,143,201,3950,343,201,0,48,64,23,8,0
1478,mild_drift,0.9,0.8433088660240173,0.5033320188522339,113,200,4038,448,200,0,16,48,41,8,0
1479,mild_drift,0.6,1.069206714630127,0.4925832152366638,110,200,4316,456,200,0,48,16,38,8,0
1480,mild_drift,0.7,0.9584321975708008,0.5632869601249695,109,202,4490,562,202,0,64,29,8,8,0
1481,mild_drift,0.8,0.9426811337471008,0.6985946893692017,56,208,4621,640,208,0,15,16,17,8,0
1482,mild_drift,1.0,0.8032784461975098,0.6732277870178223,77,201,4385,536,201,0,32,16,21,8,0
1483,mild_drift,0.8,0.741502583026886,0.5498552322387695,73,204,4366,550,204,0,32,27,10,4,0
1484,mild_drift,0.5,1.0605145692825317,0.6427868604660034,86,257,5552,587,257,0,48,13,17,8,0
1485,mild_drift,0.8,1.0313599109649658,0.6917988061904907,52,208,4461,615,208,0,13,16,15,8,0
1486,mild_drift,1.0,0.8857669234275818,0.3877444863319397,108,200,2479,254,200,0,31,63,10,4,0
1487,mild_drift,1.0,1.0233123302459717,0.5231547355651855,80,201,2420,261,201,0,16,44,12,8,0
1488,mild_drift,0.5,0.8479072451591492,0.6337779760360718,105,209,4629,618,209,0,32,32,33,8,0
1489,mild_drift,1.0,0.8292784690856934,0.4465194344520569,131,201,4210,431,201,0,62,30,35,4,0
1490,mild_drift,0.9,0.8983211517333984,0.6898757815361023,61,208,3974,506,208,0,16,15,22,8,0
1491,mild_drift,0.7,1.0453319549560547,0.6644659042358398,84,229,5325,580,229,0,16,32,28,8,0
1492,mild_drift,0.5,1.0035088062286377,0.6655337810516357,68,202,4859,531,202,0,16,32,12,8,0
1493,mild_drift,0.7,1.0326217412948608,0.6851516962051392,84,214,4665,611,214,0,16,31,29,8,0
1494,mild_drift,0.9,0.9423478245735168,0.6688925623893738,84,224,4657,584,224,0,48,16,12,8,0
1495,mild_drift,1.0,1.0788414478302002,0.5473856925964355,61,203,3699,399,203,0,16,29,8,8,0
1496,mild_drift,0.7,1.0063531398773193,0.6780944466590881,53,208,4525,576,208,0,16,16,13,8,0
1497,mild_drift,0.6,0.7630313634872437,0.593744158744812,81,201,4858,584,201,0,32,13,28,8,0
1498,mild_drift,0.5,0.9963567852973938,0.49334782361984253,77,200,4568,515,200,0,32,29,8,8,0
1499,mild_drift,0.6,0.9480245113372803,0.5422937273979187,112,202,4630,589,202,0,29,32,43,8,0
1500,mild_drift,0.9,0.9182218313217163,0.6330868601799011,78,211,3966,552,211,0,16,29,25,8,0
1501,mild_drift,0.9,1.0767648220062256,0.5551590919494629,92,204,4598,570,204,0,32,44,8,8,0
1502,mild_drift,0.4,0.8952333331108093,0.7202659249305725,120,231,4641,457,231,0,16,77,19,8,0
1503,mild_drift,0.8,0.7887651324272156,0.4214593172073364,110,200,4185,470,200,0,16,63,23,8,0
1504,mild_drift,0.6,0.957920253276825,0.6449393033981323,77,237,5251,528,237,0,32,15,22,8,0
1505,mild_drift,1.0,1.1142808198928833,0.7655419111251831,113,212,4277,547,212,0,64,13,28,8,0
1506,mild_drift,1.0,0.9436447024345398,0.30834251642227173,112,200,2445,187,200,0,63,13,28,8,0
1507,mild_drift,0.6,0.9954448342323303,0.5476130247116089,116,204,4950,612,204,0,48,16,44,8,0
1508,mild_drift,0.7,0.9299609065055847,0.6812407970428467,87,205,4044,561,205,0,48,14,17,8,0
1509,mild_drift,0.6,0.9513803720474243,0.6328011155128479,118,203,4334,484,203,0,32,41,37,8,0
1510,mild_drift,0.8,1.0745751857757568,0.48892009258270264,84,200,4571,566,200,0,16,48,12,8,0
1511,mild_drift,0.8,0.9312252998352051,0.5955885052680969,77,204,4597,554,204,0,16,31,22,8,0
1512,mild_drift,0.6,0.9859443306922913,0.5725648999214172,45,207,4899,596,207,0,16,13,8,8,0
1513,mild_drift,1.0,0.9948381781578064,0.4903242588043213,117,200,3805,411,200,0,64,16,29,8,0
1514,mild_drift,0.9,0.887252688407898,0.7101991176605225,68,205,4191,484,205,0,16,16,28,8,0
1515,mild_drift,0.3,1.0085409879684448,0.6600285768508911,98,217,4723,547,217,0,14,55,21,8,0
1516,mild_drift,0.6,1.1597734689712524,0.5610605478286743,136,217,4354,517,217,0,32,91,5,8,0
1517,mild_drift,0.5,0.8484615087509155,0.568213701248169,104,211,4759,517,211,0,48,16,32,8,0
1518,mild_drift,0.7,0.9880656003952026,0.623482346534729,80,203,4532,569,203,0,16,31,25,8,0
1519,mild_drift,1.0,0.98347407579422,0.5019753575325012,79,201,1953,182,201,0,15,36,24,4,0
1520,mild_drift,0.6,0.656390905380249,0.619925856590271,53,219,5154,573,219,0,28,11,10,4,0
1521,mild_drift,0.6,0.9889872074127197,0.612806499004364,84,219,5177,563,219,0,32,32,12,8,0
1522,mild_drift,0.9,0.8700106143951416,0.45099741220474243,101,200,4045,352,200,0,32,30,31,8,0
1523,mild_drift,0.3,1.1121066808700562,0.5534805059432983,84,207,4753,636,207,0,48,16,12,8,0
1524,mild_drift,0.7,1.1948027610778809,0.5586791634559631,86,201,4526,511,201,0,32,31,15,8,0
1525,mild_drift,1.0,0.9238230586051941,0.49605637788772583,118,201,4312,412,201,0,64,15,31,8,0
1526,mild_drift,0.5,0.9694917798042297,0.6646087169647217,71,205,4765,621,205,0,16,15,32,8,0
1527,mild_drift,0.9,1.0464187860488892,0.6200347542762756,56,210,4388,579,210,0,15,16,17,8,0
1528,mild_drift,0.9,0.8320585489273071,0.6197093725204468,81,205,4589,546,205,0,15,46,12,8,0
1529,mild_drift,0.7,0.8328133225440979,0.5458022356033325,84,203,4964,550,203,0,48,16,12,8,0
1530,mild_drift,1.0,0.8718773126602173,0.6620047092437744,88,202,3767,412,202,0,16,54,14,4,0
1531,mild_drift,0.9,1.0531389713287354,0.63507080078125,91,204,3498,427,204,0,16,45,22,8,0
1532,mild_drift,0.9,0.8925443887710571,0.6294292211532593,104,201,4133,453,201,0,63,16,17,8,0
1533,mild_drift,1.0,0.9918711185455322,0.6140886545181274,76,201,4034,528,201,0,15,16,37,8,0
1534,mild_drift,0.6,0.96989905834198,0.5722706317901611,93,214,4150,581,214,0,46,16,23,8,0
1535,mild_drift,1.0,1.04050874710083,0.46452468633651733,118,200,3100,268,200,0,45,43,22,8,0
1536,mild_drift,0.5,0.7918105721473694,0.6425983309745789,102,207,4913,693,207,0,32,46,20,4,0
1537,mild_drift,0.7,1.073790431022644,0.6747300624847412,56,200,4146,469,200,0,15,16,17,8,0
1538,mild_drift,0.6,0.7956386804580688,0.5789481997489929,95,200,4242,477,200,0,32,32,23,8,0
1539,mild_drift,1.0,0.8294525146484375,0.4074999690055847,118,200,2511,267,200,0,16,46,48,8,0
1540,mild_drift,0.7,0.9964277148246765,0.6691081523895264,76,217,4694,727,217,0,16,31,21,8,0
1541,mild_drift,0.5,1.0481469631195068,0.6626267433166504,113,204,4725,614,204,0,48,32,25,8,0
1542,mild_drift,0.5,0.9723942279815674,0.5678775310516357,68,200,4130,515,200,0,32,16,12,8,0
1543,mild_drift,0.3,1.032191276550293,0.659233808517456,84,204,4849,579,204,0,32,16,28,8,0
1544,mild_drift,0.5,1.060167670249939,0.644683301448822,106,221,4967,555,221,0,30,32,36,8,0
1545,mild_drift,0.7,0.8908476829528809,0.6219358444213867,74,203,4549,590,203,0,16,45,5,8,0
1546,mild_drift,0.7,0.9201158285140991,0.618904709815979,67,203,4216,546,203,0,28,9,22,8,0
1547,mild_drift,0.9,0.8497644066810608,0.550481379032135,81,201,4048,441,201,0,45,16,12,8,0
1548,mild_drift,1.0,0.9653482437133789,0.6423164010047913,86,204,3477,426,204,0,32,24,22,8,0
1549,mild_drift,1.0,1.0993666648864746,0.5663118362426758,134,201,3756,365,201,0,45,47,34,8,0
1550,mild_drift,0.2,1.007572054862976,0.7309701442718506,126,217,4888,595,217,0,48,32,38,8,0
1551,mild_drift,1.0,0.9470943212509155,0.6907919049263,68,205,4068,585,205,0,16,32,12,8,0
1552,mild_drift,0.9,0.993788480758667,0.7113146781921387,61,202,3669,457,202,0,32,13,8,8,0
1553,mild_drift,1.0,0.9914920330047607,0.7116011381149292,92,203,4234,471,203,0,15,29,40,8,0
1554,mild_drift,0.1,0.9104464650154114,0.8131044507026672,64,216,4570,656,216,0,15,14,27,8,0
1555,mild_drift,0.8,1.1295989751815796,0.6893836259841919,73,214,4575,642,214,0,32,28,5,8,0
1556,mild_drift,1.0,1.039757490158081,0.5703203678131104,110,203,4013,461,203,0,48,12,42,8,0
1557,mild_drift,0.7,0.9668457508087158,0.6107251644134521,105,203,4768,590,203,0,16,48,33,8,0
1558,mild_drift,1.0,1.007789134979248,0.4910513758659363,107,200,4111,369,200,0,48,43,8,8,0
1559,mild_drift,0.6,0.8671263456344604,0.7370326519012451,65,207,4379,619,207,0,16,16,29,4,0
1560,mild_drift,0.4,0.9165323376655579,0.7213952541351318,59,213,4698,522,213,0,16,16,19,8,0
1561,mild_drift,1.0,1.011384129524231,0.2156693935394287,117,200,2060,165,200,0,59,15,39,4,0
1562,mild_drift,0.9,0.9817810654640198,0.5621300339698792,94,215,4395,565,215,0,11,63,12,8,0
1563,mild_drift,1.0,0.9918810129165649,0.5329488515853882,94,200,3540,370,200,0,16,32,38,8,0
1564,mild_drift,1.0,0.7849045395851135,0.5110640525817871,167,201,4422,504,201,0,80,48,31,8,0
1565,mild_drift,0.7,1.0364258289337158,0.63182532787323,86,201,4460,517,201,0,16,30,32,8,0
1566,mild_drift,0.9,0.900997519493103,0.7110219597816467,76,209,4340,533,209,0,15,32,25,4,0
1567,mild_drift,0.8,0.8167155385017395,0.7789162993431091,57,215,4213,665,215,0,16,27,10,4,0
1568,mild_drift,0.4,1.1126846075057983,0.7617968916893005,73,213,4765,697,213,0,16,32,17,8,0
1569,mild_drift,0.6,0.856005072593689,0.6288572549819946,126,204,4701,586,204,0,47,59,12,8,0
1570,mild_drift,0.6,0.9818589687347412,0.6020196676254272,98,211,4945,658,211,0,48,16,26,8,0
1571,mild_drift,0.6,0.8694791793823242,0.5256402492523193,79,202,4246,472,202,0,16,32,23,8,0
1572,mild_drift,0.8,0.8686010241508484,0.49660736322402954,154,203,4708,549,203,0,48,48,50,8,0
1573,mild_drift,1.0,0.9767812490463257,0.7059388756752014,54,205,4179,488,205,0,16,13,17,8,0
1574,mild_drift,0.2,0.9007311463356018,0.6746406555175781,68,201,4688,516,201,0,16,32,12,8,0
1575,mild_drift,1.0,0.9293619990348816,0.3686826825141907,137,200,3448,285,200,0,46,32,51,8,0
1576,mild_drift,0.3,1.0713410377502441,0.6874855756759644,80,210,5016,670,210,0,16,31,25,8,0
1577,mild_drift,0.9,0.885640025138855,0.5512312054634094,87,202,4069,390,202,0,32,32,15,8,0
1578,mild_drift,0.7,0.9143684506416321,0.5876742601394653,84,203,4588,552,203,0,16,46,14,8,0
1579,mild_drift,1.0,1.0417433977127075,0.5908089876174927,103,201,3466,385,201,0,16,47,32,8,0
1580,mild_drift,0.8,0.907679557800293,0.6167246103286743,87,209,4512,602,209,0,31,16,32,8,0
1581,mild_drift,0.4,0.9869439005851746,0.6666433215141296,75,211,4996,633,211,0,16,43,8,8,0
1582,mild_drift,1.0,1.050186276435852,0.5232758522033691,113,202,4253,480,202,0,16,48,41,8,0
1583,mild_drift,0.9,0.9092651605606079,0.5015395879745483,101,203,4385,470,203,0,16,31,46,8,0
1584,mild_drift,1.0,0.8864455819129944,0.6875457763671875,84,205,3713,468,205,0,16,48,12,8,0
1585,mild_drift,0.8,0.9526641964912415,0.624718189239502,83,205,4527,586,205,0,16,47,12,8,0
1586,mild_drift,1.0,0.9800291657447815,0.44555675983428955,111,201,4424,495,201,0,32,48,23,8,0
1587,mild_drift,1.0,1.0940226316452026,0.7364194393157959,52,201,3580,418,201,0,16,16,12,8,0
1588,mild_drift,1.0,0.8986293077468872,0.4630239009857178,110,200,2803,293,200,0,58,32,12,8,0
1589,mild_drift,0.5,1.0575693845748901,0.5548422336578369,105,201,4846,549,201,0,32,32,33,8,0
1590,mild_drift,0.9,0.7974848747253418,0.453252375125885,126,200,4333,451,200,0,32,64,22,8,0
1591,mild_drift,0.5,0.7962247133255005,0.6312713623046875,59,202,4688,564,202,0,15,28,8,8,0
1592,mild_drift,0.9,0.8569176197052002,0.6091709136962891,62,203,4370,532,203,0,16,16,22,8,0
1593,mild_drift,0.6,0.9692227840423584,0.7184669971466064,70,203,4429,533,203,0,16,13,33,8,0
1594,mild_drift,1.0,0.9258299469947815,0.6544245481491089,126,205,2652,304,205,0,48,64,6,8,0
1595,mild_drift,0.8,1.0404634475708008,0.6131739616394043,77,201,4370,488,201,0,32,29,8,8,0
1596,mild_drift,0.6,1.012096881866455,0.65079665184021,61,218,4575,616,218,0,16,29,8,8,0
1597,mild_drift,1.0,0.9115533232688904,0.6940991878509521,68,201,3330,355,201,0,31,15,14,8,0
1598,mild_drift,1.0,1.0334312915802002,0.6264445781707764,95,202,4299,508,202,0,48,16,23,8,0
1599,mild_drift,0.5,1.0024532079696655,0.5442488193511963,117,202,4282,515,202,0,32,46,31,8,0
1600,mild_drift,0.5,1.0054627656936646,0.5725306272506714,154,200,4138,455,200,0,64,42,40,8,0
1601,mild_drift,1.0,1.0567623376846313,0.6985118389129639,65,205,4716,510,205,0,16,15,26,8,0
1602,mild_drift,1.0,1.1745285987854004,0.5180842876434326,155,200,3822,459,200,0,48,59,40,8,0
1603,mild_drift,0.5,0.9512197375297546,0.5608830451965332,84,238,5478,612,238,0,16,32,28,8,0
1604,mild_drift,0.7,0.9627935290336609,0.6015118360519409,107,202,4525,569,202,0,61,15,23,8,0
1605,mild_drift,0.6,1.046237587928772,0.6337325572967529,135,200,4427,529,200,0,32,62,33,8,0
1606,mild_drift,1.0,0.9897828102111816,0.4747380018234253,125,200,3540,357,200,0,32,63,22,8,0
1607,mild_drift,0.9,0.9824057817459106,0.5907837748527527,95,218,4335,570,218,0,16,48,23,8,0
1608,mild_drift,0.7,1.0526437759399414,0.567511796951294,118,203,4652,567,203,0,30,61,19,8,0
1609,mild_drift,0.9,0.818720281124115,0.6350688338279724,71,200,3546,383,200,0,31,16,20,4,0
1610,mild_drift,0.6,1.1700096130371094,0.7056386470794678,107,205,4656,595,205,0,32,16,51,8,0
1611,mild_drift,0.6,0.9917116761207581,0.6045709848403931,137,201,4319,628,201,0,32,79,18,8,0
1612,mild_drift,1.0,0.953044056892395,0.5218026638031006,109,201,4036,371,201,0,48,16,37,8,0
1613,mild_drift,0.3,0.8923225402832031,0.6149340867996216,101,204,4648,632,204,0,16,30,47,8,0
1614,mild_drift,0.7,0.8858569264411926,0.5893509387969971,94,200,4373,503,200,0,16,47,23,8,0
1615,mild_drift,0.5,0.9173543453216553,0.6043470501899719,63,209,4793,466,209,0,16,16,23,8,0
1616,mild_drift,0.9,0.9683931469917297,0.6536737680435181,93,204,4460,604,204,0,48,29,8,8,0
1617,mild_drift,0.5,1.091616153717041,0.6634496450424194,132,272,6284,608,272,0,48,64,12,8,0
1618,mild_drift,1.0,0.9969674944877625,0.6527152061462402,94,224,3578,678,224,0,16,31,39,8,0
1619,mild_drift,0.5,0.9874686002731323,0.5946582555770874,84,206,4645,537,206,0,16,48,12,8,0
1620,mild_drift,0.9,1.0236546993255615,0.49865782260894775,127,201,4171,501,201,0,44,63,12,8,0
1621,mild_drift,0.8,0.9945220947265625,0.6660758256912231,95,208,4480,597,208,0,16,32,39,8,0
1622,mild_drift,0.6,0.9583165049552917,0.6690110564231873,147,200,4371,518,200,0,80,41,18,8,0
1623,mild_drift,0.7,0.9864608645439148,0.7517102360725403,100,221,4600,603,221,0,48,32,12,8,0
1624,mild_drift,1.0,0.9703643918037415,0.6213839054107666,108,200,3815,403,200,0,16,62,22,8,0
1625,mild_drift,1.0,1.0418338775634766,0.9141702055931091,45,217,3116,594,217,0,16,13,8,8,0
1626,mild_drift,0.8,1.0903840065002441,0.7213663458824158,72,272,5479,503,272,0,31,16,17,8,0
1627,mild_drift,0.7,0.85785311460495,0.5387686491012573,102,202,4654,557,202,0,32,32,30,8,0
1628,mild_drift,0.8,1.0047861337661743,0.6222909092903137,59,201,4563,487,201,0,30,13,8,8,0
1629,mild_drift,0.8,0.7117156982421875,0.5252496004104614,136,202,4511,540,202,0,16,78,38,4,0
1630,mild_drift,0.3,0.9463507533073425,0.5390939712524414,73,216,4818,496,216,0,16,16,33,8,0
1631,mild_drift,0.9,1.070664405822754,0.6011788845062256,75,204,4458,434,204,0,16,43,8,8,0
1632,mild_drift,0.9,1.0227861404418945,0.5534586906433105,93,200,4229,483,200,0,64,13,8,8,0
1633,mild_drift,1.0,1.1618118286132812,0.6782234311103821,114,202,2234,260,202,0,64,16,26,8,0
1634,mild_drift,0.7,0.9018492102622986,0.6149033308029175,45,203,4305,499,203,0,16,13,8,8,0
1635,mild_drift,0.5,0.864639401435852,0.6255263090133667,103,206,4631,662,206,0,16,48,31,8,0
1636,mild_drift,0.7,0.8254848718643188,0.5437525510787964,93,200,4330,493,200,0,48,29,8,8,0
1637,mild_drift,0.8,0.9016250371932983,0.6650736927986145,59,207,3932,553,207,0,30,13,8,8,0
1638,mild_drift,1.0,0.997499942779541,0.6575905680656433,114,204,4433,536,204,0,32,32,42,8,0
1639,mild_drift,0.7,0.9792340397834778,0.74184250831604,86,222,4439,567,222,0,45,16,17,8,0
1640,mild_drift,0.6,1.0021193027496338,0.7747872471809387,72,205,4384,542,205,0,16,30,18,8,0
1641,mild_drift,0.9,0.9001122713088989,0.5120375156402588,95,201,4336,467,201,0,32,16,39,8,0
1642,mild_drift,0.5,0.9689321517944336,0.677916407585144,72,208,4607,586,208,0,16,16,32,8,0
1643,mild_drift,0.8,1.1256767511367798,0.5956828594207764,73,204,4319,522,204,0,47,13,5,8,0
1644,mild_drift,0.9,0.922016441822052,0.5815016031265259,77,204,4306,478,204,0,31,16,22,8,0
1645,mild_drift,0.9,0.8802096843719482,0.6250419616699219,56,206,4100,599,206,0,16,27,5,8,0
1646,mild_drift,0.4,1.0187604427337646,0.6544849872589111,122,201,4312,462,201,0,48,47,19,8,0
1647,mild_drift,0.4,0.8911793231964111,0.6394258141517639,74,207,4724,625,207,0,15,29,22,8,0
1648,mild_drift,0.9,1.0065586566925049,0.6070171594619751,149,205,4051,480,205,0,47,57,37,8,0
1649,mild_drift,1.0,0.8458306789398193,0.625977098941803,103,203,4780,614,203,0,48,16,31,8,0
1650,mild_drift,0.5,0.9346284866333008,0.6606278419494629,90,200,4452,536,200,0,31,32,19,8,0
1651,mild_drift,0.9,0.9621537923812866,0.5268620252609253,108,208,4588,584,208,0,15,63,22,8,0
1652,mild_drift,0.1,1.2331342697143555,0.785180389881134,86,215,4104,586,215,0,16,29,33,8,0
1653,mild_drift,0.2,1.1091192960739136,0.6898907423019409,61,201,4549,539,201,0,16,29,8,8,0
1654,mild_drift,0.7,1.015580654144287,0.6816565990447998,81,218,4566,672,218,0,16,16,41,8,0
1655,mild_drift,0.7,0.9870184659957886,0.6925966739654541,94,215,4972,616,215,0,16,32,38,8,0
1656,mild_drift,0.7,0.9031761884689331,0.6815950274467468,97,236,5145,693,236,0,48,13,28,8,0
1657,mild_drift,1.0,1.0143918991088867,0.5722377300262451,100,209,3060,504,209,0,32,28,32,8,0
1658,mild_drift,1.0,0.9954397082328796,0.6437343955039978,76,208,4292,596,208,0,15,41,12,8,0
1659,mild_drift,0.8,0.9019883871078491,0.5238320231437683,109,200,4390,496,200,0,16,63,22,8,0
1660,mild_drift,0.2,0.9300668835639954,0.6617487072944641,88,215,4778,601,215,0,15,55,14,4,0
1661,mild_drift,0.6,1.0017057657241821,0.6073999404907227,84,202,4501,514,202,0,16,48,12,8,0
1662,mild_drift,1.0,1.055807113647461,0.5630593299865723,124,200,4015,419,200,0,64,16,36,8,0
1663,mild_drift,1.0,0.9361764192581177,0.334003746509552,103,200,2342,207,200,0,32,16,47,8,0
1664,mild_drift,1.0,1.1957879066467285,0.6744166612625122,101,202,3483,442,202,0,16,32,45,8,0
1665,mild_drift,0.3,0.7964405417442322,0.6369273662567139,96,228,4963,644,228,0,31,45,12,8,0
1666,mild_drift,0.5,1.0024341344833374,0.6606872081756592,81,205,4786,615,205,0,32,13,28,8,0
1667,mild_drift,1.0,0.9952433109283447,0.3391576409339905,111,200,2232,208,200,0,47,41,19,4,0
1668,mild_drift,0.7,0.8701265454292297,0.6706197261810303,105,209,4239,661,209,0,32,32,33,8,0
1669,mild_drift,0.5,1.1110615730285645,0.6666345596313477,71,200,4206,490,200,0,16,25,22,8,0
1670,mild_drift,0.8,0.8188763856887817,0.6597932577133179,84,203,4163,466,203,0,32,32,12,8,0
1671,mild_drift,0.7,0.94976806640625,0.4933962821960449,104,201,4597,504,201,0,63,16,17,8,0
1672,mild_drift,0.7,1.1342436075210571,0.7173634171485901,96,201,4318,477,201,0,16,57,15,8,0
1673,mild_drift,1.0,0.8642077445983887,0.5423359274864197,84,200,3799,343,200,0,32,32,12,8,0
1674,mild_drift,1.0,0.9733119606971741,0.24304652214050293,73,201,2634,215,201,0,27,26,12,8,0
1675,mild_drift,1.0,0.932367205619812,0.6748281717300415,80,204,3223,305,204,0,7,38,27,8,0
1676,mild_drift,0.9,1.016802430152893,0.7276155948638916,80,227,4232,623,227,0,16,38,18,8,0
1677,mild_drift,1.0,1.04324471950531,0.5594564080238342,68,201,3405,322,201,0,32,16,12,8,0
1678,mild_drift,0.3,1.0436148643493652,0.5603342056274414,72,203,4988,566,203,0,16,43,5,8,0
1679,mild_drift,0.4,0.9028255939483643,0.674789309501648,45,202,4357,522,202,0,16,13,8,8,0
1680,mild_drift,0.5,0.954304575920105,0.6309757232666016,77,202,4533,548,202,0,48,13,8,8,0
1681,mild_drift,0.8,0.8582285642623901,0.5506988167762756,95,200,4287,457,200,0,32,32,23,8,0
1682,mild_drift,0.5,0.8584838509559631,0.4984869956970215,129,213,4888,549,213,0,47,39,35,8,0
1683,mild_drift,1.0,0.9314661026000977,0.4819040894508362,122,200,4326,369,200,0,64,31,19,8,0
1684,mild_drift,0.3,0.9959937334060669,0.6246670484542847,103,204,4757,615,204,0,32,32,31,8,0
1685,mild_drift,0.8,0.9166315793991089,0.6249863505363464,79,216,5064,651,216,0,32,16,23,8,0
1686,mild_drift,0.6,1.0716078281402588,0.7787783145904541,55,208,4104,604,208,0,16,14,17,8,0
1687,mild_drift,0.8,0.9579369425773621,0.5894460678100586,98,202,4482,546,202,0,48,16,26,8,0
1688,mild_drift,1.0,0.8888739347457886,0.31096798181533813,125,200,3496,302,200,0,32,48,37,8,0
1689,mild_drift,0.6,0.9600512981414795,0.6365808844566345,88,210,4573,546,210,0,16,59,5,8,0
1690,mild_drift,0.3,0.8799102902412415,0.5827859044075012,116,208,4758,492,208,0,16,48,44,8,0
1691,mild_drift,0.6,1.032773494720459,0.7538310289382935,76,210,4222,608,210,0,15,14,39,8,0
1692,mild_drift,0.8,0.8863198161125183,0.5249982476234436,80,206,4664,512,206,0,29,31,12,8,0
1693,mild_drift,0.7,1.1114022731781006,0.6108987331390381,116,200,4473,519,200,0,48,48,12,8,0
1694,mild_drift,1.0,0.9407442212104797,0.7695361375808716,53,208,2810,410,208,0,16,16,13,8,0
1695,mild_drift,0.7,1.091953158378601,0.6001670360565186,89,204,4526,569,204,0,32,32,17,8,0
1696,mild_drift,0.8,0.8827555775642395,0.6976388692855835,55,205,4332,559,205,0,16,14,17,8,0
1697,mild_drift,0.8,0.9475407004356384,0.547631025314331,113,238,5361,588,238,0,32,42,31,8,0
1698,mild_drift,1.0,0.9819692373275757,0.4489712119102478,90,200,3466,376,200,0,32,13,37,8,0
1699,mild_drift,0.1,0.9149150252342224,0.6529250741004944,90,256,5116,619,256,0,16,47,19,8,0
1700,mild_drift,0.6,0.9040459990501404,0.6171530485153198,69,211,4650,622,211,0,16,13,32,8,0
1701,mild_drift,1.0,1.1235945224761963,0.6765139102935791,76,207,2527,373,207,0,16,16,36,8,0
1702,mild_drift,1.0,1.042798399925232,0.5450193881988525,108,220,3819,604,220,0,32,31,37,8,0
1703,mild_drift,1.0,1.0414949655532837,0.612126886844635,57,201,3516,351,201,0,16,15,18,8,0
1704,mild_drift,1.0,0.7848721742630005,0.5235421657562256,92,200,3401,498,200,0,16,48,24,4,0
1705,mild_drift,0.6,0.9103713035583496,0.7203569412231445,100,205,4520,571,205,0,13,48,35,4,0
1706,mild_drift,0.9,0.8443478345870972,0.8079237937927246,56,212,4316,574,212,0,15,27,10,4,0
1707,mild_drift,0.6,0.7884279489517212,0.5819066762924194,130,200,3806,425,200,0,105,11,10,4,0
1708,mild_drift,1.0,1.136610507965088,0.5707024335861206,84,200,4121,440,200,0,32,32,12,8,0
1709,mild_drift,0.4,0.8781763315200806,0.6839563846588135,104,200,3979,524,200,0,48,15,33,8,0
1710,mild_drift,0.7,1.0131398439407349,0.5740888118743896,89,200,4382,444,200,0,16,46,19,8,0
1711,mild_drift,0.8,0.9185379147529602,0.6296093463897705,68,201,4592,504,201,0,32,16,12,8,0
1712,mild_drift,0.3,1.0896135568618774,0.664501965045929,85,243,5716,666,243,0,16,47,14,8,0
1713,mild_drift,0.6,0.8249266147613525,0.647721529006958,71,201,4207,488,201,0,16,16,31,8,0
1714,mild_drift,0.4,0.9724804759025574,0.6480206251144409,61,214,4955,514,214,0,16,29,8,8,0
1715,mild_drift,0.7,0.8645539283752441,0.6274217963218689,87,201,4364,489,201,0,16,32,31,8,0
1716,mild_drift,0.8,1.125028371810913,0.6604933738708496,71,203,4365,574,203,0,32,14,17,8,0
1717,mild_drift,1.0,0.8690410256385803,0.5816590785980225,91,201,3345,310,201,0,14,47,22,8,0
1718,mild_drift,0.7,1.1479992866516113,0.5670919418334961,125,201,4248,436,201,0,47,47,23,8,0
1719,mild_drift,1.0,0.9222233891487122,0.7542921900749207,94,210,2984,501,210,0,16,27,43,8,0
1720,mild_drift,0.7,0.9887784123420715,0.5622464418411255,52,213,4921,639,213,0,16,16,12,8,0
1721,mild_drift,0.9,1.0925627946853638,0.6711082458496094,60,205,4172,470,205,0,16,28,8,8,0
1722,mild_drift,0.7,1.0442476272583008,0.6929413676261902,117,236,5239,658,236,0,46,32,31,8,0
1723,mild_drift,0.4,1.0067155361175537,0.7004582285881042,52,210,4710,587,210,0,16,16,12,8,0
1724,mild_drift,0.5,1.0803354978561401,0.5767900347709656,84,211,4712,513,211,0,32,32,12,8,0
1725,mild_drift,0.2,0.9000505805015564,0.7188024520874023,91,203,4412,594,203,0,16,46,21,8,0
1726,mild_drift,1.0,0.9271323680877686,0.6721150875091553,68,204,3159,376,204,0,13,28,19,8,0
1727,mild_drift,0.7,0.9956480860710144,0.5622608661651611,92,202,4578,580,202,0,16,32,36,8,0
1728,mild_drift,1.0,0.9500077366828918,0.7059180736541748,69,206,3932,395,206,0,16,16,33,4,0
1729,mild_drift,1.0,0.9752872586250305,0.6118378639221191,77,210,3247,475,210,0,30,16,23,8,0
1730,mild_drift,1.0,1.100708246231079,0.6410416960716248,99,203,3669,362,203,0,48,31,12,8,0
1731,mild_drift,1.0,0.9384886622428894,0.6094670295715332,100,202,3583,366,202,0,48,12,32,8,0
1732,mild_drift,1.0,0.8588861227035522,0.5518859624862671,133,200,3194,317,200,0,57,48,24,4,0
1733,mild_drift,0.7,0.8669052720069885,0.5312939882278442,158,219,5070,554,219,0,32,79,39,8,0
1734,mild_drift,0.7,0.9725005030632019,0.7963529229164124,83,231,4720,606,231,0,16,31,28,8,0
1735,mild_drift,0.4,0.9362042546272278,0.5967063903808594,102,209,4946,587,209,0,16,29,49,8,0
1736,mild_drift,0.9,0.9156856536865234,0.5740035176277161,45,202,4641,563,202,0,16,13,8,8,0
1737,mild_drift,0.6,1.0788311958312988,0.5562376976013184,86,204,4428,530,204,0,30,25,23,8,0
1738,mild_drift,1.0,0.9584298729896545,0.7255510687828064,61,203,3852,435,203,0,16,31,6,8,0
1739,mild_drift,0.4,1.0829887390136719,0.6751350164413452,129,203,4286,598,203,0,61,16,44,8,0
1740,mild_drift,0.9,0.8438977003097534,0.46531009674072266,118,200,4072,465,200,0,62,42,6,8,0
1741,mild_drift,1.0,1.1455129384994507,0.5435665845870972,151,200,3031,360,200,0,28,77,38,8,0
1742,mild_drift,0.9,0.9469093084335327,0.5174323916435242,153,201,4642,534,201,0,63,63,19,8,0
1743,mild_drift,0.3,1.0732892751693726,0.6396486163139343,61,207,4751,641,207,0,16,29,8,8,0
1744,mild_drift,1.0,0.8862911462783813,0.5165651440620422,123,200,4213,440,200,0,48,45,22,8,0
1745,mild_drift,0.8,0.9477202296257019,0.6502022743225098,124,208,4563,579,208,0,80,16,20,8,0
1746,mild_drift,0.7,0.8801019787788391,0.5925000309944153,61,225,5103,685,225,0,16,29,8,8,0
1747,mild_drift,0.8,1.0794999599456787,0.8047080636024475,87,203,3625,478,203,0,16,46,17,8,0
1748,mild_drift,0.6,0.9589056968688965,0.7210941314697266,76,205,4155,523,205,0,31,16,21,8,0
1749,mild_drift,0.4,1.0028120279312134,0.65565025806427,100,206,4875,651,206,0,16,64,12,8,0
1750,mild_drift,1.0,0.8606593012809753,0.5785109996795654,131,202,3735,405,202,0,43,29,55,4,0
1751,mild_drift,0.6,0.7892544269561768,0.5507782697677612,116,202,4645,575,202,0,64,32,12,8,0
1752,mild_drift,0.9,0.880567193031311,0.6980291604995728,61,201,3625,420,201,0,32,13,8,8,0
1753,mild_drift,0.3,0.8945714831352234,0.7197393178939819,51,210,4958,654,210,0,13,12,18,8,0
1754,mild_drift,0.9,1.0912030935287476,0.627764880657196,68,209,4340,594,209,0,32,16,12,8,0
1755,mild_drift,0.5,0.8494364023208618,0.6074081659317017,109,205,4590,583,205,0,32,31,38,8,0
1756,mild_drift,0.7,0.8670471906661987,0.629148006439209,121,203,4534,538,203,0,48,32,33,8,0
1757,mild_drift,0.8,0.9707282185554504,0.6945602893829346,125,217,4502,526,217,0,48,61,8,8,0
1758,mild_drift,0.4,0.9367585182189941,0.6600406169891357,88,216,5104,627,216,0,16,32,32,8,0
1759,mild_drift,0.7,1.0018956661224365,0.5638316869735718,95,200,4409,525,200,0,16,45,26,8,0
1760,mild_drift,1.0,0.9329884052276611,0.48771756887435913,73,200,4417,513,200,0,32,28,5,8,0
1761,mild_drift,0.7,0.9720370769500732,0.6081193685531616,87,200,4127,498,200,0,32,25,22,8,0
1762,mild_drift,0.5,0.792651891708374,0.7800483703613281,52,262,5917,661,262,0,27,11,10,4,0
1763,mild_drift,0.7,0.8855915069580078,0.49672335386276245,93,200,4362,513,200,0,46,16,23,8,0
1764,mild_drift,1.0,0.8687047362327576,0.48197710514068604,100,203,4007,405,203,0,32,48,12,8,0
1765,mild_drift,1.0,0.9694510102272034,0.5514405369758606,73,201,3482,432,201,0,32,15,18,8,0
1766,mild_drift,0.8,0.970993161201477,0.6172269582748413,151,203,4943,598,203,0,16,96,31,8,0
1767,mild_drift,0.8,0.9478297829627991,0.6296722888946533,87,205,4425,599,205,0,32,16,31,8,0
1768,mild_drift,0.5,1.0689109563827515,0.714017391204834,66,203,4233,541,203,0,16,16,26,8,0
1769,mild_drift,1.0,1.1004436016082764,0.6336674690246582,94,202,3577,440,202,0,32,16,38,8,0
1770,mild_drift,0.5,1.1653169393539429,0.6421184539794922,117,207,4656,580,207,0,32,46,31,8,0
1771,mild_drift,0.7,0.9891211986541748,0.6224414110183716,100,202,4664,525,202,0,32,28,32,8,0
1772,mild_drift,0.8,1.1303921937942505,0.7353203296661377,45,202,3959,476,202,0,16,13,8,8,0
1773,mild_drift,0.3,0.9823610186576843,0.6678018569946289,73,205,4714,625,205,0,32,15,18,8,0
1774,mild_drift,0.9,0.949677586555481,0.42900407314300537,103,200,3905,370,200,0,32,30,33,8,0
1775,mild_drift,0.5,0.9807033538818359,0.4525730609893799,67,201,4448,463,201,0,28,16,15,8,0
1776,mild_drift,0.6,0.8850939273834229,0.6090019345283508,80,204,4431,573,204,0,31,13,28,8,0
1777,mild_drift,0.8,0.9635517001152039,0.5340781211853027,84,200,4752,575,200,0,32,16,28,8,0
1778,mild_drift,0.7,0.9324700236320496,0.6301836967468262,77,200,4211,492,200,0,16,45,8,8,0
1779,mild_drift,0.9,0.9612063765525818,0.5682321786880493,105,200,4182,455,200,0,16,63,18,8,0
1780,mild_drift,0.9,1.0799715518951416,0.7805899381637573,51,201,3141,380,201,0,13,12,18,8,0
1781,mild_drift,0.8,0.9511042833328247,0.6664726734161377,116,202,4397,528,202,0,16,80,12,8,0
1782,mild_drift,0.4,0.8216248750686646,0.5479325652122498,147,200,4684,507,200,0,32,63,44,8,0
1783,mild_drift,0.8,0.8989711403846741,0.6061421632766724,148,237,4664,541,237,0,48,80,12,8,0
1784,mild_drift,0.4,1.204445481300354,0.6969506740570068,79,214,4474,605,214,0,32,14,25,8,0
1785,mild_drift,1.0,0.9472988247871399,0.47317594289779663,77,200,3574,306,200,0,48,13,8,8,0
1786,mild_drift,0.9,1.029231309890747,0.5665199756622314,61,203,4103,464,203,0,32,13,8,8,0
1787,mild_drift,0.4,0.8652750253677368,0.6130127906799316,101,201,4534,533,201,0,48,16,29,8,0
1788,mild_drift,1.0,0.9755421876907349,0.6958779096603394,131,202,3882,465,202,0,48,32,43,8,0
1789,mild_drift,1.0,1.0684109926223755,0.6331276893615723,94,207,3339,484,207,0,47,16,23,8,0
1790,mild_drift,0.9,0.8553272485733032,0.5150350332260132,68,210,3588,495,210,0,16,32,12,8,0
1791,mild_drift,0.7,1.152113437652588,0.6327006816864014,89,201,4303,535,201,0,30,14,37,8,0
1792,mild_drift,0.6,1.1372087001800537,0.5479509234428406,122,202,4689,541,202,0,63,16,35,8,0
1793,mild_drift,0.3,0.8727988004684448,0.6460158824920654,92,258,5554,598,258,0,31,32,25,4,0
1794,mild_drift,1.0,1.0058698654174805,0.8069565296173096,70,205,3678,484,205,0,32,15,19,4,0
1795,mild_drift,0.8,0.8021332025527954,0.5734976530075073,77,201,4657,545,201,0,32,29,8,8,0
1796,mild_drift,1.0,0.8408857583999634,0.4278935194015503,82,201,3467,351,201,0,47,12,19,4,0
1797,mild_drift,0.8,1.136153221130371,0.718306303024292,100,217,4592,626,217,0,32,48,12,8,0
1798,mild_drift,0.8,0.920346200466156,0.533261775970459,116,202,4102,488,202,0,48,32,28,8,0
1799,mild_drift,0.8,0.7311480045318604,0.664664626121521,52,203,4066,517,203,0,27,11,10,4,0
1800,mild_drift,0.5,0.9610663056373596,0.6105421781539917,115,212,5016,633,212,0,32,32,43,8,0
1801,mild_drift,0.6,0.9356762766838074,0.717117190361023,94,232,4516,614,232,0,16,47,23,8,0
1802,mild_drift,0.3,1.0567104816436768,0.6266311407089233,75,210,5003,628,210,0,16,29,22,8,0
1803,mild_drift,1.0,0.9729301929473877,0.43307191133499146,90,202,3905,344,202,0,16,31,35,8,0
1804,mild_drift,0.7,0.9947627186775208,0.6468287706375122,88,223,5077,546,223,0,16,46,18,8,0
1805,mild_drift,0.8,0.9883677363395691,0.5476752519607544,59,200,4228,508,200,0,30,13,8,8,0
1806,mild_drift,0.5,0.8941887617111206,0.6506701707839966,90,209,4936,639,209,0,48,29,5,8,0
1807,mild_drift,0.6,0.9941135048866272,0.8503172397613525,99,208,3661,467,208,0,58,16,17,8,0
1808,mild_drift,0.4,1.023375153541565,0.7321819067001343,84,201,4565,532,201,0,32,32,12,8,0
1809,mild_drift,0.8,1.015602707862854,0.5297077894210815,65,203,4360,502,203,0,16,13,28,8,0
1810,mild_drift,0.3,0.8851479291915894,0.6993095874786377,84,207,4499,586,207,0,16,31,29,8,0
1811,mild_drift,0.6,1.0752766132354736,0.7704557180404663,55,226,4847,597,226,0,16,14,17,8,0
1812,mild_drift,0.5,1.0447219610214233,0.5878282785415649,74,202,4279,504,202,0,16,16,34,8,0
1813,mild_drift,0.5,0.8702922463417053,0.5477457642555237,75,204,4747,580,204,0,16,32,19,8,0
1814,mild_drift,0.7,0.8049811720848083,0.5915794372558594,91,201,4404,617,201,0,32,43,8,8,0
1815,mild_drift,0.8,1.0977753400802612,0.6141886115074158,124,208,4150,510,208,0,48,29,39,8,0
1816,mild_drift,0.6,0.931982696056366,0.6632492542266846,84,208,4809,554,208,0,32,32,12,8,0
1817,mild_drift,0.2,1.125630497932434,0.6923448443412781,94,215,4943,658,215,0,32,16,38,8,0
1818,mild_drift,0.5,1.0032265186309814,0.7304011583328247,77,203,4265,553,203,0,30,16,23,8,0
1819,mild_drift,0.3,1.0219513177871704,0.49642813205718994,61,201,4631,563,201,0,16,29,8,8,0
1820,mild_drift,0.6,1.1737903356552124,0.5181121826171875,89,201,4840,521,201,0,32,16,33,8,0
1821,mild_drift,0.5,1.14621901512146,0.5318710803985596,108,202,4501,550,202,0,32,60,8,8,0
1822,mild_drift,0.2,0.8579378724098206,0.6119279861450195,88,202,4431,495,202,0,31,16,33,8,0
1823,mild_drift,0.6,1.002633810043335,0.6191872358322144,118,203,4064,444,203,0,63,16,31,8,0
1824,mild_drift,1.0,1.1046357154846191,0.6156242489814758,132,217,3651,591,217,0,80,32,12,8,0
1825,mild_drift,1.0,1.032781958580017,0.6107124090194702,110,201,3723,432,201,0,48,32,22,8,0
1826,mild_drift,0.4,0.9292792677879333,0.6509910821914673,137,211,4741,551,211,0,80,32,17,8,0
1827,mild_drift,0.6,1.0737723112106323,0.6796425580978394,109,207,4583,570,207,0,47,16,38,8,0
1828,mild_drift,0.9,0.7924417853355408,0.5357545614242554,92,201,4522,533,201,0,32,16,36,8,0
1829,mild_drift,0.3,0.9874127507209778,0.6016205549240112,80,202,4487,547,202,0,29,31,12,8,0
1830,mild_drift,0.8,1.1115753650665283,0.6253073215484619,42,207,3021,526,207,0,16,13,5,8,0
1831,mild_drift,0.8,1.03574800491333,0.6112717390060425,99,206,4116,532,206,0,16,63,12,8,0
1832,mild_drift,1.0,0.9428703188896179,0.6410366296768188,100,201,2860,240,201,0,16,64,12,8,0
1833,mild_drift,0.9,0.9101456999778748,0.6251859664916992,70,204,3912,462,204,0,16,13,33,8,0
1834,mild_drift,1.0,1.1373538970947266,0.756622850894928,66,203,2794,288,203,0,16,16,26,8,0
1835,mild_drift,0.7,0.9680232405662537,0.5930029153823853,68,205,4751,605,205,0,32,16,12,8,0
1836,mild_drift,1.0,0.9155994653701782,0.5559358596801758,86,202,3504,388,202,0,15,32,31,8,0
1837,mild_drift,0.7,1.07628333568573,0.7060470581054688,139,202,3091,323,202,0,78,31,22,8,0
1838,mild_drift,0.8,0.9271790385246277,0.6019777059555054,79,206,4730,538,206,0,16,32,23,8,0
1839,mild_drift,0.8,1.080797791481018,0.6808291673660278,99,200,4197,447,200,0,16,32,43,8,0
1840,mild_drift,0.8,1.0070199966430664,0.8792915940284729,91,222,3974,687,222,0,47,28,8,8,0
1841,mild_drift,0.9,1.057694435119629,0.41337960958480835,93,200,4011,413,200,0,48,15,22,8,0
1842,mild_drift,0.9,0.985591471195221,0.5235201716423035,103,202,3270,346,202,0,16,62,17,8,0
1843,mild_drift,0.9,1.1313806772232056,0.6515173316001892,109,202,4154,420,202,0,48,14,39,8,0
1844,mild_drift,0.5,0.9147335886955261,0.658751368522644,88,203,4549,541,203,0,31,32,17,8,0
1845,mild_drift,0.9,1.0292167663574219,0.5967721939086914,113,225,3498,632,225,0,32,47,26,8,0
1846,mild_drift,0.5,0.8175758123397827,0.7049227952957153,88,206,4480,587,206,0,32,42,6,8,0
1847,mild_drift,1.0,0.9402940273284912,0.5187401175498962,119,201,3954,398,201,0,32,47,32,8,0
1848,mild_drift,0.9,0.8154386281967163,0.5901890397071838,97,203,4366,525,203,0,32,26,31,8,0
1849,mild_drift,1.0,0.992159903049469,0.4509350657463074,133,200,3891,393,200,0,30,78,17,8,0
1850,mild_drift,0.7,0.836675226688385,0.5359320640563965,114,202,4478,573,202,0,16,62,32,4,0
1851,mild_drift,1.0,0.9550104737281799,0.8654813766479492,55,204,3453,403,204,0,14,27,6,8,0
1852,mild_drift,0.3,0.9833645820617676,0.6444181799888611,76,205,4197,588,205,0,16,13,39,8,0
1853,mild_drift,1.0,0.9013146162033081,0.6481215953826904,94,200,3342,339,200,0,48,16,26,4,0
1854,mild_drift,0.6,0.9515277743339539,0.5211676359176636,132,202,4613,537,202,0,64,32,28,8,0
1855,mild_drift,0.4,1.0216219425201416,0.6470644474029541,89,208,4806,645,208,0,32,26,23,8,0
1856,mild_drift,1.0,0.9993807077407837,0.43860846757888794,119,200,3760,317,200,0,63,16,32,8,0
1857,mild_drift,1.0,0.8582811951637268,0.6336156129837036,148,206,4086,571,206,0,32,90,18,8,0
1858,mild_drift,0.9,1.0954194068908691,0.529422402381897,103,201,4180,550,201,0,48,16,31,8,0
1859,mild_drift,1.0,0.8185557126998901,0.37346434593200684,109,201,3913,309,201,0,48,31,22,8,0
1860,mild_drift,0.6,1.0728815793991089,0.6126412153244019,67,200,4092,535,200,0,16,29,14,8,0
1861,mild_drift,0.4,0.807424008846283,0.6160627603530884,86,213,4898,641,213,0,32,28,18,8,0
1862,mild_drift,0.9,0.9792705178260803,0.6015350818634033,75,202,3834,373,202,0,32,27,8,8,0
1863,mild_drift,1.0,0.9606732726097107,0.6469805240631104,91,211,4580,558,211,0,32,43,8,8,0
1864,mild_drift,0.7,1.0034325122833252,0.6897168159484863,52,215,3667,677,215,0,16,16,12,8,0
1865,mild_drift,0.9,1.1030354499816895,0.7614914178848267,68,204,4071,476,204,0,16,16,28,8,0
1866,mild_drift,0.6,1.1102256774902344,0.6210809946060181,77,203,4567,477,203,0,16,16,37,8,0
1867,mild_drift,0.4,0.8509955406188965,0.6504534482955933,77,203,4607,568,203,0,32,29,8,8,0
1868,mild_drift,0.7,1.0325927734375,0.6566671133041382,68,204,3855,521,204,0,32,16,12,8,0
1869,mild_drift,0.8,0.7981805801391602,0.6347078084945679,78,202,4777,571,202,0,16,48,6,8,0
1870,mild_drift,1.0,0.9832811951637268,0.4549151062965393,149,200,4199,450,200,0,64,63,14,8,0
1871,mild_drift,0.8,1.026386022567749,0.533789873123169,100,201,4171,455,201,0,64,16,12,8,0
1872,mild_drift,0.6,1.0352414846420288,0.6221165060997009,89,205,4533,626,205,0,32,16,33,8,0
1873,mild_drift,0.2,0.8972663879394531,0.6972551941871643,87,214,5104,641,214,0,42,9,28,8,0
1874,mild_drift,0.9,0.9223213195800781,0.5448960065841675,128,201,4198,428,201,0,32,60,28,8,0
1875,mild_drift,0.4,1.0091508626937866,0.5547698736190796,104,201,4625,545,201,0,32,32,32,8,0
1876,mild_drift,1.0,1.01042902469635,0.2933346629142761,111,200,4003,283,200,0,64,16,23,8,0
1877,mild_drift,0.7,0.9422690868377686,0.5945855379104614,82,202,4843,574,202,0,16,30,28,8,0
1878,mild_drift,0.4,0.969201385974884,0.7363256812095642,83,211,4771,583,211,0,16,16,43,8,0
1879,mild_drift,0.8,0.9149368405342102,0.6445417404174805,76,205,3876,514,205,0,16,31,21,8,0
1880,mild_drift,0.4,0.9097110033035278,0.6125872731208801,92,207,4592,587,207,0,16,32,36,8,0
1881,mild_drift,1.0,0.8615727424621582,0.42876285314559937,89,200,4168,416,200,0,32,44,5,8,0
1882,mild_drift,0.5,0.9744203090667725,0.6722171306610107,100,205,4666,584,205,0,16,44,32,8,0
1883,mild_drift,1.0,0.9274531006813049,0.5237785577774048,108,200,3668,314,200,0,16,48,36,8,0
1884,mild_drift,1.0,0.8892742991447449,0.6272292137145996,100,207,3930,360,207,0,32,48,12,8,0
1885,mild_drift,0.9,0.9998787045478821,0.8787233233451843,65,207,3841,526,207,0,13,29,19,4,0
1886,mild_drift,0.3,1.017128586769104,0.6304911971092224,120,202,4651,561,202,0,47,32,33,8,0
1887,mild_drift,1.0,1.0585976839065552,0.4677162766456604,98,200,3135,265,200,0,16,31,43,8,0
1888,mild_drift,0.3,1.0526952743530273,0.6733731031417847,56,208,4625,651,208,0,15,15,18,8,0
1889,mild_drift,0.5,0.910165011882782,0.5476808547973633,84,206,5001,614,206,0,32,16,28,8,0
1890,mild_drift,0.9,1.0349053144454956,0.6671463251113892,87,202,4164,481,202,0,48,14,17,8,0
1891,mild_drift,0.6,1.062601089477539,0.6792656183242798,130,205,4439,623,205,0,48,16,58,8,0
1892,mild_drift,0.6,0.9162694811820984,0.4870699644088745,109,200,4426,501,200,0,48,31,22,8,0
1893,mild_drift,1.0,0.9178574681282043,0.7379031777381897,79,203,4135,434,203,0,16,39,20,4,0
1894,mild_drift,0.5,0.9039626121520996,0.7076874375343323,72,209,4936,554,209,0,15,15,34,8,0
1895,mild_drift,1.0,0.923011064529419,0.5363742113113403,93,201,4437,477,201,0,48,29,8,8,0
1896,mild_drift,0.7,0.9902067184448242,0.6485661268234253,61,202,4689,562,202,0,32,13,8,8,0
1897,mild_drift,0.6,0.9265180826187134,0.5553826093673706,61,200,4930,534,200,0,16,29,8,8,0
1898,mild_drift,0.0,0.9926741719245911,0.6632534265518188,71,203,4551,604,203,0,16,32,15,8,0
1899,mild_drift,0.7,0.9042991995811462,0.5489799380302429,116,202,4094,447,202,0,64,32,12,8,0
1900,mild_drift,0.7,1.0506794452667236,0.6180177330970764,85,213,4781,645,213,0,16,31,30,8,0
1901,mild_drift,0.7,1.0752164125442505,0.7468448281288147,62,201,4127,547,201,0,16,16,22,8,0
1902,mild_drift,0.5,0.8192345499992371,0.6250091791152954,151,207,4672,608,207,0,78,59,10,4,0
1903,mild_drift,1.0,0.8829014897346497,0.6278572082519531,89,203,4214,469,203,0,32,25,24,8,0
1904,mild_drift,0.5,0.8282387256622314,0.6811720132827759,118,208,4675,576,208,0,48,31,35,4,0
1905,mild_drift,0.8,0.8071373105049133,0.554423987865448,95,200,4721,545,200,0,48,16,23,8,0
1906,mild_drift,1.0,0.9349822998046875,0.5482454299926758,95,202,4302,440,202,0,16,48,23,8,0
1907,mild_drift,0.9,0.9818311929702759,0.656627357006073,87,204,4161,395,204,0,32,32,15,8,0
1908,mild_drift,1.0,0.9455579519271851,0.5226247906684875,156,210,3501,482,210,0,96,16,36,8,0
1909,mild_drift,0.5,1.0286749601364136,0.5767241716384888,45,202,4371,535,202,0,16,13,8,8,0
1910,mild_drift,1.0,1.12301504611969,0.5464003086090088,134,201,3176,327,201,0,63,29,34,8,0
1911,mild_drift,1.0,1.0536454916000366,0.7565804123878479,62,200,3361,376,200,0,32,12,14,4,0
1912,mild_drift,0.9,0.8078743815422058,0.4410921335220337,127,200,4531,428,200,0,48,48,23,8,0
1913,mild_drift,1.0,0.998689591884613,0.5150161981582642,102,200,2816,289,200,0,28,51,19,4,0
1914,mild_drift,1.0,1.090839147567749,0.18066734075546265,121,200,2093,165,200,0,44,54,19,4,0
1915,mild_drift,0.8,0.9360755681991577,0.6508076786994934,81,209,4706,670,209,0,32,13,28,8,0
1916,mild_drift,0.9,0.8229649066925049,0.5030752420425415,83,202,4356,466,202,0,15,48,12,8,0
1917,mild_drift,0.6,0.9646283984184265,0.6176183223724365,73,201,4698,538,201,0,16,44,5,8,0
1918,mild_drift,0.4,1.0564870834350586,0.6415501832962036,104,201,4777,605,201,0,75,13,8,8,0
1919,mild_drift,0.8,0.8792332410812378,0.6908159255981445,98,227,4895,549,227,0,32,31,31,4,0
1920,mild_drift,0.4,1.065448522567749,0.6918243169784546,130,231,5150,631,231,0,48,60,14,8,0
1921,mild_drift,0.6,1.107820749282837,0.689186692237854,71,210,4524,594,210,0,16,41,6,8,0
1922,mild_drift,1.0,0.7986929416656494,0.6397830843925476,80,203,4078,366,203,0,16,41,19,4,0
1923,mild_drift,0.4,0.9966992139816284,0.6795483827590942,123,204,4380,561,204,0,80,16,19,8,0
1924,mild_drift,1.0,0.9308311343193054,0.5958578586578369,144,201,3908,400,201,0,56,47,33,8,0
1925,mild_drift,0.3,0.9787579774856567,0.6316206455230713,113,209,4773,625,209,0,64,13,28,8,0
1926,mild_drift,0.9,0.8787372708320618,0.6326390504837036,91,204,4456,543,204,0,32,43,8,8,0
1927,mild_drift,0.4,0.9348989725112915,0.7554603815078735,65,204,4627,607,204,0,15,15,31,4,0
1928,mild_drift,0.7,0.9541047215461731,0.5139219760894775,84,200,4579,541,200,0,16,32,28,8,0
1929,mild_drift,1.0,0.9833948612213135,0.810707688331604,97,219,3671,536,219,0,15,47,31,4,0
1930,mild_drift,1.0,0.9497881531715393,0.5327343344688416,94,200,3561,309,200,0,16,64,6,8,0
1931,mild_drift,1.0,0.9628523588180542,0.5901769399642944,89,204,4298,480,204,0,32,16,33,8,0
1932,mild_drift,0.6,1.0196542739868164,0.6981115341186523,65,211,4852,589,211,0,16,13,28,8,0
1933,mild_drift,0.8,1.10797917842865,0.5331518650054932,61,200,4425,496,200,0,16,29,8,8,0
1934,mild_drift,0.8,0.9560002684593201,0.4882814288139343,100,203,4461,592,203,0,47,16,29,8,0
1935,mild_drift,1.0,0.9174724221229553,0.4925093650817871,128,200,3814,389,200,0,32,76,12,8,0
1936,mild_drift,0.4,1.0119457244873047,0.7429124116897583,87,218,4747,684,218,0,32,30,17,8,0
1937,mild_drift,0.6,0.8823950886726379,0.5819336771965027,103,208,4739,581,208,0,16,48,31,8,0
1938,mild_drift,0.5,0.9652445316314697,0.5913805961608887,58,214,4846,619,214,0,16,29,5,8,0
1939,mild_drift,0.7,0.9204332828521729,0.6667052507400513,101,206,4540,609,206,0,16,46,35,4,0
1940,mild_drift,0.4,0.9223703742027283,0.6499302983283997,98,202,4656,634,202,0,15,42,33,8,0
1941,mild_drift,1.0,0.9569747447967529,0.4349782466888428,112,201,3393,328,201,0,29,60,19,4,0
1942,mild_drift,0.3,1.0717800855636597,0.6353410482406616,121,210,4864,615,210,0,32,43,38,8,0
1943,mild_drift,1.0,0.8924429416656494,0.45065271854400635,113,200,2719,263,200,0,43,31,31,8,0
1944,mild_drift,0.8,0.8978872895240784,0.5783389210700989,110,201,4595,594,201,0,48,32,22,8,0
1945,mild_drift,0.4,1.0981014966964722,0.5745025873184204,99,200,4355,538,200,0,15,64,12,8,0
1946,mild_drift,0.8,0.8807547092437744,0.5430320501327515,136,202,4331,576,202,0,64,32,32,8,0
1947,mild_drift,0.7,1.0500884056091309,0.6103975176811218,103,205,4903,609,205,0,63,27,5,8,0
1948,mild_drift,1.0,0.9127073287963867,0.6257236003875732,82,201,2869,247,201,0,16,31,27,8,0
1949,mild_drift,0.5,0.8746112585067749,0.6169934272766113,71,207,4874,634,207,0,16,29,18,8,0
1950,mild_drift,0.9,0.9584970474243164,0.5934805870056152,131,209,4350,530,209,0,32,48,43,8,0
1951,mild_drift,1.0,1.0411773920059204,0.6296573877334595,108,208,3675,466,208,0,15,48,37,8,0
1952,mild_drift,1.0,1.1010925769805908,0.5863028764724731,92,202,3255,279,202,0,15,32,37,8,0
1953,mild_drift,0.9,1.1007239818572998,0.543243408203125,75,200,4294,424,200,0,16,29,22,8,0
1954,mild_drift,0.8,1.0354251861572266,0.584697961807251,52,206,4780,614,206,0,16,16,12,8,0
1955,mild_drift,0.6,0.8595589399337769,0.6270944476127625,70,205,5044,585,205,0,16,16,34,4,0
1956,mild_drift,1.0,1.015830397605896,0.6361148357391357,102,207,2755,507,207,0,16,60,18,8,0
1957,mild_drift,0.3,1.0725250244140625,0.8104302883148193,71,208,4155,539,208,0,32,14,17,8,0
1958,mild_drift,0.9,1.1939082145690918,0.5492005944252014,76,201,3599,381,201,0,31,16,21,8,0
1959,mild_drift,0.6,1.0151840448379517,0.6040279865264893,145,201,4287,543,201,0,64,45,28,8,0
1960,mild_drift,0.6,1.0401780605316162,0.609174370765686,118,201,4021,453,201,0,46,31,33,8,0
1961,mild_drift,0.5,0.899458110332489,0.5599188804626465,100,211,4707,645,211,0,16,47,29,8,0
1962,mild_drift,0.7,1.1816012859344482,0.7046526670455933,75,204,4245,495,204,0,16,29,22,8,0
1963,mild_drift,0.8,1.0282644033432007,0.7022744417190552,83,204,4087,449,204,0,31,14,30,8,0
1964,mild_drift,0.9,1.007291316986084,0.5251331925392151,127,210,4743,469,210,0,64,31,24,8,0
1965,mild_drift,1.0,0.8322126865386963,0.3818970322608948,107,200,2508,211,200,0,61,32,6,8,0
1966,mild_drift,1.0,0.9721217155456543,0.6279947757720947,68,205,4176,479,205,0,16,32,12,8,0
1967,mild_drift,0.9,0.9074013829231262,0.5294588208198547,116,200,4412,522,200,0,32,47,29,8,0
1968,mild_drift,0.8,1.050493836402893,0.7292668223381042,74,208,3922,576,208,0,16,31,19,8,0
1969,mild_drift,0.7,0.9754206538200378,0.5399103164672852,83,213,4780,605,213,0,31,16,28,8,0
1970,mild_drift,1.0,0.983711302280426,0.5405994653701782,99,201,3171,302,201,0,31,16,44,8,0
1971,mild_drift,1.0,0.9439989328384399,0.4519850015640259,72,200,3987,365,200,0,31,16,17,8,0
1972,mild_drift,0.8,0.9933009147644043,0.5842992663383484,122,204,4161,377,204,0,32,45,37,8,0
1973,mild_drift,0.4,0.9210569262504578,0.6123285293579102,89,201,4463,599,201,0,32,32,17,8,0
1974,mild_drift,0.4,0.9909796118736267,0.5615423917770386,140,200,4396,501,200,0,80,16,36,8,0
1975,mild_drift,0.4,0.9568390250205994,0.6457651257514954,130,200,4407,523,200,0,32,62,28,8,0
1976,mild_drift,0.7,0.9570915699005127,0.5759129524230957,76,202,4602,560,202,0,16,13,39,8,0
1977,mild_drift,1.0,1.0750064849853516,0.5692079067230225,70,200,3058,249,200,0,31,13,18,8,0
1978,mild_drift,0.7,0.7388688325881958,0.7388688325881958,37,220,4990,701,220,0,12,11,10,4,0
1979,mild_drift,1.0,0.9515404105186462,0.5374112129211426,93,201,4118,425,201,0,16,47,22,8,0
1980,mild_drift,0.8,0.9918628931045532,0.5749496817588806,80,206,4817,693,206,0,15,29,28,8,0
1981,mild_drift,1.0,1.01408052444458,0.6438453197479248,101,200,2880,254,200,0,28,28,37,8,0
1982,mild_drift,1.0,0.9330487847328186,0.4668651819229126,130,200,2907,372,200,0,32,47,43,8,0
1983,mild_drift,1.0,1.024578332901001,0.8022818565368652,52,204,3571,427,204,0,16,16,12,8,0
1984,mild_drift,0.9,0.9369505643844604,0.6979515552520752,61,203,4282,522,203,0,16,29,8,8,0
1985,mild_drift,0.4,0.9799802899360657,0.6105890274047852,85,212,4887,624,212,0,15,54,8,8,0
1986,mild_drift,0.7,1.114052414894104,0.6422122120857239,96,219,4444,469,219,0,16,14,58,8,0
1987,mild_drift,1.0,1.0091313123703003,0.535578727722168,121,200,3376,387,200,0,64,12,37,8,0
1988,mild_drift,0.9,0.7800581455230713,0.4455084204673767,125,200,3933,377,200,0,16,79,22,8,0
1989,mild_drift,0.5,1.0254695415496826,0.7047657370567322,102,213,4902,626,213,0,46,31,17,8,0
1990,mild_drift,0.2,0.9631803631782532,0.6038081645965576,71,206,4786,590,206,0,16,39,8,8,0
1991,mild_drift,0.4,0.8524920344352722,0.6975539922714233,65,214,4813,531,214,0,16,16,25,8,0
1992,mild_drift,0.9,0.8889756202697754,0.5422772169113159,93,200,4515,453,200,0,48,29,8,8,0
1993,mild_drift,0.9,0.9616167545318604,0.6128754615783691,116,205,4564,548,205,0,16,80,12,8,0
1994,mild_drift,0.6,0.9574288129806519,0.5556305050849915,101,200,4553,575,200,0,32,47,14,8,0
1995,mild_drift,0.8,1.1173837184906006,0.5897407531738281,93,204,4702,582,204,0,32,16,37,8,0
1996,mild_drift,1.0,0.9193274974822998,0.6326738595962524,101,202,3945,522,202,0,32,32,29,8,0
1997,mild_drift,0.7,0.8893718719482422,0.7416427731513977,56,216,4659,642,216,0,16,14,18,8,0
1998,mild_drift,0.9,1.0224206447601318,0.6522231101989746,83,208,4045,538,208,0,32,15,28,8,0
1999,mild_drift,0.8,0.9749951958656311,0.6849143505096436,113,208,4350,608,208,0,48,16,41,8,0
0,moderate_drift,0.8,1.1039515733718872,0.5784338116645813,104,200,4217,573,200,0,74,16,6,8,0
1,moderate_drift,0.6,1.023755431175232,0.5192101001739502,105,201,4514,499,201,0,46,43,8,8,0
2,moderate_drift,1.0,1.0453543663024902,0.6188606023788452,65,201,3586,324,201,0,15,23,19,8,0
3,moderate_drift,1.0,1.0335688591003418,0.40596139430999756,125,200,3786,327,200,0,32,63,22,8,0
4,moderate_drift,1.0,0.7545685172080994,0.7390941977500916,56,206,3312,468,206,0,15,27,10,4,0
5,moderate_drift,0.8,0.832270085811615,0.5688089728355408,109,207,4731,592,207,0,32,47,22,8,0
6,moderate_drift,0.6,0.902018666267395,0.7861509919166565,68,206,4348,602,206,0,16,32,12,8,0
7,moderate_drift,1.0,0.9969596266746521,0.6880006194114685,87,203,4208,491,203,0,16,32,31,8,0
8,moderate_drift,0.7,1.047001600265503,0.562036395072937,77,213,4741,583,213,0,15,16,38,8,0
9,moderate_drift,0.9,1.1156436204910278,0.6656108498573303,68,204,4158,492,204,0,16,32,12,8,0
10,moderate_drift,0.9,0.8409152030944824,0.6283676624298096,99,212,4630,586,212,0,32,13,46,8,0
11,moderate_drift,0.8,1.0221891403198242,0.7465963363647461,100,204,4451,584,204,0,32,48,12,8,0
12,moderate_drift,0.6,0.9606157541275024,0.5948638916015625,106,203,4592,585,203,0,32,44,22,8,0
13,moderate_drift,0.9,1.0133076906204224,0.5161899924278259,95,203,4049,432,203,0,32,28,27,8,0
14,moderate_drift,0.7,0.9266440868377686,0.6742837429046631,82,203,4446,508,203,0,31,31,12,8,0
15,moderate_drift,1.0,0.9691774845123291,0.4994848966598511,146,200,3729,399,200,0,47,63,28,8,0
16,moderate_drift,0.5,0.9390377402305603,0.5725418329238892,87,205,4322,586,205,0,16,30,33,8,0
17,moderate_drift,0.8,0.9576476216316223,0.5721098184585571,76,205,4674,551,205,0,13,32,23,8,0
18,moderate_drift,0.6,1.0976349115371704,0.6780215501785278,61,212,4654,599,212,0,16,16,21,8,0
19,moderate_drift,0.9,0.9941561818122864,0.5393677353858948,126,207,4114,510,207,0,16,80,22,8,0
20,moderate_drift,1.0,0.9037243723869324,0.5841266512870789,84,211,4034,618,211,0,48,16,12,8,0
21,moderate_drift,1.0,0.9095367789268494,0.6514714956283569,80,201,2899,322,201,0,30,28,14,8,0
22,moderate_drift,1.0,0.9956732392311096,0.4469735026359558,137,200,2536,268,200,0,48,76,5,8,0
23,moderate_drift,0.6,0.9739790558815002,0.6451470851898193,106,202,4508,554,202,0,48,31,19,8,0
24,moderate_drift,0.5,1.0300763845443726,0.5622200965881348,104,220,5325,576,220,0,16,29,51,8,0
25,moderate_drift,0.9,1.1232432126998901,0.5478236675262451,155,200,4180,514,200,0,32,92,23,8,0
26,moderate_drift,0.3,0.8982295393943787,0.5455095767974854,93,201,4628,542,201,0,30,32,23,8,0
27,moderate_drift,0.6,0.9830183982849121,0.46665436029434204,97,202,4851,545,202,0,32,32,25,8,0
28,moderate_drift,1.0,0.9548704028129578,0.7016391754150391,85,203,4016,445,203,0,48,15,14,8,0
29,moderate_drift,0.8,0.9261279702186584,0.5305749177932739,94,200,4562,451,200,0,16,48,22,8,0
30,moderate_drift,0.8,0.9929868578910828,0.5953620672225952,97,202,3763,509,202,0,32,16,41,8,0
31,moderate_drift,0.8,0.9334765076637268,0.6111385226249695,94,210,3664,538,210,0,48,16,22,8,0
32,moderate_drift,1.0,0.8906826376914978,0.600954532623291,78,207,4340,533,207,0,16,32,22,8,0
33,moderate_drift,0.9,0.9079463481903076,0.6523585319519043,87,207,4189,586,207,0,16,32,31,8,0
34,moderate_drift,0.8,1.041678786277771,0.5767879486083984,81,203,3939,491,203,0,16,16,41,8,0
35,moderate_drift,0.6,1.003446102142334,0.6501955986022949,93,211,4558,490,211,0,16,48,21,8,0
36,moderate_drift,0.5,1.070939302444458,0.4545104503631592,109,201,4630,569,201,0,32,47,22,8,0
37,moderate_drift,1.0,0.9289473295211792,0.26825833320617676,108,200,2971,268,200,0,47,32,21,8,0
38,moderate_drift,0.8,1.044971227645874,0.6645643711090088,62,207,4041,497,207,0,16,32,6,8,0
39,moderate_drift,0.7,1.0912277698516846,0.6977218985557556,71,209,3713,581,209,0,32,14,17,8,0
40,moderate_drift,1.0,0.811783492565155,0.5510821342468262,135,203,4570,514,203,0,32,89,6,8,0
41,moderate_drift,1.0,0.9575337171554565,0.5803645849227905,83,204,3994,446,204,0,31,16,28,8,0
42,moderate_drift,0.7,0.9637159109115601,0.7097997665405273,62,213,4667,592,213,0,32,16,6,8,0
43,moderate_drift,0.2,0.9505375623703003,0.5113455057144165,90,206,4497,499,206,0,30,16,36,8,0
44,moderate_drift,0.9,1.0766401290893555,0.6018704175949097,84,202,4463,521,202,0,16,48,12,8,0
45,moderate_drift,1.0,0.9905160069465637,0.7069776654243469,53,211,2543,452,211,0,16,15,14,8,0
46,moderate_drift,0.2,0.9426553249359131,0.6088835000991821,110,203,4812,596,203,0,16,80,6,8,0
47,moderate_drift,0.4,1.0105644464492798,0.6084311604499817,127,203,4507,547,203,0,32,47,40,8,0
48,moderate_drift,0.9,0.9757882952690125,0.5446624755859375,81,209,4709,575,209,0,16,32,25,8,0
49,moderate_drift,0.8,1.1126540899276733,0.6583882570266724,52,209,3727,544,209,0,16,16,12,8,0
50,moderate_drift,0.8,1.0662384033203125,0.5724508762359619,58,200,4289,490,200,0,32,13,5,8,0
51,moderate_drift,1.0,1.1577247381210327,0.654876708984375,95,210,3356,495,210,0,16,43,28,8,0
52,moderate_drift,1.0,0.9848847985267639,0.5560586452484131,99,201,4397,529,201,0,16,47,28,8,0
53,moderate_drift,1.0,0.8859594464302063,0.46182435750961304,88,200,2614,336,200,0,31,43,6,8,0
54,moderate_drift,0.7,0.9278642535209656,0.6208958625793457,99,219,4218,637,219,0,16,45,30,8,0
55,moderate_drift,0.7,0.8110196590423584,0.5701579451560974,104,204,4653,542,204,0,32,32,32,8,0
56,moderate_drift,1.0,0.9661654829978943,0.5967005491256714,68,203,3056,433,203,0,16,32,12,8,0
57,moderate_drift,1.0,0.9620668292045593,0.6079044938087463,100,208,4358,618,208,0,16,64,12,8,0
58,moderate_drift,0.6,0.8596762418746948,0.6187808513641357,110,201,4196,511,201,0,32,48,22,8,0
59,moderate_drift,1.0,1.0130285024642944,0.5975544452667236,95,201,2869,322,201,0,16,59,12,8,0
60,moderate_drift,1.0,0.8617604374885559,0.6060159206390381,78,202,3726,406,202,0,16,48,6,8,0
61,moderate_drift,0.2,0.7883252501487732,0.7590111494064331,67,204,4441,560,204,0,29,14,20,4,0
62,moderate_drift,1.0,0.984333336353302,0.49893152713775635,130,201,3246,389,201,0,30,78,14,8,0
63,moderate_drift,1.0,0.9104626774787903,0.44061464071273804,132,200,4553,481,200,0,64,48,12,8,0
64,moderate_drift,1.0,0.8942321538925171,0.5144040584564209,101,209,2904,506,209,0,48,32,13,8,0
65,moderate_drift,0.9,0.9289301037788391,0.3930314779281616,133,201,4277,420,201,0,64,47,14,8,0
66,moderate_drift,1.0,0.9979560375213623,0.503192663192749,115,200,3718,383,200,0,32,32,43,8,0
67,moderate_drift,0.9,1.0413156747817993,0.6583502888679504,78,206,4119,520,206,0,31,16,23,8,0
68,moderate_drift,0.7,0.9812852144241333,0.628952145576477,68,204,4442,541,204,0,16,30,14,8,0
69,moderate_drift,0.2,0.9297845363616943,0.641640305519104,102,203,4894,557,203,0,16,46,32,8,0
70,moderate_drift,0.7,0.901590883731842,0.641591489315033,84,201,4153,463,201,0,32,32,12,8,0
71,moderate_drift,0.8,0.7854225635528564,0.6884663105010986,85,210,3910,538,210,0,60,11,10,4,0
72,moderate_drift,1.0,0.8658009767532349,0.3915666937828064,71,205,3954,373,205,0,16,16,31,8,0
73,moderate_drift,0.9,0.98686683177948,0.659268856048584,62,206,4738,662,206,0,16,16,22,8,0
74,moderate_drift,1.0,0.7536590695381165,0.5591711401939392,63,225,4700,556,225,0,16,16,23,8,0
75,moderate_drift,1.0,1.1797703504562378,0.637151837348938,86,237,4453,718,237,0,32,24,22,8,0
76,moderate_drift,1.0,1.0223084688186646,0.6144829988479614,124,202,2941,287,202,0,32,48,36,8,0
77,moderate_drift,0.7,0.9561212658882141,0.5392761826515198,68,207,4608,576,207,0,16,32,12,8,0
78,moderate_drift,0.8,1.0224864482879639,0.7011029720306396,89,210,3781,638,210,0,29,44,8,8,0
79,moderate_drift,1.0,0.8405386209487915,0.4164106249809265,142,200,2759,276,200,0,92,15,27,8,0
80,moderate_drift,0.6,0.9156693816184998,0.5779619216918945,91,211,4427,588,211,0,16,16,51,8,0
81,moderate_drift,1.0,1.016316294670105,0.6013453602790833,100,205,2498,396,205,0,16,64,12,8,0
82,moderate_drift,0.8,0.992109477519989,0.633169949054718,69,248,5805,616,248,0,16,31,14,8,0
83,moderate_drift,0.4,1.040696144104004,0.6700379252433777,107,239,4648,552,239,0,42,16,41,8,0
84,moderate_drift,0.6,0.9970462322235107,0.5745616555213928,77,208,4412,471,208,0,30,16,23,8,0
85,moderate_drift,0.6,0.9485850930213928,0.7163164019584656,93,203,3908,524,203,0,48,29,8,8,0
86,moderate_drift,0.7,0.8584128618240356,0.5056029558181763,100,205,4828,605,205,0,48,32,12,8,0
87,moderate_drift,0.8,0.8226279616355896,0.687924861907959,77,210,4368,687,210,0,16,45,8,8,0
88,moderate_drift,0.4,0.8872377872467041,0.5754854679107666,89,213,4533,607,213,0,44,16,21,8,0
89,moderate_drift,1.0,0.9787006974220276,0.44087111949920654,100,200,3561,323,200,0,32,13,47,8,0
90,moderate_drift,1.0,0.977820098400116,0.7023493051528931,58,209,3963,561,209,0,32,13,5,8,0
91,moderate_drift,0.9,1.0702193975448608,0.5771492719650269,149,201,4226,499,201,0,32,64,45,8,0
92,moderate_drift,0.5,0.8859911561012268,0.6486507654190063,103,204,4305,599,204,0,32,16,47,8,0
93,moderate_drift,0.9,1.039315104484558,0.7754413485527039,84,206,3129,443,206,0,16,32,28,8,0
94,moderate_drift,1.0,0.8318445682525635,0.3759843111038208,164,200,3019,288,200,0,80,64,12,8,0
95,moderate_drift,1.0,1.020378828048706,0.5896493196487427,92,201,4128,392,201,0,16,29,39,8,0
96,moderate_drift,0.9,0.9926673173904419,0.4879074692726135,185,203,4247,412,203,0,112,60,5,8,0
97,moderate_drift,1.0,0.8656332492828369,0.43355047702789307,110,201,3425,335,201,0,32,47,23,8,0
98,moderate_drift,0.9,0.8857733011245728,0.6460549831390381,68,218,4803,495,218,0,16,22,22,8,0
99,moderate_drift,0.8,1.0186448097229004,0.5243477821350098,94,200,4032,442,200,0,32,32,22,8,0
100,moderate_drift,0.5,1.0225635766983032,0.7028839588165283,42,217,4156,611,217,0,16,13,5,8,0
101,moderate_drift,0.6,1.0519075393676758,0.5119580030441284,68,201,4726,575,201,0,16,32,12,8,0
102,moderate_drift,1.0,0.8798394799232483,0.7020987868309021,68,206,3596,310,206,0,16,31,13,8,0
103,moderate_drift,1.0,1.0014363527297974,0.6424117088317871,72,203,2730,253,203,0,15,16,33,8,0
104,moderate_drift,0.5,1.0335404872894287,0.646392822265625,52,202,4336,631,202,0,16,16,12,8,0
105,moderate_drift,0.5,0.8792290687561035,0.6491186022758484,69,202,4860,587,202,0,16,16,29,8,0
106,moderate_drift,1.0,0.9564604163169861,0.6566004753112793,87,203,4140,408,203,0,16,48,15,8,0
107,moderate_drift,0.9,0.879734992980957,0.5570752024650574,68,201,3881,461,201,0,16,32,12,8,0
108,moderate_drift,0.1,1.003530740737915,0.597696840763092,101,200,4581,576,200,0,15,60,18,8,0
109,moderate_drift,1.0,1.1307709217071533,0.535438060760498,118,203,3488,324,203,0,48,45,17,8,0
110,moderate_drift,0.3,0.9850529432296753,0.6515190601348877,82,220,4893,624,220,0,16,16,42,8,0
111,moderate_drift,0.9,0.9933584928512573,0.5705357789993286,109,212,3905,475,212,0,31,40,30,8,0
112,moderate_drift,1.0,0.959086537361145,0.44046080112457275,118,200,2861,232,200,0,47,32,31,8,0
113,moderate_drift,0.7,1.0203016996383667,0.5665473341941833,99,204,4572,576,204,0,16,63,12,8,0
114,moderate_drift,0.9,1.1526529788970947,0.6368563175201416,101,202,4539,548,202,0,32,47,14,8,0
115,moderate_drift,1.0,0.8787914514541626,0.5223283767700195,110,200,3453,318,200,0,38,59,5,8,0
116,moderate_drift,1.0,0.9252808690071106,0.4724804759025574,100,200,1713,215,200,0,63,15,14,8,0
117,moderate_drift,0.2,1.030861735343933,0.6035696268081665,143,254,5983,559,254,0,32,48,55,8,0
118,moderate_drift,0.5,0.9405601024627686,0.5522470474243164,100,201,4548,576,201,0,32,48,12,8,0
119,moderate_drift,0.7,0.9867176413536072,0.6199061870574951,108,211,4514,591,211,0,16,76,8,8,0
120,moderate_drift,0.8,0.9776723980903625,0.6766881346702576,56,210,4050,617,210,0,16,27,5,8,0
121,moderate_drift,1.0,0.993779182434082,0.47364938259124756,134,200,3493,367,200,0,47,45,34,8,0
122,moderate_drift,0.7,0.970665454864502,0.7272669076919556,80,208,4496,636,208,0,14,29,29,8,0
123,moderate_drift,0.8,0.8820714950561523,0.6402316093444824,69,204,4432,486,204,0,16,16,29,8,0
124,moderate_drift,0.8,0.9174232482910156,0.7478262186050415,45,205,4256,544,205,0,16,13,8,8,0
125,moderate_drift,1.0,0.8667792081832886,0.39889997243881226,69,208,3335,318,208,0,31,11,19,8,0
126,moderate_drift,0.6,1.0153419971466064,0.6158791184425354,100,206,4484,627,206,0,32,48,12,8,0
127,moderate_drift,0.8,1.0152695178985596,0.6537775993347168,100,202,4361,484,202,0,16,48,28,8,0
128,moderate_drift,0.7,1.1017597913742065,0.7035640478134155,62,202,3818,523,202,0,16,32,6,8,0
129,moderate_drift,0.4,1.006316900253296,0.6696137189865112,67,208,4788,629,208,0,16,31,12,8,0
130,moderate_drift,0.6,0.905958890914917,0.5845075845718384,133,211,4772,600,211,0,48,14,63,8,0
131,moderate_drift,0.9,0.8641066551208496,0.5909024477005005,61,207,4364,551,207,0,16,16,21,8,0
132,moderate_drift,0.5,0.9773387312889099,0.5242840051651001,117,208,4787,618,208,0,32,32,45,8,0
133,moderate_drift,0.6,0.91762775182724,0.5817742347717285,115,225,4872,591,225,0,16,48,43,8,0
134,moderate_drift,0.8,0.8277566432952881,0.5921816825866699,96,203,4520,545,203,0,16,16,56,8,0
135,moderate_drift,0.8,1.0613293647766113,0.5911164283752441,100,207,4557,622,207,0,32,48,12,8,0
136,moderate_drift,0.6,1.0235921144485474,0.6183500289916992,101,210,4568,586,210,0,32,32,29,8,0
137,moderate_drift,1.0,1.0427836179733276,0.577779233455658,130,201,3471,336,201,0,70,16,36,8,0
138,moderate_drift,0.8,0.9574605822563171,0.6105647087097168,116,200,4462,550,200,0,16,62,30,8,0
139,moderate_drift,0.7,1.1383748054504395,0.6446582674980164,74,214,4348,622,214,0,48,13,5,8,0
140,moderate_drift,1.0,1.1539734601974487,0.5416685938835144,147,200,3911,393,200,0,47,80,12,8,0
141,moderate_drift,1.0,0.9631274938583374,0.5453107357025146,97,213,4772,603,213,0,16,30,43,8,0
142,moderate_drift,0.6,0.9526123404502869,0.664706826210022,68,214,4597,564,214,0,16,32,12,8,0
143,moderate_drift,1.0,0.9183744192123413,0.4484345316886902,132,200,3735,358,200,0,80,32,12,8,0
144,moderate_drift,0.6,0.8579003214836121,0.5022292137145996,114,211,4872,583,211,0,32,32,42,8,0
145,moderate_drift,0.7,0.9988713264465332,0.47964590787887573,84,208,4930,506,208,0,32,32,12,8,0
146,moderate_drift,1.0,0.965610682964325,0.7285006046295166,69,215,3793,589,215,0,32,15,14,8,0
147,moderate_drift,1.0,0.9296277165412903,0.430999755859375,124,200,3780,390,200,0,16,63,37,8,0
148,moderate_drift,0.7,0.9689099192619324,0.6357423663139343,52,204,4612,655,204,0,13,16,15,8,0
149,moderate_drift,0.7,1.0388095378875732,0.5773066878318787,68,202,4652,579,202,0,16,32,12,8,0
150,moderate_drift,1.0,1.0010268688201904,0.5606868863105774,108,206,4250,581,206,0,30,48,22,8,0
151,moderate_drift,1.0,1.0606576204299927,0.562539279460907,118,202,3593,400,202,0,16,64,30,8,0
152,moderate_drift,0.8,0.8971286416053772,0.6078232526779175,83,208,3612,479,208,0,30,31,14,8,0
153,moderate_drift,0.5,0.8748440146446228,0.5821088552474976,76,202,4713,562,202,0,13,32,23,8,0
154,moderate_drift,0.8,0.9016194939613342,0.47657620906829834,125,202,4550,554,202,0,48,47,22,8,0
155,moderate_drift,0.4,1.0002083778381348,0.7394431829452515,53,209,4827,612,209,0,16,16,13,8,0
156,moderate_drift,0.8,0.9327989220619202,0.5897616744041443,68,200,4568,559,200,0,16,32,12,8,0
157,moderate_drift,0.8,1.020288348197937,0.5704381465911865,101,200,4396,515,200,0,32,43,18,8,0
158,moderate_drift,0.4,0.9288108348846436,0.7431530952453613,124,221,4435,423,221,0,16,68,32,8,0
159,moderate_drift,0.6,1.0519565343856812,0.593699038028717,132,215,4502,550,215,0,48,54,22,8,0
160,moderate_drift,0.9,0.9779368042945862,0.5569709539413452,93,202,4565,520,202,0,16,63,6,8,0
161,moderate_drift,0.5,0.8976964354515076,0.6533034443855286,81,203,4416,534,203,0,16,45,12,8,0
162,moderate_drift,1.0,1.0862312316894531,0.5413073301315308,58,200,4543,497,200,0,16,29,5,8,0
163,moderate_drift,0.5,0.9331064224243164,0.5975455641746521,106,203,4492,556,203,0,16,32,50,8,0
164,moderate_drift,0.8,1.103169560432434,0.6154958009719849,68,207,4512,549,207,0,16,32,12,8,0
165,moderate_drift,0.3,1.1512153148651123,0.6533242464065552,73,205,4703,545,205,0,16,15,34,8,0
166,moderate_drift,0.4,0.810421347618103,0.6562371253967285,112,235,5551,705,235,0,16,75,17,4,0
167,moderate_drift,0.5,1.0477428436279297,0.6474758982658386,78,204,4193,473,204,0,31,16,23,8,0
168,moderate_drift,0.7,0.9139424562454224,0.5542013049125671,97,204,4387,462,204,0,16,45,28,8,0
169,moderate_drift,1.0,1.0186419486999512,0.6755958795547485,74,205,3817,494,205,0,32,29,5,8,0
170,moderate_drift,0.7,0.9265204071998596,0.473111629486084,108,208,4331,427,208,0,32,46,22,8,0
171,moderate_drift,1.0,0.8056107759475708,0.41090553998947144,126,201,4065,417,201,0,64,31,23,8,0
172,moderate_drift,0.7,0.7716962099075317,0.5727014541625977,106,200,4581,506,200,0,16,47,39,4,0
173,moderate_drift,0.8,0.8798336386680603,0.5983579158782959,84,209,2825,593,209,0,32,32,12,8,0
174,moderate_drift,0.8,0.9778798222541809,0.62535560131073,84,205,4204,537,205,0,48,16,12,8,0
175,moderate_drift,0.8,0.9128851890563965,0.650451123714447,68,213,4653,628,213,0,16,32,12,8,0
176,moderate_drift,0.4,0.8905462026596069,0.603185772895813,77,222,5297,625,222,0,32,16,21,8,0
177,moderate_drift,0.2,0.9559823870658875,0.6231281757354736,72,227,5264,592,227,0,16,16,32,8,0
178,moderate_drift,1.0,0.9164803624153137,0.711543083190918,49,205,3604,569,205,0,14,13,18,4,0
179,moderate_drift,0.9,0.9683881402015686,0.5736725330352783,102,201,3953,438,201,0,32,47,15,8,0
180,moderate_drift,0.7,0.8721537590026855,0.5898354053497314,113,203,4555,549,203,0,48,29,28,8,0
181,moderate_drift,1.0,0.8827024102210999,0.7115479707717896,77,203,4464,538,203,0,16,32,21,8,0
182,moderate_drift,0.7,1.161954641342163,0.7247039079666138,124,217,4589,612,217,0,32,62,22,8,0
183,moderate_drift,0.4,0.9275845289230347,0.6031439304351807,93,212,4945,682,212,0,44,16,25,8,0
184,moderate_drift,0.8,0.9634785652160645,0.5994172096252441,137,213,4733,551,213,0,43,80,6,8,0
185,moderate_drift,0.5,0.7929515242576599,0.5613597631454468,136,201,4549,548,201,0,63,16,49,8,0
186,moderate_drift,1.0,1.009695291519165,0.5564713478088379,122,200,3337,360,200,0,31,62,21,8,0
187,moderate_drift,0.6,0.8998878598213196,0.5484886169433594,146,200,4453,478,200,0,30,80,28,8,0
188,moderate_drift,0.4,0.8869431018829346,0.5621274709701538,102,201,4631,532,201,0,31,29,34,8,0
189,moderate_drift,0.8,1.0750635862350464,0.5463100671768188,115,202,4318,468,202,0,15,64,28,8,0
190,moderate_drift,0.6,0.9541462063789368,0.5815733671188354,84,206,4874,627,206,0,48,16,12,8,0
191,moderate_drift,1.0,0.9194931387901306,0.6387412548065186,128,207,4371,458,207,0,48,32,40,8,0
192,moderate_drift,1.0,0.9993131160736084,0.5782685875892639,103,200,3649,384,200,0,62,28,5,8,0
193,moderate_drift,0.4,0.7879640460014343,0.5655527114868164,79,202,4219,561,202,0,16,32,23,8,0
194,moderate_drift,0.4,0.9771462678909302,0.7683959007263184,55,203,4397,548,203,0,14,27,6,8,0
195,moderate_drift,1.0,1.2002335786819458,0.39504390954971313,110,200,2962,254,200,0,47,32,23,8,0
196,moderate_drift,1.0,0.9535446166992188,0.5813602805137634,75,200,4165,432,200,0,16,29,22,8,0
197,moderate_drift,0.5,0.9960561394691467,0.6403514742851257,77,202,4480,545,202,0,16,31,22,8,0
198,moderate_drift,0.6,0.9451077580451965,0.5265296697616577,62,200,4468,543,200,0,16,16,22,8,0
199,moderate_drift,0.7,0.9444786906242371,0.5640778541564941,94,205,4363,522,205,0,16,28,42,8,0
200,moderate_drift,0.7,0.937815248966217,0.5680772662162781,84,205,4335,547,205,0,32,32,12,8,0
201,moderate_drift,0.8,0.9227463006973267,0.5616129636764526,119,201,4441,471,201,0,32,48,31,8,0
202,moderate_drift,1.0,0.9525265693664551,0.47156763076782227,92,202,3868,406,202,0,16,46,22,8,0
203,moderate_drift,0.8,0.9763017892837524,0.5176821947097778,52,201,3481,566,201,0,16,16,12,8,0
204,moderate_drift,0.5,0.9471917152404785,0.6120952367782593,83,205,4580,620,205,0,32,31,12,8,0
205,moderate_drift,0.7,0.8107751607894897,0.5373429656028748,115,200,4150,467,200,0,32,47,28,8,0
206,moderate_drift,0.4,0.7657898664474487,0.504044771194458,106,206,4380,529,206,0,64,29,5,8,0
207,moderate_drift,0.4,1.0721070766448975,0.6286138296127319,78,210,4749,603,210,0,32,16,22,8,0
208,moderate_drift,1.0,0.9269953966140747,0.5817700624465942,131,200,4362,441,200,0,38,64,21,8,0
209,moderate_drift,0.6,0.8659607768058777,0.638660192489624,73,213,4924,628,213,0,16,16,33,8,0
210,moderate_drift,0.9,0.9633834362030029,0.7819331288337708,62,205,4432,541,205,0,32,16,6,8,0
211,moderate_drift,0.7,0.8557573556900024,0.6787397861480713,52,206,4462,617,206,0,16,16,12,8,0
212,moderate_drift,0.9,0.918720006942749,0.5047774910926819,164,202,3609,541,202,0,79,49,28,8,0
213,moderate_drift,1.0,1.033386468887329,0.5336984395980835,126,200,3139,340,200,0,47,49,22,8,0
214,moderate_drift,0.9,0.9784761667251587,0.5153038501739502,94,200,4286,454,200,0,16,48,22,8,0
215,moderate_drift,0.3,1.006995439529419,0.6553658246994019,74,219,4999,627,219,0,16,44,6,8,0
216,moderate_drift,0.9,0.9681048393249512,0.6438403129577637,87,200,3988,495,200,0,32,30,17,8,0
217,moderate_drift,0.8,1.1333380937576294,0.5466048717498779,85,201,4640,521,201,0,48,15,14,8,0
218,moderate_drift,0.6,0.7986217141151428,0.5409954786300659,92,200,4563,557,200,0,16,48,24,4,0
219,moderate_drift,0.9,0.9538982510566711,0.479411780834198,110,201,4459,549,201,0,48,32,22,8,0
220,moderate_drift,1.0,0.9893996715545654,0.5760184526443481,65,202,3950,372,202,0,15,23,19,8,0
221,moderate_drift,0.6,1.0829817056655884,0.6096965074539185,100,226,5246,630,226,0,32,32,28,8,0
222,moderate_drift,1.0,1.0176209211349487,0.5206031799316406,128,200,3592,350,200,0,64,13,43,8,0
223,moderate_drift,0.9,0.906392514705658,0.4896095395088196,125,201,4146,551,201,0,32,48,37,8,0
224,moderate_drift,0.9,0.926834762096405,0.4988024830818176,113,200,4249,460,200,0,16,61,28,8,0
225,moderate_drift,1.0,0.951149582862854,0.3182234764099121,79,200,1898,196,200,0,12,47,12,8,0
226,moderate_drift,1.0,0.9846210479736328,0.527042031288147,109,200,4050,391,200,0,48,47,6,8,0
227,moderate_drift,1.0,1.0476125478744507,0.4775872826576233,115,200,3654,365,200,0,64,31,12,8,0
228,moderate_drift,0.6,0.9057022333145142,0.5877872705459595,62,224,4858,544,224,0,16,32,6,8,0
229,moderate_drift,0.9,0.969570517539978,0.6264148354530334,84,202,4548,565,202,0,32,32,12,8,0
230,moderate_drift,0.8,1.0255284309387207,0.5474511981010437,120,206,4928,521,206,0,16,29,67,8,0
231,moderate_drift,0.3,0.9734272360801697,0.5258901715278625,74,206,4672,552,206,0,16,45,5,8,0
232,moderate_drift,0.9,0.9011984467506409,0.551301121711731,108,217,4743,619,217,0,16,63,21,8,0
233,moderate_drift,0.4,1.0611026287078857,0.7338840961456299,59,203,4175,497,203,0,16,16,19,8,0
234,moderate_drift,0.7,0.9136383533477783,0.5476883053779602,88,200,4075,411,200,0,31,44,5,8,0
235,moderate_drift,1.0,1.0439342260360718,0.5130493640899658,155,200,3154,266,200,0,80,30,37,8,0
236,moderate_drift,0.5,0.9239409565925598,0.7272037267684937,62,206,4754,599,206,0,16,28,14,4,0
237,moderate_drift,0.7,1.1277663707733154,0.6445592641830444,85,200,4210,536,200,0,46,14,17,8,0
238,moderate_drift,0.7,0.8113651871681213,0.5962360501289368,81,206,4016,590,206,0,16,16,41,8,0
239,moderate_drift,1.0,1.003770112991333,0.3328336477279663,142,200,2201,237,200,0,64,32,38,8,0
240,moderate_drift,0.6,1.1112563610076904,0.6246292591094971,67,214,4880,519,214,0,28,9,22,8,0
241,moderate_drift,1.0,1.086223840713501,0.5850562453269958,95,203,4431,507,203,0,16,43,28,8,0
242,moderate_drift,0.6,1.0618901252746582,0.5518838167190552,98,212,4569,592,212,0,16,48,26,8,0
243,moderate_drift,0.6,1.1244276762008667,0.7096579074859619,87,205,4402,574,205,0,16,48,15,8,0
244,moderate_drift,1.0,1.0676872730255127,0.2789304852485657,91,200,3640,281,200,0,32,43,8,8,0
245,moderate_drift,0.9,1.0878504514694214,0.5124200582504272,100,214,4547,460,214,0,32,48,12,8,0
246,moderate_drift,0.6,0.8421441316604614,0.48201435804367065,109,200,4485,494,200,0,16,32,53,8,0
247,moderate_drift,0.8,0.9623705744743347,0.6280369162559509,68,200,4466,579,200,0,15,11,34,8,0
248,moderate_drift,0.6,0.9625211358070374,0.5638271570205688,102,212,4936,553,212,0,16,47,31,8,0
249,moderate_drift,0.6,1.085376262664795,0.5992305278778076,78,201,4480,549,201,0,16,32,22,8,0
250,moderate_drift,1.0,0.9090047478675842,0.5126616954803467,123,200,3773,452,200,0,77,14,24,8,0
251,moderate_drift,1.0,0.9272440075874329,0.643561601638794,52,203,3586,404,203,0,16,16,12,8,0
252,moderate_drift,0.5,0.908042848110199,0.6314555406570435,68,200,4381,536,200,0,16,22,22,8,0
253,moderate_drift,1.0,1.0591148138046265,0.6335645318031311,103,203,2467,277,203,0,32,41,22,8,0
254,moderate_drift,1.0,0.9537582993507385,0.47486674785614014,127,201,3198,309,201,0,32,64,23,8,0
255,moderate_drift,0.8,0.9311823844909668,0.5558985471725464,78,200,4368,562,200,0,32,32,6,8,0
256,moderate_drift,0.7,0.8983787894248962,0.5951576232910156,110,220,4955,605,220,0,16,64,22,8,0
257,moderate_drift,1.0,0.9098511338233948,0.6121852397918701,151,211,3052,528,211,0,29,94,24,4,0
258,moderate_drift,0.9,1.1256201267242432,0.6456415057182312,83,202,3861,419,202,0,31,16,28,8,0
259,moderate_drift,0.8,0.8698123693466187,0.5730931162834167,78,201,4629,583,201,0,16,32,22,8,0
260,moderate_drift,0.8,0.8781481385231018,0.6507983803749084,61,221,4348,575,221,0,16,29,8,8,0
261,moderate_drift,0.8,0.9484906196594238,0.5706424117088318,69,208,4558,650,208,0,32,15,14,8,0
262,moderate_drift,0.5,0.927920401096344,0.634415864944458,86,207,4521,623,207,0,13,47,18,8,0
263,moderate_drift,0.4,1.016019582748413,0.5356378555297852,90,201,4354,453,201,0,32,31,19,8,0
264,moderate_drift,0.5,0.975673258304596,0.5860385894775391,84,201,4514,560,201,0,32,32,12,8,0
265,moderate_drift,1.0,1.0749073028564453,0.5525796413421631,100,204,3935,509,204,0,32,48,12,8,0
266,moderate_drift,0.4,0.9024704098701477,0.6495071053504944,92,204,4803,622,204,0,31,16,37,8,0
267,moderate_drift,1.0,1.1216540336608887,0.6700406670570374,72,205,2820,404,205,0,16,29,19,8,0
268,moderate_drift,0.6,0.9901108145713806,0.5984143018722534,98,213,4505,590,213,0,48,16,26,8,0
269,moderate_drift,0.6,0.9436768293380737,0.6114031076431274,116,232,5336,611,232,0,32,64,12,8,0
270,moderate_drift,0.8,0.8832985758781433,0.6512800455093384,114,217,4832,631,217,0,32,62,12,8,0
271,moderate_drift,0.9,1.003010630607605,0.6019479632377625,68,203,4042,518,203,0,32,16,12,8,0
272,moderate_drift,0.9,0.9496518969535828,0.636194109916687,94,208,3742,521,208,0,32,32,22,8,0
273,moderate_drift,1.0,0.7576206922531128,0.5581222176551819,116,206,3672,504,206,0,48,32,32,4,0
274,moderate_drift,1.0,0.9125738143920898,0.4537471532821655,115,202,4001,389,202,0,47,48,12,8,0
275,moderate_drift,0.6,1.026639461517334,0.5148817300796509,131,205,4629,574,205,0,63,46,14,8,0
276,moderate_drift,0.9,0.9644099473953247,0.632207989692688,109,200,4205,534,200,0,32,61,8,8,0
277,moderate_drift,1.0,0.9746350049972534,0.46463102102279663,113,202,3999,439,202,0,32,41,32,8,0
278,moderate_drift,0.5,0.8649932146072388,0.6269146203994751,73,204,4629,564,204,0,28,9,28,8,0
279,moderate_drift,1.0,0.9529786109924316,0.4948927164077759,100,200,2509,221,200,0,48,32,12,8,0
280,moderate_drift,1.0,0.9354965686798096,0.6439716815948486,97,202,3113,415,202,0,46,28,19,4,0
281,moderate_drift,1.0,0.9814396500587463,0.576666533946991,81,201,3855,393,201,0,32,13,28,8,0
282,moderate_drift,0.8,1.1368544101715088,0.6653226613998413,86,234,5119,578,234,0,31,29,18,8,0
283,moderate_drift,0.5,1.052955150604248,0.6552014350891113,53,210,4838,637,210,0,16,16,13,8,0
284,moderate_drift,0.8,1.004880428314209,0.5991456508636475,100,202,4221,554,202,0,16,48,28,8,0
285,moderate_drift,0.8,0.852218747138977,0.5776583552360535,76,201,4439,543,201,0,16,29,23,8,0
286,moderate_drift,0.3,0.9329506158828735,0.6190629601478577,108,203,4269,528,203,0,29,27,44,8,0
287,moderate_drift,0.2,0.8783331513404846,0.6707008481025696,77,208,4762,700,208,0,32,29,8,8,0
288,moderate_drift,0.4,0.8269819021224976,0.5018588304519653,124,200,3865,384,200,0,32,47,37,8,0
289,moderate_drift,0.5,0.9220674633979797,0.6400078535079956,101,205,4586,577,205,0,48,32,13,8,0
290,moderate_drift,0.5,0.8107200264930725,0.7262479066848755,77,203,4267,538,203,0,16,32,25,4,0
291,moderate_drift,1.0,0.9725660681724548,0.5315114259719849,78,238,4981,487,238,0,16,32,22,8,0
292,moderate_drift,0.4,0.9634866714477539,0.5958513021469116,110,213,4764,597,213,0,32,48,22,8,0
293,moderate_drift,1.0,0.8703101873397827,0.36842864751815796,98,200,2966,301,200,0,16,32,42,8,0
294,moderate_drift,0.9,0.9158859252929688,0.477952778339386,62,203,4484,566,203,0,16,16,22,8,0
295,moderate_drift,0.9,0.8548980355262756,0.5995104908943176,107,208,4508,542,208,0,16,75,8,8,0
296,moderate_drift,0.3,0.932218074798584,0.5465660095214844,77,200,3776,353,200,0,30,16,23,8,0
297,moderate_drift,0.3,0.988327145576477,0.6373151540756226,57,207,4726,585,207,0,16,15,18,8,0
298,moderate_drift,1.0,1.1232335567474365,0.46711522340774536,117,200,4231,455,200,0,48,53,8,8,0
299,moderate_drift,1.0,0.8007991909980774,0.37464267015457153,110,200,4036,338,200,0,32,48,22,8,0
300,moderate_drift,1.0,0.9734181761741638,0.5522704124450684,108,200,3867,391,200,0,64,28,8,8,0
301,moderate_drift,0.9,0.8732847571372986,0.6180581450462341,62,201,3774,559,201,0,16,16,22,8,0
302,moderate_drift,0.7,0.8091070055961609,0.5366235971450806,61,201,4439,565,201,0,16,29,8,8,0
303,moderate_drift,1.0,0.9760127067565918,0.379306435585022,124,200,3437,304,200,0,32,62,22,8,0
304,moderate_drift,0.9,0.8554385304450989,0.6948821544647217,51,208,4134,572,208,0,16,12,19,4,0
305,moderate_drift,0.8,0.9647139310836792,0.6260489225387573,68,228,5215,635,228,0,32,16,12,8,0
306,moderate_drift,0.9,1.018476963043213,0.6332918405532837,107,203,3061,446,203,0,64,16,19,8,0
307,moderate_drift,0.7,0.8611370325088501,0.4572484493255615,109,201,4390,477,201,0,31,48,22,8,0
308,moderate_drift,1.0,0.8128670454025269,0.37920236587524414,104,200,3195,313,200,0,32,46,18,8,0
309,moderate_drift,0.9,0.9038650393486023,0.616534411907196,61,201,4032,441,201,0,16,29,8,8,0
310,moderate_drift,1.0,0.793165922164917,0.4626951217651367,163,200,4365,397,200,0,32,111,12,8,0
311,moderate_drift,0.8,1.0733400583267212,0.6362476944923401,121,244,5493,681,244,0,48,32,33,8,0
312,moderate_drift,1.0,0.9365187287330627,0.5986973643302917,101,203,4486,520,203,0,48,15,30,8,0
313,moderate_drift,0.9,0.8978424668312073,0.5443925857543945,91,202,4054,469,202,0,16,31,36,8,0
314,moderate_drift,0.5,1.0377949476242065,0.5935384631156921,120,211,4540,519,211,0,32,47,33,8,0
315,moderate_drift,0.9,0.9924371242523193,0.5840407609939575,137,209,4595,632,209,0,48,76,5,8,0
316,moderate_drift,0.9,0.8203794360160828,0.43070781230926514,88,201,4264,495,201,0,32,30,18,8,0
317,moderate_drift,0.5,1.02804434299469,0.7267519235610962,70,219,4548,590,219,0,31,26,5,8,0
318,moderate_drift,1.0,1.0070081949234009,0.49470770359039307,83,200,2783,319,200,0,16,37,22,8,0
319,moderate_drift,0.3,0.8920325636863708,0.48911190032958984,81,210,4950,658,210,0,32,13,28,8,0
320,moderate_drift,1.0,0.9085353016853333,0.4698925018310547,105,200,4184,492,200,0,43,30,24,8,0
321,moderate_drift,0.8,0.9325166940689087,0.5832279920578003,123,200,4508,499,200,0,64,32,19,8,0
322,moderate_drift,0.5,0.8957177400588989,0.5034225583076477,101,202,4252,557,202,0,16,63,14,8,0
323,moderate_drift,0.5,0.899479329586029,0.5781712532043457,62,200,4688,549,200,0,16,16,22,8,0
324,moderate_drift,1.0,1.0234274864196777,0.5814054012298584,83,207,4206,486,207,0,32,31,12,8,0
325,moderate_drift,1.0,0.8593330383300781,0.6106598377227783,62,214,3396,548,214,0,16,16,22,8,0
326,moderate_drift,0.8,0.8754802346229553,0.5768498182296753,107,200,4507,518,200,0,15,64,24,4,0
327,moderate_drift,1.0,0.8962156176567078,0.4116854667663574,94,200,3458,431,200,0,32,32,22,8,0
328,moderate_drift,0.0,0.9662383794784546,0.7196568250656128,96,229,5160,617,229,0,16,54,18,8,0
329,moderate_drift,0.6,0.9595084190368652,0.6562672257423401,100,207,4594,640,207,0,32,46,14,8,0
330,moderate_drift,0.6,0.9302483201026917,0.5776242017745972,83,211,4869,545,211,0,32,16,27,8,0
331,moderate_drift,0.8,0.8443986177444458,0.6571148633956909,76,202,4681,594,202,0,32,16,24,4,0
332,moderate_drift,0.6,1.0181028842926025,0.5835124254226685,84,201,4564,502,201,0,32,32,12,8,0
333,moderate_drift,0.6,0.8869120478630066,0.5787012577056885,121,226,4993,519,226,0,62,32,19,8,0
334,moderate_drift,1.0,0.9918365478515625,0.38110947608947754,84,201,4414,427,201,0,32,32,12,8,0
335,moderate_drift,0.8,0.9188827276229858,0.618972659111023,105,206,4522,595,206,0,14,46,37,8,0
336,moderate_drift,0.8,1.098568081855774,0.6269541382789612,68,208,3925,573,208,0,26,29,5,8,0
337,moderate_drift,0.6,1.009771466255188,0.5547112226486206,97,213,4975,567,213,0,32,29,28,8,0
338,moderate_drift,0.5,1.046121597290039,0.613334059715271,84,225,5103,597,225,0,16,48,12,8,0
339,moderate_drift,0.7,1.0348405838012695,0.6056182384490967,93,207,4610,601,207,0,16,46,23,8,0
340,moderate_drift,0.9,0.8019765615463257,0.5834089517593384,133,203,4430,595,203,0,16,63,46,8,0
341,moderate_drift,1.0,1.0628656148910522,0.6181526184082031,90,202,4094,415,202,0,48,29,5,8,0
342,moderate_drift,1.0,0.9736211895942688,0.538123369216919,96,201,3670,459,201,0,16,32,40,8,0
343,moderate_drift,0.9,0.9200566411018372,0.571692705154419,110,205,4477,568,205,0,48,32,22,8,0
344,moderate_drift,0.6,0.9132536053657532,0.5268293619155884,93,201,4867,565,201,0,31,32,22,8,0
345,moderate_drift,0.3,1.0210422277450562,0.5191085338592529,109,200,4497,482,200,0,15,64,22,8,0
346,moderate_drift,1.0,0.948192834854126,0.5305763483047485,85,201,4295,457,201,0,48,16,13,8,0
347,moderate_drift,0.7,1.2518061399459839,0.6258023977279663,106,237,4797,544,237,0,47,29,22,8,0
348,moderate_drift,0.9,0.8408541083335876,0.5541195869445801,87,203,4605,596,203,0,16,32,31,8,0
349,moderate_drift,0.7,0.8803087472915649,0.5837604403495789,107,205,4751,602,205,0,32,48,19,8,0
350,moderate_drift,0.7,0.7286766171455383,0.7286766171455383,37,204,4452,598,204,0,12,11,10,4,0
351,moderate_drift,0.9,0.8182918429374695,0.5130084753036499,116,206,4287,472,206,0,16,48,44,8,0
352,moderate_drift,1.0,0.9240789413452148,0.5455344915390015,140,205,4189,426,205,0,64,45,23,8,0
353,moderate_drift,0.6,1.1081191301345825,0.5941089391708374,134,214,4535,540,214,0,78,43,5,8,0
354,moderate_drift,1.0,1.1324061155319214,0.6223767399787903,61,220,2706,601,220,0,15,16,22,8,0
355,moderate_drift,0.4,1.0529899597167969,0.7949796915054321,46,211,3902,588,211,0,16,16,6,8,0
356,moderate_drift,0.7,0.7851136922836304,0.5922561287879944,78,219,5135,658,219,0,16,48,6,8,0
357,moderate_drift,1.0,0.9934065341949463,0.5478780269622803,98,200,4101,491,200,0,32,30,28,8,0
358,moderate_drift,0.4,1.1463123559951782,0.7288405895233154,68,202,4325,562,202,0,16,32,12,8,0
359,moderate_drift,0.7,0.9426206350326538,0.568009614944458,77,200,3703,365,200,0,30,16,23,8,0
360,moderate_drift,1.0,0.8759815692901611,0.6726990938186646,91,202,3942,408,202,0,13,53,17,8,0
361,moderate_drift,1.0,0.7962101697921753,0.21905910968780518,114,200,1871,120,200,0,75,25,10,4,0
362,moderate_drift,0.9,0.9597362279891968,0.4771729111671448,113,200,4173,480,200,0,46,16,43,8,0
363,moderate_drift,0.7,1.1661359071731567,0.5880032777786255,87,201,4225,473,201,0,30,16,33,8,0
364,moderate_drift,1.0,0.90689617395401,0.5359467267990112,119,202,3072,317,202,0,48,26,37,8,0
365,moderate_drift,0.5,0.8902084827423096,0.6581063270568848,77,201,4654,580,201,0,31,16,22,8,0
366,moderate_drift,0.6,1.055141806602478,0.5846902132034302,114,201,4688,583,201,0,16,48,42,8,0
367,moderate_drift,1.0,1.0932332277297974,0.6315045952796936,113,202,3445,441,202,0,32,47,26,8,0
368,moderate_drift,0.6,1.0674502849578857,0.6720261573791504,65,207,4721,621,207,0,16,13,28,8,0
369,moderate_drift,0.5,1.0931203365325928,0.5427777171134949,83,202,4576,568,202,0,15,48,12,8,0
370,moderate_drift,0.8,0.9985749125480652,0.547697901725769,88,200,4520,481,200,0,16,59,5,8,0
371,moderate_drift,0.7,0.7660945653915405,0.6568775773048401,60,210,4476,650,210,0,16,16,24,4,0
372,moderate_drift,0.7,0.9794999361038208,0.5017001032829285,152,204,4606,603,204,0,62,77,5,8,0
373,moderate_drift,0.3,1.0918086767196655,0.5032564401626587,92,205,4648,567,205,0,32,16,36,8,0
374,moderate_drift,0.7,1.0456414222717285,0.5905016660690308,84,200,4235,565,200,0,16,15,45,8,0
375,moderate_drift,0.3,0.8737712502479553,0.6465617418289185,84,204,3942,551,204,0,32,32,12,8,0
376,moderate_drift,0.7,0.8813360929489136,0.6184298396110535,89,201,4740,514,201,0,32,16,33,8,0
377,moderate_drift,0.2,1.234773874282837,0.7042459845542908,78,208,4352,666,208,0,16,32,22,8,0
378,moderate_drift,0.7,0.9904277324676514,0.6828267574310303,77,202,4330,479,202,0,16,45,8,8,0
379,moderate_drift,0.8,0.9767013788223267,0.6294105052947998,105,202,4688,541,202,0,32,48,17,8,0
380,moderate_drift,0.8,0.9013147354125977,0.6881767511367798,92,203,4065,472,203,0,16,46,22,8,0
381,moderate_drift,1.0,0.975525975227356,0.5654647946357727,105,202,3274,348,202,0,48,16,33,8,0
382,moderate_drift,0.5,0.8687019348144531,0.6717309951782227,75,216,4629,646,216,0,46,13,8,8,0
383,moderate_drift,0.9,1.0276660919189453,0.6476929187774658,58,208,4705,642,208,0,32,13,5,8,0
384,moderate_drift,0.8,1.0658823251724243,0.6390727758407593,92,201,4213,513,201,0,63,13,8,8,0
385,moderate_drift,1.0,1.0109587907791138,0.5943018794059753,58,211,3727,605,211,0,16,29,5,8,0
386,moderate_drift,0.7,0.867072582244873,0.6391891837120056,56,205,4254,631,205,0,16,14,18,8,0
387,moderate_drift,0.4,0.7385203838348389,0.6448633670806885,92,219,4987,641,219,0,32,32,24,4,0
388,moderate_drift,1.0,1.0808600187301636,0.586146354675293,145,200,3905,333,200,0,32,64,41,8,0
389,moderate_drift,0.6,1.0172386169433594,0.8187098503112793,85,215,3292,612,215,0,46,26,5,8,0
390,moderate_drift,0.6,1.0164867639541626,0.7101503610610962,83,205,4525,583,205,0,16,47,12,8,0
391,moderate_drift,1.0,0.9776168465614319,0.6229126453399658,94,215,2963,516,215,0,48,32,6,8,0
392,moderate_drift,0.9,0.9690796732902527,0.6131107807159424,84,203,4339,534,203,0,16,48,12,8,0
393,moderate_drift,0.5,0.8748940229415894,0.6853306889533997,111,203,4551,588,203,0,32,48,23,8,0
394,moderate_drift,0.4,0.9893456101417542,0.6082513332366943,98,201,4762,550,201,0,32,30,28,8,0
395,moderate_drift,1.0,0.952938973903656,0.6048377752304077,83,209,4649,576,209,0,32,31,12,8,0
396,moderate_drift,1.0,0.916166365146637,0.5711632370948792,104,201,3810,391,201,0,31,60,5,8,0
397,moderate_drift,1.0,1.0175538063049316,0.6738788485527039,75,210,2708,464,210,0,16,43,8,8,0
398,moderate_drift,1.0,0.8688652515411377,0.45438075065612793,125,200,3099,332,200,0,64,32,21,8,0
399,moderate_drift,0.5,0.9492223858833313,0.6972817182540894,110,200,4341,545,200,0,63,13,26,8,0
400,moderate_drift,1.0,1.0327115058898926,0.49395185708999634,71,201,3179,226,201,0,15,16,32,8,0
401,moderate_drift,0.8,1.0350712537765503,0.601364254951477,101,204,4345,566,204,0,29,31,33,8,0
402,moderate_drift,0.8,1.0337421894073486,0.5407036542892456,87,201,3970,419,201,0,16,46,17,8,0
403,moderate_drift,1.0,0.9774866700172424,0.6150878071784973,84,202,3467,521,202,0,16,48,12,8,0
404,moderate_drift,0.4,0.8236850500106812,0.5615024566650391,157,228,4544,507,228,0,63,80,6,8,0
405,moderate_drift,0.4,1.010999321937561,0.6373429894447327,93,200,4647,541,200,0,16,61,8,8,0
406,moderate_drift,0.7,0.9374159574508667,0.5531585216522217,117,200,4440,469,200,0,32,63,14,8,0
407,moderate_drift,0.8,0.9275842308998108,0.5906247496604919,74,200,4407,538,200,0,32,29,5,8,0
408,moderate_drift,0.9,1.0116043090820312,0.5111135840415955,110,202,3733,373,202,0,63,16,23,8,0
409,moderate_drift,0.6,0.8526622653007507,0.6659852862358093,84,209,4423,625,209,0,48,16,12,8,0
410,moderate_drift,1.0,1.0935533046722412,0.5182183980941772,100,201,4324,445,201,0,32,32,28,8,0
411,moderate_drift,1.0,0.8513607978820801,0.5573053359985352,113,201,3425,330,201,0,16,76,13,8,0
412,moderate_drift,0.3,0.9909399747848511,0.635778546333313,74,219,5051,740,219,0,48,13,5,8,0
413,moderate_drift,1.0,0.871401309967041,0.6064435243606567,71,210,4089,594,210,0,16,30,17,8,0
414,moderate_drift,1.0,0.8972458243370056,0.45686376094818115,89,200,3679,358,200,0,32,16,33,8,0
415,moderate_drift,1.0,0.9212709665298462,0.49285632371902466,129,200,4157,427,200,0,31,48,42,8,0
416,moderate_drift,1.0,1.1383252143859863,0.6571314334869385,104,203,4025,417,203,0,32,30,34,8,0
417,moderate_drift,0.8,0.9857237935066223,0.7333171963691711,61,202,4446,598,202,0,16,16,21,8,0
418,moderate_drift,1.0,1.0552582740783691,0.4843175411224365,116,201,4211,490,201,0,16,64,28,8,0
419,moderate_drift,0.8,0.833626389503479,0.7052929401397705,45,217,4685,613,217,0,16,13,8,8,0
420,moderate_drift,1.0,1.0631064176559448,0.5694698691368103,110,221,5111,549,221,0,16,64,22,8,0
421,moderate_drift,0.6,1.0090546607971191,0.6490033864974976,75,210,4557,476,210,0,16,32,19,8,0
422,moderate_drift,0.4,1.0012791156768799,0.5966970920562744,78,217,4939,597,217,0,32,32,6,8,0
423,moderate_drift,0.8,0.9256998896598816,0.6066509485244751,106,207,4473,499,207,0,29,46,23,8,0
424,moderate_drift,0.7,0.8648666143417358,0.6019545793533325,101,214,5183,577,214,0,32,48,13,8,0
425,moderate_drift,0.9,1.1855897903442383,0.5770761966705322,84,200,4517,525,200,0,32,16,28,8,0
426,moderate_drift,1.0,1.002799153327942,0.28060686588287354,162,200,2781,152,200,0,63,48,43,8,0
427,moderate_drift,1.0,1.0697455406188965,0.5495323538780212,98,201,4050,450,201,0,47,21,22,8,0
428,moderate_drift,0.6,0.8003816604614258,0.5640069246292114,157,201,3933,432,201,0,95,48,6,8,0
429,moderate_drift,1.0,1.0499211549758911,0.8418383002281189,64,205,3882,475,205,0,16,12,28,8,0
430,moderate_drift,1.0,1.011660099029541,0.42732948064804077,94,200,3567,383,200,0,48,32,6,8,0
431,moderate_drift,1.0,0.8728317618370056,0.5597130060195923,93,205,4395,536,205,0,64,13,8,8,0
432,moderate_drift,0.9,0.9486706852912903,0.5196279287338257,81,200,4265,479,200,0,16,16,41,8,0
433,moderate_drift,0.5,0.994804322719574,0.7336828708648682,64,211,4701,673,211,0,16,12,28,8,0
434,moderate_drift,0.9,0.8817427158355713,0.6529661417007446,68,209,4396,572,209,0,16,12,32,8,0
435,moderate_drift,0.9,0.9277682900428772,0.4968658685684204,86,200,3403,447,200,0,29,16,33,8,0
436,moderate_drift,0.3,0.9168192148208618,0.5867781043052673,94,201,4509,513,201,0,32,32,22,8,0
437,moderate_drift,0.1,0.9098036885261536,0.7160267233848572,91,226,5095,655,226,0,46,16,21,8,0
438,moderate_drift,0.5,0.8328517079353333,0.5518636703491211,123,235,5431,590,235,0,48,30,37,8,0
439,moderate_drift,0.3,0.9339797496795654,0.6273859739303589,119,203,4603,612,203,0,32,32,47,8,0
440,moderate_drift,1.0,0.9959716200828552,0.3700321316719055,146,200,3488,302,200,0,63,47,28,8,0
441,moderate_drift,1.0,1.0253589153289795,0.5555181503295898,107,200,3670,369,200,0,32,45,22,8,0
442,moderate_drift,0.9,1.0602445602416992,0.576854944229126,102,200,4618,553,200,0,47,30,17,8,0
443,moderate_drift,0.6,0.9289879202842712,0.6027066707611084,89,215,5015,612,215,0,32,16,33,8,0
444,moderate_drift,1.0,1.0159050226211548,0.6527082920074463,97,212,3316,537,212,0,48,29,12,8,0
445,moderate_drift,0.4,1.0148401260375977,0.675562858581543,68,201,4353,523,201,0,16,32,12,8,0
446,moderate_drift,1.0,0.8381161689758301,0.5309248566627502,70,203,3334,358,203,0,13,43,6,8,0
447,moderate_drift,0.3,0.7837674617767334,0.7207709550857544,83,209,4735,663,209,0,16,43,20,4,0
448,moderate_drift,0.8,1.001720666885376,0.6171518564224243,81,218,4265,611,218,0,13,32,28,8,0
449,moderate_drift,0.3,0.9681127667427063,0.7096896171569824,101,220,4708,599,220,0,16,59,18,8,0
450,moderate_drift,0.5,1.0912753343582153,0.6429458260536194,107,202,4488,547,202,0,48,29,22,8,0
451,moderate_drift,0.6,0.9026247262954712,0.610194206237793,90,204,4842,585,204,0,31,32,19,8,0
452,moderate_drift,0.8,0.898626446723938,0.575458288192749,76,209,3066,604,209,0,13,32,23,8,0
453,moderate_drift,0.7,1.0562622547149658,0.6271886825561523,88,204,4496,560,204,0,15,28,37,8,0
454,moderate_drift,1.0,0.9977430105209351,0.45297300815582275,140,200,3138,343,200,0,64,46,22,8,0
455,moderate_drift,0.6,0.8363608121871948,0.6562861800193787,115,200,4555,536,200,0,64,15,32,4,0
456,moderate_drift,0.7,0.9568815231323242,0.6426552534103394,91,213,4915,738,213,0,16,45,22,8,0
457,moderate_drift,0.9,0.8816117644309998,0.5209815502166748,90,203,4529,527,203,0,16,44,22,8,0
458,moderate_drift,0.8,0.9323234558105469,0.5679296255111694,59,203,4482,573,203,0,16,27,8,8,0
459,moderate_drift,0.8,0.8108863830566406,0.5805155634880066,125,260,5138,393,260,0,32,62,23,8,0
460,moderate_drift,1.0,0.8561424016952515,0.5084609985351562,141,201,3601,346,201,0,16,95,22,8,0
461,moderate_drift,1.0,0.8832477331161499,0.5789753794670105,57,209,4778,585,209,0,16,28,5,8,0
462,moderate_drift,0.4,0.9955220818519592,0.5857422947883606,107,202,4665,571,202,0,16,45,38,8,0
463,moderate_drift,0.8,0.9219086766242981,0.5941660404205322,102,206,4726,620,206,0,48,31,15,8,0
464,moderate_drift,1.0,0.7783010005950928,0.487750768661499,107,204,4047,480,204,0,32,45,22,8,0
465,moderate_drift,0.6,1.0315325260162354,0.6936611533164978,67,206,4748,599,206,0,16,31,12,8,0
466,moderate_drift,0.9,0.9806302189826965,0.5088049173355103,86,204,4584,575,204,0,32,15,31,8,0
467,moderate_drift,1.0,1.080509901046753,0.3327754735946655,89,200,2782,300,200,0,31,42,8,8,0
468,moderate_drift,0.8,0.9765504598617554,0.6944090127944946,92,207,4211,615,207,0,31,45,8,8,0
469,moderate_drift,0.7,1.0858241319656372,0.6134182810783386,119,206,4740,496,206,0,48,46,17,8,0
470,moderate_drift,0.7,0.773836076259613,0.5414788126945496,115,201,4335,466,201,0,47,48,12,8,0
471,moderate_drift,0.7,1.0437971353530884,0.5495731830596924,108,203,4640,562,203,0,47,31,22,8,0
472,moderate_drift,1.0,1.0286885499954224,0.468688428401947,145,200,3067,353,200,0,16,74,47,8,0
473,moderate_drift,1.0,0.9314892888069153,0.6836979985237122,72,211,3210,589,211,0,16,16,32,8,0
474,moderate_drift,0.7,0.7869138717651367,0.5798556804656982,62,225,5550,622,225,0,16,16,22,8,0
475,moderate_drift,1.0,0.8993778824806213,0.6213341951370239,59,203,3493,434,203,0,16,9,26,8,0
476,moderate_drift,0.7,1.0631673336029053,0.531084418296814,124,201,4350,498,201,0,47,48,21,8,0
477,moderate_drift,0.8,1.080216884613037,0.6429499983787537,62,205,4297,424,205,0,16,16,22,8,0
478,moderate_drift,0.6,0.8768426775932312,0.543658971786499,112,208,4461,508,208,0,61,31,12,8,0
479,moderate_drift,0.7,1.0862889289855957,0.6579068899154663,77,220,4739,540,220,0,16,31,22,8,0
480,moderate_drift,0.7,0.9377590417861938,0.5097525119781494,120,201,4362,612,201,0,62,45,5,8,0
481,moderate_drift,0.1,0.9704238176345825,0.585878849029541,73,202,4579,565,202,0,16,31,18,8,0
482,moderate_drift,1.0,1.0764893293380737,0.5037076473236084,98,200,2727,234,200,0,59,9,22,8,0
483,moderate_drift,0.5,1.0849875211715698,0.6241908073425293,67,202,4827,642,202,0,16,31,12,8,0
484,moderate_drift,0.4,0.9553001523017883,0.6717596054077148,89,239,5417,496,239,0,16,47,18,8,0
485,moderate_drift,1.0,0.8938267827033997,0.47619861364364624,96,201,3136,276,201,0,13,32,43,8,0
486,moderate_drift,0.6,0.8911033868789673,0.6339012384414673,75,212,4877,628,212,0,16,29,22,8,0
487,moderate_drift,0.8,0.9918342232704163,0.6706596612930298,71,200,4193,442,200,0,16,25,22,8,0
488,moderate_drift,0.9,0.9844660758972168,0.5665103197097778,115,210,4054,508,210,0,32,47,28,8,0
489,moderate_drift,1.0,0.8632779121398926,0.514574408531189,105,206,2552,386,206,0,48,16,33,8,0
490,moderate_drift,0.6,0.9505782127380371,0.6555854082107544,74,213,4715,503,213,0,16,31,19,8,0
491,moderate_drift,0.9,0.8963500261306763,0.7051435708999634,55,211,4174,611,211,0,14,27,6,8,0
492,moderate_drift,0.9,0.7302964925765991,0.5187082290649414,97,201,4236,540,201,0,16,29,48,4,0
493,moderate_drift,0.7,0.9881953597068787,0.6336346864700317,106,210,4828,557,210,0,48,16,34,8,0
494,moderate_drift,0.7,1.0772066116333008,0.7181347608566284,69,208,4411,597,208,0,32,15,14,8,0
495,moderate_drift,0.7,0.9063078165054321,0.5710750222206116,91,204,4530,583,204,0,48,16,19,8,0
496,moderate_drift,0.7,0.8971449136734009,0.5330624580383301,101,223,5046,568,223,0,48,16,29,8,0
497,moderate_drift,1.0,0.9777047038078308,0.4676046371459961,137,200,3458,361,200,0,48,48,33,8,0
498,moderate_drift,0.5,0.9387383460998535,0.6473410725593567,94,212,4501,602,212,0,16,48,22,8,0
499,moderate_drift,0.5,0.9225420951843262,0.5943042039871216,86,239,5551,545,239,0,16,16,46,8,0
500,moderate_drift,1.0,0.9374302625656128,0.5605325698852539,99,204,4648,521,204,0,16,61,14,8,0
501,moderate_drift,0.8,0.8573326468467712,0.45964670181274414,93,201,3978,437,201,0,16,63,6,8,0
502,moderate_drift,0.6,1.0039061307907104,0.6256798505783081,68,208,4891,624,208,0,16,32,12,8,0
503,moderate_drift,0.8,0.8058947324752808,0.45799005031585693,148,200,4727,474,200,0,80,48,12,8,0
504,moderate_drift,0.3,0.8131589889526367,0.6080142855644226,62,203,4362,557,203,0,16,28,14,4,0
505,moderate_drift,0.8,0.8669727444648743,0.6474072337150574,77,206,3820,496,206,0,31,32,6,8,0
506,moderate_drift,0.7,1.0145130157470703,0.590653657913208,97,217,4983,617,217,0,32,29,28,8,0
507,moderate_drift,0.6,0.9897888898849487,0.5678348541259766,113,207,4523,600,207,0,64,13,28,8,0
508,moderate_drift,0.7,0.8990837335586548,0.6385442614555359,75,202,3417,475,202,0,14,32,21,8,0
509,moderate_drift,0.3,0.9829486608505249,0.6119555830955505,90,202,4279,535,202,0,12,32,38,8,0
510,moderate_drift,0.9,0.8003796935081482,0.43936318159103394,92,201,3822,511,201,0,16,48,24,4,0
511,moderate_drift,0.3,0.9713495373725891,0.7660396099090576,76,222,4518,701,222,0,16,12,40,8,0
512,moderate_drift,1.0,0.9339644908905029,0.6612282991409302,94,218,3465,600,218,0,48,16,22,8,0
513,moderate_drift,0.7,1.0278582572937012,0.579048752784729,94,213,4640,588,213,0,64,16,6,8,0
514,moderate_drift,0.5,1.0382744073867798,0.6033415794372559,74,206,4942,594,206,0,15,29,22,8,0
515,moderate_drift,1.0,0.9110098481178284,0.6771565079689026,86,203,3250,338,203,0,32,16,30,8,0
516,moderate_drift,0.9,0.894707202911377,0.5515776872634888,111,201,4050,438,201,0,32,48,23,8,0
517,moderate_drift,0.9,0.9741491675376892,0.6831715703010559,78,202,4498,489,202,0,16,32,22,8,0
518,moderate_drift,0.5,1.0874075889587402,0.5730690956115723,114,200,4791,536,200,0,48,16,42,8,0
519,moderate_drift,0.9,0.9883974194526672,0.5845261812210083,75,202,4211,513,202,0,16,13,38,8,0
520,moderate_drift,0.9,0.9338771104812622,0.5866351127624512,95,213,4635,589,213,0,32,32,23,8,0
521,moderate_drift,0.5,0.8479001522064209,0.6783154606819153,78,205,4346,610,205,0,32,32,6,8,0
522,moderate_drift,1.0,0.8932571411132812,0.5810540914535522,68,201,4455,527,201,0,16,32,12,8,0
523,moderate_drift,0.7,0.885458767414093,0.6537731885910034,115,212,4768,618,212,0,16,48,43,8,0
524,moderate_drift,1.0,0.931475043296814,0.6821999549865723,76,204,2149,299,204,0,32,16,24,4,0
525,moderate_drift,0.8,0.9794755578041077,0.5757629871368408,100,218,4731,611,218,0,32,13,47,8,0
526,moderate_drift,0.9,0.9056423306465149,0.5820485353469849,84,200,4311,524,200,0,32,32,12,8,0
527,moderate_drift,0.9,0.9827761650085449,0.720522940158844,62,205,4685,617,205,0,32,16,6,8,0
528,moderate_drift,0.3,0.8910617232322693,0.6185755729675293,76,212,4687,511,212,0,13,32,23,8,0
529,moderate_drift,0.8,0.9464132189750671,0.5080523490905762,93,202,4395,512,202,0,48,15,22,8,0
530,moderate_drift,1.0,1.1314815282821655,0.5855562090873718,84,205,3812,548,205,0,16,48,12,8,0
531,moderate_drift,0.8,1.0131882429122925,0.5467840433120728,129,201,4325,605,201,0,48,45,28,8,0
532,moderate_drift,1.0,0.9720748662948608,0.7136620283126831,64,207,3832,501,207,0,16,26,14,8,0
533,moderate_drift,1.0,0.9991405010223389,0.5299144387245178,97,211,4345,614,211,0,32,16,41,8,0
534,moderate_drift,1.0,1.0061057806015015,0.5831054449081421,105,201,4262,509,201,0,16,58,23,8,0
535,moderate_drift,1.0,0.9488576650619507,0.6014889478683472,72,201,2984,298,201,0,16,24,24,8,0
536,moderate_drift,0.8,1.0457632541656494,0.6413581371307373,111,202,3756,474,202,0,46,16,41,8,0
537,moderate_drift,0.7,0.8465312123298645,0.5971847772598267,101,208,4622,531,208,0,48,40,5,8,0
538,moderate_drift,0.5,0.9247241616249084,0.6103177666664124,113,200,3915,549,200,0,16,45,44,8,0
539,moderate_drift,0.5,0.8780906200408936,0.6533489227294922,122,201,4225,518,201,0,64,44,6,8,0
540,moderate_drift,1.0,1.021913766860962,0.5065204501152039,108,200,2100,231,200,0,32,62,6,8,0
541,moderate_drift,0.9,1.0849833488464355,0.6596595048904419,70,201,3333,379,201,0,13,43,6,8,0
542,moderate_drift,0.9,0.9866381883621216,0.5964412689208984,82,213,4858,592,213,0,16,16,42,8,0
543,moderate_drift,0.6,0.9466127753257751,0.666172206401825,77,204,4836,647,204,0,16,32,21,8,0
544,moderate_drift,0.7,0.9829671382904053,0.6086760759353638,67,203,4329,546,203,0,16,31,12,8,0
545,moderate_drift,0.5,0.8351643681526184,0.5994137525558472,77,202,4339,435,202,0,30,16,23,8,0
546,moderate_drift,0.9,0.9217102527618408,0.625982403755188,95,210,4307,410,210,0,16,32,39,8,0
547,moderate_drift,1.0,0.8919148445129395,0.5489819645881653,85,200,4021,448,200,0,32,31,14,8,0
548,moderate_drift,0.9,1.0453754663467407,0.6600431203842163,107,204,4321,534,204,0,47,29,23,8,0
549,moderate_drift,0.4,0.9382178783416748,0.5360584259033203,62,200,4692,487,200,0,16,32,6,8,0
550,moderate_drift,0.2,0.8203635215759277,0.6656167507171631,68,241,4910,639,241,0,16,32,12,8,0
551,moderate_drift,0.5,0.9450849294662476,0.5442584753036499,78,200,4205,489,200,0,32,32,6,8,0
552,moderate_drift,1.0,0.8524936437606812,0.6213169097900391,95,202,3702,371,202,0,32,32,23,8,0
553,moderate_drift,0.9,0.9781453013420105,0.4376969337463379,137,200,4506,493,200,0,48,76,5,8,0
554,moderate_drift,1.0,0.9125170111656189,0.45380282402038574,121,200,3273,391,200,0,32,76,5,8,0
555,moderate_drift,0.8,1.0343677997589111,0.738239049911499,68,206,4262,512,206,0,16,16,28,8,0
556,moderate_drift,1.0,1.018343210220337,0.6058856844902039,51,207,3807,442,207,0,12,9,22,8,0
557,moderate_drift,0.8,0.9935035705566406,0.5021790266036987,94,200,3851,470,200,0,32,32,22,8,0
558,moderate_drift,1.0,1.0470705032348633,0.5789889097213745,59,202,4378,487,202,0,30,13,8,8,0
559,moderate_drift,0.6,0.9218727946281433,0.6274229884147644,75,218,4944,590,218,0,46,13,8,8,0
560,moderate_drift,0.9,1.0381994247436523,0.5185621976852417,121,228,4945,490,228,0,45,32,36,8,0
561,moderate_drift,0.8,1.0138945579528809,0.7135400772094727,76,202,3583,473,202,0,32,15,21,8,0
562,moderate_drift,0.1,0.8678246736526489,0.5559277534484863,78,204,4577,608,204,0,32,16,22,8,0
563,moderate_drift,0.8,1.0003836154937744,0.7052308917045593,76,202,4054,477,202,0,16,14,38,8,0
564,moderate_drift,0.9,0.8388437032699585,0.49908357858657837,108,200,2864,342,200,0,30,48,22,8,0
565,moderate_drift,0.9,0.9822878837585449,0.560971736907959,77,201,4859,543,201,0,32,15,22,8,0
566,moderate_drift,0.9,0.996453583240509,0.658570408821106,97,209,4040,619,209,0,16,48,25,8,0
567,moderate_drift,0.4,1.0119355916976929,0.5559756755828857,111,207,4976,600,207,0,32,47,24,8,0
568,moderate_drift,1.0,0.9265702366828918,0.4949738383293152,102,200,2946,262,200,0,47,41,6,8,0
569,moderate_drift,0.8,0.8981355428695679,0.7613571882247925,55,203,3796,395,203,0,14,27,6,8,0
570,moderate_drift,0.3,1.026071548461914,0.5778161287307739,68,201,4507,560,201,0,16,32,12,8,0
571,moderate_drift,0.5,0.9376810193061829,0.5609195232391357,88,209,4849,612,209,0,16,32,32,8,0
572,moderate_drift,0.9,0.9991320371627808,0.6443313956260681,68,215,4448,611,215,0,16,32,12,8,0
573,moderate_drift,1.0,1.0047746896743774,0.5351390838623047,117,200,3342,320,200,0,31,60,18,8,0
574,moderate_drift,0.5,0.9021039009094238,0.6561002731323242,61,214,4840,645,214,0,16,31,6,8,0
575,moderate_drift,0.2,0.943466305732727,0.7010006904602051,68,222,4852,605,222,0,16,32,12,8,0
576,moderate_drift,1.0,0.9674583673477173,0.6240183711051941,78,216,4277,621,216,0,32,15,23,8,0
577,moderate_drift,0.8,0.9533449411392212,0.5754354000091553,81,218,4696,634,218,0,16,16,41,8,0
578,moderate_drift,0.5,0.8224666714668274,0.638867199420929,109,231,5426,594,231,0,64,15,22,8,0
579,moderate_drift,0.9,1.0077569484710693,0.7036805748939514,71,217,4547,542,217,0,16,30,17,8,0
580,moderate_drift,1.0,0.9686563611030579,0.2230510115623474,152,200,1736,221,200,0,95,15,34,8,0
581,moderate_drift,1.0,0.9919135570526123,0.6765542030334473,69,204,3407,470,204,0,16,32,13,8,0
582,moderate_drift,0.8,0.9488272666931152,0.583489179611206,94,208,4937,591,208,0,32,48,6,8,0
583,moderate_drift,1.0,1.0954581499099731,0.5030742287635803,88,200,2499,309,200,0,32,31,17,8,0
584,moderate_drift,0.7,1.0741453170776367,0.5927878618240356,100,200,4704,641,200,0,16,64,12,8,0
585,moderate_drift,1.0,0.9908374547958374,0.48150479793548584,109,200,4169,486,200,0,16,47,38,8,0
586,moderate_drift,0.7,0.8817881345748901,0.6071796417236328,108,203,4364,506,203,0,30,48,22,8,0
587,moderate_drift,1.0,0.8786126375198364,0.5307739973068237,82,200,3799,418,200,0,16,16,42,8,0
588,moderate_drift,1.0,0.9112862944602966,0.5405385494232178,68,209,4877,591,209,0,16,32,12,8,0
589,moderate_drift,0.1,0.9246608018875122,0.5884369015693665,142,212,5040,598,212,0,80,32,22,8,0
590,moderate_drift,0.5,1.0783262252807617,0.6311925053596497,80,217,4466,643,217,0,31,13,28,8,0
591,moderate_drift,0.9,0.9328295588493347,0.6359249353408813,87,210,3601,399,210,0,16,30,33,8,0
592,moderate_drift,1.0,1.078136920928955,0.5968667268753052,77,212,4888,580,212,0,16,31,22,8,0
593,moderate_drift,1.0,0.9931153655052185,0.6493781805038452,68,212,3094,486,212,0,16,30,14,8,0
594,moderate_drift,1.0,1.074709415435791,0.6281352043151855,49,203,2120,295,203,0,13,16,12,8,0
595,moderate_drift,0.5,0.9217358827590942,0.6310451030731201,78,229,4992,591,229,0,32,32,6,8,0
596,moderate_drift,1.0,1.0651766061782837,0.53180992603302,125,201,4288,504,201,0,32,47,38,8,0
597,moderate_drift,0.9,1.0140362977981567,0.6239602565765381,86,200,4336,507,200,0,32,15,31,8,0
598,moderate_drift,0.8,1.0396257638931274,0.6495088338851929,62,211,3682,623,211,0,15,13,26,8,0
599,moderate_drift,1.0,0.9084109663963318,0.4720102548599243,93,200,3908,420,200,0,31,32,22,8,0
600,moderate_drift,0.6,1.0820997953414917,0.6067310571670532,102,200,4527,514,200,0,32,9,53,8,0
601,moderate_drift,0.6,0.8836668133735657,0.5356286764144897,108,202,3887,421,202,0,48,29,23,8,0
602,moderate_drift,0.3,1.0862205028533936,0.6996552348136902,111,203,4599,607,203,0,45,30,28,8,0
603,moderate_drift,0.5,0.9138751029968262,0.5784263610839844,94,200,4520,533,200,0,16,48,22,8,0
604,moderate_drift,0.6,0.9011650681495667,0.6017013788223267,62,225,4769,490,225,0,16,16,22,8,0
605,moderate_drift,0.9,0.9857900738716125,0.6178700923919678,87,205,3669,395,205,0,47,13,19,8,0
606,moderate_drift,0.3,0.8097297549247742,0.6430166959762573,100,205,4625,582,205,0,16,48,28,8,0
607,moderate_drift,1.0,0.973022997379303,0.7591440081596375,98,206,3740,508,206,0,32,32,30,4,0
608,moderate_drift,0.3,0.9564354419708252,0.6979204416275024,89,240,4922,593,240,0,32,31,18,8,0
609,moderate_drift,1.0,0.9304468631744385,0.46786028146743774,120,200,3178,334,200,0,47,60,5,8,0
610,moderate_drift,1.0,1.0908713340759277,0.5134390592575073,76,200,3060,333,200,0,16,29,23,8,0
611,moderate_drift,1.0,0.9952982068061829,0.6023792624473572,148,200,3608,372,200,0,80,48,12,8,0
612,moderate_drift,0.8,0.9890657663345337,0.5761801600456238,111,204,3713,599,204,0,59,32,12,8,0
613,moderate_drift,0.9,0.8860714435577393,0.48086225986480713,131,200,3904,383,200,0,48,45,30,8,0
614,moderate_drift,1.0,0.8872429132461548,0.6657539010047913,62,209,4255,572,209,0,16,16,22,8,0
615,moderate_drift,0.7,1.0651193857192993,0.6726949214935303,62,206,4158,558,206,0,16,32,6,8,0
616,moderate_drift,0.3,0.9669243693351746,0.6133108139038086,77,214,5029,565,214,0,16,32,21,8,0
617,moderate_drift,0.8,0.9690862894058228,0.5383223295211792,124,213,5090,643,213,0,48,32,36,8,0
618,moderate_drift,0.9,1.0353330373764038,0.7273668050765991,65,203,4071,493,203,0,29,16,12,8,0
619,moderate_drift,0.3,0.8811376690864563,0.7393389344215393,76,215,4171,532,215,0,32,28,8,8,0
620,moderate_drift,0.7,0.9901544451713562,0.5516782999038696,111,204,4805,571,204,0,16,32,55,8,0
621,moderate_drift,1.0,1.0296275615692139,0.453408420085907,121,200,3870,379,200,0,63,42,8,8,0
622,moderate_drift,0.6,1.0678987503051758,0.5715268850326538,86,206,4213,439,206,0,45,28,5,8,0
623,moderate_drift,0.9,1.0541882514953613,0.5674563646316528,78,206,4319,574,206,0,16,32,22,8,0
624,moderate_drift,0.8,0.9515675902366638,0.6333862543106079,84,226,5407,594,226,0,32,32,12,8,0
625,moderate_drift,0.3,1.021091341972351,0.598905086517334,75,204,4470,568,204,0,16,16,35,8,0
626,moderate_drift,1.0,0.873638391494751,0.5684255361557007,92,203,3610,348,203,0,16,46,22,8,0
627,moderate_drift,0.6,0.9121825098991394,0.6420798897743225,68,204,4310,591,204,0,32,16,12,8,0
628,moderate_drift,0.6,1.0683581829071045,0.6301697492599487,89,204,4491,500,204,0,32,31,18,8,0
629,moderate_drift,0.5,0.998782217502594,0.5942647457122803,108,200,4346,554,200,0,32,60,8,8,0
630,moderate_drift,0.7,1.080342411994934,0.6231807470321655,84,219,5062,551,219,0,16,48,12,8,0
631,moderate_drift,0.9,0.9272563457489014,0.565113365650177,62,200,3308,335,200,0,16,32,6,8,0
632,moderate_drift,1.0,0.9187840819358826,0.4964785575866699,77,200,3882,461,200,0,16,32,21,8,0
633,moderate_drift,0.8,1.0391842126846313,0.5573030114173889,82,209,4408,472,209,0,22,16,36,8,0
634,moderate_drift,0.5,0.8554131984710693,0.7136919498443604,76,220,4900,685,220,0,16,16,36,8,0
635,moderate_drift,0.9,0.8641605973243713,0.5247491598129272,87,201,4522,462,201,0,32,16,31,8,0
636,moderate_drift,1.0,1.0740793943405151,0.6021947860717773,90,201,3219,386,201,0,64,13,5,8,0
637,moderate_drift,0.9,0.9605046510696411,0.6910148859024048,61,204,3740,430,204,0,16,16,21,8,0
638,moderate_drift,0.5,0.9534609913825989,0.6112679243087769,68,211,3887,644,211,0,16,16,28,8,0
639,moderate_drift,0.6,0.8733485341072083,0.6125164031982422,78,226,5020,487,226,0,32,32,6,8,0
640,moderate_drift,0.6,1.116668462753296,0.6244125962257385,99,210,4878,603,210,0,16,32,43,8,0
641,moderate_drift,0.8,0.9602985382080078,0.655157208442688,68,240,4916,702,240,0,16,32,12,8,0
642,moderate_drift,0.6,0.9322930574417114,0.5628771781921387,117,209,4657,610,209,0,47,45,17,8,0
643,moderate_drift,1.0,0.9379956722259521,0.5152918100357056,108,201,4658,533,201,0,32,16,52,8,0
644,moderate_drift,0.1,0.9187577962875366,0.6707367300987244,105,217,4989,617,217,0,64,28,5,8,0
645,moderate_drift,0.9,0.882193922996521,0.5848654508590698,94,207,4685,581,207,0,16,48,22,8,0
646,moderate_drift,0.5,0.9859265089035034,0.5224044919013977,91,202,4384,592,202,0,62,13,8,8,0
647,moderate_drift,1.0,0.8488545417785645,0.5066715478897095,149,200,3345,408,200,0,64,60,17,8,0
648,moderate_drift,0.8,0.9072908759117126,0.5574315786361694,119,211,4981,673,211,0,47,32,32,8,0
649,moderate_drift,0.9,0.9529821276664734,0.5673549175262451,98,260,5624,706,260,0,32,16,42,8,0
650,moderate_drift,0.9,1.081455111503601,0.54078209400177,92,201,4454,524,201,0,32,16,36,8,0
651,moderate_drift,0.5,0.7932678461074829,0.6052067279815674,93,201,4669,544,201,0,48,29,8,8,0
652,moderate_drift,1.0,0.8865433931350708,0.6319576501846313,125,202,4016,424,202,0,64,16,37,8,0
653,moderate_drift,0.5,1.1100938320159912,0.621476411819458,77,208,4658,646,208,0,16,32,21,8,0
654,moderate_drift,0.9,0.949413537979126,0.6185440421104431,55,206,4462,573,206,0,16,14,17,8,0
655,moderate_drift,0.9,0.905696451663971,0.5280519723892212,102,202,4245,445,202,0,32,32,30,8,0
656,moderate_drift,1.0,0.9938384890556335,0.6717573404312134,118,268,4291,443,268,0,16,40,54,8,0
657,moderate_drift,0.9,0.9211881160736084,0.5932143330574036,68,209,4483,662,209,0,16,32,12,8,0
658,moderate_drift,1.0,0.9186538457870483,0.6243531703948975,66,204,2855,350,204,0,16,16,26,8,0
659,moderate_drift,0.7,0.8777832984924316,0.6514968276023865,92,211,4663,529,211,0,48,16,24,4,0
660,moderate_drift,1.0,1.0214385986328125,0.5994048118591309,78,202,4020,450,202,0,16,32,22,8,0
661,moderate_drift,1.0,0.9797329306602478,0.43192094564437866,156,200,4098,375,200,0,48,61,39,8,0
662,moderate_drift,0.8,0.8579877614974976,0.4144725799560547,94,200,4342,449,200,0,32,32,22,8,0
663,moderate_drift,0.2,0.9979734420776367,0.640483021736145,65,225,5454,629,225,0,16,15,26,8,0
664,moderate_drift,0.5,0.9656503200531006,0.583848237991333,143,201,4657,612,201,0,64,45,26,8,0
665,moderate_drift,0.4,1.0603796243667603,0.5400677919387817,94,206,4674,561,206,0,32,48,6,8,0
666,moderate_drift,0.8,1.0785914659500122,0.5683658719062805,114,208,4453,512,208,0,32,32,42,8,0
667,moderate_drift,0.7,0.7611571550369263,0.5951070785522461,93,203,4365,521,203,0,16,47,22,8,0
668,moderate_drift,0.7,0.9000878930091858,0.6629949808120728,62,204,4488,593,204,0,32,16,6,8,0
669,moderate_drift,0.6,1.039155125617981,0.5504416227340698,103,204,4300,573,204,0,48,30,17,8,0
670,moderate_drift,1.0,0.8399327397346497,0.28536099195480347,155,200,3597,363,200,0,95,29,23,8,0
671,moderate_drift,0.3,0.8873311281204224,0.6494067907333374,122,226,5250,638,226,0,8,78,28,8,0
672,moderate_drift,0.7,1.0579922199249268,0.7123036980628967,123,203,4468,520,203,0,30,64,21,8,0
673,moderate_drift,1.0,1.1795411109924316,0.6107255220413208,93,204,3905,475,204,0,32,32,21,8,0
674,moderate_drift,0.6,0.8768169283866882,0.6722418069839478,68,212,4845,645,212,0,16,16,28,8,0
675,moderate_drift,0.5,0.9923843145370483,0.524263858795166,119,202,4347,466,202,0,32,48,31,8,0
676,moderate_drift,0.7,1.0472795963287354,0.6007835865020752,124,201,4266,587,201,0,16,59,41,8,0
677,moderate_drift,0.7,0.8191241025924683,0.5803711414337158,106,202,4510,541,202,0,48,28,22,8,0
678,moderate_drift,1.0,1.0480483770370483,0.6388225555419922,58,201,4039,449,201,0,32,13,5,8,0
679,moderate_drift,1.0,1.0683668851852417,0.482735276222229,119,201,3727,390,201,0,32,48,31,8,0
680,moderate_drift,1.0,0.9450960159301758,0.2986689805984497,116,200,3381,328,200,0,62,13,33,8,0
681,moderate_drift,1.0,1.0367355346679688,0.45050984621047974,91,200,3473,349,200,0,46,15,22,8,0
682,moderate_drift,0.9,1.0548954010009766,0.6468020677566528,79,202,4083,476,202,0,16,32,23,8,0
683,moderate_drift,0.7,0.9531756639480591,0.5956966876983643,100,202,4540,540,202,0,16,64,12,8,0
684,moderate_drift,1.0,1.0669692754745483,0.7298152446746826,64,205,3560,526,205,0,16,35,5,8,0
685,moderate_drift,0.6,1.1030796766281128,0.7011047601699829,90,202,4405,539,202,0,16,47,19,8,0
686,moderate_drift,0.4,0.9995304942131042,0.6263695359230042,123,203,4626,615,203,0,32,32,51,8,0
687,moderate_drift,0.2,0.9028867483139038,0.6746888160705566,61,205,4875,626,205,0,16,16,21,8,0
688,moderate_drift,1.0,0.9594001173973083,0.43662673234939575,98,200,3668,355,200,0,38,16,36,8,0
689,moderate_drift,0.6,0.9856359362602234,0.5468783378601074,95,208,4986,538,208,0,16,48,23,8,0
690,moderate_drift,0.9,0.9379078149795532,0.6088705658912659,134,200,4316,561,200,0,45,62,19,8,0
691,moderate_drift,0.6,0.9837586283683777,0.5988344550132751,84,206,4730,572,206,0,32,32,12,8,0
692,moderate_drift,0.6,1.0336374044418335,0.6026667952537537,82,205,4880,631,205,0,16,16,42,8,0
693,moderate_drift,0.9,0.804633617401123,0.6039022207260132,62,209,4141,595,209,0,16,16,22,8,0
694,moderate_drift,0.9,1.0271844863891602,0.5611474514007568,73,201,4499,510,201,0,32,15,18,8,0
695,moderate_drift,0.9,0.8858014345169067,0.5411100387573242,95,200,4262,520,200,0,16,48,23,8,0
696,moderate_drift,0.6,0.9810788631439209,0.5681335926055908,95,204,4415,598,204,0,16,29,42,8,0
697,moderate_drift,0.3,0.9594879746437073,0.6607770919799805,52,204,4659,600,204,0,16,16,12,8,0
698,moderate_drift,1.0,0.8310897946357727,0.5802148580551147,109,202,3186,327,202,0,47,32,22,8,0
699,moderate_drift,0.7,0.8473301529884338,0.5714813470840454,90,207,4343,568,207,0,32,45,5,8,0
700,moderate_drift,1.0,0.8322592973709106,0.4418877959251404,84,200,2911,307,200,0,16,13,47,8,0
701,moderate_drift,1.0,0.8811389803886414,0.5763562321662903,163,200,4049,389,200,0,32,93,30,8,0
702,moderate_drift,1.0,0.9379839301109314,0.6260592937469482,113,205,3232,449,205,0,77,16,12,8,0
703,moderate_drift,1.0,1.0343642234802246,0.43983519077301025,68,200,2385,285,200,0,16,22,22,8,0
704,moderate_drift,1.0,1.0436463356018066,0.3844735026359558,123,201,2817,279,201,0,64,13,38,8,0
705,moderate_drift,0.8,0.8986726999282837,0.5644574165344238,62,206,4912,566,206,0,32,16,6,8,0
706,moderate_drift,0.8,0.9948199987411499,0.6519337892532349,68,205,3585,466,205,0,16,32,12,8,0
707,moderate_drift,1.0,1.1152716875076294,0.6702848076820374,68,206,2847,441,206,0,16,32,12,8,0
708,moderate_drift,0.6,1.0788822174072266,0.6297505497932434,156,201,4419,520,201,0,62,44,42,8,0
709,moderate_drift,0.4,1.0807172060012817,0.6331994533538818,84,212,4434,612,212,0,48,16,12,8,0
710,moderate_drift,0.2,0.9365153908729553,0.6689120531082153,67,203,4486,611,203,0,16,31,12,8,0
711,moderate_drift,0.8,0.85230952501297,0.5517440438270569,93,202,4569,431,202,0,16,48,21,8,0
712,moderate_drift,0.8,0.8707639575004578,0.5540663599967957,84,211,4814,641,211,0,16,48,12,8,0
713,moderate_drift,1.0,0.9221860766410828,0.2095111608505249,95,200,2647,166,200,0,32,32,23,8,0
714,moderate_drift,0.5,0.9701632857322693,0.6510846018791199,101,204,4834,543,204,0,16,64,13,8,0
715,moderate_drift,1.0,0.8018361330032349,0.4182437062263489,146,200,3408,377,200,0,64,32,42,8,0
716,moderate_drift,0.5,0.9500179290771484,0.65452641248703,100,232,5588,593,232,0,32,48,12,8,0
717,moderate_drift,0.6,0.9435415267944336,0.6841316223144531,106,205,4655,618,205,0,32,28,38,8,0
718,moderate_drift,0.9,0.9584645628929138,0.6217483282089233,117,218,4463,594,218,0,62,42,5,8,0
719,moderate_drift,0.7,0.9737836718559265,0.6775734424591064,68,213,3956,621,213,0,16,32,12,8,0
720,moderate_drift,1.0,1.0656280517578125,0.7111619710922241,73,215,3600,612,215,0,16,28,21,8,0
721,moderate_drift,0.9,0.9341062307357788,0.5386297106742859,77,200,3869,432,200,0,32,29,8,8,0
722,moderate_drift,0.9,1.053379774093628,0.48806971311569214,93,202,3769,440,202,0,48,29,8,8,0
723,moderate_drift,0.9,0.9449964165687561,0.6513092517852783,107,203,2494,339,203,0,16,32,51,8,0
724,moderate_drift,0.6,0.9387480020523071,0.6137306690216064,122,209,4116,603,209,0,28,64,22,8,0
725,moderate_drift,1.0,0.9619235992431641,0.6353121399879456,78,208,3993,348,208,0,32,32,6,8,0
726,moderate_drift,0.9,1.0053147077560425,0.5483517646789551,77,204,4369,476,204,0,16,45,8,8,0
727,moderate_drift,0.7,0.9781595468521118,0.5983379483222961,121,201,3559,499,201,0,48,59,6,8,0
728,moderate_drift,0.9,1.052493691444397,0.6256439685821533,55,208,4199,576,208,0,14,28,5,8,0
729,moderate_drift,0.9,1.000909447669983,0.41267067193984985,90,201,3943,403,201,0,64,13,5,8,0
730,moderate_drift,0.8,0.9804230332374573,0.5210328698158264,108,205,4888,602,205,0,32,46,22,8,0
731,moderate_drift,0.9,0.9177860021591187,0.6150949001312256,94,202,4130,526,202,0,16,48,22,8,0
732,moderate_drift,1.0,0.8769985437393188,0.5741750001907349,108,206,4510,524,206,0,48,16,36,8,0
733,moderate_drift,1.0,0.929828405380249,0.494659960269928,138,200,2890,276,200,0,64,58,8,8,0
734,moderate_drift,0.7,0.9962687492370605,0.6371468305587769,97,205,4574,566,205,0,16,44,29,8,0
735,moderate_drift,1.0,0.9323656558990479,0.6407610177993774,107,204,3322,334,204,0,16,45,38,8,0
736,moderate_drift,0.5,0.8963863253593445,0.6738401651382446,89,207,4631,593,207,0,16,32,33,8,0
737,moderate_drift,0.7,0.9944981932640076,0.5448126792907715,131,200,4469,456,200,0,32,48,43,8,0
738,moderate_drift,0.9,0.9725075364112854,0.7258102893829346,109,202,3640,466,202,0,63,32,6,8,0
739,moderate_drift,1.0,1.100154995918274,0.5249236822128296,107,200,3824,363,200,0,16,48,35,8,0
740,moderate_drift,0.6,0.8565284013748169,0.6367367506027222,94,209,4958,544,209,0,16,32,38,8,0
741,moderate_drift,1.0,0.8452893495559692,0.5484730005264282,100,201,3998,362,201,0,32,48,12,8,0
742,moderate_drift,0.8,0.8339681625366211,0.5627207159996033,80,204,3799,568,204,0,16,28,28,8,0
743,moderate_drift,0.9,0.914537250995636,0.6358956098556519,90,201,4178,468,201,0,16,45,21,8,0
744,moderate_drift,0.6,0.8722175359725952,0.6560711860656738,103,217,5070,621,217,0,64,14,17,8,0
745,moderate_drift,1.0,0.9111456871032715,0.6684914827346802,100,230,2558,664,230,0,32,48,12,8,0
746,moderate_drift,0.8,0.8536725640296936,0.5545448064804077,98,202,4264,556,202,0,16,32,42,8,0
747,moderate_drift,1.0,0.9051496386528015,0.4443705081939697,128,200,3095,362,200,0,32,46,42,8,0
748,moderate_drift,0.7,1.0547995567321777,0.4701826572418213,111,200,4163,516,200,0,32,48,23,8,0
749,moderate_drift,1.0,1.0241258144378662,0.2566656470298767,151,200,2403,199,200,0,64,56,23,8,0
750,moderate_drift,1.0,0.8618137240409851,0.4492337107658386,93,200,4077,470,200,0,31,32,22,8,0
751,moderate_drift,1.0,1.0053120851516724,0.5519201755523682,137,205,4224,523,205,0,16,80,33,8,0
752,moderate_drift,0.6,1.1125102043151855,0.633490264415741,119,223,5308,588,223,0,32,31,48,8,0
753,moderate_drift,0.9,0.8754898309707642,0.5035533308982849,93,200,4686,560,200,0,31,32,22,8,0
754,moderate_drift,0.4,0.9322711825370789,0.6313911080360413,95,207,4743,633,207,0,14,45,28,8,0
755,moderate_drift,0.9,0.954266369342804,0.6361619234085083,144,201,4162,491,201,0,53,45,38,8,0
756,moderate_drift,0.6,0.9347074031829834,0.5597081184387207,62,207,4959,593,207,0,16,16,22,8,0
757,moderate_drift,1.0,0.9403875470161438,0.45400017499923706,156,200,3068,255,200,0,48,64,36,8,0
758,moderate_drift,0.6,1.1101648807525635,0.7567301988601685,68,231,4684,634,231,0,16,32,12,8,0
759,moderate_drift,1.0,0.885623037815094,0.6615085601806641,73,202,2975,344,202,0,32,15,18,8,0
760,moderate_drift,0.6,0.9763794541358948,0.5759562253952026,81,211,4553,580,211,0,32,13,28,8,0
761,moderate_drift,1.0,0.8298307657241821,0.4010501503944397,112,200,3989,355,200,0,48,16,40,8,0
762,moderate_drift,0.9,1.0059378147125244,0.5162391662597656,94,201,4317,473,201,0,16,48,22,8,0
763,moderate_drift,1.0,1.0711556673049927,0.4905211329460144,101,200,3620,382,200,0,64,16,13,8,0
764,moderate_drift,0.9,0.9576498866081238,0.632652997970581,88,208,4498,502,208,0,48,14,18,8,0
765,moderate_drift,1.0,0.8896541595458984,0.455777108669281,120,201,4088,392,201,0,32,47,33,8,0
766,moderate_drift,1.0,0.9849333167076111,0.4665769934654236,139,200,3534,367,200,0,32,80,19,8,0
767,moderate_drift,0.8,1.095971703529358,0.6271828413009644,73,209,4629,672,209,0,16,31,18,8,0
768,moderate_drift,0.6,1.0637400150299072,0.7090513110160828,45,204,4215,602,204,0,16,13,8,8,0
769,moderate_drift,0.8,0.7764977216720581,0.5028706789016724,60,205,4372,553,205,0,16,16,24,4,0
770,moderate_drift,0.8,1.060591459274292,0.6326817274093628,75,211,4639,705,211,0,14,31,22,8,0
771,moderate_drift,0.8,0.8908965587615967,0.5412344336509705,79,215,4608,526,215,0,16,32,23,8,0
772,moderate_drift,0.5,0.8176215291023254,0.5149340033531189,78,211,4805,549,211,0,16,32,22,8,0
773,moderate_drift,0.6,1.0690855979919434,0.6395218968391418,81,214,3893,540,214,0,16,29,28,8,0
774,moderate_drift,1.0,0.8345651626586914,0.5697512626647949,72,202,3452,400,202,0,16,30,18,8,0
775,moderate_drift,0.8,1.0412418842315674,0.6331843733787537,90,201,4438,470,201,0,32,13,37,8,0
776,moderate_drift,1.0,0.8564012050628662,0.5881608724594116,117,201,3381,344,201,0,16,29,64,8,0
777,moderate_drift,0.8,0.943198025226593,0.6011792421340942,110,204,3560,497,204,0,48,48,6,8,0
778,moderate_drift,0.6,0.9466395974159241,0.5668985843658447,85,203,3722,534,203,0,16,32,29,8,0
779,moderate_drift,0.7,0.8556179404258728,0.5900938510894775,77,203,4390,533,203,0,32,15,22,8,0
780,moderate_drift,0.8,0.9557026624679565,0.6575093269348145,87,219,5221,668,219,0,16,58,5,8,0
781,moderate_drift,0.7,1.0399302244186401,0.5956345796585083,87,221,5040,661,221,0,16,58,5,8,0
782,moderate_drift,0.3,0.9874628186225891,0.6260759830474854,68,234,5376,625,234,0,16,15,29,8,0
783,moderate_drift,0.5,1.1872230768203735,0.6394866704940796,84,201,3819,420,201,0,32,32,12,8,0
784,moderate_drift,0.9,0.9177973866462708,0.4691782593727112,106,202,4022,423,202,0,32,32,34,8,0
785,moderate_drift,0.1,1.1241607666015625,0.6883029341697693,88,200,4408,531,200,0,16,8,56,8,0
786,moderate_drift,0.3,0.9282745122909546,0.6872429251670837,69,206,4785,551,206,0,16,32,13,8,0
787,moderate_drift,0.4,0.9071197509765625,0.6305899024009705,63,208,4640,684,208,0,16,16,23,8,0
788,moderate_drift,0.8,1.011022686958313,0.5617826581001282,100,203,4350,502,203,0,32,48,12,8,0
789,moderate_drift,1.0,1.2125970125198364,0.4985739588737488,97,200,2914,321,200,0,61,16,12,8,0
790,moderate_drift,1.0,0.9519607424736023,0.45882999897003174,74,203,4313,468,203,0,16,45,5,8,0
791,moderate_drift,0.4,0.8394235372543335,0.6529552936553955,147,201,4068,553,201,0,32,79,32,4,0
792,moderate_drift,0.7,0.9772706031799316,0.4295935034751892,130,204,4788,562,204,0,48,32,42,8,0
793,moderate_drift,1.0,0.9701181054115295,0.6146633625030518,126,208,4197,534,208,0,48,25,45,8,0
794,moderate_drift,0.9,0.9973087310791016,0.5666860342025757,98,200,4144,483,200,0,32,46,12,8,0
795,moderate_drift,0.3,0.9023064374923706,0.6261932849884033,71,219,4969,588,219,0,16,29,18,8,0
796,moderate_drift,0.7,0.8307480216026306,0.5605658888816833,93,200,4552,486,200,0,48,29,8,8,0
797,moderate_drift,0.9,0.9393057823181152,0.5058716535568237,119,200,3600,359,200,0,16,77,18,8,0
798,moderate_drift,1.0,1.006546974182129,0.5522022843360901,117,203,3930,476,203,0,16,62,31,8,0
799,moderate_drift,1.0,0.868889331817627,0.5945011377334595,106,217,3835,573,217,0,16,32,50,8,0
800,moderate_drift,1.0,0.9376416206359863,0.6480721235275269,70,210,3961,549,210,0,29,27,6,8,0
801,moderate_drift,0.7,1.0798777341842651,0.631406307220459,94,212,4395,608,212,0,16,47,23,8,0
802,moderate_drift,0.8,0.9074099063873291,0.6900222301483154,108,204,4051,555,204,0,31,16,53,8,0
803,moderate_drift,0.8,1.0900191068649292,0.564112663269043,92,220,4741,623,220,0,30,48,6,8,0
804,moderate_drift,0.6,1.095604419708252,0.6749204397201538,62,211,4156,510,211,0,16,32,6,8,0
805,moderate_drift,1.0,0.8738225698471069,0.5981894731521606,84,204,3549,530,204,0,16,32,28,8,0
806,moderate_drift,0.6,1.0094963312149048,0.5427114963531494,168,200,4318,479,200,0,79,48,33,8,0
807,moderate_drift,0.5,0.9687132239341736,0.6081173419952393,94,212,4860,530,212,0,16,64,6,8,0
808,moderate_drift,0.8,0.9943619966506958,0.6889488101005554,77,202,4235,548,202,0,31,32,6,8,0
809,moderate_drift,0.4,0.9481796026229858,0.6644808053970337,62,209,4693,502,209,0,16,16,22,8,0
810,moderate_drift,0.8,0.862817645072937,0.5386074781417847,109,200,3507,385,200,0,31,47,23,8,0
811,moderate_drift,0.6,0.943024754524231,0.63226717710495,115,224,4703,430,224,0,32,47,28,8,0
812,moderate_drift,0.9,1.0282113552093506,0.5347413420677185,134,201,4241,409,201,0,32,32,62,8,0
813,moderate_drift,0.7,0.8996841311454773,0.5164579153060913,116,200,4574,459,200,0,32,64,12,8,0
814,moderate_drift,0.3,1.0058274269104004,0.6418513655662537,78,214,5039,678,214,0,16,48,6,8,0
815,moderate_drift,0.9,0.9011434316635132,0.47729504108428955,94,200,4309,459,200,0,16,48,22,8,0
816,moderate_drift,0.7,0.9834755063056946,0.6114686727523804,115,203,4384,521,203,0,32,45,30,8,0
817,moderate_drift,0.2,0.977777898311615,0.7599280476570129,88,220,4774,544,220,0,15,26,39,8,0
818,moderate_drift,1.0,0.8385441303253174,0.5505728721618652,97,215,3341,538,215,0,30,16,43,8,0
819,moderate_drift,0.6,1.0476032495498657,0.6679051518440247,87,203,4391,532,203,0,32,25,22,8,0
820,moderate_drift,0.5,0.8722966909408569,0.497730016708374,118,210,4710,558,210,0,64,16,30,8,0
821,moderate_drift,0.6,0.909392237663269,0.6289306282997131,105,200,3850,488,200,0,16,46,35,8,0
822,moderate_drift,0.4,0.7384511232376099,0.6216691732406616,92,206,4863,540,206,0,32,32,24,4,0
823,moderate_drift,1.0,1.0049176216125488,0.4411979913711548,141,201,3176,316,201,0,64,48,21,8,0
824,moderate_drift,0.8,0.9205526113510132,0.47687828540802,143,200,4189,452,200,0,46,46,43,8,0
825,moderate_drift,1.0,0.8947534561157227,0.3301454186439514,110,201,3784,406,201,0,48,32,22,8,0
826,moderate_drift,0.5,0.8574938178062439,0.5792315006256104,100,201,4474,471,201,0,32,48,12,8,0
827,moderate_drift,1.0,1.0012049674987793,0.5012209415435791,142,200,3985,434,200,0,78,39,17,8,0
828,moderate_drift,0.8,0.9538944959640503,0.6073628664016724,113,204,4346,658,204,0,61,32,12,8,0
829,moderate_drift,0.9,1.022200107574463,0.7366752624511719,45,207,3709,419,207,0,16,13,8,8,0
830,moderate_drift,0.5,0.9864135384559631,0.6819530725479126,109,238,4856,652,238,0,32,63,6,8,0
831,moderate_drift,1.0,0.7870752811431885,0.5670943260192871,106,206,3476,461,206,0,32,16,50,8,0
832,moderate_drift,1.0,0.9736548662185669,0.6171799302101135,115,201,3449,339,201,0,48,47,12,8,0
833,moderate_drift,0.5,1.1532938480377197,0.5868921875953674,109,230,4623,574,230,0,62,16,23,8,0
834,moderate_drift,1.0,0.9815720915794373,0.6596566438674927,97,208,4910,576,208,0,32,16,41,8,0
835,moderate_drift,0.9,1.1749287843704224,0.5921268463134766,71,201,4448,525,201,0,16,30,17,8,0
836,moderate_drift,0.4,0.9553481936454773,0.7097907662391663,69,208,5062,677,208,0,32,15,14,8,0
837,moderate_drift,0.8,0.9388424158096313,0.5224359035491943,84,200,4566,538,200,0,32,32,12,8,0
838,moderate_drift,0.6,0.9696641564369202,0.598660409450531,85,226,5380,615,226,0,48,15,14,8,0
839,moderate_drift,1.0,1.082452416419983,0.583685576915741,76,220,4682,526,220,0,16,30,22,8,0
840,moderate_drift,0.6,0.9223278760910034,0.582837700843811,79,214,4915,666,214,0,16,43,12,8,0
841,moderate_drift,1.0,0.8593982458114624,0.5145694017410278,120,206,4498,469,206,0,48,46,18,8,0
842,moderate_drift,1.0,1.0591241121292114,0.5606257915496826,165,200,3070,284,200,0,48,77,32,8,0
843,moderate_drift,0.7,0.8599968552589417,0.5730562210083008,95,203,4487,544,203,0,32,32,23,8,0
844,moderate_drift,0.4,1.082002878189087,0.6554543972015381,98,210,5015,627,210,0,46,32,12,8,0
845,moderate_drift,0.7,0.9464585185050964,0.6208138465881348,125,204,4594,590,204,0,32,62,23,8,0
846,moderate_drift,1.0,0.8807346820831299,0.3681304454803467,87,200,2356,203,200,0,32,25,22,8,0
847,moderate_drift,1.0,0.9679080843925476,0.45962804555892944,152,200,4213,433,200,0,64,48,32,8,0
848,moderate_drift,0.9,1.0939992666244507,0.7036294937133789,92,205,3547,407,205,0,16,31,37,8,0
849,moderate_drift,1.0,0.8999999165534973,0.3046063780784607,94,200,3044,234,200,0,32,32,22,8,0
850,moderate_drift,1.0,0.9559224247932434,0.7001940608024597,123,214,3796,604,214,0,78,31,6,8,0
851,moderate_drift,0.8,0.903367280960083,0.49222809076309204,148,200,4469,570,200,0,32,79,29,8,0
852,moderate_drift,1.0,1.1717673540115356,0.6194069385528564,119,202,3374,443,202,0,16,64,31,8,0
853,moderate_drift,0.8,0.8638865947723389,0.5553747415542603,75,204,4782,542,204,0,32,27,8,8,0
854,moderate_drift,1.0,1.0064588785171509,0.5487596392631531,111,202,4078,501,202,0,48,32,23,8,0
855,moderate_drift,1.0,0.8805371522903442,0.4398607015609741,132,202,3639,349,202,0,64,48,12,8,0
856,moderate_drift,0.8,1.1072434186935425,0.5586202144622803,129,203,4608,544,203,0,32,48,41,8,0
857,moderate_drift,0.8,0.919948935508728,0.5154391527175903,121,200,4443,584,200,0,31,77,5,8,0
858,moderate_drift,0.8,1.0777024030685425,0.48128342628479004,79,202,4800,596,202,0,32,16,23,8,0
859,moderate_drift,1.0,0.9867895841598511,0.5494275093078613,140,202,2467,222,202,0,48,63,21,8,0
860,moderate_drift,1.0,0.8414738178253174,0.5540153980255127,68,204,4280,483,204,0,16,32,12,8,0
861,moderate_drift,0.8,1.0351879596710205,0.6236015558242798,94,204,4360,539,204,0,16,48,22,8,0
862,moderate_drift,0.8,0.9147600531578064,0.524865984916687,93,201,4586,579,201,0,16,47,22,8,0
863,moderate_drift,0.8,0.9873858094215393,0.5550848841667175,121,201,4120,466,201,0,32,48,33,8,0
864,moderate_drift,0.5,0.7204265594482422,0.5776089429855347,82,239,5896,586,239,0,47,12,19,4,0
865,moderate_drift,0.3,0.8780441284179688,0.6954078674316406,71,207,4272,581,207,0,32,14,17,8,0
866,moderate_drift,0.8,0.916279673576355,0.5222885012626648,105,202,4319,479,202,0,48,16,33,8,0
867,moderate_drift,0.4,0.8367277979850769,0.61286461353302,100,202,4435,582,202,0,32,48,12,8,0
868,moderate_drift,0.5,0.9184734225273132,0.6792970895767212,73,201,4158,498,201,0,32,15,18,8,0
869,moderate_drift,0.7,0.9010306596755981,0.6585677862167358,78,201,4435,489,201,0,16,32,22,8,0
870,moderate_drift,0.4,0.9968314170837402,0.6741563081741333,78,203,4730,582,203,0,16,48,6,8,0
871,moderate_drift,0.8,0.8225208520889282,0.6339285373687744,94,201,4309,499,201,0,48,32,6,8,0
872,moderate_drift,1.0,1.0546483993530273,0.3380293846130371,113,201,3084,256,201,0,61,16,28,8,0
873,moderate_drift,0.7,0.707913339138031,0.6815224885940552,56,223,5319,579,223,0,16,26,10,4,0
874,moderate_drift,0.1,1.0132280588150024,0.6184563040733337,74,205,4818,612,205,0,16,45,5,8,0
875,moderate_drift,1.0,0.8704431653022766,0.5042882561683655,147,200,3915,361,200,0,48,48,43,8,0
876,moderate_drift,1.0,0.9377279281616211,0.6525768041610718,67,202,4447,499,202,0,16,31,12,8,0
877,moderate_drift,0.7,0.9072961211204529,0.5987399816513062,93,208,4913,643,208,0,32,16,37,8,0
878,moderate_drift,0.4,0.9637804627418518,0.6460652351379395,118,208,4969,643,208,0,16,57,37,8,0
879,moderate_drift,1.0,1.0281717777252197,0.4650455117225647,107,200,4483,440,200,0,47,16,36,8,0
880,moderate_drift,0.8,0.9155043363571167,0.7098464965820312,90,214,4274,677,214,0,16,45,21,8,0
881,moderate_drift,0.6,0.98526531457901,0.5579437017440796,74,203,4568,519,203,0,48,13,5,8,0
882,moderate_drift,1.0,0.8917690515518188,0.5141206383705139,72,202,3791,435,202,0,31,16,17,8,0
883,moderate_drift,0.2,0.8893311023712158,0.7149869203567505,57,203,4748,572,203,0,15,29,5,8,0
884,moderate_drift,1.0,1.0697911977767944,0.5669753551483154,67,202,2684,348,202,0,16,31,12,8,0
885,moderate_drift,0.8,0.7866435050964355,0.5715752243995667,78,209,3883,511,209,0,16,32,22,8,0
886,moderate_drift,1.0,0.957213819026947,0.5263772010803223,51,200,3032,331,200,0,12,9,22,8,0
887,moderate_drift,0.5,0.9490803480148315,0.6064245700836182,105,202,4365,511,202,0,64,15,18,8,0
888,moderate_drift,0.9,1.1914271116256714,0.7515602707862854,42,206,3051,479,206,0,16,13,5,8,0
889,moderate_drift,0.9,1.1504024267196655,0.6309922933578491,62,227,5208,671,227,0,16,32,6,8,0
890,moderate_drift,0.7,0.9380195736885071,0.7309571504592896,127,203,4238,544,203,0,64,32,23,8,0
891,moderate_drift,0.7,0.8440997004508972,0.6132571697235107,110,211,4934,593,211,0,64,16,22,8,0
892,moderate_drift,0.5,0.9311005473136902,0.5198631882667542,102,207,4913,608,207,0,48,15,31,8,0
893,moderate_drift,0.6,0.9933463335037231,0.6462334394454956,73,220,4966,592,220,0,32,15,18,8,0
894,moderate_drift,0.8,0.8917872905731201,0.5985952615737915,100,204,4590,616,204,0,32,48,12,8,0
895,moderate_drift,0.7,0.9455255270004272,0.6101356744766235,68,201,4757,541,201,0,16,32,12,8,0
896,moderate_drift,1.0,1.0204813480377197,0.49704402685165405,108,201,4251,419,201,0,32,32,36,8,0
897,moderate_drift,0.9,1.0687121152877808,0.6812431812286377,56,201,3969,431,201,0,16,14,18,8,0
898,moderate_drift,0.8,0.9191445708274841,0.47024333477020264,118,200,3973,427,200,0,48,16,46,8,0
899,moderate_drift,0.6,1.0689771175384521,0.6451976299285889,86,211,4897,654,211,0,16,16,46,8,0
900,moderate_drift,0.5,0.8804646134376526,0.5297107696533203,101,230,5158,585,230,0,16,63,14,8,0
901,moderate_drift,0.3,1.015700101852417,0.696602463722229,94,233,5031,559,233,0,48,16,22,8,0
902,moderate_drift,0.5,0.9632588028907776,0.6021072864532471,100,226,5012,621,226,0,16,64,12,8,0
903,moderate_drift,0.9,0.9344382882118225,0.5643556118011475,76,202,3452,388,202,0,16,16,36,8,0
904,moderate_drift,1.0,0.8819990158081055,0.4294703006744385,86,201,3545,358,201,0,13,32,33,8,0
905,moderate_drift,0.9,0.934472918510437,0.4597776532173157,124,200,4575,501,200,0,32,48,36,8,0
906,moderate_drift,0.6,0.9153319597244263,0.576542317867279,61,207,4446,564,207,0,16,29,8,8,0
907,moderate_drift,1.0,1.0123556852340698,0.6598629951477051,86,207,3968,454,207,0,32,29,17,8,0
908,moderate_drift,1.0,0.8560214638710022,0.6586132049560547,59,209,3248,392,209,0,30,13,8,8,0
909,moderate_drift,0.9,1.063231110572815,0.48378950357437134,147,201,4060,541,201,0,48,46,45,8,0
910,moderate_drift,0.9,0.9598133563995361,0.5053589344024658,171,202,4316,452,202,0,16,78,69,8,0
911,moderate_drift,1.0,0.7527847290039062,0.6545081734657288,83,202,4542,600,202,0,16,47,12,8,0
912,moderate_drift,0.7,0.8711400032043457,0.633578360080719,110,201,4387,515,201,0,64,16,22,8,0
913,moderate_drift,1.0,0.8613866567611694,0.6847012042999268,68,215,2459,442,215,0,32,16,12,8,0
914,moderate_drift,0.9,1.1095234155654907,0.6419080495834351,94,215,3515,611,215,0,47,16,23,8,0
915,moderate_drift,0.9,1.0180068016052246,0.6050499677658081,89,201,3815,426,201,0,16,32,33,8,0
916,moderate_drift,0.9,0.9158433675765991,0.5854071378707886,119,202,4548,503,202,0,64,16,31,8,0
917,moderate_drift,0.5,0.8649294972419739,0.6301314830780029,78,204,4617,506,204,0,16,32,22,8,0
918,moderate_drift,0.5,0.9998592734336853,0.6536896228790283,99,211,4584,598,211,0,47,32,12,8,0
919,moderate_drift,0.5,0.8231210708618164,0.5428993701934814,133,202,4710,550,202,0,79,16,30,8,0
920,moderate_drift,1.0,0.8842126131057739,0.5835037231445312,100,204,3913,516,204,0,48,32,12,8,0
921,moderate_drift,0.9,1.1041557788848877,0.5071889758110046,107,200,4315,437,200,0,16,30,53,8,0
922,moderate_drift,0.6,0.9433749318122864,0.590739369392395,78,207,4927,617,207,0,16,48,6,8,0
923,moderate_drift,1.0,0.9924704432487488,0.4950610399246216,168,202,3394,343,202,0,48,78,34,8,0
924,moderate_drift,1.0,0.6930229663848877,0.5098989009857178,79,200,2714,321,200,0,40,25,10,4,0
925,moderate_drift,1.0,0.9064798951148987,0.5100300312042236,151,200,3192,344,200,0,46,74,23,8,0
926,moderate_drift,0.7,1.142091989517212,0.5763134360313416,122,205,4348,454,205,0,32,60,22,8,0
927,moderate_drift,0.6,0.8970338106155396,0.6479748487472534,95,202,4278,437,202,0,16,48,23,8,0
928,moderate_drift,1.0,1.0982600450515747,0.5900708436965942,104,202,4064,525,202,0,32,32,32,8,0
929,moderate_drift,0.7,0.9697781205177307,0.5745300054550171,132,202,4481,596,202,0,48,64,12,8,0
930,moderate_drift,0.4,0.8948007225990295,0.6863592267036438,76,205,4605,659,205,0,16,44,8,8,0
931,moderate_drift,0.6,0.8652985692024231,0.5321414470672607,100,221,4836,514,221,0,28,41,23,8,0
932,moderate_drift,1.0,0.9417125582695007,0.6657302975654602,61,206,3845,387,206,0,15,32,6,8,0
933,moderate_drift,1.0,1.1074848175048828,0.42452114820480347,93,200,2323,247,200,0,31,48,6,8,0
934,moderate_drift,0.3,0.9886055588722229,0.6579490303993225,84,209,4718,653,209,0,16,48,12,8,0
935,moderate_drift,1.0,0.802489161491394,0.4958034157752991,100,206,3128,406,206,0,32,48,12,8,0
936,moderate_drift,0.5,0.9783209562301636,0.5957878828048706,141,202,4586,612,202,0,64,32,37,8,0
937,moderate_drift,0.6,1.094061255455017,0.5690062642097473,104,202,4522,526,202,0,48,16,32,8,0
938,moderate_drift,1.0,0.9618664979934692,0.5843263864517212,121,202,3637,439,202,0,16,47,50,8,0
939,moderate_drift,0.7,0.9515855312347412,0.7456145286560059,94,206,3910,485,206,0,16,32,38,8,0
940,moderate_drift,0.7,0.9426668882369995,0.5151211023330688,88,206,4697,547,206,0,32,30,18,8,0
941,moderate_drift,1.0,1.0030088424682617,0.6318458318710327,69,204,4185,555,204,0,32,16,13,8,0
942,moderate_drift,0.8,0.8755788803100586,0.48242998123168945,94,200,4437,418,200,0,32,48,6,8,0
943,moderate_drift,0.7,0.9837517142295837,0.5898727178573608,67,201,4318,480,201,0,16,31,12,8,0
944,moderate_drift,1.0,0.9200140833854675,0.5045215487480164,116,202,4047,454,202,0,48,32,28,8,0
945,moderate_drift,1.0,1.0225776433944702,0.6560108661651611,105,204,3043,372,204,0,32,16,49,8,0
946,moderate_drift,1.0,0.9526488780975342,0.5211001634597778,78,200,2892,299,200,0,16,32,22,8,0
947,moderate_drift,0.4,0.937232255935669,0.5416358709335327,82,202,4736,565,202,0,16,40,18,8,0
948,moderate_drift,0.8,0.9339041709899902,0.5301792621612549,126,200,4783,596,200,0,80,16,22,8,0
949,moderate_drift,0.8,1.021768569946289,0.5525771975517273,122,205,4459,531,205,0,45,47,22,8,0
950,moderate_drift,1.0,0.9508656859397888,0.4873535633087158,86,204,4066,529,204,0,16,32,30,8,0
951,moderate_drift,0.9,1.1105868816375732,0.5804092884063721,99,208,3648,425,208,0,48,31,12,8,0
952,moderate_drift,0.9,0.9118548035621643,0.5665887594223022,118,204,3222,402,204,0,48,16,46,8,0
953,moderate_drift,0.4,1.0153497457504272,0.5739412903785706,81,201,4342,526,201,0,32,13,28,8,0
954,moderate_drift,0.2,1.0011779069900513,0.5982083082199097,71,200,4181,464,200,0,16,29,18,8,0
955,moderate_drift,0.9,0.9404656887054443,0.4382355809211731,143,200,3566,282,200,0,64,48,23,8,0
956,moderate_drift,0.7,0.962258517742157,0.6100899577140808,148,219,4958,676,219,0,16,96,28,8,0
957,moderate_drift,0.9,0.9199838638305664,0.45878899097442627,126,200,4466,454,200,0,64,32,22,8,0
958,moderate_drift,1.0,0.8847948908805847,0.48295050859451294,88,200,3101,457,200,0,16,32,32,8,0
959,moderate_drift,0.4,0.7678978443145752,0.5052762627601624,132,205,4823,545,205,0,80,32,12,8,0
960,moderate_drift,0.9,0.9513915777206421,0.5427803993225098,107,201,4529,493,201,0,32,16,51,8,0
961,moderate_drift,0.9,0.9958909749984741,0.5883426666259766,128,200,3509,368,200,0,48,48,24,8,0
962,moderate_drift,0.8,0.8924973607063293,0.46521157026290894,129,200,4495,503,200,0,80,13,28,8,0
963,moderate_drift,0.9,0.8924674391746521,0.6178608536720276,98,205,4550,511,205,0,16,35,39,8,0
964,moderate_drift,0.5,0.9228532910346985,0.6024012565612793,112,217,5081,657,217,0,48,16,40,8,0
965,moderate_drift,0.3,1.0548056364059448,0.6451073288917542,100,254,6079,632,254,0,16,32,44,8,0
966,moderate_drift,0.9,0.8961523175239563,0.46387332677841187,100,204,4497,433,204,0,16,48,28,8,0
967,moderate_drift,0.8,0.9773125052452087,0.4890928268432617,94,200,4296,482,200,0,47,16,23,8,0
968,moderate_drift,0.4,1.0192947387695312,0.6992764472961426,82,225,4729,706,225,0,32,15,27,8,0
969,moderate_drift,0.8,1.0023014545440674,0.530657172203064,172,208,4614,588,208,0,80,61,23,8,0
970,moderate_drift,0.7,1.1161280870437622,0.6328279376029968,105,200,4391,519,200,0,30,30,37,8,0
971,moderate_drift,0.5,0.9511212110519409,0.6465106010437012,85,220,5292,726,220,0,32,8,37,8,0
972,moderate_drift,0.9,1.1103874444961548,0.5089707970619202,116,200,3284,348,200,0,64,12,32,8,0
973,moderate_drift,0.1,1.007818341255188,0.6488381624221802,88,202,4595,556,202,0,48,14,18,8,0
974,moderate_drift,0.6,0.9889822006225586,0.679450273513794,56,201,4598,550,201,0,16,14,18,8,0
975,moderate_drift,0.6,0.9273581504821777,0.6863030195236206,61,202,4640,518,202,0,16,29,8,8,0
976,moderate_drift,1.0,1.039324402809143,0.5409482717514038,110,202,3615,420,202,0,48,16,38,8,0
977,moderate_drift,0.8,0.7692430019378662,0.5885305404663086,102,203,3555,405,203,0,32,40,22,8,0
978,moderate_drift,0.6,1.1131157875061035,0.754397988319397,69,227,4493,699,227,0,15,28,18,8,0
979,moderate_drift,0.2,0.8214886784553528,0.6516764163970947,84,220,4722,636,220,0,48,16,12,8,0
980,moderate_drift,0.8,1.118567943572998,0.6232956647872925,107,205,4395,551,205,0,48,31,20,8,0
981,moderate_drift,0.6,1.0399549007415771,0.5566508769989014,68,205,4455,605,205,0,32,16,12,8,0
982,moderate_drift,0.7,0.8605408072471619,0.5335168838500977,123,223,5117,608,223,0,63,31,21,8,0
983,moderate_drift,1.0,0.8499477505683899,0.4481966495513916,119,200,2769,260,200,0,48,41,22,8,0
984,moderate_drift,0.7,0.950300931930542,0.582589864730835,108,205,4690,561,205,0,45,32,23,8,0
985,moderate_drift,0.9,1.0044257640838623,0.7065228223800659,151,205,4567,623,205,0,32,64,47,8,0
986,moderate_drift,0.4,0.9061521291732788,0.6231530904769897,84,221,5018,693,221,0,16,28,32,8,0
987,moderate_drift,1.0,0.9782321453094482,0.40375417470932007,120,200,3739,309,200,0,64,43,5,8,0
988,moderate_drift,0.1,1.0907237529754639,0.5656085014343262,97,204,4581,593,204,0,16,45,28,8,0
989,moderate_drift,0.5,1.1050341129302979,0.6807462573051453,93,207,4881,614,207,0,16,48,21,8,0
990,moderate_drift,0.9,0.9907959699630737,0.5096847414970398,77,200,4189,412,200,0,32,29,8,8,0
991,moderate_drift,0.8,1.001421332359314,0.6987683773040771,85,211,4223,568,211,0,15,40,22,8,0
992,moderate_drift,0.7,0.9387157559394836,0.5835909843444824,89,209,4570,568,209,0,48,15,18,8,0
993,moderate_drift,0.6,0.9186372756958008,0.6060479879379272,98,209,4245,609,209,0,32,16,42,8,0
994,moderate_drift,0.9,0.9007537364959717,0.5345155000686646,101,206,4487,514,206,0,16,63,14,8,0
995,moderate_drift,1.0,0.9035601615905762,0.6517006158828735,69,202,3598,410,202,0,16,31,14,8,0
996,moderate_drift,0.5,1.1416497230529785,0.5115793943405151,100,202,4736,528,202,0,48,32,12,8,0
997,moderate_drift,1.0,0.9565712809562683,0.5849812030792236,86,200,3188,336,200,0,31,29,18,8,0
998,moderate_drift,0.6,0.8780416250228882,0.6660095453262329,77,207,4773,540,207,0,16,31,22,8,0
999,moderate_drift,1.0,1.0614062547683716,0.5759886503219604,76,200,4363,418,200,0,32,28,8,8,0
1000,moderate_drift,1.0,0.9204395413398743,0.4001885652542114,87,200,2971,315,200,0,32,30,17,8,0
1001,moderate_drift,1.0,0.8864476084709167,0.333954393863678,123,200,2284,185,200,0,80,27,8,8,0
1002,moderate_drift,1.0,1.0765411853790283,0.4505550265312195,116,200,2743,268,200,0,31,44,33,8,0
1003,moderate_drift,0.7,0.8809918761253357,0.6286888122558594,99,204,4536,569,204,0,16,32,43,8,0
1004,moderate_drift,0.9,0.9182606339454651,0.40969210863113403,94,200,3782,364,200,0,16,48,22,8,0
1005,moderate_drift,1.0,0.8382110595703125,0.3872150778770447,94,203,3417,418,203,0,48,16,22,8,0
1006,moderate_drift,0.8,0.9363027811050415,0.5479364991188049,118,201,4284,541,201,0,47,46,17,8,0
1007,moderate_drift,0.8,0.9541568160057068,0.5398170351982117,111,200,3802,345,200,0,48,32,23,8,0
1008,moderate_drift,1.0,1.1523993015289307,0.5020033121109009,96,201,3996,389,201,0,32,31,25,8,0
1009,moderate_drift,0.3,0.9586271047592163,0.5929714441299438,77,212,4000,601,212,0,16,32,21,8,0
1010,moderate_drift,0.6,1.0357391834259033,0.6094181537628174,110,200,4608,548,200,0,48,32,22,8,0
1011,moderate_drift,1.0,0.9213252067565918,0.5142694711685181,93,200,3468,497,200,0,46,16,23,8,0
1012,moderate_drift,0.7,1.1012006998062134,0.6898598670959473,68,214,4782,642,214,0,16,32,12,8,0
1013,moderate_drift,0.9,0.8207440376281738,0.4895908236503601,89,200,3426,317,200,0,32,16,33,8,0
1014,moderate_drift,0.7,1.0235334634780884,0.5282132625579834,83,205,4916,514,205,0,32,31,12,8,0
1015,moderate_drift,0.8,0.9784725308418274,0.5705771446228027,82,206,4475,488,206,0,30,32,12,8,0
1016,moderate_drift,1.0,0.8867058753967285,0.6257554888725281,84,204,3801,477,204,0,16,47,13,8,0
1017,moderate_drift,1.0,0.9869382977485657,0.4959440231323242,113,200,3059,328,200,0,63,23,19,8,0
1018,moderate_drift,0.9,1.0024645328521729,0.6954970955848694,85,204,4077,430,204,0,11,45,21,8,0
1019,moderate_drift,0.9,1.073825716972351,0.4620063900947571,99,200,4073,351,200,0,48,31,12,8,0
1020,moderate_drift,0.2,1.0024986267089844,0.6301133632659912,100,210,4900,626,210,0,32,48,12,8,0
1021,moderate_drift,0.5,0.9434799551963806,0.4814463257789612,113,201,4748,523,201,0,61,15,29,8,0
1022,moderate_drift,0.6,0.8842142224311829,0.5286767482757568,111,200,3522,332,200,0,48,32,23,8,0
1023,moderate_drift,0.3,0.971520721912384,0.6953023672103882,100,217,4519,541,217,0,32,43,17,8,0
1024,moderate_drift,0.7,0.8765236735343933,0.6010432839393616,97,201,4565,562,201,0,45,32,12,8,0
1025,moderate_drift,0.7,0.9292263388633728,0.7882207632064819,55,204,3809,598,204,0,14,27,6,8,0
1026,moderate_drift,0.6,1.0041841268539429,0.6449790000915527,87,210,4971,678,210,0,16,46,17,8,0
1027,moderate_drift,0.0,0.9667559862136841,0.6730477809906006,92,204,4649,609,204,0,14,64,6,8,0
1028,moderate_drift,1.0,0.9687184691429138,0.6722115874290466,84,206,1568,322,206,0,48,16,12,8,0
1029,moderate_drift,1.0,0.9984447956085205,0.7152840495109558,71,203,3788,478,203,0,16,32,15,8,0
1030,moderate_drift,0.6,0.9231495261192322,0.6009659767150879,62,226,5139,630,226,0,16,32,6,8,0
1031,moderate_drift,0.9,0.9711618423461914,0.6267508268356323,84,202,3929,574,202,0,32,32,12,8,0
1032,moderate_drift,0.8,0.9911177754402161,0.48274821043014526,138,200,4699,494,200,0,79,13,38,8,0
1033,moderate_drift,1.0,0.9883236885070801,0.6507347226142883,84,205,4198,515,205,0,22,16,38,8,0
1034,moderate_drift,0.5,0.7014808654785156,0.5733872056007385,92,201,4466,509,201,0,48,16,24,4,0
1035,moderate_drift,1.0,0.8584364652633667,0.43982428312301636,131,201,3986,436,201,0,48,32,43,8,0
1036,moderate_drift,1.0,0.8497708439826965,0.42257022857666016,126,201,4311,418,201,0,48,48,22,8,0
1037,moderate_drift,1.0,1.1326391696929932,0.5611364841461182,95,202,2477,282,202,0,48,16,23,8,0
1038,moderate_drift,1.0,1.1394563913345337,0.3046085238456726,168,200,1603,154,200,0,48,76,36,8,0
1039,moderate_drift,0.8,0.9110485911369324,0.6327242851257324,62,205,4386,551,205,0,32,16,6,8,0
1040,moderate_drift,0.5,0.9617005586624146,0.6527939438819885,77,212,5191,623,212,0,15,48,6,8,0
1041,moderate_drift,0.6,1.0224509239196777,0.6085489392280579,84,206,4941,617,206,0,32,15,29,8,0
1042,moderate_drift,0.8,0.8074522018432617,0.4787607789039612,78,200,4446,521,200,0,16,32,22,8,0
1043,moderate_drift,0.3,0.7614408135414124,0.7017992734909058,75,202,4863,591,202,0,16,31,24,4,0
1044,moderate_drift,1.0,1.098076343536377,0.47791391611099243,116,200,3115,327,200,0,16,64,28,8,0
1045,moderate_drift,0.5,1.0315324068069458,0.5417861938476562,100,204,4733,556,204,0,16,44,32,8,0
1046,moderate_drift,0.7,0.8347232341766357,0.5093815326690674,100,201,4332,563,201,0,32,48,12,8,0
1047,moderate_drift,1.0,0.9662569761276245,0.661090612411499,84,204,3717,448,204,0,32,32,12,8,0
1048,moderate_drift,1.0,1.0927461385726929,0.5884852409362793,52,203,3081,341,203,0,13,16,15,8,0
1049,moderate_drift,1.0,0.7706422209739685,0.6193078756332397,108,211,4236,557,211,0,64,16,24,4,0
1050,moderate_drift,0.6,0.9672330617904663,0.46994131803512573,61,200,4464,599,200,0,16,29,8,8,0
1051,moderate_drift,0.4,1.0675504207611084,0.6412814855575562,69,226,5180,605,226,0,16,15,30,8,0
1052,moderate_drift,1.0,1.0023618936538696,0.5791231989860535,106,200,3740,391,200,0,58,9,31,8,0
1053,moderate_drift,0.7,1.094667911529541,0.5754165649414062,105,201,4133,460,201,0,64,15,18,8,0
1054,moderate_drift,0.7,0.9246174693107605,0.6245169639587402,72,204,4424,591,204,0,31,16,17,8,0
1055,moderate_drift,0.4,1.112692952156067,0.6059419512748718,91,208,4675,566,208,0,16,31,36,8,0
1056,moderate_drift,1.0,0.8918161988258362,0.4186067581176758,157,201,4166,351,201,0,78,48,23,8,0
1057,moderate_drift,0.8,0.8444427847862244,0.6145232915878296,93,203,3984,484,203,0,16,48,21,8,0
1058,moderate_drift,0.6,1.0905572175979614,0.5865371227264404,82,212,4876,672,212,0,15,47,12,8,0
1059,moderate_drift,0.8,0.8713017106056213,0.6493386626243591,88,207,4749,550,207,0,32,32,20,4,0
1060,moderate_drift,0.8,1.04249107837677,0.5744278430938721,109,204,4489,540,204,0,16,62,23,8,0
1061,moderate_drift,0.9,0.8345330953598022,0.5241604447364807,108,200,4192,468,200,0,63,29,8,8,0
1062,moderate_drift,1.0,0.9063814282417297,0.40102314949035645,113,200,3495,330,200,0,16,61,28,8,0
1063,moderate_drift,0.7,0.9578957557678223,0.5777840614318848,113,215,5028,637,215,0,32,30,43,8,0
1064,moderate_drift,0.8,1.102874517440796,0.517601490020752,138,206,3777,550,206,0,48,63,19,8,0
1065,moderate_drift,0.6,1.0554951429367065,0.6525697708129883,98,206,4967,568,206,0,32,15,43,8,0
1066,moderate_drift,0.5,1.0047376155853271,0.5652128458023071,93,200,4743,558,200,0,16,47,22,8,0
1067,moderate_drift,0.8,0.9651070833206177,0.6359479427337646,94,209,4459,617,209,0,32,31,23,8,0
1068,moderate_drift,0.9,0.9453483819961548,0.5746462345123291,129,202,4328,488,202,0,48,42,31,8,0
1069,moderate_drift,0.8,1.0375560522079468,0.5381224155426025,116,211,4903,668,211,0,32,64,12,8,0
1070,moderate_drift,1.0,0.9810660481452942,0.5625946521759033,58,203,3771,370,203,0,16,29,5,8,0
1071,moderate_drift,0.7,0.81624835729599,0.6560322046279907,72,202,3908,497,202,0,16,43,5,8,0
1072,moderate_drift,0.5,0.897523820400238,0.49090576171875,79,203,4853,535,203,0,32,16,23,8,0
1073,moderate_drift,1.0,0.9520900845527649,0.3849939703941345,84,200,2178,211,200,0,46,11,19,8,0
1074,moderate_drift,0.9,0.8851236701011658,0.50348961353302,94,201,3994,439,201,0,32,32,22,8,0
1075,moderate_drift,0.6,0.9031258821487427,0.6317204236984253,62,203,4881,574,203,0,16,16,22,8,0
1076,moderate_drift,0.4,0.9239041805267334,0.6326879262924194,84,203,4402,528,203,0,32,32,12,8,0
1077,moderate_drift,1.0,0.8904035687446594,0.4857904314994812,105,200,2721,320,200,0,47,31,19,8,0
1078,moderate_drift,1.0,0.9309782385826111,0.5513646602630615,74,206,4255,477,206,0,16,45,5,8,0
1079,moderate_drift,0.6,0.9430453777313232,0.6286695003509521,84,218,5034,546,218,0,32,32,12,8,0
1080,moderate_drift,0.8,0.8730775117874146,0.5598582029342651,98,202,4415,546,202,0,32,30,28,8,0
1081,moderate_drift,0.4,1.1166863441467285,0.6273174285888672,77,203,4714,541,203,0,16,32,21,8,0
1082,moderate_drift,0.8,0.9695013761520386,0.6311527490615845,88,204,4622,620,204,0,32,27,21,8,0
1083,moderate_drift,1.0,1.1254584789276123,0.4361761808395386,167,201,4063,383,201,0,64,48,47,8,0
1084,moderate_drift,1.0,1.0719211101531982,0.683969259262085,58,204,3689,401,204,0,32,13,5,8,0
1085,moderate_drift,0.6,0.7938045859336853,0.6327681541442871,68,203,4718,561,203,0,16,32,12,8,0
1086,moderate_drift,0.2,1.024263858795166,0.555782675743103,106,202,4544,554,202,0,32,29,37,8,0
1087,moderate_drift,1.0,0.9121240973472595,0.6106846332550049,115,201,4537,575,201,0,16,48,43,8,0
1088,moderate_drift,1.0,0.8650959134101868,0.297094464302063,89,200,3352,248,200,0,32,16,33,8,0
1089,moderate_drift,1.0,0.9737433195114136,0.39552396535873413,148,201,2798,234,201,0,96,16,28,8,0
1090,moderate_drift,1.0,0.9808048605918884,0.6383614540100098,109,204,3589,512,204,0,32,16,53,8,0
1091,moderate_drift,0.9,0.9096161127090454,0.5783803462982178,91,201,4130,354,201,0,40,31,12,8,0
1092,moderate_drift,0.4,1.066396951675415,0.6560131311416626,83,201,4396,526,201,0,27,16,32,8,0
1093,moderate_drift,1.0,1.058305025100708,0.4407498836517334,106,200,2278,238,200,0,48,31,19,8,0
1094,moderate_drift,0.8,0.8106768131256104,0.5059657096862793,82,200,4486,457,200,0,32,15,27,8,0
1095,moderate_drift,0.9,0.7294526100158691,0.4886220693588257,141,200,3924,373,200,0,64,48,25,4,0
1096,moderate_drift,1.0,0.9442015886306763,0.5427299737930298,52,202,4363,366,202,0,16,16,12,8,0
1097,moderate_drift,1.0,0.9485183954238892,0.3911500573158264,126,200,3212,291,200,0,32,45,41,8,0
1098,moderate_drift,1.0,0.8082263469696045,0.5155857801437378,94,200,3761,336,200,0,32,32,22,8,0
1099,moderate_drift,1.0,1.0047281980514526,0.48461592197418213,99,200,3831,412,200,0,47,16,28,8,0
1100,moderate_drift,1.0,0.7750946283340454,0.5452578067779541,82,201,3475,416,201,0,13,29,36,4,0
1101,moderate_drift,0.9,0.9705231189727783,0.5401508212089539,139,207,4459,592,207,0,30,64,37,8,0
1102,moderate_drift,1.0,0.9214677810668945,0.36536920070648193,110,200,2256,266,200,0,48,32,22,8,0
1103,moderate_drift,0.7,0.8304752707481384,0.5820099711418152,79,212,4331,584,212,0,16,32,23,8,0
1104,moderate_drift,0.9,0.8221221566200256,0.5489969849586487,130,201,4611,514,201,0,48,62,12,8,0
1105,moderate_drift,1.0,1.0618664026260376,0.5566357374191284,81,201,4208,403,201,0,32,13,28,8,0
1106,moderate_drift,0.9,0.9345709085464478,0.6951108574867249,86,222,2931,549,222,0,16,16,46,8,0
1107,moderate_drift,0.6,0.9370166659355164,0.5587888956069946,83,225,5036,720,225,0,32,31,12,8,0
1108,moderate_drift,0.9,0.9431285858154297,0.5462259650230408,108,209,4617,601,209,0,32,30,38,8,0
1109,moderate_drift,0.3,0.7438760995864868,0.6111018657684326,91,201,4276,493,201,0,32,31,24,4,0
1110,moderate_drift,0.5,0.9759995341300964,0.5916142463684082,131,220,4789,629,220,0,16,48,59,8,0
1111,moderate_drift,0.9,0.9405501484870911,0.6055241823196411,124,205,4281,585,205,0,48,32,36,8,0
1112,moderate_drift,1.0,0.9344887733459473,0.5302125215530396,77,200,3703,373,200,0,32,15,22,8,0
1113,moderate_drift,0.4,1.0091891288757324,0.625206470489502,93,222,5194,658,222,0,32,45,8,8,0
1114,moderate_drift,0.9,0.8651612997055054,0.5072661638259888,109,203,4293,488,203,0,48,30,23,8,0
1115,moderate_drift,0.8,0.9995157718658447,0.6148074865341187,97,240,4656,518,240,0,16,45,28,8,0
1116,moderate_drift,0.4,0.9703096747398376,0.6211436986923218,72,244,5647,626,244,0,16,16,32,8,0
1117,moderate_drift,0.8,0.8824965953826904,0.4920998811721802,131,203,4880,484,203,0,48,32,43,8,0
1118,moderate_drift,1.0,1.039591908454895,0.6962776780128479,84,217,3767,665,217,0,16,32,28,8,0
1119,moderate_drift,1.0,0.979081928730011,0.35344547033309937,106,200,3370,335,200,0,31,39,28,8,0
1120,moderate_drift,1.0,0.9968472123146057,0.484039306640625,87,200,2517,277,200,0,29,15,35,8,0
1121,moderate_drift,0.6,0.9401683211326599,0.6541895866394043,85,204,4678,582,204,0,16,32,29,8,0
1122,moderate_drift,1.0,0.8548291921615601,0.7264079451560974,71,204,3626,426,204,0,32,25,10,4,0
1123,moderate_drift,1.0,0.7942490577697754,0.2946324944496155,124,200,2885,285,200,0,64,29,23,8,0
1124,moderate_drift,0.8,1.038334846496582,0.48250138759613037,98,200,3376,381,200,0,57,16,17,8,0
1125,moderate_drift,0.8,1.0549315214157104,0.44743281602859497,112,201,4196,502,201,0,16,45,43,8,0
1126,moderate_drift,0.9,1.0137819051742554,0.6547614932060242,71,205,3591,408,205,0,16,42,5,8,0
1127,moderate_drift,0.5,0.8822293281555176,0.6603562235832214,107,209,4910,638,209,0,31,46,22,8,0
1128,moderate_drift,0.8,1.0871679782867432,0.6284074783325195,88,202,4084,446,202,0,47,16,17,8,0
1129,moderate_drift,0.6,0.9602888822555542,0.6841357946395874,56,205,4602,653,205,0,16,14,18,8,0
1130,moderate_drift,0.6,0.9235867261886597,0.6831461787223816,84,202,4494,506,202,0,16,46,14,8,0
1131,moderate_drift,0.6,0.9172860383987427,0.6171479821205139,125,213,4866,631,213,0,32,45,40,8,0
1132,moderate_drift,0.6,1.0793120861053467,0.5592957735061646,109,200,4119,554,200,0,48,30,23,8,0
1133,moderate_drift,0.5,0.9302194118499756,0.5760394334793091,125,225,4890,640,225,0,31,74,12,8,0
1134,moderate_drift,0.8,0.875478982925415,0.4915542006492615,116,200,4223,538,200,0,48,48,12,8,0
1135,moderate_drift,1.0,0.9440401792526245,0.4216589331626892,73,201,3361,293,201,0,32,28,5,8,0
1136,moderate_drift,0.8,1.0021802186965942,0.6631589531898499,134,215,4591,591,215,0,63,29,34,8,0
1137,moderate_drift,0.6,0.971734881401062,0.693256139755249,83,209,4798,528,209,0,13,29,33,8,0
1138,moderate_drift,1.0,1.0012967586517334,0.6133992671966553,102,203,4149,561,203,0,31,32,31,8,0
1139,moderate_drift,0.6,0.9752164483070374,0.5331095457077026,111,203,4357,518,203,0,16,64,23,8,0
1140,moderate_drift,0.7,0.8749701976776123,0.5434982776641846,92,200,4360,486,200,0,16,46,22,8,0
1141,moderate_drift,1.0,0.8347777724266052,0.31355011463165283,143,200,2960,289,200,0,96,16,23,8,0
1142,moderate_drift,0.7,0.9358425140380859,0.5580285787582397,110,212,4552,622,212,0,48,16,38,8,0
1143,moderate_drift,0.7,0.8691086769104004,0.5478094220161438,77,206,4262,544,206,0,32,29,8,8,0
1144,moderate_drift,0.8,1.057783842086792,0.6858311295509338,78,214,3148,541,214,0,13,29,28,8,0
1145,moderate_drift,0.8,0.9420635104179382,0.5816532373428345,100,202,3992,499,202,0,32,48,12,8,0
1146,moderate_drift,0.1,0.9631015062332153,0.5881173610687256,94,206,4858,595,206,0,16,16,54,8,0
1147,moderate_drift,0.7,0.9366966485977173,0.5580641031265259,84,203,4728,529,203,0,32,32,12,8,0
1148,moderate_drift,1.0,0.9739792943000793,0.31720107793807983,108,200,2236,184,200,0,48,44,8,8,0
1149,moderate_drift,1.0,1.1174325942993164,0.661004900932312,67,203,3967,503,203,0,16,31,12,8,0
1150,moderate_drift,0.4,1.0343892574310303,0.6554465293884277,75,204,4375,510,204,0,32,27,8,8,0
1151,moderate_drift,0.5,0.8149999976158142,0.5090853571891785,119,215,5012,563,215,0,64,16,31,8,0
1152,moderate_drift,0.8,1.117788553237915,0.6048170328140259,104,205,4372,553,205,0,32,31,33,8,0
1153,moderate_drift,1.0,0.9453545808792114,0.565979540348053,113,201,3947,388,201,0,32,29,44,8,0
1154,moderate_drift,0.6,0.8830864429473877,0.6003344655036926,68,226,4985,578,226,0,16,32,12,8,0
1155,moderate_drift,1.0,0.9969490766525269,0.5433234572410583,86,201,3605,420,201,0,16,16,46,8,0
1156,moderate_drift,1.0,1.0440682172775269,0.6256898045539856,45,202,3813,465,202,0,16,13,8,8,0
1157,moderate_drift,0.8,0.9570665955543518,0.563957929611206,101,200,4223,502,200,0,47,41,5,8,0
1158,moderate_drift,0.8,0.8470868468284607,0.5689319968223572,93,201,4547,492,201,0,64,13,8,8,0
1159,moderate_drift,0.8,1.0042381286621094,0.5867419242858887,80,203,4775,565,203,0,16,32,24,8,0
1160,moderate_drift,0.3,0.895378589630127,0.7148270606994629,78,207,4483,680,207,0,16,25,33,4,0
1161,moderate_drift,1.0,0.9389664530754089,0.4059538245201111,78,200,3853,391,200,0,16,32,22,8,0
1162,moderate_drift,0.8,0.8488976955413818,0.5573382377624512,93,202,4416,524,202,0,16,63,6,8,0
1163,moderate_drift,0.6,0.9605023860931396,0.6299155950546265,78,207,4717,625,207,0,16,48,6,8,0
1164,moderate_drift,0.9,1.0005921125411987,0.6730963587760925,87,206,3986,550,206,0,16,32,31,8,0
1165,moderate_drift,0.4,1.1039867401123047,0.6293743848800659,84,202,4684,579,202,0,32,32,12,8,0
1166,moderate_drift,0.7,0.8928163051605225,0.5473241806030273,94,222,5399,539,222,0,16,48,22,8,0
1167,moderate_drift,1.0,0.957135021686554,0.5318622589111328,111,200,2827,289,200,0,32,31,40,8,0
1168,moderate_drift,0.8,0.8699225783348083,0.3941236138343811,129,200,4271,352,200,0,64,16,41,8,0
1169,moderate_drift,0.5,0.9372939467430115,0.5860608220100403,78,203,4882,630,203,0,16,48,6,8,0
1170,moderate_drift,0.3,0.8649986982345581,0.6280220150947571,84,203,4547,578,203,0,32,32,12,8,0
1171,moderate_drift,1.0,0.8920606970787048,0.4574834108352661,88,200,1665,238,200,0,14,61,5,8,0
1172,moderate_drift,0.4,1.1093670129776,0.6595718264579773,52,217,4321,671,217,0,16,16,12,8,0
1173,moderate_drift,0.8,1.1284949779510498,0.5988430380821228,128,200,4036,480,200,0,48,60,12,8,0
1174,moderate_drift,1.0,1.0564956665039062,0.48958587646484375,87,200,4103,469,200,0,32,32,15,8,0
1175,moderate_drift,1.0,0.8844811916351318,0.5494242906570435,162,201,3967,433,201,0,61,88,5,8,0
1176,moderate_drift,0.7,1.0001641511917114,0.6121801137924194,95,203,4776,587,203,0,16,48,23,8,0
1177,moderate_drift,0.8,0.916096568107605,0.5047576427459717,116,200,3960,414,200,0,48,48,12,8,0
1178,moderate_drift,1.0,0.8844321966171265,0.4954456686973572,93,200,4114,478,200,0,31,32,22,8,0
1179,moderate_drift,0.9,0.8707042932510376,0.46768999099731445,128,200,3893,348,200,0,62,32,26,8,0
1180,moderate_drift,0.4,0.9662298560142517,0.8067785501480103,55,205,4423,577,205,0,16,14,17,8,0
1181,moderate_drift,0.7,0.9584196209907532,0.5072228908538818,108,201,4235,490,201,0,31,48,21,8,0
1182,moderate_drift,0.4,0.9911675453186035,0.6472293734550476,87,204,4434,542,204,0,16,29,34,8,0
1183,moderate_drift,0.9,1.178257703781128,0.5773354768753052,91,206,4601,578,206,0,32,32,19,8,0
1184,moderate_drift,0.8,1.0823407173156738,0.5407886505126953,94,207,5032,663,207,0,47,16,23,8,0
1185,moderate_drift,0.6,0.9974501132965088,0.6156508922576904,83,211,4832,543,211,0,15,48,12,8,0
1186,moderate_drift,1.0,0.8967751860618591,0.2707502841949463,113,200,3179,286,200,0,48,16,41,8,0
1187,moderate_drift,0.9,0.9523265957832336,0.47842293977737427,154,207,4426,518,207,0,64,43,39,8,0
1188,moderate_drift,1.0,0.9153081178665161,0.4384329915046692,113,200,2668,273,200,0,32,15,58,8,0
1189,moderate_drift,0.7,1.0837956666946411,0.7688506841659546,66,217,4629,657,217,0,16,16,26,8,0
1190,moderate_drift,0.9,0.9831546545028687,0.5007445812225342,120,201,4383,484,201,0,32,48,32,8,0
1191,moderate_drift,0.8,1.0263640880584717,0.4924982786178589,126,200,4142,477,200,0,63,32,23,8,0
1192,moderate_drift,0.8,0.9419748783111572,0.5683897733688354,84,200,4464,507,200,0,32,32,12,8,0
1193,moderate_drift,1.0,0.938180148601532,0.47460222244262695,79,201,3861,386,201,0,32,16,23,8,0
1194,moderate_drift,0.8,0.9728648662567139,0.5801459550857544,85,203,4322,474,203,0,13,32,32,8,0
1195,moderate_drift,0.6,0.8226191997528076,0.5935195684432983,59,202,4461,526,202,0,16,16,19,8,0
1196,moderate_drift,0.8,1.0166319608688354,0.5111517310142517,101,203,4669,454,203,0,32,47,14,8,0
1197,moderate_drift,0.4,1.0501837730407715,0.570476770401001,61,203,4656,529,203,0,16,29,8,8,0
1198,moderate_drift,1.0,1.0189073085784912,0.319355845451355,139,200,3131,242,200,0,80,23,28,8,0
1199,moderate_drift,0.9,1.1291297674179077,0.7205320000648499,53,205,4335,576,205,0,16,15,14,8,0
1200,moderate_drift,0.7,1.0876935720443726,0.599563717842102,76,204,4157,473,204,0,30,16,22,8,0
1201,moderate_drift,0.5,0.9731383323669434,0.6650400161743164,62,227,5133,609,227,0,32,16,6,8,0
1202,moderate_drift,1.0,0.7501615285873413,0.4937402606010437,154,202,3576,371,202,0,30,79,37,8,0
1203,moderate_drift,1.0,0.9142435193061829,0.579319953918457,92,201,3749,395,201,0,47,15,22,8,0
1204,moderate_drift,1.0,0.8890794515609741,0.4943431615829468,110,205,3938,490,205,0,32,47,23,8,0
1205,moderate_drift,0.9,0.9089553356170654,0.5831784009933472,68,204,4571,646,204,0,16,32,12,8,0
1206,moderate_drift,0.5,0.972588837146759,0.5928260087966919,119,214,4710,593,214,0,16,48,47,8,0
1207,moderate_drift,0.6,0.8846423625946045,0.6914218664169312,80,203,3681,439,203,0,16,16,40,8,0
1208,moderate_drift,0.4,0.8700006604194641,0.6993707418441772,73,203,4353,568,203,0,13,32,24,4,0
1209,moderate_drift,0.6,1.0620638132095337,0.6401082277297974,77,203,4303,551,203,0,30,16,23,8,0
1210,moderate_drift,0.8,0.904917299747467,0.5921552777290344,108,205,3782,546,205,0,32,45,23,8,0
1211,moderate_drift,0.3,1.0253429412841797,0.5291842222213745,93,200,4459,492,200,0,48,15,22,8,0
1212,moderate_drift,1.0,1.0469638109207153,0.6443051695823669,109,209,3642,537,209,0,16,62,23,8,0
1213,moderate_drift,1.0,1.0265668630599976,0.5658987164497375,61,205,3618,438,205,0,32,13,8,8,0
1214,moderate_drift,0.6,1.0728248357772827,0.521472692489624,126,200,4343,504,200,0,32,46,40,8,0
1215,moderate_drift,1.0,0.9536592364311218,0.5582034587860107,73,201,2957,299,201,0,16,15,34,8,0
1216,moderate_drift,1.0,0.8256548047065735,0.5180051326751709,171,211,4404,542,211,0,32,95,36,8,0
1217,moderate_drift,1.0,0.899003803730011,0.3082137703895569,110,200,3777,287,200,0,48,32,22,8,0
1218,moderate_drift,0.7,0.8389135003089905,0.6687031984329224,61,219,3649,593,219,0,31,16,6,8,0
1219,moderate_drift,1.0,1.026360034942627,0.4520212411880493,142,200,2878,222,200,0,80,16,38,8,0
1220,moderate_drift,0.7,0.8072746992111206,0.5974158644676208,75,204,4112,543,204,0,31,16,24,4,0
1221,moderate_drift,0.6,0.9499090313911438,0.5537846088409424,82,217,5082,556,217,0,31,31,12,8,0
1222,moderate_drift,0.9,1.0850944519042969,0.4598039388656616,118,200,3141,342,200,0,31,62,17,8,0
1223,moderate_drift,0.9,0.9757863283157349,0.5094927549362183,116,201,4766,513,201,0,32,47,29,8,0
1224,moderate_drift,0.9,0.9088732004165649,0.7476760149002075,78,224,4550,649,224,0,16,16,38,8,0
1225,moderate_drift,0.9,1.020012617111206,0.5129779577255249,94,201,3985,502,201,0,47,16,23,8,0
1226,moderate_drift,0.9,0.9540561437606812,0.6186160445213318,100,207,4597,539,207,0,32,48,12,8,0
1227,moderate_drift,0.8,0.9486003518104553,0.5011594295501709,78,203,4744,496,203,0,16,48,6,8,0
1228,moderate_drift,0.9,0.8561325669288635,0.43776625394821167,111,200,3213,363,200,0,32,48,23,8,0
1229,moderate_drift,0.5,0.9169531464576721,0.6441068053245544,72,232,5208,621,232,0,16,16,32,8,0
1230,moderate_drift,1.0,1.0028266906738281,0.5203129053115845,72,201,3583,389,201,0,31,16,17,8,0
1231,moderate_drift,0.2,0.9612261056900024,0.6901723742485046,88,219,5025,633,219,0,32,42,6,8,0
1232,moderate_drift,0.2,0.9671200513839722,0.6868021488189697,82,261,5723,635,261,0,30,32,12,8,0
1233,moderate_drift,0.3,0.854843258857727,0.5599004030227661,73,200,4841,575,200,0,16,16,33,8,0
1234,moderate_drift,0.7,0.92583167552948,0.6765928864479065,62,205,4610,620,205,0,16,32,6,8,0
1235,moderate_drift,1.0,1.020534873008728,0.5199611783027649,68,202,2095,252,202,0,16,32,12,8,0
1236,moderate_drift,0.7,1.0409373044967651,0.62516188621521,107,206,4601,585,206,0,16,61,22,8,0
1237,moderate_drift,0.6,0.9359541535377502,0.6654549241065979,82,208,3956,514,208,0,32,13,29,8,0
1238,moderate_drift,1.0,0.9807242155075073,0.5479638576507568,58,202,4330,535,202,0,16,29,5,8,0
1239,moderate_drift,0.5,0.9076237082481384,0.6612014770507812,123,213,4854,662,213,0,62,32,25,4,0
1240,moderate_drift,0.9,0.8604960441589355,0.5032988786697388,93,201,4454,509,201,0,30,32,23,8,0
1241,moderate_drift,0.6,0.8699483275413513,0.5690827369689941,94,206,4656,584,206,0,48,32,6,8,0
1242,moderate_drift,0.8,0.8465178608894348,0.5587361454963684,79,202,4491,481,202,0,16,32,23,8,0
1243,moderate_drift,0.8,0.8835984468460083,0.6450623273849487,133,207,4018,521,207,0,92,27,6,8,0
1244,moderate_drift,0.9,1.132860779762268,0.6232790946960449,105,200,3737,423,200,0,63,29,5,8,0
1245,moderate_drift,0.6,0.8628481030464172,0.5559088587760925,78,211,4646,600,211,0,16,32,22,8,0
1246,moderate_drift,1.0,1.01175856590271,0.39016133546829224,134,200,2611,266,200,0,63,41,22,8,0
1247,moderate_drift,1.0,1.1215107440948486,0.6079325079917908,95,201,3631,356,201,0,16,48,23,8,0
1248,moderate_drift,0.7,1.0307533740997314,0.6730639934539795,72,215,5237,593,215,0,16,16,32,8,0
1249,moderate_drift,0.7,0.9858983159065247,0.6374597549438477,81,203,4409,514,203,0,16,16,41,8,0
1250,moderate_drift,1.0,1.0515217781066895,0.6655014753341675,69,204,4131,574,204,0,16,31,14,8,0
1251,moderate_drift,0.9,0.9317554831504822,0.6292970180511475,93,209,3781,563,209,0,48,29,8,8,0
1252,moderate_drift,0.4,0.9908022880554199,0.5756112337112427,108,256,5926,724,256,0,48,16,36,8,0
1253,moderate_drift,0.6,0.9176469445228577,0.6117767095565796,94,203,4575,523,203,0,16,48,22,8,0
1254,moderate_drift,0.7,1.0496116876602173,0.5894761085510254,84,203,4253,474,203,0,48,16,12,8,0
1255,moderate_drift,0.8,0.9766979217529297,0.6309561729431152,77,203,4611,565,203,0,16,32,21,8,0
1256,moderate_drift,1.0,0.8760188817977905,0.6112114787101746,94,205,4450,589,205,0,48,16,22,8,0
1257,moderate_drift,0.8,1.0593799352645874,0.6572867631912231,109,201,4135,490,201,0,48,27,26,8,0
1258,moderate_drift,0.5,0.9839389324188232,0.5200662612915039,99,201,4404,477,201,0,47,32,12,8,0
1259,moderate_drift,0.5,0.9324550628662109,0.4874008297920227,141,202,4604,503,202,0,96,16,21,8,0
1260,moderate_drift,1.0,0.9440019726753235,0.5600646734237671,108,203,2798,339,203,0,16,58,26,8,0
1261,moderate_drift,0.5,0.9926154017448425,0.6466193199157715,72,203,4666,600,203,0,13,16,35,8,0
1262,moderate_drift,0.7,1.0701383352279663,0.5892469882965088,116,201,4599,518,201,0,48,32,28,8,0
1263,moderate_drift,1.0,1.013108491897583,0.5462414026260376,99,201,4122,377,201,0,16,47,28,8,0
1264,moderate_drift,0.5,0.9416415691375732,0.6704928874969482,69,207,4756,699,207,0,16,13,32,8,0
1265,moderate_drift,0.5,0.8276268839836121,0.5045303106307983,95,200,4512,545,200,0,16,48,23,8,0
1266,moderate_drift,1.0,1.1752777099609375,0.5477646589279175,84,201,3993,404,201,0,32,32,12,8,0
1267,moderate_drift,0.5,0.8032881021499634,0.5157377123832703,94,202,4933,559,202,0,47,16,23,8,0
1268,moderate_drift,1.0,1.026892900466919,0.7110083103179932,71,205,4409,566,205,0,28,16,19,8,0
1269,moderate_drift,0.6,0.9188134074211121,0.5477296710014343,81,233,5124,689,233,0,16,16,41,8,0
1270,moderate_drift,1.0,1.0662391185760498,0.6003100872039795,133,201,4152,436,201,0,16,96,13,8,0
1271,moderate_drift,0.5,1.0534162521362305,0.4965885877609253,98,202,5028,536,202,0,46,32,12,8,0
1272,moderate_drift,0.9,0.9631948471069336,0.5670602917671204,105,206,4468,585,206,0,48,26,23,8,0
1273,moderate_drift,0.6,1.0386005640029907,0.6356019973754883,89,205,4700,590,205,0,32,31,18,8,0
1274,moderate_drift,0.5,0.90842205286026,0.6008373498916626,84,200,3924,467,200,0,16,32,28,8,0
1275,moderate_drift,0.5,1.0962120294570923,0.6158006191253662,88,209,4775,683,209,0,15,28,37,8,0
1276,moderate_drift,0.7,0.9733902812004089,0.6676188707351685,53,201,4088,416,201,0,15,11,19,8,0
1277,moderate_drift,0.6,0.9908601641654968,0.5437376499176025,114,206,4769,628,206,0,32,46,28,8,0
1278,moderate_drift,0.5,0.8937795758247375,0.5664252638816833,73,201,4352,584,201,0,16,31,18,8,0
1279,moderate_drift,0.6,0.8935592174530029,0.6111539602279663,62,211,5155,620,211,0,16,14,24,8,0
1280,moderate_drift,1.0,0.9691122174263,0.5529748201370239,124,200,3588,330,200,0,48,47,21,8,0
1281,moderate_drift,1.0,0.9174203276634216,0.5216870307922363,109,201,4118,376,201,0,48,16,37,8,0
1282,moderate_drift,0.4,0.9481325745582581,0.5615575313568115,117,210,4764,604,210,0,64,31,14,8,0
1283,moderate_drift,1.0,0.8256107568740845,0.5357789397239685,83,201,3734,396,201,0,32,16,27,8,0
1284,moderate_drift,1.0,1.0066591501235962,0.6740302443504333,86,235,4649,692,235,0,16,45,17,8,0
1285,moderate_drift,0.6,0.9428515434265137,0.5447568893432617,95,200,4781,494,200,0,46,13,28,8,0
1286,moderate_drift,0.6,0.9133285880088806,0.6379732489585876,95,234,5237,636,234,0,16,31,40,8,0
1287,moderate_drift,1.0,0.9327677488327026,0.509381115436554,121,200,3156,371,200,0,64,16,33,8,0
1288,moderate_drift,0.3,0.9587690830230713,0.7118613719940186,71,205,4372,595,205,0,16,32,15,8,0
1289,moderate_drift,0.9,0.913140594959259,0.5437344312667847,147,205,4607,540,205,0,48,32,59,8,0
1290,moderate_drift,0.9,1.0071030855178833,0.653255820274353,85,200,3670,436,200,0,32,13,32,8,0
1291,moderate_drift,0.8,0.9087362885475159,0.5795220136642456,62,200,4350,545,200,0,16,32,6,8,0
1292,moderate_drift,0.7,1.0612608194351196,0.7025814056396484,71,212,4516,604,212,0,15,30,18,8,0
1293,moderate_drift,0.5,0.9799595475196838,0.5953657031059265,99,201,4373,560,201,0,32,47,12,8,0
1294,moderate_drift,0.6,1.029818058013916,0.5525913834571838,89,200,4087,521,200,0,15,47,19,8,0
1295,moderate_drift,0.4,1.1361076831817627,0.6434687972068787,119,213,4685,598,213,0,64,42,5,8,0
1296,moderate_drift,1.0,0.9960280060768127,0.5335777997970581,100,203,4102,547,203,0,16,48,28,8,0
1297,moderate_drift,0.3,0.9091094136238098,0.6789920330047607,89,217,4334,610,217,0,43,8,34,4,0
1298,moderate_drift,1.0,1.109012246131897,0.25835728645324707,161,201,3396,386,201,0,109,32,12,8,0
1299,moderate_drift,0.9,0.8016043305397034,0.5459332466125488,67,215,4652,642,215,0,16,31,12,8,0
1300,moderate_drift,0.7,0.9573200941085815,0.6542246341705322,93,223,4638,700,223,0,32,32,21,8,0
1301,moderate_drift,1.0,1.0268642902374268,0.6737205982208252,53,202,4027,423,202,0,16,15,14,8,0
1302,moderate_drift,1.0,0.9364482760429382,0.726744532585144,87,204,3014,344,204,0,16,32,35,4,0
1303,moderate_drift,0.0,0.9917199015617371,0.6911263465881348,118,207,4639,581,207,0,31,71,8,8,0
1304,moderate_drift,0.7,0.9571816325187683,0.6092896461486816,93,206,4028,584,206,0,46,16,23,8,0
1305,moderate_drift,0.5,0.9716034531593323,0.7300944328308105,81,211,4653,609,211,0,16,32,25,8,0
1306,moderate_drift,0.5,0.9075644016265869,0.5977548360824585,85,200,4569,579,200,0,16,48,13,8,0
1307,moderate_drift,1.0,0.9344404935836792,0.488675594329834,94,203,4224,478,203,0,32,32,22,8,0
1308,moderate_drift,0.9,1.078901767730713,0.6790812015533447,75,209,4802,633,209,0,16,32,19,8,0
1309,moderate_drift,0.8,0.9188134074211121,0.5868779420852661,101,210,4316,515,210,0,16,46,31,8,0
1310,moderate_drift,0.9,1.0370928049087524,0.5773943662643433,114,202,4134,455,202,0,32,62,12,8,0
1311,moderate_drift,0.9,0.9150654673576355,0.6161356568336487,117,201,4713,550,201,0,48,43,18,8,0
1312,moderate_drift,0.9,1.0562529563903809,0.6437220573425293,68,229,4626,535,229,0,16,32,12,8,0
1313,moderate_drift,0.9,1.0218123197555542,0.6007283926010132,101,201,4521,511,201,0,32,32,29,8,0
1314,moderate_drift,0.9,0.9982957243919373,0.5234885215759277,88,201,4422,523,201,0,47,16,17,8,0
1315,moderate_drift,1.0,0.9820395112037659,0.6907704472541809,121,207,4284,598,207,0,15,90,8,8,0
1316,moderate_drift,0.9,0.9572992324829102,0.5678417682647705,78,201,4035,486,201,0,31,16,23,8,0
1317,moderate_drift,0.8,0.9805997014045715,0.5964109897613525,93,212,4545,638,212,0,16,47,22,8,0
1318,moderate_drift,1.0,0.9863746166229248,0.5334385633468628,89,216,4440,655,216,0,32,32,17,8,0
1319,moderate_drift,0.5,1.134483814239502,0.5423550605773926,96,200,3910,506,200,0,31,14,43,8,0
1320,moderate_drift,0.9,0.8245570659637451,0.5302592515945435,78,202,4363,508,202,0,16,16,38,8,0
1321,moderate_drift,1.0,1.0681748390197754,0.5496572256088257,84,202,1919,279,202,0,16,32,28,8,0
1322,moderate_drift,0.5,0.8348437547683716,0.5253496170043945,78,211,4803,622,211,0,16,32,22,8,0
1323,moderate_drift,0.8,0.9481638669967651,0.55077064037323,93,202,4821,655,202,0,32,45,8,8,0
1324,moderate_drift,0.9,0.986464262008667,0.8095149993896484,75,223,3972,753,223,0,16,45,6,8,0
1325,moderate_drift,0.6,0.8661952018737793,0.7400821447372437,81,203,4669,617,203,0,30,13,30,8,0
1326,moderate_drift,1.0,0.9715238809585571,0.6484581232070923,79,203,3200,470,203,0,31,16,24,8,0
1327,moderate_drift,0.6,1.1328840255737305,0.6730007529258728,68,211,4060,684,211,0,16,32,12,8,0
1328,moderate_drift,1.0,0.9627488255500793,0.4236375689506531,139,200,2418,212,200,0,64,28,39,8,0
1329,moderate_drift,0.9,0.9119065999984741,0.5534273386001587,127,216,4106,653,216,0,64,32,23,8,0
1330,moderate_drift,0.5,0.9164324998855591,0.6076061725616455,68,203,4664,612,203,0,16,32,12,8,0
1331,moderate_drift,0.7,0.9591960310935974,0.5902301073074341,99,200,4232,510,200,0,32,47,12,8,0
1332,moderate_drift,0.8,0.9348095059394836,0.5844839811325073,62,203,4360,492,203,0,16,32,6,8,0
1333,moderate_drift,0.2,1.0251517295837402,0.6197863817214966,77,210,4813,668,210,0,48,13,8,8,0
1334,moderate_drift,1.0,0.9965043663978577,0.6730189323425293,79,206,4037,438,206,0,16,32,23,8,0
1335,moderate_drift,0.7,0.9746080636978149,0.5632216334342957,85,201,4369,559,201,0,32,31,14,8,0
1336,moderate_drift,1.0,1.089003086090088,0.716977596282959,81,215,2446,582,215,0,15,16,42,8,0
1337,moderate_drift,0.6,0.9127258062362671,0.6254216432571411,114,223,5188,564,223,0,32,32,42,8,0
1338,moderate_drift,0.7,0.9002407789230347,0.6782336831092834,86,215,4636,560,215,0,30,30,18,8,0
1339,moderate_drift,0.8,0.9294241070747375,0.5620137453079224,78,208,4624,625,208,0,16,48,6,8,0
1340,moderate_drift,0.8,0.870250940322876,0.5799027681350708,101,201,4229,429,201,0,48,15,30,8,0
1341,moderate_drift,0.5,0.9788209795951843,0.5899247527122498,93,204,4808,612,204,0,16,47,22,8,0
1342,moderate_drift,0.6,1.0271025896072388,0.6658474206924438,60,211,4710,620,211,0,16,28,8,8,0
1343,moderate_drift,1.0,0.8614537715911865,0.5299066305160522,78,200,3520,355,200,0,16,32,22,8,0
1344,moderate_drift,0.8,0.8906921744346619,0.520637035369873,94,201,4368,463,201,0,32,32,22,8,0
1345,moderate_drift,0.9,0.9885451197624207,0.6304011344909668,96,201,3598,479,201,0,32,31,25,8,0
1346,moderate_drift,0.8,0.9644143581390381,0.6053962707519531,98,207,5041,622,207,0,16,69,5,8,0
1347,moderate_drift,1.0,0.9590717554092407,0.5729641914367676,79,201,3797,491,201,0,32,16,23,8,0
1348,moderate_drift,0.9,0.9094469547271729,0.4673087000846863,150,202,4195,400,202,0,32,79,31,8,0
1349,moderate_drift,1.0,0.9128460884094238,0.44323402643203735,83,200,1661,264,200,0,42,15,18,8,0
1350,moderate_drift,1.0,0.8840029239654541,0.6593966484069824,65,201,3634,349,201,0,30,13,18,4,0
1351,moderate_drift,0.8,0.8607853055000305,0.6078310012817383,100,209,4388,605,209,0,32,32,28,8,0
1352,moderate_drift,0.5,0.9735302329063416,0.6325187087059021,62,205,4509,646,205,0,16,32,6,8,0
1353,moderate_drift,0.6,0.757499098777771,0.5840840935707092,84,226,5277,602,226,0,32,32,12,8,0
1354,moderate_drift,0.8,0.9038747549057007,0.5589988827705383,84,200,4746,553,200,0,16,48,12,8,0
1355,moderate_drift,0.6,0.9503921270370483,0.5585305690765381,107,208,4663,631,208,0,32,46,21,8,0
1356,moderate_drift,0.3,0.9024577140808105,0.7638846635818481,92,210,4695,619,210,0,32,31,21,8,0
1357,moderate_drift,0.8,0.8683762550354004,0.5475029945373535,78,202,4063,525,202,0,16,32,22,8,0
1358,moderate_drift,1.0,1.0033080577850342,0.7272433042526245,61,222,3770,636,222,0,16,16,21,8,0
1359,moderate_drift,0.8,0.8830270767211914,0.4483368992805481,109,201,4160,407,201,0,64,29,8,8,0
1360,moderate_drift,1.0,0.9675139784812927,0.6088471412658691,95,206,3852,460,206,0,32,32,23,8,0
1361,moderate_drift,0.6,1.0457804203033447,0.5302028656005859,77,202,4452,515,202,0,16,32,21,8,0
1362,moderate_drift,1.0,1.0337293148040771,0.7108291983604431,74,207,4699,585,207,0,16,31,19,8,0
1363,moderate_drift,0.9,1.0319870710372925,0.6139950156211853,94,201,4095,398,201,0,16,48,22,8,0
1364,moderate_drift,0.7,1.0463426113128662,0.576172947883606,116,206,4464,567,206,0,32,54,22,8,0
1365,moderate_drift,1.0,0.7328715324401855,0.475103497505188,104,201,3462,246,201,0,63,27,10,4,0
1366,moderate_drift,0.5,0.9282783269882202,0.619911253452301,80,210,4756,515,210,0,16,28,28,8,0
1367,moderate_drift,0.4,0.9901815056800842,0.6086143255233765,78,203,4393,593,203,0,48,16,6,8,0
1368,moderate_drift,0.4,0.9380050897598267,0.566165566444397,100,207,4831,572,207,0,48,32,12,8,0
1369,moderate_drift,0.9,0.9354984164237976,0.5495843887329102,87,210,4695,572,210,0,16,32,31,8,0
1370,moderate_drift,0.9,1.002704381942749,0.6630946397781372,68,201,3382,418,201,0,13,42,5,8,0
1371,moderate_drift,0.7,0.8845142722129822,0.5485001802444458,137,203,4693,586,203,0,48,16,65,8,0
1372,moderate_drift,0.2,0.8317473530769348,0.5524059534072876,107,202,4356,517,202,0,48,30,21,8,0
1373,moderate_drift,0.7,0.9663150310516357,0.6856409907341003,70,203,4067,536,203,0,16,31,15,8,0
1374,moderate_drift,1.0,0.9372758865356445,0.6134604215621948,89,206,2050,357,206,0,13,32,36,8,0
1375,moderate_drift,1.0,0.8117349147796631,0.4616682529449463,116,201,3380,313,201,0,69,16,23,8,0
1376,moderate_drift,1.0,0.9499891400337219,0.4602358341217041,100,200,4149,381,200,0,48,32,12,8,0
1377,moderate_drift,0.8,1.1070971488952637,0.5172034502029419,139,202,4517,566,202,0,48,48,35,8,0
1378,moderate_drift,0.7,0.8572815656661987,0.5397192239761353,119,201,4412,479,201,0,16,64,31,8,0
1379,moderate_drift,0.4,0.986920177936554,0.648711085319519,56,203,4740,578,203,0,30,13,5,8,0
1380,moderate_drift,0.9,0.9175280928611755,0.5325881242752075,113,201,4511,479,201,0,48,16,41,8,0
1381,moderate_drift,0.5,0.8245441317558289,0.6464000940322876,87,212,4666,599,212,0,31,40,8,8,0
1382,moderate_drift,1.0,1.005070686340332,0.4149283766746521,109,200,3307,305,200,0,32,47,22,8,0
1383,moderate_drift,1.0,0.9468874931335449,0.5880416631698608,118,201,4367,555,201,0,32,32,46,8,0
1384,moderate_drift,0.8,1.071452260017395,0.5527620315551758,87,200,3493,435,200,0,31,16,32,8,0
1385,moderate_drift,0.6,0.9547120332717896,0.7209353446960449,110,207,4241,609,207,0,48,48,6,8,0
1386,moderate_drift,0.7,1.0329935550689697,0.5275484323501587,83,205,4509,629,205,0,32,31,12,8,0
1387,moderate_drift,1.0,0.9792285561561584,0.7002946734428406,62,203,4129,488,203,0,16,16,22,8,0
1388,moderate_drift,1.0,1.0434759855270386,0.4795380234718323,102,200,4264,482,200,0,47,29,18,8,0
1389,moderate_drift,0.6,0.9113125801086426,0.7987979054450989,51,216,4919,632,216,0,16,12,19,4,0
1390,moderate_drift,0.8,0.9545880556106567,0.6503317952156067,100,201,4540,669,201,0,48,16,28,8,0
1391,moderate_drift,0.8,1.003557562828064,0.4900866150856018,98,200,4122,400,200,0,32,16,42,8,0
1392,moderate_drift,1.0,1.0149034261703491,0.5722547173500061,83,200,3909,521,200,0,32,31,12,8,0
1393,moderate_drift,1.0,1.0369477272033691,0.3469170331954956,94,200,4033,376,200,0,32,32,22,8,0
1394,moderate_drift,0.4,0.9808065891265869,0.5281745791435242,105,217,5083,712,217,0,46,16,35,8,0
1395,moderate_drift,0.6,0.935626208782196,0.5106621980667114,84,201,4824,514,201,0,48,16,12,8,0
1396,moderate_drift,0.6,0.8187428712844849,0.5793455839157104,78,201,4572,491,201,0,16,48,6,8,0
1397,moderate_drift,0.3,0.7591760158538818,0.6226682662963867,74,207,4834,634,207,0,16,16,34,8,0
1398,moderate_drift,0.2,1.051693320274353,0.6512126326560974,62,204,4042,473,204,0,15,13,26,8,0
1399,moderate_drift,0.6,0.8964648246765137,0.5245901942253113,71,201,4396,493,201,0,16,16,31,8,0
1400,moderate_drift,1.0,1.0635709762573242,0.46665674448013306,119,200,2895,266,200,0,64,16,31,8,0
1401,moderate_drift,1.0,0.8846519589424133,0.6553728580474854,97,211,4163,669,211,0,48,13,28,8,0
1402,moderate_drift,0.9,0.8720308542251587,0.6711004972457886,67,225,4874,485,225,0,16,15,28,8,0
1403,moderate_drift,1.0,0.8080793619155884,0.49213147163391113,114,204,4221,475,204,0,32,32,42,8,0
1404,moderate_drift,1.0,0.9673237204551697,0.7160493731498718,61,204,4051,466,204,0,16,29,8,8,0
1405,moderate_drift,0.3,0.9388096928596497,0.557508111000061,97,217,5098,603,217,0,32,16,41,8,0
1406,moderate_drift,0.5,1.1123831272125244,0.6600191593170166,77,212,4501,643,212,0,16,45,8,8,0
1407,moderate_drift,1.0,0.9620239734649658,0.4027646780014038,84,200,2248,237,200,0,46,11,19,8,0
1408,moderate_drift,0.9,0.9138426184654236,0.6639827489852905,107,203,4069,470,203,0,32,45,26,4,0
1409,moderate_drift,1.0,0.8504443764686584,0.3908802270889282,153,201,4275,355,201,0,48,75,22,8,0
1410,moderate_drift,1.0,0.8260191082954407,0.5909673571586609,77,202,2728,347,202,0,48,13,8,8,0
1411,moderate_drift,0.7,0.9929077625274658,0.6586834192276001,110,201,4293,534,201,0,16,46,40,8,0
1412,moderate_drift,0.5,0.9418780207633972,0.6482759118080139,59,204,4856,561,204,0,16,16,19,8,0
1413,moderate_drift,0.8,1.0215497016906738,0.5798141956329346,83,205,4610,537,205,0,32,31,12,8,0
1414,moderate_drift,0.8,0.8522413969039917,0.5112894773483276,95,213,5137,608,213,0,32,32,23,8,0
1415,moderate_drift,0.6,0.9701884984970093,0.5743165016174316,93,202,4048,504,202,0,48,29,8,8,0
1416,moderate_drift,0.7,0.8894507884979248,0.48186612129211426,108,200,4457,501,200,0,32,30,38,8,0
1417,moderate_drift,0.4,0.7935147285461426,0.5942015647888184,91,202,4180,412,202,0,16,59,8,8,0
1418,moderate_drift,1.0,0.91233891248703,0.5073337554931641,94,200,3144,313,200,0,16,64,6,8,0
1419,moderate_drift,1.0,0.9697543382644653,0.6967983245849609,61,204,2896,378,204,0,32,13,8,8,0
1420,moderate_drift,0.7,0.7647648453712463,0.7268873453140259,62,214,4603,523,214,0,16,16,26,4,0
1421,moderate_drift,0.8,1.0188342332839966,0.66497403383255,105,204,4438,560,204,0,16,47,34,8,0
1422,moderate_drift,0.7,0.9992465972900391,0.5772377252578735,88,200,4734,545,200,0,32,29,19,8,0
1423,moderate_drift,0.5,0.8698386549949646,0.6563993692398071,78,203,4056,542,203,0,16,32,22,8,0
1424,moderate_drift,0.4,0.8909116983413696,0.5628829002380371,102,215,4572,501,215,0,62,14,18,8,0
1425,moderate_drift,0.5,0.9097289443016052,0.7275568246841431,59,217,4986,643,217,0,16,29,6,8,0
1426,moderate_drift,0.6,1.102517008781433,0.6816704869270325,81,203,4006,534,203,0,45,16,12,8,0
1427,moderate_drift,0.5,1.0505664348602295,0.602218747138977,78,201,4428,521,201,0,32,32,6,8,0
1428,moderate_drift,0.7,0.857666552066803,0.5952413082122803,92,209,4633,567,209,0,16,32,36,8,0
1429,moderate_drift,0.7,0.9567028284072876,0.5362515449523926,73,204,4501,533,204,0,32,28,5,8,0
1430,moderate_drift,1.0,0.9411939382553101,0.5767940282821655,109,204,4735,608,204,0,16,40,45,8,0
1431,moderate_drift,0.7,1.0150737762451172,0.6079955101013184,78,230,4963,616,230,0,16,16,38,8,0
1432,moderate_drift,0.9,0.9448609948158264,0.5605491995811462,110,202,4369,495,202,0,32,48,22,8,0
1433,moderate_drift,0.6,1.02304208278656,0.5636993646621704,68,202,4827,572,202,0,32,16,12,8,0
1434,moderate_drift,1.0,1.0137296915054321,0.5883617401123047,56,210,3658,444,210,0,15,15,18,8,0
1435,moderate_drift,0.6,1.1535488367080688,0.5587618350982666,89,205,4580,507,205,0,16,60,5,8,0
1436,moderate_drift,0.9,0.8868930339813232,0.5256786346435547,94,203,4380,617,203,0,16,64,6,8,0
1437,moderate_drift,0.7,1.0421793460845947,0.5304482579231262,109,220,4886,701,220,0,32,31,38,8,0
1438,moderate_drift,0.8,1.0490068197250366,0.6083266735076904,71,206,4334,533,206,0,16,32,15,8,0
1439,moderate_drift,0.9,0.943874716758728,0.5430496335029602,82,201,4134,499,201,0,16,46,12,8,0
1440,moderate_drift,0.7,0.9767865538597107,0.5848696827888489,68,200,4602,525,200,0,16,12,32,8,0
1441,moderate_drift,0.9,0.9358885288238525,0.6828385591506958,62,206,4042,521,206,0,16,32,6,8,0
1442,moderate_drift,0.6,0.9713309407234192,0.6227624416351318,99,203,4181,591,203,0,16,44,31,8,0
1443,moderate_drift,0.8,0.9528130292892456,0.5455464124679565,173,206,4744,435,206,0,80,62,23,8,0
1444,moderate_drift,0.9,0.8841684460639954,0.5805529952049255,79,204,4809,589,204,0,16,32,23,8,0
1445,moderate_drift,0.7,0.9777172803878784,0.6151123046875,78,222,5110,727,222,0,16,32,22,8,0
1446,moderate_drift,0.8,1.0320961475372314,0.6356173753738403,96,203,4422,556,203,0,32,32,24,8,0
1447,moderate_drift,0.5,1.084885835647583,0.6055728197097778,104,203,3820,600,203,0,16,63,17,8,0
1448,moderate_drift,1.0,0.9259944558143616,0.5507732629776001,84,213,2960,577,213,0,16,48,12,8,0
1449,moderate_drift,1.0,0.8311512470245361,0.4483219385147095,128,206,4354,444,206,0,31,47,42,8,0
1450,moderate_drift,0.7,1.0388202667236328,0.6439135074615479,86,207,4010,608,207,0,32,41,5,8,0
1451,moderate_drift,1.0,0.986811101436615,0.3990808129310608,95,200,2456,238,200,0,57,11,19,8,0
1452,moderate_drift,0.7,0.9416236281394958,0.6565161943435669,55,203,4528,538,203,0,14,27,6,8,0
1453,moderate_drift,0.5,0.9810004234313965,0.6840880513191223,91,215,4819,647,215,0,48,16,19,8,0
1454,moderate_drift,0.9,0.9328836798667908,0.4674530029296875,126,200,3766,488,200,0,64,32,22,8,0
1455,moderate_drift,0.9,0.8861790895462036,0.4576125144958496,113,200,4297,477,200,0,32,45,28,8,0
1456,moderate_drift,0.9,1.0282920598983765,0.46377480030059814,81,200,4554,556,200,0,16,16,41,8,0
1457,moderate_drift,0.5,1.0028239488601685,0.6168339252471924,115,213,4806,599,213,0,16,48,43,8,0
1458,moderate_drift,1.0,1.0529152154922485,0.47893303632736206,90,201,3814,455,201,0,32,45,5,8,0
1459,moderate_drift,0.6,0.8274433016777039,0.5547764897346497,110,201,4651,552,201,0,48,16,38,8,0
1460,moderate_drift,0.9,1.0388410091400146,0.5932319164276123,42,203,3949,484,203,0,16,13,5,8,0
1461,moderate_drift,0.9,1.1244542598724365,0.5506762862205505,102,200,4255,429,200,0,32,45,17,8,0
1462,moderate_drift,0.9,0.9217376112937927,0.42748934030532837,73,200,3859,421,200,0,47,13,5,8,0
1463,moderate_drift,0.7,0.8618423938751221,0.5468255281448364,88,203,4425,555,203,0,16,32,32,8,0
1464,moderate_drift,0.9,1.0464411973953247,0.6866328120231628,83,206,4548,553,206,0,32,31,12,8,0
1465,moderate_drift,0.7,0.8781020641326904,0.59159255027771,119,205,4800,598,205,0,16,59,40,4,0
1466,moderate_drift,0.8,0.8928278088569641,0.6819093227386475,61,221,4598,556,221,0,16,29,8,8,0
1467,moderate_drift,0.5,0.8970452547073364,0.4922477602958679,136,202,4230,573,202,0,64,59,5,8,0
1468,moderate_drift,1.0,0.9415968656539917,0.38872694969177246,101,200,2007,220,200,0,45,24,24,8,0
1469,moderate_drift,0.7,1.0678170919418335,0.5812305808067322,96,243,5306,570,243,0,13,32,43,8,0
1470,moderate_drift,0.9,0.9161628484725952,0.4490088224411011,139,200,4391,459,200,0,48,45,38,8,0
1471,moderate_drift,1.0,1.065011739730835,0.6029481291770935,100,202,3922,346,202,0,16,64,12,8,0
1472,moderate_drift,1.0,0.8559955358505249,0.5070600509643555,109,200,3661,320,200,0,38,16,47,8,0
1473,moderate_drift,1.0,0.8494718074798584,0.5893391370773315,87,200,4083,358,200,0,16,44,19,8,0
1474,moderate_drift,0.5,0.9183968901634216,0.6729274988174438,111,202,4387,541,202,0,47,28,28,8,0
1475,moderate_drift,0.4,1.0826125144958496,0.6159148216247559,119,219,5096,612,219,0,32,16,63,8,0
1476,moderate_drift,1.0,0.981090784072876,0.682853102684021,66,210,3893,408,210,0,13,31,14,8,0
1477,moderate_drift,1.0,1.1489553451538086,0.7604918479919434,84,220,3792,536,220,0,48,16,12,8,0
1478,moderate_drift,0.7,0.9642747640609741,0.6288901567459106,107,207,4209,423,207,0,16,47,36,8,0
1479,moderate_drift,0.9,0.9430865049362183,0.6559404134750366,94,207,3878,545,207,0,48,16,22,8,0
1480,moderate_drift,0.9,0.862766444683075,0.5572453737258911,97,203,4545,534,203,0,32,16,41,8,0
1481,moderate_drift,0.6,0.9888479113578796,0.526017963886261,61,202,4503,543,202,0,16,29,8,8,0
1482,moderate_drift,0.2,1.1563622951507568,0.5714992880821228,76,201,4547,512,201,0,16,44,8,8,0
1483,moderate_drift,0.5,0.9845258593559265,0.47714585065841675,116,200,4674,604,200,0,64,32,12,8,0
1484,moderate_drift,1.0,0.805395245552063,0.4978119134902954,129,200,3554,360,200,0,48,31,42,8,0
1485,moderate_drift,0.5,1.0751630067825317,0.610756516456604,45,205,4955,623,205,0,16,13,8,8,0
1486,moderate_drift,0.8,0.9847851991653442,0.6006690263748169,77,217,4712,711,217,0,32,15,22,8,0
1487,moderate_drift,0.9,0.9306941628456116,0.513060450553894,78,200,2908,305,200,0,16,32,22,8,0
1488,moderate_drift,1.0,0.9094436764717102,0.46044236421585083,136,200,3300,253,200,0,96,14,18,8,0
1489,moderate_drift,1.0,1.075992226600647,0.541400671005249,131,216,3642,347,216,0,48,45,30,8,0
1490,moderate_drift,1.0,0.9798873662948608,0.5854645371437073,103,203,3764,443,203,0,32,30,33,8,0
1491,moderate_drift,0.5,0.9011268019676208,0.5770754814147949,93,214,5020,637,214,0,32,47,6,8,0
1492,moderate_drift,0.7,0.8312140703201294,0.5865945816040039,115,204,4785,586,204,0,16,63,28,8,0
1493,moderate_drift,0.8,0.9039381146430969,0.5828996896743774,106,233,4972,588,233,0,32,16,50,8,0
1494,moderate_drift,1.0,0.9063127636909485,0.6335240602493286,91,222,3004,589,222,0,32,31,24,4,0
1495,moderate_drift,0.8,0.9553571343421936,0.4717300534248352,121,200,4442,424,200,0,48,60,5,8,0
1496,moderate_drift,1.0,1.090330719947815,0.5754841566085815,89,202,2917,327,202,0,16,47,18,8,0
1497,moderate_drift,0.9,0.8034976720809937,0.5951138734817505,68,213,4118,548,213,0,16,32,12,8,0
1498,moderate_drift,1.0,0.8900209069252014,0.5605900287628174,116,201,2932,362,201,0,16,78,14,8,0
1499,moderate_drift,0.4,0.9891834855079651,0.6191104650497437,111,203,4301,549,203,0,62,24,17,8,0
1500,moderate_drift,0.5,0.9543782472610474,0.5821701288223267,68,201,4208,452,201,0,16,32,12,8,0
1501,moderate_drift,0.8,1.0050997734069824,0.5744912624359131,67,227,5238,608,227,0,16,31,12,8,0
1502,moderate_drift,1.0,0.9454782009124756,0.6094673871994019,68,202,4222,589,202,0,16,13,31,8,0
1503,moderate_drift,0.4,1.1170295476913452,0.6856131553649902,118,207,4624,609,207,0,16,89,5,8,0
1504,moderate_drift,0.7,0.9729579091072083,0.5557353496551514,62,201,4643,524,201,0,16,16,22,8,0
1505,moderate_drift,1.0,0.9848176836967468,0.34876877069473267,124,200,1534,164,200,0,88,16,12,8,0
1506,moderate_drift,0.4,0.8264755606651306,0.6286324262619019,89,209,4973,600,209,0,16,31,34,8,0
1507,moderate_drift,0.9,0.9451991319656372,0.6362955570220947,83,203,4198,472,203,0,16,47,12,8,0
1508,moderate_drift,1.0,0.9866252541542053,0.7090742588043213,75,210,1990,454,210,0,16,23,28,8,0
1509,moderate_drift,0.5,1.091456651687622,0.5293300151824951,99,200,4493,558,200,0,62,15,14,8,0
1510,moderate_drift,1.0,0.9261385798454285,0.609130859375,90,202,3917,536,202,0,16,29,37,8,0
1511,moderate_drift,0.6,1.0584601163864136,0.6742702722549438,46,211,4702,686,211,0,16,16,6,8,0
1512,moderate_drift,0.6,1.2340306043624878,0.6666253209114075,103,203,4559,583,203,0,16,47,32,8,0
1513,moderate_drift,0.4,1.0864366292953491,0.43707334995269775,115,210,5007,521,210,0,32,31,44,8,0
1514,moderate_drift,0.9,0.9039307236671448,0.4933202862739563,94,200,3307,444,200,0,32,32,22,8,0
1515,moderate_drift,1.0,0.9810757040977478,0.6482480764389038,72,210,3660,549,210,0,30,29,5,8,0
1516,moderate_drift,0.9,1.0522103309631348,0.681431770324707,69,203,3935,494,203,0,16,31,14,8,0
1517,moderate_drift,0.8,0.9644575715065002,0.6017003059387207,103,201,4667,573,201,0,48,30,17,8,0
1518,moderate_drift,1.0,0.9734843373298645,0.4185929298400879,130,202,4013,541,202,0,32,48,42,8,0
1519,moderate_drift,0.9,0.9503141641616821,0.5576307773590088,97,200,4136,398,200,0,16,45,28,8,0
1520,moderate_drift,0.7,0.8569148778915405,0.5907883644104004,46,214,4089,636,214,0,16,16,6,8,0
1521,moderate_drift,1.0,0.9877662658691406,0.5568925142288208,59,200,3216,403,200,0,16,16,19,8,0
1522,moderate_drift,1.0,0.9943464398384094,0.6809056401252747,92,203,2519,380,203,0,15,35,34,8,0
1523,moderate_drift,0.9,1.0993342399597168,0.655955970287323,69,213,4047,629,213,0,16,32,13,8,0
1524,moderate_drift,0.7,1.0419129133224487,0.5639665126800537,99,249,5616,614,249,0,16,63,12,8,0
1525,moderate_drift,1.0,1.0188345909118652,0.466735303401947,161,200,4575,416,200,0,78,32,43,8,0
1526,moderate_drift,0.9,0.741691529750824,0.646079421043396,116,202,3600,401,202,0,32,47,33,4,0
1527,moderate_drift,0.8,0.9706316590309143,0.5540213584899902,84,202,4352,498,202,0,16,48,12,8,0
1528,moderate_drift,0.5,0.9917015433311462,0.628099799156189,84,215,4471,602,215,0,32,32,12,8,0
1529,moderate_drift,0.7,1.0223389863967896,0.6565744876861572,87,216,4168,575,216,0,16,32,31,8,0
1530,moderate_drift,0.7,0.9443293213844299,0.6462492942810059,75,206,4303,565,206,0,16,29,22,8,0
1531,moderate_drift,0.4,1.021313190460205,0.6931425333023071,75,206,3835,539,206,0,14,47,6,8,0
1532,moderate_drift,1.0,1.060773491859436,0.6487812399864197,91,207,3519,520,207,0,16,29,38,8,0
1533,moderate_drift,1.0,0.7445904016494751,0.7062474489212036,67,202,3560,398,202,0,42,11,10,4,0
1534,moderate_drift,0.7,1.0253524780273438,0.6358088254928589,94,208,4460,454,208,0,29,28,29,8,0
1535,moderate_drift,1.0,0.9726735949516296,0.5633054971694946,119,204,3392,481,204,0,62,44,5,8,0
1536,moderate_drift,0.8,0.9599442481994629,0.5957677960395813,70,202,4271,605,202,0,16,16,30,8,0
1537,moderate_drift,1.0,1.0274537801742554,0.4380660653114319,135,200,3750,352,200,0,64,30,33,8,0
1538,moderate_drift,1.0,0.907280683517456,0.4917553663253784,107,200,3555,457,200,0,46,31,22,8,0
1539,moderate_drift,1.0,0.9347214698791504,0.5370676517486572,94,201,3284,360,201,0,48,16,22,8,0
1540,moderate_drift,0.4,0.9789383411407471,0.7708919644355774,59,218,4947,638,218,0,16,27,8,8,0
1541,moderate_drift,0.4,1.0213508605957031,0.6129209399223328,106,230,4911,687,230,0,16,30,52,8,0
1542,moderate_drift,0.9,1.0767130851745605,0.4808090329170227,102,200,4393,450,200,0,31,58,5,8,0
1543,moderate_drift,1.0,1.1109379529953003,0.7023867964744568,71,223,3606,708,223,0,14,16,33,8,0
1544,moderate_drift,0.7,0.874453067779541,0.5992070436477661,108,206,4403,572,206,0,48,13,39,8,0
1545,moderate_drift,1.0,0.998887836933136,0.44435590505599976,141,201,2767,259,201,0,16,77,40,8,0
1546,moderate_drift,0.6,0.8737375736236572,0.6943936347961426,109,202,4138,522,202,0,79,16,6,8,0
1547,moderate_drift,1.0,0.9979904890060425,0.3631511926651001,148,200,3022,322,200,0,79,16,45,8,0
1548,moderate_drift,0.7,0.9266608357429504,0.5518593788146973,141,201,4735,531,201,0,94,16,23,8,0
1549,moderate_drift,0.4,1.0338115692138672,0.6767597794532776,110,237,5453,559,237,0,63,16,23,8,0
1550,moderate_drift,0.6,0.9251105189323425,0.6104253530502319,78,202,5034,646,202,0,16,48,6,8,0
1551,moderate_drift,0.7,0.9234883189201355,0.6311327219009399,111,202,4329,452,202,0,16,57,30,8,0
1552,moderate_drift,1.0,0.999524712562561,0.5666265487670898,87,204,3870,430,204,0,16,30,33,8,0
1553,moderate_drift,1.0,0.8950846195220947,0.4711853265762329,115,208,2688,319,208,0,15,64,28,8,0
1554,moderate_drift,0.5,1.012159824371338,0.6881290674209595,135,205,4329,595,205,0,48,61,18,8,0
1555,moderate_drift,1.0,1.0181320905685425,0.53089439868927,119,204,4698,603,204,0,16,64,31,8,0
1556,moderate_drift,0.2,1.1521532535552979,0.6115790605545044,87,203,4496,567,203,0,29,45,5,8,0
1557,moderate_drift,0.9,0.9952511787414551,0.5318270921707153,78,201,4354,439,201,0,32,32,6,8,0
1558,moderate_drift,0.7,0.866582989692688,0.6118807792663574,56,207,4684,680,207,0,15,16,17,8,0
1559,moderate_drift,0.9,0.9597283005714417,0.542769193649292,105,200,3980,396,200,0,48,16,33,8,0
1560,moderate_drift,0.8,0.6259688138961792,0.5807749032974243,53,231,5133,521,231,0,28,11,10,4,0
1561,moderate_drift,1.0,0.8588589429855347,0.6058392524719238,109,204,4598,535,204,0,31,48,22,8,0
1562,moderate_drift,1.0,0.9430003762245178,0.6837797164916992,52,215,2892,524,215,0,16,16,12,8,0
1563,moderate_drift,1.0,0.8104860186576843,0.6907708048820496,55,208,2076,310,208,0,16,25,10,4,0
1564,moderate_drift,0.9,1.0584158897399902,0.6243221759796143,110,201,4257,449,201,0,16,30,56,8,0
1565,moderate_drift,0.6,1.0807055234909058,0.649066686630249,120,218,5116,600,218,0,32,57,23,8,0
1566,moderate_drift,1.0,0.9636943936347961,0.561354398727417,145,200,2450,268,200,0,46,46,45,8,0
1567,moderate_drift,0.8,0.8559679388999939,0.5705972909927368,76,205,4572,522,205,0,31,16,21,8,0
1568,moderate_drift,1.0,0.9904568195343018,0.6070528030395508,84,205,2310,398,205,0,32,16,28,8,0
1569,moderate_drift,0.4,0.8609127402305603,0.7041188478469849,69,204,4168,581,204,0,16,32,13,8,0
1570,moderate_drift,0.5,0.9159263968467712,0.6601141095161438,87,206,4731,643,206,0,32,16,31,8,0
1571,moderate_drift,1.0,1.1167354583740234,0.6115397810935974,65,202,3975,496,202,0,29,16,12,8,0
1572,moderate_drift,0.9,1.1082183122634888,0.6602277755737305,87,213,4403,617,213,0,32,30,17,8,0
1573,moderate_drift,0.6,0.9588557481765747,0.5458117723464966,77,205,4759,514,205,0,30,16,23,8,0
1574,moderate_drift,1.0,1.05441415309906,0.672976016998291,76,211,3831,456,211,0,16,31,21,8,0
1575,moderate_drift,0.1,0.8708552122116089,0.5975218415260315,109,204,5033,604,204,0,16,32,53,8,0
1576,moderate_drift,0.6,1.037947416305542,0.6715974807739258,90,201,3979,508,201,0,64,13,5,8,0
1577,moderate_drift,0.3,0.9882162809371948,0.5206625461578369,84,207,5163,650,207,0,32,32,12,8,0
1578,moderate_drift,0.5,1.0692927837371826,0.6792815327644348,55,205,3658,483,205,0,16,14,17,8,0
1579,moderate_drift,1.0,0.894175112247467,0.4445751905441284,135,200,3206,336,200,0,80,29,18,8,0
1580,moderate_drift,0.9,0.8568395376205444,0.4373105764389038,108,201,4425,446,201,0,48,16,36,8,0
1581,moderate_drift,0.8,0.8798495531082153,0.5810647010803223,105,203,4743,544,203,0,16,48,33,8,0
1582,moderate_drift,0.2,0.9821138381958008,0.6006951332092285,98,204,4764,569,204,0,16,32,42,8,0
1583,moderate_drift,0.6,0.7829070687294006,0.5936872363090515,78,201,4285,508,201,0,32,16,22,8,0
1584,moderate_drift,0.9,0.8302197456359863,0.5530217289924622,108,201,3893,485,201,0,48,32,24,4,0
1585,moderate_drift,0.7,0.9371837973594666,0.6608560681343079,89,220,4804,642,220,0,16,16,49,8,0
1586,moderate_drift,1.0,0.9183606505393982,0.5624611377716064,93,208,4702,542,208,0,32,16,37,8,0
1587,moderate_drift,1.0,0.9617884159088135,0.5179204940795898,109,200,4121,436,200,0,32,61,8,8,0
1588,moderate_drift,0.9,0.8752736449241638,0.6372597217559814,78,202,4589,577,202,0,32,32,6,8,0
1589,moderate_drift,0.6,0.9358018636703491,0.6174739599227905,107,213,4534,657,213,0,48,30,21,8,0
1590,moderate_drift,1.0,0.982684314250946,0.6905584335327148,81,202,3668,409,202,0,16,16,41,8,0
1591,moderate_drift,0.8,1.0387016534805298,0.5417985916137695,98,200,3276,350,200,0,57,15,18,8,0
1592,moderate_drift,0.6,0.9531936049461365,0.6829839944839478,78,204,4757,584,204,0,32,16,22,8,0
1593,moderate_drift,1.0,1.084409236907959,0.45086973905563354,116,200,3468,372,200,0,64,16,28,8,0
1594,moderate_drift,1.0,0.8841689229011536,0.7847409844398499,57,214,2559,522,214,0,15,29,5,8,0
1595,moderate_drift,1.0,1.0233094692230225,0.6447004079818726,109,204,3742,380,204,0,13,32,56,8,0
1596,moderate_drift,0.6,1.0505090951919556,0.6122982501983643,68,208,4396,621,208,0,32,16,12,8,0
1597,moderate_drift,0.6,0.9201409220695496,0.6581315994262695,101,208,4593,588,208,0,31,32,30,8,0
1598,moderate_drift,0.7,1.1369943618774414,0.5888097286224365,109,213,4620,670,213,0,48,45,8,8,0
1599,moderate_drift,1.0,1.0138498544692993,0.5074984431266785,135,202,3854,480,202,0,63,32,32,8,0
1600,moderate_drift,1.0,1.0827486515045166,0.5063718557357788,121,200,4172,490,200,0,48,60,5,8,0
1601,moderate_drift,0.9,0.8029224276542664,0.5782482028007507,76,204,4297,569,204,0,41,13,18,4,0
1602,moderate_drift,0.9,0.8858070373535156,0.5107725858688354,84,202,4698,446,202,0,16,48,12,8,0
1603,moderate_drift,0.9,0.9405208826065063,0.5730234384536743,69,216,4808,616,216,0,16,32,13,8,0
1604,moderate_drift,0.7,1.0041195154190063,0.7068541049957275,45,209,4717,632,209,0,16,13,8,8,0
1605,moderate_drift,0.9,0.9805152416229248,0.542772650718689,148,203,4290,483,203,0,80,48,12,8,0
1606,moderate_drift,1.0,0.9746273159980774,0.6336851119995117,77,215,4903,548,215,0,16,45,8,8,0
1607,moderate_drift,0.8,0.9307833313941956,0.6267133355140686,103,202,3188,368,202,0,48,25,22,8,0
1608,moderate_drift,0.7,1.073248267173767,0.5947039127349854,77,202,4725,561,202,0,16,45,8,8,0
1609,moderate_drift,0.8,0.9284029006958008,0.6038559675216675,130,215,5130,615,215,0,54,32,36,8,0
1610,moderate_drift,0.6,0.9068248271942139,0.5770315527915955,86,209,4318,579,209,0,16,30,32,8,0
1611,moderate_drift,0.8,0.8167417049407959,0.6047749519348145,77,205,5015,633,205,0,16,31,22,8,0
1612,moderate_drift,0.7,1.0520238876342773,0.5549404621124268,85,205,4831,595,205,0,30,32,15,8,0
1613,moderate_drift,0.4,0.9583786725997925,0.5878838300704956,84,207,4549,572,207,0,47,16,13,8,0
1614,moderate_drift,1.0,1.1119099855422974,0.478770911693573,141,200,2872,242,200,0,80,45,8,8,0
1615,moderate_drift,0.3,0.9542233943939209,0.6483346819877625,51,208,4662,620,208,0,12,9,22,8,0
1616,moderate_drift,0.9,1.098012924194336,0.5547933578491211,117,205,4325,605,205,0,31,43,35,8,0
1617,moderate_drift,1.0,1.043012022972107,0.5002117156982422,95,200,2509,332,200,0,12,46,29,8,0
1618,moderate_drift,0.6,1.0839629173278809,0.6871239542961121,105,203,4549,572,203,0,32,43,22,8,0
1619,moderate_drift,0.3,0.9813157916069031,0.6714497208595276,86,203,4528,584,203,0,15,58,5,8,0
1620,moderate_drift,0.9,0.873812735080719,0.5548732280731201,71,205,3827,458,205,0,16,30,17,8,0
1621,moderate_drift,0.6,0.970422625541687,0.6095379590988159,106,202,4399,508,202,0,16,60,22,8,0
1622,moderate_drift,0.7,0.8730486035346985,0.5778288841247559,68,203,5163,633,203,0,32,16,12,8,0
1623,moderate_drift,1.0,0.964601993560791,0.641349196434021,93,208,2903,417,208,0,48,13,24,8,0
1624,moderate_drift,0.6,0.9461278319358826,0.5892343521118164,110,221,5277,624,221,0,64,16,22,8,0
1625,moderate_drift,1.0,1.1053133010864258,0.6427299976348877,73,207,2277,381,207,0,16,44,5,8,0
1626,moderate_drift,0.7,1.1098214387893677,0.741837739944458,71,210,4494,632,210,0,16,42,5,8,0
1627,moderate_drift,0.4,1.1399163007736206,0.5795596241950989,76,200,4543,537,200,0,16,44,8,8,0
1628,moderate_drift,0.8,1.1581072807312012,0.6419994831085205,94,211,4526,611,211,0,32,32,22,8,0
1629,moderate_drift,0.3,0.9697290062904358,0.651206374168396,82,214,4970,614,214,0,16,16,42,8,0
1630,moderate_drift,0.7,1.073751449584961,0.6259416341781616,109,203,4587,545,203,0,64,15,22,8,0
1631,moderate_drift,0.9,1.024200201034546,0.6194387078285217,89,202,4195,507,202,0,32,44,5,8,0
1632,moderate_drift,0.5,0.8093026280403137,0.5918501019477844,117,205,4636,563,205,0,41,48,24,4,0
1633,moderate_drift,0.9,0.9678705930709839,0.6345835328102112,60,202,4140,429,202,0,16,28,8,8,0
1634,moderate_drift,1.0,0.8972359299659729,0.6531057357788086,76,203,3634,358,203,0,16,16,36,8,0
1635,moderate_drift,0.4,0.8831259608268738,0.54719477891922,113,203,4953,612,203,0,48,16,41,8,0
1636,moderate_drift,0.8,0.9747717380523682,0.7288696765899658,78,213,4395,663,213,0,16,48,6,8,0
1637,moderate_drift,0.5,1.0220023393630981,0.6097733378410339,97,216,4791,667,216,0,32,16,41,8,0
1638,moderate_drift,0.7,1.0606590509414673,0.6522139310836792,52,215,5118,652,215,0,13,16,15,8,0
1639,moderate_drift,0.6,0.9911983609199524,0.5846541523933411,125,210,4544,510,210,0,32,42,43,8,0
1640,moderate_drift,0.9,0.8784824013710022,0.5422123074531555,99,204,4980,565,204,0,16,47,28,8,0
1641,moderate_drift,0.4,0.9377580881118774,0.599542498588562,102,205,4393,580,205,0,48,15,31,8,0
1642,moderate_drift,0.7,0.9856094717979431,0.5399276614189148,127,208,4632,530,208,0,32,47,40,8,0
1643,moderate_drift,1.0,0.972081184387207,0.6283540725708008,100,204,2486,428,204,0,32,32,28,8,0
1644,moderate_drift,0.7,1.043763518333435,0.5630004405975342,94,201,4615,526,201,0,16,64,6,8,0
1645,moderate_drift,0.6,1.040657877922058,0.6878966093063354,67,213,4590,642,213,0,16,31,12,8,0
1646,moderate_drift,0.8,0.9044967293739319,0.7025642991065979,61,208,3871,584,208,0,32,13,8,8,0
1647,moderate_drift,1.0,0.9455404877662659,0.6038641333580017,81,201,4147,419,201,0,16,16,41,8,0
1648,moderate_drift,0.4,0.974489688873291,0.7018197774887085,69,228,5024,633,228,0,16,31,14,8,0
1649,moderate_drift,0.7,0.880776584148407,0.6568669080734253,153,202,4272,496,202,0,32,78,35,8,0
1650,moderate_drift,0.7,0.9161894917488098,0.5779581069946289,103,200,4660,495,200,0,16,32,47,8,0
1651,moderate_drift,1.0,1.1195619106292725,0.4863992929458618,183,201,3404,386,201,0,80,62,33,8,0
1652,moderate_drift,0.8,1.2044596672058105,0.7022915482521057,84,206,4478,606,206,0,32,32,12,8,0
1653,moderate_drift,0.7,1.1191078424453735,0.647107720375061,81,245,5650,537,245,0,32,16,25,8,0
1654,moderate_drift,0.9,0.7754882574081421,0.5348052978515625,101,201,3486,325,201,0,31,46,20,4,0
1655,moderate_drift,0.7,0.8931654691696167,0.6459550857543945,52,219,4874,783,219,0,16,16,12,8,0
1656,moderate_drift,1.0,0.9737843871116638,0.3413201570510864,141,200,2567,170,200,0,74,47,12,8,0
1657,moderate_drift,0.6,0.9754581451416016,0.5656716227531433,102,200,4152,499,200,0,32,29,33,8,0
1658,moderate_drift,1.0,1.0453717708587646,0.5129824876785278,95,203,4000,493,203,0,16,48,23,8,0
1659,moderate_drift,0.9,0.8991033434867859,0.5130325555801392,107,203,3722,401,203,0,16,61,22,8,0
1660,moderate_drift,0.3,0.9337416887283325,0.7202756404876709,75,200,3830,486,200,0,16,45,6,8,0
1661,moderate_drift,0.4,0.9397613406181335,0.5615141987800598,116,200,4344,525,200,0,48,46,14,8,0
1662,moderate_drift,0.9,0.9570526480674744,0.6509867906570435,83,209,4562,620,209,0,31,16,28,8,0
1663,moderate_drift,0.8,1.0580781698226929,0.6228691339492798,55,205,4974,553,205,0,16,14,17,8,0
1664,moderate_drift,1.0,0.8998499512672424,0.417380690574646,78,200,3379,294,200,0,16,32,22,8,0
1665,moderate_drift,0.5,0.9016681909561157,0.7061810493469238,75,207,4339,653,207,0,16,45,6,8,0
1666,moderate_drift,0.9,0.9680629968643188,0.5575896501541138,109,204,4522,517,204,0,16,61,24,8,0
1667,moderate_drift,0.5,0.8526679873466492,0.5871869325637817,87,217,4505,616,217,0,32,16,31,8,0
1668,moderate_drift,0.2,0.8403794765472412,0.7071287631988525,76,209,4689,646,209,0,31,29,8,8,0
1669,moderate_drift,0.8,0.8936859965324402,0.46209049224853516,94,200,4528,526,200,0,32,32,22,8,0
1670,moderate_drift,1.0,0.8427857160568237,0.6007243394851685,98,206,4201,491,206,0,15,63,12,8,0
1671,moderate_drift,0.8,0.9451876878738403,0.540002167224884,103,202,4335,521,202,0,16,45,34,8,0
1672,moderate_drift,0.6,0.9275493621826172,0.5656574964523315,109,201,4258,486,201,0,48,47,6,8,0
1673,moderate_drift,0.9,1.1180458068847656,0.5601173639297485,81,208,4271,564,208,0,32,16,25,8,0
1674,moderate_drift,0.9,1.01344633102417,0.6267520189285278,96,205,3472,528,205,0,29,31,28,8,0
1675,moderate_drift,1.0,1.0021029710769653,0.7542065382003784,67,207,3495,503,207,0,16,31,12,8,0
1676,moderate_drift,1.0,0.9003444910049438,0.5787652730941772,91,200,3689,380,200,0,32,32,19,8,0
1677,moderate_drift,0.3,0.9894894361495972,0.5449449419975281,89,207,5045,541,207,0,13,32,36,8,0
1678,moderate_drift,1.0,0.9811452627182007,0.48370492458343506,110,200,2874,292,200,0,63,16,23,8,0
1679,moderate_drift,0.4,1.0216742753982544,0.6796186566352844,93,225,5173,630,225,0,16,47,22,8,0
1680,moderate_drift,1.0,0.983794629573822,0.6269692778587341,128,200,3690,360,200,0,60,16,44,8,0
1681,moderate_drift,1.0,1.0046004056930542,0.5396117568016052,70,202,3546,320,202,0,32,13,17,8,0
1682,moderate_drift,0.4,0.8052113652229309,0.6975445747375488,68,216,5109,620,216,0,16,14,30,8,0
1683,moderate_drift,1.0,0.9003748297691345,0.5597139596939087,74,200,3640,448,200,0,15,16,35,8,0
1684,moderate_drift,1.0,1.0339634418487549,0.5188394784927368,94,206,4117,551,206,0,47,16,23,8,0
1685,moderate_drift,0.8,1.0596168041229248,0.6482970118522644,100,220,4576,655,220,0,48,16,28,8,0
1686,moderate_drift,0.7,0.9908125996589661,0.5423213839530945,73,202,4384,494,202,0,32,28,5,8,0
1687,moderate_drift,0.6,0.7006692290306091,0.7006692290306091,37,226,4790,604,226,0,12,11,10,4,0
1688,moderate_drift,1.0,0.8956719040870667,0.5374734401702881,78,200,3835,406,200,0,16,32,22,8,0
1689,moderate_drift,0.4,1.0260783433914185,0.514686107635498,86,216,4577,642,216,0,30,16,32,8,0
1690,moderate_drift,0.9,0.9833395481109619,0.6097049713134766,55,209,4477,589,209,0,16,14,17,8,0
1691,moderate_drift,1.0,0.9262896776199341,0.626529335975647,78,203,2960,300,203,0,16,48,6,8,0
1692,moderate_drift,0.3,0.8831813931465149,0.682400107383728,75,204,4412,527,204,0,16,15,40,4,0
1693,moderate_drift,0.5,0.8768467307090759,0.5810178518295288,78,211,4504,561,211,0,16,32,22,8,0
1694,moderate_drift,1.0,0.9960365891456604,0.4158317446708679,131,200,2793,277,200,0,48,48,27,8,0
1695,moderate_drift,0.7,1.1029001474380493,0.6155418753623962,73,227,4753,661,227,0,32,15,18,8,0
1696,moderate_drift,0.5,1.0162358283996582,0.5377252101898193,113,200,4752,566,200,0,32,32,41,8,0
1697,moderate_drift,0.8,1.1063058376312256,0.5880125761032104,108,204,4630,505,204,0,32,29,39,8,0
1698,moderate_drift,0.9,0.9032638072967529,0.5701788663864136,93,202,4267,468,202,0,48,15,22,8,0
1699,moderate_drift,0.6,0.9786226749420166,0.6188770532608032,92,201,4367,533,201,0,16,32,36,8,0
1700,moderate_drift,1.0,0.9351027011871338,0.6983389854431152,102,203,2840,337,203,0,32,16,50,4,0
1701,moderate_drift,0.2,1.1012263298034668,0.6049679517745972,67,204,4925,633,204,0,16,31,12,8,0
1702,moderate_drift,0.4,1.1386864185333252,0.6105453968048096,73,205,4823,635,205,0,16,31,18,8,0
1703,moderate_drift,0.9,0.8104414939880371,0.6083476543426514,84,203,4540,545,203,0,32,32,12,8,0
1704,moderate_drift,0.8,1.0047019720077515,0.612877368927002,68,231,4652,654,231,0,32,16,12,8,0
1705,moderate_drift,0.9,0.9350695013999939,0.4690541625022888,114,200,3189,275,200,0,16,67,23,8,0
1706,moderate_drift,0.6,1.0962989330291748,0.6952300667762756,69,201,4346,571,201,0,16,40,5,8,0
1707,moderate_drift,0.8,1.0118345022201538,0.6276876330375671,68,211,4893,621,211,0,16,32,12,8,0
1708,moderate_drift,0.8,0.8938426971435547,0.5782322883605957,100,206,4862,514,206,0,48,32,12,8,0
1709,moderate_drift,0.7,0.983890175819397,0.611292839050293,89,200,3620,454,200,0,32,16,33,8,0
1710,moderate_drift,0.5,1.0161361694335938,0.49920475482940674,117,203,4291,446,203,0,48,32,29,8,0
1711,moderate_drift,1.0,0.8523390293121338,0.5507327914237976,113,201,4231,458,201,0,16,48,41,8,0
1712,moderate_drift,0.7,0.8297497034072876,0.6061842441558838,91,210,4436,605,210,0,32,32,19,8,0
1713,moderate_drift,0.8,1.035557746887207,0.7370244264602661,72,211,4634,691,211,0,16,43,5,8,0
1714,moderate_drift,0.5,1.029504418373108,0.6925914287567139,88,209,4411,663,209,0,16,46,18,8,0
1715,moderate_drift,1.0,0.7322412729263306,0.6536501049995422,60,205,3491,329,205,0,16,16,24,4,0
1716,moderate_drift,1.0,0.9050848484039307,0.4902840256690979,122,200,3850,365,200,0,16,47,51,8,0
1717,moderate_drift,0.9,0.9267977476119995,0.6619202494621277,55,205,4090,442,205,0,13,26,8,8,0
1718,moderate_drift,0.9,0.8550831079483032,0.42345476150512695,110,200,4133,393,200,0,48,32,22,8,0
1719,moderate_drift,0.5,1.044314980506897,0.6478683948516846,77,203,3863,433,203,0,30,16,23,8,0
1720,moderate_drift,0.9,0.8129767775535583,0.5466712117195129,58,202,3950,408,202,0,32,13,5,8,0
1721,moderate_drift,0.9,1.1522572040557861,0.7394823431968689,71,202,3822,430,202,0,15,16,32,8,0
1722,moderate_drift,1.0,1.016535997390747,0.34919285774230957,109,200,1604,177,200,0,73,16,12,8,0
1723,moderate_drift,0.8,0.856835126876831,0.428810179233551,109,200,4267,521,200,0,32,46,23,8,0
1724,moderate_drift,0.6,0.896013617515564,0.6296377778053284,83,203,4196,597,203,0,16,32,27,8,0
1725,moderate_drift,0.6,1.1193283796310425,0.7045334577560425,85,208,3829,585,208,0,16,46,15,8,0
1726,moderate_drift,0.5,0.839351236820221,0.6066328287124634,94,201,4531,550,201,0,32,32,22,8,0
1727,moderate_drift,0.6,1.0182021856307983,0.6382508873939514,94,200,4521,575,200,0,32,48,6,8,0
1728,moderate_drift,0.6,0.9561904072761536,0.648524284362793,46,208,3811,602,208,0,16,16,6,8,0
1729,moderate_drift,0.5,0.8643276691436768,0.6132499575614929,84,203,4614,583,203,0,15,16,45,8,0
1730,moderate_drift,0.4,0.9401207566261292,0.6884433627128601,96,204,4723,584,204,0,16,16,56,8,0
1731,moderate_drift,0.7,0.9745423197746277,0.6863075494766235,102,212,4479,651,212,0,16,73,5,8,0
1732,moderate_drift,0.9,0.7845959663391113,0.5400808453559875,114,200,4085,373,200,0,46,14,46,8,0
1733,moderate_drift,1.0,0.9197759628295898,0.6111745834350586,76,203,3782,437,203,0,16,44,8,8,0
1734,moderate_drift,0.7,1.0656362771987915,0.6473709344863892,91,205,4403,630,205,0,15,16,52,8,0
1735,moderate_drift,0.7,1.0527452230453491,0.4419901371002197,123,200,4337,460,200,0,16,62,37,8,0
1736,moderate_drift,1.0,0.9201652407646179,0.30116575956344604,138,200,2864,240,200,0,61,32,37,8,0
1737,moderate_drift,0.3,0.9669690132141113,0.6642946004867554,98,213,4942,618,213,0,16,62,12,8,0
1738,moderate_drift,0.9,0.9795554876327515,0.4453577399253845,121,200,4258,384,200,0,48,14,51,8,0
1739,moderate_drift,0.8,0.6936494708061218,0.6290208697319031,60,202,3698,392,202,0,16,16,24,4,0
1740,moderate_drift,0.6,1.1482481956481934,0.6326807737350464,84,206,4329,640,206,0,32,32,12,8,0
1741,moderate_drift,1.0,0.9119681119918823,0.5108585357666016,123,200,3780,359,200,0,64,13,38,8,0
1742,moderate_drift,1.0,1.0805506706237793,0.557807445526123,99,202,3976,473,202,0,58,28,5,8,0
1743,moderate_drift,0.9,0.9884153604507446,0.5750149488449097,91,203,4205,587,203,0,32,13,38,8,0
1744,moderate_drift,1.0,0.7727476358413696,0.39764755964279175,92,200,2344,292,200,0,16,47,21,8,0
1745,moderate_drift,0.6,0.95944744348526,0.5699787139892578,91,208,4759,591,208,0,16,30,37,8,0
1746,moderate_drift,0.1,1.0730817317962646,0.6818437576293945,62,201,4790,573,201,0,16,32,6,8,0
1747,moderate_drift,0.7,0.8648728132247925,0.6282267570495605,120,213,4669,506,213,0,48,47,17,8,0
1748,moderate_drift,0.8,0.9436745643615723,0.6374661326408386,100,202,4142,552,202,0,16,44,32,8,0
1749,moderate_drift,0.5,0.9380676746368408,0.6351395845413208,88,202,4611,608,202,0,16,59,5,8,0
1750,moderate_drift,0.6,1.0057733058929443,0.6135960817337036,84,200,4502,495,200,0,32,32,12,8,0
1751,moderate_drift,0.5,0.9738715887069702,0.7355828285217285,71,217,4316,624,217,0,30,27,6,8,0
1752,moderate_drift,0.6,1.0500924587249756,0.7018240690231323,75,202,4257,577,202,0,16,32,19,8,0
1753,moderate_drift,0.8,0.9596185088157654,0.5494223833084106,77,200,4680,601,200,0,31,16,22,8,0
1754,moderate_drift,0.9,0.9436513781547546,0.4924546480178833,113,200,4575,525,200,0,32,45,28,8,0
1755,moderate_drift,0.9,0.9963772296905518,0.5257549285888672,99,200,4661,571,200,0,48,31,12,8,0
1756,moderate_drift,0.6,0.9559198021888733,0.5530530214309692,90,201,4802,584,201,0,32,45,5,8,0
1757,moderate_drift,0.5,0.9226623177528381,0.600009560585022,128,200,4253,502,200,0,16,64,40,8,0
1758,moderate_drift,0.6,0.9888705015182495,0.6266782283782959,88,201,4467,561,201,0,14,44,22,8,0
1759,moderate_drift,1.0,0.8625068664550781,0.43629348278045654,91,202,3734,327,202,0,15,46,22,8,0
1760,moderate_drift,0.5,1.034359097480774,0.7761085033416748,74,203,4505,606,203,0,15,29,22,8,0
1761,moderate_drift,0.9,1.0791714191436768,0.6605191230773926,58,204,4213,558,204,0,32,13,5,8,0
1762,moderate_drift,1.0,0.9848417043685913,0.44384217262268066,94,202,2557,409,202,0,48,16,22,8,0
1763,moderate_drift,1.0,1.0110547542572021,0.5340574979782104,112,205,4023,457,205,0,29,32,43,8,0
1764,moderate_drift,0.7,1.118293046951294,0.8450488448143005,70,245,4134,581,245,0,16,31,15,8,0
1765,moderate_drift,1.0,0.8505048155784607,0.14396905899047852,126,200,2631,295,200,0,61,44,17,4,0
1766,moderate_drift,0.7,0.8759182691574097,0.6838765740394592,84,227,4962,592,227,0,32,32,12,8,0
1767,moderate_drift,0.5,0.8928716778755188,0.539185643196106,76,206,4935,641,206,0,16,16,36,8,0
1768,moderate_drift,0.8,1.0778101682662964,0.552161455154419,79,205,4271,574,205,0,31,16,24,8,0
1769,moderate_drift,1.0,0.9210979342460632,0.46911948919296265,109,202,3828,367,202,0,32,32,37,8,0
1770,moderate_drift,0.9,1.0259931087493896,0.6270319223403931,93,202,3680,413,202,0,16,32,37,8,0
1771,moderate_drift,0.6,0.8430370092391968,0.608086109161377,62,204,4043,429,204,0,15,16,23,8,0
1772,moderate_drift,0.3,0.908871591091156,0.5985821485519409,62,220,5050,614,220,0,16,32,6,8,0
1773,moderate_drift,0.7,1.0781300067901611,0.5487772226333618,59,203,4563,629,203,0,16,16,19,8,0
1774,moderate_drift,1.0,1.0031696557998657,0.6626296639442444,101,221,4267,688,221,0,48,32,13,8,0
1775,moderate_drift,1.0,1.0153297185897827,0.5801725387573242,62,202,3106,323,202,0,16,16,22,8,0
1776,moderate_drift,1.0,0.9948449730873108,0.4821285605430603,68,202,2440,273,202,0,16,16,28,8,0
1777,moderate_drift,0.3,0.9381664395332336,0.6308883428573608,95,209,4728,541,209,0,16,31,40,8,0
1778,moderate_drift,1.0,0.9642163515090942,0.5444446802139282,87,204,3938,495,204,0,16,31,32,8,0
1779,moderate_drift,1.0,1.0689005851745605,0.32973432540893555,103,200,3160,237,200,0,47,16,32,8,0
1780,moderate_drift,0.8,0.9734660983085632,0.6093854904174805,56,206,4974,604,206,0,16,27,5,8,0
1781,moderate_drift,0.4,1.0901681184768677,0.5979283452033997,100,202,4117,489,202,0,48,32,12,8,0
1782,moderate_drift,0.6,1.024556040763855,0.6843411326408386,73,204,4364,581,204,0,16,44,5,8,0
1783,moderate_drift,1.0,1.0881630182266235,0.6073682308197021,89,206,3787,497,206,0,48,15,18,8,0
1784,moderate_drift,0.8,1.0508567094802856,0.6570793390274048,94,206,3583,362,206,0,16,32,38,8,0
1785,moderate_drift,1.0,0.8063622713088989,0.3721960783004761,111,200,3777,311,200,0,32,48,23,8,0
1786,moderate_drift,1.0,0.8815526962280273,0.522236704826355,131,200,2311,356,200,0,47,64,12,8,0
1787,moderate_drift,0.6,1.029481291770935,0.6138508319854736,111,203,4648,557,203,0,16,59,28,8,0
1788,moderate_drift,0.9,0.859210729598999,0.6032246351242065,69,200,4235,466,200,0,16,29,20,4,0
1789,moderate_drift,0.7,0.9993085265159607,0.542222797870636,125,202,4767,538,202,0,16,48,53,8,0
1790,moderate_drift,1.0,1.0971335172653198,0.4160904288291931,115,200,2730,277,200,0,32,47,28,8,0
1791,moderate_drift,1.0,1.0485789775848389,0.40657514333724976,61,200,4135,401,200,0,32,13,8,8,0
1792,moderate_drift,0.8,0.9293686151504517,0.6178566813468933,68,211,4650,590,211,0,32,16,12,8,0
1793,moderate_drift,0.9,1.005122423171997,0.5361108183860779,93,208,4529,617,208,0,32,32,21,8,0
1794,moderate_drift,1.0,1.0268620252609253,0.6571738719940186,83,204,4040,525,204,0,16,47,12,8,0
1795,moderate_drift,1.0,0.8927015066146851,0.5635285377502441,88,200,4243,481,200,0,32,43,5,8,0
1796,moderate_drift,0.7,0.8557126522064209,0.6827945709228516,78,235,5161,675,235,0,16,16,38,8,0
1797,moderate_drift,0.4,1.0740818977355957,0.6644585728645325,68,243,5467,669,243,0,16,32,12,8,0
1798,moderate_drift,0.7,1.064456582069397,0.7073830366134644,97,206,3833,476,206,0,16,45,28,8,0
1799,moderate_drift,0.6,0.9630004167556763,0.5904095768928528,81,210,4737,595,210,0,32,13,28,8,0
1800,moderate_drift,0.9,0.9989585280418396,0.6605249047279358,122,207,4129,534,207,0,60,48,6,8,0
1801,moderate_drift,0.7,1.1885572671890259,0.6424753665924072,69,236,5025,554,236,0,14,42,5,8,0
1802,moderate_drift,0.3,0.9637554287910461,0.6177279949188232,74,206,4953,546,206,0,15,32,19,8,0
1803,moderate_drift,1.0,0.9967405200004578,0.5933644771575928,159,202,3479,494,202,0,32,77,42,8,0
1804,moderate_drift,1.0,0.8964451551437378,0.4601920247077942,154,205,2026,436,205,0,48,76,22,8,0
1805,moderate_drift,1.0,0.9129302501678467,0.7998149394989014,93,214,3358,529,214,0,32,29,28,4,0
1806,moderate_drift,0.7,1.0187169313430786,0.6342533826828003,97,212,4959,600,212,0,16,61,12,8,0
1807,moderate_drift,1.0,0.9959943294525146,0.581200122833252,68,217,2882,529,217,0,32,16,12,8,0
1808,moderate_drift,0.9,0.8647028207778931,0.6590194702148438,53,204,4668,600,204,0,16,16,13,8,0
1809,moderate_drift,1.0,0.8886100649833679,0.5593805313110352,96,221,2352,619,221,0,13,32,43,8,0
1810,moderate_drift,1.0,0.9102922677993774,0.5225504040718079,122,200,3480,314,200,0,46,47,21,8,0
1811,moderate_drift,0.8,1.043397068977356,0.5962404012680054,84,222,5306,600,222,0,32,32,12,8,0
1812,moderate_drift,0.9,0.8942533135414124,0.4538015127182007,115,200,4361,514,200,0,48,13,46,8,0
1813,moderate_drift,0.5,0.9494041800498962,0.5351556539535522,68,238,4902,691,238,0,32,16,12,8,0
1814,moderate_drift,0.8,1.0963634252548218,0.523242712020874,116,202,4774,549,202,0,64,32,12,8,0
1815,moderate_drift,0.5,0.9034150242805481,0.5765141844749451,71,204,4300,519,204,0,14,16,33,8,0
1816,moderate_drift,0.4,0.9236955046653748,0.6539504528045654,87,211,4771,526,211,0,32,30,17,8,0
1817,moderate_drift,0.9,0.9377816915512085,0.5499610900878906,83,202,4650,511,202,0,16,31,28,8,0
1818,moderate_drift,0.7,1.124362826347351,0.48980259895324707,99,211,4638,572,211,0,16,63,12,8,0
1819,moderate_drift,0.6,0.8705965280532837,0.5304811596870422,65,204,4572,600,204,0,16,16,25,8,0
1820,moderate_drift,0.7,0.9942488670349121,0.601948082447052,87,201,4271,505,201,0,16,48,15,8,0
1821,moderate_drift,1.0,1.1119178533554077,0.7796598672866821,94,203,2595,274,203,0,32,48,6,8,0
1822,moderate_drift,0.8,1.1098918914794922,0.6137461066246033,79,202,4427,556,202,0,32,16,23,8,0
1823,moderate_drift,1.0,0.9354513883590698,0.4974762797355652,151,202,3503,318,202,0,62,32,49,8,0
1824,moderate_drift,0.4,0.9865018129348755,0.6398061513900757,68,205,4422,537,205,0,32,16,12,8,0
1825,moderate_drift,1.0,0.865692138671875,0.4810023903846741,124,201,3813,552,201,0,46,48,22,8,0
1826,moderate_drift,1.0,1.0830281972885132,0.5351113080978394,89,204,4018,465,204,0,48,28,5,8,0
1827,moderate_drift,0.4,0.812559962272644,0.5965884923934937,116,205,4456,579,205,0,64,32,12,8,0
1828,moderate_drift,0.6,1.1136305332183838,0.685887336730957,77,215,4410,638,215,0,11,16,42,8,0
1829,moderate_drift,0.4,1.0624927282333374,0.6605488061904907,106,204,4730,630,204,0,32,32,34,8,0
1830,moderate_drift,1.0,0.9686343669891357,0.4016227722167969,115,201,3691,414,201,0,32,32,43,8,0
1831,moderate_drift,0.6,1.0151817798614502,0.6798008680343628,102,200,3547,444,200,0,15,61,18,8,0
1832,moderate_drift,0.6,1.028480887413025,0.7060155868530273,53,207,4548,596,207,0,16,15,14,8,0
1833,moderate_drift,0.6,0.8328273296356201,0.5807969570159912,91,203,4915,575,203,0,32,32,19,8,0
1834,moderate_drift,0.8,0.9918818473815918,0.6224194169044495,42,201,4256,510,201,0,16,13,5,8,0
1835,moderate_drift,1.0,1.0795691013336182,0.6792396903038025,74,209,3659,416,209,0,16,45,5,8,0
1836,moderate_drift,0.8,1.1202597618103027,0.6864174008369446,73,201,3691,421,201,0,16,29,20,8,0
1837,moderate_drift,0.7,1.144442081451416,0.5796291828155518,94,200,4153,565,200,0,32,48,6,8,0
1838,moderate_drift,0.4,1.0026556253433228,0.6287291049957275,90,201,4397,509,201,0,48,29,5,8,0
1839,moderate_drift,1.0,0.9742127656936646,0.508479118347168,53,205,4519,551,205,0,16,15,14,8,0
1840,moderate_drift,0.6,1.0629268884658813,0.6247496008872986,79,205,3926,500,205,0,16,32,23,8,0
1841,moderate_drift,0.6,0.8720031380653381,0.5762982368469238,106,204,4432,483,204,0,32,47,19,8,0
1842,moderate_drift,0.9,0.8761177062988281,0.6442301273345947,77,211,4094,559,211,0,32,29,8,8,0
1843,moderate_drift,0.7,0.9318253397941589,0.5760068297386169,140,202,4507,585,202,0,95,15,22,8,0
1844,moderate_drift,0.9,0.8783305287361145,0.4368431568145752,120,200,4127,464,200,0,80,27,5,8,0
1845,moderate_drift,0.9,1.0154248476028442,0.5354903936386108,135,203,4232,515,203,0,64,46,17,8,0
1846,moderate_drift,0.7,0.8592493534088135,0.5979841947555542,119,204,4383,529,204,0,62,13,40,4,0
1847,moderate_drift,0.6,0.9353863000869751,0.5350315570831299,111,201,4330,475,201,0,15,47,41,8,0
1848,moderate_drift,0.5,0.9058765769004822,0.5800540447235107,84,213,4642,614,213,0,48,16,12,8,0
1849,moderate_drift,1.0,0.9736922383308411,0.6049551963806152,103,205,3861,485,205,0,16,46,33,8,0
1850,moderate_drift,0.7,0.9029489755630493,0.6549464464187622,62,202,4647,556,202,0,16,32,6,8,0
1851,moderate_drift,1.0,1.0197031497955322,0.5045179724693298,100,201,3371,318,201,0,32,13,47,8,0
1852,moderate_drift,1.0,0.9537451267242432,0.63153076171875,72,211,3369,520,211,0,16,29,19,8,0
1853,moderate_drift,0.9,0.9391655325889587,0.6266303062438965,121,227,4590,508,227,0,64,12,37,8,0
1854,moderate_drift,1.0,0.9746294617652893,0.5946445465087891,59,204,3593,503,204,0,30,13,8,8,0
1855,moderate_drift,0.8,0.9322250485420227,0.6646246314048767,68,208,4689,609,208,0,16,32,12,8,0
1856,moderate_drift,0.3,0.8843221068382263,0.6128249168395996,62,204,4673,577,204,0,16,32,6,8,0
1857,moderate_drift,0.5,1.0343585014343262,0.5976772308349609,84,218,5203,662,218,0,14,13,49,8,0
1858,moderate_drift,1.0,0.873461127281189,0.5134181976318359,132,204,3086,391,204,0,32,64,28,8,0
1859,moderate_drift,0.7,0.7598073482513428,0.6585134863853455,76,204,4117,524,204,0,16,32,24,4,0
1860,moderate_drift,1.0,0.8794270753860474,0.43373000621795654,75,200,2878,243,200,0,32,27,8,8,0
1861,moderate_drift,1.0,0.8973308205604553,0.6498357057571411,73,218,3893,562,218,0,32,15,18,8,0
1862,moderate_drift,0.8,0.9377813935279846,0.5772035121917725,100,206,4836,578,206,0,32,48,12,8,0
1863,moderate_drift,1.0,0.6905301809310913,0.630702018737793,60,212,3893,500,212,0,16,16,24,4,0
1864,moderate_drift,0.9,1.0931200981140137,0.6000525951385498,74,206,4634,551,206,0,32,29,5,8,0
1865,moderate_drift,0.3,0.9748151898384094,0.5295673608779907,84,206,4744,554,206,0,16,48,12,8,0
1866,moderate_drift,0.7,1.1389684677124023,0.6581946015357971,94,200,4341,494,200,0,48,32,6,8,0
1867,moderate_drift,0.7,1.0232616662979126,0.5709613561630249,84,203,4528,587,203,0,32,32,12,8,0
1868,moderate_drift,0.7,0.987053394317627,0.6215927600860596,62,210,4897,634,210,0,16,16,22,8,0
1869,moderate_drift,0.5,0.840605616569519,0.6352071166038513,61,204,4543,551,204,0,16,29,8,8,0
1870,moderate_drift,0.9,0.8423272371292114,0.5115129947662354,198,202,3870,376,202,0,112,31,51,4,0
1871,moderate_drift,1.0,1.0992724895477295,0.5726210474967957,110,203,3424,313,203,0,63,16,23,8,0
1872,moderate_drift,1.0,0.9849104881286621,0.46690720319747925,154,203,4060,432,203,0,80,15,51,8,0
1873,moderate_drift,1.0,0.9516887664794922,0.45350152254104614,90,200,4081,441,200,0,32,45,5,8,0
1874,moderate_drift,0.6,1.064226508140564,0.6759835481643677,46,216,4918,656,216,0,16,16,6,8,0
1875,moderate_drift,0.3,0.9282581210136414,0.6542371511459351,94,259,5389,623,259,0,29,29,28,8,0
1876,moderate_drift,0.8,0.8778073191642761,0.6142246127128601,81,204,4603,582,204,0,16,16,41,8,0
1877,moderate_drift,0.7,1.0707584619522095,0.4978035092353821,148,200,4194,505,200,0,96,16,28,8,0
1878,moderate_drift,0.7,0.9260326623916626,0.645522952079773,107,206,4907,523,206,0,16,61,22,8,0
1879,moderate_drift,0.6,0.9378865361213684,0.6767196655273438,58,207,4956,661,207,0,16,29,5,8,0
1880,moderate_drift,0.7,0.8869497179985046,0.5565084218978882,94,218,4906,535,218,0,32,32,22,8,0
1881,moderate_drift,0.7,0.9640859365463257,0.605513870716095,77,203,4438,585,203,0,16,32,21,8,0
1882,moderate_drift,1.0,0.893393337726593,0.4410927891731262,121,201,3406,270,201,0,31,76,6,8,0
1883,moderate_drift,0.6,1.0860364437103271,0.6599109768867493,62,207,4737,586,207,0,16,16,22,8,0
1884,moderate_drift,0.7,0.7566176652908325,0.6663564443588257,46,205,4698,623,205,0,16,16,6,8,0
1885,moderate_drift,0.6,1.0081557035446167,0.7609511017799377,57,208,4216,629,208,0,7,34,8,8,0
1886,moderate_drift,0.6,1.0664520263671875,0.6386843323707581,76,205,4636,558,205,0,13,32,23,8,0
1887,moderate_drift,0.3,0.9259591102600098,0.6571424603462219,52,200,4629,571,200,0,16,16,12,8,0
1888,moderate_drift,1.0,0.9202845096588135,0.5733885765075684,94,206,3432,387,206,0,32,32,22,8,0
1889,moderate_drift,1.0,1.0292422771453857,0.32809197902679443,163,200,2891,253,200,0,79,48,28,8,0
1890,moderate_drift,0.5,0.8368576169013977,0.6477829217910767,55,210,4727,627,210,0,14,27,6,8,0
1891,moderate_drift,0.7,1.2440216541290283,0.7738282680511475,60,207,4376,600,207,0,15,14,23,8,0
1892,moderate_drift,0.9,0.8237606287002563,0.46761077642440796,98,200,4109,410,200,0,38,16,36,8,0
1893,moderate_drift,0.8,0.9564290642738342,0.5479212403297424,109,205,4363,570,205,0,64,29,8,8,0
1894,moderate_drift,1.0,0.9110984802246094,0.57109135389328,77,202,4636,530,202,0,16,30,23,8,0
1895,moderate_drift,0.8,0.9568955898284912,0.612694501876831,93,208,4571,618,208,0,14,48,23,8,0
1896,moderate_drift,0.6,1.0110427141189575,0.7487461566925049,93,221,4857,599,221,0,16,31,38,8,0
1897,moderate_drift,0.9,0.9035004377365112,0.5873627662658691,91,200,4115,397,200,0,32,45,6,8,0
1898,moderate_drift,0.4,0.9059173464775085,0.7471880316734314,69,283,6205,650,283,0,14,39,8,8,0
1899,moderate_drift,0.5,0.903984546661377,0.5127878189086914,77,200,4349,505,200,0,30,16,23,8,0
1900,moderate_drift,0.8,1.029644250869751,0.6744164228439331,87,202,4025,496,202,0,16,46,17,8,0
1901,moderate_drift,1.0,0.8762514591217041,0.6449731588363647,76,206,2350,360,206,0,16,16,36,8,0
1902,moderate_drift,0.6,0.9233474135398865,0.4972139000892639,61,200,4221,445,200,0,15,32,6,8,0
1903,moderate_drift,0.6,1.077104091644287,0.6407263278961182,85,205,3998,600,205,0,16,47,14,8,0
1904,moderate_drift,0.3,0.9095606207847595,0.5855718851089478,106,205,4756,564,205,0,32,32,34,8,0
1905,moderate_drift,0.5,1.0479905605316162,0.6475236415863037,93,232,5298,573,232,0,16,47,22,8,0
1906,moderate_drift,0.7,0.9723386764526367,0.6404820680618286,100,204,4568,583,204,0,48,32,12,8,0
1907,moderate_drift,0.4,1.0232597589492798,0.5555167198181152,69,204,5051,611,204,0,32,15,14,8,0
1908,moderate_drift,1.0,0.8864761590957642,0.39405500888824463,139,200,2315,264,200,0,64,31,36,8,0
1909,moderate_drift,0.4,1.0951188802719116,0.5989722013473511,103,200,3914,470,200,0,46,44,5,8,0
1910,moderate_drift,0.4,0.8982864022254944,0.6769753694534302,93,208,4673,647,208,0,46,13,26,8,0
1911,moderate_drift,1.0,0.8315874338150024,0.37790125608444214,113,200,3366,322,200,0,32,45,28,8,0
1912,moderate_drift,0.9,0.9064514636993408,0.543142557144165,82,201,4246,541,201,0,32,13,29,8,0
1913,moderate_drift,1.0,0.9007256031036377,0.5379295349121094,159,206,3543,459,206,0,64,48,39,8,0
1914,moderate_drift,0.5,1.085551142692566,0.6000086069107056,45,209,5070,548,209,0,16,13,8,8,0
1915,moderate_drift,0.8,0.9732990860939026,0.5781437158584595,57,203,4424,562,203,0,16,15,18,8,0
1916,moderate_drift,0.4,1.0652085542678833,0.6343434453010559,80,213,5111,632,213,0,16,44,12,8,0
1917,moderate_drift,1.0,0.9984113574028015,0.31835711002349854,119,200,2434,233,200,0,61,22,28,8,0
1918,moderate_drift,0.9,0.9028872847557068,0.471321165561676,110,229,5306,519,229,0,48,32,22,8,0
1919,moderate_drift,1.0,1.0337443351745605,0.6346826553344727,116,206,2647,342,206,0,16,80,12,8,0
1920,moderate_drift,0.9,1.030242681503296,0.5238618850708008,91,200,4002,424,200,0,32,43,8,8,0
1921,moderate_drift,0.9,0.915999174118042,0.42567962408065796,110,200,4202,443,200,0,48,16,38,8,0
1922,moderate_drift,0.9,0.9461782574653625,0.4863876700401306,84,200,4313,456,200,0,32,32,12,8,0
1923,moderate_drift,1.0,1.0507054328918457,0.5060209035873413,111,200,3776,361,200,0,43,48,12,8,0
1924,moderate_drift,1.0,0.8772168159484863,0.5936992168426514,69,202,3456,384,202,0,32,15,14,8,0
1925,moderate_drift,0.6,0.9741567373275757,0.7765799164772034,108,220,4082,619,220,0,16,76,8,8,0
1926,moderate_drift,0.9,0.9664556980133057,0.5550566911697388,84,221,3443,649,221,0,16,48,12,8,0
1927,moderate_drift,0.2,0.9462544918060303,0.5694779753684998,94,200,4257,496,200,0,32,16,38,8,0
1928,moderate_drift,0.8,1.0237194299697876,0.6518667936325073,101,203,3928,375,203,0,30,31,32,8,0
1929,moderate_drift,1.0,0.9339848756790161,0.5249471068382263,120,200,3183,373,200,0,32,48,32,8,0
1930,moderate_drift,1.0,0.9438402652740479,0.6505211591720581,106,206,2910,435,206,0,32,31,35,8,0
1931,moderate_drift,0.4,0.9827261567115784,0.5777395963668823,68,205,4085,612,205,0,16,16,28,8,0
1932,moderate_drift,0.9,0.9568434953689575,0.5967198610305786,132,235,5310,713,235,0,64,48,12,8,0
1933,moderate_drift,0.9,0.8949769139289856,0.5179436206817627,78,201,4315,512,201,0,16,32,22,8,0
1934,moderate_drift,0.5,0.8831875920295715,0.650448203086853,61,200,4647,563,200,0,16,29,8,8,0
1935,moderate_drift,0.8,0.8998306393623352,0.7307838201522827,67,202,3609,525,202,0,16,16,31,4,0
1936,moderate_drift,0.5,0.9944947361946106,0.4941146969795227,129,209,4873,460,209,0,62,16,43,8,0
1937,moderate_drift,0.5,0.9806205630302429,0.6175613403320312,84,207,4961,569,207,0,32,32,12,8,0
1938,moderate_drift,0.7,0.9644067287445068,0.6441364288330078,83,204,4631,531,204,0,16,47,12,8,0
1939,moderate_drift,1.0,1.0387862920761108,0.5594226121902466,109,200,3171,379,200,0,48,45,8,8,0
1940,moderate_drift,0.9,1.0854328870773315,0.6463830471038818,106,219,4796,693,219,0,47,14,37,8,0
1941,moderate_drift,0.8,0.9625596404075623,0.6059281826019287,91,207,3872,558,207,0,16,30,37,8,0
1942,moderate_drift,1.0,1.0676627159118652,0.5858136415481567,111,208,4036,538,208,0,48,14,41,8,0
1943,moderate_drift,0.7,1.0299760103225708,0.5539257526397705,118,205,4164,568,205,0,16,62,32,8,0
1944,moderate_drift,0.5,0.7746939659118652,0.5824967622756958,87,202,3524,444,202,0,16,44,19,8,0
1945,moderate_drift,0.8,0.9170081615447998,0.6208040714263916,80,237,5662,498,237,0,31,13,28,8,0
1946,moderate_drift,0.6,1.007362723350525,0.5521023273468018,98,292,5745,598,292,0,32,44,14,8,0
1947,moderate_drift,0.9,1.018669843673706,0.6981946229934692,116,201,4212,459,201,0,32,45,31,8,0
1948,moderate_drift,0.3,0.8807620406150818,0.5373133420944214,120,207,4640,502,207,0,16,48,48,8,0
1949,moderate_drift,0.7,0.9702126979827881,0.5391091108322144,151,223,5354,581,223,0,32,59,52,8,0
1950,moderate_drift,0.8,0.8435032367706299,0.532644510269165,116,201,4379,429,201,0,16,64,28,8,0
1951,moderate_drift,0.5,0.8404914140701294,0.5956313610076904,100,200,4231,513,200,0,48,16,32,4,0
1952,moderate_drift,1.0,1.0779765844345093,0.539380669593811,99,200,3729,353,200,0,31,46,14,8,0
1953,moderate_drift,0.5,0.9511918425559998,0.5838226079940796,78,206,4475,537,206,0,16,48,6,8,0
1954,moderate_drift,1.0,1.0741580724716187,0.31096959114074707,119,200,2559,259,200,0,32,47,32,8,0
1955,moderate_drift,0.5,0.8985316753387451,0.7439701557159424,59,228,4307,636,228,0,14,31,6,8,0
1956,moderate_drift,0.5,1.0018445253372192,0.6967473030090332,85,237,5104,489,237,0,16,46,15,8,0
1957,moderate_drift,0.9,0.9941267967224121,0.5808582305908203,67,205,4125,547,205,0,16,31,12,8,0
1958,moderate_drift,0.5,0.8264340758323669,0.6361093521118164,110,202,4498,544,202,0,32,48,22,8,0
1959,moderate_drift,1.0,1.0487914085388184,0.6295511722564697,56,211,4517,550,211,0,15,16,17,8,0
1960,moderate_drift,0.8,0.8182376623153687,0.625493049621582,106,204,4464,510,204,0,32,16,50,8,0
1961,moderate_drift,1.0,0.8623796701431274,0.6655035018920898,99,202,3836,388,202,0,32,16,43,8,0
1962,moderate_drift,0.6,0.8227729797363281,0.5895472764968872,99,219,4618,659,219,0,48,28,19,4,0
1963,moderate_drift,0.2,1.0567800998687744,0.7026259899139404,85,209,4533,627,209,0,32,16,29,8,0
1964,moderate_drift,0.3,0.9359029531478882,0.7094300985336304,59,226,4711,613,226,0,16,16,19,8,0
1965,moderate_drift,0.6,0.9895592331886292,0.7598375082015991,53,215,4481,644,215,0,16,15,14,8,0
1966,moderate_drift,1.0,1.0165762901306152,0.5587290525436401,100,216,3640,586,216,0,16,44,32,8,0
1967,moderate_drift,1.0,1.1559271812438965,0.653856635093689,92,202,2701,303,202,0,16,62,6,8,0
1968,moderate_drift,0.9,1.07707941532135,0.5166735649108887,143,200,3674,350,200,0,32,79,24,8,0
1969,moderate_drift,1.0,0.8929720520973206,0.6963611841201782,93,235,3804,656,235,0,32,45,8,8,0
1970,moderate_drift,0.5,0.8759448528289795,0.6077394485473633,93,231,5249,526,231,0,46,16,23,8,0
1971,moderate_drift,0.6,0.9953367710113525,0.6431870460510254,68,204,4782,560,204,0,16,32,12,8,0
1972,moderate_drift,0.3,0.9532201290130615,0.5640678405761719,93,200,4255,468,200,0,32,45,8,8,0
1973,moderate_drift,0.9,1.0157959461212158,0.5643010139465332,99,209,4596,583,209,0,32,31,28,8,0
1974,moderate_drift,0.9,1.0829150676727295,0.6563944816589355,84,201,3842,388,201,0,32,32,12,8,0
1975,moderate_drift,0.6,1.0099711418151855,0.6080824136734009,136,201,4285,533,201,0,32,63,33,8,0
1976,moderate_drift,1.0,0.8894562125205994,0.6082824468612671,89,211,2769,582,211,0,32,16,33,8,0
1977,moderate_drift,0.9,0.9263692498207092,0.4068475365638733,98,201,3214,378,201,0,16,32,42,8,0
1978,moderate_drift,0.6,0.8925513625144958,0.5787949562072754,68,217,4950,671,217,0,16,32,12,8,0
1979,moderate_drift,0.6,1.0982105731964111,0.5082733631134033,98,200,4408,501,200,0,48,13,29,8,0
1980,moderate_drift,0.2,0.9665724039077759,0.6856898069381714,82,204,4521,538,204,0,30,16,28,8,0
1981,moderate_drift,0.8,0.9827309846878052,0.5882593393325806,101,239,5510,612,239,0,28,32,33,8,0
1982,moderate_drift,0.8,0.818638801574707,0.49710530042648315,84,201,4182,416,201,0,32,13,31,8,0
1983,moderate_drift,1.0,0.9366032481193542,0.5804649591445923,75,203,2706,301,203,0,46,13,8,8,0
1984,moderate_drift,1.0,0.9910266995429993,0.5174088478088379,100,207,4100,524,207,0,32,48,12,8,0
1985,moderate_drift,0.6,1.012259840965271,0.5851638317108154,82,228,5351,599,228,0,32,16,26,8,0
1986,moderate_drift,1.0,1.0055606365203857,0.4128924012184143,91,200,4115,466,200,0,48,27,8,8,0
1987,moderate_drift,0.6,1.0729026794433594,0.6861393451690674,107,206,4531,623,206,0,32,48,19,8,0
1988,moderate_drift,0.8,1.0320966243743896,0.5781620740890503,90,205,4690,570,205,0,32,28,22,8,0
1989,moderate_drift,1.0,1.1388437747955322,0.6037987470626831,105,204,3899,437,204,0,32,47,18,8,0
1990,moderate_drift,0.6,1.0213682651519775,0.6601809859275818,69,206,4565,624,206,0,16,16,29,8,0
1991,moderate_drift,0.4,1.0063687562942505,0.5694255828857422,58,200,4650,513,200,0,16,29,5,8,0
1992,moderate_drift,0.2,0.8761228322982788,0.6647101044654846,66,204,4513,616,204,0,16,14,28,8,0
1993,moderate_drift,0.4,1.0247511863708496,0.5727171897888184,74,204,4763,625,204,0,16,45,5,8,0
1994,moderate_drift,0.9,0.7725436687469482,0.5837188959121704,95,208,3824,541,208,0,16,59,12,8,0
1995,moderate_drift,0.8,1.0080782175064087,0.5775274038314819,105,202,4206,474,202,0,16,75,6,8,0
1996,moderate_drift,0.6,0.894862174987793,0.5940424799919128,80,204,4382,482,204,0,16,44,12,8,0
1997,moderate_drift,0.6,0.912436842918396,0.5684577822685242,78,204,4786,502,204,0,31,16,23,8,0
1998,moderate_drift,0.7,0.9082996845245361,0.6455823183059692,122,209,4243,498,209,0,63,45,6,8,0
1999,moderate_drift,1.0,1.0253212451934814,0.6228973269462585,51,201,3517,362,201,0,12,9,22,8,0
0,large_drift,1.0,1.1795395612716675,0.5717549920082092,113,200,3775,360,200,0,32,48,25,8,0
1,large_drift,0.8,0.8988860845565796,0.59930419921875,111,205,3951,536,205,0,16,32,55,8,0
2,large_drift,1.0,0.8788716197013855,0.5924620628356934,124,203,3428,319,203,0,48,44,28,4,0
3,large_drift,1.0,1.1020748615264893,0.6814451217651367,97,205,3500,422,205,0,32,16,41,8,0
4,large_drift,1.0,0.8939827680587769,0.39598262310028076,126,200,4076,441,200,0,48,47,23,8,0
5,large_drift,0.7,0.8964667916297913,0.5745425224304199,83,205,4155,531,205,0,31,32,12,8,0
6,large_drift,1.0,1.0254247188568115,0.5496294498443604,107,200,3906,405,200,0,48,16,35,8,0
7,large_drift,1.0,0.9590091109275818,0.8464900255203247,65,207,3172,524,207,0,13,29,19,4,0
8,large_drift,0.6,0.9720161557197571,0.5473331212997437,71,200,4456,527,200,0,16,16,31,8,0
9,large_drift,1.0,0.9120155572891235,0.38817912340164185,163,200,2347,208,200,0,48,93,14,8,0
10,large_drift,0.9,1.0043853521347046,0.7241311073303223,61,208,3462,542,208,0,15,32,6,8,0
11,large_drift,1.0,1.14085054397583,0.8039783835411072,113,209,3637,499,209,0,16,42,47,8,0
12,large_drift,0.8,0.8612984418869019,0.5714380741119385,55,212,3992,586,212,0,16,14,17,8,0
13,large_drift,1.0,1.0415105819702148,0.7740611433982849,80,251,4035,512,251,0,28,39,5,8,0
14,large_drift,1.0,1.0204812288284302,0.5158593654632568,115,201,3383,341,201,0,16,79,12,8,0
15,large_drift,1.0,0.9271523356437683,0.6923161745071411,75,203,4337,518,203,0,32,16,19,8,0
16,large_drift,1.0,0.7412740588188171,0.47942519187927246,78,202,3832,334,202,0,16,32,22,8,0
17,large_drift,1.0,1.0471832752227783,0.6735130548477173,106,201,2885,270,201,0,64,29,5,8,0
18,large_drift,0.8,1.0514814853668213,0.7650877833366394,102,200,3665,415,200,0,16,40,38,8,0
19,large_drift,0.8,1.1161328554153442,0.7994837164878845,65,205,3747,466,205,0,29,16,12,8,0
20,large_drift,0.5,0.8857427835464478,0.510009765625,78,201,4059,504,201,0,16,32,22,8,0
21,large_drift,0.9,0.8917233347892761,0.4839553236961365,71,200,4397,432,200,0,16,16,31,8,0
22,large_drift,0.9,0.9834340810775757,0.6592963933944702,84,203,3943,477,203,0,16,48,12,8,0
23,large_drift,1.0,0.9033510088920593,0.4059281349182129,95,200,3199,310,200,0,32,32,23,8,0
24,large_drift,1.0,0.9575386047363281,0.5141710042953491,138,200,3881,415,200,0,48,77,5,8,0
25,large_drift,1.0,0.9515686631202698,0.5337373614311218,125,203,3564,472,203,0,29,63,25,8,0
26,large_drift,0.9,0.8344591856002808,0.5190519094467163,97,212,3873,537,212,0,29,48,12,8,0
27,large_drift,0.5,0.9572474956512451,0.7092188596725464,67,240,5429,666,240,0,16,31,12,8,0
28,large_drift,0.9,0.8221850991249084,0.5305510759353638,93,202,3833,403,202,0,16,16,53,8,0
29,large_drift,0.7,0.9190045595169067,0.6284846067428589,85,204,4293,566,204,0,16,32,29,8,0
30,large_drift,0.8,0.931133508682251,0.6097287535667419,90,211,4790,590,211,0,32,45,5,8,0
31,large_drift,0.5,0.9301836490631104,0.654567539691925,120,202,4109,522,202,0,16,91,5,8,0
32,large_drift,0.8,0.8732743263244629,0.49284231662750244,105,200,3924,414,200,0,48,16,33,8,0
33,large_drift,0.6,0.8436583280563354,0.5266982316970825,88,200,4297,555,200,0,16,31,33,8,0
34,large_drift,0.9,0.8735436201095581,0.4290444850921631,152,200,3425,370,200,0,80,31,33,8,0
35,large_drift,1.0,0.9487730264663696,0.6164369583129883,68,202,3416,510,202,0,16,32,12,8,0
36,large_drift,1.0,1.0938894748687744,0.4796309471130371,140,200,3455,298,200,0,15,47,70,8,0
37,large_drift,0.9,0.935669481754303,0.5094883441925049,98,200,4090,536,200,0,32,16,42,8,0
38,large_drift,1.0,0.9322792291641235,0.5665924549102783,70,200,2763,303,200,0,31,13,18,8,0
39,large_drift,1.0,1.0258830785751343,0.6643913984298706,61,207,3847,547,207,0,15,16,22,8,0
40,large_drift,1.0,1.1255497932434082,0.5718122720718384,96,200,2895,320,200,0,43,16,29,8,0
41,large_drift,1.0,0.9123793840408325,0.8317289352416992,55,206,2641,348,206,0,15,16,20,4,0
42,large_drift,1.0,0.9919659495353699,0.4075443744659424,93,200,2079,209,200,0,48,15,22,8,0
43,large_drift,0.9,0.7048054337501526,0.6090830564498901,70,203,3985,504,203,0,16,16,34,4,0
44,large_drift,1.0,0.8979624509811401,0.7553038597106934,92,202,1902,227,202,0,32,16,36,8,0
45,large_drift,0.8,0.9140706658363342,0.7022186517715454,56,202,4055,504,202,0,16,14,18,8,0
46,large_drift,1.0,1.131619930267334,0.5506559610366821,119,201,2390,251,201,0,32,73,6,8,0
47,large_drift,0.5,1.1162023544311523,0.7898571491241455,81,213,4245,583,213,0,32,29,12,8,0
48,large_drift,1.0,1.0043163299560547,0.567738950252533,126,200,2714,271,200,0,48,48,22,8,0
49,large_drift,0.9,0.9086064100265503,0.5672204494476318,147,202,4129,402,202,0,15,72,52,8,0
50,large_drift,1.0,1.011535882949829,0.6316750049591064,83,217,4227,645,217,0,16,27,32,8,0
51,large_drift,0.6,0.8061686158180237,0.47622358798980713,124,200,4178,506,200,0,16,47,53,8,0
52,large_drift,1.0,0.6935521364212036,0.39493364095687866,126,200,2082,220,200,0,56,42,24,4,0
53,large_drift,0.1,1.088742733001709,0.792752206325531,63,221,4762,655,221,0,16,14,25,8,0
54,large_drift,1.0,0.8699585795402527,0.7184094190597534,93,207,3164,449,207,0,32,31,26,4,0
55,large_drift,0.9,0.8363859057426453,0.46188944578170776,141,200,3941,454,200,0,48,47,38,8,0
56,large_drift,1.0,1.1836925745010376,0.7498892545700073,49,212,3846,613,212,0,13,16,12,8,0
57,large_drift,0.8,1.1891744136810303,0.8869599103927612,76,245,4419,604,245,0,26,25,17,8,0
58,large_drift,0.6,1.0675621032714844,0.6586755514144897,86,203,4377,567,203,0,48,13,17,8,0
59,large_drift,1.0,0.9580740332603455,0.5721331238746643,94,204,3562,470,204,0,32,42,12,8,0
60,large_drift,1.0,0.9903823733329773,0.6770823001861572,52,205,3499,478,205,0,13,16,15,8,0
61,large_drift,1.0,0.9871875643730164,0.4611988067626953,125,200,2501,199,200,0,47,64,6,8,0
62,large_drift,0.7,0.9110926985740662,0.58763587474823,76,201,4064,481,201,0,13,32,23,8,0
63,large_drift,1.0,0.9502678513526917,0.36690956354141235,97,200,2403,245,200,0,26,31,32,8,0
64,large_drift,0.9,0.853444516658783,0.7030860185623169,51,205,4171,585,205,0,12,9,22,8,0
65,large_drift,0.9,0.9312753677368164,0.45979630947113037,125,200,4160,397,200,0,32,32,53,8,0
66,large_drift,0.9,0.921627402305603,0.6547972559928894,78,210,3811,535,210,0,16,16,38,8,0
67,large_drift,1.0,0.8364574313163757,0.5715248584747314,97,200,3404,313,200,0,32,42,19,4,0
68,large_drift,1.0,0.7998120784759521,0.48394590616226196,122,200,3662,357,200,0,62,32,24,4,0
69,large_drift,1.0,0.9553462266921997,0.6131253242492676,53,201,3961,417,201,0,16,15,14,8,0
70,large_drift,0.9,0.8970869779586792,0.5326432585716248,89,200,4291,394,200,0,16,32,33,8,0
71,large_drift,0.5,0.8167062997817993,0.4938422441482544,56,200,4177,490,200,0,16,14,18,8,0
72,large_drift,1.0,1.0585554838180542,0.529893159866333,85,200,3598,319,200,0,48,16,13,8,0
73,large_drift,1.0,0.8126348257064819,0.26628196239471436,77,200,3229,242,200,0,30,16,23,8,0
74,large_drift,1.0,0.9830060005187988,0.6636859178543091,63,205,2337,300,205,0,16,16,23,8,0
75,large_drift,1.0,0.9755975008010864,0.6928199529647827,62,204,3414,408,204,0,16,32,6,8,0
76,large_drift,1.0,1.0710809230804443,0.6293695569038391,52,202,3310,305,202,0,16,16,12,8,0
77,large_drift,1.0,0.9162474274635315,0.7057476043701172,89,202,2534,300,202,0,47,29,5,8,0
78,large_drift,1.0,1.0514204502105713,0.7127673029899597,58,200,3067,429,200,0,16,29,5,8,0
79,large_drift,1.0,0.8691166043281555,0.4942317008972168,147,201,3992,493,201,0,16,111,12,8,0
80,large_drift,1.0,0.9165723323822021,0.3984442353248596,95,200,3672,346,200,0,48,16,23,8,0
81,large_drift,0.6,0.936956524848938,0.5632261037826538,60,201,4294,563,201,0,16,28,8,8,0
82,large_drift,0.7,1.0178719758987427,0.5727850198745728,122,213,4112,655,213,0,31,48,35,8,0
83,large_drift,1.0,1.0002354383468628,0.32943660020828247,120,200,2733,209,200,0,79,15,18,8,0
84,large_drift,0.6,0.8335529565811157,0.5110317468643188,71,200,4409,489,200,0,16,16,35,4,0
85,large_drift,1.0,0.998989462852478,0.7474133372306824,68,204,2342,350,204,0,15,16,29,8,0
86,large_drift,0.9,1.0946367979049683,0.7488440275192261,70,216,4193,607,216,0,32,13,17,8,0
87,large_drift,1.0,0.9588771462440491,0.64040607213974,65,202,3372,412,202,0,16,16,25,8,0
88,large_drift,1.0,0.7914022207260132,0.5427253246307373,87,201,3444,297,201,0,32,41,10,4,0
89,large_drift,1.0,0.9092473387718201,0.4057733416557312,111,200,3688,393,200,0,64,16,23,8,0
90,large_drift,0.9,0.9661003351211548,0.7644248008728027,56,210,3292,531,210,0,15,27,10,4,0
91,large_drift,1.0,0.8383840918540955,0.5056268572807312,109,207,4562,571,207,0,16,32,53,8,0
92,large_drift,1.0,0.9016838669776917,0.6822141408920288,84,203,3688,432,203,0,32,32,12,8,0
93,large_drift,0.9,1.0075159072875977,0.5767730474472046,118,200,3695,361,200,0,80,13,17,8,0
94,large_drift,1.0,0.9702118039131165,0.485295832157135,132,203,3928,336,203,0,64,32,28,8,0
95,large_drift,0.7,0.9795194268226624,0.6268923282623291,89,201,4129,425,201,0,16,32,33,8,0
96,large_drift,1.0,1.0383039712905884,0.37279021739959717,129,200,2006,200,200,0,87,29,5,8,0
97,large_drift,1.0,1.029384970664978,0.7209346294403076,80,224,3829,468,224,0,44,16,12,8,0
98,large_drift,1.0,1.0442500114440918,0.6160567998886108,147,204,4270,508,204,0,95,16,28,8,0
99,large_drift,0.9,1.001997947692871,0.5299838781356812,100,200,3434,391,200,0,48,32,12,8,0
100,large_drift,0.9,0.843262255191803,0.5152349472045898,105,203,4505,456,203,0,48,16,33,8,0
101,large_drift,0.8,0.8446363806724548,0.5507971048355103,94,201,3928,457,201,0,16,47,23,8,0
102,large_drift,1.0,0.9998770952224731,0.7997921705245972,84,213,2714,372,213,0,45,26,5,8,0
103,large_drift,1.0,0.8808584809303284,0.46347904205322266,76,200,3673,401,200,0,30,14,24,8,0
104,large_drift,0.8,0.7784780263900757,0.7784780263900757,37,204,4040,593,204,0,12,11,10,4,0
105,large_drift,1.0,1.0184813737869263,0.5376269221305847,84,202,3448,347,202,0,32,16,28,8,0
106,large_drift,1.0,1.171069860458374,0.7764687538146973,61,213,4081,588,213,0,16,31,6,8,0
107,large_drift,1.0,0.9649028182029724,0.47440648078918457,161,200,2881,298,200,0,64,59,30,8,0
108,large_drift,1.0,0.962661623954773,0.5247423648834229,118,200,2561,354,200,0,15,49,50,4,0
109,large_drift,0.9,0.9563811421394348,0.5975371599197388,96,200,3817,523,200,0,16,31,41,8,0
110,large_drift,1.0,0.8032382130622864,0.4341580867767334,79,201,4032,390,201,0,32,16,23,8,0
111,large_drift,1.0,0.97817063331604,0.5196049213409424,79,200,3657,374,200,0,16,32,23,8,0
112,large_drift,1.0,0.910717785358429,0.5133134126663208,93,200,3107,229,200,0,16,63,6,8,0
113,large_drift,1.0,1.0364587306976318,0.5485944747924805,124,201,3774,323,201,0,62,16,38,8,0
114,large_drift,1.0,1.0920703411102295,0.4313492774963379,70,200,1954,224,200,0,16,27,19,8,0
115,large_drift,1.0,0.8936794996261597,0.5129739046096802,108,202,4042,415,202,0,16,31,53,8,0
116,large_drift,0.8,0.9719800353050232,0.590727686882019,100,207,4789,534,207,0,32,15,45,8,0
117,large_drift,1.0,0.9897081255912781,0.6199034452438354,91,203,3014,300,203,0,44,16,23,8,0
118,large_drift,1.0,0.9250231981277466,0.4536789059638977,178,200,3102,266,200,0,111,47,12,8,0
119,large_drift,1.0,1.1568477153778076,0.557890772819519,121,200,3214,351,200,0,85,16,12,8,0
120,large_drift,1.0,0.7764090895652771,0.52944016456604,89,200,3949,438,200,0,16,32,33,8,0
121,large_drift,1.0,0.8162598609924316,0.5169026255607605,115,200,3963,460,200,0,48,47,12,8,0
122,large_drift,0.5,0.9317994117736816,0.5822649598121643,79,200,4335,562,200,0,16,22,33,8,0
123,large_drift,0.9,0.9960726499557495,0.8205228447914124,105,205,2969,502,205,0,15,48,34,8,0
124,large_drift,1.0,0.8957449197769165,0.5145177841186523,105,200,3945,448,200,0,48,16,33,8,0
125,large_drift,0.7,1.0896579027175903,0.6389400959014893,90,203,3873,474,203,0,16,58,8,8,0
126,large_drift,1.0,1.1866042613983154,0.6272917985916138,68,202,3905,431,202,0,32,16,12,8,0
127,large_drift,1.0,0.9765510559082031,0.6384007930755615,144,202,3385,365,202,0,46,56,34,8,0
128,large_drift,1.0,0.8596975803375244,0.6893247961997986,68,204,1480,211,204,0,15,30,19,4,0
129,large_drift,1.0,0.8491097092628479,0.5700048208236694,78,202,4390,510,202,0,16,32,22,8,0
130,large_drift,1.0,0.8248236775398254,0.5371065139770508,118,201,3926,437,201,0,32,48,30,8,0
131,large_drift,1.0,0.9906602501869202,0.44915103912353516,135,200,2722,245,200,0,64,16,47,8,0
132,large_drift,0.9,0.9249467253684998,0.464055597782135,112,203,4551,409,203,0,63,13,28,8,0
133,large_drift,0.9,1.0354658365249634,0.7116826176643372,49,204,4244,562,204,0,13,16,12,8,0
134,large_drift,0.8,1.0660659074783325,0.643075704574585,77,200,4041,476,200,0,15,48,6,8,0
135,large_drift,1.0,0.8491420745849609,0.4441680312156677,146,200,3882,383,200,0,48,47,43,8,0
136,large_drift,0.9,0.88611900806427,0.4342012405395508,78,200,3559,395,200,0,16,16,38,8,0
137,large_drift,0.6,0.9769011735916138,0.7300098538398743,104,203,4155,521,203,0,16,48,32,8,0
138,large_drift,1.0,1.0097304582595825,0.4891698956489563,93,201,3748,370,201,0,32,16,37,8,0
139,large_drift,1.0,1.0423307418823242,0.5703366994857788,84,209,4255,563,209,0,32,12,32,8,0
140,large_drift,1.0,1.177880048751831,0.7554548978805542,83,203,3496,410,203,0,32,31,12,8,0
141,large_drift,0.7,0.8631075620651245,0.5766359567642212,111,207,3863,530,207,0,48,15,40,8,0
142,large_drift,1.0,1.0508108139038086,0.6479958295822144,84,200,3496,372,200,0,31,23,22,8,0
143,large_drift,0.8,1.0498946905136108,0.6266003251075745,70,204,4236,573,204,0,16,16,30,8,0
144,large_drift,0.6,0.9394481182098389,0.6198190450668335,91,213,4861,607,213,0,30,32,21,8,0
145,large_drift,0.8,0.9134573340415955,0.6654996871948242,86,203,4142,507,203,0,48,13,17,8,0
146,large_drift,1.0,0.8704006671905518,0.5147096514701843,107,204,4200,429,204,0,45,32,22,8,0
147,large_drift,1.0,0.8805449604988098,0.6460509300231934,58,239,5200,707,239,0,32,13,5,8,0
148,large_drift,1.0,1.051182508468628,0.6731114983558655,90,202,3982,492,202,0,16,32,34,8,0
149,large_drift,1.0,1.0153629779815674,0.6307281255722046,77,201,3905,417,201,0,32,16,21,8,0
150,large_drift,0.9,0.9230438470840454,0.5746983885765076,99,201,3673,429,201,0,16,30,45,8,0
151,large_drift,0.7,0.9088948965072632,0.573881983757019,102,201,4163,441,201,0,16,43,35,8,0
152,large_drift,1.0,0.8837236762046814,0.6742366552352905,69,201,1892,179,201,0,14,30,17,8,0
153,large_drift,0.9,0.8082278966903687,0.537279486656189,103,200,4111,506,200,0,16,74,5,8,0
154,large_drift,0.6,0.9283886551856995,0.5600714683532715,90,200,4527,542,200,0,47,16,19,8,0
155,large_drift,0.9,1.0342671871185303,0.5972843170166016,87,202,4026,440,202,0,13,29,37,8,0
156,large_drift,0.9,1.0207691192626953,0.4392853379249573,123,200,3693,397,200,0,32,32,51,8,0
157,large_drift,1.0,0.9994326829910278,0.6026149988174438,87,200,4178,460,200,0,16,46,17,8,0
158,large_drift,1.0,0.9324065446853638,0.43374210596084595,97,200,3573,346,200,0,43,16,30,8,0
159,large_drift,1.0,0.7671992182731628,0.5035721063613892,94,202,4215,517,202,0,16,47,23,8,0
160,large_drift,1.0,1.031415343284607,0.43241971731185913,94,200,1906,192,200,0,29,40,17,8,0
161,large_drift,0.9,1.2544022798538208,0.6806721687316895,100,201,4081,502,201,0,30,32,30,8,0
162,large_drift,1.0,0.9510343670845032,0.5616379976272583,99,227,4574,617,227,0,32,16,43,8,0
163,large_drift,0.9,0.9721381068229675,0.6176781058311462,81,202,4019,475,202,0,32,16,25,8,0
164,large_drift,1.0,1.0207258462905884,0.7013894319534302,81,203,3903,468,203,0,16,45,12,8,0
165,large_drift,1.0,0.8373461961746216,0.5073274374008179,87,200,3818,382,200,0,48,14,17,8,0
166,large_drift,0.9,1.0068038702011108,0.5918419361114502,73,201,3446,372,201,0,16,16,33,8,0
167,large_drift,1.0,0.7545256614685059,0.3768688440322876,94,200,3845,391,200,0,32,16,38,8,0
168,large_drift,1.0,0.7959099411964417,0.4199262261390686,83,200,3402,266,200,0,30,16,33,4,0
169,large_drift,0.9,0.9366791248321533,0.4989076256752014,88,202,3639,464,202,0,16,31,33,8,0
170,large_drift,0.8,0.9768310785293579,0.6277990937232971,98,247,4943,696,247,0,31,16,43,8,0
171,large_drift,1.0,0.8719627261161804,0.5340309739112854,111,201,4281,411,201,0,48,32,23,8,0
172,large_drift,1.0,1.1333162784576416,0.5815420150756836,108,200,3826,397,200,0,31,48,21,8,0
173,large_drift,1.0,0.9438254833221436,0.6400858759880066,56,201,3926,463,201,0,16,27,5,8,0
174,large_drift,1.0,1.0740821361541748,0.6479240655899048,102,211,3905,580,211,0,32,32,30,8,0
175,large_drift,1.0,0.9596931338310242,0.5800431966781616,107,201,3734,368,201,0,16,30,53,8,0
176,large_drift,0.7,0.9071308970451355,0.6084044575691223,111,215,4544,638,215,0,32,48,23,8,0
177,large_drift,1.0,0.8935132622718811,0.5296604633331299,109,202,4163,454,202,0,16,32,53,8,0
178,large_drift,0.7,0.7796728014945984,0.5862371325492859,109,200,4110,428,200,0,16,32,57,4,0
179,large_drift,0.9,0.9030478000640869,0.7786658406257629,67,206,3580,505,206,0,16,15,32,4,0
180,large_drift,1.0,0.9569910764694214,0.6816972494125366,105,203,2547,298,203,0,47,45,5,8,0
181,large_drift,0.8,0.9293190240859985,0.6207548379898071,75,231,4560,570,231,0,16,13,38,8,0
182,large_drift,1.0,1.052391529083252,0.5217713117599487,106,202,3586,437,202,0,16,47,35,8,0
183,large_drift,0.9,1.0307159423828125,0.6422085762023926,64,231,4781,686,231,0,16,15,25,8,0
184,large_drift,1.0,0.7988413572311401,0.5649966597557068,88,207,3562,371,207,0,16,16,48,8,0
185,large_drift,1.0,1.0961406230926514,0.5765377283096313,92,201,3745,452,201,0,16,29,39,8,0
186,large_drift,0.6,1.0337553024291992,0.7168266773223877,61,205,3699,524,205,0,15,16,22,8,0
187,large_drift,0.8,0.9115056395530701,0.5083380937576294,79,222,4969,476,222,0,32,16,23,8,0
188,large_drift,1.0,1.100168228149414,0.470187783241272,90,200,3519,310,200,0,16,47,19,8,0
189,large_drift,1.0,1.035971760749817,0.5479065179824829,103,201,3975,439,201,0,31,32,32,8,0
190,large_drift,1.0,0.9995957612991333,0.6364853382110596,106,206,3396,381,206,0,16,31,51,8,0
191,large_drift,0.3,0.9299389719963074,0.6563313603401184,71,206,4270,497,206,0,16,16,31,8,0
192,large_drift,0.6,0.8605435490608215,0.6927608251571655,70,211,2998,503,211,0,29,13,24,4,0
193,large_drift,1.0,0.877045750617981,0.43862318992614746,95,200,1855,226,200,0,23,31,37,4,0
194,large_drift,0.9,0.8726281523704529,0.6984991431236267,76,213,3976,584,213,0,16,16,40,4,0
195,large_drift,0.7,0.6828384399414062,0.5292639136314392,69,200,3997,444,200,0,16,16,33,4,0
196,large_drift,0.9,1.0056592226028442,0.45484447479248047,86,200,3721,367,200,0,32,31,15,8,0
197,large_drift,0.8,0.8203941583633423,0.5107241868972778,86,216,4678,473,216,0,16,31,31,8,0
198,large_drift,0.9,0.9301175475120544,0.4724438786506653,67,200,4612,561,200,0,29,12,18,8,0
199,large_drift,0.9,1.193748950958252,0.8775748610496521,77,203,3647,413,203,0,16,32,21,8,0
200,large_drift,0.9,0.9061208963394165,0.5546498894691467,107,200,3670,374,200,0,44,32,23,8,0
201,large_drift,0.9,1.0023670196533203,0.5524206161499023,138,200,3923,463,200,0,32,92,6,8,0
202,large_drift,1.0,0.9866956472396851,0.546524167060852,110,201,3437,379,201,0,32,42,28,8,0
203,large_drift,1.0,0.9402081370353699,0.47622692584991455,73,200,4211,446,200,0,16,16,33,8,0
204,large_drift,1.0,0.9442458152770996,0.5142022371292114,95,201,3632,403,201,0,32,32,23,8,0
205,large_drift,0.5,0.8719367384910583,0.5420467853546143,73,200,4365,441,200,0,16,16,33,8,0
206,large_drift,1.0,0.8834717869758606,0.5948424339294434,92,204,3971,456,204,0,16,47,21,8,0
207,large_drift,1.0,1.0155677795410156,0.4568612575531006,106,200,3692,334,200,0,32,31,35,8,0
208,large_drift,1.0,0.851696252822876,0.5372269153594971,96,201,3823,340,201,0,13,32,43,8,0
209,large_drift,1.0,1.028524398803711,0.6214117407798767,49,202,3206,418,202,0,13,16,12,8,0
210,large_drift,0.9,1.0170166492462158,0.6646056175231934,52,206,3582,463,206,0,13,16,15,8,0
211,large_drift,1.0,0.8962857723236084,0.3576224446296692,89,200,3561,406,200,0,32,16,33,8,0
212,large_drift,0.8,0.6787896752357483,0.4667972922325134,108,201,4385,452,201,0,48,16,40,4,0
213,large_drift,0.6,0.7770807147026062,0.607269287109375,103,221,4264,558,221,0,59,26,14,4,0
214,large_drift,0.8,0.8674890398979187,0.5716972351074219,88,203,3871,563,203,0,16,31,33,8,0
215,large_drift,0.5,0.9059771299362183,0.5753235816955566,95,201,4269,498,201,0,16,48,23,8,0
216,large_drift,0.5,0.9616332054138184,0.529700517654419,73,202,4645,557,202,0,16,16,33,8,0
217,large_drift,1.0,0.9084826707839966,0.6788987517356873,71,203,3572,379,203,0,16,27,24,4,0
218,large_drift,1.0,0.9083614349365234,0.5156811475753784,126,200,3909,432,200,0,48,47,23,8,0
219,large_drift,0.9,1.0639476776123047,0.6711633801460266,79,204,3990,543,204,0,16,13,42,8,0
220,large_drift,0.9,0.8423404693603516,0.42547810077667236,102,200,3811,403,200,0,32,16,46,8,0
221,large_drift,1.0,0.9713284969329834,0.5940527319908142,113,200,2458,279,200,0,87,13,5,8,0
222,large_drift,1.0,0.790848970413208,0.5203789472579956,104,200,3533,286,200,0,47,29,24,4,0
223,large_drift,0.8,0.9966051578521729,0.5258225202560425,110,200,3861,421,200,0,48,16,38,8,0
224,large_drift,1.0,0.9742634296417236,0.5991914868354797,56,202,3537,391,202,0,16,14,18,8,0
225,large_drift,1.0,0.910528838634491,0.6680425405502319,58,206,3936,418,206,0,32,13,5,8,0
226,large_drift,0.9,0.9120419025421143,0.5964744687080383,85,203,4405,474,203,0,32,31,14,8,0
227,large_drift,1.0,0.9279665946960449,0.4145367741584778,132,200,2884,233,200,0,45,32,47,8,0
228,large_drift,1.0,1.0285441875457764,0.3799305558204651,112,200,2228,227,200,0,43,33,28,8,0
229,large_drift,0.8,0.894601583480835,0.6651289463043213,83,201,4152,441,201,0,32,31,12,8,0
230,large_drift,1.0,0.8322793841362,0.41621512174606323,105,200,3805,362,200,0,48,16,33,8,0
231,large_drift,1.0,1.0305145978927612,0.39118945598602295,138,200,2172,196,200,0,75,31,24,8,0
232,large_drift,1.0,0.9629135131835938,0.5207294225692749,102,201,3310,384,201,0,42,15,37,8,0
233,large_drift,1.0,0.9026472568511963,0.4501408338546753,89,200,2957,253,200,0,28,23,34,4,0
234,large_drift,1.0,0.8523987531661987,0.6530417203903198,59,205,3971,559,205,0,16,16,19,8,0
235,large_drift,1.0,1.1306382417678833,0.6462081074714661,101,201,3987,404,201,0,32,47,14,8,0
236,large_drift,1.0,1.1273252964019775,0.5863357186317444,87,202,4353,486,202,0,16,26,37,8,0
237,large_drift,1.0,0.8947308659553528,0.45250654220581055,118,200,2864,234,200,0,63,31,20,4,0
238,large_drift,0.8,0.943202555179596,0.7313765287399292,68,202,3893,504,202,0,16,26,18,8,0
239,large_drift,0.9,1.079016089439392,0.6312602758407593,42,203,3858,393,203,0,16,13,5,8,0
240,large_drift,1.0,1.0177654027938843,0.48278099298477173,111,201,3474,364,201,0,46,45,12,8,0
241,large_drift,1.0,0.9389795064926147,0.5102945566177368,109,200,4102,396,200,0,60,13,28,8,0
242,large_drift,0.6,0.842628002166748,0.6015104055404663,120,201,3829,422,201,0,32,75,5,8,0
243,large_drift,0.7,1.0713131427764893,0.7011900544166565,78,203,4305,471,203,0,32,16,22,8,0
244,large_drift,0.9,0.8865818977355957,0.6120131015777588,90,204,3719,532,204,0,16,40,30,4,0
245,large_drift,1.0,0.835744321346283,0.45549678802490234,126,201,4047,356,201,0,16,48,54,8,0
246,large_drift,0.9,1.0715333223342896,0.7262786030769348,52,213,4159,573,213,0,13,16,15,8,0
247,large_drift,1.0,0.9594938158988953,0.3393006920814514,130,200,2761,323,200,0,48,32,42,8,0
248,large_drift,1.0,0.8575780987739563,0.4061102271080017,121,200,3796,413,200,0,48,57,8,8,0
249,large_drift,1.0,0.9960622191429138,0.500569224357605,64,200,3195,283,200,0,15,24,17,8,0
250,large_drift,0.9,0.9745083451271057,0.6265463829040527,58,203,4052,461,203,0,32,13,5,8,0
251,large_drift,0.9,0.8465615510940552,0.7313917875289917,49,204,3903,456,204,0,14,13,18,4,0
252,large_drift,1.0,0.838007926940918,0.5905946493148804,100,200,3568,439,200,0,16,45,35,4,0
253,large_drift,0.8,1.020135760307312,0.7305625677108765,100,202,4053,468,202,0,48,16,28,8,0
254,large_drift,1.0,1.0400420427322388,0.5563035607337952,124,200,3087,347,200,0,45,48,23,8,0
255,large_drift,0.9,0.9964597821235657,0.7545624375343323,78,202,4215,568,202,0,16,31,23,8,0
256,large_drift,0.8,0.886471152305603,0.4725869297981262,145,200,3901,419,200,0,44,47,46,8,0
257,large_drift,1.0,1.0445947647094727,0.8254339098930359,53,209,4076,621,209,0,15,11,19,8,0
258,large_drift,1.0,0.9271959066390991,0.49437713623046875,91,200,3650,433,200,0,32,13,38,8,0
259,large_drift,0.9,0.9175828695297241,0.4844629168510437,97,200,4109,424,200,0,30,16,43,8,0
260,large_drift,0.7,0.9974629282951355,0.5394396781921387,79,202,4068,514,202,0,32,16,23,8,0
261,large_drift,1.0,0.9396697878837585,0.6102654933929443,90,201,3667,464,201,0,48,29,5,8,0
262,large_drift,0.8,0.9494186639785767,0.5912327170372009,122,205,4064,469,205,0,64,45,5,8,0
263,large_drift,0.8,1.1562930345535278,0.6644191741943359,98,203,3085,349,203,0,45,23,22,8,0
264,large_drift,1.0,0.8862460255622864,0.6924450397491455,65,203,3369,437,203,0,30,21,10,4,0
265,large_drift,0.8,0.9568890333175659,0.6140938997268677,71,207,4272,647,207,0,16,32,15,8,0
266,large_drift,0.8,0.8254014253616333,0.46544891595840454,73,200,3929,412,200,0,16,16,33,8,0
267,large_drift,1.0,0.8321043252944946,0.468838095664978,56,200,3633,383,200,0,16,14,18,8,0
268,large_drift,0.9,0.8648431301116943,0.48813217878341675,89,200,4037,464,200,0,16,32,33,8,0
269,large_drift,0.7,0.9538539052009583,0.7033798694610596,116,203,3967,406,203,0,31,63,14,8,0
270,large_drift,0.9,1.1616908311843872,0.7484912872314453,77,208,3881,545,208,0,32,15,22,8,0
271,large_drift,1.0,0.9450967311859131,0.5763927102088928,67,200,3235,440,200,0,16,28,19,4,0
272,large_drift,1.0,0.9042990803718567,0.5441523790359497,79,200,3480,391,200,0,16,32,23,8,0
273,large_drift,0.6,0.8934966325759888,0.6724770069122314,89,201,4126,514,201,0,32,27,26,4,0
274,large_drift,0.8,1.0113606452941895,0.6716082692146301,105,210,4459,608,210,0,63,29,5,8,0
275,large_drift,1.0,1.0978833436965942,0.7319828271865845,85,201,2757,356,201,0,32,32,13,8,0
276,large_drift,1.0,1.0419057607650757,0.6562145948410034,84,202,3595,395,202,0,16,32,28,8,0
277,large_drift,0.7,0.8905621767044067,0.6593031883239746,107,204,4256,464,204,0,32,48,19,8,0
278,large_drift,1.0,0.9639756083488464,0.6157280802726746,68,223,3992,643,223,0,26,29,5,8,0
279,large_drift,1.0,0.9676916003227234,0.5732990503311157,87,200,4101,455,200,0,32,28,19,8,0
280,large_drift,1.0,1.007584810256958,0.38555091619491577,125,202,3978,424,202,0,48,16,53,8,0
281,large_drift,1.0,0.963985800743103,0.5597500801086426,110,202,2854,258,202,0,80,16,6,8,0
282,large_drift,1.0,0.8674533367156982,0.49535542726516724,121,201,4315,450,201,0,64,16,33,8,0
283,large_drift,1.0,1.10481595993042,0.6021143794059753,104,200,2780,254,200,0,14,57,29,4,0
284,large_drift,0.5,1.0058690309524536,0.5917366743087769,88,214,4575,600,214,0,16,46,18,8,0
285,large_drift,0.5,0.8569710850715637,0.6263797879219055,126,200,4116,478,200,0,32,64,22,8,0
286,large_drift,1.0,1.024410367012024,0.6934914588928223,115,210,4041,578,210,0,32,32,43,8,0
287,large_drift,0.9,1.0745431184768677,0.5763717293739319,116,200,3460,392,200,0,76,27,5,8,0
288,large_drift,1.0,1.0206552743911743,0.6859053373336792,90,201,3663,407,201,0,64,13,5,8,0
289,large_drift,0.9,1.0386595726013184,0.6312231421470642,69,202,3863,456,202,0,32,16,13,8,0
290,large_drift,1.0,0.9865628480911255,0.43670356273651123,73,200,3743,357,200,0,16,16,33,8,0
291,large_drift,1.0,0.7225698232650757,0.4546980857849121,76,200,3666,323,200,0,16,32,24,4,0
292,large_drift,0.9,1.196284532546997,0.7224730253219604,68,203,3860,535,203,0,16,13,31,8,0
293,large_drift,1.0,0.8372052907943726,0.5224683880805969,106,200,3607,447,200,0,46,16,36,8,0
294,large_drift,1.0,0.8991667628288269,0.6195625066757202,80,204,4009,498,204,0,16,16,44,4,0
295,large_drift,0.9,0.9117685556411743,0.5253568887710571,103,201,4084,387,201,0,32,30,33,8,0
296,large_drift,0.7,1.0270037651062012,0.5379127860069275,76,203,4038,514,203,0,30,16,22,8,0
297,large_drift,1.0,0.9971056580543518,0.7020761966705322,80,201,2651,242,201,0,32,25,19,4,0
298,large_drift,1.0,0.9392953515052795,0.6037228107452393,62,200,3111,317,200,0,16,13,25,8,0
299,large_drift,1.0,1.1289758682250977,0.8617225885391235,42,204,2469,271,204,0,16,13,5,8,0
300,large_drift,1.0,1.0476598739624023,0.5165776610374451,90,201,2944,275,201,0,48,29,5,8,0
301,large_drift,0.8,0.9105468988418579,0.4742141366004944,71,209,4353,525,209,0,16,16,31,8,0
302,large_drift,0.8,0.872878909111023,0.5609868168830872,77,202,4119,433,202,0,48,13,8,8,0
303,large_drift,0.7,0.9237169027328491,0.4206954836845398,78,200,4336,477,200,0,16,16,38,8,0
304,large_drift,1.0,0.9997740387916565,0.7786489725112915,119,204,3512,459,204,0,47,59,5,8,0
305,large_drift,0.7,0.6830036640167236,0.5130230188369751,71,200,4104,388,200,0,16,16,35,4,0
306,large_drift,1.0,0.799894392490387,0.5908410549163818,62,201,3896,353,201,0,32,12,14,4,0
307,large_drift,1.0,1.1033039093017578,0.5898809432983398,68,208,2185,450,208,0,16,32,12,8,0
308,large_drift,0.9,1.0374635457992554,0.6606371402740479,88,206,4125,552,206,0,11,63,6,8,0
309,large_drift,1.0,0.9338240027427673,0.5525972843170166,95,201,3842,396,201,0,16,32,39,8,0
310,large_drift,1.0,0.8769676685333252,0.5673681497573853,87,201,3015,331,201,0,16,57,6,8,0
311,large_drift,0.7,0.9438714385032654,0.5653313994407654,80,200,3830,484,200,0,16,16,40,8,0
312,large_drift,0.9,0.928887128829956,0.6783226728439331,120,201,3502,409,201,0,16,91,5,8,0
313,large_drift,1.0,0.8291361927986145,0.4407966732978821,79,200,3998,386,200,0,32,16,23,8,0
314,large_drift,0.7,0.9377398490905762,0.5491780042648315,83,203,4177,500,203,0,31,16,28,8,0
315,large_drift,0.8,0.9124967455863953,0.5863463282585144,115,200,4428,519,200,0,15,60,32,8,0
316,large_drift,1.0,0.9537922143936157,0.5036851167678833,118,200,3888,447,200,0,16,79,15,8,0
317,large_drift,0.6,0.8769049048423767,0.4980551600456238,84,201,4213,499,201,0,31,16,29,8,0
318,large_drift,1.0,1.0124247074127197,0.7129718661308289,42,203,4069,494,203,0,16,13,5,8,0
319,large_drift,1.0,0.9949309825897217,0.45033812522888184,105,200,2552,257,200,0,16,31,50,8,0
320,large_drift,1.0,0.8348500728607178,0.5456215739250183,73,202,4204,491,202,0,16,16,33,8,0
321,large_drift,1.0,0.9776291847229004,0.6725564002990723,93,201,3719,370,201,0,31,31,23,8,0
322,large_drift,1.0,1.0729031562805176,0.6893093585968018,42,202,3278,362,202,0,16,13,5,8,0
323,large_drift,1.0,1.0905632972717285,0.6374053359031677,109,200,3801,417,200,0,48,16,37,8,0
324,large_drift,1.0,0.9086483716964722,0.4818878173828125,112,201,3989,377,201,0,29,32,43,8,0
325,large_drift,1.0,0.8389031291007996,0.3863893151283264,73,202,3848,378,202,0,16,16,33,8,0
326,large_drift,0.8,1.0854930877685547,0.7779505252838135,101,203,4066,502,203,0,28,32,33,8,0
327,large_drift,0.9,0.9810791015625,0.503891110420227,79,200,3831,406,200,0,16,32,23,8,0
328,large_drift,1.0,1.0640733242034912,0.7009434700012207,58,201,4037,472,201,0,32,13,5,8,0
329,large_drift,1.0,0.8491858243942261,0.5141657590866089,96,201,3318,335,201,0,26,32,34,4,0
330,large_drift,1.0,0.9176204204559326,0.6719067096710205,68,206,3896,537,206,0,29,16,15,8,0
331,large_drift,0.9,0.9710149765014648,0.6489503383636475,80,203,4632,561,203,0,16,28,28,8,0
332,large_drift,1.0,1.0711396932601929,0.7209707498550415,52,202,2756,277,202,0,13,16,15,8,0
333,large_drift,1.0,0.9016179442405701,0.5873937606811523,91,201,3842,403,201,0,42,26,15,8,0
334,large_drift,1.0,0.7333958148956299,0.6452884674072266,92,210,3943,570,210,0,32,32,24,4,0
335,large_drift,0.9,0.9812899231910706,0.6271697282791138,83,205,3667,480,205,0,16,47,12,8,0
336,large_drift,1.0,0.7954169511795044,0.4622054696083069,120,200,3196,298,200,0,60,32,24,4,0
337,large_drift,0.8,0.9319166541099548,0.579767644405365,88,207,4014,514,207,0,16,16,48,8,0
338,large_drift,1.0,0.8919305205345154,0.5397366881370544,95,200,3600,327,200,0,16,43,28,8,0
339,large_drift,1.0,0.9035907983779907,0.5422918200492859,92,200,2863,293,200,0,15,47,22,8,0
340,large_drift,0.9,0.9155787229537964,0.5720213651657104,84,205,3912,438,205,0,45,16,15,8,0
341,large_drift,1.0,1.006295919418335,0.6885308027267456,53,204,3741,418,204,0,16,16,13,8,0
342,large_drift,0.6,0.9103463888168335,0.5516684055328369,123,201,4166,506,201,0,32,47,36,8,0
343,large_drift,1.0,1.1090118885040283,0.3732471466064453,94,200,2176,226,200,0,30,34,22,8,0
344,large_drift,0.7,0.9938616752624512,0.6076318025588989,113,201,4434,575,201,0,48,29,28,8,0
345,large_drift,1.0,0.8419743776321411,0.6480683088302612,91,218,4516,561,218,0,16,48,19,8,0
346,large_drift,0.9,0.9933464527130127,0.7187192440032959,53,210,4358,636,210,0,15,11,19,8,0
347,large_drift,1.0,0.9906389713287354,0.5788532495498657,98,200,3525,501,200,0,32,16,42,8,0
348,large_drift,1.0,0.8235076665878296,0.5441387891769409,94,204,3129,364,204,0,16,48,22,8,0
349,large_drift,1.0,1.012773871421814,0.5695536732673645,73,201,3903,477,201,0,16,16,33,8,0
350,large_drift,0.8,0.9287229776382446,0.5669002532958984,104,200,4307,468,200,0,16,47,33,8,0
351,large_drift,1.0,0.9368109703063965,0.47820281982421875,105,200,3851,390,200,0,48,16,33,8,0
352,large_drift,1.0,0.9855722188949585,0.5436675548553467,63,200,3937,469,200,0,16,16,23,8,0
353,large_drift,0.8,0.964878499507904,0.5307996869087219,96,200,4348,453,200,0,32,16,40,8,0
354,large_drift,1.0,0.9981326460838318,0.40000057220458984,106,200,2818,288,200,0,48,45,5,8,0
355,large_drift,1.0,0.9491827487945557,0.5954219698905945,88,211,4193,642,211,0,16,45,19,8,0
356,large_drift,1.0,0.8957001566886902,0.7624319791793823,49,204,2343,316,204,0,14,13,18,4,0
357,large_drift,1.0,1.1638059616088867,0.6956963539123535,102,202,3640,408,202,0,48,28,18,8,0
358,large_drift,0.9,0.9718095064163208,0.7345134019851685,76,217,4414,715,217,0,16,31,25,4,0
359,large_drift,1.0,0.8631577491760254,0.5305905938148499,71,201,3524,399,201,0,16,16,35,4,0
360,large_drift,1.0,1.0267748832702637,0.3738577961921692,129,200,2215,212,200,0,46,58,17,8,0
361,large_drift,0.9,1.0995094776153564,0.680901288986206,81,200,3921,405,200,0,32,16,25,8,0
362,large_drift,0.8,0.8148736953735352,0.5829964280128479,101,203,3980,455,203,0,32,29,32,8,0
363,large_drift,0.8,0.8614489436149597,0.645585298538208,69,204,4272,504,204,0,16,16,29,8,0
364,large_drift,0.8,0.9336407780647278,0.5330491662025452,93,200,4544,469,200,0,16,16,53,8,0
365,large_drift,0.9,0.9437677264213562,0.5202709436416626,117,200,3655,413,200,0,16,61,32,8,0
366,large_drift,1.0,0.8585269451141357,0.4898067116737366,93,200,2260,238,200,0,14,65,10,4,0
367,large_drift,1.0,0.8270792961120605,0.5451565384864807,108,204,3773,434,204,0,32,32,40,4,0
368,large_drift,0.8,0.9719762802124023,0.644241213798523,88,207,3712,535,207,0,16,59,5,8,0
369,large_drift,1.0,1.100408911705017,0.4307035803794861,124,200,2010,204,200,0,78,13,25,8,0
370,large_drift,1.0,0.9898775815963745,0.42997556924819946,67,200,2466,228,200,0,16,29,14,8,0
371,large_drift,0.9,0.9299272894859314,0.6411457061767578,89,202,3533,405,202,0,32,44,5,8,0
372,large_drift,0.9,0.9950774312019348,0.707334578037262,110,206,4159,510,206,0,16,80,6,8,0
373,large_drift,0.9,1.1036485433578491,0.758871853351593,68,200,3098,363,200,0,14,41,5,8,0
374,large_drift,1.0,1.0965631008148193,0.7108646035194397,81,201,2578,321,201,0,15,44,14,8,0
375,large_drift,1.0,1.0443143844604492,0.6531813740730286,58,202,2620,267,202,0,16,29,5,8,0
376,large_drift,1.0,0.9115875363349915,0.4158206582069397,79,202,3415,369,202,0,16,32,23,8,0
377,large_drift,0.7,0.9894842505455017,0.5385739803314209,103,200,3973,480,200,0,16,62,17,8,0
378,large_drift,0.9,1.0442312955856323,0.6381345391273499,87,253,5331,678,253,0,32,16,31,8,0
379,large_drift,0.9,1.0036873817443848,0.48176711797714233,105,200,3923,397,200,0,48,16,33,8,0
380,large_drift,1.0,0.9087450504302979,0.5395963191986084,105,200,4160,471,200,0,30,46,21,8,0
381,large_drift,1.0,0.9971011281013489,0.5372413396835327,68,200,3765,424,200,0,14,41,5,8,0
382,large_drift,1.0,1.1744022369384766,0.832221269607544,58,209,4237,560,209,0,15,16,19,8,0
383,large_drift,1.0,0.6439269781112671,0.44362908601760864,94,201,3819,418,201,0,16,47,23,8,0
384,large_drift,1.0,0.9123144149780273,0.35238683223724365,140,200,3107,279,200,0,48,63,21,8,0
385,large_drift,1.0,0.9262804388999939,0.6552566289901733,90,201,3952,353,201,0,32,45,5,8,0
386,large_drift,1.0,1.0114010572433472,0.5721608400344849,108,200,2816,320,200,0,16,69,19,4,0
387,large_drift,0.8,0.9892647862434387,0.5765606164932251,89,200,4257,499,200,0,16,60,5,8,0
388,large_drift,1.0,0.8346311450004578,0.45490485429763794,88,200,3795,346,200,0,16,31,33,8,0
389,large_drift,1.0,0.7988364696502686,0.5321868658065796,91,201,3914,330,201,0,16,27,40,8,0
390,large_drift,1.0,1.1386752128601074,0.6374790072441101,90,201,3363,312,201,0,64,13,5,8,0
391,large_drift,0.9,1.0395255088806152,0.5960183143615723,103,202,3900,512,202,0,32,32,31,8,0
392,large_drift,0.9,0.8784761428833008,0.522995114326477,113,200,4148,398,200,0,16,46,43,8,0
393,large_drift,1.0,0.9252350330352783,0.492186963558197,119,200,3687,410,200,0,64,32,15,8,0
394,large_drift,0.3,0.8831462860107422,0.6394087076187134,65,208,4608,586,208,0,16,13,28,8,0
395,large_drift,0.9,0.7738351821899414,0.5710375308990479,77,208,4292,581,208,0,32,16,25,4,0
396,large_drift,0.9,1.1346385478973389,0.7286190986633301,87,209,3632,492,209,0,16,58,5,8,0
397,large_drift,0.7,1.106545090675354,0.6817070245742798,98,216,4472,543,216,0,15,42,33,8,0
398,large_drift,0.8,1.01820969581604,0.5507892966270447,96,202,3745,401,202,0,32,44,12,8,0
399,large_drift,1.0,0.9196106195449829,0.5678623914718628,68,201,4461,477,201,0,16,16,28,8,0
400,large_drift,1.0,0.908453643321991,0.39754974842071533,127,200,2516,229,200,0,72,41,6,8,0
401,large_drift,0.9,1.1588548421859741,0.7687578201293945,70,205,3972,479,205,0,32,13,17,8,0
402,large_drift,1.0,0.8550296425819397,0.31116336584091187,126,200,3731,379,200,0,63,32,23,8,0
403,large_drift,1.0,0.9106758832931519,0.5094379782676697,79,200,3372,363,200,0,16,32,23,8,0
404,large_drift,1.0,0.9268419146537781,0.7405539751052856,61,208,3414,512,208,0,32,13,8,8,0
405,large_drift,0.9,1.0232924222946167,0.5931568145751953,83,206,3473,497,206,0,32,31,12,8,0
406,large_drift,0.7,1.0131409168243408,0.7000080943107605,98,222,4675,641,222,0,16,16,58,8,0
407,large_drift,1.0,0.9815859794616699,0.6263824701309204,74,201,3497,351,201,0,15,16,35,8,0
408,large_drift,0.7,0.9751238822937012,0.5186904668807983,91,209,4318,530,209,0,16,32,35,8,0
409,large_drift,1.0,0.9748468399047852,0.7363325357437134,100,202,1930,260,202,0,48,25,19,8,0
410,large_drift,1.0,0.9105175137519836,0.8286404013633728,54,206,3020,352,206,0,16,13,17,8,0
411,large_drift,0.5,0.9786545634269714,0.4489402770996094,91,200,3917,444,200,0,32,29,22,8,0
412,large_drift,1.0,0.8202658891677856,0.36638468503952026,127,200,3691,335,200,0,44,32,43,8,0
413,large_drift,1.0,0.8959073424339294,0.58246910572052,77,202,3390,291,202,0,15,30,24,8,0
414,large_drift,0.9,0.8319896459579468,0.44260674715042114,79,200,3451,314,200,0,16,32,23,8,0
415,large_drift,1.0,1.020550012588501,0.6156957745552063,77,202,4115,432,202,0,16,16,37,8,0
416,large_drift,1.0,1.1795310974121094,0.45571887493133545,119,201,3107,221,201,0,48,43,20,8,0
417,large_drift,0.8,1.0557222366333008,0.6212459802627563,82,200,3994,503,200,0,16,16,42,8,0
418,large_drift,1.0,1.1252293586730957,0.6768017411231995,115,200,3296,388,200,0,13,42,52,8,0
419,large_drift,0.7,0.9465508460998535,0.5607396364212036,78,206,4054,593,206,0,42,16,12,8,0
420,large_drift,1.0,1.1441521644592285,0.8040050864219666,42,203,3432,412,203,0,16,13,5,8,0
421,large_drift,0.9,1.1211875677108765,0.8633280992507935,58,205,3876,474,205,0,32,13,5,8,0
422,large_drift,1.0,0.886870801448822,0.506708025932312,78,203,3738,313,203,0,13,29,28,8,0
423,large_drift,0.8,0.7955641150474548,0.533778190612793,114,201,3937,502,201,0,16,76,14,8,0
424,large_drift,1.0,0.9266917705535889,0.33083778619766235,119,200,1831,153,200,0,30,37,48,4,0
425,large_drift,0.8,1.0822266340255737,0.676230788230896,88,208,4093,570,208,0,32,43,5,8,0
426,large_drift,0.5,0.8837352991104126,0.6569136381149292,96,218,4812,692,218,0,28,48,12,8,0
427,large_drift,1.0,1.0889596939086914,0.6545915603637695,97,202,3931,496,202,0,32,28,29,8,0
428,large_drift,0.8,0.8638637661933899,0.5365350246429443,111,205,4229,497,205,0,32,48,23,8,0
429,large_drift,0.9,0.966500997543335,0.5264731645584106,103,201,3729,439,201,0,46,16,33,8,0
430,large_drift,1.0,1.007312297821045,0.7597607374191284,69,203,3631,426,203,0,16,14,31,8,0
431,large_drift,0.7,0.7391815185546875,0.504050612449646,105,200,3901,404,200,0,48,16,33,8,0
432,large_drift,1.0,0.9742264747619629,0.5853844881057739,139,200,3610,374,200,0,48,64,19,8,0
433,large_drift,0.9,1.0397515296936035,0.693316638469696,83,201,3366,394,201,0,15,48,12,8,0
434,large_drift,1.0,1.1756564378738403,0.7230302095413208,69,202,3418,319,202,0,32,16,13,8,0
435,large_drift,1.0,0.9582499861717224,0.7113016843795776,52,209,3617,525,209,0,13,16,15,8,0
436,large_drift,1.0,0.7918233275413513,0.4258854389190674,63,200,3961,373,200,0,16,16,23,8,0
437,large_drift,1.0,1.112258791923523,0.41788148880004883,128,200,2463,219,200,0,32,83,5,8,0
438,large_drift,1.0,0.7889495491981506,0.6498381495475769,79,207,4192,594,207,0,32,14,25,8,0
439,large_drift,1.0,0.8317769765853882,0.4545772075653076,94,201,3632,382,201,0,16,47,23,8,0
440,large_drift,1.0,0.9471283555030823,0.6625509858131409,101,202,2537,260,202,0,48,40,5,8,0
441,large_drift,0.7,1.0668425559997559,0.5427954196929932,121,200,3711,354,200,0,64,15,34,8,0
442,large_drift,1.0,0.9462212920188904,0.5449289083480835,78,201,4030,491,201,0,16,16,38,8,0
443,large_drift,0.9,1.0473493337631226,0.8466933965682983,55,205,3710,493,205,0,16,9,22,8,0
444,large_drift,1.0,1.0584232807159424,0.773576021194458,60,206,3941,424,206,0,16,28,8,8,0
445,large_drift,1.0,0.9692426323890686,0.4838802218437195,114,200,2549,233,200,0,76,11,19,8,0
446,large_drift,0.7,0.8807950019836426,0.6288033723831177,91,217,4690,614,217,0,16,48,19,8,0
447,large_drift,0.9,0.9519792795181274,0.6628333330154419,100,217,4285,633,217,0,32,48,12,8,0
448,large_drift,0.9,0.8376373648643494,0.46989405155181885,105,200,3552,397,200,0,29,32,40,4,0
449,large_drift,1.0,0.9222471117973328,0.619117259979248,71,201,3969,450,201,0,16,16,35,4,0
450,large_drift,0.5,1.0366657972335815,0.6890888214111328,78,203,4579,537,203,0,32,16,22,8,0
451,large_drift,1.0,1.0364726781845093,0.572681188583374,89,200,3381,349,200,0,32,44,5,8,0
452,large_drift,0.7,0.8612368106842041,0.6009060144424438,85,202,4103,471,202,0,32,16,33,4,0
453,large_drift,1.0,1.0457675457000732,0.47197556495666504,106,200,2596,246,200,0,31,32,35,8,0
454,large_drift,1.0,0.8413034677505493,0.3865816593170166,125,200,3925,358,200,0,48,31,38,8,0
455,large_drift,1.0,0.9746295213699341,0.6334913372993469,88,203,3954,540,203,0,16,31,33,8,0
456,large_drift,0.9,1.0702319145202637,0.6566720008850098,63,201,4028,548,201,0,16,16,23,8,0
457,large_drift,1.0,0.8789721131324768,0.5502162575721741,96,201,3972,443,201,0,47,13,28,8,0
458,large_drift,1.0,0.991854727268219,0.5690858960151672,87,205,3999,389,205,0,16,32,31,8,0
459,large_drift,1.0,0.7931835055351257,0.4737151861190796,86,200,3324,331,200,0,48,15,19,4,0
460,large_drift,0.9,0.975849986076355,0.7280900478363037,89,201,3952,514,201,0,13,29,39,8,0
461,large_drift,1.0,0.9497044682502747,0.5641498565673828,100,200,3772,410,200,0,32,32,28,8,0
462,large_drift,1.0,1.1623252630233765,0.8609656691551208,73,203,3301,425,203,0,16,43,6,8,0
463,large_drift,1.0,0.6985575556755066,0.5794509649276733,58,200,2800,285,200,0,23,21,10,4,0
464,large_drift,1.0,1.0820095539093018,0.7087159156799316,77,205,3236,392,205,0,15,16,38,8,0
465,large_drift,1.0,0.9310722351074219,0.3443586230278015,95,200,2184,177,200,0,30,44,17,4,0
466,large_drift,1.0,0.8977590203285217,0.3990550637245178,104,200,2457,180,200,0,48,43,5,8,0
467,large_drift,0.8,0.9526453614234924,0.5847805738449097,90,201,4119,512,201,0,16,61,5,8,0
468,large_drift,1.0,1.2048779726028442,0.8725698590278625,66,250,4535,437,250,0,15,21,22,8,0
469,large_drift,0.7,0.8234537839889526,0.5087262392044067,88,202,4228,487,202,0,16,31,33,8,0
470,large_drift,1.0,0.9483350515365601,0.5751993656158447,98,201,3486,343,201,0,16,46,28,8,0
471,large_drift,0.7,0.9531511664390564,0.6049371957778931,82,221,4899,544,221,0,16,16,42,8,0
472,large_drift,0.7,1.0097557306289673,0.5334833860397339,105,200,4171,402,200,0,48,15,34,8,0
473,large_drift,0.8,1.1892218589782715,0.8418725728988647,49,247,4577,685,247,0,13,16,12,8,0
474,large_drift,0.8,0.9293460845947266,0.4587222933769226,89,200,3915,423,200,0,32,16,33,8,0
475,large_drift,1.0,0.9908363223075867,0.6214007139205933,71,213,3689,552,213,0,16,16,31,8,0
476,large_drift,1.0,1.0089952945709229,0.47859030961990356,87,200,2966,294,200,0,14,41,24,8,0
477,large_drift,0.8,0.8311970829963684,0.4482802748680115,89,207,4060,433,207,0,32,16,33,8,0
478,large_drift,0.7,0.8179208636283875,0.46107804775238037,93,204,4736,550,204,0,30,32,23,8,0
479,large_drift,0.9,1.0649478435516357,0.5033001899719238,135,200,4002,354,200,0,63,46,18,8,0
480,large_drift,0.9,0.8360034227371216,0.4855372905731201,132,202,4169,478,202,0,80,32,12,8,0
481,large_drift,0.9,0.8346008062362671,0.5203020572662354,71,201,3963,396,201,0,16,16,31,8,0
482,large_drift,1.0,0.972881019115448,0.4610934257507324,79,200,3361,336,200,0,16,32,23,8,0
483,large_drift,1.0,0.9047494530677795,0.5655603408813477,180,201,4208,380,201,0,48,112,12,8,0
484,large_drift,1.0,0.9992129802703857,0.183455228805542,114,200,2821,242,200,0,28,48,34,4,0
485,large_drift,1.0,1.0064259767532349,0.5560543537139893,151,200,3308,348,200,0,95,16,32,8,0
486,large_drift,0.9,0.90235435962677,0.4829990863800049,73,200,3197,318,200,0,16,16,33,8,0
487,large_drift,0.8,0.9577652215957642,0.5969032049179077,68,204,4651,631,204,0,16,32,12,8,0
488,large_drift,0.9,0.874798059463501,0.49981147050857544,73,205,3984,403,205,0,16,16,33,8,0
489,large_drift,0.9,1.003617525100708,0.6404792070388794,62,201,3608,455,201,0,15,16,23,8,0
490,large_drift,0.6,1.0156973600387573,0.6406348943710327,74,200,4200,540,200,0,16,45,5,8,0
491,large_drift,1.0,1.0078327655792236,0.6311777830123901,103,201,3611,350,201,0,32,32,31,8,0
492,large_drift,1.0,0.9339481592178345,0.3871816396713257,79,200,3391,313,200,0,16,32,23,8,0
493,large_drift,1.0,0.9799007773399353,0.6833805441856384,97,220,4149,683,220,0,16,45,28,8,0
494,large_drift,1.0,0.868698239326477,0.5013407468795776,135,200,3940,448,200,0,64,16,47,8,0
495,large_drift,0.9,1.1302642822265625,0.7458086013793945,90,203,4141,632,203,0,16,31,35,8,0
496,large_drift,1.0,1.0668455362319946,0.8603825569152832,92,203,2446,316,203,0,32,44,8,8,0
497,large_drift,0.9,0.7715562582015991,0.44943708181381226,86,201,4623,471,201,0,13,29,40,4,0
498,large_drift,0.5,0.9387187361717224,0.5431081056594849,89,211,4303,470,211,0,32,16,33,8,0
499,large_drift,0.8,0.9248635768890381,0.5545769929885864,84,203,4017,493,203,0,16,48,12,8,0
500,large_drift,0.7,0.8806607723236084,0.5685684680938721,88,200,4314,441,200,0,16,31,33,8,0
501,large_drift,1.0,0.8837809562683105,0.4300381541252136,110,200,4003,393,200,0,32,47,23,8,0
502,large_drift,1.0,0.8117895722389221,0.4592500329017639,96,200,3991,326,200,0,15,45,28,8,0
503,large_drift,0.6,0.9822601079940796,0.510343611240387,92,201,4687,537,201,0,47,16,21,8,0
504,large_drift,0.5,0.9930562973022461,0.6514917016029358,87,205,4794,607,205,0,45,26,8,8,0
505,large_drift,1.0,1.1493496894836426,0.5722424387931824,116,201,4080,417,201,0,64,32,12,8,0
506,large_drift,1.0,0.883232831954956,0.659268856048584,65,204,4185,577,204,0,16,16,25,8,0
507,large_drift,1.0,0.8611259460449219,0.3716588020324707,63,200,1821,163,200,0,16,15,24,8,0
508,large_drift,1.0,1.0278241634368896,0.380262553691864,83,201,4162,442,201,0,15,48,12,8,0
509,large_drift,0.9,0.8871508240699768,0.49744921922683716,89,201,4392,489,201,0,16,32,33,8,0
510,large_drift,1.0,1.083230972290039,0.6151068806648254,108,202,3868,488,202,0,62,16,22,8,0
511,large_drift,1.0,1.0048248767852783,0.784210205078125,56,207,4013,462,207,0,16,14,18,8,0
512,large_drift,0.9,1.0287582874298096,0.5462305545806885,86,200,4290,485,200,0,32,27,19,8,0
513,large_drift,1.0,0.8165901303291321,0.6116652488708496,86,201,3798,426,201,0,16,31,35,4,0
514,large_drift,1.0,0.8785818815231323,0.38966190814971924,105,204,3724,335,204,0,30,16,51,8,0
515,large_drift,1.0,1.0008965730667114,0.5061743855476379,79,200,3474,374,200,0,16,32,23,8,0
516,large_drift,0.9,0.836479127407074,0.626799464225769,76,204,3994,545,204,0,13,32,23,8,0
517,large_drift,0.8,0.9727656841278076,0.5364141464233398,99,200,4047,464,200,0,16,32,43,8,0
518,large_drift,0.9,1.0269039869308472,0.5617817640304565,84,206,4345,573,206,0,32,32,12,8,0
519,large_drift,0.9,0.8710518479347229,0.49303513765335083,71,200,4370,449,200,0,16,16,31,8,0
520,large_drift,0.8,0.8550665378570557,0.5751174688339233,77,203,4277,530,203,0,30,16,23,8,0
521,large_drift,0.6,0.9281550049781799,0.6323792934417725,75,202,4195,425,202,0,16,32,19,8,0
522,large_drift,0.9,0.9533492922782898,0.528603196144104,103,203,3613,526,203,0,32,51,12,8,0
523,large_drift,0.7,1.075368881225586,0.6906965970993042,53,204,4683,629,204,0,16,15,14,8,0
524,large_drift,1.0,0.9109707474708557,0.4666767716407776,77,200,3814,412,200,0,30,16,23,8,0
525,large_drift,1.0,1.0231362581253052,0.4649367332458496,125,200,3560,316,200,0,46,48,23,8,0
526,large_drift,0.6,0.9865862131118774,0.6347131729125977,73,201,4686,566,201,0,16,16,33,8,0
527,large_drift,0.9,1.1470916271209717,0.7162072658538818,93,206,3900,509,206,0,43,37,5,8,0
528,large_drift,0.6,0.9904060363769531,0.5200130939483643,78,200,4218,485,200,0,16,16,38,8,0
529,large_drift,1.0,1.0748391151428223,0.7636560797691345,81,223,3926,664,223,0,32,13,28,8,0
530,large_drift,1.0,0.9601964354515076,0.5567154884338379,98,201,3142,363,201,0,32,16,42,8,0
531,large_drift,1.0,1.135341763496399,0.5035001039505005,109,200,3796,315,200,0,32,48,21,8,0
532,large_drift,0.8,1.0933316946029663,0.542702317237854,76,202,3932,389,202,0,29,16,23,8,0
533,large_drift,0.8,1.0036590099334717,0.6813893914222717,58,202,3967,483,202,0,16,29,5,8,0
534,large_drift,1.0,0.8164187669754028,0.41347813606262207,79,200,3655,409,200,0,32,16,23,8,0
535,large_drift,1.0,0.8354408144950867,0.5165010690689087,82,204,4083,458,204,0,16,53,5,8,0
536,large_drift,0.6,0.898173987865448,0.5402992367744446,99,209,4810,609,209,0,32,16,43,8,0
537,large_drift,1.0,0.9596662521362305,0.5701947808265686,76,203,3657,461,203,0,16,29,23,8,0
538,large_drift,0.8,0.9996131658554077,0.6494607925415039,93,209,4277,533,209,0,48,16,21,8,0
539,large_drift,1.0,1.055198073387146,0.6068084836006165,103,205,4295,393,205,0,15,75,5,8,0
540,large_drift,1.0,0.960297167301178,0.3062645196914673,169,200,1899,173,200,0,125,16,24,4,0
541,large_drift,1.0,0.8063902854919434,0.4091165065765381,96,200,2565,211,200,0,61,21,10,4,0
542,large_drift,1.0,1.0226049423217773,0.522017240524292,85,201,3942,355,201,0,32,32,13,8,0
543,large_drift,0.6,0.8728930354118347,0.5101337432861328,68,204,4806,559,204,0,16,32,12,8,0
544,large_drift,0.6,1.0803099870681763,0.6614828109741211,69,202,4591,541,202,0,16,32,13,8,0
545,large_drift,1.0,1.0110039710998535,0.262933611869812,136,200,2262,183,200,0,70,27,31,8,0
546,large_drift,0.5,0.9699534773826599,0.6094750165939331,108,225,4628,684,225,0,32,32,36,8,0
547,large_drift,1.0,1.1237255334854126,0.6858135461807251,116,230,4044,575,230,0,48,46,14,8,0
548,large_drift,0.9,0.8492037057876587,0.7397686839103699,78,206,3956,495,206,0,15,32,23,8,0
549,large_drift,1.0,1.00495183467865,0.832195520401001,79,201,3307,350,201,0,16,16,39,8,0
550,large_drift,1.0,0.9134048819541931,0.4814894199371338,125,200,3836,381,200,0,48,16,53,8,0
551,large_drift,1.0,0.9069221019744873,0.7449136972427368,49,203,3542,500,203,0,13,16,12,8,0
552,large_drift,0.8,0.9110338687896729,0.5010256767272949,78,200,4188,472,200,0,16,16,38,8,0
553,large_drift,1.0,0.8273811340332031,0.4251185655593872,99,200,4041,365,200,0,16,32,43,8,0
554,large_drift,1.0,0.8709951639175415,0.7181940674781799,88,207,2290,377,207,0,32,15,37,4,0
555,large_drift,1.0,0.9458338618278503,0.5166804790496826,109,200,3494,312,200,0,64,29,8,8,0
556,large_drift,1.0,1.1407134532928467,0.7944017052650452,60,231,3204,578,231,0,16,16,20,8,0
557,large_drift,0.6,0.9546726942062378,0.582849383354187,99,200,4328,510,200,0,13,29,49,8,0
558,large_drift,1.0,0.9827104210853577,0.5074301958084106,72,200,3069,338,200,0,27,14,23,8,0
559,large_drift,0.7,0.8352278470993042,0.637993574142456,85,215,4886,722,215,0,32,13,36,4,0
560,large_drift,1.0,0.9373940229415894,0.6231504678726196,88,204,3094,314,204,0,16,59,5,8,0
561,large_drift,1.0,0.8145149350166321,0.5536048412322998,97,204,4027,553,204,0,14,32,43,8,0
562,large_drift,1.0,0.9004606008529663,0.5557872653007507,69,200,3586,399,200,0,16,31,14,8,0
563,large_drift,1.0,0.8574667572975159,0.36717522144317627,89,200,3415,380,200,0,32,16,33,8,0
564,large_drift,1.0,0.9137963056564331,0.6752541065216064,77,202,4022,393,202,0,31,16,22,8,0
565,large_drift,1.0,0.9771917462348938,0.4612923860549927,94,200,3641,320,200,0,31,32,23,8,0
566,large_drift,1.0,0.9464784264564514,0.49081021547317505,164,200,2415,277,200,0,127,15,14,8,0
567,large_drift,0.8,0.965313196182251,0.6867414712905884,52,207,4518,650,207,0,13,16,15,8,0
568,large_drift,0.5,0.8016587495803833,0.5143282413482666,87,226,4934,499,226,0,30,16,33,8,0
569,large_drift,1.0,0.911722719669342,0.4030819535255432,94,200,3419,395,200,0,32,16,38,8,0
570,large_drift,1.0,1.020274043083191,0.36853671073913574,123,200,2722,262,200,0,42,42,31,8,0
571,large_drift,1.0,0.983543336391449,0.5646635890007019,91,205,3739,525,205,0,32,32,19,8,0
572,large_drift,1.0,0.985958993434906,0.6339820027351379,101,205,3985,492,205,0,29,59,5,8,0
573,large_drift,0.8,0.9143965244293213,0.5133289098739624,122,202,3999,396,202,0,48,58,8,8,0
574,large_drift,0.5,1.1296991109848022,0.5603471994400024,123,200,4326,514,200,0,32,30,53,8,0
575,large_drift,1.0,1.1589900255203247,0.5498933792114258,126,200,2913,307,200,0,85,28,5,8,0
576,large_drift,1.0,1.0330309867858887,0.5422661304473877,79,200,3245,326,200,0,16,16,39,8,0
577,large_drift,0.4,0.925275981426239,0.5919345617294312,84,201,4181,469,201,0,16,32,28,8,0
578,large_drift,1.0,0.9514023065567017,0.5492691993713379,100,200,3798,376,200,0,48,16,28,8,0
579,large_drift,0.8,0.9657171368598938,0.5985196828842163,73,203,4619,530,203,0,16,30,19,8,0
580,large_drift,1.0,0.8470417261123657,0.5006183385848999,87,200,3381,396,200,0,47,14,18,8,0
581,large_drift,1.0,0.8642787933349609,0.434769868850708,95,200,3739,405,200,0,48,16,23,8,0
582,large_drift,1.0,1.0034407377243042,0.680948793888092,108,200,3259,337,200,0,46,32,22,8,0
583,large_drift,0.9,0.8630901575088501,0.48952168226242065,120,205,4276,445,205,0,63,44,5,8,0
584,large_drift,1.0,0.9077761769294739,0.47511643171310425,79,200,3286,359,200,0,16,32,23,8,0
585,large_drift,0.8,0.8812840580940247,0.5917766094207764,101,209,4551,572,209,0,16,29,48,8,0
586,large_drift,1.0,0.9616949558258057,0.5848963856697083,73,203,3508,432,203,0,47,13,5,8,0
587,large_drift,0.9,0.8592857718467712,0.5699381828308105,99,200,4092,454,200,0,16,61,14,8,0
588,large_drift,0.6,1.1832361221313477,0.5396890640258789,97,200,4239,463,200,0,32,45,12,8,0
589,large_drift,1.0,0.9100074172019958,0.3619575500488281,120,200,2295,214,200,0,94,13,5,8,0
590,large_drift,1.0,1.0155407190322876,0.5613429546356201,107,201,3503,407,201,0,62,29,8,8,0
591,large_drift,0.9,0.8121086359024048,0.561156153678894,87,203,4046,433,203,0,16,32,35,4,0
592,large_drift,1.0,1.0253123044967651,0.6946007013320923,97,200,2890,303,200,0,16,44,33,4,0
593,large_drift,1.0,0.9911001324653625,0.5950849652290344,72,204,3163,381,204,0,31,16,17,8,0
594,large_drift,1.0,0.9098044633865356,0.5593611598014832,98,200,3797,349,200,0,46,30,14,8,0
595,large_drift,1.0,0.8746381402015686,0.6731970310211182,65,204,4221,480,204,0,16,29,12,8,0
596,large_drift,1.0,0.9510782957077026,0.5812228918075562,71,202,2346,386,202,0,30,13,24,4,0
597,large_drift,1.0,0.8390451073646545,0.5274491906166077,89,202,3581,360,202,0,32,16,33,8,0
598,large_drift,1.0,0.7693259716033936,0.5811535120010376,81,204,3269,408,204,0,16,29,32,4,0
599,large_drift,0.9,1.0309871435165405,0.3808674216270447,73,200,4202,428,200,0,16,16,33,8,0
600,large_drift,1.0,0.9531506299972534,0.39955365657806396,129,200,2518,199,200,0,70,27,24,8,0
601,large_drift,0.9,0.8458251357078552,0.45857226848602295,73,200,3732,377,200,0,16,16,33,8,0
602,large_drift,0.6,0.9406110644340515,0.576203465461731,114,210,4591,631,210,0,32,31,43,8,0
603,large_drift,0.9,1.1536505222320557,0.6964307427406311,84,204,3997,472,204,0,32,13,31,8,0
604,large_drift,0.8,1.14131498336792,0.8230273127555847,61,208,3706,581,208,0,11,37,5,8,0
605,large_drift,0.8,0.8289370536804199,0.5455411672592163,73,204,4169,452,204,0,16,16,33,8,0
606,large_drift,0.9,1.0175385475158691,0.5609222650527954,88,204,3841,476,204,0,14,47,19,8,0
607,large_drift,1.0,1.1557344198226929,0.8267687559127808,55,208,2960,420,208,0,16,13,18,8,0
608,large_drift,1.0,0.8407036662101746,0.44839924573898315,79,200,3386,371,200,0,16,32,23,8,0
609,large_drift,0.9,0.9638906717300415,0.5466901063919067,94,201,4057,434,201,0,15,48,23,8,0
610,large_drift,1.0,1.0518603324890137,0.43805640935897827,152,200,3524,364,200,0,95,16,33,8,0
611,large_drift,0.9,0.8577783107757568,0.4891905188560486,76,201,3730,450,201,0,16,29,23,8,0
612,large_drift,0.9,0.9009994864463806,0.6062360405921936,56,208,4599,563,208,0,30,13,5,8,0
613,large_drift,1.0,0.9206728339195251,0.5769391059875488,56,201,2056,221,201,0,11,31,10,4,0
614,large_drift,0.9,0.8079749345779419,0.5142323970794678,92,200,3801,402,200,0,16,32,40,4,0
615,large_drift,1.0,1.0712121725082397,0.5459825992584229,76,200,3459,276,200,0,32,16,20,8,0
616,large_drift,0.7,1.183017611503601,0.7952961325645447,93,204,3899,441,204,0,16,46,23,8,0
617,large_drift,0.9,1.0806177854537964,0.5730617642402649,88,200,4041,397,200,0,16,59,5,8,0
618,large_drift,0.9,0.828978955745697,0.4696037173271179,94,200,3704,457,200,0,47,16,23,8,0
619,large_drift,1.0,0.9875307083129883,0.6909109354019165,67,203,3533,361,203,0,16,31,12,8,0
620,large_drift,1.0,0.7992503046989441,0.46418750286102295,90,200,2939,316,200,0,32,31,19,8,0
621,large_drift,0.1,0.9424943327903748,0.6945062875747681,91,212,4679,570,212,0,32,32,19,8,0
622,large_drift,1.0,1.1799131631851196,0.6394169330596924,101,201,3065,324,201,0,60,15,18,8,0
623,large_drift,1.0,0.8389507532119751,0.7085028886795044,85,201,3625,440,201,0,44,27,10,4,0
624,large_drift,1.0,1.0971369743347168,0.8592844605445862,98,201,3550,413,201,0,16,59,19,4,0
625,large_drift,1.0,0.8537752628326416,0.42230385541915894,73,200,3865,317,200,0,16,16,33,8,0
626,large_drift,1.0,0.9768854379653931,0.7668771743774414,63,201,2176,274,201,0,16,15,28,4,0
627,large_drift,1.0,0.89011150598526,0.5783101320266724,88,204,3799,418,204,0,16,16,48,8,0
628,large_drift,0.4,1.0521043539047241,0.6720573306083679,108,204,3640,424,204,0,46,16,38,8,0
629,large_drift,1.0,1.0210028886795044,0.4606565833091736,66,200,3476,309,200,0,29,16,13,8,0
630,large_drift,1.0,0.922518789768219,0.556885302066803,122,200,2997,353,200,0,46,62,6,8,0
631,large_drift,1.0,0.9089687466621399,0.5049910545349121,127,200,3509,337,200,0,64,32,23,8,0
632,large_drift,0.8,0.8965549468994141,0.6476085186004639,65,202,4268,510,202,0,29,16,12,8,0
633,large_drift,1.0,0.8905844688415527,0.6036099195480347,88,201,2199,266,201,0,13,47,24,4,0
634,large_drift,0.9,1.0729010105133057,0.6462012529373169,59,204,3920,476,204,0,16,16,19,8,0
635,large_drift,1.0,0.8642581701278687,0.6167383790016174,94,222,3699,608,222,0,16,43,27,8,0
636,large_drift,1.0,0.7700058221817017,0.4062894582748413,87,200,3761,304,200,0,32,16,31,8,0
637,large_drift,1.0,0.9775426387786865,0.40662848949432373,109,200,3055,267,200,0,43,16,42,8,0
638,large_drift,1.0,0.9961188435554504,0.6720892190933228,57,204,2215,289,204,0,16,28,5,8,0
639,large_drift,1.0,1.0756573677062988,0.652071475982666,78,215,3876,623,215,0,16,48,6,8,0
640,large_drift,0.8,1.0852298736572266,0.7306807041168213,89,204,4091,522,204,0,16,60,5,8,0
641,large_drift,1.0,0.9798073172569275,0.6729804277420044,87,203,3188,314,203,0,48,14,17,8,0
642,large_drift,0.6,0.9075254201889038,0.6046767830848694,103,201,4287,478,201,0,48,16,31,8,0
643,large_drift,1.0,0.9337296485900879,0.6279067993164062,93,200,3891,503,200,0,16,43,26,8,0
644,large_drift,1.0,0.8504540324211121,0.37460803985595703,89,200,3532,362,200,0,32,16,33,8,0
645,large_drift,0.5,1.0007575750350952,0.6651651263237,58,204,4187,508,204,0,15,16,19,8,0
646,large_drift,1.0,1.012418270111084,0.6324738264083862,104,201,3957,453,201,0,48,43,5,8,0
647,large_drift,1.0,1.0026659965515137,0.7059423923492432,90,204,3205,380,204,0,16,25,41,8,0
648,large_drift,1.0,1.0507639646530151,0.576213538646698,99,200,3103,305,200,0,16,69,6,8,0
649,large_drift,1.0,0.9346833229064941,0.6935864090919495,85,213,3393,557,213,0,31,30,20,4,0
650,large_drift,0.9,0.9436402916908264,0.7268020510673523,68,204,4283,551,204,0,16,16,28,8,0
651,large_drift,0.9,1.2061855792999268,0.786794126033783,77,200,3500,422,200,0,31,32,6,8,0
652,large_drift,1.0,1.0547009706497192,0.17682605981826782,95,200,1917,167,200,0,32,29,26,8,0
653,large_drift,1.0,0.891312837600708,0.6276969909667969,129,201,4106,432,201,0,29,78,14,8,0
654,large_drift,1.0,0.8944079875946045,0.6321772933006287,118,208,3386,392,208,0,31,48,35,4,0
655,large_drift,0.9,0.9326613545417786,0.5520440340042114,126,203,3941,419,203,0,64,32,22,8,0
656,large_drift,0.7,1.0919078588485718,0.6004035472869873,91,215,4045,628,215,0,32,32,19,8,0
657,large_drift,0.9,0.9365408420562744,0.6578154563903809,65,201,3953,413,201,0,16,16,25,8,0
658,large_drift,0.8,1.040747046470642,0.6192958354949951,56,201,4028,442,201,0,16,14,18,8,0
659,large_drift,1.0,1.1361463069915771,0.714200496673584,86,203,2738,366,203,0,16,42,20,8,0
660,large_drift,0.9,0.9776525497436523,0.5476526021957397,108,200,3302,313,200,0,48,13,39,8,0
661,large_drift,1.0,0.9210346341133118,0.681634783744812,71,208,3905,518,208,0,16,16,31,8,0
662,large_drift,0.9,0.9791547656059265,0.6213239431381226,86,217,4509,726,217,0,16,16,46,8,0
663,large_drift,0.8,1.066579818725586,0.6808539032936096,78,200,3718,435,200,0,32,32,6,8,0
664,large_drift,1.0,0.9254566431045532,0.6025664806365967,103,203,4100,461,203,0,32,43,20,8,0
665,large_drift,1.0,0.789181113243103,0.5875258445739746,71,201,3683,400,201,0,16,30,17,8,0
666,large_drift,1.0,1.005895733833313,0.5722672343254089,122,200,2885,256,200,0,30,46,38,8,0
667,large_drift,1.0,0.9108131527900696,0.5837528705596924,131,200,3052,317,200,0,62,55,10,4,0
668,large_drift,0.8,1.0231302976608276,0.5589582920074463,73,201,3923,503,201,0,16,16,33,8,0
669,large_drift,1.0,1.026062250137329,0.6821410655975342,60,207,3979,488,207,0,15,16,21,8,0
670,large_drift,1.0,1.1109938621520996,0.6547350287437439,52,202,3505,455,202,0,16,16,12,8,0
671,large_drift,1.0,1.0227066278457642,0.6579782366752625,105,200,3862,383,200,0,32,46,19,8,0
672,large_drift,1.0,0.9284061789512634,0.4308474659919739,109,201,3333,325,201,0,32,16,53,8,0
673,large_drift,0.6,1.0543006658554077,0.7275499701499939,103,214,4850,640,214,0,15,48,32,8,0
674,large_drift,0.9,0.8195711374282837,0.5309994220733643,94,201,3965,521,201,0,16,47,23,8,0
675,large_drift,1.0,1.0630496740341187,0.5758551955223083,85,200,3754,386,200,0,16,48,13,8,0
676,large_drift,1.0,0.8693914413452148,0.47369980812072754,106,201,2962,244,201,0,16,47,35,8,0
677,large_drift,1.0,0.78187495470047,0.469618558883667,105,200,4240,414,200,0,48,16,33,8,0
678,large_drift,1.0,0.9548614621162415,0.6623870134353638,45,205,3266,353,205,0,16,13,8,8,0
679,large_drift,0.8,0.8409237265586853,0.6000610589981079,135,204,4503,514,204,0,80,16,35,4,0
680,large_drift,1.0,0.7459079623222351,0.4704474210739136,73,200,4288,437,200,0,16,16,33,8,0
681,large_drift,0.9,0.8898925185203552,0.5239154696464539,120,201,3789,478,201,0,16,63,33,8,0
682,large_drift,1.0,1.084676742553711,0.6363034248352051,96,213,3803,511,213,0,32,32,24,8,0
683,large_drift,1.0,1.0197678804397583,0.2058112621307373,163,200,1954,203,200,0,97,30,28,8,0
684,large_drift,0.9,0.8162029981613159,0.557914137840271,121,201,4206,491,201,0,64,16,33,8,0
685,large_drift,1.0,1.0808123350143433,0.705094575881958,75,208,3216,403,208,0,16,16,35,8,0
686,large_drift,1.0,0.8481350541114807,0.6655864119529724,110,210,4153,619,210,0,32,32,38,8,0
687,large_drift,1.0,0.9061897397041321,0.4560566544532776,84,200,3832,315,200,0,30,16,30,8,0
688,large_drift,1.0,0.8897386789321899,0.6608458757400513,111,202,3594,428,202,0,13,78,12,8,0
689,large_drift,1.0,1.0332578420639038,0.41462963819503784,100,200,3005,250,200,0,48,16,28,8,0
690,large_drift,0.8,0.8785347938537598,0.6854162812232971,49,204,4117,539,204,0,14,13,18,4,0
691,large_drift,1.0,1.0234962701797485,0.5442246198654175,73,200,2234,213,200,0,14,27,28,4,0
692,large_drift,0.8,0.7315360307693481,0.4720360040664673,61,222,4612,599,222,0,16,16,25,4,0
693,large_drift,1.0,1.0342668294906616,0.554588794708252,84,200,3742,471,200,0,16,48,12,8,0
694,large_drift,0.9,0.9450827836990356,0.6794812679290771,95,206,4295,614,206,0,48,16,23,8,0
695,large_drift,1.0,0.9567813873291016,0.4328632354736328,119,200,2951,255,200,0,77,29,5,8,0
696,large_drift,0.4,1.0327420234680176,0.6532443165779114,84,203,4594,601,203,0,32,32,12,8,0
697,large_drift,0.2,1.1019402742385864,0.6164331436157227,109,203,4679,624,203,0,16,32,53,8,0
698,large_drift,0.7,1.0845558643341064,0.6180984377861023,42,234,5290,508,234,0,16,13,5,8,0
699,large_drift,1.0,0.851754367351532,0.7616233229637146,68,205,2857,444,205,0,16,32,12,8,0
700,large_drift,0.9,0.9155233502388,0.6641855239868164,109,209,4146,582,209,0,32,61,8,8,0
701,large_drift,1.0,1.093409776687622,0.6987061500549316,94,205,3223,467,205,0,16,42,28,8,0
702,large_drift,1.0,0.9378889203071594,0.702316164970398,96,201,3095,289,201,0,16,41,35,4,0
703,large_drift,0.9,0.9950196743011475,0.5492477416992188,138,200,3873,420,200,0,75,16,39,8,0
704,large_drift,1.0,0.8763025403022766,0.5438092947006226,93,200,3781,416,200,0,16,63,6,8,0
705,large_drift,1.0,0.798639178276062,0.43514758348464966,93,200,3798,387,200,0,16,16,53,8,0
706,large_drift,0.9,0.9665861129760742,0.6856493949890137,128,209,4490,633,209,0,47,41,32,8,0
707,large_drift,1.0,0.9343294501304626,0.553478479385376,87,201,3748,348,201,0,16,30,33,8,0
708,large_drift,0.8,0.9345430731773376,0.5580631494522095,105,207,4136,506,207,0,32,60,5,8,0
709,large_drift,0.8,0.8801977634429932,0.6820522546768188,73,215,4485,599,215,0,15,45,5,8,0
710,large_drift,0.9,0.9460378289222717,0.504141092300415,78,220,4814,473,220,0,13,29,28,8,0
711,large_drift,1.0,0.9559133052825928,0.5051060318946838,111,200,3416,391,200,0,16,75,12,8,0
712,large_drift,0.8,0.9961952567100525,0.4644954800605774,113,201,4431,435,201,0,16,75,14,8,0
713,large_drift,0.9,0.8384215831756592,0.4025517702102661,73,200,3877,430,200,0,16,16,33,8,0
714,large_drift,1.0,0.9642502665519714,0.5490397214889526,122,200,2485,296,200,0,11,98,5,8,0
715,large_drift,1.0,1.0001620054244995,0.29790061712265015,104,200,1894,202,200,0,28,48,24,4,0
716,large_drift,1.0,0.8002461791038513,0.48604023456573486,106,200,3969,402,200,0,47,13,38,8,0
717,large_drift,1.0,0.8132956027984619,0.5153379440307617,88,203,4414,484,203,0,16,16,48,8,0
718,large_drift,1.0,0.9424363970756531,0.6336120367050171,92,200,3313,377,200,0,28,21,35,8,0
719,large_drift,0.8,1.0044924020767212,0.7492588758468628,42,204,3695,495,204,0,16,13,5,8,0
720,large_drift,0.9,0.9463288187980652,0.40858322381973267,90,202,3868,415,202,0,48,29,5,8,0
721,large_drift,1.0,0.9775292873382568,0.5954809784889221,95,203,4078,431,203,0,16,43,28,8,0
722,large_drift,0.9,0.9205924868583679,0.49960172176361084,93,200,4319,517,200,0,16,16,53,8,0
723,large_drift,0.9,0.8869374990463257,0.6692617535591125,94,211,4083,566,211,0,30,16,44,4,0
724,large_drift,0.7,0.866614818572998,0.5713561773300171,106,202,3970,441,202,0,16,77,5,8,0
725,large_drift,0.8,0.7814004421234131,0.5326229929924011,79,200,3468,387,200,0,16,32,23,8,0
726,large_drift,1.0,1.0444592237472534,0.7656267881393433,98,214,2234,442,214,0,59,26,5,8,0
727,large_drift,1.0,0.9940246343612671,0.5672577619552612,107,201,3656,458,201,0,16,59,24,8,0
728,large_drift,0.9,0.9510753154754639,0.4749642014503479,78,200,3948,459,200,0,32,16,22,8,0
729,large_drift,0.5,0.9627997875213623,0.6882901787757874,104,213,4662,646,213,0,29,31,36,8,0
730,large_drift,0.9,0.9174664616584778,0.664459764957428,99,204,4099,470,204,0,16,46,29,8,0
731,large_drift,1.0,0.9529736042022705,0.5152686834335327,73,201,3508,404,201,0,16,16,33,8,0
732,large_drift,1.0,0.8315762281417847,0.38039445877075195,111,200,3308,309,200,0,48,32,23,8,0
733,large_drift,1.0,0.8547880053520203,0.466436505317688,117,201,3753,440,201,0,76,16,17,8,0
734,large_drift,0.5,0.9470291137695312,0.6043475866317749,92,203,4469,531,203,0,16,30,38,8,0
735,large_drift,1.0,0.8876791000366211,0.5432853698730469,65,202,4282,507,202,0,16,13,28,8,0
736,large_drift,1.0,1.0298997163772583,0.8215059638023376,68,208,2787,442,208,0,16,31,13,8,0
737,large_drift,1.0,1.0123369693756104,0.4810906648635864,92,200,2122,178,200,0,30,27,27,8,0
738,large_drift,0.9,0.8084739446640015,0.7142646908760071,55,211,4386,613,211,0,16,14,17,8,0
739,large_drift,0.9,0.9578622579574585,0.5798930525779724,89,203,4533,519,203,0,16,32,33,8,0
740,large_drift,0.5,0.9198158979415894,0.5618104934692383,84,202,4327,539,202,0,16,48,12,8,0
741,large_drift,1.0,1.0074275732040405,0.5294744968414307,106,200,4039,477,200,0,16,43,39,8,0
742,large_drift,0.4,1.0401660203933716,0.5357271432876587,134,223,4694,558,223,0,48,31,47,8,0
743,large_drift,1.0,0.876119077205658,0.4947981834411621,114,200,3836,421,200,0,16,47,43,8,0
744,large_drift,1.0,1.1299117803573608,0.6459544897079468,78,204,3946,350,204,0,16,16,38,8,0
745,large_drift,1.0,0.889794111251831,0.3716017007827759,105,200,3439,357,200,0,30,16,51,8,0
746,large_drift,0.8,1.055572509765625,0.5778679847717285,86,205,4574,517,205,0,16,31,31,8,0
747,large_drift,1.0,1.0363529920578003,0.5968704223632812,123,205,4171,535,205,0,48,44,23,8,0
748,large_drift,0.5,0.9713134169578552,0.5846622586250305,94,214,4661,604,214,0,32,16,38,8,0
749,large_drift,1.0,0.7548828721046448,0.4611978530883789,105,200,2631,332,200,0,61,16,24,4,0
750,large_drift,0.7,1.0353658199310303,0.7697263956069946,88,203,4003,481,203,0,32,43,5,8,0
751,large_drift,1.0,0.9229243993759155,0.47170090675354004,90,200,3557,345,200,0,31,43,8,8,0
752,large_drift,1.0,0.9365535974502563,0.5834715366363525,60,201,3695,390,201,0,15,14,23,8,0
753,large_drift,0.6,0.9785521030426025,0.6242305040359497,59,210,4593,651,210,0,16,16,19,8,0
754,large_drift,1.0,0.8978630900382996,0.49412357807159424,125,200,3595,325,200,0,32,60,25,8,0
755,large_drift,1.0,0.9919397234916687,0.6955726146697998,91,202,2983,459,202,0,32,32,19,8,0
756,large_drift,1.0,1.0060909986495972,0.8000271320343018,63,217,2701,531,217,0,16,13,30,4,0
757,large_drift,1.0,0.955304741859436,0.5155328512191772,128,200,2714,256,200,0,43,58,19,8,0
758,large_drift,0.9,0.9617698788642883,0.5307684540748596,73,200,3564,414,200,0,16,16,33,8,0
759,large_drift,1.0,0.8687581419944763,0.5484974384307861,90,201,2786,232,201,0,48,29,5,8,0
760,large_drift,1.0,0.9856752753257751,0.6583648324012756,42,201,4310,485,201,0,16,13,5,8,0
761,large_drift,0.9,0.8807796239852905,0.4429602026939392,92,200,4173,457,200,0,16,16,52,8,0
762,large_drift,0.6,0.8483138084411621,0.38778185844421387,73,200,4079,397,200,0,16,16,33,8,0
763,large_drift,0.6,0.8856222629547119,0.5724872350692749,79,229,5027,538,229,0,16,32,23,8,0
764,large_drift,1.0,0.8932429552078247,0.6508920192718506,122,203,4155,468,203,0,16,93,5,8,0
765,large_drift,0.5,0.9463131427764893,0.6651362180709839,74,210,4614,610,210,0,16,45,5,8,0
766,large_drift,0.9,0.9349721074104309,0.6701819896697998,59,205,3847,495,205,0,16,16,19,8,0
767,large_drift,1.0,0.8207340240478516,0.4154812693595886,96,200,4146,358,200,0,47,13,28,8,0
768,large_drift,0.5,0.9112319350242615,0.591834306716919,77,201,4407,544,201,0,30,16,23,8,0
769,large_drift,0.2,1.0132064819335938,0.5783364772796631,115,204,4877,599,204,0,48,16,43,8,0
770,large_drift,1.0,1.1646668910980225,0.5312373042106628,101,206,3637,340,206,0,64,15,14,8,0
771,large_drift,1.0,0.9485951662063599,0.6524059176445007,104,202,2742,360,202,0,78,13,5,8,0
772,large_drift,1.0,1.0094207525253296,0.5218729972839355,93,200,3035,214,200,0,16,45,24,8,0
773,large_drift,1.0,0.7728628516197205,0.3967020511627197,79,200,3366,291,200,0,16,32,23,8,0
774,large_drift,0.7,0.7087789177894592,0.647212564945221,53,205,4553,581,205,0,28,11,10,4,0
775,large_drift,0.9,1.1979992389678955,0.6140828728675842,102,200,3664,438,200,0,13,53,28,8,0
776,large_drift,1.0,0.846189022064209,0.4919608235359192,92,201,3707,407,201,0,16,32,36,8,0
777,large_drift,1.0,0.9961296319961548,0.6479036808013916,78,203,3686,417,203,0,13,29,28,8,0
778,large_drift,1.0,0.8446552753448486,0.6881464719772339,68,202,3736,445,202,0,43,11,10,4,0
779,large_drift,1.0,1.0020240545272827,0.5307127237319946,62,200,4215,457,200,0,16,16,22,8,0
780,large_drift,1.0,0.8677242994308472,0.7195817828178406,94,202,4180,517,202,0,48,32,6,8,0
781,large_drift,0.8,0.9004088640213013,0.5244472026824951,89,201,4131,426,201,0,32,16,33,8,0
782,large_drift,0.9,0.995894193649292,0.6260087490081787,104,200,3377,447,200,0,29,55,12,8,0
783,large_drift,0.8,0.8686287999153137,0.620215117931366,62,201,4498,548,201,0,16,16,22,8,0
784,large_drift,1.0,1.007425308227539,0.591917872428894,107,200,3131,283,200,0,32,61,6,8,0
785,large_drift,1.0,0.8219842910766602,0.5436990857124329,82,201,3768,421,201,0,16,46,12,8,0
786,large_drift,1.0,0.9595192670822144,0.5338937640190125,71,202,3905,398,202,0,16,15,32,8,0
787,large_drift,1.0,0.9630665183067322,0.5117533802986145,151,200,3543,348,200,0,96,15,32,8,0
788,large_drift,1.0,0.7986231446266174,0.5631446242332458,88,203,3894,428,203,0,16,31,33,8,0
789,large_drift,0.7,0.9567177891731262,0.671448290348053,77,204,3948,526,204,0,16,29,24,8,0
790,large_drift,0.9,0.6832693219184875,0.49970173835754395,60,200,3592,383,200,0,16,16,24,4,0
791,large_drift,0.6,0.9847672581672668,0.6971753835678101,123,205,4438,528,205,0,32,58,25,8,0
792,large_drift,0.8,0.8583043813705444,0.6131192445755005,92,201,4367,497,201,0,32,15,37,8,0
793,large_drift,1.0,0.9566203355789185,0.45630955696105957,109,203,4050,398,203,0,62,16,23,8,0
794,large_drift,1.0,0.9514307975769043,0.4981418251991272,89,200,2859,246,200,0,32,16,33,8,0
795,large_drift,1.0,0.9757929444313049,0.5727063417434692,91,203,3145,388,203,0,32,32,19,8,0
796,large_drift,0.8,0.9948453307151794,0.6451600790023804,87,204,3987,518,204,0,16,14,49,8,0
797,large_drift,1.0,0.8242858648300171,0.49294769763946533,89,200,2675,286,200,0,43,14,28,4,0
798,large_drift,0.8,0.9000604152679443,0.6802618503570557,98,201,4062,425,201,0,32,16,42,8,0
799,large_drift,1.0,1.0256731510162354,0.5249637961387634,152,201,3183,346,201,0,48,70,26,8,0
800,large_drift,0.9,0.8435523509979248,0.5494470596313477,88,202,4299,510,202,0,15,27,38,8,0
801,large_drift,0.7,1.004751443862915,0.5699801445007324,81,209,4318,657,209,0,16,32,25,8,0
802,large_drift,1.0,1.0184763669967651,0.7048056125640869,61,205,4183,438,205,0,15,14,24,8,0
803,large_drift,0.9,1.0972099304199219,0.5982844829559326,173,202,3552,356,202,0,95,48,22,8,0
804,large_drift,0.6,0.9748131632804871,0.5572860836982727,94,201,4232,485,201,0,16,47,23,8,0
805,large_drift,0.9,0.9000536203384399,0.5705848932266235,79,213,4704,705,213,0,16,32,23,8,0
806,large_drift,0.8,0.9900447726249695,0.5129719972610474,78,200,3924,432,200,0,16,32,22,8,0
807,large_drift,1.0,0.9723977446556091,0.5636078119277954,108,200,3374,317,200,0,28,26,46,8,0
808,large_drift,0.9,0.9909546375274658,0.6019962430000305,79,204,4216,454,204,0,32,16,23,8,0
809,large_drift,0.9,0.791263222694397,0.5879762172698975,67,220,4944,664,220,0,32,12,19,4,0
810,large_drift,1.0,1.238429307937622,0.8328139781951904,103,203,3376,317,203,0,64,9,22,8,0
811,large_drift,0.9,0.9413598775863647,0.6122450828552246,93,204,3727,561,204,0,32,16,37,8,0
812,large_drift,1.0,0.9317615032196045,0.5611768960952759,91,205,3449,430,205,0,32,13,38,8,0
813,large_drift,1.0,0.7952283620834351,0.7016661167144775,54,201,4157,503,201,0,16,14,20,4,0
814,large_drift,1.0,1.0036437511444092,0.4935868978500366,115,200,4043,426,200,0,48,13,46,8,0
815,large_drift,1.0,0.9888112545013428,0.5386514067649841,87,200,3358,288,200,0,48,14,17,8,0
816,large_drift,1.0,0.9930789470672607,0.8185950517654419,57,203,1840,232,203,0,16,15,18,8,0
817,large_drift,0.8,1.0054937601089478,0.6975535154342651,70,203,3843,541,203,0,16,29,17,8,0
818,large_drift,0.9,0.9796302318572998,0.5241093635559082,104,200,3820,448,200,0,32,59,5,8,0
819,large_drift,0.9,0.8167308568954468,0.4674866795539856,109,200,3066,369,200,0,46,32,23,8,0
820,large_drift,1.0,0.862686038017273,0.579355001449585,71,200,2397,241,200,0,30,13,24,4,0
821,large_drift,0.8,1.0482203960418701,0.7986037731170654,74,215,2713,481,215,0,48,13,5,8,0
822,large_drift,1.0,1.0308120250701904,0.493868350982666,88,201,3115,316,201,0,32,13,35,8,0
823,large_drift,1.0,1.0674761533737183,0.4976000189781189,82,200,2579,325,200,0,43,9,22,8,0
824,large_drift,1.0,0.8479626774787903,0.4150671362876892,126,200,3583,334,200,0,48,32,38,8,0
825,large_drift,0.9,0.8175952434539795,0.45611417293548584,101,200,4019,398,200,0,32,46,19,4,0
826,large_drift,1.0,0.983720064163208,0.5990564823150635,89,201,3890,510,201,0,32,16,33,8,0
827,large_drift,1.0,1.0140116214752197,0.7851232290267944,91,218,2851,536,218,0,16,49,22,4,0
828,large_drift,0.9,0.76161789894104,0.5055049657821655,69,201,4055,490,201,0,16,16,33,4,0
829,large_drift,0.7,0.974249005317688,0.6249071359634399,68,219,4724,598,219,0,29,16,15,8,0
830,large_drift,1.0,1.1114110946655273,0.5828935503959656,116,200,3547,370,200,0,64,32,12,8,0
831,large_drift,0.8,0.9793664813041687,0.6400940418243408,84,206,4178,672,206,0,45,16,15,8,0
832,large_drift,1.0,1.02226722240448,0.39698266983032227,106,200,2758,289,200,0,32,42,28,4,0
833,large_drift,0.8,1.034572958946228,0.8264963626861572,42,218,3953,623,218,0,16,13,5,8,0
834,large_drift,0.8,0.8129380941390991,0.4886586666107178,110,200,4382,435,200,0,32,47,23,8,0
835,large_drift,0.9,1.166000485420227,0.5151290893554688,98,200,3506,430,200,0,46,32,12,8,0
836,large_drift,1.0,1.014752984046936,0.6357433795928955,115,208,4128,528,208,0,48,16,43,8,0
837,large_drift,0.9,1.0229277610778809,0.5041438341140747,144,205,3693,441,205,0,62,62,12,8,0
838,large_drift,1.0,0.8488903641700745,0.3005713224411011,89,200,2394,275,200,0,32,16,33,8,0
839,large_drift,1.0,0.7975555658340454,0.45508235692977905,79,200,3290,328,200,0,32,16,23,8,0
840,large_drift,1.0,0.696295440196991,0.3872918486595154,58,200,1812,165,200,0,23,21,10,4,0
841,large_drift,0.9,0.9204064607620239,0.5464221239089966,154,201,4052,391,201,0,32,75,39,8,0
842,large_drift,0.8,0.9707382917404175,0.5964641571044922,101,203,4073,414,203,0,16,31,46,8,0
843,large_drift,1.0,1.0271570682525635,0.561687171459198,91,201,3874,434,201,0,16,45,22,8,0
844,large_drift,0.9,1.002366065979004,0.6441209316253662,67,202,4069,513,202,0,16,31,12,8,0
845,large_drift,1.0,0.8497025966644287,0.6644234657287598,92,207,3427,479,207,0,47,16,25,4,0
846,large_drift,1.0,0.7993777394294739,0.42506659030914307,73,203,4379,362,203,0,16,16,33,8,0
847,large_drift,0.8,1.0772429704666138,0.6495835185050964,99,211,4562,581,211,0,32,31,28,8,0
848,large_drift,1.0,1.0212255716323853,0.6962405443191528,100,208,3705,518,208,0,16,48,28,8,0
849,large_drift,0.5,0.8408398628234863,0.6068770885467529,68,208,5085,599,208,0,16,16,28,8,0
850,large_drift,1.0,0.9674828052520752,0.4019203782081604,94,200,2097,212,200,0,31,13,42,8,0
851,large_drift,1.0,0.8892576098442078,0.5025554895401001,79,200,3672,379,200,0,16,32,23,8,0
852,large_drift,1.0,1.1478841304779053,0.6788525581359863,60,203,3740,397,203,0,15,14,23,8,0
853,large_drift,1.0,1.0329465866088867,0.6056114435195923,84,203,3625,490,203,0,32,32,12,8,0
854,large_drift,0.9,0.8814990520477295,0.5927988290786743,84,235,4836,725,235,0,16,15,45,8,0
855,large_drift,0.9,0.8994204998016357,0.46733611822128296,108,200,4060,403,200,0,30,47,23,8,0
856,large_drift,1.0,0.8857625126838684,0.6417239904403687,80,202,3466,381,202,0,16,30,26,8,0
857,large_drift,1.0,1.030048131942749,0.3749099373817444,143,200,2279,217,200,0,25,58,52,8,0
858,large_drift,1.0,0.8659912347793579,0.40700632333755493,74,200,1843,190,200,0,39,21,10,4,0
859,large_drift,0.1,1.0141772031784058,0.5767196416854858,78,200,4819,558,200,0,16,16,38,8,0
860,large_drift,1.0,0.9638647437095642,0.8042647242546082,67,203,3471,432,203,0,16,31,12,8,0
861,large_drift,0.9,0.995670735836029,0.5957843661308289,62,201,3671,388,201,0,16,32,6,8,0
862,large_drift,0.9,0.8297429084777832,0.557532787322998,100,200,3793,363,200,0,64,16,12,8,0
863,large_drift,0.9,1.144913673400879,0.6941807270050049,71,205,4025,501,205,0,29,29,5,8,0
864,large_drift,1.0,0.9315734505653381,0.5042988061904907,132,201,2806,306,201,0,80,32,12,8,0
865,large_drift,1.0,1.0544674396514893,0.46915364265441895,70,200,2454,216,200,0,31,13,18,8,0
866,large_drift,0.9,0.9192811250686646,0.6908071041107178,64,205,4084,496,205,0,28,16,12,8,0
867,large_drift,0.7,0.9763672351837158,0.6343638896942139,72,208,4019,631,208,0,46,13,5,8,0
868,large_drift,0.8,1.0503500699996948,0.6063495874404907,89,206,3976,572,206,0,30,32,19,8,0
869,large_drift,1.0,0.9207081198692322,0.657110333442688,65,204,3502,344,204,0,16,13,28,8,0
870,large_drift,1.0,0.9613572955131531,0.43421345949172974,133,200,2690,249,200,0,55,43,27,8,0
871,large_drift,1.0,0.8827569484710693,0.5042116641998291,89,200,3703,388,200,0,32,16,33,8,0
872,large_drift,1.0,1.0540969371795654,0.5673037767410278,159,200,3788,426,200,0,46,72,33,8,0
873,large_drift,1.0,1.041331171989441,0.5993801355361938,58,200,4045,411,200,0,32,13,5,8,0
874,large_drift,1.0,0.8872489333152771,0.519483208656311,79,204,4215,435,204,0,32,16,23,8,0
875,large_drift,0.9,1.1933473348617554,0.7819834351539612,68,201,3798,422,201,0,32,16,12,8,0
876,large_drift,1.0,1.0531176328659058,0.6667625904083252,65,203,3840,431,203,0,16,16,25,8,0
877,large_drift,1.0,0.9015805721282959,0.7608498334884644,63,210,3445,485,210,0,16,13,30,4,0
878,large_drift,1.0,0.7438443899154663,0.690913200378418,53,202,3683,291,202,0,28,11,10,4,0
879,large_drift,0.5,0.9651126265525818,0.6557447910308838,89,206,4384,561,206,0,32,16,33,8,0
880,large_drift,1.0,1.0193597078323364,0.7707328796386719,87,210,3720,544,210,0,15,43,21,8,0
881,large_drift,0.6,0.9517708420753479,0.620132327079773,76,209,4213,564,209,0,29,16,23,8,0
882,large_drift,0.7,0.9198839068412781,0.7067240476608276,74,210,4132,535,210,0,16,45,5,8,0
883,large_drift,1.0,0.8745952844619751,0.5066550970077515,94,203,3930,400,203,0,32,32,22,8,0
884,large_drift,0.6,1.1538951396942139,0.6674046516418457,122,209,4464,523,209,0,64,13,37,8,0
885,large_drift,1.0,0.9804224371910095,0.799400806427002,54,203,1727,224,203,0,15,26,5,8,0
886,large_drift,0.9,1.0267138481140137,0.6171149015426636,89,205,4145,529,205,0,48,15,18,8,0
887,large_drift,1.0,1.0348159074783325,0.5270509123802185,125,200,1789,203,200,0,47,48,22,8,0
888,large_drift,1.0,1.115641713142395,0.6275151371955872,73,206,4334,485,206,0,16,12,37,8,0
889,large_drift,1.0,0.8599602580070496,0.45430928468704224,77,200,4085,412,200,0,31,16,22,8,0
890,large_drift,0.6,1.0320630073547363,0.7639012932777405,112,203,4089,490,203,0,15,77,12,8,0
891,large_drift,0.4,1.0331181287765503,0.6284798383712769,78,208,4813,631,208,0,16,16,38,8,0
892,large_drift,0.7,0.849104642868042,0.8177577257156372,53,211,4233,607,211,0,12,27,10,4,0
893,large_drift,0.7,0.8834939002990723,0.5175372362136841,78,204,4114,448,204,0,16,32,22,8,0
894,large_drift,1.0,0.8118091821670532,0.5594862103462219,87,201,4027,490,201,0,16,30,33,8,0
895,large_drift,0.9,0.8297414183616638,0.7054730653762817,83,201,3524,347,201,0,32,31,12,8,0
896,large_drift,0.6,0.9536459445953369,0.6081556677818298,75,207,4233,529,207,0,16,32,19,8,0
897,large_drift,1.0,1.0907976627349854,0.5946619510650635,97,204,3941,475,204,0,32,16,41,8,0
898,large_drift,1.0,1.0177342891693115,0.6206278800964355,117,200,2910,355,200,0,63,27,19,8,0
899,large_drift,1.0,1.1679930686950684,0.5498840808868408,115,200,3581,343,200,0,16,32,59,8,0
900,large_drift,0.8,0.8602064847946167,0.5498368740081787,87,221,4157,627,221,0,16,32,31,8,0
901,large_drift,1.0,1.1240934133529663,0.6695539951324463,115,219,4008,634,219,0,15,61,31,8,0
902,large_drift,1.0,0.9003264307975769,0.4796275496482849,96,201,4017,407,201,0,32,28,28,8,0
903,large_drift,0.4,1.080046534538269,0.5690306425094604,110,213,4664,538,213,0,16,74,12,8,0
904,large_drift,1.0,1.0497453212738037,0.49742966890335083,112,200,4019,403,200,0,62,24,18,8,0
905,large_drift,0.9,1.0050631761550903,0.6980125904083252,61,203,4348,504,203,0,16,29,8,8,0
906,large_drift,1.0,0.9987855553627014,0.37279021739959717,79,200,2132,213,200,0,40,9,22,8,0
907,large_drift,0.6,0.8476521968841553,0.5401906371116638,109,204,4450,515,204,0,16,63,22,8,0
908,large_drift,1.0,1.1687955856323242,0.6121300458908081,86,200,3304,331,200,0,13,29,36,8,0
909,large_drift,1.0,1.087212324142456,0.4689266085624695,129,200,3111,292,200,0,77,16,28,8,0
910,large_drift,1.0,1.1683036088943481,0.39726102352142334,174,200,2008,193,200,0,109,45,12,8,0
911,large_drift,0.7,0.8108375668525696,0.5938782095909119,103,208,4561,656,208,0,31,16,48,8,0
912,large_drift,0.7,1.0762443542480469,0.7453014850616455,106,226,5026,634,226,0,32,61,5,8,0
913,large_drift,0.8,0.8846251964569092,0.6087489128112793,105,203,3895,535,203,0,16,29,56,4,0
914,large_drift,0.9,1.0049114227294922,0.5503082275390625,157,200,3540,381,200,0,75,57,17,8,0
915,large_drift,1.0,0.9562650322914124,0.66794753074646,100,203,3262,417,203,0,61,16,15,8,0
916,large_drift,1.0,0.7851985692977905,0.2923561930656433,109,200,3608,322,200,0,32,16,53,8,0
917,large_drift,0.9,1.1546694040298462,0.7323259115219116,59,248,5022,587,248,0,16,16,19,8,0
918,large_drift,0.8,0.8305399417877197,0.5626277923583984,103,202,4196,497,202,0,46,16,33,8,0
919,large_drift,1.0,1.1197365522384644,0.5302817225456238,159,200,2806,239,200,0,63,58,30,8,0
920,large_drift,1.0,1.1243302822113037,0.8418196439743042,71,208,2360,404,208,0,16,16,31,8,0
921,large_drift,1.0,1.173814296722412,0.6056452989578247,54,200,3808,386,200,0,15,26,5,8,0
922,large_drift,1.0,1.0405784845352173,0.6361020803451538,129,200,3934,522,200,0,48,61,12,8,0
923,large_drift,1.0,0.9208303093910217,0.3984217047691345,103,200,3841,391,200,0,32,16,47,8,0
924,large_drift,1.0,0.9929879903793335,0.46646374464035034,110,200,3629,338,200,0,47,32,23,8,0
925,large_drift,1.0,1.0556745529174805,0.7696821689605713,85,202,2409,264,202,0,16,43,18,8,0
926,large_drift,0.9,0.9728395938873291,0.4730460047721863,110,200,2507,272,200,0,26,31,45,8,0
927,large_drift,0.6,1.048336148262024,0.5719161033630371,88,203,4438,488,203,0,48,14,18,8,0
928,large_drift,0.9,1.004643201828003,0.7223267555236816,83,205,4234,564,205,0,14,48,13,8,0
929,large_drift,1.0,0.9283220171928406,0.6508308053016663,89,200,3598,325,200,0,25,44,12,8,0
930,large_drift,0.9,1.0283819437026978,0.5485070943832397,94,202,3945,484,202,0,16,31,39,8,0
931,large_drift,0.8,0.9825571775436401,0.6199727058410645,68,202,4210,468,202,0,16,16,28,8,0
932,large_drift,0.9,0.9025779962539673,0.6420093178749084,89,209,3926,525,209,0,16,32,33,8,0
933,large_drift,1.0,0.9647058844566345,0.5257760286331177,83,200,3531,370,200,0,15,48,12,8,0
934,large_drift,1.0,0.8590720891952515,0.35634708404541016,103,200,1838,173,200,0,64,14,17,8,0
935,large_drift,1.0,0.9321568012237549,0.46546369791030884,71,200,1974,227,200,0,16,27,24,4,0
936,large_drift,0.7,0.8853271007537842,0.6595205068588257,99,219,4371,631,219,0,32,32,27,8,0
937,large_drift,0.8,0.8491485714912415,0.4973151683807373,71,200,4110,467,200,0,16,16,35,4,0
938,large_drift,0.4,1.0764635801315308,0.6866685748100281,101,220,4566,597,220,0,64,15,14,8,0
939,large_drift,1.0,0.9242520332336426,0.9242520332336426,37,206,3544,483,206,0,12,11,10,4,0
940,large_drift,1.0,0.9772818088531494,0.4934349060058594,109,200,2450,214,200,0,64,29,8,8,0
941,large_drift,0.7,1.0355302095413208,0.6343867778778076,135,202,4451,586,202,0,16,77,34,8,0
942,large_drift,0.7,0.8340297341346741,0.6410709619522095,71,220,4659,645,220,0,16,32,15,8,0
943,large_drift,0.8,0.9818146824836731,0.5342864990234375,79,200,4097,450,200,0,43,16,12,8,0
944,large_drift,1.0,1.1217650175094604,0.7439314723014832,58,201,3838,493,201,0,32,13,5,8,0
945,large_drift,1.0,0.8333289623260498,0.4142528176307678,89,200,3281,310,200,0,32,16,33,8,0
946,large_drift,1.0,0.904876172542572,0.4008762240409851,71,200,3934,392,200,0,16,16,31,8,0
947,large_drift,0.9,0.7965836524963379,0.7295173406600952,77,210,3834,544,210,0,16,15,42,4,0
948,large_drift,1.0,0.9034963250160217,0.7429955005645752,62,202,3795,372,202,0,16,8,30,8,0
949,large_drift,0.8,0.9306064248085022,0.6206023693084717,105,202,3975,521,202,0,32,32,33,8,0
950,large_drift,1.0,0.9170462489128113,0.32408177852630615,119,200,3396,285,200,0,48,32,31,8,0
951,large_drift,1.0,0.8767633438110352,0.39752209186553955,120,200,2326,232,200,0,45,46,25,4,0
952,large_drift,0.7,1.1991435289382935,0.8428705930709839,76,206,3997,525,206,0,15,30,23,8,0
953,large_drift,1.0,0.998197078704834,0.49977123737335205,113,201,4226,459,201,0,32,45,28,8,0
954,large_drift,0.9,1.0302066802978516,0.5239037275314331,70,200,3609,364,200,0,16,31,15,8,0
955,large_drift,1.0,1.10397469997406,0.5801581144332886,67,201,3008,303,201,0,16,31,12,8,0
956,large_drift,1.0,0.9645782709121704,0.5841801166534424,78,201,3478,382,201,0,32,32,6,8,0
957,large_drift,1.0,1.2600445747375488,0.8846428990364075,42,205,3698,393,205,0,16,13,5,8,0
958,large_drift,0.6,1.0315423011779785,0.627073347568512,112,203,4174,550,203,0,15,31,58,8,0
959,large_drift,1.0,0.9609987735748291,0.38549894094467163,141,200,3050,249,200,0,48,48,37,8,0
960,large_drift,1.0,0.914824366569519,0.5889792442321777,95,203,3635,329,203,0,16,43,28,8,0
961,large_drift,0.8,1.045880913734436,0.7971678376197815,66,212,4266,544,212,0,16,14,28,8,0
962,large_drift,0.9,0.9197779893875122,0.48051977157592773,99,200,3959,504,200,0,48,16,27,8,0
963,large_drift,0.7,0.9400500655174255,0.6068561673164368,78,201,4050,442,201,0,13,29,28,8,0
964,large_drift,0.7,0.9011102318763733,0.5394561290740967,138,202,4105,455,202,0,48,31,51,8,0
965,large_drift,1.0,1.022396445274353,0.5372923016548157,104,200,3959,502,200,0,48,43,5,8,0
966,large_drift,1.0,0.9231361746788025,0.7124341726303101,52,207,4237,562,207,0,16,16,12,8,0
967,large_drift,0.4,1.0566762685775757,0.5925742387771606,73,202,3669,365,202,0,16,16,33,8,0
968,large_drift,0.7,1.0656121969223022,0.8497654795646667,88,208,3893,575,208,0,48,14,18,8,0
969,large_drift,0.6,0.9971633553504944,0.575644850730896,112,202,4564,565,202,0,47,29,28,8,0
970,large_drift,1.0,1.022886037826538,0.7461466789245605,69,206,2045,356,206,0,16,31,14,8,0
971,large_drift,0.9,1.0063945055007935,0.5428071618080139,73,201,3551,386,201,0,16,16,33,8,0
972,large_drift,1.0,0.975756049156189,0.4851842522621155,78,200,3467,344,200,0,16,16,38,8,0
973,large_drift,0.7,0.9799741506576538,0.5171934962272644,137,200,4060,403,200,0,48,76,5,8,0
974,large_drift,1.0,1.0981733798980713,0.5709782242774963,76,200,3138,305,200,0,16,16,36,8,0
975,large_drift,1.0,0.8206698894500732,0.5107285976409912,63,200,3872,426,200,0,16,16,23,8,0
976,large_drift,0.9,0.8407300710678101,0.4719141721725464,99,200,3963,426,200,0,32,16,43,8,0
977,large_drift,1.0,1.088909387588501,0.5520122647285461,89,201,4127,510,201,0,16,47,18,8,0
978,large_drift,1.0,0.8188560605049133,0.7313437461853027,78,204,2499,306,204,0,27,16,31,4,0
979,large_drift,0.7,0.9584926962852478,0.6786324977874756,91,209,4233,632,209,0,32,16,35,8,0
980,large_drift,0.9,1.007477879524231,0.5573475360870361,92,201,3236,383,201,0,32,15,37,8,0
981,large_drift,1.0,1.0643609762191772,0.9015516638755798,77,202,3540,479,202,0,15,30,28,4,0
982,large_drift,0.9,0.9600753784179688,0.7095818519592285,72,206,3926,453,206,0,16,29,19,8,0
983,large_drift,1.0,0.9405657649040222,0.6184784173965454,72,202,3437,370,202,0,16,31,17,8,0
984,large_drift,1.0,0.9910517334938049,0.5872052907943726,76,203,3933,482,203,0,32,16,20,8,0
985,large_drift,0.6,1.0794742107391357,0.6275208592414856,73,206,3652,430,206,0,16,16,33,8,0
986,large_drift,0.5,0.9603103995323181,0.5846537947654724,109,210,4483,580,210,0,16,62,23,8,0
987,large_drift,0.3,0.8682161569595337,0.6692452430725098,84,212,4616,580,212,0,31,30,19,4,0
988,large_drift,0.8,1.0538387298583984,0.6000452041625977,109,201,4413,515,201,0,48,32,21,8,0
989,large_drift,0.8,1.1619200706481934,0.6353939175605774,71,201,3879,446,201,0,15,16,32,8,0
990,large_drift,0.7,1.0216625928878784,0.6688376665115356,62,203,4322,524,203,0,16,16,22,8,0
991,large_drift,1.0,0.8285816311836243,0.5540710687637329,93,203,3803,363,203,0,48,16,25,4,0
992,large_drift,1.0,0.8298522233963013,0.4477033019065857,73,200,3765,381,200,0,16,16,33,8,0
993,large_drift,0.9,0.9303540587425232,0.6917567253112793,51,201,3260,389,201,0,12,9,22,8,0
994,large_drift,1.0,0.8605024814605713,0.48036402463912964,112,200,3902,436,200,0,48,28,28,8,0
995,large_drift,1.0,1.0317884683609009,0.6575918793678284,58,203,3573,391,203,0,32,13,5,8,0
996,large_drift,1.0,0.9743766784667969,0.26698875427246094,104,200,1766,164,200,0,28,48,24,4,0
997,large_drift,1.0,0.9646480083465576,0.46485066413879395,131,201,2876,330,201,0,95,16,12,8,0
998,large_drift,1.0,1.0748826265335083,0.6160171031951904,104,200,3811,453,200,0,62,29,5,8,0
999,large_drift,0.9,1.0079646110534668,0.44898247718811035,106,208,4398,419,208,0,16,54,28,8,0
1000,large_drift,0.4,0.8559526801109314,0.7317628860473633,116,220,4729,708,220,0,32,47,33,4,0
1001,large_drift,0.8,1.0672937631607056,0.5726088285446167,52,201,3981,421,201,0,13,16,15,8,0
1002,large_drift,0.7,0.9180729985237122,0.6315016746520996,82,209,4359,601,209,0,16,16,42,8,0
1003,large_drift,0.9,0.9978762269020081,0.6471667289733887,56,201,4324,521,201,0,15,16,17,8,0
1004,large_drift,1.0,0.860602080821991,0.3965049386024475,110,200,3466,374,200,0,32,47,23,8,0
1005,large_drift,1.0,1.0442758798599243,0.598340630531311,98,202,3436,402,202,0,16,59,15,8,0
1006,large_drift,1.0,0.9057639837265015,0.6835033297538757,45,207,4018,466,207,0,16,13,8,8,0
1007,large_drift,0.7,0.9732118844985962,0.6120357513427734,70,205,4633,641,205,0,32,13,17,8,0
1008,large_drift,0.7,0.9023881554603577,0.6316472887992859,109,204,4434,579,204,0,16,32,53,8,0
1009,large_drift,0.7,1.0032932758331299,0.5305465459823608,110,203,4204,488,203,0,32,47,23,8,0
1010,large_drift,0.9,0.9842898845672607,0.619813084602356,92,201,4039,525,201,0,31,32,21,8,0
1011,large_drift,1.0,1.2985060214996338,0.7188230752944946,77,203,3327,345,203,0,31,32,6,8,0
1012,large_drift,0.9,0.9078885316848755,0.8002563118934631,45,220,4320,662,220,0,16,13,8,8,0
1013,large_drift,1.0,1.1381908655166626,0.4693598747253418,134,200,2710,283,200,0,52,45,29,8,0
1014,large_drift,1.0,0.9702949523925781,0.5374884605407715,122,200,2868,275,200,0,48,61,5,8,0
1015,large_drift,0.7,1.030843734741211,0.5715439319610596,105,200,4130,468,200,0,32,60,5,8,0
1016,large_drift,1.0,1.0032228231430054,0.6728111505508423,56,202,2980,367,202,0,16,14,18,8,0
1017,large_drift,1.0,0.8064311146736145,0.41231590509414673,132,200,3795,392,200,0,85,16,23,8,0
1018,large_drift,0.5,0.966599702835083,0.6182055473327637,78,207,4756,622,207,0,32,16,22,8,0
1019,large_drift,0.7,0.7858240604400635,0.6144618988037109,86,210,4656,547,210,0,16,31,35,4,0
1020,large_drift,1.0,0.8589450120925903,0.5138487219810486,93,200,3784,348,200,0,30,32,23,8,0
1021,large_drift,0.8,1.0782550573349,0.646532416343689,52,204,3773,431,204,0,13,16,15,8,0
1022,large_drift,0.8,1.074343204498291,0.6318355798721313,85,200,3820,511,200,0,32,27,18,8,0
1023,large_drift,1.0,1.0178017616271973,0.5838754177093506,74,200,3588,355,200,0,48,13,5,8,0
1024,large_drift,1.0,1.0730504989624023,0.47563380002975464,120,200,3211,294,200,0,64,43,5,8,0
1025,large_drift,0.8,0.9719387292861938,0.5327455997467041,79,201,4304,516,201,0,32,16,23,8,0
1026,large_drift,0.6,0.819109320640564,0.5686571002006531,88,221,4561,664,221,0,16,16,48,8,0
1027,large_drift,1.0,1.0618127584457397,0.5568541288375854,68,203,3638,363,203,0,16,32,12,8,0
1028,large_drift,0.9,0.898740291595459,0.5873340368270874,97,205,4042,540,205,0,16,32,41,8,0
1029,large_drift,0.5,1.0433642864227295,0.6078741550445557,109,207,4829,566,207,0,32,16,53,8,0
1030,large_drift,1.0,0.9125967621803284,0.29127252101898193,81,200,1855,161,200,0,32,35,10,4,0
1031,large_drift,0.9,0.8725322484970093,0.41682809591293335,92,200,3839,369,200,0,32,29,23,8,0
1032,large_drift,1.0,0.9343814253807068,0.5627354979515076,74,200,3247,269,200,0,16,45,5,8,0
1033,large_drift,0.9,0.9467357993125916,0.5870692729949951,105,204,4080,550,204,0,48,16,33,8,0
1034,large_drift,0.7,0.9019232392311096,0.548243522644043,169,200,4129,488,200,0,127,29,5,8,0
1035,large_drift,1.0,0.8989335298538208,0.45467686653137207,126,202,3270,255,202,0,43,16,59,8,0
1036,large_drift,0.9,0.9155510663986206,0.48975175619125366,110,205,4478,393,205,0,48,16,38,8,0
1037,large_drift,1.0,0.9435943365097046,0.6290895938873291,115,204,4184,477,204,0,15,80,12,8,0
1038,large_drift,1.0,0.9849580526351929,0.6648874282836914,65,226,4279,636,226,0,16,13,28,8,0
1039,large_drift,1.0,0.9213944673538208,0.6614779233932495,53,204,3889,466,204,0,16,16,17,4,0
1040,large_drift,0.8,0.9489429593086243,0.5970886945724487,109,202,4384,543,202,0,32,16,53,8,0
1041,large_drift,0.7,1.04969322681427,0.7147361040115356,58,225,4405,578,225,0,16,29,5,8,0
1042,large_drift,0.7,0.9450967907905579,0.5047057867050171,62,201,4622,514,201,0,16,16,22,8,0
1043,large_drift,0.8,0.7766159176826477,0.5538825392723083,88,208,4072,577,208,0,16,31,33,8,0
1044,large_drift,1.0,0.9546997547149658,0.5048279166221619,100,200,3487,350,200,0,16,64,12,8,0
1045,large_drift,0.8,0.9357583522796631,0.6730605363845825,52,208,3880,557,208,0,16,16,12,8,0
1046,large_drift,1.0,0.9734360575675964,0.5099735260009766,91,200,3682,408,200,0,32,39,12,8,0
1047,large_drift,1.0,0.9011234045028687,0.5966260433197021,79,201,3622,479,201,0,16,32,23,8,0
1048,large_drift,0.4,1.0466313362121582,0.5833132863044739,73,209,4406,444,209,0,16,16,33,8,0
1049,large_drift,1.0,0.9632378220558167,0.5311827659606934,89,200,3672,446,200,0,32,16,33,8,0
1050,large_drift,1.0,1.0557379722595215,0.4582083225250244,123,200,3048,288,200,0,63,16,36,8,0
1051,large_drift,0.9,0.8929160833358765,0.5217448472976685,89,200,4450,439,200,0,32,16,33,8,0
1052,large_drift,0.8,0.9298050999641418,0.46681827306747437,89,201,3848,400,201,0,32,16,33,8,0
1053,large_drift,0.9,0.8405996561050415,0.4744523763656616,99,200,3808,412,200,0,16,32,43,8,0
1054,large_drift,0.8,0.9618834853172302,0.6738369464874268,68,206,3796,565,206,0,32,16,12,8,0
1055,large_drift,1.0,1.0442006587982178,0.7306075096130371,74,210,3625,447,210,0,30,28,8,8,0
1056,large_drift,0.6,0.8717715740203857,0.5309242010116577,87,200,4342,518,200,0,48,14,17,8,0
1057,large_drift,1.0,1.0777782201766968,0.56827712059021,126,202,3290,389,202,0,32,63,23,8,0
1058,large_drift,0.7,1.0796252489089966,0.5681033134460449,73,200,3418,341,200,0,16,16,33,8,0
1059,large_drift,1.0,0.9981642961502075,0.5516724586486816,82,200,3471,339,200,0,43,16,15,8,0
1060,large_drift,0.7,1.0380580425262451,0.7268095016479492,94,203,4132,484,203,0,32,16,38,8,0
1061,large_drift,1.0,0.8924790024757385,0.4427850842475891,110,200,3722,356,200,0,47,32,23,8,0
1062,large_drift,0.6,0.8761561512947083,0.48241209983825684,73,200,4247,411,200,0,16,16,33,8,0
1063,large_drift,0.9,1.0134921073913574,0.6692212820053101,87,203,3993,523,203,0,16,30,33,8,0
1064,large_drift,1.0,0.7469652891159058,0.43163859844207764,105,200,4107,420,200,0,48,16,33,8,0
1065,large_drift,0.5,1.1529426574707031,0.685706615447998,84,237,4872,698,237,0,16,48,12,8,0
1066,large_drift,1.0,0.858460545539856,0.42847734689712524,80,200,3534,329,200,0,32,16,28,4,0
1067,large_drift,1.0,0.8436427116394043,0.37227749824523926,93,200,3773,383,200,0,16,16,53,8,0
1068,large_drift,1.0,0.9657772779464722,0.3321264386177063,107,200,2665,285,200,0,26,51,22,8,0
1069,large_drift,1.0,0.8047198057174683,0.5097934007644653,105,200,3940,482,200,0,48,16,33,8,0
1070,large_drift,0.9,1.17481529712677,0.6872134208679199,84,203,4170,532,203,0,16,48,12,8,0
1071,large_drift,1.0,0.8839351534843445,0.36316412687301636,100,200,2508,203,200,0,63,16,17,4,0
1072,large_drift,0.7,0.8908742666244507,0.5056233406066895,93,200,4467,487,200,0,16,16,53,8,0
1073,large_drift,1.0,0.9984292387962341,0.16243577003479004,150,200,1646,148,200,0,124,13,5,8,0
1074,large_drift,1.0,0.7127635478973389,0.4751099944114685,98,202,4044,407,202,0,16,32,42,8,0
1075,large_drift,1.0,0.9456611275672913,0.7034751176834106,69,209,4159,603,209,0,16,16,29,8,0
1076,large_drift,0.4,0.9322965741157532,0.7367702722549438,102,202,4397,507,202,0,16,63,15,8,0
1077,large_drift,1.0,1.0886669158935547,0.27409762144088745,129,200,2212,210,200,0,48,60,13,8,0
1078,large_drift,0.9,0.8454322814941406,0.6327159404754639,109,205,4489,590,205,0,48,32,21,8,0
1079,large_drift,1.0,0.9865509867668152,0.38499510288238525,149,200,2870,300,200,0,16,120,5,8,0
1080,large_drift,0.9,0.9509681463241577,0.6492272019386292,156,200,3815,426,200,0,63,79,6,8,0
1081,large_drift,0.9,0.762599766254425,0.44993287324905396,95,201,3899,419,201,0,32,32,23,8,0
1082,large_drift,1.0,0.9010946154594421,0.4261256456375122,63,200,3333,383,200,0,16,16,23,8,0
1083,large_drift,1.0,0.9035798907279968,0.3369588851928711,124,200,3669,317,200,0,46,32,38,8,0
1084,large_drift,0.6,1.0529463291168213,0.6291748881340027,84,203,4766,580,203,0,16,48,12,8,0
1085,large_drift,1.0,1.149538516998291,0.7078627347946167,108,200,3341,378,200,0,31,57,12,8,0
1086,large_drift,1.0,0.9028419852256775,0.5277448892593384,89,201,3375,325,201,0,32,16,33,8,0
1087,large_drift,1.0,1.0941907167434692,0.4368686079978943,88,200,2060,182,200,0,32,29,19,8,0
1088,large_drift,0.9,0.8284022212028503,0.560330867767334,140,200,4080,440,200,0,16,63,53,8,0
1089,large_drift,0.7,0.9516109824180603,0.45329707860946655,73,200,4443,445,200,0,16,16,33,8,0
1090,large_drift,0.6,0.9918932914733887,0.6804059147834778,124,212,4541,651,212,0,32,46,38,8,0
1091,large_drift,0.7,0.869137704372406,0.5832674503326416,99,204,4104,622,204,0,32,39,24,4,0
1092,large_drift,1.0,1.0342341661453247,0.48418861627578735,149,200,2789,249,200,0,79,45,17,8,0
1093,large_drift,1.0,1.116163730621338,0.6527842879295349,94,203,3874,385,203,0,16,48,22,8,0
1094,large_drift,1.0,0.7534140944480896,0.3830832242965698,76,200,3586,351,200,0,16,16,40,4,0
1095,large_drift,1.0,0.8929234743118286,0.5712474584579468,90,200,3598,392,200,0,16,47,19,8,0
1096,large_drift,1.0,0.9621347784996033,0.6677124500274658,67,203,3076,385,203,0,16,16,27,8,0
1097,large_drift,0.7,0.8770574331283569,0.6021057367324829,98,201,4373,552,201,0,16,28,46,8,0
1098,large_drift,0.7,1.1189453601837158,0.7544859647750854,116,208,3985,585,208,0,16,79,13,8,0
1099,large_drift,1.0,0.9977614879608154,0.5435572862625122,87,200,4097,514,200,0,16,58,5,8,0
1100,large_drift,0.7,0.9688870310783386,0.6351096630096436,77,202,4487,528,202,0,15,48,6,8,0
1101,large_drift,1.0,0.9877511262893677,0.4820747375488281,142,203,3936,446,203,0,48,46,40,8,0
1102,large_drift,0.9,0.9643731713294983,0.5737813115119934,109,205,3899,432,205,0,16,46,39,8,0
1103,large_drift,0.9,0.9105461835861206,0.5321784615516663,126,203,3976,443,203,0,48,47,23,8,0
1104,large_drift,1.0,1.0095776319503784,0.6308714151382446,57,202,3310,342,202,0,11,26,12,8,0
1105,large_drift,0.9,0.8779813051223755,0.7379570007324219,65,205,3538,499,205,0,11,16,30,8,0
1106,large_drift,1.0,0.9001743197441101,0.4431421160697937,105,202,3852,358,202,0,48,16,33,8,0
1107,large_drift,1.0,1.0070080757141113,0.5375245809555054,104,200,2876,279,200,0,62,29,5,8,0
1108,large_drift,1.0,1.1720184087753296,0.6907528638839722,78,208,3441,516,208,0,42,16,12,8,0
1109,large_drift,0.9,0.9232240319252014,0.6540511846542358,82,205,4131,615,205,0,16,32,26,8,0
1110,large_drift,0.9,1.022909164428711,0.5805465579032898,116,201,3838,395,201,0,48,45,15,8,0
1111,large_drift,1.0,0.7694618701934814,0.5357580184936523,87,200,4083,369,200,0,16,32,35,4,0
1112,large_drift,1.0,0.8905102014541626,0.4075466990470886,65,200,4365,420,200,0,16,13,28,8,0
1113,large_drift,1.0,1.0552046298980713,0.5901559591293335,121,201,3486,433,201,0,48,32,33,8,0
1114,large_drift,1.0,0.8722718358039856,0.5447548031806946,75,203,3664,406,203,0,16,32,19,8,0
1115,large_drift,0.9,0.7503793835639954,0.4821454882621765,83,201,4139,520,201,0,13,44,18,8,0
1116,large_drift,1.0,1.037674069404602,0.8128419518470764,71,203,1695,225,203,0,16,30,17,8,0
1117,large_drift,1.0,0.901264488697052,0.4766926169395447,109,200,3841,433,200,0,32,16,53,8,0
1118,large_drift,1.0,0.9990758299827576,0.8177463412284851,69,202,2134,297,202,0,32,15,14,8,0
1119,large_drift,0.8,1.043344259262085,0.5103591680526733,88,200,4200,495,200,0,32,43,5,8,0
1120,large_drift,0.8,0.862558126449585,0.4779126048088074,103,200,3845,400,200,0,16,32,47,8,0
1121,large_drift,1.0,0.8742005825042725,0.42958879470825195,105,200,4001,367,200,0,48,16,33,8,0
1122,large_drift,0.8,1.0523200035095215,0.4666369557380676,101,202,3798,448,202,0,47,29,17,8,0
1123,large_drift,1.0,0.9780037999153137,0.7531194686889648,99,201,3351,361,201,0,48,28,19,4,0
1124,large_drift,1.0,0.9819672703742981,0.6759598255157471,58,201,3042,360,201,0,16,29,5,8,0
1125,large_drift,1.0,1.0593907833099365,0.6871292591094971,65,203,3929,390,203,0,16,16,25,8,0
1126,large_drift,1.0,0.8465489149093628,0.5025092959403992,136,201,3513,450,201,0,32,91,5,8,0
1127,large_drift,0.9,0.9794812202453613,0.5496054291725159,90,200,3569,388,200,0,48,29,5,8,0
1128,large_drift,1.0,0.8907653093338013,0.4640316963195801,92,200,3800,407,200,0,32,29,23,8,0
1129,large_drift,1.0,1.1456586122512817,0.507710874080658,78,201,3849,342,201,0,32,32,6,8,0
1130,large_drift,1.0,0.8821010589599609,0.42245709896087646,105,200,3571,349,200,0,48,16,33,8,0
1131,large_drift,0.7,0.9510481953620911,0.5377368927001953,73,201,3678,438,201,0,16,16,33,8,0
1132,large_drift,0.9,0.8816803693771362,0.47652822732925415,73,205,4366,511,205,0,16,16,33,8,0
1133,large_drift,1.0,1.025068998336792,0.6694091558456421,68,205,3482,481,205,0,29,16,15,8,0
1134,large_drift,1.0,0.6370835900306702,0.2857733368873596,83,200,2594,200,200,0,58,11,10,4,0
1135,large_drift,1.0,0.8752061128616333,0.7033826112747192,64,212,3298,512,212,0,16,16,28,4,0
1136,large_drift,0.9,1.1481354236602783,0.7599160075187683,58,202,3638,428,202,0,32,13,5,8,0
1137,large_drift,1.0,0.877182126045227,0.5954681634902954,99,203,4039,487,203,0,31,55,5,8,0
1138,large_drift,1.0,0.8774177432060242,0.4571104645729065,81,200,3399,338,200,0,32,13,28,8,0
1139,large_drift,1.0,1.0731699466705322,0.5979295969009399,117,201,3456,316,201,0,32,16,61,8,0
1140,large_drift,1.0,1.0093514919281006,0.39629417657852173,167,200,2444,216,200,0,75,48,36,8,0
1141,large_drift,0.8,1.0895988941192627,0.6796272397041321,114,207,4414,647,207,0,16,78,12,8,0
1142,large_drift,1.0,0.793956458568573,0.44787853956222534,87,200,3510,370,200,0,16,32,35,4,0
1143,large_drift,1.0,1.2289952039718628,0.6513643264770508,74,201,3770,408,201,0,16,45,5,8,0
1144,large_drift,0.9,0.9167340993881226,0.6010024547576904,79,202,4121,420,202,0,16,32,23,8,0
1145,large_drift,1.0,0.7709656953811646,0.4551764726638794,79,200,3858,419,200,0,16,32,23,8,0
1146,large_drift,1.0,0.8354375958442688,0.4647712707519531,73,200,4246,465,200,0,16,16,33,8,0
1147,large_drift,0.8,0.8655136227607727,0.6056403517723083,61,204,4514,525,204,0,16,29,8,8,0
1148,large_drift,1.0,0.9671446084976196,0.5667407512664795,108,201,3398,351,201,0,48,16,36,8,0
1149,large_drift,1.0,0.840498685836792,0.4864276647567749,140,200,3604,384,200,0,29,90,17,4,0
1150,large_drift,0.9,0.9000661373138428,0.48230278491973877,73,200,3993,453,200,0,16,16,33,8,0
1151,large_drift,0.8,0.9806885719299316,0.6345798969268799,89,203,3620,428,203,0,16,32,33,8,0
1152,large_drift,0.7,0.9163712859153748,0.6018300652503967,87,211,4462,666,211,0,32,16,31,8,0
1153,large_drift,0.6,0.8816238641738892,0.6106791496276855,79,217,5045,595,217,0,32,16,23,8,0
1154,large_drift,1.0,0.9187352061271667,0.5800389051437378,87,201,3385,333,201,0,16,30,33,8,0
1155,large_drift,1.0,0.9075973629951477,0.5813103914260864,106,201,3627,363,201,0,16,43,39,8,0
1156,large_drift,0.6,0.9989326596260071,0.6380276679992676,105,202,4143,470,202,0,32,32,33,8,0
1157,large_drift,1.0,0.9282474517822266,0.5644047260284424,76,200,3236,293,200,0,16,29,23,8,0
1158,large_drift,1.0,1.0159952640533447,0.6059857606887817,52,201,3450,350,201,0,16,16,12,8,0
1159,large_drift,0.9,0.9469393491744995,0.5728789567947388,88,206,3883,503,206,0,16,16,48,8,0
1160,large_drift,1.0,1.0161651372909546,0.8391562700271606,60,203,3497,403,203,0,16,16,24,4,0
1161,large_drift,1.0,0.9987767934799194,0.5587428212165833,140,200,3719,396,200,0,63,48,21,8,0
1162,large_drift,1.0,1.0633020401000977,0.8061776161193848,45,204,3075,355,204,0,16,13,8,8,0
1163,large_drift,1.0,1.0573726892471313,0.2470448613166809,117,200,1420,119,200,0,72,15,22,8,0
1164,large_drift,0.8,0.9603425860404968,0.6584011316299438,90,204,3850,497,204,0,16,61,5,8,0
1165,large_drift,1.0,1.2211995124816895,0.6217304468154907,90,200,3871,441,200,0,64,13,5,8,0
1166,large_drift,1.0,1.100270390510559,0.7916269898414612,74,221,4177,685,221,0,16,44,6,8,0
1167,large_drift,1.0,1.119166374206543,0.4597855806350708,89,200,3635,312,200,0,47,29,5,8,0
1168,large_drift,1.0,0.9190963506698608,0.5116028785705566,89,200,3970,445,200,0,16,46,19,8,0
1169,large_drift,0.8,1.015751838684082,0.5640313029289246,68,200,4035,493,200,0,29,16,15,8,0
1170,large_drift,0.7,1.012025237083435,0.6133091449737549,73,201,3931,437,201,0,16,16,33,8,0
1171,large_drift,1.0,0.8986184000968933,0.42282724380493164,130,200,2565,232,200,0,63,45,14,8,0
1172,large_drift,0.9,0.929641842842102,0.6032923460006714,65,204,4196,475,204,0,16,13,28,8,0
1173,large_drift,1.0,1.1835360527038574,0.7041972875595093,80,201,2359,289,201,0,15,31,26,8,0
1174,large_drift,1.0,0.8858528733253479,0.7641786336898804,62,204,2559,371,204,0,32,12,14,4,0
1175,large_drift,1.0,0.9887006282806396,0.6511760950088501,100,201,2561,269,201,0,48,16,28,8,0
1176,large_drift,1.0,0.7915030121803284,0.42297959327697754,73,200,3897,424,200,0,16,16,33,8,0
1177,large_drift,1.0,0.9703264832496643,0.5017405152320862,120,200,3705,520,200,0,32,29,51,8,0
1178,large_drift,0.9,1.095497965812683,0.7047790288925171,90,202,3710,438,202,0,64,13,5,8,0
1179,large_drift,0.9,1.115548849105835,0.6049403548240662,133,200,3858,430,200,0,58,46,21,8,0
1180,large_drift,1.0,0.8874216079711914,0.6637659668922424,71,204,3293,431,204,0,16,16,31,8,0
1181,large_drift,1.0,1.2075783014297485,0.8013725280761719,107,206,2950,372,206,0,16,45,38,8,0
1182,large_drift,0.8,0.924562931060791,0.5818381309509277,73,205,4194,445,205,0,16,16,33,8,0
1183,large_drift,1.0,0.9406234622001648,0.576504647731781,77,205,3909,455,205,0,32,29,8,8,0
1184,large_drift,1.0,0.9371414184570312,0.27366530895233154,111,200,1801,174,200,0,42,56,5,8,0
1185,large_drift,0.9,0.9503759145736694,0.6326119899749756,119,202,2675,395,202,0,72,33,10,4,0
1186,large_drift,1.0,1.243434190750122,0.9529628753662109,85,221,3508,577,221,0,43,29,5,8,0
1187,large_drift,0.7,0.8852242231369019,0.5706779956817627,58,201,4506,590,201,0,16,29,5,8,0
1188,large_drift,0.7,0.7927039861679077,0.5666602849960327,93,201,4275,481,201,0,16,16,53,8,0
1189,large_drift,0.7,1.1264976263046265,0.555560827255249,147,212,4342,497,212,0,80,12,47,8,0
1190,large_drift,1.0,0.8715620636940002,0.4539507031440735,78,205,3931,555,205,0,16,16,38,8,0
1191,large_drift,1.0,1.0356076955795288,0.7194552421569824,77,204,2770,317,204,0,15,16,38,8,0
1192,large_drift,0.9,1.0449658632278442,0.6408824324607849,71,203,3634,521,203,0,16,42,5,8,0
1193,large_drift,0.9,0.9379213452339172,0.6500325202941895,74,214,4564,560,214,0,32,29,5,8,0
1194,large_drift,1.0,0.9425696134567261,0.6058985590934753,74,210,4573,655,210,0,16,45,5,8,0
1195,large_drift,0.8,0.8168262243270874,0.5481234192848206,110,209,4758,611,209,0,32,32,38,8,0
1196,large_drift,1.0,0.9442605376243591,0.5334193706512451,112,202,3585,377,202,0,30,62,12,8,0
1197,large_drift,0.6,1.041426420211792,0.6792140603065491,99,235,4685,540,235,0,16,63,12,8,0
1198,large_drift,1.0,0.9402123689651489,0.7902588844299316,53,206,3800,529,206,0,16,15,14,8,0
1199,large_drift,0.9,1.0147414207458496,0.48603910207748413,58,201,4092,461,201,0,32,13,5,8,0
1200,large_drift,0.8,0.8706153035163879,0.5293816328048706,138,201,3399,433,201,0,16,62,52,8,0
1201,large_drift,0.7,0.8132880926132202,0.5615361928939819,93,201,4505,460,201,0,16,16,53,8,0
1202,large_drift,0.9,0.7985501289367676,0.5288957953453064,79,202,4341,456,202,0,16,32,23,8,0
1203,large_drift,1.0,1.0459980964660645,0.6806144714355469,138,201,3574,395,201,0,45,48,37,8,0
1204,large_drift,1.0,1.1599234342575073,0.533595085144043,92,200,3712,347,200,0,48,16,20,8,0
1205,large_drift,0.9,1.0543407201766968,0.6351433992385864,105,204,4218,492,204,0,16,29,52,8,0
1206,large_drift,1.0,0.7695285081863403,0.4675828218460083,103,200,3792,414,200,0,48,16,35,4,0
1207,large_drift,1.0,1.1293309926986694,0.7329663038253784,84,207,1738,298,207,0,48,16,12,8,0
1208,large_drift,1.0,0.8366077542304993,0.7067720890045166,57,201,3172,323,201,0,7,34,8,8,0
1209,large_drift,0.9,0.9193556904792786,0.5554096102714539,92,201,4317,416,201,0,32,44,8,8,0
1210,large_drift,1.0,1.3523542881011963,0.7164065837860107,69,223,4319,649,223,0,31,11,19,8,0
1211,large_drift,0.9,1.0167789459228516,0.6343064904212952,74,204,3936,505,204,0,32,29,5,8,0
1212,large_drift,0.9,0.904391884803772,0.6336637735366821,97,202,4170,472,202,0,48,13,28,8,0
1213,large_drift,1.0,0.9403824210166931,0.5677993297576904,121,200,4181,471,200,0,64,16,33,8,0
1214,large_drift,1.0,0.9309288263320923,0.4633851647377014,105,200,2683,246,200,0,42,39,20,4,0
1215,large_drift,1.0,0.8364500999450684,0.5542677640914917,112,201,3705,470,201,0,48,16,44,4,0
1216,large_drift,1.0,0.809562623500824,0.5000852942466736,110,200,3853,378,200,0,32,48,22,8,0
1217,large_drift,1.0,0.9902355074882507,0.7986410856246948,83,204,1828,353,204,0,16,32,27,8,0
1218,large_drift,1.0,0.9623119235038757,0.6366150379180908,99,217,4598,645,217,0,32,16,43,8,0
1219,large_drift,1.0,1.0688328742980957,0.6798630952835083,65,201,2818,306,201,0,16,15,26,8,0
1220,large_drift,1.0,0.6965516805648804,0.3682904839515686,99,201,3467,355,201,0,16,63,12,8,0
1221,large_drift,1.0,0.8751605153083801,0.7615174651145935,77,206,4101,485,206,0,48,13,8,8,0
1222,large_drift,1.0,1.042458176612854,0.6251052021980286,78,202,3577,389,202,0,16,16,38,8,0
1223,large_drift,1.0,0.9516000151634216,0.8014902472496033,73,236,4327,633,236,0,16,41,8,8,0
1224,large_drift,0.9,0.9293661713600159,0.5871931910514832,69,241,5074,614,241,0,16,16,29,8,0
1225,large_drift,0.9,0.8513990640640259,0.5307787656784058,124,200,4241,497,200,0,61,32,23,8,0
1226,large_drift,0.4,1.1203209161758423,0.5823935866355896,111,206,4865,663,206,0,46,45,12,8,0
1227,large_drift,1.0,1.0215004682540894,0.8226969242095947,72,201,2586,294,201,0,15,43,10,4,0
1228,large_drift,1.0,1.1002120971679688,0.7335907816886902,58,201,3469,347,201,0,32,13,5,8,0
1229,large_drift,1.0,1.1080214977264404,0.6994536519050598,69,205,3734,456,205,0,16,27,18,8,0
1230,large_drift,1.0,0.940263569355011,0.6217474937438965,83,211,4481,572,211,0,16,16,43,8,0
1231,large_drift,1.0,1.1150299310684204,0.584758996963501,77,211,4074,512,211,0,16,30,23,8,0
1232,large_drift,0.9,0.8844295144081116,0.6134902238845825,113,207,4518,488,207,0,48,29,28,8,0
1233,large_drift,0.5,0.8286015391349792,0.6098114848136902,85,203,4026,498,203,0,32,27,18,8,0
1234,large_drift,0.7,1.0429743528366089,0.6102521419525146,97,212,3973,587,212,0,61,16,12,8,0
1235,large_drift,0.9,0.9779457449913025,0.4649139642715454,104,200,4453,456,200,0,16,47,33,8,0
1236,large_drift,0.8,0.8872258067131042,0.572784423828125,71,203,4398,526,203,0,16,16,31,8,0
1237,large_drift,1.0,0.9256799221038818,0.5463390350341797,113,201,3960,389,201,0,16,46,43,8,0
1238,large_drift,0.9,0.9906213283538818,0.5097507834434509,134,201,4147,456,201,0,80,29,17,8,0
1239,large_drift,1.0,0.9873154759407043,0.6789999604225159,91,205,3801,432,205,0,32,16,35,8,0
1240,large_drift,1.0,1.002565860748291,0.5775928497314453,101,200,3538,373,200,0,32,32,29,8,0
1241,large_drift,1.0,1.0103321075439453,0.5038390159606934,140,200,3976,443,200,0,64,16,52,8,0
1242,large_drift,0.9,0.8891737461090088,0.534428596496582,79,202,4040,435,202,0,16,32,23,8,0
1243,large_drift,0.5,0.9999850392341614,0.6738325357437134,99,249,4958,658,249,0,16,63,12,8,0
1244,large_drift,1.0,1.0221420526504517,0.5805718898773193,127,249,4624,417,249,0,47,13,59,8,0
1245,large_drift,0.9,0.7770161628723145,0.5161691904067993,113,200,4309,483,200,0,48,16,45,4,0
1246,large_drift,0.9,0.8445781469345093,0.44908738136291504,79,200,3826,344,200,0,16,32,23,8,0
1247,large_drift,0.9,1.1688947677612305,0.6767233610153198,117,200,3349,346,200,0,64,32,13,8,0
1248,large_drift,1.0,1.0474507808685303,0.6203632354736328,111,200,3668,390,200,0,16,46,41,8,0
1249,large_drift,1.0,1.1193523406982422,0.6783744096755981,68,202,3766,406,202,0,16,16,28,8,0
1250,large_drift,1.0,0.9878724217414856,0.34671807289123535,69,200,3153,271,200,0,32,16,13,8,0
1251,large_drift,0.8,0.8054273128509521,0.5158384442329407,112,204,4567,519,204,0,32,44,28,8,0
1252,large_drift,1.0,1.0576602220535278,0.5487053394317627,90,202,3699,484,202,0,32,45,5,8,0
1253,large_drift,0.7,1.320983648300171,0.7128216028213501,117,203,4154,529,203,0,16,80,13,8,0
1254,large_drift,1.0,0.9267420768737793,0.498773455619812,82,200,2710,291,200,0,16,44,14,8,0
1255,large_drift,1.0,0.964837372303009,0.44516265392303467,104,200,3190,328,200,0,62,29,5,8,0
1256,large_drift,1.0,0.9286975860595703,0.2646239399909973,124,200,2354,209,200,0,63,31,22,8,0
1257,large_drift,1.0,0.87171471118927,0.504119873046875,124,200,3792,447,200,0,32,46,38,8,0
1258,large_drift,1.0,0.9884673357009888,0.46849924325942993,100,200,3349,315,200,0,32,48,12,8,0
1259,large_drift,0.9,0.8840721249580383,0.4957192540168762,89,200,3704,449,200,0,32,16,33,8,0
1260,large_drift,1.0,0.9250632524490356,0.2845115065574646,93,200,2268,213,200,0,46,16,23,8,0
1261,large_drift,1.0,1.0397331714630127,0.4849089980125427,116,200,4014,372,200,0,80,16,12,8,0
1262,large_drift,0.8,1.0025200843811035,0.4836989641189575,89,200,4264,495,200,0,32,16,33,8,0
1263,large_drift,1.0,0.9490364193916321,0.6437976360321045,122,202,2932,295,202,0,32,77,5,8,0
1264,large_drift,0.9,0.9469481706619263,0.8978630900382996,61,220,2653,539,220,0,15,14,28,4,0
1265,large_drift,1.0,0.9227241277694702,0.4973260760307312,89,200,3640,452,200,0,16,32,33,8,0
1266,large_drift,0.9,1.1358451843261719,0.6130239367485046,90,200,3985,417,200,0,32,45,5,8,0
1267,large_drift,1.0,1.0844955444335938,0.667852520942688,86,201,3037,257,201,0,31,30,17,8,0
1268,large_drift,0.7,1.1180801391601562,0.6685613393783569,57,206,4344,523,206,0,16,28,5,8,0
1269,large_drift,1.0,0.9923421740531921,0.47430187463760376,132,200,2455,248,200,0,16,103,5,8,0
1270,large_drift,1.0,0.902069091796875,0.6813324093818665,113,206,3567,359,206,0,16,48,41,8,0
1271,large_drift,1.0,1.1732256412506104,0.6519943475723267,115,200,2250,227,200,0,60,42,5,8,0
1272,large_drift,1.0,0.9734115600585938,0.32005584239959717,120,200,1895,149,200,0,61,29,22,8,0
1273,large_drift,1.0,0.9351410865783691,0.3819078207015991,133,200,2769,239,200,0,73,46,6,8,0
1274,large_drift,1.0,0.9930417537689209,0.6359305381774902,92,204,3965,457,204,0,16,29,39,8,0
1275,large_drift,1.0,0.8468109369277954,0.3715931177139282,141,200,3517,349,200,0,64,16,53,8,0
1276,large_drift,0.9,0.9758766889572144,0.5838950276374817,135,200,3829,449,200,0,78,44,5,8,0
1277,large_drift,0.8,0.9480511546134949,0.6718959808349609,75,203,4496,577,203,0,13,32,22,8,0
1278,large_drift,1.0,0.8889783024787903,0.4337608814239502,87,200,2743,209,200,0,32,29,18,8,0
1279,large_drift,1.0,0.7643628120422363,0.41453373432159424,78,200,3792,405,200,0,16,16,38,8,0
1280,large_drift,0.9,0.9123114943504333,0.48972994089126587,96,203,3928,396,203,0,43,31,14,8,0
1281,large_drift,0.8,0.8560879826545715,0.4933187961578369,83,200,3739,375,200,0,16,16,43,8,0
1282,large_drift,1.0,0.892162024974823,0.7400738000869751,70,210,3556,502,210,0,16,11,35,8,0
1283,large_drift,1.0,1.1882998943328857,0.5047072172164917,81,200,3728,430,200,0,45,16,12,8,0
1284,large_drift,1.0,0.9476489424705505,0.5033289790153503,113,203,4288,534,203,0,32,46,27,8,0
1285,large_drift,1.0,0.9366908669471741,0.47076886892318726,97,200,3833,390,200,0,43,16,30,8,0
1286,large_drift,1.0,1.0099372863769531,0.47565990686416626,73,200,3992,458,200,0,16,16,33,8,0
1287,large_drift,0.8,0.9292945861816406,0.5823974609375,106,200,4169,509,200,0,64,29,5,8,0
1288,large_drift,0.4,0.9668650031089783,0.6597522497177124,108,205,4058,630,205,0,43,29,28,8,0
1289,large_drift,1.0,1.0065826177597046,0.47754180431365967,78,200,3652,388,200,0,16,16,38,8,0
1290,large_drift,0.7,1.0013383626937866,0.5284860730171204,114,218,4624,613,218,0,32,31,43,8,0
1291,large_drift,0.7,0.9567286968231201,0.6764729022979736,71,201,3712,470,201,0,30,28,5,8,0
1292,large_drift,0.7,0.7864684462547302,0.5533565282821655,54,201,4415,570,201,0,16,14,20,4,0
1293,large_drift,0.7,0.9257981777191162,0.5706437230110168,140,219,5103,669,219,0,16,63,53,8,0
1294,large_drift,0.8,1.0266947746276855,0.5836855173110962,71,200,3836,451,200,0,32,14,17,8,0
1295,large_drift,1.0,0.9482342600822449,0.44173508882522583,89,200,2601,249,200,0,32,41,8,8,0
1296,large_drift,1.0,0.9047043919563293,0.6654375791549683,69,202,3874,416,202,0,16,31,14,8,0
1297,large_drift,1.0,0.9120420813560486,0.48736101388931274,93,200,3417,304,200,0,30,32,23,8,0
1298,large_drift,1.0,0.885177731513977,0.5342755317687988,89,201,3719,385,201,0,32,16,33,8,0
1299,large_drift,1.0,0.9623588919639587,0.5384994745254517,104,203,4053,527,203,0,48,11,37,8,0
1300,large_drift,1.0,1.0614758729934692,0.5170482397079468,113,200,2493,307,200,0,40,39,26,8,0
1301,large_drift,1.0,0.8364867568016052,0.4074535369873047,112,201,3656,365,201,0,16,45,43,8,0
1302,large_drift,1.0,0.9219762682914734,0.3928741216659546,122,200,2720,253,200,0,64,45,5,8,0
1303,large_drift,0.8,0.9034342765808105,0.5617896318435669,75,202,4099,478,202,0,16,23,28,8,0
1304,large_drift,1.0,0.9897902607917786,0.2526401877403259,123,200,1850,174,200,0,11,64,40,8,0
1305,large_drift,0.6,0.8799616098403931,0.5830641984939575,128,200,4005,462,200,0,64,16,44,4,0
1306,large_drift,0.8,1.0677804946899414,0.5927948355674744,131,208,3995,567,208,0,92,16,15,8,0
1307,large_drift,0.8,1.0028964281082153,0.5069906711578369,103,200,3625,437,200,0,32,16,47,8,0
1308,large_drift,1.0,1.027930498123169,0.5697890520095825,92,200,3449,412,200,0,31,41,12,8,0
1309,large_drift,0.7,0.7863950729370117,0.6049970388412476,92,206,4567,505,206,0,32,16,40,4,0
1310,large_drift,1.0,0.9296326041221619,0.44362902641296387,127,200,3528,328,200,0,44,32,43,8,0
1311,large_drift,0.8,0.8799275159835815,0.6354857087135315,87,208,4302,611,208,0,45,29,5,8,0
1312,large_drift,1.0,1.0927047729492188,0.6550394296646118,94,203,4305,505,203,0,16,48,22,8,0
1313,large_drift,1.0,1.0318059921264648,0.5662877559661865,77,201,2247,257,201,0,16,25,28,8,0
1314,large_drift,0.7,1.011717438697815,0.5995272397994995,85,212,4666,580,212,0,16,56,5,8,0
1315,large_drift,1.0,0.9373118877410889,0.3549470901489258,110,200,1841,151,200,0,59,37,10,4,0
1316,large_drift,1.0,1.0088822841644287,0.7074189782142639,93,209,3549,490,209,0,16,16,53,8,0
1317,large_drift,1.0,1.1155892610549927,0.4615001082420349,94,200,3068,243,200,0,64,16,6,8,0
1318,large_drift,1.0,0.9455605745315552,0.5787273645401001,106,201,3454,258,201,0,16,77,5,8,0
1319,large_drift,1.0,0.9689915180206299,0.5556048154830933,133,201,2258,264,201,0,47,73,5,8,0
1320,large_drift,1.0,1.0143885612487793,0.6937710046768188,77,202,2188,256,202,0,29,27,13,8,0
1321,large_drift,0.3,0.971828043460846,0.70637047290802,68,209,4244,606,209,0,29,16,15,8,0
1322,large_drift,0.7,0.8236840963363647,0.6262513399124146,58,216,4465,652,216,0,16,29,5,8,0
1323,large_drift,1.0,0.9115737676620483,0.5124779939651489,95,200,3599,412,200,0,32,32,23,8,0
1324,large_drift,0.9,0.7776913046836853,0.528066098690033,79,201,3975,450,201,0,16,32,23,8,0
1325,large_drift,0.9,0.8103836178779602,0.4835282564163208,148,200,4119,409,200,0,32,96,12,8,0
1326,large_drift,0.9,0.8298965692520142,0.6270517110824585,105,201,4036,473,201,0,32,15,50,8,0
1327,large_drift,0.9,0.8324486017227173,0.6420173645019531,62,205,4342,573,205,0,16,16,22,8,0
1328,large_drift,1.0,1.1594209671020508,0.6183973550796509,61,201,2917,306,201,0,14,22,17,8,0
1329,large_drift,0.8,0.9858644008636475,0.7373993992805481,80,211,4018,555,211,0,16,28,28,8,0
1330,large_drift,1.0,0.8036113381385803,0.5062280893325806,79,202,4067,425,202,0,16,32,23,8,0
1331,large_drift,0.9,1.0240147113800049,0.5574318170547485,114,200,4011,395,200,0,30,30,46,8,0
1332,large_drift,1.0,0.9077922105789185,0.5153234004974365,79,201,4544,478,201,0,32,16,23,8,0
1333,large_drift,1.0,1.0412534475326538,0.5531417727470398,106,200,3371,373,200,0,16,61,21,8,0
1334,large_drift,0.4,0.9502615332603455,0.5470495223999023,105,201,4029,443,201,0,48,16,33,8,0
1335,large_drift,1.0,0.8786559700965881,0.5324699878692627,122,201,2983,336,201,0,47,46,25,4,0
1336,large_drift,1.0,1.0803189277648926,0.6841204762458801,84,200,3659,429,200,0,48,16,12,8,0
1337,large_drift,1.0,1.0066810846328735,0.4935075044631958,126,200,3449,313,200,0,32,48,38,8,0
1338,large_drift,1.0,1.1060044765472412,0.892181396484375,78,203,3483,443,203,0,13,31,26,8,0
1339,large_drift,0.9,0.925666093826294,0.5197852849960327,86,200,4087,409,200,0,16,16,46,8,0
1340,large_drift,0.9,0.9874046444892883,0.7730408906936646,76,214,3635,718,214,0,27,16,29,4,0
1341,large_drift,0.6,0.9191897511482239,0.5541324019432068,135,200,3910,502,200,0,80,16,35,4,0
1342,large_drift,1.0,0.8350443243980408,0.4645126461982727,110,200,3620,294,200,0,48,32,22,8,0
1343,large_drift,1.0,0.9722052216529846,0.5539895296096802,65,200,4343,457,200,0,16,13,28,8,0
1344,large_drift,1.0,0.8590871095657349,0.5650619268417358,90,204,3967,420,204,0,16,61,5,8,0
1345,large_drift,0.8,0.863780677318573,0.5160682201385498,108,201,4078,410,201,0,16,61,23,8,0
1346,large_drift,0.8,0.8604218363761902,0.4856148362159729,73,200,3719,388,200,0,16,16,33,8,0
1347,large_drift,1.0,0.9833667874336243,0.5406952500343323,84,200,3617,309,200,0,48,16,12,8,0
1348,large_drift,1.0,0.9668715596199036,0.4225611686706543,113,202,2646,240,202,0,47,44,14,8,0
1349,large_drift,0.4,0.8741364479064941,0.601803719997406,130,212,4688,624,212,0,32,58,32,8,0
1350,large_drift,0.9,1.1318650245666504,0.5249817371368408,127,200,3118,319,200,0,47,12,60,8,0
1351,large_drift,0.9,0.9801105856895447,0.6426335573196411,105,208,4380,557,208,0,32,32,33,8,0
1352,large_drift,0.7,0.8406733274459839,0.5613597631454468,99,206,4873,659,206,0,32,16,43,8,0
1353,large_drift,1.0,0.8833471536636353,0.5280232429504395,104,200,3725,411,200,0,47,16,33,8,0
1354,large_drift,1.0,1.0265706777572632,0.5356663465499878,128,200,3753,389,200,0,31,48,41,8,0
1355,large_drift,0.9,1.043074369430542,0.5571585297584534,84,200,3904,413,200,0,30,29,17,8,0
1356,large_drift,1.0,0.9027296900749207,0.532651424407959,123,202,3405,452,202,0,32,31,52,8,0
1357,large_drift,1.0,1.107442021369934,0.8047453165054321,75,200,3659,387,200,0,25,37,5,8,0
1358,large_drift,0.9,0.9417926073074341,0.516671895980835,147,200,4024,419,200,0,46,32,61,8,0
1359,large_drift,1.0,0.8512598872184753,0.6141752004623413,73,202,3195,416,202,0,16,16,33,8,0
1360,large_drift,1.0,1.093522548675537,0.6299445033073425,78,201,3124,365,201,0,13,29,28,8,0
1361,large_drift,0.6,0.8722257614135742,0.6462550163269043,81,222,4928,737,222,0,32,13,28,8,0
1362,large_drift,1.0,0.9235510230064392,0.6613029837608337,92,202,3945,420,202,0,14,29,41,8,0
1363,large_drift,1.0,0.816394031047821,0.6101006269454956,96,203,4046,537,203,0,32,16,44,4,0
1364,large_drift,0.8,0.9298253655433655,0.5701833367347717,78,209,4516,607,209,0,16,32,22,8,0
1365,large_drift,0.9,1.0379090309143066,0.5128360986709595,117,200,3850,420,200,0,32,45,32,8,0
1366,large_drift,0.6,0.9647613763809204,0.5172943472862244,103,202,3909,497,202,0,61,29,5,8,0
1367,large_drift,1.0,1.0036633014678955,0.6929045915603638,92,203,3637,469,203,0,43,16,29,4,0
1368,large_drift,0.9,0.9782547354698181,0.7633171081542969,77,210,4367,637,210,0,16,45,8,8,0
1369,large_drift,0.3,1.1106804609298706,0.7504570484161377,102,210,4738,634,210,0,48,15,31,8,0
1370,large_drift,1.0,0.9007271528244019,0.5403735637664795,87,200,3872,453,200,0,31,16,32,8,0
1371,large_drift,0.9,1.0785223245620728,0.7240351438522339,59,205,3867,555,205,0,16,27,8,8,0
1372,large_drift,0.9,1.1247130632400513,0.7489407658576965,97,201,3703,431,201,0,32,45,12,8,0
1373,large_drift,0.7,0.8725013136863708,0.5057315826416016,73,204,4221,494,204,0,16,16,33,8,0
1374,large_drift,1.0,0.8979436159133911,0.43709826469421387,109,200,3517,446,200,0,32,16,53,8,0
1375,large_drift,0.8,1.1536884307861328,0.7270992398262024,96,203,4508,599,203,0,32,51,5,8,0
1376,large_drift,1.0,0.9030833840370178,0.5587867498397827,89,200,4074,474,200,0,32,44,5,8,0
1377,large_drift,1.0,1.0682790279388428,0.6756079196929932,56,209,3255,407,209,0,16,14,18,8,0
1378,large_drift,0.1,1.1646437644958496,0.8279582858085632,74,201,3924,513,201,0,48,13,5,8,0
1379,large_drift,0.9,0.9536999464035034,0.7295438051223755,49,208,3482,516,208,0,13,16,12,8,0
1380,large_drift,0.9,0.8851486444473267,0.524057149887085,77,203,4335,551,203,0,32,29,8,8,0
1381,large_drift,1.0,0.8775022625923157,0.4637717604637146,121,200,4035,398,200,0,64,16,33,8,0
1382,large_drift,0.2,0.9069600105285645,0.6788125038146973,69,205,4087,529,205,0,16,31,14,8,0
1383,large_drift,1.0,1.007817029953003,0.38882964849472046,77,200,2198,241,200,0,11,39,19,8,0
1384,large_drift,1.0,1.1468126773834229,0.7588143348693848,71,200,3852,476,200,0,16,16,31,8,0
1385,large_drift,0.9,1.0293914079666138,0.7168906927108765,65,267,5174,698,267,0,16,16,25,8,0
1386,large_drift,1.0,1.0755228996276855,0.6432046890258789,81,216,4020,616,216,0,16,45,12,8,0
1387,large_drift,1.0,0.7984660267829895,0.6094449758529663,63,203,3635,373,203,0,15,14,26,8,0
1388,large_drift,0.9,0.8489041924476624,0.6005722284317017,63,210,4428,493,210,0,16,16,23,8,0
1389,large_drift,1.0,1.058905839920044,0.6668087244033813,77,201,3643,342,201,0,16,32,21,8,0
1390,large_drift,0.7,0.9747458696365356,0.5937473773956299,90,268,5765,479,268,0,32,45,5,8,0
1391,large_drift,1.0,1.067721962928772,0.5080035924911499,75,200,3661,275,200,0,30,14,23,8,0
1392,large_drift,1.0,1.0911474227905273,0.7014632225036621,75,206,3731,411,206,0,29,16,22,8,0
1393,large_drift,1.0,1.073701024055481,0.4421064257621765,123,200,2746,186,200,0,53,45,17,8,0
1394,large_drift,1.0,0.7235052585601807,0.4181738495826721,135,200,3610,342,200,0,46,32,53,4,0
1395,large_drift,1.0,1.0272549390792847,0.8343108892440796,42,202,3520,414,202,0,16,13,5,8,0
1396,large_drift,0.9,1.2469298839569092,0.8338304758071899,61,205,4069,581,205,0,16,29,8,8,0
1397,large_drift,1.0,1.131996750831604,0.960395336151123,70,207,3213,437,207,0,31,9,22,8,0
1398,large_drift,1.0,1.1404622793197632,0.7267671823501587,81,203,3087,329,203,0,45,16,12,8,0
1399,large_drift,0.8,0.9106582999229431,0.5465911626815796,77,200,3977,514,200,0,31,16,22,8,0
1400,large_drift,0.5,0.9717123508453369,0.6361844539642334,75,207,4600,553,207,0,16,13,38,8,0
1401,large_drift,1.0,1.1671850681304932,0.6101517677307129,128,200,3426,376,200,0,47,48,25,8,0
1402,large_drift,1.0,0.8973491787910461,0.5666599273681641,68,203,4206,515,203,0,16,32,12,8,0
1403,large_drift,0.8,0.9574347138404846,0.5868532061576843,98,203,3688,422,203,0,46,32,12,8,0
1404,large_drift,1.0,0.6361950039863586,0.00968700647354126,58,200,1568,143,200,0,23,21,10,4,0
1405,large_drift,1.0,0.8474869728088379,0.30850934982299805,89,200,3500,358,200,0,32,16,33,8,0
1406,large_drift,1.0,0.9483427405357361,0.5322132110595703,154,201,3509,391,201,0,32,63,51,8,0
1407,large_drift,0.9,0.9259260892868042,0.63480144739151,76,203,4293,533,203,0,31,16,21,8,0
1408,large_drift,1.0,0.7985661625862122,0.5413638353347778,98,206,3957,434,206,0,31,16,43,8,0
1409,large_drift,1.0,0.9482170939445496,0.5825217962265015,100,200,3356,328,200,0,27,60,5,8,0
1410,large_drift,1.0,1.0207380056381226,0.7864835262298584,45,202,3287,341,202,0,16,13,8,8,0
1411,large_drift,1.0,0.9125958681106567,0.39126086235046387,120,200,1918,224,200,0,28,78,6,8,0
1412,large_drift,0.6,0.934637188911438,0.5275826454162598,117,200,3785,547,200,0,46,16,47,8,0
1413,large_drift,1.0,0.9594430923461914,0.5713549852371216,99,201,3489,447,201,0,32,13,46,8,0
1414,large_drift,0.9,0.9474070072174072,0.5452454090118408,131,200,3818,423,200,0,48,63,12,8,0
1415,large_drift,1.0,0.9308168292045593,0.6722986698150635,68,209,2920,436,209,0,16,16,28,8,0
1416,large_drift,0.9,1.0760648250579834,0.8214921951293945,58,201,3540,323,201,0,32,13,5,8,0
1417,large_drift,1.0,1.1116855144500732,0.6317648887634277,71,208,4246,624,208,0,16,32,15,8,0
1418,large_drift,0.9,0.8535940051078796,0.47602903842926025,89,200,4129,402,200,0,32,44,5,8,0
1419,large_drift,1.0,0.9269219040870667,0.5214195251464844,106,202,3787,411,202,0,47,32,19,8,0
1420,large_drift,0.9,1.0226929187774658,0.5877124667167664,97,206,4058,501,206,0,32,32,25,8,0
1421,large_drift,1.0,0.9355716109275818,0.45046740770339966,116,200,3488,344,200,0,63,27,18,8,0
1422,large_drift,1.0,1.032647728919983,0.8940685987472534,52,208,3718,451,208,0,16,16,12,8,0
1423,large_drift,1.0,0.9973806142807007,0.5277673602104187,140,200,3504,388,200,0,32,61,39,8,0
1424,large_drift,1.0,1.0765745639801025,0.6476689577102661,96,201,3430,322,201,0,29,16,43,8,0
1425,large_drift,1.0,0.9577169418334961,0.5332189798355103,98,200,3807,368,200,0,16,42,32,8,0
1426,large_drift,1.0,0.9583389759063721,0.7077927589416504,82,202,1957,234,202,0,30,16,32,4,0
1427,large_drift,1.0,0.8977136611938477,0.6454419493675232,83,204,2891,263,204,0,32,16,27,8,0
1428,large_drift,1.0,0.9470276236534119,0.4907430410385132,121,200,2906,240,200,0,48,15,50,8,0
1429,large_drift,1.0,0.8736766576766968,0.44183820486068726,111,200,3383,282,200,0,32,16,55,8,0
1430,large_drift,0.8,0.8853242993354797,0.549352765083313,78,200,4168,462,200,0,16,16,38,8,0
1431,large_drift,1.0,0.7978032231330872,0.46409326791763306,125,200,3391,295,200,0,78,16,23,8,0
1432,large_drift,0.7,0.8687354326248169,0.5221515893936157,122,209,4850,557,209,0,63,32,19,8,0
1433,large_drift,1.0,0.9281270503997803,0.5829461216926575,105,200,2944,269,200,0,79,13,5,8,0
1434,large_drift,0.9,0.7712433934211731,0.709473729133606,71,206,3952,436,206,0,31,16,20,4,0
1435,large_drift,0.8,1.001942753791809,0.5412079691886902,110,200,4032,446,200,0,48,16,38,8,0
1436,large_drift,1.0,0.9559369087219238,0.42827004194259644,110,200,3816,359,200,0,47,32,23,8,0
1437,large_drift,0.6,1.040096640586853,0.5521419048309326,82,200,3998,507,200,0,43,16,15,8,0
1438,large_drift,1.0,1.0287563800811768,0.7345091104507446,87,212,3311,593,212,0,16,32,31,8,0
1439,large_drift,1.0,1.055653691291809,0.47465842962265015,108,200,2859,267,200,0,32,56,12,8,0
1440,large_drift,1.0,0.8945173025131226,0.4165536165237427,115,200,3631,380,200,0,48,16,43,8,0
1441,large_drift,1.0,1.1146780252456665,0.5085296034812927,105,200,3297,376,200,0,32,29,36,8,0
1442,large_drift,1.0,1.0688672065734863,0.5463441610336304,73,200,2268,236,200,0,31,29,5,8,0
1443,large_drift,1.0,1.022781491279602,0.737912654876709,62,204,3829,460,204,0,16,32,6,8,0
1444,large_drift,1.0,0.9080479145050049,0.359345018863678,106,200,2600,214,200,0,32,61,5,8,0
1445,large_drift,1.0,0.8515357375144958,0.45036107301712036,75,200,4216,404,200,0,16,13,38,8,0
1446,large_drift,1.0,0.9058270454406738,0.6343803405761719,89,213,4443,641,213,0,16,32,33,8,0
1447,large_drift,1.0,1.0061383247375488,0.6292682886123657,87,204,3834,472,204,0,14,44,21,8,0
1448,large_drift,1.0,0.8813403248786926,0.4414846897125244,76,201,3672,392,201,0,16,29,23,8,0
1449,large_drift,1.0,0.9975625276565552,0.5687562227249146,90,202,3688,373,202,0,30,16,36,8,0
1450,large_drift,1.0,0.9873046875,0.41934049129486084,100,200,2072,225,200,0,30,48,18,4,0
1451,large_drift,0.9,1.0208978652954102,0.6780110597610474,80,207,4100,638,207,0,32,16,24,8,0
1452,large_drift,1.0,0.9111248850822449,0.5398167967796326,130,201,3830,411,201,0,32,47,43,8,0
1453,large_drift,0.7,1.0670945644378662,0.5918505191802979,105,202,4164,472,202,0,31,61,5,8,0
1454,large_drift,1.0,1.004227638244629,0.49448299407958984,110,201,3628,379,201,0,48,16,38,8,0
1455,large_drift,0.7,1.0175873041152954,0.6069129109382629,86,205,4475,548,205,0,16,43,19,8,0
1456,large_drift,0.9,0.7302762269973755,0.5548524856567383,84,201,3999,450,201,0,48,16,12,8,0
1457,large_drift,1.0,0.9912734627723694,0.700657844543457,58,201,3234,334,201,0,32,13,5,8,0
1458,large_drift,1.0,1.0132043361663818,0.6414668560028076,71,206,3715,535,206,0,32,14,17,8,0
1459,large_drift,1.0,1.0067083835601807,0.6158462166786194,88,202,3062,356,202,0,47,16,17,8,0
1460,large_drift,1.0,0.8635364770889282,0.5433165431022644,87,200,3949,455,200,0,16,30,33,8,0
1461,large_drift,0.8,1.0164153575897217,0.4453694820404053,92,200,4219,422,200,0,32,13,39,8,0
1462,large_drift,0.4,1.038590431213379,0.5428632497787476,120,205,4875,554,205,0,32,56,24,8,0
1463,large_drift,1.0,0.8344590067863464,0.5333384275436401,89,204,3745,429,204,0,32,44,5,8,0
1464,large_drift,1.0,1.0656706094741821,0.8221853971481323,62,209,3270,441,209,0,16,13,25,8,0
1465,large_drift,0.9,1.1871230602264404,0.662737250328064,90,201,3987,401,201,0,64,13,5,8,0
1466,large_drift,1.0,0.9250698685646057,0.4655308127403259,136,201,3513,355,201,0,78,45,5,8,0
1467,large_drift,0.8,0.965904176235199,0.5166882276535034,114,200,3921,420,200,0,64,16,26,8,0
1468,large_drift,1.0,1.0583542585372925,0.8016687035560608,95,203,3893,491,203,0,16,13,58,8,0
1469,large_drift,1.0,0.9615768790245056,0.536763072013855,71,200,2732,270,200,0,16,29,18,8,0
1470,large_drift,0.9,0.8497012853622437,0.5436015129089355,65,202,4086,482,202,0,16,13,28,8,0
1471,large_drift,1.0,1.0888035297393799,0.5764583349227905,84,200,3760,473,200,0,32,32,12,8,0
1472,large_drift,0.9,0.8856322169303894,0.6359092593193054,89,205,4329,523,205,0,16,32,33,8,0
1473,large_drift,0.8,0.926070511341095,0.6605611443519592,95,211,4687,642,211,0,31,16,40,8,0
1474,large_drift,0.9,0.9591438174247742,0.5298957824707031,76,200,3484,322,200,0,15,32,21,8,0
1475,large_drift,1.0,1.0217763185501099,0.5253552198410034,105,200,3237,326,200,0,47,45,5,8,0
1476,large_drift,0.9,0.8758984208106995,0.6671617031097412,69,201,3811,380,201,0,16,40,5,8,0
1477,large_drift,0.8,1.095745325088501,0.6085647344589233,94,202,3774,489,202,0,32,42,12,8,0
1478,large_drift,0.9,0.8324651122093201,0.5759962797164917,83,200,3353,430,200,0,32,28,19,4,0
1479,large_drift,0.9,1.0605419874191284,0.6226369142532349,94,200,4163,454,200,0,32,32,22,8,0
1480,large_drift,0.9,1.1208343505859375,0.8180630207061768,61,209,3948,532,209,0,32,13,8,8,0
1481,large_drift,0.7,0.975845217704773,0.6179007887840271,152,200,4070,499,200,0,80,59,5,8,0
1482,large_drift,1.0,1.0078109502792358,0.738742470741272,62,216,3774,548,216,0,16,32,6,8,0
1483,large_drift,0.7,1.0197901725769043,0.5987887382507324,108,200,3873,540,200,0,16,61,23,8,0
1484,large_drift,1.0,0.9867032170295715,0.6386600732803345,81,203,3109,469,203,0,16,45,12,8,0
1485,large_drift,0.9,0.9389342069625854,0.7193244695663452,90,210,3814,602,210,0,16,61,5,8,0
1486,large_drift,1.0,0.8622618317604065,0.5121700763702393,111,201,3961,437,201,0,32,48,23,8,0
1487,large_drift,1.0,0.9080907106399536,0.519110918045044,101,204,3528,476,204,0,30,16,47,8,0
1488,large_drift,0.8,0.9023310542106628,0.7531955242156982,45,205,3291,399,205,0,16,13,8,8,0
1489,large_drift,1.0,0.9100536108016968,0.7260761260986328,92,203,2008,241,203,0,48,16,24,4,0
1490,large_drift,1.0,0.970923900604248,0.6313377618789673,79,204,4008,523,204,0,31,16,24,8,0
1491,large_drift,0.9,1.0628818273544312,0.7857109308242798,58,204,2652,404,204,0,16,29,5,8,0
1492,large_drift,0.8,1.043443202972412,0.7024300694465637,61,213,4282,663,213,0,15,16,22,8,0
1493,large_drift,1.0,0.954285740852356,0.31479477882385254,103,200,2291,191,200,0,57,14,28,4,0
1494,large_drift,0.5,0.9319571256637573,0.5713807344436646,76,203,4828,596,203,0,13,32,23,8,0
1495,large_drift,1.0,0.946992814540863,0.49499428272247314,119,201,4128,460,201,0,32,16,63,8,0
1496,large_drift,1.0,0.964815080165863,0.5822458267211914,74,202,3292,359,202,0,48,13,5,8,0
1497,large_drift,0.9,1.1329209804534912,0.8120270371437073,65,204,3621,462,204,0,16,29,12,8,0
1498,large_drift,0.7,0.8335252404212952,0.688225507736206,67,229,3919,660,229,0,32,12,19,4,0
1499,large_drift,1.0,0.7481040954589844,0.4426878094673157,79,200,3864,427,200,0,16,32,23,8,0
1500,large_drift,1.0,0.9407310485839844,0.7096331715583801,68,208,3490,468,208,0,16,16,32,4,0
1501,large_drift,0.7,0.9213353991508484,0.5282149314880371,105,210,4266,618,210,0,48,16,33,8,0
1502,large_drift,1.0,0.9223107695579529,0.6288141012191772,81,203,3173,247,203,0,29,32,12,8,0
1503,large_drift,1.0,0.9844635128974915,0.7060381174087524,81,202,2253,272,202,0,16,38,19,8,0
1504,large_drift,0.7,0.934136152267456,0.6928151845932007,54,207,3977,469,207,0,16,13,17,8,0
1505,large_drift,1.0,1.0740514993667603,0.5502971410751343,73,201,2305,277,201,0,47,13,5,8,0
1506,large_drift,0.8,0.9703283309936523,0.47710514068603516,158,206,3910,493,206,0,64,48,38,8,0
1507,large_drift,0.9,0.8699166774749756,0.4200260043144226,104,200,3743,360,200,0,16,47,33,8,0
1508,large_drift,0.9,0.7710540890693665,0.46115434169769287,135,200,4236,459,200,0,44,32,55,4,0
1509,large_drift,1.0,0.9717192649841309,0.5652679800987244,113,200,2769,279,200,0,64,27,18,4,0
1510,large_drift,1.0,0.9232155680656433,0.6861557960510254,81,202,2453,276,202,0,11,42,24,4,0
1511,large_drift,0.3,1.0463522672653198,0.7238730192184448,99,229,4712,590,229,0,60,9,22,8,0
1512,large_drift,1.0,1.0844029188156128,0.49853551387786865,110,200,2105,216,200,0,42,9,55,4,0
1513,large_drift,1.0,1.0085465908050537,0.49055057764053345,77,200,3963,445,200,0,16,45,8,8,0
1514,large_drift,0.4,0.9381861090660095,0.5888400077819824,147,226,5581,680,226,0,95,12,32,8,0
1515,large_drift,0.9,1.0169602632522583,0.6635259389877319,115,200,2500,238,200,0,31,59,21,4,0
1516,large_drift,1.0,1.0870697498321533,0.32697594165802,150,200,3031,347,200,0,63,64,15,8,0
1517,large_drift,0.9,1.1388658285140991,0.6646870374679565,82,200,3876,473,200,0,28,27,19,8,0
1518,large_drift,0.5,0.8872939348220825,0.547981858253479,73,200,4134,489,200,0,16,16,33,8,0
1519,large_drift,0.7,0.8054373264312744,0.5845033526420593,88,207,4131,462,207,0,31,16,33,8,0
1520,large_drift,1.0,0.9673869609832764,0.5478336811065674,137,201,3735,423,201,0,63,61,5,8,0
1521,large_drift,1.0,1.012175440788269,0.548125147819519,94,200,3796,383,200,0,16,32,38,8,0
1522,large_drift,1.0,1.0013121366500854,0.5709683895111084,104,200,3642,441,200,0,43,16,37,8,0
1523,large_drift,0.7,1.0064351558685303,0.6460312604904175,87,204,4245,467,204,0,31,43,5,8,0
1524,large_drift,0.9,0.9450966715812683,0.4292129874229431,89,200,3737,382,200,0,32,16,33,8,0
1525,large_drift,0.9,0.9656379818916321,0.5593017339706421,88,202,3677,448,202,0,16,31,33,8,0
1526,large_drift,0.9,0.9509032964706421,0.5642691850662231,101,206,4126,552,206,0,16,31,46,8,0
1527,large_drift,0.6,1.0430725812911987,0.6077365279197693,87,202,4496,528,202,0,16,29,34,8,0
1528,large_drift,1.0,1.0540014505386353,0.5683269500732422,105,200,3321,376,200,0,30,55,12,8,0
1529,large_drift,1.0,0.8741773962974548,0.45799607038497925,96,200,3905,389,200,0,47,24,17,8,0
1530,large_drift,1.0,0.9633991718292236,0.6882292032241821,78,203,2495,279,203,0,32,32,6,8,0
1531,large_drift,1.0,0.9411091208457947,0.5280439257621765,121,201,3594,403,201,0,32,56,25,8,0
1532,large_drift,0.9,0.8824189901351929,0.5977422595024109,108,200,4090,437,200,0,31,61,8,8,0
1533,large_drift,1.0,1.0444343090057373,0.6397090554237366,93,200,4010,456,200,0,16,48,21,8,0
1534,large_drift,1.0,0.9668726325035095,0.48394250869750977,87,201,4182,400,201,0,32,16,31,8,0
1535,large_drift,1.0,0.802969217300415,0.42077720165252686,103,200,3552,412,200,0,48,16,35,4,0
1536,large_drift,1.0,0.8327102065086365,0.4778062105178833,88,202,4282,410,202,0,16,31,33,8,0
1537,large_drift,0.9,1.1511898040771484,0.724290132522583,62,200,3338,361,200,0,16,32,6,8,0
1538,large_drift,0.9,0.7200449705123901,0.6527538299560547,60,203,4063,462,203,0,16,16,24,4,0
1539,large_drift,0.9,0.9129774570465088,0.2598755359649658,166,200,2697,247,200,0,79,73,6,8,0
1540,large_drift,1.0,0.9508154988288879,0.3274762034416199,93,200,2513,200,200,0,46,16,23,8,0
1541,large_drift,0.5,0.8730189204216003,0.6131366491317749,94,214,4714,606,214,0,16,47,23,8,0
1542,large_drift,1.0,0.8639169931411743,0.636396050453186,88,204,4140,521,204,0,16,31,33,8,0
1543,large_drift,1.0,0.8837716579437256,0.5449793338775635,134,200,2215,262,200,0,87,33,10,4,0
1544,large_drift,0.9,1.034570336341858,0.6247382760047913,103,201,3556,382,201,0,16,73,6,8,0
1545,large_drift,1.0,0.805175244808197,0.4426771402359009,94,202,4560,460,202,0,32,31,23,8,0
1546,large_drift,0.9,0.8732258081436157,0.6045060157775879,69,203,3715,514,203,0,16,27,18,8,0
1547,large_drift,0.8,0.9243292212486267,0.5437063574790955,89,201,4202,490,201,0,32,16,33,8,0
1548,large_drift,1.0,0.9698506593704224,0.5136340856552124,68,200,4113,443,200,0,16,32,12,8,0
1549,large_drift,1.0,0.882179856300354,0.7902730703353882,52,207,3422,487,207,0,13,16,15,8,0
1550,large_drift,0.8,0.754319429397583,0.5767256021499634,77,209,4569,583,209,0,32,16,25,4,0
1551,large_drift,1.0,1.0550273656845093,0.5418750047683716,65,203,4433,532,203,0,26,16,15,8,0
1552,large_drift,0.8,0.919883131980896,0.5174299478530884,114,201,4367,487,201,0,32,31,43,8,0
1553,large_drift,1.0,0.8055078387260437,0.4069942831993103,89,200,3631,366,200,0,32,16,33,8,0
1554,large_drift,1.0,0.9340100288391113,0.5972133874893188,86,203,3809,483,203,0,32,29,17,8,0
1555,large_drift,1.0,1.0737500190734863,0.6135296821594238,75,204,3628,464,204,0,16,16,35,8,0
1556,large_drift,0.7,0.9306923747062683,0.6273431777954102,105,203,3742,486,203,0,48,16,33,8,0
1557,large_drift,1.0,0.9337643384933472,0.5699313879013062,87,200,3386,328,200,0,13,29,37,8,0
1558,large_drift,1.0,0.9552221298217773,0.6801921129226685,83,215,4026,586,215,0,32,16,27,8,0
1559,large_drift,0.9,0.9608942866325378,0.5817304253578186,83,201,3524,363,201,0,16,16,43,8,0
1560,large_drift,1.0,1.0420668125152588,0.7668581008911133,96,203,3394,393,203,0,13,60,19,4,0
1561,large_drift,0.5,1.0158787965774536,0.6424115896224976,73,213,4448,628,213,0,47,13,5,8,0
1562,large_drift,0.7,1.1596617698669434,0.7150071859359741,94,206,4395,626,206,0,16,47,23,8,0
1563,large_drift,1.0,0.872188925743103,0.48116445541381836,93,200,4370,465,200,0,16,16,53,8,0
1564,large_drift,1.0,0.9853000044822693,0.6418348550796509,68,207,3753,536,207,0,16,32,12,8,0
1565,large_drift,1.0,0.8575373888015747,0.5156233310699463,90,200,2666,286,200,0,46,18,22,4,0
1566,large_drift,1.0,0.9670027494430542,0.48264777660369873,102,201,1630,231,201,0,48,41,5,8,0
1567,large_drift,1.0,0.9399099349975586,0.5931984186172485,118,200,3569,431,200,0,61,16,33,8,0
1568,large_drift,0.9,0.9360968470573425,0.5331352353096008,100,200,4201,465,200,0,16,62,14,8,0
1569,large_drift,0.9,0.9494625926017761,0.4438813328742981,115,200,3531,346,200,0,47,16,44,8,0
1570,large_drift,1.0,0.9082688689231873,0.5382457971572876,82,202,3618,381,202,0,43,16,15,8,0
1571,large_drift,1.0,1.0977712869644165,0.6001386642456055,82,200,3564,385,200,0,16,46,12,8,0
1572,large_drift,1.0,1.0275821685791016,0.5918210744857788,54,202,2783,288,202,0,16,13,17,8,0
1573,large_drift,1.0,0.90924072265625,0.5517933368682861,103,200,3686,376,200,0,16,46,33,8,0
1574,large_drift,1.0,1.0623239278793335,0.5061459541320801,97,200,2349,239,200,0,43,41,5,8,0
1575,large_drift,1.0,0.939551591873169,0.5455825328826904,100,200,3212,419,200,0,29,32,35,4,0
1576,large_drift,1.0,1.121827483177185,0.7069583535194397,84,201,3791,366,201,0,16,32,28,8,0
1577,large_drift,1.0,1.1117650270462036,0.6307390928268433,87,213,4315,658,213,0,61,13,5,8,0
1578,large_drift,1.0,0.9814663529396057,0.6097089052200317,96,204,3693,426,204,0,32,16,40,8,0
1579,large_drift,0.9,0.8723793029785156,0.5003715753555298,100,202,4216,516,202,0,16,32,44,8,0
1580,large_drift,1.0,0.9821129441261292,0.6657378077507019,106,206,2673,341,206,0,32,61,5,8,0
1581,large_drift,1.0,1.0549429655075073,0.32608604431152344,134,200,1337,139,200,0,62,45,19,8,0
1582,large_drift,1.0,0.8908601403236389,0.6314383149147034,85,203,4243,424,203,0,16,29,32,8,0
1583,large_drift,1.0,0.8085322976112366,0.4715840220451355,93,201,4211,451,201,0,16,16,53,8,0
1584,large_drift,1.0,0.8741885423660278,0.4556940197944641,94,200,3636,498,200,0,31,32,23,8,0
1585,large_drift,1.0,0.9025485515594482,0.41939812898635864,88,200,3910,395,200,0,16,31,33,8,0
1586,large_drift,0.9,0.8822417855262756,0.5744149684906006,119,201,3368,362,201,0,62,16,33,8,0
1587,large_drift,1.0,0.968245804309845,0.6812628507614136,90,205,3566,413,205,0,64,13,5,8,0
1588,large_drift,0.8,0.8503473401069641,0.5782285928726196,56,208,4202,475,208,0,16,14,18,8,0
1589,large_drift,0.9,0.9346836805343628,0.5556017160415649,128,200,3648,385,200,0,90,12,18,8,0
1590,large_drift,1.0,0.8572101593017578,0.6977714896202087,73,204,2462,241,204,0,13,32,24,4,0
1591,large_drift,1.0,1.133063554763794,0.5674886107444763,96,202,2217,273,202,0,28,27,33,8,0
1592,large_drift,1.0,1.0909545421600342,0.5235833525657654,100,200,4140,479,200,0,32,48,12,8,0
1593,large_drift,0.1,1.0161187648773193,0.6013739705085754,61,200,4512,536,200,0,16,16,21,8,0
1594,large_drift,0.9,0.9374563694000244,0.5936356782913208,167,202,3351,431,202,0,48,77,34,8,0
1595,large_drift,1.0,1.176507592201233,0.6302446126937866,98,201,3632,339,201,0,32,53,5,8,0
1596,large_drift,0.5,0.9861264824867249,0.6023520827293396,112,273,5842,620,273,0,32,48,24,8,0
1597,large_drift,1.0,1.110938310623169,0.4862337112426758,108,200,2618,262,200,0,32,62,6,8,0
1598,large_drift,0.7,0.9372699856758118,0.6012078523635864,83,208,4480,647,208,0,16,16,43,8,0
1599,large_drift,0.9,0.8453724980354309,0.5181669592857361,93,201,4014,394,201,0,16,16,53,8,0
1600,large_drift,0.6,0.8735787868499756,0.5238456130027771,125,219,4803,502,219,0,48,16,53,8,0
1601,large_drift,0.9,1.3068373203277588,0.8606042861938477,86,201,3791,401,201,0,16,31,31,8,0
1602,large_drift,1.0,1.1187342405319214,0.6801926493644714,64,200,3256,333,200,0,14,25,17,8,0
1603,large_drift,1.0,1.006638526916504,0.627553403377533,104,202,4095,516,202,0,16,32,48,8,0
1604,large_drift,1.0,0.9051030278205872,0.5060110688209534,138,200,2920,329,200,0,80,45,5,8,0
1605,large_drift,1.0,0.8083921074867249,0.18022722005844116,90,200,1614,195,200,0,23,33,30,4,0
1606,large_drift,0.9,0.8130254745483398,0.6243953704833984,98,210,4593,660,210,0,16,32,46,4,0
1607,large_drift,1.0,0.82350754737854,0.6100494265556335,87,203,3971,464,203,0,16,32,35,4,0
1608,large_drift,1.0,0.935490608215332,0.6001028418540955,88,201,3905,446,201,0,32,43,5,8,0
1609,large_drift,1.0,0.7980530261993408,0.4683072566986084,73,200,4236,404,200,0,16,16,33,8,0
1610,large_drift,0.4,1.0595371723175049,0.6827214360237122,85,208,4598,635,208,0,48,15,14,8,0
1611,large_drift,0.8,0.9798653721809387,0.4561038613319397,73,201,4313,462,201,0,16,16,33,8,0
1612,large_drift,1.0,0.8948908448219299,0.4655044674873352,107,200,3827,301,200,0,32,16,51,8,0
1613,large_drift,1.0,0.8959907293319702,0.3827974200248718,110,200,3739,368,200,0,47,32,23,8,0
1614,large_drift,1.0,1.0516904592514038,0.43686187267303467,67,200,2146,182,200,0,28,9,22,8,0
1615,large_drift,1.0,1.0849213600158691,0.5902070999145508,123,200,3515,331,200,0,32,46,37,8,0
1616,large_drift,1.0,0.9031545519828796,0.6040114164352417,84,200,2304,326,200,0,43,13,24,4,0
1617,large_drift,0.9,0.9836164712905884,0.4550620913505554,105,201,3825,441,201,0,48,16,33,8,0
1618,large_drift,1.0,1.08530592918396,0.6308709383010864,104,204,4189,467,204,0,32,16,48,8,0
1619,large_drift,1.0,0.9927144050598145,0.6077352166175842,138,201,3135,274,201,0,80,45,5,8,0
1620,large_drift,0.4,0.8908991813659668,0.6048502326011658,87,204,4354,568,204,0,16,55,8,8,0
1621,large_drift,0.9,1.194427251815796,0.7992339730262756,53,204,3819,434,204,0,15,11,19,8,0
1622,large_drift,1.0,0.757701575756073,0.46920692920684814,99,200,3963,407,200,0,29,32,34,4,0
1623,large_drift,1.0,0.9670447111129761,0.3833239674568176,100,200,1791,171,200,0,45,30,17,8,0
1624,large_drift,1.0,0.9504523873329163,0.5823287963867188,122,208,4028,516,208,0,32,54,28,8,0
1625,large_drift,1.0,1.0006334781646729,0.8606603741645813,54,238,4343,533,238,0,16,15,19,4,0
1626,large_drift,1.0,0.9923994541168213,0.7066726088523865,94,208,3717,491,208,0,32,32,22,8,0
1627,large_drift,1.0,0.9350970983505249,0.5585417747497559,89,202,3294,451,202,0,32,16,33,8,0
1628,large_drift,1.0,0.9055420756340027,0.5698836445808411,95,202,3600,394,202,0,16,32,39,8,0
1629,large_drift,1.0,0.9445001482963562,0.6025272607803345,113,210,4034,558,210,0,16,77,12,8,0
1630,large_drift,0.3,0.8893287181854248,0.511194109916687,92,205,4828,516,205,0,32,13,39,8,0
1631,large_drift,1.0,1.094986915588379,0.470569372177124,122,200,3515,381,200,0,45,32,37,8,0
1632,large_drift,0.9,1.2339212894439697,0.901646077632904,52,204,3839,461,204,0,16,16,12,8,0
1633,large_drift,1.0,0.9080736041069031,0.4264986515045166,116,200,3652,342,200,0,32,16,60,8,0
1634,large_drift,0.8,0.8633883595466614,0.6095496416091919,87,211,3933,594,211,0,32,16,35,4,0
1635,large_drift,0.7,0.8198933601379395,0.6136232614517212,77,211,4374,604,211,0,16,14,43,4,0
1636,large_drift,0.8,0.9357022643089294,0.6118465662002563,71,201,4035,455,201,0,16,15,32,8,0
1637,large_drift,1.0,1.006248116493225,0.5251325368881226,67,200,2892,292,200,0,28,16,15,8,0
1638,large_drift,1.0,1.0101022720336914,0.6458468437194824,123,202,2918,293,202,0,15,74,26,8,0
1639,large_drift,1.0,0.8540540337562561,0.37355732917785645,105,200,3341,326,200,0,48,16,33,8,0
1640,large_drift,1.0,0.9388062953948975,0.4539238214492798,88,200,3959,435,200,0,16,59,5,8,0
1641,large_drift,0.9,0.9139647483825684,0.5955014228820801,130,200,3832,425,200,0,64,30,28,8,0
1642,large_drift,0.8,0.9622610211372375,0.5458396673202515,79,200,3724,351,200,0,16,32,23,8,0
1643,large_drift,0.8,0.9347941875457764,0.5917015671730042,99,213,4154,458,213,0,31,32,28,8,0
1644,large_drift,1.0,0.8769442439079285,0.5917750000953674,97,202,2591,293,202,0,16,45,32,4,0
1645,large_drift,0.9,0.859373152256012,0.5664412975311279,104,205,4174,583,205,0,32,31,33,8,0
1646,large_drift,1.0,1.0455267429351807,0.935745358467102,67,202,3755,459,202,0,16,28,19,4,0
1647,large_drift,0.7,0.9838054776191711,0.6628924608230591,100,207,4158,570,207,0,32,55,5,8,0
1648,large_drift,1.0,0.7469170093536377,0.6694865226745605,85,203,3375,292,203,0,32,29,20,4,0
1649,large_drift,1.0,1.0809009075164795,0.49252957105636597,77,200,3719,412,200,0,32,16,21,8,0
1650,large_drift,1.0,0.8506141901016235,0.7146611213684082,151,201,3210,333,201,0,48,59,40,4,0
1651,large_drift,0.7,0.8688127994537354,0.49599891901016235,73,215,4926,540,215,0,16,16,33,8,0
1652,large_drift,0.9,0.876566469669342,0.49738436937332153,79,200,3856,410,200,0,16,32,23,8,0
1653,large_drift,0.7,0.9456362128257751,0.658169686794281,68,201,3785,477,201,0,16,32,12,8,0
1654,large_drift,0.9,0.9820123314857483,0.4716658592224121,79,201,3610,321,201,0,16,32,23,8,0
1655,large_drift,0.8,1.01775324344635,0.5331320762634277,93,200,3724,435,200,0,46,16,23,8,0
1656,large_drift,1.0,1.0068459510803223,0.7085756659507751,62,207,3508,456,207,0,16,32,6,8,0
1657,large_drift,1.0,0.8745956420898438,0.4175117015838623,89,200,3666,391,200,0,32,16,33,8,0
1658,large_drift,1.0,1.0856043100357056,0.5942872762680054,73,201,3943,440,201,0,16,44,5,8,0
1659,large_drift,0.8,0.9721804857254028,0.6815917491912842,49,204,3658,456,204,0,13,16,12,8,0
1660,large_drift,1.0,1.1161574125289917,0.5714921951293945,99,200,3658,419,200,0,59,13,19,8,0
1661,large_drift,0.4,1.079106092453003,0.7229923605918884,77,207,4198,481,207,0,48,13,8,8,0
1662,large_drift,0.9,0.8870195150375366,0.6346139907836914,73,208,4308,575,208,0,16,26,23,8,0
1663,large_drift,0.8,0.9811677932739258,0.42802995443344116,148,200,3753,340,200,0,80,14,46,8,0
1664,large_drift,1.0,0.9355829954147339,0.7673190832138062,88,215,4032,605,215,0,16,48,20,4,0
1665,large_drift,1.0,0.8688656091690063,0.4805642366409302,129,200,4120,406,200,0,30,48,43,8,0
1666,large_drift,0.9,1.0168455839157104,0.64600670337677,91,202,3940,537,202,0,31,16,36,8,0
1667,large_drift,0.4,1.0255241394042969,0.5953501462936401,112,222,4857,580,222,0,29,32,43,8,0
1668,large_drift,1.0,1.011098861694336,0.4109348654747009,114,200,3222,339,200,0,32,47,27,8,0
1669,large_drift,1.0,1.1471889019012451,0.7169889211654663,73,212,4346,647,212,0,32,28,5,8,0
1670,large_drift,1.0,1.0078781843185425,0.4985036849975586,103,200,2329,201,200,0,44,27,28,4,0
1671,large_drift,0.6,0.8577126264572144,0.6264729499816895,73,205,4437,564,205,0,16,16,33,8,0
1672,large_drift,0.8,1.0967895984649658,0.6346131563186646,62,206,4405,589,206,0,16,32,6,8,0
1673,large_drift,0.9,0.8372285962104797,0.5097072124481201,110,206,4687,638,206,0,16,64,22,8,0
1674,large_drift,0.6,0.8057203888893127,0.6840946674346924,67,203,4298,627,203,0,16,31,12,8,0
1675,large_drift,1.0,0.9361480474472046,0.5287355184555054,78,201,3655,342,201,0,13,29,28,8,0
1676,large_drift,1.0,1.0042825937271118,0.6217836141586304,67,200,3430,313,200,0,16,31,12,8,0
1677,large_drift,1.0,0.9652907848358154,0.541392982006073,106,203,3725,416,203,0,48,45,5,8,0
1678,large_drift,0.8,0.9247350692749023,0.6964606046676636,56,204,4032,498,204,0,16,14,18,8,0
1679,large_drift,0.9,0.7465075254440308,0.3841134309768677,87,200,3519,323,200,0,32,16,35,4,0
1680,large_drift,0.9,1.0170921087265015,0.5422687530517578,74,200,4120,528,200,0,16,45,5,8,0
1681,large_drift,1.0,0.8056684732437134,0.5604755878448486,83,200,2384,295,200,0,29,40,10,4,0
1682,large_drift,0.7,0.9648783802986145,0.549376904964447,89,200,3843,449,200,0,32,16,33,8,0
1683,large_drift,1.0,0.912236213684082,0.4860249161720276,114,200,2077,228,200,0,47,53,10,4,0
1684,large_drift,1.0,0.9334999322891235,0.6825850009918213,89,201,3300,380,201,0,13,29,39,8,0
1685,large_drift,1.0,0.9473085403442383,0.4304041266441345,94,200,3744,347,200,0,32,16,38,8,0
1686,large_drift,1.0,0.9836486577987671,0.6824055314064026,87,216,4309,727,216,0,16,32,31,8,0
1687,large_drift,0.9,0.8575273752212524,0.4605693817138672,109,200,3929,392,200,0,46,32,23,8,0
1688,large_drift,1.0,0.9508711099624634,0.6499766111373901,100,202,3480,416,202,0,16,59,17,8,0
1689,large_drift,1.0,0.8488128781318665,0.47623687982559204,94,200,4324,535,200,0,16,48,22,8,0
1690,large_drift,1.0,0.8588653802871704,0.5820324420928955,72,203,3737,462,203,0,16,43,5,8,0
1691,large_drift,1.0,1.0437309741973877,0.8582103848457336,72,204,3548,461,204,0,16,43,5,8,0
1692,large_drift,0.6,0.94657963514328,0.6959853172302246,141,214,4408,570,214,0,48,62,23,8,0
1693,large_drift,0.3,0.9837774038314819,0.5603674650192261,83,200,3712,378,200,0,16,16,43,8,0
1694,large_drift,1.0,0.9104518890380859,0.374606192111969,81,200,1947,170,200,0,32,35,10,4,0
1695,large_drift,1.0,0.9340925216674805,0.2778697609901428,73,200,3543,369,200,0,16,16,33,8,0
1696,large_drift,1.0,0.9848934412002563,0.4792294502258301,124,200,3459,371,200,0,16,62,38,8,0
1697,large_drift,0.9,0.9011562466621399,0.659738302230835,100,201,4066,426,201,0,16,46,30,8,0
1698,large_drift,0.6,0.954926073551178,0.5824198722839355,52,201,4455,528,201,0,13,16,15,8,0
1699,large_drift,0.8,1.0686489343643188,0.8466607928276062,80,203,3833,457,203,0,16,41,19,4,0
1700,large_drift,0.8,0.932492733001709,0.5392789840698242,73,202,4517,449,202,0,16,16,33,8,0
1701,large_drift,1.0,0.9889177083969116,0.5924388766288757,70,200,2599,369,200,0,16,27,19,8,0
1702,large_drift,0.7,0.9804588556289673,0.6916261911392212,87,210,4144,622,210,0,32,32,15,8,0
1703,large_drift,0.9,0.9435957670211792,0.5579541921615601,101,204,4197,464,204,0,48,31,14,8,0
1704,large_drift,1.0,0.9012177586555481,0.47920387983322144,110,201,4076,381,201,0,32,31,39,8,0
1705,large_drift,0.9,1.0489143133163452,0.6439252495765686,81,202,3465,452,202,0,32,13,28,8,0
1706,large_drift,0.9,0.8788478374481201,0.6279300451278687,99,202,3757,470,202,0,30,48,17,4,0
1707,large_drift,0.7,0.895755410194397,0.5534583330154419,92,200,3565,401,200,0,47,16,21,8,0
1708,large_drift,1.0,1.1484776735305786,0.49154454469680786,188,200,4036,482,200,0,111,32,37,8,0
1709,large_drift,1.0,0.9769052267074585,0.5066449642181396,119,200,2479,278,200,0,58,41,12,8,0
1710,large_drift,0.6,0.897765040397644,0.6040703058242798,94,211,4638,679,211,0,16,32,38,8,0
1711,large_drift,0.9,0.9853323101997375,0.685090184211731,49,207,4211,510,207,0,13,16,12,8,0
1712,large_drift,1.0,0.9990736842155457,0.6022728085517883,74,200,2479,271,200,0,39,21,10,4,0
1713,large_drift,0.5,1.0067731142044067,0.6215952634811401,73,201,4129,428,201,0,16,16,33,8,0
1714,large_drift,1.0,0.7569845914840698,0.49959516525268555,76,202,3795,341,202,0,31,16,21,8,0
1715,large_drift,0.7,0.8536815047264099,0.6352991461753845,68,202,4268,491,202,0,16,32,12,8,0
1716,large_drift,0.5,1.0079467296600342,0.6759827733039856,81,201,4165,524,201,0,32,13,28,8,0
1717,large_drift,1.0,0.8484663963317871,0.5457481145858765,110,203,3412,320,203,0,32,48,22,8,0
1718,large_drift,1.0,0.9519486427307129,0.5235848426818848,120,200,3732,374,200,0,48,59,5,8,0
1719,large_drift,1.0,0.925542414188385,0.5325928926467896,115,203,3874,434,203,0,32,63,12,8,0
1720,large_drift,1.0,0.9659045934677124,0.4678191542625427,139,200,2994,287,200,0,80,29,22,8,0
1721,large_drift,0.7,0.8894948959350586,0.6334397196769714,90,205,4581,597,205,0,16,61,5,8,0
1722,large_drift,0.9,0.9160904288291931,0.5648664236068726,89,204,4043,483,204,0,31,45,5,8,0
1723,large_drift,0.9,1.0564531087875366,0.6660484075546265,89,201,3300,388,201,0,32,16,33,8,0
1724,large_drift,1.0,0.9913510680198669,0.4225613474845886,125,200,3410,347,200,0,16,63,38,8,0
1725,large_drift,0.7,0.9585850834846497,0.5271479487419128,87,201,4626,536,201,0,32,16,31,8,0
1726,large_drift,1.0,0.8010166883468628,0.46230578422546387,84,200,3500,406,200,0,30,16,34,4,0
1727,large_drift,1.0,1.0619252920150757,0.5596882104873657,95,200,2898,430,200,0,30,52,5,8,0
1728,large_drift,1.0,1.105272889137268,0.5281438827514648,95,202,4445,453,202,0,16,43,28,8,0
1729,large_drift,1.0,1.0469529628753662,0.5647002458572388,127,200,3117,280,200,0,64,29,26,8,0
1730,large_drift,1.0,1.062349557876587,0.6599313020706177,90,201,3510,376,201,0,32,45,5,8,0
1731,large_drift,0.7,0.9918384552001953,0.4798029065132141,92,203,4043,489,203,0,31,16,37,8,0
1732,large_drift,0.8,1.0550233125686646,0.6343903541564941,106,202,4094,396,202,0,16,47,35,8,0
1733,large_drift,0.9,1.0122627019882202,0.7985033392906189,76,204,3090,519,204,0,15,30,23,8,0
1734,large_drift,1.0,0.8348832130432129,0.4740610122680664,133,200,2313,262,200,0,96,16,17,4,0
1735,large_drift,1.0,0.9749070405960083,0.6351956129074097,90,207,2957,439,207,0,16,61,5,8,0
1736,large_drift,1.0,0.9623300433158875,0.524674654006958,100,200,3951,415,200,0,16,43,33,8,0
1737,large_drift,1.0,0.8958784341812134,0.6025828719139099,108,203,4313,460,203,0,16,48,36,8,0
1738,large_drift,0.9,0.7913551330566406,0.5756635665893555,89,208,4318,583,208,0,63,13,5,8,0
1739,large_drift,1.0,0.9631003737449646,0.418878972530365,78,200,2416,237,200,0,16,42,12,8,0
1740,large_drift,1.0,0.8496797680854797,0.43683475255966187,74,200,1753,146,200,0,39,21,10,4,0
1741,large_drift,0.9,0.7976120710372925,0.4544101357460022,79,200,3394,371,200,0,16,32,23,8,0
1742,large_drift,0.5,1.167006492614746,0.5513219833374023,125,201,4532,541,201,0,60,16,41,8,0
1743,large_drift,1.0,0.7671430110931396,0.5750373601913452,73,201,3963,429,201,0,16,16,33,8,0
1744,large_drift,1.0,1.087926983833313,0.6103544235229492,68,200,3914,402,200,0,32,16,12,8,0
1745,large_drift,1.0,0.9527968168258667,0.5498034954071045,88,200,3951,487,200,0,16,32,32,8,0
1746,large_drift,1.0,1.1230777502059937,0.7948682308197021,65,216,4160,702,216,0,15,14,28,8,0
1747,large_drift,1.0,0.898970365524292,0.17666900157928467,110,200,2380,230,200,0,28,39,39,4,0
1748,large_drift,1.0,1.0120480060577393,0.7456133365631104,77,212,3809,534,212,0,16,32,21,8,0
1749,large_drift,1.0,0.9353588223457336,0.3327248692512512,95,200,2747,248,200,0,28,23,36,8,0
1750,large_drift,0.7,0.8160108923912048,0.5536895990371704,134,200,3965,436,200,0,30,63,33,8,0
1751,large_drift,1.0,0.8546605706214905,0.5825159549713135,104,206,4172,557,206,0,32,31,33,8,0
1752,large_drift,0.8,0.7887595891952515,0.5024527907371521,54,200,4500,470,200,0,16,15,19,4,0
1753,large_drift,1.0,1.1082733869552612,0.5151953101158142,68,200,2574,249,200,0,16,32,12,8,0
1754,large_drift,0.8,0.900798499584198,0.5840483903884888,105,212,4413,424,212,0,15,30,52,8,0
1755,large_drift,0.7,1.070495843887329,0.5788357853889465,95,201,4030,480,201,0,48,16,23,8,0
1756,large_drift,1.0,0.8264102935791016,0.4914628267288208,127,200,4015,412,200,0,78,13,28,8,0
1757,large_drift,0.8,1.0917909145355225,0.6297072172164917,74,203,3704,467,203,0,15,32,19,8,0
1758,large_drift,1.0,1.0262507200241089,0.4657975435256958,116,200,2816,291,200,0,16,74,18,8,0
1759,large_drift,0.9,0.8124212622642517,0.535035252571106,117,209,4037,405,209,0,32,47,34,4,0
1760,large_drift,0.6,0.9312111139297485,0.4999855160713196,110,205,4683,598,205,0,32,47,23,8,0
1761,large_drift,0.6,0.8601415157318115,0.4893006682395935,120,202,4189,475,202,0,44,29,39,8,0
1762,large_drift,1.0,1.1449494361877441,0.8408611416816711,125,222,4094,614,222,0,16,64,37,8,0
1763,large_drift,1.0,1.0872077941894531,0.7207098007202148,60,202,2887,325,202,0,16,15,21,8,0
1764,large_drift,0.8,0.9289692640304565,0.7019734382629395,89,207,4017,536,207,0,63,13,5,8,0
1765,large_drift,0.6,0.8579821586608887,0.5307323932647705,73,200,4212,497,200,0,16,16,33,8,0
1766,large_drift,0.9,0.8057562112808228,0.5140241384506226,89,202,3704,425,202,0,32,16,33,8,0
1767,large_drift,0.8,0.9519718885421753,0.5411539673805237,137,203,4310,578,203,0,48,32,49,8,0
1768,large_drift,0.8,1.2000495195388794,0.6529959440231323,108,212,4650,585,212,0,16,63,21,8,0
1769,large_drift,1.0,1.0075544118881226,0.6983075737953186,78,202,3607,485,202,0,13,29,28,8,0
1770,large_drift,1.0,0.9798274636268616,0.569756269454956,152,201,3298,353,201,0,78,61,5,8,0
1771,large_drift,0.8,0.9269950985908508,0.5201056003570557,138,201,4224,446,201,0,80,45,5,8,0
1772,large_drift,1.0,1.0009137392044067,0.4856190085411072,109,200,3471,342,200,0,32,32,37,8,0
1773,large_drift,1.0,0.901587724685669,0.4715474247932434,79,200,3957,490,200,0,32,16,23,8,0
1774,large_drift,0.6,1.0696794986724854,0.563193678855896,49,201,4323,523,201,0,13,16,12,8,0
1775,large_drift,0.9,1.044834852218628,0.506068229675293,111,200,3760,409,200,0,45,46,12,8,0
1776,large_drift,1.0,1.146477460861206,0.877641499042511,85,203,2703,300,203,0,16,46,15,8,0
1777,large_drift,0.9,1.1127885580062866,0.6607155799865723,113,201,3811,408,201,0,32,31,42,8,0
1778,large_drift,1.0,0.9107234477996826,0.4148315191268921,73,200,3457,373,200,0,16,16,33,8,0
1779,large_drift,0.4,0.9097306728363037,0.5598111152648926,77,200,4329,523,200,0,30,16,23,8,0
1780,large_drift,1.0,1.138231873512268,0.8101634383201599,70,207,3402,447,207,0,16,31,19,4,0
1781,large_drift,1.0,0.9470447301864624,0.6690989136695862,52,203,3679,505,203,0,13,16,15,8,0
1782,large_drift,1.0,1.081099033355713,0.6528688669204712,104,202,3657,414,202,0,32,16,48,8,0
1783,large_drift,0.8,0.87321537733078,0.5327721834182739,93,201,3806,425,201,0,30,32,23,8,0
1784,large_drift,1.0,0.8562126755714417,0.4323005676269531,110,200,3675,350,200,0,48,16,38,8,0
1785,large_drift,1.0,1.0590765476226807,0.38620126247406006,107,200,2526,244,200,0,43,34,22,8,0
1786,large_drift,1.0,0.9243851900100708,0.5257135629653931,107,201,1908,249,201,0,31,48,24,4,0
1787,large_drift,1.0,0.9803584814071655,0.6441020965576172,115,207,3747,473,207,0,42,32,33,8,0
1788,large_drift,1.0,0.9107992649078369,0.4955361485481262,58,200,3520,330,200,0,16,29,5,8,0
1789,large_drift,1.0,0.9401950836181641,0.7176405787467957,82,206,3368,495,206,0,13,16,49,4,0
1790,large_drift,0.8,1.1236276626586914,0.7774446606636047,69,204,3780,463,204,0,15,11,35,8,0
1791,large_drift,1.0,1.0127004384994507,0.5961007475852966,95,204,3875,446,204,0,32,43,12,8,0
1792,large_drift,1.0,1.1204038858413696,0.5876843929290771,102,206,4198,503,206,0,44,45,5,8,0
1793,large_drift,1.0,0.8821566104888916,0.3355703353881836,90,200,2819,249,200,0,48,29,5,8,0
1794,large_drift,0.8,0.9818145632743835,0.6239724159240723,84,202,4584,532,202,0,16,15,45,8,0
1795,large_drift,1.0,1.0918952226638794,0.5893113613128662,131,200,2436,271,200,0,29,66,28,8,0
1796,large_drift,1.0,0.9569399952888489,0.4409308433532715,88,200,2915,273,200,0,48,14,18,8,0
1797,large_drift,1.0,1.0221179723739624,0.8266400098800659,86,202,3979,431,202,0,16,57,5,8,0
1798,large_drift,1.0,0.8460493683815002,0.44815152883529663,62,203,3637,402,203,0,16,16,22,8,0
1799,large_drift,1.0,0.9332189559936523,0.6273257732391357,91,213,3557,546,213,0,16,12,55,8,0
1800,large_drift,1.0,1.1766645908355713,0.8282060027122498,77,202,3661,418,202,0,16,16,37,8,0
1801,large_drift,1.0,0.7155842781066895,0.526634156703949,76,203,4292,469,203,0,16,32,24,4,0
1802,large_drift,1.0,1.1813167333602905,0.8426227569580078,79,221,4142,627,221,0,43,16,12,8,0
1803,large_drift,0.9,1.0626370906829834,0.6276984810829163,100,202,4157,516,202,0,16,63,13,8,0
1804,large_drift,1.0,0.9220322370529175,0.5183145999908447,135,201,3970,452,201,0,64,45,18,8,0
1805,large_drift,0.7,0.8440321087837219,0.610435962677002,116,201,4179,511,201,0,80,16,12,8,0
1806,large_drift,1.0,0.9091939926147461,0.5298788547515869,108,200,2909,309,200,0,43,16,45,4,0
1807,large_drift,1.0,1.2524293661117554,0.5241513848304749,84,200,3824,437,200,0,48,16,12,8,0
1808,large_drift,1.0,0.9233365058898926,0.618722677230835,73,204,4560,581,204,0,15,45,5,8,0
1809,large_drift,1.0,0.9821341037750244,0.36952000856399536,68,200,3158,258,200,0,16,30,14,8,0
1810,large_drift,0.9,0.9977325797080994,0.41389596462249756,105,201,3864,410,201,0,48,16,33,8,0
1811,large_drift,0.9,0.8192293047904968,0.47051680088043213,120,200,4004,369,200,0,44,32,36,8,0
1812,large_drift,0.9,1.0000860691070557,0.5429797172546387,103,202,3852,423,202,0,16,62,17,8,0
1813,large_drift,1.0,1.1665856838226318,0.5883059501647949,147,200,3247,300,200,0,32,64,43,8,0
1814,large_drift,1.0,1.0796005725860596,0.6983095407485962,85,204,3118,421,204,0,16,13,48,8,0
1815,large_drift,0.9,1.0638208389282227,0.5588198900222778,106,200,3711,374,200,0,61,15,22,8,0
1816,large_drift,1.0,1.1204279661178589,0.6190805435180664,52,203,4298,523,203,0,13,16,15,8,0
1817,large_drift,0.9,1.0953450202941895,0.625908374786377,68,201,3838,389,201,0,16,16,28,8,0
1818,large_drift,0.8,0.9966566562652588,0.49393051862716675,121,200,4159,508,200,0,64,16,33,8,0
1819,large_drift,1.0,1.0921683311462402,0.615241527557373,74,203,3386,352,203,0,32,29,5,8,0
1820,large_drift,0.8,0.907480776309967,0.548477053642273,94,201,4353,492,201,0,16,58,12,8,0
1821,large_drift,0.9,0.9852120280265808,0.7504249215126038,69,233,5098,678,233,0,16,31,14,8,0
1822,large_drift,0.9,1.1944783926010132,0.7527397871017456,83,206,2987,440,206,0,43,13,19,8,0
1823,large_drift,1.0,0.8720969557762146,0.5531997084617615,68,203,3935,486,203,0,16,32,12,8,0
1824,large_drift,0.9,1.0217912197113037,0.578174352645874,149,201,3428,493,201,0,45,63,33,8,0
1825,large_drift,1.0,0.9816774129867554,0.4997454881668091,100,200,3104,303,200,0,48,32,12,8,0
1826,large_drift,1.0,0.9959919452667236,0.7879363298416138,73,203,2518,289,203,0,32,28,5,8,0
1827,large_drift,1.0,0.8950538635253906,0.6257625818252563,52,204,3476,431,204,0,13,16,15,8,0
1828,large_drift,0.9,0.8405484557151794,0.5788002014160156,83,206,4498,602,206,0,16,16,43,8,0
1829,large_drift,1.0,0.7964136600494385,0.29903674125671387,126,201,2764,248,201,0,48,47,23,8,0
1830,large_drift,1.0,1.0026134252548218,0.7159395217895508,92,203,2931,324,203,0,31,16,37,8,0
1831,large_drift,0.9,0.9055476188659668,0.5367583632469177,107,200,3627,323,200,0,16,30,53,8,0
1832,large_drift,0.4,1.0927982330322266,0.7340766191482544,82,213,4843,628,213,0,16,32,26,8,0
1833,large_drift,1.0,0.9579840302467346,0.7251906394958496,90,201,3725,418,201,0,32,45,5,8,0
1834,large_drift,1.0,0.9084146618843079,0.4514569640159607,78,200,2278,228,200,0,32,14,28,4,0
1835,large_drift,1.0,0.936713457107544,0.43499845266342163,102,200,2595,211,200,0,76,13,5,8,0
1836,large_drift,1.0,0.9029219746589661,0.5752801895141602,91,200,3489,376,200,0,30,32,21,8,0
1837,large_drift,0.9,0.9526482820510864,0.5092716217041016,73,209,4516,517,209,0,16,16,33,8,0
1838,large_drift,1.0,0.8155184388160706,0.5919746160507202,73,201,4538,510,201,0,16,13,40,4,0
1839,large_drift,1.0,0.9548899531364441,0.610386073589325,99,200,4155,493,200,0,16,29,46,8,0
1840,large_drift,1.0,0.9985973834991455,0.6074231863021851,85,207,3971,523,207,0,16,47,14,8,0
1841,large_drift,1.0,0.9285491704940796,0.4995260238647461,106,202,3486,383,202,0,28,46,24,8,0
1842,large_drift,1.0,0.9243963360786438,0.40483349561691284,77,200,1935,166,200,0,16,47,10,4,0
1843,large_drift,0.7,1.013650894165039,0.5342451333999634,110,201,4230,453,201,0,48,32,22,8,0
1844,large_drift,1.0,1.1035771369934082,0.5467467308044434,121,200,3769,413,200,0,61,16,36,8,0
1845,large_drift,0.9,0.9481450319290161,0.6769378185272217,45,206,3638,538,206,0,16,13,8,8,0
1846,large_drift,0.6,0.9753634333610535,0.6132574081420898,68,207,4824,585,207,0,16,15,29,8,0
1847,large_drift,0.6,1.0534604787826538,0.6257585883140564,91,200,4667,604,200,0,48,16,19,8,0
1848,large_drift,0.9,0.8772715330123901,0.5092325210571289,136,200,3988,445,200,0,63,31,38,4,0
1849,large_drift,1.0,0.9358971118927002,0.8348820209503174,73,209,2895,350,209,0,13,28,28,4,0
1850,large_drift,0.9,0.960651159286499,0.644649863243103,73,243,4682,522,243,0,16,16,33,8,0
1851,large_drift,1.0,1.2120290994644165,0.6080877780914307,88,202,3647,444,202,0,48,14,18,8,0
1852,large_drift,0.6,1.0283491611480713,0.61161208152771,71,202,3942,514,202,0,16,16,31,8,0
1853,large_drift,0.9,1.0676079988479614,0.665479838848114,70,208,4303,606,208,0,32,13,17,8,0
1854,large_drift,0.8,0.9211475849151611,0.5390222072601318,94,201,4081,381,201,0,16,47,23,8,0
1855,large_drift,1.0,1.0359747409820557,0.6269946098327637,100,200,3286,334,200,0,64,16,12,8,0
1856,large_drift,0.9,0.8562225699424744,0.444640576839447,109,201,4205,518,201,0,32,16,53,8,0
1857,large_drift,1.0,1.1104764938354492,0.6041253805160522,129,200,3665,388,200,0,62,16,43,8,0
1858,large_drift,0.9,0.9075698256492615,0.5164878964424133,179,201,3817,363,201,0,64,95,12,8,0
1859,large_drift,0.9,1.041793942451477,0.6934866905212402,104,264,4986,476,264,0,32,27,37,8,0
1860,large_drift,1.0,0.9827089309692383,0.6601108312606812,58,203,3344,329,203,0,16,29,5,8,0
1861,large_drift,0.8,0.8589516282081604,0.5459412932395935,72,200,3328,413,200,0,32,14,18,8,0
1862,large_drift,1.0,0.9669889807701111,0.6815065145492554,84,207,3695,399,207,0,16,29,31,8,0
1863,large_drift,1.0,0.9981903433799744,0.5301990509033203,94,200,3279,291,200,0,15,47,24,8,0
1864,large_drift,0.7,0.8963290452957153,0.5042902827262878,108,201,4179,425,201,0,46,32,22,8,0
1865,large_drift,1.0,0.8007383346557617,0.3811229467391968,120,202,3437,329,202,0,63,16,33,8,0
1866,large_drift,0.7,0.8018266558647156,0.47741806507110596,71,206,4647,468,206,0,16,16,31,8,0
1867,large_drift,1.0,0.9526422619819641,0.5269060730934143,110,202,3945,460,202,0,32,47,23,8,0
1868,large_drift,0.8,0.7630717754364014,0.6048392057418823,60,204,4356,488,204,0,16,16,24,4,0
1869,large_drift,0.9,1.0139111280441284,0.6494779586791992,72,215,4503,685,215,0,15,16,33,8,0
1870,large_drift,1.0,1.1462090015411377,0.6210886240005493,109,201,2518,285,201,0,43,44,14,8,0
1871,large_drift,1.0,0.899354100227356,0.49042463302612305,88,202,4118,416,202,0,16,16,48,8,0
1872,large_drift,1.0,1.1017200946807861,0.5475066900253296,107,200,3225,281,200,0,48,16,35,8,0
1873,large_drift,0.8,1.0580155849456787,0.684707760810852,139,203,3865,526,203,0,16,93,22,8,0
1874,large_drift,1.0,0.9825482368469238,0.7081540822982788,67,203,3370,370,203,0,16,31,12,8,0
1875,large_drift,0.5,0.9485759735107422,0.5173029899597168,92,201,4344,505,201,0,29,32,23,8,0
1876,large_drift,1.0,0.8655763268470764,0.465814471244812,126,201,3746,422,201,0,47,48,23,8,0
1877,large_drift,1.0,0.9836601614952087,0.4526144862174988,108,200,3384,295,200,0,32,46,22,8,0
1878,large_drift,0.8,0.8884654641151428,0.5465894937515259,86,202,4061,488,202,0,32,29,17,8,0
1879,large_drift,0.7,0.8685488700866699,0.5582627058029175,99,200,4407,483,200,0,32,16,43,8,0
1880,large_drift,0.9,1.0908983945846558,0.7050071954727173,85,201,3740,453,201,0,16,44,17,8,0
1881,large_drift,0.9,0.8107093572616577,0.6012795567512512,92,224,4468,619,224,0,16,48,24,4,0
1882,large_drift,0.9,0.9927236437797546,0.5125327706336975,99,200,3989,428,200,0,47,16,28,8,0
1883,large_drift,0.7,0.947420597076416,0.6399771571159363,78,204,4057,470,204,0,16,16,38,8,0
1884,large_drift,0.9,0.899265468120575,0.5603667497634888,71,201,4031,381,201,0,16,16,31,8,0
1885,large_drift,0.9,1.0775086879730225,0.6420494914054871,61,205,3828,518,205,0,31,16,6,8,0
1886,large_drift,1.0,0.9597686529159546,0.444114089012146,93,200,2778,232,200,0,48,16,21,8,0
1887,large_drift,0.4,0.8683409690856934,0.5554260015487671,83,200,4561,542,200,0,16,16,43,8,0
1888,large_drift,0.7,1.0161564350128174,0.5214070081710815,73,200,4501,483,200,0,16,16,33,8,0
1889,large_drift,0.6,0.8385692834854126,0.5619839429855347,84,224,5322,597,224,0,32,32,12,8,0
1890,large_drift,0.7,1.0655300617218018,0.6491783857345581,125,214,4550,645,214,0,64,32,21,8,0
1891,large_drift,1.0,0.8866299390792847,0.45991742610931396,107,200,3704,325,200,0,44,32,23,8,0
1892,large_drift,1.0,0.9274675846099854,0.708809494972229,68,206,3274,524,206,0,15,28,17,8,0
1893,large_drift,1.0,1.0096580982208252,0.6525346040725708,76,202,2730,297,202,0,14,27,27,8,0
1894,large_drift,1.0,1.10261869430542,0.7272539138793945,97,205,3076,379,205,0,16,40,33,8,0
1895,large_drift,1.0,0.9669997692108154,0.5743085145950317,81,201,3364,409,201,0,45,16,12,8,0
1896,large_drift,1.0,0.776561975479126,0.3572784662246704,139,200,3502,291,200,0,94,16,25,4,0
1897,large_drift,0.9,0.9378494024276733,0.5879548192024231,113,201,4063,491,201,0,32,13,60,8,0
1898,large_drift,0.9,1.1425373554229736,0.6801352500915527,64,205,3660,529,205,0,28,16,12,8,0
1899,large_drift,1.0,1.1875990629196167,0.5171306133270264,116,200,3505,289,200,0,64,16,28,8,0
1900,large_drift,0.9,0.9164516925811768,0.5375005602836609,99,200,4155,490,200,0,16,63,12,8,0
1901,large_drift,0.9,0.9203296899795532,0.6188024282455444,141,203,3898,392,203,0,32,63,38,8,0
1902,large_drift,0.6,0.8507443070411682,0.5187352895736694,87,200,4383,537,200,0,16,29,34,8,0
1903,large_drift,1.0,0.9032681584358215,0.4063435196876526,121,201,2086,207,201,0,41,66,10,4,0
1904,large_drift,0.8,0.7982555031776428,0.5150285959243774,107,200,4037,422,200,0,16,47,40,4,0
1905,large_drift,1.0,0.8423406481742859,0.4246947765350342,73,200,4140,408,200,0,16,16,33,8,0
1906,large_drift,1.0,0.9590120315551758,0.6328499913215637,77,203,3760,373,203,0,16,16,37,8,0
1907,large_drift,1.0,1.0785223245620728,0.5060998201370239,144,200,2052,218,200,0,29,71,36,8,0
1908,large_drift,0.6,0.8256855010986328,0.515276312828064,71,215,4626,615,215,0,16,16,35,4,0
1909,large_drift,1.0,1.0704565048217773,0.622954249382019,114,201,3712,399,201,0,75,9,22,8,0
1910,large_drift,0.7,0.7917579412460327,0.6759206056594849,91,201,4722,612,201,0,32,31,24,4,0
1911,large_drift,1.0,1.0895707607269287,0.582013726234436,132,200,3339,362,200,0,93,26,5,8,0
1912,large_drift,0.8,1.1065424680709839,0.681093692779541,53,209,4240,492,209,0,16,15,14,8,0
1913,large_drift,0.9,0.8904849290847778,0.5291714668273926,107,200,4120,533,200,0,62,29,8,8,0
1914,large_drift,0.7,0.7640249729156494,0.70831298828125,54,207,4544,574,207,0,16,14,20,4,0
1915,large_drift,1.0,0.894060492515564,0.4249218702316284,120,200,4028,416,200,0,63,16,33,8,0
1916,large_drift,1.0,1.0500133037567139,0.6647829413414001,102,204,3694,488,204,0,48,31,15,8,0
1917,large_drift,1.0,0.8876070976257324,0.7462290525436401,86,203,2338,369,203,0,48,15,19,4,0
1918,large_drift,0.9,1.046241044998169,0.6602235436439514,85,201,3965,495,201,0,16,32,29,8,0
1919,large_drift,1.0,0.9887391924858093,0.5806655883789062,96,201,3508,375,201,0,60,16,12,8,0
1920,large_drift,1.0,0.844337522983551,0.5146468281745911,78,201,3746,317,201,0,16,32,22,8,0
1921,large_drift,0.9,0.8940844535827637,0.4517810344696045,89,202,3951,408,202,0,32,16,33,8,0
1922,large_drift,1.0,0.8751733899116516,0.5892028212547302,56,210,4466,599,210,0,16,14,18,8,0
1923,large_drift,1.0,1.0107882022857666,0.4457748532295227,110,200,2110,220,200,0,59,37,10,4,0
1924,large_drift,0.9,0.8666541576385498,0.6024003028869629,109,205,3983,507,205,0,46,32,23,8,0
1925,large_drift,0.9,0.909969687461853,0.6280714273452759,84,203,4062,503,203,0,32,32,12,8,0
1926,large_drift,1.0,1.2030538320541382,0.47053104639053345,126,200,2577,253,200,0,29,77,12,8,0
1927,large_drift,0.6,0.9635156989097595,0.5894025564193726,93,202,4284,516,202,0,46,16,23,8,0
1928,large_drift,1.0,1.1494144201278687,0.5710841417312622,93,201,3467,420,201,0,45,15,25,8,0
1929,large_drift,0.8,0.8279324769973755,0.7349739670753479,91,230,4580,721,230,0,46,16,25,4,0
1930,large_drift,0.8,1.1663035154342651,0.714738130569458,86,202,3882,550,202,0,30,43,5,8,0
1931,large_drift,1.0,1.027783751487732,0.5736087560653687,62,200,2751,280,200,0,32,16,6,8,0
1932,large_drift,1.0,1.0987060070037842,0.5966364145278931,56,201,3311,342,201,0,15,16,17,8,0
1933,large_drift,0.8,1.056577444076538,0.6251436471939087,107,200,3987,444,200,0,32,29,38,8,0
1934,large_drift,1.0,0.9871994256973267,0.47306323051452637,108,200,3670,409,200,0,48,44,8,8,0
1935,large_drift,1.0,0.894976794719696,0.4586295485496521,121,206,3849,426,206,0,64,16,33,8,0
1936,large_drift,1.0,0.8828670978546143,0.4604257345199585,157,200,3625,383,200,0,95,32,22,8,0
1937,large_drift,1.0,0.9499557018280029,0.5819884538650513,101,200,3210,381,200,0,48,32,13,8,0
1938,large_drift,0.9,1.0390955209732056,0.6462516188621521,150,201,3489,371,201,0,80,41,21,8,0
1939,large_drift,0.3,0.8633097410202026,0.7021806240081787,49,208,4221,573,208,0,13,16,12,8,0
1940,large_drift,1.0,1.020902156829834,0.4808844327926636,92,200,3857,392,200,0,48,28,8,8,0
1941,large_drift,0.8,1.0227617025375366,0.6495828628540039,67,202,4219,514,202,0,16,16,27,8,0
1942,large_drift,1.0,0.9652706980705261,0.6990410089492798,103,207,3686,517,207,0,16,62,17,8,0
1943,large_drift,0.5,1.0280054807662964,0.5903421640396118,83,209,4799,555,209,0,16,40,19,8,0
1944,large_drift,1.0,0.9509835243225098,0.489657461643219,109,200,2359,244,200,0,31,47,23,8,0
1945,large_drift,0.6,0.9266597628593445,0.6189514398574829,101,203,3982,443,203,0,32,43,18,8,0
1946,large_drift,1.0,0.9280250072479248,0.5405306816101074,107,203,3714,414,203,0,32,48,19,8,0
1947,large_drift,0.8,1.0137722492218018,0.6890280246734619,42,223,4155,702,223,0,16,13,5,8,0
1948,large_drift,1.0,0.9475884437561035,0.7123933434486389,55,212,3667,409,212,0,15,13,19,8,0
1949,large_drift,1.0,0.9237060546875,0.5062583088874817,92,205,3002,353,205,0,47,14,23,8,0
1950,large_drift,1.0,1.0304151773452759,0.8023415803909302,60,208,3627,468,208,0,16,28,8,8,0
1951,large_drift,1.0,1.0630704164505005,0.6112605333328247,49,203,3380,439,203,0,13,16,12,8,0
1952,large_drift,1.0,0.9514483213424683,0.49996417760849,90,201,3234,399,201,0,48,29,5,8,0
1953,large_drift,1.0,0.9930397272109985,0.610840916633606,93,208,3760,526,208,0,32,32,21,8,0
1954,large_drift,0.8,0.9105055332183838,0.5950008034706116,73,201,4280,524,201,0,16,16,33,8,0
1955,large_drift,1.0,0.9960799813270569,0.5103374123573303,104,200,3628,281,200,0,48,43,5,8,0
1956,large_drift,1.0,0.8075452446937561,0.5683139562606812,86,201,4006,441,201,0,13,29,40,4,0
1957,large_drift,1.0,0.9667471051216125,0.5133265256881714,87,200,2512,251,200,0,32,15,32,8,0
1958,large_drift,1.0,1.029645323753357,0.2969052791595459,193,200,2910,219,200,0,64,64,57,8,0
1959,large_drift,0.8,1.0090399980545044,0.5796904563903809,119,201,3846,442,201,0,64,16,31,8,0
1960,large_drift,0.9,1.1251461505889893,0.7467206716537476,84,202,3696,431,202,0,48,16,12,8,0
1961,large_drift,1.0,0.8601841926574707,0.5795053243637085,54,201,3611,433,201,0,16,14,20,4,0
1962,large_drift,1.0,0.9922789335250854,0.6439592838287354,77,201,3879,487,201,0,16,32,21,8,0
1963,large_drift,1.0,0.825062096118927,0.64488685131073,84,203,2125,258,203,0,43,13,24,4,0
1964,large_drift,0.9,0.9345733523368835,0.49842190742492676,73,203,4340,416,203,0,16,16,33,8,0
1965,large_drift,1.0,0.9542416930198669,0.6230064630508423,58,203,4119,528,203,0,16,29,5,8,0
1966,large_drift,1.0,1.0544155836105347,0.42796820402145386,136,200,2680,243,200,0,44,60,24,8,0
1967,large_drift,0.9,1.0316894054412842,0.5627793073654175,99,206,3436,463,206,0,16,32,43,8,0
1968,large_drift,1.0,0.8300421833992004,0.5038701295852661,109,200,4280,526,200,0,48,31,22,8,0
1969,large_drift,0.9,1.0503960847854614,0.5937592387199402,108,200,3462,323,200,0,62,32,6,8,0
1970,large_drift,0.6,0.9818918108940125,0.6290071606636047,81,204,4538,553,204,0,45,16,12,8,0
1971,large_drift,1.0,1.0006693601608276,0.6536818742752075,130,204,2917,296,204,0,31,86,5,8,0
1972,large_drift,1.0,0.9341525435447693,0.7419799566268921,56,202,3194,329,202,0,30,13,5,8,0
1973,large_drift,1.0,0.9915116429328918,0.6310689449310303,69,205,3899,503,205,0,32,15,14,8,0
1974,large_drift,0.7,0.9518420100212097,0.5413130521774292,88,201,4391,498,201,0,16,32,32,8,0
1975,large_drift,1.0,0.8347050547599792,0.5550508499145508,109,202,3942,451,202,0,31,47,23,8,0
1976,large_drift,1.0,0.9651958346366882,0.7606852054595947,71,204,2473,292,204,0,30,13,24,4,0
1977,large_drift,1.0,0.946710467338562,0.6472998261451721,114,201,2417,265,201,0,59,16,35,4,0
1978,large_drift,0.9,0.8815294504165649,0.48996442556381226,94,200,3897,436,200,0,32,16,38,8,0
1979,large_drift,1.0,0.9735302925109863,0.6139769554138184,95,201,3622,361,201,0,16,48,23,8,0
1980,large_drift,1.0,0.9452491998672485,0.6272122263908386,72,200,3204,289,200,0,26,26,12,8,0
1981,large_drift,1.0,1.1258615255355835,0.6401119232177734,108,201,3475,409,201,0,30,46,24,8,0
1982,large_drift,1.0,0.7849252820014954,0.43887990713119507,79,200,3694,334,200,0,16,32,23,8,0
1983,large_drift,1.0,0.9551588892936707,0.7350000739097595,81,228,3769,398,228,0,31,28,18,4,0
1984,large_drift,1.0,0.9035691022872925,0.45420247316360474,100,200,2547,253,200,0,32,48,12,8,0
1985,large_drift,1.0,1.0137860774993896,0.43069541454315186,97,200,2757,267,200,0,31,44,14,8,0
1986,large_drift,1.0,1.2387148141860962,0.5344010591506958,91,200,3377,338,200,0,13,29,41,8,0
1987,large_drift,1.0,0.7438998818397522,0.477247953414917,103,200,3519,372,200,0,48,16,31,8,0
1988,large_drift,1.0,1.1775190830230713,0.5734427571296692,74,201,3430,416,201,0,32,29,5,8,0
1989,large_drift,0.5,0.8275952339172363,0.5607724189758301,110,217,4709,658,217,0,32,48,22,8,0
1990,large_drift,0.5,0.8853719830513,0.6166752576828003,87,203,3932,471,203,0,32,16,35,4,0
1991,large_drift,1.0,1.285862922668457,0.5670074820518494,81,202,3640,356,202,0,30,31,12,8,0
1992,large_drift,0.7,0.855396032333374,0.5952519178390503,90,207,4477,516,207,0,32,31,19,8,0
1993,large_drift,1.0,0.9814702868461609,0.5173094272613525,85,200,4358,458,200,0,32,16,29,8,0
1994,large_drift,0.3,0.9617419838905334,0.6898905038833618,91,214,4865,646,214,0,16,31,36,8,0
1995,large_drift,0.7,0.976887047290802,0.757374107837677,122,213,4068,601,213,0,16,61,37,8,0
1996,large_drift,1.0,1.1149743795394897,0.6975399851799011,68,205,4005,480,205,0,16,32,12,8,0
1997,large_drift,1.0,0.8250344395637512,0.4407014846801758,92,200,3809,376,200,0,16,32,36,8,0
1998,large_drift,1.0,0.9628689289093018,0.5897380709648132,49,201,3725,414,201,0,13,16,12,8,0
1999,large_drift,1.0,1.0692405700683594,0.43359363079071045,114,200,2539,266,200,0,30,62,14,8,0
