shift_sigma,ef_search,iteration,mean_lowerbound
0.0,10,0,7528.559279
0.0,10,1,9056.090394
0.0,10,2,8072.142488
0.0,10,3,7636.444744
0.0,10,4,7339.261883
0.0,10,5,7120.535279
0.0,10,6,6962.724835
0.0,10,7,6827.13189
0.0,10,8,6724.459834
0.0,10,9,6652.936781
0.0,20,0,7528.559279
0.0,20,1,10634.33008
0.0,20,2,8958.801972
0.0,20,3,8308.745224
0.0,20,4,7934.370882
0.0,20,5,7661.609668
0.0,20,6,7473.125605
0.0,20,7,7314.980766
0.0,20,8,7195.83286
0.0,20,9,7108.73393
0.0,20,10,7044.810564
0.0,20,11,6990.258623
0.0,20,12,6948.44675
0.0,20,13,6913.399415
0.0,20,14,6881.667209
0.0,20,15,6855.648307
0.0,20,16,6826.566424
0.0,20,17,6804.611803
0.0,20,18,6785.259401
0.0,20,19,6770.366148
0.0,50,0,7528.559279
0.0,50,1,11789.534448
0.0,50,2,11818.384191
0.0,50,3,10198.333316
0.0,50,4,9288.873096
0.0,50,5,8813.079624
0.0,50,6,8517.525936
0.0,50,7,8285.119238
0.0,50,8,8105.950119
0.0,50,9,7953.746845
0.0,50,10,7844.496164
0.0,50,11,7760.308017
0.0,50,12,7683.577917
0.0,50,13,7628.077577
0.0,50,14,7575.93827
0.0,50,15,7534.500191
0.0,50,16,7496.07179
0.0,50,17,7460.763121
0.0,50,18,7428.7692
0.0,50,19,7403.882015
0.0,50,20,7381.982332
0.0,50,21,7363.635604
0.0,50,22,7345.87341
0.0,50,23,7332.040543
0.0,50,24,7319.666958
0.0,50,25,7308.897296
0.0,50,26,7299.406995
0.0,50,27,7290.052531
0.0,50,28,7281.701251
0.0,50,29,7272.031319
0.0,50,30,7262.878327
0.0,50,31,7254.672168
0.0,50,32,7247.228263
0.0,50,33,7241.639625
0.0,50,34,7235.715235
0.0,50,35,7231.464344
0.0,50,36,7227.378001
0.0,50,37,7222.982201
0.0,50,38,7219.245913
0.0,50,39,7215.855447
0.0,50,40,7212.499094
0.0,50,41,7209.410429
0.0,50,42,7206.330721
0.0,50,43,7203.604789
0.0,50,44,7201.002214
0.0,50,45,7198.392139
0.0,50,46,7195.76163
0.0,50,47,7193.512614
0.0,50,48,7191.776995
0.0,50,49,7190.111968
0.0,100,0,7528.559279
0.0,100,1,11789.534448
0.0,100,2,12227.178563
0.0,100,3,12457.302504
0.0,100,4,12390.501062
0.0,100,5,11380.493617
0.0,100,6,10409.062274
0.0,100,7,9785.466923
0.0,100,8,9383.288717
0.0,100,9,9100.424134
0.0,100,10,8892.959784
0.0,100,11,8728.340421
0.0,100,12,8588.73271
0.0,100,13,8478.796606
0.0,100,14,8387.020152
0.0,100,15,8311.091771
0.0,100,16,8244.546036
0.0,100,17,8190.172136
0.0,100,18,8140.784902
0.0,100,19,8095.597088
0.0,100,20,8049.29204
0.0,100,21,8014.340552
0.0,100,22,7984.949019
0.0,100,23,7957.260283
0.0,100,24,7933.379557
0.0,100,25,7911.990852
0.0,100,26,7891.152557
0.0,100,27,7873.798246
0.0,100,28,7858.869748
0.0,100,29,7843.685407
0.0,100,30,7829.914607
0.0,100,31,7816.95699
0.0,100,32,7803.826016
0.0,100,33,7792.583712
0.0,100,34,7782.246065
0.0,100,35,7772.59122
0.0,100,36,7764.16576
0.0,100,37,7754.532933
0.0,100,38,7746.652564
0.0,100,39,7740.201514
0.0,100,40,7734.263144
0.0,100,41,7727.20916
0.0,100,42,7721.095151
0.0,100,43,7716.205332
0.0,100,44,7710.438583
0.0,100,45,7704.723133
0.0,100,46,7699.977831
0.0,100,47,7695.054178
0.0,100,48,7690.944516
0.0,100,49,7687.181251
0.0,100,50,7683.079048
0.0,100,51,7679.52767
0.0,100,52,7676.528951
0.0,100,53,7673.705131
0.0,100,54,7670.505489
0.0,100,55,7667.290212
0.0,100,56,7664.521068
0.0,100,57,7661.947085
0.0,100,58,7659.701846
0.0,100,59,7657.493529
0.0,100,60,7655.155287
0.0,100,61,7652.759552
0.0,100,62,7650.432446
0.0,100,63,7648.539426
0.0,100,64,7646.359016
0.0,100,65,7644.45198
0.0,100,66,7642.763625
0.0,100,67,7641.314751
0.0,100,68,7639.752294
0.0,100,69,7638.116026
0.0,100,70,7636.824714
0.0,100,71,7635.551307
0.0,100,72,7633.971485
0.0,100,73,7632.56856
0.0,100,74,7631.256901
0.0,100,75,7630.039558
0.0,100,76,7628.726775
0.0,100,77,7627.607365
0.0,100,78,7626.41352
0.0,100,79,7625.126532
0.0,100,80,7623.973005
0.0,100,81,7622.575281
0.0,100,82,7621.437675
0.0,100,83,7620.264297
0.0,100,84,7619.202595
0.0,100,85,7618.361984
0.0,100,86,7617.589454
0.0,100,87,7616.571606
0.0,100,88,7615.653587
0.0,100,89,7614.960603
0.0,100,90,7614.136396
0.0,100,91,7613.465794
0.0,100,92,7612.50584
0.0,100,93,7611.782754
0.0,100,94,7611.109815
0.0,100,95,7610.507763
0.0,100,96,7609.809597
0.0,100,97,7609.08711
0.0,100,98,7608.494429
0.0,100,99,7607.74811
0.0,200,0,7528.559279
0.0,200,1,11789.534448
0.0,200,2,12227.178563
0.0,200,3,12457.302504
0.0,200,4,12620.086703
0.0,200,5,12787.52634
0.0,200,6,12880.866186
0.0,200,7,12984.462198
0.0,200,8,13004.741421
0.0,200,9,12705.19188
0.0,200,10,12104.763588
0.0,200,11,11508.402894
0.0,200,12,11025.140389
0.0,200,13,10649.906599
0.0,200,14,10345.668395
0.0,200,15,10077.665087
0.0,200,16,9867.648729
0.0,200,17,9685.785563
0.0,200,18,9517.291099
0.0,200,19,9378.115019
0.0,200,20,9264.80882
0.0,200,21,9170.683325
0.0,200,22,9084.964604
0.0,200,23,9014.572415
0.0,200,24,8954.45215
0.0,200,25,8895.364815
0.0,200,26,8844.223208
0.0,200,27,8799.909202
0.0,200,28,8754.541467
0.0,200,29,8717.303105
0.0,200,30,8680.02796
0.0,200,31,8648.965012
0.0,200,32,8619.501871
0.0,200,33,8591.784196
0.0,200,34,8567.069649
0.0,200,35,8544.703426
0.0,200,36,8524.162042
0.0,200,37,8504.425912
0.0,200,38,8486.442255
0.0,200,39,8469.169139
0.0,200,40,8453.493013
0.0,200,41,8437.949155
0.0,200,42,8423.154051
0.0,200,43,8408.861455
0.0,200,44,8394.085209
0.0,200,45,8381.7111
0.0,200,46,8370.270051
0.0,200,47,8359.721788
0.0,200,48,8350.136748
0.0,200,49,8340.595537
0.0,200,50,8331.127529
0.0,200,51,8322.71179
0.0,200,52,8315.073276
0.0,200,53,8307.375666
0.0,200,54,8300.436869
0.0,200,55,8293.30987
0.0,200,56,8286.592429
0.0,200,57,8279.370547
0.0,200,58,8273.250259
0.0,200,59,8268.0499
0.0,200,60,8262.50424
0.0,200,61,8257.252015
0.0,200,62,8252.029041
0.0,200,63,8247.115454
0.0,200,64,8242.434634
0.0,200,65,8238.343556
0.0,200,66,8234.061969
0.0,200,67,8229.784661
0.0,200,68,8225.923742
0.0,200,69,8222.326508
0.0,200,70,8218.726302
0.0,200,71,8215.019794
0.0,200,72,8211.803107
0.0,200,73,8208.225898
0.0,200,74,8205.011027
0.0,200,75,8202.131035
0.0,200,76,8199.038969
0.0,200,77,8196.145043
0.0,200,78,8193.314264
0.0,200,79,8190.629158
0.0,200,80,8188.020092
0.0,200,81,8185.205684
0.0,200,82,8182.644492
0.0,200,83,8180.194715
0.0,200,84,8177.652181
0.0,200,85,8175.224182
0.0,200,86,8173.072775
0.0,200,87,8171.01488
0.0,200,88,8169.130952
0.0,200,89,8167.130852
0.0,200,90,8165.192487
0.0,200,91,8163.312047
0.0,200,92,8161.339394
0.0,200,93,8159.533704
0.0,200,94,8157.754528
0.0,200,95,8156.1993
0.0,200,96,8154.728262
0.0,200,97,8153.012323
0.0,200,98,8151.409198
0.0,200,99,8149.776838
0.0,200,100,8148.353677
0.0,200,101,8146.870781
0.0,200,102,8145.56883
0.0,200,103,8144.169734
0.0,200,104,8142.864593
0.0,200,105,8141.862939
0.0,200,106,8140.789268
0.0,200,107,8139.499695
0.0,200,108,8138.307943
0.0,200,109,8136.894281
0.0,200,110,8135.663451
0.0,200,111,8134.515427
0.0,200,112,8133.207005
0.0,200,113,8132.01708
0.0,200,114,8131.105377
0.0,200,115,8129.926618
0.0,200,116,8128.955064
0.0,200,117,8127.824356
0.0,200,118,8126.828541
0.0,200,119,8125.959294
0.0,200,120,8124.835456
0.0,200,121,8123.737711
0.0,200,122,8122.846247
0.0,200,123,8121.971747
0.0,200,124,8121.091934
0.0,200,125,8120.298011
0.0,200,126,8119.473048
0.0,200,127,8118.615439
0.0,200,128,8117.842553
0.0,200,129,8117.182307
0.0,200,130,8116.368823
0.0,200,131,8115.53946
0.0,200,132,8114.763042
0.0,200,133,8114.094714
0.0,200,134,8113.147319
0.0,200,135,8112.32071
0.0,200,136,8111.462587
0.0,200,137,8110.708788
0.0,200,138,8110.048562
0.0,200,139,8109.402107
0.0,200,140,8108.764188
0.0,200,141,8108.190991
0.0,200,142,8107.653578
0.0,200,143,8107.033183
0.0,200,144,8106.33649
0.0,200,145,8105.781295
0.0,200,146,8104.974636
0.0,200,147,8104.400361
0.0,200,148,8104.05269
0.0,200,149,8103.544426
0.0,200,150,8103.09205
0.0,200,151,8102.442144
0.0,200,152,8101.808252
0.0,200,153,8101.351408
0.0,200,154,8100.887649
0.0,200,155,8100.399589
0.0,200,156,8099.893139
0.0,200,157,8099.325245
0.0,200,158,8098.775685
0.0,200,159,8098.222517
0.0,200,160,8097.699763
0.0,200,161,8097.276867
0.0,200,162,8096.937411
0.0,200,163,8096.517986
0.0,200,164,8096.047546
0.0,200,165,8095.601485
0.0,200,166,8095.158966
0.0,200,167,8094.664447
0.0,200,168,8094.174316
0.0,200,169,8093.817731
0.0,200,170,8093.431906
0.0,200,171,8092.985415
0.0,200,172,8092.714065
0.0,200,173,8092.360067
0.0,200,174,8092.076398
0.0,200,175,8091.767351
0.0,200,176,8091.368153
0.0,200,177,8091.01235
0.0,200,178,8090.585292
0.0,200,179,8090.203509
0.0,200,180,8089.933763
0.0,200,181,8089.585885
0.0,200,182,8089.161845
0.0,200,183,8088.784107
0.0,200,184,8088.474227
0.0,200,185,8088.116875
0.0,200,186,8087.904971
0.0,200,187,8087.576986
0.0,200,188,8087.199371
0.0,200,189,8086.916614
0.0,200,190,8086.610846
0.0,200,191,8086.259476
0.0,200,192,8086.063427
0.0,200,193,8085.892171
0.0,200,194,8085.704564
0.0,200,195,8085.353187
0.0,200,196,8085.125418
0.0,200,197,8084.83284
0.0,200,198,8084.635997
0.0,200,199,8084.404523
0.0,500,0,7528.559279
0.0,500,1,11789.534448
0.0,500,2,12227.178563
0.0,500,3,12457.302504
0.0,500,4,12620.086703
0.0,500,5,12787.52634
0.0,500,6,12880.866186
0.0,500,7,12985.251861
0.0,500,8,13083.866252
0.0,500,9,13175.62066
0.0,500,10,13242.138576
0.0,500,11,13332.973334
0.0,500,12,13397.121507
0.0,500,13,13468.319752
0.0,500,14,13539.316034
0.0,500,15,13580.624092
0.0,500,16,13646.664237
0.0,500,17,13692.651954
0.0,500,18,13736.552798
0.0,500,19,13778.679149
0.0,500,20,13801.828652
0.0,500,21,13811.715739
0.0,500,22,13775.765936
0.0,500,23,13698.384793
0.0,500,24,13602.471057
0.0,500,25,13429.185132
0.0,500,26,13235.423664
0.0,500,27,13040.411896
0.0,500,28,12865.649351
0.0,500,29,12620.164581
0.0,500,30,12411.823917
0.0,500,31,12237.226357
0.0,500,32,12070.337223
0.0,500,33,11919.372803
0.0,500,34,11768.820255
0.0,500,35,11633.840965
0.0,500,36,11520.490602
0.0,500,37,11409.395687
0.0,500,38,11300.824892
0.0,500,39,11193.629035
0.0,500,40,11101.336536
0.0,500,41,10996.534299
0.0,500,42,10914.216374
0.0,500,43,10828.268396
0.0,500,44,10763.614621
0.0,500,45,10699.335292
0.0,500,46,10634.714271
0.0,500,47,10570.108477
0.0,500,48,10489.195874
0.0,500,49,10415.682348
0.0,500,50,10360.731527
0.0,500,51,10302.097433
0.0,500,52,10241.704576
0.0,500,53,10185.780119
0.0,500,54,10141.986814
0.0,500,55,10094.630531
0.0,500,56,10046.309998
0.0,500,57,9997.733858
0.0,500,58,9956.362556
0.0,500,59,9917.969887
0.0,500,60,9888.228524
0.0,500,61,9858.470981
0.0,500,62,9819.646262
0.0,500,63,9785.234466
0.0,500,64,9755.310499
0.0,500,65,9728.455557
0.0,500,66,9701.444602
0.0,500,67,9678.588618
0.0,500,68,9653.551144
0.0,500,69,9631.175178
0.0,500,70,9605.072006
0.0,500,71,9583.160478
0.0,500,72,9563.026522
0.0,500,73,9541.822558
0.0,500,74,9522.398663
0.0,500,75,9507.606108
0.0,500,76,9490.471126
0.0,500,77,9475.3649
0.0,500,78,9457.479914
0.0,500,79,9441.17918
0.0,500,80,9423.200099
0.0,500,81,9407.411368
0.0,500,82,9392.609061
0.0,500,83,9376.181955
0.0,500,84,9364.437151
0.0,500,85,9353.145734
0.0,500,86,9341.629915
0.0,500,87,9329.164435
0.0,500,88,9317.148051
0.0,500,89,9304.85229
0.0,500,90,9291.742241
0.0,500,91,9280.27884
0.0,500,92,9270.767907
0.0,500,93,9262.862235
0.0,500,94,9253.263479
0.0,500,95,9244.424406
0.0,500,96,9235.967101
0.0,500,97,9227.564648
0.0,500,98,9219.530575
0.0,500,99,9212.070383
0.0,500,100,9205.285895
0.0,500,101,9197.799403
0.0,500,102,9191.086848
0.0,500,103,9185.177618
0.0,500,104,9178.535408
0.0,500,105,9172.373822
0.0,500,106,9166.600823
0.0,500,107,9160.719802
0.0,500,108,9155.34034
0.0,500,109,9150.036585
0.0,500,110,9144.473676
0.0,500,111,9139.061522
0.0,500,112,9134.102734
0.0,500,113,9127.438509
0.0,500,114,9122.533722
0.0,500,115,9116.204334
0.0,500,116,9111.551388
0.0,500,117,9105.875696
0.0,500,118,9101.430228
0.0,500,119,9097.203958
0.0,500,120,9092.833124
0.0,500,121,9088.520095
0.0,500,122,9084.282619
0.0,500,123,9079.926772
0.0,500,124,9076.062649
0.0,500,125,9072.340968
0.0,500,126,9068.95499
0.0,500,127,9065.091891
0.0,500,128,9061.553404
0.0,500,129,9057.88459
0.0,500,130,9054.009907
0.0,500,131,9050.630566
0.0,500,132,9047.253904
0.0,500,133,9044.178434
0.0,500,134,9041.549255
0.0,500,135,9038.366364
0.0,500,136,9035.15125
0.0,500,137,9032.451561
0.0,500,138,9028.881666
0.0,500,139,9026.227539
0.0,500,140,9023.467579
0.0,500,141,9020.494143
0.0,500,142,9017.98773
0.0,500,143,9015.18964
0.0,500,144,9012.23692
0.0,500,145,9009.170374
0.0,500,146,9006.61274
0.0,500,147,9004.195821
0.0,500,148,9001.324364
0.0,500,149,8997.419749
0.0,500,150,8994.667868
0.0,500,151,8991.431021
0.0,500,152,8989.06999
0.0,500,153,8986.901574
0.0,500,154,8984.52452
0.0,500,155,8982.249914
0.0,500,156,8979.985069
0.0,500,157,8977.859577
0.0,500,158,8975.628605
0.0,500,159,8973.54845
0.0,500,160,8971.429786
0.0,500,161,8969.569871
0.0,500,162,8967.751339
0.0,500,163,8965.68011
0.0,500,164,8964.024588
0.0,500,165,8962.071796
0.0,500,166,8959.933229
0.0,500,167,8958.051226
0.0,500,168,8956.554906
0.0,500,169,8955.048542
0.0,500,170,8953.303071
0.0,500,171,8951.640678
0.0,500,172,8950.063913
0.0,500,173,8948.692415
0.0,500,174,8947.150376
0.0,500,175,8945.018146
0.0,500,176,8943.573621
0.0,500,177,8942.238506
0.0,500,178,8940.724097
0.0,500,179,8939.179984
0.0,500,180,8937.763813
0.0,500,181,8936.471605
0.0,500,182,8934.962648
0.0,500,183,8933.693902
0.0,500,184,8932.209939
0.0,500,185,8930.654851
0.0,500,186,8929.47064
0.0,500,187,8928.299192
0.0,500,188,8927.213221
0.0,500,189,8926.08064
0.0,500,190,8924.774437
0.0,500,191,8923.450084
0.0,500,192,8922.172225
0.0,500,193,8921.008119
0.0,500,194,8919.911341
0.0,500,195,8918.684429
0.0,500,196,8917.64923
0.0,500,197,8916.564321
0.0,500,198,8915.422366
0.0,500,199,8914.419933
0.0,500,200,8913.295143
0.0,500,201,8912.270453
0.0,500,202,8911.320483
0.0,500,203,8910.323849
0.0,500,204,8909.342546
0.0,500,205,8908.506332
0.0,500,206,8907.655549
0.0,500,207,8906.775572
0.0,500,208,8905.914131
0.0,500,209,8904.854022
0.0,500,210,8903.735192
0.0,500,211,8902.624893
0.0,500,212,8901.707457
0.0,500,213,8900.827563
0.0,500,214,8899.849251
0.0,500,215,8898.948369
0.0,500,216,8897.963428
0.0,500,217,8897.040351
0.0,500,218,8896.155398
0.0,500,219,8895.323396
0.0,500,220,8894.578777
0.0,500,221,8893.820157
0.0,500,222,8893.147192
0.0,500,223,8892.393266
0.0,500,224,8891.545374
0.0,500,225,8890.806886
0.0,500,226,8890.025737
0.0,500,227,8889.261415
0.0,500,228,8888.519021
0.0,500,229,8887.446175
0.0,500,230,8886.808844
0.0,500,231,8886.235804
0.0,500,232,8885.617997
0.0,500,233,8884.885786
0.0,500,234,8884.255767
0.0,500,235,8883.480593
0.0,500,236,8882.807652
0.0,500,237,8882.119786
0.0,500,238,8881.409532
0.0,500,239,8880.77807
0.0,500,240,8880.201155
0.0,500,241,8879.601161
0.0,500,242,8878.966319
0.0,500,243,8878.279052
0.0,500,244,8877.733738
0.0,500,245,8877.085996
0.0,500,246,8876.448397
0.0,500,247,8875.911283
0.0,500,248,8875.371077
0.0,500,249,8874.75251
0.0,500,250,8874.254906
0.0,500,251,8873.727848
0.0,500,252,8873.11691
0.0,500,253,8872.520573
0.0,500,254,8871.983582
0.0,500,255,8871.455298
0.0,500,256,8871.005982
0.0,500,257,8870.531222
0.0,500,258,8870.050819
0.0,500,259,8869.544078
0.0,500,260,8868.979024
0.0,500,261,8868.407294
0.0,500,262,8867.770179
0.0,500,263,8867.239827
0.0,500,264,8866.811713
0.0,500,265,8866.391719
0.0,500,266,8866.009674
0.0,500,267,8865.600559
0.0,500,268,8865.130336
0.0,500,269,8864.717731
0.0,500,270,8864.274283
0.0,500,271,8863.814866
0.0,500,272,8863.414794
0.0,500,273,8862.925323
0.0,500,274,8862.503333
0.0,500,275,8862.103464
0.0,500,276,8861.667394
0.0,500,277,8861.259356
0.0,500,278,8860.866691
0.0,500,279,8860.450017
0.0,500,280,8860.049928
0.0,500,281,8859.70064
0.0,500,282,8859.360752
0.0,500,283,8858.911555
0.0,500,284,8858.533062
0.0,500,285,8858.12752
0.0,500,286,8857.738742
0.0,500,287,8857.339898
0.0,500,288,8857.035706
0.0,500,289,8856.673405
0.0,500,290,8856.311329
0.0,500,291,8855.946195
0.0,500,292,8855.598918
0.0,500,293,8855.200869
0.0,500,294,8854.812105
0.0,500,295,8854.44458
0.0,500,296,8854.098771
0.0,500,297,8853.720199
0.0,500,298,8853.409188
0.0,500,299,8853.036459
0.0,500,300,8852.701866
0.0,500,301,8852.402311
0.0,500,302,8852.165937
0.0,500,303,8851.789715
0.0,500,304,8851.439593
0.0,500,305,8851.104609
0.0,500,306,8850.824172
0.0,500,307,8850.471629
0.0,500,308,8850.202327
0.0,500,309,8849.853482
0.0,500,310,8849.568904
0.0,500,311,8849.31703
0.0,500,312,8849.006369
0.0,500,313,8848.669984
0.0,500,314,8848.35201
0.0,500,315,8848.109915
0.0,500,316,8847.834562
0.0,500,317,8847.539067
0.0,500,318,8847.273363
0.0,500,319,8846.961018
0.0,500,320,8846.72671
0.0,500,321,8846.446675
0.0,500,322,8846.197875
0.0,500,323,8845.854799
0.0,500,324,8845.584823
0.0,500,325,8845.349471
0.0,500,326,8845.031042
0.0,500,327,8844.784177
0.0,500,328,8844.52419
0.0,500,329,8844.330752
0.0,500,330,8844.074421
0.0,500,331,8843.797381
0.0,500,332,8843.548454
0.0,500,333,8843.235037
0.0,500,334,8842.969785
0.0,500,335,8842.766445
0.0,500,336,8842.569609
0.0,500,337,8842.306879
0.0,500,338,8842.012062
0.0,500,339,8841.78274
0.0,500,340,8841.51981
0.0,500,341,8841.256934
0.0,500,342,8841.06845
0.0,500,343,8840.807344
0.0,500,344,8840.554853
0.0,500,345,8840.391893
0.0,500,346,8840.135534
0.0,500,347,8839.885195
0.0,500,348,8839.613174
0.0,500,349,8839.397801
0.0,500,350,8839.160607
0.0,500,351,8838.937654
0.0,500,352,8838.762423
0.0,500,353,8838.538806
0.0,500,354,8838.36819
0.0,500,355,8838.171304
0.0,500,356,8837.89657
0.0,500,357,8837.67421
0.0,500,358,8837.496489
0.0,500,359,8837.318806
0.0,500,360,8837.130563
0.0,500,361,8836.963309
0.0,500,362,8836.821235
0.0,500,363,8836.630069
0.0,500,364,8836.449909
0.0,500,365,8836.244726
0.0,500,366,8836.018532
0.0,500,367,8835.862396
0.0,500,368,8835.647217
0.0,500,369,8835.497127
0.0,500,370,8835.306206
0.0,500,371,8835.173287
0.0,500,372,8835.056486
0.0,500,373,8834.902461
0.0,500,374,8834.72398
0.0,500,375,8834.562832
0.0,500,376,8834.392864
0.0,500,377,8834.264595
0.0,500,378,8834.152107
0.0,500,379,8833.912851
0.0,500,380,8833.748568
0.0,500,381,8833.533794
0.0,500,382,8833.390993
0.0,500,383,8833.214165
0.0,500,384,8833.031552
0.0,500,385,8832.875533
0.0,500,386,8832.675672
0.0,500,387,8832.562384
0.0,500,388,8832.431683
0.0,500,389,8832.247837
0.0,500,390,8832.08836
0.0,500,391,8831.935428
0.0,500,392,8831.78173
0.0,500,393,8831.630202
0.0,500,394,8831.458089
0.0,500,395,8831.285411
0.0,500,396,8831.130064
0.0,500,397,8830.968436
0.0,500,398,8830.835897
0.0,500,399,8830.698101
0.0,500,400,8830.515545
0.0,500,401,8830.367721
0.0,500,402,8830.250806
0.0,500,403,8830.100159
0.0,500,404,8829.957738
0.0,500,405,8829.850043
0.0,500,406,8829.740143
0.0,500,407,8829.600814
0.0,500,408,8829.479134
0.0,500,409,8829.332114
0.0,500,410,8829.221005
0.0,500,411,8829.08956
0.0,500,412,8828.939095
0.0,500,413,8828.783808
0.0,500,414,8828.644682
0.0,500,415,8828.531712
0.0,500,416,8828.400463
0.0,500,417,8828.289609
0.0,500,418,8828.183953
0.0,500,419,8828.050343
0.0,500,420,8827.967806
0.0,500,421,8827.841907
0.0,500,422,8827.730658
0.0,500,423,8827.607045
0.0,500,424,8827.506369
0.0,500,425,8827.399243
0.0,500,426,8827.25692
0.0,500,427,8827.134733
0.0,500,428,8827.026132
0.0,500,429,8826.889251
0.0,500,430,8826.800221
0.0,500,431,8826.676619
0.0,500,432,8826.558208
0.0,500,433,8826.462991
0.0,500,434,8826.337912
0.0,500,435,8826.220579
0.0,500,436,8826.127069
0.0,500,437,8825.997247
0.0,500,438,8825.899452
0.0,500,439,8825.832782
0.0,500,440,8825.709505
0.0,500,441,8825.62029
0.0,500,442,8825.529619
0.0,500,443,8825.446887
0.0,500,444,8825.357156
0.0,500,445,8825.249408
0.0,500,446,8825.153029
0.0,500,447,8825.050758
0.0,500,448,8824.980172
0.0,500,449,8824.900649
0.0,500,450,8824.820184
0.0,500,451,8824.720867
0.0,500,452,8824.613239
0.0,500,453,8824.525124
0.0,500,454,8824.392466
0.0,500,455,8824.291426
0.0,500,456,8824.140091
0.0,500,457,8824.046167
0.0,500,458,8823.944586
0.0,500,459,8823.831792
0.0,500,460,8823.744021
0.0,500,461,8823.654314
0.0,500,462,8823.554276
0.0,500,463,8823.461671
0.0,500,464,8823.362398
0.0,500,465,8823.234064
0.0,500,466,8823.155976
0.0,500,467,8823.0826
0.0,500,468,8822.980457
0.0,500,469,8822.91001
0.0,500,470,8822.824062
0.0,500,471,8822.741651
0.0,500,472,8822.667446
0.0,500,473,8822.574248
0.0,500,474,8822.492755
0.0,500,475,8822.420529
0.0,500,476,8822.339741
0.0,500,477,8822.241785
0.0,500,478,8822.183799
0.0,500,479,8822.126665
0.0,500,480,8822.043868
0.0,500,481,8821.958334
0.0,500,482,8821.855481
0.0,500,483,8821.772869
0.0,500,484,8821.698821
0.0,500,485,8821.609829
0.0,500,486,8821.535539
0.0,500,487,8821.462816
0.0,500,488,8821.354878
0.0,500,489,8821.222867
0.0,500,490,8821.126532
0.0,500,491,8820.993095
0.0,500,492,8820.903442
0.0,500,493,8820.81737
0.0,500,494,8820.731391
0.0,500,495,8820.672977
0.0,500,496,8820.622326
0.0,500,497,8820.533751
0.0,500,498,8820.463639
0.0,500,499,8820.390941
1.0,10,0,7593.383665
1.0,10,1,9117.681178
1.0,10,2,8152.533876
1.0,10,3,7712.210222
1.0,10,4,7428.22478
1.0,10,5,7218.963562
1.0,10,6,7053.973183
1.0,10,7,6922.311163
1.0,10,8,6824.724746
1.0,10,9,6747.058059
1.0,20,0,7593.383665
1.0,20,1,10685.10119
1.0,20,2,9014.507601
1.0,20,3,8383.254665
1.0,20,4,8012.687657
1.0,20,5,7758.693516
1.0,20,6,7562.799221
1.0,20,7,7410.165188
1.0,20,8,7283.563625
1.0,20,9,7197.756148
1.0,20,10,7120.75289
1.0,20,11,7068.651657
1.0,20,12,7022.589599
1.0,20,13,6988.576373
1.0,20,14,6951.520335
1.0,20,15,6925.566147
1.0,20,16,6902.671113
1.0,20,17,6880.025874
1.0,20,18,6861.396854
1.0,20,19,6844.541098
1.0,50,0,7593.383665
1.0,50,1,11844.778253
1.0,50,2,11846.049485
1.0,50,3,10222.814837
1.0,50,4,9349.611491
1.0,50,5,8895.507282
1.0,50,6,8599.334613
1.0,50,7,8372.6158
1.0,50,8,8186.152764
1.0,50,9,8033.3157
1.0,50,10,7916.141984
1.0,50,11,7828.323074
1.0,50,12,7751.14226
1.0,50,13,7691.562389
1.0,50,14,7639.028739
1.0,50,15,7594.675529
1.0,50,16,7557.896013
1.0,50,17,7525.961175
1.0,50,18,7499.840454
1.0,50,19,7473.79104
1.0,50,20,7452.225248
1.0,50,21,7431.47662
1.0,50,22,7415.238712
1.0,50,23,7399.910317
1.0,50,24,7387.339779
1.0,50,25,7374.408803
1.0,50,26,7363.176036
1.0,50,27,7354.059667
1.0,50,28,7344.977131
1.0,50,29,7337.327642
1.0,50,30,7329.614569
1.0,50,31,7322.017967
1.0,50,32,7315.206152
1.0,50,33,7308.098778
1.0,50,34,7300.111409
1.0,50,35,7293.016377
1.0,50,36,7287.270947
1.0,50,37,7281.861419
1.0,50,38,7277.094956
1.0,50,39,7273.143495
1.0,50,40,7269.667715
1.0,50,41,7266.514227
1.0,50,42,7263.144769
1.0,50,43,7260.114044
1.0,50,44,7257.633641
1.0,50,45,7255.030913
1.0,50,46,7252.453498
1.0,50,47,7249.351044
1.0,50,48,7247.135343
1.0,50,49,7244.001988
1.0,100,0,7593.383665
1.0,100,1,11844.778253
1.0,100,2,12278.301455
1.0,100,3,12506.144982
1.0,100,4,12406.547021
1.0,100,5,11403.492221
1.0,100,6,10457.164309
1.0,100,7,9834.85974
1.0,100,8,9463.777748
1.0,100,9,9181.175653
1.0,100,10,8968.886196
1.0,100,11,8804.897215
1.0,100,12,8659.15881
1.0,100,13,8546.608493
1.0,100,14,8450.530026
1.0,100,15,8373.23916
1.0,100,16,8306.568855
1.0,100,17,8247.353607
1.0,100,18,8198.153499
1.0,100,19,8151.348161
1.0,100,20,8111.816952
1.0,100,21,8076.141265
1.0,100,22,8046.811096
1.0,100,23,8021.415434
1.0,100,24,7995.505402
1.0,100,25,7973.918551
1.0,100,26,7955.134516
1.0,100,27,7937.31108
1.0,100,28,7919.196949
1.0,100,29,7904.122213
1.0,100,30,7889.859887
1.0,100,31,7876.681954
1.0,100,32,7864.645863
1.0,100,33,7853.972531
1.0,100,34,7842.580055
1.0,100,35,7833.24443
1.0,100,36,7823.415051
1.0,100,37,7812.795665
1.0,100,38,7803.880828
1.0,100,39,7796.265239
1.0,100,40,7789.644359
1.0,100,41,7783.236713
1.0,100,42,7776.389146
1.0,100,43,7770.509359
1.0,100,44,7764.475662
1.0,100,45,7760.092136
1.0,100,46,7755.443723
1.0,100,47,7750.663884
1.0,100,48,7746.588202
1.0,100,49,7742.545149
1.0,100,50,7737.671004
1.0,100,51,7733.504716
1.0,100,52,7729.40029
1.0,100,53,7724.575818
1.0,100,54,7720.771332
1.0,100,55,7716.824702
1.0,100,56,7711.56264
1.0,100,57,7707.33995
1.0,100,58,7703.138698
1.0,100,59,7699.590676
1.0,100,60,7693.087086
1.0,100,61,7690.254694
1.0,100,62,7687.489942
1.0,100,63,7684.900571
1.0,100,64,7682.439912
1.0,100,65,7680.604336
1.0,100,66,7678.829135
1.0,100,67,7676.511209
1.0,100,68,7674.786999
1.0,100,69,7672.888683
1.0,100,70,7671.057191
1.0,100,71,7669.637686
1.0,100,72,7668.223105
1.0,100,73,7666.706608
1.0,100,74,7665.393167
1.0,100,75,7664.033617
1.0,100,76,7662.695988
1.0,100,77,7661.515159
1.0,100,78,7660.260749
1.0,100,79,7659.054398
1.0,100,80,7657.899851
1.0,100,81,7655.2583
1.0,100,82,7652.671237
1.0,100,83,7651.073262
1.0,100,84,7649.860619
1.0,100,85,7648.479418
1.0,100,86,7647.085544
1.0,100,87,7646.11494
1.0,100,88,7645.204871
1.0,100,89,7644.354389
1.0,100,90,7643.321649
1.0,100,91,7642.259864
1.0,100,92,7641.306579
1.0,100,93,7640.463669
1.0,100,94,7639.728784
1.0,100,95,7638.955019
1.0,100,96,7638.100802
1.0,100,97,7637.374778
1.0,100,98,7636.588618
1.0,100,99,7635.872391
1.0,200,0,7593.383665
1.0,200,1,11844.778253
1.0,200,2,12278.301455
1.0,200,3,12506.144982
1.0,200,4,12670.225178
1.0,200,5,12818.01937
1.0,200,6,12922.477905
1.0,200,7,13009.375402
1.0,200,8,13032.55789
1.0,200,9,12700.617593
1.0,200,10,12097.371329
1.0,200,11,11530.579107
1.0,200,12,11061.530653
1.0,200,13,10697.434183
1.0,200,14,10396.819466
1.0,200,15,10125.583084
1.0,200,16,9907.206468
1.0,200,17,9725.194247
1.0,200,18,9556.992671
1.0,200,19,9425.864795
1.0,200,20,9316.488682
1.0,200,21,9222.544309
1.0,200,22,9141.730517
1.0,200,23,9068.476817
1.0,200,24,9010.907733
1.0,200,25,8952.384651
1.0,200,26,8905.715212
1.0,200,27,8862.197268
1.0,200,28,8816.198099
1.0,200,29,8776.581397
1.0,200,30,8739.244992
1.0,200,31,8707.085248
1.0,200,32,8676.843808
1.0,200,33,8649.758731
1.0,200,34,8624.086686
1.0,200,35,8600.958026
1.0,200,36,8578.708574
1.0,200,37,8558.673189
1.0,200,38,8540.722162
1.0,200,39,8523.722473
1.0,200,40,8508.547359
1.0,200,41,8493.38279
1.0,200,42,8476.740034
1.0,200,43,8460.379262
1.0,200,44,8446.016727
1.0,200,45,8433.448322
1.0,200,46,8422.323609
1.0,200,47,8411.123532
1.0,200,48,8400.860353
1.0,200,49,8391.28029
1.0,200,50,8382.126706
1.0,200,51,8373.171267
1.0,200,52,8365.526443
1.0,200,53,8357.515874
1.0,200,54,8349.993142
1.0,200,55,8342.758492
1.0,200,56,8336.026371
1.0,200,57,8329.564911
1.0,200,58,8323.011519
1.0,200,59,8316.646285
1.0,200,60,8310.509441
1.0,200,61,8304.902651
1.0,200,62,8299.548055
1.0,200,63,8294.14001
1.0,200,64,8289.205093
1.0,200,65,8283.800417
1.0,200,66,8278.089193
1.0,200,67,8272.833796
1.0,200,68,8267.214889
1.0,200,69,8263.042777
1.0,200,70,8258.833171
1.0,200,71,8254.66003
1.0,200,72,8250.311991
1.0,200,73,8246.369837
1.0,200,74,8242.781024
1.0,200,75,8239.158833
1.0,200,76,8235.498112
1.0,200,77,8232.379174
1.0,200,78,8228.971379
1.0,200,79,8225.780083
1.0,200,80,8222.550526
1.0,200,81,8219.540489
1.0,200,82,8216.934042
1.0,200,83,8214.591966
1.0,200,84,8212.054454
1.0,200,85,8209.615123
1.0,200,86,8206.936086
1.0,200,87,8204.440925
1.0,200,88,8201.116467
1.0,200,89,8198.795683
1.0,200,90,8195.905945
1.0,200,91,8193.506901
1.0,200,92,8190.972539
1.0,200,93,8188.863053
1.0,200,94,8186.71219
1.0,200,95,8184.848098
1.0,200,96,8182.929041
1.0,200,97,8181.165048
1.0,200,98,8179.371767
1.0,200,99,8177.638588
1.0,200,100,8176.140388
1.0,200,101,8174.526505
1.0,200,102,8173.017888
1.0,200,103,8171.559126
1.0,200,104,8170.134233
1.0,200,105,8168.918226
1.0,200,106,8167.629933
1.0,200,107,8166.36482
1.0,200,108,8164.996788
1.0,200,109,8163.862698
1.0,200,110,8162.675612
1.0,200,111,8161.534077
1.0,200,112,8160.438222
1.0,200,113,8159.411617
1.0,200,114,8158.163816
1.0,200,115,8157.288651
1.0,200,116,8156.165619
1.0,200,117,8155.358009
1.0,200,118,8154.280405
1.0,200,119,8153.20635
1.0,200,120,8152.267571
1.0,200,121,8151.232869
1.0,200,122,8150.444072
1.0,200,123,8149.509106
1.0,200,124,8148.451668
1.0,200,125,8147.597174
1.0,200,126,8146.873873
1.0,200,127,8145.914008
1.0,200,128,8145.128596
1.0,200,129,8144.300708
1.0,200,130,8143.336361
1.0,200,131,8142.509342
1.0,200,132,8141.734858
1.0,200,133,8141.064179
1.0,200,134,8140.47115
1.0,200,135,8139.9089
1.0,200,136,8139.42811
1.0,200,137,8138.740404
1.0,200,138,8138.147333
1.0,200,139,8137.483067
1.0,200,140,8136.76
1.0,200,141,8136.129322
1.0,200,142,8135.426325
1.0,200,143,8134.936604
1.0,200,144,8134.29133
1.0,200,145,8133.758086
1.0,200,146,8133.198182
1.0,200,147,8132.633552
1.0,200,148,8132.15441
1.0,200,149,8131.574533
1.0,200,150,8131.021401
1.0,200,151,8130.440565
1.0,200,152,8129.967708
1.0,200,153,8129.422342
1.0,200,154,8128.786896
1.0,200,155,8128.39148
1.0,200,156,8127.944516
1.0,200,157,8127.607503
1.0,200,158,8127.215427
1.0,200,159,8126.706174
1.0,200,160,8126.164946
1.0,200,161,8125.649396
1.0,200,162,8125.144713
1.0,200,163,8124.748811
1.0,200,164,8124.284657
1.0,200,165,8123.825706
1.0,200,166,8123.398605
1.0,200,167,8123.084377
1.0,200,168,8122.746531
1.0,200,169,8122.386801
1.0,200,170,8122.07845
1.0,200,171,8121.677886
1.0,200,172,8121.281879
1.0,200,173,8120.926872
1.0,200,174,8120.573515
1.0,200,175,8120.2105
1.0,200,176,8119.867234
1.0,200,177,8119.495452
1.0,200,178,8119.116022
1.0,200,179,8118.795847
1.0,200,180,8118.494885
1.0,200,181,8118.182715
1.0,200,182,8117.850962
1.0,200,183,8117.520669
1.0,200,184,8117.190569
1.0,200,185,8116.953551
1.0,200,186,8116.634954
1.0,200,187,8116.33161
1.0,200,188,8116.054698
1.0,200,189,8115.765172
1.0,200,190,8115.379645
1.0,200,191,8115.163208
1.0,200,192,8114.951162
1.0,200,193,8114.659366
1.0,200,194,8114.411635
1.0,200,195,8114.115095
1.0,200,196,8113.864037
1.0,200,197,8113.547619
1.0,200,198,8113.246861
1.0,200,199,8113.003447
1.0,500,0,7593.383665
1.0,500,1,11844.778253
1.0,500,2,12278.301455
1.0,500,3,12506.144982
1.0,500,4,12670.225178
1.0,500,5,12818.01937
1.0,500,6,12922.477905
1.0,500,7,13009.375402
1.0,500,8,13112.191331
1.0,500,9,13207.792154
1.0,500,10,13289.144595
1.0,500,11,13371.233042
1.0,500,12,13451.96078
1.0,500,13,13523.026614
1.0,500,14,13599.645422
1.0,500,15,13647.540823
1.0,500,16,13691.428349
1.0,500,17,13752.092084
1.0,500,18,13797.770899
1.0,500,19,13846.387155
1.0,500,20,13874.982224
1.0,500,21,13880.165347
1.0,500,22,13857.805469
1.0,500,23,13770.841382
1.0,500,24,13625.98043
1.0,500,25,13448.042546
1.0,500,26,13272.846504
1.0,500,27,13081.681024
1.0,500,28,12887.849556
1.0,500,29,12668.476545
1.0,500,30,12448.616666
1.0,500,31,12256.93828
1.0,500,32,12082.454946
1.0,500,33,11934.286912
1.0,500,34,11803.338239
1.0,500,35,11668.82363
1.0,500,36,11546.5115
1.0,500,37,11434.063108
1.0,500,38,11325.897895
1.0,500,39,11213.86324
1.0,500,40,11118.557039
1.0,500,41,11017.442594
1.0,500,42,10939.923104
1.0,500,43,10852.263177
1.0,500,44,10778.284368
1.0,500,45,10707.081429
1.0,500,46,10634.602854
1.0,500,47,10579.785869
1.0,500,48,10522.740105
1.0,500,49,10463.73781
1.0,500,50,10393.464811
1.0,500,51,10340.795397
1.0,500,52,10283.46628
1.0,500,53,10223.529854
1.0,500,54,10171.927268
1.0,500,55,10133.969047
1.0,500,56,10093.773867
1.0,500,57,10045.363838
1.0,500,58,9998.261617
1.0,500,59,9960.585551
1.0,500,60,9927.585521
1.0,500,61,9899.953851
1.0,500,62,9868.302899
1.0,500,63,9830.700379
1.0,500,64,9794.603386
1.0,500,65,9766.277719
1.0,500,66,9741.031309
1.0,500,67,9713.256904
1.0,500,68,9686.942101
1.0,500,69,9658.805252
1.0,500,70,9636.615294
1.0,500,71,9616.697711
1.0,500,72,9601.579808
1.0,500,73,9583.731261
1.0,500,74,9566.019746
1.0,500,75,9546.944537
1.0,500,76,9531.411277
1.0,500,77,9516.57709
1.0,500,78,9498.702176
1.0,500,79,9482.582195
1.0,500,80,9465.770534
1.0,500,81,9446.56973
1.0,500,82,9431.233455
1.0,500,83,9416.487009
1.0,500,84,9402.458103
1.0,500,85,9388.94421
1.0,500,86,9378.214318
1.0,500,87,9364.78269
1.0,500,88,9351.494559
1.0,500,89,9340.312241
1.0,500,90,9330.250102
1.0,500,91,9319.622032
1.0,500,92,9309.633128
1.0,500,93,9299.824858
1.0,500,94,9291.332911
1.0,500,95,9282.705054
1.0,500,96,9274.601384
1.0,500,97,9265.985084
1.0,500,98,9258.210356
1.0,500,99,9250.572411
1.0,500,100,9243.044151
1.0,500,101,9234.917666
1.0,500,102,9227.879364
1.0,500,103,9220.572391
1.0,500,104,9214.098686
1.0,500,105,9208.335606
1.0,500,106,9201.932268
1.0,500,107,9196.184953
1.0,500,108,9190.452927
1.0,500,109,9184.176448
1.0,500,110,9178.843542
1.0,500,111,9172.42963
1.0,500,112,9165.959012
1.0,500,113,9160.648235
1.0,500,114,9154.987435
1.0,500,115,9149.921219
1.0,500,116,9142.238881
1.0,500,117,9137.076941
1.0,500,118,9132.578019
1.0,500,119,9127.348069
1.0,500,120,9122.590852
1.0,500,121,9117.839191
1.0,500,122,9114.043146
1.0,500,123,9109.511888
1.0,500,124,9105.469864
1.0,500,125,9101.679
1.0,500,126,9097.750176
1.0,500,127,9093.897173
1.0,500,128,9090.435277
1.0,500,129,9086.904771
1.0,500,130,9083.206682
1.0,500,131,9079.802282
1.0,500,132,9076.291289
1.0,500,133,9072.882912
1.0,500,134,9069.51734
1.0,500,135,9066.608547
1.0,500,136,9063.697354
1.0,500,137,9060.533227
1.0,500,138,9057.373874
1.0,500,139,9054.130111
1.0,500,140,9051.291225
1.0,500,141,9048.356571
1.0,500,142,9045.369112
1.0,500,143,9042.711478
1.0,500,144,9039.924705
1.0,500,145,9037.288625
1.0,500,146,9034.987696
1.0,500,147,9032.709307
1.0,500,148,9029.320265
1.0,500,149,9024.792983
1.0,500,150,9022.094184
1.0,500,151,9019.442723
1.0,500,152,9016.580867
1.0,500,153,9014.173773
1.0,500,154,9011.379915
1.0,500,155,9009.020957
1.0,500,156,9006.809231
1.0,500,157,9004.66781
1.0,500,158,9002.569468
1.0,500,159,9000.470355
1.0,500,160,8998.10782
1.0,500,161,8996.075579
1.0,500,162,8993.657609
1.0,500,163,8991.722746
1.0,500,164,8989.673682
1.0,500,165,8987.798896
1.0,500,166,8985.829697
1.0,500,167,8984.211207
1.0,500,168,8982.318219
1.0,500,169,8980.694251
1.0,500,170,8978.916155
1.0,500,171,8977.452488
1.0,500,172,8975.856866
1.0,500,173,8974.279027
1.0,500,174,8972.766385
1.0,500,175,8971.240362
1.0,500,176,8969.692011
1.0,500,177,8968.163402
1.0,500,178,8966.612104
1.0,500,179,8965.207415
1.0,500,180,8963.842916
1.0,500,181,8962.451329
1.0,500,182,8961.069018
1.0,500,183,8959.72496
1.0,500,184,8958.056045
1.0,500,185,8956.717304
1.0,500,186,8955.305359
1.0,500,187,8954.074418
1.0,500,188,8952.941597
1.0,500,189,8951.719532
1.0,500,190,8950.297958
1.0,500,191,8949.243862
1.0,500,192,8947.891817
1.0,500,193,8946.68614
1.0,500,194,8945.340219
1.0,500,195,8944.22376
1.0,500,196,8943.234481
1.0,500,197,8942.095274
1.0,500,198,8940.920259
1.0,500,199,8939.859786
1.0,500,200,8938.670541
1.0,500,201,8937.660291
1.0,500,202,8936.652821
1.0,500,203,8935.557818
1.0,500,204,8934.575273
1.0,500,205,8933.68038
1.0,500,206,8932.697597
1.0,500,207,8931.753688
1.0,500,208,8930.856595
1.0,500,209,8929.945304
1.0,500,210,8928.845967
1.0,500,211,8927.958392
1.0,500,212,8926.91561
1.0,500,213,8926.042056
1.0,500,214,8925.164581
1.0,500,215,8924.323635
1.0,500,216,8923.496922
1.0,500,217,8922.720758
1.0,500,218,8921.901554
1.0,500,219,8921.04131
1.0,500,220,8920.32142
1.0,500,221,8919.368722
1.0,500,222,8918.591005
1.0,500,223,8917.790014
1.0,500,224,8916.950836
1.0,500,225,8916.147948
1.0,500,226,8915.281622
1.0,500,227,8914.629809
1.0,500,228,8913.88669
1.0,500,229,8913.118725
1.0,500,230,8912.415178
1.0,500,231,8911.729417
1.0,500,232,8910.968545
1.0,500,233,8910.23995
1.0,500,234,8909.61125
1.0,500,235,8908.914481
1.0,500,236,8908.164278
1.0,500,237,8907.556646
1.0,500,238,8906.800962
1.0,500,239,8906.209566
1.0,500,240,8905.343509
1.0,500,241,8904.700609
1.0,500,242,8904.000604
1.0,500,243,8903.389704
1.0,500,244,8902.756974
1.0,500,245,8902.124705
1.0,500,246,8901.519169
1.0,500,247,8900.886906
1.0,500,248,8900.232504
1.0,500,249,8899.576021
1.0,500,250,8898.937004
1.0,500,251,8898.458418
1.0,500,252,8897.899681
1.0,500,253,8897.333084
1.0,500,254,8896.831897
1.0,500,255,8896.202742
1.0,500,256,8895.638915
1.0,500,257,8894.945119
1.0,500,258,8894.408801
1.0,500,259,8893.898667
1.0,500,260,8893.462037
1.0,500,261,8892.964272
1.0,500,262,8892.450489
1.0,500,263,8891.932304
1.0,500,264,8891.420932
1.0,500,265,8890.919262
1.0,500,266,8890.494672
1.0,500,267,8889.990383
1.0,500,268,8889.498571
1.0,500,269,8889.039063
1.0,500,270,8888.508783
1.0,500,271,8888.103251
1.0,500,272,8887.687813
1.0,500,273,8887.234592
1.0,500,274,8886.732589
1.0,500,275,8886.271595
1.0,500,276,8885.846019
1.0,500,277,8885.47516
1.0,500,278,8885.103995
1.0,500,279,8884.679689
1.0,500,280,8884.2716
1.0,500,281,8883.823699
1.0,500,282,8883.389255
1.0,500,283,8882.9292
1.0,500,284,8882.530526
1.0,500,285,8882.114148
1.0,500,286,8881.691061
1.0,500,287,8881.234735
1.0,500,288,8880.797956
1.0,500,289,8880.164818
1.0,500,290,8879.705354
1.0,500,291,8879.193781
1.0,500,292,8878.752808
1.0,500,293,8878.265413
1.0,500,294,8877.753664
1.0,500,295,8877.171493
1.0,500,296,8876.656206
1.0,500,297,8876.15511
1.0,500,298,8875.810145
1.0,500,299,8875.343256
1.0,500,300,8874.967069
1.0,500,301,8874.667551
1.0,500,302,8874.247287
1.0,500,303,8873.970413
1.0,500,304,8873.641645
1.0,500,305,8873.298195
1.0,500,306,8872.989682
1.0,500,307,8872.651583
1.0,500,308,8872.295075
1.0,500,309,8872.002133
1.0,500,310,8871.618373
1.0,500,311,8871.320283
1.0,500,312,8871.020194
1.0,500,313,8870.7211
1.0,500,314,8870.45004
1.0,500,315,8870.103943
1.0,500,316,8869.784734
1.0,500,317,8869.537401
1.0,500,318,8869.199591
1.0,500,319,8868.871921
1.0,500,320,8868.60983
1.0,500,321,8868.320537
1.0,500,322,8868.074866
1.0,500,323,8867.788891
1.0,500,324,8867.53048
1.0,500,325,8867.212799
1.0,500,326,8866.956695
1.0,500,327,8866.674031
1.0,500,328,8866.347099
1.0,500,329,8866.074986
1.0,500,330,8865.747066
1.0,500,331,8865.443258
1.0,500,332,8865.176787
1.0,500,333,8864.917364
1.0,500,334,8864.698397
1.0,500,335,8864.48309
1.0,500,336,8864.290063
1.0,500,337,8864.030965
1.0,500,338,8863.758149
1.0,500,339,8863.51448
1.0,500,340,8863.262897
1.0,500,341,8863.066206
1.0,500,342,8862.869948
1.0,500,343,8862.653332
1.0,500,344,8862.444393
1.0,500,345,8862.20674
1.0,500,346,8861.952922
1.0,500,347,8861.796927
1.0,500,348,8861.549806
1.0,500,349,8861.34364
1.0,500,350,8861.15469
1.0,500,351,8860.949035
1.0,500,352,8860.7403
1.0,500,353,8860.494086
1.0,500,354,8860.260104
1.0,500,355,8860.049161
1.0,500,356,8859.781502
1.0,500,357,8859.578333
1.0,500,358,8859.394474
1.0,500,359,8859.177137
1.0,500,360,8858.902758
1.0,500,361,8858.711946
1.0,500,362,8858.532029
1.0,500,363,8858.328451
1.0,500,364,8858.111983
1.0,500,365,8857.906162
1.0,500,366,8857.72475
1.0,500,367,8857.499129
1.0,500,368,8857.286157
1.0,500,369,8857.044447
1.0,500,370,8856.855542
1.0,500,371,8856.673058
1.0,500,372,8856.529282
1.0,500,373,8856.370962
1.0,500,374,8856.192032
1.0,500,375,8856.018143
1.0,500,376,8855.871675
1.0,500,377,8855.705415
1.0,500,378,8855.519535
1.0,500,379,8855.336659
1.0,500,380,8855.167475
1.0,500,381,8855.025753
1.0,500,382,8854.863791
1.0,500,383,8854.726339
1.0,500,384,8854.58413
1.0,500,385,8854.37648
1.0,500,386,8854.197835
1.0,500,387,8854.046423
1.0,500,388,8853.864436
1.0,500,389,8853.707554
1.0,500,390,8853.545134
1.0,500,391,8853.37271
1.0,500,392,8853.176175
1.0,500,393,8853.002543
1.0,500,394,8852.831585
1.0,500,395,8852.714199
1.0,500,396,8852.613322
1.0,500,397,8852.471666
1.0,500,398,8852.349785
1.0,500,399,8852.214343
1.0,500,400,8852.082709
1.0,500,401,8851.944724
1.0,500,402,8851.822248
1.0,500,403,8851.661204
1.0,500,404,8851.499248
1.0,500,405,8851.377231
1.0,500,406,8851.249143
1.0,500,407,8851.119672
1.0,500,408,8851.003349
1.0,500,409,8850.890078
1.0,500,410,8850.779267
1.0,500,411,8850.622555
1.0,500,412,8850.534863
1.0,500,413,8850.404019
1.0,500,414,8850.271978
1.0,500,415,8850.134342
1.0,500,416,8850.01713
1.0,500,417,8849.909382
1.0,500,418,8849.768906
1.0,500,419,8849.641844
1.0,500,420,8849.501535
1.0,500,421,8849.392191
1.0,500,422,8849.277666
1.0,500,423,8849.149661
1.0,500,424,8849.006887
1.0,500,425,8848.849239
1.0,500,426,8848.717327
1.0,500,427,8848.589401
1.0,500,428,8848.46459
1.0,500,429,8848.346835
1.0,500,430,8848.208252
1.0,500,431,8848.124364
1.0,500,432,8848.00287
1.0,500,433,8847.897836
1.0,500,434,8847.800194
1.0,500,435,8847.690599
1.0,500,436,8847.567083
1.0,500,437,8847.469922
1.0,500,438,8847.35658
1.0,500,439,8847.246139
1.0,500,440,8847.130865
1.0,500,441,8847.041015
1.0,500,442,8846.945687
1.0,500,443,8846.821508
1.0,500,444,8846.711693
1.0,500,445,8846.595347
1.0,500,446,8846.482054
1.0,500,447,8846.387165
1.0,500,448,8846.289947
1.0,500,449,8846.199118
1.0,500,450,8846.109344
1.0,500,451,8845.998069
1.0,500,452,8845.939355
1.0,500,453,8845.831347
1.0,500,454,8845.731989
1.0,500,455,8845.628925
1.0,500,456,8845.525881
1.0,500,457,8845.430949
1.0,500,458,8845.316001
1.0,500,459,8845.212913
1.0,500,460,8845.131092
1.0,500,461,8845.022406
1.0,500,462,8844.95034
1.0,500,463,8844.852745
1.0,500,464,8844.742346
1.0,500,465,8844.672738
1.0,500,466,8844.609193
1.0,500,467,8844.520767
1.0,500,468,8844.425144
1.0,500,469,8844.335478
1.0,500,470,8844.240191
1.0,500,471,8844.136583
1.0,500,472,8844.041163
1.0,500,473,8843.971358
1.0,500,474,8843.901205
1.0,500,475,8843.830654
1.0,500,476,8843.709082
1.0,500,477,8843.612384
1.0,500,478,8843.554959
1.0,500,479,8843.468507
1.0,500,480,8843.422313
1.0,500,481,8843.324063
1.0,500,482,8843.239564
1.0,500,483,8843.164914
1.0,500,484,8843.086091
1.0,500,485,8842.990313
1.0,500,486,8842.907174
1.0,500,487,8842.821817
1.0,500,488,8842.723383
1.0,500,489,8842.649741
1.0,500,490,8842.53543
1.0,500,491,8842.471398
1.0,500,492,8842.361722
1.0,500,493,8842.309585
1.0,500,494,8842.234428
1.0,500,495,8842.170025
1.0,500,496,8842.109331
1.0,500,497,8842.014119
1.0,500,498,8841.932577
1.0,500,499,8841.867357
2.0,10,0,7762.307687
2.0,10,1,9290.272667
2.0,10,2,8326.283801
2.0,10,3,7887.332647
2.0,10,4,7593.153547
2.0,10,5,7398.396435
2.0,10,6,7255.241344
2.0,10,7,7141.130642
2.0,10,8,7050.215129
2.0,10,9,6977.08756
2.0,20,0,7762.307687
2.0,20,1,10829.480957
2.0,20,2,9160.286055
2.0,20,3,8549.61804
2.0,20,4,8179.767942
2.0,20,5,7930.655541
2.0,20,6,7750.105904
2.0,20,7,7612.10873
2.0,20,8,7504.541906
2.0,20,9,7420.854101
2.0,20,10,7350.176085
2.0,20,11,7291.022017
2.0,20,12,7238.629595
2.0,20,13,7196.472529
2.0,20,14,7161.503836
2.0,20,15,7131.358765
2.0,20,16,7105.369912
2.0,20,17,7079.841361
2.0,20,18,7054.96421
2.0,20,19,7036.014968
2.0,50,0,7762.307687
2.0,50,1,11998.850407
2.0,50,2,11959.986973
2.0,50,3,10359.993843
2.0,50,4,9481.478791
2.0,50,5,9042.645227
2.0,50,6,8758.124674
2.0,50,7,8544.232521
2.0,50,8,8377.075858
2.0,50,9,8237.80586
2.0,50,10,8129.581421
2.0,50,11,8043.911163
2.0,50,12,7965.218956
2.0,50,13,7902.796043
2.0,50,14,7848.964041
2.0,50,15,7800.987752
2.0,50,16,7759.803756
2.0,50,17,7723.553521
2.0,50,18,7690.104193
2.0,50,19,7665.125605
2.0,50,20,7635.442186
2.0,50,21,7611.142033
2.0,50,22,7586.376602
2.0,50,23,7566.420675
2.0,50,24,7549.027646
2.0,50,25,7530.55472
2.0,50,26,7516.839057
2.0,50,27,7505.661522
2.0,50,28,7495.616026
2.0,50,29,7485.841037
2.0,50,30,7477.237239
2.0,50,31,7469.140638
2.0,50,32,7461.246547
2.0,50,33,7453.353263
2.0,50,34,7447.177988
2.0,50,35,7440.85908
2.0,50,36,7434.195321
2.0,50,37,7426.316489
2.0,50,38,7419.127817
2.0,50,39,7413.70869
2.0,50,40,7408.292718
2.0,50,41,7402.54853
2.0,50,42,7397.972085
2.0,50,43,7394.217492
2.0,50,44,7390.476812
2.0,50,45,7387.496015
2.0,50,46,7384.856786
2.0,50,47,7382.343392
2.0,50,48,7379.719091
2.0,50,49,7377.63219
2.0,100,0,7762.307687
2.0,100,1,11998.850407
2.0,100,2,12417.121912
2.0,100,3,12639.830243
2.0,100,4,12521.985196
2.0,100,5,11502.602284
2.0,100,6,10549.040769
2.0,100,7,9953.943704
2.0,100,8,9590.70931
2.0,100,9,9328.898803
2.0,100,10,9127.858822
2.0,100,11,8979.472361
2.0,100,12,8843.662638
2.0,100,13,8734.070038
2.0,100,14,8642.487348
2.0,100,15,8566.203241
2.0,100,16,8498.153624
2.0,100,17,8438.768735
2.0,100,18,8384.185537
2.0,100,19,8338.48398
2.0,100,20,8298.776326
2.0,100,21,8261.142221
2.0,100,22,8225.851431
2.0,100,23,8194.913093
2.0,100,24,8167.866319
2.0,100,25,8143.288417
2.0,100,26,8114.6145
2.0,100,27,8092.51657
2.0,100,28,8071.385913
2.0,100,29,8053.387657
2.0,100,30,8038.835825
2.0,100,31,8024.821477
2.0,100,32,8011.584568
2.0,100,33,7999.463565
2.0,100,34,7988.718845
2.0,100,35,7977.547747
2.0,100,36,7968.321616
2.0,100,37,7958.820084
2.0,100,38,7949.379919
2.0,100,39,7940.270086
2.0,100,40,7932.360393
2.0,100,41,7922.9445
2.0,100,42,7913.925503
2.0,100,43,7907.593754
2.0,100,44,7899.036313
2.0,100,45,7892.015181
2.0,100,46,7886.018379
2.0,100,47,7881.32599
2.0,100,48,7876.68223
2.0,100,49,7872.166533
2.0,100,50,7868.012958
2.0,100,51,7864.159354
2.0,100,52,7860.347324
2.0,100,53,7857.123461
2.0,100,54,7853.848208
2.0,100,55,7849.82537
2.0,100,56,7846.246435
2.0,100,57,7843.534171
2.0,100,58,7840.881257
2.0,100,59,7838.125798
2.0,100,60,7835.522445
2.0,100,61,7833.208448
2.0,100,62,7830.991299
2.0,100,63,7828.677147
2.0,100,64,7826.5253
2.0,100,65,7824.486874
2.0,100,66,7822.368736
2.0,100,67,7819.959312
2.0,100,68,7817.563571
2.0,100,69,7815.309467
2.0,100,70,7810.695871
2.0,100,71,7807.819683
2.0,100,72,7805.771997
2.0,100,73,7803.66073
2.0,100,74,7801.431552
2.0,100,75,7798.528891
2.0,100,76,7795.206866
2.0,100,77,7792.233575
2.0,100,78,7789.434648
2.0,100,79,7787.417718
2.0,100,80,7785.856471
2.0,100,81,7783.379144
2.0,100,82,7781.429429
2.0,100,83,7779.79944
2.0,100,84,7778.561089
2.0,100,85,7776.987508
2.0,100,86,7775.820756
2.0,100,87,7774.699022
2.0,100,88,7773.731219
2.0,100,89,7772.479867
2.0,100,90,7770.9986
2.0,100,91,7769.951729
2.0,100,92,7768.676487
2.0,100,93,7765.764861
2.0,100,94,7764.480272
2.0,100,95,7762.978628
2.0,100,96,7761.693366
2.0,100,97,7760.746772
2.0,100,98,7759.721239
2.0,100,99,7758.953967
2.0,200,0,7762.307687
2.0,200,1,11998.850407
2.0,200,2,12417.121912
2.0,200,3,12639.830243
2.0,200,4,12786.904062
2.0,200,5,12924.726541
2.0,200,6,13027.959766
2.0,200,7,13134.766673
2.0,200,8,13133.140859
2.0,200,9,12790.781652
2.0,200,10,12197.585083
2.0,200,11,11628.03761
2.0,200,12,11171.956641
2.0,200,13,10814.008837
2.0,200,14,10490.08731
2.0,200,15,10222.275519
2.0,200,16,10017.850428
2.0,200,17,9841.843976
2.0,200,18,9692.975536
2.0,200,19,9570.638437
2.0,200,20,9466.238195
2.0,200,21,9371.887496
2.0,200,22,9290.107437
2.0,200,23,9220.066348
2.0,200,24,9161.064619
2.0,200,25,9103.90879
2.0,200,26,9054.524011
2.0,200,27,9011.87345
2.0,200,28,8972.150953
2.0,200,29,8930.048549
2.0,200,30,8893.923488
2.0,200,31,8859.691441
2.0,200,32,8830.013638
2.0,200,33,8800.702276
2.0,200,34,8771.598815
2.0,200,35,8743.710851
2.0,200,36,8719.398757
2.0,200,37,8697.741083
2.0,200,38,8679.075356
2.0,200,39,8660.464195
2.0,200,40,8644.736729
2.0,200,41,8628.720738
2.0,200,42,8612.512587
2.0,200,43,8598.588123
2.0,200,44,8584.638346
2.0,200,45,8571.760682
2.0,200,46,8560.619343
2.0,200,47,8550.631682
2.0,200,48,8539.689299
2.0,200,49,8529.225739
2.0,200,50,8519.402842
2.0,200,51,8509.402241
2.0,200,52,8500.528088
2.0,200,53,8490.440888
2.0,200,54,8481.398459
2.0,200,55,8473.595317
2.0,200,56,8466.936943
2.0,200,57,8460.376671
2.0,200,58,8453.316211
2.0,200,59,8447.086914
2.0,200,60,8440.80693
2.0,200,61,8434.752443
2.0,200,62,8428.765738
2.0,200,63,8423.369308
2.0,200,64,8418.203672
2.0,200,65,8413.229835
2.0,200,66,8409.050183
2.0,200,67,8404.451666
2.0,200,68,8399.733749
2.0,200,69,8395.175493
2.0,200,70,8391.138021
2.0,200,71,8387.069618
2.0,200,72,8383.522879
2.0,200,73,8379.742077
2.0,200,74,8375.96966
2.0,200,75,8372.544397
2.0,200,76,8369.036695
2.0,200,77,8365.58002
2.0,200,78,8361.829621
2.0,200,79,8358.496583
2.0,200,80,8355.247161
2.0,200,81,8351.692838
2.0,200,82,8347.612072
2.0,200,83,8343.090898
2.0,200,84,8339.544962
2.0,200,85,8335.973068
2.0,200,86,8332.973437
2.0,200,87,8329.911439
2.0,200,88,8327.294366
2.0,200,89,8324.435688
2.0,200,90,8321.627657
2.0,200,91,8318.886602
2.0,200,92,8316.695579
2.0,200,93,8314.503291
2.0,200,94,8312.397595
2.0,200,95,8310.358293
2.0,200,96,8308.489554
2.0,200,97,8306.21814
2.0,200,98,8304.104826
2.0,200,99,8301.452148
2.0,200,100,8298.417114
2.0,200,101,8296.687514
2.0,200,102,8294.855766
2.0,200,103,8293.131348
2.0,200,104,8291.289493
2.0,200,105,8289.566213
2.0,200,106,8288.081215
2.0,200,107,8286.466916
2.0,200,108,8284.783221
2.0,200,109,8283.346373
2.0,200,110,8282.078839
2.0,200,111,8280.73092
2.0,200,112,8279.374137
2.0,200,113,8278.284698
2.0,200,114,8277.034997
2.0,200,115,8275.876419
2.0,200,116,8274.828141
2.0,200,117,8273.875447
2.0,200,118,8272.813191
2.0,200,119,8271.836979
2.0,200,120,8270.761787
2.0,200,121,8269.882292
2.0,200,122,8269.088824
2.0,200,123,8268.075807
2.0,200,124,8267.210439
2.0,200,125,8266.38729
2.0,200,126,8265.41651
2.0,200,127,8264.449202
2.0,200,128,8263.645266
2.0,200,129,8262.728791
2.0,200,130,8261.922765
2.0,200,131,8261.063774
2.0,200,132,8260.231911
2.0,200,133,8259.489302
2.0,200,134,8258.561716
2.0,200,135,8257.774392
2.0,200,136,8257.22205
2.0,200,137,8256.514133
2.0,200,138,8255.844703
2.0,200,139,8255.137578
2.0,200,140,8254.535022
2.0,200,141,8253.866551
2.0,200,142,8253.270009
2.0,200,143,8252.727311
2.0,200,144,8252.016701
2.0,200,145,8251.329061
2.0,200,146,8250.729579
2.0,200,147,8250.148244
2.0,200,148,8249.408592
2.0,200,149,8248.672967
2.0,200,150,8247.898308
2.0,200,151,8247.333708
2.0,200,152,8246.570201
2.0,200,153,8245.365002
2.0,200,154,8244.197697
2.0,200,155,8242.617167
2.0,200,156,8241.577096
2.0,200,157,8240.952496
2.0,200,158,8240.194062
2.0,200,159,8239.466007
2.0,200,160,8238.569653
2.0,200,161,8237.80633
2.0,200,162,8236.92417
2.0,200,163,8236.183639
2.0,200,164,8234.949779
2.0,200,165,8234.286365
2.0,200,166,8233.621369
2.0,200,167,8232.621159
2.0,200,168,8232.13797
2.0,200,169,8231.397859
2.0,200,170,8230.943864
2.0,200,171,8230.129932
2.0,200,172,8229.736714
2.0,200,173,8229.326208
2.0,200,174,8228.812635
2.0,200,175,8228.29245
2.0,200,176,8227.931146
2.0,200,177,8227.442371
2.0,200,178,8226.995491
2.0,200,179,8226.514791
2.0,200,180,8225.918854
2.0,200,181,8225.52275
2.0,200,182,8225.102646
2.0,200,183,8224.690846
2.0,200,184,8224.318849
2.0,200,185,8223.946642
2.0,200,186,8223.516561
2.0,200,187,8223.051853
2.0,200,188,8222.709742
2.0,200,189,8222.201159
2.0,200,190,8221.641187
2.0,200,191,8220.739799
2.0,200,192,8219.656205
2.0,200,193,8219.038442
2.0,200,194,8218.351465
2.0,200,195,8217.683061
2.0,200,196,8217.148683
2.0,200,197,8216.779748
2.0,200,198,8216.254729
2.0,200,199,8215.723937
2.0,500,0,7762.307687
2.0,500,1,11998.850407
2.0,500,2,12417.121912
2.0,500,3,12639.830243
2.0,500,4,12786.904062
2.0,500,5,12924.726541
2.0,500,6,13027.959766
2.0,500,7,13136.855053
2.0,500,8,13225.231188
2.0,500,9,13319.858875
2.0,500,10,13421.616267
2.0,500,11,13500.936919
2.0,500,12,13571.275016
2.0,500,13,13655.751943
2.0,500,14,13707.450319
2.0,500,15,13757.863688
2.0,500,16,13809.442825
2.0,500,17,13853.370628
2.0,500,18,13904.702433
2.0,500,19,13954.054545
2.0,500,20,13970.914412
2.0,500,21,13975.25285
2.0,500,22,13960.235562
2.0,500,23,13872.326206
2.0,500,24,13704.372205
2.0,500,25,13526.528242
2.0,500,26,13344.39519
2.0,500,27,13151.421597
2.0,500,28,12959.742378
2.0,500,29,12729.217339
2.0,500,30,12512.075082
2.0,500,31,12354.008714
2.0,500,32,12182.55436
2.0,500,33,12021.758679
2.0,500,34,11870.028013
2.0,500,35,11747.669436
2.0,500,36,11631.594514
2.0,500,37,11504.534382
2.0,500,38,11399.84552
2.0,500,39,11289.862133
2.0,500,40,11195.139988
2.0,500,41,11112.164876
2.0,500,42,11033.417274
2.0,500,43,10941.807453
2.0,500,44,10864.809783
2.0,500,45,10793.158723
2.0,500,46,10726.953936
2.0,500,47,10658.199376
2.0,500,48,10600.256146
2.0,500,49,10542.381032
2.0,500,50,10484.379558
2.0,500,51,10432.114605
2.0,500,52,10379.597165
2.0,500,53,10326.665411
2.0,500,54,10279.291922
2.0,500,55,10235.700609
2.0,500,56,10198.391666
2.0,500,57,10156.017646
2.0,500,58,10112.856726
2.0,500,59,10071.637196
2.0,500,60,10040.326404
2.0,500,61,10005.826097
2.0,500,62,9969.115419
2.0,500,63,9941.64662
2.0,500,64,9906.340292
2.0,500,65,9879.364463
2.0,500,66,9856.00495
2.0,500,67,9830.051226
2.0,500,68,9800.66975
2.0,500,69,9776.59084
2.0,500,70,9751.913237
2.0,500,71,9727.86295
2.0,500,72,9710.13856
2.0,500,73,9691.315128
2.0,500,74,9674.62061
2.0,500,75,9655.193159
2.0,500,76,9639.602572
2.0,500,77,9622.453981
2.0,500,78,9602.564653
2.0,500,79,9586.411187
2.0,500,80,9569.810576
2.0,500,81,9554.288717
2.0,500,82,9541.977706
2.0,500,83,9527.83869
2.0,500,84,9513.179169
2.0,500,85,9501.136828
2.0,500,86,9487.757792
2.0,500,87,9475.788776
2.0,500,88,9463.179477
2.0,500,89,9451.000225
2.0,500,90,9439.510681
2.0,500,91,9429.626604
2.0,500,92,9419.453491
2.0,500,93,9410.517774
2.0,500,94,9401.679786
2.0,500,95,9394.099637
2.0,500,96,9385.730662
2.0,500,97,9378.167
2.0,500,98,9370.53949
2.0,500,99,9362.634686
2.0,500,100,9354.679417
2.0,500,101,9347.596158
2.0,500,102,9340.779026
2.0,500,103,9333.687069
2.0,500,104,9326.732767
2.0,500,105,9320.183804
2.0,500,106,9314.556025
2.0,500,107,9308.619671
2.0,500,108,9302.559538
2.0,500,109,9297.229477
2.0,500,110,9291.749917
2.0,500,111,9286.281961
2.0,500,112,9281.311614
2.0,500,113,9276.336028
2.0,500,114,9271.706461
2.0,500,115,9266.856984
2.0,500,116,9262.213084
2.0,500,117,9257.599687
2.0,500,118,9252.904891
2.0,500,119,9248.646343
2.0,500,120,9243.860793
2.0,500,121,9239.869178
2.0,500,122,9236.163032
2.0,500,123,9231.994788
2.0,500,124,9227.779767
2.0,500,125,9224.045971
2.0,500,126,9220.203643
2.0,500,127,9216.43034
2.0,500,128,9212.622813
2.0,500,129,9208.792907
2.0,500,130,9204.975556
2.0,500,131,9201.213785
2.0,500,132,9197.605851
2.0,500,133,9194.386605
2.0,500,134,9191.032108
2.0,500,135,9187.844867
2.0,500,136,9184.749349
2.0,500,137,9181.223031
2.0,500,138,9178.070541
2.0,500,139,9175.211622
2.0,500,140,9172.706479
2.0,500,141,9169.689917
2.0,500,142,9166.794417
2.0,500,143,9164.133114
2.0,500,144,9160.655874
2.0,500,145,9157.430017
2.0,500,146,9154.393978
2.0,500,147,9149.765404
2.0,500,148,9146.437126
2.0,500,149,9143.429542
2.0,500,150,9140.367766
2.0,500,151,9137.729083
2.0,500,152,9133.857955
2.0,500,153,9131.293905
2.0,500,154,9128.511724
2.0,500,155,9125.716979
2.0,500,156,9122.544325
2.0,500,157,9119.869363
2.0,500,158,9117.594885
2.0,500,159,9115.185942
2.0,500,160,9112.701387
2.0,500,161,9110.711272
2.0,500,162,9108.599618
2.0,500,163,9106.429755
2.0,500,164,9103.982288
2.0,500,165,9102.000843
2.0,500,166,9099.843911
2.0,500,167,9097.786431
2.0,500,168,9095.930219
2.0,500,169,9093.830806
2.0,500,170,9092.112515
2.0,500,171,9090.471915
2.0,500,172,9088.450341
2.0,500,173,9086.443531
2.0,500,174,9084.605535
2.0,500,175,9083.055831
2.0,500,176,9081.497209
2.0,500,177,9079.500502
2.0,500,178,9077.870543
2.0,500,179,9075.522797
2.0,500,180,9073.482703
2.0,500,181,9071.453103
2.0,500,182,9069.651644
2.0,500,183,9067.868334
2.0,500,184,9066.495071
2.0,500,185,9065.034556
2.0,500,186,9063.490073
2.0,500,187,9062.026644
2.0,500,188,9060.366265
2.0,500,189,9059.050328
2.0,500,190,9057.780161
2.0,500,191,9055.970891
2.0,500,192,9054.498306
2.0,500,193,9053.280122
2.0,500,194,9052.00079
2.0,500,195,9050.713779
2.0,500,196,9049.42825
2.0,500,197,9048.146456
2.0,500,198,9047.020208
2.0,500,199,9045.7725
2.0,500,200,9044.391385
2.0,500,201,9043.029035
2.0,500,202,9041.620184
2.0,500,203,9040.431232
2.0,500,204,9039.266671
2.0,500,205,9038.097021
2.0,500,206,9036.778635
2.0,500,207,9035.538261
2.0,500,208,9034.344053
2.0,500,209,9033.36876
2.0,500,210,9032.286132
2.0,500,211,9031.189585
2.0,500,212,9030.168453
2.0,500,213,9029.19951
2.0,500,214,9027.718275
2.0,500,215,9026.6386
2.0,500,216,9025.378749
2.0,500,217,9024.297582
2.0,500,218,9023.253358
2.0,500,219,9021.945374
2.0,500,220,9020.883357
2.0,500,221,9019.838157
2.0,500,222,9018.894474
2.0,500,223,9017.859682
2.0,500,224,9016.996897
2.0,500,225,9016.147646
2.0,500,226,9015.22872
2.0,500,227,9014.330351
2.0,500,228,9013.576344
2.0,500,229,9012.707664
2.0,500,230,9011.912248
2.0,500,231,9011.075293
2.0,500,232,9010.204407
2.0,500,233,9009.407803
2.0,500,234,9008.632929
2.0,500,235,9007.687359
2.0,500,236,9006.896731
2.0,500,237,9006.11719
2.0,500,238,9005.493394
2.0,500,239,9004.871798
2.0,500,240,9004.034429
2.0,500,241,9003.245336
2.0,500,242,9002.574467
2.0,500,243,9001.889482
2.0,500,244,9001.076138
2.0,500,245,9000.414554
2.0,500,246,8999.68116
2.0,500,247,8999.011483
2.0,500,248,8998.405399
2.0,500,249,8997.661033
2.0,500,250,8996.920519
2.0,500,251,8995.939936
2.0,500,252,8995.361902
2.0,500,253,8994.632352
2.0,500,254,8994.009436
2.0,500,255,8993.365526
2.0,500,256,8992.644313
2.0,500,257,8992.103503
2.0,500,258,8991.049993
2.0,500,259,8990.397902
2.0,500,260,8989.73656
2.0,500,261,8989.15413
2.0,500,262,8988.255886
2.0,500,263,8987.640704
2.0,500,264,8987.039282
2.0,500,265,8986.452229
2.0,500,266,8985.927306
2.0,500,267,8985.441845
2.0,500,268,8984.951062
2.0,500,269,8984.434834
2.0,500,270,8983.846013
2.0,500,271,8983.253037
2.0,500,272,8982.710655
2.0,500,273,8982.243991
2.0,500,274,8981.736493
2.0,500,275,8981.169297
2.0,500,276,8980.695165
2.0,500,277,8980.270678
2.0,500,278,8979.80232
2.0,500,279,8979.379186
2.0,500,280,8978.963249
2.0,500,281,8978.519846
2.0,500,282,8978.048046
2.0,500,283,8977.592967
2.0,500,284,8977.177957
2.0,500,285,8976.804583
2.0,500,286,8976.332663
2.0,500,287,8975.92349
2.0,500,288,8975.425388
2.0,500,289,8974.965731
2.0,500,290,8974.531724
2.0,500,291,8974.114585
2.0,500,292,8973.747138
2.0,500,293,8973.300331
2.0,500,294,8972.912377
2.0,500,295,8972.534175
2.0,500,296,8972.132911
2.0,500,297,8971.578346
2.0,500,298,8971.178582
2.0,500,299,8970.759284
2.0,500,300,8970.391273
2.0,500,301,8969.945732
2.0,500,302,8969.492268
2.0,500,303,8969.09179
2.0,500,304,8968.661973
2.0,500,305,8968.332238
2.0,500,306,8967.900026
2.0,500,307,8967.388158
2.0,500,308,8966.988792
2.0,500,309,8966.566411
2.0,500,310,8966.235685
2.0,500,311,8965.945616
2.0,500,312,8965.532304
2.0,500,313,8965.155708
2.0,500,314,8964.801496
2.0,500,315,8964.400398
2.0,500,316,8964.120864
2.0,500,317,8963.720029
2.0,500,318,8963.365479
2.0,500,319,8962.95592
2.0,500,320,8962.665033
2.0,500,321,8962.310652
2.0,500,322,8962.011481
2.0,500,323,8961.706845
2.0,500,324,8961.207062
2.0,500,325,8960.863886
2.0,500,326,8960.559463
2.0,500,327,8960.184087
2.0,500,328,8959.814936
2.0,500,329,8959.512073
2.0,500,330,8959.225241
2.0,500,331,8958.888474
2.0,500,332,8958.369645
2.0,500,333,8957.993516
2.0,500,334,8957.732323
2.0,500,335,8957.365848
2.0,500,336,8957.130373
2.0,500,337,8956.865037
2.0,500,338,8956.48916
2.0,500,339,8956.126319
2.0,500,340,8955.843355
2.0,500,341,8955.542348
2.0,500,342,8955.29975
2.0,500,343,8955.030149
2.0,500,344,8954.725179
2.0,500,345,8954.478319
2.0,500,346,8954.155203
2.0,500,347,8953.682011
2.0,500,348,8953.466594
2.0,500,349,8953.228002
2.0,500,350,8952.956418
2.0,500,351,8952.725978
2.0,500,352,8952.482936
2.0,500,353,8952.244883
2.0,500,354,8952.003613
2.0,500,355,8951.712459
2.0,500,356,8951.531768
2.0,500,357,8951.305904
2.0,500,358,8951.078095
2.0,500,359,8950.819552
2.0,500,360,8950.62722
2.0,500,361,8950.372934
2.0,500,362,8950.162583
2.0,500,363,8949.908362
2.0,500,364,8949.667493
2.0,500,365,8949.426558
2.0,500,366,8949.198451
2.0,500,367,8949.004559
2.0,500,368,8948.853775
2.0,500,369,8948.6177
2.0,500,370,8948.472919
2.0,500,371,8948.29271
2.0,500,372,8948.096718
2.0,500,373,8947.863709
2.0,500,374,8947.662867
2.0,500,375,8947.383103
2.0,500,376,8947.156942
2.0,500,377,8946.990074
2.0,500,378,8946.802635
2.0,500,379,8946.624925
2.0,500,380,8946.4587
2.0,500,381,8946.275319
2.0,500,382,8946.076117
2.0,500,383,8945.899946
2.0,500,384,8945.745668
2.0,500,385,8945.538222
2.0,500,386,8945.382198
2.0,500,387,8945.177348
2.0,500,388,8944.991145
2.0,500,389,8944.823
2.0,500,390,8944.643244
2.0,500,391,8944.483013
2.0,500,392,8944.328874
2.0,500,393,8944.168156
2.0,500,394,8943.975344
2.0,500,395,8943.808784
2.0,500,396,8943.663018
2.0,500,397,8943.510448
2.0,500,398,8943.389692
2.0,500,399,8943.223211
2.0,500,400,8943.001639
2.0,500,401,8942.849926
2.0,500,402,8942.674437
2.0,500,403,8942.535638
2.0,500,404,8942.400664
2.0,500,405,8942.230321
2.0,500,406,8942.082223
2.0,500,407,8941.954047
2.0,500,408,8941.776589
2.0,500,409,8941.600042
2.0,500,410,8941.46544
2.0,500,411,8941.318376
2.0,500,412,8941.170627
2.0,500,413,8941.032205
2.0,500,414,8940.851289
2.0,500,415,8940.672491
2.0,500,416,8940.499959
2.0,500,417,8940.358572
2.0,500,418,8940.201985
2.0,500,419,8940.048171
2.0,500,420,8939.910181
2.0,500,421,8939.764227
2.0,500,422,8939.592671
2.0,500,423,8939.468741
2.0,500,424,8939.351926
2.0,500,425,8939.255926
2.0,500,426,8939.139473
2.0,500,427,8939.006797
2.0,500,428,8938.869077
2.0,500,429,8938.725407
2.0,500,430,8938.624207
2.0,500,431,8938.540107
2.0,500,432,8938.440607
2.0,500,433,8938.328146
2.0,500,434,8938.210982
2.0,500,435,8938.077969
2.0,500,436,8937.974917
2.0,500,437,8937.84597
2.0,500,438,8937.789947
2.0,500,439,8937.676264
2.0,500,440,8937.555527
2.0,500,441,8937.445085
2.0,500,442,8937.321608
2.0,500,443,8937.212963
2.0,500,444,8937.111909
2.0,500,445,8936.956823
2.0,500,446,8936.822722
2.0,500,447,8936.725728
2.0,500,448,8936.594408
2.0,500,449,8936.517332
2.0,500,450,8936.416986
2.0,500,451,8936.325776
2.0,500,452,8936.214512
2.0,500,453,8936.104711
2.0,500,454,8935.981407
2.0,500,455,8935.888194
2.0,500,456,8935.756448
2.0,500,457,8935.631032
2.0,500,458,8935.497086
2.0,500,459,8935.383917
2.0,500,460,8935.307235
2.0,500,461,8935.188311
2.0,500,462,8935.086625
2.0,500,463,8934.939105
2.0,500,464,8934.845121
2.0,500,465,8934.742662
2.0,500,466,8934.627805
2.0,500,467,8934.516151
2.0,500,468,8934.422003
2.0,500,469,8934.330562
2.0,500,470,8934.242537
2.0,500,471,8934.123454
2.0,500,472,8933.999929
2.0,500,473,8933.902107
2.0,500,474,8933.811363
2.0,500,475,8933.747233
2.0,500,476,8933.643775
2.0,500,477,8933.538436
2.0,500,478,8933.433955
2.0,500,479,8933.353046
2.0,500,480,8933.297446
2.0,500,481,8933.230234
2.0,500,482,8933.119509
2.0,500,483,8933.019078
2.0,500,484,8932.949106
2.0,500,485,8932.836226
2.0,500,486,8932.756724
2.0,500,487,8932.668579
2.0,500,488,8932.602099
2.0,500,489,8932.512696
2.0,500,490,8932.440847
2.0,500,491,8932.351181
2.0,500,492,8932.294657
2.0,500,493,8932.20805
2.0,500,494,8932.115764
2.0,500,495,8932.046189
2.0,500,496,8931.968114
2.0,500,497,8931.863263
2.0,500,498,8931.782932
2.0,500,499,8931.703482
3.0,10,0,8068.393769
3.0,10,1,9580.953519
3.0,10,2,8640.244004
3.0,10,3,8213.220073
3.0,10,4,7930.84487
3.0,10,5,7738.347309
3.0,10,6,7579.622722
3.0,10,7,7452.734318
3.0,10,8,7345.537191
3.0,10,9,7267.06588
3.0,20,0,8068.393769
3.0,20,1,11139.343614
3.0,20,2,9463.096844
3.0,20,3,8862.042145
3.0,20,4,8510.222708
3.0,20,5,8269.246393
3.0,20,6,8081.259552
3.0,20,7,7924.205124
3.0,20,8,7798.679468
3.0,20,9,7704.408603
3.0,20,10,7625.508915
3.0,20,11,7555.421676
3.0,20,12,7496.077403
3.0,20,13,7444.437814
3.0,20,14,7405.510813
3.0,20,15,7365.519026
3.0,20,16,7330.533341
3.0,20,17,7306.74229
3.0,20,18,7284.524864
3.0,20,19,7263.215811
3.0,50,0,8068.393769
3.0,50,1,12278.65872
3.0,50,2,12262.460399
3.0,50,3,10660.857766
3.0,50,4,9789.275183
3.0,50,5,9353.230137
3.0,50,6,9067.067637
3.0,50,7,8855.619911
3.0,50,8,8674.190504
3.0,50,9,8519.19857
3.0,50,10,8400.684054
3.0,50,11,8305.532676
3.0,50,12,8223.508413
3.0,50,13,8147.221655
3.0,50,14,8086.73015
3.0,50,15,8033.471208
3.0,50,16,7989.866797
3.0,50,17,7952.015048
3.0,50,18,7915.028543
3.0,50,19,7886.940127
3.0,50,20,7856.737478
3.0,50,21,7825.877437
3.0,50,22,7803.081392
3.0,50,23,7782.560395
3.0,50,24,7760.832654
3.0,50,25,7742.680715
3.0,50,26,7727.993858
3.0,50,27,7713.911588
3.0,50,28,7700.722744
3.0,50,29,7688.681238
3.0,50,30,7679.813768
3.0,50,31,7669.498916
3.0,50,32,7660.833442
3.0,50,33,7653.71688
3.0,50,34,7646.447873
3.0,50,35,7638.485185
3.0,50,36,7632.487308
3.0,50,37,7625.493388
3.0,50,38,7617.907137
3.0,50,39,7610.588633
3.0,50,40,7605.017354
3.0,50,41,7599.183161
3.0,50,42,7592.380953
3.0,50,43,7586.108328
3.0,50,44,7580.093281
3.0,50,45,7571.456701
3.0,50,46,7562.551616
3.0,50,47,7555.952744
3.0,50,48,7551.829007
3.0,50,49,7548.852686
3.0,100,0,8068.393769
3.0,100,1,12278.65872
3.0,100,2,12686.535646
3.0,100,3,12896.931718
3.0,100,4,12804.913382
3.0,100,5,11788.284394
3.0,100,6,10846.872798
3.0,100,7,10254.676807
3.0,100,8,9875.959411
3.0,100,9,9606.19277
3.0,100,10,9405.804287
3.0,100,11,9240.516089
3.0,100,12,9095.603053
3.0,100,13,8983.187134
3.0,100,14,8886.111761
3.0,100,15,8801.193503
3.0,100,16,8727.030843
3.0,100,17,8662.019297
3.0,100,18,8607.82574
3.0,100,19,8563.181197
3.0,100,20,8520.7925
3.0,100,21,8480.814468
3.0,100,22,8445.92457
3.0,100,23,8409.98982
3.0,100,24,8378.37546
3.0,100,25,8352.118416
3.0,100,26,8323.981902
3.0,100,27,8301.193851
3.0,100,28,8281.750199
3.0,100,29,8262.385726
3.0,100,30,8242.438781
3.0,100,31,8225.770442
3.0,100,32,8210.944429
3.0,100,33,8199.153722
3.0,100,34,8186.884615
3.0,100,35,8174.922505
3.0,100,36,8164.529767
3.0,100,37,8154.181236
3.0,100,38,8145.657018
3.0,100,39,8137.580508
3.0,100,40,8128.470827
3.0,100,41,8120.746991
3.0,100,42,8110.639562
3.0,100,43,8101.917481
3.0,100,44,8094.18297
3.0,100,45,8084.29062
3.0,100,46,8075.747463
3.0,100,47,8066.453718
3.0,100,48,8058.93343
3.0,100,49,8050.381143
3.0,100,50,8044.758403
3.0,100,51,8038.436521
3.0,100,52,8033.623795
3.0,100,53,8028.570739
3.0,100,54,8024.07379
3.0,100,55,8020.069202
3.0,100,56,8016.37442
3.0,100,57,8012.702062
3.0,100,58,8009.973282
3.0,100,59,8006.849468
3.0,100,60,8003.868612
3.0,100,61,8001.064624
3.0,100,62,7998.640312
3.0,100,63,7996.362483
3.0,100,64,7994.262438
3.0,100,65,7992.009256
3.0,100,66,7990.222236
3.0,100,67,7988.469467
3.0,100,68,7986.24911
3.0,100,69,7984.164561
3.0,100,70,7982.273366
3.0,100,71,7980.394117
3.0,100,72,7978.449383
3.0,100,73,7976.193504
3.0,100,74,7973.659802
3.0,100,75,7971.6479
3.0,100,76,7969.437949
3.0,100,77,7967.462036
3.0,100,78,7965.924018
3.0,100,79,7964.377289
3.0,100,80,7962.875028
3.0,100,81,7961.462344
3.0,100,82,7960.044902
3.0,100,83,7958.484753
3.0,100,84,7957.108986
3.0,100,85,7955.940684
3.0,100,86,7953.691122
3.0,100,87,7951.656719
3.0,100,88,7950.119556
3.0,100,89,7948.856452
3.0,100,90,7947.448736
3.0,100,91,7946.029312
3.0,100,92,7944.787049
3.0,100,93,7943.150139
3.0,100,94,7941.758365
3.0,100,95,7940.605774
3.0,100,96,7939.423473
3.0,100,97,7938.221412
3.0,100,98,7937.068221
3.0,100,99,7936.035127
3.0,200,0,8068.393769
3.0,200,1,12278.65872
3.0,200,2,12686.535646
3.0,200,3,12896.931718
3.0,200,4,13056.637463
3.0,200,5,13198.151456
3.0,200,6,13325.817179
3.0,200,7,13427.931589
3.0,200,8,13449.00742
3.0,200,9,13066.812505
3.0,200,10,12474.364853
3.0,200,11,11886.38565
3.0,200,12,11415.278043
3.0,200,13,11054.525478
3.0,200,14,10752.137489
3.0,200,15,10469.036675
3.0,200,16,10251.289851
3.0,200,17,10071.839338
3.0,200,18,9920.44579
3.0,200,19,9784.846695
3.0,200,20,9679.667822
3.0,200,21,9588.144651
3.0,200,22,9509.018707
3.0,200,23,9434.151362
3.0,200,24,9370.506968
3.0,200,25,9313.096191
3.0,200,26,9262.415974
3.0,200,27,9215.864973
3.0,200,28,9173.269457
3.0,200,29,9131.077079
3.0,200,30,9092.110211
3.0,200,31,9059.124358
3.0,200,32,9025.762778
3.0,200,33,8998.356198
3.0,200,34,8970.192824
3.0,200,35,8943.051353
3.0,200,36,8919.887741
3.0,200,37,8897.34293
3.0,200,38,8877.288489
3.0,200,39,8857.203253
3.0,200,40,8839.866571
3.0,200,41,8823.163499
3.0,200,42,8805.284771
3.0,200,43,8790.591369
3.0,200,44,8777.568897
3.0,200,45,8764.174979
3.0,200,46,8751.541624
3.0,200,47,8738.995636
3.0,200,48,8728.320018
3.0,200,49,8717.548697
3.0,200,50,8707.905738
3.0,200,51,8697.696415
3.0,200,52,8688.19365
3.0,200,53,8678.283161
3.0,200,54,8667.956181
3.0,200,55,8659.185483
3.0,200,56,8647.687121
3.0,200,57,8638.658592
3.0,200,58,8631.042145
3.0,200,59,8622.798531
3.0,200,60,8613.671128
3.0,200,61,8607.333048
3.0,200,62,8600.509981
3.0,200,63,8594.001999
3.0,200,64,8588.194804
3.0,200,65,8583.252777
3.0,200,66,8578.343647
3.0,200,67,8573.352868
3.0,200,68,8568.123806
3.0,200,69,8563.352758
3.0,200,70,8559.176416
3.0,200,71,8555.048902
3.0,200,72,8550.86324
3.0,200,73,8546.615876
3.0,200,74,8542.950818
3.0,200,75,8539.31457
3.0,200,76,8535.542412
3.0,200,77,8531.63624
3.0,200,78,8527.895719
3.0,200,79,8524.551735
3.0,200,80,8521.530986
3.0,200,81,8518.590541
3.0,200,82,8515.472417
3.0,200,83,8512.468175
3.0,200,84,8509.801664
3.0,200,85,8507.141463
3.0,200,86,8504.61974
3.0,200,87,8502.265781
3.0,200,88,8499.786611
3.0,200,89,8497.48871
3.0,200,90,8495.218856
3.0,200,91,8493.188637
3.0,200,92,8490.996664
3.0,200,93,8488.829579
3.0,200,94,8486.675161
3.0,200,95,8484.310021
3.0,200,96,8481.948768
3.0,200,97,8479.852145
3.0,200,98,8477.355614
3.0,200,99,8475.531574
3.0,200,100,8473.606234
3.0,200,101,8471.812198
3.0,200,102,8469.842489
3.0,200,103,8468.161354
3.0,200,104,8466.554223
3.0,200,105,8464.987869
3.0,200,106,8463.405245
3.0,200,107,8461.956463
3.0,200,108,8460.616043
3.0,200,109,8459.24265
3.0,200,110,8457.889148
3.0,200,111,8456.523965
3.0,200,112,8455.014139
3.0,200,113,8453.523584
3.0,200,114,8452.133586
3.0,200,115,8450.864454
3.0,200,116,8449.652865
3.0,200,117,8448.688319
3.0,200,118,8447.456412
3.0,200,119,8446.272861
3.0,200,120,8445.131074
3.0,200,121,8444.091188
3.0,200,122,8443.011868
3.0,200,123,8442.09
3.0,200,124,8441.158998
3.0,200,125,8440.044717
3.0,200,126,8439.114042
3.0,200,127,8438.173261
3.0,200,128,8436.99766
3.0,200,129,8435.838679
3.0,200,130,8434.496883
3.0,200,131,8433.434596
3.0,200,132,8431.816739
3.0,200,133,8430.262683
3.0,200,134,8429.133157
3.0,200,135,8428.065211
3.0,200,136,8427.383709
3.0,200,137,8426.306595
3.0,200,138,8425.477736
3.0,200,139,8424.69962
3.0,200,140,8423.833788
3.0,200,141,8423.189175
3.0,200,142,8422.41215
3.0,200,143,8421.802899
3.0,200,144,8421.133101
3.0,200,145,8420.405246
3.0,200,146,8419.598589
3.0,200,147,8418.927984
3.0,200,148,8418.322842
3.0,200,149,8417.736279
3.0,200,150,8417.165139
3.0,200,151,8416.501195
3.0,200,152,8415.943886
3.0,200,153,8415.354894
3.0,200,154,8414.739351
3.0,200,155,8414.208752
3.0,200,156,8413.798579
3.0,200,157,8413.343352
3.0,200,158,8412.766674
3.0,200,159,8412.15828
3.0,200,160,8411.49194
3.0,200,161,8410.79721
3.0,200,162,8410.208356
3.0,200,163,8409.616452
3.0,200,164,8408.949116
3.0,200,165,8408.270428
3.0,200,166,8406.728626
3.0,200,167,8405.739997
3.0,200,168,8405.091417
3.0,200,169,8404.029351
3.0,200,170,8403.105974
3.0,200,171,8402.175194
3.0,200,172,8401.454086
3.0,200,173,8400.811534
3.0,200,174,8400.120288
3.0,200,175,8399.590017
3.0,200,176,8398.938072
3.0,200,177,8398.338272
3.0,200,178,8397.658508
3.0,200,179,8397.217031
3.0,200,180,8396.510063
3.0,200,181,8395.940595
3.0,200,182,8395.45198
3.0,200,183,8394.998925
3.0,200,184,8394.61428
3.0,200,185,8394.102298
3.0,200,186,8393.527221
3.0,200,187,8392.825414
3.0,200,188,8392.457688
3.0,200,189,8391.547478
3.0,200,190,8391.126586
3.0,200,191,8390.347942
3.0,200,192,8389.210647
3.0,200,193,8388.59552
3.0,200,194,8388.053752
3.0,200,195,8387.650405
3.0,200,196,8387.184577
3.0,200,197,8386.632
3.0,200,198,8386.16167
3.0,200,199,8385.720944
3.0,500,0,8068.393769
3.0,500,1,12278.65872
3.0,500,2,12686.535646
3.0,500,3,12896.931718
3.0,500,4,13056.637463
3.0,500,5,13198.151456
3.0,500,6,13325.817179
3.0,500,7,13428.678881
3.0,500,8,13550.039689
3.0,500,9,13621.158283
3.0,500,10,13697.522917
3.0,500,11,13777.587825
3.0,500,12,13845.372895
3.0,500,13,13912.336438
3.0,500,14,13970.673913
3.0,500,15,14030.764703
3.0,500,16,14066.420604
3.0,500,17,14100.327822
3.0,500,18,14144.759433
3.0,500,19,14188.107737
3.0,500,20,14218.388276
3.0,500,21,14231.376352
3.0,500,22,14197.109384
3.0,500,23,14103.562018
3.0,500,24,13957.687375
3.0,500,25,13756.399521
3.0,500,26,13578.21582
3.0,500,27,13358.153502
3.0,500,28,13150.882068
3.0,500,29,12927.505094
3.0,500,30,12713.527264
3.0,500,31,12520.450062
3.0,500,32,12355.38591
3.0,500,33,12195.531281
3.0,500,34,12076.276701
3.0,500,35,11950.901238
3.0,500,36,11829.975743
3.0,500,37,11701.2733
3.0,500,38,11596.065548
3.0,500,39,11485.814204
3.0,500,40,11391.788911
3.0,500,41,11308.61006
3.0,500,42,11205.28594
3.0,500,43,11130.61115
3.0,500,44,11053.141067
3.0,500,45,10983.477803
3.0,500,46,10915.506209
3.0,500,47,10853.456366
3.0,500,48,10791.113356
3.0,500,49,10728.458903
3.0,500,50,10678.96255
3.0,500,51,10615.324203
3.0,500,52,10561.983097
3.0,500,53,10509.90164
3.0,500,54,10459.767535
3.0,500,55,10415.553383
3.0,500,56,10373.65147
3.0,500,57,10326.267405
3.0,500,58,10282.650412
3.0,500,59,10240.952208
3.0,500,60,10205.54816
3.0,500,61,10159.428533
3.0,500,62,10126.126966
3.0,500,63,10097.035592
3.0,500,64,10069.055702
3.0,500,65,10046.53732
3.0,500,66,10022.314292
3.0,500,67,9997.445265
3.0,500,68,9970.984042
3.0,500,69,9946.74699
3.0,500,70,9924.333296
3.0,500,71,9901.845903
3.0,500,72,9882.762541
3.0,500,73,9863.609153
3.0,500,74,9847.890654
3.0,500,75,9834.919193
3.0,500,76,9819.17137
3.0,500,77,9801.994275
3.0,500,78,9783.939849
3.0,500,79,9770.092092
3.0,500,80,9757.463271
3.0,500,81,9742.136972
3.0,500,82,9723.66779
3.0,500,83,9709.250535
3.0,500,84,9692.453262
3.0,500,85,9679.217664
3.0,500,86,9664.779082
3.0,500,87,9651.103753
3.0,500,88,9638.247443
3.0,500,89,9625.33619
3.0,500,90,9614.924872
3.0,500,91,9603.659182
3.0,500,92,9594.164396
3.0,500,93,9584.596352
3.0,500,94,9575.593312
3.0,500,95,9566.749521
3.0,500,96,9558.235822
3.0,500,97,9550.051377
3.0,500,98,9542.167242
3.0,500,99,9533.675119
3.0,500,100,9525.267911
3.0,500,101,9517.660636
3.0,500,102,9509.805344
3.0,500,103,9502.169412
3.0,500,104,9494.982618
3.0,500,105,9488.294028
3.0,500,106,9481.55371
3.0,500,107,9476.081089
3.0,500,108,9469.485047
3.0,500,109,9463.338424
3.0,500,110,9457.557792
3.0,500,111,9452.314736
3.0,500,112,9447.01788
3.0,500,113,9441.993227
3.0,500,114,9436.519624
3.0,500,115,9431.592937
3.0,500,116,9426.663092
3.0,500,117,9422.237318
3.0,500,118,9417.54795
3.0,500,119,9412.930068
3.0,500,120,9408.473862
3.0,500,121,9404.225226
3.0,500,122,9400.107941
3.0,500,123,9395.980597
3.0,500,124,9392.236496
3.0,500,125,9387.884109
3.0,500,126,9384.090095
3.0,500,127,9380.41611
3.0,500,128,9376.864083
3.0,500,129,9372.840504
3.0,500,130,9368.753147
3.0,500,131,9364.80775
3.0,500,132,9361.153566
3.0,500,133,9357.946998
3.0,500,134,9354.574126
3.0,500,135,9351.587354
3.0,500,136,9348.218458
3.0,500,137,9345.171415
3.0,500,138,9342.10062
3.0,500,139,9339.034125
3.0,500,140,9336.174252
3.0,500,141,9333.063177
3.0,500,142,9330.204894
3.0,500,143,9327.291659
3.0,500,144,9324.404178
3.0,500,145,9321.055906
3.0,500,146,9318.31189
3.0,500,147,9313.25309
3.0,500,148,9309.954008
3.0,500,149,9307.006976
3.0,500,150,9304.348675
3.0,500,151,9301.845366
3.0,500,152,9299.548475
3.0,500,153,9296.374497
3.0,500,154,9292.463521
3.0,500,155,9289.864994
3.0,500,156,9287.479667
3.0,500,157,9284.642421
3.0,500,158,9282.066872
3.0,500,159,9279.907388
3.0,500,160,9277.573074
3.0,500,161,9274.84775
3.0,500,162,9272.872462
3.0,500,163,9270.627955
3.0,500,164,9268.390219
3.0,500,165,9266.265354
3.0,500,166,9264.371234
3.0,500,167,9262.24313
3.0,500,168,9260.296649
3.0,500,169,9258.445517
3.0,500,170,9256.222372
3.0,500,171,9254.617096
3.0,500,172,9252.870404
3.0,500,173,9251.024263
3.0,500,174,9249.346177
3.0,500,175,9247.508373
3.0,500,176,9245.905889
3.0,500,177,9244.286891
3.0,500,178,9242.577042
3.0,500,179,9241.15315
3.0,500,180,9239.510289
3.0,500,181,9237.973263
3.0,500,182,9236.37855
3.0,500,183,9234.983612
3.0,500,184,9233.748172
3.0,500,185,9232.47939
3.0,500,186,9231.066966
3.0,500,187,9229.766497
3.0,500,188,9228.558269
3.0,500,189,9227.2284
3.0,500,190,9225.948746
3.0,500,191,9224.415026
3.0,500,192,9223.136942
3.0,500,193,9221.964215
3.0,500,194,9220.619883
3.0,500,195,9219.347092
3.0,500,196,9218.150028
3.0,500,197,9216.796646
3.0,500,198,9215.733784
3.0,500,199,9214.275525
3.0,500,200,9212.94038
3.0,500,201,9211.832301
3.0,500,202,9210.75319
3.0,500,203,9209.599336
3.0,500,204,9208.362606
3.0,500,205,9207.149258
3.0,500,206,9205.950731
3.0,500,207,9204.823734
3.0,500,208,9203.672849
3.0,500,209,9202.679413
3.0,500,210,9201.63942
3.0,500,211,9200.527552
3.0,500,212,9199.549208
3.0,500,213,9198.454659
3.0,500,214,9197.277738
3.0,500,215,9196.287547
3.0,500,216,9195.181309
3.0,500,217,9193.81523
3.0,500,218,9192.644471
3.0,500,219,9191.649548
3.0,500,220,9190.826545
3.0,500,221,9189.778709
3.0,500,222,9188.805329
3.0,500,223,9187.888271
3.0,500,224,9187.003792
3.0,500,225,9186.190245
3.0,500,226,9185.408418
3.0,500,227,9184.482581
3.0,500,228,9183.414216
3.0,500,229,9182.447547
3.0,500,230,9181.537723
3.0,500,231,9180.586094
3.0,500,232,9179.61151
3.0,500,233,9178.640653
3.0,500,234,9177.824521
3.0,500,235,9176.819194
3.0,500,236,9176.001415
3.0,500,237,9175.123448
3.0,500,238,9174.47936
3.0,500,239,9173.820427
3.0,500,240,9173.069142
3.0,500,241,9172.371929
3.0,500,242,9171.602706
3.0,500,243,9170.853402
3.0,500,244,9170.21725
3.0,500,245,9169.593267
3.0,500,246,9168.891791
3.0,500,247,9168.210077
3.0,500,248,9167.430039
3.0,500,249,9166.637864
3.0,500,250,9165.979239
3.0,500,251,9165.349997
3.0,500,252,9164.492797
3.0,500,253,9163.840518
3.0,500,254,9163.246813
3.0,500,255,9162.683701
3.0,500,256,9162.091915
3.0,500,257,9161.531506
3.0,500,258,9160.953561
3.0,500,259,9160.213407
3.0,500,260,9159.52592
3.0,500,261,9158.853358
3.0,500,262,9158.210694
3.0,500,263,9157.65355
3.0,500,264,9157.049438
3.0,500,265,9156.477263
3.0,500,266,9155.870845
3.0,500,267,9155.384376
3.0,500,268,9154.823467
3.0,500,269,9154.375747
3.0,500,270,9153.85884
3.0,500,271,9153.272328
3.0,500,272,9152.790834
3.0,500,273,9152.196378
3.0,500,274,9151.781578
3.0,500,275,9151.321833
3.0,500,276,9150.880742
3.0,500,277,9150.338939
3.0,500,278,9149.946744
3.0,500,279,9149.516586
3.0,500,280,9149.051818
3.0,500,281,9148.63557
3.0,500,282,9148.137088
3.0,500,283,9147.762282
3.0,500,284,9147.391522
3.0,500,285,9146.961518
3.0,500,286,9146.525221
3.0,500,287,9146.132504
3.0,500,288,9145.825921
3.0,500,289,9145.356577
3.0,500,290,9144.917229
3.0,500,291,9144.522612
3.0,500,292,9144.126051
3.0,500,293,9143.782633
3.0,500,294,9143.401267
3.0,500,295,9143.003437
3.0,500,296,9142.593863
3.0,500,297,9142.162441
3.0,500,298,9141.79368
3.0,500,299,9141.342304
3.0,500,300,9140.941759
3.0,500,301,9140.49627
3.0,500,302,9140.058962
3.0,500,303,9139.695094
3.0,500,304,9139.347337
3.0,500,305,9138.993923
3.0,500,306,9138.608915
3.0,500,307,9138.210234
3.0,500,308,9137.951053
3.0,500,309,9137.567433
3.0,500,310,9137.225306
3.0,500,311,9136.89088
3.0,500,312,9136.626799
3.0,500,313,9136.288845
3.0,500,314,9135.95376
3.0,500,315,9135.620851
3.0,500,316,9135.361419
3.0,500,317,9135.124543
3.0,500,318,9134.741551
3.0,500,319,9134.429573
3.0,500,320,9134.105498
3.0,500,321,9133.691448
3.0,500,322,9133.383839
3.0,500,323,9133.029962
3.0,500,324,9132.696534
3.0,500,325,9132.327232
3.0,500,326,9131.989655
3.0,500,327,9131.682924
3.0,500,328,9131.392547
3.0,500,329,9131.192995
3.0,500,330,9130.894436
3.0,500,331,9130.64387
3.0,500,332,9130.35755
3.0,500,333,9130.084027
3.0,500,334,9129.824513
3.0,500,335,9129.611012
3.0,500,336,9129.404667
3.0,500,337,9129.135694
3.0,500,338,9128.714855
3.0,500,339,9128.438492
3.0,500,340,9128.203858
3.0,500,341,9127.975253
3.0,500,342,9127.736918
3.0,500,343,9127.37662
3.0,500,344,9127.119389
3.0,500,345,9126.841466
3.0,500,346,9126.596867
3.0,500,347,9126.277902
3.0,500,348,9126.025327
3.0,500,349,9125.736088
3.0,500,350,9125.519206
3.0,500,351,9125.277817
3.0,500,352,9125.051783
3.0,500,353,9124.859434
3.0,500,354,9124.650166
3.0,500,355,9124.444842
3.0,500,356,9124.260727
3.0,500,357,9124.025707
3.0,500,358,9123.770045
3.0,500,359,9123.546441
3.0,500,360,9123.352018
3.0,500,361,9123.114582
3.0,500,362,9122.892369
3.0,500,363,9122.591563
3.0,500,364,9122.374985
3.0,500,365,9122.181962
3.0,500,366,9121.919902
3.0,500,367,9121.490383
3.0,500,368,9121.298014
3.0,500,369,9121.052128
3.0,500,370,9120.808666
3.0,500,371,9120.574616
3.0,500,372,9120.317708
3.0,500,373,9120.098004
3.0,500,374,9119.813838
3.0,500,375,9119.646174
3.0,500,376,9119.465038
3.0,500,377,9119.272715
3.0,500,378,9119.067726
3.0,500,379,9118.805721
3.0,500,380,9118.58256
3.0,500,381,9118.317951
3.0,500,382,9118.100851
3.0,500,383,9117.794848
3.0,500,384,9117.523147
3.0,500,385,9117.33949
3.0,500,386,9117.143149
3.0,500,387,9116.977928
3.0,500,388,9116.763273
3.0,500,389,9116.459016
3.0,500,390,9116.29978
3.0,500,391,9116.129422
3.0,500,392,9115.841232
3.0,500,393,9115.604047
3.0,500,394,9115.395497
3.0,500,395,9115.225211
3.0,500,396,9114.892542
3.0,500,397,9114.767966
3.0,500,398,9114.607221
3.0,500,399,9114.448587
3.0,500,400,9114.277457
3.0,500,401,9114.074959
3.0,500,402,9113.93039
3.0,500,403,9113.747397
3.0,500,404,9113.576478
3.0,500,405,9113.430333
3.0,500,406,9113.27457
3.0,500,407,9113.126468
3.0,500,408,9112.988521
3.0,500,409,9112.841854
3.0,500,410,9112.638891
3.0,500,411,9112.544225
3.0,500,412,9112.380427
3.0,500,413,9112.208788
3.0,500,414,9112.056215
3.0,500,415,9111.864434
3.0,500,416,9111.705117
3.0,500,417,9111.536643
3.0,500,418,9111.375927
3.0,500,419,9111.18668
3.0,500,420,9111.033663
3.0,500,421,9110.895034
3.0,500,422,9110.763645
3.0,500,423,9110.611968
3.0,500,424,9110.396477
3.0,500,425,9110.185442
3.0,500,426,9110.042091
3.0,500,427,9109.801178
3.0,500,428,9109.662316
3.0,500,429,9109.54405
3.0,500,430,9109.323303
3.0,500,431,9109.18896
3.0,500,432,9109.005816
3.0,500,433,9108.841473
3.0,500,434,9108.691512
3.0,500,435,9108.584999
3.0,500,436,9108.42634
3.0,500,437,9108.31528
3.0,500,438,9108.161477
3.0,500,439,9108.037231
3.0,500,440,9107.932451
3.0,500,441,9107.78353
3.0,500,442,9107.653687
3.0,500,443,9107.537001
3.0,500,444,9107.404386
3.0,500,445,9107.276472
3.0,500,446,9107.146915
3.0,500,447,9107.048143
3.0,500,448,9106.894934
3.0,500,449,9106.772825
3.0,500,450,9106.640179
3.0,500,451,9106.536024
3.0,500,452,9106.426005
3.0,500,453,9106.323519
3.0,500,454,9106.179151
3.0,500,455,9106.032843
3.0,500,456,9105.919264
3.0,500,457,9105.783105
3.0,500,458,9105.703741
3.0,500,459,9105.590458
3.0,500,460,9105.501418
3.0,500,461,9105.40948
3.0,500,462,9105.296031
3.0,500,463,9105.17314
3.0,500,464,9105.037602
3.0,500,465,9104.936685
3.0,500,466,9104.845418
3.0,500,467,9104.761263
3.0,500,468,9104.645003
3.0,500,469,9104.565325
3.0,500,470,9104.476105
3.0,500,471,9104.301416
3.0,500,472,9104.1885
3.0,500,473,9104.103008
3.0,500,474,9103.9992
3.0,500,475,9103.867333
3.0,500,476,9103.770967
3.0,500,477,9103.653158
3.0,500,478,9103.575675
3.0,500,479,9103.483557
3.0,500,480,9103.401674
3.0,500,481,9103.322867
3.0,500,482,9103.22289
3.0,500,483,9103.11416
3.0,500,484,9103.060846
3.0,500,485,9102.983852
3.0,500,486,9102.901858
3.0,500,487,9102.801443
3.0,500,488,9102.699254
3.0,500,489,9102.600115
3.0,500,490,9102.504555
3.0,500,491,9102.427592
3.0,500,492,9102.327119
3.0,500,493,9102.230849
3.0,500,494,9102.118807
3.0,500,495,9102.060501
3.0,500,496,9101.956208
3.0,500,497,9101.86473
3.0,500,498,9101.742341
3.0,500,499,9101.665132
4.0,10,0,8405.007638
4.0,10,1,9894.184065
4.0,10,2,8979.122863
4.0,10,3,8562.620701
4.0,10,4,8271.746902
4.0,10,5,8072.566194
4.0,10,6,7922.976384
4.0,10,7,7788.234383
4.0,10,8,7682.458818
4.0,10,9,7598.844522
4.0,20,0,8405.007638
4.0,20,1,11460.675834
4.0,20,2,9788.810808
4.0,20,3,9208.095508
4.0,20,4,8850.142992
4.0,20,5,8600.972244
4.0,20,6,8408.698897
4.0,20,7,8259.201551
4.0,20,8,8130.358794
4.0,20,9,8034.210408
4.0,20,10,7959.03525
4.0,20,11,7893.233846
4.0,20,12,7836.091223
4.0,20,13,7791.573558
4.0,20,14,7749.11931
4.0,20,15,7710.694896
4.0,20,16,7675.930561
4.0,20,17,7645.959943
4.0,20,18,7618.973418
4.0,20,19,7595.866567
4.0,50,0,8405.007638
4.0,50,1,12599.986298
4.0,50,2,12568.298313
4.0,50,3,10996.615897
4.0,50,4,10118.183111
4.0,50,5,9681.665511
4.0,50,6,9396.798968
4.0,50,7,9176.636522
4.0,50,8,8988.313437
4.0,50,9,8835.167895
4.0,50,10,8714.092523
4.0,50,11,8621.768793
4.0,50,12,8545.498488
4.0,50,13,8473.402749
4.0,50,14,8418.064768
4.0,50,15,8367.100167
4.0,50,16,8321.245802
4.0,50,17,8280.608131
4.0,50,18,8241.69166
4.0,50,19,8207.358071
4.0,50,20,8178.892431
4.0,50,21,8149.701077
4.0,50,22,8122.351913
4.0,50,23,8096.326849
4.0,50,24,8075.484941
4.0,50,25,8057.823357
4.0,50,26,8039.7923
4.0,50,27,8025.253504
4.0,50,28,8010.075884
4.0,50,29,7988.165887
4.0,50,30,7974.214559
4.0,50,31,7963.275685
4.0,50,32,7952.947486
4.0,50,33,7940.319895
4.0,50,34,7928.654158
4.0,50,35,7919.415659
4.0,50,36,7911.365334
4.0,50,37,7902.531262
4.0,50,38,7894.713084
4.0,50,39,7888.404931
4.0,50,40,7880.611559
4.0,50,41,7875.204738
4.0,50,42,7870.49018
4.0,50,43,7865.654946
4.0,50,44,7861.462768
4.0,50,45,7855.973743
4.0,50,46,7851.445929
4.0,50,47,7847.622511
4.0,50,48,7844.359023
4.0,50,49,7839.745734
4.0,100,0,8405.007638
4.0,100,1,12599.986298
4.0,100,2,13016.260544
4.0,100,3,13244.279293
4.0,100,4,13112.72478
4.0,100,5,12082.9902
4.0,100,6,11172.229246
4.0,100,7,10564.780436
4.0,100,8,10189.897121
4.0,100,9,9913.892376
4.0,100,10,9706.760256
4.0,100,11,9541.34962
4.0,100,12,9403.860162
4.0,100,13,9288.639809
4.0,100,14,9198.50955
4.0,100,15,9115.743579
4.0,100,16,9045.180025
4.0,100,17,8983.585307
4.0,100,18,8930.143137
4.0,100,19,8877.121609
4.0,100,20,8831.133609
4.0,100,21,8789.288067
4.0,100,22,8752.677918
4.0,100,23,8718.104485
4.0,100,24,8685.639825
4.0,100,25,8656.676368
4.0,100,26,8628.225436
4.0,100,27,8604.412495
4.0,100,28,8582.114537
4.0,100,29,8562.943893
4.0,100,30,8544.908211
4.0,100,31,8527.36915
4.0,100,32,8509.73526
4.0,100,33,8491.304119
4.0,100,34,8476.285011
4.0,100,35,8461.501514
4.0,100,36,8446.709377
4.0,100,37,8434.146895
4.0,100,38,8422.554369
4.0,100,39,8412.427114
4.0,100,40,8401.738315
4.0,100,41,8393.331098
4.0,100,42,8384.216294
4.0,100,43,8376.661896
4.0,100,44,8368.80563
4.0,100,45,8360.916973
4.0,100,46,8354.142407
4.0,100,47,8347.651855
4.0,100,48,8341.560748
4.0,100,49,8335.279859
4.0,100,50,8329.441615
4.0,100,51,8323.935863
4.0,100,52,8318.666274
4.0,100,53,8312.293637
4.0,100,54,8305.253537
4.0,100,55,8298.139727
4.0,100,56,8292.523823
4.0,100,57,8286.335962
4.0,100,58,8280.27684
4.0,100,59,8275.560265
4.0,100,60,8271.253728
4.0,100,61,8267.431711
4.0,100,62,8263.991573
4.0,100,63,8258.995122
4.0,100,64,8254.946278
4.0,100,65,8252.007461
4.0,100,66,8248.288544
4.0,100,67,8245.061445
4.0,100,68,8239.829556
4.0,100,69,8235.890539
4.0,100,70,8232.315309
4.0,100,71,8229.95338
4.0,100,72,8227.532399
4.0,100,73,8225.495797
4.0,100,74,8223.649122
4.0,100,75,8221.920259
4.0,100,76,8220.283848
4.0,100,77,8218.332265
4.0,100,78,8216.741147
4.0,100,79,8215.035085
4.0,100,80,8213.57481
4.0,100,81,8211.801937
4.0,100,82,8209.992924
4.0,100,83,8208.49939
4.0,100,84,8207.174024
4.0,100,85,8205.733605
4.0,100,86,8204.457184
4.0,100,87,8203.084749
4.0,100,88,8201.687446
4.0,100,89,8199.801762
4.0,100,90,8197.40373
4.0,100,91,8195.896089
4.0,100,92,8194.047999
4.0,100,93,8192.541146
4.0,100,94,8191.452966
4.0,100,95,8190.201198
4.0,100,96,8189.020144
4.0,100,97,8187.870213
4.0,100,98,8186.81964
4.0,100,99,8185.559641
4.0,200,0,8405.007638
4.0,200,1,12599.986298
4.0,200,2,13016.260544
4.0,200,3,13244.279293
4.0,200,4,13394.617289
4.0,200,5,13534.463133
4.0,200,6,13656.585212
4.0,200,7,13740.98664
4.0,200,8,13732.219484
4.0,200,9,13327.538141
4.0,200,10,12700.856042
4.0,200,11,12121.532932
4.0,200,12,11699.185303
4.0,200,13,11346.226773
4.0,200,14,11043.322649
4.0,200,15,10765.292537
4.0,200,16,10541.41674
4.0,200,17,10368.174486
4.0,200,18,10203.117407
4.0,200,19,10079.594226
4.0,200,20,9979.857624
4.0,200,21,9885.92966
4.0,200,22,9799.694182
4.0,200,23,9723.652162
4.0,200,24,9658.073025
4.0,200,25,9600.965819
4.0,200,26,9544.599419
4.0,200,27,9496.496226
4.0,200,28,9452.497644
4.0,200,29,9410.301492
4.0,200,30,9371.181005
4.0,200,31,9339.054692
4.0,200,32,9307.84142
4.0,200,33,9279.682404
4.0,200,34,9252.380709
4.0,200,35,9227.883593
4.0,200,36,9205.286211
4.0,200,37,9184.190296
4.0,200,38,9163.031777
4.0,200,39,9144.606383
4.0,200,40,9125.557429
4.0,200,41,9107.009523
4.0,200,42,9088.573562
4.0,200,43,9070.507368
4.0,200,44,9053.81668
4.0,200,45,9037.97424
4.0,200,46,9022.384668
4.0,200,47,9009.01154
4.0,200,48,8996.284703
4.0,200,49,8985.235954
4.0,200,50,8974.899287
4.0,200,51,8963.640755
4.0,200,52,8954.122042
4.0,200,53,8945.244219
4.0,200,54,8936.138747
4.0,200,55,8927.569509
4.0,200,56,8918.947854
4.0,200,57,8910.952462
4.0,200,58,8902.865463
4.0,200,59,8895.243295
4.0,200,60,8887.713738
4.0,200,61,8880.050837
4.0,200,62,8873.374558
4.0,200,63,8866.965514
4.0,200,64,8860.453161
4.0,200,65,8854.423215
4.0,200,66,8847.554615
4.0,200,67,8839.999766
4.0,200,68,8833.669155
4.0,200,69,8828.512044
4.0,200,70,8822.903953
4.0,200,71,8817.294415
4.0,200,72,8811.772874
4.0,200,73,8806.587352
4.0,200,74,8802.616187
4.0,200,75,8798.418949
4.0,200,76,8793.891374
4.0,200,77,8786.896743
4.0,200,78,8782.744151
4.0,200,79,8777.736923
4.0,200,80,8774.025753
4.0,200,81,8770.851441
4.0,200,82,8767.380907
4.0,200,83,8764.134852
4.0,200,84,8761.530633
4.0,200,85,8758.424962
4.0,200,86,8755.745427
4.0,200,87,8752.92408
4.0,200,88,8750.099031
4.0,200,89,8747.561612
4.0,200,90,8745.204328
4.0,200,91,8742.644222
4.0,200,92,8740.190532
4.0,200,93,8737.456965
4.0,200,94,8735.25582
4.0,200,95,8732.696334
4.0,200,96,8730.102862
4.0,200,97,8727.054893
4.0,200,98,8724.230368
4.0,200,99,8721.881929
4.0,200,100,8719.931315
4.0,200,101,8718.079089
4.0,200,102,8716.074176
4.0,200,103,8714.168298
4.0,200,104,8712.505667
4.0,200,105,8710.90079
4.0,200,106,8709.225394
4.0,200,107,8707.829863
4.0,200,108,8706.146223
4.0,200,109,8704.694643
4.0,200,110,8703.330353
4.0,200,111,8701.785979
4.0,200,112,8700.338648
4.0,200,113,8699.032388
4.0,200,114,8697.836891
4.0,200,115,8696.323598
4.0,200,116,8694.690308
4.0,200,117,8692.938451
4.0,200,118,8691.480938
4.0,200,119,8690.317939
4.0,200,120,8689.234505
4.0,200,121,8688.031715
4.0,200,122,8687.075924
4.0,200,123,8685.975833
4.0,200,124,8684.825269
4.0,200,125,8683.511558
4.0,200,126,8682.395398
4.0,200,127,8681.211693
4.0,200,128,8680.238889
4.0,200,129,8679.157718
4.0,200,130,8678.056271
4.0,200,131,8677.223661
4.0,200,132,8676.457666
4.0,200,133,8675.637695
4.0,200,134,8674.958182
4.0,200,135,8673.992843
4.0,200,136,8673.08885
4.0,200,137,8672.152586
4.0,200,138,8671.106092
4.0,200,139,8670.332214
4.0,200,140,8669.232373
4.0,200,141,8668.418745
4.0,200,142,8667.660859
4.0,200,143,8666.814561
4.0,200,144,8665.730346
4.0,200,145,8665.165395
4.0,200,146,8664.226171
4.0,200,147,8663.523573
4.0,200,148,8662.763606
4.0,200,149,8662.044341
4.0,200,150,8661.567135
4.0,200,151,8660.805755
4.0,200,152,8660.104307
4.0,200,153,8659.466252
4.0,200,154,8658.838033
4.0,200,155,8658.352512
4.0,200,156,8657.714688
4.0,200,157,8657.230326
4.0,200,158,8656.601346
4.0,200,159,8655.878635
4.0,200,160,8655.388345
4.0,200,161,8654.874928
4.0,200,162,8654.262472
4.0,200,163,8653.716325
4.0,200,164,8653.085579
4.0,200,165,8652.507616
4.0,200,166,8651.934911
4.0,200,167,8651.341642
4.0,200,168,8650.792421
4.0,200,169,8650.105109
4.0,200,170,8649.592846
4.0,200,171,8648.973622
4.0,200,172,8648.363471
4.0,200,173,8647.842235
4.0,200,174,8647.207345
4.0,200,175,8646.116819
4.0,200,176,8645.410449
4.0,200,177,8644.704179
4.0,200,178,8643.479832
4.0,200,179,8642.515787
4.0,200,180,8641.574952
4.0,200,181,8640.005522
4.0,200,182,8639.478275
4.0,200,183,8638.454365
4.0,200,184,8637.58638
4.0,200,185,8636.759434
4.0,200,186,8635.955931
4.0,200,187,8635.292265
4.0,200,188,8634.656095
4.0,200,189,8634.059825
4.0,200,190,8633.306548
4.0,200,191,8632.851143
4.0,200,192,8632.220748
4.0,200,193,8631.582619
4.0,200,194,8631.15146
4.0,200,195,8630.678705
4.0,200,196,8630.026888
4.0,200,197,8629.276497
4.0,200,198,8628.794818
4.0,200,199,8628.323383
4.0,500,0,8405.007638
4.0,500,1,12599.986298
4.0,500,2,13016.260544
4.0,500,3,13244.279293
4.0,500,4,13394.617289
4.0,500,5,13534.463133
4.0,500,6,13656.585212
4.0,500,7,13741.87485
4.0,500,8,13845.779275
4.0,500,9,13915.562692
4.0,500,10,13986.923193
4.0,500,11,14065.81687
4.0,500,12,14150.314361
4.0,500,13,14217.982348
4.0,500,14,14265.434893
4.0,500,15,14316.945811
4.0,500,16,14361.654536
4.0,500,17,14419.084054
4.0,500,18,14468.370987
4.0,500,19,14508.734792
4.0,500,20,14533.369812
4.0,500,21,14521.966101
4.0,500,22,14479.54623
4.0,500,23,14359.163793
4.0,500,24,14165.890601
4.0,500,25,13930.620577
4.0,500,26,13742.263422
4.0,500,27,13527.369847
4.0,500,28,13309.717864
4.0,500,29,13101.266337
4.0,500,30,12893.672378
4.0,500,31,12725.394981
4.0,500,32,12557.00829
4.0,500,33,12408.457848
4.0,500,34,12287.813939
4.0,500,35,12157.154054
4.0,500,36,12034.003259
4.0,500,37,11923.382157
4.0,500,38,11808.495548
4.0,500,39,11726.241966
4.0,500,40,11633.430512
4.0,500,41,11543.561525
4.0,500,42,11448.935579
4.0,500,43,11371.541401
4.0,500,44,11295.007997
4.0,500,45,11215.196801
4.0,500,46,11151.943787
4.0,500,47,11090.926696
4.0,500,48,11033.040162
4.0,500,49,10968.49185
4.0,500,50,10905.439633
4.0,500,51,10854.747376
4.0,500,52,10804.280164
4.0,500,53,10752.380671
4.0,500,54,10693.114778
4.0,500,55,10645.048871
4.0,500,56,10606.337407
4.0,500,57,10568.138276
4.0,500,58,10533.643203
4.0,500,59,10491.708604
4.0,500,60,10458.934757
4.0,500,61,10416.823846
4.0,500,62,10386.989109
4.0,500,63,10354.804284
4.0,500,64,10325.259827
4.0,500,65,10300.276917
4.0,500,66,10277.142668
4.0,500,67,10248.530158
4.0,500,68,10218.087487
4.0,500,69,10196.226539
4.0,500,70,10174.668716
4.0,500,71,10156.294859
4.0,500,72,10138.876453
4.0,500,73,10116.23525
4.0,500,74,10100.610092
4.0,500,75,10083.265784
4.0,500,76,10068.287006
4.0,500,77,10046.840718
4.0,500,78,10030.266038
4.0,500,79,10014.286155
4.0,500,80,10000.212098
4.0,500,81,9984.596162
4.0,500,82,9969.142866
4.0,500,83,9952.680392
4.0,500,84,9939.283103
4.0,500,85,9923.647879
4.0,500,86,9912.609832
4.0,500,87,9901.221373
4.0,500,88,9889.317066
4.0,500,89,9878.238578
4.0,500,90,9867.927607
4.0,500,91,9856.423608
4.0,500,92,9846.63163
4.0,500,93,9837.41722
4.0,500,94,9828.690707
4.0,500,95,9819.929127
4.0,500,96,9810.472809
4.0,500,97,9802.286146
4.0,500,98,9794.157363
4.0,500,99,9786.589458
4.0,500,100,9777.970628
4.0,500,101,9770.585232
4.0,500,102,9763.659846
4.0,500,103,9756.477053
4.0,500,104,9748.884395
4.0,500,105,9741.177195
4.0,500,106,9734.20295
4.0,500,107,9727.125165
4.0,500,108,9720.293959
4.0,500,109,9712.385258
4.0,500,110,9706.327038
4.0,500,111,9699.361263
4.0,500,112,9693.277563
4.0,500,113,9687.243389
4.0,500,114,9682.32017
4.0,500,115,9677.064078
4.0,500,116,9671.513199
4.0,500,117,9665.995725
4.0,500,118,9660.226056
4.0,500,119,9655.230461
4.0,500,120,9650.814327
4.0,500,121,9646.247972
4.0,500,122,9641.443679
4.0,500,123,9636.886662
4.0,500,124,9632.534765
4.0,500,125,9627.877767
4.0,500,126,9623.106261
4.0,500,127,9618.851791
4.0,500,128,9614.5455
4.0,500,129,9610.411851
4.0,500,130,9606.73135
4.0,500,131,9602.641588
4.0,500,132,9598.923799
4.0,500,133,9595.036838
4.0,500,134,9591.42542
4.0,500,135,9587.54082
4.0,500,136,9584.456377
4.0,500,137,9580.742476
4.0,500,138,9576.54285
4.0,500,139,9573.514569
4.0,500,140,9570.265743
4.0,500,141,9566.596378
4.0,500,142,9563.425302
4.0,500,143,9560.190941
4.0,500,144,9556.942493
4.0,500,145,9554.168386
4.0,500,146,9551.297131
4.0,500,147,9546.464722
4.0,500,148,9543.372568
4.0,500,149,9541.157094
4.0,500,150,9538.022495
4.0,500,151,9535.100854
4.0,500,152,9532.674293
4.0,500,153,9529.984339
4.0,500,154,9527.687102
4.0,500,155,9525.329963
4.0,500,156,9522.912784
4.0,500,157,9520.724571
4.0,500,158,9518.504717
4.0,500,159,9516.20661
4.0,500,160,9514.087822
4.0,500,161,9511.881652
4.0,500,162,9509.620373
4.0,500,163,9507.470444
4.0,500,164,9505.443033
4.0,500,165,9503.418245
4.0,500,166,9501.2364
4.0,500,167,9499.231443
4.0,500,168,9497.306873
4.0,500,169,9495.39925
4.0,500,170,9493.417554
4.0,500,171,9491.772657
4.0,500,172,9489.981087
4.0,500,173,9488.27325
4.0,500,174,9486.512125
4.0,500,175,9484.902104
4.0,500,176,9483.314402
4.0,500,177,9481.701764
4.0,500,178,9480.272995
4.0,500,179,9478.822325
4.0,500,180,9477.249462
4.0,500,181,9475.832385
4.0,500,182,9474.259083
4.0,500,183,9472.726014
4.0,500,184,9471.369294
4.0,500,185,9469.56324
4.0,500,186,9468.168281
4.0,500,187,9466.7036
4.0,500,188,9465.245641
4.0,500,189,9464.027726
4.0,500,190,9462.744014
4.0,500,191,9461.307417
4.0,500,192,9459.951427
4.0,500,193,9458.679591
4.0,500,194,9457.550204
4.0,500,195,9456.289776
4.0,500,196,9455.018465
4.0,500,197,9453.693425
4.0,500,198,9452.46398
4.0,500,199,9451.207286
4.0,500,200,9449.992021
4.0,500,201,9448.794725
4.0,500,202,9447.592519
4.0,500,203,9446.427919
4.0,500,204,9445.282635
4.0,500,205,9444.103021
4.0,500,206,9442.872697
4.0,500,207,9441.773
4.0,500,208,9440.740062
4.0,500,209,9439.62849
4.0,500,210,9438.642773
4.0,500,211,9437.653354
4.0,500,212,9436.51511
4.0,500,213,9435.409748
4.0,500,214,9434.378339
4.0,500,215,9433.389887
4.0,500,216,9432.356289
4.0,500,217,9431.447933
4.0,500,218,9430.232742
4.0,500,219,9429.309657
4.0,500,220,9428.348846
4.0,500,221,9427.514435
4.0,500,222,9426.642193
4.0,500,223,9425.683388
4.0,500,224,9424.731844
4.0,500,225,9423.721428
4.0,500,226,9422.703968
4.0,500,227,9421.806363
4.0,500,228,9420.874581
4.0,500,229,9419.870851
4.0,500,230,9419.042317
4.0,500,231,9418.252503
4.0,500,232,9417.44822
4.0,500,233,9416.612494
4.0,500,234,9415.682
4.0,500,235,9414.731911
4.0,500,236,9413.883201
4.0,500,237,9413.00907
4.0,500,238,9412.133618
4.0,500,239,9411.016754
4.0,500,240,9410.033616
4.0,500,241,9409.189176
4.0,500,242,9408.503935
4.0,500,243,9407.72827
4.0,500,244,9406.683471
4.0,500,245,9405.428589
4.0,500,246,9404.441315
4.0,500,247,9403.584776
4.0,500,248,9402.712981
4.0,500,249,9401.948029
4.0,500,250,9401.20344
4.0,500,251,9400.364625
4.0,500,252,9399.652052
4.0,500,253,9398.923782
4.0,500,254,9398.131806
4.0,500,255,9397.351808
4.0,500,256,9396.617008
4.0,500,257,9395.916624
4.0,500,258,9395.305149
4.0,500,259,9394.684722
4.0,500,260,9394.035242
4.0,500,261,9393.445932
4.0,500,262,9392.880293
4.0,500,263,9392.238086
4.0,500,264,9391.625023
4.0,500,265,9391.022399
4.0,500,266,9390.405092
4.0,500,267,9389.871406
4.0,500,268,9389.249685
4.0,500,269,9388.742198
4.0,500,270,9388.110284
4.0,500,271,9387.590771
4.0,500,272,9387.112983
4.0,500,273,9386.490676
4.0,500,274,9385.880968
4.0,500,275,9385.282028
4.0,500,276,9384.767453
4.0,500,277,9384.300056
4.0,500,278,9383.701811
4.0,500,279,9383.189021
4.0,500,280,9382.766276
4.0,500,281,9382.19848
4.0,500,282,9381.700914
4.0,500,283,9381.225409
4.0,500,284,9380.768599
4.0,500,285,9380.234344
4.0,500,286,9379.715802
4.0,500,287,9379.232398
4.0,500,288,9378.844136
4.0,500,289,9378.35626
4.0,500,290,9377.925122
4.0,500,291,9377.450572
4.0,500,292,9376.985369
4.0,500,293,9376.46577
4.0,500,294,9376.066316
4.0,500,295,9375.627409
4.0,500,296,9375.226482
4.0,500,297,9374.83195
4.0,500,298,9374.46806
4.0,500,299,9374.028776
4.0,500,300,9373.570995
4.0,500,301,9373.147976
4.0,500,302,9372.796891
4.0,500,303,9372.393689
4.0,500,304,9371.982082
4.0,500,305,9371.612958
4.0,500,306,9371.277008
4.0,500,307,9370.892029
4.0,500,308,9370.564329
4.0,500,309,9370.164939
4.0,500,310,9369.679994
4.0,500,311,9369.315382
4.0,500,312,9368.913406
4.0,500,313,9368.53634
4.0,500,314,9368.176628
4.0,500,315,9367.804224
4.0,500,316,9367.330138
4.0,500,317,9366.880696
4.0,500,318,9366.578662
4.0,500,319,9366.089512
4.0,500,320,9365.571844
4.0,500,321,9365.165393
4.0,500,322,9364.851015
4.0,500,323,9364.532517
4.0,500,324,9364.158259
4.0,500,325,9363.793772
4.0,500,326,9363.400726
4.0,500,327,9363.021611
4.0,500,328,9362.606111
4.0,500,329,9362.224551
4.0,500,330,9361.898983
4.0,500,331,9361.479685
4.0,500,332,9361.122145
4.0,500,333,9360.723466
4.0,500,334,9360.408464
4.0,500,335,9360.08406
4.0,500,336,9359.7632
4.0,500,337,9359.434894
4.0,500,338,9359.14517
4.0,500,339,9358.870853
4.0,500,340,9358.545155
4.0,500,341,9358.277229
4.0,500,342,9357.953301
4.0,500,343,9357.640006
4.0,500,344,9357.316006
4.0,500,345,9357.02498
4.0,500,346,9356.709725
4.0,500,347,9356.442153
4.0,500,348,9356.080344
4.0,500,349,9355.80105
4.0,500,350,9355.555717
4.0,500,351,9355.280664
4.0,500,352,9355.012985
4.0,500,353,9354.688943
4.0,500,354,9354.402134
4.0,500,355,9354.016211
4.0,500,356,9353.773545
4.0,500,357,9353.437583
4.0,500,358,9353.168148
4.0,500,359,9352.923124
4.0,500,360,9352.678843
4.0,500,361,9352.47435
4.0,500,362,9352.237926
4.0,500,363,9352.007167
4.0,500,364,9351.770722
4.0,500,365,9351.584753
4.0,500,366,9351.341304
4.0,500,367,9351.051138
4.0,500,368,9350.832996
4.0,500,369,9350.630276
4.0,500,370,9350.474795
4.0,500,371,9350.278152
4.0,500,372,9350.009908
4.0,500,373,9349.829191
4.0,500,374,9349.65831
4.0,500,375,9349.386829
4.0,500,376,9349.210629
4.0,500,377,9349.044034
4.0,500,378,9348.815411
4.0,500,379,9348.582496
4.0,500,380,9348.298682
4.0,500,381,9348.103466
4.0,500,382,9347.891454
4.0,500,383,9347.728614
4.0,500,384,9347.511589
4.0,500,385,9347.29007
4.0,500,386,9347.090783
4.0,500,387,9346.832479
4.0,500,388,9346.646535
4.0,500,389,9346.392151
4.0,500,390,9346.164286
4.0,500,391,9345.97041
4.0,500,392,9345.788681
4.0,500,393,9345.615434
4.0,500,394,9345.366615
4.0,500,395,9345.205522
4.0,500,396,9345.046705
4.0,500,397,9344.843199
4.0,500,398,9344.655022
4.0,500,399,9344.52984
4.0,500,400,9344.250542
4.0,500,401,9344.041477
4.0,500,402,9343.805042
4.0,500,403,9343.612311
4.0,500,404,9343.385443
4.0,500,405,9343.164923
4.0,500,406,9342.973417
4.0,500,407,9342.790506
4.0,500,408,9342.600998
4.0,500,409,9342.401352
4.0,500,410,9342.225367
4.0,500,411,9342.065742
4.0,500,412,9341.861203
4.0,500,413,9341.691306
4.0,500,414,9341.562319
4.0,500,415,9341.369559
4.0,500,416,9341.221766
4.0,500,417,9341.027273
4.0,500,418,9340.849232
4.0,500,419,9340.651886
4.0,500,420,9340.470382
4.0,500,421,9340.277683
4.0,500,422,9340.036017
4.0,500,423,9339.848917
4.0,500,424,9339.713366
4.0,500,425,9339.494934
4.0,500,426,9339.339823
4.0,500,427,9339.100322
4.0,500,428,9338.927073
4.0,500,429,9338.651818
4.0,500,430,9338.421392
4.0,500,431,9338.23182
4.0,500,432,9337.922003
4.0,500,433,9337.703965
4.0,500,434,9337.467352
4.0,500,435,9337.278077
4.0,500,436,9337.114528
4.0,500,437,9336.880166
4.0,500,438,9336.685314
4.0,500,439,9336.488697
4.0,500,440,9336.285518
4.0,500,441,9335.972026
4.0,500,442,9335.803572
4.0,500,443,9335.614543
4.0,500,444,9335.333909
4.0,500,445,9335.166242
4.0,500,446,9335.001805
4.0,500,447,9334.853055
4.0,500,448,9334.685639
4.0,500,449,9334.53045
4.0,500,450,9334.311664
4.0,500,451,9334.114173
4.0,500,452,9333.981742
4.0,500,453,9333.852638
4.0,500,454,9333.742365
4.0,500,455,9333.595452
4.0,500,456,9333.485951
4.0,500,457,9333.356353
4.0,500,458,9333.221212
4.0,500,459,9333.049951
4.0,500,460,9332.893771
4.0,500,461,9332.673428
4.0,500,462,9332.553087
4.0,500,463,9332.418259
4.0,500,464,9332.274819
4.0,500,465,9332.147105
4.0,500,466,9332.023931
4.0,500,467,9331.906556
4.0,500,468,9331.782161
4.0,500,469,9331.674101
4.0,500,470,9331.544245
4.0,500,471,9331.434566
4.0,500,472,9331.299729
4.0,500,473,9331.190749
4.0,500,474,9331.069968
4.0,500,475,9330.948793
4.0,500,476,9330.807738
4.0,500,477,9330.673869
4.0,500,478,9330.539958
4.0,500,479,9330.392683
4.0,500,480,9330.299063
4.0,500,481,9330.187635
4.0,500,482,9330.091393
4.0,500,483,9329.985418
4.0,500,484,9329.853676
4.0,500,485,9329.748346
4.0,500,486,9329.674836
4.0,500,487,9329.62393
4.0,500,488,9329.50441
4.0,500,489,9329.391589
4.0,500,490,9329.278361
4.0,500,491,9329.174243
4.0,500,492,9329.040623
4.0,500,493,9328.970303
4.0,500,494,9328.845089
4.0,500,495,9328.745577
4.0,500,496,9328.663875
4.0,500,497,9328.5748
4.0,500,498,9328.478604
4.0,500,499,9328.40673
6.0,10,0,9373.336698
6.0,10,1,10823.077416
6.0,10,2,9966.346948
6.0,10,3,9551.560414
6.0,10,4,9281.484412
6.0,10,5,9087.965841
6.0,10,6,8933.808436
6.0,10,7,8796.419828
6.0,10,8,8692.76325
6.0,10,9,8602.858175
6.0,20,0,9373.336698
6.0,20,1,12312.222631
6.0,20,2,10751.925745
6.0,20,3,10174.528502
6.0,20,4,9838.711768
6.0,20,5,9597.449473
6.0,20,6,9412.559817
6.0,20,7,9255.49432
6.0,20,8,9128.393906
6.0,20,9,9031.629756
6.0,20,10,8935.826713
6.0,20,11,8848.802177
6.0,20,12,8762.090482
6.0,20,13,8691.094219
6.0,20,14,8631.598727
6.0,20,15,8579.595828
6.0,20,16,8532.202177
6.0,20,17,8495.512432
6.0,20,18,8462.544281
6.0,20,19,8432.532076
6.0,50,0,9373.336698
6.0,50,1,13469.515866
6.0,50,2,13431.059081
6.0,50,3,11843.898738
6.0,50,4,11029.677478
6.0,50,5,10619.200512
6.0,50,6,10346.189393
6.0,50,7,10127.177068
6.0,50,8,9949.899084
6.0,50,9,9805.2411
6.0,50,10,9684.423194
6.0,50,11,9584.234305
6.0,50,12,9486.527332
6.0,50,13,9399.810739
6.0,50,14,9319.81284
6.0,50,15,9249.081288
6.0,50,16,9186.41123
6.0,50,17,9135.097681
6.0,50,18,9087.692696
6.0,50,19,9048.857995
6.0,50,20,9014.268737
6.0,50,21,8984.614039
6.0,50,22,8951.346571
6.0,50,23,8922.465943
6.0,50,24,8897.193069
6.0,50,25,8869.318594
6.0,50,26,8844.456983
6.0,50,27,8817.376151
6.0,50,28,8795.387151
6.0,50,29,8771.258301
6.0,50,30,8750.959154
6.0,50,31,8734.17446
6.0,50,32,8721.501115
6.0,50,33,8709.487826
6.0,50,34,8697.680808
6.0,50,35,8685.392655
6.0,50,36,8674.489785
6.0,50,37,8664.617703
6.0,50,38,8657.732174
6.0,50,39,8650.141674
6.0,50,40,8642.339329
6.0,50,41,8634.420497
6.0,50,42,8625.988234
6.0,50,43,8618.900359
6.0,50,44,8613.478019
6.0,50,45,8607.550429
6.0,50,46,8601.62846
6.0,50,47,8597.532548
6.0,50,48,8591.85623
6.0,50,49,8586.982718
6.0,100,0,9373.336698
6.0,100,1,13469.515866
6.0,100,2,13902.703015
6.0,100,3,14110.394717
6.0,100,4,13939.431746
6.0,100,5,12859.930301
6.0,100,6,11967.865734
6.0,100,7,11404.303857
6.0,100,8,11067.308543
6.0,100,9,10804.017894
6.0,100,10,10611.751396
6.0,100,11,10445.452337
6.0,100,12,10307.425771
6.0,100,13,10194.926767
6.0,100,14,10092.673732
6.0,100,15,10000.892962
6.0,100,16,9915.48041
6.0,100,17,9839.86225
6.0,100,18,9773.501466
6.0,100,19,9714.912896
6.0,100,20,9666.309727
6.0,100,21,9621.048231
6.0,100,22,9576.895495
6.0,100,23,9538.971141
6.0,100,24,9502.946268
6.0,100,25,9469.642775
6.0,100,26,9438.556293
6.0,100,27,9408.158214
6.0,100,28,9380.184673
6.0,100,29,9350.771742
6.0,100,30,9323.725403
6.0,100,31,9299.269993
6.0,100,32,9278.263677
6.0,100,33,9255.305653
6.0,100,34,9236.187086
6.0,100,35,9220.027392
6.0,100,36,9204.323838
6.0,100,37,9191.240798
6.0,100,38,9177.805259
6.0,100,39,9166.019591
6.0,100,40,9154.32416
6.0,100,41,9143.962806
6.0,100,42,9133.926771
6.0,100,43,9123.218612
6.0,100,44,9114.582658
6.0,100,45,9106.02643
6.0,100,46,9097.522531
6.0,100,47,9089.405777
6.0,100,48,9081.115068
6.0,100,49,9073.750292
6.0,100,50,9067.585144
6.0,100,51,9061.294043
6.0,100,52,9055.408531
6.0,100,53,9049.591977
6.0,100,54,9044.784967
6.0,100,55,9039.920186
6.0,100,56,9034.239794
6.0,100,57,9029.768985
6.0,100,58,9025.63292
6.0,100,59,9021.076033
6.0,100,60,9017.441621
6.0,100,61,9013.018124
6.0,100,62,9009.196248
6.0,100,63,9005.432374
6.0,100,64,9002.137246
6.0,100,65,8998.263271
6.0,100,66,8995.188562
6.0,100,67,8992.085788
6.0,100,68,8987.30592
6.0,100,69,8982.911567
6.0,100,70,8979.610088
6.0,100,71,8976.091296
6.0,100,72,8973.390953
6.0,100,73,8970.578674
6.0,100,74,8967.615574
6.0,100,75,8964.193673
6.0,100,76,8960.772294
6.0,100,77,8956.408199
6.0,100,78,8952.884703
6.0,100,79,8949.865387
6.0,100,80,8947.419667
6.0,100,81,8944.554146
6.0,100,82,8941.938617
6.0,100,83,8939.279324
6.0,100,84,8937.711866
6.0,100,85,8935.767999
6.0,100,86,8933.340962
6.0,100,87,8929.863226
6.0,100,88,8927.968702
6.0,100,89,8925.863951
6.0,100,90,8924.200418
6.0,100,91,8922.480389
6.0,100,92,8920.599199
6.0,100,93,8918.535961
6.0,100,94,8916.498578
6.0,100,95,8914.397847
6.0,100,96,8911.596551
6.0,100,97,8908.919843
6.0,100,98,8907.094866
6.0,100,99,8905.705478
6.0,200,0,9373.336698
6.0,200,1,13469.515866
6.0,200,2,13902.703015
6.0,200,3,14110.394717
6.0,200,4,14244.879676
6.0,200,5,14363.589722
6.0,200,6,14462.049455
6.0,200,7,14560.937511
6.0,200,8,14535.336772
6.0,200,9,14096.739714
6.0,200,10,13437.375515
6.0,200,11,12853.07503
6.0,200,12,12391.935337
6.0,200,13,12035.829787
6.0,200,14,11766.580876
6.0,200,15,11506.878886
6.0,200,16,11305.778952
6.0,200,17,11152.502325
6.0,200,18,11001.325391
6.0,200,19,10874.403143
6.0,200,20,10774.469155
6.0,200,21,10682.226507
6.0,200,22,10595.895677
6.0,200,23,10522.83317
6.0,200,24,10456.911196
6.0,200,25,10395.566633
6.0,200,26,10341.169671
6.0,200,27,10289.778937
6.0,200,28,10244.270192
6.0,200,29,10201.606893
6.0,200,30,10161.623427
6.0,200,31,10122.597822
6.0,200,32,10086.52997
6.0,200,33,10051.728303
6.0,200,34,10019.180964
6.0,200,35,9991.966442
6.0,200,36,9960.95214
6.0,200,37,9935.029194
6.0,200,38,9911.467814
6.0,200,39,9888.53384
6.0,200,40,9866.431523
6.0,200,41,9845.454736
6.0,200,42,9825.021549
6.0,200,43,9805.646274
6.0,200,44,9790.871941
6.0,200,45,9776.546898
6.0,200,46,9761.500684
6.0,200,47,9747.996482
6.0,200,48,9734.687206
6.0,200,49,9722.157438
6.0,200,50,9709.929031
6.0,200,51,9697.373152
6.0,200,52,9685.380972
6.0,200,53,9675.048996
6.0,200,54,9665.691339
6.0,200,55,9656.337317
6.0,200,56,9647.565795
6.0,200,57,9639.731054
6.0,200,58,9631.456995
6.0,200,59,9623.652236
6.0,200,60,9616.471054
6.0,200,61,9608.670029
6.0,200,62,9602.045703
6.0,200,63,9595.663357
6.0,200,64,9589.281438
6.0,200,65,9582.368255
6.0,200,66,9576.068229
6.0,200,67,9570.246522
6.0,200,68,9564.326918
6.0,200,69,9559.339561
6.0,200,70,9554.57167
6.0,200,71,9549.717446
6.0,200,72,9544.483338
6.0,200,73,9538.47643
6.0,200,74,9533.579474
6.0,200,75,9528.177247
6.0,200,76,9522.608211
6.0,200,77,9518.375808
6.0,200,78,9514.271963
6.0,200,79,9510.241479
6.0,200,80,9506.495905
6.0,200,81,9502.885063
6.0,200,82,9499.402998
6.0,200,83,9495.575583
6.0,200,84,9492.326019
6.0,200,85,9489.446522
6.0,200,86,9486.100528
6.0,200,87,9482.245265
6.0,200,88,9478.384944
6.0,200,89,9474.444164
6.0,200,90,9470.948573
6.0,200,91,9467.554731
6.0,200,92,9464.352895
6.0,200,93,9460.596765
6.0,200,94,9457.635489
6.0,200,95,9454.906441
6.0,200,96,9452.06877
6.0,200,97,9449.003093
6.0,200,98,9446.326915
6.0,200,99,9443.341503
6.0,200,100,9440.48001
6.0,200,101,9437.79907
6.0,200,102,9435.40158
6.0,200,103,9432.854782
6.0,200,104,9429.701559
6.0,200,105,9427.410742
6.0,200,106,9424.704918
6.0,200,107,9421.827692
6.0,200,108,9419.639761
6.0,200,109,9417.500988
6.0,200,110,9415.119575
6.0,200,111,9413.200951
6.0,200,112,9411.398568
6.0,200,113,9409.60427
6.0,200,114,9407.520774
6.0,200,115,9405.378341
6.0,200,116,9402.130127
6.0,200,117,9400.019972
6.0,200,118,9397.400076
6.0,200,119,9395.76977
6.0,200,120,9394.09649
6.0,200,121,9392.047326
6.0,200,122,9390.314415
6.0,200,123,9388.713441
6.0,200,124,9387.320613
6.0,200,125,9385.618985
6.0,200,126,9383.987612
6.0,200,127,9382.744949
6.0,200,128,9381.364962
6.0,200,129,9380.018391
6.0,200,130,9378.550867
6.0,200,131,9377.463754
6.0,200,132,9376.108215
6.0,200,133,9374.788455
6.0,200,134,9372.905453
6.0,200,135,9371.829745
6.0,200,136,9370.526535
6.0,200,137,9369.327354
6.0,200,138,9368.234131
6.0,200,139,9367.097272
6.0,200,140,9365.952512
6.0,200,141,9364.932463
6.0,200,142,9363.970483
6.0,200,143,9362.845476
6.0,200,144,9361.789294
6.0,200,145,9360.895274
6.0,200,146,9359.941227
6.0,200,147,9359.004974
6.0,200,148,9357.952301
6.0,200,149,9356.699472
6.0,200,150,9355.512652
6.0,200,151,9353.803722
6.0,200,152,9352.728051
6.0,200,153,9351.53754
6.0,200,154,9350.468347
6.0,200,155,9349.485387
6.0,200,156,9348.540709
6.0,200,157,9347.687247
6.0,200,158,9346.974786
6.0,200,159,9346.339522
6.0,200,160,9345.418183
6.0,200,161,9344.736769
6.0,200,162,9343.874304
6.0,200,163,9343.108669
6.0,200,164,9342.406826
6.0,200,165,9341.739593
6.0,200,166,9341.179151
6.0,200,167,9340.546477
6.0,200,168,9339.810654
6.0,200,169,9339.25367
6.0,200,170,9338.557092
6.0,200,171,9337.862098
6.0,200,172,9337.369284
6.0,200,173,9336.607643
6.0,200,174,9336.102702
6.0,200,175,9335.496664
6.0,200,176,9334.905628
6.0,200,177,9334.323094
6.0,200,178,9333.786692
6.0,200,179,9333.327708
6.0,200,180,9332.871666
6.0,200,181,9332.316287
6.0,200,182,9331.861231
6.0,200,183,9331.430958
6.0,200,184,9330.884569
6.0,200,185,9330.270756
6.0,200,186,9329.820315
6.0,200,187,9329.333228
6.0,200,188,9328.76116
6.0,200,189,9328.22772
6.0,200,190,9327.739485
6.0,200,191,9327.250041
6.0,200,192,9326.707719
6.0,200,193,9326.342769
6.0,200,194,9325.83357
6.0,200,195,9325.339026
6.0,200,196,9324.836988
6.0,200,197,9324.51175
6.0,200,198,9323.981932
6.0,200,199,9323.34983
6.0,500,0,9373.336698
6.0,500,1,13469.515866
6.0,500,2,13902.703015
6.0,500,3,14110.394717
6.0,500,4,14244.879676
6.0,500,5,14363.589722
6.0,500,6,14462.049455
6.0,500,7,14562.799642
6.0,500,8,14658.27
6.0,500,9,14729.179733
6.0,500,10,14810.54455
6.0,500,11,14894.751138
6.0,500,12,14960.695253
6.0,500,13,15025.243753
6.0,500,14,15083.106171
6.0,500,15,15146.785986
6.0,500,16,15183.805393
6.0,500,17,15223.476242
6.0,500,18,15275.150905
6.0,500,19,15320.414799
6.0,500,20,15345.253463
6.0,500,21,15336.713406
6.0,500,22,15283.963847
6.0,500,23,15153.874279
6.0,500,24,14926.166061
6.0,500,25,14661.546253
6.0,500,26,14435.410409
6.0,500,27,14185.620382
6.0,500,28,13945.647814
6.0,500,29,13722.247253
6.0,500,30,13528.935779
6.0,500,31,13336.350891
6.0,500,32,13180.014362
6.0,500,33,13032.682169
6.0,500,34,12902.290552
6.0,500,35,12779.895478
6.0,500,36,12656.823546
6.0,500,37,12540.702288
6.0,500,38,12427.781488
6.0,500,39,12325.34629
6.0,500,40,12236.135825
6.0,500,41,12147.643136
6.0,500,42,12068.298729
6.0,500,43,11997.828318
6.0,500,44,11934.043921
6.0,500,45,11875.973652
6.0,500,46,11819.081159
6.0,500,47,11759.230438
6.0,500,48,11701.643007
6.0,500,49,11636.772706
6.0,500,50,11571.883871
6.0,500,51,11513.837518
6.0,500,52,11462.980348
6.0,500,53,11408.001889
6.0,500,54,11353.676065
6.0,500,55,11313.530766
6.0,500,56,11271.997683
6.0,500,57,11227.251754
6.0,500,58,11190.38842
6.0,500,59,11154.564228
6.0,500,60,11107.752145
6.0,500,61,11075.563669
6.0,500,62,11043.429123
6.0,500,63,11009.912192
6.0,500,64,10981.625607
6.0,500,65,10956.696958
6.0,500,66,10930.345116
6.0,500,67,10907.972091
6.0,500,68,10885.751566
6.0,500,69,10864.327694
6.0,500,70,10844.85478
6.0,500,71,10823.887663
6.0,500,72,10804.430252
6.0,500,73,10787.278846
6.0,500,74,10771.066473
6.0,500,75,10750.909515
6.0,500,76,10736.056277
6.0,500,77,10720.062578
6.0,500,78,10705.280992
6.0,500,79,10689.906762
6.0,500,80,10676.242648
6.0,500,81,10662.274844
6.0,500,82,10645.229387
6.0,500,83,10631.16907
6.0,500,84,10617.974074
6.0,500,85,10603.974873
6.0,500,86,10591.187542
6.0,500,87,10579.610225
6.0,500,88,10568.891651
6.0,500,89,10559.795378
6.0,500,90,10550.605478
6.0,500,91,10541.077145
6.0,500,92,10531.29358
6.0,500,93,10519.480523
6.0,500,94,10508.432888
6.0,500,95,10498.418792
6.0,500,96,10489.452379
6.0,500,97,10480.356773
6.0,500,98,10472.850159
6.0,500,99,10464.56771
6.0,500,100,10456.60881
6.0,500,101,10449.364981
6.0,500,102,10442.310707
6.0,500,103,10435.436388
6.0,500,104,10428.501958
6.0,500,105,10421.741471
6.0,500,106,10415.270648
6.0,500,107,10408.890142
6.0,500,108,10402.784297
6.0,500,109,10396.758718
6.0,500,110,10391.191473
6.0,500,111,10385.080108
6.0,500,112,10379.638989
6.0,500,113,10374.093061
6.0,500,114,10368.745093
6.0,500,115,10363.865506
6.0,500,116,10358.825476
6.0,500,117,10354.220395
6.0,500,118,10349.470164
6.0,500,119,10345.021628
6.0,500,120,10340.402816
6.0,500,121,10335.847504
6.0,500,122,10331.577219
6.0,500,123,10326.800644
6.0,500,124,10322.270572
6.0,500,125,10317.767984
6.0,500,126,10313.501033
6.0,500,127,10309.393983
6.0,500,128,10305.000858
6.0,500,129,10300.882463
6.0,500,130,10296.942691
6.0,500,131,10292.444083
6.0,500,132,10288.015745
6.0,500,133,10284.004742
6.0,500,134,10279.375299
6.0,500,135,10275.848483
6.0,500,136,10272.159083
6.0,500,137,10268.69882
6.0,500,138,10265.197305
6.0,500,139,10261.905294
6.0,500,140,10258.317917
6.0,500,141,10254.775487
6.0,500,142,10251.055293
6.0,500,143,10248.054472
6.0,500,144,10244.728317
6.0,500,145,10241.49078
6.0,500,146,10238.108496
6.0,500,147,10233.336552
6.0,500,148,10229.761432
6.0,500,149,10226.427568
6.0,500,150,10223.535789
6.0,500,151,10220.712615
6.0,500,152,10217.173507
6.0,500,153,10214.224132
6.0,500,154,10211.474751
6.0,500,155,10208.415952
6.0,500,156,10205.686134
6.0,500,157,10203.139843
6.0,500,158,10200.778919
6.0,500,159,10198.472685
6.0,500,160,10195.667474
6.0,500,161,10193.262201
6.0,500,162,10190.896932
6.0,500,163,10188.709513
6.0,500,164,10186.655407
6.0,500,165,10184.40087
6.0,500,166,10182.387277
6.0,500,167,10180.109633
6.0,500,168,10177.76426
6.0,500,169,10175.677901
6.0,500,170,10173.461466
6.0,500,171,10171.139047
6.0,500,172,10169.062821
6.0,500,173,10167.130859
6.0,500,174,10165.37115
6.0,500,175,10163.455998
6.0,500,176,10161.499138
6.0,500,177,10159.692472
6.0,500,178,10157.814953
6.0,500,179,10155.989922
6.0,500,180,10154.401781
6.0,500,181,10152.732037
6.0,500,182,10151.028959
6.0,500,183,10149.370232
6.0,500,184,10147.719835
6.0,500,185,10146.122295
6.0,500,186,10144.471947
6.0,500,187,10142.800234
6.0,500,188,10141.264772
6.0,500,189,10139.723827
6.0,500,190,10138.151785
6.0,500,191,10136.728729
6.0,500,192,10135.260295
6.0,500,193,10133.824902
6.0,500,194,10132.488302
6.0,500,195,10131.066596
6.0,500,196,10129.709343
6.0,500,197,10128.51072
6.0,500,198,10127.119832
6.0,500,199,10125.76279
6.0,500,200,10124.396051
6.0,500,201,10122.917501
6.0,500,202,10121.614778
6.0,500,203,10120.375833
6.0,500,204,10119.181073
6.0,500,205,10117.992704
6.0,500,206,10116.797611
6.0,500,207,10115.565138
6.0,500,208,10114.374131
6.0,500,209,10113.050202
6.0,500,210,10112.101058
6.0,500,211,10110.810822
6.0,500,212,10109.497493
6.0,500,213,10108.455544
6.0,500,214,10107.522174
6.0,500,215,10106.494174
6.0,500,216,10105.283659
6.0,500,217,10103.973524
6.0,500,218,10102.90092
6.0,500,219,10101.784928
6.0,500,220,10100.851418
6.0,500,221,10099.765551
6.0,500,222,10098.673345
6.0,500,223,10097.624646
6.0,500,224,10096.583844
6.0,500,225,10095.558541
6.0,500,226,10094.626783
6.0,500,227,10093.694772
6.0,500,228,10092.701524
6.0,500,229,10091.818395
6.0,500,230,10090.916744
6.0,500,231,10090.040084
6.0,500,232,10089.22037
6.0,500,233,10088.364464
6.0,500,234,10087.439407
6.0,500,235,10086.439389
6.0,500,236,10085.66791
6.0,500,237,10084.743933
6.0,500,238,10083.946679
6.0,500,239,10083.090796
6.0,500,240,10082.179297
6.0,500,241,10081.432965
6.0,500,242,10080.638145
6.0,500,243,10079.849954
6.0,500,244,10079.059505
6.0,500,245,10078.223806
6.0,500,246,10077.350889
6.0,500,247,10076.586875
6.0,500,248,10075.936554
6.0,500,249,10075.171953
6.0,500,250,10074.539791
6.0,500,251,10073.826303
6.0,500,252,10073.041836
6.0,500,253,10072.294497
6.0,500,254,10071.677418
6.0,500,255,10070.906186
6.0,500,256,10070.298471
6.0,500,257,10069.651937
6.0,500,258,10068.980613
6.0,500,259,10068.178499
6.0,500,260,10067.474497
6.0,500,261,10066.817578
6.0,500,262,10066.190798
6.0,500,263,10065.453134
6.0,500,264,10064.849784
6.0,500,265,10064.160288
6.0,500,266,10063.480248
6.0,500,267,10062.790788
6.0,500,268,10062.181634
6.0,500,269,10061.481044
6.0,500,270,10060.835632
6.0,500,271,10060.291302
6.0,500,272,10059.803271
6.0,500,273,10059.191793
6.0,500,274,10058.568447
6.0,500,275,10057.886737
6.0,500,276,10057.33588
6.0,500,277,10056.765738
6.0,500,278,10056.181985
6.0,500,279,10055.56357
6.0,500,280,10055.0329
6.0,500,281,10054.49569
6.0,500,282,10053.98947
6.0,500,283,10053.453888
6.0,500,284,10052.757842
6.0,500,285,10052.26419
6.0,500,286,10051.808633
6.0,500,287,10051.28611
6.0,500,288,10050.804113
6.0,500,289,10050.242573
6.0,500,290,10049.69976
6.0,500,291,10049.205293
6.0,500,292,10048.672252
6.0,500,293,10048.27225
6.0,500,294,10047.696857
6.0,500,295,10047.012106
6.0,500,296,10046.494567
6.0,500,297,10045.85479
6.0,500,298,10045.289768
6.0,500,299,10044.826032
6.0,500,300,10044.360781
6.0,500,301,10043.906878
6.0,500,302,10043.409445
6.0,500,303,10042.952663
6.0,500,304,10042.58271
6.0,500,305,10042.127291
6.0,500,306,10041.745048
6.0,500,307,10041.354941
6.0,500,308,10040.954966
6.0,500,309,10040.609245
6.0,500,310,10040.177256
6.0,500,311,10039.758979
6.0,500,312,10039.367519
6.0,500,313,10038.999187
6.0,500,314,10038.578958
6.0,500,315,10038.098184
6.0,500,316,10037.720181
6.0,500,317,10037.290399
6.0,500,318,10036.915692
6.0,500,319,10036.582737
6.0,500,320,10036.146726
6.0,500,321,10035.792661
6.0,500,322,10035.390333
6.0,500,323,10035.035681
6.0,500,324,10034.664265
6.0,500,325,10034.247979
6.0,500,326,10033.834759
6.0,500,327,10033.465818
6.0,500,328,10033.070123
6.0,500,329,10032.694615
6.0,500,330,10032.359798
6.0,500,331,10032.084135
6.0,500,332,10031.76647
6.0,500,333,10031.412321
6.0,500,334,10031.066186
6.0,500,335,10030.748565
6.0,500,336,10030.415448
6.0,500,337,10030.050481
6.0,500,338,10029.600673
6.0,500,339,10029.26364
6.0,500,340,10028.967312
6.0,500,341,10028.662377
6.0,500,342,10028.281232
6.0,500,343,10027.918003
6.0,500,344,10027.60832
6.0,500,345,10027.260808
6.0,500,346,10026.978843
6.0,500,347,10026.668122
6.0,500,348,10026.373269
6.0,500,349,10026.052524
6.0,500,350,10025.791808
6.0,500,351,10025.502389
6.0,500,352,10025.160179
6.0,500,353,10024.813796
6.0,500,354,10024.425537
6.0,500,355,10024.112769
6.0,500,356,10023.816617
6.0,500,357,10023.481839
6.0,500,358,10023.127098
6.0,500,359,10022.795166
6.0,500,360,10022.450331
6.0,500,361,10022.122493
6.0,500,362,10021.833483
6.0,500,363,10021.539633
6.0,500,364,10021.303833
6.0,500,365,10020.984962
6.0,500,366,10020.690099
6.0,500,367,10020.399279
6.0,500,368,10020.140138
6.0,500,369,10019.864076
6.0,500,370,10019.584767
6.0,500,371,10019.338763
6.0,500,372,10018.998604
6.0,500,373,10018.732001
6.0,500,374,10018.370503
6.0,500,375,10018.105849
6.0,500,376,10017.85907
6.0,500,377,10017.569758
6.0,500,378,10017.231994
6.0,500,379,10016.910565
6.0,500,380,10016.557774
6.0,500,381,10016.180888
6.0,500,382,10015.865333
6.0,500,383,10015.565953
6.0,500,384,10015.240379
6.0,500,385,10014.913897
6.0,500,386,10014.589649
6.0,500,387,10014.264008
6.0,500,388,10013.922585
6.0,500,389,10013.545787
6.0,500,390,10013.201629
6.0,500,391,10012.767018
6.0,500,392,10012.475394
6.0,500,393,10012.107882
6.0,500,394,10011.767999
6.0,500,395,10011.430935
6.0,500,396,10011.060644
6.0,500,397,10010.779736
6.0,500,398,10010.506547
6.0,500,399,10010.157943
6.0,500,400,10009.808103
6.0,500,401,10009.478214
6.0,500,402,10009.170652
6.0,500,403,10008.854938
6.0,500,404,10008.586115
6.0,500,405,10008.28174
6.0,500,406,10008.028547
6.0,500,407,10007.756552
6.0,500,408,10007.468988
6.0,500,409,10007.095426
6.0,500,410,10006.808087
6.0,500,411,10006.491542
6.0,500,412,10006.16616
6.0,500,413,10005.871281
6.0,500,414,10005.646492
6.0,500,415,10005.323947
6.0,500,416,10005.000394
6.0,500,417,10004.681742
6.0,500,418,10004.267131
6.0,500,419,10003.951005
6.0,500,420,10003.53697
6.0,500,421,10002.023872
6.0,500,422,10001.358402
6.0,500,423,9999.905418
6.0,500,424,9999.46393
6.0,500,425,9998.938766
6.0,500,426,9998.616519
6.0,500,427,9998.062583
6.0,500,428,9997.316251
6.0,500,429,9997.068685
6.0,500,430,9996.644731
6.0,500,431,9996.351636
6.0,500,432,9996.086887
6.0,500,433,9995.762184
6.0,500,434,9995.519313
6.0,500,435,9995.256281
6.0,500,436,9994.977662
6.0,500,437,9994.629423
6.0,500,438,9994.380655
6.0,500,439,9994.172235
6.0,500,440,9993.911492
6.0,500,441,9993.591534
6.0,500,442,9993.336444
6.0,500,443,9993.098504
6.0,500,444,9992.839121
6.0,500,445,9992.615705
6.0,500,446,9992.327682
6.0,500,447,9992.05881
6.0,500,448,9991.823009
6.0,500,449,9991.524801
6.0,500,450,9991.2753
6.0,500,451,9990.952262
6.0,500,452,9990.754655
6.0,500,453,9990.508143
6.0,500,454,9990.25141
6.0,500,455,9990.022836
6.0,500,456,9989.809088
6.0,500,457,9989.605282
6.0,500,458,9989.429324
6.0,500,459,9989.261819
6.0,500,460,9989.072817
6.0,500,461,9988.883438
6.0,500,462,9988.672663
6.0,500,463,9988.480679
6.0,500,464,9988.258546
6.0,500,465,9988.069349
6.0,500,466,9987.838775
6.0,500,467,9987.637437
6.0,500,468,9987.47029
6.0,500,469,9987.3295
6.0,500,470,9987.180574
6.0,500,471,9986.985605
6.0,500,472,9986.80228
6.0,500,473,9986.587489
6.0,500,474,9986.390029
6.0,500,475,9986.237328
6.0,500,476,9986.086388
6.0,500,477,9985.826979
6.0,500,478,9985.619767
6.0,500,479,9985.469465
6.0,500,480,9985.322453
6.0,500,481,9985.163281
6.0,500,482,9985.014693
6.0,500,483,9984.877307
6.0,500,484,9984.764705
6.0,500,485,9984.595467
6.0,500,486,9984.413125
6.0,500,487,9984.147042
6.0,500,488,9983.986308
6.0,500,489,9983.609207
6.0,500,490,9983.489563
6.0,500,491,9983.289351
6.0,500,492,9983.039005
6.0,500,493,9982.729299
6.0,500,494,9982.6264
6.0,500,495,9982.364195
6.0,500,496,9982.234244
6.0,500,497,9982.094691
6.0,500,498,9981.880473
6.0,500,499,9981.670803
8.0,10,0,10422.576154
8.0,10,1,11934.007637
8.0,10,2,11050.808104
8.0,10,3,10637.826988
8.0,10,4,10378.555365
8.0,10,5,10171.562405
8.0,10,6,10012.170196
8.0,10,7,9875.31868
8.0,10,8,9756.708428
8.0,10,9,9659.927639
8.0,20,0,10422.576154
8.0,20,1,13389.986502
8.0,20,2,11829.2685
8.0,20,3,11256.100673
8.0,20,4,10918.715458
8.0,20,5,10676.642488
8.0,20,6,10485.8602
8.0,20,7,10324.90395
8.0,20,8,10197.223283
8.0,20,9,10092.709042
8.0,20,10,10000.171233
8.0,20,11,9915.937911
8.0,20,12,9845.307531
8.0,20,13,9782.927495
8.0,20,14,9731.435251
8.0,20,15,9672.525261
8.0,20,16,9623.535579
8.0,20,17,9580.690224
8.0,20,18,9539.794623
8.0,20,19,9500.457267
8.0,50,0,10422.576154
8.0,50,1,14585.263898
8.0,50,2,14496.561583
8.0,50,3,12912.002387
8.0,50,4,12101.43974
8.0,50,5,11686.320254
8.0,50,6,11410.637862
8.0,50,7,11189.242879
8.0,50,8,11007.362549
8.0,50,9,10862.119114
8.0,50,10,10740.643376
8.0,50,11,10637.9344
8.0,50,12,10542.61647
8.0,50,13,10463.420425
8.0,50,14,10395.57648
8.0,50,15,10326.658914
8.0,50,16,10266.654811
8.0,50,17,10213.70142
8.0,50,18,10163.851744
8.0,50,19,10118.510139
8.0,50,20,10079.119333
8.0,50,21,10043.241007
8.0,50,22,10007.633474
8.0,50,23,9974.095093
8.0,50,24,9942.998257
8.0,50,25,9914.434784
8.0,50,26,9890.245857
8.0,50,27,9867.931125
8.0,50,28,9847.751833
8.0,50,29,9828.396007
8.0,50,30,9810.679765
8.0,50,31,9793.432414
8.0,50,32,9778.670092
8.0,50,33,9763.980192
8.0,50,34,9748.992988
8.0,50,35,9735.953523
8.0,50,36,9725.353075
8.0,50,37,9715.285478
8.0,50,38,9703.997925
8.0,50,39,9693.527696
8.0,50,40,9683.11409
8.0,50,41,9673.97532
8.0,50,42,9663.759917
8.0,50,43,9653.164875
8.0,50,44,9645.148647
8.0,50,45,9637.269698
8.0,50,46,9628.847302
8.0,50,47,9619.224484
8.0,50,48,9611.664452
8.0,50,49,9602.513115
8.0,100,0,10422.576154
8.0,100,1,14585.263898
8.0,100,2,15011.257645
8.0,100,3,15250.059318
8.0,100,4,15061.072651
8.0,100,5,13920.789226
8.0,100,6,12977.901871
8.0,100,7,12431.328382
8.0,100,8,12092.274913
8.0,100,9,11844.737519
8.0,100,10,11654.028435
8.0,100,11,11492.403421
8.0,100,12,11353.613124
8.0,100,13,11236.307468
8.0,100,14,11137.506383
8.0,100,15,11045.168599
8.0,100,16,10964.17886
8.0,100,17,10895.601141
8.0,100,18,10831.271216
8.0,100,19,10770.755018
8.0,100,20,10717.966776
8.0,100,21,10667.325193
8.0,100,22,10623.177516
8.0,100,23,10581.485495
8.0,100,24,10542.79006
8.0,100,25,10504.76562
8.0,100,26,10469.139982
8.0,100,27,10437.832124
8.0,100,28,10409.319178
8.0,100,29,10382.157794
8.0,100,30,10358.647757
8.0,100,31,10336.946599
8.0,100,32,10315.325204
8.0,100,33,10294.358185
8.0,100,34,10276.489885
8.0,100,35,10259.377782
8.0,100,36,10243.887112
8.0,100,37,10228.422199
8.0,100,38,10213.445775
8.0,100,39,10200.759286
8.0,100,40,10187.371514
8.0,100,41,10175.366043
8.0,100,42,10162.940795
8.0,100,43,10150.502238
8.0,100,44,10140.519609
8.0,100,45,10130.524236
8.0,100,46,10120.708667
8.0,100,47,10111.020957
8.0,100,48,10101.997457
8.0,100,49,10093.02382
8.0,100,50,10083.679094
8.0,100,51,10073.461878
8.0,100,52,10063.500201
8.0,100,53,10054.205695
8.0,100,54,10045.741225
8.0,100,55,10037.175156
8.0,100,56,10029.565761
8.0,100,57,10023.732485
8.0,100,58,10017.333315
8.0,100,59,10009.783243
8.0,100,60,10003.487976
8.0,100,61,9998.558949
8.0,100,62,9993.267348
8.0,100,63,9988.552715
8.0,100,64,9984.058116
8.0,100,65,9980.309825
8.0,100,66,9977.110067
8.0,100,67,9973.371102
8.0,100,68,9970.044942
8.0,100,69,9966.879597
8.0,100,70,9963.893805
8.0,100,71,9960.16954
8.0,100,72,9957.225286
8.0,100,73,9954.417276
8.0,100,74,9951.647457
8.0,100,75,9948.894571
8.0,100,76,9946.238282
8.0,100,77,9943.448317
8.0,100,78,9941.125757
8.0,100,79,9938.226744
8.0,100,80,9936.040722
8.0,100,81,9933.509515
8.0,100,82,9930.678708
8.0,100,83,9928.571259
8.0,100,84,9926.444037
8.0,100,85,9924.221387
8.0,100,86,9921.107026
8.0,100,87,9918.660206
8.0,100,88,9913.556492
8.0,100,89,9909.75162
8.0,100,90,9907.15971
8.0,100,91,9905.155006
8.0,100,92,9903.164922
8.0,100,93,9900.897021
8.0,100,94,9898.208601
8.0,100,95,9895.872025
8.0,100,96,9893.776812
8.0,100,97,9891.754831
8.0,100,98,9889.567924
8.0,100,99,9887.586723
8.0,200,0,10422.576154
8.0,200,1,14585.263898
8.0,200,2,15011.257645
8.0,200,3,15250.059318
8.0,200,4,15419.949026
8.0,200,5,15528.677844
8.0,200,6,15614.5216
8.0,200,7,15677.972044
8.0,200,8,15618.982659
8.0,200,9,15114.306238
8.0,200,10,14355.132979
8.0,200,11,13789.644179
8.0,200,12,13329.039433
8.0,200,13,12985.865344
8.0,200,14,12702.722803
8.0,200,15,12469.658625
8.0,200,16,12264.603192
8.0,200,17,12102.67927
8.0,200,18,11973.704586
8.0,200,19,11858.481249
8.0,200,20,11765.060429
8.0,200,21,11679.903055
8.0,200,22,11603.311139
8.0,200,23,11531.683115
8.0,200,24,11466.52179
8.0,200,25,11407.131987
8.0,200,26,11351.126949
8.0,200,27,11301.357759
8.0,200,28,11254.691057
8.0,200,29,11209.211991
8.0,200,30,11166.751996
8.0,200,31,11128.461699
8.0,200,32,11091.112082
8.0,200,33,11055.188609
8.0,200,34,11020.884149
8.0,200,35,10990.972394
8.0,200,36,10964.473804
8.0,200,37,10939.464144
8.0,200,38,10913.965074
8.0,200,39,10892.338024
8.0,200,40,10870.860489
8.0,200,41,10850.98337
8.0,200,42,10828.591516
8.0,200,43,10809.835563
8.0,200,44,10791.920509
8.0,200,45,10775.658118
8.0,200,46,10760.978291
8.0,200,47,10746.407895
8.0,200,48,10732.023712
8.0,200,49,10717.845484
8.0,200,50,10704.244789
8.0,200,51,10692.658038
8.0,200,52,10680.748916
8.0,200,53,10670.077768
8.0,200,54,10660.673468
8.0,200,55,10649.34564
8.0,200,56,10638.440688
8.0,200,57,10628.369651
8.0,200,58,10618.211481
8.0,200,59,10609.400419
8.0,200,60,10600.786307
8.0,200,61,10591.899121
8.0,200,62,10583.48899
8.0,200,63,10574.617748
8.0,200,64,10566.12246
8.0,200,65,10558.551927
8.0,200,66,10551.061423
8.0,200,67,10542.066336
8.0,200,68,10534.164067
8.0,200,69,10528.630994
8.0,200,70,10522.310692
8.0,200,71,10516.935879
8.0,200,72,10511.367323
8.0,200,73,10505.967246
8.0,200,74,10501.005249
8.0,200,75,10496.210441
8.0,200,76,10491.538097
8.0,200,77,10487.285031
8.0,200,78,10483.367395
8.0,200,79,10479.000743
8.0,200,80,10474.67754
8.0,200,81,10470.014201
8.0,200,82,10465.966211
8.0,200,83,10462.321326
8.0,200,84,10458.749115
8.0,200,85,10455.238361
8.0,200,86,10451.695228
8.0,200,87,10448.18443
8.0,200,88,10444.998154
8.0,200,89,10441.457738
8.0,200,90,10438.283
8.0,200,91,10435.065874
8.0,200,92,10431.373456
8.0,200,93,10427.883604
8.0,200,94,10425.021068
8.0,200,95,10422.292907
8.0,200,96,10418.724659
8.0,200,97,10415.942479
8.0,200,98,10411.981965
8.0,200,99,10407.543657
8.0,200,100,10404.610052
8.0,200,101,10401.261697
8.0,200,102,10398.063989
8.0,200,103,10395.101375
8.0,200,104,10392.556696
8.0,200,105,10389.453775
8.0,200,106,10386.545684
8.0,200,107,10383.282288
8.0,200,108,10380.516072
8.0,200,109,10377.830401
8.0,200,110,10375.12038
8.0,200,111,10372.761381
8.0,200,112,10370.206551
8.0,200,113,10367.894408
8.0,200,114,10364.099791
8.0,200,115,10360.88893
8.0,200,116,10358.374799
8.0,200,117,10355.99528
8.0,200,118,10353.486079
8.0,200,119,10351.398049
8.0,200,120,10347.814435
8.0,200,121,10345.17025
8.0,200,122,10342.348792
8.0,200,123,10340.090866
8.0,200,124,10337.81695
8.0,200,125,10335.683211
8.0,200,126,10333.697424
8.0,200,127,10331.692162
8.0,200,128,10329.84025
8.0,200,129,10327.748471
8.0,200,130,10325.547062
8.0,200,131,10323.562763
8.0,200,132,10321.866334
8.0,200,133,10320.039438
8.0,200,134,10318.426914
8.0,200,135,10316.798224
8.0,200,136,10315.43015
8.0,200,137,10313.801358
8.0,200,138,10312.194399
8.0,200,139,10310.335396
8.0,200,140,10308.599598
8.0,200,141,10305.683758
8.0,200,142,10303.386056
8.0,200,143,10301.144812
8.0,200,144,10299.593885
8.0,200,145,10297.942273
8.0,200,146,10296.350865
8.0,200,147,10294.714419
8.0,200,148,10293.259287
8.0,200,149,10291.710454
8.0,200,150,10290.136911
8.0,200,151,10288.891793
8.0,200,152,10287.517271
8.0,200,153,10285.958429
8.0,200,154,10284.469153
8.0,200,155,10282.884886
8.0,200,156,10281.361163
8.0,200,157,10279.853905
8.0,200,158,10278.254396
8.0,200,159,10276.981304
8.0,200,160,10275.734055
8.0,200,161,10274.744206
8.0,200,162,10273.670076
8.0,200,163,10272.599708
8.0,200,164,10271.55429
8.0,200,165,10270.426748
8.0,200,166,10269.478836
8.0,200,167,10268.536377
8.0,200,168,10267.602493
8.0,200,169,10266.843649
8.0,200,170,10266.00942
8.0,200,171,10265.135484
8.0,200,172,10264.166602
8.0,200,173,10263.42934
8.0,200,174,10262.622476
8.0,200,175,10261.761479
8.0,200,176,10260.955751
8.0,200,177,10260.153248
8.0,200,178,10259.502973
8.0,200,179,10258.783255
8.0,200,180,10258.037589
8.0,200,181,10257.339765
8.0,200,182,10256.643495
8.0,200,183,10255.907515
8.0,200,184,10255.1901
8.0,200,185,10254.585641
8.0,200,186,10253.961349
8.0,200,187,10253.285805
8.0,200,188,10252.468887
8.0,200,189,10251.871254
8.0,200,190,10251.286442
8.0,200,191,10250.779176
8.0,200,192,10250.167899
8.0,200,193,10249.550866
8.0,200,194,10249.109068
8.0,200,195,10248.465066
8.0,200,196,10247.946861
8.0,200,197,10247.406534
8.0,200,198,10246.668483
8.0,200,199,10246.160021
8.0,500,0,10422.576154
8.0,500,1,14585.263898
8.0,500,2,15011.257645
8.0,500,3,15250.059318
8.0,500,4,15419.949026
8.0,500,5,15528.677844
8.0,500,6,15614.5216
8.0,500,7,15683.197612
8.0,500,8,15765.519296
8.0,500,9,15837.247137
8.0,500,10,15897.100222
8.0,500,11,15981.093403
8.0,500,12,16068.504403
8.0,500,13,16131.158214
8.0,500,14,16201.633173
8.0,500,15,16261.623954
8.0,500,16,16290.670519
8.0,500,17,16344.766015
8.0,500,18,16387.609464
8.0,500,19,16425.908256
8.0,500,20,16464.845028
8.0,500,21,16454.055381
8.0,500,22,16366.200542
8.0,500,23,16151.168238
8.0,500,24,15874.464066
8.0,500,25,15569.995146
8.0,500,26,15289.074372
8.0,500,27,15025.749797
8.0,500,28,14783.43926
8.0,500,29,14568.898072
8.0,500,30,14376.473898
8.0,500,31,14184.26606
8.0,500,32,14019.980677
8.0,500,33,13894.26618
8.0,500,34,13749.309292
8.0,500,35,13633.575606
8.0,500,36,13516.185543
8.0,500,37,13402.508253
8.0,500,38,13295.781405
8.0,500,39,13200.205336
8.0,500,40,13123.266274
8.0,500,41,13048.499167
8.0,500,42,12974.504564
8.0,500,43,12895.445653
8.0,500,44,12822.998562
8.0,500,45,12758.539186
8.0,500,46,12703.148153
8.0,500,47,12631.398046
8.0,500,48,12569.222048
8.0,500,49,12508.267022
8.0,500,50,12456.698085
8.0,500,51,12409.846997
8.0,500,52,12357.671883
8.0,500,53,12303.01765
8.0,500,54,12257.145532
8.0,500,55,12208.965607
8.0,500,56,12167.444392
8.0,500,57,12119.403047
8.0,500,58,12078.569813
8.0,500,59,12047.925871
8.0,500,60,12016.41137
8.0,500,61,11984.282519
8.0,500,62,11956.154251
8.0,500,63,11929.837548
8.0,500,64,11904.268602
8.0,500,65,11879.517897
8.0,500,66,11848.510994
8.0,500,67,11828.107613
8.0,500,68,11802.724343
8.0,500,69,11783.398112
8.0,500,70,11763.866042
8.0,500,71,11743.954642
8.0,500,72,11725.815175
8.0,500,73,11707.352319
8.0,500,74,11692.180673
8.0,500,75,11677.634518
8.0,500,76,11660.817962
8.0,500,77,11640.884006
8.0,500,78,11624.464228
8.0,500,79,11609.897527
8.0,500,80,11594.442854
8.0,500,81,11580.544006
8.0,500,82,11566.654083
8.0,500,83,11553.636164
8.0,500,84,11538.86374
8.0,500,85,11527.172781
8.0,500,86,11515.691663
8.0,500,87,11504.930294
8.0,500,88,11494.658388
8.0,500,89,11484.658485
8.0,500,90,11474.476362
8.0,500,91,11464.48044
8.0,500,92,11454.782166
8.0,500,93,11445.524763
8.0,500,94,11435.310962
8.0,500,95,11426.879822
8.0,500,96,11418.428467
8.0,500,97,11410.960631
8.0,500,98,11402.06455
8.0,500,99,11394.401345
8.0,500,100,11386.633923
8.0,500,101,11379.98724
8.0,500,102,11372.889723
8.0,500,103,11365.001807
8.0,500,104,11358.357137
8.0,500,105,11350.462316
8.0,500,106,11343.313026
8.0,500,107,11336.291265
8.0,500,108,11329.575145
8.0,500,109,11323.544364
8.0,500,110,11317.933365
8.0,500,111,11312.04311
8.0,500,112,11305.895572
8.0,500,113,11300.606144
8.0,500,114,11294.55018
8.0,500,115,11289.162492
8.0,500,116,11283.731382
8.0,500,117,11278.638839
8.0,500,118,11273.396493
8.0,500,119,11268.775382
8.0,500,120,11263.865847
8.0,500,121,11259.226667
8.0,500,122,11254.688346
8.0,500,123,11250.258528
8.0,500,124,11245.53409
8.0,500,125,11241.557147
8.0,500,126,11237.703712
8.0,500,127,11233.455591
8.0,500,128,11229.212006
8.0,500,129,11224.918762
8.0,500,130,11220.631128
8.0,500,131,11216.69244
8.0,500,132,11212.535291
8.0,500,133,11208.254461
8.0,500,134,11203.316563
8.0,500,135,11198.64504
8.0,500,136,11194.888363
8.0,500,137,11190.877378
8.0,500,138,11186.953236
8.0,500,139,11182.232669
8.0,500,140,11178.531424
8.0,500,141,11174.139304
8.0,500,142,11170.544234
8.0,500,143,11167.441007
8.0,500,144,11163.609191
8.0,500,145,11159.58872
8.0,500,146,11153.616748
8.0,500,147,11149.866257
8.0,500,148,11146.319599
8.0,500,149,11143.173281
8.0,500,150,11139.65345
8.0,500,151,11136.634255
8.0,500,152,11133.740488
8.0,500,153,11130.585055
8.0,500,154,11127.198091
8.0,500,155,11123.979204
8.0,500,156,11121.060171
8.0,500,157,11118.129508
8.0,500,158,11115.111455
8.0,500,159,11112.092116
8.0,500,160,11109.37978
8.0,500,161,11106.648754
8.0,500,162,11103.600416
8.0,500,163,11101.241656
8.0,500,164,11098.711381
8.0,500,165,11096.156185
8.0,500,166,11093.518082
8.0,500,167,11090.684874
8.0,500,168,11088.336872
8.0,500,169,11085.820522
8.0,500,170,11083.441959
8.0,500,171,11081.276355
8.0,500,172,11078.882427
8.0,500,173,11076.62585
8.0,500,174,11074.580163
8.0,500,175,11072.336438
8.0,500,176,11070.37413
8.0,500,177,11068.349955
8.0,500,178,11066.297723
8.0,500,179,11064.194155
8.0,500,180,11062.45817
8.0,500,181,11060.509394
8.0,500,182,11058.297599
8.0,500,183,11056.472226
8.0,500,184,11054.543594
8.0,500,185,11052.660086
8.0,500,186,11051.149505
8.0,500,187,11049.421144
8.0,500,188,11047.754903
8.0,500,189,11046.082868
8.0,500,190,11044.458392
8.0,500,191,11042.874349
8.0,500,192,11041.196854
8.0,500,193,11039.625781
8.0,500,194,11037.818187
8.0,500,195,11036.236705
8.0,500,196,11034.703873
8.0,500,197,11033.137412
8.0,500,198,11031.66245
8.0,500,199,11030.093269
8.0,500,200,11028.73615
8.0,500,201,11027.071367
8.0,500,202,11025.586668
8.0,500,203,11024.23846
8.0,500,204,11022.936101
8.0,500,205,11021.608364
8.0,500,206,11020.41526
8.0,500,207,11019.211741
8.0,500,208,11017.968472
8.0,500,209,11016.586841
8.0,500,210,11015.357244
8.0,500,211,11014.095235
8.0,500,212,11012.940316
8.0,500,213,11011.761351
8.0,500,214,11010.159408
8.0,500,215,11008.946405
8.0,500,216,11007.71071
8.0,500,217,11006.439902
8.0,500,218,11005.192014
8.0,500,219,11003.916892
8.0,500,220,11002.758109
8.0,500,221,11001.62383
8.0,500,222,11000.536126
8.0,500,223,10999.434019
8.0,500,224,10998.225079
8.0,500,225,10997.211867
8.0,500,226,10996.050818
8.0,500,227,10994.907207
8.0,500,228,10993.94527
8.0,500,229,10992.902082
8.0,500,230,10991.724673
8.0,500,231,10990.678365
8.0,500,232,10989.650696
8.0,500,233,10988.739295
8.0,500,234,10987.725534
8.0,500,235,10986.782811
8.0,500,236,10985.761012
8.0,500,237,10984.797409
8.0,500,238,10983.78375
8.0,500,239,10982.900521
8.0,500,240,10981.973406
8.0,500,241,10981.052973
8.0,500,242,10980.243548
8.0,500,243,10979.324447
8.0,500,244,10978.367616
8.0,500,245,10977.52608
8.0,500,246,10976.713654
8.0,500,247,10975.869565
8.0,500,248,10975.004611
8.0,500,249,10974.220932
8.0,500,250,10973.268474
8.0,500,251,10972.483514
8.0,500,252,10971.763783
8.0,500,253,10970.943086
8.0,500,254,10970.054765
8.0,500,255,10969.305832
8.0,500,256,10968.421636
8.0,500,257,10967.683285
8.0,500,258,10966.989718
8.0,500,259,10966.223761
8.0,500,260,10965.57469
8.0,500,261,10964.866248
8.0,500,262,10964.059107
8.0,500,263,10963.256976
8.0,500,264,10962.433708
8.0,500,265,10961.674639
8.0,500,266,10960.947097
8.0,500,267,10959.953825
8.0,500,268,10959.14061
8.0,500,269,10958.202944
8.0,500,270,10957.493058
8.0,500,271,10956.696938
8.0,500,272,10955.987232
8.0,500,273,10955.235487
8.0,500,274,10954.49853
8.0,500,275,10953.770653
8.0,500,276,10952.845174
8.0,500,277,10952.133947
8.0,500,278,10951.32118
8.0,500,279,10950.633781
8.0,500,280,10949.925558
8.0,500,281,10949.207883
8.0,500,282,10948.617456
8.0,500,283,10948.037603
8.0,500,284,10947.387845
8.0,500,285,10946.861021
8.0,500,286,10946.304474
8.0,500,287,10945.767286
8.0,500,288,10945.104532
8.0,500,289,10944.486661
8.0,500,290,10944.006203
8.0,500,291,10943.325264
8.0,500,292,10942.783122
8.0,500,293,10942.059091
8.0,500,294,10941.328883
8.0,500,295,10940.726485
8.0,500,296,10940.006323
8.0,500,297,10939.430711
8.0,500,298,10938.688907
8.0,500,299,10938.064925
8.0,500,300,10937.323561
8.0,500,301,10936.672823
8.0,500,302,10936.043482
8.0,500,303,10935.443046
8.0,500,304,10934.904819
8.0,500,305,10934.360343
8.0,500,306,10933.785128
8.0,500,307,10933.285567
8.0,500,308,10932.826836
8.0,500,309,10932.1578
8.0,500,310,10931.695558
8.0,500,311,10931.144915
8.0,500,312,10930.601427
8.0,500,313,10930.106648
8.0,500,314,10929.664672
8.0,500,315,10929.158674
8.0,500,316,10928.593583
8.0,500,317,10928.087669
8.0,500,318,10927.589863
8.0,500,319,10927.10842
8.0,500,320,10926.699426
8.0,500,321,10926.144276
8.0,500,322,10925.67598
8.0,500,323,10925.183392
8.0,500,324,10924.719211
8.0,500,325,10924.249557
8.0,500,326,10923.790843
8.0,500,327,10923.345174
8.0,500,328,10922.909595
8.0,500,329,10922.535563
8.0,500,330,10922.100925
8.0,500,331,10921.703113
8.0,500,332,10921.236733
8.0,500,333,10920.7916
8.0,500,334,10920.348058
8.0,500,335,10919.907253
8.0,500,336,10919.451986
8.0,500,337,10919.049565
8.0,500,338,10918.674266
8.0,500,339,10918.259729
8.0,500,340,10917.828272
8.0,500,341,10917.4078
8.0,500,342,10917.060583
8.0,500,343,10916.704013
8.0,500,344,10916.348873
8.0,500,345,10915.950386
8.0,500,346,10915.518664
8.0,500,347,10915.137459
8.0,500,348,10914.816405
8.0,500,349,10914.486252
8.0,500,350,10914.109182
8.0,500,351,10913.708881
8.0,500,352,10913.334385
8.0,500,353,10912.973818
8.0,500,354,10912.574358
8.0,500,355,10912.187306
8.0,500,356,10911.84413
8.0,500,357,10911.562173
8.0,500,358,10911.160111
8.0,500,359,10910.796792
8.0,500,360,10910.452781
8.0,500,361,10910.096327
8.0,500,362,10909.728226
8.0,500,363,10909.376918
8.0,500,364,10909.042623
8.0,500,365,10908.675043
8.0,500,366,10908.341397
8.0,500,367,10907.964975
8.0,500,368,10907.725212
8.0,500,369,10907.332362
8.0,500,370,10907.047599
8.0,500,371,10906.670396
8.0,500,372,10906.349738
8.0,500,373,10906.080469
8.0,500,374,10905.7911
8.0,500,375,10905.430591
8.0,500,376,10905.082742
8.0,500,377,10904.873107
8.0,500,378,10904.558424
8.0,500,379,10904.237668
8.0,500,380,10903.868771
8.0,500,381,10903.601873
8.0,500,382,10903.311547
8.0,500,383,10902.984629
8.0,500,384,10902.696964
8.0,500,385,10902.392287
8.0,500,386,10902.068917
8.0,500,387,10901.830923
8.0,500,388,10901.515136
8.0,500,389,10901.191233
8.0,500,390,10900.872397
8.0,500,391,10900.640887
8.0,500,392,10900.296529
8.0,500,393,10900.076173
8.0,500,394,10899.786243
8.0,500,395,10899.478666
8.0,500,396,10899.186613
8.0,500,397,10898.980204
8.0,500,398,10898.765764
8.0,500,399,10898.558437
8.0,500,400,10898.27166
8.0,500,401,10898.008841
8.0,500,402,10897.670139
8.0,500,403,10897.437683
8.0,500,404,10897.187436
8.0,500,405,10896.868593
8.0,500,406,10896.63383
8.0,500,407,10896.406135
8.0,500,408,10896.196095
8.0,500,409,10895.906513
8.0,500,410,10895.678953
8.0,500,411,10895.457939
8.0,500,412,10895.253549
8.0,500,413,10894.981044
8.0,500,414,10894.71506
8.0,500,415,10894.485246
8.0,500,416,10894.229686
8.0,500,417,10894.004692
8.0,500,418,10893.74248
8.0,500,419,10893.49272
8.0,500,420,10893.259919
8.0,500,421,10893.060547
8.0,500,422,10892.829954
8.0,500,423,10892.598788
8.0,500,424,10892.383188
8.0,500,425,10892.144205
8.0,500,426,10891.927489
8.0,500,427,10891.690673
8.0,500,428,10891.51028
8.0,500,429,10891.339106
8.0,500,430,10891.152335
8.0,500,431,10890.928404
8.0,500,432,10890.726539
8.0,500,433,10890.531344
8.0,500,434,10890.359125
8.0,500,435,10890.119786
8.0,500,436,10889.882247
8.0,500,437,10889.609943
8.0,500,438,10889.41662
8.0,500,439,10889.21355
8.0,500,440,10889.003729
8.0,500,441,10888.754415
8.0,500,442,10888.588604
8.0,500,443,10888.410024
8.0,500,444,10888.227828
8.0,500,445,10888.066221
8.0,500,446,10887.891285
8.0,500,447,10887.685126
8.0,500,448,10887.488184
8.0,500,449,10887.283693
8.0,500,450,10887.104293
8.0,500,451,10886.939716
8.0,500,452,10886.748889
8.0,500,453,10886.542027
8.0,500,454,10886.35561
8.0,500,455,10886.170549
8.0,500,456,10885.943198
8.0,500,457,10885.750665
8.0,500,458,10885.592801
8.0,500,459,10885.389502
8.0,500,460,10885.16904
8.0,500,461,10884.984804
8.0,500,462,10884.830918
8.0,500,463,10884.697694
8.0,500,464,10884.537038
8.0,500,465,10884.381215
8.0,500,466,10884.181495
8.0,500,467,10884.059538
8.0,500,468,10883.893227
8.0,500,469,10883.735785
8.0,500,470,10883.568835
8.0,500,471,10883.460418
8.0,500,472,10883.329051
8.0,500,473,10883.154769
8.0,500,474,10882.967733
8.0,500,475,10882.76129
8.0,500,476,10882.56934
8.0,500,477,10882.368359
8.0,500,478,10882.21423
8.0,500,479,10882.031848
8.0,500,480,10881.896458
8.0,500,481,10881.697144
8.0,500,482,10881.520367
8.0,500,483,10881.394132
8.0,500,484,10881.236258
8.0,500,485,10881.095812
8.0,500,486,10880.943252
8.0,500,487,10880.82774
8.0,500,488,10880.661472
8.0,500,489,10880.468746
8.0,500,490,10880.261109
8.0,500,491,10880.125469
8.0,500,492,10880.004636
8.0,500,493,10879.83417
8.0,500,494,10879.664958
8.0,500,495,10879.525928
8.0,500,496,10879.368585
8.0,500,497,10879.249382
8.0,500,498,10879.124489
8.0,500,499,10878.989184
10.0,10,0,11581.071321
10.0,10,1,13120.430831
10.0,10,2,12250.566753
10.0,10,3,11840.925135
10.0,10,4,11569.091104
10.0,10,5,11372.652282
10.0,10,6,11221.682705
10.0,10,7,11093.048215
10.0,10,8,10985.635019
10.0,10,9,10894.256491
10.0,20,0,11581.071321
10.0,20,1,14615.733661
10.0,20,2,13055.02018
10.0,20,3,12458.711738
10.0,20,4,12114.160183
10.0,20,5,11870.482017
10.0,20,6,11694.425477
10.0,20,7,11547.743073
10.0,20,8,11427.506518
10.0,20,9,11323.113766
10.0,20,10,11233.298021
10.0,20,11,11154.436634
10.0,20,12,11076.377947
10.0,20,13,11008.850985
10.0,20,14,10953.426951
10.0,20,15,10902.116486
10.0,20,16,10853.538232
10.0,20,17,10814.382793
10.0,20,18,10777.687259
10.0,20,19,10743.8085
10.0,50,0,11581.071321
10.0,50,1,15881.357175
10.0,50,2,15793.531985
10.0,50,3,14122.575954
10.0,50,4,13315.631944
10.0,50,5,12882.743311
10.0,50,6,12607.987777
10.0,50,7,12392.255896
10.0,50,8,12225.090336
10.0,50,9,12084.659698
10.0,50,10,11965.698628
10.0,50,11,11864.361676
10.0,50,12,11773.379925
10.0,50,13,11696.13043
10.0,50,14,11622.986132
10.0,50,15,11553.688836
10.0,50,16,11494.055169
10.0,50,17,11439.371129
10.0,50,18,11392.65343
10.0,50,19,11352.128388
10.0,50,20,11311.421232
10.0,50,21,11271.412637
10.0,50,22,11234.762118
10.0,50,23,11202.520894
10.0,50,24,11173.147724
10.0,50,25,11142.566608
10.0,50,26,11117.329033
10.0,50,27,11096.752874
10.0,50,28,11077.352976
10.0,50,29,11060.390656
10.0,50,30,11042.994058
10.0,50,31,11026.503576
10.0,50,32,11010.556542
10.0,50,33,10995.694201
10.0,50,34,10981.410304
10.0,50,35,10967.228709
10.0,50,36,10953.635257
10.0,50,37,10942.227422
10.0,50,38,10930.354611
10.0,50,39,10918.327209
10.0,50,40,10909.192532
10.0,50,41,10898.710666
10.0,50,42,10889.923953
10.0,50,43,10881.05347
10.0,50,44,10874.312594
10.0,50,45,10867.992112
10.0,50,46,10861.994045
10.0,50,47,10856.123094
10.0,50,48,10849.947647
10.0,50,49,10843.749863
10.0,100,0,11581.071321
10.0,100,1,15881.357175
10.0,100,2,16332.261791
10.0,100,3,16557.115262
10.0,100,4,16320.63692
10.0,100,5,15055.918291
10.0,100,6,14162.426251
10.0,100,7,13606.05521
10.0,100,8,13280.813317
10.0,100,9,13036.432354
10.0,100,10,12851.034567
10.0,100,11,12696.754925
10.0,100,12,12563.21399
10.0,100,13,12452.003616
10.0,100,14,12349.52471
10.0,100,15,12262.404211
10.0,100,16,12185.314577
10.0,100,17,12110.53265
10.0,100,18,12044.647702
10.0,100,19,11983.628611
10.0,100,20,11928.736136
10.0,100,21,11881.320903
10.0,100,22,11838.050768
10.0,100,23,11796.978181
10.0,100,24,11756.715113
10.0,100,25,11720.452791
10.0,100,26,11687.336388
10.0,100,27,11657.509786
10.0,100,28,11628.203802
10.0,100,29,11601.525013
10.0,100,30,11577.950034
10.0,100,31,11555.191563
10.0,100,32,11534.282405
10.0,100,33,11516.883605
10.0,100,34,11498.87368
10.0,100,35,11482.205676
10.0,100,36,11466.238049
10.0,100,37,11449.217675
10.0,100,38,11433.433954
10.0,100,39,11418.940007
10.0,100,40,11406.050683
10.0,100,41,11392.397972
10.0,100,42,11379.679276
10.0,100,43,11365.995425
10.0,100,44,11354.676358
10.0,100,45,11344.610616
10.0,100,46,11334.595516
10.0,100,47,11325.714464
10.0,100,48,11317.692001
10.0,100,49,11309.474001
10.0,100,50,11302.016246
10.0,100,51,11294.675704
10.0,100,52,11287.658655
10.0,100,53,11281.050221
10.0,100,54,11274.549921
10.0,100,55,11267.540808
10.0,100,56,11260.626955
10.0,100,57,11254.107604
10.0,100,58,11246.318794
10.0,100,59,11239.537549
10.0,100,60,11232.768064
10.0,100,61,11225.706313
10.0,100,62,11220.167206
10.0,100,63,11214.781081
10.0,100,64,11209.863479
10.0,100,65,11204.666692
10.0,100,66,11199.886476
10.0,100,67,11195.328902
10.0,100,68,11191.162261
10.0,100,69,11187.095907
10.0,100,70,11182.724914
10.0,100,71,11177.550549
10.0,100,72,11171.934345
10.0,100,73,11166.622116
10.0,100,74,11162.685397
10.0,100,75,11158.903402
10.0,100,76,11155.183671
10.0,100,77,11151.472582
10.0,100,78,11148.157603
10.0,100,79,11145.10706
10.0,100,80,11142.294999
10.0,100,81,11139.534872
10.0,100,82,11136.698017
10.0,100,83,11133.511342
10.0,100,84,11130.802747
10.0,100,85,11128.289409
10.0,100,86,11125.934078
10.0,100,87,11123.76429
10.0,100,88,11121.650761
10.0,100,89,11119.428025
10.0,100,90,11116.562659
10.0,100,91,11114.469132
10.0,100,92,11111.638012
10.0,100,93,11108.953417
10.0,100,94,11105.894333
10.0,100,95,11102.934215
10.0,100,96,11100.33812
10.0,100,97,11097.410495
10.0,100,98,11094.758203
10.0,100,99,11092.240405
10.0,200,0,11581.071321
10.0,200,1,15881.357175
10.0,200,2,16332.261791
10.0,200,3,16557.115262
10.0,200,4,16693.966895
10.0,200,5,16827.737932
10.0,200,6,16904.074658
10.0,200,7,16990.033774
10.0,200,8,16939.430602
10.0,200,9,16308.262507
10.0,200,10,15474.244933
10.0,200,11,14865.985924
10.0,200,12,14433.976952
10.0,200,13,14085.562093
10.0,200,14,13820.21913
10.0,200,15,13616.843907
10.0,200,16,13436.988753
10.0,200,17,13286.625228
10.0,200,18,13156.577842
10.0,200,19,13045.947349
10.0,200,20,12950.108026
10.0,200,21,12859.390788
10.0,200,22,12783.614004
10.0,200,23,12715.811597
10.0,200,24,12649.898788
10.0,200,25,12592.539846
10.0,200,26,12536.431364
10.0,200,27,12486.09376
10.0,200,28,12441.730142
10.0,200,29,12400.864172
10.0,200,30,12359.624779
10.0,200,31,12321.108421
10.0,200,32,12286.763369
10.0,200,33,12253.557624
10.0,200,34,12223.675096
10.0,200,35,12195.820913
10.0,200,36,12169.608604
10.0,200,37,12143.060446
10.0,200,38,12117.642484
10.0,200,39,12094.121155
10.0,200,40,12072.872523
10.0,200,41,12053.026383
10.0,200,42,12033.322984
10.0,200,43,12014.302005
10.0,200,44,11997.618971
10.0,200,45,11979.853739
10.0,200,46,11962.887349
10.0,200,47,11947.193487
10.0,200,48,11932.659341
10.0,200,49,11918.523257
10.0,200,50,11904.378368
10.0,200,51,11890.924886
10.0,200,52,11879.340217
10.0,200,53,11868.422313
10.0,200,54,11858.240527
10.0,200,55,11848.256517
10.0,200,56,11838.742676
10.0,200,57,11829.295242
10.0,200,58,11820.005954
10.0,200,59,11810.529307
10.0,200,60,11801.733103
10.0,200,61,11793.346699
10.0,200,62,11785.199032
10.0,200,63,11777.306522
10.0,200,64,11770.055392
10.0,200,65,11762.010306
10.0,200,66,11753.713396
10.0,200,67,11744.758561
10.0,200,68,11737.361266
10.0,200,69,11730.62674
10.0,200,70,11723.720883
10.0,200,71,11716.979708
10.0,200,72,11710.537295
10.0,200,73,11704.650345
10.0,200,74,11698.861104
10.0,200,75,11693.227107
10.0,200,76,11687.019974
10.0,200,77,11681.315031
10.0,200,78,11674.945686
10.0,200,79,11669.440744
10.0,200,80,11664.54942
10.0,200,81,11659.906236
10.0,200,82,11655.42313
10.0,200,83,11650.623949
10.0,200,84,11646.735661
10.0,200,85,11642.576351
10.0,200,86,11638.641433
10.0,200,87,11634.835971
10.0,200,88,11631.221761
10.0,200,89,11627.329208
10.0,200,90,11623.655245
10.0,200,91,11620.187223
10.0,200,92,11616.760608
10.0,200,93,11613.187537
10.0,200,94,11609.848101
10.0,200,95,11606.585363
10.0,200,96,11603.347412
10.0,200,97,11600.347654
10.0,200,98,11597.190646
10.0,200,99,11593.754542
10.0,200,100,11590.732592
10.0,200,101,11587.001292
10.0,200,102,11583.249034
10.0,200,103,11579.690849
10.0,200,104,11576.174098
10.0,200,105,11573.078205
10.0,200,106,11570.149148
10.0,200,107,11567.113893
10.0,200,108,11564.20922
10.0,200,109,11561.256214
10.0,200,110,11558.514118
10.0,200,111,11555.871635
10.0,200,112,11553.1742
10.0,200,113,11550.662306
10.0,200,114,11548.301369
10.0,200,115,11545.675293
10.0,200,116,11543.47926
10.0,200,117,11541.158727
10.0,200,118,11538.330033
10.0,200,119,11535.644749
10.0,200,120,11533.561406
10.0,200,121,11531.190823
10.0,200,122,11528.772511
10.0,200,123,11526.636506
10.0,200,124,11524.621252
10.0,200,125,11522.498164
10.0,200,126,11520.726105
10.0,200,127,11518.965427
10.0,200,128,11517.343291
10.0,200,129,11515.619703
10.0,200,130,11513.676238
10.0,200,131,11512.035624
10.0,200,132,11510.179005
10.0,200,133,11508.211988
10.0,200,134,11506.511364
10.0,200,135,11504.688017
10.0,200,136,11502.902175
10.0,200,137,11501.066616
10.0,200,138,11499.325186
10.0,200,139,11497.717117
10.0,200,140,11495.852486
10.0,200,141,11494.130951
10.0,200,142,11492.336384
10.0,200,143,11490.026517
10.0,200,144,11486.144605
10.0,200,145,11483.34249
10.0,200,146,11481.016229
10.0,200,147,11479.06255
10.0,200,148,11477.318758
10.0,200,149,11476.034736
10.0,200,150,11474.42201
10.0,200,151,11472.708441
10.0,200,152,11471.223748
10.0,200,153,11469.832796
10.0,200,154,11468.173921
10.0,200,155,11466.945224
10.0,200,156,11465.649812
10.0,200,157,11464.414182
10.0,200,158,11463.099838
10.0,200,159,11461.959298
10.0,200,160,11460.80737
10.0,200,161,11459.613755
10.0,200,162,11458.181188
10.0,200,163,11456.888671
10.0,200,164,11455.678501
10.0,200,165,11454.411006
10.0,200,166,11453.238838
10.0,200,167,11452.105186
10.0,200,168,11450.667818
10.0,200,169,11449.40207
10.0,200,170,11446.196415
10.0,200,171,11444.604161
10.0,200,172,11443.210585
10.0,200,173,11442.12168
10.0,200,174,11440.941999
10.0,200,175,11439.670921
10.0,200,176,11438.573902
10.0,200,177,11437.518911
10.0,200,178,11436.583407
10.0,200,179,11435.808557
10.0,200,180,11434.916514
10.0,200,181,11434.099634
10.0,200,182,11433.300789
10.0,200,183,11432.451632
10.0,200,184,11431.850831
10.0,200,185,11431.12961
10.0,200,186,11430.388623
10.0,200,187,11429.547873
10.0,200,188,11428.633916
10.0,200,189,11427.795808
10.0,200,190,11427.020987
10.0,200,191,11426.200238
10.0,200,192,11425.417357
10.0,200,193,11424.709978
10.0,200,194,11423.821284
10.0,200,195,11423.009727
10.0,200,196,11422.258974
10.0,200,197,11421.511087
10.0,200,198,11420.781906
10.0,200,199,11419.989475
10.0,500,0,11581.071321
10.0,500,1,15881.357175
10.0,500,2,16332.261791
10.0,500,3,16557.115262
10.0,500,4,16693.966895
10.0,500,5,16827.737932
10.0,500,6,16904.074658
10.0,500,7,16992.361865
10.0,500,8,17093.720451
10.0,500,9,17156.944833
10.0,500,10,17222.004978
10.0,500,11,17285.507606
10.0,500,12,17349.095841
10.0,500,13,17402.330412
10.0,500,14,17459.481321
10.0,500,15,17534.383607
10.0,500,16,17582.818499
10.0,500,17,17630.610957
10.0,500,18,17674.070812
10.0,500,19,17706.452622
10.0,500,20,17733.451474
10.0,500,21,17712.28183
10.0,500,22,17586.194299
10.0,500,23,17302.013772
10.0,500,24,16953.64499
10.0,500,25,16599.039209
10.0,500,26,16286.911937
10.0,500,27,16011.744354
10.0,500,28,15740.604558
10.0,500,29,15552.386752
10.0,500,30,15351.327671
10.0,500,31,15193.025614
10.0,500,32,15057.444286
10.0,500,33,14901.501095
10.0,500,34,14778.141292
10.0,500,35,14636.293888
10.0,500,36,14512.228021
10.0,500,37,14417.157896
10.0,500,38,14329.489002
10.0,500,39,14228.592762
10.0,500,40,14156.266656
10.0,500,41,14080.631471
10.0,500,42,14008.898058
10.0,500,43,13943.621957
10.0,500,44,13878.765048
10.0,500,45,13814.21356
10.0,500,46,13753.202551
10.0,500,47,13694.380276
10.0,500,48,13648.499491
10.0,500,49,13597.618401
10.0,500,50,13554.477986
10.0,500,51,13506.41614
10.0,500,52,13459.519939
10.0,500,53,13405.151891
10.0,500,54,13368.39507
10.0,500,55,13325.642112
10.0,500,56,13287.555208
10.0,500,57,13245.750582
10.0,500,58,13213.945803
10.0,500,59,13181.486792
10.0,500,60,13149.199058
10.0,500,61,13121.607888
10.0,500,62,13098.110339
10.0,500,63,13073.046107
10.0,500,64,13051.349392
10.0,500,65,13022.694386
10.0,500,66,13000.049578
10.0,500,67,12980.68485
10.0,500,68,12961.602984
10.0,500,69,12941.37957
10.0,500,70,12922.372471
10.0,500,71,12903.536959
10.0,500,72,12886.618894
10.0,500,73,12868.242786
10.0,500,74,12848.653674
10.0,500,75,12832.847651
10.0,500,76,12816.229465
10.0,500,77,12800.154917
10.0,500,78,12784.088088
10.0,500,79,12768.485912
10.0,500,80,12754.434127
10.0,500,81,12740.115807
10.0,500,82,12727.478806
10.0,500,83,12712.828903
10.0,500,84,12700.762481
10.0,500,85,12689.664634
10.0,500,86,12677.551044
10.0,500,87,12663.857521
10.0,500,88,12653.420185
10.0,500,89,12642.841414
10.0,500,90,12632.892819
10.0,500,91,12621.672606
10.0,500,92,12611.600351
10.0,500,93,12602.375979
10.0,500,94,12592.231408
10.0,500,95,12583.293662
10.0,500,96,12573.352363
10.0,500,97,12564.628002
10.0,500,98,12556.073741
10.0,500,99,12547.420275
10.0,500,100,12538.980531
10.0,500,101,12530.826623
10.0,500,102,12522.549443
10.0,500,103,12514.617593
10.0,500,104,12507.051041
10.0,500,105,12499.801927
10.0,500,106,12493.006531
10.0,500,107,12486.446113
10.0,500,108,12479.89741
10.0,500,109,12473.521058
10.0,500,110,12466.858562
10.0,500,111,12461.279437
10.0,500,112,12455.269929
10.0,500,113,12449.661647
10.0,500,114,12444.084271
10.0,500,115,12438.348025
10.0,500,116,12433.186634
10.0,500,117,12427.962297
10.0,500,118,12421.649939
10.0,500,119,12416.701164
10.0,500,120,12411.755328
10.0,500,121,12406.693043
10.0,500,122,12401.125964
10.0,500,123,12396.147634
10.0,500,124,12391.745026
10.0,500,125,12386.8607
10.0,500,126,12382.462267
10.0,500,127,12377.908548
10.0,500,128,12373.862428
10.0,500,129,12370.094788
10.0,500,130,12365.705997
10.0,500,131,12361.65221
10.0,500,132,12357.643264
10.0,500,133,12353.824167
10.0,500,134,12349.587693
10.0,500,135,12345.729899
10.0,500,136,12341.975451
10.0,500,137,12337.951412
10.0,500,138,12334.380946
10.0,500,139,12330.783558
10.0,500,140,12325.138899
10.0,500,141,12321.69275
10.0,500,142,12318.106493
10.0,500,143,12314.281798
10.0,500,144,12310.067126
10.0,500,145,12306.715658
10.0,500,146,12303.513263
10.0,500,147,12300.371489
10.0,500,148,12296.906671
10.0,500,149,12293.762035
10.0,500,150,12290.337081
10.0,500,151,12287.239268
10.0,500,152,12284.122258
10.0,500,153,12281.147613
10.0,500,154,12278.191522
10.0,500,155,12275.490413
10.0,500,156,12272.443137
10.0,500,157,12269.783847
10.0,500,158,12266.927784
10.0,500,159,12264.296507
10.0,500,160,12261.621767
10.0,500,161,12259.124147
10.0,500,162,12256.504281
10.0,500,163,12253.975439
10.0,500,164,12251.642869
10.0,500,165,12249.260291
10.0,500,166,12246.82962
10.0,500,167,12244.346856
10.0,500,168,12241.857079
10.0,500,169,12239.527638
10.0,500,170,12237.01596
10.0,500,171,12234.593569
10.0,500,172,12232.055498
10.0,500,173,12229.779488
10.0,500,174,12227.400282
10.0,500,175,12225.21295
10.0,500,176,12222.250123
10.0,500,177,12219.853025
10.0,500,178,12217.72567
10.0,500,179,12215.775991
10.0,500,180,12213.502736
10.0,500,181,12211.494505
10.0,500,182,12209.58763
10.0,500,183,12207.539283
10.0,500,184,12205.537016
10.0,500,185,12203.411206
10.0,500,186,12201.449445
10.0,500,187,12199.300267
10.0,500,188,12196.655812
10.0,500,189,12194.947862
10.0,500,190,12192.917705
10.0,500,191,12190.829877
10.0,500,192,12188.846167
10.0,500,193,12186.954293
10.0,500,194,12184.991148
10.0,500,195,12183.395435
10.0,500,196,12181.714938
10.0,500,197,12180.145815
10.0,500,198,12178.512087
10.0,500,199,12176.783875
10.0,500,200,12174.953825
10.0,500,201,12173.376043
10.0,500,202,12171.96143
10.0,500,203,12170.342125
10.0,500,204,12168.703099
10.0,500,205,12167.290917
10.0,500,206,12165.777505
10.0,500,207,12164.274476
10.0,500,208,12162.623436
10.0,500,209,12161.234277
10.0,500,210,12159.833333
10.0,500,211,12158.199876
10.0,500,212,12156.732574
10.0,500,213,12155.165426
10.0,500,214,12153.775339
10.0,500,215,12152.259871
10.0,500,216,12150.827999
10.0,500,217,12149.520892
10.0,500,218,12148.056558
10.0,500,219,12146.691599
10.0,500,220,12144.88256
10.0,500,221,12143.453347
10.0,500,222,12142.115689
10.0,500,223,12140.740361
10.0,500,224,12139.296792
10.0,500,225,12138.083342
10.0,500,226,12136.865682
10.0,500,227,12135.7059
10.0,500,228,12134.558226
10.0,500,229,12133.127037
10.0,500,230,12131.787943
10.0,500,231,12130.544905
10.0,500,232,12129.343367
10.0,500,233,12127.962873
10.0,500,234,12126.775828
10.0,500,235,12125.434896
10.0,500,236,12124.256671
10.0,500,237,12122.941997
10.0,500,238,12121.347022
10.0,500,239,12120.040832
10.0,500,240,12118.565054
10.0,500,241,12117.241436
10.0,500,242,12115.941195
10.0,500,243,12114.600527
10.0,500,244,12112.975888
10.0,500,245,12111.853875
10.0,500,246,12110.79269
10.0,500,247,12109.575163
10.0,500,248,12108.375977
10.0,500,249,12107.203847
10.0,500,250,12106.221832
10.0,500,251,12105.195096
10.0,500,252,12104.145478
10.0,500,253,12103.205811
10.0,500,254,12102.157853
10.0,500,255,12101.183575
10.0,500,256,12100.187359
10.0,500,257,12099.230065
10.0,500,258,12098.185359
10.0,500,259,12097.207508
10.0,500,260,12096.257938
10.0,500,261,12095.376054
10.0,500,262,12094.53226
10.0,500,263,12093.679084
10.0,500,264,12092.850848
10.0,500,265,12091.938481
10.0,500,266,12091.084918
10.0,500,267,12090.331991
10.0,500,268,12089.545455
10.0,500,269,12088.713667
10.0,500,270,12087.911719
10.0,500,271,12087.076293
10.0,500,272,12086.276944
10.0,500,273,12085.416597
10.0,500,274,12084.600291
10.0,500,275,12083.839972
10.0,500,276,12083.181296
10.0,500,277,12082.417679
10.0,500,278,12081.688926
10.0,500,279,12080.869768
10.0,500,280,12080.103579
10.0,500,281,12079.342922
10.0,500,282,12078.447469
10.0,500,283,12077.704974
10.0,500,284,12076.865213
10.0,500,285,12076.097875
10.0,500,286,12075.160215
10.0,500,287,12074.136625
10.0,500,288,12073.063009
10.0,500,289,12072.349713
10.0,500,290,12071.461696
10.0,500,291,12070.731679
10.0,500,292,12070.013907
10.0,500,293,12069.281655
10.0,500,294,12068.649036
10.0,500,295,12067.937896
10.0,500,296,12067.227743
10.0,500,297,12066.670436
10.0,500,298,12066.09395
10.0,500,299,12065.525028
10.0,500,300,12064.879584
10.0,500,301,12064.199176
10.0,500,302,12063.620805
10.0,500,303,12063.045906
10.0,500,304,12062.420713
10.0,500,305,12061.881622
10.0,500,306,12061.388263
10.0,500,307,12060.914064
10.0,500,308,12060.344022
10.0,500,309,12059.730278
10.0,500,310,12059.148764
10.0,500,311,12058.578737
10.0,500,312,12058.061229
10.0,500,313,12057.474791
10.0,500,314,12056.913803
10.0,500,315,12056.400623
10.0,500,316,12055.85926
10.0,500,317,12055.343538
10.0,500,318,12054.844084
10.0,500,319,12054.311866
10.0,500,320,12053.812012
10.0,500,321,12053.348872
10.0,500,322,12052.812108
10.0,500,323,12052.182046
10.0,500,324,12051.665548
10.0,500,325,12051.115119
10.0,500,326,12050.593319
10.0,500,327,12050.127623
10.0,500,328,12049.711612
10.0,500,329,12049.248418
10.0,500,330,12048.804658
10.0,500,331,12048.322413
10.0,500,332,12047.8936
10.0,500,333,12047.492029
10.0,500,334,12047.053542
10.0,500,335,12046.519536
10.0,500,336,12046.087857
10.0,500,337,12045.684277
10.0,500,338,12045.16785
10.0,500,339,12044.712789
10.0,500,340,12044.185425
10.0,500,341,12043.822381
10.0,500,342,12043.366045
10.0,500,343,12042.941917
10.0,500,344,12042.433718
10.0,500,345,12041.956724
10.0,500,346,12041.531444
10.0,500,347,12041.11672
10.0,500,348,12040.714044
10.0,500,349,12040.291221
10.0,500,350,12039.928505
10.0,500,351,12039.552896
10.0,500,352,12039.161731
10.0,500,353,12038.71724
10.0,500,354,12038.361132
10.0,500,355,12037.986401
10.0,500,356,12037.583483
10.0,500,357,12037.231349
10.0,500,358,12036.79525
10.0,500,359,12036.421941
10.0,500,360,12035.986196
10.0,500,361,12035.605734
10.0,500,362,12035.187473
10.0,500,363,12034.768637
10.0,500,364,12034.337588
10.0,500,365,12033.857951
10.0,500,366,12033.371393
10.0,500,367,12033.012426
10.0,500,368,12032.632316
10.0,500,369,12032.250444
10.0,500,370,12031.92413
10.0,500,371,12031.590701
10.0,500,372,12031.216606
10.0,500,373,12030.818086
10.0,500,374,12030.48711
10.0,500,375,12030.176256
10.0,500,376,12029.802243
10.0,500,377,12029.476996
10.0,500,378,12029.119465
10.0,500,379,12028.748145
10.0,500,380,12028.327837
10.0,500,381,12027.935657
10.0,500,382,12027.605746
10.0,500,383,12027.205675
10.0,500,384,12026.808099
10.0,500,385,12026.507813
10.0,500,386,12026.229545
10.0,500,387,12025.865458
10.0,500,388,12025.526312
10.0,500,389,12025.18235
10.0,500,390,12024.798537
10.0,500,391,12024.407754
10.0,500,392,12024.069401
10.0,500,393,12023.792033
10.0,500,394,12023.414354
10.0,500,395,12023.090105
10.0,500,396,12022.685681
10.0,500,397,12022.361255
10.0,500,398,12022.065154
10.0,500,399,12021.71226
10.0,500,400,12021.251961
10.0,500,401,12020.90876
10.0,500,402,12020.577743
10.0,500,403,12020.268932
10.0,500,404,12019.908002
10.0,500,405,12019.543469
10.0,500,406,12019.175833
10.0,500,407,12018.946364
10.0,500,408,12018.697954
10.0,500,409,12018.474431
10.0,500,410,12018.174957
10.0,500,411,12017.827329
10.0,500,412,12017.537012
10.0,500,413,12017.284283
10.0,500,414,12017.050901
10.0,500,415,12016.753125
10.0,500,416,12016.424976
10.0,500,417,12016.115404
10.0,500,418,12015.835503
10.0,500,419,12015.484404
10.0,500,420,12015.209363
10.0,500,421,12014.915173
10.0,500,422,12014.642532
10.0,500,423,12014.367794
10.0,500,424,12014.109235
10.0,500,425,12013.84513
10.0,500,426,12013.5769
10.0,500,427,12013.274901
10.0,500,428,12013.065069
10.0,500,429,12012.755174
10.0,500,430,12012.497992
10.0,500,431,12012.204845
10.0,500,432,12011.957272
10.0,500,433,12011.690759
10.0,500,434,12011.419938
10.0,500,435,12011.100891
10.0,500,436,12010.78574
10.0,500,437,12010.503952
10.0,500,438,12010.21651
10.0,500,439,12009.917769
10.0,500,440,12009.589403
10.0,500,441,12009.202698
10.0,500,442,12008.827843
10.0,500,443,12008.540055
10.0,500,444,12008.216837
10.0,500,445,12007.808452
10.0,500,446,12007.344499
10.0,500,447,12006.836565
10.0,500,448,12006.611364
10.0,500,449,12006.183423
10.0,500,450,12005.76352
10.0,500,451,12005.443697
10.0,500,452,12005.079482
10.0,500,453,12004.754237
10.0,500,454,12004.484486
10.0,500,455,12004.23239
10.0,500,456,12003.872979
10.0,500,457,12003.605596
10.0,500,458,12003.344954
10.0,500,459,12003.00168
10.0,500,460,12002.708291
10.0,500,461,12002.485842
10.0,500,462,12002.162723
10.0,500,463,12001.95042
10.0,500,464,12001.762913
10.0,500,465,12001.467219
10.0,500,466,12001.177111
10.0,500,467,12000.893605
10.0,500,468,12000.684496
10.0,500,469,12000.342947
10.0,500,470,12000.147175
10.0,500,471,11999.909374
10.0,500,472,11999.65365
10.0,500,473,11999.356368
10.0,500,474,11999.079867
10.0,500,475,11998.863211
10.0,500,476,11998.594769
10.0,500,477,11998.358576
10.0,500,478,11998.129202
10.0,500,479,11997.902404
10.0,500,480,11997.693411
10.0,500,481,11997.414028
10.0,500,482,11997.133934
10.0,500,483,11996.870545
10.0,500,484,11996.606246
10.0,500,485,11996.153314
10.0,500,486,11995.905488
10.0,500,487,11995.668844
10.0,500,488,11995.466102
10.0,500,489,11995.192573
10.0,500,490,11994.762511
10.0,500,491,11994.53131
10.0,500,492,11994.318354
10.0,500,493,11993.895585
10.0,500,494,11993.692413
10.0,500,495,11993.4863
10.0,500,496,11993.165472
10.0,500,497,11992.942725
10.0,500,498,11992.671419
10.0,500,499,11992.371639
12.0,10,0,12871.531597
12.0,10,1,14486.753166
12.0,10,2,13611.191304
12.0,10,3,13213.962725
12.0,10,4,12941.209293
12.0,10,5,12743.95017
12.0,10,6,12601.240005
12.0,10,7,12486.753806
12.0,10,8,12381.56135
12.0,10,9,12290.241479
12.0,20,0,12871.531597
12.0,20,1,16057.254661
12.0,20,2,14433.697471
12.0,20,3,13842.169603
12.0,20,4,13498.747477
12.0,20,5,13248.453496
12.0,20,6,13076.982302
12.0,20,7,12935.532441
12.0,20,8,12821.403453
12.0,20,9,12720.719223
12.0,20,10,12639.995709
12.0,20,11,12566.361801
12.0,20,12,12501.399253
12.0,20,13,12442.193958
12.0,20,14,12390.914732
12.0,20,15,12344.335113
12.0,20,16,12304.059767
12.0,20,17,12269.521073
12.0,20,18,12237.275066
12.0,20,19,12202.028473
12.0,50,0,12871.531597
12.0,50,1,17437.878329
12.0,50,2,17314.299505
12.0,50,3,15487.966274
12.0,50,4,14719.567429
12.0,50,5,14283.205006
12.0,50,6,13997.597707
12.0,50,7,13780.872067
12.0,50,8,13609.642994
12.0,50,9,13472.735887
12.0,50,10,13364.385052
12.0,50,11,13269.071519
12.0,50,12,13185.670491
12.0,50,13,13107.158832
12.0,50,14,13040.72711
12.0,50,15,12983.155093
12.0,50,16,12929.55802
12.0,50,17,12883.215355
12.0,50,18,12838.427048
12.0,50,19,12799.109818
12.0,50,20,12758.215304
12.0,50,21,12720.019004
12.0,50,22,12685.698302
12.0,50,23,12656.396236
12.0,50,24,12625.498988
12.0,50,25,12600.363248
12.0,50,26,12574.326698
12.0,50,27,12549.396315
12.0,50,28,12526.45872
12.0,50,29,12504.349079
12.0,50,30,12483.310665
12.0,50,31,12463.278004
12.0,50,32,12444.202825
12.0,50,33,12426.724039
12.0,50,34,12410.173769
12.0,50,35,12395.010965
12.0,50,36,12380.980244
12.0,50,37,12366.955128
12.0,50,38,12353.199733
12.0,50,39,12340.120519
12.0,50,40,12329.866182
12.0,50,41,12320.581663
12.0,50,42,12311.042347
12.0,50,43,12301.692952
12.0,50,44,12292.407283
12.0,50,45,12284.066396
12.0,50,46,12274.733071
12.0,50,47,12267.197767
12.0,50,48,12259.269987
12.0,50,49,12252.422525
12.0,100,0,12871.531597
12.0,100,1,17437.878329
12.0,100,2,17921.545722
12.0,100,3,18137.319775
12.0,100,4,17847.032414
12.0,100,5,16454.625539
12.0,100,6,15532.572897
12.0,100,7,15006.349618
12.0,100,8,14663.544848
12.0,100,9,14419.586503
12.0,100,10,14233.419656
12.0,100,11,14082.559062
12.0,100,12,13953.039005
12.0,100,13,13845.673031
12.0,100,14,13749.544064
12.0,100,15,13665.422249
12.0,100,16,13592.982648
12.0,100,17,13526.823402
12.0,100,18,13464.631623
12.0,100,19,13408.478689
12.0,100,20,13359.753974
12.0,100,21,13312.222837
12.0,100,22,13268.035081
12.0,100,23,13228.624069
12.0,100,24,13192.006332
12.0,100,25,13158.245038
12.0,100,26,13126.679753
12.0,100,27,13094.699414
12.0,100,28,13065.303104
12.0,100,29,13036.903111
12.0,100,30,13011.119054
12.0,100,31,12985.747575
12.0,100,32,12963.048602
12.0,100,33,12941.485944
12.0,100,34,12919.956073
12.0,100,35,12899.511922
12.0,100,36,12880.3272
12.0,100,37,12863.576473
12.0,100,38,12847.456681
12.0,100,39,12831.491544
12.0,100,40,12817.970233
12.0,100,41,12804.892433
12.0,100,42,12792.332925
12.0,100,43,12780.62022
12.0,100,44,12768.853508
12.0,100,45,12756.540075
12.0,100,46,12745.493921
12.0,100,47,12734.969879
12.0,100,48,12724.418567
12.0,100,49,12715.249156
12.0,100,50,12706.517845
12.0,100,51,12697.011037
12.0,100,52,12688.862187
12.0,100,53,12681.154633
12.0,100,54,12672.883302
12.0,100,55,12666.021802
12.0,100,56,12659.413207
12.0,100,57,12653.226417
12.0,100,58,12647.080429
12.0,100,59,12640.831025
12.0,100,60,12635.365187
12.0,100,61,12629.858843
12.0,100,62,12624.344357
12.0,100,63,12619.201169
12.0,100,64,12614.078886
12.0,100,65,12609.667638
12.0,100,66,12604.859112
12.0,100,67,12599.909029
12.0,100,68,12595.23358
12.0,100,69,12591.357749
12.0,100,70,12587.548478
12.0,100,71,12583.63682
12.0,100,72,12580.002889
12.0,100,73,12576.684222
12.0,100,74,12573.396093
12.0,100,75,12569.895223
12.0,100,76,12566.405577
12.0,100,77,12562.731392
12.0,100,78,12558.948875
12.0,100,79,12555.316292
12.0,100,80,12551.811153
12.0,100,81,12547.881497
12.0,100,82,12543.870707
12.0,100,83,12540.385308
12.0,100,84,12537.314084
12.0,100,85,12534.163997
12.0,100,86,12530.920172
12.0,100,87,12527.529922
12.0,100,88,12524.261422
12.0,100,89,12520.807579
12.0,100,90,12517.221318
12.0,100,91,12514.660611
12.0,100,92,12511.999531
12.0,100,93,12508.994183
12.0,100,94,12506.5114
12.0,100,95,12504.319678
12.0,100,96,12501.746474
12.0,100,97,12499.191027
12.0,100,98,12496.712965
12.0,100,99,12494.033513
12.0,200,0,12871.531597
12.0,200,1,17437.878329
12.0,200,2,17921.545722
12.0,200,3,18137.319775
12.0,200,4,18294.637458
12.0,200,5,18417.295922
12.0,200,6,18507.909015
12.0,200,7,18572.0198
12.0,200,8,18485.64078
12.0,200,9,17726.320846
12.0,200,10,16822.095219
12.0,200,11,16147.213136
12.0,200,12,15734.228861
12.0,200,13,15426.770945
12.0,200,14,15187.901635
12.0,200,15,14961.781382
12.0,200,16,14796.856172
12.0,200,17,14648.104343
12.0,200,18,14517.526697
12.0,200,19,14408.824333
12.0,200,20,14319.75247
12.0,200,21,14238.608804
12.0,200,22,14165.877643
12.0,200,23,14103.32623
12.0,200,24,14043.130756
12.0,200,25,13988.102698
12.0,200,26,13932.584303
12.0,200,27,13883.502515
12.0,200,28,13838.594192
12.0,200,29,13796.137607
12.0,200,30,13752.897093
12.0,200,31,13715.243085
12.0,200,32,13682.770312
12.0,200,33,13651.939018
12.0,200,34,13621.118083
12.0,200,35,13591.809786
12.0,200,36,13562.175986
12.0,200,37,13536.123163
12.0,200,38,13511.530712
12.0,200,39,13487.019858
12.0,200,40,13465.90325
12.0,200,41,13445.236182
12.0,200,42,13425.352396
12.0,200,43,13406.946231
12.0,200,44,13389.227836
12.0,200,45,13371.365417
12.0,200,46,13355.275732
12.0,200,47,13340.051014
12.0,200,48,13324.760403
12.0,200,49,13309.40967
12.0,200,50,13295.564751
12.0,200,51,13281.881195
12.0,200,52,13269.505754
12.0,200,53,13257.218558
12.0,200,54,13245.74823
12.0,200,55,13235.035963
12.0,200,56,13224.494883
12.0,200,57,13215.105198
12.0,200,58,13205.09134
12.0,200,59,13195.947725
12.0,200,60,13187.006984
12.0,200,61,13178.675741
12.0,200,62,13170.650859
12.0,200,63,13163.009533
12.0,200,64,13155.559445
12.0,200,65,13148.52761
12.0,200,66,13140.954189
12.0,200,67,13133.732198
12.0,200,68,13127.157192
12.0,200,69,13120.504162
12.0,200,70,13114.291558
12.0,200,71,13107.938224
12.0,200,72,13102.060771
12.0,200,73,13096.405425
12.0,200,74,13090.845463
12.0,200,75,13085.049512
12.0,200,76,13079.592532
12.0,200,77,13074.176521
12.0,200,78,13068.500432
12.0,200,79,13063.696244
12.0,200,80,13058.610267
12.0,200,81,13053.580304
12.0,200,82,13049.148726
12.0,200,83,13044.739992
12.0,200,84,13040.438689
12.0,200,85,13035.549948
12.0,200,86,13031.358314
12.0,200,87,13026.629605
12.0,200,88,13022.425776
12.0,200,89,13018.369874
12.0,200,90,13014.212792
12.0,200,91,13010.648951
12.0,200,92,13006.614493
12.0,200,93,13002.587885
12.0,200,94,12998.82759
12.0,200,95,12995.74351
12.0,200,96,12992.401953
12.0,200,97,12989.13397
12.0,200,98,12985.911002
12.0,200,99,12982.39844
12.0,200,100,12979.18459
12.0,200,101,12975.893971
12.0,200,102,12972.538942
12.0,200,103,12969.087748
12.0,200,104,12966.006729
12.0,200,105,12962.631521
12.0,200,106,12959.532584
12.0,200,107,12956.560075
12.0,200,108,12953.923332
12.0,200,109,12951.025112
12.0,200,110,12948.053856
12.0,200,111,12945.316627
12.0,200,112,12942.657495
12.0,200,113,12940.084373
12.0,200,114,12936.73072
12.0,200,115,12933.686709
12.0,200,116,12930.961464
12.0,200,117,12928.697614
12.0,200,118,12926.645145
12.0,200,119,12924.372958
12.0,200,120,12922.286112
12.0,200,121,12920.19645
12.0,200,122,12918.29902
12.0,200,123,12916.198574
12.0,200,124,12913.873009
12.0,200,125,12911.651641
12.0,200,126,12909.622302
12.0,200,127,12907.641816
12.0,200,128,12905.869525
12.0,200,129,12903.984317
12.0,200,130,12902.125217
12.0,200,131,12900.464723
12.0,200,132,12898.731365
12.0,200,133,12897.053119
12.0,200,134,12895.39488
12.0,200,135,12893.941726
12.0,200,136,12892.444426
12.0,200,137,12890.949971
12.0,200,138,12889.356705
12.0,200,139,12887.75862
12.0,200,140,12886.252444
12.0,200,141,12884.756904
12.0,200,142,12883.048963
12.0,200,143,12881.163833
12.0,200,144,12878.78674
12.0,200,145,12877.165542
12.0,200,146,12875.35256
12.0,200,147,12873.646423
12.0,200,148,12872.22385
12.0,200,149,12870.627514
12.0,200,150,12868.982885
12.0,200,151,12867.422
12.0,200,152,12866.139683
12.0,200,153,12864.631572
12.0,200,154,12863.212995
12.0,200,155,12861.848642
12.0,200,156,12860.554313
12.0,200,157,12859.087775
12.0,200,158,12857.700633
12.0,200,159,12856.124403
12.0,200,160,12854.816442
12.0,200,161,12853.462246
12.0,200,162,12852.053605
12.0,200,163,12850.562631
12.0,200,164,12848.984217
12.0,200,165,12847.415887
12.0,200,166,12846.099743
12.0,200,167,12844.770154
12.0,200,168,12843.380614
12.0,200,169,12842.008412
12.0,200,170,12840.300936
12.0,200,171,12839.145761
12.0,200,172,12837.649325
12.0,200,173,12836.378917
12.0,200,174,12835.252248
12.0,200,175,12834.122782
12.0,200,176,12833.055214
12.0,200,177,12832.016731
12.0,200,178,12830.979327
12.0,200,179,12830.084111
12.0,200,180,12829.037626
12.0,200,181,12828.081733
12.0,200,182,12826.971855
12.0,200,183,12826.159646
12.0,200,184,12825.348616
12.0,200,185,12824.529853
12.0,200,186,12823.715079
12.0,200,187,12822.925711
12.0,200,188,12821.974777
12.0,200,189,12821.140501
12.0,200,190,12820.281583
12.0,200,191,12819.499568
12.0,200,192,12818.737505
12.0,200,193,12817.981618
12.0,200,194,12817.29957
12.0,200,195,12816.429299
12.0,200,196,12815.620388
12.0,200,197,12814.912571
12.0,200,198,12813.994503
12.0,200,199,12813.335014
12.0,500,0,12871.531597
12.0,500,1,17437.878329
12.0,500,2,17921.545722
12.0,500,3,18137.319775
12.0,500,4,18294.637458
12.0,500,5,18417.295922
12.0,500,6,18507.909015
12.0,500,7,18581.380739
12.0,500,8,18685.107399
12.0,500,9,18760.664222
12.0,500,10,18829.098001
12.0,500,11,18875.001687
12.0,500,12,18934.767539
12.0,500,13,18989.156501
12.0,500,14,19060.087048
12.0,500,15,19116.167992
12.0,500,16,19143.741687
12.0,500,17,19196.503365
12.0,500,18,19246.889597
12.0,500,19,19286.869591
12.0,500,20,19310.75279
12.0,500,21,19292.468646
12.0,500,22,19086.856022
12.0,500,23,18700.370083
12.0,500,24,18238.724592
12.0,500,25,17825.459538
12.0,500,26,17445.747232
12.0,500,27,17177.28132
12.0,500,28,16926.905316
12.0,500,29,16697.977608
12.0,500,30,16508.804416
12.0,500,31,16340.370123
12.0,500,32,16183.543736
12.0,500,33,16047.086713
12.0,500,34,15926.004142
12.0,500,35,15802.851109
12.0,500,36,15697.495705
12.0,500,37,15607.620099
12.0,500,38,15529.676659
12.0,500,39,15446.574999
12.0,500,40,15387.50169
12.0,500,41,15314.037581
12.0,500,42,15254.945827
12.0,500,43,15196.144392
12.0,500,44,15125.83282
12.0,500,45,15064.052181
12.0,500,46,15020.741191
12.0,500,47,14968.869243
12.0,500,48,14920.131479
12.0,500,49,14875.997034
12.0,500,50,14824.669618
12.0,500,51,14783.885078
12.0,500,52,14737.300756
12.0,500,53,14692.263878
12.0,500,54,14651.081326
12.0,500,55,14616.053154
12.0,500,56,14571.115278
12.0,500,57,14542.562996
12.0,500,58,14510.644717
12.0,500,59,14483.897128
12.0,500,60,14456.458882
12.0,500,61,14425.865761
12.0,500,62,14401.644731
12.0,500,63,14380.09926
12.0,500,64,14358.443742
12.0,500,65,14336.94838
12.0,500,66,14318.578321
12.0,500,67,14298.502179
12.0,500,68,14278.155628
12.0,500,69,14257.891508
12.0,500,70,14240.389749
12.0,500,71,14221.388866
12.0,500,72,14204.538463
12.0,500,73,14187.570833
12.0,500,74,14171.782143
12.0,500,75,14156.91721
12.0,500,76,14142.726411
12.0,500,77,14126.886265
12.0,500,78,14112.826867
12.0,500,79,14098.00852
12.0,500,80,14087.012069
12.0,500,81,14070.68589
12.0,500,82,14059.667116
12.0,500,83,14048.580781
12.0,500,84,14036.552775
12.0,500,85,14025.277662
12.0,500,86,14013.467917
12.0,500,87,14003.501784
12.0,500,88,13993.915363
12.0,500,89,13983.528793
12.0,500,90,13973.690264
12.0,500,91,13967.119024
12.0,500,92,13958.412975
12.0,500,93,13950.434693
12.0,500,94,13941.450217
12.0,500,95,13933.557225
12.0,500,96,13923.420751
12.0,500,97,13914.651371
12.0,500,98,13906.774062
12.0,500,99,13899.042761
12.0,500,100,13891.537439
12.0,500,101,13884.314629
12.0,500,102,13877.540002
12.0,500,103,13871.034687
12.0,500,104,13864.5211
12.0,500,105,13858.372515
12.0,500,106,13852.099665
12.0,500,107,13845.87705
12.0,500,108,13839.575655
12.0,500,109,13832.924308
12.0,500,110,13827.020868
12.0,500,111,13820.978698
12.0,500,112,13814.92965
12.0,500,113,13809.148732
12.0,500,114,13803.650291
12.0,500,115,13797.283187
12.0,500,116,13791.536778
12.0,500,117,13786.738837
12.0,500,118,13781.727035
12.0,500,119,13777.113056
12.0,500,120,13772.123564
12.0,500,121,13767.4755
12.0,500,122,13762.468031
12.0,500,123,13757.650405
12.0,500,124,13753.086622
12.0,500,125,13748.713829
12.0,500,126,13743.976341
12.0,500,127,13739.611502
12.0,500,128,13735.45761
12.0,500,129,13731.220352
12.0,500,130,13727.038089
12.0,500,131,13722.860189
12.0,500,132,13718.996841
12.0,500,133,13715.362094
12.0,500,134,13711.516146
12.0,500,135,13707.529934
12.0,500,136,13703.996858
12.0,500,137,13700.240532
12.0,500,138,13696.54226
12.0,500,139,13692.281366
12.0,500,140,13688.604596
12.0,500,141,13682.207645
12.0,500,142,13678.332802
12.0,500,143,13674.427447
12.0,500,144,13670.494116
12.0,500,145,13667.138186
12.0,500,146,13663.793597
12.0,500,147,13660.348152
12.0,500,148,13657.241344
12.0,500,149,13654.331433
12.0,500,150,13650.841704
12.0,500,151,13647.705041
12.0,500,152,13644.627012
12.0,500,153,13641.773291
12.0,500,154,13639.010389
12.0,500,155,13636.329446
12.0,500,156,13633.258776
12.0,500,157,13630.495444
12.0,500,158,13627.723347
12.0,500,159,13624.992169
12.0,500,160,13622.363348
12.0,500,161,13619.726962
12.0,500,162,13617.061463
12.0,500,163,13614.514255
12.0,500,164,13612.032788
12.0,500,165,13609.49938
12.0,500,166,13606.997501
12.0,500,167,13604.448232
12.0,500,168,13601.640397
12.0,500,169,13598.434408
12.0,500,170,13595.64354
12.0,500,171,13593.227062
12.0,500,172,13590.625374
12.0,500,173,13588.313348
12.0,500,174,13586.042483
12.0,500,175,13583.863571
12.0,500,176,13581.61019
12.0,500,177,13579.225777
12.0,500,178,13577.155666
12.0,500,179,13575.123456
12.0,500,180,13572.856239
12.0,500,181,13570.780955
12.0,500,182,13568.625445
12.0,500,183,13566.427577
12.0,500,184,13564.665905
12.0,500,185,13562.930115
12.0,500,186,13560.991739
12.0,500,187,13558.957782
12.0,500,188,13557.158869
12.0,500,189,13555.281167
12.0,500,190,13553.411853
12.0,500,191,13551.524666
12.0,500,192,13549.718835
12.0,500,193,13547.962004
12.0,500,194,13546.31281
12.0,500,195,13544.634549
12.0,500,196,13542.963589
12.0,500,197,13541.327028
12.0,500,198,13539.651748
12.0,500,199,13537.92622
12.0,500,200,13536.425017
12.0,500,201,13534.826326
12.0,500,202,13533.242981
12.0,500,203,13531.670175
12.0,500,204,13530.136724
12.0,500,205,13528.502722
12.0,500,206,13527.06229
12.0,500,207,13525.515701
12.0,500,208,13523.974844
12.0,500,209,13522.592045
12.0,500,210,13521.301915
12.0,500,211,13519.715098
12.0,500,212,13518.288725
12.0,500,213,13516.875235
12.0,500,214,13515.434242
12.0,500,215,13514.082091
12.0,500,216,13512.779018
12.0,500,217,13511.39071
12.0,500,218,13510.133899
12.0,500,219,13508.863594
12.0,500,220,13507.531531
12.0,500,221,13506.191473
12.0,500,222,13505.061703
12.0,500,223,13503.752221
12.0,500,224,13502.523865
12.0,500,225,13501.219799
12.0,500,226,13500.062179
12.0,500,227,13498.939503
12.0,500,228,13497.707405
12.0,500,229,13496.61196
12.0,500,230,13495.574636
12.0,500,231,13494.434473
12.0,500,232,13493.39063
12.0,500,233,13492.234154
12.0,500,234,13491.053602
12.0,500,235,13489.911477
12.0,500,236,13488.819957
12.0,500,237,13487.640013
12.0,500,238,13486.408017
12.0,500,239,13485.164569
12.0,500,240,13484.034429
12.0,500,241,13482.879613
12.0,500,242,13481.764329
12.0,500,243,13480.687333
12.0,500,244,13479.536217
12.0,500,245,13478.422883
12.0,500,246,13477.303322
12.0,500,247,13476.179803
12.0,500,248,13474.948971
12.0,500,249,13473.815984
12.0,500,250,13472.831113
12.0,500,251,13471.759779
12.0,500,252,13470.606338
12.0,500,253,13469.344742
12.0,500,254,13468.158325
12.0,500,255,13466.933022
12.0,500,256,13465.755019
12.0,500,257,13464.730012
12.0,500,258,13463.607035
12.0,500,259,13462.644499
12.0,500,260,13461.603812
12.0,500,261,13460.557921
12.0,500,262,13459.555733
12.0,500,263,13458.450392
12.0,500,264,13457.538124
12.0,500,265,13456.463089
12.0,500,266,13455.596591
12.0,500,267,13454.754511
12.0,500,268,13453.930191
12.0,500,269,13453.045527
12.0,500,270,13452.211762
12.0,500,271,13451.316618
12.0,500,272,13450.535294
12.0,500,273,13449.723872
12.0,500,274,13448.867978
12.0,500,275,13448.112387
12.0,500,276,13447.283928
12.0,500,277,13446.475484
12.0,500,278,13445.647974
12.0,500,279,13444.937482
12.0,500,280,13444.156703
12.0,500,281,13443.388397
12.0,500,282,13442.678584
12.0,500,283,13442.030289
12.0,500,284,13441.342911
12.0,500,285,13440.635044
12.0,500,286,13439.915876
12.0,500,287,13439.133747
12.0,500,288,13438.386444
12.0,500,289,13437.698984
12.0,500,290,13437.032483
12.0,500,291,13436.330433
12.0,500,292,13435.526755
12.0,500,293,13434.731394
12.0,500,294,13434.036746
12.0,500,295,13433.388321
12.0,500,296,13432.657644
12.0,500,297,13431.898295
12.0,500,298,13431.089285
12.0,500,299,13430.429983
12.0,500,300,13429.730204
12.0,500,301,13429.019228
12.0,500,302,13428.230861
12.0,500,303,13427.569312
12.0,500,304,13426.861158
12.0,500,305,13426.231588
12.0,500,306,13425.538188
12.0,500,307,13424.853024
12.0,500,308,13424.202113
12.0,500,309,13423.531975
12.0,500,310,13422.933889
12.0,500,311,13422.326146
12.0,500,312,13421.731684
12.0,500,313,13421.150153
12.0,500,314,13420.531518
12.0,500,315,13419.718758
12.0,500,316,13418.985951
12.0,500,317,13418.354081
12.0,500,318,13417.708957
12.0,500,319,13417.056907
12.0,500,320,13416.5196
12.0,500,321,13415.788241
12.0,500,322,13415.042765
12.0,500,323,13414.333268
12.0,500,324,13413.789958
12.0,500,325,13413.101074
12.0,500,326,13412.580709
12.0,500,327,13411.947555
12.0,500,328,13411.299481
12.0,500,329,13410.687177
12.0,500,330,13410.144163
12.0,500,331,13409.594594
12.0,500,332,13408.787152
12.0,500,333,13408.291075
12.0,500,334,13407.71929
12.0,500,335,13407.089008
12.0,500,336,13406.541695
12.0,500,337,13405.819558
12.0,500,338,13405.137134
12.0,500,339,13404.555931
12.0,500,340,13403.969129
12.0,500,341,13403.414887
12.0,500,342,13402.798635
12.0,500,343,13402.225268
12.0,500,344,13401.697656
12.0,500,345,13401.176729
12.0,500,346,13400.519793
12.0,500,347,13399.81327
12.0,500,348,13399.198773
12.0,500,349,13398.555694
12.0,500,350,13397.943594
12.0,500,351,13397.449917
12.0,500,352,13396.861139
12.0,500,353,13396.360561
12.0,500,354,13395.675713
12.0,500,355,13395.174069
12.0,500,356,13394.580412
12.0,500,357,13394.020393
12.0,500,358,13393.514384
12.0,500,359,13392.994063
12.0,500,360,13392.553739
12.0,500,361,13391.996455
12.0,500,362,13391.515341
12.0,500,363,13391.014552
12.0,500,364,13390.556726
12.0,500,365,13390.059665
12.0,500,366,13389.62482
12.0,500,367,13389.134676
12.0,500,368,13388.677463
12.0,500,369,13388.15904
12.0,500,370,13387.650958
12.0,500,371,13387.126628
12.0,500,372,13386.676909
12.0,500,373,13386.267987
12.0,500,374,13385.777176
12.0,500,375,13385.324422
12.0,500,376,13384.796089
12.0,500,377,13384.329554
12.0,500,378,13383.852224
12.0,500,379,13383.405885
12.0,500,380,13382.965819
12.0,500,381,13382.508271
12.0,500,382,13382.056652
12.0,500,383,13381.686492
12.0,500,384,13381.325872
12.0,500,385,13380.958282
12.0,500,386,13380.553605
12.0,500,387,13380.150275
12.0,500,388,13379.722609
12.0,500,389,13379.332084
12.0,500,390,13378.939167
12.0,500,391,13378.469309
12.0,500,392,13378.113366
12.0,500,393,13377.765892
12.0,500,394,13377.419168
12.0,500,395,13376.971295
12.0,500,396,13376.592276
12.0,500,397,13376.233173
12.0,500,398,13375.875514
12.0,500,399,13375.4704
12.0,500,400,13375.111673
12.0,500,401,13374.722956
12.0,500,402,13374.299672
12.0,500,403,13373.917797
12.0,500,404,13373.561062
12.0,500,405,13373.177149
12.0,500,406,13372.812763
12.0,500,407,13372.445436
12.0,500,408,13372.035489
12.0,500,409,13371.6854
12.0,500,410,13371.288774
12.0,500,411,13370.917998
12.0,500,412,13370.519473
12.0,500,413,13370.216049
12.0,500,414,13369.89542
12.0,500,415,13369.484998
12.0,500,416,13369.166087
12.0,500,417,13368.817815
12.0,500,418,13368.413479
12.0,500,419,13368.00356
12.0,500,420,13367.641532
12.0,500,421,13367.332371
12.0,500,422,13367.031498
12.0,500,423,13366.7341
12.0,500,424,13366.313868
12.0,500,425,13366.018267
12.0,500,426,13365.685185
12.0,500,427,13365.360354
12.0,500,428,13365.035231
12.0,500,429,13364.742147
12.0,500,430,13364.458665
12.0,500,431,13364.153898
12.0,500,432,13363.862262
12.0,500,433,13363.505923
12.0,500,434,13363.197015
12.0,500,435,13362.894352
12.0,500,436,13362.576403
12.0,500,437,13362.306136
12.0,500,438,13361.914312
12.0,500,439,13361.520024
12.0,500,440,13361.209749
12.0,500,441,13360.903836
12.0,500,442,13360.581471
12.0,500,443,13360.262499
12.0,500,444,13359.974655
12.0,500,445,13359.729864
12.0,500,446,13359.472369
12.0,500,447,13359.149558
12.0,500,448,13358.848251
12.0,500,449,13358.502642
12.0,500,450,13358.160829
12.0,500,451,13357.886492
12.0,500,452,13357.583154
12.0,500,453,13357.295015
12.0,500,454,13357.035146
12.0,500,455,13356.733113
12.0,500,456,13356.406837
12.0,500,457,13356.124937
12.0,500,458,13355.855624
12.0,500,459,13355.589953
12.0,500,460,13355.315859
12.0,500,461,13355.006585
12.0,500,462,13354.711663
12.0,500,463,13354.455929
12.0,500,464,13354.245134
12.0,500,465,13353.979577
12.0,500,466,13353.733218
12.0,500,467,13353.445511
12.0,500,468,13353.200081
12.0,500,469,13352.923192
12.0,500,470,13352.645216
12.0,500,471,13352.368931
12.0,500,472,13352.164769
12.0,500,473,13351.945036
12.0,500,474,13351.66897
12.0,500,475,13351.421749
12.0,500,476,13351.156866
12.0,500,477,13350.914735
12.0,500,478,13350.74761
12.0,500,479,13350.513771
12.0,500,480,13350.264298
12.0,500,481,13349.998122
12.0,500,482,13349.701278
12.0,500,483,13349.434878
12.0,500,484,13349.182749
12.0,500,485,13348.964362
12.0,500,486,13348.729929
12.0,500,487,13348.519403
12.0,500,488,13348.273496
12.0,500,489,13348.057296
12.0,500,490,13347.838189
12.0,500,491,13347.563157
12.0,500,492,13347.339117
12.0,500,493,13347.088396
12.0,500,494,13346.865205
12.0,500,495,13346.573271
12.0,500,496,13346.378363
12.0,500,497,13346.123505
12.0,500,498,13345.88737
12.0,500,499,13345.65102
16.0,10,0,15962.922556
16.0,10,1,17734.509528
16.0,10,2,16779.749627
16.0,10,3,16368.09154
16.0,10,4,16103.425614
16.0,10,5,15907.02696
16.0,10,6,15762.18937
16.0,10,7,15636.651849
16.0,10,8,15535.723865
16.0,10,9,15453.396698
16.0,20,0,15962.922556
16.0,20,1,19564.661353
16.0,20,2,17687.962184
16.0,20,3,17054.680452
16.0,20,4,16701.379021
16.0,20,5,16462.310132
16.0,20,6,16279.371031
16.0,20,7,16135.834077
16.0,20,8,16015.366794
16.0,20,9,15915.076569
16.0,20,10,15833.125051
16.0,20,11,15760.539366
16.0,20,12,15695.799591
16.0,20,13,15643.188709
16.0,20,14,15596.680797
16.0,20,15,15556.538093
16.0,20,16,15517.685414
16.0,20,17,15481.03658
16.0,20,18,15451.830364
16.0,20,19,15423.359715
16.0,50,0,15962.922556
16.0,50,1,21149.029091
16.0,50,2,21007.511018
16.0,50,3,18878.019185
16.0,50,4,18030.11893
16.0,50,5,17570.603561
16.0,50,6,17257.778798
16.0,50,7,17042.719276
16.0,50,8,16867.675447
16.0,50,9,16725.911122
16.0,50,10,16609.036169
16.0,50,11,16503.466108
16.0,50,12,16414.282545
16.0,50,13,16340.666172
16.0,50,14,16276.065814
16.0,50,15,16218.368798
16.0,50,16,16165.434132
16.0,50,17,16118.910315
16.0,50,18,16078.091685
16.0,50,19,16040.637664
16.0,50,20,16006.726726
16.0,50,21,15972.850266
16.0,50,22,15944.013146
16.0,50,23,15916.023574
16.0,50,24,15888.481581
16.0,50,25,15866.204006
16.0,50,26,15845.151107
16.0,50,27,15825.980266
16.0,50,28,15808.53832
16.0,50,29,15791.884611
16.0,50,30,15777.540616
16.0,50,31,15762.963249
16.0,50,32,15749.739799
16.0,50,33,15736.915933
16.0,50,34,15725.116476
16.0,50,35,15713.421368
16.0,50,36,15701.973826
16.0,50,37,15692.013891
16.0,50,38,15682.274154
16.0,50,39,15672.367561
16.0,50,40,15663.357684
16.0,50,41,15653.86718
16.0,50,42,15645.084973
16.0,50,43,15636.690115
16.0,50,44,15628.54522
16.0,50,45,15621.032583
16.0,50,46,15614.022031
16.0,50,47,15607.589002
16.0,50,48,15600.617486
16.0,50,49,15594.256158
16.0,100,0,15962.922556
16.0,100,1,21149.029091
16.0,100,2,21642.160062
16.0,100,3,21888.884725
16.0,100,4,21570.297651
16.0,100,5,19864.630232
16.0,100,6,18859.53769
16.0,100,7,18332.033022
16.0,100,8,17972.985204
16.0,100,9,17720.855858
16.0,100,10,17525.444348
16.0,100,11,17364.090551
16.0,100,12,17230.237937
16.0,100,13,17112.016088
16.0,100,14,17013.789722
16.0,100,15,16927.095096
16.0,100,16,16851.665313
16.0,100,17,16782.220206
16.0,100,18,16721.023149
16.0,100,19,16668.312518
16.0,100,20,16618.117308
16.0,100,21,16573.933896
16.0,100,22,16535.338779
16.0,100,23,16498.210311
16.0,100,24,16463.665777
16.0,100,25,16430.51285
16.0,100,26,16400.420511
16.0,100,27,16373.648001
16.0,100,28,16349.221227
16.0,100,29,16325.571871
16.0,100,30,16304.722924
16.0,100,31,16283.075097
16.0,100,32,16263.212951
16.0,100,33,16245.199772
16.0,100,34,16228.909827
16.0,100,35,16212.501121
16.0,100,36,16196.794918
16.0,100,37,16183.319736
16.0,100,38,16169.986494
16.0,100,39,16156.892648
16.0,100,40,16144.218025
16.0,100,41,16132.381275
16.0,100,42,16121.034885
16.0,100,43,16109.29378
16.0,100,44,16098.175743
16.0,100,45,16088.291843
16.0,100,46,16079.05522
16.0,100,47,16070.019765
16.0,100,48,16060.894417
16.0,100,49,16052.458524
16.0,100,50,16043.773205
16.0,100,51,16035.874183
16.0,100,52,16028.179537
16.0,100,53,16020.290402
16.0,100,54,16012.666164
16.0,100,55,16004.959103
16.0,100,56,15997.324227
16.0,100,57,15990.783761
16.0,100,58,15984.542991
16.0,100,59,15978.057636
16.0,100,60,15971.721093
16.0,100,61,15965.944938
16.0,100,62,15959.77285
16.0,100,63,15954.374699
16.0,100,64,15948.776529
16.0,100,65,15942.922941
16.0,100,66,15937.85787
16.0,100,67,15932.702784
16.0,100,68,15927.350261
16.0,100,69,15921.988743
16.0,100,70,15917.136185
16.0,100,71,15912.453086
16.0,100,72,15907.620125
16.0,100,73,15903.108675
16.0,100,74,15898.785726
16.0,100,75,15894.460275
16.0,100,76,15889.463574
16.0,100,77,15885.407877
16.0,100,78,15881.770257
16.0,100,79,15877.296527
16.0,100,80,15873.047005
16.0,100,81,15868.898255
16.0,100,82,15865.27669
16.0,100,83,15861.239295
16.0,100,84,15857.827789
16.0,100,85,15854.354323
16.0,100,86,15850.481325
16.0,100,87,15846.373664
16.0,100,88,15843.293576
16.0,100,89,15840.111015
16.0,100,90,15837.114294
16.0,100,91,15834.270537
16.0,100,92,15831.673467
16.0,100,93,15828.830431
16.0,100,94,15826.173692
16.0,100,95,15823.422445
16.0,100,96,15820.855046
16.0,100,97,15817.875894
16.0,100,98,15815.436106
16.0,100,99,15812.88018
16.0,200,0,15962.922556
16.0,200,1,21149.029091
16.0,200,2,21642.160062
16.0,200,3,21888.884725
16.0,200,4,22031.591859
16.0,200,5,22153.550955
16.0,200,6,22243.947317
16.0,200,7,22354.127173
16.0,200,8,22263.253796
16.0,200,9,21301.189406
16.0,200,10,20167.767958
16.0,200,11,19481.651987
16.0,200,12,19019.008856
16.0,200,13,18695.17684
16.0,200,14,18437.913678
16.0,200,15,18231.288573
16.0,200,16,18057.069133
16.0,200,17,17907.815021
16.0,200,18,17788.398104
16.0,200,19,17684.277496
16.0,200,20,17584.485616
16.0,200,21,17501.812202
16.0,200,22,17429.340732
16.0,200,23,17366.135554
16.0,200,24,17304.239788
16.0,200,25,17253.61976
16.0,200,26,17199.60669
16.0,200,27,17155.65352
16.0,200,28,17114.375161
16.0,200,29,17075.843281
16.0,200,30,17040.695928
16.0,200,31,17005.998937
16.0,200,32,16974.469331
16.0,200,33,16944.671273
16.0,200,34,16916.754935
16.0,200,35,16889.983357
16.0,200,36,16865.727134
16.0,200,37,16842.36219
16.0,200,38,16820.160911
16.0,200,39,16798.313515
16.0,200,40,16778.406677
16.0,200,41,16758.889247
16.0,200,42,16740.249493
16.0,200,43,16722.824115
16.0,200,44,16705.190385
16.0,200,45,16690.072841
16.0,200,46,16675.457608
16.0,200,47,16661.426837
16.0,200,48,16647.823169
16.0,200,49,16634.647763
16.0,200,50,16621.651752
16.0,200,51,16609.64258
16.0,200,52,16597.886619
16.0,200,53,16586.124926
16.0,200,54,16575.163141
16.0,200,55,16564.698364
16.0,200,56,16553.687451
16.0,200,57,16543.586736
16.0,200,58,16534.100227
16.0,200,59,16524.987789
16.0,200,60,16516.311081
16.0,200,61,16507.363175
16.0,200,62,16498.585886
16.0,200,63,16490.369812
16.0,200,64,16482.395662
16.0,200,65,16474.314323
16.0,200,66,16467.011405
16.0,200,67,16459.494441
16.0,200,68,16452.30478
16.0,200,69,16445.007388
16.0,200,70,16438.592932
16.0,200,71,16432.404722
16.0,200,72,16426.079612
16.0,200,73,16420.218123
16.0,200,74,16414.206775
16.0,200,75,16408.315083
16.0,200,76,16402.300795
16.0,200,77,16396.593577
16.0,200,78,16390.872109
16.0,200,79,16385.190304
16.0,200,80,16379.512002
16.0,200,81,16373.832846
16.0,200,82,16368.349023
16.0,200,83,16362.95422
16.0,200,84,16358.027983
16.0,200,85,16353.248244
16.0,200,86,16348.187577
16.0,200,87,16343.052936
16.0,200,88,16338.569573
16.0,200,89,16333.924349
16.0,200,90,16329.28822
16.0,200,91,16324.991745
16.0,200,92,16321.126917
16.0,200,93,16317.146486
16.0,200,94,16313.254996
16.0,200,95,16309.481064
16.0,200,96,16305.872339
16.0,200,97,16302.083701
16.0,200,98,16298.481956
16.0,200,99,16294.492035
16.0,200,100,16291.208527
16.0,200,101,16287.708595
16.0,200,102,16283.884085
16.0,200,103,16280.69667
16.0,200,104,16277.478732
16.0,200,105,16274.136439
16.0,200,106,16270.711531
16.0,200,107,16267.772873
16.0,200,108,16264.628098
16.0,200,109,16261.678057
16.0,200,110,16258.863583
16.0,200,111,16256.169515
16.0,200,112,16253.607188
16.0,200,113,16250.935761
16.0,200,114,16248.262982
16.0,200,115,16245.86379
16.0,200,116,16243.555519
16.0,200,117,16241.166714
16.0,200,118,16238.737548
16.0,200,119,16236.407089
16.0,200,120,16234.271569
16.0,200,121,16232.303646
16.0,200,122,16229.995918
16.0,200,123,16227.875893
16.0,200,124,16225.76289
16.0,200,125,16223.847291
16.0,200,126,16221.790779
16.0,200,127,16219.526512
16.0,200,128,16217.351761
16.0,200,129,16215.41305
16.0,200,130,16213.549395
16.0,200,131,16211.489819
16.0,200,132,16209.441315
16.0,200,133,16207.628315
16.0,200,134,16205.985022
16.0,200,135,16204.168209
16.0,200,136,16202.247607
16.0,200,137,16200.364069
16.0,200,138,16198.652431
16.0,200,139,16196.954346
16.0,200,140,16195.206726
16.0,200,141,16193.409806
16.0,200,142,16191.678711
16.0,200,143,16189.727986
16.0,200,144,16187.970875
16.0,200,145,16186.193227
16.0,200,146,16184.404011
16.0,200,147,16182.55647
16.0,200,148,16180.721679
16.0,200,149,16179.074271
16.0,200,150,16177.558172
16.0,200,151,16175.777062
16.0,200,152,16174.169077
16.0,200,153,16172.540008
16.0,200,154,16170.96698
16.0,200,155,16169.463119
16.0,200,156,16167.756805
16.0,200,157,16166.382614
16.0,200,158,16164.946683
16.0,200,159,16163.289553
16.0,200,160,16161.860724
16.0,200,161,16160.281444
16.0,200,162,16158.697604
16.0,200,163,16157.101985
16.0,200,164,16155.535798
16.0,200,165,16153.985677
16.0,200,166,16152.606748
16.0,200,167,16151.191634
16.0,200,168,16150.028467
16.0,200,169,16148.719544
16.0,200,170,16147.34712
16.0,200,171,16146.089208
16.0,200,172,16144.928337
16.0,200,173,16143.820682
16.0,200,174,16142.562845
16.0,200,175,16141.32808
16.0,200,176,16139.972396
16.0,200,177,16138.675681
16.0,200,178,16137.553097
16.0,200,179,16136.200166
16.0,200,180,16135.131863
16.0,200,181,16134.044529
16.0,200,182,16132.992323
16.0,200,183,16131.97295
16.0,200,184,16130.935518
16.0,200,185,16129.773278
16.0,200,186,16128.51361
16.0,200,187,16127.451391
16.0,200,188,16126.48092
16.0,200,189,16125.519638
16.0,200,190,16124.658258
16.0,200,191,16123.699275
16.0,200,192,16122.847759
16.0,200,193,16121.879985
16.0,200,194,16120.921892
16.0,200,195,16120.058642
16.0,200,196,16119.131626
16.0,200,197,16118.305272
16.0,200,198,16117.475567
16.0,200,199,16116.565033
16.0,500,0,15962.922556
16.0,500,1,21149.029091
16.0,500,2,21642.160062
16.0,500,3,21888.884725
16.0,500,4,22031.591859
16.0,500,5,22153.550955
16.0,500,6,22243.947317
16.0,500,7,22357.237114
16.0,500,8,22466.339409
16.0,500,9,22539.61435
16.0,500,10,22620.527656
16.0,500,11,22689.783619
16.0,500,12,22748.975004
16.0,500,13,22816.265014
16.0,500,14,22862.305309
16.0,500,15,22916.972018
16.0,500,16,22957.725537
16.0,500,17,23011.459033
16.0,500,18,23056.558119
16.0,500,19,23101.614797
16.0,500,20,23126.795607
16.0,500,21,23079.022057
16.0,500,22,22782.685184
16.0,500,23,22248.036082
16.0,500,24,21596.278501
16.0,500,25,21032.332929
16.0,500,26,20631.384092
16.0,500,27,20269.63713
16.0,500,28,20003.075107
16.0,500,29,19767.559765
16.0,500,30,19565.857359
16.0,500,31,19395.702239
16.0,500,32,19260.856888
16.0,500,33,19147.790413
16.0,500,34,19036.618222
16.0,500,35,18935.57789
16.0,500,36,18846.574815
16.0,500,37,18761.97033
16.0,500,38,18693.496636
16.0,500,39,18626.984759
16.0,500,40,18559.00407
16.0,500,41,18489.590563
16.0,500,42,18411.507235
16.0,500,43,18346.738316
16.0,500,44,18288.284516
16.0,500,45,18239.423066
16.0,500,46,18190.578716
16.0,500,47,18144.571519
16.0,500,48,18089.357586
16.0,500,49,18046.675115
16.0,500,50,18004.498191
16.0,500,51,17971.418458
16.0,500,52,17938.873574
16.0,500,53,17906.258738
16.0,500,54,17865.1496
16.0,500,55,17832.125709
16.0,500,56,17802.491827
16.0,500,57,17773.902196
16.0,500,58,17748.451908
16.0,500,59,17720.056324
16.0,500,60,17695.11149
16.0,500,61,17671.359457
16.0,500,62,17649.259219
16.0,500,63,17628.194688
16.0,500,64,17606.110378
16.0,500,65,17584.695609
16.0,500,66,17564.847307
16.0,500,67,17545.971365
16.0,500,68,17527.903246
16.0,500,69,17511.611835
16.0,500,70,17495.93025
16.0,500,71,17481.064603
16.0,500,72,17461.934453
16.0,500,73,17447.986288
16.0,500,74,17433.35213
16.0,500,75,17419.979614
16.0,500,76,17406.949087
16.0,500,77,17393.51059
16.0,500,78,17380.617985
16.0,500,79,17367.907989
16.0,500,80,17355.563666
16.0,500,81,17344.390593
16.0,500,82,17333.475479
16.0,500,83,17322.748106
16.0,500,84,17312.038607
16.0,500,85,17301.36452
16.0,500,86,17290.873528
16.0,500,87,17280.716662
16.0,500,88,17271.279746
16.0,500,89,17261.884986
16.0,500,90,17252.598585
16.0,500,91,17243.875967
16.0,500,92,17235.331314
16.0,500,93,17227.142433
16.0,500,94,17218.946033
16.0,500,95,17211.174474
16.0,500,96,17203.402915
16.0,500,97,17195.502215
16.0,500,98,17188.052266
16.0,500,99,17180.961405
16.0,500,100,17174.014276
16.0,500,101,17166.659098
16.0,500,102,17159.759298
16.0,500,103,17152.795981
16.0,500,104,17146.258727
16.0,500,105,17139.627096
16.0,500,106,17133.181955
16.0,500,107,17126.819727
16.0,500,108,17120.464032
16.0,500,109,17114.43018
16.0,500,110,17108.141227
16.0,500,111,17102.89089
16.0,500,112,17097.23885
16.0,500,113,17091.325091
16.0,500,114,17085.808429
16.0,500,115,17080.696694
16.0,500,116,17075.524463
16.0,500,117,17070.269713
16.0,500,118,17065.400565
16.0,500,119,17060.395086
16.0,500,120,17055.719307
16.0,500,121,17050.939748
16.0,500,122,17046.034513
16.0,500,123,17041.432882
16.0,500,124,17036.858702
16.0,500,125,17032.615368
16.0,500,126,17028.041666
16.0,500,127,17023.687641
16.0,500,128,17019.369136
16.0,500,129,17015.438944
16.0,500,130,17011.27708
16.0,500,131,17007.118592
16.0,500,132,17002.743811
16.0,500,133,16998.983492
16.0,500,134,16995.400112
16.0,500,135,16991.647811
16.0,500,136,16987.82544
16.0,500,137,16983.886968
16.0,500,138,16980.166951
16.0,500,139,16976.354942
16.0,500,140,16972.520965
16.0,500,141,16968.955885
16.0,500,142,16965.639207
16.0,500,143,16962.090795
16.0,500,144,16958.709694
16.0,500,145,16955.441229
16.0,500,146,16952.062236
16.0,500,147,16948.810815
16.0,500,148,16945.689808
16.0,500,149,16942.47336
16.0,500,150,16939.53906
16.0,500,151,16936.614945
16.0,500,152,16933.63219
16.0,500,153,16930.879749
16.0,500,154,16928.001109
16.0,500,155,16924.920354
16.0,500,156,16922.047381
16.0,500,157,16919.398334
16.0,500,158,16916.461045
16.0,500,159,16913.506631
16.0,500,160,16910.894134
16.0,500,161,16908.011173
16.0,500,162,16905.491284
16.0,500,163,16902.890587
16.0,500,164,16900.288285
16.0,500,165,16897.708141
16.0,500,166,16895.385065
16.0,500,167,16892.624277
16.0,500,168,16890.036457
16.0,500,169,16887.755335
16.0,500,170,16885.310419
16.0,500,171,16882.866109
16.0,500,172,16880.54778
16.0,500,173,16878.157396
16.0,500,174,16875.948833
16.0,500,175,16873.47
16.0,500,176,16871.065813
16.0,500,177,16868.893693
16.0,500,178,16866.687275
16.0,500,179,16864.448485
16.0,500,180,16862.278677
16.0,500,181,16859.955702
16.0,500,182,16857.822942
16.0,500,183,16855.76078
16.0,500,184,16853.685896
16.0,500,185,16851.715436
16.0,500,186,16849.735379
16.0,500,187,16847.807673
16.0,500,188,16845.990749
16.0,500,189,16844.055151
16.0,500,190,16842.132209
16.0,500,191,16840.187065
16.0,500,192,16838.264283
16.0,500,193,16836.432569
16.0,500,194,16834.554877
16.0,500,195,16832.827383
16.0,500,196,16831.08337
16.0,500,197,16829.434975
16.0,500,198,16827.843346
16.0,500,199,16825.951642
16.0,500,200,16824.31938
16.0,500,201,16822.571465
16.0,500,202,16820.886757
16.0,500,203,16819.193393
16.0,500,204,16817.468581
16.0,500,205,16815.819267
16.0,500,206,16814.160223
16.0,500,207,16812.593153
16.0,500,208,16811.026271
16.0,500,209,16809.387644
16.0,500,210,16807.872115
16.0,500,211,16806.355703
16.0,500,212,16804.749122
16.0,500,213,16803.314763
16.0,500,214,16801.892289
16.0,500,215,16800.417778
16.0,500,216,16799.011472
16.0,500,217,16797.676492
16.0,500,218,16796.404338
16.0,500,219,16795.15417
16.0,500,220,16793.739671
16.0,500,221,16792.413179
16.0,500,222,16791.064883
16.0,500,223,16789.915179
16.0,500,224,16788.56165
16.0,500,225,16787.257267
16.0,500,226,16785.98874
16.0,500,227,16784.681949
16.0,500,228,16783.305927
16.0,500,229,16782.134833
16.0,500,230,16780.997833
16.0,500,231,16779.906579
16.0,500,232,16778.851808
16.0,500,233,16777.759027
16.0,500,234,16776.516152
16.0,500,235,16775.325803
16.0,500,236,16774.245374
16.0,500,237,16773.152788
16.0,500,238,16771.921292
16.0,500,239,16770.892123
16.0,500,240,16769.806968
16.0,500,241,16768.60677
16.0,500,242,16767.50867
16.0,500,243,16766.35142
16.0,500,244,16765.213732
16.0,500,245,16764.104942
16.0,500,246,16763.077355
16.0,500,247,16762.139427
16.0,500,248,16761.219867
16.0,500,249,16760.204134
16.0,500,250,16759.153016
16.0,500,251,16758.200804
16.0,500,252,16757.209727
16.0,500,253,16756.205244
16.0,500,254,16755.135049
16.0,500,255,16754.098261
16.0,500,256,16753.187722
16.0,500,257,16752.206585
16.0,500,258,16751.251932
16.0,500,259,16750.264421
16.0,500,260,16749.343436
16.0,500,261,16748.38777
16.0,500,262,16747.470156
16.0,500,263,16746.562857
16.0,500,264,16745.610617
16.0,500,265,16744.717636
16.0,500,266,16743.872296
16.0,500,267,16742.972488
16.0,500,268,16742.149543
16.0,500,269,16741.300432
16.0,500,270,16740.491499
16.0,500,271,16739.669611
16.0,500,272,16738.80739
16.0,500,273,16737.923362
16.0,500,274,16737.081521
16.0,500,275,16736.339821
16.0,500,276,16735.544312
16.0,500,277,16734.740113
16.0,500,278,16733.891688
16.0,500,279,16733.022338
16.0,500,280,16732.210227
16.0,500,281,16731.36406
16.0,500,282,16730.585715
16.0,500,283,16729.781706
16.0,500,284,16728.974422
16.0,500,285,16728.200786
16.0,500,286,16727.325852
16.0,500,287,16726.566148
16.0,500,288,16725.774658
16.0,500,289,16725.020673
16.0,500,290,16724.203741
16.0,500,291,16723.466772
16.0,500,292,16722.658702
16.0,500,293,16721.873689
16.0,500,294,16721.150593
16.0,500,295,16720.441008
16.0,500,296,16719.710823
16.0,500,297,16719.010651
16.0,500,298,16718.342116
16.0,500,299,16717.715008
16.0,500,300,16716.888662
16.0,500,301,16716.164432
16.0,500,302,16715.500208
16.0,500,303,16714.741967
16.0,500,304,16714.074662
16.0,500,305,16713.381574
16.0,500,306,16712.717568
16.0,500,307,16712.030955
16.0,500,308,16711.410854
16.0,500,309,16710.769592
16.0,500,310,16710.056382
16.0,500,311,16709.488944
16.0,500,312,16708.83386
16.0,500,313,16708.133957
16.0,500,314,16707.51283
16.0,500,315,16706.831548
16.0,500,316,16706.23811
16.0,500,317,16705.635021
16.0,500,318,16705.001953
16.0,500,319,16704.316984
16.0,500,320,16703.727573
16.0,500,321,16703.100942
16.0,500,322,16702.479961
16.0,500,323,16701.89236
16.0,500,324,16701.314091
16.0,500,325,16700.70544
16.0,500,326,16700.073472
16.0,500,327,16699.445847
16.0,500,328,16698.807197
16.0,500,329,16698.278171
16.0,500,330,16697.65179
16.0,500,331,16697.06595
16.0,500,332,16696.498249
16.0,500,333,16695.884804
16.0,500,334,16695.304568
16.0,500,335,16694.707688
16.0,500,336,16694.173058
16.0,500,337,16693.6499
16.0,500,338,16693.085832
16.0,500,339,16692.496634
16.0,500,340,16692.02056
16.0,500,341,16691.436693
16.0,500,342,16690.842921
16.0,500,343,16690.270935
16.0,500,344,16689.700009
16.0,500,345,16689.184787
16.0,500,346,16688.724754
16.0,500,347,16688.09492
16.0,500,348,16687.571109
16.0,500,349,16686.963786
16.0,500,350,16686.492187
16.0,500,351,16686.026053
16.0,500,352,16685.525923
16.0,500,353,16684.994762
16.0,500,354,16684.444728
16.0,500,355,16683.958334
16.0,500,356,16683.479007
16.0,500,357,16683.028557
16.0,500,358,16682.530453
16.0,500,359,16682.09647
16.0,500,360,16681.577801
16.0,500,361,16681.120223
16.0,500,362,16680.682608
16.0,500,363,16680.229638
16.0,500,364,16679.753049
16.0,500,365,16679.266969
16.0,500,366,16678.858502
16.0,500,367,16678.425457
16.0,500,368,16677.971819
16.0,500,369,16677.524529
16.0,500,370,16677.077518
16.0,500,371,16676.627972
16.0,500,372,16676.184421
16.0,500,373,16675.760004
16.0,500,374,16675.390999
16.0,500,375,16674.958624
16.0,500,376,16674.552473
16.0,500,377,16674.163351
16.0,500,378,16673.720118
16.0,500,379,16673.377617
16.0,500,380,16672.960138
16.0,500,381,16672.556984
16.0,500,382,16672.094866
16.0,500,383,16671.723563
16.0,500,384,16671.317037
16.0,500,385,16670.904222
16.0,500,386,16670.524117
16.0,500,387,16670.159207
16.0,500,388,16669.763813
16.0,500,389,16669.422334
16.0,500,390,16669.010775
16.0,500,391,16668.549054
16.0,500,392,16668.177739
16.0,500,393,16667.764072
16.0,500,394,16667.335968
16.0,500,395,16666.927851
16.0,500,396,16666.516996
16.0,500,397,16666.133983
16.0,500,398,16665.777455
16.0,500,399,16665.358938
16.0,500,400,16665.016533
16.0,500,401,16664.620059
16.0,500,402,16664.229357
16.0,500,403,16663.835573
16.0,500,404,16663.460552
16.0,500,405,16663.081453
16.0,500,406,16662.714867
16.0,500,407,16662.369293
16.0,500,408,16662.060455
16.0,500,409,16661.674674
16.0,500,410,16661.314028
16.0,500,411,16660.972372
16.0,500,412,16660.577752
16.0,500,413,16660.274284
16.0,500,414,16659.941317
16.0,500,415,16659.531611
16.0,500,416,16659.139656
16.0,500,417,16658.794701
16.0,500,418,16658.418702
16.0,500,419,16658.026343
16.0,500,420,16657.672829
16.0,500,421,16657.341829
16.0,500,422,16656.992189
16.0,500,423,16656.709985
16.0,500,424,16656.349308
16.0,500,425,16656.029696
16.0,500,426,16655.679101
16.0,500,427,16655.335843
16.0,500,428,16654.975317
16.0,500,429,16654.614168
16.0,500,430,16654.242712
16.0,500,431,16653.898569
16.0,500,432,16653.552045
16.0,500,433,16653.217829
16.0,500,434,16652.859823
16.0,500,435,16652.498452
16.0,500,436,16652.139113
16.0,500,437,16651.765921
16.0,500,438,16651.426823
16.0,500,439,16651.090021
16.0,500,440,16650.817855
16.0,500,441,16650.480524
16.0,500,442,16650.127559
16.0,500,443,16649.831781
16.0,500,444,16649.514773
16.0,500,445,16649.165858
16.0,500,446,16648.839646
16.0,500,447,16648.56912
16.0,500,448,16648.213677
16.0,500,449,16647.90839
16.0,500,450,16647.534677
16.0,500,451,16647.207172
16.0,500,452,16646.964472
16.0,500,453,16646.637749
16.0,500,454,16646.293764
16.0,500,455,16645.958278
16.0,500,456,16645.63585
16.0,500,457,16645.331918
16.0,500,458,16645.006417
16.0,500,459,16644.715484
16.0,500,460,16644.403672
16.0,500,461,16644.125863
16.0,500,462,16643.839586
16.0,500,463,16643.507749
16.0,500,464,16643.179711
16.0,500,465,16642.826682
16.0,500,466,16642.568308
16.0,500,467,16642.271947
16.0,500,468,16641.961339
16.0,500,469,16641.631692
16.0,500,470,16641.359989
16.0,500,471,16641.123496
16.0,500,472,16640.769358
16.0,500,473,16640.480475
16.0,500,474,16640.15409
16.0,500,475,16639.903494
16.0,500,476,16639.632859
16.0,500,477,16639.277336
16.0,500,478,16639.029707
16.0,500,479,16638.71968
16.0,500,480,16638.484732
16.0,500,481,16638.175893
16.0,500,482,16637.918037
16.0,500,483,16637.671311
16.0,500,484,16637.435972
16.0,500,485,16637.23244
16.0,500,486,16637.001434
16.0,500,487,16636.710544
16.0,500,488,16636.475596
16.0,500,489,16636.257937
16.0,500,490,16635.998054
16.0,500,491,16635.71189
16.0,500,492,16635.456784
16.0,500,493,16635.243895
16.0,500,494,16634.91789
16.0,500,495,16634.661301
16.0,500,496,16634.397168
16.0,500,497,16634.135771
16.0,500,498,16633.883537
16.0,500,499,16633.641286
